ISO-10303-21;
HEADER;
FILE_DESCRIPTION (( 'STEP AP214' ),
    '1' );
FILE_NAME ('cd2.STEP',
    '2026-05-14T04:33:45',
    ( '' ),
    ( '' ),
    'SwSTEP 2.0',
    'SolidWorks 2025',
    '' );
FILE_SCHEMA (( 'AUTOMOTIVE_DESIGN' ));
ENDSEC;

DATA;
#1 = ORIENTED_EDGE ( 'NONE', *, *, #1631, .T. ) ;
#2 = LINE ( 'NONE', #671, #1445 ) ;
#3 = VERTEX_POINT ( 'NONE', #512 ) ;
#4 = DIRECTION ( 'NONE',  ( 1.000000000000000000, 0.000000000000000000, -0.000000000000000000 ) ) ;
#5 = VECTOR ( 'NONE', #106, 1000.000000000000000 ) ;
#6 = CARTESIAN_POINT ( 'NONE',  ( 39.60000000000000142, 0.000000000000000000, -47.00000000000000000 ) ) ;
#7 = VECTOR ( 'NONE', #108, 1000.000000000000000 ) ;
#8 = DIRECTION ( 'NONE',  ( 0.000000000000000000, 0.000000000000000000, -1.000000000000000000 ) ) ;
#9 = VECTOR ( 'NONE', #1434, 1000.000000000000000 ) ;
#10 = VECTOR ( 'NONE', #548, 1000.000000000000000 ) ;
#11 = VERTEX_POINT ( 'NONE', #373 ) ;
#12 = EDGE_CURVE ( 'NONE', #320, #267, #1690, .T. ) ;
#13 = ORIENTED_EDGE ( 'NONE', *, *, #435, .T. ) ;
#14 = DIRECTION ( 'NONE',  ( -0.000000000000000000, -1.000000000000000000, -0.000000000000000000 ) ) ;
#15 = DIRECTION ( 'NONE',  ( -0.000000000000000000, -1.000000000000000000, -0.000000000000000000 ) ) ;
#16 = CARTESIAN_POINT ( 'NONE',  ( 31.10030377641764332, 33.32381986519938977, -37.00000000000000711 ) ) ;
#17 = CARTESIAN_POINT ( 'NONE',  ( 31.10030377641764332, 25.64106407528073106, -47.00000000000000000 ) ) ;
#18 = EDGE_LOOP ( 'NONE', ( #1589, #609, #100, #13 ) ) ;
#19 = ORIENTED_EDGE ( 'NONE', *, *, #1494, .T. ) ;
#20 = DIRECTION ( 'NONE',  ( 0.000000000000000000, -1.000000000000000000, 0.000000000000000000 ) ) ;
#21 = ORIENTED_EDGE ( 'NONE', *, *, #633, .F. ) ;
#22 = EDGE_CURVE ( 'NONE', #747, #75, #1157, .T. ) ;
#23 = FACE_OUTER_BOUND ( 'NONE', #553, .T. ) ;
#24 = PRODUCT_DEFINITION_SHAPE ( 'NONE', 'NONE',  #241 ) ;
#25 = VERTEX_POINT ( 'NONE', #492 ) ;
#26 = FACE_OUTER_BOUND ( 'NONE', #1458, .T. ) ;
#27 = ORIENTED_EDGE ( 'NONE', *, *, #1535, .T. ) ;
#28 = DIRECTION ( 'NONE',  ( -0.000000000000000000, -1.000000000000000000, -0.000000000000000000 ) ) ;
#29 = EDGE_CURVE ( 'NONE', #963, #149, #1541, .T. ) ;
#30 = DIRECTION ( 'NONE',  ( -0.000000000000000000, -1.000000000000000000, -0.000000000000000000 ) ) ;
#31 = EDGE_CURVE ( 'NONE', #573, #1542, #472, .T. ) ;
#32 = AXIS2_PLACEMENT_3D ( 'NONE', #300, #14, #1581 ) ;
#33 = CARTESIAN_POINT ( 'NONE',  ( 27.10030377641757937, 33.32381986519938977, -50.20000000000000284 ) ) ;
#34 = ORIENTED_EDGE ( 'NONE', *, *, #1044, .F. ) ;
#35 = AXIS2_PLACEMENT_3D ( 'NONE', #1064, #30, #684 ) ;
#36 = AXIS2_PLACEMENT_3D ( 'NONE', #1696, #88, #229 ) ;
#37 = PLANE ( 'NONE',  #474 ) ;
#38 = PLANE ( 'NONE',  #1169 ) ;
#39 = CARTESIAN_POINT ( 'NONE',  ( 14.20000000000000995, 5.000000000000000000, 9.099999999999997868 ) ) ;
#40 = CARTESIAN_POINT ( 'NONE',  ( 14.20000000000000639, 5.000000000000000000, -7.500000000000000888 ) ) ;
#41 = ADVANCED_FACE ( 'NONE', ( #80 ), #1548, .F. ) ;
#42 = ORIENTED_EDGE ( 'NONE', *, *, #1383, .T. ) ;
#43 = VERTEX_POINT ( 'NONE', #630 ) ;
#44 = CARTESIAN_POINT ( 'NONE',  ( -13.18889448696635114, 16.35245841428108804, -47.00000000000000000 ) ) ;
#45 = CARTESIAN_POINT ( 'NONE',  ( 31.10030377641764332, 25.64106407528073106, -37.00000000000000711 ) ) ;
#46 = DIRECTION ( 'NONE',  ( 0.000000000000000000, 1.000000000000000000, 0.000000000000000000 ) ) ;
#47 = ORIENTED_EDGE ( 'NONE', *, *, #475, .F. ) ;
#48 = EDGE_CURVE ( 'NONE', #1712, #75, #222, .T. ) ;
#49 = ORIENTED_EDGE ( 'NONE', *, *, #1078, .F. ) ;
#50 = DIRECTION ( 'NONE',  ( 0.000000000000000000, 0.000000000000000000, 1.000000000000000000 ) ) ;
#51 = LINE ( 'NONE', #444, #1249 ) ;
#52 = LINE ( 'NONE', #586, #289 ) ;
#53 = VERTEX_POINT ( 'NONE', #501 ) ;
#54 = ORIENTED_EDGE ( 'NONE', *, *, #1236, .T. ) ;
#55 = VECTOR ( 'NONE', #814, 1000.000000000000000 ) ;
#56 = CIRCLE ( 'NONE', #1107, 2.100000000000000977 ) ;
#57 = EDGE_LOOP ( 'NONE', ( #742, #34 ) ) ;
#58 = VECTOR ( 'NONE', #447, 1000.000000000000000 ) ;
#59 = CARTESIAN_POINT ( 'NONE',  ( 34.60000000000000853, 5.000000000000000000, -50.20000000000000284 ) ) ;
#60 = FACE_BOUND ( 'NONE', #597, .T. ) ;
#61 = EDGE_CURVE ( 'NONE', #910, #11, #871, .T. ) ;
#62 = CIRCLE ( 'NONE', #701, 2.100000000000000977 ) ;
#63 = CARTESIAN_POINT ( 'NONE',  ( 0.000000000000000000, 33.32381986519938977, -47.00000000000000000 ) ) ;
#64 = FACE_OUTER_BOUND ( 'NONE', #530, .T. ) ;
#65 = ORIENTED_EDGE ( 'NONE', *, *, #1325, .T. ) ;
#66 = ORIENTED_EDGE ( 'NONE', *, *, #750, .F. ) ;
#67 = EDGE_LOOP ( 'NONE', ( #1095, #1328, #718, #1306 ) ) ;
#68 = DIRECTION ( 'NONE',  ( 0.000000000000000000, 0.000000000000000000, -1.000000000000000000 ) ) ;
#69 =( NAMED_UNIT ( * ) SI_UNIT ( $, .STERADIAN. ) SOLID_ANGLE_UNIT ( ) );
#70 = EDGE_CURVE ( 'NONE', #1268, #1115, #766, .T. ) ;
#71 = PLANE ( 'NONE',  #230 ) ;
#72 = DIRECTION ( 'NONE',  ( 1.051347561198064835E-16, 1.051347561198064835E-16, 1.000000000000000000 ) ) ;
#73 = VERTEX_POINT ( 'NONE', #1409 ) ;
#74 = CARTESIAN_POINT ( 'NONE',  ( -25.40000000000000213, 0.000000000000000000, -47.00000000000000000 ) ) ;
#75 = VERTEX_POINT ( 'NONE', #233 ) ;
#76 = CARTESIAN_POINT ( 'NONE',  ( 34.60000000000000853, 36.50000000000000000, -37.00000000000000711 ) ) ;
#77 = PLANE ( 'NONE',  #201 ) ;
#78 = ADVANCED_FACE ( 'NONE', ( #381 ), #906, .F. ) ;
#79 = DIRECTION ( 'NONE',  ( -0.000000000000000000, -0.000000000000000000, -1.000000000000000000 ) ) ;
#80 = FACE_OUTER_BOUND ( 'NONE', #662, .T. ) ;
#81 = EDGE_CURVE ( 'NONE', #1421, #979, #1500, .T. ) ;
#82 = EDGE_LOOP ( 'NONE', ( #740, #128, #881, #579 ) ) ;
#83 = VECTOR ( 'NONE', #887, 1000.000000000000000 ) ;
#84 = CIRCLE ( 'NONE', #1358, 1.599999999999999867 ) ;
#85 = CARTESIAN_POINT ( 'NONE',  ( -17.18889448696635114, 0.000000000000000000, -47.00000000000000000 ) ) ;
#86 = CIRCLE ( 'NONE', #950, 2.100000000000000977 ) ;
#87 = FACE_BOUND ( 'NONE', #1090, .T. ) ;
#88 = DIRECTION ( 'NONE',  ( 0.000000000000000000, -1.000000000000000000, 0.000000000000000000 ) ) ;
#89 = CARTESIAN_POINT ( 'NONE',  ( -4.099999999999999645, 5.000000000000000000, 16.00000000000000000 ) ) ;
#90 = ORIENTED_EDGE ( 'NONE', *, *, #865, .F. ) ;
#91 = CARTESIAN_POINT ( 'NONE',  ( 14.20000000000000995, 5.000000000000000000, 5.899999999999998579 ) ) ;
#92 = ADVANCED_FACE ( 'NONE', ( #749 ), #1701, .F. ) ;
#93 = ORIENTED_EDGE ( 'NONE', *, *, #1129, .F. ) ;
#94 = CARTESIAN_POINT ( 'NONE',  ( -4.099999999999999645, 5.000000000000000000, -16.00000000000000000 ) ) ;
#95 = CARTESIAN_POINT ( 'NONE',  ( -13.18889448696635114, 16.35245841428108804, -50.20000000000000284 ) ) ;
#96 = CARTESIAN_POINT ( 'NONE',  ( 17.30000000000000426, 15.99999999999999645, -17.00000000000000000 ) ) ;
#97 = DIRECTION ( 'NONE',  ( -0.000000000000000000, -0.000000000000000000, -1.000000000000000000 ) ) ;
#98 = EDGE_LOOP ( 'NONE', ( #1359, #1188, #196, #65 ) ) ;
#99 = ORIENTED_EDGE ( 'NONE', *, *, #1419, .T. ) ;
#100 = ORIENTED_EDGE ( 'NONE', *, *, #581, .F. ) ;
#101 = EDGE_CURVE ( 'NONE', #1718, #595, #1165, .T. ) ;
#102 = CARTESIAN_POINT ( 'NONE',  ( 36.52246901137910129, 5.000000000000000000, -47.00000000000000000 ) ) ;
#103 = DIRECTION ( 'NONE',  ( 0.000000000000000000, -0.000000000000000000, -1.000000000000000000 ) ) ;
#104 = DIRECTION ( 'NONE',  ( 0.000000000000000000, 0.000000000000000000, -1.000000000000000000 ) ) ;
#105 = LINE ( 'NONE', #952, #426 ) ;
#106 = DIRECTION ( 'NONE',  ( -0.000000000000000000, -1.000000000000000000, -0.000000000000000000 ) ) ;
#107 = ORIENTED_EDGE ( 'NONE', *, *, #544, .F. ) ;
#108 = DIRECTION ( 'NONE',  ( -0.000000000000000000, -0.000000000000000000, -1.000000000000000000 ) ) ;
#109 = VECTOR ( 'NONE', #1413, 1000.000000000000000 ) ;
#110 = VECTOR ( 'NONE', #729, 1000.000000000000000 ) ;
#111 = VERTEX_POINT ( 'NONE', #74 ) ;
#112 = FACE_OUTER_BOUND ( 'NONE', #98, .T. ) ;
#113 = ADVANCED_FACE ( 'NONE', ( #603 ), #1663, .T. ) ;
#114 = DIRECTION ( 'NONE',  ( -0.000000000000000000, -0.000000000000000000, -1.000000000000000000 ) ) ;
#115 = CARTESIAN_POINT ( 'NONE',  ( -0.000000000000000000, 5.508790402892081772, -47.00000000000000000 ) ) ;
#116 = DIRECTION ( 'NONE',  ( 0.000000000000000000, 0.000000000000000000, -1.000000000000000000 ) ) ;
#117 = VECTOR ( 'NONE', #941, 1000.000000000000000 ) ;
#118 = VERTEX_POINT ( 'NONE', #403 ) ;
#119 = DIRECTION ( 'NONE',  ( 1.000000000000000000, 0.000000000000000000, 0.000000000000000000 ) ) ;
#120 = ORIENTED_EDGE ( 'NONE', *, *, #1126, .F. ) ;
#121 = DIRECTION ( 'NONE',  ( -0.000000000000000000, -1.000000000000000000, -0.000000000000000000 ) ) ;
#122 = CARTESIAN_POINT ( 'NONE',  ( 17.30000000000000426, 24.99999999999999645, -17.00000000000000000 ) ) ;
#123 = EDGE_CURVE ( 'NONE', #1542, #573, #1300, .T. ) ;
#124 = DIRECTION ( 'NONE',  ( 1.000000000000000000, 0.000000000000000000, 0.000000000000000000 ) ) ;
#125 = DIRECTION ( 'NONE',  ( -0.000000000000000000, -0.000000000000000000, -1.000000000000000000 ) ) ;
#126 = ORIENTED_EDGE ( 'NONE', *, *, #1611, .F. ) ;
#127 = DIRECTION ( 'NONE',  ( 0.000000000000000000, 0.000000000000000000, -1.000000000000000000 ) ) ;
#128 = ORIENTED_EDGE ( 'NONE', *, *, #374, .T. ) ;
#129 = DIRECTION ( 'NONE',  ( 0.000000000000000000, 0.000000000000000000, 1.000000000000000000 ) ) ;
#130 = ORIENTED_EDGE ( 'NONE', *, *, #647, .F. ) ;
#131 = DIRECTION ( 'NONE',  ( 0.000000000000000000, 0.000000000000000000, -1.000000000000000000 ) ) ;
#132 = CARTESIAN_POINT ( 'NONE',  ( 10.10000000000000320, 25.00000000000000000, -17.00000000000000000 ) ) ;
#133 = FACE_OUTER_BOUND ( 'NONE', #1691, .T. ) ;
#134 = ADVANCED_FACE ( 'NONE', ( #133 ), #271, .F. ) ;
#135 = ORIENTED_EDGE ( 'NONE', *, *, #29, .F. ) ;
#136 = EDGE_LOOP ( 'NONE', ( #274, #1147, #762, #305, #54, #170, #992, #335 ) ) ;
#137 = DIRECTION ( 'NONE',  ( 0.000000000000000000, -0.000000000000000000, -1.000000000000000000 ) ) ;
#138 = VERTEX_POINT ( 'NONE', #1073 ) ;
#139 = CARTESIAN_POINT ( 'NONE',  ( 0.000000000000000000, 0.000000000000000000, -47.00000000000000000 ) ) ;
#140 = AXIS2_PLACEMENT_3D ( 'NONE', #665, #1053, #8 ) ;
#141 = CARTESIAN_POINT ( 'NONE',  ( 34.60000000000000853, 5.000000000000000000, -50.20000000000000284 ) ) ;
#142 = VECTOR ( 'NONE', #572, 1000.000000000000000 ) ;
#143 = LINE ( 'NONE', #1446, #970 ) ;
#144 = VECTOR ( 'NONE', #239, 1000.000000000000000 ) ;
#145 = VECTOR ( 'NONE', #1108, 1000.000000000000000 ) ;
#146 = ORIENTED_EDGE ( 'NONE', *, *, #794, .T. ) ;
#147 = EDGE_CURVE ( 'NONE', #650, #910, #804, .T. ) ;
#148 =( GEOMETRIC_REPRESENTATION_CONTEXT ( 3 ) GLOBAL_UNCERTAINTY_ASSIGNED_CONTEXT ( ( #500 ) ) GLOBAL_UNIT_ASSIGNED_CONTEXT ( ( #1649, #437, #69 ) ) REPRESENTATION_CONTEXT ( 'NONE', 'WORKASPACE' ) );
#149 = VERTEX_POINT ( 'NONE', #1333 ) ;
#150 = PLANE ( 'NONE',  #858 ) ;
#151 = EDGE_LOOP ( 'NONE', ( #362, #1252, #1453, #406 ) ) ;
#152 = CARTESIAN_POINT ( 'NONE',  ( 10.10000000000000142, 25.00000000000000000, -47.00000000000000000 ) ) ;
#153 = PLANE ( 'NONE',  #917 ) ;
#154 = ORIENTED_EDGE ( 'NONE', *, *, #1374, .T. ) ;
#155 = EDGE_CURVE ( 'NONE', #1606, #1571, #143, .T. ) ;
#156 = CARTESIAN_POINT ( 'NONE',  ( -20.29999999999999005, 5.000000000000000000, -37.00000000000000711 ) ) ;
#157 = ORIENTED_EDGE ( 'NONE', *, *, #48, .T. ) ;
#158 = LINE ( 'NONE', #1224, #727 ) ;
#159 = ADVANCED_FACE ( 'NONE', ( #1716 ), #1586, .F. ) ;
#160 = FACE_OUTER_BOUND ( 'NONE', #151, .T. ) ;
#161 = DIRECTION ( 'NONE',  ( -1.000000000000000000, 0.000000000000000000, 0.000000000000000000 ) ) ;
#162 = ORIENTED_EDGE ( 'NONE', *, *, #31, .T. ) ;
#163 = CYLINDRICAL_SURFACE ( 'NONE', #310, 1.922469011379095205 ) ;
#164 = CARTESIAN_POINT ( 'NONE',  ( 27.25229982338322188, 8.169734192082643176, -37.00000000000000711 ) ) ;
#165 = EDGE_CURVE ( 'NONE', #792, #1487, #1193, .T. ) ;
#166 = CARTESIAN_POINT ( 'NONE',  ( 4.099999999999999645, 0.000000000000000000, -47.00000000000000000 ) ) ;
#167 = AXIS2_PLACEMENT_3D ( 'NONE', #1040, #246, #772 ) ;
#168 = VECTOR ( 'NONE', #719, 1000.000000000000000 ) ;
#169 = DIRECTION ( 'NONE',  ( 0.000000000000000000, 0.000000000000000000, -1.000000000000000000 ) ) ;
#170 = ORIENTED_EDGE ( 'NONE', *, *, #1313, .T. ) ;
#171 = CIRCLE ( 'NONE', #1503, 1.599999999999999867 ) ;
#172 = AXIS2_PLACEMENT_3D ( 'NONE', #538, #958, #1489 ) ;
#173 = ORIENTED_EDGE ( 'NONE', *, *, #340, .T. ) ;
#174 = DIRECTION ( 'NONE',  ( 0.000000000000000000, 0.000000000000000000, -1.000000000000000000 ) ) ;
#175 = CARTESIAN_POINT ( 'NONE',  ( 10.10000000000000497, 0.000000000000000000, -16.00000000000000000 ) ) ;
#176 = ADVANCED_FACE ( 'NONE', ( #935 ), #649, .F. ) ;
#177 = DIRECTION ( 'NONE',  ( 0.000000000000000000, 0.000000000000000000, -1.000000000000000000 ) ) ;
#178 = ORIENTED_EDGE ( 'NONE', *, *, #919, .T. ) ;
#179 = ORIENTED_EDGE ( 'NONE', *, *, #1150, .T. ) ;
#180 = CARTESIAN_POINT ( 'NONE',  ( -18.19999999999999218, 5.000000000000000000, -50.20000000000000284 ) ) ;
#181 = CARTESIAN_POINT ( 'NONE',  ( -13.46546631438096142, 26.93469713437031743, -50.20000000000000284 ) ) ;
#182 = LINE ( 'NONE', #1232, #509 ) ;
#183 = CARTESIAN_POINT ( 'NONE',  ( 14.20000000000000639, 5.000000000000000000, -5.900000000000000355 ) ) ;
#184 = ORIENTED_EDGE ( 'NONE', *, *, #123, .F. ) ;
#185 = ORIENTED_EDGE ( 'NONE', *, *, #1335, .T. ) ;
#186 = EDGE_CURVE ( 'NONE', #118, #716, #926, .T. ) ;
#187 = ORIENTED_EDGE ( 'NONE', *, *, #269, .F. ) ;
#188 = CARTESIAN_POINT ( 'NONE',  ( -0.000000000000000000, 8.169734192082643176, -47.00000000000000000 ) ) ;
#189 = PLANE ( 'NONE',  #616 ) ;
#190 = CARTESIAN_POINT ( 'NONE',  ( -9.465466314380961421, 26.93469713437031743, -50.20000000000000284 ) ) ;
#191 = DIRECTION ( 'NONE',  ( 0.000000000000000000, 0.000000000000000000, 1.000000000000000000 ) ) ;
#192 = VERTEX_POINT ( 'NONE', #942 ) ;
#193 = EDGE_LOOP ( 'NONE', ( #223, #799, #590, #42 ) ) ;
#194 = AXIS2_PLACEMENT_3D ( 'NONE', #550, #1605, #116 ) ;
#195 = VECTOR ( 'NONE', #702, 1000.000000000000000 ) ;
#196 = ORIENTED_EDGE ( 'NONE', *, *, #1662, .T. ) ;
#197 = EDGE_CURVE ( 'NONE', #678, #1502, #1457, .T. ) ;
#198 = VECTOR ( 'NONE', #231, 1000.000000000000000 ) ;
#199 = CARTESIAN_POINT ( 'NONE',  ( 14.20000000000000639, 5.000000000000000000, -7.500000000000000888 ) ) ;
#200 = SHAPE_DEFINITION_REPRESENTATION ( #24, #261 ) ;
#201 = AXIS2_PLACEMENT_3D ( 'NONE', #508, #1425, #238 ) ;
#202 = CARTESIAN_POINT ( 'NONE',  ( -17.18889448696635114, 16.35245841428108804, -47.00000000000000000 ) ) ;
#203 = CARTESIAN_POINT ( 'NONE',  ( -20.29999999999999005, 5.000000000000000000, -50.20000000000000284 ) ) ;
#204 = EDGE_LOOP ( 'NONE', ( #1031, #1598, #1521, #93 ) ) ;
#205 = EDGE_LOOP ( 'NONE', ( #281, #1003, #709, #710 ) ) ;
#206 = ORIENTED_EDGE ( 'NONE', *, *, #208, .T. ) ;
#207 = PLANE ( 'NONE',  #669 ) ;
#208 = EDGE_CURVE ( 'NONE', #1115, #1200, #1412, .T. ) ;
#209 = DIRECTION ( 'NONE',  ( 0.000000000000000000, -0.000000000000000000, 1.000000000000000000 ) ) ;
#210 = EDGE_CURVE ( 'NONE', #43, #872, #288, .T. ) ;
#211 = CARTESIAN_POINT ( 'NONE',  ( 34.60000000000000853, 5.000000000000000000, -47.00000000000000000 ) ) ;
#212 = CARTESIAN_POINT ( 'NONE',  ( -22.39999999999999147, 36.50000000000000000, -37.00000000000000711 ) ) ;
#213 = VERTEX_POINT ( 'NONE', #260 ) ;
#214 = CARTESIAN_POINT ( 'NONE',  ( 4.100000000000002309, 24.99999999999999645, -17.00000000000000000 ) ) ;
#215 = VERTEX_POINT ( 'NONE', #17 ) ;
#216 = FACE_BOUND ( 'NONE', #408, .T. ) ;
#217 = FACE_BOUND ( 'NONE', #1431, .T. ) ;
#218 = LINE ( 'NONE', #96, #675 ) ;
#219 = EDGE_CURVE ( 'NONE', #1392, #777, #419, .T. ) ;
#220 = DIRECTION ( 'NONE',  ( 0.000000000000000000, 0.000000000000000000, 1.000000000000000000 ) ) ;
#221 = ORIENTED_EDGE ( 'NONE', *, *, #1437, .T. ) ;
#222 = LINE ( 'NONE', #363, #994 ) ;
#223 = ORIENTED_EDGE ( 'NONE', *, *, #1486, .F. ) ;
#224 = AXIS2_PLACEMENT_3D ( 'NONE', #494, #901, #169 ) ;
#225 = FACE_OUTER_BOUND ( 'NONE', #205, .T. ) ;
#226 = ORIENTED_EDGE ( 'NONE', *, *, #443, .F. ) ;
#227 = AXIS2_PLACEMENT_3D ( 'NONE', #885, #913, #1182 ) ;
#228 = DIRECTION ( 'NONE',  ( -0.000000000000000000, -0.000000000000000000, -1.000000000000000000 ) ) ;
#229 = DIRECTION ( 'NONE',  ( 0.000000000000000000, -0.000000000000000000, -1.000000000000000000 ) ) ;
#230 = AXIS2_PLACEMENT_3D ( 'NONE', #1643, #1538, #1398 ) ;
#231 = DIRECTION ( 'NONE',  ( -0.000000000000000000, -0.000000000000000000, -1.000000000000000000 ) ) ;
#232 = EDGE_CURVE ( 'NONE', #621, #1202, #787, .T. ) ;
#233 = CARTESIAN_POINT ( 'NONE',  ( 18.30000000000001137, 0.000000000000000000, 16.00000000000000000 ) ) ;
#234 = ORIENTED_EDGE ( 'NONE', *, *, #1079, .F. ) ;
#235 = DIRECTION ( 'NONE',  ( -0.000000000000000000, -1.000000000000000000, -0.000000000000000000 ) ) ;
#236 = ORIENTED_EDGE ( 'NONE', *, *, #299, .T. ) ;
#237 = DIRECTION ( 'NONE',  ( 1.000000000000000000, -0.000000000000000000, -0.000000000000000000 ) ) ;
#238 = DIRECTION ( 'NONE',  ( 0.000000000000000000, -0.000000000000000000, 1.000000000000000000 ) ) ;
#239 = DIRECTION ( 'NONE',  ( -0.000000000000000000, -0.000000000000000000, -1.000000000000000000 ) ) ;
#240 = DIRECTION ( 'NONE',  ( -0.000000000000000000, -1.000000000000000000, -0.000000000000000000 ) ) ;
#241 = PRODUCT_DEFINITION ( 'ๆ', '', #1113, #897 ) ;
#242 = ORIENTED_EDGE ( 'NONE', *, *, #624, .F. ) ;
#243 = EDGE_CURVE ( 'NONE', #1276, #367, #656, .T. ) ;
#244 = CARTESIAN_POINT ( 'NONE',  ( -25.40000000000000213, 0.000000000000000000, -50.20000000000000284 ) ) ;
#245 = VERTEX_POINT ( 'NONE', #378 ) ;
#246 = DIRECTION ( 'NONE',  ( -0.000000000000000000, -1.000000000000000000, -0.000000000000000000 ) ) ;
#247 = CARTESIAN_POINT ( 'NONE',  ( 0.000000000000000000, 0.000000000000000000, -7.500000000000000000 ) ) ;
#248 = CARTESIAN_POINT ( 'NONE',  ( -13.18889448696635114, 5.508790402892081772, -37.00000000000000711 ) ) ;
#249 = DIRECTION ( 'NONE',  ( -1.000000000000000000, 0.000000000000000000, 0.000000000000000000 ) ) ;
#250 = ORIENTED_EDGE ( 'NONE', *, *, #874, .T. ) ;
#251 = FACE_OUTER_BOUND ( 'NONE', #204, .T. ) ;
#252 = EDGE_CURVE ( 'NONE', #929, #1664, #285, .T. ) ;
#253 = AXIS2_PLACEMENT_3D ( 'NONE', #1488, #1201, #1452 ) ;
#254 = EDGE_LOOP ( 'NONE', ( #551, #1206, #493, #1593 ) ) ;
#255 = CARTESIAN_POINT ( 'NONE',  ( 14.20000000000000995, 0.000000000000000000, 5.899999999999998579 ) ) ;
#256 = DIRECTION ( 'NONE',  ( -0.000000000000000000, -0.000000000000000000, 1.000000000000000000 ) ) ;
#257 = AXIS2_PLACEMENT_3D ( 'NONE', #89, #988, #620 ) ;
#258 = CIRCLE ( 'NONE', #1279, 2.100000000000000977 ) ;
#259 = LINE ( 'NONE', #1146, #9 ) ;
#260 = CARTESIAN_POINT ( 'NONE',  ( 18.30000000000000426, 5.000000000000000000, -16.00000000000000000 ) ) ;
#261 = ADVANCED_BREP_SHAPE_REPRESENTATION ( 'cd2', ( #1467, #953 ), #148 ) ;
#262 = EDGE_LOOP ( 'NONE', ( #441, #1344, #1482, #615 ) ) ;
#263 = DIRECTION ( 'NONE',  ( 0.000000000000000000, 0.000000000000000000, -1.000000000000000000 ) ) ;
#264 = ORIENTED_EDGE ( 'NONE', *, *, #1058, .F. ) ;
#265 = EDGE_CURVE ( 'NONE', #979, #1074, #1572, .T. ) ;
#266 = DIRECTION ( 'NONE',  ( -1.000000000000000000, 0.000000000000000000, 0.000000000000000000 ) ) ;
#267 = VERTEX_POINT ( 'NONE', #255 ) ;
#268 = FACE_BOUND ( 'NONE', #680, .T. ) ;
#269 = EDGE_CURVE ( 'NONE', #53, #872, #1441, .T. ) ;
#270 = CARTESIAN_POINT ( 'NONE',  ( 27.10030377641757937, 25.64106407528073106, -50.20000000000000284 ) ) ;
#271 = CYLINDRICAL_SURFACE ( 'NONE', #140, 1.599999999999999867 ) ;
#272 = ORIENTED_EDGE ( 'NONE', *, *, #1675, .F. ) ;
#273 = CARTESIAN_POINT ( 'NONE',  ( -13.18889448696635114, 5.508790402892081772, -37.00000000000000711 ) ) ;
#274 = ORIENTED_EDGE ( 'NONE', *, *, #1277, .F. ) ;
#275 = CYLINDRICAL_SURFACE ( 'NONE', #253, 2.100000000000000977 ) ;
#276 = ORIENTED_EDGE ( 'NONE', *, *, #1555, .F. ) ;
#277 = FACE_BOUND ( 'NONE', #262, .T. ) ;
#278 = CARTESIAN_POINT ( 'NONE',  ( 4.099999999999999645, 25.00000000000000000, -47.00000000000000000 ) ) ;
#279 = CARTESIAN_POINT ( 'NONE',  ( 39.60000000000000142, 0.000000000000000000, -50.20000000000000284 ) ) ;
#280 = EDGE_CURVE ( 'NONE', #25, #1606, #911, .T. ) ;
#281 = ORIENTED_EDGE ( 'NONE', *, *, #1296, .F. ) ;
#282 = ORIENTED_EDGE ( 'NONE', *, *, #1106, .F. ) ;
#283 = CARTESIAN_POINT ( 'NONE',  ( 14.20000000000000639, 5.000000000000000000, -5.900000000000000355 ) ) ;
#284 = CARTESIAN_POINT ( 'NONE',  ( -18.19999999999999218, 5.000000000000000000, -37.00000000000000711 ) ) ;
#285 = CIRCLE ( 'NONE', #503, 2.100000000000000977 ) ;
#286 = LINE ( 'NONE', #934, #833 ) ;
#287 = AXIS2_PLACEMENT_3D ( 'NONE', #653, #1068, #294 ) ;
#288 = LINE ( 'NONE', #1575, #1334 ) ;
#289 = VECTOR ( 'NONE', #1644, 1000.000000000000000 ) ;
#290 = EDGE_CURVE ( 'NONE', #213, #1712, #1160, .T. ) ;
#291 = VECTOR ( 'NONE', #1609, 1000.000000000000000 ) ;
#292 = ORIENTED_EDGE ( 'NONE', *, *, #611, .T. ) ;
#293 = EDGE_CURVE ( 'NONE', #383, #213, #496, .T. ) ;
#294 = DIRECTION ( 'NONE',  ( 0.000000000000000000, 0.000000000000000000, 1.000000000000000000 ) ) ;
#295 = ORIENTED_EDGE ( 'NONE', *, *, #956, .T. ) ;
#296 = FACE_OUTER_BOUND ( 'NONE', #422, .T. ) ;
#297 = DIRECTION ( 'NONE',  ( -0.000000000000000000, -0.000000000000000000, -1.000000000000000000 ) ) ;
#298 = ORIENTED_EDGE ( 'NONE', *, *, #1603, .T. ) ;
#299 = EDGE_CURVE ( 'NONE', #1421, #923, #1298, .T. ) ;
#300 = CARTESIAN_POINT ( 'NONE',  ( 14.20000000000000639, 5.000000000000000000, -7.500000000000000888 ) ) ;
#301 = FACE_OUTER_BOUND ( 'NONE', #448, .T. ) ;
#302 = CARTESIAN_POINT ( 'NONE',  ( 4.099999999999999645, 5.000000000000000000, 16.00000000000000000 ) ) ;
#303 = LINE ( 'NONE', #1355, #1085 ) ;
#304 = VERTEX_POINT ( 'NONE', #1706 ) ;
#305 = ORIENTED_EDGE ( 'NONE', *, *, #981, .F. ) ;
#306 = DIRECTION ( 'NONE',  ( -0.000000000000000000, -0.000000000000000000, -1.000000000000000000 ) ) ;
#307 = ADVANCED_FACE ( 'NONE', ( #1282 ), #606, .F. ) ;
#308 = CARTESIAN_POINT ( 'NONE',  ( 0.000000000000000000, 0.000000000000000000, 0.000000000000000000 ) ) ;
#309 = CARTESIAN_POINT ( 'NONE',  ( 27.25229982338322188, 0.000000000000000000, -47.00000000000000000 ) ) ;
#310 = AXIS2_PLACEMENT_3D ( 'NONE', #705, #986, #694 ) ;
#311 = CARTESIAN_POINT ( 'NONE',  ( 0.000000000000000000, 5.000000000000000000, 5.899999999999999467 ) ) ;
#312 = ORIENTED_EDGE ( 'NONE', *, *, #1207, .F. ) ;
#313 = AXIS2_PLACEMENT_3D ( 'NONE', #433, #1591, #161 ) ;
#314 = VECTOR ( 'NONE', #1343, 1000.000000000000000 ) ;
#315 = ORIENTED_EDGE ( 'NONE', *, *, #1227, .F. ) ;
#316 = LINE ( 'NONE', #839, #696 ) ;
#317 = CARTESIAN_POINT ( 'NONE',  ( 27.25229982338322188, 19.11027463955969807, -37.00000000000000711 ) ) ;
#318 = ADVANCED_FACE ( 'NONE', ( #112 ), #644, .F. ) ;
#319 = CARTESIAN_POINT ( 'NONE',  ( -22.39999999999999147, 36.50000000000000000, -47.00000000000000000 ) ) ;
#320 = VERTEX_POINT ( 'NONE', #1172 ) ;
#321 = ORIENTED_EDGE ( 'NONE', *, *, #825, .F. ) ;
#322 = CARTESIAN_POINT ( 'NONE',  ( -13.46546631438096142, 26.93469713437031743, -37.00000000000000711 ) ) ;
#323 = DIRECTION ( 'NONE',  ( 1.000000000000000000, 0.000000000000000000, 0.000000000000000000 ) ) ;
#324 = DIRECTION ( 'NONE',  ( 0.000000000000000000, -0.000000000000000000, 1.000000000000000000 ) ) ;
#325 = EDGE_LOOP ( 'NONE', ( #939, #1580, #355, #735 ) ) ;
#326 = EDGE_CURVE ( 'NONE', #1319, #1379, #756, .T. ) ;
#327 = ORIENTED_EDGE ( 'NONE', *, *, #1374, .F. ) ;
#328 = ORIENTED_EDGE ( 'NONE', *, *, #252, .T. ) ;
#329 = DIRECTION ( 'NONE',  ( -1.000000000000000000, -0.000000000000000000, -0.000000000000000000 ) ) ;
#330 = DIRECTION ( 'NONE',  ( 1.000000000000000000, 0.000000000000000000, -0.000000000000000000 ) ) ;
#331 = CYLINDRICAL_SURFACE ( 'NONE', #1642, 1.599999999999999867 ) ;
#332 = LINE ( 'NONE', #739, #506 ) ;
#333 = ORIENTED_EDGE ( 'NONE', *, *, #391, .T. ) ;
#334 = VECTOR ( 'NONE', #1021, 1000.000000000000000 ) ;
#335 = ORIENTED_EDGE ( 'NONE', *, *, #1233, .F. ) ;
#336 = AXIS2_PLACEMENT_3D ( 'NONE', #566, #263, #1622 ) ;
#337 = ADVANCED_FACE ( 'NONE', ( #1679 ), #480, .F. ) ;
#338 = AXIS2_PLACEMENT_3D ( 'NONE', #960, #1711, #523 ) ;
#339 = EDGE_LOOP ( 'NONE', ( #631, #1460, #1253, #1050, #580, #1509, #1309, #1060 ) ) ;
#340 = EDGE_CURVE ( 'NONE', #731, #682, #894, .T. ) ;
#341 = VECTOR ( 'NONE', #676, 1000.000000000000000 ) ;
#342 = CARTESIAN_POINT ( 'NONE',  ( 0.000000000000000000, 5.000000000000000000, 7.500000000000000000 ) ) ;
#343 = PRESENTATION_LAYER_ASSIGNMENT (  '', '', ( #428 ) ) ;
#344 = LINE ( 'NONE', #63, #145 ) ;
#345 = CARTESIAN_POINT ( 'NONE',  ( -9.465466314380961421, 0.000000000000000000, -47.00000000000000000 ) ) ;
#346 = ORIENTED_EDGE ( 'NONE', *, *, #1624, .F. ) ;
#347 = ORIENTED_EDGE ( 'NONE', *, *, #1141, .T. ) ;
#348 = ORIENTED_EDGE ( 'NONE', *, *, #697, .T. ) ;
#349 = FACE_BOUND ( 'NONE', #1534, .T. ) ;
#350 = EDGE_CURVE ( 'NONE', #1336, #587, #1669, .T. ) ;
#351 = CARTESIAN_POINT ( 'NONE',  ( -13.46546631438096142, 26.93469713437031743, -37.00000000000000711 ) ) ;
#352 = SURFACE_STYLE_FILL_AREA ( #1634 ) ;
#353 = DIRECTION ( 'NONE',  ( -1.000000000000000000, 0.000000000000000000, 0.000000000000000000 ) ) ;
#354 = ORIENTED_EDGE ( 'NONE', *, *, #265, .T. ) ;
#355 = ORIENTED_EDGE ( 'NONE', *, *, #1089, .F. ) ;
#356 = ORIENTED_EDGE ( 'NONE', *, *, #600, .T. ) ;
#357 = FACE_OUTER_BOUND ( 'NONE', #1212, .T. ) ;
#358 = ADVANCED_FACE ( 'NONE', ( #1552 ), #1537, .F. ) ;
#359 = DIRECTION ( 'NONE',  ( 1.000000000000000000, 0.000000000000000000, 0.000000000000000000 ) ) ;
#360 =( NAMED_UNIT ( * ) PLANE_ANGLE_UNIT ( ) SI_UNIT ( $, .RADIAN. ) );
#361 = LINE ( 'NONE', #1023, #144 ) ;
#362 = ORIENTED_EDGE ( 'NONE', *, *, #1439, .T. ) ;
#363 = CARTESIAN_POINT ( 'NONE',  ( 18.30000000000001137, 5.000000000000000000, 16.00000000000000000 ) ) ;
#364 = VERTEX_POINT ( 'NONE', #507 ) ;
#365 = VECTOR ( 'NONE', #389, 1000.000000000000000 ) ;
#366 = FACE_OUTER_BOUND ( 'NONE', #969, .T. ) ;
#367 = VERTEX_POINT ( 'NONE', #634 ) ;
#368 = CIRCLE ( 'NONE', #1668, 2.099999999999997868 ) ;
#369 = CARTESIAN_POINT ( 'NONE',  ( 10.10000000000000142, 15.99999999999999289, -47.00000000000000000 ) ) ;
#370 = PLANE ( 'NONE',  #540 ) ;
#371 = VECTOR ( 'NONE', #15, 1000.000000000000000 ) ;
#372 = LINE ( 'NONE', #518, #1304 ) ;
#373 = CARTESIAN_POINT ( 'NONE',  ( 4.100000000000002309, 15.99999999999999645, -17.00000000000000000 ) ) ;
#374 = EDGE_CURVE ( 'NONE', #1718, #451, #1563, .T. ) ;
#375 = ORIENTED_EDGE ( 'NONE', *, *, #1216, .F. ) ;
#376 = DIRECTION ( 'NONE',  ( 0.000000000000000000, 1.000000000000000000, -0.000000000000000000 ) ) ;
#377 = EDGE_LOOP ( 'NONE', ( #66, #315, #658, #1599 ) ) ;
#378 = CARTESIAN_POINT ( 'NONE',  ( 27.25229982338322188, 19.11027463955969807, -50.20000000000000284 ) ) ;
#379 = DIRECTION ( 'NONE',  ( -1.000000000000000000, 0.000000000000000000, -0.000000000000000000 ) ) ;
#380 = CARTESIAN_POINT ( 'NONE',  ( 1.959434878635764244E-16, 0.000000000000000000, 9.099999999999999645 ) ) ;
#381 = FACE_OUTER_BOUND ( 'NONE', #254, .T. ) ;
#382 = ADVANCED_FACE ( 'NONE', ( #217, #1271, #87, #618, #1209 ), #823, .T. ) ;
#383 = VERTEX_POINT ( 'NONE', #1075 ) ;
#384 = LINE ( 'NONE', #909, #400 ) ;
#385 = ORIENTED_EDGE ( 'NONE', *, *, #1183, .F. ) ;
#386 = CARTESIAN_POINT ( 'NONE',  ( 34.60000000000000853, 5.000000000000000000, -37.00000000000000711 ) ) ;
#387 = LINE ( 'NONE', #517, #1420 ) ;
#388 = LINE ( 'NONE', #1707, #997 ) ;
#389 = DIRECTION ( 'NONE',  ( 0.000000000000000000, 1.000000000000000000, 0.000000000000000000 ) ) ;
#390 = ORIENTED_EDGE ( 'NONE', *, *, #417, .F. ) ;
#391 = EDGE_CURVE ( 'NONE', #915, #1200, #817, .T. ) ;
#392 = DIRECTION ( 'NONE',  ( -0.000000000000000000, -1.000000000000000000, -0.000000000000000000 ) ) ;
#393 = VECTOR ( 'NONE', #121, 1000.000000000000000 ) ;
#394 = EDGE_CURVE ( 'NONE', #1276, #777, #559, .T. ) ;
#395 = AXIS2_PLACEMENT_3D ( 'NONE', #1692, #617, #1684 ) ;
#396 = ORIENTED_EDGE ( 'NONE', *, *, #1288, .T. ) ;
#397 = CARTESIAN_POINT ( 'NONE',  ( -18.19999999999999218, 36.50000000000000000, -50.20000000000000284 ) ) ;
#398 = ORIENTED_EDGE ( 'NONE', *, *, #1335, .F. ) ;
#399 = CARTESIAN_POINT ( 'NONE',  ( 14.20000000000000995, 5.000000000000000000, 9.099999999999997868 ) ) ;
#400 = VECTOR ( 'NONE', #1491, 1000.000000000000000 ) ;
#401 = VECTOR ( 'NONE', #1465, 1000.000000000000000 ) ;
#402 = DIRECTION ( 'NONE',  ( -1.000000000000000000, 0.000000000000000000, 5.507058653894625853E-17 ) ) ;
#403 = CARTESIAN_POINT ( 'NONE',  ( 39.60000000000000142, 0.000000000000000000, -50.20000000000000284 ) ) ;
#404 = ORIENTED_EDGE ( 'NONE', *, *, #29, .T. ) ;
#405 = CARTESIAN_POINT ( 'NONE',  ( 18.30000000000001137, 0.000000000000000000, 16.00000000000000000 ) ) ;
#406 = ORIENTED_EDGE ( 'NONE', *, *, #1245, .F. ) ;
#407 = CARTESIAN_POINT ( 'NONE',  ( 0.000000000000000000, 0.000000000000000000, -7.500000000000000000 ) ) ;
#408 = EDGE_LOOP ( 'NONE', ( #292, #771 ) ) ;
#409 = EDGE_CURVE ( 'NONE', #213, #893, #2, .T. ) ;
#410 = CARTESIAN_POINT ( 'NONE',  ( 39.60000000000000142, 0.000000000000000000, -47.00000000000000000 ) ) ;
#411 = CARTESIAN_POINT ( 'NONE',  ( 32.67753098862090866, 5.000000000000000000, -47.00000000000000000 ) ) ;
#412 = DIRECTION ( 'NONE',  ( 1.000000000000000000, -0.000000000000000000, -0.000000000000000000 ) ) ;
#413 = ORIENTED_EDGE ( 'NONE', *, *, #1096, .T. ) ;
#414 = EDGE_LOOP ( 'NONE', ( #989, #173, #1429, #1011 ) ) ;
#415 = LINE ( 'NONE', #1061, #1554 ) ;
#416 = CARTESIAN_POINT ( 'NONE',  ( -20.29999999999999005, 36.50000000000000000, -50.20000000000000284 ) ) ;
#417 = EDGE_CURVE ( 'NONE', #3, #1393, #561, .T. ) ;
#418 = LINE ( 'NONE', #432, #401 ) ;
#419 = LINE ( 'NONE', #1474, #1475 ) ;
#420 = VERTEX_POINT ( 'NONE', #661 ) ;
#421 = FACE_OUTER_BOUND ( 'NONE', #1039, .T. ) ;
#422 = EDGE_LOOP ( 'NONE', ( #623, #1533, #1219, #672 ) ) ;
#423 = CARTESIAN_POINT ( 'NONE',  ( -18.19999999999999218, 36.50000000000000000, -47.00000000000000000 ) ) ;
#424 = VECTOR ( 'NONE', #1144, 1000.000000000000000 ) ;
#425 = CARTESIAN_POINT ( 'NONE',  ( 31.10030377641764332, 25.64106407528073106, -50.20000000000000284 ) ) ;
#426 = VECTOR ( 'NONE', #1490, 1000.000000000000000 ) ;
#427 = ADVANCED_FACE ( 'NONE', ( #1607 ), #275, .F. ) ;
#428 = STYLED_ITEM ( 'NONE', ( #1371 ), #1467 ) ;
#429 = VERTEX_POINT ( 'NONE', #397 ) ;
#430 = FACE_OUTER_BOUND ( 'NONE', #725, .T. ) ;
#431 = DIRECTION ( 'NONE',  ( -1.000000000000000000, 0.000000000000000000, 1.734723475976807587E-16 ) ) ;
#432 = CARTESIAN_POINT ( 'NONE',  ( 27.10030377641757937, 33.32381986519938977, -37.00000000000000711 ) ) ;
#433 = CARTESIAN_POINT ( 'NONE',  ( -20.29999999999999005, 5.000000000000000000, -50.20000000000000284 ) ) ;
#434 = ORIENTED_EDGE ( 'NONE', *, *, #232, .F. ) ;
#435 = EDGE_CURVE ( 'NONE', #364, #728, #922, .T. ) ;
#436 = DIRECTION ( 'NONE',  ( 0.000000000000000000, -1.000000000000000000, 0.000000000000000000 ) ) ;
#437 =( NAMED_UNIT ( * ) PLANE_ANGLE_UNIT ( ) SI_UNIT ( $, .RADIAN. ) );
#438 = LINE ( 'NONE', #16, #1615 ) ;
#439 = CARTESIAN_POINT ( 'NONE',  ( -13.18889448696635114, 5.508790402892081772, -37.00000000000000711 ) ) ;
#440 = ORIENTED_EDGE ( 'NONE', *, *, #510, .F. ) ;
#441 = ORIENTED_EDGE ( 'NONE', *, *, #1352, .F. ) ;
#442 = CARTESIAN_POINT ( 'NONE',  ( -4.099999999999999645, 5.000000000000000000, -16.00000000000000000 ) ) ;
#443 = EDGE_CURVE ( 'NONE', #491, #963, #722, .T. ) ;
#444 = CARTESIAN_POINT ( 'NONE',  ( -25.39999999999999858, 45.00000000000000000, -50.20000000000000284 ) ) ;
#445 = VECTOR ( 'NONE', #1418, 1000.000000000000000 ) ;
#446 = AXIS2_PLACEMENT_3D ( 'NONE', #1648, #467, #68 ) ;
#447 = DIRECTION ( 'NONE',  ( -0.000000000000000000, -0.000000000000000000, -1.000000000000000000 ) ) ;
#448 = EDGE_LOOP ( 'NONE', ( #396, #221, #298, #1647 ) ) ;
#449 = VECTOR ( 'NONE', #982, 1000.000000000000000 ) ;
#450 = CIRCLE ( 'NONE', #1307, 1.599999999999999867 ) ;
#451 = VERTEX_POINT ( 'NONE', #1083 ) ;
#452 = DIRECTION ( 'NONE',  ( 0.000000000000000000, 0.000000000000000000, -1.000000000000000000 ) ) ;
#453 = ADVANCED_FACE ( 'NONE', ( #421 ), #1713, .F. ) ;
#454 = FACE_OUTER_BOUND ( 'NONE', #1280, .T. ) ;
#455 = ORIENTED_EDGE ( 'NONE', *, *, #841, .F. ) ;
#456 = VERTEX_POINT ( 'NONE', #791 ) ;
#457 = ORIENTED_EDGE ( 'NONE', *, *, #101, .T. ) ;
#458 = DIRECTION ( 'NONE',  ( -1.000000000000000000, 0.000000000000000000, 0.000000000000000000 ) ) ;
#459 = PRODUCT_CONTEXT ( 'NONE', #1316, 'mechanical' ) ;
#460 = DIRECTION ( 'NONE',  ( -0.000000000000000000, -0.000000000000000000, 1.000000000000000000 ) ) ;
#461 = ADVANCED_FACE ( 'NONE', ( #430 ), #938, .F. ) ;
#462 = CARTESIAN_POINT ( 'NONE',  ( 4.100000000000005862, 16.00000000000000000, 16.00000000000000000 ) ) ;
#463 = ORIENTED_EDGE ( 'NONE', *, *, #1233, .T. ) ;
#464 = ORIENTED_EDGE ( 'NONE', *, *, #544, .T. ) ;
#465 = ADVANCED_FACE ( 'NONE', ( #525 ), #1329, .F. ) ;
#466 = ORIENTED_EDGE ( 'NONE', *, *, #12, .F. ) ;
#467 = DIRECTION ( 'NONE',  ( -0.000000000000000000, -1.000000000000000000, -0.000000000000000000 ) ) ;
#468 = CARTESIAN_POINT ( 'NONE',  ( -9.465466314380961421, 36.73346449779660361, -50.20000000000000284 ) ) ;
#469 = CARTESIAN_POINT ( 'NONE',  ( 14.20000000000000995, 5.000000000000000000, 7.499999999999999112 ) ) ;
#470 = LINE ( 'NONE', #758, #1222 ) ;
#471 = ORIENTED_EDGE ( 'NONE', *, *, #1070, .F. ) ;
#472 = CIRCLE ( 'NONE', #1357, 1.600000000000000755 ) ;
#473 = CARTESIAN_POINT ( 'NONE',  ( 18.30000000000001137, 5.000000000000000000, 16.00000000000000000 ) ) ;
#474 = AXIS2_PLACEMENT_3D ( 'NONE', #322, #1377, #1504 ) ;
#475 = EDGE_CURVE ( 'NONE', #716, #111, #415, .T. ) ;
#476 = AXIS2_PLACEMENT_3D ( 'NONE', #40, #1365, #127 ) ;
#477 = ORIENTED_EDGE ( 'NONE', *, *, #1044, .T. ) ;
#478 = AXIS2_PLACEMENT_3D ( 'NONE', #1353, #802, #1191 ) ;
#479 = DIRECTION ( 'NONE',  ( -1.000000000000000000, 0.000000000000000000, 0.000000000000000000 ) ) ;
#480 = CYLINDRICAL_SURFACE ( 'NONE', #776, 2.100000000000000977 ) ;
#481 = FILL_AREA_STYLE_COLOUR ( '', #1305 ) ;
#482 = DIRECTION ( 'NONE',  ( -0.000000000000000000, -0.000000000000000000, -1.000000000000000000 ) ) ;
#483 = VERTEX_POINT ( 'NONE', #1346 ) ;
#484 = DIRECTION ( 'NONE',  ( -0.000000000000000000, -1.000000000000000000, -0.000000000000000000 ) ) ;
#485 = ORIENTED_EDGE ( 'NONE', *, *, #147, .F. ) ;
#486 = ADVANCED_FACE ( 'NONE', ( #1470 ), #1600, .F. ) ;
#487 = DIRECTION ( 'NONE',  ( -1.000000000000000000, 0.000000000000000000, 0.000000000000000000 ) ) ;
#488 = DIRECTION ( 'NONE',  ( -0.000000000000000000, -0.000000000000000000, -1.000000000000000000 ) ) ;
#489 = FACE_OUTER_BOUND ( 'NONE', #652, .T. ) ;
#490 = CARTESIAN_POINT ( 'NONE',  ( 34.60000000000000853, 36.50000000000000000, -50.20000000000000284 ) ) ;
#491 = VERTEX_POINT ( 'NONE', #283 ) ;
#492 = CARTESIAN_POINT ( 'NONE',  ( 10.10000000000000320, 15.99999999999999645, -17.00000000000000000 ) ) ;
#493 = ORIENTED_EDGE ( 'NONE', *, *, #1070, .T. ) ;
#494 = CARTESIAN_POINT ( 'NONE',  ( 14.20000000000000995, 5.000000000000000000, 7.499999999999999112 ) ) ;
#495 = ORIENTED_EDGE ( 'NONE', *, *, #510, .T. ) ;
#496 = LINE ( 'NONE', #1014, #1220 ) ;
#497 = ADVANCED_FACE ( 'NONE', ( #26 ), #150, .F. ) ;
#498 = DIRECTION ( 'NONE',  ( 0.000000000000000000, 0.000000000000000000, -1.000000000000000000 ) ) ;
#499 = DIRECTION ( 'NONE',  ( 0.000000000000000000, -1.000000000000000000, 0.000000000000000000 ) ) ;
#500 = UNCERTAINTY_MEASURE_WITH_UNIT (LENGTH_MEASURE( 1.000000000000000082E-05 ), #1649, 'distance_accuracy_value', 'NONE');
#501 = CARTESIAN_POINT ( 'NONE',  ( -13.18889448696635114, 5.508790402892081772, -50.20000000000000284 ) ) ;
#502 = ORIENTED_EDGE ( 'NONE', *, *, #1650, .T. ) ;
#503 = AXIS2_PLACEMENT_3D ( 'NONE', #1432, #744, #359 ) ;
#504 = VECTOR ( 'NONE', #436, 1000.000000000000000 ) ;
#505 = LINE ( 'NONE', #1570, #1166 ) ;
#506 = VECTOR ( 'NONE', #1127, 1000.000000000000000 ) ;
#507 = CARTESIAN_POINT ( 'NONE',  ( 4.099999999999999645, 5.000000000000000000, -16.00000000000000000 ) ) ;
#508 = CARTESIAN_POINT ( 'NONE',  ( 0.000000000000000000, 25.00000000000000000, 0.000000000000000000 ) ) ;
#509 = VECTOR ( 'NONE', #987, 1000.000000000000000 ) ;
#510 = EDGE_CURVE ( 'NONE', #1123, #111, #1594, .T. ) ;
#511 = DIRECTION ( 'NONE',  ( 0.000000000000000000, 1.000000000000000000, 0.000000000000000000 ) ) ;
#512 = CARTESIAN_POINT ( 'NONE',  ( 0.000000000000000000, 0.000000000000000000, -9.099999999999999645 ) ) ;
#513 = VERTEX_POINT ( 'NONE', #180 ) ;
#514 = DIRECTION ( 'NONE',  ( -1.734723475976807587E-16, 0.000000000000000000, -1.000000000000000000 ) ) ;
#515 = ORIENTED_EDGE ( 'NONE', *, *, #155, .F. ) ;
#516 = DIRECTION ( 'NONE',  ( 1.000000000000000000, -0.000000000000000000, -0.000000000000000000 ) ) ;
#517 = CARTESIAN_POINT ( 'NONE',  ( 27.25229982338322188, 19.11027463955969807, -50.20000000000000284 ) ) ;
#518 = CARTESIAN_POINT ( 'NONE',  ( 27.25229982338322188, 8.169734192082643176, -50.20000000000000284 ) ) ;
#519 = EDGE_CURVE ( 'NONE', #573, #1393, #845, .T. ) ;
#520 = DIRECTION ( 'NONE',  ( 0.000000000000000000, 1.000000000000000000, 0.000000000000000000 ) ) ;
#521 = EDGE_CURVE ( 'NONE', #1243, #621, #1526, .T. ) ;
#522 = ORIENTED_EDGE ( 'NONE', *, *, #592, .T. ) ;
#523 = DIRECTION ( 'NONE',  ( -1.000000000000000000, 0.000000000000000000, 0.000000000000000000 ) ) ;
#524 = ORIENTED_EDGE ( 'NONE', *, *, #290, .T. ) ;
#525 = FACE_OUTER_BOUND ( 'NONE', #843, .T. ) ;
#526 = ORIENTED_EDGE ( 'NONE', *, *, #1555, .T. ) ;
#527 = PLANE ( 'NONE',  #1588 ) ;
#528 = PLANE ( 'NONE',  #1167 ) ;
#529 = CARTESIAN_POINT ( 'NONE',  ( 0.000000000000000000, 5.000000000000000000, -7.500000000000000000 ) ) ;
#530 = EDGE_LOOP ( 'NONE', ( #818, #272, #242, #1673 ) ) ;
#531 = ADVANCED_FACE ( 'NONE', ( #582 ), #980, .F. ) ;
#532 = CARTESIAN_POINT ( 'NONE',  ( -4.099999999999999645, 5.000000000000000000, -16.00000000000000000 ) ) ;
#533 = CLOSED_SHELL ( 'NONE', ( #1404, #831, #486, #1002, #427, #555, #134, #159, #1523, #382, #943, #962, #1496, #531, #92, #176, #1197, #1476, #1641, #700, #461, #761, #1698, #318, #337, #730, #717, #78, #1592, #1381, #1265, #954, #805, #908, #497, #643, #1454, #1568, #465, #41, #358, #1694, #708, #113, #1677, #688, #657, #307, #453, #1566 ) ) ;
#534 = AXIS2_PLACEMENT_3D ( 'NONE', #199, #1495, #50 ) ;
#535 = ORIENTED_EDGE ( 'NONE', *, *, #1257, .T. ) ;
#536 = DIRECTION ( 'NONE',  ( 0.000000000000000000, -1.051347561198064958E-16, -1.000000000000000000 ) ) ;
#537 = EDGE_LOOP ( 'NONE', ( #21, #276 ) ) ;
#538 = CARTESIAN_POINT ( 'NONE',  ( 34.60000000000000853, 5.000000000000000000, -47.00000000000000000 ) ) ;
#539 = VECTOR ( 'NONE', #482, 1000.000000000000000 ) ;
#540 = AXIS2_PLACEMENT_3D ( 'NONE', #635, #1583, #104 ) ;
#541 = CARTESIAN_POINT ( 'NONE',  ( 27.10030377641757937, 33.32381986519938977, -47.00000000000000000 ) ) ;
#542 = CARTESIAN_POINT ( 'NONE',  ( 4.099999999999999645, 25.00000000000000000, -47.00000000000000000 ) ) ;
#543 = ORIENTED_EDGE ( 'NONE', *, *, #1685, .F. ) ;
#544 = EDGE_CURVE ( 'NONE', #703, #192, #888, .T. ) ;
#545 = EDGE_LOOP ( 'NONE', ( #328, #99, #1285, #1601 ) ) ;
#546 = DIRECTION ( 'NONE',  ( 0.000000000000000000, -1.000000000000000000, -0.000000000000000000 ) ) ;
#547 = EDGE_LOOP ( 'NONE', ( #1681, #860, #187, #1703 ) ) ;
#548 = DIRECTION ( 'NONE',  ( -0.000000000000000000, -0.000000000000000000, -1.000000000000000000 ) ) ;
#549 = LINE ( 'NONE', #1217, #976 ) ;
#550 = CARTESIAN_POINT ( 'NONE',  ( 0.000000000000000000, 5.000000000000000000, -7.500000000000000000 ) ) ;
#551 = ORIENTED_EDGE ( 'NONE', *, *, #521, .T. ) ;
#552 = DIRECTION ( 'NONE',  ( -0.000000000000000000, -1.000000000000000000, -0.000000000000000000 ) ) ;
#553 = EDGE_LOOP ( 'NONE', ( #1376, #1177, #1436, #1260, #1705, #130, #602, #440 ) ) ;
#554 = LINE ( 'NONE', #1455, #291 ) ;
#555 = ADVANCED_FACE ( 'NONE', ( #1625 ), #163, .F. ) ;
#556 = LINE ( 'NONE', #309, #1199 ) ;
#557 = ORIENTED_EDGE ( 'NONE', *, *, #31, .F. ) ;
#558 = VECTOR ( 'NONE', #516, 1000.000000000000000 ) ;
#559 = LINE ( 'NONE', #957, #610 ) ;
#560 = PLANE ( 'NONE',  #1702 ) ;
#561 = CIRCLE ( 'NONE', #613, 1.600000000000000755 ) ;
#562 = CARTESIAN_POINT ( 'NONE',  ( -9.465466314380961421, 26.93469713437031743, -50.20000000000000284 ) ) ;
#563 = VECTOR ( 'NONE', #1349, 1000.000000000000000 ) ;
#564 = EDGE_CURVE ( 'NONE', #915, #1268, #1136, .T. ) ;
#565 = VECTOR ( 'NONE', #114, 1000.000000000000000 ) ;
#566 = CARTESIAN_POINT ( 'NONE',  ( -20.29999999999999005, 36.50000000000000000, -50.20000000000000284 ) ) ;
#567 = ORIENTED_EDGE ( 'NONE', *, *, #990, .T. ) ;
#568 = DIRECTION ( 'NONE',  ( 1.000000000000000000, -0.000000000000000000, -0.000000000000000000 ) ) ;
#569 = DIRECTION ( 'NONE',  ( 0.000000000000000000, 0.000000000000000000, -1.000000000000000000 ) ) ;
#570 = LINE ( 'NONE', #1332, #863 ) ;
#571 = EDGE_CURVE ( 'NONE', #1097, #1410, #1351, .T. ) ;
#572 = DIRECTION ( 'NONE',  ( 1.734723475976807587E-16, 0.000000000000000000, 1.000000000000000000 ) ) ;
#573 = VERTEX_POINT ( 'NONE', #1246 ) ;
#574 = EDGE_CURVE ( 'NONE', #759, #1294, #1517, .T. ) ;
#575 = ORIENTED_EDGE ( 'NONE', *, *, #1345, .T. ) ;
#576 = CARTESIAN_POINT ( 'NONE',  ( -9.465466314380961421, 26.93469713437031743, -47.00000000000000000 ) ) ;
#577 = CARTESIAN_POINT ( 'NONE',  ( -18.19999999999999218, 36.50000000000000000, -37.00000000000000711 ) ) ;
#578 = PLANE ( 'NONE',  #639 ) ;
#579 = ORIENTED_EDGE ( 'NONE', *, *, #571, .F. ) ;
#580 = ORIENTED_EDGE ( 'NONE', *, *, #1675, .T. ) ;
#581 = EDGE_CURVE ( 'NONE', #364, #692, #1640, .T. ) ;
#582 = FACE_OUTER_BOUND ( 'NONE', #907, .T. ) ;
#583 = CARTESIAN_POINT ( 'NONE',  ( 32.50000000000000711, 36.50000000000000000, -47.00000000000000000 ) ) ;
#584 = AXIS2_PLACEMENT_3D ( 'NONE', #1016, #249, #1435 ) ;
#585 = VECTOR ( 'NONE', #1124, 1000.000000000000000 ) ;
#586 = CARTESIAN_POINT ( 'NONE',  ( 0.000000000000000000, 36.73346449779660361, -47.00000000000000000 ) ) ;
#587 = VERTEX_POINT ( 'NONE', #44 ) ;
#588 = VECTOR ( 'NONE', #1557, 1000.000000000000000 ) ;
#589 = MECHANICAL_DESIGN_GEOMETRIC_PRESENTATION_REPRESENTATION (  '', ( #428 ), #920 ) ;
#590 = ORIENTED_EDGE ( 'NONE', *, *, #12, .T. ) ;
#591 = CARTESIAN_POINT ( 'NONE',  ( 27.10030377641757937, 0.000000000000000000, -47.00000000000000000 ) ) ;
#592 = EDGE_CURVE ( 'NONE', #73, #420, #1254, .T. ) ;
#593 = SURFACE_SIDE_STYLE ('',( #352 ) ) ;
#594 = CARTESIAN_POINT ( 'NONE',  ( 14.20000000000000639, 5.000000000000000000, -9.099999999999999645 ) ) ;
#595 = VERTEX_POINT ( 'NONE', #576 ) ;
#596 = ORIENTED_EDGE ( 'NONE', *, *, #394, .F. ) ;
#597 = EDGE_LOOP ( 'NONE', ( #1179, #107 ) ) ;
#598 = CARTESIAN_POINT ( 'NONE',  ( 14.20000000000000995, 0.000000000000000000, 9.099999999999997868 ) ) ;
#599 = LINE ( 'NONE', #468, #866 ) ;
#600 = EDGE_CURVE ( 'NONE', #621, #215, #853, .T. ) ;
#601 = FACE_OUTER_BOUND ( 'NONE', #18, .T. ) ;
#602 = ORIENTED_EDGE ( 'NONE', *, *, #738, .F. ) ;
#603 = FACE_OUTER_BOUND ( 'NONE', #1155, .T. ) ;
#604 = VERTEX_POINT ( 'NONE', #598 ) ;
#605 = CARTESIAN_POINT ( 'NONE',  ( 0.000000000000000000, 0.000000000000000000, 7.500000000000000000 ) ) ;
#606 = CYLINDRICAL_SURFACE ( 'NONE', #167, 1.599999999999999867 ) ;
#607 = FACE_OUTER_BOUND ( 'NONE', #1499, .T. ) ;
#608 = DIRECTION ( 'NONE',  ( -0.000000000000000000, -0.000000000000000000, -1.000000000000000000 ) ) ;
#609 = ORIENTED_EDGE ( 'NONE', *, *, #816, .F. ) ;
#610 = VECTOR ( 'NONE', #552, 1000.000000000000000 ) ;
#611 = EDGE_CURVE ( 'NONE', #963, #491, #1221, .T. ) ;
#612 = ORIENTED_EDGE ( 'NONE', *, *, #972, .T. ) ;
#613 = AXIS2_PLACEMENT_3D ( 'NONE', #407, #686, #1213 ) ;
#614 = AXIS2_PLACEMENT_3D ( 'NONE', #1111, #998, #1399 ) ;
#615 = ORIENTED_EDGE ( 'NONE', *, *, #592, .F. ) ;
#616 = AXIS2_PLACEMENT_3D ( 'NONE', #1132, #209, #330 ) ;
#617 = DIRECTION ( 'NONE',  ( -1.000000000000000000, 0.000000000000000000, 0.000000000000000000 ) ) ;
#618 = FACE_BOUND ( 'NONE', #1321, .T. ) ;
#619 = FACE_OUTER_BOUND ( 'NONE', #808, .T. ) ;
#620 = DIRECTION ( 'NONE',  ( 0.000000000000000000, 0.000000000000000000, -1.000000000000000000 ) ) ;
#621 = VERTEX_POINT ( 'NONE', #1510 ) ;
#622 = CARTESIAN_POINT ( 'NONE',  ( 0.000000000000000000, 5.000000000000000000, 7.500000000000000000 ) ) ;
#623 = ORIENTED_EDGE ( 'NONE', *, *, #884, .F. ) ;
#624 = EDGE_CURVE ( 'NONE', #692, #1102, #1223, .T. ) ;
#625 = DIRECTION ( 'NONE',  ( -0.000000000000000000, -0.000000000000000000, -1.000000000000000000 ) ) ;
#626 = DIRECTION ( 'NONE',  ( -0.000000000000000000, -0.000000000000000000, -1.000000000000000000 ) ) ;
#627 = FACE_BOUND ( 'NONE', #1237, .T. ) ;
#628 = FACE_OUTER_BOUND ( 'NONE', #638, .T. ) ;
#629 = ORIENTED_EDGE ( 'NONE', *, *, #81, .T. ) ;
#630 = CARTESIAN_POINT ( 'NONE',  ( -17.18889448696635114, 5.508790402892081772, -47.00000000000000000 ) ) ;
#631 = ORIENTED_EDGE ( 'NONE', *, *, #1096, .F. ) ;
#632 = CARTESIAN_POINT ( 'NONE',  ( 39.60000000000000142, 45.00000000000000000, -50.20000000000000284 ) ) ;
#633 = EDGE_CURVE ( 'NONE', #483, #304, #56, .T. ) ;
#634 = CARTESIAN_POINT ( 'NONE',  ( 4.099999999999999645, 25.00000000000000000, -47.00000000000000000 ) ) ;
#635 = CARTESIAN_POINT ( 'NONE',  ( -9.465466314380961421, 26.93469713437031743, -37.00000000000000711 ) ) ;
#636 = CARTESIAN_POINT ( 'NONE',  ( 31.10030377641764332, 0.000000000000000000, -47.00000000000000000 ) ) ;
#637 = DIRECTION ( 'NONE',  ( 1.000000000000000000, 0.000000000000000000, 0.000000000000000000 ) ) ;
#638 = EDGE_LOOP ( 'NONE', ( #1577, #1471, #413, #1540, #927, #782, #596, #346 ) ) ;
#639 = AXIS2_PLACEMENT_3D ( 'NONE', #273, #1100, #1057 ) ;
#640 = CARTESIAN_POINT ( 'NONE',  ( 27.25229982338322188, 19.11027463955969807, -37.00000000000000711 ) ) ;
#641 = VECTOR ( 'NONE', #1596, 1000.000000000000000 ) ;
#642 = ORIENTED_EDGE ( 'NONE', *, *, #1576, .F. ) ;
#643 = ADVANCED_FACE ( 'NONE', ( #1632 ), #37, .F. ) ;
#644 = CYLINDRICAL_SURFACE ( 'NONE', #1610, 1.922469011379095205 ) ;
#645 = DIRECTION ( 'NONE',  ( -0.000000000000000000, -0.000000000000000000, 1.000000000000000000 ) ) ;
#646 = AXIS2_PLACEMENT_3D ( 'NONE', #139, #689, #4 ) ;
#647 = EDGE_CURVE ( 'NONE', #1066, #138, #316, .T. ) ;
#648 = CARTESIAN_POINT ( 'NONE',  ( 23.25229982338321832, 19.11027463955969807, -37.00000000000000711 ) ) ;
#649 = PLANE ( 'NONE',  #1194 ) ;
#650 = VERTEX_POINT ( 'NONE', #1091 ) ;
#651 = CARTESIAN_POINT ( 'NONE',  ( 14.20000000000000995, 5.000000000000000000, 7.499999999999999112 ) ) ;
#652 = EDGE_LOOP ( 'NONE', ( #485, #1451, #1366, #715 ) ) ;
#653 = CARTESIAN_POINT ( 'NONE',  ( -9.465466314380961421, 36.73346449779660361, -37.00000000000000711 ) ) ;
#654 = FACE_OUTER_BOUND ( 'NONE', #1522, .T. ) ;
#655 = CARTESIAN_POINT ( 'NONE',  ( -13.18889448696635114, 16.35245841428108804, -37.00000000000000711 ) ) ;
#656 = LINE ( 'NONE', #1184, #1551 ) ;
#657 = ADVANCED_FACE ( 'NONE', ( #1369 ), #873, .F. ) ;
#658 = ORIENTED_EDGE ( 'NONE', *, *, #350, .F. ) ;
#659 = CARTESIAN_POINT ( 'NONE',  ( 14.20000000000000995, 0.000000000000000000, 7.499999999999999112 ) ) ;
#660 = ORIENTED_EDGE ( 'NONE', *, *, #851, .F. ) ;
#661 = CARTESIAN_POINT ( 'NONE',  ( 27.25229982338322188, 8.169734192082643176, -47.00000000000000000 ) ) ;
#662 = EDGE_LOOP ( 'NONE', ( #1019, #801, #1508, #1373 ) ) ;
#663 = FACE_BOUND ( 'NONE', #880, .T. ) ;
#664 = CARTESIAN_POINT ( 'NONE',  ( -13.18889448696635114, 5.508790402892081772, -47.00000000000000000 ) ) ;
#665 = CARTESIAN_POINT ( 'NONE',  ( 0.000000000000000000, 5.000000000000000000, 7.500000000000000000 ) ) ;
#666 = EDGE_CURVE ( 'NONE', #755, #703, #743, .T. ) ;
#667 = EDGE_LOOP ( 'NONE', ( #837, #1168, #404, #1142 ) ) ;
#668 = AXIS2_PLACEMENT_3D ( 'NONE', #899, #1401, #1010 ) ;
#669 = AXIS2_PLACEMENT_3D ( 'NONE', #244, #1038, #754 ) ;
#670 = ORIENTED_EDGE ( 'NONE', *, *, #186, .F. ) ;
#671 = CARTESIAN_POINT ( 'NONE',  ( 18.30000000000000426, 5.000000000000000000, -16.00000000000000000 ) ) ;
#672 = ORIENTED_EDGE ( 'NONE', *, *, #409, .T. ) ;
#673 = CARTESIAN_POINT ( 'NONE',  ( 10.10000000000000497, 16.00000000000000000, 16.00000000000000000 ) ) ;
#674 = CIRCLE ( 'NONE', #227, 1.599999999999999867 ) ;
#675 = VECTOR ( 'NONE', #1153, 1000.000000000000000 ) ;
#676 = DIRECTION ( 'NONE',  ( 0.000000000000000000, -1.000000000000000000, 0.000000000000000000 ) ) ;
#677 = DIRECTION ( 'NONE',  ( 0.000000000000000000, 0.000000000000000000, -1.000000000000000000 ) ) ;
#678 = VERTEX_POINT ( 'NONE', #1422 ) ;
#679 = EDGE_CURVE ( 'NONE', #1200, #1115, #84, .T. ) ;
#680 = EDGE_LOOP ( 'NONE', ( #1562, #1244, #1375, #1689 ) ) ;
#681 = CARTESIAN_POINT ( 'NONE',  ( 17.30000000000000782, 16.00000000000000000, 16.00000000000000000 ) ) ;
#682 = VERTEX_POINT ( 'NONE', #632 ) ;
#683 = FACE_BOUND ( 'NONE', #537, .T. ) ;
#684 = DIRECTION ( 'NONE',  ( 0.000000000000000000, 0.000000000000000000, 1.000000000000000000 ) ) ;
#685 = ORIENTED_EDGE ( 'NONE', *, *, #252, .F. ) ;
#686 = DIRECTION ( 'NONE',  ( 0.000000000000000000, 1.000000000000000000, 0.000000000000000000 ) ) ;
#687 = ORIENTED_EDGE ( 'NONE', *, *, #851, .T. ) ;
#688 = ADVANCED_FACE ( 'NONE', ( #349, #216, #225 ), #1170, .F. ) ;
#689 = DIRECTION ( 'NONE',  ( 0.000000000000000000, -0.000000000000000000, 1.000000000000000000 ) ) ;
#690 = DIRECTION ( 'NONE',  ( 0.000000000000000000, 1.000000000000000000, -0.000000000000000000 ) ) ;
#691 = DIRECTION ( 'NONE',  ( -0.000000000000000000, -1.000000000000000000, -0.000000000000000000 ) ) ;
#692 = VERTEX_POINT ( 'NONE', #94 ) ;
#693 = AXIS2_PLACEMENT_3D ( 'NONE', #1617, #20, #137 ) ;
#694 = DIRECTION ( 'NONE',  ( -1.000000000000000000, 0.000000000000000000, 0.000000000000000000 ) ) ;
#695 = DIRECTION ( 'NONE',  ( -0.000000000000000000, -1.000000000000000000, -0.000000000000000000 ) ) ;
#696 = VECTOR ( 'NONE', #568, 1000.000000000000000 ) ;
#697 = EDGE_CURVE ( 'NONE', #1102, #1186, #505, .T. ) ;
#698 = DIRECTION ( 'NONE',  ( 0.000000000000000000, 0.000000000000000000, -1.000000000000000000 ) ) ;
#699 = AXIS2_PLACEMENT_3D ( 'NONE', #1372, #608, #1120 ) ;
#700 = ADVANCED_FACE ( 'NONE', ( #366 ), #207, .F. ) ;
#701 = AXIS2_PLACEMENT_3D ( 'NONE', #416, #131, #1619 ) ;
#702 = DIRECTION ( 'NONE',  ( -0.000000000000000000, -1.000000000000000000, -0.000000000000000000 ) ) ;
#703 = VERTEX_POINT ( 'NONE', #867 ) ;
#704 = ORIENTED_EDGE ( 'NONE', *, *, #1161, .T. ) ;
#705 = CARTESIAN_POINT ( 'NONE',  ( 34.60000000000000853, 5.000000000000000000, -37.00000000000000711 ) ) ;
#706 = DIRECTION ( 'NONE',  ( -0.000000000000000000, -0.000000000000000000, -1.000000000000000000 ) ) ;
#707 = LINE ( 'NONE', #967, #1699 ) ;
#708 = ADVANCED_FACE ( 'NONE', ( #1018 ), #1395, .F. ) ;
#709 = ORIENTED_EDGE ( 'NONE', *, *, #290, .F. ) ;
#710 = ORIENTED_EDGE ( 'NONE', *, *, #293, .F. ) ;
#711 = CARTESIAN_POINT ( 'NONE',  ( -13.46546631438096142, 36.73346449779660361, -37.00000000000000711 ) ) ;
#712 = APPLICATION_PROTOCOL_DEFINITION ( 'draft international standard', 'automotive_design', 1998, #1368 ) ;
#713 = DIRECTION ( 'NONE',  ( -1.000000000000000000, 0.000000000000000000, 0.000000000000000000 ) ) ;
#714 = DIRECTION ( 'NONE',  ( -0.000000000000000000, -1.000000000000000000, -0.000000000000000000 ) ) ;
#715 = ORIENTED_EDGE ( 'NONE', *, *, #981, .T. ) ;
#716 = VERTEX_POINT ( 'NONE', #1281 ) ;
#717 = ADVANCED_FACE ( 'NONE', ( #357 ), #1263, .F. ) ;
#718 = ORIENTED_EDGE ( 'NONE', *, *, #1174, .F. ) ;
#719 = DIRECTION ( 'NONE',  ( -1.000000000000000000, 0.000000000000000000, 0.000000000000000000 ) ) ;
#720 = DIRECTION ( 'NONE',  ( -0.000000000000000000, -1.000000000000000000, -0.000000000000000000 ) ) ;
#721 = VECTOR ( 'NONE', #1128, 1000.000000000000000 ) ;
#722 = CIRCLE ( 'NONE', #32, 1.599999999999999867 ) ;
#723 = DIRECTION ( 'NONE',  ( 1.000000000000000000, 0.000000000000000000, -0.000000000000000000 ) ) ;
#724 = ORIENTED_EDGE ( 'NONE', *, *, #933, .T. ) ;
#725 = EDGE_LOOP ( 'NONE', ( #1229, #1158, #961, #154 ) ) ;
#726 = VECTOR ( 'NONE', #1574, 1000.000000000000000 ) ;
#727 = VECTOR ( 'NONE', #28, 1000.000000000000000 ) ;
#728 = VERTEX_POINT ( 'NONE', #1269 ) ;
#729 = DIRECTION ( 'NONE',  ( -0.000000000000000000, -0.000000000000000000, 1.000000000000000000 ) ) ;
#730 = ADVANCED_FACE ( 'NONE', ( #763 ), #1012, .F. ) ;
#731 = VERTEX_POINT ( 'NONE', #1131 ) ;
#732 = DIRECTION ( 'NONE',  ( 1.000000000000000000, 0.000000000000000000, 0.000000000000000000 ) ) ;
#733 = ORIENTED_EDGE ( 'NONE', *, *, #1428, .F. ) ;
#734 = ORIENTED_EDGE ( 'NONE', *, *, #571, .T. ) ;
#735 = ORIENTED_EDGE ( 'NONE', *, *, #1506, .T. ) ;
#736 = DIRECTION ( 'NONE',  ( 0.000000000000000000, 0.000000000000000000, 1.000000000000000000 ) ) ;
#737 = ORIENTED_EDGE ( 'NONE', *, *, #1118, .F. ) ;
#738 = EDGE_CURVE ( 'NONE', #111, #1066, #1667, .T. ) ;
#739 = CARTESIAN_POINT ( 'NONE',  ( 4.099999999999999645, 25.00000000000000000, -47.00000000000000000 ) ) ;
#740 = ORIENTED_EDGE ( 'NONE', *, *, #1207, .T. ) ;
#741 = DIRECTION ( 'NONE',  ( -0.000000000000000000, -1.000000000000000000, -0.000000000000000000 ) ) ;
#742 = ORIENTED_EDGE ( 'NONE', *, *, #81, .F. ) ;
#743 = LINE ( 'NONE', #1030, #7 ) ;
#744 = DIRECTION ( 'NONE',  ( 0.000000000000000000, -0.000000000000000000, 1.000000000000000000 ) ) ;
#745 =( NAMED_UNIT ( * ) SI_UNIT ( $, .STERADIAN. ) SOLID_ANGLE_UNIT ( ) );
#746 = PLANE ( 'NONE',  #614 ) ;
#747 = VERTEX_POINT ( 'NONE', #1289 ) ;
#748 = AXIS2_PLACEMENT_3D ( 'NONE', #473, #1286, #1000 ) ;
#749 = FACE_OUTER_BOUND ( 'NONE', #1402, .T. ) ;
#750 = EDGE_CURVE ( 'NONE', #1440, #43, #892, .T. ) ;
#751 = VECTOR ( 'NONE', #329, 1000.000000000000000 ) ;
#752 = AXIS2_PLACEMENT_3D ( 'NONE', #203, #1250, #353 ) ;
#753 = ORIENTED_EDGE ( 'NONE', *, *, #666, .T. ) ;
#754 = DIRECTION ( 'NONE',  ( 7.709882115452476934E-17, 1.000000000000000000, 0.000000000000000000 ) ) ;
#755 = VERTEX_POINT ( 'NONE', #102 ) ;
#756 = LINE ( 'NONE', #95, #558 ) ;
#757 = DIRECTION ( 'NONE',  ( 1.000000000000000000, -0.000000000000000000, -0.000000000000000000 ) ) ;
#758 = CARTESIAN_POINT ( 'NONE',  ( 27.10030377641757937, 25.64106407528073106, -50.20000000000000284 ) ) ;
#759 = VERTEX_POINT ( 'NONE', #769 ) ;
#760 = CARTESIAN_POINT ( 'NONE',  ( -0.000000000000000000, 26.93469713437031743, -47.00000000000000000 ) ) ;
#761 = ADVANCED_FACE ( 'NONE', ( #1295 ), #1159, .F. ) ;
#762 = ORIENTED_EDGE ( 'NONE', *, *, #61, .F. ) ;
#763 = FACE_OUTER_BOUND ( 'NONE', #1492, .T. ) ;
#764 = DIRECTION ( 'NONE',  ( 0.000000000000000000, -1.000000000000000000, 0.000000000000000000 ) ) ;
#765 = LINE ( 'NONE', #648, #726 ) ;
#766 = LINE ( 'NONE', #1674, #1270 ) ;
#767 = VERTEX_POINT ( 'NONE', #1704 ) ;
#768 = EDGE_CURVE ( 'NONE', #320, #1340, #1585, .T. ) ;
#769 = CARTESIAN_POINT ( 'NONE',  ( -9.465466314380961421, 36.73346449779660361, -50.20000000000000284 ) ) ;
#770 = EDGE_CURVE ( 'NONE', #893, #75, #835, .T. ) ;
#771 = ORIENTED_EDGE ( 'NONE', *, *, #443, .T. ) ;
#772 = DIRECTION ( 'NONE',  ( 0.000000000000000000, 0.000000000000000000, -1.000000000000000000 ) ) ;
#773 = DIRECTION ( 'NONE',  ( 0.000000000000000000, 1.000000000000000000, 0.000000000000000000 ) ) ;
#774 = DIRECTION ( 'NONE',  ( 0.000000000000000000, -1.000000000000000000, 0.000000000000000000 ) ) ;
#775 = DIRECTION ( 'NONE',  ( -1.000000000000000000, -0.000000000000000000, 9.637352644315596475E-17 ) ) ;
#776 = AXIS2_PLACEMENT_3D ( 'NONE', #1695, #1152, #1290 ) ;
#777 = VERTEX_POINT ( 'NONE', #918 ) ;
#778 = AXIS2_PLACEMENT_3D ( 'NONE', #1481, #546, #809 ) ;
#779 = VECTOR ( 'NONE', #1292, 1000.000000000000000 ) ;
#780 = PLANE ( 'NONE',  #1639 ) ;
#781 = VECTOR ( 'NONE', #256, 1000.000000000000000 ) ;
#782 = ORIENTED_EDGE ( 'NONE', *, *, #219, .T. ) ;
#783 = CARTESIAN_POINT ( 'NONE',  ( 18.30000000000001137, 5.000000000000000000, 16.00000000000000000 ) ) ;
#784 = EDGE_CURVE ( 'NONE', #1379, #53, #1579, .T. ) ;
#785 = FACE_BOUND ( 'NONE', #1121, .T. ) ;
#786 = CARTESIAN_POINT ( 'NONE',  ( 4.099999999999999645, 0.000000000000000000, -47.00000000000000000 ) ) ;
#787 = LINE ( 'NONE', #1315, #807 ) ;
#788 = ORIENTED_EDGE ( 'NONE', *, *, #1078, .T. ) ;
#789 = FACE_OUTER_BOUND ( 'NONE', #790, .T. ) ;
#790 = EDGE_LOOP ( 'NONE', ( #226, #1262, #535, #135 ) ) ;
#791 = CARTESIAN_POINT ( 'NONE',  ( -22.39999999999999147, 5.000000000000000000, -50.20000000000000284 ) ) ;
#792 = VERTEX_POINT ( 'NONE', #33 ) ;
#793 = PLANE ( 'NONE',  #646 ) ;
#794 = EDGE_CURVE ( 'NONE', #872, #1319, #1088, .T. ) ;
#795 = DIRECTION ( 'NONE',  ( 5.507058653894625853E-17, 0.000000000000000000, 1.000000000000000000 ) ) ;
#796 = DIRECTION ( 'NONE',  ( 0.000000000000000000, 1.000000000000000000, -0.000000000000000000 ) ) ;
#797 = ORIENTED_EDGE ( 'NONE', *, *, #269, .T. ) ;
#798 = CARTESIAN_POINT ( 'NONE',  ( 31.10030377641764332, 25.64106407528073106, -50.20000000000000284 ) ) ;
#799 = ORIENTED_EDGE ( 'NONE', *, *, #768, .F. ) ;
#800 = DIRECTION ( 'NONE',  ( -0.000000000000000000, -1.000000000000000000, -0.000000000000000000 ) ) ;
#801 = ORIENTED_EDGE ( 'NONE', *, *, #1397, .T. ) ;
#802 = DIRECTION ( 'NONE',  ( 0.000000000000000000, -1.000000000000000000, 0.000000000000000000 ) ) ;
#803 = CARTESIAN_POINT ( 'NONE',  ( -22.39999999999999147, 5.000000000000000000, -37.00000000000000711 ) ) ;
#804 = LINE ( 'NONE', #1324, #55 ) ;
#805 = ADVANCED_FACE ( 'NONE', ( #1459 ), #578, .F. ) ;
#806 = ORIENTED_EDGE ( 'NONE', *, *, #519, .T. ) ;
#807 = VECTOR ( 'NONE', #125, 1000.000000000000000 ) ;
#808 = EDGE_LOOP ( 'NONE', ( #463, #1235, #1485, #348 ) ) ;
#809 = DIRECTION ( 'NONE',  ( 0.000000000000000000, 0.000000000000000000, -1.000000000000000000 ) ) ;
#810 = ORIENTED_EDGE ( 'NONE', *, *, #1383, .F. ) ;
#811 = FACE_BOUND ( 'NONE', #57, .T. ) ;
#812 = CIRCLE ( 'NONE', #862, 1.599999999999999867 ) ;
#813 = LINE ( 'NONE', #190, #1505 ) ;
#814 = DIRECTION ( 'NONE',  ( -1.000000000000000000, 0.000000000000000000, 9.637352644315596475E-17 ) ) ;
#815 = EDGE_LOOP ( 'NONE', ( #49, #90 ) ) ;
#816 = EDGE_CURVE ( 'NONE', #692, #1347, #1450, .T. ) ;
#817 = LINE ( 'NONE', #930, #393 ) ;
#818 = ORIENTED_EDGE ( 'NONE', *, *, #825, .T. ) ;
#819 = CARTESIAN_POINT ( 'NONE',  ( 18.30000000000000426, 5.000000000000000000, -16.00000000000000000 ) ) ;
#820 = LINE ( 'NONE', #278, #641 ) ;
#821 = ORIENTED_EDGE ( 'NONE', *, *, #1036, .F. ) ;
#822 = EDGE_CURVE ( 'NONE', #429, #983, #1612, .T. ) ;
#823 = PLANE ( 'NONE',  #693 ) ;
#824 = DIRECTION ( 'NONE',  ( 1.000000000000000000, 0.000000000000000000, 0.000000000000000000 ) ) ;
#825 = EDGE_CURVE ( 'NONE', #1347, #747, #1327, .T. ) ;
#826 = DIRECTION ( 'NONE',  ( 0.000000000000000000, 0.000000000000000000, -1.000000000000000000 ) ) ;
#827 = DIRECTION ( 'NONE',  ( -0.000000000000000000, -0.000000000000000000, 1.000000000000000000 ) ) ;
#828 = VERTEX_POINT ( 'NONE', #798 ) ;
#829 = ORIENTED_EDGE ( 'NONE', *, *, #1255, .T. ) ;
#830 = DIRECTION ( 'NONE',  ( 0.000000000000000000, -0.000000000000000000, 1.000000000000000000 ) ) ;
#831 = ADVANCED_FACE ( 'NONE', ( #789 ), #1318, .F. ) ;
#832 = LINE ( 'NONE', #1192, #341 ) ;
#833 = VECTOR ( 'NONE', #966, 1000.000000000000000 ) ;
#834 = AXIS2_PLACEMENT_3D ( 'NONE', #141, #698, #1226 ) ;
#835 = LINE ( 'NONE', #405, #142 ) ;
#836 = ORIENTED_EDGE ( 'NONE', *, *, #1185, .F. ) ;
#837 = ORIENTED_EDGE ( 'NONE', *, *, #1004, .F. ) ;
#838 = ORIENTED_EDGE ( 'NONE', *, *, #299, .F. ) ;
#839 = CARTESIAN_POINT ( 'NONE',  ( 39.60000000000000142, 45.00000000000000000, -47.00000000000000000 ) ) ;
#840 = SURFACE_STYLE_USAGE ( .BOTH. , #593 ) ;
#841 = EDGE_CURVE ( 'NONE', #513, #456, #1274, .T. ) ;
#842 = FACE_OUTER_BOUND ( 'NONE', #844, .T. ) ;
#843 = EDGE_LOOP ( 'NONE', ( #1317, #734, #1582, #375 ) ) ;
#844 = EDGE_LOOP ( 'NONE', ( #629, #354, #1569, #838 ) ) ;
#845 = LINE ( 'NONE', #1361, #1196 ) ;
#846 =( LENGTH_UNIT ( ) NAMED_UNIT ( * ) SI_UNIT ( .MILLI., .METRE. ) );
#847 = PRODUCT_RELATED_PRODUCT_CATEGORY ( 'part', '', ( #1590 ) ) ;
#848 = CARTESIAN_POINT ( 'NONE',  ( 14.20000000000000639, 0.000000000000000000, -7.500000000000000888 ) ) ;
#849 = ORIENTED_EDGE ( 'NONE', *, *, #1709, .F. ) ;
#850 = ORIENTED_EDGE ( 'NONE', *, *, #1364, .F. ) ;
#851 = EDGE_CURVE ( 'NONE', #604, #267, #812, .T. ) ;
#852 = ORIENTED_EDGE ( 'NONE', *, *, #919, .F. ) ;
#853 = LINE ( 'NONE', #1385, #1055 ) ;
#854 = FACE_BOUND ( 'NONE', #815, .T. ) ;
#855 = AXIS2_PLACEMENT_3D ( 'NONE', #622, #741, #1148 ) ;
#856 = DIRECTION ( 'NONE',  ( -0.000000000000000000, -0.000000000000000000, -1.000000000000000000 ) ) ;
#857 = AXIS2_PLACEMENT_3D ( 'NONE', #59, #174, #458 ) ;
#858 = AXIS2_PLACEMENT_3D ( 'NONE', #1049, #1320, #129 ) ;
#859 = CARTESIAN_POINT ( 'NONE',  ( 32.50000000000000711, 36.50000000000000000, -50.20000000000000284 ) ) ;
#860 = ORIENTED_EDGE ( 'NONE', *, *, #794, .F. ) ;
#861 = ORIENTED_EDGE ( 'NONE', *, *, #1397, .F. ) ;
#862 = AXIS2_PLACEMENT_3D ( 'NONE', #659, #691, #177 ) ;
#863 = VECTOR ( 'NONE', #1093, 1000.000000000000000 ) ;
#864 = ORIENTED_EDGE ( 'NONE', *, *, #574, .T. ) ;
#865 = EDGE_CURVE ( 'NONE', #1074, #923, #1338, .T. ) ;
#866 = VECTOR ( 'NONE', #1370, 1000.000000000000000 ) ;
#867 = CARTESIAN_POINT ( 'NONE',  ( 36.52246901137910129, 5.000000000000000000, -50.20000000000000284 ) ) ;
#868 = DIRECTION ( 'NONE',  ( -0.000000000000000000, -0.000000000000000000, -1.000000000000000000 ) ) ;
#869 = CARTESIAN_POINT ( 'NONE',  ( 31.10030377641764332, 25.64106407528073106, -37.00000000000000711 ) ) ;
#870 = ORIENTED_EDGE ( 'NONE', *, *, #1578, .T. ) ;
#871 = LINE ( 'NONE', #214, #83 ) ;
#872 = VERTEX_POINT ( 'NONE', #928 ) ;
#873 = CYLINDRICAL_SURFACE ( 'NONE', #1478, 1.599999999999999867 ) ;
#874 = EDGE_CURVE ( 'NONE', #1408, #1676, #384, .T. ) ;
#875 = DIRECTION ( 'NONE',  ( -1.000000000000000000, 0.000000000000000000, 0.000000000000000000 ) ) ;
#876 = EDGE_CURVE ( 'NONE', #1712, #767, #707, .T. ) ;
#877 = CARTESIAN_POINT ( 'NONE',  ( -13.18889448696635114, 16.35245841428108804, -50.20000000000000284 ) ) ;
#878 = CARTESIAN_POINT ( 'NONE',  ( 31.10030377641764332, 33.32381986519938977, -47.00000000000000000 ) ) ;
#879 = EDGE_LOOP ( 'NONE', ( #264, #1629 ) ) ;
#880 = EDGE_LOOP ( 'NONE', ( #849, #1256, #850, #1069 ) ) ;
#881 = ORIENTED_EDGE ( 'NONE', *, *, #1717, .T. ) ;
#882 = CARTESIAN_POINT ( 'NONE',  ( 14.20000000000000817, 5.000000000000000000, -1.231653667943534220E-15 ) ) ;
#883 = CARTESIAN_POINT ( 'NONE',  ( -13.18889448696635114, 5.508790402892081772, -50.20000000000000284 ) ) ;
#884 = EDGE_CURVE ( 'NONE', #1392, #893, #303, .T. ) ;
#885 = CARTESIAN_POINT ( 'NONE',  ( 0.000000000000000000, 5.000000000000000000, 7.500000000000000000 ) ) ;
#886 = VECTOR ( 'NONE', #1140, 1000.000000000000000 ) ;
#887 = DIRECTION ( 'NONE',  ( 0.000000000000000000, -1.000000000000000000, 0.000000000000000000 ) ) ;
#888 = CIRCLE ( 'NONE', #857, 1.922469011379095205 ) ;
#889 = AXIS2_PLACEMENT_3D ( 'NONE', #1008, #220, #723 ) ;
#890 = ORIENTED_EDGE ( 'NONE', *, *, #326, .T. ) ;
#891 = VECTOR ( 'NONE', #1033, 1000.000000000000000 ) ;
#892 = LINE ( 'NONE', #85, #1501 ) ;
#893 = VERTEX_POINT ( 'NONE', #1438 ) ;
#894 = LINE ( 'NONE', #1134, #1081 ) ;
#895 = FACE_OUTER_BOUND ( 'NONE', #339, .T. ) ;
#896 = DIRECTION ( 'NONE',  ( 0.000000000000000000, 0.000000000000000000, -1.000000000000000000 ) ) ;
#897 = PRODUCT_DEFINITION_CONTEXT ( 'detailed design', #1368, 'design' ) ;
#898 = EDGE_CURVE ( 'NONE', #1340, #320, #171, .T. ) ;
#899 = CARTESIAN_POINT ( 'NONE',  ( 23.25229982338321832, 8.169734192082643176, -37.00000000000000711 ) ) ;
#900 = ORIENTED_EDGE ( 'NONE', *, *, #990, .F. ) ;
#901 = DIRECTION ( 'NONE',  ( -0.000000000000000000, -1.000000000000000000, -0.000000000000000000 ) ) ;
#902 = ORIENTED_EDGE ( 'NONE', *, *, #898, .F. ) ;
#903 = DIRECTION ( 'NONE',  ( -1.000000000000000000, 0.000000000000000000, 0.000000000000000000 ) ) ;
#904 = CARTESIAN_POINT ( 'NONE',  ( 0.000000000000000000, 5.000000000000000000, -9.099999999999999645 ) ) ;
#905 = LINE ( 'NONE', #132, #1415 ) ;
#906 = PLANE ( 'NONE',  #584 ) ;
#907 = EDGE_LOOP ( 'NONE', ( #1653, #162, #178, #1017 ) ) ;
#908 = ADVANCED_FACE ( 'NONE', ( #251 ), #780, .F. ) ;
#909 = CARTESIAN_POINT ( 'NONE',  ( 0.000000000000000000, 19.11027463955969807, -47.00000000000000000 ) ) ;
#910 = VERTEX_POINT ( 'NONE', #1498 ) ;
#911 = LINE ( 'NONE', #369, #109 ) ;
#912 = DIRECTION ( 'NONE',  ( -1.000000000000000000, 0.000000000000000000, 9.637352644315596475E-17 ) ) ;
#913 = DIRECTION ( 'NONE',  ( 0.000000000000000000, 1.000000000000000000, -0.000000000000000000 ) ) ;
#914 = DIRECTION ( 'NONE',  ( 1.000000000000000000, 0.000000000000000000, -9.637352644315596475E-17 ) ) ;
#915 = VERTEX_POINT ( 'NONE', #311 ) ;
#916 = AXIS2_PLACEMENT_3D ( 'NONE', #76, #1411, #479 ) ;
#917 = AXIS2_PLACEMENT_3D ( 'NONE', #1473, #690, #1354 ) ;
#918 = CARTESIAN_POINT ( 'NONE',  ( 10.10000000000000142, 0.000000000000000000, -47.00000000000000000 ) ) ;
#919 = EDGE_CURVE ( 'NONE', #1542, #3, #1234, .T. ) ;
#920 =( GEOMETRIC_REPRESENTATION_CONTEXT ( 3 ) GLOBAL_UNCERTAINTY_ASSIGNED_CONTEXT ( ( #1156 ) ) GLOBAL_UNIT_ASSIGNED_CONTEXT ( ( #846, #360, #745 ) ) REPRESENTATION_CONTEXT ( 'NONE', 'WORKASPACE' ) );
#921 = VERTEX_POINT ( 'NONE', #1407 ) ;
#922 = LINE ( 'NONE', #1189, #1637 ) ;
#923 = VERTEX_POINT ( 'NONE', #859 ) ;
#924 = FACE_BOUND ( 'NONE', #377, .T. ) ;
#925 = CARTESIAN_POINT ( 'NONE',  ( 0.000000000000000000, 0.000000000000000000, 5.899999999999999467 ) ) ;
#926 = LINE ( 'NONE', #279, #1443 ) ;
#927 = ORIENTED_EDGE ( 'NONE', *, *, #1545, .T. ) ;
#928 = CARTESIAN_POINT ( 'NONE',  ( -17.18889448696635114, 5.508790402892081772, -50.20000000000000284 ) ) ;
#929 = VERTEX_POINT ( 'NONE', #319 ) ;
#930 = CARTESIAN_POINT ( 'NONE',  ( 0.000000000000000000, 5.000000000000000000, 5.899999999999999467 ) ) ;
#931 = ORIENTED_EDGE ( 'NONE', *, *, #564, .F. ) ;
#932 = LINE ( 'NONE', #410, #1029 ) ;
#933 = EDGE_CURVE ( 'NONE', #11, #1571, #1651, .T. ) ;
#934 = CARTESIAN_POINT ( 'NONE',  ( 4.100000000000005862, 25.00000000000000000, 16.00000000000000000 ) ) ;
#935 = FACE_OUTER_BOUND ( 'NONE', #136, .T. ) ;
#936 = EDGE_LOOP ( 'NONE', ( #356, #567, #829, #434 ) ) ;
#937 = ORIENTED_EDGE ( 'NONE', *, *, #409, .F. ) ;
#938 = PLANE ( 'NONE',  #778 ) ;
#939 = ORIENTED_EDGE ( 'NONE', *, *, #1621, .T. ) ;
#940 = FACE_OUTER_BOUND ( 'NONE', #936, .T. ) ;
#941 = DIRECTION ( 'NONE',  ( 9.637352644315595243E-17, 0.000000000000000000, 1.000000000000000000 ) ) ;
#942 = CARTESIAN_POINT ( 'NONE',  ( 32.67753098862090866, 5.000000000000000000, -50.20000000000000284 ) ) ;
#943 = ADVANCED_FACE ( 'NONE', ( #601 ), #977, .F. ) ;
#944 = ORIENTED_EDGE ( 'NONE', *, *, #22, .F. ) ;
#945 = VECTOR ( 'NONE', #488, 1000.000000000000000 ) ;
#946 = VECTOR ( 'NONE', #1536, 1000.000000000000000 ) ;
#947 = DIRECTION ( 'NONE',  ( 1.013220719900692323E-32, -1.000000000000000000, 1.051347561198064958E-16 ) ) ;
#948 = ORIENTED_EDGE ( 'NONE', *, *, #1227, .T. ) ;
#949 = CARTESIAN_POINT ( 'NONE',  ( 23.25229982338321832, 19.11027463955969807, -47.00000000000000000 ) ) ;
#950 = AXIS2_PLACEMENT_3D ( 'NONE', #1444, #1680, #124 ) ;
#951 = CIRCLE ( 'NONE', #172, 1.922469011379095205 ) ;
#952 = CARTESIAN_POINT ( 'NONE',  ( 0.000000000000000000, 16.35245841428108804, -47.00000000000000000 ) ) ;
#953 = AXIS2_PLACEMENT_3D ( 'NONE', #308, #1396, #1386 ) ;
#954 = ADVANCED_FACE ( 'NONE', ( #454 ), #746, .F. ) ;
#955 = ORIENTED_EDGE ( 'NONE', *, *, #70, .F. ) ;
#956 = EDGE_CURVE ( 'NONE', #929, #983, #1275, .T. ) ;
#957 = CARTESIAN_POINT ( 'NONE',  ( 10.10000000000000142, 25.00000000000000000, -47.00000000000000000 ) ) ;
#958 = DIRECTION ( 'NONE',  ( 0.000000000000000000, -0.000000000000000000, 1.000000000000000000 ) ) ;
#959 = LINE ( 'NONE', #166, #117 ) ;
#960 = CARTESIAN_POINT ( 'NONE',  ( 34.60000000000000853, 36.50000000000000000, -50.20000000000000284 ) ) ;
#961 = ORIENTED_EDGE ( 'NONE', *, *, #340, .F. ) ;
#962 = ADVANCED_FACE ( 'NONE', ( #64 ), #1539, .F. ) ;
#963 = VERTEX_POINT ( 'NONE', #594 ) ;
#964 = DIRECTION ( 'NONE',  ( 1.000000000000000000, 0.000000000000000000, 0.000000000000000000 ) ) ;
#965 = FACE_BOUND ( 'NONE', #991, .T. ) ;
#966 = DIRECTION ( 'NONE',  ( -0.000000000000000000, -1.000000000000000000, -0.000000000000000000 ) ) ;
#967 = CARTESIAN_POINT ( 'NONE',  ( 18.30000000000001137, 5.000000000000000000, 16.00000000000000000 ) ) ;
#968 = ORIENTED_EDGE ( 'NONE', *, *, #147, .T. ) ;
#969 = EDGE_LOOP ( 'NONE', ( #1190, #327, #733, #1661 ) ) ;
#970 = VECTOR ( 'NONE', #775, 1000.000000000000000 ) ;
#971 = DIRECTION ( 'NONE',  ( 1.000000000000000000, 0.000000000000000000, 0.000000000000000000 ) ) ;
#972 = EDGE_CURVE ( 'NONE', #595, #921, #1520, .T. ) ;
#973 = AXIS2_PLACEMENT_3D ( 'NONE', #882, #1678, #514 ) ;
#974 = CARTESIAN_POINT ( 'NONE',  ( 14.20000000000000995, 0.000000000000000000, 7.499999999999999112 ) ) ;
#975 = CIRCLE ( 'NONE', #1587, 1.599999999999999867 ) ;
#976 = VECTOR ( 'NONE', #1604, 1000.000000000000000 ) ;
#977 = PLANE ( 'NONE',  #889 ) ;
#978 = VERTEX_POINT ( 'NONE', #1507 ) ;
#979 = VERTEX_POINT ( 'NONE', #1530 ) ;
#980 = CYLINDRICAL_SURFACE ( 'NONE', #446, 1.600000000000000755 ) ;
#981 = EDGE_CURVE ( 'NONE', #367, #910, #332, .T. ) ;
#982 = DIRECTION ( 'NONE',  ( -0.000000000000000000, -1.000000000000000000, -0.000000000000000000 ) ) ;
#983 = VERTEX_POINT ( 'NONE', #1635 ) ;
#984 = EDGE_LOOP ( 'NONE', ( #1682, #1449, #1630, #398 ) ) ;
#985 = ORIENTED_EDGE ( 'NONE', *, *, #1576, .T. ) ;
#986 = DIRECTION ( 'NONE',  ( -0.000000000000000000, -0.000000000000000000, -1.000000000000000000 ) ) ;
#987 = DIRECTION ( 'NONE',  ( 7.709882115452476934E-17, 1.000000000000000000, 0.000000000000000000 ) ) ;
#988 = DIRECTION ( 'NONE',  ( 1.000000000000000000, -0.000000000000000000, 0.000000000000000000 ) ) ;
#989 = ORIENTED_EDGE ( 'NONE', *, *, #1428, .T. ) ;
#990 = EDGE_CURVE ( 'NONE', #215, #828, #1266, .T. ) ;
#991 = EDGE_LOOP ( 'NONE', ( #1638, #1613 ) ) ;
#992 = ORIENTED_EDGE ( 'NONE', *, *, #435, .F. ) ;
#993 = CARTESIAN_POINT ( 'NONE',  ( 39.60000000000000142, 0.000000000000000000, -47.00000000000000000 ) ) ;
#994 = VECTOR ( 'NONE', #240, 1000.000000000000000 ) ;
#995 = CARTESIAN_POINT ( 'NONE',  ( -13.46546631438096142, 36.73346449779660361, -50.20000000000000284 ) ) ;
#996 = VECTOR ( 'NONE', #306, 1000.000000000000000 ) ;
#997 = VECTOR ( 'NONE', #1688, 1000.000000000000000 ) ;
#998 = DIRECTION ( 'NONE',  ( -1.000000000000000000, 0.000000000000000000, 0.000000000000000000 ) ) ;
#999 = ORIENTED_EDGE ( 'NONE', *, *, #208, .F. ) ;
#1000 = DIRECTION ( 'NONE',  ( -1.734723475976807587E-16, 0.000000000000000000, -1.000000000000000000 ) ) ;
#1001 = VECTOR ( 'NONE', #1687, 1000.000000000000000 ) ;
#1002 = ADVANCED_FACE ( 'NONE', ( #842 ), #1660, .F. ) ;
#1003 = ORIENTED_EDGE ( 'NONE', *, *, #876, .F. ) ;
#1004 = EDGE_CURVE ( 'NONE', #491, #1350, #1391, .T. ) ;
#1005 = CARTESIAN_POINT ( 'NONE',  ( -25.40000000000000213, 0.000000000000000000, -47.00000000000000000 ) ) ;
#1006 = CARTESIAN_POINT ( 'NONE',  ( -13.18889448696635114, 0.000000000000000000, -47.00000000000000000 ) ) ;
#1007 = DIRECTION ( 'NONE',  ( -0.000000000000000000, -1.000000000000000000, -0.000000000000000000 ) ) ;
#1008 = CARTESIAN_POINT ( 'NONE',  ( -4.099999999999999645, 5.000000000000000000, -16.00000000000000000 ) ) ;
#1009 = ORIENTED_EDGE ( 'NONE', *, *, #750, .T. ) ;
#1010 = DIRECTION ( 'NONE',  ( 0.000000000000000000, 0.000000000000000000, 1.000000000000000000 ) ) ;
#1011 = ORIENTED_EDGE ( 'NONE', *, *, #186, .T. ) ;
#1012 = CYLINDRICAL_SURFACE ( 'NONE', #916, 2.099999999999997868 ) ;
#1013 = EDGE_CURVE ( 'NONE', #595, #1294, #1241, .T. ) ;
#1014 = CARTESIAN_POINT ( 'NONE',  ( 18.30000000000000426, 5.000000000000000000, -16.00000000000000000 ) ) ;
#1015 = LINE ( 'NONE', #1547, #1198 ) ;
#1016 = CARTESIAN_POINT ( 'NONE',  ( 27.10030377641757937, 25.64106407528073106, -37.00000000000000711 ) ) ;
#1017 = ORIENTED_EDGE ( 'NONE', *, *, #1578, .F. ) ;
#1018 = FACE_OUTER_BOUND ( 'NONE', #1367, .T. ) ;
#1019 = ORIENTED_EDGE ( 'NONE', *, *, #1352, .T. ) ;
#1020 = EDGE_CURVE ( 'NONE', #456, #513, #1056, .T. ) ;
#1021 = DIRECTION ( 'NONE',  ( -0.000000000000000000, 1.000000000000000000, 0.000000000000000000 ) ) ;
#1022 = CARTESIAN_POINT ( 'NONE',  ( 39.60000000000000142, 0.000000000000000000, -50.20000000000000284 ) ) ;
#1023 = CARTESIAN_POINT ( 'NONE',  ( -9.465466314380961421, 36.73346449779660361, -37.00000000000000711 ) ) ;
#1024 = VECTOR ( 'NONE', #412, 1000.000000000000000 ) ;
#1025 = VERTEX_POINT ( 'NONE', #878 ) ;
#1026 = AXIS2_PLACEMENT_3D ( 'NONE', #640, #376, #736 ) ;
#1027 = AXIS2_PLACEMENT_3D ( 'NONE', #1513, #324, #732 ) ;
#1028 = ORIENTED_EDGE ( 'NONE', *, *, #1013, .T. ) ;
#1029 = VECTOR ( 'NONE', #695, 1000.000000000000000 ) ;
#1030 = CARTESIAN_POINT ( 'NONE',  ( 36.52246901137910129, 5.000000000000000000, -37.00000000000000711 ) ) ;
#1031 = ORIENTED_EDGE ( 'NONE', *, *, #350, .T. ) ;
#1032 = DIRECTION ( 'NONE',  ( -1.000000000000000000, -0.000000000000000000, -0.000000000000000000 ) ) ;
#1033 = DIRECTION ( 'NONE',  ( -0.000000000000000000, -1.000000000000000000, -0.000000000000000000 ) ) ;
#1034 = CARTESIAN_POINT ( 'NONE',  ( 31.10030377641764332, 25.64106407528073106, -50.20000000000000284 ) ) ;
#1035 = CARTESIAN_POINT ( 'NONE',  ( -4.099999999999999645, 0.000000000000000000, 16.00000000000000000 ) ) ;
#1036 = EDGE_CURVE ( 'NONE', #921, #1097, #52, .T. ) ;
#1037 = EDGE_LOOP ( 'NONE', ( #737, #1423, #495, #47, #670, #1468, #575, #1293, #1048, #1195, #944, #321 ) ) ;
#1038 = DIRECTION ( 'NONE',  ( 1.000000000000000000, -7.709882115452476934E-17, 0.000000000000000000 ) ) ;
#1039 = EDGE_LOOP ( 'NONE', ( #985, #724, #515, #1654 ) ) ;
#1040 = CARTESIAN_POINT ( 'NONE',  ( 14.20000000000000995, 5.000000000000000000, 7.499999999999999112 ) ) ;
#1041 = DIRECTION ( 'NONE',  ( 1.000000000000000000, 0.000000000000000000, 0.000000000000000000 ) ) ;
#1042 = CARTESIAN_POINT ( 'NONE',  ( 36.70000000000000284, 36.50000000000000000, -50.20000000000000284 ) ) ;
#1043 = CARTESIAN_POINT ( 'NONE',  ( 23.25229982338321832, 8.169734192082643176, -50.20000000000000284 ) ) ;
#1044 = EDGE_CURVE ( 'NONE', #979, #1421, #1109, .T. ) ;
#1045 = ORIENTED_EDGE ( 'NONE', *, *, #1494, .F. ) ;
#1046 = DIRECTION ( 'NONE',  ( 1.000000000000000000, -0.000000000000000000, -1.734723475976807587E-16 ) ) ;
#1047 = ORIENTED_EDGE ( 'NONE', *, *, #1364, .T. ) ;
#1048 = ORIENTED_EDGE ( 'NONE', *, *, #884, .T. ) ;
#1049 = CARTESIAN_POINT ( 'NONE',  ( -13.18889448696635114, 16.35245841428108804, -37.00000000000000711 ) ) ;
#1050 = ORIENTED_EDGE ( 'NONE', *, *, #697, .F. ) ;
#1051 = PLANE ( 'NONE',  #1529 ) ;
#1052 = CARTESIAN_POINT ( 'NONE',  ( 10.10000000000000142, 25.00000000000000000, -47.00000000000000000 ) ) ;
#1053 = DIRECTION ( 'NONE',  ( -0.000000000000000000, -1.000000000000000000, -0.000000000000000000 ) ) ;
#1054 = ORIENTED_EDGE ( 'NONE', *, *, #1255, .F. ) ;
#1055 = VECTOR ( 'NONE', #964, 1000.000000000000000 ) ;
#1056 = CIRCLE ( 'NONE', #752, 2.100000000000000977 ) ;
#1057 = DIRECTION ( 'NONE',  ( 0.000000000000000000, -0.000000000000000000, -1.000000000000000000 ) ) ;
#1058 = EDGE_CURVE ( 'NONE', #149, #1350, #975, .T. ) ;
#1059 = VECTOR ( 'NONE', #856, 1000.000000000000000 ) ;
#1060 = ORIENTED_EDGE ( 'NONE', *, *, #876, .T. ) ;
#1061 = CARTESIAN_POINT ( 'NONE',  ( -25.40000000000000213, 0.000000000000000000, -50.20000000000000284 ) ) ;
#1062 = ORIENTED_EDGE ( 'NONE', *, *, #898, .T. ) ;
#1063 = FACE_BOUND ( 'NONE', #1149, .T. ) ;
#1064 = CARTESIAN_POINT ( 'NONE',  ( 14.20000000000000639, 0.000000000000000000, -7.500000000000000888 ) ) ;
#1065 = DIRECTION ( 'NONE',  ( -1.000000000000000000, 0.000000000000000000, 0.000000000000000000 ) ) ;
#1066 = VERTEX_POINT ( 'NONE', #1259 ) ;
#1067 = ORIENTED_EDGE ( 'NONE', *, *, #1126, .T. ) ;
#1068 = DIRECTION ( 'NONE',  ( 0.000000000000000000, 1.000000000000000000, -0.000000000000000000 ) ) ;
#1069 = ORIENTED_EDGE ( 'NONE', *, *, #574, .F. ) ;
#1070 = EDGE_CURVE ( 'NONE', #1202, #792, #470, .T. ) ;
#1071 = CARTESIAN_POINT ( 'NONE',  ( 32.67753098862090866, 5.000000000000000000, -37.00000000000000711 ) ) ;
#1072 = LINE ( 'NONE', #302, #1389 ) ;
#1073 = CARTESIAN_POINT ( 'NONE',  ( 39.60000000000000142, 45.00000000000000000, -47.00000000000000000 ) ) ;
#1074 = VERTEX_POINT ( 'NONE', #1042 ) ;
#1075 = CARTESIAN_POINT ( 'NONE',  ( 10.10000000000000320, 5.000000000000000888, -16.00000000000000000 ) ) ;
#1076 = EDGE_LOOP ( 'NONE', ( #312, #821, #1287, #1636 ) ) ;
#1077 = DIRECTION ( 'NONE',  ( 0.000000000000000000, 0.000000000000000000, 1.000000000000000000 ) ) ;
#1078 = EDGE_CURVE ( 'NONE', #923, #1074, #368, .T. ) ;
#1079 = EDGE_CURVE ( 'NONE', #1487, #828, #1416, .T. ) ;
#1080 = ORIENTED_EDGE ( 'NONE', *, *, #210, .F. ) ;
#1081 = VECTOR ( 'NONE', #237, 1000.000000000000000 ) ;
#1082 = VECTOR ( 'NONE', #97, 1000.000000000000000 ) ;
#1083 = CARTESIAN_POINT ( 'NONE',  ( -13.46546631438096142, 26.93469713437031743, -50.20000000000000284 ) ) ;
#1084 = DIRECTION ( 'NONE',  ( -1.734723475976807587E-16, 0.000000000000000000, -1.000000000000000000 ) ) ;
#1085 = VECTOR ( 'NONE', #1046, 1000.000000000000000 ) ;
#1086 = CIRCLE ( 'NONE', #1448, 1.922469011379095205 ) ;
#1087 = CARTESIAN_POINT ( 'NONE',  ( 10.10000000000000142, 25.00000000000000000, -47.00000000000000000 ) ) ;
#1088 = LINE ( 'NONE', #1187, #1387 ) ;
#1089 = EDGE_CURVE ( 'NONE', #682, #118, #1565, .T. ) ;
#1090 = EDGE_LOOP ( 'NONE', ( #1400, #206 ) ) ;
#1091 = CARTESIAN_POINT ( 'NONE',  ( 10.10000000000000320, 25.00000000000000000, -17.00000000000000000 ) ) ;
#1092 = DIRECTION ( 'NONE',  ( -0.000000000000000000, -0.000000000000000000, -1.000000000000000000 ) ) ;
#1093 = DIRECTION ( 'NONE',  ( -1.000000000000000000, 0.000000000000000000, 0.000000000000000000 ) ) ;
#1094 = DIRECTION ( 'NONE',  ( -0.000000000000000000, -1.000000000000000000, -0.000000000000000000 ) ) ;
#1095 = ORIENTED_EDGE ( 'NONE', *, *, #521, .F. ) ;
#1096 = EDGE_CURVE ( 'NONE', #1606, #767, #388, .T. ) ;
#1097 = VERTEX_POINT ( 'NONE', #1715 ) ;
#1098 = CARTESIAN_POINT ( 'NONE',  ( -20.29999999999999005, 5.000000000000000000, -47.00000000000000000 ) ) ;
#1099 = FACE_OUTER_BOUND ( 'NONE', #1214, .T. ) ;
#1100 = DIRECTION ( 'NONE',  ( 0.000000000000000000, -1.000000000000000000, 0.000000000000000000 ) ) ;
#1101 = EDGE_LOOP ( 'NONE', ( #968, #1646, #642, #282 ) ) ;
#1102 = VERTEX_POINT ( 'NONE', #1700 ) ;
#1103 = AXIS2_PLACEMENT_3D ( 'NONE', #1597, #796, #677 ) ;
#1104 = DIRECTION ( 'NONE',  ( 0.000000000000000000, 1.000000000000000000, -0.000000000000000000 ) ) ;
#1105 = APPLICATION_PROTOCOL_DEFINITION ( 'draft international standard', 'automotive_design', 1998, #1316 ) ;
#1106 = EDGE_CURVE ( 'NONE', #650, #25, #905, .T. ) ;
#1107 = AXIS2_PLACEMENT_3D ( 'NONE', #1098, #830, #971 ) ;
#1108 = DIRECTION ( 'NONE',  ( -1.000000000000000000, 0.000000000000000000, 0.000000000000000000 ) ) ;
#1109 = CIRCLE ( 'NONE', #1027, 2.099999999999997868 ) ;
#1110 = AXIS2_PLACEMENT_3D ( 'NONE', #247, #773, #1077 ) ;
#1111 = CARTESIAN_POINT ( 'NONE',  ( -17.18889448696635114, 5.508790402892081772, -37.00000000000000711 ) ) ;
#1112 = ORIENTED_EDGE ( 'NONE', *, *, #1013, .F. ) ;
#1113 = PRODUCT_DEFINITION_FORMATION_WITH_SPECIFIED_SOURCE ( 'ไป', '', #1590, .NOT_KNOWN. ) ;
#1114 = ORIENTED_EDGE ( 'NONE', *, *, #165, .F. ) ;
#1115 = VERTEX_POINT ( 'NONE', #380 ) ;
#1116 = DIRECTION ( 'NONE',  ( -0.000000000000000000, -1.000000000000000000, -0.000000000000000000 ) ) ;
#1117 = DIRECTION ( 'NONE',  ( 0.000000000000000000, 1.000000000000000000, 0.000000000000000000 ) ) ;
#1118 = EDGE_CURVE ( 'NONE', #728, #1347, #259, .T. ) ;
#1119 = FACE_OUTER_BOUND ( 'NONE', #1122, .T. ) ;
#1120 = DIRECTION ( 'NONE',  ( -1.000000000000000000, 0.000000000000000000, 0.000000000000000000 ) ) ;
#1121 = EDGE_LOOP ( 'NONE', ( #184, #557 ) ) ;
#1122 = EDGE_LOOP ( 'NONE', ( #902, #1297, #687, #466 ) ) ;
#1123 = VERTEX_POINT ( 'NONE', #786 ) ;
#1124 = DIRECTION ( 'NONE',  ( 1.000000000000000000, 0.000000000000000000, 0.000000000000000000 ) ) ;
#1125 = DIRECTION ( 'NONE',  ( 0.000000000000000000, 0.000000000000000000, -1.000000000000000000 ) ) ;
#1126 = EDGE_CURVE ( 'NONE', #1268, #915, #674, .T. ) ;
#1127 = DIRECTION ( 'NONE',  ( 9.637352644315595243E-17, 0.000000000000000000, 1.000000000000000000 ) ) ;
#1128 = DIRECTION ( 'NONE',  ( -0.000000000000000000, -1.000000000000000000, -0.000000000000000000 ) ) ;
#1129 = EDGE_CURVE ( 'NONE', #1336, #53, #1284, .T. ) ;
#1130 = ORIENTED_EDGE ( 'NONE', *, *, #265, .F. ) ;
#1131 = CARTESIAN_POINT ( 'NONE',  ( -25.39999999999999858, 45.00000000000000000, -50.20000000000000284 ) ) ;
#1132 = CARTESIAN_POINT ( 'NONE',  ( 0.000000000000000000, 0.000000000000000000, -50.20000000000000284 ) ) ;
#1133 = AXIS2_PLACEMENT_3D ( 'NONE', #529, #520, #1466 ) ;
#1134 = CARTESIAN_POINT ( 'NONE',  ( 39.60000000000000142, 45.00000000000000000, -50.20000000000000284 ) ) ;
#1135 = DIRECTION ( 'NONE',  ( 0.000000000000000000, 0.000000000000000000, -1.000000000000000000 ) ) ;
#1136 = CIRCLE ( 'NONE', #1273, 1.599999999999999867 ) ;
#1137 = VECTOR ( 'NONE', #72, 1000.000000000000000 ) ;
#1138 = CARTESIAN_POINT ( 'NONE',  ( -9.465466314380961421, 26.93469713437031743, -37.00000000000000711 ) ) ;
#1139 = ORIENTED_EDGE ( 'NONE', *, *, #1662, .F. ) ;
#1140 = DIRECTION ( 'NONE',  ( 1.000000000000000000, 0.000000000000000000, 0.000000000000000000 ) ) ;
#1141 = EDGE_CURVE ( 'NONE', #978, #678, #372, .T. ) ;
#1142 = ORIENTED_EDGE ( 'NONE', *, *, #1058, .T. ) ;
#1143 = DIRECTION ( 'NONE',  ( 0.000000000000000000, 1.000000000000000000, -0.000000000000000000 ) ) ;
#1144 = DIRECTION ( 'NONE',  ( 1.734723475976807587E-16, 0.000000000000000000, 1.000000000000000000 ) ) ;
#1145 = LINE ( 'NONE', #1022, #781 ) ;
#1146 = CARTESIAN_POINT ( 'NONE',  ( -4.099999999999999645, 0.000000000000000000, -16.00000000000000000 ) ) ;
#1147 = ORIENTED_EDGE ( 'NONE', *, *, #933, .F. ) ;
#1148 = DIRECTION ( 'NONE',  ( 0.000000000000000000, 0.000000000000000000, -1.000000000000000000 ) ) ;
#1149 = EDGE_LOOP ( 'NONE', ( #1114, #471, #1054, #234 ) ) ;
#1150 = EDGE_CURVE ( 'NONE', #43, #1336, #1301, .T. ) ;
#1151 = DIRECTION ( 'NONE',  ( 0.000000000000000000, -1.000000000000000000, 0.000000000000000000 ) ) ;
#1152 = DIRECTION ( 'NONE',  ( -0.000000000000000000, -0.000000000000000000, -1.000000000000000000 ) ) ;
#1153 = DIRECTION ( 'NONE',  ( -1.000000000000000000, -0.000000000000000000, 9.637352644315596475E-17 ) ) ;
#1154 = DIRECTION ( 'NONE',  ( -0.000000000000000000, -1.000000000000000000, -0.000000000000000000 ) ) ;
#1155 = EDGE_LOOP ( 'NONE', ( #1652, #937, #524, #157 ) ) ;
#1156 = UNCERTAINTY_MEASURE_WITH_UNIT (LENGTH_MEASURE( 1.000000000000000082E-05 ), #846, 'distance_accuracy_value', 'NONE');
#1157 = LINE ( 'NONE', #1035, #886 ) ;
#1158 = ORIENTED_EDGE ( 'NONE', *, *, #1506, .F. ) ;
#1159 = PLANE ( 'NONE',  #395 ) ;
#1160 = LINE ( 'NONE', #783, #424 ) ;
#1161 = EDGE_CURVE ( 'NONE', #1676, #1502, #765, .T. ) ;
#1162 = LINE ( 'NONE', #399, #891 ) ;
#1163 = CARTESIAN_POINT ( 'NONE',  ( 39.60000000000000142, 0.000000000000000000, -50.20000000000000284 ) ) ;
#1164 = VECTOR ( 'NONE', #903, 1000.000000000000000 ) ;
#1165 = LINE ( 'NONE', #760, #445 ) ;
#1166 = VECTOR ( 'NONE', #1561, 1000.000000000000000 ) ;
#1167 = AXIS2_PLACEMENT_3D ( 'NONE', #1052, #402, #795 ) ;
#1168 = ORIENTED_EDGE ( 'NONE', *, *, #611, .F. ) ;
#1169 = AXIS2_PLACEMENT_3D ( 'NONE', #164, #824, #569 ) ;
#1170 = PLANE ( 'NONE',  #973 ) ;
#1171 = EDGE_LOOP ( 'NONE', ( #1208, #1623, #295, #1 ) ) ;
#1172 = CARTESIAN_POINT ( 'NONE',  ( 14.20000000000000995, 5.000000000000000000, 5.899999999999998579 ) ) ;
#1173 = PLANE ( 'NONE',  #36 ) ;
#1174 = EDGE_CURVE ( 'NONE', #215, #1025, #1175, .T. ) ;
#1175 = LINE ( 'NONE', #636, #779 ) ;
#1176 = DIRECTION ( 'NONE',  ( -9.637352644315596475E-17, 0.000000000000000000, -1.000000000000000000 ) ) ;
#1177 = ORIENTED_EDGE ( 'NONE', *, *, #243, .F. ) ;
#1178 = CARTESIAN_POINT ( 'NONE',  ( 0.000000000000000000, 5.000000000000000000, -9.099999999999999645 ) ) ;
#1179 = ORIENTED_EDGE ( 'NONE', *, *, #1325, .F. ) ;
#1180 = DIRECTION ( 'NONE',  ( -0.000000000000000000, -0.000000000000000000, 1.000000000000000000 ) ) ;
#1181 = CARTESIAN_POINT ( 'NONE',  ( 4.100000000000005862, 16.00000000000000000, 16.00000000000000000 ) ) ;
#1182 = DIRECTION ( 'NONE',  ( 0.000000000000000000, 0.000000000000000000, -1.000000000000000000 ) ) ;
#1183 = EDGE_CURVE ( 'NONE', #1664, #929, #86, .T. ) ;
#1184 = CARTESIAN_POINT ( 'NONE',  ( 4.099999999999999645, 25.00000000000000000, -47.00000000000000000 ) ) ;
#1185 = EDGE_CURVE ( 'NONE', #587, #1379, #1323, .T. ) ;
#1186 = VERTEX_POINT ( 'NONE', #1456 ) ;
#1187 = CARTESIAN_POINT ( 'NONE',  ( -17.18889448696635114, 5.508790402892081772, -50.20000000000000284 ) ) ;
#1188 = ORIENTED_EDGE ( 'NONE', *, *, #1464, .T. ) ;
#1189 = CARTESIAN_POINT ( 'NONE',  ( 4.099999999999999645, 5.000000000000000000, -16.00000000000000000 ) ) ;
#1190 = ORIENTED_EDGE ( 'NONE', *, *, #738, .T. ) ;
#1191 = DIRECTION ( 'NONE',  ( 0.000000000000000000, -0.000000000000000000, -1.000000000000000000 ) ) ;
#1192 = CARTESIAN_POINT ( 'NONE',  ( 23.25229982338321832, 0.000000000000000000, -47.00000000000000000 ) ) ;
#1193 = LINE ( 'NONE', #1708, #1024 ) ;
#1194 = AXIS2_PLACEMENT_3D ( 'NONE', #542, #914, #1176 ) ;
#1195 = ORIENTED_EDGE ( 'NONE', *, *, #770, .T. ) ;
#1196 = VECTOR ( 'NONE', #1116, 1000.000000000000000 ) ;
#1197 = ADVANCED_FACE ( 'NONE', ( #628 ), #528, .F. ) ;
#1198 = VECTOR ( 'NONE', #499, 1000.000000000000000 ) ;
#1199 = VECTOR ( 'NONE', #1620, 1000.000000000000000 ) ;
#1200 = VERTEX_POINT ( 'NONE', #925 ) ;
#1201 = DIRECTION ( 'NONE',  ( -0.000000000000000000, -0.000000000000000000, -1.000000000000000000 ) ) ;
#1202 = VERTEX_POINT ( 'NONE', #270 ) ;
#1203 = FACE_BOUND ( 'NONE', #67, .T. ) ;
#1204 = CARTESIAN_POINT ( 'NONE',  ( 1.959434878635764244E-16, 5.000000000000000000, 9.099999999999999645 ) ) ;
#1205 = DIRECTION ( 'NONE',  ( -0.000000000000000000, -0.000000000000000000, -1.000000000000000000 ) ) ;
#1206 = ORIENTED_EDGE ( 'NONE', *, *, #232, .T. ) ;
#1207 = EDGE_CURVE ( 'NONE', #1097, #1718, #1015, .T. ) ;
#1208 = ORIENTED_EDGE ( 'NONE', *, *, #1419, .F. ) ;
#1209 = FACE_BOUND ( 'NONE', #879, .T. ) ;
#1210 = FACE_BOUND ( 'NONE', #1516, .T. ) ;
#1211 = LINE ( 'NONE', #803, #314 ) ;
#1212 = EDGE_LOOP ( 'NONE', ( #126, #526, #185, #1469 ) ) ;
#1213 = DIRECTION ( 'NONE',  ( 0.000000000000000000, 0.000000000000000000, 1.000000000000000000 ) ) ;
#1214 = EDGE_LOOP ( 'NONE', ( #457, #1028, #1047, #1608 ) ) ;
#1215 = PLANE ( 'NONE',  #478 ) ;
#1216 = EDGE_CURVE ( 'NONE', #921, #759, #361, .T. ) ;
#1217 = CARTESIAN_POINT ( 'NONE',  ( 10.10000000000001208, 5.000000000000000000, 16.00000000000000000 ) ) ;
#1218 = DIRECTION ( 'NONE',  ( -1.000000000000000000, 0.000000000000000000, 1.734723475976807587E-16 ) ) ;
#1219 = ORIENTED_EDGE ( 'NONE', *, *, #293, .T. ) ;
#1220 = VECTOR ( 'NONE', #1686, 1000.000000000000000 ) ;
#1221 = CIRCLE ( 'NONE', #534, 1.599999999999999867 ) ;
#1222 = VECTOR ( 'NONE', #511, 1000.000000000000000 ) ;
#1223 = LINE ( 'NONE', #1655, #110 ) ;
#1224 = CARTESIAN_POINT ( 'NONE',  ( -4.099999999999999645, 5.000000000000000000, 16.00000000000000000 ) ) ;
#1225 = CIRCLE ( 'NONE', #1110, 1.600000000000000755 ) ;
#1226 = DIRECTION ( 'NONE',  ( -1.000000000000000000, 0.000000000000000000, 0.000000000000000000 ) ) ;
#1227 = EDGE_CURVE ( 'NONE', #587, #1440, #105, .T. ) ;
#1228 = CARTESIAN_POINT ( 'NONE',  ( -13.18889448696635114, 5.508790402892081772, -50.20000000000000284 ) ) ;
#1229 = ORIENTED_EDGE ( 'NONE', *, *, #647, .T. ) ;
#1230 = VERTEX_POINT ( 'NONE', #411 ) ;
#1231 = DIRECTION ( 'NONE',  ( -0.000000000000000000, -1.000000000000000000, -0.000000000000000000 ) ) ;
#1232 = CARTESIAN_POINT ( 'NONE',  ( -25.40000000000000213, 0.000000000000000000, -50.20000000000000284 ) ) ;
#1233 = EDGE_CURVE ( 'NONE', #1186, #364, #1072, .T. ) ;
#1234 = LINE ( 'NONE', #1178, #449 ) ;
#1235 = ORIENTED_EDGE ( 'NONE', *, *, #581, .T. ) ;
#1236 = EDGE_CURVE ( 'NONE', #367, #1123, #820, .T. ) ;
#1237 = EDGE_LOOP ( 'NONE', ( #931, #120 ) ) ;
#1238 = CARTESIAN_POINT ( 'NONE',  ( -9.465466314380961421, 26.93469713437031743, -50.20000000000000284 ) ) ;
#1239 = CARTESIAN_POINT ( 'NONE',  ( -13.46546631438096142, 26.93469713437031743, -47.00000000000000000 ) ) ;
#1240 = LINE ( 'NONE', #1511, #1059 ) ;
#1241 = LINE ( 'NONE', #1138, #539 ) ;
#1242 = ORIENTED_EDGE ( 'NONE', *, *, #1129, .T. ) ;
#1243 = VERTEX_POINT ( 'NONE', #541 ) ;
#1244 = ORIENTED_EDGE ( 'NONE', *, *, #197, .F. ) ;
#1245 = EDGE_CURVE ( 'NONE', #1025, #1487, #438, .T. ) ;
#1246 = CARTESIAN_POINT ( 'NONE',  ( 1.959434878635764984E-16, 5.000000000000000000, -5.899999999999998579 ) ) ;
#1247 = LINE ( 'NONE', #317, #1362 ) ;
#1248 = VECTOR ( 'NONE', #1672, 1000.000000000000000 ) ;
#1249 = VECTOR ( 'NONE', #460, 1000.000000000000000 ) ;
#1250 = DIRECTION ( 'NONE',  ( 0.000000000000000000, 0.000000000000000000, -1.000000000000000000 ) ) ;
#1251 = VERTEX_POINT ( 'NONE', #6 ) ;
#1252 = ORIENTED_EDGE ( 'NONE', *, *, #1310, .T. ) ;
#1253 = ORIENTED_EDGE ( 'NONE', *, *, #1277, .T. ) ;
#1254 = LINE ( 'NONE', #188, #585 ) ;
#1255 = EDGE_CURVE ( 'NONE', #828, #1202, #1484, .T. ) ;
#1256 = ORIENTED_EDGE ( 'NONE', *, *, #1717, .F. ) ;
#1257 = EDGE_CURVE ( 'NONE', #1350, #149, #1527, .T. ) ;
#1258 = DIRECTION ( 'NONE',  ( 1.000000000000000000, 0.000000000000000000, 0.000000000000000000 ) ) ;
#1259 = CARTESIAN_POINT ( 'NONE',  ( -25.39999999999999858, 45.00000000000000000, -47.00000000000000000 ) ) ;
#1260 = ORIENTED_EDGE ( 'NONE', *, *, #1345, .F. ) ;
#1261 = DIRECTION ( 'NONE',  ( 0.000000000000000000, -0.000000000000000000, 1.000000000000000000 ) ) ;
#1262 = ORIENTED_EDGE ( 'NONE', *, *, #1004, .T. ) ;
#1263 = CYLINDRICAL_SURFACE ( 'NONE', #1666, 2.100000000000000977 ) ;
#1264 = DIRECTION ( 'NONE',  ( 0.000000000000000000, -0.000000000000000000, 1.000000000000000000 ) ) ;
#1265 = ADVANCED_FACE ( 'NONE', ( #160 ), #153, .F. ) ;
#1266 = LINE ( 'NONE', #869, #58 ) ;
#1267 = DIRECTION ( 'NONE',  ( 0.000000000000000000, 1.000000000000000000, 0.000000000000000000 ) ) ;
#1268 = VERTEX_POINT ( 'NONE', #1204 ) ;
#1269 = CARTESIAN_POINT ( 'NONE',  ( 4.100000000000002309, 0.000000000000000000, -16.00000000000000000 ) ) ;
#1270 = VECTOR ( 'NONE', #484, 1000.000000000000000 ) ;
#1271 = FACE_OUTER_BOUND ( 'NONE', #1037, .T. ) ;
#1272 = LINE ( 'NONE', #1312, #565 ) ;
#1273 = AXIS2_PLACEMENT_3D ( 'NONE', #342, #1104, #452 ) ;
#1274 = CIRCLE ( 'NONE', #313, 2.100000000000000977 ) ;
#1275 = LINE ( 'NONE', #212, #1360 ) ;
#1276 = VERTEX_POINT ( 'NONE', #1087 ) ;
#1277 = EDGE_CURVE ( 'NONE', #1571, #1186, #286, .T. ) ;
#1278 = CARTESIAN_POINT ( 'NONE',  ( 34.60000000000000853, 36.50000000000000000, -47.00000000000000000 ) ) ;
#1279 = AXIS2_PLACEMENT_3D ( 'NONE', #1553, #1546, #1041 ) ;
#1280 = EDGE_LOOP ( 'NONE', ( #1009, #1356, #146, #1045 ) ) ;
#1281 = CARTESIAN_POINT ( 'NONE',  ( -25.40000000000000213, 0.000000000000000000, -50.20000000000000284 ) ) ;
#1282 = FACE_OUTER_BOUND ( 'NONE', #193, .T. ) ;
#1283 = FACE_OUTER_BOUND ( 'NONE', #1101, .T. ) ;
#1284 = LINE ( 'NONE', #248, #1082 ) ;
#1285 = ORIENTED_EDGE ( 'NONE', *, *, #822, .T. ) ;
#1286 = DIRECTION ( 'NONE',  ( 1.000000000000000000, 0.000000000000000000, -1.734723475976807587E-16 ) ) ;
#1287 = ORIENTED_EDGE ( 'NONE', *, *, #972, .F. ) ;
#1288 = EDGE_CURVE ( 'NONE', #420, #1408, #556, .T. ) ;
#1289 = CARTESIAN_POINT ( 'NONE',  ( -4.099999999999999645, 0.000000000000000000, 16.00000000000000000 ) ) ;
#1290 = DIRECTION ( 'NONE',  ( -1.000000000000000000, 0.000000000000000000, 0.000000000000000000 ) ) ;
#1291 = CARTESIAN_POINT ( 'NONE',  ( -4.099999999999999645, 5.000000000000000000, 16.00000000000000000 ) ) ;
#1292 = DIRECTION ( 'NONE',  ( -0.000000000000000000, 1.000000000000000000, 0.000000000000000000 ) ) ;
#1293 = ORIENTED_EDGE ( 'NONE', *, *, #219, .F. ) ;
#1294 = VERTEX_POINT ( 'NONE', #562 ) ;
#1295 = FACE_OUTER_BOUND ( 'NONE', #325, .T. ) ;
#1296 = EDGE_CURVE ( 'NONE', #767, #383, #549, .T. ) ;
#1297 = ORIENTED_EDGE ( 'NONE', *, *, #1486, .T. ) ;
#1298 = LINE ( 'NONE', #1311, #1384 ) ;
#1299 = CARTESIAN_POINT ( 'NONE',  ( 39.60000000000000142, 45.00000000000000000, -50.20000000000000284 ) ) ;
#1300 = CIRCLE ( 'NONE', #1133, 1.600000000000000755 ) ;
#1301 = LINE ( 'NONE', #115, #1556 ) ;
#1302 = VECTOR ( 'NONE', #827, 1000.000000000000000 ) ;
#1303 = DIRECTION ( 'NONE',  ( -5.507058653894625853E-17, -0.000000000000000000, -1.000000000000000000 ) ) ;
#1304 = VECTOR ( 'NONE', #1314, 1000.000000000000000 ) ;
#1305 = COLOUR_RGB ( '',0.7921568627450980005, 0.8196078431372548767, 0.9333333333333333481 ) ;
#1306 = ORIENTED_EDGE ( 'NONE', *, *, #600, .F. ) ;
#1307 = AXIS2_PLACEMENT_3D ( 'NONE', #974, #720, #1659 ) ;
#1308 = DIRECTION ( 'NONE',  ( 0.000000000000000000, 0.000000000000000000, -1.000000000000000000 ) ) ;
#1309 = ORIENTED_EDGE ( 'NONE', *, *, #48, .F. ) ;
#1310 = EDGE_CURVE ( 'NONE', #1243, #792, #418, .T. ) ;
#1311 = CARTESIAN_POINT ( 'NONE',  ( 32.50000000000000711, 36.50000000000000000, -37.00000000000000711 ) ) ;
#1312 = CARTESIAN_POINT ( 'NONE',  ( -17.18889448696635114, 16.35245841428108804, -37.00000000000000711 ) ) ;
#1313 = EDGE_CURVE ( 'NONE', #1123, #728, #959, .T. ) ;
#1314 = DIRECTION ( 'NONE',  ( -1.000000000000000000, 0.000000000000000000, 0.000000000000000000 ) ) ;
#1315 = CARTESIAN_POINT ( 'NONE',  ( 27.10030377641757937, 25.64106407528073106, -37.00000000000000711 ) ) ;
#1316 = APPLICATION_CONTEXT ( 'automotive_design' ) ;
#1317 = ORIENTED_EDGE ( 'NONE', *, *, #1036, .T. ) ;
#1318 = CYLINDRICAL_SURFACE ( 'NONE', #476, 1.599999999999999867 ) ;
#1319 = VERTEX_POINT ( 'NONE', #1363 ) ;
#1320 = DIRECTION ( 'NONE',  ( 0.000000000000000000, 1.000000000000000000, -0.000000000000000000 ) ) ;
#1321 = EDGE_LOOP ( 'NONE', ( #810, #660 ) ) ;
#1322 = LINE ( 'NONE', #1071, #1671 ) ;
#1323 = LINE ( 'NONE', #655, #198 ) ;
#1324 = CARTESIAN_POINT ( 'NONE',  ( -1.638349949533651561E-15, 25.00000000000000000, -17.00000000000000000 ) ) ;
#1325 = EDGE_CURVE ( 'NONE', #192, #703, #1616, .T. ) ;
#1326 = EDGE_LOOP ( 'NONE', ( #1493, #753, #464, #1139 ) ) ;
#1327 = LINE ( 'NONE', #1719, #1302 ) ;
#1328 = ORIENTED_EDGE ( 'NONE', *, *, #1439, .F. ) ;
#1329 = PLANE ( 'NONE',  #287 ) ;
#1330 = ORIENTED_EDGE ( 'NONE', *, *, #1216, .T. ) ;
#1331 = FACE_BOUND ( 'NONE', #1645, .T. ) ;
#1332 = CARTESIAN_POINT ( 'NONE',  ( 39.60000000000000142, 0.000000000000000000, -47.00000000000000000 ) ) ;
#1333 = CARTESIAN_POINT ( 'NONE',  ( 14.20000000000000639, 0.000000000000000000, -9.099999999999999645 ) ) ;
#1334 = VECTOR ( 'NONE', #1205, 1000.000000000000000 ) ;
#1335 = EDGE_CURVE ( 'NONE', #483, #456, #1211, .T. ) ;
#1336 = VERTEX_POINT ( 'NONE', #664 ) ;
#1337 = AXIS2_PLACEMENT_3D ( 'NONE', #156, #1341, #266 ) ;
#1338 = CIRCLE ( 'NONE', #338, 2.099999999999997868 ) ;
#1339 = VECTOR ( 'NONE', #706, 1000.000000000000000 ) ;
#1340 = VERTEX_POINT ( 'NONE', #39 ) ;
#1341 = DIRECTION ( 'NONE',  ( -0.000000000000000000, -0.000000000000000000, -1.000000000000000000 ) ) ;
#1342 = LINE ( 'NONE', #1472, #371 ) ;
#1343 = DIRECTION ( 'NONE',  ( -0.000000000000000000, -0.000000000000000000, -1.000000000000000000 ) ) ;
#1344 = ORIENTED_EDGE ( 'NONE', *, *, #874, .F. ) ;
#1345 = EDGE_CURVE ( 'NONE', #1251, #777, #570, .T. ) ;
#1346 = CARTESIAN_POINT ( 'NONE',  ( -22.39999999999999147, 5.000000000000000000, -47.00000000000000000 ) ) ;
#1347 = VERTEX_POINT ( 'NONE', #1627 ) ;
#1348 = DIRECTION ( 'NONE',  ( -5.507058653894625853E-17, -0.000000000000000000, -1.000000000000000000 ) ) ;
#1349 = DIRECTION ( 'NONE',  ( -1.000000000000000000, 0.000000000000000000, 0.000000000000000000 ) ) ;
#1350 = VERTEX_POINT ( 'NONE', #1497 ) ;
#1351 = LINE ( 'NONE', #711, #996 ) ;
#1352 = EDGE_CURVE ( 'NONE', #1676, #73, #832, .T. ) ;
#1353 = CARTESIAN_POINT ( 'NONE',  ( 31.10030377641764332, 25.64106407528073106, -37.00000000000000711 ) ) ;
#1354 = DIRECTION ( 'NONE',  ( 0.000000000000000000, 0.000000000000000000, 1.000000000000000000 ) ) ;
#1355 = CARTESIAN_POINT ( 'NONE',  ( 18.30000000000000426, 0.000000000000000000, -16.00000000000000000 ) ) ;
#1356 = ORIENTED_EDGE ( 'NONE', *, *, #210, .T. ) ;
#1357 = AXIS2_PLACEMENT_3D ( 'NONE', #1427, #1267, #1558 ) ;
#1358 = AXIS2_PLACEMENT_3D ( 'NONE', #605, #1143, #1430 ) ;
#1359 = ORIENTED_EDGE ( 'NONE', *, *, #666, .F. ) ;
#1360 = VECTOR ( 'NONE', #79, 1000.000000000000000 ) ;
#1361 = CARTESIAN_POINT ( 'NONE',  ( 1.959434878635765477E-16, 5.000000000000000000, -5.899999999999998579 ) ) ;
#1362 = VECTOR ( 'NONE', #868, 1000.000000000000000 ) ;
#1363 = CARTESIAN_POINT ( 'NONE',  ( -17.18889448696635114, 16.35245841428108804, -50.20000000000000284 ) ) ;
#1364 = EDGE_CURVE ( 'NONE', #1294, #451, #813, .T. ) ;
#1365 = DIRECTION ( 'NONE',  ( -0.000000000000000000, -1.000000000000000000, -0.000000000000000000 ) ) ;
#1366 = ORIENTED_EDGE ( 'NONE', *, *, #243, .T. ) ;
#1367 = EDGE_LOOP ( 'NONE', ( #250, #704, #27, #1656 ) ) ;
#1368 = APPLICATION_CONTEXT ( 'automotive_design' ) ;
#1369 = FACE_OUTER_BOUND ( 'NONE', #667, .T. ) ;
#1370 = DIRECTION ( 'NONE',  ( 1.000000000000000000, -0.000000000000000000, -0.000000000000000000 ) ) ;
#1371 = PRESENTATION_STYLE_ASSIGNMENT (( #840 ) ) ;
#1372 = CARTESIAN_POINT ( 'NONE',  ( 34.60000000000000853, 36.50000000000000000, -37.00000000000000711 ) ) ;
#1373 = ORIENTED_EDGE ( 'NONE', *, *, #1161, .F. ) ;
#1374 = EDGE_CURVE ( 'NONE', #731, #1066, #51, .T. ) ;
#1375 = ORIENTED_EDGE ( 'NONE', *, *, #1141, .F. ) ;
#1376 = ORIENTED_EDGE ( 'NONE', *, *, #1236, .F. ) ;
#1377 = DIRECTION ( 'NONE',  ( -1.000000000000000000, 0.000000000000000000, 0.000000000000000000 ) ) ;
#1378 = DIRECTION ( 'NONE',  ( -0.000000000000000000, -1.000000000000000000, -0.000000000000000000 ) ) ;
#1379 = VERTEX_POINT ( 'NONE', #877 ) ;
#1380 = ORIENTED_EDGE ( 'NONE', *, *, #1020, .F. ) ;
#1381 = ADVANCED_FACE ( 'NONE', ( #607 ), #1519, .F. ) ;
#1382 = EDGE_LOOP ( 'NONE', ( #179, #1242, #797, #1080 ) ) ;
#1383 = EDGE_CURVE ( 'NONE', #267, #604, #450, .T. ) ;
#1384 = VECTOR ( 'NONE', #626, 1000.000000000000000 ) ;
#1385 = CARTESIAN_POINT ( 'NONE',  ( -0.000000000000000000, 25.64106407528073106, -47.00000000000000000 ) ) ;
#1386 = DIRECTION ( 'NONE',  ( 1.000000000000000000, 0.000000000000000000, 0.000000000000000000 ) ) ;
#1387 = VECTOR ( 'NONE', #46, 1000.000000000000000 ) ;
#1388 = CARTESIAN_POINT ( 'NONE',  ( 27.25229982338322188, 19.11027463955969807, -47.00000000000000000 ) ) ;
#1389 = VECTOR ( 'NONE', #826, 1000.000000000000000 ) ;
#1390 = AXIS2_PLACEMENT_3D ( 'NONE', #45, #1258, #1125 ) ;
#1391 = LINE ( 'NONE', #183, #1447 ) ;
#1392 = VERTEX_POINT ( 'NONE', #175 ) ;
#1393 = VERTEX_POINT ( 'NONE', #1528 ) ;
#1394 = ORIENTED_EDGE ( 'NONE', *, *, #679, .F. ) ;
#1395 = PLANE ( 'NONE',  #1026 ) ;
#1396 = DIRECTION ( 'NONE',  ( 0.000000000000000000, 0.000000000000000000, 1.000000000000000000 ) ) ;
#1397 = EDGE_CURVE ( 'NONE', #73, #678, #1240, .T. ) ;
#1398 = DIRECTION ( 'NONE',  ( 0.000000000000000000, -0.000000000000000000, -1.000000000000000000 ) ) ;
#1399 = DIRECTION ( 'NONE',  ( 0.000000000000000000, 0.000000000000000000, 1.000000000000000000 ) ) ;
#1400 = ORIENTED_EDGE ( 'NONE', *, *, #679, .T. ) ;
#1401 = DIRECTION ( 'NONE',  ( -1.000000000000000000, 0.000000000000000000, 0.000000000000000000 ) ) ;
#1402 = EDGE_LOOP ( 'NONE', ( #955, #1067, #333, #999 ) ) ;
#1403 = CARTESIAN_POINT ( 'NONE',  ( 14.20000000000000639, 5.000000000000000000, -7.500000000000000888 ) ) ;
#1404 = ADVANCED_FACE ( 'NONE', ( #1119 ), #331, .F. ) ;
#1405 = DIRECTION ( 'NONE',  ( -0.000000000000000000, -0.000000000000000000, -1.000000000000000000 ) ) ;
#1406 = LINE ( 'NONE', #1299, #1480 ) ;
#1407 = CARTESIAN_POINT ( 'NONE',  ( -9.465466314380961421, 36.73346449779660361, -47.00000000000000000 ) ) ;
#1408 = VERTEX_POINT ( 'NONE', #1388 ) ;
#1409 = CARTESIAN_POINT ( 'NONE',  ( 23.25229982338321832, 8.169734192082643176, -47.00000000000000000 ) ) ;
#1410 = VERTEX_POINT ( 'NONE', #995 ) ;
#1411 = DIRECTION ( 'NONE',  ( -0.000000000000000000, -0.000000000000000000, -1.000000000000000000 ) ) ;
#1412 = CIRCLE ( 'NONE', #1103, 1.599999999999999867 ) ;
#1413 = DIRECTION ( 'NONE',  ( 5.507058653894625853E-17, 1.051347561198064958E-16, 1.000000000000000000 ) ) ;
#1414 = VECTOR ( 'NONE', #1231, 1000.000000000000000 ) ;
#1415 = VECTOR ( 'NONE', #774, 1000.000000000000000 ) ;
#1416 = LINE ( 'NONE', #1034, #1479 ) ;
#1417 = ORIENTED_EDGE ( 'NONE', *, *, #1245, .T. ) ;
#1418 = DIRECTION ( 'NONE',  ( 1.000000000000000000, 0.000000000000000000, 0.000000000000000000 ) ) ;
#1419 = EDGE_CURVE ( 'NONE', #1664, #429, #1670, .T. ) ;
#1420 = VECTOR ( 'NONE', #757, 1000.000000000000000 ) ;
#1421 = VERTEX_POINT ( 'NONE', #583 ) ;
#1422 = CARTESIAN_POINT ( 'NONE',  ( 23.25229982338321832, 8.169734192082643176, -50.20000000000000284 ) ) ;
#1423 = ORIENTED_EDGE ( 'NONE', *, *, #1313, .F. ) ;
#1424 = CARTESIAN_POINT ( 'NONE',  ( 27.25229982338322188, 8.169734192082643176, -37.00000000000000711 ) ) ;
#1425 = DIRECTION ( 'NONE',  ( 0.000000000000000000, 1.000000000000000000, 0.000000000000000000 ) ) ;
#1426 = DIRECTION ( 'NONE',  ( 1.000000000000000000, 0.000000000000000000, 0.000000000000000000 ) ) ;
#1427 = CARTESIAN_POINT ( 'NONE',  ( 0.000000000000000000, 5.000000000000000000, -7.500000000000000000 ) ) ;
#1428 = EDGE_CURVE ( 'NONE', #716, #731, #182, .T. ) ;
#1429 = ORIENTED_EDGE ( 'NONE', *, *, #1089, .T. ) ;
#1430 = DIRECTION ( 'NONE',  ( 0.000000000000000000, 0.000000000000000000, -1.000000000000000000 ) ) ;
#1431 = EDGE_LOOP ( 'NONE', ( #1658, #870 ) ) ;
#1432 = CARTESIAN_POINT ( 'NONE',  ( -20.29999999999999005, 36.50000000000000000, -47.00000000000000000 ) ) ;
#1433 = CARTESIAN_POINT ( 'NONE',  ( 10.10000000000000497, 5.000000000000000000, -16.00000000000000000 ) ) ;
#1434 = DIRECTION ( 'NONE',  ( -1.000000000000000000, -0.000000000000000000, -0.000000000000000000 ) ) ;
#1435 = DIRECTION ( 'NONE',  ( 0.000000000000000000, 0.000000000000000000, 1.000000000000000000 ) ) ;
#1436 = ORIENTED_EDGE ( 'NONE', *, *, #394, .T. ) ;
#1437 = EDGE_CURVE ( 'NONE', #1408, #245, #1247, .T. ) ;
#1438 = CARTESIAN_POINT ( 'NONE',  ( 18.30000000000000426, 0.000000000000000000, -16.00000000000000000 ) ) ;
#1439 = EDGE_CURVE ( 'NONE', #1025, #1243, #344, .T. ) ;
#1440 = VERTEX_POINT ( 'NONE', #202 ) ;
#1441 = LINE ( 'NONE', #883, #1164 ) ;
#1442 = CARTESIAN_POINT ( 'NONE',  ( 23.25229982338321832, 19.11027463955969807, -50.20000000000000284 ) ) ;
#1443 = VECTOR ( 'NONE', #1065, 1000.000000000000000 ) ;
#1444 = CARTESIAN_POINT ( 'NONE',  ( -20.29999999999999005, 36.50000000000000000, -47.00000000000000000 ) ) ;
#1445 = VECTOR ( 'NONE', #1461, 1000.000000000000000 ) ;
#1446 = CARTESIAN_POINT ( 'NONE',  ( 17.30000000000000782, 16.00000000000000000, 16.00000000000000000 ) ) ;
#1447 = VECTOR ( 'NONE', #714, 1000.000000000000000 ) ;
#1448 = AXIS2_PLACEMENT_3D ( 'NONE', #211, #1264, #323 ) ;
#1449 = ORIENTED_EDGE ( 'NONE', *, *, #1611, .T. ) ;
#1450 = LINE ( 'NONE', #532, #1614 ) ;
#1451 = ORIENTED_EDGE ( 'NONE', *, *, #1624, .T. ) ;
#1452 = DIRECTION ( 'NONE',  ( -1.000000000000000000, 0.000000000000000000, 0.000000000000000000 ) ) ;
#1453 = ORIENTED_EDGE ( 'NONE', *, *, #165, .T. ) ;
#1454 = ADVANCED_FACE ( 'NONE', ( #1099 ), #71, .F. ) ;
#1455 = CARTESIAN_POINT ( 'NONE',  ( 27.25229982338322188, 8.169734192082643176, -37.00000000000000711 ) ) ;
#1456 = CARTESIAN_POINT ( 'NONE',  ( 4.100000000000005862, 5.000000000000000888, 16.00000000000000000 ) ) ;
#1457 = LINE ( 'NONE', #1043, #365 ) ;
#1458 = EDGE_LOOP ( 'NONE', ( #948, #19, #890, #836 ) ) ;
#1459 = FACE_OUTER_BOUND ( 'NONE', #1382, .T. ) ;
#1460 = ORIENTED_EDGE ( 'NONE', *, *, #155, .T. ) ;
#1461 = DIRECTION ( 'NONE',  ( -0.000000000000000000, -1.000000000000000000, -0.000000000000000000 ) ) ;
#1462 = ORIENTED_EDGE ( 'NONE', *, *, #1464, .F. ) ;
#1463 = FACE_BOUND ( 'NONE', #547, .T. ) ;
#1464 = EDGE_CURVE ( 'NONE', #755, #1230, #1086, .T. ) ;
#1465 = DIRECTION ( 'NONE',  ( -0.000000000000000000, -0.000000000000000000, -1.000000000000000000 ) ) ;
#1466 = DIRECTION ( 'NONE',  ( 0.000000000000000000, 0.000000000000000000, 1.000000000000000000 ) ) ;
#1467 = MANIFOLD_SOLID_BREP ( '\X2\52079664\X0\-\X2\62c94f38\X0\3', #533 ) ;
#1468 = ORIENTED_EDGE ( 'NONE', *, *, #1512, .T. ) ;
#1469 = ORIENTED_EDGE ( 'NONE', *, *, #1020, .T. ) ;
#1470 = FACE_OUTER_BOUND ( 'NONE', #984, .T. ) ;
#1471 = ORIENTED_EDGE ( 'NONE', *, *, #280, .T. ) ;
#1472 = CARTESIAN_POINT ( 'NONE',  ( 27.25229982338322188, 8.169734192082643176, -50.20000000000000284 ) ) ;
#1473 = CARTESIAN_POINT ( 'NONE',  ( 31.10030377641764332, 33.32381986519938977, -37.00000000000000711 ) ) ;
#1474 = CARTESIAN_POINT ( 'NONE',  ( 10.10000000000000142, 0.000000000000000000, -47.00000000000000000 ) ) ;
#1475 = VECTOR ( 'NONE', #1303, 1000.000000000000000 ) ;
#1476 = ADVANCED_FACE ( 'NONE', ( #489 ), #77, .T. ) ;
#1477 = ORIENTED_EDGE ( 'NONE', *, *, #768, .T. ) ;
#1478 = AXIS2_PLACEMENT_3D ( 'NONE', #1403, #235, #1550 ) ;
#1479 = VECTOR ( 'NONE', #1154, 1000.000000000000000 ) ;
#1480 = VECTOR ( 'NONE', #645, 1000.000000000000000 ) ;
#1481 = CARTESIAN_POINT ( 'NONE',  ( 39.60000000000000142, 45.00000000000000000, -50.20000000000000284 ) ) ;
#1482 = ORIENTED_EDGE ( 'NONE', *, *, #1288, .F. ) ;
#1483 = FACE_BOUND ( 'NONE', #1076, .T. ) ;
#1484 = LINE ( 'NONE', #425, #563 ) ;
#1485 = ORIENTED_EDGE ( 'NONE', *, *, #624, .T. ) ;
#1486 = EDGE_CURVE ( 'NONE', #1340, #604, #1162, .T. ) ;
#1487 = VERTEX_POINT ( 'NONE', #1564 ) ;
#1488 = CARTESIAN_POINT ( 'NONE',  ( -20.29999999999999005, 36.50000000000000000, -37.00000000000000711 ) ) ;
#1489 = DIRECTION ( 'NONE',  ( 1.000000000000000000, 0.000000000000000000, 0.000000000000000000 ) ) ;
#1490 = DIRECTION ( 'NONE',  ( -1.000000000000000000, 0.000000000000000000, 0.000000000000000000 ) ) ;
#1491 = DIRECTION ( 'NONE',  ( -1.000000000000000000, 0.000000000000000000, 0.000000000000000000 ) ) ;
#1492 = EDGE_LOOP ( 'NONE', ( #1130, #477, #236, #788 ) ) ;
#1493 = ORIENTED_EDGE ( 'NONE', *, *, #1685, .T. ) ;
#1494 = EDGE_CURVE ( 'NONE', #1440, #1319, #1272, .T. ) ;
#1495 = DIRECTION ( 'NONE',  ( -0.000000000000000000, -1.000000000000000000, -0.000000000000000000 ) ) ;
#1496 = ADVANCED_FACE ( 'NONE', ( #895 ), #1051, .F. ) ;
#1497 = CARTESIAN_POINT ( 'NONE',  ( 14.20000000000000639, 0.000000000000000000, -5.900000000000000355 ) ) ;
#1498 = CARTESIAN_POINT ( 'NONE',  ( 4.100000000000002309, 24.99999999999999645, -17.00000000000000000 ) ) ;
#1499 = EDGE_LOOP ( 'NONE', ( #1683, #1417, #1515, #900 ) ) ;
#1500 = CIRCLE ( 'NONE', #1693, 2.099999999999997868 ) ;
#1501 = VECTOR ( 'NONE', #1151, 1000.000000000000000 ) ;
#1502 = VERTEX_POINT ( 'NONE', #1442 ) ;
#1503 = AXIS2_PLACEMENT_3D ( 'NONE', #651, #1094, #1628 ) ;
#1504 = DIRECTION ( 'NONE',  ( 0.000000000000000000, 0.000000000000000000, 1.000000000000000000 ) ) ;
#1505 = VECTOR ( 'NONE', #713, 1000.000000000000000 ) ;
#1506 = EDGE_CURVE ( 'NONE', #682, #138, #1406, .T. ) ;
#1507 = CARTESIAN_POINT ( 'NONE',  ( 27.25229982338322188, 8.169734192082643176, -50.20000000000000284 ) ) ;
#1508 = ORIENTED_EDGE ( 'NONE', *, *, #197, .T. ) ;
#1509 = ORIENTED_EDGE ( 'NONE', *, *, #22, .T. ) ;
#1510 = CARTESIAN_POINT ( 'NONE',  ( 27.10030377641757937, 25.64106407528073106, -47.00000000000000000 ) ) ;
#1511 = CARTESIAN_POINT ( 'NONE',  ( 23.25229982338321832, 8.169734192082643176, -37.00000000000000711 ) ) ;
#1512 = EDGE_CURVE ( 'NONE', #118, #1251, #1145, .T. ) ;
#1513 = CARTESIAN_POINT ( 'NONE',  ( 34.60000000000000853, 36.50000000000000000, -47.00000000000000000 ) ) ;
#1514 = ORIENTED_EDGE ( 'NONE', *, *, #391, .F. ) ;
#1515 = ORIENTED_EDGE ( 'NONE', *, *, #1079, .T. ) ;
#1516 = EDGE_LOOP ( 'NONE', ( #543, #1462 ) ) ;
#1517 = LINE ( 'NONE', #1238, #1414 ) ;
#1518 = LINE ( 'NONE', #181, #1532 ) ;
#1519 = PLANE ( 'NONE',  #1390 ) ;
#1520 = LINE ( 'NONE', #345, #1248 ) ;
#1521 = ORIENTED_EDGE ( 'NONE', *, *, #784, .T. ) ;
#1522 = EDGE_LOOP ( 'NONE', ( #612, #1330, #864, #1112 ) ) ;
#1523 = ADVANCED_FACE ( 'NONE', ( #619, #785, #627 ), #1173, .F. ) ;
#1524 = EDGE_LOOP ( 'NONE', ( #1380, #455 ) ) ;
#1525 = VECTOR ( 'NONE', #1405, 1000.000000000000000 ) ;
#1526 = LINE ( 'NONE', #591, #504 ) ;
#1527 = CIRCLE ( 'NONE', #35, 1.599999999999999867 ) ;
#1528 = CARTESIAN_POINT ( 'NONE',  ( 1.959434878635764984E-16, 0.000000000000000000, -5.899999999999998579 ) ) ;
#1529 = AXIS2_PLACEMENT_3D ( 'NONE', #1291, #498, #379 ) ;
#1530 = CARTESIAN_POINT ( 'NONE',  ( 36.70000000000000284, 36.50000000000000000, -47.00000000000000000 ) ) ;
#1531 = ORIENTED_EDGE ( 'NONE', *, *, #70, .T. ) ;
#1532 = VECTOR ( 'NONE', #1117, 1000.000000000000000 ) ;
#1533 = ORIENTED_EDGE ( 'NONE', *, *, #1545, .F. ) ;
#1534 = EDGE_LOOP ( 'NONE', ( #1477, #1062 ) ) ;
#1535 = EDGE_CURVE ( 'NONE', #1502, #245, #387, .T. ) ;
#1536 = DIRECTION ( 'NONE',  ( 7.709882115452476934E-17, 1.000000000000000000, 0.000000000000000000 ) ) ;
#1537 = PLANE ( 'NONE',  #1665 ) ;
#1538 = DIRECTION ( 'NONE',  ( 0.000000000000000000, -1.000000000000000000, 0.000000000000000000 ) ) ;
#1539 = PLANE ( 'NONE',  #257 ) ;
#1540 = ORIENTED_EDGE ( 'NONE', *, *, #1296, .T. ) ;
#1541 = LINE ( 'NONE', #1567, #5 ) ;
#1542 = VERTEX_POINT ( 'NONE', #904 ) ;
#1543 = CARTESIAN_POINT ( 'NONE',  ( -20.29999999999999005, 5.000000000000000000, -37.00000000000000711 ) ) ;
#1544 = CARTESIAN_POINT ( 'NONE',  ( 36.70000000000000284, 36.50000000000000000, -37.00000000000000711 ) ) ;
#1545 = EDGE_CURVE ( 'NONE', #383, #1392, #1714, .T. ) ;
#1546 = DIRECTION ( 'NONE',  ( 0.000000000000000000, -0.000000000000000000, 1.000000000000000000 ) ) ;
#1547 = CARTESIAN_POINT ( 'NONE',  ( -13.46546631438096142, 0.000000000000000000, -47.00000000000000000 ) ) ;
#1548 = PLANE ( 'NONE',  #668 ) ;
#1549 = ORIENTED_EDGE ( 'NONE', *, *, #123, .T. ) ;
#1550 = DIRECTION ( 'NONE',  ( 0.000000000000000000, 0.000000000000000000, -1.000000000000000000 ) ) ;
#1551 = VECTOR ( 'NONE', #1032, 1000.000000000000000 ) ;
#1552 = FACE_OUTER_BOUND ( 'NONE', #1560, .T. ) ;
#1553 = CARTESIAN_POINT ( 'NONE',  ( -20.29999999999999005, 5.000000000000000000, -47.00000000000000000 ) ) ;
#1554 = VECTOR ( 'NONE', #1180, 1000.000000000000000 ) ;
#1555 = EDGE_CURVE ( 'NONE', #304, #483, #258, .T. ) ;
#1556 = VECTOR ( 'NONE', #1426, 1000.000000000000000 ) ;
#1557 = DIRECTION ( 'NONE',  ( -0.000000000000000000, -1.000000000000000000, -0.000000000000000000 ) ) ;
#1558 = DIRECTION ( 'NONE',  ( 0.000000000000000000, 0.000000000000000000, 1.000000000000000000 ) ) ;
#1559 = VECTOR ( 'NONE', #1348, 1000.000000000000000 ) ;
#1560 = EDGE_LOOP ( 'NONE', ( #522, #502, #347, #861 ) ) ;
#1561 = DIRECTION ( 'NONE',  ( 1.000000000000000000, 0.000000000000000000, 0.000000000000000000 ) ) ;
#1562 = ORIENTED_EDGE ( 'NONE', *, *, #1535, .F. ) ;
#1563 = LINE ( 'NONE', #351, #1525 ) ;
#1564 = CARTESIAN_POINT ( 'NONE',  ( 31.10030377641764332, 33.32381986519938977, -50.20000000000000284 ) ) ;
#1565 = LINE ( 'NONE', #1163, #588 ) ;
#1566 = ADVANCED_FACE ( 'NONE', ( #1283 ), #527, .F. ) ;
#1567 = CARTESIAN_POINT ( 'NONE',  ( 14.20000000000000639, 5.000000000000000000, -9.099999999999999645 ) ) ;
#1568 = ADVANCED_FACE ( 'NONE', ( #654 ), #370, .F. ) ;
#1569 = ORIENTED_EDGE ( 'NONE', *, *, #865, .T. ) ;
#1570 = CARTESIAN_POINT ( 'NONE',  ( -4.099999999999999645, 5.000000000000000000, 16.00000000000000000 ) ) ;
#1571 = VERTEX_POINT ( 'NONE', #1181 ) ;
#1572 = LINE ( 'NONE', #1544, #945 ) ;
#1573 = DIRECTION ( 'NONE',  ( -9.637352644315596475E-17, 0.000000000000000000, -1.000000000000000000 ) ) ;
#1574 = DIRECTION ( 'NONE',  ( -0.000000000000000000, -0.000000000000000000, -1.000000000000000000 ) ) ;
#1575 = CARTESIAN_POINT ( 'NONE',  ( -17.18889448696635114, 5.508790402892081772, -37.00000000000000711 ) ) ;
#1576 = EDGE_CURVE ( 'NONE', #25, #11, #218, .T. ) ;
#1577 = ORIENTED_EDGE ( 'NONE', *, *, #1106, .T. ) ;
#1578 = EDGE_CURVE ( 'NONE', #1393, #3, #1225, .T. ) ;
#1579 = LINE ( 'NONE', #1228, #195 ) ;
#1580 = ORIENTED_EDGE ( 'NONE', *, *, #1512, .F. ) ;
#1581 = DIRECTION ( 'NONE',  ( 0.000000000000000000, 0.000000000000000000, 1.000000000000000000 ) ) ;
#1582 = ORIENTED_EDGE ( 'NONE', *, *, #1709, .T. ) ;
#1583 = DIRECTION ( 'NONE',  ( 1.000000000000000000, 0.000000000000000000, 0.000000000000000000 ) ) ;
#1584 = DIRECTION ( 'NONE',  ( -1.000000000000000000, 0.000000000000000000, 0.000000000000000000 ) ) ;
#1585 = CIRCLE ( 'NONE', #224, 1.599999999999999867 ) ;
#1586 = CYLINDRICAL_SURFACE ( 'NONE', #194, 1.600000000000000755 ) ;
#1587 = AXIS2_PLACEMENT_3D ( 'NONE', #848, #1378, #191 ) ;
#1588 = AXIS2_PLACEMENT_3D ( 'NONE', #122, #1573, #912 ) ;
#1589 = ORIENTED_EDGE ( 'NONE', *, *, #1118, .T. ) ;
#1590 = PRODUCT ( 'cd2', 'cd2', '', ( #459 ) ) ;
#1591 = DIRECTION ( 'NONE',  ( 0.000000000000000000, 0.000000000000000000, -1.000000000000000000 ) ) ;
#1592 = ADVANCED_FACE ( 'NONE', ( #940 ), #1215, .F. ) ;
#1593 = ORIENTED_EDGE ( 'NONE', *, *, #1310, .F. ) ;
#1594 = LINE ( 'NONE', #993, #168 ) ;
#1595 = FACE_BOUND ( 'NONE', #1524, .T. ) ;
#1596 = DIRECTION ( 'NONE',  ( -0.000000000000000000, -1.000000000000000000, -0.000000000000000000 ) ) ;
#1597 = CARTESIAN_POINT ( 'NONE',  ( 0.000000000000000000, 0.000000000000000000, 7.500000000000000000 ) ) ;
#1598 = ORIENTED_EDGE ( 'NONE', *, *, #1185, .T. ) ;
#1599 = ORIENTED_EDGE ( 'NONE', *, *, #1150, .F. ) ;
#1600 = CYLINDRICAL_SURFACE ( 'NONE', #1337, 2.100000000000000977 ) ;
#1601 = ORIENTED_EDGE ( 'NONE', *, *, #956, .F. ) ;
#1602 = LINE ( 'NONE', #284, #10 ) ;
#1603 = EDGE_CURVE ( 'NONE', #245, #978, #1342, .T. ) ;
#1604 = DIRECTION ( 'NONE',  ( -1.734723475976807587E-16, 0.000000000000000000, -1.000000000000000000 ) ) ;
#1605 = DIRECTION ( 'NONE',  ( -0.000000000000000000, -1.000000000000000000, -0.000000000000000000 ) ) ;
#1606 = VERTEX_POINT ( 'NONE', #673 ) ;
#1607 = FACE_OUTER_BOUND ( 'NONE', #545, .T. ) ;
#1608 = ORIENTED_EDGE ( 'NONE', *, *, #374, .F. ) ;
#1609 = DIRECTION ( 'NONE',  ( -0.000000000000000000, -0.000000000000000000, -1.000000000000000000 ) ) ;
#1610 = AXIS2_PLACEMENT_3D ( 'NONE', #386, #228, #875 ) ;
#1611 = EDGE_CURVE ( 'NONE', #304, #513, #1602, .T. ) ;
#1612 = CIRCLE ( 'NONE', #336, 2.100000000000000977 ) ;
#1613 = ORIENTED_EDGE ( 'NONE', *, *, #822, .F. ) ;
#1614 = VECTOR ( 'NONE', #392, 1000.000000000000000 ) ;
#1615 = VECTOR ( 'NONE', #297, 1000.000000000000000 ) ;
#1616 = CIRCLE ( 'NONE', #834, 1.922469011379095205 ) ;
#1617 = CARTESIAN_POINT ( 'NONE',  ( 0.000000000000000000, 0.000000000000000000, 0.000000000000000000 ) ) ;
#1618 = ORIENTED_EDGE ( 'NONE', *, *, #564, .T. ) ;
#1619 = DIRECTION ( 'NONE',  ( -1.000000000000000000, 0.000000000000000000, 0.000000000000000000 ) ) ;
#1620 = DIRECTION ( 'NONE',  ( -0.000000000000000000, 1.000000000000000000, 0.000000000000000000 ) ) ;
#1621 = EDGE_CURVE ( 'NONE', #138, #1251, #932, .T. ) ;
#1622 = DIRECTION ( 'NONE',  ( -1.000000000000000000, 0.000000000000000000, 0.000000000000000000 ) ) ;
#1623 = ORIENTED_EDGE ( 'NONE', *, *, #1183, .T. ) ;
#1624 = EDGE_CURVE ( 'NONE', #650, #1276, #1626, .T. ) ;
#1625 = FACE_OUTER_BOUND ( 'NONE', #1326, .T. ) ;
#1626 = LINE ( 'NONE', #152, #1559 ) ;
#1627 = CARTESIAN_POINT ( 'NONE',  ( -4.099999999999999645, 0.000000000000000000, -16.00000000000000000 ) ) ;
#1628 = DIRECTION ( 'NONE',  ( 0.000000000000000000, 0.000000000000000000, -1.000000000000000000 ) ) ;
#1629 = ORIENTED_EDGE ( 'NONE', *, *, #1257, .F. ) ;
#1630 = ORIENTED_EDGE ( 'NONE', *, *, #841, .T. ) ;
#1631 = EDGE_CURVE ( 'NONE', #983, #429, #62, .T. ) ;
#1632 = FACE_OUTER_BOUND ( 'NONE', #82, .T. ) ;
#1633 = FACE_OUTER_BOUND ( 'NONE', #414, .T. ) ;
#1634 = FILL_AREA_STYLE ('',( #481 ) ) ;
#1635 = CARTESIAN_POINT ( 'NONE',  ( -22.39999999999999147, 36.50000000000000000, -50.20000000000000284 ) ) ;
#1636 = ORIENTED_EDGE ( 'NONE', *, *, #101, .F. ) ;
#1637 = VECTOR ( 'NONE', #800, 1000.000000000000000 ) ;
#1638 = ORIENTED_EDGE ( 'NONE', *, *, #1631, .F. ) ;
#1639 = AXIS2_PLACEMENT_3D ( 'NONE', #439, #119, #1308 ) ;
#1640 = LINE ( 'NONE', #442, #751 ) ;
#1641 = ADVANCED_FACE ( 'NONE', ( #277, #1483, #924, #1203, #683, #811, #1331, #1210, #23 ), #793, .T. ) ;
#1642 = AXIS2_PLACEMENT_3D ( 'NONE', #469, #1007, #1135 ) ;
#1643 = CARTESIAN_POINT ( 'NONE',  ( -9.465466314380961421, 26.93469713437031743, -37.00000000000000711 ) ) ;
#1644 = DIRECTION ( 'NONE',  ( -1.000000000000000000, 0.000000000000000000, 0.000000000000000000 ) ) ;
#1645 = EDGE_LOOP ( 'NONE', ( #685, #385 ) ) ;
#1646 = ORIENTED_EDGE ( 'NONE', *, *, #61, .T. ) ;
#1647 = ORIENTED_EDGE ( 'NONE', *, *, #1650, .F. ) ;
#1648 = CARTESIAN_POINT ( 'NONE',  ( 0.000000000000000000, 5.000000000000000000, -7.500000000000000000 ) ) ;
#1649 =( LENGTH_UNIT ( ) NAMED_UNIT ( * ) SI_UNIT ( .MILLI., .METRE. ) );
#1650 = EDGE_CURVE ( 'NONE', #420, #978, #554, .T. ) ;
#1651 = LINE ( 'NONE', #462, #1137 ) ;
#1652 = ORIENTED_EDGE ( 'NONE', *, *, #770, .F. ) ;
#1653 = ORIENTED_EDGE ( 'NONE', *, *, #519, .F. ) ;
#1654 = ORIENTED_EDGE ( 'NONE', *, *, #280, .F. ) ;
#1655 = CARTESIAN_POINT ( 'NONE',  ( -4.099999999999999645, 5.000000000000000000, 16.00000000000000000 ) ) ;
#1656 = ORIENTED_EDGE ( 'NONE', *, *, #1437, .F. ) ;
#1657 = CARTESIAN_POINT ( 'NONE',  ( 18.30000000000001137, 5.000000000000000000, 16.00000000000000000 ) ) ;
#1658 = ORIENTED_EDGE ( 'NONE', *, *, #417, .T. ) ;
#1659 = DIRECTION ( 'NONE',  ( 0.000000000000000000, 0.000000000000000000, -1.000000000000000000 ) ) ;
#1660 = CYLINDRICAL_SURFACE ( 'NONE', #699, 2.099999999999997868 ) ;
#1661 = ORIENTED_EDGE ( 'NONE', *, *, #475, .T. ) ;
#1662 = EDGE_CURVE ( 'NONE', #1230, #192, #1322, .T. ) ;
#1663 = PLANE ( 'NONE',  #748 ) ;
#1664 = VERTEX_POINT ( 'NONE', #423 ) ;
#1665 = AXIS2_PLACEMENT_3D ( 'NONE', #1424, #764, #103 ) ;
#1666 = AXIS2_PLACEMENT_3D ( 'NONE', #1543, #625, #487 ) ;
#1667 = LINE ( 'NONE', #1005, #946 ) ;
#1668 = AXIS2_PLACEMENT_3D ( 'NONE', #490, #896, #1584 ) ;
#1669 = LINE ( 'NONE', #1006, #334 ) ;
#1670 = LINE ( 'NONE', #577, #1339 ) ;
#1671 = VECTOR ( 'NONE', #1092, 1000.000000000000000 ) ;
#1672 = DIRECTION ( 'NONE',  ( -0.000000000000000000, 1.000000000000000000, 0.000000000000000000 ) ) ;
#1673 = ORIENTED_EDGE ( 'NONE', *, *, #816, .T. ) ;
#1674 = CARTESIAN_POINT ( 'NONE',  ( 1.959434878635765230E-16, 5.000000000000000000, 9.099999999999999645 ) ) ;
#1675 = EDGE_CURVE ( 'NONE', #1102, #747, #158, .T. ) ;
#1676 = VERTEX_POINT ( 'NONE', #949 ) ;
#1677 = ADVANCED_FACE ( 'NONE', ( #296 ), #560, .T. ) ;
#1678 = DIRECTION ( 'NONE',  ( 0.000000000000000000, -1.000000000000000000, -0.000000000000000000 ) ) ;
#1679 = FACE_OUTER_BOUND ( 'NONE', #1171, .T. ) ;
#1680 = DIRECTION ( 'NONE',  ( 0.000000000000000000, -0.000000000000000000, 1.000000000000000000 ) ) ;
#1681 = ORIENTED_EDGE ( 'NONE', *, *, #326, .F. ) ;
#1682 = ORIENTED_EDGE ( 'NONE', *, *, #633, .T. ) ;
#1683 = ORIENTED_EDGE ( 'NONE', *, *, #1174, .T. ) ;
#1684 = DIRECTION ( 'NONE',  ( 0.000000000000000000, 0.000000000000000000, 1.000000000000000000 ) ) ;
#1685 = EDGE_CURVE ( 'NONE', #1230, #755, #951, .T. ) ;
#1686 = DIRECTION ( 'NONE',  ( 1.000000000000000000, -0.000000000000000000, -1.734723475976807587E-16 ) ) ;
#1687 = DIRECTION ( 'NONE',  ( -0.000000000000000000, -1.000000000000000000, -0.000000000000000000 ) ) ;
#1688 = DIRECTION ( 'NONE',  ( -0.000000000000000000, -1.000000000000000000, -0.000000000000000000 ) ) ;
#1689 = ORIENTED_EDGE ( 'NONE', *, *, #1603, .F. ) ;
#1690 = LINE ( 'NONE', #91, #721 ) ;
#1691 = EDGE_LOOP ( 'NONE', ( #1618, #1531, #1394, #1514 ) ) ;
#1692 = CARTESIAN_POINT ( 'NONE',  ( 39.60000000000000142, 0.000000000000000000, -50.20000000000000284 ) ) ;
#1693 = AXIS2_PLACEMENT_3D ( 'NONE', #1278, #1261, #637 ) ;
#1694 = ADVANCED_FACE ( 'NONE', ( #301 ), #38, .F. ) ;
#1695 = CARTESIAN_POINT ( 'NONE',  ( -20.29999999999999005, 36.50000000000000000, -37.00000000000000711 ) ) ;
#1696 = CARTESIAN_POINT ( 'NONE',  ( 0.000000000000000000, 5.000000000000000000, 0.000000000000000000 ) ) ;
#1697 = AXIS2_PLACEMENT_3D ( 'NONE', #681, #947, #536 ) ;
#1698 = ADVANCED_FACE ( 'NONE', ( #268, #663, #1463, #1063, #1595, #854, #965, #60, #1633 ), #189, .F. ) ;
#1699 = VECTOR ( 'NONE', #1218, 1000.000000000000000 ) ;
#1700 = CARTESIAN_POINT ( 'NONE',  ( -4.099999999999999645, 5.000000000000000000, 16.00000000000000000 ) ) ;
#1701 = CYLINDRICAL_SURFACE ( 'NONE', #855, 1.599999999999999867 ) ;
#1702 = AXIS2_PLACEMENT_3D ( 'NONE', #819, #1084, #431 ) ;
#1703 = ORIENTED_EDGE ( 'NONE', *, *, #784, .F. ) ;
#1704 = CARTESIAN_POINT ( 'NONE',  ( 10.10000000000000497, 5.000000000000000888, 16.00000000000000000 ) ) ;
#1705 = ORIENTED_EDGE ( 'NONE', *, *, #1621, .F. ) ;
#1706 = CARTESIAN_POINT ( 'NONE',  ( -18.19999999999999218, 5.000000000000000000, -47.00000000000000000 ) ) ;
#1707 = CARTESIAN_POINT ( 'NONE',  ( 10.10000000000000497, 25.00000000000000000, 16.00000000000000000 ) ) ;
#1708 = CARTESIAN_POINT ( 'NONE',  ( 31.10030377641764332, 33.32381986519938977, -50.20000000000000284 ) ) ;
#1709 = EDGE_CURVE ( 'NONE', #1410, #759, #599, .T. ) ;
#1710 = EDGE_LOOP ( 'NONE', ( #1549, #806, #390, #852 ) ) ;
#1711 = DIRECTION ( 'NONE',  ( 0.000000000000000000, 0.000000000000000000, -1.000000000000000000 ) ) ;
#1712 = VERTEX_POINT ( 'NONE', #1657 ) ;
#1713 = PLANE ( 'NONE',  #1697 ) ;
#1714 = LINE ( 'NONE', #1433, #1001 ) ;
#1715 = CARTESIAN_POINT ( 'NONE',  ( -13.46546631438096142, 36.73346449779660361, -47.00000000000000000 ) ) ;
#1716 = FACE_OUTER_BOUND ( 'NONE', #1710, .T. ) ;
#1717 = EDGE_CURVE ( 'NONE', #451, #1410, #1518, .T. ) ;
#1718 = VERTEX_POINT ( 'NONE', #1239 ) ;
#1719 = CARTESIAN_POINT ( 'NONE',  ( -4.099999999999999645, 0.000000000000000000, 16.00000000000000000 ) ) ;
ENDSEC;
END-ISO-10303-21;
