ISO-10303-21;
HEADER;
FILE_DESCRIPTION (( 'STEP AP214' ),
    '1' );
FILE_NAME ('cd_.STEP',
    '2026-05-13T10:05:26',
    ( '' ),
    ( '' ),
    'SwSTEP 2.0',
    'SolidWorks 2025',
    '' );
FILE_SCHEMA (( 'AUTOMOTIVE_DESIGN' ));
ENDSEC;

DATA;
#1 = CARTESIAN_POINT ( 'NONE',  ( 18.30000000000000426, 5.000000000000000000, -16.00000000000000000 ) ) ;
#2 = CARTESIAN_POINT ( 'NONE',  ( 39.60000000000000142, 0.000000000000000000, -50.20000000000000284 ) ) ;
#3 = ORIENTED_EDGE ( 'NONE', *, *, #1305, .F. ) ;
#4 = VERTEX_POINT ( 'NONE', #205 ) ;
#5 = LINE ( 'NONE', #1536, #908 ) ;
#6 = CARTESIAN_POINT ( 'NONE',  ( 23.25229982338321832, 19.11027463955969807, -50.20000000000000284 ) ) ;
#7 = ORIENTED_EDGE ( 'NONE', *, *, #1388, .T. ) ;
#8 = EDGE_CURVE ( 'NONE', #546, #1351, #1432, .T. ) ;
#9 = LINE ( 'NONE', #811, #806 ) ;
#10 = DIRECTION ( 'NONE',  ( -0.000000000000000000, -0.000000000000000000, -1.000000000000000000 ) ) ;
#11 = EDGE_CURVE ( 'NONE', #451, #428, #964, .T. ) ;
#12 = ORIENTED_EDGE ( 'NONE', *, *, #1309, .F. ) ;
#13 = VERTEX_POINT ( 'NONE', #1475 ) ;
#14 = CARTESIAN_POINT ( 'NONE',  ( 14.20000000000000995, 5.000000000000000000, 9.099999999999997868 ) ) ;
#15 = CIRCLE ( 'NONE', #1436, 1.599999999999999867 ) ;
#16 = VECTOR ( 'NONE', #1242, 1000.000000000000000 ) ;
#17 = DIRECTION ( 'NONE',  ( 1.000000000000000000, 0.000000000000000000, 0.000000000000000000 ) ) ;
#18 = VERTEX_POINT ( 'NONE', #1098 ) ;
#19 = AXIS2_PLACEMENT_3D ( 'NONE', #913, #136, #1548 ) ;
#20 = CARTESIAN_POINT ( 'NONE',  ( -17.18889448696635114, 16.35245841428108804, -50.20000000000000284 ) ) ;
#21 = DIRECTION ( 'NONE',  ( 0.000000000000000000, 0.000000000000000000, -1.000000000000000000 ) ) ;
#22 = ORIENTED_EDGE ( 'NONE', *, *, #1184, .T. ) ;
#23 = EDGE_CURVE ( 'NONE', #616, #402, #716, .T. ) ;
#24 = VERTEX_POINT ( 'NONE', #971 ) ;
#25 = LINE ( 'NONE', #34, #353 ) ;
#26 = DIRECTION ( 'NONE',  ( 0.000000000000000000, 0.000000000000000000, 1.000000000000000000 ) ) ;
#27 = ORIENTED_EDGE ( 'NONE', *, *, #719, .F. ) ;
#28 = CARTESIAN_POINT ( 'NONE',  ( -17.18889448696635114, 5.508790402892081772, -47.00000000000000000 ) ) ;
#29 = CARTESIAN_POINT ( 'NONE',  ( 4.100000000000005862, 25.00000000000000000, 16.00000000000000000 ) ) ;
#30 = CIRCLE ( 'NONE', #1449, 1.922469011379095205 ) ;
#31 = VERTEX_POINT ( 'NONE', #860 ) ;
#32 = EDGE_CURVE ( 'NONE', #406, #1448, #1084, .T. ) ;
#33 = ORIENTED_EDGE ( 'NONE', *, *, #1645, .T. ) ;
#34 = CARTESIAN_POINT ( 'NONE',  ( 1.959434878635765230E-16, 5.000000000000000000, 9.099999999999999645 ) ) ;
#35 = CARTESIAN_POINT ( 'NONE',  ( 27.10030377641757937, 0.000000000000000000, -47.00000000000000000 ) ) ;
#36 = APPLICATION_CONTEXT ( 'automotive_design' ) ;
#37 = DIRECTION ( 'NONE',  ( 1.000000000000000000, 0.000000000000000000, -0.000000000000000000 ) ) ;
#38 = FACE_OUTER_BOUND ( 'NONE', #1505, .T. ) ;
#39 = ORIENTED_EDGE ( 'NONE', *, *, #1175, .F. ) ;
#40 = ORIENTED_EDGE ( 'NONE', *, *, #1368, .T. ) ;
#41 = VERTEX_POINT ( 'NONE', #735 ) ;
#42 = CARTESIAN_POINT ( 'NONE',  ( 31.10030377641764332, 25.64106407528073106, -37.00000000000000711 ) ) ;
#43 = CIRCLE ( 'NONE', #748, 1.599999999999999867 ) ;
#44 = EDGE_CURVE ( 'NONE', #281, #1004, #1480, .T. ) ;
#45 = VECTOR ( 'NONE', #818, 1000.000000000000000 ) ;
#46 = CARTESIAN_POINT ( 'NONE',  ( 39.60000000000000142, 45.00000000000000000, -50.20000000000000284 ) ) ;
#47 = FACE_OUTER_BOUND ( 'NONE', #1194, .T. ) ;
#48 = VECTOR ( 'NONE', #972, 1000.000000000000000 ) ;
#49 = EDGE_LOOP ( 'NONE', ( #974, #586, #1601, #982, #55, #762, #710, #720 ) ) ;
#50 = ORIENTED_EDGE ( 'NONE', *, *, #1079, .T. ) ;
#51 = CARTESIAN_POINT ( 'NONE',  ( 27.10030377641757937, 25.64106407528073106, -50.20000000000000284 ) ) ;
#52 = EDGE_CURVE ( 'NONE', #387, #18, #263, .T. ) ;
#53 = CARTESIAN_POINT ( 'NONE',  ( 27.25229982338322188, 8.169734192082643176, -37.00000000000000711 ) ) ;
#54 = LINE ( 'NONE', #1598, #1049 ) ;
#55 = ORIENTED_EDGE ( 'NONE', *, *, #287, .F. ) ;
#56 = VERTEX_POINT ( 'NONE', #342 ) ;
#57 = VERTEX_POINT ( 'NONE', #1080 ) ;
#58 = DIRECTION ( 'NONE',  ( 0.000000000000000000, 0.000000000000000000, -1.000000000000000000 ) ) ;
#59 = DIRECTION ( 'NONE',  ( -0.000000000000000000, -1.000000000000000000, -0.000000000000000000 ) ) ;
#60 = EDGE_CURVE ( 'NONE', #128, #1608, #574, .T. ) ;
#61 = UNCERTAINTY_MEASURE_WITH_UNIT (LENGTH_MEASURE( 1.000000000000000082E-05 ), #105, 'distance_accuracy_value', 'NONE');
#62 = DIRECTION ( 'NONE',  ( 1.000000000000000000, 0.000000000000000000, 0.000000000000000000 ) ) ;
#63 = PLANE ( 'NONE',  #960 ) ;
#64 = ORIENTED_EDGE ( 'NONE', *, *, #266, .T. ) ;
#65 = EDGE_CURVE ( 'NONE', #330, #359, #189, .T. ) ;
#66 = EDGE_LOOP ( 'NONE', ( #1192, #1520, #1611, #396 ) ) ;
#67 = VECTOR ( 'NONE', #213, 1000.000000000000000 ) ;
#68 = LINE ( 'NONE', #1060, #1490 ) ;
#69 = CARTESIAN_POINT ( 'NONE',  ( -17.18889448696635114, 5.508790402892081772, -50.20000000000000284 ) ) ;
#70 = CYLINDRICAL_SURFACE ( 'NONE', #579, 1.599999999999999867 ) ;
#71 = AXIS2_PLACEMENT_3D ( 'NONE', #288, #685, #1402 ) ;
#72 = DIRECTION ( 'NONE',  ( -1.000000000000000000, 0.000000000000000000, 0.000000000000000000 ) ) ;
#73 = DIRECTION ( 'NONE',  ( -0.000000000000000000, -1.000000000000000000, -0.000000000000000000 ) ) ;
#74 = AXIS2_PLACEMENT_3D ( 'NONE', #1426, #1313, #391 ) ;
#75 = VERTEX_POINT ( 'NONE', #1589 ) ;
#76 = CIRCLE ( 'NONE', #724, 1.922469011379095205 ) ;
#77 = ADVANCED_FACE ( 'NONE', ( #1581 ), #1355, .F. ) ;
#78 = ORIENTED_EDGE ( 'NONE', *, *, #705, .T. ) ;
#79 = CARTESIAN_POINT ( 'NONE',  ( 18.30000000000000426, 5.000000000000000000, -16.00000000000000000 ) ) ;
#80 = ORIENTED_EDGE ( 'NONE', *, *, #1186, .F. ) ;
#81 = CARTESIAN_POINT ( 'NONE',  ( 4.099999999999999645, 25.00000000000000000, -47.00000000000000000 ) ) ;
#82 = LINE ( 'NONE', #325, #111 ) ;
#83 = DIRECTION ( 'NONE',  ( -1.000000000000000000, 0.000000000000000000, 0.000000000000000000 ) ) ;
#84 = DIRECTION ( 'NONE',  ( -0.000000000000000000, -1.000000000000000000, -0.000000000000000000 ) ) ;
#85 = ORIENTED_EDGE ( 'NONE', *, *, #204, .F. ) ;
#86 = ORIENTED_EDGE ( 'NONE', *, *, #1359, .F. ) ;
#87 = CIRCLE ( 'NONE', #1629, 2.100000000000000977 ) ;
#88 = EDGE_CURVE ( 'NONE', #1428, #367, #954, .T. ) ;
#89 = CARTESIAN_POINT ( 'NONE',  ( 10.10000000000000142, 0.000000000000000000, -47.00000000000000000 ) ) ;
#90 = LINE ( 'NONE', #994, #648 ) ;
#91 = CARTESIAN_POINT ( 'NONE',  ( 18.30000000000000426, 0.000000000000000000, -16.00000000000000000 ) ) ;
#92 = CARTESIAN_POINT ( 'NONE',  ( 34.60000000000000853, 5.000000000000000000, -37.00000000000000711 ) ) ;
#93 = FACE_OUTER_BOUND ( 'NONE', #102, .T. ) ;
#94 = ORIENTED_EDGE ( 'NONE', *, *, #1134, .T. ) ;
#95 = FACE_BOUND ( 'NONE', #1584, .T. ) ;
#96 = EDGE_CURVE ( 'NONE', #269, #402, #1243, .T. ) ;
#97 = CARTESIAN_POINT ( 'NONE',  ( 0.000000000000000000, 5.000000000000000000, 7.500000000000000000 ) ) ;
#98 = DIRECTION ( 'NONE',  ( -0.000000000000000000, -0.000000000000000000, 1.000000000000000000 ) ) ;
#99 = LINE ( 'NONE', #499, #1592 ) ;
#100 = ORIENTED_EDGE ( 'NONE', *, *, #1470, .F. ) ;
#101 = AXIS2_PLACEMENT_3D ( 'NONE', #556, #1027, #686 ) ;
#102 = EDGE_LOOP ( 'NONE', ( #738, #863, #253, #317 ) ) ;
#103 = CIRCLE ( 'NONE', #19, 2.100000000000000977 ) ;
#104 = CARTESIAN_POINT ( 'NONE',  ( 31.10030377641764332, 25.64106407528073106, -50.20000000000000284 ) ) ;
#105 =( LENGTH_UNIT ( ) NAMED_UNIT ( * ) SI_UNIT ( .MILLI., .METRE. ) );
#106 = EDGE_CURVE ( 'NONE', #1048, #128, #351, .T. ) ;
#107 = DIRECTION ( 'NONE',  ( 0.000000000000000000, 0.000000000000000000, 1.000000000000000000 ) ) ;
#108 = CARTESIAN_POINT ( 'NONE',  ( 10.10000000000000142, 25.00000000000000000, -47.00000000000000000 ) ) ;
#109 = ORIENTED_EDGE ( 'NONE', *, *, #247, .F. ) ;
#110 = FACE_BOUND ( 'NONE', #1361, .T. ) ;
#111 = VECTOR ( 'NONE', #454, 1000.000000000000000 ) ;
#112 = LINE ( 'NONE', #733, #751 ) ;
#113 = DIRECTION ( 'NONE',  ( -0.000000000000000000, -1.000000000000000000, -0.000000000000000000 ) ) ;
#114 = CARTESIAN_POINT ( 'NONE',  ( 34.60000000000000853, 36.50000000000000000, -50.20000000000000284 ) ) ;
#115 = ADVANCED_FACE ( 'NONE', ( #450 ), #948, .F. ) ;
#116 = VERTEX_POINT ( 'NONE', #1216 ) ;
#117 = EDGE_CURVE ( 'NONE', #381, #967, #466, .T. ) ;
#118 = ORIENTED_EDGE ( 'NONE', *, *, #279, .T. ) ;
#119 = CARTESIAN_POINT ( 'NONE',  ( 0.000000000000000000, 5.000000000000000000, -7.500000000000000000 ) ) ;
#120 = LINE ( 'NONE', #1630, #1641 ) ;
#121 = CLOSED_SHELL ( 'NONE', ( #1506, #658, #1595, #258, #228, #162, #581, #236, #1151, #730, #1267, #1111, #671, #1101, #689, #1131, #449, #1248, #311, #427, #1499, #181, #942, #538, #302, #1206, #1524, #633, #1140, #1575, #998, #77, #173, #1326, #1517, #1496, #1294, #370, #1406, #115, #392, #1604, #1026, #682, #368, #1204, #1613, #508 ) ) ;
#122 = CARTESIAN_POINT ( 'NONE',  ( -25.40000000000000213, 0.000000000000000000, -50.20000000000000284 ) ) ;
#123 = DIRECTION ( 'NONE',  ( 0.000000000000000000, 0.000000000000000000, -1.000000000000000000 ) ) ;
#124 = ORIENTED_EDGE ( 'NONE', *, *, #956, .T. ) ;
#125 = VECTOR ( 'NONE', #1380, 1000.000000000000000 ) ;
#126 = CIRCLE ( 'NONE', #212, 1.600000000000000755 ) ;
#127 = EDGE_CURVE ( 'NONE', #737, #826, #498, .T. ) ;
#128 = VERTEX_POINT ( 'NONE', #989 ) ;
#129 = CARTESIAN_POINT ( 'NONE',  ( 4.099999999999999645, 25.00000000000000000, -47.00000000000000000 ) ) ;
#130 = VECTOR ( 'NONE', #533, 1000.000000000000000 ) ;
#131 = CARTESIAN_POINT ( 'NONE',  ( 18.30000000000001137, 5.000000000000000000, 16.00000000000000000 ) ) ;
#132 = FACE_OUTER_BOUND ( 'NONE', #49, .T. ) ;
#133 = CARTESIAN_POINT ( 'NONE',  ( -9.465466314380961421, 36.73346449779660361, -37.00000000000000711 ) ) ;
#134 = VERTEX_POINT ( 'NONE', #1518 ) ;
#135 = EDGE_LOOP ( 'NONE', ( #1075, #703, #1185, #795 ) ) ;
#136 = DIRECTION ( 'NONE',  ( 0.000000000000000000, 0.000000000000000000, -1.000000000000000000 ) ) ;
#137 = EDGE_CURVE ( 'NONE', #75, #1334, #393, .T. ) ;
#138 = CARTESIAN_POINT ( 'NONE',  ( 14.20000000000000995, 5.000000000000000000, 5.899999999999998579 ) ) ;
#139 = EDGE_CURVE ( 'NONE', #1251, #57, #1403, .T. ) ;
#140 = VECTOR ( 'NONE', #761, 1000.000000000000000 ) ;
#141 = EDGE_LOOP ( 'NONE', ( #641, #233, #1577, #259, #1325, #509, #1618, #1455, #1419, #310, #943, #729 ) ) ;
#142 = CARTESIAN_POINT ( 'NONE',  ( -25.39999999999999858, 45.00000000000000000, -47.00000000000000000 ) ) ;
#143 = CARTESIAN_POINT ( 'NONE',  ( 39.60000000000000142, 0.000000000000000000, -47.00000000000000000 ) ) ;
#144 = ORIENTED_EDGE ( 'NONE', *, *, #1359, .T. ) ;
#145 = EDGE_LOOP ( 'NONE', ( #312, #999, #672, #1394 ) ) ;
#146 = DIRECTION ( 'NONE',  ( -0.000000000000000000, -0.000000000000000000, 1.000000000000000000 ) ) ;
#147 = DIRECTION ( 'NONE',  ( 0.000000000000000000, -1.000000000000000000, 0.000000000000000000 ) ) ;
#148 = ORIENTED_EDGE ( 'NONE', *, *, #909, .F. ) ;
#149 = EDGE_CURVE ( 'NONE', #458, #506, #385, .T. ) ;
#150 = LINE ( 'NONE', #307, #1588 ) ;
#151 = DIRECTION ( 'NONE',  ( 0.000000000000000000, 0.000000000000000000, 1.000000000000000000 ) ) ;
#152 = ORIENTED_EDGE ( 'NONE', *, *, #457, .F. ) ;
#153 = VECTOR ( 'NONE', #113, 1000.000000000000000 ) ;
#154 = ORIENTED_EDGE ( 'NONE', *, *, #425, .T. ) ;
#155 = DIRECTION ( 'NONE',  ( 0.000000000000000000, 0.000000000000000000, -1.000000000000000000 ) ) ;
#156 = AXIS2_PLACEMENT_3D ( 'NONE', #819, #962, #603 ) ;
#157 = VECTOR ( 'NONE', #1500, 1000.000000000000000 ) ;
#158 = CARTESIAN_POINT ( 'NONE',  ( 0.000000000000000000, 0.000000000000000000, 0.000000000000000000 ) ) ;
#159 = ORIENTED_EDGE ( 'NONE', *, *, #318, .T. ) ;
#160 = FACE_BOUND ( 'NONE', #1602, .T. ) ;
#161 = LINE ( 'NONE', #1064, #1076 ) ;
#162 = ADVANCED_FACE ( 'NONE', ( #766 ), #239, .F. ) ;
#163 = EDGE_LOOP ( 'NONE', ( #148, #292 ) ) ;
#164 = ORIENTED_EDGE ( 'NONE', *, *, #939, .T. ) ;
#165 = FACE_OUTER_BOUND ( 'NONE', #486, .T. ) ;
#166 = DIRECTION ( 'NONE',  ( 0.000000000000000000, 1.000000000000000000, 0.000000000000000000 ) ) ;
#167 = APPLICATION_CONTEXT ( 'automotive_design' ) ;
#168 = DIRECTION ( 'NONE',  ( 0.000000000000000000, -0.000000000000000000, 1.000000000000000000 ) ) ;
#169 = CARTESIAN_POINT ( 'NONE',  ( -13.46546631438096142, 26.93469713437031743, -37.00000000000000711 ) ) ;
#170 = AXIS2_PLACEMENT_3D ( 'NONE', #1440, #1164, #1290 ) ;
#171 = ORIENTED_EDGE ( 'NONE', *, *, #520, .F. ) ;
#172 = ORIENTED_EDGE ( 'NONE', *, *, #588, .F. ) ;
#173 = ADVANCED_FACE ( 'NONE', ( #638 ), #522, .F. ) ;
#174 = ORIENTED_EDGE ( 'NONE', *, *, #1484, .T. ) ;
#175 = CARTESIAN_POINT ( 'NONE',  ( 31.10030377641764332, 25.64106407528073106, -50.20000000000000284 ) ) ;
#176 = CARTESIAN_POINT ( 'NONE',  ( -20.29999999999999005, 36.50000000000000000, -47.00000000000000000 ) ) ;
#177 = CARTESIAN_POINT ( 'NONE',  ( -22.39999999999999147, 5.000000000000000000, -37.00000000000000711 ) ) ;
#178 = ORIENTED_EDGE ( 'NONE', *, *, #939, .F. ) ;
#179 = ORIENTED_EDGE ( 'NONE', *, *, #32, .T. ) ;
#180 = ORIENTED_EDGE ( 'NONE', *, *, #1071, .T. ) ;
#181 = ADVANCED_FACE ( 'NONE', ( #1631 ), #774, .F. ) ;
#182 = AXIS2_PLACEMENT_3D ( 'NONE', #702, #1209, #708 ) ;
#183 = DIRECTION ( 'NONE',  ( -0.000000000000000000, -1.000000000000000000, -0.000000000000000000 ) ) ;
#184 =( GEOMETRIC_REPRESENTATION_CONTEXT ( 3 ) GLOBAL_UNCERTAINTY_ASSIGNED_CONTEXT ( ( #61 ) ) GLOBAL_UNIT_ASSIGNED_CONTEXT ( ( #105, #384, #872 ) ) REPRESENTATION_CONTEXT ( 'NONE', 'WORKASPACE' ) );
#185 = VECTOR ( 'NONE', #571, 1000.000000000000000 ) ;
#186 = CARTESIAN_POINT ( 'NONE',  ( -9.465466314380961421, 26.93469713437031743, -37.00000000000000711 ) ) ;
#187 = PLANE ( 'NONE',  #817 ) ;
#188 = AXIS2_PLACEMENT_3D ( 'NONE', #119, #665, #155 ) ;
#189 = LINE ( 'NONE', #474, #511 ) ;
#190 = ORIENTED_EDGE ( 'NONE', *, *, #500, .F. ) ;
#191 = ORIENTED_EDGE ( 'NONE', *, *, #791, .T. ) ;
#192 = EDGE_CURVE ( 'NONE', #428, #1030, #1272, .T. ) ;
#193 = DIRECTION ( 'NONE',  ( -0.000000000000000000, -1.000000000000000000, -0.000000000000000000 ) ) ;
#194 = PLANE ( 'NONE',  #904 ) ;
#195 = PRODUCT_CONTEXT ( 'NONE', #167, 'mechanical' ) ;
#196 = CARTESIAN_POINT ( 'NONE',  ( -20.29999999999999005, 36.50000000000000000, -50.20000000000000284 ) ) ;
#197 = CARTESIAN_POINT ( 'NONE',  ( 4.099999999999999645, 25.00000000000000000, -47.00000000000000000 ) ) ;
#198 = ORIENTED_EDGE ( 'NONE', *, *, #106, .T. ) ;
#199 = VECTOR ( 'NONE', #647, 1000.000000000000000 ) ;
#200 = ORIENTED_EDGE ( 'NONE', *, *, #1645, .F. ) ;
#201 = DIRECTION ( 'NONE',  ( 0.000000000000000000, 0.000000000000000000, 1.000000000000000000 ) ) ;
#202 = DIRECTION ( 'NONE',  ( 5.507058653894625853E-17, 0.000000000000000000, 1.000000000000000000 ) ) ;
#203 = DIRECTION ( 'NONE',  ( 0.000000000000000000, 0.000000000000000000, -1.000000000000000000 ) ) ;
#204 = EDGE_CURVE ( 'NONE', #367, #919, #492, .T. ) ;
#205 = CARTESIAN_POINT ( 'NONE',  ( 10.10000000000000497, 25.00000000000000000, 16.00000000000000000 ) ) ;
#206 = DIRECTION ( 'NONE',  ( 0.000000000000000000, 0.000000000000000000, -1.000000000000000000 ) ) ;
#207 = EDGE_LOOP ( 'NONE', ( #1383, #1414, #542, #289, #583, #1057 ) ) ;
#208 = ORIENTED_EDGE ( 'NONE', *, *, #1379, .F. ) ;
#209 = LINE ( 'NONE', #722, #1143 ) ;
#210 = AXIS2_PLACEMENT_3D ( 'NONE', #646, #1373, #1265 ) ;
#211 = FACE_OUTER_BOUND ( 'NONE', #456, .T. ) ;
#212 = AXIS2_PLACEMENT_3D ( 'NONE', #993, #1126, #975 ) ;
#213 = DIRECTION ( 'NONE',  ( 1.000000000000000000, -0.000000000000000000, -1.734723475976807587E-16 ) ) ;
#214 = FACE_BOUND ( 'NONE', #1491, .T. ) ;
#215 = VECTOR ( 'NONE', #530, 1000.000000000000000 ) ;
#216 = EDGE_CURVE ( 'NONE', #649, #893, #357, .T. ) ;
#217 = ORIENTED_EDGE ( 'NONE', *, *, #922, .F. ) ;
#218 = VERTEX_POINT ( 'NONE', #1259 ) ;
#219 = CARTESIAN_POINT ( 'NONE',  ( -13.46546631438096142, 26.93469713437031743, -50.20000000000000284 ) ) ;
#220 = DIRECTION ( 'NONE',  ( 0.000000000000000000, 0.000000000000000000, -1.000000000000000000 ) ) ;
#221 = DIRECTION ( 'NONE',  ( -1.000000000000000000, 0.000000000000000000, 0.000000000000000000 ) ) ;
#222 = DIRECTION ( 'NONE',  ( 0.000000000000000000, -0.000000000000000000, 1.000000000000000000 ) ) ;
#223 = LINE ( 'NONE', #684, #245 ) ;
#224 = EDGE_LOOP ( 'NONE', ( #1610, #1562, #875, #1336 ) ) ;
#225 = PRODUCT_DEFINITION ( 'ๆ', '', #1155, #613 ) ;
#226 = ORIENTED_EDGE ( 'NONE', *, *, #1472, .T. ) ;
#227 = VECTOR ( 'NONE', #1404, 1000.000000000000000 ) ;
#228 = ADVANCED_FACE ( 'NONE', ( #1509 ), #231, .F. ) ;
#229 = CARTESIAN_POINT ( 'NONE',  ( 0.000000000000000000, 0.000000000000000000, -50.20000000000000284 ) ) ;
#230 = CARTESIAN_POINT ( 'NONE',  ( -18.19999999999999218, 5.000000000000000000, -50.20000000000000284 ) ) ;
#231 = CYLINDRICAL_SURFACE ( 'NONE', #210, 2.100000000000000977 ) ;
#232 = LINE ( 'NONE', #1624, #199 ) ;
#233 = ORIENTED_EDGE ( 'NONE', *, *, #1377, .F. ) ;
#234 = ORIENTED_EDGE ( 'NONE', *, *, #1346, .T. ) ;
#235 = PLANE ( 'NONE',  #1093 ) ;
#236 = ADVANCED_FACE ( 'NONE', ( #1002 ), #623, .F. ) ;
#237 = AXIS2_PLACEMENT_3D ( 'NONE', #842, #1349, #605 ) ;
#238 = CARTESIAN_POINT ( 'NONE',  ( 27.10030377641757937, 25.64106407528073106, -37.00000000000000711 ) ) ;
#239 = CYLINDRICAL_SURFACE ( 'NONE', #373, 1.922469011379095205 ) ;
#240 = DIRECTION ( 'NONE',  ( 9.637352644315595243E-17, 0.000000000000000000, 1.000000000000000000 ) ) ;
#241 = ORIENTED_EDGE ( 'NONE', *, *, #779, .F. ) ;
#242 = VECTOR ( 'NONE', #1020, 1000.000000000000000 ) ;
#243 = CIRCLE ( 'NONE', #1118, 1.600000000000000755 ) ;
#244 = ORIENTED_EDGE ( 'NONE', *, *, #838, .F. ) ;
#245 = VECTOR ( 'NONE', #1188, 1000.000000000000000 ) ;
#246 = CARTESIAN_POINT ( 'NONE',  ( -13.18889448696635114, 5.508790402892081772, -37.00000000000000711 ) ) ;
#247 = EDGE_CURVE ( 'NONE', #269, #780, #882, .T. ) ;
#248 = LINE ( 'NONE', #255, #268 ) ;
#249 = EDGE_CURVE ( 'NONE', #869, #1324, #827, .T. ) ;
#250 = DIRECTION ( 'NONE',  ( 0.000000000000000000, 0.000000000000000000, 1.000000000000000000 ) ) ;
#251 = CARTESIAN_POINT ( 'NONE',  ( 0.000000000000000000, 36.73346449779660361, -47.00000000000000000 ) ) ;
#252 = ORIENTED_EDGE ( 'NONE', *, *, #279, .F. ) ;
#253 = ORIENTED_EDGE ( 'NONE', *, *, #1634, .T. ) ;
#254 = FACE_BOUND ( 'NONE', #611, .T. ) ;
#255 = CARTESIAN_POINT ( 'NONE',  ( -13.18889448696635114, 16.35245841428108804, -37.00000000000000711 ) ) ;
#256 = CARTESIAN_POINT ( 'NONE',  ( 14.20000000000000639, 0.000000000000000000, -7.500000000000000888 ) ) ;
#257 = DIRECTION ( 'NONE',  ( 1.000000000000000000, 0.000000000000000000, 0.000000000000000000 ) ) ;
#258 = ADVANCED_FACE ( 'NONE', ( #630 ), #760, .F. ) ;
#259 = ORIENTED_EDGE ( 'NONE', *, *, #549, .F. ) ;
#260 = VERTEX_POINT ( 'NONE', #1172 ) ;
#261 = CARTESIAN_POINT ( 'NONE',  ( -13.46546631438096142, 26.93469713437031743, -47.00000000000000000 ) ) ;
#262 = CARTESIAN_POINT ( 'NONE',  ( 4.100000000000005862, 25.00000000000000000, 16.00000000000000000 ) ) ;
#263 = CIRCLE ( 'NONE', #237, 1.922469011379095205 ) ;
#264 = CARTESIAN_POINT ( 'NONE',  ( -13.18889448696635114, 5.508790402892081772, -37.00000000000000711 ) ) ;
#265 = DIRECTION ( 'NONE',  ( 0.000000000000000000, 0.000000000000000000, -1.000000000000000000 ) ) ;
#266 = EDGE_CURVE ( 'NONE', #1165, #1416, #282, .T. ) ;
#267 = ORIENTED_EDGE ( 'NONE', *, *, #1081, .F. ) ;
#268 = VECTOR ( 'NONE', #758, 1000.000000000000000 ) ;
#269 = VERTEX_POINT ( 'NONE', #28 ) ;
#270 = FACE_BOUND ( 'NONE', #1392, .T. ) ;
#271 = ADVANCED_BREP_SHAPE_REPRESENTATION ( 'cd_', ( #525, #763 ), #389 ) ;
#272 = CYLINDRICAL_SURFACE ( 'NONE', #907, 1.599999999999999867 ) ;
#273 = VERTEX_POINT ( 'NONE', #274 ) ;
#274 = CARTESIAN_POINT ( 'NONE',  ( 31.10030377641764332, 33.32381986519938977, -47.00000000000000000 ) ) ;
#275 = PLANE ( 'NONE',  #1523 ) ;
#276 = ORIENTED_EDGE ( 'NONE', *, *, #1039, .F. ) ;
#277 = VERTEX_POINT ( 'NONE', #142 ) ;
#278 = DIRECTION ( 'NONE',  ( 1.000000000000000000, 0.000000000000000000, -9.637352644315596475E-17 ) ) ;
#279 = EDGE_CURVE ( 'NONE', #1069, #690, #645, .T. ) ;
#280 = CARTESIAN_POINT ( 'NONE',  ( -17.18889448696635114, 16.35245841428108804, -47.00000000000000000 ) ) ;
#281 = VERTEX_POINT ( 'NONE', #1163 ) ;
#282 = LINE ( 'NONE', #1289, #403 ) ;
#283 = DIRECTION ( 'NONE',  ( -0.000000000000000000, -0.000000000000000000, -1.000000000000000000 ) ) ;
#284 = ORIENTED_EDGE ( 'NONE', *, *, #899, .F. ) ;
#285 = ORIENTED_EDGE ( 'NONE', *, *, #969, .T. ) ;
#286 = CARTESIAN_POINT ( 'NONE',  ( 0.000000000000000000, 5.000000000000000000, 0.000000000000000000 ) ) ;
#287 = EDGE_CURVE ( 'NONE', #967, #694, #932, .T. ) ;
#288 = CARTESIAN_POINT ( 'NONE',  ( 0.000000000000000000, 5.000000000000000000, 7.500000000000000000 ) ) ;
#289 = ORIENTED_EDGE ( 'NONE', *, *, #959, .F. ) ;
#290 = DIRECTION ( 'NONE',  ( -0.000000000000000000, -1.000000000000000000, -0.000000000000000000 ) ) ;
#291 = CARTESIAN_POINT ( 'NONE',  ( -13.46546631438096142, 36.73346449779660361, -37.00000000000000711 ) ) ;
#292 = ORIENTED_EDGE ( 'NONE', *, *, #249, .F. ) ;
#293 = AXIS2_PLACEMENT_3D ( 'NONE', #858, #349, #1372 ) ;
#294 = ORIENTED_EDGE ( 'NONE', *, *, #127, .T. ) ;
#295 = CARTESIAN_POINT ( 'NONE',  ( -4.099999999999999645, 5.000000000000000000, 16.00000000000000000 ) ) ;
#296 = AXIS2_PLACEMENT_3D ( 'NONE', #238, #489, #1539 ) ;
#297 = AXIS2_PLACEMENT_3D ( 'NONE', #295, #643, #1167 ) ;
#298 = CARTESIAN_POINT ( 'NONE',  ( 39.60000000000000142, 0.000000000000000000, -47.00000000000000000 ) ) ;
#299 = AXIS2_PLACEMENT_3D ( 'NONE', #114, #123, #767 ) ;
#300 = DIRECTION ( 'NONE',  ( -0.000000000000000000, -0.000000000000000000, -1.000000000000000000 ) ) ;
#301 = LINE ( 'NONE', #177, #1291 ) ;
#302 = ADVANCED_FACE ( 'NONE', ( #793 ), #1035, .F. ) ;
#303 = VERTEX_POINT ( 'NONE', #563 ) ;
#304 = ORIENTED_EDGE ( 'NONE', *, *, #96, .F. ) ;
#305 = EDGE_LOOP ( 'NONE', ( #1481, #1640, #1441, #1211 ) ) ;
#306 = DIRECTION ( 'NONE',  ( -0.000000000000000000, -1.000000000000000000, -0.000000000000000000 ) ) ;
#307 = CARTESIAN_POINT ( 'NONE',  ( 4.100000000000005862, 25.00000000000000000, 16.00000000000000000 ) ) ;
#308 = VECTOR ( 'NONE', #430, 1000.000000000000000 ) ;
#309 = DIRECTION ( 'NONE',  ( -1.000000000000000000, 0.000000000000000000, 0.000000000000000000 ) ) ;
#310 = ORIENTED_EDGE ( 'NONE', *, *, #1415, .T. ) ;
#311 = ADVANCED_FACE ( 'NONE', ( #661, #916, #160, #1190, #1297, #1053, #1306, #940, #132 ), #1542, .T. ) ;
#312 = ORIENTED_EDGE ( 'NONE', *, *, #52, .T. ) ;
#313 = ORIENTED_EDGE ( 'NONE', *, *, #1018, .T. ) ;
#314 = CARTESIAN_POINT ( 'NONE',  ( -4.099999999999999645, 5.000000000000000000, 16.00000000000000000 ) ) ;
#315 = DIRECTION ( 'NONE',  ( -0.000000000000000000, -1.000000000000000000, -0.000000000000000000 ) ) ;
#316 = DIRECTION ( 'NONE',  ( 0.000000000000000000, 0.000000000000000000, 1.000000000000000000 ) ) ;
#317 = ORIENTED_EDGE ( 'NONE', *, *, #610, .F. ) ;
#318 = EDGE_CURVE ( 'NONE', #900, #1583, #1063, .T. ) ;
#319 = ORIENTED_EDGE ( 'NONE', *, *, #622, .F. ) ;
#320 = EDGE_CURVE ( 'NONE', #1583, #476, #9, .T. ) ;
#321 = DIRECTION ( 'NONE',  ( 0.000000000000000000, 1.000000000000000000, 0.000000000000000000 ) ) ;
#322 = CIRCLE ( 'NONE', #1619, 2.099999999999997868 ) ;
#323 = VECTOR ( 'NONE', #1457, 1000.000000000000000 ) ;
#324 = LINE ( 'NONE', #831, #984 ) ;
#325 = CARTESIAN_POINT ( 'NONE',  ( 0.000000000000000000, 5.000000000000000000, 5.899999999999999467 ) ) ;
#326 = VECTOR ( 'NONE', #1342, 1000.000000000000000 ) ;
#327 = DIRECTION ( 'NONE',  ( 1.000000000000000000, -0.000000000000000000, -0.000000000000000000 ) ) ;
#328 = CARTESIAN_POINT ( 'NONE',  ( 14.20000000000000995, 0.000000000000000000, 7.499999999999999112 ) ) ;
#329 = ORIENTED_EDGE ( 'NONE', *, *, #1463, .T. ) ;
#330 = VERTEX_POINT ( 'NONE', #20 ) ;
#331 = CARTESIAN_POINT ( 'NONE',  ( 14.20000000000000639, 5.000000000000000000, -7.500000000000000888 ) ) ;
#332 = EDGE_CURVE ( 'NONE', #1351, #546, #322, .T. ) ;
#333 = DIRECTION ( 'NONE',  ( 1.000000000000000000, -7.709882115452476934E-17, 0.000000000000000000 ) ) ;
#334 = CARTESIAN_POINT ( 'NONE',  ( 23.25229982338321832, 19.11027463955969807, -37.00000000000000711 ) ) ;
#335 = DIRECTION ( 'NONE',  ( 1.000000000000000000, 0.000000000000000000, 0.000000000000000000 ) ) ;
#336 = CYLINDRICAL_SURFACE ( 'NONE', #777, 2.099999999999997868 ) ;
#337 = ORIENTED_EDGE ( 'NONE', *, *, #480, .T. ) ;
#338 = VECTOR ( 'NONE', #1587, 1000.000000000000000 ) ;
#339 = CARTESIAN_POINT ( 'NONE',  ( 31.10030377641764332, 25.64106407528073106, -47.00000000000000000 ) ) ;
#340 = EDGE_CURVE ( 'NONE', #678, #1382, #1331, .T. ) ;
#341 = DIRECTION ( 'NONE',  ( 7.709882115452476934E-17, 1.000000000000000000, 0.000000000000000000 ) ) ;
#342 = CARTESIAN_POINT ( 'NONE',  ( 32.50000000000000711, 36.50000000000000000, -50.20000000000000284 ) ) ;
#343 = CARTESIAN_POINT ( 'NONE',  ( 10.10000000000000497, 25.00000000000000000, 16.00000000000000000 ) ) ;
#344 = ORIENTED_EDGE ( 'NONE', *, *, #88, .T. ) ;
#345 = VERTEX_POINT ( 'NONE', #400 ) ;
#346 = CARTESIAN_POINT ( 'NONE',  ( 4.099999999999999645, 25.00000000000000000, -47.00000000000000000 ) ) ;
#347 = EDGE_LOOP ( 'NONE', ( #244, #1569, #1423, #1177 ) ) ;
#348 = VECTOR ( 'NONE', #453, 1000.000000000000000 ) ;
#349 = DIRECTION ( 'NONE',  ( -0.000000000000000000, -0.000000000000000000, -1.000000000000000000 ) ) ;
#350 = VECTOR ( 'NONE', #166, 1000.000000000000000 ) ;
#351 = LINE ( 'NONE', #833, #1062 ) ;
#352 = CARTESIAN_POINT ( 'NONE',  ( -4.099999999999999645, 5.000000000000000000, -16.00000000000000000 ) ) ;
#353 = VECTOR ( 'NONE', #1617, 1000.000000000000000 ) ;
#354 = ORIENTED_EDGE ( 'NONE', *, *, #383, .F. ) ;
#355 = EDGE_CURVE ( 'NONE', #273, #345, #679, .T. ) ;
#356 = CARTESIAN_POINT ( 'NONE',  ( -9.465466314380961421, 36.73346449779660361, -50.20000000000000284 ) ) ;
#357 = LINE ( 'NONE', #873, #695 ) ;
#358 = DIRECTION ( 'NONE',  ( 0.000000000000000000, -0.000000000000000000, -1.000000000000000000 ) ) ;
#359 = VERTEX_POINT ( 'NONE', #1420 ) ;
#360 = EDGE_CURVE ( 'NONE', #1497, #4, #150, .T. ) ;
#361 = ORIENTED_EDGE ( 'NONE', *, *, #1258, .F. ) ;
#362 = VECTOR ( 'NONE', #537, 1000.000000000000000 ) ;
#363 = LINE ( 'NONE', #246, #1566 ) ;
#364 = DIRECTION ( 'NONE',  ( -1.000000000000000000, 0.000000000000000000, 0.000000000000000000 ) ) ;
#365 = CARTESIAN_POINT ( 'NONE',  ( -25.39999999999999858, 45.00000000000000000, -50.20000000000000284 ) ) ;
#366 = VERTEX_POINT ( 'NONE', #1281 ) ;
#367 = VERTEX_POINT ( 'NONE', #669 ) ;
#368 = ADVANCED_FACE ( 'NONE', ( #653 ), #1153, .T. ) ;
#369 = DIRECTION ( 'NONE',  ( 9.637352644315595243E-17, 0.000000000000000000, 1.000000000000000000 ) ) ;
#370 = ADVANCED_FACE ( 'NONE', ( #1182 ), #1221, .F. ) ;
#371 = PRODUCT ( 'cd_', 'cd_', '', ( #195 ) ) ;
#372 = DIRECTION ( 'NONE',  ( 0.000000000000000000, 1.000000000000000000, 0.000000000000000000 ) ) ;
#373 = AXIS2_PLACEMENT_3D ( 'NONE', #92, #1146, #364 ) ;
#374 = DIRECTION ( 'NONE',  ( -0.000000000000000000, -1.000000000000000000, -0.000000000000000000 ) ) ;
#375 = CARTESIAN_POINT ( 'NONE',  ( -9.465466314380961421, 26.93469713437031743, -50.20000000000000284 ) ) ;
#376 = EDGE_LOOP ( 'NONE', ( #1528, #852, #924, #267 ) ) ;
#377 = VECTOR ( 'NONE', #1001, 1000.000000000000000 ) ;
#378 = VECTOR ( 'NONE', #757, 1000.000000000000000 ) ;
#379 = ORIENTED_EDGE ( 'NONE', *, *, #749, .F. ) ;
#380 = VECTOR ( 'NONE', #416, 1000.000000000000000 ) ;
#381 = VERTEX_POINT ( 'NONE', #46 ) ;
#382 = DIRECTION ( 'NONE',  ( 0.000000000000000000, 1.000000000000000000, -0.000000000000000000 ) ) ;
#383 = EDGE_CURVE ( 'NONE', #805, #273, #585, .T. ) ;
#384 =( NAMED_UNIT ( * ) PLANE_ANGLE_UNIT ( ) SI_UNIT ( $, .RADIAN. ) );
#385 = LINE ( 'NONE', #1494, #1535 ) ;
#386 = LINE ( 'NONE', #1381, #936 ) ;
#387 = VERTEX_POINT ( 'NONE', #839 ) ;
#388 = EDGE_LOOP ( 'NONE', ( #1488, #1161, #1553, #234 ) ) ;
#389 =( GEOMETRIC_REPRESENTATION_CONTEXT ( 3 ) GLOBAL_UNCERTAINTY_ASSIGNED_CONTEXT ( ( #595 ) ) GLOBAL_UNIT_ASSIGNED_CONTEXT ( ( #464, #1574, #1580 ) ) REPRESENTATION_CONTEXT ( 'NONE', 'WORKASPACE' ) );
#390 = DIRECTION ( 'NONE',  ( 0.000000000000000000, -0.000000000000000000, -1.000000000000000000 ) ) ;
#391 = DIRECTION ( 'NONE',  ( -1.000000000000000000, 0.000000000000000000, -0.000000000000000000 ) ) ;
#392 = ADVANCED_FACE ( 'NONE', ( #970 ), #472, .F. ) ;
#393 = LINE ( 'NONE', #742, #153 ) ;
#394 = CARTESIAN_POINT ( 'NONE',  ( 14.20000000000000639, 5.000000000000000000, -9.099999999999999645 ) ) ;
#395 = ORIENTED_EDGE ( 'NONE', *, *, #622, .T. ) ;
#396 = ORIENTED_EDGE ( 'NONE', *, *, #739, .T. ) ;
#397 = LINE ( 'NONE', #1521, #1038 ) ;
#398 = CARTESIAN_POINT ( 'NONE',  ( 14.20000000000000639, 5.000000000000000000, -7.500000000000000888 ) ) ;
#399 = VECTOR ( 'NONE', #72, 1000.000000000000000 ) ;
#400 = CARTESIAN_POINT ( 'NONE',  ( 27.10030377641757937, 33.32381986519938977, -47.00000000000000000 ) ) ;
#401 = FACE_OUTER_BOUND ( 'NONE', #688, .T. ) ;
#402 = VERTEX_POINT ( 'NONE', #69 ) ;
#403 = VECTOR ( 'NONE', #529, 1000.000000000000000 ) ;
#404 = EDGE_CURVE ( 'NONE', #1311, #31, #1473, .T. ) ;
#405 = VECTOR ( 'NONE', #438, 1000.000000000000000 ) ;
#406 = VERTEX_POINT ( 'NONE', #1322 ) ;
#407 = DIRECTION ( 'NONE',  ( 0.000000000000000000, 1.000000000000000000, 0.000000000000000000 ) ) ;
#408 = AXIS2_PLACEMENT_3D ( 'NONE', #728, #709, #736 ) ;
#409 = FACE_BOUND ( 'NONE', #1068, .T. ) ;
#410 = VERTEX_POINT ( 'NONE', #1606 ) ;
#411 = DIRECTION ( 'NONE',  ( -1.000000000000000000, 0.000000000000000000, 0.000000000000000000 ) ) ;
#412 = CARTESIAN_POINT ( 'NONE',  ( 39.60000000000000142, 45.00000000000000000, -50.20000000000000284 ) ) ;
#413 = EDGE_LOOP ( 'NONE', ( #539, #379, #144, #468, #1276, #78, #718, #755 ) ) ;
#414 = EDGE_CURVE ( 'NONE', #966, #24, #43, .T. ) ;
#415 = ORIENTED_EDGE ( 'NONE', *, *, #480, .F. ) ;
#416 = DIRECTION ( 'NONE',  ( -0.000000000000000000, -1.000000000000000000, -0.000000000000000000 ) ) ;
#417 = DIRECTION ( 'NONE',  ( 0.000000000000000000, 1.000000000000000000, 0.000000000000000000 ) ) ;
#418 = AXIS2_PLACEMENT_3D ( 'NONE', #514, #1543, #421 ) ;
#419 = ORIENTED_EDGE ( 'NONE', *, *, #719, .T. ) ;
#420 = DIRECTION ( 'NONE',  ( -1.734723475976807587E-16, 0.000000000000000000, -1.000000000000000000 ) ) ;
#421 = DIRECTION ( 'NONE',  ( -1.000000000000000000, 0.000000000000000000, 0.000000000000000000 ) ) ;
#422 = ORIENTED_EDGE ( 'NONE', *, *, #801, .T. ) ;
#423 = EDGE_LOOP ( 'NONE', ( #681, #1504, #1405, #815 ) ) ;
#424 = LINE ( 'NONE', #527, #1119 ) ;
#425 = EDGE_CURVE ( 'NONE', #786, #732, #1579, .T. ) ;
#426 = DIRECTION ( 'NONE',  ( -1.000000000000000000, -0.000000000000000000, -0.000000000000000000 ) ) ;
#427 = ADVANCED_FACE ( 'NONE', ( #1586 ), #825, .F. ) ;
#428 = VERTEX_POINT ( 'NONE', #1353 ) ;
#429 = DIRECTION ( 'NONE',  ( 0.000000000000000000, 0.000000000000000000, -1.000000000000000000 ) ) ;
#430 = DIRECTION ( 'NONE',  ( -0.000000000000000000, -0.000000000000000000, -1.000000000000000000 ) ) ;
#431 = ORIENTED_EDGE ( 'NONE', *, *, #287, .T. ) ;
#432 = VECTOR ( 'NONE', #98, 1000.000000000000000 ) ;
#433 = AXIS2_PLACEMENT_3D ( 'NONE', #256, #752, #107 ) ;
#434 = ORIENTED_EDGE ( 'NONE', *, *, #848, .T. ) ;
#435 = LINE ( 'NONE', #1460, #326 ) ;
#436 = AXIS2_PLACEMENT_3D ( 'NONE', #691, #961, #699 ) ;
#437 = VECTOR ( 'NONE', #854, 1000.000000000000000 ) ;
#438 = DIRECTION ( 'NONE',  ( 1.000000000000000000, 0.000000000000000000, 0.000000000000000000 ) ) ;
#439 = AXIS2_PLACEMENT_3D ( 'NONE', #133, #505, #1138 ) ;
#440 = EDGE_CURVE ( 'NONE', #1448, #565, #1104, .T. ) ;
#441 = DIRECTION ( 'NONE',  ( 1.000000000000000000, 0.000000000000000000, 0.000000000000000000 ) ) ;
#442 = DIRECTION ( 'NONE',  ( 0.000000000000000000, 0.000000000000000000, -1.000000000000000000 ) ) ;
#443 = ORIENTED_EDGE ( 'NONE', *, *, #440, .F. ) ;
#444 = VERTEX_POINT ( 'NONE', #594 ) ;
#445 = EDGE_LOOP ( 'NONE', ( #683, #770, #154, #566 ) ) ;
#446 = CARTESIAN_POINT ( 'NONE',  ( -9.465466314380961421, 36.73346449779660361, -37.00000000000000711 ) ) ;
#447 = CARTESIAN_POINT ( 'NONE',  ( 0.000000000000000000, 5.000000000000000000, 7.500000000000000000 ) ) ;
#448 = CARTESIAN_POINT ( 'NONE',  ( 23.25229982338321832, 8.169734192082643176, -47.00000000000000000 ) ) ;
#449 = ADVANCED_FACE ( 'NONE', ( #211 ), #194, .F. ) ;
#450 = FACE_OUTER_BOUND ( 'NONE', #1304, .T. ) ;
#451 = VERTEX_POINT ( 'NONE', #1096 ) ;
#452 = CARTESIAN_POINT ( 'NONE',  ( 32.67753098862090866, 5.000000000000000000, -37.00000000000000711 ) ) ;
#453 = DIRECTION ( 'NONE',  ( -0.000000000000000000, -0.000000000000000000, -1.000000000000000000 ) ) ;
#454 = DIRECTION ( 'NONE',  ( -0.000000000000000000, -1.000000000000000000, -0.000000000000000000 ) ) ;
#455 = CARTESIAN_POINT ( 'NONE',  ( -20.29999999999999005, 5.000000000000000000, -47.00000000000000000 ) ) ;
#456 = EDGE_LOOP ( 'NONE', ( #337, #198, #124, #241, #1170, #1462 ) ) ;
#457 = EDGE_CURVE ( 'NONE', #13, #56, #1278, .T. ) ;
#458 = VERTEX_POINT ( 'NONE', #713 ) ;
#459 = VECTOR ( 'NONE', #1576, 1000.000000000000000 ) ;
#460 = CARTESIAN_POINT ( 'NONE',  ( -13.18889448696635114, 5.508790402892081772, -47.00000000000000000 ) ) ;
#461 = AXIS2_PLACEMENT_3D ( 'NONE', #1445, #290, #429 ) ;
#462 = CIRCLE ( 'NONE', #1538, 1.599999999999999867 ) ;
#463 = CARTESIAN_POINT ( 'NONE',  ( 31.10030377641764332, 0.000000000000000000, -47.00000000000000000 ) ) ;
#464 =( LENGTH_UNIT ( ) NAMED_UNIT ( * ) SI_UNIT ( .MILLI., .METRE. ) );
#465 = AXIS2_PLACEMENT_3D ( 'NONE', #352, #1312, #1468 ) ;
#466 = LINE ( 'NONE', #1013, #432 ) ;
#467 = CARTESIAN_POINT ( 'NONE',  ( 27.10030377641757937, 25.64106407528073106, -50.20000000000000284 ) ) ;
#468 = ORIENTED_EDGE ( 'NONE', *, *, #1195, .F. ) ;
#469 = ORIENTED_EDGE ( 'NONE', *, *, #1425, .T. ) ;
#470 = EDGE_CURVE ( 'NONE', #1382, #678, #540, .T. ) ;
#471 = DIRECTION ( 'NONE',  ( 0.000000000000000000, 1.000000000000000000, -0.000000000000000000 ) ) ;
#472 = PLANE ( 'NONE',  #567 ) ;
#473 = LINE ( 'NONE', #1222, #734 ) ;
#474 = CARTESIAN_POINT ( 'NONE',  ( -13.18889448696635114, 16.35245841428108804, -50.20000000000000284 ) ) ;
#475 = CARTESIAN_POINT ( 'NONE',  ( 34.60000000000000853, 5.000000000000000000, -50.20000000000000284 ) ) ;
#476 = VERTEX_POINT ( 'NONE', #1197 ) ;
#477 = EDGE_LOOP ( 'NONE', ( #626, #589, #501, #172 ) ) ;
#478 = CARTESIAN_POINT ( 'NONE',  ( -25.39999999999999858, 45.00000000000000000, -50.20000000000000284 ) ) ;
#479 = ORIENTED_EDGE ( 'NONE', *, *, #1651, .F. ) ;
#480 = EDGE_CURVE ( 'NONE', #260, #1048, #1072, .T. ) ;
#481 = DIRECTION ( 'NONE',  ( 1.734723475976807587E-16, 0.000000000000000000, 1.000000000000000000 ) ) ;
#482 = DIRECTION ( 'NONE',  ( 0.000000000000000000, 0.000000000000000000, 1.000000000000000000 ) ) ;
#483 = CARTESIAN_POINT ( 'NONE',  ( 34.60000000000000853, 36.50000000000000000, -47.00000000000000000 ) ) ;
#484 = DIRECTION ( 'NONE',  ( 0.000000000000000000, 0.000000000000000000, -1.000000000000000000 ) ) ;
#485 = ORIENTED_EDGE ( 'NONE', *, *, #930, .F. ) ;
#486 = EDGE_LOOP ( 'NONE', ( #415, #86, #1133, #518 ) ) ;
#487 = FACE_BOUND ( 'NONE', #997, .T. ) ;
#488 = STYLED_ITEM ( 'NONE', ( #637 ), #525 ) ;
#489 = DIRECTION ( 'NONE',  ( -1.000000000000000000, 0.000000000000000000, 0.000000000000000000 ) ) ;
#490 = VECTOR ( 'NONE', #1444, 1000.000000000000000 ) ;
#491 = EDGE_CURVE ( 'NONE', #1534, #918, #15, .T. ) ;
#492 = LINE ( 'NONE', #1638, #1090 ) ;
#493 = DIRECTION ( 'NONE',  ( 7.709882115452476934E-17, 1.000000000000000000, 0.000000000000000000 ) ) ;
#494 = ORIENTED_EDGE ( 'NONE', *, *, #23, .T. ) ;
#495 = ORIENTED_EDGE ( 'NONE', *, *, #8, .T. ) ;
#496 = LINE ( 'NONE', #1515, #1642 ) ;
#497 = CARTESIAN_POINT ( 'NONE',  ( -13.46546631438096142, 26.93469713437031743, -37.00000000000000711 ) ) ;
#498 = LINE ( 'NONE', #504, #1485 ) ;
#499 = CARTESIAN_POINT ( 'NONE',  ( 4.099999999999999645, 0.000000000000000000, -47.00000000000000000 ) ) ;
#500 = EDGE_CURVE ( 'NONE', #303, #1229, #324, .T. ) ;
#501 = ORIENTED_EDGE ( 'NONE', *, *, #65, .T. ) ;
#502 = ORIENTED_EDGE ( 'NONE', *, *, #23, .F. ) ;
#503 = CARTESIAN_POINT ( 'NONE',  ( 36.70000000000000284, 36.50000000000000000, -37.00000000000000711 ) ) ;
#504 = CARTESIAN_POINT ( 'NONE',  ( 27.10030377641757937, 25.64106407528073106, -37.00000000000000711 ) ) ;
#505 = DIRECTION ( 'NONE',  ( 0.000000000000000000, 1.000000000000000000, -0.000000000000000000 ) ) ;
#506 = VERTEX_POINT ( 'NONE', #700 ) ;
#507 = EDGE_LOOP ( 'NONE', ( #22, #744, #313, #178 ) ) ;
#508 = ADVANCED_FACE ( 'NONE', ( #1339 ), #706, .F. ) ;
#509 = ORIENTED_EDGE ( 'NONE', *, *, #1379, .T. ) ;
#510 = FACE_OUTER_BOUND ( 'NONE', #1300, .T. ) ;
#511 = VECTOR ( 'NONE', #1599, 1000.000000000000000 ) ;
#512 = CIRCLE ( 'NONE', #721, 1.600000000000000755 ) ;
#513 = CARTESIAN_POINT ( 'NONE',  ( 0.000000000000000000, 5.000000000000000000, -7.500000000000000000 ) ) ;
#514 = CARTESIAN_POINT ( 'NONE',  ( -20.29999999999999005, 36.50000000000000000, -50.20000000000000284 ) ) ;
#515 = AXIS2_PLACEMENT_3D ( 'NONE', #158, #1152, #528 ) ;
#516 = VECTOR ( 'NONE', #955, 1000.000000000000000 ) ;
#517 = ORIENTED_EDGE ( 'NONE', *, *, #52, .F. ) ;
#518 = ORIENTED_EDGE ( 'NONE', *, *, #1215, .F. ) ;
#519 = CARTESIAN_POINT ( 'NONE',  ( 0.000000000000000000, 0.000000000000000000, -9.099999999999999645 ) ) ;
#520 = EDGE_CURVE ( 'NONE', #674, #977, #988, .T. ) ;
#521 = DIRECTION ( 'NONE',  ( -0.000000000000000000, -1.000000000000000000, -0.000000000000000000 ) ) ;
#522 = PLANE ( 'NONE',  #747 ) ;
#523 = CARTESIAN_POINT ( 'NONE',  ( 18.30000000000001137, 0.000000000000000000, 16.00000000000000000 ) ) ;
#524 = EDGE_LOOP ( 'NONE', ( #1275, #1132 ) ) ;
#525 = MANIFOLD_SOLID_BREP ( '\X2\955c5411\X0\1', #121 ) ;
#526 = VECTOR ( 'NONE', #1282, 1000.000000000000000 ) ;
#527 = CARTESIAN_POINT ( 'NONE',  ( -17.18889448696635114, 16.35245841428108804, -37.00000000000000711 ) ) ;
#528 = DIRECTION ( 'NONE',  ( 0.000000000000000000, -0.000000000000000000, -1.000000000000000000 ) ) ;
#529 = DIRECTION ( 'NONE',  ( -0.000000000000000000, -0.000000000000000000, -1.000000000000000000 ) ) ;
#530 = DIRECTION ( 'NONE',  ( -0.000000000000000000, -0.000000000000000000, 1.000000000000000000 ) ) ;
#531 = ORIENTED_EDGE ( 'NONE', *, *, #1438, .F. ) ;
#532 = ORIENTED_EDGE ( 'NONE', *, *, #65, .F. ) ;
#533 = DIRECTION ( 'NONE',  ( -1.000000000000000000, 0.000000000000000000, 0.000000000000000000 ) ) ;
#534 = FACE_BOUND ( 'NONE', #163, .T. ) ;
#535 = ORIENTED_EDGE ( 'NONE', *, *, #549, .T. ) ;
#536 = CARTESIAN_POINT ( 'NONE',  ( -20.29999999999999005, 36.50000000000000000, -47.00000000000000000 ) ) ;
#537 = DIRECTION ( 'NONE',  ( -0.000000000000000000, -1.000000000000000000, -0.000000000000000000 ) ) ;
#538 = ADVANCED_FACE ( 'NONE', ( #1508 ), #866, .F. ) ;
#539 = ORIENTED_EDGE ( 'NONE', *, *, #668, .T. ) ;
#540 = CIRCLE ( 'NONE', #1489, 2.100000000000000977 ) ;
#541 = VECTOR ( 'NONE', #772, 1000.000000000000000 ) ;
#542 = ORIENTED_EDGE ( 'NONE', *, *, #705, .F. ) ;
#543 = DIRECTION ( 'NONE',  ( 0.000000000000000000, -1.000000000000000000, 0.000000000000000000 ) ) ;
#544 = VECTOR ( 'NONE', #639, 1000.000000000000000 ) ;
#545 = CARTESIAN_POINT ( 'NONE',  ( -13.46546631438096142, 36.73346449779660361, -50.20000000000000284 ) ) ;
#546 = VERTEX_POINT ( 'NONE', #629 ) ;
#547 = DIRECTION ( 'NONE',  ( 1.000000000000000000, 0.000000000000000000, 0.000000000000000000 ) ) ;
#548 = CARTESIAN_POINT ( 'NONE',  ( 34.60000000000000853, 5.000000000000000000, -50.20000000000000284 ) ) ;
#549 = EDGE_CURVE ( 'NONE', #428, #607, #1019, .T. ) ;
#550 = ORIENTED_EDGE ( 'NONE', *, *, #149, .T. ) ;
#551 = ORIENTED_EDGE ( 'NONE', *, *, #1634, .F. ) ;
#552 = FACE_OUTER_BOUND ( 'NONE', #876, .T. ) ;
#553 = LINE ( 'NONE', #446, #185 ) ;
#554 = VECTOR ( 'NONE', #1474, 1000.000000000000000 ) ;
#555 = ORIENTED_EDGE ( 'NONE', *, *, #1368, .F. ) ;
#556 = CARTESIAN_POINT ( 'NONE',  ( -20.29999999999999005, 36.50000000000000000, -37.00000000000000711 ) ) ;
#557 = PLANE ( 'NONE',  #170 ) ;
#558 = EDGE_LOOP ( 'NONE', ( #1296, #94, #1107, #1269 ) ) ;
#559 = ORIENTED_EDGE ( 'NONE', *, *, #829, .T. ) ;
#560 = LINE ( 'NONE', #1058, #1541 ) ;
#561 = EDGE_CURVE ( 'NONE', #1055, #1334, #512, .T. ) ;
#562 = FACE_OUTER_BOUND ( 'NONE', #1469, .T. ) ;
#563 = CARTESIAN_POINT ( 'NONE',  ( -4.099999999999999645, 5.000000000000000000, -16.00000000000000000 ) ) ;
#564 = CYLINDRICAL_SURFACE ( 'NONE', #840, 2.100000000000000977 ) ;
#565 = VERTEX_POINT ( 'NONE', #230 ) ;
#566 = ORIENTED_EDGE ( 'NONE', *, *, #749, .T. ) ;
#567 = AXIS2_PLACEMENT_3D ( 'NONE', #53, #978, #578 ) ;
#568 = ORIENTED_EDGE ( 'NONE', *, *, #117, .T. ) ;
#569 = VECTOR ( 'NONE', #306, 1000.000000000000000 ) ;
#570 = EDGE_CURVE ( 'NONE', #690, #1648, #120, .T. ) ;
#571 = DIRECTION ( 'NONE',  ( -0.000000000000000000, -0.000000000000000000, -1.000000000000000000 ) ) ;
#572 = DIRECTION ( 'NONE',  ( 1.000000000000000000, 0.000000000000000000, 0.000000000000000000 ) ) ;
#573 = CARTESIAN_POINT ( 'NONE',  ( 39.60000000000000142, 45.00000000000000000, -50.20000000000000284 ) ) ;
#574 = LINE ( 'NONE', #849, #67 ) ;
#575 = ORIENTED_EDGE ( 'NONE', *, *, #822, .T. ) ;
#576 = ORIENTED_EDGE ( 'NONE', *, *, #491, .T. ) ;
#577 = LINE ( 'NONE', #1077, #45 ) ;
#578 = DIRECTION ( 'NONE',  ( 0.000000000000000000, -0.000000000000000000, -1.000000000000000000 ) ) ;
#579 = AXIS2_PLACEMENT_3D ( 'NONE', #1234, #1097, #203 ) ;
#580 = DIRECTION ( 'NONE',  ( -0.000000000000000000, -1.000000000000000000, -0.000000000000000000 ) ) ;
#581 = ADVANCED_FACE ( 'NONE', ( #1389 ), #1637, .F. ) ;
#582 = ORIENTED_EDGE ( 'NONE', *, *, #1472, .F. ) ;
#583 = ORIENTED_EDGE ( 'NONE', *, *, #404, .T. ) ;
#584 = CARTESIAN_POINT ( 'NONE',  ( 23.25229982338321832, 19.11027463955969807, -47.00000000000000000 ) ) ;
#585 = LINE ( 'NONE', #463, #1065 ) ;
#586 = ORIENTED_EDGE ( 'NONE', *, *, #739, .F. ) ;
#587 = DIRECTION ( 'NONE',  ( 0.000000000000000000, 1.000000000000000000, 0.000000000000000000 ) ) ;
#588 = EDGE_CURVE ( 'NONE', #410, #359, #248, .T. ) ;
#589 = ORIENTED_EDGE ( 'NONE', *, *, #1081, .T. ) ;
#590 = AXIS2_PLACEMENT_3D ( 'NONE', #1502, #1616, #250 ) ;
#591 = CARTESIAN_POINT ( 'NONE',  ( 39.60000000000000142, 45.00000000000000000, -47.00000000000000000 ) ) ;
#592 = MECHANICAL_DESIGN_GEOMETRIC_PRESENTATION_REPRESENTATION (  '', ( #488 ), #184 ) ;
#593 = AXIS2_PLACEMENT_3D ( 'NONE', #1321, #193, #58 ) ;
#594 = CARTESIAN_POINT ( 'NONE',  ( 4.100000000000002309, 0.000000000000000000, -16.00000000000000000 ) ) ;
#595 = UNCERTAINTY_MEASURE_WITH_UNIT (LENGTH_MEASURE( 1.000000000000000082E-05 ), #464, 'distance_accuracy_value', 'NONE');
#596 = ORIENTED_EDGE ( 'NONE', *, *, #520, .T. ) ;
#597 = DIRECTION ( 'NONE',  ( 0.000000000000000000, -0.000000000000000000, 1.000000000000000000 ) ) ;
#598 = EDGE_LOOP ( 'NONE', ( #1268, #1316, #1310, #1514 ) ) ;
#599 = ORIENTED_EDGE ( 'NONE', *, *, #1317, .T. ) ;
#600 = EDGE_CURVE ( 'NONE', #690, #1069, #1010, .T. ) ;
#601 = LINE ( 'NONE', #1385, #378 ) ;
#602 = EDGE_LOOP ( 'NONE', ( #1005, #422 ) ) ;
#603 = DIRECTION ( 'NONE',  ( -1.000000000000000000, 0.000000000000000000, 0.000000000000000000 ) ) ;
#604 = AXIS2_PLACEMENT_3D ( 'NONE', #169, #1413, #151 ) ;
#605 = DIRECTION ( 'NONE',  ( 1.000000000000000000, 0.000000000000000000, 0.000000000000000000 ) ) ;
#606 = CARTESIAN_POINT ( 'NONE',  ( 34.60000000000000853, 36.50000000000000000, -37.00000000000000711 ) ) ;
#607 = VERTEX_POINT ( 'NONE', #1263 ) ;
#608 = EDGE_LOOP ( 'NONE', ( #517, #1621 ) ) ;
#609 = LINE ( 'NONE', #1262, #157 ) ;
#610 = EDGE_CURVE ( 'NONE', #1124, #1040, #1614, .T. ) ;
#611 = EDGE_LOOP ( 'NONE', ( #319, #39, #1633, #1226 ) ) ;
#612 = FACE_OUTER_BOUND ( 'NONE', #1357, .T. ) ;
#613 = PRODUCT_DEFINITION_CONTEXT ( 'detailed design', #36, 'design' ) ;
#614 = DIRECTION ( 'NONE',  ( -0.000000000000000000, -1.000000000000000000, -0.000000000000000000 ) ) ;
#615 = PLANE ( 'NONE',  #1335 ) ;
#616 = VERTEX_POINT ( 'NONE', #1120 ) ;
#617 = PRODUCT_DEFINITION_SHAPE ( 'NONE', 'NONE',  #225 ) ;
#618 = LINE ( 'NONE', #104, #723 ) ;
#619 = EDGE_CURVE ( 'NONE', #18, #1115, #112, .T. ) ;
#620 = DIRECTION ( 'NONE',  ( 0.000000000000000000, 0.000000000000000000, -1.000000000000000000 ) ) ;
#621 = VECTOR ( 'NONE', #1565, 1000.000000000000000 ) ;
#622 = EDGE_CURVE ( 'NONE', #664, #506, #90, .T. ) ;
#623 = CYLINDRICAL_SURFACE ( 'NONE', #1142, 1.600000000000000755 ) ;
#624 = LINE ( 'NONE', #2, #215 ) ;
#625 = VECTOR ( 'NONE', #84, 1000.000000000000000 ) ;
#626 = ORIENTED_EDGE ( 'NONE', *, *, #870, .T. ) ;
#627 = ORIENTED_EDGE ( 'NONE', *, *, #1162, .F. ) ;
#628 = DIRECTION ( 'NONE',  ( 0.000000000000000000, 1.000000000000000000, -0.000000000000000000 ) ) ;
#629 = CARTESIAN_POINT ( 'NONE',  ( 32.50000000000000711, 36.50000000000000000, -47.00000000000000000 ) ) ;
#630 = FACE_OUTER_BOUND ( 'NONE', #1422, .T. ) ;
#631 = DIRECTION ( 'NONE',  ( 0.000000000000000000, -0.000000000000000000, 1.000000000000000000 ) ) ;
#632 = ORIENTED_EDGE ( 'NONE', *, *, #1438, .T. ) ;
#633 = ADVANCED_FACE ( 'NONE', ( #612 ), #1112, .F. ) ;
#634 = ORIENTED_EDGE ( 'NONE', *, *, #878, .F. ) ;
#635 = AXIS2_PLACEMENT_3D ( 'NONE', #917, #820, #1073 ) ;
#636 = DIRECTION ( 'NONE',  ( -5.507058653894625853E-17, -0.000000000000000000, -1.000000000000000000 ) ) ;
#637 = PRESENTATION_STYLE_ASSIGNMENT (( #1493 ) ) ;
#638 = FACE_OUTER_BOUND ( 'NONE', #1074, .T. ) ;
#639 = DIRECTION ( 'NONE',  ( -0.000000000000000000, -0.000000000000000000, -1.000000000000000000 ) ) ;
#640 = EDGE_CURVE ( 'NONE', #402, #330, #810, .T. ) ;
#641 = ORIENTED_EDGE ( 'NONE', *, *, #1582, .F. ) ;
#642 = ORIENTED_EDGE ( 'NONE', *, *, #1018, .F. ) ;
#643 = DIRECTION ( 'NONE',  ( 1.000000000000000000, -0.000000000000000000, 0.000000000000000000 ) ) ;
#644 = DIRECTION ( 'NONE',  ( -0.000000000000000000, -1.000000000000000000, -0.000000000000000000 ) ) ;
#645 = CIRCLE ( 'NONE', #461, 1.599999999999999867 ) ;
#646 = CARTESIAN_POINT ( 'NONE',  ( -20.29999999999999005, 36.50000000000000000, -37.00000000000000711 ) ) ;
#647 = DIRECTION ( 'NONE',  ( -0.000000000000000000, 1.000000000000000000, 0.000000000000000000 ) ) ;
#648 = VECTOR ( 'NONE', #750, 1000.000000000000000 ) ;
#649 = VERTEX_POINT ( 'NONE', #799 ) ;
#650 = EDGE_LOOP ( 'NONE', ( #912, #934 ) ) ;
#651 = CARTESIAN_POINT ( 'NONE',  ( 4.099999999999999645, 5.000000000000000000, -16.00000000000000000 ) ) ;
#652 = FACE_BOUND ( 'NONE', #1292, .T. ) ;
#653 = FACE_OUTER_BOUND ( 'NONE', #135, .T. ) ;
#654 = DIRECTION ( 'NONE',  ( 0.000000000000000000, 0.000000000000000000, -1.000000000000000000 ) ) ;
#655 = EDGE_LOOP ( 'NONE', ( #1100, #1605 ) ) ;
#656 = ORIENTED_EDGE ( 'NONE', *, *, #1258, .T. ) ;
#657 = CARTESIAN_POINT ( 'NONE',  ( 27.25229982338322188, 8.169734192082643176, -47.00000000000000000 ) ) ;
#658 = ADVANCED_FACE ( 'NONE', ( #931 ), #272, .F. ) ;
#659 = LINE ( 'NONE', #35, #828 ) ;
#660 = ORIENTED_EDGE ( 'NONE', *, *, #976, .F. ) ;
#661 = FACE_BOUND ( 'NONE', #224, .T. ) ;
#662 = DIRECTION ( 'NONE',  ( 0.000000000000000000, 0.000000000000000000, 1.000000000000000000 ) ) ;
#663 = ORIENTED_EDGE ( 'NONE', *, *, #320, .T. ) ;
#664 = VERTEX_POINT ( 'NONE', #6 ) ;
#665 = DIRECTION ( 'NONE',  ( -0.000000000000000000, -1.000000000000000000, -0.000000000000000000 ) ) ;
#666 = CARTESIAN_POINT ( 'NONE',  ( 0.000000000000000000, 5.000000000000000000, -7.500000000000000000 ) ) ;
#667 = ORIENTED_EDGE ( 'NONE', *, *, #355, .F. ) ;
#668 = EDGE_CURVE ( 'NONE', #57, #218, #1280, .T. ) ;
#669 = CARTESIAN_POINT ( 'NONE',  ( 31.10030377641764332, 33.32381986519938977, -50.20000000000000284 ) ) ;
#670 = FACE_OUTER_BOUND ( 'NONE', #1187, .T. ) ;
#671 = ADVANCED_FACE ( 'NONE', ( #1295 ), #1410, .F. ) ;
#672 = ORIENTED_EDGE ( 'NONE', *, *, #1564, .T. ) ;
#673 = AXIS2_PLACEMENT_3D ( 'NONE', #846, #1345, #201 ) ;
#674 = VERTEX_POINT ( 'NONE', #545 ) ;
#675 = DIRECTION ( 'NONE',  ( -0.000000000000000000, 1.000000000000000000, 0.000000000000000000 ) ) ;
#676 = AXIS2_PLACEMENT_3D ( 'NONE', #1391, #265, #874 ) ;
#677 = CARTESIAN_POINT ( 'NONE',  ( 4.099999999999999645, 25.00000000000000000, -47.00000000000000000 ) ) ;
#678 = VERTEX_POINT ( 'NONE', #896 ) ;
#679 = LINE ( 'NONE', #1412, #853 ) ;
#680 = LINE ( 'NONE', #1568, #362 ) ;
#681 = ORIENTED_EDGE ( 'NONE', *, *, #813, .T. ) ;
#682 = ADVANCED_FACE ( 'NONE', ( #1025 ), #1435, .T. ) ;
#683 = ORIENTED_EDGE ( 'NONE', *, *, #1415, .F. ) ;
#684 = CARTESIAN_POINT ( 'NONE',  ( -13.46546631438096142, 0.000000000000000000, -47.00000000000000000 ) ) ;
#685 = DIRECTION ( 'NONE',  ( -0.000000000000000000, -1.000000000000000000, -0.000000000000000000 ) ) ;
#686 = DIRECTION ( 'NONE',  ( -1.000000000000000000, 0.000000000000000000, 0.000000000000000000 ) ) ;
#687 = LINE ( 'NONE', #573, #920 ) ;
#688 = EDGE_LOOP ( 'NONE', ( #1558, #787, #559, #582 ) ) ;
#689 = ADVANCED_FACE ( 'NONE', ( #562 ), #782, .F. ) ;
#690 = VERTEX_POINT ( 'NONE', #138 ) ;
#691 = CARTESIAN_POINT ( 'NONE',  ( 34.60000000000000853, 5.000000000000000000, -47.00000000000000000 ) ) ;
#692 = DIRECTION ( 'NONE',  ( 0.000000000000000000, -0.000000000000000000, 1.000000000000000000 ) ) ;
#693 = DIRECTION ( 'NONE',  ( -0.000000000000000000, -0.000000000000000000, -1.000000000000000000 ) ) ;
#694 = VERTEX_POINT ( 'NONE', #298 ) ;
#695 = VECTOR ( 'NONE', #1249, 1000.000000000000000 ) ;
#696 = ORIENTED_EDGE ( 'NONE', *, *, #1346, .F. ) ;
#697 = VECTOR ( 'NONE', #369, 1000.000000000000000 ) ;
#698 = VECTOR ( 'NONE', #808, 1000.000000000000000 ) ;
#699 = DIRECTION ( 'NONE',  ( 1.000000000000000000, 0.000000000000000000, 0.000000000000000000 ) ) ;
#700 = CARTESIAN_POINT ( 'NONE',  ( 27.25229982338322188, 19.11027463955969807, -50.20000000000000284 ) ) ;
#701 = CYLINDRICAL_SURFACE ( 'NONE', #1212, 2.100000000000000977 ) ;
#702 = CARTESIAN_POINT ( 'NONE',  ( 23.25229982338321832, 8.169734192082643176, -37.00000000000000711 ) ) ;
#703 = ORIENTED_EDGE ( 'NONE', *, *, #106, .F. ) ;
#704 = CARTESIAN_POINT ( 'NONE',  ( -9.465466314380961421, 0.000000000000000000, -47.00000000000000000 ) ) ;
#705 = EDGE_CURVE ( 'NONE', #1497, #649, #1303, .T. ) ;
#706 = CYLINDRICAL_SURFACE ( 'NONE', #1537, 1.599999999999999867 ) ;
#707 = APPLICATION_PROTOCOL_DEFINITION ( 'draft international standard', 'automotive_design', 1998, #36 ) ;
#708 = DIRECTION ( 'NONE',  ( 0.000000000000000000, 0.000000000000000000, 1.000000000000000000 ) ) ;
#709 = DIRECTION ( 'NONE',  ( 0.000000000000000000, -1.000000000000000000, -0.000000000000000000 ) ) ;
#710 = ORIENTED_EDGE ( 'NONE', *, *, #1286, .F. ) ;
#711 = ORIENTED_EDGE ( 'NONE', *, *, #1239, .F. ) ;
#712 = CARTESIAN_POINT ( 'NONE',  ( 0.000000000000000000, 5.000000000000000000, 7.500000000000000000 ) ) ;
#713 = CARTESIAN_POINT ( 'NONE',  ( 27.25229982338322188, 19.11027463955969807, -47.00000000000000000 ) ) ;
#714 = DIRECTION ( 'NONE',  ( -1.000000000000000000, 0.000000000000000000, 0.000000000000000000 ) ) ;
#715 = EDGE_CURVE ( 'NONE', #273, #367, #1189, .T. ) ;
#716 = LINE ( 'NONE', #1087, #399 ) ;
#717 = LINE ( 'NONE', #1224, #987 ) ;
#718 = ORIENTED_EDGE ( 'NONE', *, *, #822, .F. ) ;
#719 = EDGE_CURVE ( 'NONE', #345, #737, #659, .T. ) ;
#720 = ORIENTED_EDGE ( 'NONE', *, *, #1544, .F. ) ;
#721 = AXIS2_PLACEMENT_3D ( 'NONE', #765, #372, #1127 ) ;
#722 = CARTESIAN_POINT ( 'NONE',  ( 10.10000000000000142, 25.00000000000000000, -47.00000000000000000 ) ) ;
#723 = VECTOR ( 'NONE', #1117, 1000.000000000000000 ) ;
#724 = AXIS2_PLACEMENT_3D ( 'NONE', #475, #206, #1106 ) ;
#725 = DIRECTION ( 'NONE',  ( 0.000000000000000000, 0.000000000000000000, -1.000000000000000000 ) ) ;
#726 = CARTESIAN_POINT ( 'NONE',  ( 27.25229982338322188, 8.169734192082643176, -37.00000000000000711 ) ) ;
#727 = ORIENTED_EDGE ( 'NONE', *, *, #457, .T. ) ;
#728 = CARTESIAN_POINT ( 'NONE',  ( 14.20000000000000817, 5.000000000000000000, -1.231653667943534220E-15 ) ) ;
#729 = ORIENTED_EDGE ( 'NONE', *, *, #1061, .F. ) ;
#730 = ADVANCED_FACE ( 'NONE', ( #1051, #1160, #409, #652, #534 ), #1557, .T. ) ;
#731 = DIRECTION ( 'NONE',  ( -0.000000000000000000, -0.000000000000000000, -1.000000000000000000 ) ) ;
#732 = VERTEX_POINT ( 'NONE', #1032 ) ;
#733 = CARTESIAN_POINT ( 'NONE',  ( 36.52246901137910129, 5.000000000000000000, -37.00000000000000711 ) ) ;
#734 = VECTOR ( 'NONE', #580, 1000.000000000000000 ) ;
#735 = CARTESIAN_POINT ( 'NONE',  ( 32.67753098862090866, 5.000000000000000000, -50.20000000000000284 ) ) ;
#736 = DIRECTION ( 'NONE',  ( -1.734723475976807587E-16, 0.000000000000000000, -1.000000000000000000 ) ) ;
#737 = VERTEX_POINT ( 'NONE', #1522 ) ;
#738 = ORIENTED_EDGE ( 'NONE', *, *, #930, .T. ) ;
#739 = EDGE_CURVE ( 'NONE', #1433, #1311, #914, .T. ) ;
#740 = DIRECTION ( 'NONE',  ( 1.000000000000000000, 0.000000000000000000, -0.000000000000000000 ) ) ;
#741 = DIRECTION ( 'NONE',  ( -0.000000000000000000, -1.000000000000000000, -0.000000000000000000 ) ) ;
#742 = CARTESIAN_POINT ( 'NONE',  ( 1.959434878635765477E-16, 5.000000000000000000, -5.899999999999998579 ) ) ;
#743 = CARTESIAN_POINT ( 'NONE',  ( 0.000000000000000000, 19.11027463955969807, -47.00000000000000000 ) ) ;
#744 = ORIENTED_EDGE ( 'NONE', *, *, #588, .T. ) ;
#745 = EDGE_LOOP ( 'NONE', ( #1367, #531 ) ) ;
#746 = DIRECTION ( 'NONE',  ( 0.000000000000000000, 0.000000000000000000, -1.000000000000000000 ) ) ;
#747 = AXIS2_PLACEMENT_3D ( 'NONE', #264, #1390, #1129 ) ;
#748 = AXIS2_PLACEMENT_3D ( 'NONE', #1465, #1329, #725 ) ;
#749 = EDGE_CURVE ( 'NONE', #732, #218, #1180, .T. ) ;
#750 = DIRECTION ( 'NONE',  ( 1.000000000000000000, -0.000000000000000000, -0.000000000000000000 ) ) ;
#751 = VECTOR ( 'NONE', #1623, 1000.000000000000000 ) ;
#752 = DIRECTION ( 'NONE',  ( -0.000000000000000000, -1.000000000000000000, -0.000000000000000000 ) ) ;
#753 = CARTESIAN_POINT ( 'NONE',  ( -18.19999999999999218, 36.50000000000000000, -47.00000000000000000 ) ) ;
#754 = VECTOR ( 'NONE', #1158, 1000.000000000000000 ) ;
#755 = ORIENTED_EDGE ( 'NONE', *, *, #139, .T. ) ;
#756 = VERTEX_POINT ( 'NONE', #280 ) ;
#757 = DIRECTION ( 'NONE',  ( -0.000000000000000000, -1.000000000000000000, -0.000000000000000000 ) ) ;
#758 = DIRECTION ( 'NONE',  ( -0.000000000000000000, -0.000000000000000000, -1.000000000000000000 ) ) ;
#759 = EDGE_CURVE ( 'NONE', #75, #1399, #1255, .T. ) ;
#760 = CYLINDRICAL_SURFACE ( 'NONE', #1171, 2.099999999999997868 ) ;
#761 = DIRECTION ( 'NONE',  ( -1.000000000000000000, 0.000000000000000000, 0.000000000000000000 ) ) ;
#762 = ORIENTED_EDGE ( 'NONE', *, *, #836, .F. ) ;
#763 = AXIS2_PLACEMENT_3D ( 'NONE', #1607, #482, #832 ) ;
#764 = DIRECTION ( 'NONE',  ( -5.507058653894625853E-17, -0.000000000000000000, -1.000000000000000000 ) ) ;
#765 = CARTESIAN_POINT ( 'NONE',  ( 0.000000000000000000, 0.000000000000000000, -7.500000000000000000 ) ) ;
#766 = FACE_OUTER_BOUND ( 'NONE', #145, .T. ) ;
#767 = DIRECTION ( 'NONE',  ( -1.000000000000000000, 0.000000000000000000, 0.000000000000000000 ) ) ;
#768 = ORIENTED_EDGE ( 'NONE', *, *, #1533, .T. ) ;
#769 = EDGE_CURVE ( 'NONE', #1056, #977, #553, .T. ) ;
#770 = ORIENTED_EDGE ( 'NONE', *, *, #1556, .F. ) ;
#771 = FACE_OUTER_BOUND ( 'NONE', #207, .T. ) ;
#772 = DIRECTION ( 'NONE',  ( -0.000000000000000000, -1.000000000000000000, -0.000000000000000000 ) ) ;
#773 = AXIS2_PLACEMENT_3D ( 'NONE', #186, #1078, #1207 ) ;
#774 = PLANE ( 'NONE',  #590 ) ;
#775 = CARTESIAN_POINT ( 'NONE',  ( 39.60000000000000142, 0.000000000000000000, -50.20000000000000284 ) ) ;
#776 = AXIS2_PLACEMENT_3D ( 'NONE', #97, #521, #620 ) ;
#777 = AXIS2_PLACEMENT_3D ( 'NONE', #606, #1114, #850 ) ;
#778 = ORIENTED_EDGE ( 'NONE', *, *, #1564, .F. ) ;
#779 = EDGE_CURVE ( 'NONE', #1433, #1375, #209, .T. ) ;
#780 = VERTEX_POINT ( 'NONE', #460 ) ;
#781 = CARTESIAN_POINT ( 'NONE',  ( -9.465466314380961421, 36.73346449779660361, -47.00000000000000000 ) ) ;
#782 = CYLINDRICAL_SURFACE ( 'NONE', #71, 1.599999999999999867 ) ;
#783 = EDGE_LOOP ( 'NONE', ( #1649, #1320, #1246, #485 ) ) ;
#784 = DIRECTION ( 'NONE',  ( -1.000000000000000000, 0.000000000000000000, 0.000000000000000000 ) ) ;
#785 = CYLINDRICAL_SURFACE ( 'NONE', #635, 1.599999999999999867 ) ;
#786 = VERTEX_POINT ( 'NONE', #79 ) ;
#787 = ORIENTED_EDGE ( 'NONE', *, *, #610, .T. ) ;
#788 = LINE ( 'NONE', #1424, #1094 ) ;
#789 = EDGE_CURVE ( 'NONE', #1288, #1056, #951, .T. ) ;
#790 = DIRECTION ( 'NONE',  ( -0.000000000000000000, -0.000000000000000000, -1.000000000000000000 ) ) ;
#791 = EDGE_CURVE ( 'NONE', #303, #1251, #1205, .T. ) ;
#792 = ORIENTED_EDGE ( 'NONE', *, *, #149, .F. ) ;
#793 = FACE_OUTER_BOUND ( 'NONE', #598, .T. ) ;
#794 = FACE_OUTER_BOUND ( 'NONE', #388, .T. ) ;
#795 = ORIENTED_EDGE ( 'NONE', *, *, #1556, .T. ) ;
#796 = ORIENTED_EDGE ( 'NONE', *, *, #1454, .F. ) ;
#797 = CARTESIAN_POINT ( 'NONE',  ( -0.000000000000000000, 8.169734192082643176, -47.00000000000000000 ) ) ;
#798 = AXIS2_PLACEMENT_3D ( 'NONE', #455, #222, #335 ) ;
#799 = CARTESIAN_POINT ( 'NONE',  ( 4.100000000000005862, 5.000000000000000888, 16.00000000000000000 ) ) ;
#800 = EDGE_LOOP ( 'NONE', ( #171, #1511, #551, #479 ) ) ;
#801 = EDGE_CURVE ( 'NONE', #1334, #1055, #243, .T. ) ;
#802 = CARTESIAN_POINT ( 'NONE',  ( 39.60000000000000142, 0.000000000000000000, -47.00000000000000000 ) ) ;
#803 = CARTESIAN_POINT ( 'NONE',  ( 0.000000000000000000, 5.000000000000000000, -9.099999999999999645 ) ) ;
#804 = VECTOR ( 'NONE', #1044, 1000.000000000000000 ) ;
#805 = VERTEX_POINT ( 'NONE', #339 ) ;
#806 = VECTOR ( 'NONE', #300, 1000.000000000000000 ) ;
#807 = ORIENTED_EDGE ( 'NONE', *, *, #561, .F. ) ;
#808 = DIRECTION ( 'NONE',  ( 1.000000000000000000, 0.000000000000000000, 0.000000000000000000 ) ) ;
#809 = AXIS2_PLACEMENT_3D ( 'NONE', #286, #895, #1285 ) ;
#810 = LINE ( 'NONE', #1169, #350 ) ;
#811 = CARTESIAN_POINT ( 'NONE',  ( 23.25229982338321832, 8.169734192082643176, -37.00000000000000711 ) ) ;
#812 = DIRECTION ( 'NONE',  ( -1.000000000000000000, 0.000000000000000000, 0.000000000000000000 ) ) ;
#813 = EDGE_CURVE ( 'NONE', #737, #805, #1464, .T. ) ;
#814 = ORIENTED_EDGE ( 'NONE', *, *, #1239, .T. ) ;
#815 = ORIENTED_EDGE ( 'NONE', *, *, #127, .F. ) ;
#816 = ORIENTED_EDGE ( 'NONE', *, *, #44, .F. ) ;
#817 = AXIS2_PLACEMENT_3D ( 'NONE', #726, #1348, #979 ) ;
#818 = DIRECTION ( 'NONE',  ( -1.000000000000000000, 0.000000000000000000, 0.000000000000000000 ) ) ;
#819 = CARTESIAN_POINT ( 'NONE',  ( 34.60000000000000853, 36.50000000000000000, -50.20000000000000284 ) ) ;
#820 = DIRECTION ( 'NONE',  ( -0.000000000000000000, -1.000000000000000000, -0.000000000000000000 ) ) ;
#821 = ORIENTED_EDGE ( 'NONE', *, *, #1175, .T. ) ;
#822 = EDGE_CURVE ( 'NONE', #1251, #649, #1095, .T. ) ;
#823 = ORIENTED_EDGE ( 'NONE', *, *, #899, .T. ) ;
#824 = DIRECTION ( 'NONE',  ( 0.000000000000000000, 0.000000000000000000, 1.000000000000000000 ) ) ;
#825 = PLANE ( 'NONE',  #879 ) ;
#826 = VERTEX_POINT ( 'NONE', #51 ) ;
#827 = CIRCLE ( 'NONE', #433, 1.599999999999999867 ) ;
#828 = VECTOR ( 'NONE', #147, 1000.000000000000000 ) ;
#829 = EDGE_CURVE ( 'NONE', #1040, #674, #68, .T. ) ;
#830 = CARTESIAN_POINT ( 'NONE',  ( 14.20000000000000639, 0.000000000000000000, -5.900000000000000355 ) ) ;
#831 = CARTESIAN_POINT ( 'NONE',  ( -4.099999999999999645, 5.000000000000000000, -16.00000000000000000 ) ) ;
#832 = DIRECTION ( 'NONE',  ( 1.000000000000000000, 0.000000000000000000, 0.000000000000000000 ) ) ;
#833 = CARTESIAN_POINT ( 'NONE',  ( 10.10000000000000497, 5.000000000000000000, -16.00000000000000000 ) ) ;
#834 = CARTESIAN_POINT ( 'NONE',  ( -9.465466314380961421, 26.93469713437031743, -37.00000000000000711 ) ) ;
#835 = ORIENTED_EDGE ( 'NONE', *, *, #715, .T. ) ;
#836 = EDGE_CURVE ( 'NONE', #277, #967, #938, .T. ) ;
#837 = LINE ( 'NONE', #452, #323 ) ;
#838 = EDGE_CURVE ( 'NONE', #366, #869, #1328, .T. ) ;
#839 = CARTESIAN_POINT ( 'NONE',  ( 32.67753098862090866, 5.000000000000000000, -47.00000000000000000 ) ) ;
#840 = AXIS2_PLACEMENT_3D ( 'NONE', #1421, #10, #309 ) ;
#841 = CARTESIAN_POINT ( 'NONE',  ( 14.20000000000000995, 0.000000000000000000, 5.899999999999998579 ) ) ;
#842 = CARTESIAN_POINT ( 'NONE',  ( 34.60000000000000853, 5.000000000000000000, -47.00000000000000000 ) ) ;
#843 = CARTESIAN_POINT ( 'NONE',  ( -17.18889448696635114, 0.000000000000000000, -47.00000000000000000 ) ) ;
#844 = EDGE_LOOP ( 'NONE', ( #973, #857, #937, #656 ) ) ;
#845 = EDGE_LOOP ( 'NONE', ( #174, #434 ) ) ;
#846 = CARTESIAN_POINT ( 'NONE',  ( 14.20000000000000639, 0.000000000000000000, -7.500000000000000888 ) ) ;
#847 = CARTESIAN_POINT ( 'NONE',  ( 18.30000000000001137, 5.000000000000000000, 16.00000000000000000 ) ) ;
#848 = EDGE_CURVE ( 'NONE', #366, #1261, #462, .T. ) ;
#849 = CARTESIAN_POINT ( 'NONE',  ( 18.30000000000000426, 0.000000000000000000, -16.00000000000000000 ) ) ;
#850 = DIRECTION ( 'NONE',  ( -1.000000000000000000, 0.000000000000000000, 0.000000000000000000 ) ) ;
#851 = ORIENTED_EDGE ( 'NONE', *, *, #137, .T. ) ;
#852 = ORIENTED_EDGE ( 'NONE', *, *, #96, .T. ) ;
#853 = VECTOR ( 'NONE', #411, 1000.000000000000000 ) ;
#854 = DIRECTION ( 'NONE',  ( -0.000000000000000000, -0.000000000000000000, -1.000000000000000000 ) ) ;
#855 = CIRCLE ( 'NONE', #1591, 1.599999999999999867 ) ;
#856 = VECTOR ( 'NONE', #146, 1000.000000000000000 ) ;
#857 = ORIENTED_EDGE ( 'NONE', *, *, #862, .T. ) ;
#858 = CARTESIAN_POINT ( 'NONE',  ( 34.60000000000000853, 5.000000000000000000, -37.00000000000000711 ) ) ;
#859 = CARTESIAN_POINT ( 'NONE',  ( -20.29999999999999005, 5.000000000000000000, -37.00000000000000711 ) ) ;
#860 = CARTESIAN_POINT ( 'NONE',  ( 4.099999999999999645, 0.000000000000000000, -47.00000000000000000 ) ) ;
#861 = LINE ( 'NONE', #1099, #48 ) ;
#862 = EDGE_CURVE ( 'NONE', #18, #387, #1386, .T. ) ;
#863 = ORIENTED_EDGE ( 'NONE', *, *, #878, .T. ) ;
#864 = ORIENTED_EDGE ( 'NONE', *, *, #1447, .T. ) ;
#865 = CARTESIAN_POINT ( 'NONE',  ( 31.10030377641764332, 33.32381986519938977, -37.00000000000000711 ) ) ;
#866 = CYLINDRICAL_SURFACE ( 'NONE', #293, 1.922469011379095205 ) ;
#867 = CARTESIAN_POINT ( 'NONE',  ( 1.959434878635764984E-16, 0.000000000000000000, -5.899999999999998579 ) ) ;
#868 = ORIENTED_EDGE ( 'NONE', *, *, #570, .F. ) ;
#869 = VERTEX_POINT ( 'NONE', #830 ) ;
#870 = EDGE_CURVE ( 'NONE', #410, #756, #577, .T. ) ;
#871 = FACE_BOUND ( 'NONE', #800, .T. ) ;
#872 =( NAMED_UNIT ( * ) SI_UNIT ( $, .STERADIAN. ) SOLID_ANGLE_UNIT ( ) );
#873 = CARTESIAN_POINT ( 'NONE',  ( 4.099999999999999645, 5.000000000000000000, 16.00000000000000000 ) ) ;
#874 = DIRECTION ( 'NONE',  ( -1.000000000000000000, 0.000000000000000000, 0.000000000000000000 ) ) ;
#875 = ORIENTED_EDGE ( 'NONE', *, *, #1425, .F. ) ;
#876 = EDGE_LOOP ( 'NONE', ( #1540, #1092, #191, #575 ) ) ;
#877 = LINE ( 'NONE', #346, #697 ) ;
#878 = EDGE_CURVE ( 'NONE', #1288, #1365, #1596, .T. ) ;
#879 = AXIS2_PLACEMENT_3D ( 'NONE', #1085, #333, #341 ) ;
#880 = SURFACE_SIDE_STYLE ('',( #1501 ) ) ;
#881 = VECTOR ( 'NONE', #731, 1000.000000000000000 ) ;
#882 = LINE ( 'NONE', #1397, #125 ) ;
#883 = PLANE ( 'NONE',  #1644 ) ;
#884 = VECTOR ( 'NONE', #1632, 1000.000000000000000 ) ;
#885 = ORIENTED_EDGE ( 'NONE', *, *, #1286, .T. ) ;
#886 = ORIENTED_EDGE ( 'NONE', *, *, #1184, .F. ) ;
#887 = ORIENTED_EDGE ( 'NONE', *, *, #600, .F. ) ;
#888 = FACE_OUTER_BOUND ( 'NONE', #1561, .T. ) ;
#889 = EDGE_CURVE ( 'NONE', #387, #41, #837, .T. ) ;
#890 = DIRECTION ( 'NONE',  ( -0.000000000000000000, -0.000000000000000000, 1.000000000000000000 ) ) ;
#891 = DIRECTION ( 'NONE',  ( -0.000000000000000000, -0.000000000000000000, -1.000000000000000000 ) ) ;
#892 = CARTESIAN_POINT ( 'NONE',  ( 14.20000000000000639, 0.000000000000000000, -9.099999999999999645 ) ) ;
#893 = VERTEX_POINT ( 'NONE', #1337 ) ;
#894 = ORIENTED_EDGE ( 'NONE', *, *, #414, .T. ) ;
#895 = DIRECTION ( 'NONE',  ( 0.000000000000000000, -1.000000000000000000, 0.000000000000000000 ) ) ;
#896 = CARTESIAN_POINT ( 'NONE',  ( -22.39999999999999147, 36.50000000000000000, -47.00000000000000000 ) ) ;
#897 = DIRECTION ( 'NONE',  ( 0.000000000000000000, 0.000000000000000000, -1.000000000000000000 ) ) ;
#898 = CARTESIAN_POINT ( 'NONE',  ( -13.18889448696635114, 5.508790402892081772, -37.00000000000000711 ) ) ;
#899 = EDGE_CURVE ( 'NONE', #116, #1648, #986, .T. ) ;
#900 = VERTEX_POINT ( 'NONE', #584 ) ;
#901 = EDGE_LOOP ( 'NONE', ( #1547, #190, #12, #180 ) ) ;
#902 = PLANE ( 'NONE',  #297 ) ;
#903 = DIRECTION ( 'NONE',  ( -0.000000000000000000, -1.000000000000000000, -0.000000000000000000 ) ) ;
#904 = AXIS2_PLACEMENT_3D ( 'NONE', #1233, #1347, #202 ) ;
#905 = DIRECTION ( 'NONE',  ( -0.000000000000000000, -1.000000000000000000, -0.000000000000000000 ) ) ;
#906 = PLANE ( 'NONE',  #604 ) ;
#907 = AXIS2_PLACEMENT_3D ( 'NONE', #398, #903, #1530 ) ;
#908 = VECTOR ( 'NONE', #407, 1000.000000000000000 ) ;
#909 = EDGE_CURVE ( 'NONE', #1324, #869, #1360, .T. ) ;
#910 = ORIENTED_EDGE ( 'NONE', *, *, #838, .T. ) ;
#911 = EDGE_CURVE ( 'NONE', #918, #1534, #855, .T. ) ;
#912 = ORIENTED_EDGE ( 'NONE', *, *, #8, .F. ) ;
#913 = CARTESIAN_POINT ( 'NONE',  ( -20.29999999999999005, 5.000000000000000000, -50.20000000000000284 ) ) ;
#914 = LINE ( 'NONE', #677, #1279 ) ;
#915 = ORIENTED_EDGE ( 'NONE', *, *, #204, .T. ) ;
#916 = FACE_BOUND ( 'NONE', #783, .T. ) ;
#917 = CARTESIAN_POINT ( 'NONE',  ( 14.20000000000000995, 5.000000000000000000, 7.499999999999999112 ) ) ;
#918 = VERTEX_POINT ( 'NONE', #1471 ) ;
#919 = VERTEX_POINT ( 'NONE', #175 ) ;
#920 = VECTOR ( 'NONE', #1446, 1000.000000000000000 ) ;
#921 = DIRECTION ( 'NONE',  ( -0.000000000000000000, -0.000000000000000000, -1.000000000000000000 ) ) ;
#922 = EDGE_CURVE ( 'NONE', #805, #919, #1196, .T. ) ;
#923 = DIRECTION ( 'NONE',  ( 1.000000000000000000, 0.000000000000000000, -1.734723475976807587E-16 ) ) ;
#924 = ORIENTED_EDGE ( 'NONE', *, *, #640, .T. ) ;
#925 = DIRECTION ( 'NONE',  ( -1.000000000000000000, 0.000000000000000000, 1.734723475976807587E-16 ) ) ;
#926 = DIRECTION ( 'NONE',  ( -0.000000000000000000, -1.000000000000000000, -0.000000000000000000 ) ) ;
#927 = EDGE_LOOP ( 'NONE', ( #1218, #329, #7, #1089 ) ) ;
#928 = ORIENTED_EDGE ( 'NONE', *, *, #1225, .F. ) ;
#929 = LINE ( 'NONE', #797, #698 ) ;
#930 = EDGE_CURVE ( 'NONE', #1124, #1288, #609, .T. ) ;
#931 = FACE_OUTER_BOUND ( 'NONE', #1148, .T. ) ;
#932 = LINE ( 'NONE', #802, #1384 ) ;
#933 = DIRECTION ( 'NONE',  ( 0.000000000000000000, 0.000000000000000000, -1.000000000000000000 ) ) ;
#934 = ORIENTED_EDGE ( 'NONE', *, *, #332, .F. ) ;
#935 = AXIS2_PLACEMENT_3D ( 'NONE', #1395, #628, #1603 ) ;
#936 = VECTOR ( 'NONE', #1147, 1000.000000000000000 ) ;
#937 = ORIENTED_EDGE ( 'NONE', *, *, #889, .T. ) ;
#938 = LINE ( 'NONE', #591, #490 ) ;
#939 = EDGE_CURVE ( 'NONE', #780, #616, #363, .T. ) ;
#940 = FACE_BOUND ( 'NONE', #608, .T. ) ;
#941 = DIRECTION ( 'NONE',  ( 1.000000000000000000, 0.000000000000000000, 0.000000000000000000 ) ) ;
#942 = ADVANCED_FACE ( 'NONE', ( #254, #871, #1378, #1622, #1240, #110, #95, #487, #1000 ), #235, .F. ) ;
#943 = ORIENTED_EDGE ( 'NONE', *, *, #668, .F. ) ;
#944 = ORIENTED_EDGE ( 'NONE', *, *, #192, .F. ) ;
#945 = CARTESIAN_POINT ( 'NONE',  ( 0.000000000000000000, 0.000000000000000000, -7.500000000000000000 ) ) ;
#946 = DIRECTION ( 'NONE',  ( 0.000000000000000000, 1.000000000000000000, -0.000000000000000000 ) ) ;
#947 = FACE_OUTER_BOUND ( 'NONE', #347, .T. ) ;
#948 = PLANE ( 'NONE',  #182 ) ;
#949 = EDGE_CURVE ( 'NONE', #4, #1433, #1479, .T. ) ;
#950 = ORIENTED_EDGE ( 'NONE', *, *, #383, .T. ) ;
#951 = LINE ( 'NONE', #704, #1174 ) ;
#952 = DIRECTION ( 'NONE',  ( -1.734723475976807587E-16, 0.000000000000000000, -1.000000000000000000 ) ) ;
#953 = FACE_OUTER_BOUND ( 'NONE', #1443, .T. ) ;
#954 = LINE ( 'NONE', #980, #1168 ) ;
#955 = DIRECTION ( 'NONE',  ( 0.000000000000000000, 1.000000000000000000, 0.000000000000000000 ) ) ;
#956 = EDGE_CURVE ( 'NONE', #128, #1375, #1612, .T. ) ;
#957 = VECTOR ( 'NONE', #481, 1000.000000000000000 ) ;
#958 = VECTOR ( 'NONE', #17, 1000.000000000000000 ) ;
#959 = EDGE_CURVE ( 'NONE', #1311, #1497, #877, .T. ) ;
#960 = AXIS2_PLACEMENT_3D ( 'NONE', #1590, #587, #597 ) ;
#961 = DIRECTION ( 'NONE',  ( 0.000000000000000000, -0.000000000000000000, 1.000000000000000000 ) ) ;
#962 = DIRECTION ( 'NONE',  ( 0.000000000000000000, 0.000000000000000000, -1.000000000000000000 ) ) ;
#963 = FACE_OUTER_BOUND ( 'NONE', #1318, .T. ) ;
#964 = LINE ( 'NONE', #1235, #1113 ) ;
#965 = FACE_OUTER_BOUND ( 'NONE', #901, .T. ) ;
#966 = VERTEX_POINT ( 'NONE', #1135 ) ;
#967 = VERTEX_POINT ( 'NONE', #1109 ) ;
#968 = DIRECTION ( 'NONE',  ( 0.000000000000000000, 0.000000000000000000, -1.000000000000000000 ) ) ;
#969 = EDGE_CURVE ( 'NONE', #506, #1416, #601, .T. ) ;
#970 = FACE_OUTER_BOUND ( 'NONE', #1125, .T. ) ;
#971 = CARTESIAN_POINT ( 'NONE',  ( 1.959434878635764244E-16, 0.000000000000000000, 9.099999999999999645 ) ) ;
#972 = DIRECTION ( 'NONE',  ( 1.000000000000000000, -0.000000000000000000, -1.734723475976807587E-16 ) ) ;
#973 = ORIENTED_EDGE ( 'NONE', *, *, #619, .F. ) ;
#974 = ORIENTED_EDGE ( 'NONE', *, *, #404, .F. ) ;
#975 = DIRECTION ( 'NONE',  ( 0.000000000000000000, 0.000000000000000000, 1.000000000000000000 ) ) ;
#976 = EDGE_CURVE ( 'NONE', #24, #966, #1437, .T. ) ;
#977 = VERTEX_POINT ( 'NONE', #356 ) ;
#978 = DIRECTION ( 'NONE',  ( 0.000000000000000000, -1.000000000000000000, 0.000000000000000000 ) ) ;
#979 = DIRECTION ( 'NONE',  ( 0.000000000000000000, 0.000000000000000000, -1.000000000000000000 ) ) ;
#980 = CARTESIAN_POINT ( 'NONE',  ( 31.10030377641764332, 33.32381986519938977, -50.20000000000000284 ) ) ;
#981 = CARTESIAN_POINT ( 'NONE',  ( 14.20000000000000639, 5.000000000000000000, -9.099999999999999645 ) ) ;
#982 = ORIENTED_EDGE ( 'NONE', *, *, #1121, .F. ) ;
#983 = ORIENTED_EDGE ( 'NONE', *, *, #1651, .T. ) ;
#984 = VECTOR ( 'NONE', #1452, 1000.000000000000000 ) ;
#985 = CARTESIAN_POINT ( 'NONE',  ( 0.000000000000000000, 0.000000000000000000, 7.500000000000000000 ) ) ;
#986 = CIRCLE ( 'NONE', #593, 1.599999999999999867 ) ;
#987 = VECTOR ( 'NONE', #493, 1000.000000000000000 ) ;
#988 = LINE ( 'NONE', #1144, #377 ) ;
#989 = CARTESIAN_POINT ( 'NONE',  ( 10.10000000000000497, 0.000000000000000000, -16.00000000000000000 ) ) ;
#990 = FACE_BOUND ( 'NONE', #845, .T. ) ;
#991 = EDGE_LOOP ( 'NONE', ( #532, #1498, #502, #642 ) ) ;
#992 = ORIENTED_EDGE ( 'NONE', *, *, #1388, .F. ) ;
#993 = CARTESIAN_POINT ( 'NONE',  ( 0.000000000000000000, 5.000000000000000000, -7.500000000000000000 ) ) ;
#994 = CARTESIAN_POINT ( 'NONE',  ( 27.25229982338322188, 19.11027463955969807, -50.20000000000000284 ) ) ;
#995 = CARTESIAN_POINT ( 'NONE',  ( -4.099999999999999645, 5.000000000000000000, 16.00000000000000000 ) ) ;
#996 = LINE ( 'NONE', #394, #884 ) ;
#997 = EDGE_LOOP ( 'NONE', ( #361, #778 ) ) ;
#998 = ADVANCED_FACE ( 'NONE', ( #510 ), #1008, .F. ) ;
#999 = ORIENTED_EDGE ( 'NONE', *, *, #619, .T. ) ;
#1000 = FACE_OUTER_BOUND ( 'NONE', #927, .T. ) ;
#1001 = DIRECTION ( 'NONE',  ( 1.000000000000000000, -0.000000000000000000, -0.000000000000000000 ) ) ;
#1002 = FACE_OUTER_BOUND ( 'NONE', #1219, .T. ) ;
#1003 = LINE ( 'NONE', #743, #227 ) ;
#1004 = VERTEX_POINT ( 'NONE', #1370 ) ;
#1005 = ORIENTED_EDGE ( 'NONE', *, *, #561, .T. ) ;
#1006 = EDGE_CURVE ( 'NONE', #919, #826, #618, .T. ) ;
#1007 = ORIENTED_EDGE ( 'NONE', *, *, #1533, .F. ) ;
#1008 = PLANE ( 'NONE',  #1620 ) ;
#1009 = VECTOR ( 'NONE', #890, 1000.000000000000000 ) ;
#1010 = CIRCLE ( 'NONE', #1461, 1.599999999999999867 ) ;
#1011 = FILL_AREA_STYLE_COLOUR ( '', #1199 ) ;
#1012 = VECTOR ( 'NONE', #1352, 1000.000000000000000 ) ;
#1013 = CARTESIAN_POINT ( 'NONE',  ( 39.60000000000000142, 45.00000000000000000, -50.20000000000000284 ) ) ;
#1014 = DIRECTION ( 'NONE',  ( -0.000000000000000000, -0.000000000000000000, 1.000000000000000000 ) ) ;
#1015 = VECTOR ( 'NONE', #1366, 1000.000000000000000 ) ;
#1016 = ORIENTED_EDGE ( 'NONE', *, *, #1305, .T. ) ;
#1017 = LINE ( 'NONE', #1650, #754 ) ;
#1018 = EDGE_CURVE ( 'NONE', #359, #616, #496, .T. ) ;
#1019 = LINE ( 'NONE', #1136, #1009 ) ;
#1020 = DIRECTION ( 'NONE',  ( 7.709882115452476934E-17, 1.000000000000000000, 0.000000000000000000 ) ) ;
#1021 = FACE_OUTER_BOUND ( 'NONE', #507, .T. ) ;
#1022 = VECTOR ( 'NONE', #1323, 1000.000000000000000 ) ;
#1023 = EDGE_LOOP ( 'NONE', ( #27, #667, #354, #1210 ) ) ;
#1024 = PLANE ( 'NONE',  #1202 ) ;
#1025 = FACE_OUTER_BOUND ( 'NONE', #445, .T. ) ;
#1026 = ADVANCED_FACE ( 'NONE', ( #888 ), #1507, .F. ) ;
#1027 = DIRECTION ( 'NONE',  ( -0.000000000000000000, -0.000000000000000000, -1.000000000000000000 ) ) ;
#1028 = CARTESIAN_POINT ( 'NONE',  ( 0.000000000000000000, 5.000000000000000000, -9.099999999999999645 ) ) ;
#1029 = ORIENTED_EDGE ( 'NONE', *, *, #759, .F. ) ;
#1030 = VERTEX_POINT ( 'NONE', #478 ) ;
#1031 = DIRECTION ( 'NONE',  ( -0.000000000000000000, -0.000000000000000000, -1.000000000000000000 ) ) ;
#1032 = CARTESIAN_POINT ( 'NONE',  ( 18.30000000000001137, 5.000000000000000000, 16.00000000000000000 ) ) ;
#1033 = ORIENTED_EDGE ( 'NONE', *, *, #789, .T. ) ;
#1034 = AXIS2_PLACEMENT_3D ( 'NONE', #1439, #1531, #37 ) ;
#1035 = CYLINDRICAL_SURFACE ( 'NONE', #101, 2.100000000000000977 ) ;
#1036 = DIRECTION ( 'NONE',  ( -1.000000000000000000, 0.000000000000000000, 0.000000000000000000 ) ) ;
#1037 = AXIS2_PLACEMENT_3D ( 'NONE', #131, #923, #1042 ) ;
#1038 = VECTOR ( 'NONE', #1031, 1000.000000000000000 ) ;
#1039 = EDGE_CURVE ( 'NONE', #1399, #75, #126, .T. ) ;
#1040 = VERTEX_POINT ( 'NONE', #219 ) ;
#1041 = FACE_OUTER_BOUND ( 'NONE', #423, .T. ) ;
#1042 = DIRECTION ( 'NONE',  ( -1.734723475976807587E-16, 0.000000000000000000, -1.000000000000000000 ) ) ;
#1043 = ORIENTED_EDGE ( 'NONE', *, *, #1047, .F. ) ;
#1044 = DIRECTION ( 'NONE',  ( 0.000000000000000000, -1.000000000000000000, 0.000000000000000000 ) ) ;
#1045 = LINE ( 'NONE', #1183, #1022 ) ;
#1046 = ORIENTED_EDGE ( 'NONE', *, *, #1338, .F. ) ;
#1047 = EDGE_CURVE ( 'NONE', #1351, #13, #1628, .T. ) ;
#1048 = VERTEX_POINT ( 'NONE', #1363 ) ;
#1049 = VECTOR ( 'NONE', #714, 1000.000000000000000 ) ;
#1050 = DIRECTION ( 'NONE',  ( -9.637352644315596475E-17, 0.000000000000000000, -1.000000000000000000 ) ) ;
#1051 = FACE_BOUND ( 'NONE', #602, .T. ) ;
#1052 = EDGE_LOOP ( 'NONE', ( #1545, #1082, #1327, #85 ) ) ;
#1053 = FACE_BOUND ( 'NONE', #650, .T. ) ;
#1054 = CARTESIAN_POINT ( 'NONE',  ( 14.20000000000000639, 5.000000000000000000, -7.500000000000000888 ) ) ;
#1055 = VERTEX_POINT ( 'NONE', #519 ) ;
#1056 = VERTEX_POINT ( 'NONE', #781 ) ;
#1057 = ORIENTED_EDGE ( 'NONE', *, *, #1377, .T. ) ;
#1058 = CARTESIAN_POINT ( 'NONE',  ( 14.20000000000000995, 5.000000000000000000, 9.099999999999997868 ) ) ;
#1059 = AXIS2_PLACEMENT_3D ( 'NONE', #483, #1453, #62 ) ;
#1060 = CARTESIAN_POINT ( 'NONE',  ( -13.46546631438096142, 26.93469713437031743, -50.20000000000000284 ) ) ;
#1061 = EDGE_CURVE ( 'NONE', #1229, #57, #1141, .T. ) ;
#1062 = VECTOR ( 'NONE', #1341, 1000.000000000000000 ) ;
#1063 = LINE ( 'NONE', #1567, #804 ) ;
#1064 = CARTESIAN_POINT ( 'NONE',  ( -22.39999999999999147, 36.50000000000000000, -37.00000000000000711 ) ) ;
#1065 = VECTOR ( 'NONE', #1597, 1000.000000000000000 ) ;
#1066 = ORIENTED_EDGE ( 'NONE', *, *, #1470, .T. ) ;
#1067 = VECTOR ( 'NONE', #790, 1000.000000000000000 ) ;
#1068 = EDGE_LOOP ( 'NONE', ( #894, #1343 ) ) ;
#1069 = VERTEX_POINT ( 'NONE', #14 ) ;
#1070 = CARTESIAN_POINT ( 'NONE',  ( -4.099999999999999645, 5.000000000000000000, 16.00000000000000000 ) ) ;
#1071 = EDGE_CURVE ( 'NONE', #893, #444, #1293, .T. ) ;
#1072 = LINE ( 'NONE', #1573, #1459 ) ;
#1073 = DIRECTION ( 'NONE',  ( 0.000000000000000000, 0.000000000000000000, -1.000000000000000000 ) ) ;
#1074 = EDGE_LOOP ( 'NONE', ( #1369, #164, #494, #304 ) ) ;
#1075 = ORIENTED_EDGE ( 'NONE', *, *, #60, .F. ) ;
#1076 = VECTOR ( 'NONE', #693, 1000.000000000000000 ) ;
#1077 = CARTESIAN_POINT ( 'NONE',  ( 0.000000000000000000, 16.35245841428108804, -47.00000000000000000 ) ) ;
#1078 = DIRECTION ( 'NONE',  ( 1.000000000000000000, 0.000000000000000000, 0.000000000000000000 ) ) ;
#1079 = EDGE_CURVE ( 'NONE', #1416, #476, #1555, .T. ) ;
#1080 = CARTESIAN_POINT ( 'NONE',  ( -4.099999999999999645, 0.000000000000000000, 16.00000000000000000 ) ) ;
#1081 = EDGE_CURVE ( 'NONE', #756, #330, #424, .T. ) ;
#1082 = ORIENTED_EDGE ( 'NONE', *, *, #1257, .F. ) ;
#1083 = DIRECTION ( 'NONE',  ( 0.000000000000000000, 1.000000000000000000, 0.000000000000000000 ) ) ;
#1084 = CIRCLE ( 'NONE', #798, 2.100000000000000977 ) ;
#1085 = CARTESIAN_POINT ( 'NONE',  ( -25.40000000000000213, 0.000000000000000000, -50.20000000000000284 ) ) ;
#1086 = LINE ( 'NONE', #1330, #554 ) ;
#1087 = CARTESIAN_POINT ( 'NONE',  ( -13.18889448696635114, 5.508790402892081772, -50.20000000000000284 ) ) ;
#1088 = CARTESIAN_POINT ( 'NONE',  ( -4.099999999999999645, 0.000000000000000000, -16.00000000000000000 ) ) ;
#1089 = ORIENTED_EDGE ( 'NONE', *, *, #11, .T. ) ;
#1090 = VECTOR ( 'NONE', #1525, 1000.000000000000000 ) ;
#1091 = EDGE_CURVE ( 'NONE', #1583, #1165, #929, .T. ) ;
#1092 = ORIENTED_EDGE ( 'NONE', *, *, #1309, .T. ) ;
#1093 = AXIS2_PLACEMENT_3D ( 'NONE', #229, #1270, #740 ) ;
#1094 = VECTOR ( 'NONE', #675, 1000.000000000000000 ) ;
#1095 = LINE ( 'NONE', #1070, #405 ) ;
#1096 = CARTESIAN_POINT ( 'NONE',  ( 39.60000000000000142, 0.000000000000000000, -50.20000000000000284 ) ) ;
#1097 = DIRECTION ( 'NONE',  ( -0.000000000000000000, -1.000000000000000000, -0.000000000000000000 ) ) ;
#1098 = CARTESIAN_POINT ( 'NONE',  ( 36.52246901137910129, 5.000000000000000000, -47.00000000000000000 ) ) ;
#1099 = CARTESIAN_POINT ( 'NONE',  ( 18.30000000000000426, 5.000000000000000000, -16.00000000000000000 ) ) ;
#1100 = ORIENTED_EDGE ( 'NONE', *, *, #340, .F. ) ;
#1101 = ADVANCED_FACE ( 'NONE', ( #1277 ), #1301, .F. ) ;
#1102 = DIRECTION ( 'NONE',  ( -0.000000000000000000, -0.000000000000000000, -1.000000000000000000 ) ) ;
#1103 = ORIENTED_EDGE ( 'NONE', *, *, #600, .T. ) ;
#1104 = LINE ( 'NONE', #1482, #348 ) ;
#1105 = DIRECTION ( 'NONE',  ( -1.000000000000000000, 0.000000000000000000, 0.000000000000000000 ) ) ;
#1106 = DIRECTION ( 'NONE',  ( -1.000000000000000000, 0.000000000000000000, 0.000000000000000000 ) ) ;
#1107 = ORIENTED_EDGE ( 'NONE', *, *, #44, .T. ) ;
#1108 = ORIENTED_EDGE ( 'NONE', *, *, #414, .F. ) ;
#1109 = CARTESIAN_POINT ( 'NONE',  ( 39.60000000000000142, 45.00000000000000000, -47.00000000000000000 ) ) ;
#1110 = EDGE_LOOP ( 'NONE', ( #431, #208, #992, #568 ) ) ;
#1111 = ADVANCED_FACE ( 'NONE', ( #1434 ), #902, .F. ) ;
#1112 = PLANE ( 'NONE',  #296 ) ;
#1113 = VECTOR ( 'NONE', #83, 1000.000000000000000 ) ;
#1114 = DIRECTION ( 'NONE',  ( -0.000000000000000000, -0.000000000000000000, -1.000000000000000000 ) ) ;
#1115 = VERTEX_POINT ( 'NONE', #1643 ) ;
#1116 = EDGE_LOOP ( 'NONE', ( #627, #555 ) ) ;
#1117 = DIRECTION ( 'NONE',  ( -1.000000000000000000, 0.000000000000000000, 0.000000000000000000 ) ) ;
#1118 = AXIS2_PLACEMENT_3D ( 'NONE', #945, #1083, #824 ) ;
#1119 = VECTOR ( 'NONE', #921, 1000.000000000000000 ) ;
#1120 = CARTESIAN_POINT ( 'NONE',  ( -13.18889448696635114, 5.508790402892081772, -50.20000000000000284 ) ) ;
#1121 = EDGE_CURVE ( 'NONE', #694, #1375, #1017, .T. ) ;
#1122 = DIRECTION ( 'NONE',  ( -0.000000000000000000, -0.000000000000000000, -1.000000000000000000 ) ) ;
#1123 = LINE ( 'NONE', #775, #1145 ) ;
#1124 = VERTEX_POINT ( 'NONE', #261 ) ;
#1125 = EDGE_LOOP ( 'NONE', ( #1181, #64, #50, #1431 ) ) ;
#1126 = DIRECTION ( 'NONE',  ( 0.000000000000000000, 1.000000000000000000, 0.000000000000000000 ) ) ;
#1127 = DIRECTION ( 'NONE',  ( 0.000000000000000000, 0.000000000000000000, 1.000000000000000000 ) ) ;
#1128 = VECTOR ( 'NONE', #926, 1000.000000000000000 ) ;
#1129 = DIRECTION ( 'NONE',  ( 0.000000000000000000, -0.000000000000000000, -1.000000000000000000 ) ) ;
#1130 = LINE ( 'NONE', #1154, #544 ) ;
#1131 = ADVANCED_FACE ( 'NONE', ( #771 ), #1024, .F. ) ;
#1132 = ORIENTED_EDGE ( 'NONE', *, *, #911, .F. ) ;
#1133 = ORIENTED_EDGE ( 'NONE', *, *, #425, .F. ) ;
#1134 = EDGE_CURVE ( 'NONE', #1382, #281, #397, .T. ) ;
#1135 = CARTESIAN_POINT ( 'NONE',  ( 0.000000000000000000, 0.000000000000000000, 5.899999999999999467 ) ) ;
#1136 = CARTESIAN_POINT ( 'NONE',  ( -25.40000000000000213, 0.000000000000000000, -50.20000000000000284 ) ) ;
#1137 = CARTESIAN_POINT ( 'NONE',  ( 34.60000000000000853, 36.50000000000000000, -37.00000000000000711 ) ) ;
#1138 = DIRECTION ( 'NONE',  ( 0.000000000000000000, 0.000000000000000000, 1.000000000000000000 ) ) ;
#1139 = ORIENTED_EDGE ( 'NONE', *, *, #715, .F. ) ;
#1140 = ADVANCED_FACE ( 'NONE', ( #1041 ), #1529, .F. ) ;
#1141 = LINE ( 'NONE', #1401, #856 ) ;
#1142 = AXIS2_PLACEMENT_3D ( 'NONE', #513, #374, #897 ) ;
#1143 = VECTOR ( 'NONE', #1220, 1000.000000000000000 ) ;
#1144 = CARTESIAN_POINT ( 'NONE',  ( -9.465466314380961421, 36.73346449779660361, -50.20000000000000284 ) ) ;
#1145 = VECTOR ( 'NONE', #1526, 1000.000000000000000 ) ;
#1146 = DIRECTION ( 'NONE',  ( -0.000000000000000000, -0.000000000000000000, -1.000000000000000000 ) ) ;
#1147 = DIRECTION ( 'NONE',  ( -1.000000000000000000, 0.000000000000000000, 1.734723475976807587E-16 ) ) ;
#1148 = EDGE_LOOP ( 'NONE', ( #1554, #910, #1550, #1166 ) ) ;
#1149 = ORIENTED_EDGE ( 'NONE', *, *, #1626, .T. ) ;
#1150 = CARTESIAN_POINT ( 'NONE',  ( 27.25229982338322188, 8.169734192082643176, -50.20000000000000284 ) ) ;
#1151 = ADVANCED_FACE ( 'NONE', ( #552, #270, #1179 ), #1417, .F. ) ;
#1152 = DIRECTION ( 'NONE',  ( 0.000000000000000000, -1.000000000000000000, 0.000000000000000000 ) ) ;
#1153 = PLANE ( 'NONE',  #1358 ) ;
#1154 = CARTESIAN_POINT ( 'NONE',  ( 27.10030377641757937, 33.32381986519938977, -37.00000000000000711 ) ) ;
#1155 = PRODUCT_DEFINITION_FORMATION_WITH_SPECIFIED_SOURCE ( 'ไป', '', #371, .NOT_KNOWN. ) ;
#1156 = ORIENTED_EDGE ( 'NONE', *, *, #769, .T. ) ;
#1157 = ORIENTED_EDGE ( 'NONE', *, *, #1257, .T. ) ;
#1158 = DIRECTION ( 'NONE',  ( -1.000000000000000000, 0.000000000000000000, 0.000000000000000000 ) ) ;
#1159 = PRODUCT_RELATED_PRODUCT_CATEGORY ( 'part', '', ( #371 ) ) ;
#1160 = FACE_OUTER_BOUND ( 'NONE', #141, .T. ) ;
#1161 = ORIENTED_EDGE ( 'NONE', *, *, #117, .F. ) ;
#1162 = EDGE_CURVE ( 'NONE', #134, #565, #103, .T. ) ;
#1163 = CARTESIAN_POINT ( 'NONE',  ( -18.19999999999999218, 36.50000000000000000, -50.20000000000000284 ) ) ;
#1164 = DIRECTION ( 'NONE',  ( 0.000000000000000000, 1.000000000000000000, -0.000000000000000000 ) ) ;
#1165 = VERTEX_POINT ( 'NONE', #657 ) ;
#1166 = ORIENTED_EDGE ( 'NONE', *, *, #1396, .F. ) ;
#1167 = DIRECTION ( 'NONE',  ( 0.000000000000000000, 0.000000000000000000, -1.000000000000000000 ) ) ;
#1168 = VECTOR ( 'NONE', #327, 1000.000000000000000 ) ;
#1169 = CARTESIAN_POINT ( 'NONE',  ( -17.18889448696635114, 5.508790402892081772, -50.20000000000000284 ) ) ;
#1170 = ORIENTED_EDGE ( 'NONE', *, *, #949, .F. ) ;
#1171 = AXIS2_PLACEMENT_3D ( 'NONE', #1137, #1559, #784 ) ;
#1172 = CARTESIAN_POINT ( 'NONE',  ( 10.10000000000000497, 5.000000000000000888, 16.00000000000000000 ) ) ;
#1173 = PLANE ( 'NONE',  #1371 ) ;
#1174 = VECTOR ( 'NONE', #1451, 1000.000000000000000 ) ;
#1175 = EDGE_CURVE ( 'NONE', #476, #664, #5, .T. ) ;
#1176 = VECTOR ( 'NONE', #1014, 1000.000000000000000 ) ;
#1177 = ORIENTED_EDGE ( 'NONE', *, *, #909, .T. ) ;
#1178 = ORIENTED_EDGE ( 'NONE', *, *, #137, .F. ) ;
#1179 = FACE_BOUND ( 'NONE', #524, .T. ) ;
#1180 = LINE ( 'NONE', #1418, #1228 ) ;
#1181 = ORIENTED_EDGE ( 'NONE', *, *, #1091, .T. ) ;
#1182 = FACE_OUTER_BOUND ( 'NONE', #1570, .T. ) ;
#1183 = CARTESIAN_POINT ( 'NONE',  ( -4.099999999999999645, 0.000000000000000000, -16.00000000000000000 ) ) ;
#1184 = EDGE_CURVE ( 'NONE', #780, #410, #788, .T. ) ;
#1185 = ORIENTED_EDGE ( 'NONE', *, *, #1215, .T. ) ;
#1186 = EDGE_CURVE ( 'NONE', #918, #24, #25, .T. ) ;
#1187 = EDGE_LOOP ( 'NONE', ( #950, #835, #915, #217 ) ) ;
#1188 = DIRECTION ( 'NONE',  ( 0.000000000000000000, -1.000000000000000000, 0.000000000000000000 ) ) ;
#1189 = LINE ( 'NONE', #1549, #1067 ) ;
#1190 = FACE_BOUND ( 'NONE', #1023, .T. ) ;
#1191 = FACE_OUTER_BOUND ( 'NONE', #477, .T. ) ;
#1192 = ORIENTED_EDGE ( 'NONE', *, *, #959, .T. ) ;
#1193 = ORIENTED_EDGE ( 'NONE', *, *, #570, .T. ) ;
#1194 = EDGE_LOOP ( 'NONE', ( #252, #1016, #823, #868 ) ) ;
#1195 = EDGE_CURVE ( 'NONE', #4, #260, #1356, .T. ) ;
#1196 = LINE ( 'NONE', #42, #881 ) ;
#1197 = CARTESIAN_POINT ( 'NONE',  ( 23.25229982338321832, 8.169734192082643176, -50.20000000000000284 ) ) ;
#1198 = DIRECTION ( 'NONE',  ( 0.000000000000000000, -1.000000000000000000, -0.000000000000000000 ) ) ;
#1199 = COLOUR_RGB ( '',0.7921568627450980005, 0.8196078431372548767, 0.9333333333333333481 ) ;
#1200 = VECTOR ( 'NONE', #764, 1000.000000000000000 ) ;
#1201 = ORIENTED_EDGE ( 'NONE', *, *, #769, .F. ) ;
#1202 = AXIS2_PLACEMENT_3D ( 'NONE', #129, #278, #1050 ) ;
#1203 = ORIENTED_EDGE ( 'NONE', *, *, #355, .T. ) ;
#1204 = ADVANCED_FACE ( 'NONE', ( #214, #990, #165 ), #1217, .F. ) ;
#1205 = LINE ( 'NONE', #314, #1012 ) ;
#1206 = ADVANCED_FACE ( 'NONE', ( #1609 ), #336, .F. ) ;
#1207 = DIRECTION ( 'NONE',  ( 0.000000000000000000, 0.000000000000000000, -1.000000000000000000 ) ) ;
#1208 = DIRECTION ( 'NONE',  ( -0.000000000000000000, -0.000000000000000000, -1.000000000000000000 ) ) ;
#1209 = DIRECTION ( 'NONE',  ( -1.000000000000000000, 0.000000000000000000, 0.000000000000000000 ) ) ;
#1210 = ORIENTED_EDGE ( 'NONE', *, *, #813, .F. ) ;
#1211 = ORIENTED_EDGE ( 'NONE', *, *, #500, .T. ) ;
#1212 = AXIS2_PLACEMENT_3D ( 'NONE', #859, #1208, #221 ) ;
#1213 = CARTESIAN_POINT ( 'NONE',  ( -9.465466314380961421, 26.93469713437031743, -37.00000000000000711 ) ) ;
#1214 = CARTESIAN_POINT ( 'NONE',  ( 14.20000000000000995, 5.000000000000000000, 7.499999999999999112 ) ) ;
#1215 = EDGE_CURVE ( 'NONE', #1048, #786, #861, .T. ) ;
#1216 = CARTESIAN_POINT ( 'NONE',  ( 14.20000000000000995, 0.000000000000000000, 9.099999999999997868 ) ) ;
#1217 = PLANE ( 'NONE',  #408 ) ;
#1218 = ORIENTED_EDGE ( 'NONE', *, *, #192, .T. ) ;
#1219 = EDGE_LOOP ( 'NONE', ( #1512, #851, #807, #100 ) ) ;
#1220 = DIRECTION ( 'NONE',  ( -0.000000000000000000, -1.000000000000000000, -0.000000000000000000 ) ) ;
#1221 = PLANE ( 'NONE',  #773 ) ;
#1222 = CARTESIAN_POINT ( 'NONE',  ( -9.465466314380961421, 26.93469713437031743, -50.20000000000000284 ) ) ;
#1223 = CARTESIAN_POINT ( 'NONE',  ( -17.18889448696635114, 5.508790402892081772, -37.00000000000000711 ) ) ;
#1224 = CARTESIAN_POINT ( 'NONE',  ( -25.40000000000000213, 0.000000000000000000, -47.00000000000000000 ) ) ;
#1225 = EDGE_CURVE ( 'NONE', #756, #269, #1600, .T. ) ;
#1226 = ORIENTED_EDGE ( 'NONE', *, *, #969, .F. ) ;
#1227 = AXIS2_PLACEMENT_3D ( 'NONE', #536, #1551, #441 ) ;
#1228 = VECTOR ( 'NONE', #1652, 1000.000000000000000 ) ;
#1229 = VERTEX_POINT ( 'NONE', #1088 ) ;
#1230 = CIRCLE ( 'NONE', #1362, 1.599999999999999867 ) ;
#1231 = CARTESIAN_POINT ( 'NONE',  ( -0.000000000000000000, 25.64106407528073106, -47.00000000000000000 ) ) ;
#1232 = ORIENTED_EDGE ( 'NONE', *, *, #1162, .T. ) ;
#1233 = CARTESIAN_POINT ( 'NONE',  ( 10.10000000000000142, 25.00000000000000000, -47.00000000000000000 ) ) ;
#1234 = CARTESIAN_POINT ( 'NONE',  ( 14.20000000000000639, 5.000000000000000000, -7.500000000000000888 ) ) ;
#1235 = CARTESIAN_POINT ( 'NONE',  ( 39.60000000000000142, 0.000000000000000000, -50.20000000000000284 ) ) ;
#1236 = CARTESIAN_POINT ( 'NONE',  ( -4.099999999999999645, 5.000000000000000000, 16.00000000000000000 ) ) ;
#1237 = ORIENTED_EDGE ( 'NONE', *, *, #1427, .T. ) ;
#1238 = ORIENTED_EDGE ( 'NONE', *, *, #1593, .F. ) ;
#1239 = EDGE_CURVE ( 'NONE', #1648, #116, #1230, .T. ) ;
#1240 = FACE_BOUND ( 'NONE', #1116, .T. ) ;
#1241 = EDGE_LOOP ( 'NONE', ( #576, #1400, #1108, #1571 ) ) ;
#1242 = DIRECTION ( 'NONE',  ( -0.000000000000000000, -0.000000000000000000, -1.000000000000000000 ) ) ;
#1243 = LINE ( 'NONE', #1486, #459 ) ;
#1244 = CARTESIAN_POINT ( 'NONE',  ( -9.465466314380961421, 26.93469713437031743, -47.00000000000000000 ) ) ;
#1245 = ORIENTED_EDGE ( 'NONE', *, *, #440, .T. ) ;
#1246 = ORIENTED_EDGE ( 'NONE', *, *, #789, .F. ) ;
#1247 = DIRECTION ( 'NONE',  ( 0.000000000000000000, 0.000000000000000000, 1.000000000000000000 ) ) ;
#1248 = ADVANCED_FACE ( 'NONE', ( #1350 ), #63, .T. ) ;
#1249 = DIRECTION ( 'NONE',  ( 0.000000000000000000, 0.000000000000000000, -1.000000000000000000 ) ) ;
#1250 = CARTESIAN_POINT ( 'NONE',  ( 27.10030377641757937, 33.32381986519938977, -50.20000000000000284 ) ) ;
#1251 = VERTEX_POINT ( 'NONE', #1236 ) ;
#1252 = ORIENTED_EDGE ( 'NONE', *, *, #801, .F. ) ;
#1253 = VECTOR ( 'NONE', #315, 1000.000000000000000 ) ;
#1254 = DIRECTION ( 'NONE',  ( -0.000000000000000000, -1.000000000000000000, -0.000000000000000000 ) ) ;
#1255 = CIRCLE ( 'NONE', #1409, 1.600000000000000755 ) ;
#1256 = CIRCLE ( 'NONE', #299, 2.099999999999997868 ) ;
#1257 = EDGE_CURVE ( 'NONE', #826, #1428, #1476, .T. ) ;
#1258 = EDGE_CURVE ( 'NONE', #41, #1115, #76, .T. ) ;
#1259 = CARTESIAN_POINT ( 'NONE',  ( 18.30000000000001137, 0.000000000000000000, 16.00000000000000000 ) ) ;
#1260 = CARTESIAN_POINT ( 'NONE',  ( -20.29999999999999005, 5.000000000000000000, -47.00000000000000000 ) ) ;
#1261 = VERTEX_POINT ( 'NONE', #981 ) ;
#1262 = CARTESIAN_POINT ( 'NONE',  ( -0.000000000000000000, 26.93469713437031743, -47.00000000000000000 ) ) ;
#1263 = CARTESIAN_POINT ( 'NONE',  ( -25.40000000000000213, 0.000000000000000000, -47.00000000000000000 ) ) ;
#1264 = VECTOR ( 'NONE', #812, 1000.000000000000000 ) ;
#1265 = DIRECTION ( 'NONE',  ( -1.000000000000000000, 0.000000000000000000, 0.000000000000000000 ) ) ;
#1266 = CARTESIAN_POINT ( 'NONE',  ( -18.19999999999999218, 5.000000000000000000, -47.00000000000000000 ) ) ;
#1267 = ADVANCED_FACE ( 'NONE', ( #965 ), #1487, .F. ) ;
#1268 = ORIENTED_EDGE ( 'NONE', *, *, #1134, .F. ) ;
#1269 = ORIENTED_EDGE ( 'NONE', *, *, #1546, .F. ) ;
#1270 = DIRECTION ( 'NONE',  ( 0.000000000000000000, -0.000000000000000000, 1.000000000000000000 ) ) ;
#1271 = FILL_AREA_STYLE ('',( #1011 ) ) ;
#1272 = LINE ( 'NONE', #122, #242 ) ;
#1273 = CARTESIAN_POINT ( 'NONE',  ( 36.70000000000000284, 36.50000000000000000, -47.00000000000000000 ) ) ;
#1274 = EDGE_CURVE ( 'NONE', #1635, #1124, #223, .T. ) ;
#1275 = ORIENTED_EDGE ( 'NONE', *, *, #491, .F. ) ;
#1276 = ORIENTED_EDGE ( 'NONE', *, *, #360, .F. ) ;
#1277 = FACE_OUTER_BOUND ( 'NONE', #1625, .T. ) ;
#1278 = CIRCLE ( 'NONE', #156, 2.099999999999997868 ) ;
#1279 = VECTOR ( 'NONE', #426, 1000.000000000000000 ) ;
#1280 = LINE ( 'NONE', #1287, #958 ) ;
#1281 = CARTESIAN_POINT ( 'NONE',  ( 14.20000000000000639, 5.000000000000000000, -5.900000000000000355 ) ) ;
#1282 = DIRECTION ( 'NONE',  ( 1.734723475976807587E-16, 0.000000000000000000, 1.000000000000000000 ) ) ;
#1283 = ORIENTED_EDGE ( 'NONE', *, *, #759, .T. ) ;
#1284 = ORIENTED_EDGE ( 'NONE', *, *, #1593, .T. ) ;
#1285 = DIRECTION ( 'NONE',  ( 0.000000000000000000, -0.000000000000000000, -1.000000000000000000 ) ) ;
#1286 = EDGE_CURVE ( 'NONE', #607, #277, #717, .T. ) ;
#1287 = CARTESIAN_POINT ( 'NONE',  ( -4.099999999999999645, 0.000000000000000000, 16.00000000000000000 ) ) ;
#1288 = VERTEX_POINT ( 'NONE', #1244 ) ;
#1289 = CARTESIAN_POINT ( 'NONE',  ( 27.25229982338322188, 8.169734192082643176, -37.00000000000000711 ) ) ;
#1290 = DIRECTION ( 'NONE',  ( 0.000000000000000000, 0.000000000000000000, 1.000000000000000000 ) ) ;
#1291 = VECTOR ( 'NONE', #283, 1000.000000000000000 ) ;
#1292 = EDGE_LOOP ( 'NONE', ( #711, #284 ) ) ;
#1293 = LINE ( 'NONE', #651, #380 ) ;
#1294 = ADVANCED_FACE ( 'NONE', ( #93 ), #615, .F. ) ;
#1295 = FACE_OUTER_BOUND ( 'NONE', #413, .T. ) ;
#1296 = ORIENTED_EDGE ( 'NONE', *, *, #340, .T. ) ;
#1297 = FACE_BOUND ( 'NONE', #745, .T. ) ;
#1298 = CARTESIAN_POINT ( 'NONE',  ( 0.000000000000000000, 5.000000000000000000, 5.899999999999999467 ) ) ;
#1299 = EDGE_LOOP ( 'NONE', ( #3, #887, #1193, #814 ) ) ;
#1300 = EDGE_LOOP ( 'NONE', ( #1203, #1627, #344, #1139 ) ) ;
#1301 = CYLINDRICAL_SURFACE ( 'NONE', #188, 1.600000000000000755 ) ;
#1302 = VECTOR ( 'NONE', #614, 1000.000000000000000 ) ;
#1303 = LINE ( 'NONE', #262, #541 ) ;
#1304 = EDGE_LOOP ( 'NONE', ( #159, #663, #821, #200 ) ) ;
#1305 = EDGE_CURVE ( 'NONE', #1069, #116, #560, .T. ) ;
#1306 = FACE_BOUND ( 'NONE', #655, .T. ) ;
#1307 = DIRECTION ( 'NONE',  ( -0.000000000000000000, -1.000000000000000000, -0.000000000000000000 ) ) ;
#1308 = AXIS2_PLACEMENT_3D ( 'NONE', #985, #1492, #746 ) ;
#1309 = EDGE_CURVE ( 'NONE', #893, #303, #435, .T. ) ;
#1310 = ORIENTED_EDGE ( 'NONE', *, *, #1546, .T. ) ;
#1311 = VERTEX_POINT ( 'NONE', #197 ) ;
#1312 = DIRECTION ( 'NONE',  ( 0.000000000000000000, 0.000000000000000000, 1.000000000000000000 ) ) ;
#1313 = DIRECTION ( 'NONE',  ( 0.000000000000000000, 0.000000000000000000, -1.000000000000000000 ) ) ;
#1314 = CARTESIAN_POINT ( 'NONE',  ( 34.60000000000000853, 36.50000000000000000, -47.00000000000000000 ) ) ;
#1315 = LINE ( 'NONE', #291, #308 ) ;
#1316 = ORIENTED_EDGE ( 'NONE', *, *, #470, .T. ) ;
#1317 = EDGE_CURVE ( 'NONE', #56, #13, #1256, .T. ) ;
#1318 = EDGE_LOOP ( 'NONE', ( #469, #550, #285, #1477 ) ) ;
#1319 = AXIS2_PLACEMENT_3D ( 'NONE', #1054, #1307, #662 ) ;
#1320 = ORIENTED_EDGE ( 'NONE', *, *, #1447, .F. ) ;
#1321 = CARTESIAN_POINT ( 'NONE',  ( 14.20000000000000995, 0.000000000000000000, 7.499999999999999112 ) ) ;
#1322 = CARTESIAN_POINT ( 'NONE',  ( -22.39999999999999147, 5.000000000000000000, -47.00000000000000000 ) ) ;
#1323 = DIRECTION ( 'NONE',  ( -1.000000000000000000, -0.000000000000000000, -0.000000000000000000 ) ) ;
#1324 = VERTEX_POINT ( 'NONE', #892 ) ;
#1325 = ORIENTED_EDGE ( 'NONE', *, *, #11, .F. ) ;
#1326 = ADVANCED_FACE ( 'NONE', ( #1021 ), #883, .F. ) ;
#1327 = ORIENTED_EDGE ( 'NONE', *, *, #1006, .F. ) ;
#1328 = LINE ( 'NONE', #1572, #569 ) ;
#1329 = DIRECTION ( 'NONE',  ( 0.000000000000000000, 1.000000000000000000, -0.000000000000000000 ) ) ;
#1330 = CARTESIAN_POINT ( 'NONE',  ( 32.50000000000000711, 36.50000000000000000, -37.00000000000000711 ) ) ;
#1331 = CIRCLE ( 'NONE', #1227, 2.100000000000000977 ) ;
#1332 = DIRECTION ( 'NONE',  ( -1.000000000000000000, 0.000000000000000000, 0.000000000000000000 ) ) ;
#1333 = VECTOR ( 'NONE', #1578, 1000.000000000000000 ) ;
#1334 = VERTEX_POINT ( 'NONE', #867 ) ;
#1335 = AXIS2_PLACEMENT_3D ( 'NONE', #834, #1495, #358 ) ;
#1336 = ORIENTED_EDGE ( 'NONE', *, *, #1091, .F. ) ;
#1337 = CARTESIAN_POINT ( 'NONE',  ( 4.099999999999999645, 5.000000000000000000, -16.00000000000000000 ) ) ;
#1338 = EDGE_CURVE ( 'NONE', #345, #1428, #1130, .T. ) ;
#1339 = FACE_OUTER_BOUND ( 'NONE', #1299, .T. ) ;
#1340 = APPLICATION_PROTOCOL_DEFINITION ( 'draft international standard', 'automotive_design', 1998, #167 ) ;
#1341 = DIRECTION ( 'NONE',  ( -0.000000000000000000, -1.000000000000000000, -0.000000000000000000 ) ) ;
#1342 = DIRECTION ( 'NONE',  ( -1.000000000000000000, -0.000000000000000000, -0.000000000000000000 ) ) ;
#1343 = ORIENTED_EDGE ( 'NONE', *, *, #976, .T. ) ;
#1344 = CIRCLE ( 'NONE', #1319, 1.599999999999999867 ) ;
#1345 = DIRECTION ( 'NONE',  ( -0.000000000000000000, -1.000000000000000000, -0.000000000000000000 ) ) ;
#1346 = EDGE_CURVE ( 'NONE', #1030, #277, #1398, .T. ) ;
#1347 = DIRECTION ( 'NONE',  ( -1.000000000000000000, 0.000000000000000000, 5.507058653894625853E-17 ) ) ;
#1348 = DIRECTION ( 'NONE',  ( 1.000000000000000000, 0.000000000000000000, 0.000000000000000000 ) ) ;
#1349 = DIRECTION ( 'NONE',  ( 0.000000000000000000, -0.000000000000000000, 1.000000000000000000 ) ) ;
#1350 = FACE_OUTER_BOUND ( 'NONE', #66, .T. ) ;
#1351 = VERTEX_POINT ( 'NONE', #1273 ) ;
#1352 = DIRECTION ( 'NONE',  ( -0.000000000000000000, -0.000000000000000000, 1.000000000000000000 ) ) ;
#1353 = CARTESIAN_POINT ( 'NONE',  ( -25.40000000000000213, 0.000000000000000000, -50.20000000000000284 ) ) ;
#1354 = CARTESIAN_POINT ( 'NONE',  ( -13.46546631438096142, 36.73346449779660361, -47.00000000000000000 ) ) ;
#1355 = PLANE ( 'NONE',  #1615 ) ;
#1356 = LINE ( 'NONE', #343, #625 ) ;
#1357 = EDGE_LOOP ( 'NONE', ( #419, #294, #1157, #1046 ) ) ;
#1358 = AXIS2_PLACEMENT_3D ( 'NONE', #1, #420, #925 ) ;
#1359 = EDGE_CURVE ( 'NONE', #732, #260, #386, .T. ) ;
#1360 = CIRCLE ( 'NONE', #673, 1.599999999999999867 ) ;
#1361 = EDGE_LOOP ( 'NONE', ( #1478, #152 ) ) ;
#1362 = AXIS2_PLACEMENT_3D ( 'NONE', #328, #73, #484 ) ;
#1363 = CARTESIAN_POINT ( 'NONE',  ( 10.10000000000000320, 5.000000000000000888, -16.00000000000000000 ) ) ;
#1364 = CARTESIAN_POINT ( 'NONE',  ( 14.20000000000000995, 5.000000000000000000, 7.499999999999999112 ) ) ;
#1365 = VERTEX_POINT ( 'NONE', #375 ) ;
#1366 = DIRECTION ( 'NONE',  ( 0.000000000000000000, -1.000000000000000000, 0.000000000000000000 ) ) ;
#1367 = ORIENTED_EDGE ( 'NONE', *, *, #32, .F. ) ;
#1368 = EDGE_CURVE ( 'NONE', #565, #134, #1387, .T. ) ;
#1369 = ORIENTED_EDGE ( 'NONE', *, *, #247, .T. ) ;
#1370 = CARTESIAN_POINT ( 'NONE',  ( -22.39999999999999147, 36.50000000000000000, -50.20000000000000284 ) ) ;
#1371 = AXIS2_PLACEMENT_3D ( 'NONE', #1560, #941, #21 ) ;
#1372 = DIRECTION ( 'NONE',  ( -1.000000000000000000, 0.000000000000000000, 0.000000000000000000 ) ) ;
#1373 = DIRECTION ( 'NONE',  ( -0.000000000000000000, -0.000000000000000000, -1.000000000000000000 ) ) ;
#1374 = CARTESIAN_POINT ( 'NONE',  ( 27.25229982338322188, 8.169734192082643176, -50.20000000000000284 ) ) ;
#1375 = VERTEX_POINT ( 'NONE', #1647 ) ;
#1376 = ORIENTED_EDGE ( 'NONE', *, *, #870, .F. ) ;
#1377 = EDGE_CURVE ( 'NONE', #31, #444, #99, .T. ) ;
#1378 = FACE_BOUND ( 'NONE', #991, .T. ) ;
#1379 = EDGE_CURVE ( 'NONE', #451, #694, #624, .T. ) ;
#1380 = DIRECTION ( 'NONE',  ( 1.000000000000000000, 0.000000000000000000, 0.000000000000000000 ) ) ;
#1381 = CARTESIAN_POINT ( 'NONE',  ( 18.30000000000001137, 5.000000000000000000, 16.00000000000000000 ) ) ;
#1382 = VERTEX_POINT ( 'NONE', #753 ) ;
#1383 = ORIENTED_EDGE ( 'NONE', *, *, #1071, .F. ) ;
#1384 = VECTOR ( 'NONE', #905, 1000.000000000000000 ) ;
#1385 = CARTESIAN_POINT ( 'NONE',  ( 27.25229982338322188, 8.169734192082643176, -50.20000000000000284 ) ) ;
#1386 = CIRCLE ( 'NONE', #436, 1.922469011379095205 ) ;
#1387 = CIRCLE ( 'NONE', #676, 2.100000000000000977 ) ;
#1388 = EDGE_CURVE ( 'NONE', #381, #451, #1123, .T. ) ;
#1389 = FACE_OUTER_BOUND ( 'NONE', #1241, .T. ) ;
#1390 = DIRECTION ( 'NONE',  ( 0.000000000000000000, -1.000000000000000000, 0.000000000000000000 ) ) ;
#1391 = CARTESIAN_POINT ( 'NONE',  ( -20.29999999999999005, 5.000000000000000000, -50.20000000000000284 ) ) ;
#1392 = EDGE_LOOP ( 'NONE', ( #276, #1029 ) ) ;
#1393 = ORIENTED_EDGE ( 'NONE', *, *, #332, .T. ) ;
#1394 = ORIENTED_EDGE ( 'NONE', *, *, #889, .F. ) ;
#1395 = CARTESIAN_POINT ( 'NONE',  ( 27.25229982338322188, 19.11027463955969807, -37.00000000000000711 ) ) ;
#1396 = EDGE_CURVE ( 'NONE', #1261, #1324, #996, .T. ) ;
#1397 = CARTESIAN_POINT ( 'NONE',  ( -0.000000000000000000, 5.508790402892081772, -47.00000000000000000 ) ) ;
#1398 = LINE ( 'NONE', #365, #1176 ) ;
#1399 = VERTEX_POINT ( 'NONE', #1028 ) ;
#1400 = ORIENTED_EDGE ( 'NONE', *, *, #1186, .T. ) ;
#1401 = CARTESIAN_POINT ( 'NONE',  ( -4.099999999999999645, 0.000000000000000000, 16.00000000000000000 ) ) ;
#1402 = DIRECTION ( 'NONE',  ( 0.000000000000000000, 0.000000000000000000, -1.000000000000000000 ) ) ;
#1403 = LINE ( 'NONE', #995, #1302 ) ;
#1404 = DIRECTION ( 'NONE',  ( -1.000000000000000000, 0.000000000000000000, 0.000000000000000000 ) ) ;
#1405 = ORIENTED_EDGE ( 'NONE', *, *, #1006, .T. ) ;
#1406 = ADVANCED_FACE ( 'NONE', ( #1532 ), #1519, .F. ) ;
#1407 = ORIENTED_EDGE ( 'NONE', *, *, #911, .T. ) ;
#1408 = CARTESIAN_POINT ( 'NONE',  ( 31.10030377641764332, 25.64106407528073106, -37.00000000000000711 ) ) ;
#1409 = AXIS2_PLACEMENT_3D ( 'NONE', #666, #417, #26 ) ;
#1410 = PLANE ( 'NONE',  #74 ) ;
#1411 = AXIS2_PLACEMENT_3D ( 'NONE', #1408, #543, #390 ) ;
#1412 = CARTESIAN_POINT ( 'NONE',  ( 0.000000000000000000, 33.32381986519938977, -47.00000000000000000 ) ) ;
#1413 = DIRECTION ( 'NONE',  ( -1.000000000000000000, 0.000000000000000000, 0.000000000000000000 ) ) ;
#1414 = ORIENTED_EDGE ( 'NONE', *, *, #216, .F. ) ;
#1415 = EDGE_CURVE ( 'NONE', #1608, #218, #1639, .T. ) ;
#1416 = VERTEX_POINT ( 'NONE', #1374 ) ;
#1417 = PLANE ( 'NONE',  #809 ) ;
#1418 = CARTESIAN_POINT ( 'NONE',  ( 18.30000000000001137, 5.000000000000000000, 16.00000000000000000 ) ) ;
#1419 = ORIENTED_EDGE ( 'NONE', *, *, #60, .T. ) ;
#1420 = CARTESIAN_POINT ( 'NONE',  ( -13.18889448696635114, 16.35245841428108804, -50.20000000000000284 ) ) ;
#1421 = CARTESIAN_POINT ( 'NONE',  ( -20.29999999999999005, 5.000000000000000000, -37.00000000000000711 ) ) ;
#1422 = EDGE_LOOP ( 'NONE', ( #495, #1442, #727, #1238 ) ) ;
#1423 = ORIENTED_EDGE ( 'NONE', *, *, #1396, .T. ) ;
#1424 = CARTESIAN_POINT ( 'NONE',  ( -13.18889448696635114, 0.000000000000000000, -47.00000000000000000 ) ) ;
#1425 = EDGE_CURVE ( 'NONE', #1165, #458, #232, .T. ) ;
#1426 = CARTESIAN_POINT ( 'NONE',  ( -4.099999999999999645, 5.000000000000000000, 16.00000000000000000 ) ) ;
#1427 = EDGE_CURVE ( 'NONE', #458, #900, #1003, .T. ) ;
#1428 = VERTEX_POINT ( 'NONE', #1250 ) ;
#1429 = DIRECTION ( 'NONE',  ( 1.000000000000000000, 0.000000000000000000, 0.000000000000000000 ) ) ;
#1430 = LINE ( 'NONE', #803, #1128 ) ;
#1431 = ORIENTED_EDGE ( 'NONE', *, *, #320, .F. ) ;
#1432 = CIRCLE ( 'NONE', #1059, 2.099999999999997868 ) ;
#1433 = VERTEX_POINT ( 'NONE', #108 ) ;
#1434 = FACE_OUTER_BOUND ( 'NONE', #305, .T. ) ;
#1435 = PLANE ( 'NONE',  #1037 ) ;
#1436 = AXIS2_PLACEMENT_3D ( 'NONE', #447, #946, #1458 ) ;
#1437 = CIRCLE ( 'NONE', #1308, 1.599999999999999867 ) ;
#1438 = EDGE_CURVE ( 'NONE', #1448, #406, #87, .T. ) ;
#1439 = CARTESIAN_POINT ( 'NONE',  ( 0.000000000000000000, 0.000000000000000000, -47.00000000000000000 ) ) ;
#1440 = CARTESIAN_POINT ( 'NONE',  ( -13.18889448696635114, 16.35245841428108804, -37.00000000000000711 ) ) ;
#1441 = ORIENTED_EDGE ( 'NONE', *, *, #791, .F. ) ;
#1442 = ORIENTED_EDGE ( 'NONE', *, *, #1047, .T. ) ;
#1443 = EDGE_LOOP ( 'NONE', ( #179, #1245, #40, #1007 ) ) ;
#1444 = DIRECTION ( 'NONE',  ( 1.000000000000000000, -0.000000000000000000, -0.000000000000000000 ) ) ;
#1445 = CARTESIAN_POINT ( 'NONE',  ( 14.20000000000000995, 5.000000000000000000, 7.499999999999999112 ) ) ;
#1446 = DIRECTION ( 'NONE',  ( 1.000000000000000000, -0.000000000000000000, -0.000000000000000000 ) ) ;
#1447 = EDGE_CURVE ( 'NONE', #1056, #1635, #1510, .T. ) ;
#1448 = VERTEX_POINT ( 'NONE', #1266 ) ;
#1449 = AXIS2_PLACEMENT_3D ( 'NONE', #548, #442, #1036 ) ;
#1450 = EDGE_LOOP ( 'NONE', ( #864, #226, #596, #1201 ) ) ;
#1451 = DIRECTION ( 'NONE',  ( -0.000000000000000000, 1.000000000000000000, 0.000000000000000000 ) ) ;
#1452 = DIRECTION ( 'NONE',  ( -0.000000000000000000, -1.000000000000000000, -0.000000000000000000 ) ) ;
#1453 = DIRECTION ( 'NONE',  ( 0.000000000000000000, -0.000000000000000000, 1.000000000000000000 ) ) ;
#1454 = EDGE_CURVE ( 'NONE', #1004, #281, #1653, .T. ) ;
#1455 = ORIENTED_EDGE ( 'NONE', *, *, #956, .F. ) ;
#1456 = AXIS2_PLACEMENT_3D ( 'NONE', #196, #1467, #1332 ) ;
#1457 = DIRECTION ( 'NONE',  ( -0.000000000000000000, -0.000000000000000000, -1.000000000000000000 ) ) ;
#1458 = DIRECTION ( 'NONE',  ( 0.000000000000000000, 0.000000000000000000, -1.000000000000000000 ) ) ;
#1459 = VECTOR ( 'NONE', #952, 1000.000000000000000 ) ;
#1460 = CARTESIAN_POINT ( 'NONE',  ( -4.099999999999999645, 5.000000000000000000, -16.00000000000000000 ) ) ;
#1461 = AXIS2_PLACEMENT_3D ( 'NONE', #1364, #741, #220 ) ;
#1462 = ORIENTED_EDGE ( 'NONE', *, *, #1195, .T. ) ;
#1463 = EDGE_CURVE ( 'NONE', #1030, #381, #687, .T. ) ;
#1464 = LINE ( 'NONE', #1231, #621 ) ;
#1465 = CARTESIAN_POINT ( 'NONE',  ( 0.000000000000000000, 0.000000000000000000, 7.500000000000000000 ) ) ;
#1466 = LINE ( 'NONE', #334, #338 ) ;
#1467 = DIRECTION ( 'NONE',  ( 0.000000000000000000, 0.000000000000000000, -1.000000000000000000 ) ) ;
#1468 = DIRECTION ( 'NONE',  ( 1.000000000000000000, 0.000000000000000000, -0.000000000000000000 ) ) ;
#1469 = EDGE_LOOP ( 'NONE', ( #80, #1407, #1149, #660 ) ) ;
#1470 = EDGE_CURVE ( 'NONE', #1399, #1055, #1430, .T. ) ;
#1471 = CARTESIAN_POINT ( 'NONE',  ( 1.959434878635764244E-16, 5.000000000000000000, 9.099999999999999645 ) ) ;
#1472 = EDGE_CURVE ( 'NONE', #1635, #674, #1315, .T. ) ;
#1473 = LINE ( 'NONE', #81, #1253 ) ;
#1474 = DIRECTION ( 'NONE',  ( -0.000000000000000000, -0.000000000000000000, -1.000000000000000000 ) ) ;
#1475 = CARTESIAN_POINT ( 'NONE',  ( 36.70000000000000284, 36.50000000000000000, -50.20000000000000284 ) ) ;
#1476 = LINE ( 'NONE', #467, #516 ) ;
#1477 = ORIENTED_EDGE ( 'NONE', *, *, #266, .F. ) ;
#1478 = ORIENTED_EDGE ( 'NONE', *, *, #1317, .F. ) ;
#1479 = LINE ( 'NONE', #1636, #1516 ) ;
#1480 = CIRCLE ( 'NONE', #1456, 2.100000000000000977 ) ;
#1481 = ORIENTED_EDGE ( 'NONE', *, *, #1061, .T. ) ;
#1482 = CARTESIAN_POINT ( 'NONE',  ( -18.19999999999999218, 5.000000000000000000, -37.00000000000000711 ) ) ;
#1483 = SHAPE_DEFINITION_REPRESENTATION ( #617, #271 ) ;
#1484 = EDGE_CURVE ( 'NONE', #1261, #366, #1344, .T. ) ;
#1485 = VECTOR ( 'NONE', #1122, 1000.000000000000000 ) ;
#1486 = CARTESIAN_POINT ( 'NONE',  ( -17.18889448696635114, 5.508790402892081772, -37.00000000000000711 ) ) ;
#1487 = PLANE ( 'NONE',  #465 ) ;
#1488 = ORIENTED_EDGE ( 'NONE', *, *, #836, .T. ) ;
#1489 = AXIS2_PLACEMENT_3D ( 'NONE', #176, #692, #572 ) ;
#1490 = VECTOR ( 'NONE', #321, 1000.000000000000000 ) ;
#1491 = EDGE_LOOP ( 'NONE', ( #1103, #118 ) ) ;
#1492 = DIRECTION ( 'NONE',  ( 0.000000000000000000, 1.000000000000000000, -0.000000000000000000 ) ) ;
#1493 = SURFACE_STYLE_USAGE ( .BOTH. , #880 ) ;
#1494 = CARTESIAN_POINT ( 'NONE',  ( 27.25229982338322188, 19.11027463955969807, -37.00000000000000711 ) ) ;
#1495 = DIRECTION ( 'NONE',  ( 0.000000000000000000, -1.000000000000000000, 0.000000000000000000 ) ) ;
#1496 = ADVANCED_FACE ( 'NONE', ( #401 ), #906, .F. ) ;
#1497 = VERTEX_POINT ( 'NONE', #29 ) ;
#1498 = ORIENTED_EDGE ( 'NONE', *, *, #640, .F. ) ;
#1499 = ADVANCED_FACE ( 'NONE', ( #794 ), #275, .F. ) ;
#1500 = DIRECTION ( 'NONE',  ( 1.000000000000000000, 0.000000000000000000, 0.000000000000000000 ) ) ;
#1501 = SURFACE_STYLE_FILL_AREA ( #1271 ) ;
#1502 = CARTESIAN_POINT ( 'NONE',  ( 39.60000000000000142, 0.000000000000000000, -50.20000000000000284 ) ) ;
#1503 = DIRECTION ( 'NONE',  ( 1.000000000000000000, 0.000000000000000000, 0.000000000000000000 ) ) ;
#1504 = ORIENTED_EDGE ( 'NONE', *, *, #922, .T. ) ;
#1505 = EDGE_LOOP ( 'NONE', ( #443, #632, #768, #1232 ) ) ;
#1506 = ADVANCED_FACE ( 'NONE', ( #47 ), #785, .F. ) ;
#1507 = PLANE ( 'NONE',  #935 ) ;
#1508 = FACE_OUTER_BOUND ( 'NONE', #844, .T. ) ;
#1509 = FACE_OUTER_BOUND ( 'NONE', #558, .T. ) ;
#1510 = LINE ( 'NONE', #251, #140 ) ;
#1511 = ORIENTED_EDGE ( 'NONE', *, *, #829, .F. ) ;
#1512 = ORIENTED_EDGE ( 'NONE', *, *, #1039, .T. ) ;
#1513 = PRESENTATION_LAYER_ASSIGNMENT (  '', '', ( #488 ) ) ;
#1514 = ORIENTED_EDGE ( 'NONE', *, *, #1454, .T. ) ;
#1515 = CARTESIAN_POINT ( 'NONE',  ( -13.18889448696635114, 5.508790402892081772, -50.20000000000000284 ) ) ;
#1516 = VECTOR ( 'NONE', #636, 1000.000000000000000 ) ;
#1517 = ADVANCED_FACE ( 'NONE', ( #1191 ), #557, .F. ) ;
#1518 = CARTESIAN_POINT ( 'NONE',  ( -22.39999999999999147, 5.000000000000000000, -50.20000000000000284 ) ) ;
#1519 = PLANE ( 'NONE',  #439 ) ;
#1520 = ORIENTED_EDGE ( 'NONE', *, *, #360, .T. ) ;
#1521 = CARTESIAN_POINT ( 'NONE',  ( -18.19999999999999218, 36.50000000000000000, -37.00000000000000711 ) ) ;
#1522 = CARTESIAN_POINT ( 'NONE',  ( 27.10030377641757937, 25.64106407528073106, -47.00000000000000000 ) ) ;
#1523 = AXIS2_PLACEMENT_3D ( 'NONE', #412, #1198, #933 ) ;
#1524 = ADVANCED_FACE ( 'NONE', ( #38 ), #564, .F. ) ;
#1525 = DIRECTION ( 'NONE',  ( -0.000000000000000000, -1.000000000000000000, -0.000000000000000000 ) ) ;
#1526 = DIRECTION ( 'NONE',  ( -0.000000000000000000, -1.000000000000000000, -0.000000000000000000 ) ) ;
#1527 = EDGE_LOOP ( 'NONE', ( #1043, #1393, #1284, #599 ) ) ;
#1528 = ORIENTED_EDGE ( 'NONE', *, *, #1225, .T. ) ;
#1529 = PLANE ( 'NONE',  #1411 ) ;
#1530 = DIRECTION ( 'NONE',  ( 0.000000000000000000, 0.000000000000000000, -1.000000000000000000 ) ) ;
#1531 = DIRECTION ( 'NONE',  ( 0.000000000000000000, -0.000000000000000000, 1.000000000000000000 ) ) ;
#1532 = FACE_OUTER_BOUND ( 'NONE', #1450, .T. ) ;
#1533 = EDGE_CURVE ( 'NONE', #406, #134, #301, .T. ) ;
#1534 = VERTEX_POINT ( 'NONE', #1298 ) ;
#1535 = VECTOR ( 'NONE', #891, 1000.000000000000000 ) ;
#1536 = CARTESIAN_POINT ( 'NONE',  ( 23.25229982338321832, 8.169734192082643176, -50.20000000000000284 ) ) ;
#1537 = AXIS2_PLACEMENT_3D ( 'NONE', #1214, #59, #1646 ) ;
#1538 = AXIS2_PLACEMENT_3D ( 'NONE', #331, #183, #1585 ) ;
#1539 = DIRECTION ( 'NONE',  ( 0.000000000000000000, 0.000000000000000000, 1.000000000000000000 ) ) ;
#1540 = ORIENTED_EDGE ( 'NONE', *, *, #216, .T. ) ;
#1541 = VECTOR ( 'NONE', #1563, 1000.000000000000000 ) ;
#1542 = PLANE ( 'NONE',  #1034 ) ;
#1543 = DIRECTION ( 'NONE',  ( 0.000000000000000000, 0.000000000000000000, -1.000000000000000000 ) ) ;
#1544 = EDGE_CURVE ( 'NONE', #31, #607, #1552, .T. ) ;
#1545 = ORIENTED_EDGE ( 'NONE', *, *, #88, .F. ) ;
#1546 = EDGE_CURVE ( 'NONE', #678, #1004, #161, .T. ) ;
#1547 = ORIENTED_EDGE ( 'NONE', *, *, #1582, .T. ) ;
#1548 = DIRECTION ( 'NONE',  ( -1.000000000000000000, 0.000000000000000000, 0.000000000000000000 ) ) ;
#1549 = CARTESIAN_POINT ( 'NONE',  ( 31.10030377641764332, 33.32381986519938977, -37.00000000000000711 ) ) ;
#1550 = ORIENTED_EDGE ( 'NONE', *, *, #249, .T. ) ;
#1551 = DIRECTION ( 'NONE',  ( 0.000000000000000000, -0.000000000000000000, 1.000000000000000000 ) ) ;
#1552 = LINE ( 'NONE', #143, #1264 ) ;
#1553 = ORIENTED_EDGE ( 'NONE', *, *, #1463, .F. ) ;
#1554 = ORIENTED_EDGE ( 'NONE', *, *, #848, .F. ) ;
#1555 = LINE ( 'NONE', #1150, #130 ) ;
#1556 = EDGE_CURVE ( 'NONE', #786, #1608, #680, .T. ) ;
#1557 = PLANE ( 'NONE',  #515 ) ;
#1558 = ORIENTED_EDGE ( 'NONE', *, *, #1274, .T. ) ;
#1559 = DIRECTION ( 'NONE',  ( -0.000000000000000000, -0.000000000000000000, -1.000000000000000000 ) ) ;
#1560 = CARTESIAN_POINT ( 'NONE',  ( 31.10030377641764332, 25.64106407528073106, -37.00000000000000711 ) ) ;
#1561 = EDGE_LOOP ( 'NONE', ( #1237, #33, #395, #792 ) ) ;
#1562 = ORIENTED_EDGE ( 'NONE', *, *, #1427, .F. ) ;
#1563 = DIRECTION ( 'NONE',  ( -0.000000000000000000, -1.000000000000000000, -0.000000000000000000 ) ) ;
#1564 = EDGE_CURVE ( 'NONE', #1115, #41, #30, .T. ) ;
#1565 = DIRECTION ( 'NONE',  ( 1.000000000000000000, 0.000000000000000000, 0.000000000000000000 ) ) ;
#1566 = VECTOR ( 'NONE', #1102, 1000.000000000000000 ) ;
#1567 = CARTESIAN_POINT ( 'NONE',  ( 23.25229982338321832, 0.000000000000000000, -47.00000000000000000 ) ) ;
#1568 = CARTESIAN_POINT ( 'NONE',  ( 18.30000000000000426, 5.000000000000000000, -16.00000000000000000 ) ) ;
#1569 = ORIENTED_EDGE ( 'NONE', *, *, #1484, .F. ) ;
#1570 = EDGE_LOOP ( 'NONE', ( #1033, #1156, #983, #634 ) ) ;
#1571 = ORIENTED_EDGE ( 'NONE', *, *, #1626, .F. ) ;
#1572 = CARTESIAN_POINT ( 'NONE',  ( 14.20000000000000639, 5.000000000000000000, -5.900000000000000355 ) ) ;
#1573 = CARTESIAN_POINT ( 'NONE',  ( 10.10000000000001208, 5.000000000000000000, 16.00000000000000000 ) ) ;
#1574 =( NAMED_UNIT ( * ) PLANE_ANGLE_UNIT ( ) SI_UNIT ( $, .RADIAN. ) );
#1575 = ADVANCED_FACE ( 'NONE', ( #670 ), #1173, .F. ) ;
#1576 = DIRECTION ( 'NONE',  ( -0.000000000000000000, -0.000000000000000000, -1.000000000000000000 ) ) ;
#1577 = ORIENTED_EDGE ( 'NONE', *, *, #1544, .T. ) ;
#1578 = DIRECTION ( 'NONE',  ( -0.000000000000000000, -0.000000000000000000, -1.000000000000000000 ) ) ;
#1579 = LINE ( 'NONE', #847, #957 ) ;
#1580 =( NAMED_UNIT ( * ) SI_UNIT ( $, .STERADIAN. ) SOLID_ANGLE_UNIT ( ) );
#1581 = FACE_OUTER_BOUND ( 'NONE', #376, .T. ) ;
#1582 = EDGE_CURVE ( 'NONE', #444, #1229, #1045, .T. ) ;
#1583 = VERTEX_POINT ( 'NONE', #448 ) ;
#1584 = EDGE_LOOP ( 'NONE', ( #796, #816 ) ) ;
#1585 = DIRECTION ( 'NONE',  ( 0.000000000000000000, 0.000000000000000000, 1.000000000000000000 ) ) ;
#1586 = FACE_OUTER_BOUND ( 'NONE', #1594, .T. ) ;
#1587 = DIRECTION ( 'NONE',  ( -0.000000000000000000, -0.000000000000000000, -1.000000000000000000 ) ) ;
#1588 = VECTOR ( 'NONE', #1429, 1000.000000000000000 ) ;
#1589 = CARTESIAN_POINT ( 'NONE',  ( 1.959434878635764984E-16, 5.000000000000000000, -5.899999999999998579 ) ) ;
#1590 = CARTESIAN_POINT ( 'NONE',  ( 0.000000000000000000, 25.00000000000000000, 0.000000000000000000 ) ) ;
#1591 = AXIS2_PLACEMENT_3D ( 'NONE', #712, #471, #968 ) ;
#1592 = VECTOR ( 'NONE', #240, 1000.000000000000000 ) ;
#1593 = EDGE_CURVE ( 'NONE', #546, #56, #1086, .T. ) ;
#1594 = EDGE_LOOP ( 'NONE', ( #885, #696, #944, #535 ) ) ;
#1595 = ADVANCED_FACE ( 'NONE', ( #953 ), #701, .F. ) ;
#1596 = LINE ( 'NONE', #1213, #1333 ) ;
#1597 = DIRECTION ( 'NONE',  ( -0.000000000000000000, 1.000000000000000000, 0.000000000000000000 ) ) ;
#1598 = CARTESIAN_POINT ( 'NONE',  ( -9.465466314380961421, 26.93469713437031743, -50.20000000000000284 ) ) ;
#1599 = DIRECTION ( 'NONE',  ( 1.000000000000000000, -0.000000000000000000, -0.000000000000000000 ) ) ;
#1600 = LINE ( 'NONE', #843, #1015 ) ;
#1601 = ORIENTED_EDGE ( 'NONE', *, *, #779, .T. ) ;
#1602 = EDGE_LOOP ( 'NONE', ( #928, #1376, #886, #109 ) ) ;
#1603 = DIRECTION ( 'NONE',  ( 0.000000000000000000, 0.000000000000000000, 1.000000000000000000 ) ) ;
#1604 = ADVANCED_FACE ( 'NONE', ( #963 ), #187, .F. ) ;
#1605 = ORIENTED_EDGE ( 'NONE', *, *, #470, .F. ) ;
#1606 = CARTESIAN_POINT ( 'NONE',  ( -13.18889448696635114, 16.35245841428108804, -47.00000000000000000 ) ) ;
#1607 = CARTESIAN_POINT ( 'NONE',  ( 0.000000000000000000, 0.000000000000000000, 0.000000000000000000 ) ) ;
#1608 = VERTEX_POINT ( 'NONE', #91 ) ;
#1609 = FACE_OUTER_BOUND ( 'NONE', #1527, .T. ) ;
#1610 = ORIENTED_EDGE ( 'NONE', *, *, #318, .F. ) ;
#1611 = ORIENTED_EDGE ( 'NONE', *, *, #949, .T. ) ;
#1612 = LINE ( 'NONE', #89, #1200 ) ;
#1613 = ADVANCED_FACE ( 'NONE', ( #947 ), #70, .F. ) ;
#1614 = LINE ( 'NONE', #497, #16 ) ;
#1615 = AXIS2_PLACEMENT_3D ( 'NONE', #1223, #1105, #316 ) ;
#1616 = DIRECTION ( 'NONE',  ( -1.000000000000000000, 0.000000000000000000, 0.000000000000000000 ) ) ;
#1617 = DIRECTION ( 'NONE',  ( -0.000000000000000000, -1.000000000000000000, -0.000000000000000000 ) ) ;
#1618 = ORIENTED_EDGE ( 'NONE', *, *, #1121, .T. ) ;
#1619 = AXIS2_PLACEMENT_3D ( 'NONE', #1314, #168, #547 ) ;
#1620 = AXIS2_PLACEMENT_3D ( 'NONE', #865, #382, #1247 ) ;
#1621 = ORIENTED_EDGE ( 'NONE', *, *, #862, .F. ) ;
#1622 = FACE_BOUND ( 'NONE', #1052, .T. ) ;
#1623 = DIRECTION ( 'NONE',  ( -0.000000000000000000, -0.000000000000000000, -1.000000000000000000 ) ) ;
#1624 = CARTESIAN_POINT ( 'NONE',  ( 27.25229982338322188, 0.000000000000000000, -47.00000000000000000 ) ) ;
#1625 = EDGE_LOOP ( 'NONE', ( #1178, #1283, #1066, #1252 ) ) ;
#1626 = EDGE_CURVE ( 'NONE', #1534, #966, #82, .T. ) ;
#1627 = ORIENTED_EDGE ( 'NONE', *, *, #1338, .T. ) ;
#1628 = LINE ( 'NONE', #503, #437 ) ;
#1629 = AXIS2_PLACEMENT_3D ( 'NONE', #1260, #631, #257 ) ;
#1630 = CARTESIAN_POINT ( 'NONE',  ( 14.20000000000000995, 5.000000000000000000, 5.899999999999998579 ) ) ;
#1631 = FACE_OUTER_BOUND ( 'NONE', #1110, .T. ) ;
#1632 = DIRECTION ( 'NONE',  ( -0.000000000000000000, -1.000000000000000000, -0.000000000000000000 ) ) ;
#1633 = ORIENTED_EDGE ( 'NONE', *, *, #1079, .F. ) ;
#1634 = EDGE_CURVE ( 'NONE', #1365, #1040, #54, .T. ) ;
#1635 = VERTEX_POINT ( 'NONE', #1354 ) ;
#1636 = CARTESIAN_POINT ( 'NONE',  ( 10.10000000000000142, 25.00000000000000000, -47.00000000000000000 ) ) ;
#1637 = CYLINDRICAL_SURFACE ( 'NONE', #776, 1.599999999999999867 ) ;
#1638 = CARTESIAN_POINT ( 'NONE',  ( 31.10030377641764332, 25.64106407528073106, -50.20000000000000284 ) ) ;
#1639 = LINE ( 'NONE', #523, #526 ) ;
#1640 = ORIENTED_EDGE ( 'NONE', *, *, #139, .F. ) ;
#1641 = VECTOR ( 'NONE', #644, 1000.000000000000000 ) ;
#1642 = VECTOR ( 'NONE', #1254, 1000.000000000000000 ) ;
#1643 = CARTESIAN_POINT ( 'NONE',  ( 36.52246901137910129, 5.000000000000000000, -50.20000000000000284 ) ) ;
#1644 = AXIS2_PLACEMENT_3D ( 'NONE', #898, #1503, #654 ) ;
#1645 = EDGE_CURVE ( 'NONE', #900, #664, #1466, .T. ) ;
#1646 = DIRECTION ( 'NONE',  ( 0.000000000000000000, 0.000000000000000000, -1.000000000000000000 ) ) ;
#1647 = CARTESIAN_POINT ( 'NONE',  ( 10.10000000000000142, 0.000000000000000000, -47.00000000000000000 ) ) ;
#1648 = VERTEX_POINT ( 'NONE', #841 ) ;
#1649 = ORIENTED_EDGE ( 'NONE', *, *, #1274, .F. ) ;
#1650 = CARTESIAN_POINT ( 'NONE',  ( 39.60000000000000142, 0.000000000000000000, -47.00000000000000000 ) ) ;
#1651 = EDGE_CURVE ( 'NONE', #977, #1365, #473, .T. ) ;
#1652 = DIRECTION ( 'NONE',  ( -0.000000000000000000, -1.000000000000000000, -0.000000000000000000 ) ) ;
#1653 = CIRCLE ( 'NONE', #418, 2.100000000000000977 ) ;
ENDSEC;
END-ISO-10303-21;
