ISO-10303-21;
HEADER;
FILE_DESCRIPTION (( 'STEP AP214' ),
    '1' );
FILE_NAME ('esp32_dc.STEP',
    '2026-05-13T10:04:30',
    ( '' ),
    ( '' ),
    'SwSTEP 2.0',
    'SolidWorks 2025',
    '' );
FILE_SCHEMA (( 'AUTOMOTIVE_DESIGN' ));
ENDSEC;

DATA;
#1 = CARTESIAN_POINT ( 'NONE',  ( -40.00000000000000000, 30.00000000000000355, -30.00000000000000000 ) ) ;
#2 = DIRECTION ( 'NONE',  ( -1.000000000000000000, -0.000000000000000000, -0.000000000000000000 ) ) ;
#3 = DIRECTION ( 'NONE',  ( -0.000000000000000000, 1.000000000000000000, -0.000000000000000000 ) ) ;
#4 = VERTEX_POINT ( 'NONE', #1258 ) ;
#5 = ORIENTED_EDGE ( 'NONE', *, *, #2009, .T. ) ;
#6 = FACE_OUTER_BOUND ( 'NONE', #693, .T. ) ;
#7 = ORIENTED_EDGE ( 'NONE', *, *, #636, .F. ) ;
#8 = AXIS2_PLACEMENT_3D ( 'NONE', #2027, #388, #2704 ) ;
#9 = VERTEX_POINT ( 'NONE', #1009 ) ;
#10 = CIRCLE ( 'NONE', #1414, 1.749999999999999778 ) ;
#11 = CARTESIAN_POINT ( 'NONE',  ( -40.00000000000000000, -30.00000000000000355, 34.00000000000000000 ) ) ;
#12 = DIRECTION ( 'NONE',  ( 0.000000000000000000, 0.000000000000000000, 1.000000000000000000 ) ) ;
#13 = ORIENTED_EDGE ( 'NONE', *, *, #2594, .T. ) ;
#14 = CARTESIAN_POINT ( 'NONE',  ( -32.00000000000000000, -3.999999999999996447, 26.00000000000000000 ) ) ;
#15 = EDGE_CURVE ( 'NONE', #941, #2029, #167, .T. ) ;
#16 = CARTESIAN_POINT ( 'NONE',  ( -40.00000000000000000, -14.50000000000000178, 17.38569709374495886 ) ) ;
#17 = CARTESIAN_POINT ( 'NONE',  ( 0.000000000000000000, -30.00000000000000355, 26.00000000000000000 ) ) ;
#18 = ORIENTED_EDGE ( 'NONE', *, *, #2068, .F. ) ;
#19 = VERTEX_POINT ( 'NONE', #1690 ) ;
#20 = DIRECTION ( 'NONE',  ( 0.000000000000000000, -1.000000000000000000, -1.196361017915039486E-16 ) ) ;
#21 = ORIENTED_EDGE ( 'NONE', *, *, #2084, .F. ) ;
#22 = ORIENTED_EDGE ( 'NONE', *, *, #291, .T. ) ;
#23 = DIRECTION ( 'NONE',  ( 0.000000000000000000, 0.000000000000000000, 1.000000000000000000 ) ) ;
#24 = VECTOR ( 'NONE', #2972, 1000.000000000000000 ) ;
#25 = VECTOR ( 'NONE', #261, 1000.000000000000000 ) ;
#26 = CARTESIAN_POINT ( 'NONE',  ( -49.99999999999999289, -25.00000000000000000, -25.99999999999999645 ) ) ;
#27 = DIRECTION ( 'NONE',  ( 0.000000000000000000, 0.000000000000000000, -1.000000000000000000 ) ) ;
#28 = ORIENTED_EDGE ( 'NONE', *, *, #511, .T. ) ;
#29 = CARTESIAN_POINT ( 'NONE',  ( 40.00000000000000000, -25.00000000000000000, 34.00000000000000000 ) ) ;
#30 = VECTOR ( 'NONE', #797, 1000.000000000000000 ) ;
#31 = FACE_OUTER_BOUND ( 'NONE', #911, .T. ) ;
#32 = LINE ( 'NONE', #1362, #177 ) ;
#33 = ORIENTED_EDGE ( 'NONE', *, *, #876, .T. ) ;
#34 = EDGE_CURVE ( 'NONE', #147, #19, #309, .T. ) ;
#35 = EDGE_CURVE ( 'NONE', #1986, #1908, #1988, .T. ) ;
#36 = ORIENTED_EDGE ( 'NONE', *, *, #2181, .T. ) ;
#37 = CARTESIAN_POINT ( 'NONE',  ( -40.00000000000000000, -25.00000000000000000, 34.00000000000000000 ) ) ;
#38 = EDGE_CURVE ( 'NONE', #2591, #1082, #571, .T. ) ;
#39 = ORIENTED_EDGE ( 'NONE', *, *, #2912, .F. ) ;
#40 = CIRCLE ( 'NONE', #610, 1.700000000000000178 ) ;
#41 = CARTESIAN_POINT ( 'NONE',  ( -23.60999999999997101, 20.00000000000000355, -28.14500000000003155 ) ) ;
#42 = CARTESIAN_POINT ( 'NONE',  ( -23.60999999999997101, 25.00000000000000000, -24.64500000000002800 ) ) ;
#43 = LINE ( 'NONE', #1667, #2913 ) ;
#44 = ORIENTED_EDGE ( 'NONE', *, *, #1776, .T. ) ;
#45 = DIRECTION ( 'NONE',  ( -1.000000000000000000, -0.000000000000000000, -0.000000000000000000 ) ) ;
#46 = DIRECTION ( 'NONE',  ( 1.000000000000000000, 0.000000000000000000, 0.000000000000000000 ) ) ;
#47 = DIRECTION ( 'NONE',  ( 0.000000000000000000, 0.000000000000000000, 1.000000000000000000 ) ) ;
#48 = EDGE_LOOP ( 'NONE', ( #2361, #2614 ) ) ;
#49 = AXIS2_PLACEMENT_3D ( 'NONE', #786, #1720, #1736 ) ;
#50 = ORIENTED_EDGE ( 'NONE', *, *, #907, .T. ) ;
#51 = ADVANCED_FACE ( 'NONE', ( #2649 ), #1505, .F. ) ;
#52 = DIRECTION ( 'NONE',  ( -1.000000000000000000, -0.000000000000000000, -0.000000000000000000 ) ) ;
#53 = AXIS2_PLACEMENT_3D ( 'NONE', #73, #2329, #2610 ) ;
#54 = VERTEX_POINT ( 'NONE', #541 ) ;
#55 = ORIENTED_EDGE ( 'NONE', *, *, #1611, .T. ) ;
#56 = EDGE_CURVE ( 'NONE', #690, #888, #1933, .T. ) ;
#57 = CYLINDRICAL_SURFACE ( 'NONE', #320, 1.700000000000000178 ) ;
#58 = AXIS2_PLACEMENT_3D ( 'NONE', #77, #92, #1924 ) ;
#59 = VECTOR ( 'NONE', #2339, 1000.000000000000000 ) ;
#60 = LINE ( 'NONE', #1695, #895 ) ;
#61 = CARTESIAN_POINT ( 'NONE',  ( 40.00000000000000711, 6.000000000000000000, 20.88569709374496242 ) ) ;
#62 = ORIENTED_EDGE ( 'NONE', *, *, #2198, .F. ) ;
#63 = AXIS2_PLACEMENT_3D ( 'NONE', #2443, #1269, #317 ) ;
#64 = DIRECTION ( 'NONE',  ( -0.000000000000000000, 1.000000000000000000, -0.000000000000000000 ) ) ;
#65 = DIRECTION ( 'NONE',  ( -1.156482317317871478E-16, 0.000000000000000000, -1.000000000000000000 ) ) ;
#66 = CYLINDRICAL_SURFACE ( 'NONE', #1708, 1.750000000000001554 ) ;
#67 = DIRECTION ( 'NONE',  ( 1.000000000000000000, 0.000000000000000000, -0.000000000000000000 ) ) ;
#68 = VERTEX_POINT ( 'NONE', #2434 ) ;
#69 = EDGE_LOOP ( 'NONE', ( #7, #1789 ) ) ;
#70 = CARTESIAN_POINT ( 'NONE',  ( 36.00000000000001421, -9.000000000000000000, 22.48569709374496384 ) ) ;
#71 = EDGE_LOOP ( 'NONE', ( #2047, #2473, #1008, #2318 ) ) ;
#72 = VECTOR ( 'NONE', #2902, 1000.000000000000000 ) ;
#73 = CARTESIAN_POINT ( 'NONE',  ( -40.00000000000000000, 30.00000000000000355, 30.00000000000000000 ) ) ;
#74 = ADVANCED_FACE ( 'NONE', ( #2403 ), #352, .T. ) ;
#75 = EDGE_CURVE ( 'NONE', #315, #543, #2621, .T. ) ;
#76 = DIRECTION ( 'NONE',  ( -0.000000000000000000, 0.000000000000000000, 1.000000000000000000 ) ) ;
#77 = CARTESIAN_POINT ( 'NONE',  ( -36.00000000000000711, -40.00000000000000711, 26.00000000000000000 ) ) ;
#78 = ORIENTED_EDGE ( 'NONE', *, *, #382, .F. ) ;
#79 = CARTESIAN_POINT ( 'NONE',  ( -40.00000000000000000, -24.99999999999998934, 30.00000000000000000 ) ) ;
#80 = DIRECTION ( 'NONE',  ( 0.000000000000000000, 1.000000000000000000, 0.000000000000000000 ) ) ;
#81 = LINE ( 'NONE', #2372, #321 ) ;
#82 = EDGE_LOOP ( 'NONE', ( #2021, #1354 ) ) ;
#83 = CIRCLE ( 'NONE', #986, 1.700000000000000178 ) ;
#84 = CARTESIAN_POINT ( 'NONE',  ( -21.00000000000000355, 30.00000000000000355, -30.00000000000000000 ) ) ;
#85 = DIRECTION ( 'NONE',  ( 0.000000000000000000, 0.000000000000000000, -1.000000000000000000 ) ) ;
#86 = ORIENTED_EDGE ( 'NONE', *, *, #1446, .T. ) ;
#87 = AXIS2_PLACEMENT_3D ( 'NONE', #1711, #807, #1726 ) ;
#88 = CARTESIAN_POINT ( 'NONE',  ( 39.99999999999999289, -25.00000000000000000, -25.99999999999999645 ) ) ;
#89 = EDGE_CURVE ( 'NONE', #2043, #1281, #322, .T. ) ;
#90 = AXIS2_PLACEMENT_3D ( 'NONE', #2741, #164, #1584 ) ;
#91 = LINE ( 'NONE', #341, #1291 ) ;
#92 = DIRECTION ( 'NONE',  ( -1.000000000000000000, 0.000000000000000000, -0.000000000000000000 ) ) ;
#93 = ORIENTED_EDGE ( 'NONE', *, *, #1151, .T. ) ;
#94 = EDGE_CURVE ( 'NONE', #2297, #557, #1228, .T. ) ;
#95 = CARTESIAN_POINT ( 'NONE',  ( 36.00000000000001421, -9.000000000000000000, 19.28569709374496099 ) ) ;
#96 = CARTESIAN_POINT ( 'NONE',  ( 40.00000000000000000, -14.50000000000000178, 17.38569709374495886 ) ) ;
#97 = DIRECTION ( 'NONE',  ( 0.000000000000000000, 0.000000000000000000, 1.000000000000000000 ) ) ;
#98 = ORIENTED_EDGE ( 'NONE', *, *, #2686, .F. ) ;
#99 = ORIENTED_EDGE ( 'NONE', *, *, #2980, .F. ) ;
#100 = CARTESIAN_POINT ( 'NONE',  ( 36.00000000000001421, -14.50000000000000178, -30.00000000000000355 ) ) ;
#101 = ORIENTED_EDGE ( 'NONE', *, *, #2812, .T. ) ;
#102 = DIRECTION ( 'NONE',  ( -0.000000000000000000, 1.000000000000000000, 0.000000000000000000 ) ) ;
#103 = ADVANCED_FACE ( 'NONE', ( #2390 ), #305, .F. ) ;
#104 = DIRECTION ( 'NONE',  ( -1.000000000000000000, -0.000000000000000000, -0.000000000000000000 ) ) ;
#105 = CYLINDRICAL_SURFACE ( 'NONE', #372, 1.600000000000001199 ) ;
#106 = VERTEX_POINT ( 'NONE', #84 ) ;
#107 = AXIS2_PLACEMENT_3D ( 'NONE', #2737, #2236, #2975 ) ;
#108 = DIRECTION ( 'NONE',  ( 0.000000000000000000, -1.000000000000000000, -1.196361017915039486E-16 ) ) ;
#109 = CARTESIAN_POINT ( 'NONE',  ( 27.99999999999999645, 4.000000000000000000, 30.00000000000000000 ) ) ;
#110 = LINE ( 'NONE', #2884, #30 ) ;
#111 = ORIENTED_EDGE ( 'NONE', *, *, #1979, .F. ) ;
#112 = CIRCLE ( 'NONE', #1511, 1.700000000000000178 ) ;
#113 = EDGE_CURVE ( 'NONE', #1218, #2952, #994, .T. ) ;
#114 = EDGE_CURVE ( 'NONE', #1070, #1662, #2720, .T. ) ;
#115 = CARTESIAN_POINT ( 'NONE',  ( 43.99999999999882760, -50.00000000000000000, 28.00000000000000355 ) ) ;
#116 = CIRCLE ( 'NONE', #1709, 1.750000000000001554 ) ;
#117 = CARTESIAN_POINT ( 'NONE',  ( -40.00000000000000000, -30.00000000000000355, 30.00000000000000000 ) ) ;
#118 = EDGE_LOOP ( 'NONE', ( #276, #1454, #1488, #517 ) ) ;
#119 = DIRECTION ( 'NONE',  ( -0.000000000000000000, 1.000000000000000000, -0.000000000000000000 ) ) ;
#120 = LINE ( 'NONE', #1953, #2020 ) ;
#121 = EDGE_LOOP ( 'NONE', ( #1118, #964, #55, #1181 ) ) ;
#122 = CARTESIAN_POINT ( 'NONE',  ( -23.60999999999997101, 25.00000000000000000, -28.14500000000003155 ) ) ;
#123 = LINE ( 'NONE', #2866, #632 ) ;
#124 = VECTOR ( 'NONE', #361, 1000.000000000000000 ) ;
#125 = DIRECTION ( 'NONE',  ( 0.000000000000000000, 1.000000000000000000, 0.000000000000000000 ) ) ;
#126 = VERTEX_POINT ( 'NONE', #1548 ) ;
#127 = AXIS2_PLACEMENT_3D ( 'NONE', #2573, #1214, #2797 ) ;
#128 = ORIENTED_EDGE ( 'NONE', *, *, #1479, .F. ) ;
#129 = ADVANCED_FACE ( 'NONE', ( #1332 ), #658, .T. ) ;
#130 = EDGE_CURVE ( 'NONE', #2623, #717, #1820, .T. ) ;
#131 = DIRECTION ( 'NONE',  ( 0.000000000000000000, 0.000000000000000000, 1.000000000000000000 ) ) ;
#132 = ORIENTED_EDGE ( 'NONE', *, *, #984, .F. ) ;
#133 = EDGE_CURVE ( 'NONE', #2808, #2868, #1084, .T. ) ;
#134 = CYLINDRICAL_SURFACE ( 'NONE', #429, 1.699999999999999289 ) ;
#135 = VECTOR ( 'NONE', #2348, 1000.000000000000000 ) ;
#136 = CYLINDRICAL_SURFACE ( 'NONE', #1295, 1.600000000000001199 ) ;
#137 = VERTEX_POINT ( 'NONE', #2949 ) ;
#138 = AXIS2_PLACEMENT_3D ( 'NONE', #2914, #839, #2230 ) ;
#139 = DIRECTION ( 'NONE',  ( 0.000000000000000000, 1.000000000000000000, 0.000000000000000000 ) ) ;
#140 = FACE_BOUND ( 'NONE', #2673, .T. ) ;
#141 = CARTESIAN_POINT ( 'NONE',  ( 27.20000000000004192, 25.00000000000000000, -9.210000000000034603 ) ) ;
#142 = ORIENTED_EDGE ( 'NONE', *, *, #1114, .F. ) ;
#143 = VECTOR ( 'NONE', #119, 1000.000000000000000 ) ;
#144 = VERTEX_POINT ( 'NONE', #406 ) ;
#145 = CARTESIAN_POINT ( 'NONE',  ( -23.60999999999997101, 30.00000000000000355, -26.39500000000002800 ) ) ;
#146 = DIRECTION ( 'NONE',  ( 0.000000000000000000, 0.000000000000000000, -1.000000000000000000 ) ) ;
#147 = VERTEX_POINT ( 'NONE', #211 ) ;
#148 = CARTESIAN_POINT ( 'NONE',  ( -36.00000000000000711, 6.000000000000000000, 20.88569709374496242 ) ) ;
#149 = EDGE_CURVE ( 'NONE', #2761, #455, #919, .T. ) ;
#150 = FACE_BOUND ( 'NONE', #2706, .T. ) ;
#151 = APPLICATION_PROTOCOL_DEFINITION ( 'draft international standard', 'automotive_design', 1998, #1127 ) ;
#152 = ORIENTED_EDGE ( 'NONE', *, *, #38, .T. ) ;
#153 = PLANE ( 'NONE',  #2682 ) ;
#154 = DIRECTION ( 'NONE',  ( 0.000000000000000000, 0.000000000000000000, -1.000000000000000000 ) ) ;
#155 = ORIENTED_EDGE ( 'NONE', *, *, #2816, .T. ) ;
#156 = ORIENTED_EDGE ( 'NONE', *, *, #1521, .T. ) ;
#157 = CARTESIAN_POINT ( 'NONE',  ( -36.00000000000000711, -14.50000000000000178, 26.00000000000000000 ) ) ;
#158 = DIRECTION ( 'NONE',  ( -0.000000000000000000, 0.000000000000000000, 1.000000000000000000 ) ) ;
#159 = AXIS2_PLACEMENT_3D ( 'NONE', #241, #1879, #1849 ) ;
#160 = ORIENTED_EDGE ( 'NONE', *, *, #1979, .T. ) ;
#161 = DIRECTION ( 'NONE',  ( 0.000000000000000000, 0.000000000000000000, 1.000000000000000000 ) ) ;
#162 = EDGE_CURVE ( 'NONE', #2619, #2072, #10, .T. ) ;
#163 = EDGE_CURVE ( 'NONE', #2714, #2795, #2521, .T. ) ;
#164 = DIRECTION ( 'NONE',  ( -0.000000000000000000, 1.000000000000000000, -0.000000000000000000 ) ) ;
#165 = ORIENTED_EDGE ( 'NONE', *, *, #162, .F. ) ;
#166 = CARTESIAN_POINT ( 'NONE',  ( 27.99999999999999645, -4.000000000000000000, 30.00000000000000000 ) ) ;
#167 = CIRCLE ( 'NONE', #1617, 1.600000000000000755 ) ;
#168 = LINE ( 'NONE', #2971, #351 ) ;
#169 = DIRECTION ( 'NONE',  ( -1.000000000000000000, 0.000000000000000000, 0.000000000000000000 ) ) ;
#170 = VERTEX_POINT ( 'NONE', #629 ) ;
#171 = ORIENTED_EDGE ( 'NONE', *, *, #1328, .T. ) ;
#172 = DIRECTION ( 'NONE',  ( 0.000000000000000000, 1.000000000000000000, 0.000000000000000000 ) ) ;
#173 = VECTOR ( 'NONE', #1717, 1000.000000000000000 ) ;
#174 = LINE ( 'NONE', #1072, #247 ) ;
#175 = VERTEX_POINT ( 'NONE', #421 ) ;
#176 = DIRECTION ( 'NONE',  ( 1.000000000000000000, 0.000000000000000000, 0.000000000000000000 ) ) ;
#177 = VECTOR ( 'NONE', #2311, 1000.000000000000000 ) ;
#178 = CARTESIAN_POINT ( 'NONE',  ( -36.00000000000001421, 18.00000000000000000, -17.60000000000000142 ) ) ;
#179 = ORIENTED_EDGE ( 'NONE', *, *, #2464, .T. ) ;
#180 = EDGE_CURVE ( 'NONE', #2885, #557, #843, .T. ) ;
#181 = DIRECTION ( 'NONE',  ( 0.000000000000000000, 0.000000000000000000, 1.000000000000000000 ) ) ;
#182 = LINE ( 'NONE', #2733, #1015 ) ;
#183 = CARTESIAN_POINT ( 'NONE',  ( -43.99999999999970868, -50.00000000000000000, -6.299999999999997158 ) ) ;
#184 = VERTEX_POINT ( 'NONE', #2707 ) ;
#185 = AXIS2_PLACEMENT_3D ( 'NONE', #1224, #1714, #2153 ) ;
#186 = CARTESIAN_POINT ( 'NONE',  ( -36.00000000000000000, 25.00000000000000000, 26.00000000000000000 ) ) ;
#187 = EDGE_CURVE ( 'NONE', #2911, #2197, #884, .T. ) ;
#188 = DIRECTION ( 'NONE',  ( 0.000000000000000000, 1.000000000000000000, -0.000000000000000000 ) ) ;
#189 = EDGE_LOOP ( 'NONE', ( #1925, #1458, #2933, #898 ) ) ;
#190 = DIRECTION ( 'NONE',  ( 1.000000000000000000, 0.000000000000000000, -0.000000000000000000 ) ) ;
#191 = FACE_BOUND ( 'NONE', #1369, .T. ) ;
#192 = ORIENTED_EDGE ( 'NONE', *, *, #2259, .F. ) ;
#193 = CIRCLE ( 'NONE', #49, 1.700000000000000178 ) ;
#194 = VECTOR ( 'NONE', #2114, 1000.000000000000000 ) ;
#195 = CARTESIAN_POINT ( 'NONE',  ( -21.00000000000000355, 25.00000000000000000, -30.00000000000000000 ) ) ;
#196 = DIRECTION ( 'NONE',  ( 0.000000000000000000, 0.000000000000000000, 1.000000000000000000 ) ) ;
#197 = ORIENTED_EDGE ( 'NONE', *, *, #1272, .F. ) ;
#198 = LINE ( 'NONE', #2044, #2338 ) ;
#199 = DIRECTION ( 'NONE',  ( 0.000000000000000000, 0.000000000000000000, 1.000000000000000000 ) ) ;
#200 = ORIENTED_EDGE ( 'NONE', *, *, #1461, .F. ) ;
#201 = EDGE_CURVE ( 'NONE', #543, #1069, #2494, .T. ) ;
#202 = EDGE_CURVE ( 'NONE', #2392, #54, #2736, .T. ) ;
#203 = ORIENTED_EDGE ( 'NONE', *, *, #2224, .T. ) ;
#204 = DIRECTION ( 'NONE',  ( 0.000000000000000000, 0.000000000000000000, 1.000000000000000000 ) ) ;
#205 = AXIS2_PLACEMENT_3D ( 'NONE', #2154, #80, #1021 ) ;
#206 = CARTESIAN_POINT ( 'NONE',  ( 40.00000000000000711, -9.000000000000000000, 19.28569709374496099 ) ) ;
#207 = ORIENTED_EDGE ( 'NONE', *, *, #201, .F. ) ;
#208 = CARTESIAN_POINT ( 'NONE',  ( 40.00000000000000711, 18.00000000000000711, -1.000000000000000888 ) ) ;
#209 = CARTESIAN_POINT ( 'NONE',  ( -32.00000000000000000, -40.00000000000000711, 26.00000000000000000 ) ) ;
#210 = ORIENTED_EDGE ( 'NONE', *, *, #2724, .T. ) ;
#211 = CARTESIAN_POINT ( 'NONE',  ( -23.60999999999997101, 30.00000000000000355, -24.64500000000002800 ) ) ;
#212 = LINE ( 'NONE', #1129, #346 ) ;
#213 = CARTESIAN_POINT ( 'NONE',  ( -40.00000000000000000, -30.00000000000000355, 34.00000000000000000 ) ) ;
#214 = ORIENTED_EDGE ( 'NONE', *, *, #324, .F. ) ;
#215 = ORIENTED_EDGE ( 'NONE', *, *, #2774, .F. ) ;
#216 = EDGE_CURVE ( 'NONE', #1281, #1218, #831, .T. ) ;
#217 = LINE ( 'NONE', #2994, #505 ) ;
#218 = EDGE_LOOP ( 'NONE', ( #1851, #2561, #1434, #1271 ) ) ;
#219 = VECTOR ( 'NONE', #1619, 1000.000000000000000 ) ;
#220 = EDGE_CURVE ( 'NONE', #540, #1286, #601, .T. ) ;
#221 = VERTEX_POINT ( 'NONE', #2277 ) ;
#222 = CIRCLE ( 'NONE', #1919, 1.600000000000000755 ) ;
#223 = VECTOR ( 'NONE', #2929, 1000.000000000000000 ) ;
#224 = DIRECTION ( 'NONE',  ( 0.000000000000000000, 0.000000000000000000, 1.000000000000000000 ) ) ;
#225 = CARTESIAN_POINT ( 'NONE',  ( 36.00000000000001421, -14.50000000000000178, 17.38569709374495886 ) ) ;
#226 = ORIENTED_EDGE ( 'NONE', *, *, #2275, .T. ) ;
#227 = DIRECTION ( 'NONE',  ( 0.000000000000000000, -1.000000000000000000, 0.000000000000000000 ) ) ;
#228 = CIRCLE ( 'NONE', #87, 1.700000000000000178 ) ;
#229 = DIRECTION ( 'NONE',  ( -1.000000000000000000, 0.000000000000000000, 0.000000000000000000 ) ) ;
#230 = FACE_OUTER_BOUND ( 'NONE', #1186, .T. ) ;
#231 = VERTEX_POINT ( 'NONE', #615 ) ;
#232 = EDGE_LOOP ( 'NONE', ( #1955, #2244 ) ) ;
#233 = VECTOR ( 'NONE', #551, 1000.000000000000114 ) ;
#234 = CARTESIAN_POINT ( 'NONE',  ( 50.00000000000000000, -30.00000000000000355, 34.00000000000000000 ) ) ;
#235 = ORIENTED_EDGE ( 'NONE', *, *, #236, .T. ) ;
#236 = EDGE_CURVE ( 'NONE', #874, #1247, #198, .T. ) ;
#237 = CARTESIAN_POINT ( 'NONE',  ( 43.99999999999941735, -50.00000000000000000, 4.000000000000003553 ) ) ;
#238 = CARTESIAN_POINT ( 'NONE',  ( -36.00000000000000711, -9.000000000000000000, 19.28569709374496099 ) ) ;
#239 = VERTEX_POINT ( 'NONE', #2747 ) ;
#240 = DIRECTION ( 'NONE',  ( 1.000000000000000000, 0.000000000000000000, -0.000000000000000000 ) ) ;
#241 = CARTESIAN_POINT ( 'NONE',  ( -44.00000000000000711, -50.00000000000000000, -19.99999999999999645 ) ) ;
#242 = FACE_BOUND ( 'NONE', #1049, .T. ) ;
#243 = EDGE_LOOP ( 'NONE', ( #2134, #1498 ) ) ;
#244 = EDGE_LOOP ( 'NONE', ( #2651, #1489, #2413, #2923 ) ) ;
#245 = FACE_OUTER_BOUND ( 'NONE', #2066, .T. ) ;
#246 = EDGE_LOOP ( 'NONE', ( #2250, #973 ) ) ;
#247 = VECTOR ( 'NONE', #2709, 1000.000000000000000 ) ;
#248 = CARTESIAN_POINT ( 'NONE',  ( 36.00000000000001421, 6.000000000000000000, 22.48569709374496384 ) ) ;
#249 = AXIS2_PLACEMENT_3D ( 'NONE', #2508, #2265, #857 ) ;
#250 = EDGE_CURVE ( 'NONE', #2811, #2623, #1304, .T. ) ;
#251 = EDGE_CURVE ( 'NONE', #1122, #1814, #2235, .T. ) ;
#252 = DIRECTION ( 'NONE',  ( 0.000000000000000000, 0.000000000000000000, 1.000000000000000000 ) ) ;
#253 = LINE ( 'NONE', #2802, #742 ) ;
#254 = VERTEX_POINT ( 'NONE', #2002 ) ;
#255 = DIRECTION ( 'NONE',  ( -0.000000000000000000, -0.000000000000000000, 1.000000000000000000 ) ) ;
#256 = ADVANCED_FACE ( 'NONE', ( #1778 ), #392, .F. ) ;
#257 = CARTESIAN_POINT ( 'NONE',  ( -40.00000000000000000, 18.00000000000000711, -1.000000000000000888 ) ) ;
#258 = CARTESIAN_POINT ( 'NONE',  ( -43.99999999999882760, -25.00000000000000000, 28.00000000000000355 ) ) ;
#259 = ORIENTED_EDGE ( 'NONE', *, *, #1715, .T. ) ;
#260 = ORIENTED_EDGE ( 'NONE', *, *, #1791, .F. ) ;
#261 = DIRECTION ( 'NONE',  ( -1.000000000000000000, -0.000000000000000000, -0.000000000000000000 ) ) ;
#262 = VERTEX_POINT ( 'NONE', #2369 ) ;
#263 = CARTESIAN_POINT ( 'NONE',  ( -27.99999999999999645, -4.000000000000000000, 30.00000000000000000 ) ) ;
#264 = VERTEX_POINT ( 'NONE', #271 ) ;
#265 = VECTOR ( 'NONE', #1388, 1000.000000000000000 ) ;
#266 = AXIS2_PLACEMENT_3D ( 'NONE', #2050, #2064, #204 ) ;
#267 = DIRECTION ( 'NONE',  ( 0.000000000000000000, 0.000000000000000000, 1.000000000000000000 ) ) ;
#268 = CARTESIAN_POINT ( 'NONE',  ( 21.00000000000000355, 25.00000000000000000, -30.00000000000000000 ) ) ;
#269 = VERTEX_POINT ( 'NONE', #1 ) ;
#270 = EDGE_CURVE ( 'NONE', #1752, #2067, #116, .T. ) ;
#271 = CARTESIAN_POINT ( 'NONE',  ( -43.99999999999882760, -25.00000000000000000, 29.70000000000000284 ) ) ;
#272 = DIRECTION ( 'NONE',  ( -0.000000000000000000, 1.000000000000000000, -0.000000000000000000 ) ) ;
#273 = DIRECTION ( 'NONE',  ( 0.000000000000000000, 0.000000000000000000, 1.000000000000000000 ) ) ;
#274 = EDGE_LOOP ( 'NONE', ( #358, #2267, #1215, #628 ) ) ;
#275 = EDGE_CURVE ( 'NONE', #920, #2360, #2567, .T. ) ;
#276 = ORIENTED_EDGE ( 'NONE', *, *, #416, .F. ) ;
#277 = AXIS2_PLACEMENT_3D ( 'NONE', #792, #76, #775 ) ;
#278 = CARTESIAN_POINT ( 'NONE',  ( 59.99999999999999289, 18.00000000000000711, -1.000000000000000888 ) ) ;
#279 = ORIENTED_EDGE ( 'NONE', *, *, #948, .T. ) ;
#280 = FACE_BOUND ( 'NONE', #244, .T. ) ;
#281 = VECTOR ( 'NONE', #2753, 1000.000000000000000 ) ;
#282 = FACE_OUTER_BOUND ( 'NONE', #1177, .T. ) ;
#283 = CARTESIAN_POINT ( 'NONE',  ( -32.00000000000000000, -4.000000000000000888, 19.99999999999999645 ) ) ;
#284 = ORIENTED_EDGE ( 'NONE', *, *, #820, .T. ) ;
#285 = DIRECTION ( 'NONE',  ( 0.000000000000000000, 0.000000000000000000, 1.000000000000000000 ) ) ;
#286 = CARTESIAN_POINT ( 'NONE',  ( 43.99999999999941735, -30.00000000000000355, 4.000000000000003553 ) ) ;
#287 = PLANE ( 'NONE',  #799 ) ;
#288 = ORIENTED_EDGE ( 'NONE', *, *, #1027, .T. ) ;
#289 = AXIS2_PLACEMENT_3D ( 'NONE', #2158, #2206, #131 ) ;
#290 = ORIENTED_EDGE ( 'NONE', *, *, #1605, .T. ) ;
#291 = EDGE_CURVE ( 'NONE', #889, #221, #2486, .T. ) ;
#292 = ADVANCED_FACE ( 'NONE', ( #2988 ), #1622, .F. ) ;
#293 = CARTESIAN_POINT ( 'NONE',  ( -43.99999999999970868, -50.00000000000000000, -7.999999999999996447 ) ) ;
#294 = CIRCLE ( 'NONE', #2910, 1.749999999999999778 ) ;
#295 = ORIENTED_EDGE ( 'NONE', *, *, #490, .F. ) ;
#296 = LINE ( 'NONE', #2800, #1506 ) ;
#297 = VECTOR ( 'NONE', #1578, 1000.000000000000000 ) ;
#298 = FACE_OUTER_BOUND ( 'NONE', #2746, .T. ) ;
#299 = DIRECTION ( 'NONE',  ( -1.000000000000000000, -0.000000000000000000, -0.000000000000000000 ) ) ;
#300 = ORIENTED_EDGE ( 'NONE', *, *, #2594, .F. ) ;
#301 = DIRECTION ( 'NONE',  ( 0.000000000000000000, 1.000000000000000000, 0.000000000000000000 ) ) ;
#302 = FACE_OUTER_BOUND ( 'NONE', #2110, .T. ) ;
#303 = CARTESIAN_POINT ( 'NONE',  ( 43.99999999999941735, -25.00000000000000000, 2.300000000000003819 ) ) ;
#304 = EDGE_LOOP ( 'NONE', ( #782, #427, #2094, #2628 ) ) ;
#305 = CYLINDRICAL_SURFACE ( 'NONE', #1075, 1.600000000000002531 ) ;
#306 = DIRECTION ( 'NONE',  ( -0.000000000000000000, 1.000000000000000000, -0.000000000000000000 ) ) ;
#307 = EDGE_LOOP ( 'NONE', ( #36, #2209, #592, #814 ) ) ;
#308 = EDGE_CURVE ( 'NONE', #1729, #2605, #2538, .T. ) ;
#309 = CIRCLE ( 'NONE', #2150, 1.750000000000001554 ) ;
#310 = CARTESIAN_POINT ( 'NONE',  ( 27.20000000000004192, 30.00000000000000355, -9.210000000000034603 ) ) ;
#311 = EDGE_CURVE ( 'NONE', #851, #2175, #222, .T. ) ;
#312 = CIRCLE ( 'NONE', #1870, 1.700000000000000178 ) ;
#313 = CARTESIAN_POINT ( 'NONE',  ( 27.20000000000004192, 20.00000000000000355, -10.96000000000003460 ) ) ;
#314 = FACE_BOUND ( 'NONE', #476, .T. ) ;
#315 = VERTEX_POINT ( 'NONE', #2762 ) ;
#316 = CARTESIAN_POINT ( 'NONE',  ( 79.99999999999998579, 6.000000000000000000, 20.88569709374496242 ) ) ;
#317 = DIRECTION ( 'NONE',  ( 0.000000000000000000, 0.000000000000000000, 1.000000000000000000 ) ) ;
#318 = DIRECTION ( 'NONE',  ( 0.000000000000000000, 1.000000000000000000, 0.000000000000000000 ) ) ;
#319 = ORIENTED_EDGE ( 'NONE', *, *, #1571, .F. ) ;
#320 = AXIS2_PLACEMENT_3D ( 'NONE', #2860, #1694, #23 ) ;
#321 = VECTOR ( 'NONE', #125, 1000.000000000000000 ) ;
#322 = LINE ( 'NONE', #769, #545 ) ;
#323 = LINE ( 'NONE', #770, #1201 ) ;
#324 = EDGE_CURVE ( 'NONE', #423, #400, #2406, .T. ) ;
#325 = ORIENTED_EDGE ( 'NONE', *, *, #806, .T. ) ;
#326 = VECTOR ( 'NONE', #1666, 1000.000000000000000 ) ;
#327 = CARTESIAN_POINT ( 'NONE',  ( -36.00000000000001421, 18.00000000000000000, -14.39999999999999858 ) ) ;
#328 = EDGE_CURVE ( 'NONE', #2335, #1444, #2601, .T. ) ;
#329 = DIRECTION ( 'NONE',  ( -0.000000000000000000, -1.000000000000000000, -0.000000000000000000 ) ) ;
#330 = DIRECTION ( 'NONE',  ( 0.000000000000000000, -1.000000000000000000, -1.196361017915039486E-16 ) ) ;
#331 = ORIENTED_EDGE ( 'NONE', *, *, #2485, .F. ) ;
#332 = CARTESIAN_POINT ( 'NONE',  ( 27.99999999999999645, -4.000000000000000000, 19.99999999999999645 ) ) ;
#333 = LINE ( 'NONE', #525, #394 ) ;
#334 = CARTESIAN_POINT ( 'NONE',  ( -36.00000000000000711, 14.49999999999999822, -30.00000000000000000 ) ) ;
#335 = EDGE_LOOP ( 'NONE', ( #295, #2691, #1973, #1395 ) ) ;
#336 = DIRECTION ( 'NONE',  ( 0.000000000000000000, 0.000000000000000000, 1.000000000000000000 ) ) ;
#337 = DIRECTION ( 'NONE',  ( 1.000000000000000000, -0.000000000000000000, -0.000000000000000000 ) ) ;
#338 = ORIENTED_EDGE ( 'NONE', *, *, #2345, .F. ) ;
#339 = VECTOR ( 'NONE', #1232, 1000.000000000000000 ) ;
#340 = CARTESIAN_POINT ( 'NONE',  ( 40.00000000000000711, 18.00000000000000000, -16.00000000000000000 ) ) ;
#341 = CARTESIAN_POINT ( 'NONE',  ( 21.00000000000000355, 25.00000000000000000, -30.00000000000000000 ) ) ;
#342 = DIRECTION ( 'NONE',  ( 1.000000000000000000, 0.000000000000000000, 0.000000000000000000 ) ) ;
#343 = ORIENTED_EDGE ( 'NONE', *, *, #1137, .T. ) ;
#344 = ADVANCED_FACE ( 'NONE', ( #461 ), #2105, .T. ) ;
#345 = EDGE_CURVE ( 'NONE', #2993, #922, #83, .T. ) ;
#346 = VECTOR ( 'NONE', #2059, 1000.000000000000000 ) ;
#347 = DIRECTION ( 'NONE',  ( 0.000000000000000000, 0.000000000000000000, 1.000000000000000000 ) ) ;
#348 = CARTESIAN_POINT ( 'NONE',  ( -49.99999999999999289, -30.00000000000000355, -25.99999999999999645 ) ) ;
#349 = FACE_OUTER_BOUND ( 'NONE', #2456, .T. ) ;
#350 = ORIENTED_EDGE ( 'NONE', *, *, #2813, .T. ) ;
#351 = VECTOR ( 'NONE', #1080, 1000.000000000000000 ) ;
#352 = PLANE ( 'NONE',  #2546 ) ;
#353 = EDGE_CURVE ( 'NONE', #847, #2885, #1481, .T. ) ;
#354 = CARTESIAN_POINT ( 'NONE',  ( -39.99999999999999289, -30.00000000000000355, -25.99999999999999645 ) ) ;
#355 = ORIENTED_EDGE ( 'NONE', *, *, #2966, .T. ) ;
#356 = DIRECTION ( 'NONE',  ( 0.000000000000000000, -1.000000000000000000, 0.000000000000000000 ) ) ;
#357 = CARTESIAN_POINT ( 'NONE',  ( -40.00000000000000000, 14.49999999999999645, -30.00000000000000000 ) ) ;
#358 = ORIENTED_EDGE ( 'NONE', *, *, #383, .F. ) ;
#359 = CARTESIAN_POINT ( 'NONE',  ( 36.00000000000001421, -9.000000000000000000, 20.88569709374496242 ) ) ;
#360 = AXIS2_PLACEMENT_3D ( 'NONE', #1876, #1651, #12 ) ;
#361 = DIRECTION ( 'NONE',  ( -1.000000000000000000, -0.000000000000000000, -0.000000000000000000 ) ) ;
#362 = ORIENTED_EDGE ( 'NONE', *, *, #2464, .F. ) ;
#363 = EDGE_CURVE ( 'NONE', #1860, #2288, #2584, .T. ) ;
#364 = DIRECTION ( 'NONE',  ( 0.000000000000000000, 0.000000000000000000, 1.000000000000000000 ) ) ;
#365 = CYLINDRICAL_SURFACE ( 'NONE', #1350, 1.700000000000000178 ) ;
#366 = EDGE_CURVE ( 'NONE', #2378, #2808, #457, .T. ) ;
#367 = AXIS2_PLACEMENT_3D ( 'NONE', #1376, #1864, #660 ) ;
#368 = VERTEX_POINT ( 'NONE', #927 ) ;
#369 = DIRECTION ( 'NONE',  ( 0.000000000000000000, -0.000000000000000000, 1.000000000000000000 ) ) ;
#370 = DIRECTION ( 'NONE',  ( 0.000000000000000000, 0.000000000000000000, 1.000000000000000000 ) ) ;
#371 = VERTEX_POINT ( 'NONE', #14 ) ;
#372 = AXIS2_PLACEMENT_3D ( 'NONE', #2367, #2383, #535 ) ;
#373 = DIRECTION ( 'NONE',  ( -0.000000000000000000, 1.000000000000000000, -0.000000000000000000 ) ) ;
#374 = DIRECTION ( 'NONE',  ( 0.000000000000000000, 0.000000000000000000, -1.000000000000000000 ) ) ;
#375 = DIRECTION ( 'NONE',  ( 0.000000000000000000, 0.000000000000000000, 1.000000000000000000 ) ) ;
#376 = VERTEX_POINT ( 'NONE', #1391 ) ;
#377 = AXIS2_PLACEMENT_3D ( 'NONE', #1524, #356, #2937 ) ;
#378 = VERTEX_POINT ( 'NONE', #1441 ) ;
#379 = DIRECTION ( 'NONE',  ( 1.156482317317871478E-16, 0.000000000000000000, -1.000000000000000000 ) ) ;
#380 = CARTESIAN_POINT ( 'NONE',  ( -44.00000000000000711, -30.00000000000000355, -19.99999999999999645 ) ) ;
#381 = ORIENTED_EDGE ( 'NONE', *, *, #2743, .F. ) ;
#382 = EDGE_CURVE ( 'NONE', #1642, #1949, #672, .T. ) ;
#383 = EDGE_CURVE ( 'NONE', #2609, #1729, #2841, .T. ) ;
#384 = FACE_BOUND ( 'NONE', #1899, .T. ) ;
#385 = CARTESIAN_POINT ( 'NONE',  ( -39.99999999999999289, -25.00000000000000000, -25.99999999999999645 ) ) ;
#386 = EDGE_LOOP ( 'NONE', ( #390, #2441 ) ) ;
#387 = DIRECTION ( 'NONE',  ( -0.000000000000000000, -1.000000000000000000, -0.000000000000000000 ) ) ;
#388 = DIRECTION ( 'NONE',  ( 1.000000000000000000, 0.000000000000000000, 0.000000000000000000 ) ) ;
#389 = CARTESIAN_POINT ( 'NONE',  ( 50.00000000000000000, -30.00000000000000355, 34.00000000000000000 ) ) ;
#390 = ORIENTED_EDGE ( 'NONE', *, *, #1004, .T. ) ;
#391 = VERTEX_POINT ( 'NONE', #912 ) ;
#392 = PLANE ( 'NONE',  #2729 ) ;
#393 = DIRECTION ( 'NONE',  ( 0.000000000000000000, 0.000000000000000000, 1.000000000000000000 ) ) ;
#394 = VECTOR ( 'NONE', #2169, 1000.000000000000000 ) ;
#395 = AXIS2_PLACEMENT_3D ( 'NONE', #1405, #2821, #1669 ) ;
#396 = ORIENTED_EDGE ( 'NONE', *, *, #2033, .F. ) ;
#397 = CARTESIAN_POINT ( 'NONE',  ( -43.99999999999911893, -25.00000000000000000, 17.70000000000000639 ) ) ;
#398 = EDGE_CURVE ( 'NONE', #2096, #264, #2552, .T. ) ;
#399 = DIRECTION ( 'NONE',  ( 0.000000000000000000, 0.000000000000000000, 1.000000000000000000 ) ) ;
#400 = VERTEX_POINT ( 'NONE', #2789 ) ;
#401 = EDGE_CURVE ( 'NONE', #2462, #368, #1909, .T. ) ;
#402 = CARTESIAN_POINT ( 'NONE',  ( -20.99999999999999645, 24.99999999999999289, 26.00000000000000000 ) ) ;
#403 = DIRECTION ( 'NONE',  ( 1.000000000000000000, 0.000000000000000000, 0.000000000000000000 ) ) ;
#404 = CARTESIAN_POINT ( 'NONE',  ( 27.99999999999999645, -40.00000000000000711, 26.00000000000000000 ) ) ;
#405 = ORIENTED_EDGE ( 'NONE', *, *, #2245, .F. ) ;
#406 = CARTESIAN_POINT ( 'NONE',  ( 27.20000000000004192, 30.00000000000000355, -12.71000000000003460 ) ) ;
#407 = AXIS2_PLACEMENT_3D ( 'NONE', #811, #2217, #583 ) ;
#408 = CARTESIAN_POINT ( 'NONE',  ( -43.99999999999911893, -25.00000000000000000, 14.30000000000000782 ) ) ;
#409 = AXIS2_PLACEMENT_3D ( 'NONE', #1120, #441, #1367 ) ;
#410 = ORIENTED_EDGE ( 'NONE', *, *, #311, .F. ) ;
#411 = FACE_BOUND ( 'NONE', #82, .T. ) ;
#412 = AXIS2_PLACEMENT_3D ( 'NONE', #2793, #2525, #1130 ) ;
#413 = FACE_BOUND ( 'NONE', #2321, .T. ) ;
#414 = EDGE_LOOP ( 'NONE', ( #2179, #1902 ) ) ;
#415 = ADVANCED_FACE ( 'NONE', ( #974 ), #2836, .F. ) ;
#416 = EDGE_CURVE ( 'NONE', #2288, #1429, #485, .T. ) ;
#417 = DIRECTION ( 'NONE',  ( -1.000000000000000000, 0.000000000000000000, 0.000000000000000000 ) ) ;
#418 = FACE_OUTER_BOUND ( 'NONE', #1762, .T. ) ;
#419 = VERTEX_POINT ( 'NONE', #2147 ) ;
#420 = VECTOR ( 'NONE', #2398, 1000.000000000000000 ) ;
#421 = CARTESIAN_POINT ( 'NONE',  ( 40.00000000000000711, 6.000000000000000000, 22.48569709374496384 ) ) ;
#422 = CYLINDRICAL_SURFACE ( 'NONE', #824, 1.750000000000001554 ) ;
#423 = VERTEX_POINT ( 'NONE', #2814 ) ;
#424 = ORIENTED_EDGE ( 'NONE', *, *, #2085, .T. ) ;
#425 = FACE_OUTER_BOUND ( 'NONE', #2325, .T. ) ;
#426 = FACE_OUTER_BOUND ( 'NONE', #2467, .T. ) ;
#427 = ORIENTED_EDGE ( 'NONE', *, *, #2049, .F. ) ;
#428 = VECTOR ( 'NONE', #2921, 1000.000000000000000 ) ;
#429 = AXIS2_PLACEMENT_3D ( 'NONE', #589, #2667, #819 ) ;
#430 = PLANE ( 'NONE',  #2143 ) ;
#431 = FACE_BOUND ( 'NONE', #2958, .T. ) ;
#432 = ORIENTED_EDGE ( 'NONE', *, *, #2562, .F. ) ;
#433 = ADVANCED_FACE ( 'NONE', ( #1903 ), #57, .F. ) ;
#434 = CARTESIAN_POINT ( 'NONE',  ( 20.99999999999999645, 25.00000000000000000, 26.00000000000000000 ) ) ;
#435 = CARTESIAN_POINT ( 'NONE',  ( 43.99999999999970868, -50.00000000000000000, -9.699999999999997513 ) ) ;
#436 = DIRECTION ( 'NONE',  ( 1.000000000000000000, -0.000000000000000000, -0.000000000000000000 ) ) ;
#437 = ORIENTED_EDGE ( 'NONE', *, *, #2259, .T. ) ;
#438 = EDGE_CURVE ( 'NONE', #1829, #1404, #2010, .T. ) ;
#439 = ORIENTED_EDGE ( 'NONE', *, *, #1587, .F. ) ;
#440 = CIRCLE ( 'NONE', #2191, 1.700000000000000178 ) ;
#441 = DIRECTION ( 'NONE',  ( 0.000000000000000000, -1.000000000000000000, 0.000000000000000000 ) ) ;
#442 = VECTOR ( 'NONE', #1589, 1000.000000000000000 ) ;
#443 = VERTEX_POINT ( 'NONE', #2380 ) ;
#444 = DIRECTION ( 'NONE',  ( -0.000000000000000000, 1.000000000000000000, -0.000000000000000000 ) ) ;
#445 = CARTESIAN_POINT ( 'NONE',  ( -25.31999999999996831, 25.00000000000000000, 21.99999999999996447 ) ) ;
#446 = ORIENTED_EDGE ( 'NONE', *, *, #2293, .F. ) ;
#447 = CARTESIAN_POINT ( 'NONE',  ( -50.00000000000000000, -25.00000000000000000, 34.00000000000000000 ) ) ;
#448 = AXIS2_PLACEMENT_3D ( 'NONE', #115, #555, #1025 ) ;
#449 = DIRECTION ( 'NONE',  ( 0.000000000000000000, 0.000000000000000000, -1.000000000000000000 ) ) ;
#450 = DIRECTION ( 'NONE',  ( 1.000000000000000000, 0.000000000000000000, -0.000000000000000000 ) ) ;
#451 = EDGE_LOOP ( 'NONE', ( #2658, #532, #2904, #1637 ) ) ;
#452 = VERTEX_POINT ( 'NONE', #248 ) ;
#453 = EDGE_CURVE ( 'NONE', #2785, #254, #2364, .T. ) ;
#454 = CARTESIAN_POINT ( 'NONE',  ( 44.00000000000000711, -50.00000000000000000, -19.99999999999999645 ) ) ;
#455 = VERTEX_POINT ( 'NONE', #1663 ) ;
#456 = VERTEX_POINT ( 'NONE', #1182 ) ;
#457 = CIRCLE ( 'NONE', #2160, 1.700000000000000178 ) ;
#458 = DIRECTION ( 'NONE',  ( -1.000000000000000000, 0.000000000000000000, -1.239088197126291063E-16 ) ) ;
#459 = CARTESIAN_POINT ( 'NONE',  ( 44.00000000000000711, -25.00000000000000000, -18.29999999999999716 ) ) ;
#460 = EDGE_LOOP ( 'NONE', ( #192, #1890, #210, #1868 ) ) ;
#461 = FACE_OUTER_BOUND ( 'NONE', #2766, .T. ) ;
#462 = AXIS2_PLACEMENT_3D ( 'NONE', #1768, #1995, #370 ) ;
#463 = PLANE ( 'NONE',  #2389 ) ;
#464 = CARTESIAN_POINT ( 'NONE',  ( -43.99999999999882760, -30.00000000000000355, 26.30000000000000426 ) ) ;
#465 = ORIENTED_EDGE ( 'NONE', *, *, #2522, .F. ) ;
#466 = VERTEX_POINT ( 'NONE', #2829 ) ;
#467 = VECTOR ( 'NONE', #2629, 1000.000000000000000 ) ;
#468 = CYLINDRICAL_SURFACE ( 'NONE', #1179, 1.600000000000000755 ) ;
#469 = ORIENTED_EDGE ( 'NONE', *, *, #730, .T. ) ;
#470 = ADVANCED_FACE ( 'NONE', ( #2592, #280, #773 ), #1200, .F. ) ;
#471 = EDGE_CURVE ( 'NONE', #1028, #456, #1465, .T. ) ;
#472 = LINE ( 'NONE', #1416, #818 ) ;
#473 = ADVANCED_FACE ( 'NONE', ( #519 ), #2162, .T. ) ;
#474 = FACE_OUTER_BOUND ( 'NONE', #121, .T. ) ;
#475 = DIRECTION ( 'NONE',  ( 0.000000000000000000, 1.000000000000000000, 0.000000000000000000 ) ) ;
#476 = EDGE_LOOP ( 'NONE', ( #722, #2768 ) ) ;
#477 = DIRECTION ( 'NONE',  ( -1.000000000000000000, -0.000000000000000000, -0.000000000000000000 ) ) ;
#478 = DIRECTION ( 'NONE',  ( 0.000000000000000000, -1.000000000000000000, 0.000000000000000000 ) ) ;
#479 = DIRECTION ( 'NONE',  ( -0.000000000000000000, 1.000000000000000000, -0.000000000000000000 ) ) ;
#480 = VERTEX_POINT ( 'NONE', #999 ) ;
#481 = ORIENTED_EDGE ( 'NONE', *, *, #1605, .F. ) ;
#482 = DIRECTION ( 'NONE',  ( 0.000000000000000000, 0.000000000000000000, 1.000000000000000000 ) ) ;
#483 = ORIENTED_EDGE ( 'NONE', *, *, #2499, .T. ) ;
#484 = CIRCLE ( 'NONE', #2579, 1.750000000000001554 ) ;
#485 = LINE ( 'NONE', #1451, #1629 ) ;
#486 = ORIENTED_EDGE ( 'NONE', *, *, #220, .F. ) ;
#487 = EDGE_CURVE ( 'NONE', #2067, #19, #2098, .T. ) ;
#488 = VECTOR ( 'NONE', #2247, 1000.000000000000000 ) ;
#489 = VECTOR ( 'NONE', #172, 1000.000000000000000 ) ;
#490 = EDGE_CURVE ( 'NONE', #1829, #1148, #296, .T. ) ;
#491 = DIRECTION ( 'NONE',  ( -1.000000000000000000, 0.000000000000000000, 0.000000000000000000 ) ) ;
#492 = DIRECTION ( 'NONE',  ( -1.000000000000000000, 0.000000000000000000, 0.000000000000000000 ) ) ;
#493 = EDGE_LOOP ( 'NONE', ( #1320, #165, #1799, #1631 ) ) ;
#494 = DIRECTION ( 'NONE',  ( 0.000000000000000000, 0.000000000000000000, -1.000000000000000000 ) ) ;
#495 = DIRECTION ( 'NONE',  ( 0.000000000000000000, 0.000000000000000000, 1.000000000000000000 ) ) ;
#496 = LINE ( 'NONE', #213, #1728 ) ;
#497 = ORIENTED_EDGE ( 'NONE', *, *, #1715, .F. ) ;
#498 = ORIENTED_EDGE ( 'NONE', *, *, #383, .T. ) ;
#499 = CARTESIAN_POINT ( 'NONE',  ( -40.00000000000000000, 14.49999999999999645, 17.38569709374496242 ) ) ;
#500 = ORIENTED_EDGE ( 'NONE', *, *, #2774, .T. ) ;
#501 = ORIENTED_EDGE ( 'NONE', *, *, #878, .F. ) ;
#502 = DIRECTION ( 'NONE',  ( -0.000000000000000000, 1.000000000000000000, -0.000000000000000000 ) ) ;
#503 = ORIENTED_EDGE ( 'NONE', *, *, #366, .F. ) ;
#504 = AXIS2_PLACEMENT_3D ( 'NONE', #2028, #1985, #196 ) ;
#505 = VECTOR ( 'NONE', #905, 1000.000000000000000 ) ;
#506 = PLANE ( 'NONE',  #2583 ) ;
#507 = CARTESIAN_POINT ( 'NONE',  ( -25.31999999999996831, 30.00000000000000355, 23.74999999999996447 ) ) ;
#508 = ORIENTED_EDGE ( 'NONE', *, *, #1977, .F. ) ;
#509 = CARTESIAN_POINT ( 'NONE',  ( 44.00000000000000711, -30.00000000000000355, -19.99999999999999645 ) ) ;
#510 = EDGE_CURVE ( 'NONE', #391, #419, #982, .T. ) ;
#511 = EDGE_CURVE ( 'NONE', #2591, #1885, #472, .T. ) ;
#512 = FACE_OUTER_BOUND ( 'NONE', #1793, .T. ) ;
#513 = CARTESIAN_POINT ( 'NONE',  ( -40.00000000000000000, 14.49999999999999645, 17.38569709374496242 ) ) ;
#514 = ORIENTED_EDGE ( 'NONE', *, *, #34, .T. ) ;
#515 = ORIENTED_EDGE ( 'NONE', *, *, #1114, .T. ) ;
#516 = DIRECTION ( 'NONE',  ( -0.000000000000000000, 0.000000000000000000, 1.000000000000000000 ) ) ;
#517 = ORIENTED_EDGE ( 'NONE', *, *, #1460, .T. ) ;
#518 = VECTOR ( 'NONE', #2183, 1000.000000000000000 ) ;
#519 = FACE_OUTER_BOUND ( 'NONE', #2982, .T. ) ;
#520 = VECTOR ( 'NONE', #1013, 1000.000000000000000 ) ;
#521 = LINE ( 'NONE', #2395, #1089 ) ;
#522 = FACE_OUTER_BOUND ( 'NONE', #2292, .T. ) ;
#523 = ORIENTED_EDGE ( 'NONE', *, *, #580, .T. ) ;
#524 = DIRECTION ( 'NONE',  ( -1.000000000000000000, -0.000000000000000000, -0.000000000000000000 ) ) ;
#525 = CARTESIAN_POINT ( 'NONE',  ( 36.00000000000001421, 14.49999999999999822, 26.00000000000000000 ) ) ;
#526 = CARTESIAN_POINT ( 'NONE',  ( -25.31999999999996831, 20.00000000000000355, 23.74999999999996447 ) ) ;
#527 = ORIENTED_EDGE ( 'NONE', *, *, #891, .T. ) ;
#528 = EDGE_CURVE ( 'NONE', #1348, #2452, #1648, .T. ) ;
#529 = DIRECTION ( 'NONE',  ( -1.000000000000000000, 0.000000000000000000, 0.000000000000000000 ) ) ;
#530 = DIRECTION ( 'NONE',  ( 0.000000000000000000, 0.000000000000000000, -1.000000000000000000 ) ) ;
#531 = EDGE_CURVE ( 'NONE', #239, #1348, #2346, .T. ) ;
#532 = ORIENTED_EDGE ( 'NONE', *, *, #1308, .T. ) ;
#533 = DIRECTION ( 'NONE',  ( 0.000000000000000000, 0.000000000000000000, -1.000000000000000000 ) ) ;
#534 = CARTESIAN_POINT ( 'NONE',  ( 30.00000000000000000, -4.000000000000000000, 19.99999999999999645 ) ) ;
#535 = DIRECTION ( 'NONE',  ( 0.000000000000000000, 0.000000000000000000, 1.000000000000000000 ) ) ;
#536 = VERTEX_POINT ( 'NONE', #310 ) ;
#537 = CARTESIAN_POINT ( 'NONE',  ( 27.20000000000004192, 30.00000000000000355, 16.99999999999996803 ) ) ;
#538 = DIRECTION ( 'NONE',  ( -1.000000000000000000, -0.000000000000000000, -0.000000000000000000 ) ) ;
#539 = DIRECTION ( 'NONE',  ( -0.000000000000000000, 1.000000000000000000, -0.000000000000000000 ) ) ;
#540 = VERTEX_POINT ( 'NONE', #1647 ) ;
#541 = CARTESIAN_POINT ( 'NONE',  ( -43.99999999999882760, -25.00000000000000000, 26.30000000000000426 ) ) ;
#542 = DIRECTION ( 'NONE',  ( 0.000000000000000000, -1.000000000000000000, 0.000000000000000000 ) ) ;
#543 = VERTEX_POINT ( 'NONE', #263 ) ;
#544 = EDGE_CURVE ( 'NONE', #1601, #2591, #2847, .T. ) ;
#545 = VECTOR ( 'NONE', #2449, 1000.000000000000000 ) ;
#546 = DIRECTION ( 'NONE',  ( 0.000000000000000000, 1.000000000000000000, 0.000000000000000000 ) ) ;
#547 = CIRCLE ( 'NONE', #2784, 2.000000000000001776 ) ;
#548 = DIRECTION ( 'NONE',  ( 1.000000000000000000, 0.000000000000000000, 0.000000000000000000 ) ) ;
#549 = DIRECTION ( 'NONE',  ( -1.000000000000000000, -0.000000000000000000, -0.000000000000000000 ) ) ;
#550 = ORIENTED_EDGE ( 'NONE', *, *, #908, .T. ) ;
#551 = DIRECTION ( 'NONE',  ( -0.000000000000000000, -0.7071067811865513475, 0.7071067811865435759 ) ) ;
#552 = CYLINDRICAL_SURFACE ( 'NONE', #2241, 1.600000000000000755 ) ;
#553 = CARTESIAN_POINT ( 'NONE',  ( 79.99999999999998579, -9.000000000000000000, 19.28569709374496099 ) ) ;
#554 = VERTEX_POINT ( 'NONE', #952 ) ;
#555 = DIRECTION ( 'NONE',  ( -0.000000000000000000, 1.000000000000000000, -0.000000000000000000 ) ) ;
#556 = LINE ( 'NONE', #2421, #1754 ) ;
#557 = VERTEX_POINT ( 'NONE', #2239 ) ;
#558 = DIRECTION ( 'NONE',  ( -1.156482317317871478E-16, 0.000000000000000000, -1.000000000000000000 ) ) ;
#559 = EDGE_CURVE ( 'NONE', #184, #945, #606, .T. ) ;
#560 = AXIS2_PLACEMENT_3D ( 'NONE', #1254, #1685, #2616 ) ;
#561 = EDGE_CURVE ( 'NONE', #368, #2911, #804, .T. ) ;
#562 = FACE_OUTER_BOUND ( 'NONE', #1877, .T. ) ;
#563 = FACE_BOUND ( 'NONE', #1170, .T. ) ;
#564 = ORIENTED_EDGE ( 'NONE', *, *, #1272, .T. ) ;
#565 = EDGE_CURVE ( 'NONE', #2072, #2619, #294, .T. ) ;
#566 = LINE ( 'NONE', #1745, #467 ) ;
#567 = CARTESIAN_POINT ( 'NONE',  ( 40.00000000000000000, -25.00000000000000000, 34.00000000000000000 ) ) ;
#568 = LINE ( 'NONE', #2618, #2606 ) ;
#569 = ORIENTED_EDGE ( 'NONE', *, *, #56, .T. ) ;
#570 = VERTEX_POINT ( 'NONE', #327 ) ;
#571 = LINE ( 'NONE', #2634, #2301 ) ;
#572 = DIRECTION ( 'NONE',  ( -0.000000000000000000, 1.000000000000000000, -0.000000000000000000 ) ) ;
#573 = CIRCLE ( 'NONE', #954, 1.699999999999999289 ) ;
#574 = ORIENTED_EDGE ( 'NONE', *, *, #650, .T. ) ;
#575 = VECTOR ( 'NONE', #2005, 1000.000000000000000 ) ;
#576 = CARTESIAN_POINT ( 'NONE',  ( -40.00000000000000000, -30.00000000000000355, -30.00000000000000000 ) ) ;
#577 = LINE ( 'NONE', #357, #653 ) ;
#578 = ORIENTED_EDGE ( 'NONE', *, *, #1945, .F. ) ;
#579 = AXIS2_PLACEMENT_3D ( 'NONE', #2045, #1821, #2749 ) ;
#580 = EDGE_CURVE ( 'NONE', #2139, #9, #719, .T. ) ;
#581 = CARTESIAN_POINT ( 'NONE',  ( 40.00000000000000000, 14.49999999999999645, 17.38569709374496242 ) ) ;
#582 = CARTESIAN_POINT ( 'NONE',  ( 32.00000000000000000, 4.000000000000000888, 30.00000000000000000 ) ) ;
#583 = DIRECTION ( 'NONE',  ( 0.000000000000000000, 0.000000000000000000, 1.000000000000000000 ) ) ;
#584 = ORIENTED_EDGE ( 'NONE', *, *, #1515, .F. ) ;
#585 = CIRCLE ( 'NONE', #8, 1.600000000000000755 ) ;
#586 = CARTESIAN_POINT ( 'NONE',  ( 59.99999999999999289, 18.00000000000000000, -17.60000000000000142 ) ) ;
#587 = DIRECTION ( 'NONE',  ( 1.000000000000000000, 0.000000000000000000, 0.000000000000000000 ) ) ;
#588 = ORIENTED_EDGE ( 'NONE', *, *, #2543, .F. ) ;
#589 = CARTESIAN_POINT ( 'NONE',  ( -43.99999999999970868, -50.00000000000000000, -7.999999999999996447 ) ) ;
#590 = LINE ( 'NONE', #1076, #2317 ) ;
#591 =( NAMED_UNIT ( * ) PLANE_ANGLE_UNIT ( ) SI_UNIT ( $, .RADIAN. ) );
#592 = ORIENTED_EDGE ( 'NONE', *, *, #180, .F. ) ;
#593 = CYLINDRICAL_SURFACE ( 'NONE', #1677, 1.750000000000001554 ) ;
#594 = DIRECTION ( 'NONE',  ( -0.000000000000000000, 1.000000000000000000, -0.000000000000000000 ) ) ;
#595 = CIRCLE ( 'NONE', #1430, 1.600000000000000755 ) ;
#596 = LINE ( 'NONE', #404, #1326 ) ;
#597 = EDGE_LOOP ( 'NONE', ( #2118, #1053, #1856, #527 ) ) ;
#598 = EDGE_CURVE ( 'NONE', #1986, #570, #1105, .T. ) ;
#599 = ADVANCED_FACE ( 'NONE', ( #1991 ), #134, .F. ) ;
#600 = ORIENTED_EDGE ( 'NONE', *, *, #931, .T. ) ;
#601 = LINE ( 'NONE', #2934, #2635 ) ;
#602 = CARTESIAN_POINT ( 'NONE',  ( 30.00000000000000000, 4.000000000000000000, 26.00000000000000000 ) ) ;
#603 = AXIS2_PLACEMENT_3D ( 'NONE', #1171, #942, #494 ) ;
#604 = VECTOR ( 'NONE', #2214, 1000.000000000000000 ) ;
#605 = ORIENTED_EDGE ( 'NONE', *, *, #1776, .F. ) ;
#606 = LINE ( 'NONE', #576, #1891 ) ;
#607 = CIRCLE ( 'NONE', #2703, 1.699999999999999289 ) ;
#608 = FACE_BOUND ( 'NONE', #609, .T. ) ;
#609 = EDGE_LOOP ( 'NONE', ( #2083, #503 ) ) ;
#610 = AXIS2_PLACEMENT_3D ( 'NONE', #1020, #1500, #1730 ) ;
#611 = DIRECTION ( 'NONE',  ( 0.000000000000000000, 0.000000000000000000, 1.000000000000000000 ) ) ;
#612 = CARTESIAN_POINT ( 'NONE',  ( -44.00000000000000711, -25.00000000000000000, -19.99999999999999645 ) ) ;
#613 = CARTESIAN_POINT ( 'NONE',  ( -40.00000000000000000, 18.00000000000000711, 0.6000000000000003109 ) ) ;
#614 = ORIENTED_EDGE ( 'NONE', *, *, #1101, .T. ) ;
#615 = CARTESIAN_POINT ( 'NONE',  ( -27.99999999999999645, 4.000000000000000000, 26.00000000000000000 ) ) ;
#616 = EDGE_CURVE ( 'NONE', #961, #1082, #1248, .T. ) ;
#617 = CARTESIAN_POINT ( 'NONE',  ( 40.00000000000000711, -9.000000000000000000, 20.88569709374496242 ) ) ;
#618 = EDGE_LOOP ( 'NONE', ( #2312, #2053, #2419, #2264 ) ) ;
#619 = EDGE_CURVE ( 'NONE', #126, #920, #2131, .T. ) ;
#620 = LINE ( 'NONE', #1553, #2901 ) ;
#621 = LINE ( 'NONE', #1542, #2798 ) ;
#622 = ORIENTED_EDGE ( 'NONE', *, *, #616, .T. ) ;
#623 = DIRECTION ( 'NONE',  ( 0.000000000000000000, 0.000000000000000000, -1.000000000000000000 ) ) ;
#624 = FACE_OUTER_BOUND ( 'NONE', #1838, .T. ) ;
#625 = CYLINDRICAL_SURFACE ( 'NONE', #504, 1.700000000000000178 ) ;
#626 = VERTEX_POINT ( 'NONE', #2176 ) ;
#627 = CIRCLE ( 'NONE', #2038, 1.600000000000001199 ) ;
#628 = ORIENTED_EDGE ( 'NONE', *, *, #308, .F. ) ;
#629 = CARTESIAN_POINT ( 'NONE',  ( 36.00000000000001421, 14.49999999999999645, -30.00000000000000000 ) ) ;
#630 = ADVANCED_FACE ( 'NONE', ( #1262, #384, #1307, #2924, #1753, #1493 ), #2683, .T. ) ;
#631 = DIRECTION ( 'NONE',  ( 0.000000000000000000, 1.000000000000000000, 0.000000000000000000 ) ) ;
#632 = VECTOR ( 'NONE', #780, 1000.000000000000000 ) ;
#633 = VECTOR ( 'NONE', #2479, 1000.000000000000000 ) ;
#634 = EDGE_LOOP ( 'NONE', ( #2541, #1243, #101, #1417 ) ) ;
#635 = FACE_OUTER_BOUND ( 'NONE', #1886, .T. ) ;
#636 = EDGE_CURVE ( 'NONE', #391, #1543, #760, .T. ) ;
#637 = FACE_OUTER_BOUND ( 'NONE', #1366, .T. ) ;
#638 = EDGE_LOOP ( 'NONE', ( #2461, #1664 ) ) ;
#639 = CARTESIAN_POINT ( 'NONE',  ( -40.00000000000000000, 30.00000000000000355, -30.00000000000000000 ) ) ;
#640 = DIRECTION ( 'NONE',  ( 1.000000000000000000, 0.000000000000000000, 0.000000000000000000 ) ) ;
#641 = ORIENTED_EDGE ( 'NONE', *, *, #2652, .F. ) ;
#642 = DIRECTION ( 'NONE',  ( 1.000000000000000000, 0.000000000000000000, 0.000000000000000000 ) ) ;
#643 = VECTOR ( 'NONE', #2100, 1000.000000000000000 ) ;
#644 = LINE ( 'NONE', #1807, #1216 ) ;
#645 = VECTOR ( 'NONE', #950, 1000.000000000000000 ) ;
#646 = ORIENTED_EDGE ( 'NONE', *, *, #1328, .F. ) ;
#647 = EDGE_LOOP ( 'NONE', ( #1331, #2828, #2681, #469, #1612, #424, #747, #259, #1292 ) ) ;
#648 = DIRECTION ( 'NONE',  ( 0.000000000000000000, -1.000000000000000000, 0.000000000000000000 ) ) ;
#649 = EDGE_CURVE ( 'NONE', #2714, #1281, #1294, .T. ) ;
#650 = EDGE_CURVE ( 'NONE', #2072, #144, #1710, .T. ) ;
#651 = LINE ( 'NONE', #836, #2414 ) ;
#652 = ORIENTED_EDGE ( 'NONE', *, *, #275, .F. ) ;
#653 = VECTOR ( 'NONE', #2455, 1000.000000000000000 ) ;
#654 = EDGE_CURVE ( 'NONE', #737, #1148, #2370, .T. ) ;
#655 = DIRECTION ( 'NONE',  ( 1.000000000000000000, 0.000000000000000000, 0.000000000000000000 ) ) ;
#656 = CARTESIAN_POINT ( 'NONE',  ( -21.00000000000000355, 25.00000000000000000, -30.00000000000000000 ) ) ;
#657 = ORIENTED_EDGE ( 'NONE', *, *, #510, .T. ) ;
#658 = PLANE ( 'NONE',  #2253 ) ;
#659 = FACE_OUTER_BOUND ( 'NONE', #1563, .T. ) ;
#660 = DIRECTION ( 'NONE',  ( 0.000000000000000000, 0.000000000000000000, 1.000000000000000000 ) ) ;
#661 = ORIENTED_EDGE ( 'NONE', *, *, #2048, .F. ) ;
#662 = AXIS2_PLACEMENT_3D ( 'NONE', #1509, #102, #369 ) ;
#663 = VERTEX_POINT ( 'NONE', #1029 ) ;
#664 = FACE_BOUND ( 'NONE', #48, .T. ) ;
#665 = ADVANCED_FACE ( 'NONE', ( #789 ), #2226, .F. ) ;
#666 = DIRECTION ( 'NONE',  ( -0.000000000000000000, 0.7071067811865513475, -0.7071067811865435759 ) ) ;
#667 = EDGE_LOOP ( 'NONE', ( #2955, #2843, #410, #1117 ) ) ;
#668 = CIRCLE ( 'NONE', #2668, 2.000000000000001776 ) ;
#669 = FACE_OUTER_BOUND ( 'NONE', #2879, .T. ) ;
#670 = CARTESIAN_POINT ( 'NONE',  ( 40.00000000000000711, 18.00000000000000000, -16.00000000000000000 ) ) ;
#671 = ORIENTED_EDGE ( 'NONE', *, *, #2669, .T. ) ;
#672 = LINE ( 'NONE', #1144, #2790 ) ;
#673 = EDGE_CURVE ( 'NONE', #536, #144, #2754, .T. ) ;
#674 = AXIS2_PLACEMENT_3D ( 'NONE', #1696, #2849, #2627 ) ;
#675 = CARTESIAN_POINT ( 'NONE',  ( 27.20000000000004192, 20.00000000000000355, 16.99999999999996803 ) ) ;
#676 = DIRECTION ( 'NONE',  ( 0.000000000000000000, -1.000000000000000000, 0.000000000000000000 ) ) ;
#677 = VERTEX_POINT ( 'NONE', #1277 ) ;
#678 = VERTEX_POINT ( 'NONE', #2654 ) ;
#679 = PLANE ( 'NONE',  #1830 ) ;
#680 = ORIENTED_EDGE ( 'NONE', *, *, #487, .F. ) ;
#681 = CARTESIAN_POINT ( 'NONE',  ( -40.00000000000000000, 30.00000000000000355, -30.00000000000000000 ) ) ;
#682 = ORIENTED_EDGE ( 'NONE', *, *, #2576, .T. ) ;
#683 = DIRECTION ( 'NONE',  ( -1.239088197126291063E-16, 0.000000000000000000, 1.000000000000000000 ) ) ;
#684 = PLANE ( 'NONE',  #1178 ) ;
#685 = VERTEX_POINT ( 'NONE', #2893 ) ;
#686 = DIRECTION ( 'NONE',  ( 1.156482317317871478E-16, 0.000000000000000000, 1.000000000000000000 ) ) ;
#687 = VECTOR ( 'NONE', #2173, 1000.000000000000000 ) ;
#688 = DIRECTION ( 'NONE',  ( 0.000000000000000000, 1.000000000000000000, -0.000000000000000000 ) ) ;
#689 = FACE_BOUND ( 'NONE', #232, .T. ) ;
#690 = VERTEX_POINT ( 'NONE', #1978 ) ;
#691 = EDGE_CURVE ( 'NONE', #2392, #2096, #1197, .T. ) ;
#692 = ADVANCED_FACE ( 'NONE', ( #2712 ), #1133, .F. ) ;
#693 = EDGE_LOOP ( 'NONE', ( #2358, #2478, #1808, #381 ) ) ;
#694 = VECTOR ( 'NONE', #479, 1000.000000000000000 ) ;
#695 = CARTESIAN_POINT ( 'NONE',  ( 40.00000000000000711, 18.00000000000000000, -17.60000000000000142 ) ) ;
#696 = ORIENTED_EDGE ( 'NONE', *, *, #1794, .F. ) ;
#697 = CARTESIAN_POINT ( 'NONE',  ( 43.99999999999882760, -25.00000000000000000, 28.00000000000000355 ) ) ;
#698 = ORIENTED_EDGE ( 'NONE', *, *, #2998, .T. ) ;
#699 = AXIS2_PLACEMENT_3D ( 'NONE', #29, #2307, #686 ) ;
#700 = AXIS2_PLACEMENT_3D ( 'NONE', #1050, #2783, #2702 ) ;
#701 = DIRECTION ( 'NONE',  ( -0.000000000000000000, 1.000000000000000000, -0.000000000000000000 ) ) ;
#702 = LINE ( 'NONE', #656, #643 ) ;
#703 = VERTEX_POINT ( 'NONE', #2767 ) ;
#704 = DIRECTION ( 'NONE',  ( 0.000000000000000000, 0.000000000000000000, 1.000000000000000000 ) ) ;
#705 = AXIS2_PLACEMENT_3D ( 'NONE', #2954, #2926, #850 ) ;
#706 = CYLINDRICAL_SURFACE ( 'NONE', #967, 1.750000000000001554 ) ;
#707 = DIRECTION ( 'NONE',  ( 0.000000000000000000, 1.000000000000000000, 0.000000000000000000 ) ) ;
#708 = EDGE_LOOP ( 'NONE', ( #997, #2871, #2192, #432 ) ) ;
#709 = EDGE_LOOP ( 'NONE', ( #156, #2156, #1616, #957, #1523, #2946 ) ) ;
#710 = EDGE_CURVE ( 'NONE', #2993, #856, #2300, .T. ) ;
#711 = CARTESIAN_POINT ( 'NONE',  ( 43.99999999999911893, -25.00000000000000000, 16.00000000000000711 ) ) ;
#712 = ORIENTED_EDGE ( 'NONE', *, *, #1418, .T. ) ;
#713 = ADVANCED_FACE ( 'NONE', ( #2978, #2255, #1613, #411, #635 ), #679, .F. ) ;
#714 = CARTESIAN_POINT ( 'NONE',  ( 43.99999999999941735, -50.00000000000000000, 5.700000000000002842 ) ) ;
#715 = DIRECTION ( 'NONE',  ( 0.000000000000000000, 0.000000000000000000, 1.000000000000000000 ) ) ;
#716 = DIRECTION ( 'NONE',  ( -0.000000000000000000, 1.000000000000000000, -0.000000000000000000 ) ) ;
#717 = VERTEX_POINT ( 'NONE', #234 ) ;
#718 = CARTESIAN_POINT ( 'NONE',  ( 30.00000000000000000, -4.000000000000000000, 26.00000000000000000 ) ) ;
#719 = CIRCLE ( 'NONE', #2427, 1.600000000000000755 ) ;
#720 = FACE_OUTER_BOUND ( 'NONE', #667, .T. ) ;
#721 = CARTESIAN_POINT ( 'NONE',  ( 79.99999999999998579, 6.000000000000000000, 20.88569709374496242 ) ) ;
#722 = ORIENTED_EDGE ( 'NONE', *, *, #949, .T. ) ;
#723 = ORIENTED_EDGE ( 'NONE', *, *, #1253, .F. ) ;
#724 = FACE_OUTER_BOUND ( 'NONE', #1766, .T. ) ;
#725 = ORIENTED_EDGE ( 'NONE', *, *, #1137, .F. ) ;
#726 = EDGE_LOOP ( 'NONE', ( #723, #465, #1041, #1633 ) ) ;
#727 = AXIS2_PLACEMENT_3D ( 'NONE', #2822, #229, #495 ) ;
#728 = DIRECTION ( 'NONE',  ( -1.000000000000000000, -0.000000000000000000, -0.000000000000000000 ) ) ;
#729 = ADVANCED_FACE ( 'NONE', ( #861 ), #848, .F. ) ;
#730 = EDGE_CURVE ( 'NONE', #184, #1122, #620, .T. ) ;
#731 = CARTESIAN_POINT ( 'NONE',  ( 27.20000000000004192, 30.00000000000000355, -10.96000000000003460 ) ) ;
#732 = DIRECTION ( 'NONE',  ( 0.000000000000000000, -1.196361017915039486E-16, 1.000000000000000000 ) ) ;
#733 = ORIENTED_EDGE ( 'NONE', *, *, #2577, .F. ) ;
#734 = DIRECTION ( 'NONE',  ( 0.000000000000000000, 1.000000000000000000, 0.000000000000000000 ) ) ;
#735 = CYLINDRICAL_SURFACE ( 'NONE', #159, 1.700000000000000178 ) ;
#736 = CARTESIAN_POINT ( 'NONE',  ( -43.99999999999911893, -50.00000000000000000, 17.70000000000000639 ) ) ;
#737 = VERTEX_POINT ( 'NONE', #397 ) ;
#738 = ORIENTED_EDGE ( 'NONE', *, *, #2925, .T. ) ;
#739 = CYLINDRICAL_SURFACE ( 'NONE', #2600, 1.700000000000000178 ) ;
#740 = ORIENTED_EDGE ( 'NONE', *, *, #565, .T. ) ;
#741 = DIRECTION ( 'NONE',  ( -0.000000000000000000, 1.000000000000000000, -0.000000000000000000 ) ) ;
#742 = VECTOR ( 'NONE', #2334, 1000.000000000000000 ) ;
#743 = EDGE_CURVE ( 'NONE', #2496, #945, #1321, .T. ) ;
#744 = DIRECTION ( 'NONE',  ( -0.000000000000000000, 1.000000000000000000, -0.000000000000000000 ) ) ;
#745 = CARTESIAN_POINT ( 'NONE',  ( 36.00000000000001421, -40.00000000000000711, 17.38569709374495531 ) ) ;
#746 = VECTOR ( 'NONE', #373, 1000.000000000000000 ) ;
#747 = ORIENTED_EDGE ( 'NONE', *, *, #2033, .T. ) ;
#748 = CARTESIAN_POINT ( 'NONE',  ( 79.99999999999998579, -9.000000000000000000, 20.88569709374496242 ) ) ;
#749 = ADVANCED_FACE ( 'NONE', ( #2953 ), #2497, .F. ) ;
#750 = PLANE ( 'NONE',  #2172 ) ;
#751 = LINE ( 'NONE', #2603, #1263 ) ;
#752 = DIRECTION ( 'NONE',  ( -1.000000000000000000, -0.000000000000000000, -0.000000000000000000 ) ) ;
#753 = ORIENTED_EDGE ( 'NONE', *, *, #345, .T. ) ;
#754 = ORIENTED_EDGE ( 'NONE', *, *, #1003, .F. ) ;
#755 = CIRCLE ( 'NONE', #462, 1.750000000000001554 ) ;
#756 = DIRECTION ( 'NONE',  ( -1.000000000000000000, -0.000000000000000000, -0.000000000000000000 ) ) ;
#757 = ORIENTED_EDGE ( 'NONE', *, *, #1098, .F. ) ;
#758 = VECTOR ( 'NONE', #2257, 1000.000000000000000 ) ;
#759 = CARTESIAN_POINT ( 'NONE',  ( 40.00000000000000000, -25.00000000000000000, 34.00000000000000000 ) ) ;
#760 = CIRCLE ( 'NONE', #377, 1.700000000000000178 ) ;
#761 = CYLINDRICAL_SURFACE ( 'NONE', #1538, 1.749999999999999778 ) ;
#762 = LINE ( 'NONE', #1467, #1030 ) ;
#763 = ORIENTED_EDGE ( 'NONE', *, *, #2979, .F. ) ;
#764 = LINE ( 'NONE', #2416, #1193 ) ;
#765 = CARTESIAN_POINT ( 'NONE',  ( 39.99999999999999289, -25.00000000000000000, -25.99999999999999645 ) ) ;
#766 = CARTESIAN_POINT ( 'NONE',  ( 27.20000000000004192, 20.00000000000000355, 16.99999999999996803 ) ) ;
#767 = ORIENTED_EDGE ( 'NONE', *, *, #2948, .T. ) ;
#768 = ADVANCED_FACE ( 'NONE', ( #2269, #2036, #664, #2967, #877 ), #1810, .F. ) ;
#769 = CARTESIAN_POINT ( 'NONE',  ( 36.00000000000001421, -40.00000000000000711, 26.00000000000000000 ) ) ;
#770 = CARTESIAN_POINT ( 'NONE',  ( 40.00000000000000000, -14.50000000000000178, 17.38569709374495886 ) ) ;
#771 = EDGE_LOOP ( 'NONE', ( #1357, #1317, #2685, #1697 ) ) ;
#772 = AXIS2_PLACEMENT_3D ( 'NONE', #1727, #1482, #2412 ) ;
#773 = FACE_OUTER_BOUND ( 'NONE', #930, .T. ) ;
#774 = CIRCLE ( 'NONE', #1361, 1.600000000000001199 ) ;
#775 = DIRECTION ( 'NONE',  ( 1.000000000000000000, 0.000000000000000000, 0.000000000000000000 ) ) ;
#776 = FACE_BOUND ( 'NONE', #1131, .T. ) ;
#777 = VERTEX_POINT ( 'NONE', #2514 ) ;
#778 = VECTOR ( 'NONE', #1099, 1000.000000000000000 ) ;
#779 = LINE ( 'NONE', #2644, #233 ) ;
#780 = DIRECTION ( 'NONE',  ( -0.000000000000000000, -1.000000000000000000, -0.000000000000000000 ) ) ;
#781 = CARTESIAN_POINT ( 'NONE',  ( -40.00000000000000000, 30.00000000000000355, 30.00000000000000000 ) ) ;
#782 = ORIENTED_EDGE ( 'NONE', *, *, #2637, .F. ) ;
#783 = ORIENTED_EDGE ( 'NONE', *, *, #1418, .F. ) ;
#784 = EDGE_CURVE ( 'NONE', #2808, #2378, #1297, .T. ) ;
#785 = ADVANCED_FACE ( 'NONE', ( #425 ), #1351, .F. ) ;
#786 = CARTESIAN_POINT ( 'NONE',  ( 43.99999999999911893, -30.00000000000000355, 16.00000000000000711 ) ) ;
#787 = ORIENTED_EDGE ( 'NONE', *, *, #891, .F. ) ;
#788 = EDGE_CURVE ( 'NONE', #678, #2701, #791, .T. ) ;
#789 = FACE_OUTER_BOUND ( 'NONE', #2773, .T. ) ;
#790 = AXIS2_PLACEMENT_3D ( 'NONE', #1155, #924, #2519 ) ;
#791 = CIRCLE ( 'NONE', #409, 1.700000000000000178 ) ;
#792 = CARTESIAN_POINT ( 'NONE',  ( -30.00000000000000000, -4.000000000000000000, 26.00000000000000000 ) ) ;
#793 = FACE_BOUND ( 'NONE', #1389, .T. ) ;
#794 = ORIENTED_EDGE ( 'NONE', *, *, #2180, .T. ) ;
#795 = PLANE ( 'NONE',  #1783 ) ;
#796 = CARTESIAN_POINT ( 'NONE',  ( 36.00000000000001421, 6.000000000000000000, 19.28569709374496099 ) ) ;
#797 = DIRECTION ( 'NONE',  ( -1.000000000000000000, -0.000000000000000000, -0.000000000000000000 ) ) ;
#798 = ORIENTED_EDGE ( 'NONE', *, *, #1927, .T. ) ;
#799 = AXIS2_PLACEMENT_3D ( 'NONE', #992, #2631, #1036 ) ;
#800 = DIRECTION ( 'NONE',  ( 1.000000000000000000, 0.000000000000000000, 0.000000000000000000 ) ) ;
#801 = EDGE_CURVE ( 'NONE', #1472, #2493, #217, .T. ) ;
#802 = CARTESIAN_POINT ( 'NONE',  ( 43.99999999999970868, -30.00000000000000355, -6.299999999999996270 ) ) ;
#803 = VERTEX_POINT ( 'NONE', #1840 ) ;
#804 = LINE ( 'NONE', #2439, #575 ) ;
#805 = STYLED_ITEM ( 'NONE', ( #1384 ), #2182 ) ;
#806 = EDGE_CURVE ( 'NONE', #2643, #663, #1853, .T. ) ;
#807 = DIRECTION ( 'NONE',  ( 0.000000000000000000, 1.000000000000000000, 0.000000000000000000 ) ) ;
#808 = ORIENTED_EDGE ( 'NONE', *, *, #1806, .F. ) ;
#809 = CARTESIAN_POINT ( 'NONE',  ( 27.20000000000004192, 25.00000000000000000, -12.71000000000003460 ) ) ;
#810 = CARTESIAN_POINT ( 'NONE',  ( -25.31999999999996831, 20.00000000000000355, 21.99999999999996447 ) ) ;
#811 = CARTESIAN_POINT ( 'NONE',  ( 27.20000000000004192, 30.00000000000000355, 16.99999999999996803 ) ) ;
#812 = EDGE_LOOP ( 'NONE', ( #2663, #2222, #2735, #2799, #2249, #2004, #1585, #355 ) ) ;
#813 = ORIENTED_EDGE ( 'NONE', *, *, #2374, .F. ) ;
#814 = ORIENTED_EDGE ( 'NONE', *, *, #353, .F. ) ;
#815 = DIRECTION ( 'NONE',  ( -1.000000000000000000, -0.000000000000000000, -0.000000000000000000 ) ) ;
#816 = CIRCLE ( 'NONE', #289, 1.600000000000002531 ) ;
#817 = ORIENTED_EDGE ( 'NONE', *, *, #2410, .T. ) ;
#818 = VECTOR ( 'NONE', #937, 1000.000000000000000 ) ;
#819 = DIRECTION ( 'NONE',  ( 0.000000000000000000, 0.000000000000000000, 1.000000000000000000 ) ) ;
#820 = EDGE_CURVE ( 'NONE', #1969, #2795, #980, .T. ) ;
#821 = EDGE_CURVE ( 'NONE', #2139, #221, #934, .T. ) ;
#822 = FACE_OUTER_BOUND ( 'NONE', #71, .T. ) ;
#823 = ORIENTED_EDGE ( 'NONE', *, *, #251, .F. ) ;
#824 = AXIS2_PLACEMENT_3D ( 'NONE', #675, #1608, #1305 ) ;
#825 = CARTESIAN_POINT ( 'NONE',  ( -23.60999999999997101, 20.00000000000000355, -26.39500000000002800 ) ) ;
#826 = LINE ( 'NONE', #2898, #2870 ) ;
#827 = DIRECTION ( 'NONE',  ( 0.000000000000000000, 0.000000000000000000, 1.000000000000000000 ) ) ;
#828 = EDGE_LOOP ( 'NONE', ( #21, #2428 ) ) ;
#829 = VECTOR ( 'NONE', #2661, 1000.000000000000000 ) ;
#830 = ORIENTED_EDGE ( 'NONE', *, *, #2276, .T. ) ;
#831 = LINE ( 'NONE', #2463, #633 ) ;
#832 = DIRECTION ( 'NONE',  ( 0.000000000000000000, -1.000000000000000000, 0.000000000000000000 ) ) ;
#833 = ORIENTED_EDGE ( 'NONE', *, *, #2415, .T. ) ;
#834 = CARTESIAN_POINT ( 'NONE',  ( 27.20000000000004192, 30.00000000000000355, -10.96000000000003460 ) ) ;
#835 = VECTOR ( 'NONE', #800, 1000.000000000000000 ) ;
#836 = CARTESIAN_POINT ( 'NONE',  ( 44.00000000000000711, -50.00000000000000000, -21.69999999999999574 ) ) ;
#837 = ORIENTED_EDGE ( 'NONE', *, *, #1831, .F. ) ;
#838 = EDGE_CURVE ( 'NONE', #803, #378, #1900, .T. ) ;
#839 = DIRECTION ( 'NONE',  ( -0.000000000000000000, 1.000000000000000000, -0.000000000000000000 ) ) ;
#840 = DIRECTION ( 'NONE',  ( 0.000000000000000000, 0.000000000000000000, -1.000000000000000000 ) ) ;
#841 = CARTESIAN_POINT ( 'NONE',  ( 43.99999999999911893, -30.00000000000000355, 14.30000000000000782 ) ) ;
#842 = ORIENTED_EDGE ( 'NONE', *, *, #510, .F. ) ;
#843 = LINE ( 'NONE', #2017, #873 ) ;
#844 = ADVANCED_FACE ( 'NONE', ( #724 ), #2844, .F. ) ;
#845 = LINE ( 'NONE', #435, #2436 ) ;
#846 = CIRCLE ( 'NONE', #2791, 1.700000000000000178 ) ;
#847 = VERTEX_POINT ( 'NONE', #1628 ) ;
#848 = CYLINDRICAL_SURFACE ( 'NONE', #1449, 1.700000000000000178 ) ;
#849 = VECTOR ( 'NONE', #329, 1000.000000000000000 ) ;
#850 = DIRECTION ( 'NONE',  ( 0.000000000000000000, -0.000000000000000000, -1.000000000000000000 ) ) ;
#851 = VERTEX_POINT ( 'NONE', #70 ) ;
#852 = ADVANCED_FACE ( 'NONE', ( #2560 ), #739, .F. ) ;
#853 = CARTESIAN_POINT ( 'NONE',  ( 40.00000000000000000, 30.00000000000000355, 30.00000000000000000 ) ) ;
#854 = CARTESIAN_POINT ( 'NONE',  ( 30.00000000000000000, 4.000000000000000000, 19.99999999999999645 ) ) ;
#855 = DIRECTION ( 'NONE',  ( 0.000000000000000000, -1.000000000000000000, 0.000000000000000000 ) ) ;
#856 = VERTEX_POINT ( 'NONE', #1413 ) ;
#857 = DIRECTION ( 'NONE',  ( 0.000000000000000000, 0.000000000000000000, 1.000000000000000000 ) ) ;
#858 = DIRECTION ( 'NONE',  ( 0.000000000000000000, 0.000000000000000000, -1.000000000000000000 ) ) ;
#859 = EDGE_CURVE ( 'NONE', #554, #1028, #2886, .T. ) ;
#860 = VERTEX_POINT ( 'NONE', #1675 ) ;
#861 = FACE_OUTER_BOUND ( 'NONE', #1473, .T. ) ;
#862 = CYLINDRICAL_SURFACE ( 'NONE', #90, 1.700000000000000178 ) ;
#863 = EDGE_LOOP ( 'NONE', ( #1077, #2274 ) ) ;
#864 = VECTOR ( 'NONE', #549, 1000.000000000000000 ) ;
#865 = FACE_OUTER_BOUND ( 'NONE', #493, .T. ) ;
#866 = LINE ( 'NONE', #881, #2820 ) ;
#867 = CYLINDRICAL_SURFACE ( 'NONE', #2646, 1.600000000000002531 ) ;
#868 = VERTEX_POINT ( 'NONE', #1869 ) ;
#869 = DIRECTION ( 'NONE',  ( -0.000000000000000000, 1.000000000000000000, -0.000000000000000000 ) ) ;
#870 = CARTESIAN_POINT ( 'NONE',  ( -25.31999999999996831, 30.00000000000000355, 21.99999999999996447 ) ) ;
#871 = AXIS2_PLACEMENT_3D ( 'NONE', #612, #1545, #2716 ) ;
#872 = ORIENTED_EDGE ( 'NONE', *, *, #2572, .F. ) ;
#873 = VECTOR ( 'NONE', #1564, 1000.000000000000000 ) ;
#874 = VERTEX_POINT ( 'NONE', #2111 ) ;
#875 = ADVANCED_FACE ( 'NONE', ( #6 ), #468, .F. ) ;
#876 = EDGE_CURVE ( 'NONE', #860, #4, #1431, .T. ) ;
#877 = FACE_OUTER_BOUND ( 'NONE', #1310, .T. ) ;
#878 = EDGE_CURVE ( 'NONE', #106, #269, #1164, .T. ) ;
#879 = FACE_BOUND ( 'NONE', #1625, .T. ) ;
#880 = EDGE_LOOP ( 'NONE', ( #787, #1595 ) ) ;
#881 = CARTESIAN_POINT ( 'NONE',  ( -36.00000000000000711, -30.00000000000000355, 0.000000000000000000 ) ) ;
#882 = LINE ( 'NONE', #1403, #265 ) ;
#883 = ORIENTED_EDGE ( 'NONE', *, *, #275, .T. ) ;
#884 = LINE ( 'NONE', #186, #778 ) ;
#885 = CIRCLE ( 'NONE', #790, 1.699999999999999289 ) ;
#886 = CARTESIAN_POINT ( 'NONE',  ( -43.99999999999970868, -25.00000000000000000, -9.699999999999997513 ) ) ;
#887 = VECTOR ( 'NONE', #1916, 1000.000000000000000 ) ;
#888 = VERTEX_POINT ( 'NONE', #1448 ) ;
#889 = VERTEX_POINT ( 'NONE', #1180 ) ;
#890 = DIRECTION ( 'NONE',  ( 0.000000000000000000, -1.000000000000000000, 0.000000000000000000 ) ) ;
#891 = EDGE_CURVE ( 'NONE', #2868, #1107, #2104, .T. ) ;
#892 = DIRECTION ( 'NONE',  ( 0.000000000000000000, 0.000000000000000000, -1.000000000000000000 ) ) ;
#893 = EDGE_LOOP ( 'NONE', ( #2900, #1781, #396, #588 ) ) ;
#894 = ADVANCED_FACE ( 'NONE', ( #2327 ), #2359, .F. ) ;
#895 = VECTOR ( 'NONE', #2877, 1000.000000000000000 ) ;
#896 = CYLINDRICAL_SURFACE ( 'NONE', #1582, 1.699999999999999289 ) ;
#897 = FACE_BOUND ( 'NONE', #618, .T. ) ;
#898 = ORIENTED_EDGE ( 'NONE', *, *, #363, .T. ) ;
#899 = DIRECTION ( 'NONE',  ( 0.000000000000000000, -1.000000000000000000, 0.000000000000000000 ) ) ;
#900 = FACE_OUTER_BOUND ( 'NONE', #2234, .T. ) ;
#901 = LINE ( 'NONE', #2060, #1238 ) ;
#902 = ORIENTED_EDGE ( 'NONE', *, *, #2947, .F. ) ;
#903 = VECTOR ( 'NONE', #1104, 1000.000000000000000 ) ;
#904 = ORIENTED_EDGE ( 'NONE', *, *, #1024, .T. ) ;
#905 = DIRECTION ( 'NONE',  ( -0.000000000000000000, -0.000000000000000000, 1.000000000000000000 ) ) ;
#906 = ORIENTED_EDGE ( 'NONE', *, *, #2198, .T. ) ;
#907 = EDGE_CURVE ( 'NONE', #2127, #1662, #1884, .T. ) ;
#908 = EDGE_CURVE ( 'NONE', #443, #677, #1660, .T. ) ;
#909 = FACE_OUTER_BOUND ( 'NONE', #2375, .T. ) ;
#910 = CARTESIAN_POINT ( 'NONE',  ( -36.00000000000000711, 14.49999999999999822, 12.38569709374498551 ) ) ;
#911 = EDGE_LOOP ( 'NONE', ( #2544, #226, #2711, #842 ) ) ;
#912 = CARTESIAN_POINT ( 'NONE',  ( -44.00000000000000711, -30.00000000000000355, -18.29999999999999716 ) ) ;
#913 = CARTESIAN_POINT ( 'NONE',  ( 36.00000000000001421, 24.99999999999999289, 26.00000000000000000 ) ) ;
#914 = DIRECTION ( 'NONE',  ( 0.000000000000000000, 0.000000000000000000, 1.000000000000000000 ) ) ;
#915 = ORIENTED_EDGE ( 'NONE', *, *, #236, .F. ) ;
#916 = VERTEX_POINT ( 'NONE', #2589 ) ;
#917 = CIRCLE ( 'NONE', #871, 1.700000000000000178 ) ;
#918 = DIRECTION ( 'NONE',  ( -0.000000000000000000, 1.000000000000000000, -0.000000000000000000 ) ) ;
#919 = CIRCLE ( 'NONE', #249, 1.600000000000000755 ) ;
#920 = VERTEX_POINT ( 'NONE', #695 ) ;
#921 = DIRECTION ( 'NONE',  ( 1.000000000000000000, 0.000000000000000000, -0.000000000000000000 ) ) ;
#922 = VERTEX_POINT ( 'NONE', #1230 ) ;
#923 = CARTESIAN_POINT ( 'NONE',  ( -36.00000000000001421, 18.00000000000000711, 0.6000000000000003109 ) ) ;
#924 = DIRECTION ( 'NONE',  ( 0.000000000000000000, -1.000000000000000000, 0.000000000000000000 ) ) ;
#925 = ORIENTED_EDGE ( 'NONE', *, *, #2447, .T. ) ;
#926 = ADVANCED_FACE ( 'NONE', ( #245 ), #2095, .F. ) ;
#927 = CARTESIAN_POINT ( 'NONE',  ( -36.00000000000000711, 24.99999999999999289, -30.00000000000000000 ) ) ;
#928 = DIRECTION ( 'NONE',  ( 0.000000000000000000, -1.000000000000000000, -0.000000000000000000 ) ) ;
#929 = CARTESIAN_POINT ( 'NONE',  ( 36.00000000000001421, 18.00000000000000000, -17.60000000000000142 ) ) ;
#930 = EDGE_LOOP ( 'NONE', ( #1630, #1400, #1882, #2648, #2558, #2571 ) ) ;
#931 = EDGE_CURVE ( 'NONE', #1423, #685, #323, .T. ) ;
#932 = ORIENTED_EDGE ( 'NONE', *, *, #1136, .F. ) ;
#933 = CIRCLE ( 'NONE', #2309, 1.750000000000001554 ) ;
#934 = LINE ( 'NONE', #2781, #2210 ) ;
#935 = EDGE_LOOP ( 'NONE', ( #2306, #2722 ) ) ;
#936 = ORIENTED_EDGE ( 'NONE', *, *, #1905, .T. ) ;
#937 = DIRECTION ( 'NONE',  ( -1.156482317317871478E-16, 0.000000000000000000, -1.000000000000000000 ) ) ;
#938 = CIRCLE ( 'NONE', #2653, 1.750000000000001554 ) ;
#939 = CYLINDRICAL_SURFACE ( 'NONE', #2167, 1.699999999999999289 ) ;
#940 = DIRECTION ( 'NONE',  ( 0.000000000000000000, 0.000000000000000000, 1.000000000000000000 ) ) ;
#941 = VERTEX_POINT ( 'NONE', #2679 ) ;
#942 = DIRECTION ( 'NONE',  ( 0.000000000000000000, -1.000000000000000000, 0.000000000000000000 ) ) ;
#943 = CARTESIAN_POINT ( 'NONE',  ( -44.00000000000000711, -50.00000000000000000, -19.99999999999999645 ) ) ;
#944 = CARTESIAN_POINT ( 'NONE',  ( 40.00000000000000000, 30.00000000000000355, 30.00000000000000000 ) ) ;
#945 = VERTEX_POINT ( 'NONE', #1765 ) ;
#946 = AXIS2_PLACEMENT_3D ( 'NONE', #1121, #2981, #892 ) ;
#947 = ORIENTED_EDGE ( 'NONE', *, *, #1993, .F. ) ;
#948 = EDGE_CURVE ( 'NONE', #1028, #554, #2379, .T. ) ;
#949 = EDGE_CURVE ( 'NONE', #570, #1986, #816, .T. ) ;
#950 = DIRECTION ( 'NONE',  ( 0.000000000000000000, -1.000000000000000000, 0.000000000000000000 ) ) ;
#951 = VERTEX_POINT ( 'NONE', #1246 ) ;
#952 = CARTESIAN_POINT ( 'NONE',  ( 43.99999999999970868, -30.00000000000000355, -9.699999999999997513 ) ) ;
#953 = ORIENTED_EDGE ( 'NONE', *, *, #345, .F. ) ;
#954 = AXIS2_PLACEMENT_3D ( 'NONE', #1536, #2858, #2221 ) ;
#955 = FACE_BOUND ( 'NONE', #2598, .T. ) ;
#956 = CARTESIAN_POINT ( 'NONE',  ( 43.99999999999970868, -25.00000000000000000, -7.999999999999996447 ) ) ;
#957 = ORIENTED_EDGE ( 'NONE', *, *, #113, .T. ) ;
#958 = DIRECTION ( 'NONE',  ( 0.000000000000000000, 0.000000000000000000, 1.000000000000000000 ) ) ;
#959 = LINE ( 'NONE', #1654, #1014 ) ;
#960 = DIRECTION ( 'NONE',  ( -1.000000000000000000, 0.000000000000000000, 0.000000000000000000 ) ) ;
#961 = VERTEX_POINT ( 'NONE', #1975 ) ;
#962 = ORIENTED_EDGE ( 'NONE', *, *, #2620, .F. ) ;
#963 = DIRECTION ( 'NONE',  ( -0.000000000000000000, 1.000000000000000000, -0.000000000000000000 ) ) ;
#964 = ORIENTED_EDGE ( 'NONE', *, *, #1904, .T. ) ;
#965 = ORIENTED_EDGE ( 'NONE', *, *, #1649, .F. ) ;
#966 = EDGE_CURVE ( 'NONE', #1472, #2335, #668, .T. ) ;
#967 = AXIS2_PLACEMENT_3D ( 'NONE', #1686, #1639, #1173 ) ;
#968 = CARTESIAN_POINT ( 'NONE',  ( -43.99999999999911893, -30.00000000000000355, 16.00000000000000711 ) ) ;
#969 = CIRCLE ( 'NONE', #2968, 1.600000000000001199 ) ;
#970 = EDGE_CURVE ( 'NONE', #1527, #368, #1491, .T. ) ;
#971 = CYLINDRICAL_SURFACE ( 'NONE', #1386, 1.699999999999999289 ) ;
#972 = DIRECTION ( 'NONE',  ( -1.000000000000000000, 0.000000000000000000, 0.000000000000000000 ) ) ;
#973 = ORIENTED_EDGE ( 'NONE', *, *, #691, .F. ) ;
#974 = FACE_OUTER_BOUND ( 'NONE', #1363, .T. ) ;
#975 = FACE_OUTER_BOUND ( 'NONE', #726, .T. ) ;
#976 = CYLINDRICAL_SURFACE ( 'NONE', #2965, 1.600000000000000755 ) ;
#977 = FACE_OUTER_BOUND ( 'NONE', #460, .T. ) ;
#978 = ORIENTED_EDGE ( 'NONE', *, *, #1208, .F. ) ;
#979 = EDGE_LOOP ( 'NONE', ( #2632, #179 ) ) ;
#980 = LINE ( 'NONE', #2126, #887 ) ;
#981 = ORIENTED_EDGE ( 'NONE', *, *, #2812, .F. ) ;
#982 = LINE ( 'NONE', #1435, #1352 ) ;
#983 = AXIS2_PLACEMENT_3D ( 'NONE', #1356, #1818, #27 ) ;
#984 = EDGE_CURVE ( 'NONE', #466, #2520, #1259, .T. ) ;
#985 = DIRECTION ( 'NONE',  ( -0.000000000000000000, -0.000000000000000000, 1.000000000000000000 ) ) ;
#986 = AXIS2_PLACEMENT_3D ( 'NONE', #1878, #227, #1188 ) ;
#987 = DIRECTION ( 'NONE',  ( 0.000000000000000000, 0.000000000000000000, 1.000000000000000000 ) ) ;
#988 = VECTOR ( 'NONE', #1270, 1000.000000000000000 ) ;
#989 = EDGE_LOOP ( 'NONE', ( #1839, #2283, #1147, #837 ) ) ;
#990 = CARTESIAN_POINT ( 'NONE',  ( -36.00000000000000711, -30.00000000000000355, 26.00000000000000000 ) ) ;
#991 = LINE ( 'NONE', #582, #829 ) ;
#992 = CARTESIAN_POINT ( 'NONE',  ( -40.00000000000000000, 9.499999999999964473, 17.38569709374496242 ) ) ;
#993 = ORIENTED_EDGE ( 'NONE', *, *, #743, .F. ) ;
#994 = LINE ( 'NONE', #1704, #687 ) ;
#995 = AXIS2_PLACEMENT_3D ( 'NONE', #534, #985, #548 ) ;
#996 = DIRECTION ( 'NONE',  ( 0.000000000000000000, 0.000000000000000000, 1.000000000000000000 ) ) ;
#997 = ORIENTED_EDGE ( 'NONE', *, *, #580, .F. ) ;
#998 = CIRCLE ( 'NONE', #1932, 2.000000000000001776 ) ;
#999 = CARTESIAN_POINT ( 'NONE',  ( -40.00000000000000000, -9.000000000000000000, 22.48569709374496384 ) ) ;
#1000 = CARTESIAN_POINT ( 'NONE',  ( 39.99999999999999289, -25.00000000000000000, -25.99999999999999645 ) ) ;
#1001 = CARTESIAN_POINT ( 'NONE',  ( 79.99999999999998579, -9.000000000000000000, 19.28569709374496099 ) ) ;
#1002 = ORIENTED_EDGE ( 'NONE', *, *, #1966, .T. ) ;
#1003 = EDGE_CURVE ( 'NONE', #68, #1949, #573, .T. ) ;
#1004 = EDGE_CURVE ( 'NONE', #2738, #2360, #2424, .T. ) ;
#1005 = LINE ( 'NONE', #2385, #2365 ) ;
#1006 = DIRECTION ( 'NONE',  ( -1.000000000000000000, 0.000000000000000000, -1.156482317317871478E-16 ) ) ;
#1007 = CARTESIAN_POINT ( 'NONE',  ( 36.00000000000001421, 18.00000000000000711, -2.600000000000001865 ) ) ;
#1008 = ORIENTED_EDGE ( 'NONE', *, *, #398, .T. ) ;
#1009 = CARTESIAN_POINT ( 'NONE',  ( -36.00000000000000711, 6.000000000000000000, 22.48569709374496384 ) ) ;
#1010 = EDGE_CURVE ( 'NONE', #1976, #466, #2888, .T. ) ;
#1011 = CARTESIAN_POINT ( 'NONE',  ( 43.99999999999970868, -30.00000000000000355, -7.999999999999996447 ) ) ;
#1012 = EDGE_LOOP ( 'NONE', ( #2677, #2845 ) ) ;
#1013 = DIRECTION ( 'NONE',  ( 1.000000000000000000, -0.000000000000000000, -0.000000000000000000 ) ) ;
#1014 = VECTOR ( 'NONE', #1911, 1000.000000000000000 ) ;
#1015 = VECTOR ( 'NONE', #2491, 1000.000000000000000 ) ;
#1016 = DIRECTION ( 'NONE',  ( 0.000000000000000000, 0.000000000000000000, 1.000000000000000000 ) ) ;
#1017 = DIRECTION ( 'NONE',  ( 0.000000000000000000, 1.000000000000000000, -0.000000000000000000 ) ) ;
#1018 = ORIENTED_EDGE ( 'NONE', *, *, #471, .T. ) ;
#1019 = VECTOR ( 'NONE', #2294, 1000.000000000000000 ) ;
#1020 = CARTESIAN_POINT ( 'NONE',  ( 43.99999999999882760, -30.00000000000000355, 28.00000000000000355 ) ) ;
#1021 = DIRECTION ( 'NONE',  ( 0.000000000000000000, -0.000000000000000000, 1.000000000000000000 ) ) ;
#1022 = CARTESIAN_POINT ( 'NONE',  ( 32.00000000000000000, 4.000000000000000888, 30.00000000000000000 ) ) ;
#1023 = ORIENTED_EDGE ( 'NONE', *, *, #15, .F. ) ;
#1024 = EDGE_CURVE ( 'NONE', #1543, #391, #1499, .T. ) ;
#1025 = DIRECTION ( 'NONE',  ( 0.000000000000000000, 0.000000000000000000, 1.000000000000000000 ) ) ;
#1026 = FACE_OUTER_BOUND ( 'NONE', #1125, .T. ) ;
#1027 = EDGE_CURVE ( 'NONE', #856, #951, #1597, .T. ) ;
#1028 = VERTEX_POINT ( 'NONE', #802 ) ;
#1029 = CARTESIAN_POINT ( 'NONE',  ( -25.31999999999996831, 30.00000000000000355, 20.24999999999996092 ) ) ;
#1030 = VECTOR ( 'NONE', #1712, 1000.000000000000000 ) ;
#1031 = VECTOR ( 'NONE', #2144, 1000.000000000000000 ) ;
#1032 = CARTESIAN_POINT ( 'NONE',  ( 43.99999999999970868, -25.00000000000000000, -9.699999999999997513 ) ) ;
#1033 = ORIENTED_EDGE ( 'NONE', *, *, #2728, .T. ) ;
#1034 = LINE ( 'NONE', #1207, #2268 ) ;
#1035 = LINE ( 'NONE', #1255, #2336 ) ;
#1036 = DIRECTION ( 'NONE',  ( -1.000000000000000000, 0.000000000000000000, 0.000000000000000000 ) ) ;
#1037 = EDGE_LOOP ( 'NONE', ( #2780, #740 ) ) ;
#1038 = DIRECTION ( 'NONE',  ( 0.000000000000000000, 0.000000000000000000, 1.000000000000000000 ) ) ;
#1039 = DIRECTION ( 'NONE',  ( 0.000000000000000000, 0.000000000000000000, -1.000000000000000000 ) ) ;
#1040 = AXIS2_PLACEMENT_3D ( 'NONE', #1756, #2684, #1090 ) ;
#1041 = ORIENTED_EDGE ( 'NONE', *, *, #2831, .T. ) ;
#1042 = EDGE_CURVE ( 'NONE', #1069, #466, #1057, .T. ) ;
#1043 = ADVANCED_FACE ( 'NONE', ( #1290 ), #365, .F. ) ;
#1044 = DIRECTION ( 'NONE',  ( -1.000000000000000000, -0.000000000000000000, -0.000000000000000000 ) ) ;
#1045 =( GEOMETRIC_REPRESENTATION_CONTEXT ( 3 ) GLOBAL_UNCERTAINTY_ASSIGNED_CONTEXT ( ( #2203 ) ) GLOBAL_UNIT_ASSIGNED_CONTEXT ( ( #1282, #1983, #1615 ) ) REPRESENTATION_CONTEXT ( 'NONE', 'WORKASPACE' ) );
#1046 = CARTESIAN_POINT ( 'NONE',  ( 59.99999999999999289, 18.00000000000000711, -1.000000000000000888 ) ) ;
#1048 = AXIS2_PLACEMENT_3D ( 'NONE', #2284, #1380, #2529 ) ;
#1047 =( LENGTH_UNIT ( ) NAMED_UNIT ( * ) SI_UNIT ( .MILLI., .METRE. ) );
#1049 = EDGE_LOOP ( 'NONE', ( #197, #978 ) ) ;
#1050 = CARTESIAN_POINT ( 'NONE',  ( 59.99999999999999289, 18.00000000000000000, -16.00000000000000000 ) ) ;
#1051 = PLANE ( 'NONE',  #1558 ) ;
#1052 = CARTESIAN_POINT ( 'NONE',  ( -25.31999999999996831, 25.00000000000000000, 20.24999999999996092 ) ) ;
#1053 = ORIENTED_EDGE ( 'NONE', *, *, #366, .T. ) ;
#1054 = EDGE_LOOP ( 'NONE', ( #2864, #904, #657, #2587 ) ) ;
#1055 = ORIENTED_EDGE ( 'NONE', *, *, #1586, .F. ) ;
#1056 = DIRECTION ( 'NONE',  ( 0.000000000000000000, 0.000000000000000000, -1.000000000000000000 ) ) ;
#1057 = CIRCLE ( 'NONE', #1103, 2.000000000000001776 ) ;
#1058 = VERTEX_POINT ( 'NONE', #100 ) ;
#1059 = DIRECTION ( 'NONE',  ( -1.000000000000000000, 0.000000000000000000, 0.000000000000000000 ) ) ;
#1060 = EDGE_CURVE ( 'NONE', #2701, #678, #193, .T. ) ;
#1061 = CIRCLE ( 'NONE', #2285, 1.750000000000001554 ) ;
#1062 = PLANE ( 'NONE',  #705 ) ;
#1063 = ORIENTED_EDGE ( 'NONE', *, *, #544, .T. ) ;
#1064 = EDGE_CURVE ( 'NONE', #1429, #1087, #556, .T. ) ;
#1065 = AXIS2_PLACEMENT_3D ( 'NONE', #2721, #2252, #858 ) ;
#1066 = DIRECTION ( 'NONE',  ( 0.000000000000000000, 0.000000000000000000, 1.000000000000000000 ) ) ;
#1067 = LINE ( 'NONE', #2055, #488 ) ;
#1068 = DIRECTION ( 'NONE',  ( -0.000000000000000000, -0.7071067811865436870, -0.7071067811865513475 ) ) ;
#1069 = VERTEX_POINT ( 'NONE', #2190 ) ;
#1070 = VERTEX_POINT ( 'NONE', #117 ) ;
#1071 = DIRECTION ( 'NONE',  ( 0.000000000000000000, 0.000000000000000000, 1.000000000000000000 ) ) ;
#1072 = CARTESIAN_POINT ( 'NONE',  ( -40.00000000000000000, -25.00000000000000000, 34.00000000000000000 ) ) ;
#1073 = ORIENTED_EDGE ( 'NONE', *, *, #2293, .T. ) ;
#1074 = CARTESIAN_POINT ( 'NONE',  ( 40.00000000000000000, -30.00000000000000355, 34.00000000000000000 ) ) ;
#1075 = AXIS2_PLACEMENT_3D ( 'NONE', #1459, #1229, #2157 ) ;
#1076 = CARTESIAN_POINT ( 'NONE',  ( -40.00000000000000000, -25.00000000000000000, 34.00000000000000000 ) ) ;
#1077 = ORIENTED_EDGE ( 'NONE', *, *, #2148, .F. ) ;
#1078 = AXIS2_PLACEMENT_3D ( 'NONE', #1640, #3, #914 ) ;
#1079 = ADVANCED_FACE ( 'NONE', ( #1026 ), #1963, .F. ) ;
#1080 = DIRECTION ( 'NONE',  ( 1.000000000000000000, 0.000000000000000000, -0.000000000000000000 ) ) ;
#1081 = DIRECTION ( 'NONE',  ( 0.000000000000000000, 0.000000000000000000, 1.000000000000000000 ) ) ;
#1082 = VERTEX_POINT ( 'NONE', #2435 ) ;
#1083 = ORIENTED_EDGE ( 'NONE', *, *, #1551, .T. ) ;
#1084 = LINE ( 'NONE', #1577, #1559 ) ;
#1085 = CARTESIAN_POINT ( 'NONE',  ( -36.00000000000000711, -14.50000000000000178, -30.00000000000000355 ) ) ;
#1086 = VECTOR ( 'NONE', #2855, 1000.000000000000000 ) ;
#1087 = VERTEX_POINT ( 'NONE', #354 ) ;
#1088 = CARTESIAN_POINT ( 'NONE',  ( -40.00000000000000000, 30.00000000000000355, -30.00000000000000000 ) ) ;
#1089 = VECTOR ( 'NONE', #104, 1000.000000000000000 ) ;
#1090 = DIRECTION ( 'NONE',  ( 0.000000000000000000, 0.000000000000000000, -1.000000000000000000 ) ) ;
#1091 = DIRECTION ( 'NONE',  ( 0.000000000000000000, 0.000000000000000000, 1.000000000000000000 ) ) ;
#1092 = ORIENTED_EDGE ( 'NONE', *, *, #2779, .T. ) ;
#1093 = FILL_AREA_STYLE ('',( #2880 ) ) ;
#1094 = CYLINDRICAL_SURFACE ( 'NONE', #2040, 2.000000000000001776 ) ;
#1095 = CARTESIAN_POINT ( 'NONE',  ( -40.00000000000000000, 9.499999999999964473, 17.38569709374496242 ) ) ;
#1096 = ORIENTED_EDGE ( 'NONE', *, *, #114, .F. ) ;
#1097 = EDGE_CURVE ( 'NONE', #685, #2785, #212, .T. ) ;
#1098 = EDGE_CURVE ( 'NONE', #4, #860, #1556, .T. ) ;
#1099 = DIRECTION ( 'NONE',  ( 1.000000000000000000, 0.000000000000000000, 0.000000000000000000 ) ) ;
#1100 = DIRECTION ( 'NONE',  ( 0.000000000000000000, -1.000000000000000000, 0.000000000000000000 ) ) ;
#1101 = EDGE_CURVE ( 'NONE', #2096, #2392, #440, .T. ) ;
#1102 = ORIENTED_EDGE ( 'NONE', *, *, #1724, .T. ) ;
#1103 = AXIS2_PLACEMENT_3D ( 'NONE', #1275, #2466, #2450 ) ;
#1104 = DIRECTION ( 'NONE',  ( -0.000000000000000000, -1.000000000000000000, -0.000000000000000000 ) ) ;
#1105 = CIRCLE ( 'NONE', #2281, 1.600000000000002531 ) ;
#1106 = FACE_BOUND ( 'NONE', #69, .T. ) ;
#1107 = VERTEX_POINT ( 'NONE', #2003 ) ;
#1108 = CARTESIAN_POINT ( 'NONE',  ( 40.00000000000000711, 6.000000000000000000, 19.28569709374496099 ) ) ;
#1109 = LINE ( 'NONE', #2291, #1525 ) ;
#1110 = ORIENTED_EDGE ( 'NONE', *, *, #1568, .T. ) ;
#1111 = EDGE_CURVE ( 'NONE', #2952, #2714, #1549, .T. ) ;
#1112 = AXIS2_PLACEMENT_3D ( 'NONE', #2510, #1347, #199 ) ;
#1113 = DIRECTION ( 'NONE',  ( -0.000000000000000000, 1.000000000000000000, -0.000000000000000000 ) ) ;
#1114 = EDGE_CURVE ( 'NONE', #254, #2043, #2031, .T. ) ;
#1115 = CARTESIAN_POINT ( 'NONE',  ( 40.00000000000000000, -30.00000000000000355, 34.00000000000000000 ) ) ;
#1116 = CIRCLE ( 'NONE', #1755, 1.600000000000000755 ) ;
#1117 = ORIENTED_EDGE ( 'NONE', *, *, #2504, .F. ) ;
#1118 = ORIENTED_EDGE ( 'NONE', *, *, #1794, .T. ) ;
#1119 = ADVANCED_FACE ( 'NONE', ( #900 ), #422, .F. ) ;
#1120 = CARTESIAN_POINT ( 'NONE',  ( 43.99999999999911893, -30.00000000000000355, 16.00000000000000711 ) ) ;
#1121 = CARTESIAN_POINT ( 'NONE',  ( 36.00000000000001421, 6.000000000000000000, 20.88569709374496242 ) ) ;
#1122 = VERTEX_POINT ( 'NONE', #1085 ) ;
#1123 = LINE ( 'NONE', #1300, #2289 ) ;
#1124 = LINE ( 'NONE', #2042, #24 ) ;
#1125 = EDGE_LOOP ( 'NONE', ( #2046, #2976, #1152, #2719 ) ) ;
#1126 = CARTESIAN_POINT ( 'NONE',  ( -40.00000000000000000, -30.00000000000000355, 34.00000000000000000 ) ) ;
#1127 = APPLICATION_CONTEXT ( 'automotive_design' ) ;
#1128 = VECTOR ( 'NONE', #2899, 1000.000000000000000 ) ;
#1129 = CARTESIAN_POINT ( 'NONE',  ( 40.00000000000000000, 30.00000000000000355, -30.00000000000000000 ) ) ;
#1130 = DIRECTION ( 'NONE',  ( 1.000000000000000000, 0.000000000000000000, 0.000000000000000000 ) ) ;
#1131 = EDGE_LOOP ( 'NONE', ( #350, #1199 ) ) ;
#1132 = ORIENTED_EDGE ( 'NONE', *, *, #876, .F. ) ;
#1133 = PLANE ( 'NONE',  #2069 ) ;
#1134 = AXIS2_PLACEMENT_3D ( 'NONE', #513, #1226, #1700 ) ;
#1135 = ORIENTED_EDGE ( 'NONE', *, *, #250, .F. ) ;
#1136 = EDGE_CURVE ( 'NONE', #717, #961, #1836, .T. ) ;
#1137 = EDGE_CURVE ( 'NONE', #554, #1804, #845, .T. ) ;
#1138 = ORIENTED_EDGE ( 'NONE', *, *, #1977, .T. ) ;
#1139 = CIRCLE ( 'NONE', #1040, 1.600000000000000755 ) ;
#1140 = CARTESIAN_POINT ( 'NONE',  ( -43.99999999999941735, -50.00000000000000000, 4.000000000000003553 ) ) ;
#1141 = FACE_OUTER_BOUND ( 'NONE', #812, .T. ) ;
#1142 = ORIENTED_EDGE ( 'NONE', *, *, #1587, .T. ) ;
#1143 = CIRCLE ( 'NONE', #185, 1.600000000000001199 ) ;
#1144 = CARTESIAN_POINT ( 'NONE',  ( -43.99999999999941735, -50.00000000000000000, 5.700000000000002842 ) ) ;
#1145 = DIRECTION ( 'NONE',  ( 0.000000000000000000, -0.000000000000000000, 1.000000000000000000 ) ) ;
#1146 = PLANE ( 'NONE',  #2983 ) ;
#1147 = ORIENTED_EDGE ( 'NONE', *, *, #75, .F. ) ;
#1148 = VERTEX_POINT ( 'NONE', #408 ) ;
#1149 = CARTESIAN_POINT ( 'NONE',  ( -40.00000000000000000, 30.00000000000000355, -30.00000000000000000 ) ) ;
#1150 = SURFACE_STYLE_FILL_AREA ( #1093 ) ;
#1151 = EDGE_CURVE ( 'NONE', #1785, #1908, #2725, .T. ) ;
#1152 = ORIENTED_EDGE ( 'NONE', *, *, #2146, .T. ) ;
#1153 = EDGE_CURVE ( 'NONE', #2127, #1860, #174, .T. ) ;
#1154 = DIRECTION ( 'NONE',  ( 0.000000000000000000, 0.000000000000000000, -1.000000000000000000 ) ) ;
#1155 = CARTESIAN_POINT ( 'NONE',  ( -43.99999999999941735, -30.00000000000000355, 4.000000000000003553 ) ) ;
#1156 = ORIENTED_EDGE ( 'NONE', *, *, #2869, .F. ) ;
#1157 = CARTESIAN_POINT ( 'NONE',  ( -43.99999999999882760, -50.00000000000000000, 29.70000000000000284 ) ) ;
#1158 = PRODUCT_DEFINITION_FORMATION_WITH_SPECIFIED_SOURCE ( 'ไป', '', #2015, .NOT_KNOWN. ) ;
#1159 = CARTESIAN_POINT ( 'NONE',  ( 49.99999999999999289, -30.00000000000000355, -25.99999999999999645 ) ) ;
#1160 = PLANE ( 'NONE',  #2161 ) ;
#1161 = ORIENTED_EDGE ( 'NONE', *, *, #984, .T. ) ;
#1162 = ORIENTED_EDGE ( 'NONE', *, *, #878, .T. ) ;
#1163 = CIRCLE ( 'NONE', #63, 1.700000000000000178 ) ;
#1164 = LINE ( 'NONE', #2343, #25 ) ;
#1165 = ORIENTED_EDGE ( 'NONE', *, *, #2469, .F. ) ;
#1166 = EDGE_CURVE ( 'NONE', #2029, #941, #1410, .T. ) ;
#1167 = DIRECTION ( 'NONE',  ( -1.000000000000000000, 0.000000000000000000, -0.000000000000000000 ) ) ;
#1168 = PLANE ( 'NONE',  #1245 ) ;
#1169 = CARTESIAN_POINT ( 'NONE',  ( 20.99999999999999645, 30.00000000000000355, 26.00000000000000000 ) ) ;
#1170 = EDGE_LOOP ( 'NONE', ( #906, #523 ) ) ;
#1171 = CARTESIAN_POINT ( 'NONE',  ( -43.99999999999970868, -30.00000000000000355, -7.999999999999996447 ) ) ;
#1172 = ADVANCED_FACE ( 'NONE', ( #2019 ), #1319, .F. ) ;
#1173 = DIRECTION ( 'NONE',  ( 0.000000000000000000, 0.000000000000000000, 1.000000000000000000 ) ) ;
#1174 = CARTESIAN_POINT ( 'NONE',  ( 27.99999999999999645, 4.000000000000000000, 26.00000000000000000 ) ) ;
#1175 = PRODUCT_DEFINITION_SHAPE ( 'NONE', 'NONE',  #2960 ) ;
#1176 = ORIENTED_EDGE ( 'NONE', *, *, #2025, .F. ) ;
#1177 = EDGE_LOOP ( 'NONE', ( #500, #2482, #1733, #78 ) ) ;
#1178 = AXIS2_PLACEMENT_3D ( 'NONE', #1603, #2536, #1372 ) ;
#1179 = AXIS2_PLACEMENT_3D ( 'NONE', #1432, #756, #2608 ) ;
#1180 = CARTESIAN_POINT ( 'NONE',  ( -40.00000000000000000, 6.000000000000000000, 22.48569709374496384 ) ) ;
#1181 = ORIENTED_EDGE ( 'NONE', *, *, #531, .F. ) ;
#1182 = CARTESIAN_POINT ( 'NONE',  ( 43.99999999999970868, -25.00000000000000000, -6.299999999999996270 ) ) ;
#1183 = VECTOR ( 'NONE', #2246, 1000.000000000000000 ) ;
#1184 = FACE_OUTER_BOUND ( 'NONE', #451, .T. ) ;
#1185 = CARTESIAN_POINT ( 'NONE',  ( 32.00000000000000000, -4.000000000000000888, 26.00000000000000000 ) ) ;
#1186 = EDGE_LOOP ( 'NONE', ( #725, #1325, #1018, #1110 ) ) ;
#1187 = AXIS2_PLACEMENT_3D ( 'NONE', #237, #1858, #2116 ) ;
#1188 = DIRECTION ( 'NONE',  ( 0.000000000000000000, 0.000000000000000000, -1.000000000000000000 ) ) ;
#1189 = DIRECTION ( 'NONE',  ( 0.000000000000000000, 1.000000000000000000, 0.000000000000000000 ) ) ;
#1190 = LINE ( 'NONE', #944, #1483 ) ;
#1191 = ORIENTED_EDGE ( 'NONE', *, *, #2146, .F. ) ;
#1192 = EDGE_CURVE ( 'NONE', #663, #2977, #484, .T. ) ;
#1193 = VECTOR ( 'NONE', #1698, 1000.000000000000000 ) ;
#1194 = EDGE_CURVE ( 'NONE', #1306, #2795, #644, .T. ) ;
#1195 = VERTEX_POINT ( 'NONE', #886 ) ;
#1196 = CARTESIAN_POINT ( 'NONE',  ( 27.99999999999999645, 4.000000000000000000, 19.99999999999999645 ) ) ;
#1197 = CIRCLE ( 'NONE', #2468, 1.700000000000000178 ) ;
#1198 = EDGE_CURVE ( 'NONE', #1527, #106, #2495, .T. ) ;
#1199 = ORIENTED_EDGE ( 'NONE', *, *, #2393, .T. ) ;
#1200 = PLANE ( 'NONE',  #53 ) ;
#1201 = VECTOR ( 'NONE', #1039, 1000.000000000000000 ) ;
#1202 = PLANE ( 'NONE',  #2748 ) ;
#1203 = DIRECTION ( 'NONE',  ( -0.000000000000000000, -0.000000000000000000, 1.000000000000000000 ) ) ;
#1204 = VERTEX_POINT ( 'NONE', #2266 ) ;
#1205 = CARTESIAN_POINT ( 'NONE',  ( 27.99999999999999645, 4.000000000000000000, 19.99999999999999645 ) ) ;
#1206 = VECTOR ( 'NONE', #741, 1000.000000000000000 ) ;
#1207 = CARTESIAN_POINT ( 'NONE',  ( -40.00000000000000000, -14.50000000000000178, -30.00000000000000355 ) ) ;
#1208 = EDGE_CURVE ( 'NONE', #916, #2605, #1606, .T. ) ;
#1209 = CARTESIAN_POINT ( 'NONE',  ( 44.00000000000000711, -25.00000000000000000, -19.99999999999999645 ) ) ;
#1210 = CARTESIAN_POINT ( 'NONE',  ( -32.00000000000000000, -4.000000000000000888, 30.00000000000000000 ) ) ;
#1211 = EDGE_LOOP ( 'NONE', ( #652, #1693, #171, #578 ) ) ;
#1212 = ORIENTED_EDGE ( 'NONE', *, *, #1937, .T. ) ;
#1213 = CIRCLE ( 'NONE', #772, 1.699999999999999289 ) ;
#1214 = DIRECTION ( 'NONE',  ( 0.000000000000000000, -1.000000000000000000, 0.000000000000000000 ) ) ;
#1215 = ORIENTED_EDGE ( 'NONE', *, *, #1208, .T. ) ;
#1216 = VECTOR ( 'NONE', #2295, 1000.000000000000000 ) ;
#1217 = EDGE_CURVE ( 'NONE', #480, #1894, #1510, .T. ) ;
#1218 = VERTEX_POINT ( 'NONE', #1360 ) ;
#1219 = CARTESIAN_POINT ( 'NONE',  ( 43.99999999999970868, -50.00000000000000000, -6.299999999999997158 ) ) ;
#1220 = AXIS2_PLACEMENT_3D ( 'NONE', #208, #417, #2985 ) ;
#1221 = CARTESIAN_POINT ( 'NONE',  ( 43.99999999999970868, -50.00000000000000000, -7.999999999999996447 ) ) ;
#1222 = CARTESIAN_POINT ( 'NONE',  ( 79.99999999999998579, 6.000000000000000000, 19.28569709374496099 ) ) ;
#1223 = ORIENTED_EDGE ( 'NONE', *, *, #2686, .T. ) ;
#1224 = CARTESIAN_POINT ( 'NONE',  ( 36.00000000000001421, 18.00000000000000711, -1.000000000000000888 ) ) ;
#1225 = FACE_BOUND ( 'NONE', #638, .T. ) ;
#1226 = DIRECTION ( 'NONE',  ( 0.000000000000000000, 1.000000000000000000, 0.000000000000000000 ) ) ;
#1227 = EDGE_LOOP ( 'NONE', ( #2528, #1865, #2302, #2024 ) ) ;
#1228 = CIRCLE ( 'NONE', #2930, 2.000000000000001776 ) ;
#1229 = DIRECTION ( 'NONE',  ( -1.000000000000000000, -0.000000000000000000, -0.000000000000000000 ) ) ;
#1230 = CARTESIAN_POINT ( 'NONE',  ( 43.99999999999882760, -30.00000000000000355, 29.70000000000000284 ) ) ;
#1231 = ORIENTED_EDGE ( 'NONE', *, *, #2393, .F. ) ;
#1232 = DIRECTION ( 'NONE',  ( -0.000000000000000000, 1.000000000000000000, -0.000000000000000000 ) ) ;
#1233 = ADVANCED_FACE ( 'NONE', ( #659 ), #1593, .F. ) ;
#1234 = EDGE_CURVE ( 'NONE', #2619, #536, #751, .T. ) ;
#1235 = DIRECTION ( 'NONE',  ( -0.000000000000000000, 1.000000000000000000, -0.000000000000000000 ) ) ;
#1236 = AXIS2_PLACEMENT_3D ( 'NONE', #968, #1678, #2563 ) ;
#1237 = DIRECTION ( 'NONE',  ( -1.000000000000000000, -0.000000000000000000, -0.000000000000000000 ) ) ;
#1238 = VECTOR ( 'NONE', #2991, 1000.000000000000000 ) ;
#1239 = ORIENTED_EDGE ( 'NONE', *, *, #2032, .T. ) ;
#1240 = CARTESIAN_POINT ( 'NONE',  ( 50.00000000000000000, -25.00000000000000000, 34.00000000000000000 ) ) ;
#1241 = LINE ( 'NONE', #765, #1659 ) ;
#1242 = DIRECTION ( 'NONE',  ( -0.000000000000000000, 1.000000000000000000, -0.000000000000000000 ) ) ;
#1243 = ORIENTED_EDGE ( 'NONE', *, *, #35, .T. ) ;
#1244 = VERTEX_POINT ( 'NONE', #1863 ) ;
#1245 = AXIS2_PLACEMENT_3D ( 'NONE', #2304, #458, #683 ) ;
#1246 = CARTESIAN_POINT ( 'NONE',  ( 43.99999999999882760, -25.00000000000000000, 29.70000000000000284 ) ) ;
#1247 = VERTEX_POINT ( 'NONE', #2091 ) ;
#1248 = LINE ( 'NONE', #1074, #2672 ) ;
#1249 = ADVANCED_FACE ( 'NONE', ( #1392 ), #735, .F. ) ;
#1250 = DIRECTION ( 'NONE',  ( 0.000000000000000000, 0.000000000000000000, 1.000000000000000000 ) ) ;
#1251 = CARTESIAN_POINT ( 'NONE',  ( 27.20000000000004192, 25.00000000000000000, 16.99999999999996803 ) ) ;
#1252 = ORIENTED_EDGE ( 'NONE', *, *, #1097, .F. ) ;
#1253 = EDGE_CURVE ( 'NONE', #1306, #106, #959, .T. ) ;
#1254 = CARTESIAN_POINT ( 'NONE',  ( -43.99999999999911893, -30.00000000000000355, 16.00000000000000711 ) ) ;
#1255 = CARTESIAN_POINT ( 'NONE',  ( 79.99999999999998579, 6.000000000000000000, 22.48569709374496384 ) ) ;
#1256 = DIRECTION ( 'NONE',  ( 0.000000000000000000, 1.000000000000000000, 0.000000000000000000 ) ) ;
#1257 = ORIENTED_EDGE ( 'NONE', *, *, #216, .F. ) ;
#1258 = CARTESIAN_POINT ( 'NONE',  ( 43.99999999999911893, -25.00000000000000000, 17.70000000000000639 ) ) ;
#1259 = LINE ( 'NONE', #1705, #1744 ) ;
#1260 = ORIENTED_EDGE ( 'NONE', *, *, #1153, .F. ) ;
#1261 = VECTOR ( 'NONE', #2488, 1000.000000000000000 ) ;
#1262 = FACE_BOUND ( 'NONE', #880, .T. ) ;
#1263 = VECTOR ( 'NONE', #1442, 1000.000000000000000 ) ;
#1264 = ADVANCED_FACE ( 'NONE', ( #1375 ), #463, .F. ) ;
#1265 = AXIS2_PLACEMENT_3D ( 'NONE', #2585, #1189, #2120 ) ;
#1266 = FACE_BOUND ( 'NONE', #2357, .T. ) ;
#1267 = ORIENTED_EDGE ( 'NONE', *, *, #2009, .F. ) ;
#1268 = CARTESIAN_POINT ( 'NONE',  ( -21.00000000000000355, 25.00000000000000000, -30.00000000000000000 ) ) ;
#1269 = DIRECTION ( 'NONE',  ( 0.000000000000000000, 1.000000000000000000, 0.000000000000000000 ) ) ;
#1270 = DIRECTION ( 'NONE',  ( -0.000000000000000000, 1.000000000000000000, -0.000000000000000000 ) ) ;
#1271 = ORIENTED_EDGE ( 'NONE', *, *, #1494, .F. ) ;
#1272 = EDGE_CURVE ( 'NONE', #2605, #916, #627, .T. ) ;
#1273 = ADVANCED_FACE ( 'NONE', ( #720 ), #976, .F. ) ;
#1274 = ORIENTED_EDGE ( 'NONE', *, *, #1234, .F. ) ;
#1275 = CARTESIAN_POINT ( 'NONE',  ( -30.00000000000000000, 4.000000000000000000, 30.00000000000000000 ) ) ;
#1276 = ORIENTED_EDGE ( 'NONE', *, *, #201, .T. ) ;
#1277 = CARTESIAN_POINT ( 'NONE',  ( 40.00000000000000000, 14.49999999999999645, 12.38569709374498551 ) ) ;
#1278 = VECTOR ( 'NONE', #2717, 1000.000000000000000 ) ;
#1279 = VECTOR ( 'NONE', #963, 1000.000000000000000 ) ;
#1280 = DIRECTION ( 'NONE',  ( -1.000000000000000000, 0.000000000000000000, 0.000000000000000000 ) ) ;
#1281 = VERTEX_POINT ( 'NONE', #913 ) ;
#1282 =( LENGTH_UNIT ( ) NAMED_UNIT ( * ) SI_UNIT ( .MILLI., .METRE. ) );
#1283 = VECTOR ( 'NONE', #387, 1000.000000000000000 ) ;
#1284 = DIRECTION ( 'NONE',  ( 1.000000000000000000, 0.000000000000000000, 0.000000000000000000 ) ) ;
#1285 = CARTESIAN_POINT ( 'NONE',  ( 40.00000000000000000, -25.00000000000000000, 30.00000000000000000 ) ) ;
#1286 = VERTEX_POINT ( 'NONE', #1159 ) ;
#1287 = ORIENTED_EDGE ( 'NONE', *, *, #311, .T. ) ;
#1288 = CARTESIAN_POINT ( 'NONE',  ( 30.00000000000000000, -4.000000000000000000, 30.00000000000000000 ) ) ;
#1289 = ADVANCED_FACE ( 'NONE', ( #2355 ), #706, .F. ) ;
#1290 = FACE_OUTER_BOUND ( 'NONE', #1707, .T. ) ;
#1291 = VECTOR ( 'NONE', #1906, 1000.000000000000000 ) ;
#1292 = ORIENTED_EDGE ( 'NONE', *, *, #401, .T. ) ;
#1293 = ADVANCED_FACE ( 'NONE', ( #2074 ), #2776, .F. ) ;
#1294 = LINE ( 'NONE', #2195, #520 ) ;
#1295 = AXIS2_PLACEMENT_3D ( 'NONE', #1046, #1980, #1353 ) ;
#1296 = CARTESIAN_POINT ( 'NONE',  ( 0.000000000000000000, 25.00000000000000000, 0.000000000000000000 ) ) ;
#1297 = CIRCLE ( 'NONE', #1588, 1.700000000000000178 ) ;
#1298 = ORIENTED_EDGE ( 'NONE', *, *, #1702, .T. ) ;
#1299 = LINE ( 'NONE', #1997, #223 ) ;
#1300 = CARTESIAN_POINT ( 'NONE',  ( 39.99999999999999289, -25.00000000000000000, -25.99999999999999645 ) ) ;
#1301 = CARTESIAN_POINT ( 'NONE',  ( 20.99999999999999645, 24.99999999999999289, 26.00000000000000000 ) ) ;
#1302 = ORIENTED_EDGE ( 'NONE', *, *, #1323, .T. ) ;
#1303 = EDGE_LOOP ( 'NONE', ( #2696, #1596 ) ) ;
#1304 = LINE ( 'NONE', #1359, #1019 ) ;
#1305 = DIRECTION ( 'NONE',  ( 0.000000000000000000, 0.000000000000000000, 1.000000000000000000 ) ) ;
#1306 = VERTEX_POINT ( 'NONE', #2568 ) ;
#1307 = FACE_BOUND ( 'NONE', #2551, .T. ) ;
#1308 = EDGE_CURVE ( 'NONE', #1204, #239, #2331, .T. ) ;
#1309 = FACE_BOUND ( 'NONE', #1468, .T. ) ;
#1310 = EDGE_LOOP ( 'NONE', ( #1083, #284, #1834, #1377, #1162, #682, #569, #1749 ) ) ;
#1311 = CIRCLE ( 'NONE', #2193, 1.699999999999999289 ) ;
#1312 = CARTESIAN_POINT ( 'NONE',  ( -50.00000000000000000, -30.00000000000000355, 34.00000000000000000 ) ) ;
#1313 = VECTOR ( 'NONE', #1071, 1000.000000000000000 ) ;
#1314 = FACE_OUTER_BOUND ( 'NONE', #2788, .T. ) ;
#1315 = DIRECTION ( 'NONE',  ( 0.000000000000000000, -1.000000000000000000, 0.000000000000000000 ) ) ;
#1316 = ORIENTED_EDGE ( 'NONE', *, *, #821, .F. ) ;
#1317 = ORIENTED_EDGE ( 'NONE', *, *, #1042, .T. ) ;
#1318 = CARTESIAN_POINT ( 'NONE',  ( -40.00000000000000000, 30.00000000000000355, -30.00000000000000000 ) ) ;
#1319 = PLANE ( 'NONE',  #1065 ) ;
#1320 = ORIENTED_EDGE ( 'NONE', *, *, #650, .F. ) ;
#1321 = LINE ( 'NONE', #1088, #903 ) ;
#1322 = EDGE_CURVE ( 'NONE', #1894, #480, #2769, .T. ) ;
#1323 = EDGE_CURVE ( 'NONE', #1107, #2868, #1358, .T. ) ;
#1324 = DIRECTION ( 'NONE',  ( -0.000000000000000000, 1.000000000000000000, -0.000000000000000000 ) ) ;
#1325 = ORIENTED_EDGE ( 'NONE', *, *, #859, .T. ) ;
#1326 = VECTOR ( 'NONE', #1315, 1000.000000000000000 ) ;
#1327 = CARTESIAN_POINT ( 'NONE',  ( -36.00000000000000711, 6.000000000000000000, 20.88569709374496242 ) ) ;
#1328 = EDGE_CURVE ( 'NONE', #126, #2738, #1407, .T. ) ;
#1329 = DIRECTION ( 'NONE',  ( -0.000000000000000000, -0.000000000000000000, 1.000000000000000000 ) ) ;
#1330 = CARTESIAN_POINT ( 'NONE',  ( -40.00000000000000000, -30.00000000000000355, 30.00000000000000000 ) ) ;
#1331 = ORIENTED_EDGE ( 'NONE', *, *, #561, .T. ) ;
#1332 = FACE_OUTER_BOUND ( 'NONE', #2526, .T. ) ;
#1333 = CARTESIAN_POINT ( 'NONE',  ( -21.00000000000000355, 25.00000000000000000, -30.00000000000000000 ) ) ;
#1334 = VECTOR ( 'NONE', #1457, 1000.000000000000000 ) ;
#1335 = EDGE_LOOP ( 'NONE', ( #1901, #1604, #2973, #2548 ) ) ;
#1336 = CARTESIAN_POINT ( 'NONE',  ( -43.99999999999882760, -30.00000000000000355, 28.00000000000000355 ) ) ;
#1337 = ADVANCED_FACE ( 'NONE', ( #31 ), #1426, .F. ) ;
#1338 = COLOUR_RGB ( '',0.7921568627450980005, 0.8196078431372548767, 0.9333333333333333481 ) ;
#1339 = FACE_BOUND ( 'NONE', #246, .T. ) ;
#1340 = EDGE_LOOP ( 'NONE', ( #1343, #605, #830, #823 ) ) ;
#1341 = CARTESIAN_POINT ( 'NONE',  ( 44.00000000000000711, -50.00000000000000000, -19.99999999999999645 ) ) ;
#1342 = FACE_OUTER_BOUND ( 'NONE', #2350, .T. ) ;
#1343 = ORIENTED_EDGE ( 'NONE', *, *, #2410, .F. ) ;
#1344 = CARTESIAN_POINT ( 'NONE',  ( -43.99999999999882760, -50.00000000000000000, 26.30000000000000426 ) ) ;
#1345 = EDGE_CURVE ( 'NONE', #1409, #1195, #2484, .T. ) ;
#1346 = APPLICATION_CONTEXT ( 'automotive_design' ) ;
#1347 = DIRECTION ( 'NONE',  ( -1.000000000000000000, 0.000000000000000000, 0.000000000000000000 ) ) ;
#1348 = VERTEX_POINT ( 'NONE', #2838 ) ;
#1349 = ORIENTED_EDGE ( 'NONE', *, *, #544, .F. ) ;
#1350 = AXIS2_PLACEMENT_3D ( 'NONE', #1474, #1989, #2404 ) ;
#1351 = CYLINDRICAL_SURFACE ( 'NONE', #266, 1.600000000000000755 ) ;
#1352 = VECTOR ( 'NONE', #1921, 1000.000000000000000 ) ;
#1353 = DIRECTION ( 'NONE',  ( 0.000000000000000000, 0.000000000000000000, 1.000000000000000000 ) ) ;
#1354 = ORIENTED_EDGE ( 'NONE', *, *, #1396, .T. ) ;
#1355 = CARTESIAN_POINT ( 'NONE',  ( 43.99999999999970868, -25.00000000000000000, -7.999999999999996447 ) ) ;
#1356 = CARTESIAN_POINT ( 'NONE',  ( -43.99999999999941735, -30.00000000000000355, 4.000000000000003553 ) ) ;
#1357 = ORIENTED_EDGE ( 'NONE', *, *, #2315, .T. ) ;
#1358 = CIRCLE ( 'NONE', #1464, 1.700000000000000178 ) ;
#1359 = CARTESIAN_POINT ( 'NONE',  ( 50.00000000000000000, -25.00000000000000000, 34.00000000000000000 ) ) ;
#1360 = CARTESIAN_POINT ( 'NONE',  ( 36.00000000000001421, 24.99999999999999289, -30.00000000000000000 ) ) ;
#1361 = AXIS2_PLACEMENT_3D ( 'NONE', #1929, #2854, #2431 ) ;
#1362 = CARTESIAN_POINT ( 'NONE',  ( -23.60999999999997101, 20.00000000000000355, -24.64500000000002800 ) ) ;
#1363 = EDGE_LOOP ( 'NONE', ( #733, #1023, #2593, #2834 ) ) ;
#1364 = ADVANCED_FACE ( 'NONE', ( #512 ), #66, .F. ) ;
#1365 = ADVANCED_FACE ( 'NONE', ( #1225, #1501, #1486, #140, #1456, #2399 ), #2675, .T. ) ;
#1366 = EDGE_LOOP ( 'NONE', ( #2770, #1257, #1722, #2827 ) ) ;
#1367 = DIRECTION ( 'NONE',  ( 0.000000000000000000, 0.000000000000000000, -1.000000000000000000 ) ) ;
#1368 = EDGE_LOOP ( 'NONE', ( #1996, #2807 ) ) ;
#1369 = EDGE_LOOP ( 'NONE', ( #696, #2987 ) ) ;
#1370 = CLOSED_SHELL ( 'NONE', ( #2316, #875, #2163, #1273, #749, #2881, #2223, #2018, #1364, #2240, #1871, #2559, #852, #2710, #1665, #599, #1337, #729, #1867, #1743, #2723, #51, #713, #2891, #2429, #256, #692, #2330, #1777, #2207, #470, #768, #1961, #2851, #1264, #2951, #1172, #1293, #665, #2500, #129, #1646, #1477, #74, #1365, #1706, #2051, #473, #344, #630, #1043, #1079, #1683, #2425, #1495, #1249, #894, #1758, #433, #1994, #2125, #2928, #1684, #1922, #1119, #2189, #1739, #1289, #2542, #2595, #1528, #1627, #1812, #844, #2409, #1233, #1537, #1554, #292, #2602, #926, #103, #415, #1401, #785, #2670 ) ) ;
#1371 = DIRECTION ( 'NONE',  ( 0.000000000000000000, 1.000000000000000000, 0.000000000000000000 ) ) ;
#1372 = DIRECTION ( 'NONE',  ( 1.000000000000000000, 0.000000000000000000, 0.000000000000000000 ) ) ;
#1373 = ORIENTED_EDGE ( 'NONE', *, *, #801, .F. ) ;
#1374 = DIRECTION ( 'NONE',  ( -1.000000000000000000, -0.000000000000000000, -0.000000000000000000 ) ) ;
#1375 = FACE_OUTER_BOUND ( 'NONE', #2362, .T. ) ;
#1376 = CARTESIAN_POINT ( 'NONE',  ( -25.31999999999996831, 25.00000000000000000, 21.99999999999996447 ) ) ;
#1377 = ORIENTED_EDGE ( 'NONE', *, *, #1253, .T. ) ;
#1378 = ORIENTED_EDGE ( 'NONE', *, *, #2758, .T. ) ;
#1379 = EDGE_CURVE ( 'NONE', #557, #2493, #991, .T. ) ;
#1380 = DIRECTION ( 'NONE',  ( -1.000000000000000000, -0.000000000000000000, -0.000000000000000000 ) ) ;
#1381 = AXIS2_PLACEMENT_3D ( 'NONE', #718, #2804, #2775 ) ;
#1382 = VECTOR ( 'NONE', #752, 1000.000000000000000 ) ;
#1383 = EDGE_CURVE ( 'NONE', #1444, #2297, #1731, .T. ) ;
#1384 = PRESENTATION_STYLE_ASSIGNMENT (( #2082 ) ) ;
#1385 = ORIENTED_EDGE ( 'NONE', *, *, #730, .F. ) ;
#1386 = AXIS2_PLACEMENT_3D ( 'NONE', #1221, #744, #1016 ) ;
#1387 = DIRECTION ( 'NONE',  ( -0.000000000000000000, 1.000000000000000000, -0.000000000000000000 ) ) ;
#1388 = DIRECTION ( 'NONE',  ( -0.000000000000000000, -0.000000000000000000, 1.000000000000000000 ) ) ;
#1389 = EDGE_LOOP ( 'NONE', ( #2000, #498 ) ) ;
#1390 = VECTOR ( 'NONE', #108, 1000.000000000000000 ) ;
#1391 = CARTESIAN_POINT ( 'NONE',  ( 40.00000000000000711, 18.00000000000000711, -2.600000000000001865 ) ) ;
#1392 = FACE_OUTER_BOUND ( 'NONE', #1054, .T. ) ;
#1393 = FACE_OUTER_BOUND ( 'NONE', #1610, .T. ) ;
#1394 = ORIENTED_EDGE ( 'NONE', *, *, #1136, .T. ) ;
#1395 = ORIENTED_EDGE ( 'NONE', *, *, #654, .T. ) ;
#1396 = EDGE_CURVE ( 'NONE', #2574, #1247, #774, .T. ) ;
#1397 = CARTESIAN_POINT ( 'NONE',  ( 44.00000000000000711, -25.00000000000000000, -19.99999999999999645 ) ) ;
#1398 = ORIENTED_EDGE ( 'NONE', *, *, #1111, .T. ) ;
#1399 = CARTESIAN_POINT ( 'NONE',  ( -40.00000000000000000, -30.00000000000000355, -30.00000000000000000 ) ) ;
#1400 = ORIENTED_EDGE ( 'NONE', *, *, #38, .F. ) ;
#1401 = ADVANCED_FACE ( 'NONE', ( #302 ), #552, .F. ) ;
#1402 = LINE ( 'NONE', #1420, #135 ) ;
#1403 = CARTESIAN_POINT ( 'NONE',  ( -40.00000000000000000, 14.49999999999999645, 17.38569709374496242 ) ) ;
#1404 = VERTEX_POINT ( 'NONE', #1470 ) ;
#1405 = CARTESIAN_POINT ( 'NONE',  ( -40.00000000000000000, 6.000000000000000000, 20.88569709374496242 ) ) ;
#1406 = VECTOR ( 'NONE', #1203, 1000.000000000000000 ) ;
#1407 = LINE ( 'NONE', #1623, #59 ) ;
#1408 = CYLINDRICAL_SURFACE ( 'NONE', #1475, 1.600000000000000755 ) ;
#1409 = VERTEX_POINT ( 'NONE', #2417 ) ;
#1410 = CIRCLE ( 'NONE', #1797, 1.600000000000000755 ) ;
#1411 = ORIENTED_EDGE ( 'NONE', *, *, #838, .T. ) ;
#1412 = AXIS2_PLACEMENT_3D ( 'NONE', #943, #272, #2805 ) ;
#1413 = CARTESIAN_POINT ( 'NONE',  ( 43.99999999999882760, -25.00000000000000000, 26.30000000000000426 ) ) ;
#1414 = AXIS2_PLACEMENT_3D ( 'NONE', #1764, #2251, #1805 ) ;
#1415 = ORIENTED_EDGE ( 'NONE', *, *, #616, .F. ) ;
#1416 = CARTESIAN_POINT ( 'NONE',  ( 40.00000000000000000, -25.00000000000000000, 34.00000000000000000 ) ) ;
#1417 = ORIENTED_EDGE ( 'NONE', *, *, #1866, .F. ) ;
#1418 = EDGE_CURVE ( 'NONE', #1601, #961, #1957, .T. ) ;
#1419 = EDGE_CURVE ( 'NONE', #264, #54, #1163, .T. ) ;
#1420 = CARTESIAN_POINT ( 'NONE',  ( -40.00000000000000000, -14.50000000000000178, 17.38569709374495886 ) ) ;
#1421 = LINE ( 'NONE', #209, #2303 ) ;
#1422 = ORIENTED_EDGE ( 'NONE', *, *, #2048, .T. ) ;
#1423 = VERTEX_POINT ( 'NONE', #96 ) ;
#1424 = DIRECTION ( 'NONE',  ( 0.000000000000000000, -1.000000000000000000, 0.000000000000000000 ) ) ;
#1425 = EDGE_CURVE ( 'NONE', #1885, #540, #1241, .T. ) ;
#1426 = CYLINDRICAL_SURFACE ( 'NONE', #1412, 1.700000000000000178 ) ;
#1427 = FACE_OUTER_BOUND ( 'NONE', #709, .T. ) ;
#1428 = EDGE_LOOP ( 'NONE', ( #1547, #574, #1298, #1274 ) ) ;
#1429 = VERTEX_POINT ( 'NONE', #348 ) ;
#1430 = AXIS2_PLACEMENT_3D ( 'NONE', #2263, #2690, #375 ) ;
#1431 = CIRCLE ( 'NONE', #1816, 1.700000000000000178 ) ;
#1432 = CARTESIAN_POINT ( 'NONE',  ( 79.99999999999998579, -9.000000000000000000, 20.88569709374496242 ) ) ;
#1433 = ORIENTED_EDGE ( 'NONE', *, *, #561, .F. ) ;
#1434 = ORIENTED_EDGE ( 'NONE', *, *, #2032, .F. ) ;
#1435 = CARTESIAN_POINT ( 'NONE',  ( -44.00000000000000711, -50.00000000000000000, -18.29999999999999716 ) ) ;
#1436 = VERTEX_POINT ( 'NONE', #796 ) ;
#1437 = CARTESIAN_POINT ( 'NONE',  ( 43.99999999999941735, -50.00000000000000000, 4.000000000000003553 ) ) ;
#1438 = LINE ( 'NONE', #283, #1406 ) ;
#1439 = ORIENTED_EDGE ( 'NONE', *, *, #710, .F. ) ;
#1440 = AXIS2_PLACEMENT_3D ( 'NONE', #731, #1371, #224 ) ;
#1441 = CARTESIAN_POINT ( 'NONE',  ( -40.00000000000000000, -14.50000000000000178, 17.38569709374495886 ) ) ;
#1442 = DIRECTION ( 'NONE',  ( -0.000000000000000000, 1.000000000000000000, -0.000000000000000000 ) ) ;
#1443 = DIRECTION ( 'NONE',  ( 0.000000000000000000, 0.000000000000000000, 1.000000000000000000 ) ) ;
#1444 = VERTEX_POINT ( 'NONE', #1699 ) ;
#1445 = AXIS2_PLACEMENT_3D ( 'NONE', #2908, #2037, #399 ) ;
#1446 = EDGE_CURVE ( 'NONE', #2175, #851, #1116, .T. ) ;
#1447 = ORIENTED_EDGE ( 'NONE', *, *, #2517, .T. ) ;
#1448 = CARTESIAN_POINT ( 'NONE',  ( 40.00000000000000000, 30.00000000000000355, 30.00000000000000000 ) ) ;
#1449 = AXIS2_PLACEMENT_3D ( 'NONE', #454, #1782, #1567 ) ;
#1450 = ORIENTED_EDGE ( 'NONE', *, *, #2830, .F. ) ;
#1451 = CARTESIAN_POINT ( 'NONE',  ( -50.00000000000000000, -30.00000000000000355, 34.00000000000000000 ) ) ;
#1452 = DIRECTION ( 'NONE',  ( 0.000000000000000000, 0.000000000000000000, 1.000000000000000000 ) ) ;
#1453 = CARTESIAN_POINT ( 'NONE',  ( 0.000000000000000000, 25.00000000000000000, 0.000000000000000000 ) ) ;
#1454 = ORIENTED_EDGE ( 'NONE', *, *, #363, .F. ) ;
#1455 = CARTESIAN_POINT ( 'NONE',  ( -43.99999999999882760, -30.00000000000000355, 29.70000000000000284 ) ) ;
#1456 = FACE_BOUND ( 'NONE', #1775, .T. ) ;
#1457 = DIRECTION ( 'NONE',  ( -0.000000000000000000, 1.000000000000000000, -0.000000000000000000 ) ) ;
#1458 = ORIENTED_EDGE ( 'NONE', *, *, #907, .F. ) ;
#1459 = CARTESIAN_POINT ( 'NONE',  ( 59.99999999999999289, 18.00000000000000000, -16.00000000000000000 ) ) ;
#1460 = EDGE_CURVE ( 'NONE', #1668, #1429, #826, .T. ) ;
#1461 = EDGE_CURVE ( 'NONE', #170, #262, #333, .T. ) ;
#1462 = DIRECTION ( 'NONE',  ( 0.000000000000000000, 0.000000000000000000, 1.000000000000000000 ) ) ;
#1463 = ORIENTED_EDGE ( 'NONE', *, *, #180, .T. ) ;
#1464 = AXIS2_PLACEMENT_3D ( 'NONE', #1209, #688, #1670 ) ;
#1465 = LINE ( 'NONE', #1219, #1206 ) ;
#1466 = DIRECTION ( 'NONE',  ( -0.000000000000000000, 1.000000000000000000, -0.000000000000000000 ) ) ;
#1467 = CARTESIAN_POINT ( 'NONE',  ( -40.00000000000000000, 14.49999999999999645, -30.00000000000000000 ) ) ;
#1468 = EDGE_LOOP ( 'NONE', ( #300, #214 ) ) ;
#1469 = DIRECTION ( 'NONE',  ( 1.000000000000000000, 0.000000000000000000, -1.239088197126291063E-16 ) ) ;
#1470 = CARTESIAN_POINT ( 'NONE',  ( -43.99999999999911893, -30.00000000000000355, 17.70000000000000639 ) ) ;
#1471 = DIRECTION ( 'NONE',  ( 0.000000000000000000, 0.000000000000000000, 1.000000000000000000 ) ) ;
#1472 = VERTEX_POINT ( 'NONE', #2915 ) ;
#1473 = EDGE_LOOP ( 'NONE', ( #2344, #2778, #1302, #1918 ) ) ;
#1474 = CARTESIAN_POINT ( 'NONE',  ( 43.99999999999882760, -50.00000000000000000, 28.00000000000000355 ) ) ;
#1475 = AXIS2_PLACEMENT_3D ( 'NONE', #721, #1655, #2586 ) ;
#1476 = ORIENTED_EDGE ( 'NONE', *, *, #1552, .T. ) ;
#1477 = ADVANCED_FACE ( 'NONE', ( #2216 ), #1051, .T. ) ;
#1478 = DIRECTION ( 'NONE',  ( 0.000000000000000000, 0.000000000000000000, 1.000000000000000000 ) ) ;
#1479 = EDGE_CURVE ( 'NONE', #269, #703, #123, .T. ) ;
#1480 = DIRECTION ( 'NONE',  ( -1.000000000000000000, 0.000000000000000000, 0.000000000000000000 ) ) ;
#1481 = CIRCLE ( 'NONE', #1381, 2.000000000000001776 ) ;
#1482 = DIRECTION ( 'NONE',  ( 0.000000000000000000, 1.000000000000000000, 0.000000000000000000 ) ) ;
#1483 = VECTOR ( 'NONE', #2092, 1000.000000000000000 ) ;
#1484 = VERTEX_POINT ( 'NONE', #2645 ) ;
#1485 = LINE ( 'NONE', #332, #518 ) ;
#1486 = FACE_BOUND ( 'NONE', #1898, .T. ) ;
#1487 = DIRECTION ( 'NONE',  ( -1.000000000000000000, -0.000000000000000000, -0.000000000000000000 ) ) ;
#1488 = ORIENTED_EDGE ( 'NONE', *, *, #1571, .T. ) ;
#1489 = ORIENTED_EDGE ( 'NONE', *, *, #2517, .F. ) ;
#1490 = CIRCLE ( 'NONE', #1682, 1.600000000000001199 ) ;
#1491 = LINE ( 'NONE', #2638, #428 ) ;
#1492 = ORIENTED_EDGE ( 'NONE', *, *, #1791, .T. ) ;
#1493 = FACE_OUTER_BOUND ( 'NONE', #2825, .T. ) ;
#1494 = EDGE_CURVE ( 'NONE', #175, #452, #1035, .T. ) ;
#1495 = ADVANCED_FACE ( 'NONE', ( #2272 ), #1560, .F. ) ;
#1496 = DIRECTION ( 'NONE',  ( 0.000000000000000000, -1.000000000000000000, 0.000000000000000000 ) ) ;
#1497 = CARTESIAN_POINT ( 'NONE',  ( -40.00000000000000000, 14.49999999999999645, 17.38569709374496242 ) ) ;
#1498 = ORIENTED_EDGE ( 'NONE', *, *, #1848, .F. ) ;
#1499 = CIRCLE ( 'NONE', #2278, 1.700000000000000178 ) ;
#1500 = DIRECTION ( 'NONE',  ( 0.000000000000000000, -1.000000000000000000, 0.000000000000000000 ) ) ;
#1501 = FACE_BOUND ( 'NONE', #243, .T. ) ;
#1502 = DIRECTION ( 'NONE',  ( 0.000000000000000000, 0.000000000000000000, 1.000000000000000000 ) ) ;
#1503 = ORIENTED_EDGE ( 'NONE', *, *, #1842, .F. ) ;
#1504 = ORIENTED_EDGE ( 'NONE', *, *, #1724, .F. ) ;
#1505 = CYLINDRICAL_SURFACE ( 'NONE', #448, 1.700000000000000178 ) ;
#1506 = VECTOR ( 'NONE', #502, 1000.000000000000000 ) ;
#1507 = DIRECTION ( 'NONE',  ( 0.000000000000000000, 0.000000000000000000, 1.000000000000000000 ) ) ;
#1508 = ORIENTED_EDGE ( 'NONE', *, *, #1345, .T. ) ;
#1509 = CARTESIAN_POINT ( 'NONE',  ( 0.000000000000000000, -25.00000000000000000, 0.000000000000000000 ) ) ;
#1510 = CIRCLE ( 'NONE', #579, 1.600000000000000755 ) ;
#1511 = AXIS2_PLACEMENT_3D ( 'NONE', #1355, #2290, #2956 ) ;
#1512 = CARTESIAN_POINT ( 'NONE',  ( 40.00000000000000711, 18.00000000000000711, -1.000000000000000888 ) ) ;
#1513 = SHAPE_DEFINITION_REPRESENTATION ( #1175, #2984 ) ;
#1514 = ORIENTED_EDGE ( 'NONE', *, *, #2831, .F. ) ;
#1515 = EDGE_CURVE ( 'NONE', #2145, #184, #866, .T. ) ;
#1516 = DIRECTION ( 'NONE',  ( 1.000000000000000000, -0.000000000000000000, -0.000000000000000000 ) ) ;
#1517 = DIRECTION ( 'NONE',  ( 0.000000000000000000, -1.000000000000000000, 0.000000000000000000 ) ) ;
#1518 = CARTESIAN_POINT ( 'NONE',  ( 36.00000000000001421, -19.55715145312781189, 46.44284854687241904 ) ) ;
#1519 = EDGE_LOOP ( 'NONE', ( #1940, #1713, #2739, #767 ) ) ;
#1520 = DIRECTION ( 'NONE',  ( -1.000000000000000000, -0.000000000000000000, -0.000000000000000000 ) ) ;
#1521 = EDGE_CURVE ( 'NONE', #1244, #443, #182, .T. ) ;
#1522 = CARTESIAN_POINT ( 'NONE',  ( -32.00000000000000000, 4.000000000000000888, 19.99999999999999645 ) ) ;
#1523 = ORIENTED_EDGE ( 'NONE', *, *, #1826, .T. ) ;
#1524 = CARTESIAN_POINT ( 'NONE',  ( -44.00000000000000711, -30.00000000000000355, -19.99999999999999645 ) ) ;
#1525 = VECTOR ( 'NONE', #716, 1000.000000000000000 ) ;
#1526 = FACE_OUTER_BOUND ( 'NONE', #1718, .T. ) ;
#1527 = VERTEX_POINT ( 'NONE', #195 ) ;
#1528 = ADVANCED_FACE ( 'NONE', ( #1773 ), #1817, .F. ) ;
#1529 = AXIS2_PLACEMENT_3D ( 'NONE', #2073, #2322, #2352 ) ;
#1530 = CARTESIAN_POINT ( 'NONE',  ( -44.00000000000000711, -50.00000000000000000, -21.69999999999999574 ) ) ;
#1531 = DIRECTION ( 'NONE',  ( 0.000000000000000000, 1.000000000000000000, -0.000000000000000000 ) ) ;
#1532 = CARTESIAN_POINT ( 'NONE',  ( 49.99999999999999289, -25.00000000000000000, -25.99999999999999645 ) ) ;
#1533 = ORIENTED_EDGE ( 'NONE', *, *, #2874, .F. ) ;
#1534 = VERTEX_POINT ( 'NONE', #1108 ) ;
#1535 = DIRECTION ( 'NONE',  ( 1.000000000000000000, 0.000000000000000000, 1.156482317317871478E-16 ) ) ;
#1536 = CARTESIAN_POINT ( 'NONE',  ( -43.99999999999941735, -25.00000000000000000, 4.000000000000003553 ) ) ;
#1537 = ADVANCED_FACE ( 'NONE', ( #1787 ), #1094, .F. ) ;
#1538 = AXIS2_PLACEMENT_3D ( 'NONE', #313, #1235, #2164 ) ;
#1539 = ORIENTED_EDGE ( 'NONE', *, *, #401, .F. ) ;
#1540 = DIRECTION ( 'NONE',  ( 0.000000000000000000, 0.000000000000000000, 1.000000000000000000 ) ) ;
#1541 = CIRCLE ( 'NONE', #560, 1.700000000000000178 ) ;
#1542 = CARTESIAN_POINT ( 'NONE',  ( 43.99999999999911893, -50.00000000000000000, 14.30000000000000782 ) ) ;
#1543 = VERTEX_POINT ( 'NONE', #1574 ) ;
#1544 = LINE ( 'NONE', #2474, #1283 ) ;
#1545 = DIRECTION ( 'NONE',  ( 0.000000000000000000, 1.000000000000000000, 0.000000000000000000 ) ) ;
#1546 = DIRECTION ( 'NONE',  ( -1.000000000000000000, -0.000000000000000000, -0.000000000000000000 ) ) ;
#1547 = ORIENTED_EDGE ( 'NONE', *, *, #565, .F. ) ;
#1548 = CARTESIAN_POINT ( 'NONE',  ( 40.00000000000000711, 18.00000000000000000, -14.39999999999999858 ) ) ;
#1549 = LINE ( 'NONE', #2763, #2140 ) ;
#1550 = ORIENTED_EDGE ( 'NONE', *, *, #1064, .T. ) ;
#1551 = EDGE_CURVE ( 'NONE', #1244, #1969, #2744, .T. ) ;
#1552 = EDGE_CURVE ( 'NONE', #2607, #2850, #168, .T. ) ;
#1553 = CARTESIAN_POINT ( 'NONE',  ( -36.00000000000000711, -40.00000000000000711, -30.00000000000000000 ) ) ;
#1554 = ADVANCED_FACE ( 'NONE', ( #1314 ), #430, .F. ) ;
#1555 = DIRECTION ( 'NONE',  ( 0.000000000000000000, 1.000000000000000000, 0.000000000000000000 ) ) ;
#1556 = CIRCLE ( 'NONE', #1948, 1.700000000000000178 ) ;
#1557 = ORIENTED_EDGE ( 'NONE', *, *, #1192, .T. ) ;
#1558 = AXIS2_PLACEMENT_3D ( 'NONE', #2386, #1006, #1942 ) ;
#1559 = VECTOR ( 'NONE', #1113, 1000.000000000000000 ) ;
#1560 = CYLINDRICAL_SURFACE ( 'NONE', #2438, 1.700000000000000178 ) ;
#1561 = FACE_OUTER_BOUND ( 'NONE', #893, .T. ) ;
#1562 = ORIENTED_EDGE ( 'NONE', *, *, #1198, .F. ) ;
#1563 = EDGE_LOOP ( 'NONE', ( #2516, #1276, #2919, #1504 ) ) ;
#1564 = DIRECTION ( 'NONE',  ( -0.000000000000000000, -0.000000000000000000, 1.000000000000000000 ) ) ;
#1565 = DIRECTION ( 'NONE',  ( 0.000000000000000000, 0.000000000000000000, 1.000000000000000000 ) ) ;
#1566 = EDGE_LOOP ( 'NONE', ( #2433, #437 ) ) ;
#1567 = DIRECTION ( 'NONE',  ( 0.000000000000000000, 0.000000000000000000, 1.000000000000000000 ) ) ;
#1568 = EDGE_CURVE ( 'NONE', #456, #1804, #112, .T. ) ;
#1569 = CARTESIAN_POINT ( 'NONE',  ( 40.00000000000000711, 6.000000000000000000, 20.88569709374496242 ) ) ;
#1570 = ORIENTED_EDGE ( 'NONE', *, *, #453, .F. ) ;
#1571 = EDGE_CURVE ( 'NONE', #1860, #1668, #1067, .T. ) ;
#1572 = VECTOR ( 'NONE', #299, 1000.000000000000000 ) ;
#1573 = AXIS2_PLACEMENT_3D ( 'NONE', #1397, #2622, #530 ) ;
#1574 = CARTESIAN_POINT ( 'NONE',  ( -44.00000000000000711, -30.00000000000000355, -21.69999999999999574 ) ) ;
#1575 = DIRECTION ( 'NONE',  ( -0.000000000000000000, -0.7071067811865513475, 0.7071067811865435759 ) ) ;
#1576 = ORIENTED_EDGE ( 'NONE', *, *, #1611, .F. ) ;
#1577 = CARTESIAN_POINT ( 'NONE',  ( 44.00000000000000711, -50.00000000000000000, -18.29999999999999716 ) ) ;
#1578 = DIRECTION ( 'NONE',  ( 0.000000000000000000, 1.000000000000000000, 0.000000000000000000 ) ) ;
#1579 = ORIENTED_EDGE ( 'NONE', *, *, #2869, .T. ) ;
#1580 = ORIENTED_EDGE ( 'NONE', *, *, #949, .F. ) ;
#1581 = CARTESIAN_POINT ( 'NONE',  ( 0.000000000000000000, 30.00000000000000355, 0.000000000000000000 ) ) ;
#1582 = AXIS2_PLACEMENT_3D ( 'NONE', #1140, #701, #2366 ) ;
#1583 = MECHANICAL_DESIGN_GEOMETRIC_PRESENTATION_REPRESENTATION (  '', ( #805 ), #1045 ) ;
#1584 = DIRECTION ( 'NONE',  ( 0.000000000000000000, 0.000000000000000000, 1.000000000000000000 ) ) ;
#1585 = ORIENTED_EDGE ( 'NONE', *, *, #2374, .T. ) ;
#1586 = EDGE_CURVE ( 'NONE', #1436, #452, #585, .T. ) ;
#1587 = EDGE_CURVE ( 'NONE', #1885, #2811, #1123, .T. ) ;
#1588 = AXIS2_PLACEMENT_3D ( 'NONE', #2740, #648, #1598 ) ;
#1589 = DIRECTION ( 'NONE',  ( -1.000000000000000000, -0.000000000000000000, -0.000000000000000000 ) ) ;
#1590 = CARTESIAN_POINT ( 'NONE',  ( 40.00000000000000000, 9.499999999999964473, 17.38569709374496242 ) ) ;
#1591 = ORIENTED_EDGE ( 'NONE', *, *, #1010, .T. ) ;
#1592 = CARTESIAN_POINT ( 'NONE',  ( -40.00000000000000000, -25.00000000000000000, 34.00000000000000000 ) ) ;
#1593 = PLANE ( 'NONE',  #1992 ) ;
#1594 = CYLINDRICAL_SURFACE ( 'NONE', #412, 2.000000000000001776 ) ;
#1595 = ORIENTED_EDGE ( 'NONE', *, *, #1323, .F. ) ;
#1596 = ORIENTED_EDGE ( 'NONE', *, *, #1166, .T. ) ;
#1597 = CIRCLE ( 'NONE', #1982, 1.700000000000000178 ) ;
#1598 = DIRECTION ( 'NONE',  ( 0.000000000000000000, 0.000000000000000000, -1.000000000000000000 ) ) ;
#1599 = VECTOR ( 'NONE', #728, 1000.000000000000000 ) ;
#1600 = LINE ( 'NONE', #2531, #2465 ) ;
#1601 = VERTEX_POINT ( 'NONE', #2505 ) ;
#1602 = CARTESIAN_POINT ( 'NONE',  ( -39.99999999999999289, -25.00000000000000000, -25.99999999999999645 ) ) ;
#1603 = CARTESIAN_POINT ( 'NONE',  ( -36.00000000000000711, -40.00000000000000711, 26.00000000000000000 ) ) ;
#1604 = ORIENTED_EDGE ( 'NONE', *, *, #2124, .T. ) ;
#1605 = EDGE_CURVE ( 'NONE', #376, #874, #2534, .T. ) ;
#1606 = CIRCLE ( 'NONE', #1112, 1.600000000000001199 ) ;
#1607 = DIRECTION ( 'NONE',  ( -0.000000000000000000, 1.000000000000000000, -0.000000000000000000 ) ) ;
#1608 = DIRECTION ( 'NONE',  ( -0.000000000000000000, 1.000000000000000000, -0.000000000000000000 ) ) ;
#1609 = FACE_OUTER_BOUND ( 'NONE', #771, .T. ) ;
#1610 = EDGE_LOOP ( 'NONE', ( #1881, #1073, #2692, #2097, #2590, #1092, #794, #1411, #44, #2213, #1579 ) ) ;
#1611 = EDGE_CURVE ( 'NONE', #2452, #1348, #1311, .T. ) ;
#1612 = ORIENTED_EDGE ( 'NONE', *, *, #251, .T. ) ;
#1613 = FACE_BOUND ( 'NONE', #386, .T. ) ;
#1614 = ORIENTED_EDGE ( 'NONE', *, *, #788, .T. ) ;
#1615 =( NAMED_UNIT ( * ) SI_UNIT ( $, .STERADIAN. ) SOLID_ANGLE_UNIT ( ) );
#1616 = ORIENTED_EDGE ( 'NONE', *, *, #1806, .T. ) ;
#1617 = AXIS2_PLACEMENT_3D ( 'NONE', #2188, #1719, #364 ) ;
#1618 = CARTESIAN_POINT ( 'NONE',  ( -27.99999999999999645, -40.00000000000000711, 26.00000000000000000 ) ) ;
#1619 = DIRECTION ( 'NONE',  ( 0.000000000000000000, 0.000000000000000000, -1.000000000000000000 ) ) ;
#1620 = ORIENTED_EDGE ( 'NONE', *, *, #908, .F. ) ;
#1621 = AXIS2_PLACEMENT_3D ( 'NONE', #2401, #318, #97 ) ;
#1622 = CYLINDRICAL_SURFACE ( 'NONE', #2194, 1.600000000000001199 ) ;
#1623 = CARTESIAN_POINT ( 'NONE',  ( 59.99999999999999289, 18.00000000000000000, -14.39999999999999858 ) ) ;
#1624 = FACE_BOUND ( 'NONE', #2016, .T. ) ;
#1625 = EDGE_LOOP ( 'NONE', ( #2062, #2875 ) ) ;
#1626 = ORIENTED_EDGE ( 'NONE', *, *, #966, .F. ) ;
#1627 = ADVANCED_FACE ( 'NONE', ( #2231 ), #153, .F. ) ;
#1628 = CARTESIAN_POINT ( 'NONE',  ( 27.99999999999999645, -3.999999999999996447, 26.00000000000000000 ) ) ;
#1629 = VECTOR ( 'NONE', #1889, 1000.000000000000000 ) ;
#1630 = ORIENTED_EDGE ( 'NONE', *, *, #2636, .T. ) ;
#1631 = ORIENTED_EDGE ( 'NONE', *, *, #673, .T. ) ;
#1632 = FACE_OUTER_BOUND ( 'NONE', #1872, .T. ) ;
#1633 = ORIENTED_EDGE ( 'NONE', *, *, #1198, .T. ) ;
#1634 = AXIS2_PLACEMENT_3D ( 'NONE', #1569, #2730, #1784 ) ;
#1635 = CARTESIAN_POINT ( 'NONE',  ( -23.60999999999997101, 20.00000000000000355, -26.39500000000002800 ) ) ;
#1636 = CARTESIAN_POINT ( 'NONE',  ( -40.00000000000000000, -30.00000000000000355, 30.00000000000000000 ) ) ;
#1637 = ORIENTED_EDGE ( 'NONE', *, *, #528, .T. ) ;
#1638 = CARTESIAN_POINT ( 'NONE',  ( -23.60999999999997101, 25.00000000000000000, -26.39500000000002800 ) ) ;
#1639 = DIRECTION ( 'NONE',  ( -0.000000000000000000, 1.000000000000000000, -0.000000000000000000 ) ) ;
#1640 = CARTESIAN_POINT ( 'NONE',  ( 43.99999999999970868, -50.00000000000000000, -7.999999999999996447 ) ) ;
#1641 = ORIENTED_EDGE ( 'NONE', *, *, #324, .T. ) ;
#1642 = VERTEX_POINT ( 'NONE', #2944 ) ;
#1643 = DIRECTION ( 'NONE',  ( 0.000000000000000000, 1.000000000000000000, -0.000000000000000000 ) ) ;
#1644 = EDGE_LOOP ( 'NONE', ( #962, #2815, #2889, #2076 ) ) ;
#1645 = EDGE_CURVE ( 'NONE', #419, #2803, #917, .T. ) ;
#1646 = ADVANCED_FACE ( 'NONE', ( #624 ), #506, .T. ) ;
#1647 = CARTESIAN_POINT ( 'NONE',  ( 40.00000000000000000, -30.00000000000000355, -25.99999999999999645 ) ) ;
#1648 = CIRCLE ( 'NONE', #1750, 1.699999999999999289 ) ;
#1649 = EDGE_CURVE ( 'NONE', #1729, #2609, #969, .T. ) ;
#1650 = LINE ( 'NONE', #2086, #2215 ) ;
#1651 = DIRECTION ( 'NONE',  ( -1.000000000000000000, -0.000000000000000000, -0.000000000000000000 ) ) ;
#1652 = ORIENTED_EDGE ( 'NONE', *, *, #2996, .T. ) ;
#1653 = DIRECTION ( 'NONE',  ( 0.000000000000000000, 0.000000000000000000, -1.000000000000000000 ) ) ;
#1654 = CARTESIAN_POINT ( 'NONE',  ( -21.00000000000000355, 30.00000000000000355, -30.00000000000000000 ) ) ;
#1655 = DIRECTION ( 'NONE',  ( -1.000000000000000000, -0.000000000000000000, -0.000000000000000000 ) ) ;
#1656 = ORIENTED_EDGE ( 'NONE', *, *, #2049, .T. ) ;
#1657 = AXIS2_PLACEMENT_3D ( 'NONE', #286, #478, #2106 ) ;
#1658 = ORIENTED_EDGE ( 'NONE', *, *, #187, .F. ) ;
#1659 = VECTOR ( 'NONE', #1984, 1000.000000000000000 ) ;
#1660 = LINE ( 'NONE', #2376, #1031 ) ;
#1661 = EDGE_LOOP ( 'NONE', ( #446, #111, #319, #1260, #1267 ) ) ;
#1662 = VERTEX_POINT ( 'NONE', #11 ) ;
#1663 = CARTESIAN_POINT ( 'NONE',  ( -36.00000000000000711, -9.000000000000000000, 22.48569709374496384 ) ) ;
#1664 = ORIENTED_EDGE ( 'NONE', *, *, #2377, .F. ) ;
#1665 = ADVANCED_FACE ( 'NONE', ( #282 ), #896, .F. ) ;
#1666 = DIRECTION ( 'NONE',  ( 0.000000000000000000, 1.000000000000000000, -0.000000000000000000 ) ) ;
#1667 = CARTESIAN_POINT ( 'NONE',  ( -36.00000000000000711, -40.00000000000000711, 26.00000000000000000 ) ) ;
#1668 = VERTEX_POINT ( 'NONE', #26 ) ;
#1669 = DIRECTION ( 'NONE',  ( 0.000000000000000000, 0.000000000000000000, 1.000000000000000000 ) ) ;
#1670 = DIRECTION ( 'NONE',  ( 0.000000000000000000, 0.000000000000000000, -1.000000000000000000 ) ) ;
#1671 = LINE ( 'NONE', #526, #1334 ) ;
#1672 = ORIENTED_EDGE ( 'NONE', *, *, #970, .T. ) ;
#1673 = ORIENTED_EDGE ( 'NONE', *, *, #1645, .F. ) ;
#1674 = CIRCLE ( 'NONE', #360, 1.600000000000000755 ) ;
#1675 = CARTESIAN_POINT ( 'NONE',  ( 43.99999999999911893, -25.00000000000000000, 14.30000000000000782 ) ) ;
#1676 = ORIENTED_EDGE ( 'NONE', *, *, #559, .F. ) ;
#1677 = AXIS2_PLACEMENT_3D ( 'NONE', #825, #1771, #1066 ) ;
#1678 = DIRECTION ( 'NONE',  ( 0.000000000000000000, -1.000000000000000000, 0.000000000000000000 ) ) ;
#1679 = CARTESIAN_POINT ( 'NONE',  ( -40.00000000000000000, 18.00000000000000000, -14.39999999999999858 ) ) ;
#1680 = LINE ( 'NONE', #1001, #2862 ) ;
#1681 = ORIENTED_EDGE ( 'NONE', *, *, #2063, .T. ) ;
#1682 = AXIS2_PLACEMENT_3D ( 'NONE', #1512, #1480, #1250 ) ;
#1683 = ADVANCED_FACE ( 'NONE', ( #1184 ), #939, .F. ) ;
#1684 = ADVANCED_FACE ( 'NONE', ( #2999 ), #1168, .T. ) ;
#1685 = DIRECTION ( 'NONE',  ( 0.000000000000000000, -1.000000000000000000, 0.000000000000000000 ) ) ;
#1686 = CARTESIAN_POINT ( 'NONE',  ( -25.31999999999996831, 20.00000000000000355, 21.99999999999996447 ) ) ;
#1687 = DIRECTION ( 'NONE',  ( 0.000000000000000000, 0.000000000000000000, 1.000000000000000000 ) ) ;
#1688 = ORIENTED_EDGE ( 'NONE', *, *, #1345, .F. ) ;
#1689 = CIRCLE ( 'NONE', #1445, 1.699999999999999289 ) ;
#1690 = CARTESIAN_POINT ( 'NONE',  ( -23.60999999999997101, 30.00000000000000355, -28.14500000000003155 ) ) ;
#1691 = DIRECTION ( 'NONE',  ( 0.000000000000000000, 0.000000000000000000, -1.000000000000000000 ) ) ;
#1692 = AXIS2_PLACEMENT_3D ( 'NONE', #1767, #1952, #2876 ) ;
#1693 = ORIENTED_EDGE ( 'NONE', *, *, #619, .F. ) ;
#1694 = DIRECTION ( 'NONE',  ( -0.000000000000000000, 1.000000000000000000, -0.000000000000000000 ) ) ;
#1695 = CARTESIAN_POINT ( 'NONE',  ( 36.00000000000001421, -40.00000000000000711, -30.00000000000000000 ) ) ;
#1696 = CARTESIAN_POINT ( 'NONE',  ( -30.00000000000000000, 4.000000000000000000, 26.00000000000000000 ) ) ;
#1697 = ORIENTED_EDGE ( 'NONE', *, *, #2925, .F. ) ;
#1698 = DIRECTION ( 'NONE',  ( -1.000000000000000000, -0.000000000000000000, -0.000000000000000000 ) ) ;
#1699 = CARTESIAN_POINT ( 'NONE',  ( 28.00000000000000355, 4.000000000000000000, 30.00000000000000000 ) ) ;
#1700 = DIRECTION ( 'NONE',  ( 0.000000000000000000, -0.000000000000000000, 1.000000000000000000 ) ) ;
#1701 = ORIENTED_EDGE ( 'NONE', *, *, #34, .F. ) ;
#1702 = EDGE_CURVE ( 'NONE', #144, #536, #1926, .T. ) ;
#1703 = AXIS2_PLACEMENT_3D ( 'NONE', #61, #972, #2833 ) ;
#1704 = CARTESIAN_POINT ( 'NONE',  ( 36.00000000000000711, 25.00000000000000000, -30.00000000000000000 ) ) ;
#1705 = CARTESIAN_POINT ( 'NONE',  ( -32.00000000000000000, 4.000000000000000888, 30.00000000000000000 ) ) ;
#1706 = ADVANCED_FACE ( 'NONE', ( #909 ), #1202, .T. ) ;
#1707 = EDGE_LOOP ( 'NONE', ( #1439, #753, #155, #203 ) ) ;
#1708 = AXIS2_PLACEMENT_3D ( 'NONE', #810, #2882, #1746 ) ;
#1709 = AXIS2_PLACEMENT_3D ( 'NONE', #1638, #734, #704 ) ;
#1710 = LINE ( 'NONE', #2453, #143 ) ;
#1711 = CARTESIAN_POINT ( 'NONE',  ( -43.99999999999911893, -25.00000000000000000, 16.00000000000000711 ) ) ;
#1712 = DIRECTION ( 'NONE',  ( 1.000000000000000000, -0.000000000000000000, -0.000000000000000000 ) ) ;
#1713 = ORIENTED_EDGE ( 'NONE', *, *, #2830, .T. ) ;
#1714 = DIRECTION ( 'NONE',  ( 1.000000000000000000, 0.000000000000000000, 0.000000000000000000 ) ) ;
#1715 = EDGE_CURVE ( 'NONE', #2859, #2462, #1875, .T. ) ;
#1716 = DIRECTION ( 'NONE',  ( 0.000000000000000000, 0.000000000000000000, -1.000000000000000000 ) ) ;
#1717 = DIRECTION ( 'NONE',  ( -0.000000000000000000, -0.000000000000000000, 1.000000000000000000 ) ) ;
#1718 = EDGE_LOOP ( 'NONE', ( #142, #1570, #2639, #2927, #2171, #1394, #622, #2298, #2384, #1990, #2992, #1550, #1156, #1676, #584, #813 ) ) ;
#1719 = DIRECTION ( 'NONE',  ( -1.000000000000000000, 0.000000000000000000, 0.000000000000000000 ) ) ;
#1720 = DIRECTION ( 'NONE',  ( 0.000000000000000000, -1.000000000000000000, 0.000000000000000000 ) ) ;
#1721 = CIRCLE ( 'NONE', #2835, 1.600000000000002531 ) ;
#1722 = ORIENTED_EDGE ( 'NONE', *, *, #649, .F. ) ;
#1723 = AXIS2_PLACEMENT_3D ( 'NONE', #1196, #2826, #516 ) ;
#1724 = EDGE_CURVE ( 'NONE', #315, #231, #2132, .T. ) ;
#1725 = DIRECTION ( 'NONE',  ( 0.000000000000000000, 0.000000000000000000, 1.000000000000000000 ) ) ;
#1726 = DIRECTION ( 'NONE',  ( 0.000000000000000000, 0.000000000000000000, 1.000000000000000000 ) ) ;
#1727 = CARTESIAN_POINT ( 'NONE',  ( -43.99999999999941735, -25.00000000000000000, 4.000000000000003553 ) ) ;
#1728 = VECTOR ( 'NONE', #2777, 1000.000000000000000 ) ;
#1729 = VERTEX_POINT ( 'NONE', #923 ) ;
#1730 = DIRECTION ( 'NONE',  ( 0.000000000000000000, 0.000000000000000000, -1.000000000000000000 ) ) ;
#1731 = LINE ( 'NONE', #109, #1950 ) ;
#1732 = CARTESIAN_POINT ( 'NONE',  ( -36.00000000000000711, 9.499999999999964473, 17.38569709374496242 ) ) ;
#1733 = ORIENTED_EDGE ( 'NONE', *, *, #1003, .T. ) ;
#1734 = DIRECTION ( 'NONE',  ( 0.000000000000000000, 1.000000000000000000, 0.000000000000000000 ) ) ;
#1735 = CIRCLE ( 'NONE', #2611, 1.750000000000001554 ) ;
#1736 = DIRECTION ( 'NONE',  ( 0.000000000000000000, 0.000000000000000000, -1.000000000000000000 ) ) ;
#1737 = EDGE_LOOP ( 'NONE', ( #1239, #2057 ) ) ;
#1738 = CARTESIAN_POINT ( 'NONE',  ( -36.00000000000001421, 18.00000000000000000, -16.00000000000000000 ) ) ;
#1739 = ADVANCED_FACE ( 'NONE', ( #669 ), #2549, .F. ) ;
#1740 = EDGE_CURVE ( 'NONE', #2885, #1472, #1650, .T. ) ;
#1741 = CARTESIAN_POINT ( 'NONE',  ( 43.99999999999941735, -50.00000000000000000, 2.300000000000004263 ) ) ;
#1742 = EDGE_LOOP ( 'NONE', ( #2254, #2280, #1398, #2397 ) ) ;
#1743 = ADVANCED_FACE ( 'NONE', ( #474 ), #2319, .F. ) ;
#1744 = VECTOR ( 'NONE', #2903, 1000.000000000000000 ) ;
#1745 = CARTESIAN_POINT ( 'NONE',  ( -40.00000000000000000, 14.49999999999999645, 12.38569709374498551 ) ) ;
#1746 = DIRECTION ( 'NONE',  ( 0.000000000000000000, 0.000000000000000000, 1.000000000000000000 ) ) ;
#1747 = CARTESIAN_POINT ( 'NONE',  ( 36.00000000000001421, 9.499999999999966249, 17.38569709374496242 ) ) ;
#1748 = ORIENTED_EDGE ( 'NONE', *, *, #1379, .T. ) ;
#1749 = ORIENTED_EDGE ( 'NONE', *, *, #2245, .T. ) ;
#1750 = AXIS2_PLACEMENT_3D ( 'NONE', #1873, #2624, #2394 ) ;
#1751 = CARTESIAN_POINT ( 'NONE',  ( 36.00000000000001421, 18.00000000000000000, -16.00000000000000000 ) ) ;
#1752 = VERTEX_POINT ( 'NONE', #42 ) ;
#1753 = FACE_BOUND ( 'NONE', #1913, .T. ) ;
#1754 = VECTOR ( 'NONE', #337, 1000.000000000000000 ) ;
#1755 = AXIS2_PLACEMENT_3D ( 'NONE', #359, #1284, #1716 ) ;
#1756 = CARTESIAN_POINT ( 'NONE',  ( 36.00000000000001421, 18.00000000000000000, -16.00000000000000000 ) ) ;
#1757 = ORIENTED_EDGE ( 'NONE', *, *, #2109, .T. ) ;
#1758 = ADVANCED_FACE ( 'NONE', ( #2759 ), #2786, .F. ) ;
#1759 = LINE ( 'NONE', #853, #604 ) ;
#1760 = DIRECTION ( 'NONE',  ( -0.000000000000000000, -0.000000000000000000, 1.000000000000000000 ) ) ;
#1761 = CARTESIAN_POINT ( 'NONE',  ( 50.00000000000000000, -25.00000000000000000, 34.00000000000000000 ) ) ;
#1762 = EDGE_LOOP ( 'NONE', ( #1316, #62, #2896, #22 ) ) ;
#1763 = ORIENTED_EDGE ( 'NONE', *, *, #2779, .F. ) ;
#1764 = CARTESIAN_POINT ( 'NONE',  ( 27.20000000000004192, 25.00000000000000000, -10.96000000000003460 ) ) ;
#1765 = CARTESIAN_POINT ( 'NONE',  ( -40.00000000000000000, -30.00000000000000355, -30.00000000000000000 ) ) ;
#1766 = EDGE_LOOP ( 'NONE', ( #2402, #2078, #2962, #641 ) ) ;
#1767 = CARTESIAN_POINT ( 'NONE',  ( -43.99999999999911893, -25.00000000000000000, 16.00000000000000711 ) ) ;
#1768 = CARTESIAN_POINT ( 'NONE',  ( -23.60999999999997101, 30.00000000000000355, -26.39500000000002800 ) ) ;
#1769 = ORIENTED_EDGE ( 'NONE', *, *, #270, .F. ) ;
#1770 = VECTOR ( 'NONE', #899, 1000.000000000000000 ) ;
#1771 = DIRECTION ( 'NONE',  ( -0.000000000000000000, 1.000000000000000000, -0.000000000000000000 ) ) ;
#1772 = VECTOR ( 'NONE', #2476, 1000.000000000000000 ) ;
#1773 = FACE_OUTER_BOUND ( 'NONE', #2537, .T. ) ;
#1774 = CARTESIAN_POINT ( 'NONE',  ( 43.99999999999911893, -50.00000000000000000, 16.00000000000000711 ) ) ;
#1775 = EDGE_LOOP ( 'NONE', ( #1673, #872 ) ) ;
#1776 = EDGE_CURVE ( 'NONE', #378, #2496, #1402, .T. ) ;
#1777 = ADVANCED_FACE ( 'NONE', ( #955, #1892, #2596, #1266, #562 ), #2440, .F. ) ;
#1778 = FACE_OUTER_BOUND ( 'NONE', #1335, .T. ) ;
#1779 = DIRECTION ( 'NONE',  ( 0.000000000000000000, 0.000000000000000000, -1.000000000000000000 ) ) ;
#1780 = VECTOR ( 'NONE', #2671, 1000.000000000000000 ) ;
#1781 = ORIENTED_EDGE ( 'NONE', *, *, #2063, .F. ) ;
#1782 = DIRECTION ( 'NONE',  ( -0.000000000000000000, 1.000000000000000000, -0.000000000000000000 ) ) ;
#1783 = AXIS2_PLACEMENT_3D ( 'NONE', #1240, #2897, #65 ) ;
#1784 = DIRECTION ( 'NONE',  ( 0.000000000000000000, 0.000000000000000000, 1.000000000000000000 ) ) ;
#1785 = VERTEX_POINT ( 'NONE', #1679 ) ;
#1786 = LINE ( 'NONE', #2107, #694 ) ;
#1787 = FACE_OUTER_BOUND ( 'NONE', #989, .T. ) ;
#1788 = CYLINDRICAL_SURFACE ( 'NONE', #2451, 1.600000000000000755 ) ;
#1789 = ORIENTED_EDGE ( 'NONE', *, *, #1024, .F. ) ;
#1790 = DIRECTION ( 'NONE',  ( -1.156482317317871478E-16, -0.000000000000000000, 1.000000000000000000 ) ) ;
#1791 = EDGE_CURVE ( 'NONE', #423, #1195, #2381, .T. ) ;
#1792 = CARTESIAN_POINT ( 'NONE',  ( 43.99999999999911893, -25.00000000000000000, 16.00000000000000711 ) ) ;
#1793 = EDGE_LOOP ( 'NONE', ( #1231, #325, #1557, #2502 ) ) ;
#1794 = EDGE_CURVE ( 'NONE', #239, #1204, #607, .T. ) ;
#1795 = DIRECTION ( 'NONE',  ( 0.000000000000000000, 0.000000000000000000, -1.000000000000000000 ) ) ;
#1796 = CARTESIAN_POINT ( 'NONE',  ( -43.99999999999941735, -25.00000000000000000, 5.700000000000002842 ) ) ;
#1797 = AXIS2_PLACEMENT_3D ( 'NONE', #617, #2480, #393 ) ;
#1798 = CARTESIAN_POINT ( 'NONE',  ( 27.20000000000004192, 30.00000000000000355, 18.74999999999996803 ) ) ;
#1799 = ORIENTED_EDGE ( 'NONE', *, *, #1234, .T. ) ;
#1800 = DIRECTION ( 'NONE',  ( -1.000000000000000000, -0.000000000000000000, -0.000000000000000000 ) ) ;
#1801 = VECTOR ( 'NONE', #1374, 1000.000000000000000 ) ;
#1802 = DIRECTION ( 'NONE',  ( 0.000000000000000000, 0.000000000000000000, 1.000000000000000000 ) ) ;
#1803 = PLANE ( 'NONE',  #2842 ) ;
#1804 = VERTEX_POINT ( 'NONE', #1032 ) ;
#1805 = DIRECTION ( 'NONE',  ( 0.000000000000000000, 0.000000000000000000, 1.000000000000000000 ) ) ;
#1806 = EDGE_CURVE ( 'NONE', #170, #1218, #60, .T. ) ;
#1807 = CARTESIAN_POINT ( 'NONE',  ( -36.00000000000000711, 30.00000000000000355, 26.00000000000000000 ) ) ;
#1808 = ORIENTED_EDGE ( 'NONE', *, *, #1322, .T. ) ;
#1809 = ORIENTED_EDGE ( 'NONE', *, *, #1521, .F. ) ;
#1810 = PLANE ( 'NONE',  #2615 ) ;
#1811 = EDGE_CURVE ( 'NONE', #690, #2142, #2149, .T. ) ;
#1812 = ADVANCED_FACE ( 'NONE', ( #2861 ), #2641, .F. ) ;
#1813 = CARTESIAN_POINT ( 'NONE',  ( -30.00000000000000000, -4.000000000000000000, 30.00000000000000000 ) ) ;
#1814 = VERTEX_POINT ( 'NONE', #2411 ) ;
#1815 = CIRCLE ( 'NONE', #407, 1.750000000000001554 ) ;
#1816 = AXIS2_PLACEMENT_3D ( 'NONE', #711, #1643, #1691 ) ;
#1817 = CYLINDRICAL_SURFACE ( 'NONE', #2727, 2.000000000000001776 ) ;
#1818 = DIRECTION ( 'NONE',  ( 0.000000000000000000, -1.000000000000000000, 0.000000000000000000 ) ) ;
#1819 = ORIENTED_EDGE ( 'NONE', *, *, #2109, .F. ) ;
#1820 = LINE ( 'NONE', #2959, #2872 ) ;
#1821 = DIRECTION ( 'NONE',  ( -1.000000000000000000, 0.000000000000000000, 0.000000000000000000 ) ) ;
#1822 = ORIENTED_EDGE ( 'NONE', *, *, #931, .F. ) ;
#1823 = ORIENTED_EDGE ( 'NONE', *, *, #1494, .T. ) ;
#1824 = DIRECTION ( 'NONE',  ( 0.000000000000000000, -0.000000000000000000, -1.000000000000000000 ) ) ;
#1825 = AXIS2_PLACEMENT_3D ( 'NONE', #2625, #1280, #1452 ) ;
#1826 = EDGE_CURVE ( 'NONE', #2952, #1969, #91, .T. ) ;
#1827 = AXIS2_PLACEMENT_3D ( 'NONE', #1327, #1800, #611 ) ;
#1828 = LINE ( 'NONE', #2755, #2708 ) ;
#1829 = VERTEX_POINT ( 'NONE', #2426 ) ;
#1830 = AXIS2_PLACEMENT_3D ( 'NONE', #2545, #176, #2079 ) ;
#1831 = EDGE_CURVE ( 'NONE', #371, #315, #2989, .T. ) ;
#1832 = DIRECTION ( 'NONE',  ( 0.000000000000000000, 1.000000000000000000, -0.000000000000000000 ) ) ;
#1833 = DIRECTION ( 'NONE',  ( 0.000000000000000000, 0.000000000000000000, 1.000000000000000000 ) ) ;
#1834 = ORIENTED_EDGE ( 'NONE', *, *, #1194, .F. ) ;
#1835 = CARTESIAN_POINT ( 'NONE',  ( 59.99999999999999289, 18.00000000000000711, -1.000000000000000888 ) ) ;
#1836 = LINE ( 'NONE', #1115, #2287 ) ;
#1837 = LINE ( 'NONE', #2764, #2112 ) ;
#1838 = EDGE_LOOP ( 'NONE', ( #2917, #2166, #160, #833 ) ) ;
#1839 = ORIENTED_EDGE ( 'NONE', *, *, #2980, .T. ) ;
#1840 = CARTESIAN_POINT ( 'NONE',  ( -40.00000000000000000, 9.499999999999964473, 17.38569709374496242 ) ) ;
#1841 = ORIENTED_EDGE ( 'NONE', *, *, #2743, .T. ) ;
#1842 = EDGE_CURVE ( 'NONE', #874, #376, #1490, .T. ) ;
#1843 = ORIENTED_EDGE ( 'NONE', *, *, #1042, .F. ) ;
#1844 = CARTESIAN_POINT ( 'NONE',  ( 40.00000000000000000, -25.00000000000000000, 34.00000000000000000 ) ) ;
#1845 = LINE ( 'NONE', #1636, #2883 ) ;
#1846 = ORIENTED_EDGE ( 'NONE', *, *, #1866, .T. ) ;
#1847 = CARTESIAN_POINT ( 'NONE',  ( 59.99999999999999289, 18.00000000000000711, 0.6000000000000003109 ) ) ;
#1848 = EDGE_CURVE ( 'NONE', #1148, #737, #228, .T. ) ;
#1849 = DIRECTION ( 'NONE',  ( 0.000000000000000000, 0.000000000000000000, 1.000000000000000000 ) ) ;
#1850 = CARTESIAN_POINT ( 'NONE',  ( -40.00000000000000000, -14.50000000000000178, 17.38569709374495886 ) ) ;
#1851 = ORIENTED_EDGE ( 'NONE', *, *, #1927, .F. ) ;
#1852 = ORIENTED_EDGE ( 'NONE', *, *, #2998, .F. ) ;
#1853 = LINE ( 'NONE', #2391, #1279 ) ;
#1854 = VERTEX_POINT ( 'NONE', #2196 ) ;
#1855 = CYLINDRICAL_SURFACE ( 'NONE', #700, 1.600000000000002531 ) ;
#1856 = ORIENTED_EDGE ( 'NONE', *, *, #133, .T. ) ;
#1857 = VECTOR ( 'NONE', #1790, 1000.000000000000000 ) ;
#1858 = DIRECTION ( 'NONE',  ( -0.000000000000000000, 1.000000000000000000, -0.000000000000000000 ) ) ;
#1859 = DIRECTION ( 'NONE',  ( 0.000000000000000000, -1.000000000000000000, 0.000000000000000000 ) ) ;
#1860 = VERTEX_POINT ( 'NONE', #2832 ) ;
#1861 = VECTOR ( 'NONE', #960, 1000.000000000000000 ) ;
#1862 = DIRECTION ( 'NONE',  ( -0.000000000000000000, 1.000000000000000000, -0.000000000000000000 ) ) ;
#1863 = CARTESIAN_POINT ( 'NONE',  ( 40.00000000000000000, 30.00000000000000355, -30.00000000000000000 ) ) ;
#1864 = DIRECTION ( 'NONE',  ( 0.000000000000000000, 1.000000000000000000, 0.000000000000000000 ) ) ;
#1865 = ORIENTED_EDGE ( 'NONE', *, *, #2543, .T. ) ;
#1866 = EDGE_CURVE ( 'NONE', #570, #1785, #521, .T. ) ;
#1867 = ADVANCED_FACE ( 'NONE', ( #298 ), #971, .F. ) ;
#1868 = ORIENTED_EDGE ( 'NONE', *, *, #2447, .F. ) ;
#1869 = CARTESIAN_POINT ( 'NONE',  ( 27.20000000000004192, 30.00000000000000355, 15.24999999999996447 ) ) ;
#1870 = AXIS2_PLACEMENT_3D ( 'NONE', #258, #707, #47 ) ;
#1871 = ADVANCED_FACE ( 'NONE', ( #2848 ), #761, .F. ) ;
#1872 = EDGE_LOOP ( 'NONE', ( #362, #2039, #1212, #338 ) ) ;
#1873 = CARTESIAN_POINT ( 'NONE',  ( 43.99999999999941735, -25.00000000000000000, 4.000000000000003553 ) ) ;
#1874 = VECTOR ( 'NONE', #2430, 1000.000000000000000 ) ;
#1875 = LINE ( 'NONE', #2099, #2509 ) ;
#1876 = CARTESIAN_POINT ( 'NONE',  ( -36.00000000000000711, -9.000000000000000000, 20.88569709374496242 ) ) ;
#1877 = EDGE_LOOP ( 'NONE', ( #2970, #28, #1917, #2448, #1252, #1822, #1819, #2061, #1620, #1809, #405 ) ) ;
#1878 = CARTESIAN_POINT ( 'NONE',  ( 43.99999999999882760, -30.00000000000000355, 28.00000000000000355 ) ) ;
#1879 = DIRECTION ( 'NONE',  ( -0.000000000000000000, 1.000000000000000000, -0.000000000000000000 ) ) ;
#1880 = FACE_OUTER_BOUND ( 'NONE', #708, .T. ) ;
#1881 = ORIENTED_EDGE ( 'NONE', *, *, #2415, .F. ) ;
#1882 = ORIENTED_EDGE ( 'NONE', *, *, #2353, .F. ) ;
#1883 = PRODUCT_RELATED_PRODUCT_CATEGORY ( 'part', '', ( #2015 ) ) ;
#1884 = LINE ( 'NONE', #37, #645 ) ;
#1885 = VERTEX_POINT ( 'NONE', #1000 ) ;
#1886 = EDGE_LOOP ( 'NONE', ( #2258, #808, #2388, #2582, #698, #2936, #1176, #515, #2233 ) ) ;
#1887 = EDGE_CURVE ( 'NONE', #2850, #677, #120, .T. ) ;
#1888 = AXIS2_PLACEMENT_3D ( 'NONE', #1011, #832, #1934 ) ;
#1889 = DIRECTION ( 'NONE',  ( 1.156482317317871478E-16, 0.000000000000000000, -1.000000000000000000 ) ) ;
#1890 = ORIENTED_EDGE ( 'NONE', *, *, #2299, .T. ) ;
#1891 = VECTOR ( 'NONE', #2423, 1000.000000000000000 ) ;
#1892 = FACE_BOUND ( 'NONE', #1303, .T. ) ;
#1893 = PLANE ( 'NONE',  #2481 ) ;
#1894 = VERTEX_POINT ( 'NONE', #1968 ) ;
#1895 = DIRECTION ( 'NONE',  ( 1.000000000000000000, 0.000000000000000000, 0.000000000000000000 ) ) ;
#1896 = DIRECTION ( 'NONE',  ( 0.000000000000000000, 0.000000000000000000, 1.000000000000000000 ) ) ;
#1897 = CARTESIAN_POINT ( 'NONE',  ( 44.00000000000000711, -30.00000000000000355, -21.69999999999999574 ) ) ;
#1898 = EDGE_LOOP ( 'NONE', ( #2533, #754 ) ) ;
#1899 = EDGE_LOOP ( 'NONE', ( #2856, #39 ) ) ;
#1900 = LINE ( 'NONE', #499, #2498 ) ;
#1901 = ORIENTED_EDGE ( 'NONE', *, *, #2025, .T. ) ;
#1902 = ORIENTED_EDGE ( 'NONE', *, *, #2796, .T. ) ;
#1903 = FACE_OUTER_BOUND ( 'NONE', #335, .T. ) ;
#1904 = EDGE_CURVE ( 'NONE', #1204, #2452, #2894, .T. ) ;
#1905 = EDGE_CURVE ( 'NONE', #703, #2462, #577, .T. ) ;
#1906 = DIRECTION ( 'NONE',  ( 0.000000000000000000, 1.000000000000000000, 0.000000000000000000 ) ) ;
#1907 = LINE ( 'NONE', #745, #1261 ) ;
#1908 = VERTEX_POINT ( 'NONE', #2270 ) ;
#1909 = LINE ( 'NONE', #2135, #2938 ) ;
#1910 = CARTESIAN_POINT ( 'NONE',  ( -36.00000000000000711, 6.000000000000000000, 19.28569709374496099 ) ) ;
#1911 = DIRECTION ( 'NONE',  ( -1.239088197126291063E-16, -0.000000000000000000, -1.000000000000000000 ) ) ;
#1912 = CYLINDRICAL_SURFACE ( 'NONE', #2699, 1.750000000000001554 ) ;
#1913 = EDGE_LOOP ( 'NONE', ( #2368, #2664 ) ) ;
#1914 = ORIENTED_EDGE ( 'NONE', *, *, #1425, .F. ) ;
#1915 = AXIS2_PLACEMENT_3D ( 'NONE', #1774, #2705, #1972 ) ;
#1916 = DIRECTION ( 'NONE',  ( -1.239088197126291063E-16, 0.000000000000000000, 1.000000000000000000 ) ) ;
#1917 = ORIENTED_EDGE ( 'NONE', *, *, #1425, .T. ) ;
#1918 = ORIENTED_EDGE ( 'NONE', *, *, #133, .F. ) ;
#1919 = AXIS2_PLACEMENT_3D ( 'NONE', #2337, #1895, #1653 ) ;
#1920 = VECTOR ( 'NONE', #436, 1000.000000000000000 ) ;
#1921 = DIRECTION ( 'NONE',  ( -0.000000000000000000, 1.000000000000000000, -0.000000000000000000 ) ) ;
#1922 = ADVANCED_FACE ( 'NONE', ( #2007, #2212, #637 ), #2940, .F. ) ;
#1923 = CARTESIAN_POINT ( 'NONE',  ( -40.00000000000000000, 30.00000000000000355, 30.00000000000000000 ) ) ;
#1924 = DIRECTION ( 'NONE',  ( -0.000000000000000000, 0.000000000000000000, 1.000000000000000000 ) ) ;
#1925 = ORIENTED_EDGE ( 'NONE', *, *, #2354, .F. ) ;
#1926 = CIRCLE ( 'NONE', #1440, 1.749999999999999778 ) ;
#1927 = EDGE_CURVE ( 'NONE', #1534, #175, #2943, .T. ) ;
#1928 = CARTESIAN_POINT ( 'NONE',  ( 43.99999999999911893, -50.00000000000000000, 17.70000000000000639 ) ) ;
#1929 = CARTESIAN_POINT ( 'NONE',  ( 36.00000000000001421, 18.00000000000000711, -1.000000000000000888 ) ) ;
#1930 = CARTESIAN_POINT ( 'NONE',  ( 79.99999999999998579, 6.000000000000000000, 22.48569709374496384 ) ) ;
#1931 = ORIENTED_EDGE ( 'NONE', *, *, #2890, .T. ) ;
#1932 = AXIS2_PLACEMENT_3D ( 'NONE', #1813, #2243, #2713 ) ;
#1933 = LINE ( 'NONE', #1960, #835 ) ;
#1934 = DIRECTION ( 'NONE',  ( 0.000000000000000000, 0.000000000000000000, -1.000000000000000000 ) ) ;
#1935 = EDGE_LOOP ( 'NONE', ( #260, #1641, #1223, #1508 ) ) ;
#1936 = DIRECTION ( 'NONE',  ( -1.000000000000000000, -0.000000000000000000, -0.000000000000000000 ) ) ;
#1937 = EDGE_CURVE ( 'NONE', #19, #147, #755, .T. ) ;
#1938 = CARTESIAN_POINT ( 'NONE',  ( -43.99999999999970868, -50.00000000000000000, -9.699999999999997513 ) ) ;
#1939 = LINE ( 'NONE', #1222, #864 ) ;
#1940 = ORIENTED_EDGE ( 'NONE', *, *, #2757, .F. ) ;
#1941 = LINE ( 'NONE', #1928, #420 ) ;
#1942 = DIRECTION ( 'NONE',  ( -1.156482317317871478E-16, 0.000000000000000000, 1.000000000000000000 ) ) ;
#1943 = CARTESIAN_POINT ( 'NONE',  ( -23.60999999999997101, 25.00000000000000000, -26.39500000000002800 ) ) ;
#1944 = ORIENTED_EDGE ( 'NONE', *, *, #2728, .F. ) ;
#1945 = EDGE_CURVE ( 'NONE', #2360, #2738, #1139, .T. ) ;
#1946 = EDGE_LOOP ( 'NONE', ( #614, #2507, #2347, #2008 ) ) ;
#1947 = DIRECTION ( 'NONE',  ( -0.000000000000000000, 0.000000000000000000, 1.000000000000000000 ) ) ;
#1948 = AXIS2_PLACEMENT_3D ( 'NONE', #1792, #188, #1779 ) ;
#1949 = VERTEX_POINT ( 'NONE', #1796 ) ;
#1950 = VECTOR ( 'NONE', #2630, 1000.000000000000000 ) ;
#1951 = VECTOR ( 'NONE', #2030, 1000.000000000000000 ) ;
#1952 = DIRECTION ( 'NONE',  ( 0.000000000000000000, 1.000000000000000000, 0.000000000000000000 ) ) ;
#1953 = CARTESIAN_POINT ( 'NONE',  ( 40.00000000000000000, 13.44284854687257535, 13.44284854687239061 ) ) ;
#1954 = DIRECTION ( 'NONE',  ( 0.000000000000000000, 1.000000000000000000, 0.000000000000000000 ) ) ;
#1955 = ORIENTED_EDGE ( 'NONE', *, *, #1217, .F. ) ;
#1956 = CYLINDRICAL_SURFACE ( 'NONE', #138, 1.749999999999999778 ) ;
#1957 = LINE ( 'NONE', #567, #2633 ) ;
#1958 = CARTESIAN_POINT ( 'NONE',  ( -40.00000000000000000, -14.50000000000000178, -30.00000000000000355 ) ) ;
#1959 = ORIENTED_EDGE ( 'NONE', *, *, #149, .T. ) ;
#1960 = CARTESIAN_POINT ( 'NONE',  ( -40.00000000000000000, 30.00000000000000355, 30.00000000000000000 ) ) ;
#1961 = ADVANCED_FACE ( 'NONE', ( #608, #2501, #191, #879, #150, #1339, #2969, #413, #1309, #1106, #1526 ), #1062, .T. ) ;
#1962 = EDGE_CURVE ( 'NONE', #2378, #1107, #651, .T. ) ;
#1963 = CYLINDRICAL_SURFACE ( 'NONE', #2922, 1.700000000000000178 ) ;
#1964 = CIRCLE ( 'NONE', #2599, 1.750000000000001554 ) ;
#1965 = ORIENTED_EDGE ( 'NONE', *, *, #1396, .F. ) ;
#1966 = EDGE_CURVE ( 'NONE', #2701, #860, #621, .T. ) ;
#1967 = CARTESIAN_POINT ( 'NONE',  ( -40.00000000000000000, 14.49999999999999645, 17.38569709374496242 ) ) ;
#1968 = CARTESIAN_POINT ( 'NONE',  ( -40.00000000000000000, -9.000000000000000000, 19.28569709374496099 ) ) ;
#1969 = VERTEX_POINT ( 'NONE', #2487 ) ;
#1970 = DIRECTION ( 'NONE',  ( -1.000000000000000000, 0.000000000000000000, 0.000000000000000000 ) ) ;
#1971 = DIRECTION ( 'NONE',  ( 0.000000000000000000, 0.000000000000000000, 1.000000000000000000 ) ) ;
#1972 = DIRECTION ( 'NONE',  ( 0.000000000000000000, 0.000000000000000000, 1.000000000000000000 ) ) ;
#1973 = ORIENTED_EDGE ( 'NONE', *, *, #2485, .T. ) ;
#1974 = CARTESIAN_POINT ( 'NONE',  ( -27.99999999999999645, -4.000000000000000000, 19.99999999999999645 ) ) ;
#1975 = CARTESIAN_POINT ( 'NONE',  ( 40.00000000000000000, -30.00000000000000355, 34.00000000000000000 ) ) ;
#1976 = VERTEX_POINT ( 'NONE', #2023 ) ;
#1977 = EDGE_CURVE ( 'NONE', #1195, #1409, #1689, .T. ) ;
#1978 = CARTESIAN_POINT ( 'NONE',  ( -40.00000000000000000, 30.00000000000000355, 30.00000000000000000 ) ) ;
#1979 = EDGE_CURVE ( 'NONE', #1668, #1854, #2471, .T. ) ;
#1980 = DIRECTION ( 'NONE',  ( -1.000000000000000000, -0.000000000000000000, -0.000000000000000000 ) ) ;
#1981 = EDGE_LOOP ( 'NONE', ( #2081, #2001, #483, #2202 ) ) ;
#1982 = AXIS2_PLACEMENT_3D ( 'NONE', #2174, #2873, #1056 ) ;
#1983 =( NAMED_UNIT ( * ) PLANE_ANGLE_UNIT ( ) SI_UNIT ( $, .RADIAN. ) );
#1984 = DIRECTION ( 'NONE',  ( 0.000000000000000000, -1.000000000000000000, 0.000000000000000000 ) ) ;
#1985 = DIRECTION ( 'NONE',  ( -0.000000000000000000, 1.000000000000000000, -0.000000000000000000 ) ) ;
#1986 = VERTEX_POINT ( 'NONE', #178 ) ;
#1987 = EDGE_LOOP ( 'NONE', ( #13, #1492, #1138, #98 ) ) ;
#1988 = LINE ( 'NONE', #586, #2688 ) ;
#1989 = DIRECTION ( 'NONE',  ( -0.000000000000000000, 1.000000000000000000, -0.000000000000000000 ) ) ;
#1990 = ORIENTED_EDGE ( 'NONE', *, *, #2354, .T. ) ;
#1991 = FACE_OUTER_BOUND ( 'NONE', #1987, .T. ) ;
#1992 = AXIS2_PLACEMENT_3D ( 'NONE', #2524, #46, #2310 ) ;
#1993 = EDGE_CURVE ( 'NONE', #2520, #543, #998, .T. ) ;
#1994 = ADVANCED_FACE ( 'NONE', ( #822 ), #862, .F. ) ;
#1995 = DIRECTION ( 'NONE',  ( 0.000000000000000000, 1.000000000000000000, 0.000000000000000000 ) ) ;
#1996 = ORIENTED_EDGE ( 'NONE', *, *, #948, .F. ) ;
#1997 = CARTESIAN_POINT ( 'NONE',  ( -40.00000000000000000, -14.50000000000000178, 17.38569709374495886 ) ) ;
#1998 = DIRECTION ( 'NONE',  ( 1.000000000000000000, 0.000000000000000000, 0.000000000000000000 ) ) ;
#1999 = LINE ( 'NONE', #389, #1772 ) ;
#2000 = ORIENTED_EDGE ( 'NONE', *, *, #1649, .T. ) ;
#2001 = ORIENTED_EDGE ( 'NONE', *, *, #2813, .F. ) ;
#2002 = CARTESIAN_POINT ( 'NONE',  ( 36.00000000000001421, -30.00000000000000355, -30.00000000000000000 ) ) ;
#2003 = CARTESIAN_POINT ( 'NONE',  ( 44.00000000000000711, -25.00000000000000000, -21.69999999999999574 ) ) ;
#2004 = ORIENTED_EDGE ( 'NONE', *, *, #89, .F. ) ;
#2005 = DIRECTION ( 'NONE',  ( 1.239088197126291063E-16, 0.000000000000000000, 1.000000000000000000 ) ) ;
#2006 = VECTOR ( 'NONE', #1487, 1000.000000000000000 ) ;
#2007 = FACE_BOUND ( 'NONE', #1037, .T. ) ;
#2008 = ORIENTED_EDGE ( 'NONE', *, *, #398, .F. ) ;
#2009 = EDGE_CURVE ( 'NONE', #2142, #2127, #590, .T. ) ;
#2010 = CIRCLE ( 'NONE', #1236, 1.700000000000000178 ) ;
#2011 = CARTESIAN_POINT ( 'NONE',  ( 27.20000000000004192, 25.00000000000000000, 16.99999999999996803 ) ) ;
#2012 = CIRCLE ( 'NONE', #2261, 1.750000000000001554 ) ;
#2013 = CARTESIAN_POINT ( 'NONE',  ( 32.00000000000000000, 4.000000000000000888, 19.99999999999999645 ) ) ;
#2014 = FACE_OUTER_BOUND ( 'NONE', #1211, .T. ) ;
#2015 = PRODUCT ( 'esp32_dc', 'esp32_dc', '', ( #2472 ) ) ;
#2016 = EDGE_LOOP ( 'NONE', ( #2750, #981 ) ) ;
#2017 = CARTESIAN_POINT ( 'NONE',  ( 32.00000000000000000, -4.000000000000000888, 19.99999999999999645 ) ) ;
#2018 = ADVANCED_FACE ( 'NONE', ( #426 ), #136, .F. ) ;
#2019 = FACE_OUTER_BOUND ( 'NONE', #1340, .T. ) ;
#2020 = VECTOR ( 'NONE', #2656, 1000.000000000000114 ) ;
#2021 = ORIENTED_EDGE ( 'NONE', *, *, #2103, .T. ) ;
#2022 = CARTESIAN_POINT ( 'NONE',  ( 43.99999999999882760, -50.00000000000000000, 26.30000000000000426 ) ) ;
#2023 = CARTESIAN_POINT ( 'NONE',  ( -32.00000000000000000, 4.000000000000000888, 26.00000000000000000 ) ) ;
#2024 = ORIENTED_EDGE ( 'NONE', *, *, #2276, .F. ) ;
#2025 = EDGE_CURVE ( 'NONE', #254, #1058, #1600, .T. ) ;
#2026 = DIRECTION ( 'NONE',  ( 0.000000000000000000, 0.000000000000000000, 1.000000000000000000 ) ) ;
#2027 = CARTESIAN_POINT ( 'NONE',  ( 36.00000000000001421, 6.000000000000000000, 20.88569709374496242 ) ) ;
#2028 = CARTESIAN_POINT ( 'NONE',  ( -43.99999999999911893, -50.00000000000000000, 16.00000000000000711 ) ) ;
#2029 = VERTEX_POINT ( 'NONE', #206 ) ;
#2030 = DIRECTION ( 'NONE',  ( -0.000000000000000000, 1.000000000000000000, -0.000000000000000000 ) ) ;
#2031 = LINE ( 'NONE', #2279, #2532 ) ;
#2032 = EDGE_CURVE ( 'NONE', #452, #1436, #2115, .T. ) ;
#2033 = EDGE_CURVE ( 'NONE', #777, #2859, #1828, .T. ) ;
#2034 = VECTOR ( 'NONE', #2575, 1000.000000000000000 ) ;
#2035 = EDGE_LOOP ( 'NONE', ( #132, #1843, #207, #947 ) ) ;
#2036 = FACE_BOUND ( 'NONE', #2313, .T. ) ;
#2037 = DIRECTION ( 'NONE',  ( 0.000000000000000000, 1.000000000000000000, 0.000000000000000000 ) ) ;
#2038 = AXIS2_PLACEMENT_3D ( 'NONE', #257, #2137, #2323 ) ;
#2039 = ORIENTED_EDGE ( 'NONE', *, *, #487, .T. ) ;
#2040 = AXIS2_PLACEMENT_3D ( 'NONE', #2931, #1329, #655 ) ;
#2041 = CARTESIAN_POINT ( 'NONE',  ( -32.00000000000000000, 4.000000000000000888, 19.99999999999999645 ) ) ;
#2042 = CARTESIAN_POINT ( 'NONE',  ( 79.99999999999998579, -9.000000000000000000, 22.48569709374496384 ) ) ;
#2043 = VERTEX_POINT ( 'NONE', #2052 ) ;
#2044 = CARTESIAN_POINT ( 'NONE',  ( 59.99999999999999289, 18.00000000000000711, 0.6000000000000003109 ) ) ;
#2045 = CARTESIAN_POINT ( 'NONE',  ( -40.00000000000000000, -9.000000000000000000, 20.88569709374496242 ) ) ;
#2046 = ORIENTED_EDGE ( 'NONE', *, *, #1966, .F. ) ;
#2047 = ORIENTED_EDGE ( 'NONE', *, *, #202, .F. ) ;
#2048 = EDGE_CURVE ( 'NONE', #376, #2574, #764, .T. ) ;
#2049 = EDGE_CURVE ( 'NONE', #677, #262, #1005, .T. ) ;
#2050 = CARTESIAN_POINT ( 'NONE',  ( 79.99999999999998579, -9.000000000000000000, 20.88569709374496242 ) ) ;
#2051 = ADVANCED_FACE ( 'NONE', ( #2136 ), #795, .T. ) ;
#2052 = CARTESIAN_POINT ( 'NONE',  ( 36.00000000000001421, -30.00000000000000355, 26.00000000000000000 ) ) ;
#2053 = ORIENTED_EDGE ( 'NONE', *, *, #966, .T. ) ;
#2054 = AXIS2_PLACEMENT_3D ( 'NONE', #670, #492, #940 ) ;
#2055 = CARTESIAN_POINT ( 'NONE',  ( -50.00000000000000000, -25.00000000000000000, 34.00000000000000000 ) ) ;
#2056 = DIRECTION ( 'NONE',  ( -1.000000000000000000, 0.000000000000000000, 0.000000000000000000 ) ) ;
#2057 = ORIENTED_EDGE ( 'NONE', *, *, #1586, .T. ) ;
#2058 = CARTESIAN_POINT ( 'NONE',  ( -27.99999999999999645, 4.000000000000000000, 30.00000000000000000 ) ) ;
#2059 = DIRECTION ( 'NONE',  ( -0.000000000000000000, -1.000000000000000000, -0.000000000000000000 ) ) ;
#2060 = CARTESIAN_POINT ( 'NONE',  ( -40.00000000000000000, -14.50000000000000178, -30.00000000000000355 ) ) ;
#2061 = ORIENTED_EDGE ( 'NONE', *, *, #1887, .T. ) ;
#2062 = ORIENTED_EDGE ( 'NONE', *, *, #788, .F. ) ;
#2063 = EDGE_CURVE ( 'NONE', #2859, #626, #566, .T. ) ;
#2064 = DIRECTION ( 'NONE',  ( -1.000000000000000000, -0.000000000000000000, -0.000000000000000000 ) ) ;
#2065 = AXIS2_PLACEMENT_3D ( 'NONE', #2564, #2580, #267 ) ;
#2066 = EDGE_LOOP ( 'NONE', ( #2566, #965, #2751, #564 ) ) ;
#2067 = VERTEX_POINT ( 'NONE', #122 ) ;
#2068 = EDGE_CURVE ( 'NONE', #922, #2993, #40, .T. ) ;
#2069 = AXIS2_PLACEMENT_3D ( 'NONE', #1149, #2314, #190 ) ;
#2070 = DIRECTION ( 'NONE',  ( -0.000000000000000000, 0.000000000000000000, 1.000000000000000000 ) ) ;
#2071 = CARTESIAN_POINT ( 'NONE',  ( -25.31999999999996831, 25.00000000000000000, 23.74999999999996447 ) ) ;
#2072 = VERTEX_POINT ( 'NONE', #809 ) ;
#2073 = CARTESIAN_POINT ( 'NONE',  ( -36.00000000000001421, 18.00000000000000711, -1.000000000000000888 ) ) ;
#2074 = FACE_OUTER_BOUND ( 'NONE', #2080, .T. ) ;
#2075 = CYLINDRICAL_SURFACE ( 'NONE', #1078, 1.699999999999999289 ) ;
#2076 = ORIENTED_EDGE ( 'NONE', *, *, #130, .T. ) ;
#2077 = PRODUCT_DEFINITION_CONTEXT ( 'detailed design', #1127, 'design' ) ;
#2078 = ORIENTED_EDGE ( 'NONE', *, *, #1383, .T. ) ;
#2079 = DIRECTION ( 'NONE',  ( 0.000000000000000000, 0.000000000000000000, -1.000000000000000000 ) ) ;
#2080 = EDGE_LOOP ( 'NONE', ( #2186, #600, #2204, #1165 ) ) ;
#2081 = ORIENTED_EDGE ( 'NONE', *, *, #806, .F. ) ;
#2082 = SURFACE_STYLE_USAGE ( .BOTH. , #2547 ) ;
#2083 = ORIENTED_EDGE ( 'NONE', *, *, #784, .F. ) ;
#2084 = EDGE_CURVE ( 'NONE', #3001, #868, #1735, .T. ) ;
#2085 = EDGE_CURVE ( 'NONE', #1814, #777, #2660, .T. ) ;
#2086 = CARTESIAN_POINT ( 'NONE',  ( 32.00000000000000000, -40.00000000000000711, 26.00000000000000000 ) ) ;
#2087 = CARTESIAN_POINT ( 'NONE',  ( 49.99999999999999289, -25.00000000000000000, -25.99999999999999645 ) ) ;
#2088 = ORIENTED_EDGE ( 'NONE', *, *, #1937, .F. ) ;
#2089 = DIRECTION ( 'NONE',  ( 0.000000000000000000, 0.000000000000000000, -1.000000000000000000 ) ) ;
#2090 = VECTOR ( 'NONE', #45, 1000.000000000000000 ) ;
#2091 = CARTESIAN_POINT ( 'NONE',  ( 36.00000000000001421, 18.00000000000000711, 0.6000000000000003109 ) ) ;
#2092 = DIRECTION ( 'NONE',  ( -0.000000000000000000, -1.000000000000000000, -0.000000000000000000 ) ) ;
#2093 = ORIENTED_EDGE ( 'NONE', *, *, #490, .T. ) ;
#2094 = ORIENTED_EDGE ( 'NONE', *, *, #1887, .F. ) ;
#2095 = CYLINDRICAL_SURFACE ( 'NONE', #2129, 1.600000000000001199 ) ;
#2096 = VERTEX_POINT ( 'NONE', #1455 ) ;
#2097 = ORIENTED_EDGE ( 'NONE', *, *, #2576, .F. ) ;
#2098 = LINE ( 'NONE', #41, #339 ) ;
#2099 = CARTESIAN_POINT ( 'NONE',  ( -36.00000000000000711, 14.49999999999999822, 26.00000000000000000 ) ) ;
#2100 = DIRECTION ( 'NONE',  ( -1.239088197126291063E-16, -0.000000000000000000, -1.000000000000000000 ) ) ;
#2101 = ORIENTED_EDGE ( 'NONE', *, *, #2068, .T. ) ;
#2102 = CIRCLE ( 'NONE', #983, 1.699999999999999289 ) ;
#2103 = EDGE_CURVE ( 'NONE', #1247, #2574, #1143, .T. ) ;
#2104 = CIRCLE ( 'NONE', #1573, 1.700000000000000178 ) ;
#2105 = PLANE ( 'NONE',  #699 ) ;
#2106 = DIRECTION ( 'NONE',  ( 0.000000000000000000, 0.000000000000000000, -1.000000000000000000 ) ) ;
#2107 = CARTESIAN_POINT ( 'NONE',  ( 27.20000000000004192, 20.00000000000000355, 15.24999999999996625 ) ) ;
#2108 = ORIENTED_EDGE ( 'NONE', *, *, #511, .F. ) ;
#2109 = EDGE_CURVE ( 'NONE', #2850, #1423, #2865, .T. ) ;
#2110 = EDGE_LOOP ( 'NONE', ( #902, #2718, #1823, #1055 ) ) ;
#2111 = CARTESIAN_POINT ( 'NONE',  ( 40.00000000000000711, 18.00000000000000711, 0.6000000000000003109 ) ) ;
#2112 = VECTOR ( 'NONE', #676, 1000.000000000000000 ) ;
#2113 = ORIENTED_EDGE ( 'NONE', *, *, #1848, .T. ) ;
#2114 = DIRECTION ( 'NONE',  ( -1.156482317317871478E-16, 0.000000000000000000, -1.000000000000000000 ) ) ;
#2115 = CIRCLE ( 'NONE', #946, 1.600000000000000755 ) ;
#2116 = DIRECTION ( 'NONE',  ( 0.000000000000000000, 0.000000000000000000, 1.000000000000000000 ) ) ;
#2117 = FACE_OUTER_BOUND ( 'NONE', #647, .T. ) ;
#2118 = ORIENTED_EDGE ( 'NONE', *, *, #1962, .F. ) ;
#2119 = CARTESIAN_POINT ( 'NONE',  ( 59.99999999999999289, 18.00000000000000000, -17.60000000000000142 ) ) ;
#2120 = DIRECTION ( 'NONE',  ( 0.000000000000000000, 0.000000000000000000, 1.000000000000000000 ) ) ;
#2121 = LINE ( 'NONE', #17, #1861 ) ;
#2122 = ORIENTED_EDGE ( 'NONE', *, *, #2282, .F. ) ;
#2123 = ORIENTED_EDGE ( 'NONE', *, *, #1831, .T. ) ;
#2124 = EDGE_CURVE ( 'NONE', #1058, #685, #1034, .T. ) ;
#2125 = ADVANCED_FACE ( 'NONE', ( #975 ), #750, .T. ) ;
#2126 = CARTESIAN_POINT ( 'NONE',  ( 21.00000000000000355, 30.00000000000000355, -30.00000000000000000 ) ) ;
#2127 = VERTEX_POINT ( 'NONE', #2837 ) ;
#2128 = ORIENTED_EDGE ( 'NONE', *, *, #35, .F. ) ;
#2129 = AXIS2_PLACEMENT_3D ( 'NONE', #278, #815, #996 ) ;
#2130 = DIRECTION ( 'NONE',  ( 0.000000000000000000, 0.000000000000000000, 1.000000000000000000 ) ) ;
#2131 = CIRCLE ( 'NONE', #2527, 1.600000000000002531 ) ;
#2132 = LINE ( 'NONE', #1618, #326 ) ;
#2133 = CARTESIAN_POINT ( 'NONE',  ( 43.99999999999882760, -30.00000000000000355, 26.30000000000000426 ) ) ;
#2134 = ORIENTED_EDGE ( 'NONE', *, *, #654, .F. ) ;
#2135 = CARTESIAN_POINT ( 'NONE',  ( -36.00000000000000711, -40.00000000000000711, -30.00000000000000000 ) ) ;
#2136 = FACE_OUTER_BOUND ( 'NONE', #1644, .T. ) ;
#2137 = DIRECTION ( 'NONE',  ( -1.000000000000000000, 0.000000000000000000, 0.000000000000000000 ) ) ;
#2138 = FACE_OUTER_BOUND ( 'NONE', #304, .T. ) ;
#2139 = VERTEX_POINT ( 'NONE', #1910 ) ;
#2140 = VECTOR ( 'NONE', #2990, 1000.000000000000000 ) ;
#2141 = UNCERTAINTY_MEASURE_WITH_UNIT (LENGTH_MEASURE( 1.000000000000000082E-05 ), #1047, 'distance_accuracy_value', 'NONE');
#2142 = VERTEX_POINT ( 'NONE', #79 ) ;
#2143 = AXIS2_PLACEMENT_3D ( 'NONE', #2041, #2262, #2518 ) ;
#2144 = DIRECTION ( 'NONE',  ( -0.000000000000000000, -0.000000000000000000, 1.000000000000000000 ) ) ;
#2145 = VERTEX_POINT ( 'NONE', #990 ) ;
#2146 = EDGE_CURVE ( 'NONE', #678, #4, #1941, .T. ) ;
#2147 = CARTESIAN_POINT ( 'NONE',  ( -44.00000000000000711, -25.00000000000000000, -18.29999999999999716 ) ) ;
#2148 = EDGE_CURVE ( 'NONE', #1404, #1829, #1541, .T. ) ;
#2149 = LINE ( 'NONE', #1923, #849 ) ;
#2150 = AXIS2_PLACEMENT_3D ( 'NONE', #145, #1734, #336 ) ;
#2151 = DIRECTION ( 'NONE',  ( 0.000000000000000000, 1.000000000000000000, 0.000000000000000000 ) ) ;
#2152 = ORIENTED_EDGE ( 'NONE', *, *, #2912, .T. ) ;
#2153 = DIRECTION ( 'NONE',  ( 0.000000000000000000, 0.000000000000000000, -1.000000000000000000 ) ) ;
#2154 = CARTESIAN_POINT ( 'NONE',  ( 0.000000000000000000, -25.00000000000000000, 0.000000000000000000 ) ) ;
#2155 = CARTESIAN_POINT ( 'NONE',  ( 30.00000000000000000, 4.000000000000000000, 30.00000000000000000 ) ) ;
#2156 = ORIENTED_EDGE ( 'NONE', *, *, #2890, .F. ) ;
#2157 = DIRECTION ( 'NONE',  ( 0.000000000000000000, 0.000000000000000000, 1.000000000000000000 ) ) ;
#2158 = CARTESIAN_POINT ( 'NONE',  ( -36.00000000000001421, 18.00000000000000000, -16.00000000000000000 ) ) ;
#2159 = EDGE_LOOP ( 'NONE', ( #757, #1132 ) ) ;
#2160 = AXIS2_PLACEMENT_3D ( 'NONE', #509, #1424, #2089 ) ;
#2161 = AXIS2_PLACEMENT_3D ( 'NONE', #2569, #2340, #2662 ) ;
#2162 = PLANE ( 'NONE',  #2810 ) ;
#2163 = ADVANCED_FACE ( 'NONE', ( #2853 ), #2199, .F. ) ;
#2164 = DIRECTION ( 'NONE',  ( 0.000000000000000000, 0.000000000000000000, 1.000000000000000000 ) ) ;
#2165 = CARTESIAN_POINT ( 'NONE',  ( -36.00000000000000711, 24.99999999999999289, 26.00000000000000000 ) ) ;
#2166 = ORIENTED_EDGE ( 'NONE', *, *, #1460, .F. ) ;
#2167 = AXIS2_PLACEMENT_3D ( 'NONE', #1437, #444, #252 ) ;
#2168 = DIRECTION ( 'NONE',  ( 0.000000000000000000, 0.000000000000000000, 1.000000000000000000 ) ) ;
#2169 = DIRECTION ( 'NONE',  ( 0.000000000000000000, 0.000000000000000000, 1.000000000000000000 ) ) ;
#2170 = CARTESIAN_POINT ( 'NONE',  ( 36.00000000000001421, -14.50000000000000178, 26.00000000000000000 ) ) ;
#2171 = ORIENTED_EDGE ( 'NONE', *, *, #2620, .T. ) ;
#2172 = AXIS2_PLACEMENT_3D ( 'NONE', #1268, #1469, #2674 ) ;
#2173 = DIRECTION ( 'NONE',  ( -1.000000000000000000, 0.000000000000000000, 0.000000000000000000 ) ) ;
#2174 = CARTESIAN_POINT ( 'NONE',  ( 43.99999999999882760, -25.00000000000000000, 28.00000000000000355 ) ) ;
#2175 = VERTEX_POINT ( 'NONE', #95 ) ;
#2176 = CARTESIAN_POINT ( 'NONE',  ( -40.00000000000000000, 14.49999999999999645, 12.38569709374498551 ) ) ;
#2177 = CARTESIAN_POINT ( 'NONE',  ( 43.99999999999941735, -30.00000000000000355, 4.000000000000003553 ) ) ;
#2178 = FACE_BOUND ( 'NONE', #2920, .T. ) ;
#2179 = ORIENTED_EDGE ( 'NONE', *, *, #619, .T. ) ;
#2180 = EDGE_CURVE ( 'NONE', #626, #803, #779, .T. ) ;
#2181 = EDGE_CURVE ( 'NONE', #847, #2297, #1485, .T. ) ;
#2182 = MANIFOLD_SOLID_BREP ( '\X2\52079664\X0\-\X2\62c94f38\X0\10', #1370 ) ;
#2183 = DIRECTION ( 'NONE',  ( -0.000000000000000000, -0.000000000000000000, 1.000000000000000000 ) ) ;
#2184 = DIRECTION ( 'NONE',  ( -1.000000000000000000, -0.000000000000000000, -0.000000000000000000 ) ) ;
#2185 = LINE ( 'NONE', #2170, #1086 ) ;
#2186 = ORIENTED_EDGE ( 'NONE', *, *, #2332, .T. ) ;
#2187 =( GEOMETRIC_REPRESENTATION_CONTEXT ( 3 ) GLOBAL_UNCERTAINTY_ASSIGNED_CONTEXT ( ( #2141 ) ) GLOBAL_UNIT_ASSIGNED_CONTEXT ( ( #1047, #591, #2228 ) ) REPRESENTATION_CONTEXT ( 'NONE', 'WORKASPACE' ) );
#2188 = CARTESIAN_POINT ( 'NONE',  ( 40.00000000000000711, -9.000000000000000000, 20.88569709374496242 ) ) ;
#2189 = ADVANCED_FACE ( 'NONE', ( #865 ), #1956, .F. ) ;
#2190 = CARTESIAN_POINT ( 'NONE',  ( -27.99999999999999645, 4.000000000000000000, 30.00000000000000000 ) ) ;
#2191 = AXIS2_PLACEMENT_3D ( 'NONE', #2539, #1100, #2935 ) ;
#2192 = ORIENTED_EDGE ( 'NONE', *, *, #2655, .T. ) ;
#2193 = AXIS2_PLACEMENT_3D ( 'NONE', #2689, #1531, #2459 ) ;
#2194 = AXIS2_PLACEMENT_3D ( 'NONE', #1835, #477, #285 ) ;
#2195 = CARTESIAN_POINT ( 'NONE',  ( 36.00000000000000000, 25.00000000000000000, 26.00000000000000000 ) ) ;
#2196 = CARTESIAN_POINT ( 'NONE',  ( -39.99999999999999289, -25.00000000000000000, -25.99999999999999645 ) ) ;
#2197 = VERTEX_POINT ( 'NONE', #402 ) ;
#2198 = EDGE_CURVE ( 'NONE', #9, #2139, #2752, .T. ) ;
#2199 = CYLINDRICAL_SURFACE ( 'NONE', #2659, 1.600000000000000755 ) ;
#2200 = DIRECTION ( 'NONE',  ( 0.000000000000000000, -1.000000000000000000, 0.000000000000000000 ) ) ;
#2201 = DIRECTION ( 'NONE',  ( -1.000000000000000000, 0.000000000000000000, 0.000000000000000000 ) ) ;
#2202 = ORIENTED_EDGE ( 'NONE', *, *, #2446, .T. ) ;
#2203 = UNCERTAINTY_MEASURE_WITH_UNIT (LENGTH_MEASURE( 1.000000000000000082E-05 ), #1282, 'distance_accuracy_value', 'NONE');
#2204 = ORIENTED_EDGE ( 'NONE', *, *, #2124, .F. ) ;
#2205 = CARTESIAN_POINT ( 'NONE',  ( -40.00000000000000000, -25.00000000000000000, 34.00000000000000000 ) ) ;
#2206 = DIRECTION ( 'NONE',  ( -1.000000000000000000, -0.000000000000000000, -0.000000000000000000 ) ) ;
#2207 = ADVANCED_FACE ( 'NONE', ( #2942 ), #2715, .F. ) ;
#2208 = CIRCLE ( 'NONE', #2054, 1.600000000000002531 ) ;
#2209 = ORIENTED_EDGE ( 'NONE', *, *, #94, .T. ) ;
#2210 = VECTOR ( 'NONE', #52, 1000.000000000000000 ) ;
#2211 = DIRECTION ( 'NONE',  ( 0.000000000000000000, -1.196361017915039486E-16, 1.000000000000000000 ) ) ;
#2212 = FACE_BOUND ( 'NONE', #1566, .T. ) ;
#2213 = ORIENTED_EDGE ( 'NONE', *, *, #743, .T. ) ;
#2214 = DIRECTION ( 'NONE',  ( 0.000000000000000000, 0.000000000000000000, -1.000000000000000000 ) ) ;
#2215 = VECTOR ( 'NONE', #1832, 1000.000000000000000 ) ;
#2216 = FACE_OUTER_BOUND ( 'NONE', #118, .T. ) ;
#2217 = DIRECTION ( 'NONE',  ( 0.000000000000000000, 1.000000000000000000, 0.000000000000000000 ) ) ;
#2218 = EDGE_LOOP ( 'NONE', ( #2101, #2794, #288, #2342 ) ) ;
#2219 = DIRECTION ( 'NONE',  ( 0.000000000000000000, 0.000000000000000000, 1.000000000000000000 ) ) ;
#2220 = AXIS2_PLACEMENT_3D ( 'NONE', #681, #2026, #921 ) ;
#2221 = DIRECTION ( 'NONE',  ( 0.000000000000000000, 0.000000000000000000, 1.000000000000000000 ) ) ;
#2222 = ORIENTED_EDGE ( 'NONE', *, *, #2522, .T. ) ;
#2223 = ADVANCED_FACE ( 'NONE', ( #2732 ), #1855, .F. ) ;
#2224 = EDGE_CURVE ( 'NONE', #951, #856, #846, .T. ) ;
#2225 = AXIS2_PLACEMENT_3D ( 'NONE', #1967, #2211, #2640 ) ;
#2226 = PLANE ( 'NONE',  #2225 ) ;
#2227 = DIRECTION ( 'NONE',  ( 0.000000000000000000, -0.000000000000000000, 1.000000000000000000 ) ) ;
#2228 =( NAMED_UNIT ( * ) SI_UNIT ( $, .STERADIAN. ) SOLID_ANGLE_UNIT ( ) );
#2229 = ORIENTED_EDGE ( 'NONE', *, *, #471, .F. ) ;
#2230 = DIRECTION ( 'NONE',  ( 0.000000000000000000, 0.000000000000000000, 1.000000000000000000 ) ) ;
#2231 = FACE_OUTER_BOUND ( 'NONE', #2511, .T. ) ;
#2232 = CYLINDRICAL_SURFACE ( 'NONE', #1915, 1.700000000000000178 ) ;
#2233 = ORIENTED_EDGE ( 'NONE', *, *, #89, .T. ) ;
#2234 = EDGE_LOOP ( 'NONE', ( #2477, #763, #925, #2557 ) ) ;
#2235 = LINE ( 'NONE', #157, #1313 ) ;
#2236 = DIRECTION ( 'NONE',  ( -1.000000000000000000, 0.000000000000000000, 0.000000000000000000 ) ) ;
#2237 = CIRCLE ( 'NONE', #2963, 1.700000000000000178 ) ;
#2238 = ORIENTED_EDGE ( 'NONE', *, *, #1905, .F. ) ;
#2239 = CARTESIAN_POINT ( 'NONE',  ( 32.00000000000000000, -4.000000000000000888, 30.00000000000000000 ) ) ;
#2240 = ADVANCED_FACE ( 'NONE', ( #1632 ), #593, .F. ) ;
#2241 = AXIS2_PLACEMENT_3D ( 'NONE', #2617, #538, #1971 ) ;
#2242 = VECTOR ( 'NONE', #869, 1000.000000000000000 ) ;
#2243 = DIRECTION ( 'NONE',  ( 0.000000000000000000, 0.000000000000000000, 1.000000000000000000 ) ) ;
#2244 = ORIENTED_EDGE ( 'NONE', *, *, #1322, .F. ) ;
#2245 = EDGE_CURVE ( 'NONE', #888, #1244, #1759, .T. ) ;
#2246 = DIRECTION ( 'NONE',  ( -1.156482317317871478E-16, -0.000000000000000000, 1.000000000000000000 ) ) ;
#2247 = DIRECTION ( 'NONE',  ( 1.156482317317871478E-16, 0.000000000000000000, -1.000000000000000000 ) ) ;
#2248 = CARTESIAN_POINT ( 'NONE',  ( 79.99999999999998579, 6.000000000000000000, 20.88569709374496242 ) ) ;
#2249 = ORIENTED_EDGE ( 'NONE', *, *, #649, .T. ) ;
#2250 = ORIENTED_EDGE ( 'NONE', *, *, #1101, .F. ) ;
#2251 = DIRECTION ( 'NONE',  ( 0.000000000000000000, 1.000000000000000000, 0.000000000000000000 ) ) ;
#2252 = DIRECTION ( 'NONE',  ( 0.000000000000000000, -1.000000000000000000, -0.000000000000000000 ) ) ;
#2253 = AXIS2_PLACEMENT_3D ( 'NONE', #1592, #1535, #379 ) ;
#2254 = ORIENTED_EDGE ( 'NONE', *, *, #820, .F. ) ;
#2255 = FACE_BOUND ( 'NONE', #2756, .T. ) ;
#2256 = AXIS2_PLACEMENT_3D ( 'NONE', #2460, #855, #154 ) ;
#2257 = DIRECTION ( 'NONE',  ( 1.000000000000000000, -0.000000000000000000, -0.000000000000000000 ) ) ;
#2258 = ORIENTED_EDGE ( 'NONE', *, *, #216, .T. ) ;
#2259 = EDGE_CURVE ( 'NONE', #2765, #137, #2012, .T. ) ;
#2260 = CARTESIAN_POINT ( 'NONE',  ( -40.00000000000000000, -25.00000000000000000, 34.00000000000000000 ) ) ;
#2261 = AXIS2_PLACEMENT_3D ( 'NONE', #2011, #139, #181 ) ;
#2262 = DIRECTION ( 'NONE',  ( -1.000000000000000000, 0.000000000000000000, -0.000000000000000000 ) ) ;
#2263 = CARTESIAN_POINT ( 'NONE',  ( -40.00000000000000000, 6.000000000000000000, 20.88569709374496242 ) ) ;
#2264 = ORIENTED_EDGE ( 'NONE', *, *, #353, .T. ) ;
#2265 = DIRECTION ( 'NONE',  ( -1.000000000000000000, -0.000000000000000000, -0.000000000000000000 ) ) ;
#2266 = CARTESIAN_POINT ( 'NONE',  ( 43.99999999999941735, -30.00000000000000355, 2.300000000000003819 ) ) ;
#2267 = ORIENTED_EDGE ( 'NONE', *, *, #2694, .T. ) ;
#2268 = VECTOR ( 'NONE', #1516, 1000.000000000000000 ) ;
#2269 = FACE_BOUND ( 'NONE', #935, .T. ) ;
#2270 = CARTESIAN_POINT ( 'NONE',  ( -40.00000000000000000, 18.00000000000000000, -17.60000000000000142 ) ) ;
#2271 = ORIENTED_EDGE ( 'NONE', *, *, #2874, .T. ) ;
#2272 = FACE_OUTER_BOUND ( 'NONE', #597, .T. ) ;
#2273 = DIRECTION ( 'NONE',  ( -1.000000000000000000, -0.000000000000000000, -0.000000000000000000 ) ) ;
#2274 = ORIENTED_EDGE ( 'NONE', *, *, #438, .F. ) ;
#2275 = EDGE_CURVE ( 'NONE', #1543, #2803, #2687, .T. ) ;
#2276 = EDGE_CURVE ( 'NONE', #378, #1814, #1299, .T. ) ;
#2277 = CARTESIAN_POINT ( 'NONE',  ( -40.00000000000000000, 6.000000000000000000, 19.28569709374496099 ) ) ;
#2278 = AXIS2_PLACEMENT_3D ( 'NONE', #380, #542, #146 ) ;
#2279 = CARTESIAN_POINT ( 'NONE',  ( 36.00000000000001421, -30.00000000000000355, 0.000000000000000000 ) ) ;
#2280 = ORIENTED_EDGE ( 'NONE', *, *, #1826, .F. ) ;
#2281 = AXIS2_PLACEMENT_3D ( 'NONE', #1738, #2905, #1478 ) ;
#2282 = EDGE_CURVE ( 'NONE', #2142, #1070, #1544, .T. ) ;
#2283 = ORIENTED_EDGE ( 'NONE', *, *, #1993, .T. ) ;
#2284 = CARTESIAN_POINT ( 'NONE',  ( 59.99999999999999289, 18.00000000000000000, -16.00000000000000000 ) ) ;
#2285 = AXIS2_PLACEMENT_3D ( 'NONE', #1251, #2151, #987 ) ;
#2286 = DIRECTION ( 'NONE',  ( -0.000000000000000000, 1.000000000000000000, -0.000000000000000000 ) ) ;
#2287 = VECTOR ( 'NONE', #2950, 1000.000000000000000 ) ;
#2288 = VERTEX_POINT ( 'NONE', #1312 ) ;
#2289 = VECTOR ( 'NONE', #2475, 1000.000000000000000 ) ;
#2290 = DIRECTION ( 'NONE',  ( 0.000000000000000000, 1.000000000000000000, -0.000000000000000000 ) ) ;
#2291 = CARTESIAN_POINT ( 'NONE',  ( 43.99999999999882760, -50.00000000000000000, 29.70000000000000284 ) ) ;
#2292 = EDGE_LOOP ( 'NONE', ( #1433, #2530, #1514, #1658 ) ) ;
#2293 = EDGE_CURVE ( 'NONE', #1854, #2142, #2490, .T. ) ;
#2294 = DIRECTION ( 'NONE',  ( 1.156482317317871478E-16, -0.000000000000000000, 1.000000000000000000 ) ) ;
#2295 = DIRECTION ( 'NONE',  ( 1.000000000000000000, 0.000000000000000000, 0.000000000000000000 ) ) ;
#2296 = LINE ( 'NONE', #2806, #2939 ) ;
#2297 = VERTEX_POINT ( 'NONE', #166 ) ;
#2298 = ORIENTED_EDGE ( 'NONE', *, *, #2636, .F. ) ;
#2299 = EDGE_CURVE ( 'NONE', #2765, #868, #1786, .T. ) ;
#2300 = LINE ( 'NONE', #2022, #281 ) ;
#2301 = VECTOR ( 'NONE', #2420, 1000.000000000000000 ) ;
#2302 = ORIENTED_EDGE ( 'NONE', *, *, #2085, .F. ) ;
#2303 = VECTOR ( 'NONE', #1859, 1000.000000000000000 ) ;
#2304 = CARTESIAN_POINT ( 'NONE',  ( 21.00000000000000355, 25.00000000000000000, -30.00000000000000000 ) ) ;
#2305 = LINE ( 'NONE', #3000, #219 ) ;
#2306 = ORIENTED_EDGE ( 'NONE', *, *, #2446, .F. ) ;
#2307 = DIRECTION ( 'NONE',  ( -1.000000000000000000, 0.000000000000000000, 1.156482317317871478E-16 ) ) ;
#2308 = VECTOR ( 'NONE', #255, 1000.000000000000000 ) ;
#2309 = AXIS2_PLACEMENT_3D ( 'NONE', #2387, #2432, #1502 ) ;
#2310 = DIRECTION ( 'NONE',  ( 0.000000000000000000, 0.000000000000000000, -1.000000000000000000 ) ) ;
#2311 = DIRECTION ( 'NONE',  ( -0.000000000000000000, 1.000000000000000000, -0.000000000000000000 ) ) ;
#2312 = ORIENTED_EDGE ( 'NONE', *, *, #1740, .T. ) ;
#2313 = EDGE_LOOP ( 'NONE', ( #1701, #2088 ) ) ;
#2314 = DIRECTION ( 'NONE',  ( 0.000000000000000000, 0.000000000000000000, 1.000000000000000000 ) ) ;
#2315 = EDGE_CURVE ( 'NONE', #231, #1069, #2296, .T. ) ;
#2316 = ADVANCED_FACE ( 'NONE', ( #1880 ), #1408, .F. ) ;
#2317 = VECTOR ( 'NONE', #2515, 1000.000000000000000 ) ;
#2318 = ORIENTED_EDGE ( 'NONE', *, *, #1419, .T. ) ;
#2319 = CYLINDRICAL_SURFACE ( 'NONE', #1187, 1.699999999999999289 ) ;
#2320 = CARTESIAN_POINT ( 'NONE',  ( 40.00000000000000000, -30.00000000000000355, -30.00000000000000000 ) ) ;
#2321 = EDGE_LOOP ( 'NONE', ( #215, #1450 ) ) ;
#2322 = DIRECTION ( 'NONE',  ( -1.000000000000000000, -0.000000000000000000, -0.000000000000000000 ) ) ;
#2323 = DIRECTION ( 'NONE',  ( 0.000000000000000000, 0.000000000000000000, 1.000000000000000000 ) ) ;
#2324 = FACE_BOUND ( 'NONE', #1012, .T. ) ;
#2325 = EDGE_LOOP ( 'NONE', ( #2941, #2422, #1841, #2489 ) ) ;
#2326 = ORIENTED_EDGE ( 'NONE', *, *, #1842, .T. ) ;
#2327 = FACE_OUTER_BOUND ( 'NONE', #1935, .T. ) ;
#2328 = ORIENTED_EDGE ( 'NONE', *, *, #559, .T. ) ;
#2329 = DIRECTION ( 'NONE',  ( 0.000000000000000000, 0.000000000000000000, -1.000000000000000000 ) ) ;
#2330 = ADVANCED_FACE ( 'NONE', ( #1427 ), #1146, .F. ) ;
#2331 = CIRCLE ( 'NONE', #1657, 1.699999999999999289 ) ;
#2332 = EDGE_CURVE ( 'NONE', #2840, #1423, #2356, .T. ) ;
#2333 = DIRECTION ( 'NONE',  ( -0.000000000000000000, 0.000000000000000000, -1.000000000000000000 ) ) ;
#2334 = DIRECTION ( 'NONE',  ( -0.000000000000000000, 1.000000000000000000, -0.000000000000000000 ) ) ;
#2335 = VERTEX_POINT ( 'NONE', #1174 ) ;
#2336 = VECTOR ( 'NONE', #2184, 1000.000000000000000 ) ;
#2337 = CARTESIAN_POINT ( 'NONE',  ( 36.00000000000001421, -9.000000000000000000, 20.88569709374496242 ) ) ;
#2338 = VECTOR ( 'NONE', #2974, 1000.000000000000000 ) ;
#2339 = DIRECTION ( 'NONE',  ( -1.000000000000000000, -0.000000000000000000, -0.000000000000000000 ) ) ;
#2340 = DIRECTION ( 'NONE',  ( 1.000000000000000000, -0.000000000000000000, 0.000000000000000000 ) ) ;
#2341 = ORIENTED_EDGE ( 'NONE', *, *, #2332, .F. ) ;
#2342 = ORIENTED_EDGE ( 'NONE', *, *, #2816, .F. ) ;
#2343 = CARTESIAN_POINT ( 'NONE',  ( -40.00000000000000000, 30.00000000000000355, -30.00000000000000000 ) ) ;
#2344 = ORIENTED_EDGE ( 'NONE', *, *, #784, .T. ) ;
#2345 = EDGE_CURVE ( 'NONE', #1752, #147, #32, .T. ) ;
#2346 = LINE ( 'NONE', #714, #2034 ) ;
#2347 = ORIENTED_EDGE ( 'NONE', *, *, #2377, .T. ) ;
#2348 = DIRECTION ( 'NONE',  ( 0.000000000000000000, 0.000000000000000000, -1.000000000000000000 ) ) ;
#2349 = CARTESIAN_POINT ( 'NONE',  ( 36.00000000000001421, 18.00000000000000000, -14.39999999999999858 ) ) ;
#2350 = EDGE_LOOP ( 'NONE', ( #2678, #2093, #2113, #331 ) ) ;
#2351 = AXIS2_PLACEMENT_3D ( 'NONE', #293, #306, #1462 ) ;
#2352 = DIRECTION ( 'NONE',  ( 0.000000000000000000, 0.000000000000000000, 1.000000000000000000 ) ) ;
#2353 = EDGE_CURVE ( 'NONE', #888, #2591, #1190, .T. ) ;
#2354 = EDGE_CURVE ( 'NONE', #1662, #2288, #496, .T. ) ;
#2355 = FACE_OUTER_BOUND ( 'NONE', #1981, .T. ) ;
#2356 = LINE ( 'NONE', #1850, #1920 ) ;
#2357 = EDGE_LOOP ( 'NONE', ( #2326, #290 ) ) ;
#2358 = ORIENTED_EDGE ( 'NONE', *, *, #149, .F. ) ;
#2359 = CYLINDRICAL_SURFACE ( 'NONE', #2351, 1.699999999999999289 ) ;
#2360 = VERTEX_POINT ( 'NONE', #929 ) ;
#2361 = ORIENTED_EDGE ( 'NONE', *, *, #673, .F. ) ;
#2362 = EDGE_LOOP ( 'NONE', ( #497, #1681, #1763, #936 ) ) ;
#2363 = AXIS2_PLACEMENT_3D ( 'NONE', #1296, #1555, #2227 ) ;
#2364 = LINE ( 'NONE', #1399, #1599 ) ;
#2365 = VECTOR ( 'NONE', #1970, 1000.000000000000000 ) ;
#2366 = DIRECTION ( 'NONE',  ( 0.000000000000000000, 0.000000000000000000, 1.000000000000000000 ) ) ;
#2367 = CARTESIAN_POINT ( 'NONE',  ( 59.99999999999999289, 18.00000000000000711, -1.000000000000000888 ) ) ;
#2368 = ORIENTED_EDGE ( 'NONE', *, *, #2224, .F. ) ;
#2369 = CARTESIAN_POINT ( 'NONE',  ( 36.00000000000001421, 14.49999999999999822, 12.38569709374498551 ) ) ;
#2370 = CIRCLE ( 'NONE', #1692, 1.700000000000000178 ) ;
#2371 = CARTESIAN_POINT ( 'NONE',  ( 79.99999999999998579, -9.000000000000000000, 20.88569709374496242 ) ) ;
#2372 = CARTESIAN_POINT ( 'NONE',  ( -20.99999999999999645, 25.00000000000000000, 26.00000000000000000 ) ) ;
#2373 = ORIENTED_EDGE ( 'NONE', *, *, #2345, .T. ) ;
#2374 = EDGE_CURVE ( 'NONE', #2043, #2145, #2121, .T. ) ;
#2375 = EDGE_LOOP ( 'NONE', ( #932, #2405, #2271, #712 ) ) ;
#2376 = CARTESIAN_POINT ( 'NONE',  ( 40.00000000000000000, 14.49999999999999645, 17.38569709374496242 ) ) ;
#2377 = EDGE_CURVE ( 'NONE', #54, #264, #312, .T. ) ;
#2378 = VERTEX_POINT ( 'NONE', #1897 ) ;
#2379 = CIRCLE ( 'NONE', #1888, 1.700000000000000178 ) ;
#2380 = CARTESIAN_POINT ( 'NONE',  ( 40.00000000000000000, 14.49999999999999645, -30.00000000000000000 ) ) ;
#2381 = LINE ( 'NONE', #1938, #2846 ) ;
#2382 = AXIS2_PLACEMENT_3D ( 'NONE', #1453, #1954, #2878 ) ;
#2383 = DIRECTION ( 'NONE',  ( -1.000000000000000000, -0.000000000000000000, -0.000000000000000000 ) ) ;
#2384 = ORIENTED_EDGE ( 'NONE', *, *, #114, .T. ) ;
#2385 = CARTESIAN_POINT ( 'NONE',  ( 36.00000000000001421, 14.49999999999999645, 12.38569709374498551 ) ) ;
#2386 = CARTESIAN_POINT ( 'NONE',  ( -50.00000000000000000, -25.00000000000000000, 34.00000000000000000 ) ) ;
#2387 = CARTESIAN_POINT ( 'NONE',  ( -25.31999999999996831, 30.00000000000000355, 21.99999999999996447 ) ) ;
#2388 = ORIENTED_EDGE ( 'NONE', *, *, #1461, .T. ) ;
#2389 = AXIS2_PLACEMENT_3D ( 'NONE', #2792, #2555, #1145 ) ;
#2390 = FACE_OUTER_BOUND ( 'NONE', #2731, .T. ) ;
#2391 = CARTESIAN_POINT ( 'NONE',  ( -25.31999999999996831, 20.00000000000000355, 20.24999999999996092 ) ) ;
#2392 = VERTEX_POINT ( 'NONE', #464 ) ;
#2393 = EDGE_CURVE ( 'NONE', #2643, #2824, #2503, .T. ) ;
#2394 = DIRECTION ( 'NONE',  ( 0.000000000000000000, 0.000000000000000000, -1.000000000000000000 ) ) ;
#2395 = CARTESIAN_POINT ( 'NONE',  ( 59.99999999999999289, 18.00000000000000000, -14.39999999999999858 ) ) ;
#2396 = PLANE ( 'NONE',  #58 ) ;
#2397 = ORIENTED_EDGE ( 'NONE', *, *, #163, .T. ) ;
#2398 = DIRECTION ( 'NONE',  ( -0.000000000000000000, 1.000000000000000000, -0.000000000000000000 ) ) ;
#2399 = FACE_OUTER_BOUND ( 'NONE', #1661, .T. ) ;
#2400 = VECTOR ( 'NONE', #67, 1000.000000000000000 ) ;
#2401 = CARTESIAN_POINT ( 'NONE',  ( -44.00000000000000711, -25.00000000000000000, -19.99999999999999645 ) ) ;
#2402 = ORIENTED_EDGE ( 'NONE', *, *, #328, .T. ) ;
#2403 = FACE_OUTER_BOUND ( 'NONE', #189, .T. ) ;
#2404 = DIRECTION ( 'NONE',  ( 0.000000000000000000, 0.000000000000000000, 1.000000000000000000 ) ) ;
#2405 = ORIENTED_EDGE ( 'NONE', *, *, #130, .F. ) ;
#2406 = CIRCLE ( 'NONE', #603, 1.700000000000000178 ) ;
#2407 = VECTOR ( 'NONE', #1575, 1000.000000000000114 ) ;
#2408 = CARTESIAN_POINT ( 'NONE',  ( 27.20000000000004192, 25.00000000000000000, -10.96000000000003460 ) ) ;
#2409 = ADVANCED_FACE ( 'NONE', ( #1609 ), #1594, .F. ) ;
#2410 = EDGE_CURVE ( 'NONE', #2496, #1122, #901, .T. ) ;
#2411 = CARTESIAN_POINT ( 'NONE',  ( -36.00000000000000711, -14.50000000000000178, 17.38569709374495886 ) ) ;
#2412 = DIRECTION ( 'NONE',  ( 0.000000000000000000, 0.000000000000000000, 1.000000000000000000 ) ) ;
#2413 = ORIENTED_EDGE ( 'NONE', *, *, #1379, .F. ) ;
#2414 = VECTOR ( 'NONE', #2700, 1000.000000000000000 ) ;
#2415 = EDGE_CURVE ( 'NONE', #1854, #1087, #1837, .T. ) ;
#2416 = CARTESIAN_POINT ( 'NONE',  ( 59.99999999999999289, 18.00000000000000711, -2.600000000000001865 ) ) ;
#2417 = CARTESIAN_POINT ( 'NONE',  ( -43.99999999999970868, -25.00000000000000000, -6.299999999999997158 ) ) ;
#2418 = LINE ( 'NONE', #736, #988 ) ;
#2419 = ORIENTED_EDGE ( 'NONE', *, *, #2652, .T. ) ;
#2420 = DIRECTION ( 'NONE',  ( -0.000000000000000000, -1.000000000000000000, -0.000000000000000000 ) ) ;
#2421 = CARTESIAN_POINT ( 'NONE',  ( -39.99999999999999289, -30.00000000000000355, -25.99999999999999645 ) ) ;
#2422 = ORIENTED_EDGE ( 'NONE', *, *, #2758, .F. ) ;
#2423 = DIRECTION ( 'NONE',  ( -1.000000000000000000, -0.000000000000000000, -0.000000000000000000 ) ) ;
#2424 = CIRCLE ( 'NONE', #2907, 1.600000000000000755 ) ;
#2425 = ADVANCED_FACE ( 'NONE', ( #230 ), #2075, .F. ) ;
#2426 = CARTESIAN_POINT ( 'NONE',  ( -43.99999999999911893, -30.00000000000000355, 14.30000000000000782 ) ) ;
#2427 = AXIS2_PLACEMENT_3D ( 'NONE', #148, #1044, #161 ) ;
#2428 = ORIENTED_EDGE ( 'NONE', *, *, #2724, .F. ) ;
#2429 = ADVANCED_FACE ( 'NONE', ( #2324, #689, #1624, #242, #1393 ), #1160, .F. ) ;
#2430 = DIRECTION ( 'NONE',  ( 0.000000000000000000, 1.000000000000000000, 1.196361017915039486E-16 ) ) ;
#2431 = DIRECTION ( 'NONE',  ( 0.000000000000000000, 0.000000000000000000, -1.000000000000000000 ) ) ;
#2432 = DIRECTION ( 'NONE',  ( 0.000000000000000000, 1.000000000000000000, 0.000000000000000000 ) ) ;
#2433 = ORIENTED_EDGE ( 'NONE', *, *, #2979, .T. ) ;
#2434 = CARTESIAN_POINT ( 'NONE',  ( -43.99999999999941735, -25.00000000000000000, 2.300000000000003819 ) ) ;
#2435 = CARTESIAN_POINT ( 'NONE',  ( 40.00000000000000000, -30.00000000000000355, 30.00000000000000000 ) ) ;
#2436 = VECTOR ( 'NONE', #2961, 1000.000000000000000 ) ;
#2437 = ORIENTED_EDGE ( 'NONE', *, *, #1740, .F. ) ;
#2438 = AXIS2_PLACEMENT_3D ( 'NONE', #1341, #594, #1802 ) ;
#2439 = CARTESIAN_POINT ( 'NONE',  ( -36.00000000000000711, 25.00000000000000000, -30.00000000000000000 ) ) ;
#2440 = PLANE ( 'NONE',  #1825 ) ;
#2441 = ORIENTED_EDGE ( 'NONE', *, *, #1945, .T. ) ;
#2442 = CARTESIAN_POINT ( 'NONE',  ( -36.00000000000000711, -40.00000000000000711, 17.38569709374495531 ) ) ;
#2443 = CARTESIAN_POINT ( 'NONE',  ( -43.99999999999882760, -25.00000000000000000, 28.00000000000000355 ) ) ;
#2444 = CARTESIAN_POINT ( 'NONE',  ( 59.99999999999999289, 18.00000000000000711, -2.600000000000001865 ) ) ;
#2445 = ORIENTED_EDGE ( 'NONE', *, *, #2796, .F. ) ;
#2446 = EDGE_CURVE ( 'NONE', #2977, #663, #933, .T. ) ;
#2447 = EDGE_CURVE ( 'NONE', #137, #3001, #568, .T. ) ;
#2448 = ORIENTED_EDGE ( 'NONE', *, *, #2852, .T. ) ;
#2449 = DIRECTION ( 'NONE',  ( -0.000000000000000000, 1.000000000000000000, -0.000000000000000000 ) ) ;
#2450 = DIRECTION ( 'NONE',  ( 1.000000000000000000, 0.000000000000000000, 0.000000000000000000 ) ) ;
#2451 = AXIS2_PLACEMENT_3D ( 'NONE', #2248, #1546, #1081 ) ;
#2452 = VERTEX_POINT ( 'NONE', #303 ) ;
#2453 = CARTESIAN_POINT ( 'NONE',  ( 27.20000000000004192, 20.00000000000000355, -12.71000000000003460 ) ) ;
#2454 = CIRCLE ( 'NONE', #2256, 1.700000000000000178 ) ;
#2455 = DIRECTION ( 'NONE',  ( 1.000000000000000000, -0.000000000000000000, -0.000000000000000000 ) ) ;
#2456 = EDGE_LOOP ( 'NONE', ( #550, #1656, #200, #1931 ) ) ;
#2457 = DIRECTION ( 'NONE',  ( 0.000000000000000000, 1.000000000000000000, -0.000000000000000000 ) ) ;
#2458 = AXIS2_PLACEMENT_3D ( 'NONE', #1635, #1387, #2801 ) ;
#2459 = DIRECTION ( 'NONE',  ( 0.000000000000000000, 0.000000000000000000, -1.000000000000000000 ) ) ;
#2460 = CARTESIAN_POINT ( 'NONE',  ( -43.99999999999970868, -30.00000000000000355, -7.999999999999996447 ) ) ;
#2461 = ORIENTED_EDGE ( 'NONE', *, *, #1419, .F. ) ;
#2462 = VERTEX_POINT ( 'NONE', #334 ) ;
#2463 = CARTESIAN_POINT ( 'NONE',  ( 36.00000000000000711, 25.00000000000000000, -30.00000000000000000 ) ) ;
#2464 = EDGE_CURVE ( 'NONE', #2067, #1752, #938, .T. ) ;
#2465 = VECTOR ( 'NONE', #2286, 1000.000000000000000 ) ;
#2466 = DIRECTION ( 'NONE',  ( 0.000000000000000000, 0.000000000000000000, 1.000000000000000000 ) ) ;
#2467 = EDGE_LOOP ( 'NONE', ( #481, #1422, #2512, #915 ) ) ;
#2468 = AXIS2_PLACEMENT_3D ( 'NONE', #1336, #2726, #1795 ) ;
#2469 = EDGE_CURVE ( 'NONE', #2840, #1058, #2185, .T. ) ;
#2470 = DIRECTION ( 'NONE',  ( 0.000000000000000000, 1.000000000000000000, 0.000000000000000000 ) ) ;
#2471 = LINE ( 'NONE', #385, #758 ) ;
#2472 = PRODUCT_CONTEXT ( 'NONE', #1346, 'mechanical' ) ;
#2473 = ORIENTED_EDGE ( 'NONE', *, *, #691, .T. ) ;
#2474 = CARTESIAN_POINT ( 'NONE',  ( -40.00000000000000000, 30.00000000000000355, 30.00000000000000000 ) ) ;
#2475 = DIRECTION ( 'NONE',  ( 1.000000000000000000, 0.000000000000000000, 0.000000000000000000 ) ) ;
#2476 = DIRECTION ( 'NONE',  ( 1.156482317317871478E-16, -0.000000000000000000, 1.000000000000000000 ) ) ;
#2477 = ORIENTED_EDGE ( 'NONE', *, *, #2299, .F. ) ;
#2478 = ORIENTED_EDGE ( 'NONE', *, *, #2906, .T. ) ;
#2479 = DIRECTION ( 'NONE',  ( 1.239088197126291063E-16, -0.000000000000000000, -1.000000000000000000 ) ) ;
#2480 = DIRECTION ( 'NONE',  ( -1.000000000000000000, 0.000000000000000000, 0.000000000000000000 ) ) ;
#2481 = AXIS2_PLACEMENT_3D ( 'NONE', #1497, #732, #330 ) ;
#2482 = ORIENTED_EDGE ( 'NONE', *, *, #2757, .T. ) ;
#2483 = DIRECTION ( 'NONE',  ( -0.000000000000000000, 1.000000000000000000, -0.000000000000000000 ) ) ;
#2484 = CIRCLE ( 'NONE', #1265, 1.699999999999999289 ) ;
#2485 = EDGE_CURVE ( 'NONE', #1404, #737, #2418, .T. ) ;
#2486 = CIRCLE ( 'NONE', #395, 1.600000000000000755 ) ;
#2487 = CARTESIAN_POINT ( 'NONE',  ( 21.00000000000000355, 30.00000000000000355, -30.00000000000000000 ) ) ;
#2488 = DIRECTION ( 'NONE',  ( 0.000000000000000000, -1.000000000000000000, -1.196361017915039486E-16 ) ) ;
#2489 = ORIENTED_EDGE ( 'NONE', *, *, #1217, .T. ) ;
#2490 = LINE ( 'NONE', #2260, #1183 ) ;
#2491 = DIRECTION ( 'NONE',  ( -0.000000000000000000, -1.000000000000000000, -0.000000000000000000 ) ) ;
#2492 = LINE ( 'NONE', #1330, #2554 ) ;
#2493 = VERTEX_POINT ( 'NONE', #1022 ) ;
#2494 = LINE ( 'NONE', #2058, #1951 ) ;
#2495 = LINE ( 'NONE', #1333, #297 ) ;
#2496 = VERTEX_POINT ( 'NONE', #1958 ) ;
#2497 = CYLINDRICAL_SURFACE ( 'NONE', #1048, 1.600000000000002531 ) ;
#2498 = VECTOR ( 'NONE', #20, 1000.000000000000000 ) ;
#2499 = EDGE_CURVE ( 'NONE', #2824, #2977, #1671, .T. ) ;
#2500 = ADVANCED_FACE ( 'NONE', ( #349 ), #2604, .F. ) ;
#2501 = FACE_BOUND ( 'NONE', #1368, .T. ) ;
#2502 = ORIENTED_EDGE ( 'NONE', *, *, #2499, .F. ) ;
#2503 = CIRCLE ( 'NONE', #367, 1.750000000000001554 ) ;
#2504 = EDGE_CURVE ( 'NONE', #941, #851, #110, .T. ) ;
#2505 = CARTESIAN_POINT ( 'NONE',  ( 40.00000000000000000, -25.00000000000000000, 34.00000000000000000 ) ) ;
#2506 = LINE ( 'NONE', #1532, #1128 ) ;
#2507 = ORIENTED_EDGE ( 'NONE', *, *, #202, .T. ) ;
#2508 = CARTESIAN_POINT ( 'NONE',  ( -36.00000000000000711, -9.000000000000000000, 20.88569709374496242 ) ) ;
#2509 = VECTOR ( 'NONE', #1154, 1000.000000000000000 ) ;
#2510 = CARTESIAN_POINT ( 'NONE',  ( -40.00000000000000000, 18.00000000000000711, -1.000000000000000888 ) ) ;
#2511 = EDGE_LOOP ( 'NONE', ( #1463, #1748, #1373, #2437 ) ) ;
#2512 = ORIENTED_EDGE ( 'NONE', *, *, #2103, .F. ) ;
#2513 = PRESENTATION_LAYER_ASSIGNMENT (  '', '', ( #805 ) ) ;
#2514 = CARTESIAN_POINT ( 'NONE',  ( -36.00000000000000711, 9.499999999999966249, 17.38569709374496242 ) ) ;
#2515 = DIRECTION ( 'NONE',  ( -1.156482317317871478E-16, -0.000000000000000000, 1.000000000000000000 ) ) ;
#2516 = ORIENTED_EDGE ( 'NONE', *, *, #75, .T. ) ;
#2517 = EDGE_CURVE ( 'NONE', #2493, #1444, #547, .T. ) ;
#2518 = DIRECTION ( 'NONE',  ( -0.000000000000000000, 0.000000000000000000, 1.000000000000000000 ) ) ;
#2519 = DIRECTION ( 'NONE',  ( 0.000000000000000000, 0.000000000000000000, -1.000000000000000000 ) ) ;
#2520 = VERTEX_POINT ( 'NONE', #1210 ) ;
#2521 = LINE ( 'NONE', #434, #489 ) ;
#2522 = EDGE_CURVE ( 'NONE', #2197, #1306, #81, .T. ) ;
#2523 = VECTOR ( 'NONE', #2650, 1000.000000000000000 ) ;
#2524 = CARTESIAN_POINT ( 'NONE',  ( -27.99999999999999645, 4.000000000000000000, 19.99999999999999645 ) ) ;
#2525 = DIRECTION ( 'NONE',  ( -0.000000000000000000, -0.000000000000000000, 1.000000000000000000 ) ) ;
#2526 = EDGE_LOOP ( 'NONE', ( #2122, #5, #50, #1096 ) ) ;
#2527 = AXIS2_PLACEMENT_3D ( 'NONE', #340, #1059, #1540 ) ;
#2528 = ORIENTED_EDGE ( 'NONE', *, *, #838, .F. ) ;
#2529 = DIRECTION ( 'NONE',  ( 0.000000000000000000, 0.000000000000000000, 1.000000000000000000 ) ) ;
#2530 = ORIENTED_EDGE ( 'NONE', *, *, #970, .F. ) ;
#2531 = CARTESIAN_POINT ( 'NONE',  ( 36.00000000000001421, -40.00000000000000711, -30.00000000000000000 ) ) ;
#2532 = VECTOR ( 'NONE', #158, 1000.000000000000000 ) ;
#2533 = ORIENTED_EDGE ( 'NONE', *, *, #2948, .F. ) ;
#2534 = CIRCLE ( 'NONE', #1220, 1.600000000000001199 ) ;
#2535 = DIRECTION ( 'NONE',  ( -1.000000000000000000, -0.000000000000000000, -0.000000000000000000 ) ) ;
#2536 = DIRECTION ( 'NONE',  ( -0.000000000000000000, 0.000000000000000000, 1.000000000000000000 ) ) ;
#2537 = EDGE_LOOP ( 'NONE', ( #2588, #1447, #2997, #1626 ) ) ;
#2538 = LINE ( 'NONE', #1847, #2090 ) ;
#2539 = CARTESIAN_POINT ( 'NONE',  ( -43.99999999999882760, -30.00000000000000355, 28.00000000000000355 ) ) ;
#2540 = CARTESIAN_POINT ( 'NONE',  ( -40.00000000000000000, 30.00000000000000355, -30.00000000000000000 ) ) ;
#2541 = ORIENTED_EDGE ( 'NONE', *, *, #598, .F. ) ;
#2542 = ADVANCED_FACE ( 'NONE', ( #2138 ), #287, .T. ) ;
#2543 = EDGE_CURVE ( 'NONE', #803, #777, #2823, .T. ) ;
#2544 = ORIENTED_EDGE ( 'NONE', *, *, #636, .T. ) ;
#2545 = CARTESIAN_POINT ( 'NONE',  ( 36.00000000000001421, -40.00000000000000711, 26.00000000000000000 ) ) ;
#2546 = AXIS2_PLACEMENT_3D ( 'NONE', #2205, #1038, #2857 ) ;
#2547 = SURFACE_SIDE_STYLE ('',( #1150 ) ) ;
#2548 = ORIENTED_EDGE ( 'NONE', *, *, #453, .T. ) ;
#2549 = CYLINDRICAL_SURFACE ( 'NONE', #2458, 1.750000000000001554 ) ;
#2550 = LINE ( 'NONE', #2565, #1572 ) ;
#2551 = EDGE_LOOP ( 'NONE', ( #2887, #1576 ) ) ;
#2552 = LINE ( 'NONE', #1157, #2698 ) ;
#2553 = AXIS2_PLACEMENT_3D ( 'NONE', #748, #1936, #2130 ) ;
#2554 = VECTOR ( 'NONE', #640, 1000.000000000000000 ) ;
#2555 = DIRECTION ( 'NONE',  ( 0.000000000000000000, 1.000000000000000000, 0.000000000000000000 ) ) ;
#2556 = DIRECTION ( 'NONE',  ( -0.000000000000000000, -0.000000000000000000, 1.000000000000000000 ) ) ;
#2557 = ORIENTED_EDGE ( 'NONE', *, *, #2084, .T. ) ;
#2558 = ORIENTED_EDGE ( 'NONE', *, *, #1811, .T. ) ;
#2559 = ADVANCED_FACE ( 'NONE', ( #977 ), #1912, .F. ) ;
#2560 = FACE_OUTER_BOUND ( 'NONE', #1946, .T. ) ;
#2561 = ORIENTED_EDGE ( 'NONE', *, *, #2947, .T. ) ;
#2562 = EDGE_CURVE ( 'NONE', #9, #889, #2839, .T. ) ;
#2563 = DIRECTION ( 'NONE',  ( 0.000000000000000000, 0.000000000000000000, -1.000000000000000000 ) ) ;
#2564 = CARTESIAN_POINT ( 'NONE',  ( -43.99999999999941735, -50.00000000000000000, 4.000000000000003553 ) ) ;
#2565 = CARTESIAN_POINT ( 'NONE',  ( 40.00000000000000000, -25.00000000000000000, 34.00000000000000000 ) ) ;
#2566 = ORIENTED_EDGE ( 'NONE', *, *, #2694, .F. ) ;
#2567 = LINE ( 'NONE', #2119, #1801 ) ;
#2568 = CARTESIAN_POINT ( 'NONE',  ( -20.99999999999999645, 30.00000000000000355, 26.00000000000000000 ) ) ;
#2569 = CARTESIAN_POINT ( 'NONE',  ( -40.00000000000000000, 30.00000000000000355, 30.00000000000000000 ) ) ;
#2570 = EDGE_LOOP ( 'NONE', ( #661, #1503, #235, #1965 ) ) ;
#2571 = ORIENTED_EDGE ( 'NONE', *, *, #2282, .T. ) ;
#2572 = EDGE_CURVE ( 'NONE', #2803, #419, #2892, .T. ) ;
#2573 = CARTESIAN_POINT ( 'NONE',  ( 43.99999999999970868, -30.00000000000000355, -7.999999999999996447 ) ) ;
#2574 = VERTEX_POINT ( 'NONE', #1007 ) ;
#2575 = DIRECTION ( 'NONE',  ( -0.000000000000000000, 1.000000000000000000, -0.000000000000000000 ) ) ;
#2576 = EDGE_CURVE ( 'NONE', #269, #690, #2867, .T. ) ;
#2577 = EDGE_CURVE ( 'NONE', #2029, #2175, #2647, .T. ) ;
#2578 = AXIS2_PLACEMENT_3D ( 'NONE', #2909, #1091, #342 ) ;
#2579 = AXIS2_PLACEMENT_3D ( 'NONE', #870, #631, #1565 ) ;
#2580 = DIRECTION ( 'NONE',  ( -0.000000000000000000, 1.000000000000000000, -0.000000000000000000 ) ) ;
#2581 = CARTESIAN_POINT ( 'NONE',  ( -44.00000000000000711, -25.00000000000000000, -21.69999999999999574 ) ) ;
#2582 = ORIENTED_EDGE ( 'NONE', *, *, #2637, .T. ) ;
#2583 = AXIS2_PLACEMENT_3D ( 'NONE', #1602, #2333, #491 ) ;
#2584 = LINE ( 'NONE', #447, #1770 ) ;
#2585 = CARTESIAN_POINT ( 'NONE',  ( -43.99999999999970868, -25.00000000000000000, -7.999999999999996447 ) ) ;
#2586 = DIRECTION ( 'NONE',  ( 0.000000000000000000, 0.000000000000000000, 1.000000000000000000 ) ) ;
#2587 = ORIENTED_EDGE ( 'NONE', *, *, #1645, .T. ) ;
#2588 = ORIENTED_EDGE ( 'NONE', *, *, #801, .T. ) ;
#2589 = CARTESIAN_POINT ( 'NONE',  ( -40.00000000000000000, 18.00000000000000711, -2.600000000000001865 ) ) ;
#2590 = ORIENTED_EDGE ( 'NONE', *, *, #1479, .T. ) ;
#2591 = VERTEX_POINT ( 'NONE', #1285 ) ;
#2592 = FACE_BOUND ( 'NONE', #2035, .T. ) ;
#2593 = ORIENTED_EDGE ( 'NONE', *, *, #2504, .T. ) ;
#2594 = EDGE_CURVE ( 'NONE', #400, #423, #2454, .T. ) ;
#2595 = ADVANCED_FACE ( 'NONE', ( #1561 ), #1803, .T. ) ;
#2596 = FACE_BOUND ( 'NONE', #414, .T. ) ;
#2597 = DIRECTION ( 'NONE',  ( -0.000000000000000000, 1.000000000000000000, -0.000000000000000000 ) ) ;
#2598 = EDGE_LOOP ( 'NONE', ( #1652, #798 ) ) ;
#2599 = AXIS2_PLACEMENT_3D ( 'NONE', #445, #475, #2986 ) ;
#2600 = AXIS2_PLACEMENT_3D ( 'NONE', #2809, #918, #482 ) ;
#2601 = LINE ( 'NONE', #1205, #2308 ) ;
#2602 = ADVANCED_FACE ( 'NONE', ( #2014 ), #867, .F. ) ;
#2603 = CARTESIAN_POINT ( 'NONE',  ( 27.20000000000004192, 20.00000000000000355, -9.210000000000034603 ) ) ;
#2604 = PLANE ( 'NONE',  #1134 ) ;
#2605 = VERTEX_POINT ( 'NONE', #613 ) ;
#2606 = VECTOR ( 'NONE', #1242, 1000.000000000000000 ) ;
#2607 = VERTEX_POINT ( 'NONE', #1747 ) ;
#2608 = DIRECTION ( 'NONE',  ( 0.000000000000000000, 0.000000000000000000, 1.000000000000000000 ) ) ;
#2609 = VERTEX_POINT ( 'NONE', #2916 ) ;
#2610 = DIRECTION ( 'NONE',  ( -1.000000000000000000, 0.000000000000000000, -0.000000000000000000 ) ) ;
#2611 = AXIS2_PLACEMENT_3D ( 'NONE', #537, #301, #347 ) ;
#2612 = DIRECTION ( 'NONE',  ( 0.000000000000000000, 0.000000000000000000, -1.000000000000000000 ) ) ;
#2613 = FACE_BOUND ( 'NONE', #979, .T. ) ;
#2614 = ORIENTED_EDGE ( 'NONE', *, *, #1702, .F. ) ;
#2615 = AXIS2_PLACEMENT_3D ( 'NONE', #1581, #890, #1824 ) ;
#2616 = DIRECTION ( 'NONE',  ( 0.000000000000000000, 0.000000000000000000, -1.000000000000000000 ) ) ;
#2617 = CARTESIAN_POINT ( 'NONE',  ( 79.99999999999998579, 6.000000000000000000, 20.88569709374496242 ) ) ;
#2618 = CARTESIAN_POINT ( 'NONE',  ( 27.20000000000004192, 20.00000000000000355, 18.74999999999996803 ) ) ;
#2619 = VERTEX_POINT ( 'NONE', #141 ) ;
#2620 = EDGE_CURVE ( 'NONE', #1286, #717, #1999, .T. ) ;
#2621 = LINE ( 'NONE', #1974, #72 ) ;
#2622 = DIRECTION ( 'NONE',  ( 0.000000000000000000, 1.000000000000000000, -0.000000000000000000 ) ) ;
#2623 = VERTEX_POINT ( 'NONE', #1761 ) ;
#2624 = DIRECTION ( 'NONE',  ( 0.000000000000000000, 1.000000000000000000, -0.000000000000000000 ) ) ;
#2625 = CARTESIAN_POINT ( 'NONE',  ( 40.00000000000000000, 30.00000000000000355, 30.00000000000000000 ) ) ;
#2626 = CIRCLE ( 'NONE', #674, 2.000000000000001776 ) ;
#2627 = DIRECTION ( 'NONE',  ( 1.000000000000000000, 0.000000000000000000, 0.000000000000000000 ) ) ;
#2628 = ORIENTED_EDGE ( 'NONE', *, *, #1552, .F. ) ;
#2629 = DIRECTION ( 'NONE',  ( -1.000000000000000000, 0.000000000000000000, 0.000000000000000000 ) ) ;
#2630 = DIRECTION ( 'NONE',  ( 0.000000000000000000, -1.000000000000000000, 0.000000000000000000 ) ) ;
#2631 = DIRECTION ( 'NONE',  ( -0.000000000000000000, -0.7071067811865436870, -0.7071067811865513475 ) ) ;
#2632 = ORIENTED_EDGE ( 'NONE', *, *, #270, .T. ) ;
#2633 = VECTOR ( 'NONE', #1517, 1000.000000000000000 ) ;
#2634 = CARTESIAN_POINT ( 'NONE',  ( 40.00000000000000000, 30.00000000000000355, 30.00000000000000000 ) ) ;
#2635 = VECTOR ( 'NONE', #642, 1000.000000000000000 ) ;
#2636 = EDGE_CURVE ( 'NONE', #1070, #1082, #2492, .T. ) ;
#2637 = EDGE_CURVE ( 'NONE', #262, #2607, #2676, .T. ) ;
#2638 = CARTESIAN_POINT ( 'NONE',  ( -36.00000000000000711, 25.00000000000000000, -30.00000000000000000 ) ) ;
#2639 = ORIENTED_EDGE ( 'NONE', *, *, #2852, .F. ) ;
#2640 = DIRECTION ( 'NONE',  ( 0.000000000000000000, -1.000000000000000000, -1.196361017915039486E-16 ) ) ;
#2641 = CYLINDRICAL_SURFACE ( 'NONE', #995, 2.000000000000001776 ) ;
#2642 = PLANE ( 'NONE',  #2382 ) ;
#2643 = VERTEX_POINT ( 'NONE', #1052 ) ;
#2644 = CARTESIAN_POINT ( 'NONE',  ( -40.00000000000000000, 13.44284854687257535, 13.44284854687239061 ) ) ;
#2645 = CARTESIAN_POINT ( 'NONE',  ( -43.99999999999941735, -30.00000000000000355, 2.300000000000003819 ) ) ;
#2646 = AXIS2_PLACEMENT_3D ( 'NONE', #2734, #2273, #827 ) ;
#2647 = LINE ( 'NONE', #553, #2006 ) ;
#2648 = ORIENTED_EDGE ( 'NONE', *, *, #56, .F. ) ;
#2649 = FACE_OUTER_BOUND ( 'NONE', #2218, .T. ) ;
#2650 = DIRECTION ( 'NONE',  ( -0.000000000000000000, -0.000000000000000000, 1.000000000000000000 ) ) ;
#2651 = ORIENTED_EDGE ( 'NONE', *, *, #1383, .F. ) ;
#2652 = EDGE_CURVE ( 'NONE', #2335, #847, #596, .T. ) ;
#2653 = AXIS2_PLACEMENT_3D ( 'NONE', #1943, #1256, #1443 ) ;
#2654 = CARTESIAN_POINT ( 'NONE',  ( 43.99999999999911893, -30.00000000000000355, 17.70000000000000639 ) ) ;
#2655 = EDGE_CURVE ( 'NONE', #221, #889, #595, .T. ) ;
#2656 = DIRECTION ( 'NONE',  ( -0.000000000000000000, 0.7071067811865513475, -0.7071067811865435759 ) ) ;
#2657 = FACE_OUTER_BOUND ( 'NONE', #1227, .T. ) ;
#2658 = ORIENTED_EDGE ( 'NONE', *, *, #1904, .F. ) ;
#2659 = AXIS2_PLACEMENT_3D ( 'NONE', #316, #524, #2168 ) ;
#2660 = LINE ( 'NONE', #2442, #1874 ) ;
#2661 = DIRECTION ( 'NONE',  ( -0.000000000000000000, 1.000000000000000000, -0.000000000000000000 ) ) ;
#2662 = DIRECTION ( 'NONE',  ( 0.000000000000000000, 0.000000000000000000, -1.000000000000000000 ) ) ;
#2663 = ORIENTED_EDGE ( 'NONE', *, *, #187, .T. ) ;
#2664 = ORIENTED_EDGE ( 'NONE', *, *, #1027, .F. ) ;
#2665 = CARTESIAN_POINT ( 'NONE',  ( 43.99999999999911893, -50.00000000000000000, 16.00000000000000711 ) ) ;
#2666 = EDGE_LOOP ( 'NONE', ( #993, #817, #1385, #2328 ) ) ;
#2667 = DIRECTION ( 'NONE',  ( -0.000000000000000000, 1.000000000000000000, -0.000000000000000000 ) ) ;
#2668 = AXIS2_PLACEMENT_3D ( 'NONE', #602, #1947, #2695 ) ;
#2669 = EDGE_CURVE ( 'NONE', #2811, #1286, #2506, .T. ) ;
#2670 = ADVANCED_FACE ( 'NONE', ( #418 ), #1788, .F. ) ;
#2671 = DIRECTION ( 'NONE',  ( -0.000000000000000000, 1.000000000000000000, -0.000000000000000000 ) ) ;
#2672 = VECTOR ( 'NONE', #558, 1000.000000000000000 ) ;
#2673 = EDGE_LOOP ( 'NONE', ( #1688, #508 ) ) ;
#2674 = DIRECTION ( 'NONE',  ( -1.239088197126291063E-16, 0.000000000000000000, -1.000000000000000000 ) ) ;
#2675 = PLANE ( 'NONE',  #205 ) ;
#2676 = LINE ( 'NONE', #1518, #2407 ) ;
#2677 = ORIENTED_EDGE ( 'NONE', *, *, #291, .F. ) ;
#2678 = ORIENTED_EDGE ( 'NONE', *, *, #2148, .T. ) ;
#2679 = CARTESIAN_POINT ( 'NONE',  ( 40.00000000000000711, -9.000000000000000000, 22.48569709374496384 ) ) ;
#2680 = AXIS2_PLACEMENT_3D ( 'NONE', #16, #928, #449 ) ;
#2681 = ORIENTED_EDGE ( 'NONE', *, *, #1515, .T. ) ;
#2682 = AXIS2_PLACEMENT_3D ( 'NONE', #2013, #1998, #840 ) ;
#2683 = PLANE ( 'NONE',  #662 ) ;
#2684 = DIRECTION ( 'NONE',  ( 1.000000000000000000, 0.000000000000000000, 0.000000000000000000 ) ) ;
#2685 = ORIENTED_EDGE ( 'NONE', *, *, #1010, .F. ) ;
#2686 = EDGE_CURVE ( 'NONE', #400, #1409, #2945, .T. ) ;
#2687 = LINE ( 'NONE', #1530, #746 ) ;
#2688 = VECTOR ( 'NONE', #1520, 1000.000000000000000 ) ;
#2689 = CARTESIAN_POINT ( 'NONE',  ( 43.99999999999941735, -25.00000000000000000, 4.000000000000003553 ) ) ;
#2690 = DIRECTION ( 'NONE',  ( -1.000000000000000000, 0.000000000000000000, 0.000000000000000000 ) ) ;
#2691 = ORIENTED_EDGE ( 'NONE', *, *, #438, .T. ) ;
#2692 = ORIENTED_EDGE ( 'NONE', *, *, #1811, .F. ) ;
#2693 = DIRECTION ( 'NONE',  ( 0.000000000000000000, -1.000000000000000000, 0.000000000000000000 ) ) ;
#2694 = EDGE_CURVE ( 'NONE', #2609, #916, #2932, .T. ) ;
#2695 = DIRECTION ( 'NONE',  ( 1.000000000000000000, 0.000000000000000000, 0.000000000000000000 ) ) ;
#2696 = ORIENTED_EDGE ( 'NONE', *, *, #15, .T. ) ;
#2697 = DIRECTION ( 'NONE',  ( 0.000000000000000000, 0.000000000000000000, 1.000000000000000000 ) ) ;
#2698 = VECTOR ( 'NONE', #1862, 1000.000000000000000 ) ;
#2699 = AXIS2_PLACEMENT_3D ( 'NONE', #766, #539, #1471 ) ;
#2700 = DIRECTION ( 'NONE',  ( -0.000000000000000000, 1.000000000000000000, -0.000000000000000000 ) ) ;
#2701 = VERTEX_POINT ( 'NONE', #841 ) ;
#2702 = DIRECTION ( 'NONE',  ( 0.000000000000000000, 0.000000000000000000, 1.000000000000000000 ) ) ;
#2703 = AXIS2_PLACEMENT_3D ( 'NONE', #2177, #1496, #2612 ) ;
#2704 = DIRECTION ( 'NONE',  ( 0.000000000000000000, 0.000000000000000000, -1.000000000000000000 ) ) ;
#2705 = DIRECTION ( 'NONE',  ( -0.000000000000000000, 1.000000000000000000, -0.000000000000000000 ) ) ;
#2706 = EDGE_LOOP ( 'NONE', ( #18, #953 ) ) ;
#2707 = CARTESIAN_POINT ( 'NONE',  ( -36.00000000000000711, -30.00000000000000355, -30.00000000000000000 ) ) ;
#2708 = VECTOR ( 'NONE', #666, 1000.000000000000114 ) ;
#2709 = DIRECTION ( 'NONE',  ( -1.000000000000000000, 0.000000000000000000, 0.000000000000000000 ) ) ;
#2710 = ADVANCED_FACE ( 'NONE', ( #1342 ), #625, .F. ) ;
#2711 = ORIENTED_EDGE ( 'NONE', *, *, #2572, .T. ) ;
#2712 = FACE_OUTER_BOUND ( 'NONE', #2666, .T. ) ;
#2713 = DIRECTION ( 'NONE',  ( 1.000000000000000000, 0.000000000000000000, 0.000000000000000000 ) ) ;
#2714 = VERTEX_POINT ( 'NONE', #1301 ) ;
#2715 = PLANE ( 'NONE',  #2220 ) ;
#2716 = DIRECTION ( 'NONE',  ( 0.000000000000000000, 0.000000000000000000, 1.000000000000000000 ) ) ;
#2717 = DIRECTION ( 'NONE',  ( -0.000000000000000000, 1.000000000000000000, -0.000000000000000000 ) ) ;
#2718 = ORIENTED_EDGE ( 'NONE', *, *, #2996, .F. ) ;
#2719 = ORIENTED_EDGE ( 'NONE', *, *, #1098, .T. ) ;
#2720 = LINE ( 'NONE', #1126, #1857 ) ;
#2721 = CARTESIAN_POINT ( 'NONE',  ( -40.00000000000000000, -14.50000000000000178, 17.38569709374495886 ) ) ;
#2722 = ORIENTED_EDGE ( 'NONE', *, *, #1192, .F. ) ;
#2723 = ADVANCED_FACE ( 'NONE', ( #2957 ), #2232, .F. ) ;
#2724 = EDGE_CURVE ( 'NONE', #868, #3001, #1815, .T. ) ;
#2725 = CIRCLE ( 'NONE', #107, 1.600000000000002531 ) ;
#2726 = DIRECTION ( 'NONE',  ( 0.000000000000000000, -1.000000000000000000, 0.000000000000000000 ) ) ;
#2727 = AXIS2_PLACEMENT_3D ( 'NONE', #854, #1760, #403 ) ;
#2728 = EDGE_CURVE ( 'NONE', #1976, #371, #1421, .T. ) ;
#2729 = AXIS2_PLACEMENT_3D ( 'NONE', #1318, #958, #240 ) ;
#2730 = DIRECTION ( 'NONE',  ( -1.000000000000000000, 0.000000000000000000, 0.000000000000000000 ) ) ;
#2731 = EDGE_LOOP ( 'NONE', ( #2128, #1580, #1846, #93 ) ) ;
#2732 = FACE_OUTER_BOUND ( 'NONE', #2819, .T. ) ;
#2733 = CARTESIAN_POINT ( 'NONE',  ( 40.00000000000000000, 30.00000000000000355, -30.00000000000000000 ) ) ;
#2734 = CARTESIAN_POINT ( 'NONE',  ( 59.99999999999999289, 18.00000000000000000, -16.00000000000000000 ) ) ;
#2735 = ORIENTED_EDGE ( 'NONE', *, *, #1194, .T. ) ;
#2736 = LINE ( 'NONE', #1344, #2242 ) ;
#2737 = CARTESIAN_POINT ( 'NONE',  ( -40.00000000000000000, 18.00000000000000000, -16.00000000000000000 ) ) ;
#2738 = VERTEX_POINT ( 'NONE', #2349 ) ;
#2739 = ORIENTED_EDGE ( 'NONE', *, *, #382, .T. ) ;
#2740 = CARTESIAN_POINT ( 'NONE',  ( 44.00000000000000711, -30.00000000000000355, -19.99999999999999645 ) ) ;
#2741 = CARTESIAN_POINT ( 'NONE',  ( -43.99999999999882760, -50.00000000000000000, 28.00000000000000355 ) ) ;
#2742 = EDGE_LOOP ( 'NONE', ( #1614, #1002, #33, #1191 ) ) ;
#2743 = EDGE_CURVE ( 'NONE', #455, #480, #1124, .T. ) ;
#2744 = LINE ( 'NONE', #639, #442 ) ;
#2745 = CARTESIAN_POINT ( 'NONE',  ( -40.00000000000000000, 18.00000000000000000, -16.00000000000000000 ) ) ;
#2746 = EDGE_LOOP ( 'NONE', ( #279, #343, #2152, #2229 ) ) ;
#2747 = CARTESIAN_POINT ( 'NONE',  ( 43.99999999999941735, -30.00000000000000355, 5.700000000000003730 ) ) ;
#2748 = AXIS2_PLACEMENT_3D ( 'NONE', #1844, #2070, #2771 ) ;
#2749 = DIRECTION ( 'NONE',  ( 0.000000000000000000, 0.000000000000000000, 1.000000000000000000 ) ) ;
#2750 = ORIENTED_EDGE ( 'NONE', *, *, #1151, .F. ) ;
#2751 = ORIENTED_EDGE ( 'NONE', *, *, #308, .T. ) ;
#2752 = CIRCLE ( 'NONE', #1827, 1.600000000000000755 ) ;
#2753 = DIRECTION ( 'NONE',  ( -0.000000000000000000, 1.000000000000000000, -0.000000000000000000 ) ) ;
#2754 = CIRCLE ( 'NONE', #2995, 1.749999999999999778 ) ;
#2755 = CARTESIAN_POINT ( 'NONE',  ( -36.00000000000000711, -19.55715145312781189, 46.44284854687241904 ) ) ;
#2756 = EDGE_LOOP ( 'NONE', ( #1287, #86 ) ) ;
#2757 = EDGE_CURVE ( 'NONE', #1484, #68, #253, .T. ) ;
#2758 = EDGE_CURVE ( 'NONE', #455, #2761, #1674, .T. ) ;
#2759 = FACE_OUTER_BOUND ( 'NONE', #1519, .T. ) ;
#2760 = CARTESIAN_POINT ( 'NONE',  ( 27.20000000000004192, 25.00000000000000000, 15.24999999999996447 ) ) ;
#2761 = VERTEX_POINT ( 'NONE', #238 ) ;
#2762 = CARTESIAN_POINT ( 'NONE',  ( -27.99999999999999645, -4.000000000000000000, 26.00000000000000000 ) ) ;
#2763 = CARTESIAN_POINT ( 'NONE',  ( 21.00000000000000355, 25.00000000000000000, -30.00000000000000000 ) ) ;
#2764 = CARTESIAN_POINT ( 'NONE',  ( -39.99999999999999289, -25.00000000000000000, -25.99999999999999645 ) ) ;
#2765 = VERTEX_POINT ( 'NONE', #2760 ) ;
#2766 = EDGE_LOOP ( 'NONE', ( #1063, #152, #1415, #783 ) ) ;
#2767 = CARTESIAN_POINT ( 'NONE',  ( -40.00000000000000000, 14.49999999999999645, -30.00000000000000000 ) ) ;
#2768 = ORIENTED_EDGE ( 'NONE', *, *, #598, .T. ) ;
#2769 = CIRCLE ( 'NONE', #727, 1.600000000000000755 ) ;
#2770 = ORIENTED_EDGE ( 'NONE', *, *, #113, .F. ) ;
#2771 = DIRECTION ( 'NONE',  ( 1.000000000000000000, 0.000000000000000000, 0.000000000000000000 ) ) ;
#2772 = DIRECTION ( 'NONE',  ( -0.000000000000000000, -0.000000000000000000, 1.000000000000000000 ) ) ;
#2773 = EDGE_LOOP ( 'NONE', ( #1852, #1476, #1757, #2341 ) ) ;
#2774 = EDGE_CURVE ( 'NONE', #1642, #1484, #2102, .T. ) ;
#2775 = DIRECTION ( 'NONE',  ( 1.000000000000000000, 0.000000000000000000, 0.000000000000000000 ) ) ;
#2776 = PLANE ( 'NONE',  #2680 ) ;
#2777 = DIRECTION ( 'NONE',  ( -1.000000000000000000, 0.000000000000000000, 0.000000000000000000 ) ) ;
#2778 = ORIENTED_EDGE ( 'NONE', *, *, #1962, .T. ) ;
#2779 = EDGE_CURVE ( 'NONE', #703, #626, #882, .T. ) ;
#2780 = ORIENTED_EDGE ( 'NONE', *, *, #162, .T. ) ;
#2781 = CARTESIAN_POINT ( 'NONE',  ( 79.99999999999998579, 6.000000000000000000, 19.28569709374496099 ) ) ;
#2782 = EDGE_LOOP ( 'NONE', ( #1539, #2238, #128, #501, #1562, #1672 ) ) ;
#2783 = DIRECTION ( 'NONE',  ( -1.000000000000000000, -0.000000000000000000, -0.000000000000000000 ) ) ;
#2784 = AXIS2_PLACEMENT_3D ( 'NONE', #2155, #1687, #2201 ) ;
#2785 = VERTEX_POINT ( 'NONE', #2320 ) ;
#2786 = CYLINDRICAL_SURFACE ( 'NONE', #2065, 1.699999999999999289 ) ;
#2787 = CARTESIAN_POINT ( 'NONE',  ( 44.00000000000000711, -30.00000000000000355, -18.29999999999999716 ) ) ;
#2788 = EDGE_LOOP ( 'NONE', ( #1591, #1161, #99, #1944 ) ) ;
#2789 = CARTESIAN_POINT ( 'NONE',  ( -43.99999999999970868, -30.00000000000000355, -6.299999999999996270 ) ) ;
#2790 = VECTOR ( 'NONE', #1607, 1000.000000000000000 ) ;
#2791 = AXIS2_PLACEMENT_3D ( 'NONE', #697, #2457, #623 ) ;
#2792 = CARTESIAN_POINT ( 'NONE',  ( -40.00000000000000000, 14.49999999999999645, 17.38569709374496242 ) ) ;
#2793 = CARTESIAN_POINT ( 'NONE',  ( -30.00000000000000000, 4.000000000000000000, 19.99999999999999645 ) ) ;
#2794 = ORIENTED_EDGE ( 'NONE', *, *, #710, .T. ) ;
#2795 = VERTEX_POINT ( 'NONE', #1169 ) ;
#2796 = EDGE_CURVE ( 'NONE', #920, #126, #2208, .T. ) ;
#2797 = DIRECTION ( 'NONE',  ( 0.000000000000000000, 0.000000000000000000, -1.000000000000000000 ) ) ;
#2798 = VECTOR ( 'NONE', #1324, 1000.000000000000000 ) ;
#2799 = ORIENTED_EDGE ( 'NONE', *, *, #163, .F. ) ;
#2800 = CARTESIAN_POINT ( 'NONE',  ( -43.99999999999911893, -50.00000000000000000, 14.30000000000000782 ) ) ;
#2801 = DIRECTION ( 'NONE',  ( 0.000000000000000000, 0.000000000000000000, 1.000000000000000000 ) ) ;
#2802 = CARTESIAN_POINT ( 'NONE',  ( -43.99999999999941735, -50.00000000000000000, 2.300000000000004263 ) ) ;
#2803 = VERTEX_POINT ( 'NONE', #2581 ) ;
#2804 = DIRECTION ( 'NONE',  ( -0.000000000000000000, 0.000000000000000000, 1.000000000000000000 ) ) ;
#2805 = DIRECTION ( 'NONE',  ( 0.000000000000000000, 0.000000000000000000, 1.000000000000000000 ) ) ;
#2806 = CARTESIAN_POINT ( 'NONE',  ( -27.99999999999999645, 4.000000000000000000, 19.99999999999999645 ) ) ;
#2807 = ORIENTED_EDGE ( 'NONE', *, *, #859, .F. ) ;
#2808 = VERTEX_POINT ( 'NONE', #2787 ) ;
#2809 = CARTESIAN_POINT ( 'NONE',  ( -43.99999999999882760, -50.00000000000000000, 28.00000000000000355 ) ) ;
#2810 = AXIS2_PLACEMENT_3D ( 'NONE', #88, #533, #1167 ) ;
#2811 = VERTEX_POINT ( 'NONE', #2087 ) ;
#2812 = EDGE_CURVE ( 'NONE', #1908, #1785, #1721, .T. ) ;
#2813 = EDGE_CURVE ( 'NONE', #2824, #2643, #1964, .T. ) ;
#2814 = CARTESIAN_POINT ( 'NONE',  ( -43.99999999999970868, -30.00000000000000355, -9.699999999999997513 ) ) ;
#2815 = ORIENTED_EDGE ( 'NONE', *, *, #2669, .F. ) ;
#2816 = EDGE_CURVE ( 'NONE', #922, #951, #1109, .T. ) ;
#2817 = CARTESIAN_POINT ( 'NONE',  ( -36.00000000000001421, 18.00000000000000711, -1.000000000000000888 ) ) ;
#2818 = DIRECTION ( 'NONE',  ( 0.000000000000000000, 0.000000000000000000, -1.000000000000000000 ) ) ;
#2819 = EDGE_LOOP ( 'NONE', ( #2445, #883, #2964, #646 ) ) ;
#2820 = VECTOR ( 'NONE', #374, 1000.000000000000000 ) ;
#2821 = DIRECTION ( 'NONE',  ( -1.000000000000000000, 0.000000000000000000, 0.000000000000000000 ) ) ;
#2822 = CARTESIAN_POINT ( 'NONE',  ( -40.00000000000000000, -9.000000000000000000, 20.88569709374496242 ) ) ;
#2823 = LINE ( 'NONE', #1732, #2400 ) ;
#2824 = VERTEX_POINT ( 'NONE', #2071 ) ;
#2825 = EDGE_LOOP ( 'NONE', ( #1533, #1135, #439, #2108, #1349 ) ) ;
#2826 = DIRECTION ( 'NONE',  ( -1.000000000000000000, 0.000000000000000000, -0.000000000000000000 ) ) ;
#2827 = ORIENTED_EDGE ( 'NONE', *, *, #1111, .F. ) ;
#2828 = ORIENTED_EDGE ( 'NONE', *, *, #2966, .F. ) ;
#2829 = CARTESIAN_POINT ( 'NONE',  ( -32.00000000000000000, 4.000000000000000000, 30.00000000000000000 ) ) ;
#2830 = EDGE_CURVE ( 'NONE', #1484, #1642, #885, .T. ) ;
#2831 = EDGE_CURVE ( 'NONE', #2197, #1527, #702, .T. ) ;
#2832 = CARTESIAN_POINT ( 'NONE',  ( -50.00000000000000000, -25.00000000000000000, 34.00000000000000000 ) ) ;
#2833 = DIRECTION ( 'NONE',  ( 0.000000000000000000, 0.000000000000000000, 1.000000000000000000 ) ) ;
#2834 = ORIENTED_EDGE ( 'NONE', *, *, #1446, .F. ) ;
#2835 = AXIS2_PLACEMENT_3D ( 'NONE', #2745, #2056, #1833 ) ;
#2836 = CYLINDRICAL_SURFACE ( 'NONE', #2553, 1.600000000000000755 ) ;
#2837 = CARTESIAN_POINT ( 'NONE',  ( -40.00000000000000000, -25.00000000000000000, 34.00000000000000000 ) ) ;
#2838 = CARTESIAN_POINT ( 'NONE',  ( 43.99999999999941735, -25.00000000000000000, 5.700000000000003730 ) ) ;
#2839 = LINE ( 'NONE', #1930, #1382 ) ;
#2840 = VERTEX_POINT ( 'NONE', #225 ) ;
#2841 = CIRCLE ( 'NONE', #1529, 1.600000000000001199 ) ;
#2842 = AXIS2_PLACEMENT_3D ( 'NONE', #1095, #1068, #169 ) ;
#2843 = ORIENTED_EDGE ( 'NONE', *, *, #2577, .T. ) ;
#2844 = PLANE ( 'NONE',  #1723 ) ;
#2845 = ORIENTED_EDGE ( 'NONE', *, *, #2655, .F. ) ;
#2846 = VECTOR ( 'NONE', #1466, 1000.000000000000000 ) ;
#2847 = LINE ( 'NONE', #759, #194 ) ;
#2848 = FACE_OUTER_BOUND ( 'NONE', #1428, .T. ) ;
#2849 = DIRECTION ( 'NONE',  ( -0.000000000000000000, 0.000000000000000000, 1.000000000000000000 ) ) ;
#2850 = VERTEX_POINT ( 'NONE', #1590 ) ;
#2851 = ADVANCED_FACE ( 'NONE', ( #431, #897, #1141 ), #684, .F. ) ;
#2852 = EDGE_CURVE ( 'NONE', #540, #2785, #2305, .T. ) ;
#2853 = FACE_OUTER_BOUND ( 'NONE', #218, .T. ) ;
#2854 = DIRECTION ( 'NONE',  ( 1.000000000000000000, 0.000000000000000000, 0.000000000000000000 ) ) ;
#2855 = DIRECTION ( 'NONE',  ( 0.000000000000000000, 0.000000000000000000, -1.000000000000000000 ) ) ;
#2856 = ORIENTED_EDGE ( 'NONE', *, *, #1568, .F. ) ;
#2857 = DIRECTION ( 'NONE',  ( 1.000000000000000000, 0.000000000000000000, -0.000000000000000000 ) ) ;
#2858 = DIRECTION ( 'NONE',  ( 0.000000000000000000, 1.000000000000000000, 0.000000000000000000 ) ) ;
#2859 = VERTEX_POINT ( 'NONE', #910 ) ;
#2860 = CARTESIAN_POINT ( 'NONE',  ( -43.99999999999911893, -50.00000000000000000, 16.00000000000000711 ) ) ;
#2861 = FACE_OUTER_BOUND ( 'NONE', #307, .T. ) ;
#2862 = VECTOR ( 'NONE', #1237, 1000.000000000000000 ) ;
#2863 = FACE_OUTER_BOUND ( 'NONE', #274, .T. ) ;
#2864 = ORIENTED_EDGE ( 'NONE', *, *, #2275, .F. ) ;
#2865 = LINE ( 'NONE', #581, #1390 ) ;
#2866 = CARTESIAN_POINT ( 'NONE',  ( -40.00000000000000000, 30.00000000000000355, -30.00000000000000000 ) ) ;
#2867 = LINE ( 'NONE', #781, #173 ) ;
#2868 = VERTEX_POINT ( 'NONE', #459 ) ;
#2869 = EDGE_CURVE ( 'NONE', #945, #1087, #1845, .T. ) ;
#2870 = VECTOR ( 'NONE', #2200, 1000.000000000000000 ) ;
#2871 = ORIENTED_EDGE ( 'NONE', *, *, #821, .T. ) ;
#2872 = VECTOR ( 'NONE', #2693, 1000.000000000000000 ) ;
#2873 = DIRECTION ( 'NONE',  ( 0.000000000000000000, 1.000000000000000000, -0.000000000000000000 ) ) ;
#2874 = EDGE_CURVE ( 'NONE', #2623, #1601, #2550, .T. ) ;
#2875 = ORIENTED_EDGE ( 'NONE', *, *, #1060, .F. ) ;
#2876 = DIRECTION ( 'NONE',  ( 0.000000000000000000, 0.000000000000000000, 1.000000000000000000 ) ) ;
#2877 = DIRECTION ( 'NONE',  ( -0.000000000000000000, 1.000000000000000000, -0.000000000000000000 ) ) ;
#2878 = DIRECTION ( 'NONE',  ( 0.000000000000000000, -0.000000000000000000, 1.000000000000000000 ) ) ;
#2879 = EDGE_LOOP ( 'NONE', ( #680, #1769, #2373, #514 ) ) ;
#2880 = FILL_AREA_STYLE_COLOUR ( '', #1338 ) ;
#2881 = ADVANCED_FACE ( 'NONE', ( #2863 ), #105, .F. ) ;
#2882 = DIRECTION ( 'NONE',  ( -0.000000000000000000, 1.000000000000000000, -0.000000000000000000 ) ) ;
#2883 = VECTOR ( 'NONE', #2772, 1000.000000000000000 ) ;
#2884 = CARTESIAN_POINT ( 'NONE',  ( 79.99999999999998579, -9.000000000000000000, 22.48569709374496384 ) ) ;
#2885 = VERTEX_POINT ( 'NONE', #1185 ) ;
#2886 = CIRCLE ( 'NONE', #127, 1.700000000000000178 ) ;
#2887 = ORIENTED_EDGE ( 'NONE', *, *, #528, .F. ) ;
#2888 = LINE ( 'NONE', #1522, #2523 ) ;
#2889 = ORIENTED_EDGE ( 'NONE', *, *, #250, .T. ) ;
#2890 = EDGE_CURVE ( 'NONE', #170, #443, #762, .T. ) ;
#2891 = ADVANCED_FACE ( 'NONE', ( #563, #2178, #314, #793, #2117 ), #2396, .F. ) ;
#2892 = CIRCLE ( 'NONE', #1621, 1.700000000000000178 ) ;
#2893 = CARTESIAN_POINT ( 'NONE',  ( 40.00000000000000000, -14.50000000000000178, -30.00000000000000355 ) ) ;
#2894 = LINE ( 'NONE', #1741, #1780 ) ;
#2895 = APPLICATION_PROTOCOL_DEFINITION ( 'draft international standard', 'automotive_design', 1998, #1346 ) ;
#2896 = ORIENTED_EDGE ( 'NONE', *, *, #2562, .T. ) ;
#2897 = DIRECTION ( 'NONE',  ( 1.000000000000000000, 0.000000000000000000, -1.156482317317871478E-16 ) ) ;
#2898 = CARTESIAN_POINT ( 'NONE',  ( -49.99999999999999289, -25.00000000000000000, -25.99999999999999645 ) ) ;
#2899 = DIRECTION ( 'NONE',  ( 0.000000000000000000, -1.000000000000000000, 0.000000000000000000 ) ) ;
#2900 = ORIENTED_EDGE ( 'NONE', *, *, #2180, .F. ) ;
#2901 = VECTOR ( 'NONE', #2483, 1000.000000000000000 ) ;
#2902 = DIRECTION ( 'NONE',  ( -0.000000000000000000, -0.000000000000000000, 1.000000000000000000 ) ) ;
#2903 = DIRECTION ( 'NONE',  ( 0.000000000000000000, -1.000000000000000000, 0.000000000000000000 ) ) ;
#2904 = ORIENTED_EDGE ( 'NONE', *, *, #531, .T. ) ;
#2905 = DIRECTION ( 'NONE',  ( -1.000000000000000000, -0.000000000000000000, -0.000000000000000000 ) ) ;
#2906 = EDGE_CURVE ( 'NONE', #2761, #1894, #1680, .T. ) ;
#2907 = AXIS2_PLACEMENT_3D ( 'NONE', #1751, #587, #85 ) ;
#2908 = CARTESIAN_POINT ( 'NONE',  ( -43.99999999999970868, -25.00000000000000000, -7.999999999999996447 ) ) ;
#2909 = CARTESIAN_POINT ( 'NONE',  ( 0.000000000000000000, 0.000000000000000000, 0.000000000000000000 ) ) ;
#2910 = AXIS2_PLACEMENT_3D ( 'NONE', #2408, #2470, #2697 ) ;
#2911 = VERTEX_POINT ( 'NONE', #2165 ) ;
#2912 = EDGE_CURVE ( 'NONE', #1804, #456, #2237, .T. ) ;
#2913 = VECTOR ( 'NONE', #2597, 1000.000000000000000 ) ;
#2914 = CARTESIAN_POINT ( 'NONE',  ( 27.20000000000004192, 20.00000000000000355, -10.96000000000003460 ) ) ;
#2915 = CARTESIAN_POINT ( 'NONE',  ( 32.00000000000000000, 4.000000000000000888, 26.00000000000000000 ) ) ;
#2916 = CARTESIAN_POINT ( 'NONE',  ( -36.00000000000001421, 18.00000000000000711, -2.600000000000001865 ) ) ;
#2917 = ORIENTED_EDGE ( 'NONE', *, *, #1064, .F. ) ;
#2918 = CIRCLE ( 'NONE', #1703, 1.600000000000000755 ) ;
#2919 = ORIENTED_EDGE ( 'NONE', *, *, #2315, .F. ) ;
#2920 = EDGE_LOOP ( 'NONE', ( #1378, #1959 ) ) ;
#2921 = DIRECTION ( 'NONE',  ( -1.000000000000000000, -0.000000000000000000, -0.000000000000000000 ) ) ;
#2922 = AXIS2_PLACEMENT_3D ( 'NONE', #2665, #572, #1507 ) ;
#2923 = ORIENTED_EDGE ( 'NONE', *, *, #94, .F. ) ;
#2924 = FACE_BOUND ( 'NONE', #2159, .T. ) ;
#2925 = EDGE_CURVE ( 'NONE', #231, #1976, #2626, .T. ) ;
#2926 = DIRECTION ( 'NONE',  ( 0.000000000000000000, -1.000000000000000000, 0.000000000000000000 ) ) ;
#2927 = ORIENTED_EDGE ( 'NONE', *, *, #220, .T. ) ;
#2928 = ADVANCED_FACE ( 'NONE', ( #776, #2613, #522 ), #2642, .F. ) ;
#2929 = DIRECTION ( 'NONE',  ( 1.000000000000000000, -0.000000000000000000, -0.000000000000000000 ) ) ;
#2930 = AXIS2_PLACEMENT_3D ( 'NONE', #1288, #2219, #529 ) ;
#2931 = CARTESIAN_POINT ( 'NONE',  ( -30.00000000000000000, -4.000000000000000000, 19.99999999999999645 ) ) ;
#2932 = LINE ( 'NONE', #2444, #124 ) ;
#2933 = ORIENTED_EDGE ( 'NONE', *, *, #1153, .T. ) ;
#2934 = CARTESIAN_POINT ( 'NONE',  ( 39.99999999999999289, -30.00000000000000355, -25.99999999999999645 ) ) ;
#2935 = DIRECTION ( 'NONE',  ( 0.000000000000000000, 0.000000000000000000, -1.000000000000000000 ) ) ;
#2936 = ORIENTED_EDGE ( 'NONE', *, *, #2469, .T. ) ;
#2937 = DIRECTION ( 'NONE',  ( 0.000000000000000000, 0.000000000000000000, -1.000000000000000000 ) ) ;
#2938 = VECTOR ( 'NONE', #64, 1000.000000000000000 ) ;
#2939 = VECTOR ( 'NONE', #2556, 1000.000000000000000 ) ;
#2940 = PLANE ( 'NONE',  #2363 ) ;
#2941 = ORIENTED_EDGE ( 'NONE', *, *, #2906, .F. ) ;
#2942 = FACE_OUTER_BOUND ( 'NONE', #2782, .T. ) ;
#2943 = CIRCLE ( 'NONE', #1634, 1.600000000000000755 ) ;
#2944 = CARTESIAN_POINT ( 'NONE',  ( -43.99999999999941735, -30.00000000000000355, 5.700000000000003730 ) ) ;
#2945 = LINE ( 'NONE', #183, #1278 ) ;
#2946 = ORIENTED_EDGE ( 'NONE', *, *, #1551, .F. ) ;
#2947 = EDGE_CURVE ( 'NONE', #1534, #1436, #1939, .T. ) ;
#2948 = EDGE_CURVE ( 'NONE', #1949, #68, #1213, .T. ) ;
#2949 = CARTESIAN_POINT ( 'NONE',  ( 27.20000000000004192, 25.00000000000000000, 18.74999999999996803 ) ) ;
#2950 = DIRECTION ( 'NONE',  ( -1.000000000000000000, -0.000000000000000000, -0.000000000000000000 ) ) ;
#2951 = ADVANCED_FACE ( 'NONE', ( #2657 ), #1893, .F. ) ;
#2952 = VERTEX_POINT ( 'NONE', #268 ) ;
#2953 = FACE_OUTER_BOUND ( 'NONE', #634, .T. ) ;
#2954 = CARTESIAN_POINT ( 'NONE',  ( 0.000000000000000000, -30.00000000000000355, 0.000000000000000000 ) ) ;
#2955 = ORIENTED_EDGE ( 'NONE', *, *, #1166, .F. ) ;
#2956 = DIRECTION ( 'NONE',  ( 0.000000000000000000, 0.000000000000000000, -1.000000000000000000 ) ) ;
#2957 = FACE_OUTER_BOUND ( 'NONE', #2742, .T. ) ;
#2958 = EDGE_LOOP ( 'NONE', ( #1102, #738, #1033, #2123 ) ) ;
#2959 = CARTESIAN_POINT ( 'NONE',  ( 50.00000000000000000, -25.00000000000000000, 34.00000000000000000 ) ) ;
#2960 = PRODUCT_DEFINITION ( 'ๆ', '', #1158, #2077 ) ;
#2961 = DIRECTION ( 'NONE',  ( -0.000000000000000000, 1.000000000000000000, -0.000000000000000000 ) ) ;
#2962 = ORIENTED_EDGE ( 'NONE', *, *, #2181, .F. ) ;
#2963 = AXIS2_PLACEMENT_3D ( 'NONE', #956, #1017, #2818 ) ;
#2964 = ORIENTED_EDGE ( 'NONE', *, *, #1004, .F. ) ;
#2965 = AXIS2_PLACEMENT_3D ( 'NONE', #2371, #2, #1896 ) ;
#2966 = EDGE_CURVE ( 'NONE', #2145, #2911, #43, .T. ) ;
#2967 = FACE_BOUND ( 'NONE', #828, .T. ) ;
#2968 = AXIS2_PLACEMENT_3D ( 'NONE', #2817, #2535, #715 ) ;
#2969 = FACE_BOUND ( 'NONE', #863, .T. ) ;
#2970 = ORIENTED_EDGE ( 'NONE', *, *, #2353, .T. ) ;
#2971 = CARTESIAN_POINT ( 'NONE',  ( 40.00000000000000000, 9.499999999999964473, 17.38569709374496242 ) ) ;
#2972 = DIRECTION ( 'NONE',  ( -1.000000000000000000, -0.000000000000000000, -0.000000000000000000 ) ) ;
#2973 = ORIENTED_EDGE ( 'NONE', *, *, #1097, .T. ) ;
#2974 = DIRECTION ( 'NONE',  ( -1.000000000000000000, -0.000000000000000000, -0.000000000000000000 ) ) ;
#2975 = DIRECTION ( 'NONE',  ( 0.000000000000000000, 0.000000000000000000, 1.000000000000000000 ) ) ;
#2976 = ORIENTED_EDGE ( 'NONE', *, *, #1060, .T. ) ;
#2977 = VERTEX_POINT ( 'NONE', #507 ) ;
#2978 = FACE_BOUND ( 'NONE', #1737, .T. ) ;
#2979 = EDGE_CURVE ( 'NONE', #137, #2765, #1061, .T. ) ;
#2980 = EDGE_CURVE ( 'NONE', #371, #2520, #1438, .T. ) ;
#2981 = DIRECTION ( 'NONE',  ( 1.000000000000000000, 0.000000000000000000, 0.000000000000000000 ) ) ;
#2982 = EDGE_LOOP ( 'NONE', ( #486, #1914, #1142, #671 ) ) ;
#2983 = AXIS2_PLACEMENT_3D ( 'NONE', #2540, #273, #450 ) ;
#2984 = ADVANCED_BREP_SHAPE_REPRESENTATION ( 'esp32_dc', ( #2182, #2578 ), #2187 ) ;
#2985 = DIRECTION ( 'NONE',  ( 0.000000000000000000, 0.000000000000000000, 1.000000000000000000 ) ) ;
#2986 = DIRECTION ( 'NONE',  ( 0.000000000000000000, 0.000000000000000000, 1.000000000000000000 ) ) ;
#2987 = ORIENTED_EDGE ( 'NONE', *, *, #1308, .F. ) ;
#2988 = FACE_OUTER_BOUND ( 'NONE', #2570, .T. ) ;
#2989 = CIRCLE ( 'NONE', #277, 2.000000000000001776 ) ;
#2990 = DIRECTION ( 'NONE',  ( -1.239088197126291063E-16, 0.000000000000000000, 1.000000000000000000 ) ) ;
#2991 = DIRECTION ( 'NONE',  ( 1.000000000000000000, -0.000000000000000000, -0.000000000000000000 ) ) ;
#2992 = ORIENTED_EDGE ( 'NONE', *, *, #416, .T. ) ;
#2993 = VERTEX_POINT ( 'NONE', #2133 ) ;
#2994 = CARTESIAN_POINT ( 'NONE',  ( 32.00000000000000000, 4.000000000000000888, 19.99999999999999645 ) ) ;
#2995 = AXIS2_PLACEMENT_3D ( 'NONE', #834, #546, #1725 ) ;
#2996 = EDGE_CURVE ( 'NONE', #175, #1534, #2918, .T. ) ;
#2997 = ORIENTED_EDGE ( 'NONE', *, *, #328, .F. ) ;
#2998 = EDGE_CURVE ( 'NONE', #2607, #2840, #1907, .T. ) ;
#2999 = FACE_OUTER_BOUND ( 'NONE', #1742, .T. ) ;
#3000 = CARTESIAN_POINT ( 'NONE',  ( 40.00000000000000000, -30.00000000000000355, 30.00000000000000000 ) ) ;
#3001 = VERTEX_POINT ( 'NONE', #1798 ) ;
ENDSEC;
END-ISO-10303-21;
