ISO-10303-21;
HEADER;
FILE_DESCRIPTION (( 'STEP AP214' ),
    '1' );
FILE_NAME ('feet1.STEP',
    '2026-05-03T06:25:31',
    ( '' ),
    ( '' ),
    'SwSTEP 2.0',
    'SolidWorks 2025',
    '' );
FILE_SCHEMA (( 'AUTOMOTIVE_DESIGN' ));
ENDSEC;

DATA;
#1 =( NAMED_UNIT ( * ) SI_UNIT ( $, .STERADIAN. ) SOLID_ANGLE_UNIT ( ) );
#2 = DIRECTION ( 'NONE',  ( 0.000000000000000000, 0.000000000000000000, -1.000000000000000000 ) ) ;
#3 = LINE ( 'NONE', #746, #2292 ) ;
#4 = ADVANCED_FACE ( 'NONE', ( #2079 ), #433, .F. ) ;
#5 = LINE ( 'NONE', #2363, #2222 ) ;
#6 = CARTESIAN_POINT ( 'NONE',  ( 7.499999999999996447, 3.500000000000000000, 5.900000000000000355 ) ) ;
#7 = ORIENTED_EDGE ( 'NONE', *, *, #1393, .F. ) ;
#8 = ORIENTED_EDGE ( 'NONE', *, *, #1051, .F. ) ;
#9 = LINE ( 'NONE', #957, #2272 ) ;
#10 = ADVANCED_FACE ( 'NONE', ( #2066 ), #2090, .F. ) ;
#11 = ORIENTED_EDGE ( 'NONE', *, *, #1505, .T. ) ;
#12 = CYLINDRICAL_SURFACE ( 'NONE', #692, 1.599999999999997202 ) ;
#13 = LINE ( 'NONE', #2219, #350 ) ;
#14 = LINE ( 'NONE', #1308, #1060 ) ;
#15 = DIRECTION ( 'NONE',  ( -0.000000000000000000, 1.000000000000000000, -0.000000000000000000 ) ) ;
#16 = CARTESIAN_POINT ( 'NONE',  ( -32.50000000000000000, 0.000000000000000000, 59.99999999999999289 ) ) ;
#17 = ORIENTED_EDGE ( 'NONE', *, *, #592, .T. ) ;
#18 = ORIENTED_EDGE ( 'NONE', *, *, #1551, .F. ) ;
#19 = EDGE_CURVE ( 'NONE', #31, #1911, #930, .T. ) ;
#20 = DIRECTION ( 'NONE',  ( 0.000000000000000000, 1.000000000000000000, 0.000000000000000000 ) ) ;
#21 = CIRCLE ( 'NONE', #214, 1.599999999999997202 ) ;
#22 = ORIENTED_EDGE ( 'NONE', *, *, #841, .T. ) ;
#23 = EDGE_CURVE ( 'NONE', #459, #1691, #1709, .T. ) ;
#24 = VERTEX_POINT ( 'NONE', #1368 ) ;
#25 = CARTESIAN_POINT ( 'NONE',  ( 30.50000000000001421, 3.500000000000000000, 56.60000000000000853 ) ) ;
#26 = ORIENTED_EDGE ( 'NONE', *, *, #648, .T. ) ;
#27 = CARTESIAN_POINT ( 'NONE',  ( -32.96838372995788546, 26.50000000000000000, -0.09999999999844161325 ) ) ;
#28 = AXIS2_PLACEMENT_3D ( 'NONE', #2151, #1043, #122 ) ;
#29 = CARTESIAN_POINT ( 'NONE',  ( -25.14999999999923475, 21.59999999999735820, 12.99999999999998401 ) ) ;
#30 = DIRECTION ( 'NONE',  ( 0.000000000000000000, -0.000000000000000000, 1.000000000000000000 ) ) ;
#31 = VERTEX_POINT ( 'NONE', #1888 ) ;
#32 = ORIENTED_EDGE ( 'NONE', *, *, #1247, .F. ) ;
#33 = CARTESIAN_POINT ( 'NONE',  ( -25.14999999999923475, 21.59999999999735820, -87.00000000000000000 ) ) ;
#34 = EDGE_CURVE ( 'NONE', #551, #346, #299, .T. ) ;
#35 = EDGE_LOOP ( 'NONE', ( #553, #55, #671, #936 ) ) ;
#36 = SHAPE_DEFINITION_REPRESENTATION ( #292, #117 ) ;
#37 = AXIS2_PLACEMENT_3D ( 'NONE', #110, #337, #150 ) ;
#38 = EDGE_CURVE ( 'NONE', #482, #2204, #1847, .T. ) ;
#39 = CARTESIAN_POINT ( 'NONE',  ( 6.149999999999737454, 16.59999999999728360, -40.14000000000000767 ) ) ;
#40 = CARTESIAN_POINT ( 'NONE',  ( 32.50000000000000000, 3.500000000000000000, -0.09999999999844377818 ) ) ;
#41 = ORIENTED_EDGE ( 'NONE', *, *, #38, .F. ) ;
#42 = EDGE_LOOP ( 'NONE', ( #2189, #143, #2092, #32 ) ) ;
#43 = DIRECTION ( 'NONE',  ( 0.000000000000000000, 1.000000000000000000, 0.000000000000000000 ) ) ;
#44 = ORIENTED_EDGE ( 'NONE', *, *, #1197, .F. ) ;
#45 = VECTOR ( 'NONE', #2131, 1000.000000000000000 ) ;
#46 = CARTESIAN_POINT ( 'NONE',  ( 7.499999999999996447, -126.4999999999999716, 7.500000000000003553 ) ) ;
#47 = CARTESIAN_POINT ( 'NONE',  ( -16.90000000000000213, 28.50000000000000000, -40.14000000000000767 ) ) ;
#48 = EDGE_CURVE ( 'NONE', #1461, #500, #2153, .T. ) ;
#49 = DIRECTION ( 'NONE',  ( 0.000000000000000000, -1.000000000000000000, 0.000000000000000000 ) ) ;
#50 = VERTEX_POINT ( 'NONE', #824 ) ;
#51 = LINE ( 'NONE', #2117, #620 ) ;
#52 = DIRECTION ( 'NONE',  ( -1.000000000000000000, 0.000000000000000000, 0.000000000000000000 ) ) ;
#53 = ORIENTED_EDGE ( 'NONE', *, *, #2343, .F. ) ;
#54 = DIRECTION ( 'NONE',  ( -1.000000000000000000, 0.000000000000000000, 0.000000000000000000 ) ) ;
#55 = ORIENTED_EDGE ( 'NONE', *, *, #762, .T. ) ;
#56 = DIRECTION ( 'NONE',  ( 0.000000000000000000, 0.000000000000000000, -1.000000000000000000 ) ) ;
#57 = EDGE_CURVE ( 'NONE', #933, #2367, #627, .T. ) ;
#58 = VECTOR ( 'NONE', #430, 1000.000000000000000 ) ;
#59 = AXIS2_PLACEMENT_3D ( 'NONE', #941, #993, #611 ) ;
#60 = CARTESIAN_POINT ( 'NONE',  ( -15.50000000000001421, 0.000000000000000000, -55.00000000000000711 ) ) ;
#61 = PLANE ( 'NONE',  #1795 ) ;
#62 = ORIENTED_EDGE ( 'NONE', *, *, #2095, .F. ) ;
#63 = DIRECTION ( 'NONE',  ( 0.000000000000000000, 0.000000000000000000, -1.000000000000000000 ) ) ;
#64 = CARTESIAN_POINT ( 'NONE',  ( -32.96838372995787836, 3.500000000000000000, 12.99999999999999112 ) ) ;
#65 = ORIENTED_EDGE ( 'NONE', *, *, #48, .F. ) ;
#66 = LINE ( 'NONE', #664, #468 ) ;
#67 = CIRCLE ( 'NONE', #1491, 1.600000000000004086 ) ;
#68 = VERTEX_POINT ( 'NONE', #1912 ) ;
#69 = DIRECTION ( 'NONE',  ( 0.000000000000000000, -1.000000000000000000, 0.000000000000000000 ) ) ;
#70 = AXIS2_PLACEMENT_3D ( 'NONE', #2194, #1666, #901 ) ;
#71 = CIRCLE ( 'NONE', #435, 1.600000000000001643 ) ;
#72 = VECTOR ( 'NONE', #1093, 1000.000000000000000 ) ;
#73 = DIRECTION ( 'NONE',  ( 0.000000000000000000, 0.000000000000000000, 1.000000000000000000 ) ) ;
#74 = LINE ( 'NONE', #984, #364 ) ;
#75 = EDGE_CURVE ( 'NONE', #346, #1176, #422, .T. ) ;
#76 = ORIENTED_EDGE ( 'NONE', *, *, #2329, .F. ) ;
#77 = DIRECTION ( 'NONE',  ( 0.000000000000000000, 0.000000000000000000, -1.000000000000000000 ) ) ;
#78 = DIRECTION ( 'NONE',  ( 0.000000000000000000, 0.000000000000000000, 1.000000000000000000 ) ) ;
#79 = EDGE_LOOP ( 'NONE', ( #971, #1673 ) ) ;
#80 = CARTESIAN_POINT ( 'NONE',  ( 32.49999999999999289, 3.500000000000000000, -34.14000000000000057 ) ) ;
#81 = EDGE_CURVE ( 'NONE', #1130, #1662, #51, .T. ) ;
#82 = ORIENTED_EDGE ( 'NONE', *, *, #1217, .T. ) ;
#83 = CARTESIAN_POINT ( 'NONE',  ( 39.73676745987322079, 28.49999999999999645, -40.14000000000000767 ) ) ;
#84 = DIRECTION ( 'NONE',  ( 0.000000000000000000, 0.000000000000000000, -1.000000000000000000 ) ) ;
#85 = LINE ( 'NONE', #95, #1255 ) ;
#86 = ORIENTED_EDGE ( 'NONE', *, *, #2302, .T. ) ;
#87 = LINE ( 'NONE', #255, #1532 ) ;
#88 = DIRECTION ( 'NONE',  ( 0.000000000000000000, 0.000000000000000000, -1.000000000000000000 ) ) ;
#89 = EDGE_CURVE ( 'NONE', #959, #847, #87, .T. ) ;
#90 = ORIENTED_EDGE ( 'NONE', *, *, #1995, .F. ) ;
#91 = CARTESIAN_POINT ( 'NONE',  ( -32.96838372995788546, 28.49999999999999645, -34.14000000000000057 ) ) ;
#92 = DIRECTION ( 'NONE',  ( 0.000000000000000000, -1.000000000000000000, 0.000000000000000000 ) ) ;
#93 = VECTOR ( 'NONE', #2374, 1000.000000000000000 ) ;
#94 = CARTESIAN_POINT ( 'NONE',  ( -42.50000000000000711, 3.500000000000000000, 49.99999999999995737 ) ) ;
#95 = CARTESIAN_POINT ( 'NONE',  ( -23.43676745991574961, 33.50000000000000000, 12.99999999999999112 ) ) ;
#96 = ORIENTED_EDGE ( 'NONE', *, *, #830, .F. ) ;
#97 = CARTESIAN_POINT ( 'NONE',  ( 15.50000000000001421, -116.4999999999999858, 56.60000000000000142 ) ) ;
#98 = FACE_OUTER_BOUND ( 'NONE', #2369, .T. ) ;
#99 = ORIENTED_EDGE ( 'NONE', *, *, #1530, .F. ) ;
#100 = DIRECTION ( 'NONE',  ( -0.000000000000000000, 1.000000000000000000, 1.156482317317871478E-16 ) ) ;
#101 = EDGE_CURVE ( 'NONE', #1512, #1419, #494, .T. ) ;
#102 = CIRCLE ( 'NONE', #1264, 1.599999999999997202 ) ;
#103 = LINE ( 'NONE', #1977, #889 ) ;
#104 = DIRECTION ( 'NONE',  ( 0.000000000000000000, 0.000000000000000000, -1.000000000000000000 ) ) ;
#105 = VECTOR ( 'NONE', #1003, 1000.000000000000000 ) ;
#106 = CYLINDRICAL_SURFACE ( 'NONE', #1594, 1.600000000000004086 ) ;
#107 = EDGE_CURVE ( 'NONE', #1434, #50, #71, .T. ) ;
#108 = EDGE_LOOP ( 'NONE', ( #193, #355, #1803, #1876 ) ) ;
#109 = CARTESIAN_POINT ( 'NONE',  ( 7.499999999999996447, 0.000000000000000000, 5.900000000000000355 ) ) ;
#110 = CARTESIAN_POINT ( 'NONE',  ( -27.34999999999985221, 21.59999999999735820, 27.99999999999998934 ) ) ;
#111 = CIRCLE ( 'NONE', #539, 1.650000000000000355 ) ;
#112 = ORIENTED_EDGE ( 'NONE', *, *, #659, .T. ) ;
#113 = CARTESIAN_POINT ( 'NONE',  ( 15.50000000000001421, 3.500000000000000000, 53.40000000000001279 ) ) ;
#114 = CARTESIAN_POINT ( 'NONE',  ( 30.50000000000001421, 0.000000000000000000, 55.00000000000000711 ) ) ;
#115 = EDGE_CURVE ( 'NONE', #2154, #1142, #276, .T. ) ;
#116 = LINE ( 'NONE', #2304, #338 ) ;
#117 = ADVANCED_BREP_SHAPE_REPRESENTATION ( 'feet1', ( #2139, #1881 ), #457 ) ;
#118 = DIRECTION ( 'NONE',  ( 0.000000000000000000, 0.000000000000000000, 1.000000000000000000 ) ) ;
#119 = EDGE_CURVE ( 'NONE', #1718, #187, #845, .T. ) ;
#120 = ORIENTED_EDGE ( 'NONE', *, *, #613, .F. ) ;
#121 = DIRECTION ( 'NONE',  ( 0.7071067811865465735, -0.000000000000000000, 0.7071067811865485719 ) ) ;
#122 = DIRECTION ( 'NONE',  ( 1.000000000000000000, 0.000000000000000000, 0.000000000000000000 ) ) ;
#123 = ORIENTED_EDGE ( 'NONE', *, *, #1857, .T. ) ;
#124 = DIRECTION ( 'NONE',  ( 0.000000000000000000, 1.000000000000000000, -0.000000000000000000 ) ) ;
#125 = ORIENTED_EDGE ( 'NONE', *, *, #1478, .F. ) ;
#126 = ORIENTED_EDGE ( 'NONE', *, *, #464, .T. ) ;
#127 = CARTESIAN_POINT ( 'NONE',  ( -32.49999999999997158, 3.500000000000000000, -60.00000000000000711 ) ) ;
#128 = VECTOR ( 'NONE', #1997, 1000.000000000000000 ) ;
#129 = CARTESIAN_POINT ( 'NONE',  ( 39.73676745987322079, 87.48490993466043619, -40.14000000000000767 ) ) ;
#130 = CARTESIAN_POINT ( 'NONE',  ( 32.50000000000000000, 26.50000000000000000, -18.09999999999843823 ) ) ;
#131 = EDGE_CURVE ( 'NONE', #2352, #2144, #1972, .T. ) ;
#132 = AXIS2_PLACEMENT_3D ( 'NONE', #506, #854, #905 ) ;
#133 = ORIENTED_EDGE ( 'NONE', *, *, #1433, .F. ) ;
#134 = CARTESIAN_POINT ( 'NONE',  ( 24.73676745987322434, 33.50000000000000000, 27.99999999999998934 ) ) ;
#135 = ORIENTED_EDGE ( 'NONE', *, *, #227, .T. ) ;
#136 = CARTESIAN_POINT ( 'NONE',  ( 32.49999999999998579, 3.500000000000000000, -60.00000000000000711 ) ) ;
#137 = ORIENTED_EDGE ( 'NONE', *, *, #1493, .F. ) ;
#138 = CIRCLE ( 'NONE', #1498, 1.600000000000004086 ) ;
#139 = PLANE ( 'NONE',  #819 ) ;
#140 = VECTOR ( 'NONE', #1935, 1000.000000000000000 ) ;
#141 = VECTOR ( 'NONE', #1873, 1000.000000000000000 ) ;
#142 = EDGE_CURVE ( 'NONE', #2120, #1595, #1569, .T. ) ;
#143 = ORIENTED_EDGE ( 'NONE', *, *, #368, .T. ) ;
#144 = DIRECTION ( 'NONE',  ( 0.000000000000000000, 0.000000000000000000, -1.000000000000000000 ) ) ;
#145 = CARTESIAN_POINT ( 'NONE',  ( 19.94999999995602025, 11.59999999999735643, 14.49999999999998579 ) ) ;
#146 = CARTESIAN_POINT ( 'NONE',  ( -30.50000000000001421, 3.500000000000000000, -55.00000000000000711 ) ) ;
#147 = VECTOR ( 'NONE', #657, 1000.000000000000000 ) ;
#148 = VERTEX_POINT ( 'NONE', #1435 ) ;
#149 = DIRECTION ( 'NONE',  ( -0.7071067811865465735, -0.000000000000000000, -0.7071067811865485719 ) ) ;
#150 = DIRECTION ( 'NONE',  ( 1.000000000000000000, 0.000000000000000000, 0.000000000000000000 ) ) ;
#151 = VECTOR ( 'NONE', #784, 1000.000000000000000 ) ;
#152 = AXIS2_PLACEMENT_3D ( 'NONE', #256, #2276, #628 ) ;
#153 = ORIENTED_EDGE ( 'NONE', *, *, #1505, .F. ) ;
#154 = CARTESIAN_POINT ( 'NONE',  ( -42.50000000000000711, 3.500000000000000000, -49.99999999999999289 ) ) ;
#155 = VERTEX_POINT ( 'NONE', #109 ) ;
#156 = EDGE_CURVE ( 'NONE', #2169, #626, #2307, .T. ) ;
#157 = EDGE_LOOP ( 'NONE', ( #630, #1939, #696, #461 ) ) ;
#158 = DIRECTION ( 'NONE',  ( 0.000000000000000000, 0.000000000000000000, -1.000000000000000000 ) ) ;
#159 = CARTESIAN_POINT ( 'NONE',  ( 18.42999999999994287, 3.500000000000000000, 14.49999999999999112 ) ) ;
#160 = ORIENTED_EDGE ( 'NONE', *, *, #733, .T. ) ;
#161 = CARTESIAN_POINT ( 'NONE',  ( 15.50000000000001421, 3.500000000000000000, 55.00000000000000711 ) ) ;
#162 = CARTESIAN_POINT ( 'NONE',  ( -32.50000000000000000, 3.500000000000000000, 59.99999999999999289 ) ) ;
#163 = CARTESIAN_POINT ( 'NONE',  ( 15.50000000000001421, -116.4999999999999858, 55.00000000000000711 ) ) ;
#164 = AXIS2_PLACEMENT_3D ( 'NONE', #938, #54, #1455 ) ;
#165 = VERTEX_POINT ( 'NONE', #312 ) ;
#166 = DIRECTION ( 'NONE',  ( -0.000000000000000000, -0.000000000000000000, 1.000000000000000000 ) ) ;
#167 = EDGE_CURVE ( 'NONE', #1129, #1718, #1763, .T. ) ;
#168 = CARTESIAN_POINT ( 'NONE',  ( 22.14999999995703917, 11.59999999999735643, -87.00000000000000000 ) ) ;
#169 = CARTESIAN_POINT ( 'NONE',  ( -42.50000000000000711, 3.500000000000000000, 59.99999999999999289 ) ) ;
#170 = EDGE_LOOP ( 'NONE', ( #1900, #99 ) ) ;
#171 = LINE ( 'NONE', #1492, #2366 ) ;
#172 = PLANE ( 'NONE',  #767 ) ;
#173 = DIRECTION ( 'NONE',  ( -0.000000000000000000, 1.000000000000000000, -0.000000000000000000 ) ) ;
#174 = AXIS2_PLACEMENT_3D ( 'NONE', #470, #1432, #118 ) ;
#175 = ORIENTED_EDGE ( 'NONE', *, *, #733, .F. ) ;
#176 = CARTESIAN_POINT ( 'NONE',  ( -42.50000000000000711, 0.000000000000000000, -60.00000000000000711 ) ) ;
#177 = AXIS2_PLACEMENT_3D ( 'NONE', #1136, #1856, #1101 ) ;
#178 = ORIENTED_EDGE ( 'NONE', *, *, #1457, .T. ) ;
#179 = EDGE_CURVE ( 'NONE', #636, #1645, #211, .T. ) ;
#180 = ORIENTED_EDGE ( 'NONE', *, *, #1548, .T. ) ;
#181 = CARTESIAN_POINT ( 'NONE',  ( 15.50000000000001421, 3.500000000000000000, -55.00000000000000711 ) ) ;
#182 = ORIENTED_EDGE ( 'NONE', *, *, #1180, .T. ) ;
#183 = DIRECTION ( 'NONE',  ( -0.000000000000000000, -0.000000000000000000, 1.000000000000000000 ) ) ;
#184 = DIRECTION ( 'NONE',  ( -0.000000000000000000, 1.000000000000000000, -0.000000000000000000 ) ) ;
#185 = ADVANCED_FACE ( 'NONE', ( #661 ), #472, .F. ) ;
#186 = CYLINDRICAL_SURFACE ( 'NONE', #1023, 1.600000000000004086 ) ;
#187 = VERTEX_POINT ( 'NONE', #879 ) ;
#188 = ORIENTED_EDGE ( 'NONE', *, *, #1605, .T. ) ;
#189 = CARTESIAN_POINT ( 'NONE',  ( -30.50000000000001421, 3.500000000000000000, -55.00000000000000711 ) ) ;
#190 = AXIS2_PLACEMENT_3D ( 'NONE', #1430, #1420, #1218 ) ;
#191 = AXIS2_PLACEMENT_3D ( 'NONE', #1162, #2284, #835 ) ;
#192 = AXIS2_PLACEMENT_3D ( 'NONE', #2087, #1543, #429 ) ;
#193 = ORIENTED_EDGE ( 'NONE', *, *, #2291, .T. ) ;
#194 = ORIENTED_EDGE ( 'NONE', *, *, #2200, .F. ) ;
#195 = CIRCLE ( 'NONE', #1853, 1.600000000000001643 ) ;
#196 = PLANE ( 'NONE',  #164 ) ;
#197 = ORIENTED_EDGE ( 'NONE', *, *, #1656, .F. ) ;
#198 = DIRECTION ( 'NONE',  ( -0.000000000000000000, 1.000000000000000000, -0.000000000000000000 ) ) ;
#199 = EDGE_CURVE ( 'NONE', #332, #1238, #325, .T. ) ;
#200 = CARTESIAN_POINT ( 'NONE',  ( -30.50000000000001421, -116.4999999999999858, -55.00000000000000711 ) ) ;
#201 = CARTESIAN_POINT ( 'NONE',  ( 30.50000000000001421, 3.500000000000000000, -53.40000000000000568 ) ) ;
#202 = ADVANCED_FACE ( 'NONE', ( #1947 ), #288, .F. ) ;
#203 = ORIENTED_EDGE ( 'NONE', *, *, #915, .F. ) ;
#204 = DIRECTION ( 'NONE',  ( 0.000000000000000000, 0.000000000000000000, 1.000000000000000000 ) ) ;
#205 = VERTEX_POINT ( 'NONE', #1581 ) ;
#206 = FACE_OUTER_BOUND ( 'NONE', #311, .T. ) ;
#207 = LINE ( 'NONE', #371, #1021 ) ;
#208 = FACE_OUTER_BOUND ( 'NONE', #699, .T. ) ;
#209 = PLANE ( 'NONE',  #569 ) ;
#210 = EDGE_CURVE ( 'NONE', #1691, #393, #2136, .T. ) ;
#211 = CIRCLE ( 'NONE', #1675, 2.200000000001020695 ) ;
#212 = VERTEX_POINT ( 'NONE', #301 ) ;
#213 = DIRECTION ( 'NONE',  ( 0.000000000000000000, 0.000000000000000000, 1.000000000000000000 ) ) ;
#214 = AXIS2_PLACEMENT_3D ( 'NONE', #1824, #217, #394 ) ;
#215 = VERTEX_POINT ( 'NONE', #1077 ) ;
#216 = EDGE_CURVE ( 'NONE', #626, #2154, #1604, .T. ) ;
#217 = DIRECTION ( 'NONE',  ( 0.000000000000000000, 1.000000000000000000, 0.000000000000000000 ) ) ;
#218 = FACE_BOUND ( 'NONE', #2320, .T. ) ;
#219 = CARTESIAN_POINT ( 'NONE',  ( -32.96838372995788546, 3.500000000000000000, -18.09999999999843467 ) ) ;
#220 = VECTOR ( 'NONE', #888, 1000.000000000000000 ) ;
#221 = VERTEX_POINT ( 'NONE', #1042 ) ;
#222 = ORIENTED_EDGE ( 'NONE', *, *, #552, .F. ) ;
#223 = CARTESIAN_POINT ( 'NONE',  ( -15.50000000000001421, 3.500000000000000000, 55.00000000000000711 ) ) ;
#224 = AXIS2_PLACEMENT_3D ( 'NONE', #168, #1845, #1679 ) ;
#225 = EDGE_LOOP ( 'NONE', ( #789, #1974, #1568, #2165 ) ) ;
#226 = VECTOR ( 'NONE', #1504, 1000.000000000000000 ) ;
#227 = EDGE_CURVE ( 'NONE', #266, #398, #2339, .T. ) ;
#228 = AXIS2_PLACEMENT_3D ( 'NONE', #978, #616, #1913 ) ;
#229 = FACE_BOUND ( 'NONE', #391, .T. ) ;
#230 = LINE ( 'NONE', #407, #1871 ) ;
#231 = VERTEX_POINT ( 'NONE', #1592 ) ;
#232 = VERTEX_POINT ( 'NONE', #2327 ) ;
#233 = LINE ( 'NONE', #1646, #1769 ) ;
#234 = ORIENTED_EDGE ( 'NONE', *, *, #89, .T. ) ;
#235 = DIRECTION ( 'NONE',  ( 0.000000000000000000, 1.000000000000000000, -0.000000000000000000 ) ) ;
#236 = EDGE_CURVE ( 'NONE', #2140, #1870, #683, .T. ) ;
#237 = CIRCLE ( 'NONE', #1706, 1.599999999999997202 ) ;
#238 = CARTESIAN_POINT ( 'NONE',  ( 15.50000000000001421, 0.000000000000000000, -55.00000000000000711 ) ) ;
#239 = FACE_BOUND ( 'NONE', #1462, .T. ) ;
#240 = CARTESIAN_POINT ( 'NONE',  ( 39.73676745987322079, 8.500000000000003553, 2.499999999999992006 ) ) ;
#241 = EDGE_LOOP ( 'NONE', ( #412, #965 ) ) ;
#242 = CARTESIAN_POINT ( 'NONE',  ( 15.50000000000001421, 3.500000000000000000, -55.00000000000000711 ) ) ;
#243 = CYLINDRICAL_SURFACE ( 'NONE', #852, 1.599999999999997202 ) ;
#244 = ORIENTED_EDGE ( 'NONE', *, *, #2084, .F. ) ;
#245 = DIRECTION ( 'NONE',  ( 0.000000000000000000, -1.000000000000000000, 0.000000000000000000 ) ) ;
#246 = AXIS2_PLACEMENT_3D ( 'NONE', #27, #719, #2234 ) ;
#247 = ADVANCED_FACE ( 'NONE', ( #2150 ), #1236, .F. ) ;
#248 = DIRECTION ( 'NONE',  ( 0.000000000000000000, 0.000000000000000000, -1.000000000000000000 ) ) ;
#249 = CIRCLE ( 'NONE', #2142, 2.200000000000618350 ) ;
#250 = VECTOR ( 'NONE', #2236, 1000.000000000000000 ) ;
#251 = FACE_BOUND ( 'NONE', #1081, .T. ) ;
#252 = DIRECTION ( 'NONE',  ( 1.000000000000000000, 0.000000000000000000, 0.000000000000000000 ) ) ;
#253 = EDGE_CURVE ( 'NONE', #1635, #2180, #1066, .T. ) ;
#254 = EDGE_LOOP ( 'NONE', ( #1829, #1816, #682, #362 ) ) ;
#255 = CARTESIAN_POINT ( 'NONE',  ( 30.50000000000001421, -116.4999999999999858, -56.60000000000000853 ) ) ;
#256 = CARTESIAN_POINT ( 'NONE',  ( -27.34999999999985221, 21.59999999999735820, -87.00000000000000000 ) ) ;
#257 = VERTEX_POINT ( 'NONE', #894 ) ;
#258 = DIRECTION ( 'NONE',  ( -1.000000000000000000, 0.000000000000000000, -5.953210078121458203E-17 ) ) ;
#259 = AXIS2_PLACEMENT_3D ( 'NONE', #974, #1004, #73 ) ;
#260 = ORIENTED_EDGE ( 'NONE', *, *, #992, .T. ) ;
#261 = CARTESIAN_POINT ( 'NONE',  ( -29.55000000000067573, 11.59999999999735643, -87.00000000000000000 ) ) ;
#262 = MECHANICAL_DESIGN_GEOMETRIC_PRESENTATION_REPRESENTATION (  '', ( #1343 ), #778 ) ;
#263 = FACE_BOUND ( 'NONE', #1046, .T. ) ;
#264 = CARTESIAN_POINT ( 'NONE',  ( 7.499999999999996447, 0.000000000000000000, -9.100000000000004974 ) ) ;
#265 = ADVANCED_FACE ( 'NONE', ( #1618 ), #708, .F. ) ;
#266 = VERTEX_POINT ( 'NONE', #336 ) ;
#267 = DIRECTION ( 'NONE',  ( 0.000000000000000000, 0.000000000000000000, 1.000000000000000000 ) ) ;
#268 = DIRECTION ( 'NONE',  ( -0.000000000000000000, -0.000000000000000000, 1.000000000000000000 ) ) ;
#269 = EDGE_CURVE ( 'NONE', #775, #2203, #917, .T. ) ;
#270 = ORIENTED_EDGE ( 'NONE', *, *, #1309, .T. ) ;
#271 = DIRECTION ( 'NONE',  ( -0.000000000000000000, -1.000000000000000000, 0.000000000000000000 ) ) ;
#272 = CARTESIAN_POINT ( 'NONE',  ( 39.73676745987322079, 33.50000000000000000, 14.49999999999999467 ) ) ;
#273 = CARTESIAN_POINT ( 'NONE',  ( -15.50000000000001421, 3.500000000000000000, -56.60000000000000142 ) ) ;
#274 = DIRECTION ( 'NONE',  ( 0.000000000000000000, 0.000000000000000000, -1.000000000000000000 ) ) ;
#275 = ORIENTED_EDGE ( 'NONE', *, *, #277, .T. ) ;
#276 = LINE ( 'NONE', #1016, #1553 ) ;
#277 = EDGE_CURVE ( 'NONE', #724, #1644, #1682, .T. ) ;
#278 = CARTESIAN_POINT ( 'NONE',  ( 39.73676745987322079, 0.000000000000000000, 0.000000000000000000 ) ) ;
#279 = ORIENTED_EDGE ( 'NONE', *, *, #75, .F. ) ;
#280 = CARTESIAN_POINT ( 'NONE',  ( 18.42999999999994287, 33.50000000000000000, 27.99999999999999289 ) ) ;
#281 = ADVANCED_FACE ( 'NONE', ( #208 ), #172, .F. ) ;
#282 = DIRECTION ( 'NONE',  ( 0.000000000000000000, 0.000000000000000000, -1.000000000000000000 ) ) ;
#283 = VECTOR ( 'NONE', #2161, 1000.000000000000000 ) ;
#284 = CARTESIAN_POINT ( 'NONE',  ( 30.50000000000001421, 3.500000000000000000, -55.00000000000000711 ) ) ;
#285 = DIRECTION ( 'NONE',  ( 1.000000000000000000, 0.000000000000000000, 0.000000000000000000 ) ) ;
#286 = AXIS2_PLACEMENT_3D ( 'NONE', #787, #2048, #647 ) ;
#287 = VERTEX_POINT ( 'NONE', #2046 ) ;
#288 = PLANE ( 'NONE',  #319 ) ;
#289 = DIRECTION ( 'NONE',  ( 1.000000000000000000, 0.000000000000000000, 0.000000000000000000 ) ) ;
#290 = ORIENTED_EDGE ( 'NONE', *, *, #795, .T. ) ;
#291 = FACE_OUTER_BOUND ( 'NONE', #1623, .T. ) ;
#292 = PRODUCT_DEFINITION_SHAPE ( 'NONE', 'NONE',  #1202 ) ;
#293 = EDGE_CURVE ( 'NONE', #1394, #2249, #2207, .T. ) ;
#294 = FACE_OUTER_BOUND ( 'NONE', #254, .T. ) ;
#295 = EDGE_CURVE ( 'NONE', #2249, #1262, #1296, .T. ) ;
#296 = LINE ( 'NONE', #1243, #147 ) ;
#297 = VECTOR ( 'NONE', #453, 1000.000000000000000 ) ;
#298 = PLANE ( 'NONE',  #1907 ) ;
#299 = CIRCLE ( 'NONE', #191, 1.599999999999997202 ) ;
#300 = ORIENTED_EDGE ( 'NONE', *, *, #771, .T. ) ;
#301 = CARTESIAN_POINT ( 'NONE',  ( -15.50000000000001421, 0.000000000000000000, 53.40000000000001279 ) ) ;
#302 = DIRECTION ( 'NONE',  ( 0.000000000000000000, 0.000000000000000000, 1.000000000000000000 ) ) ;
#303 = VECTOR ( 'NONE', #1131, 1000.000000000000000 ) ;
#304 = ORIENTED_EDGE ( 'NONE', *, *, #2372, .F. ) ;
#305 = FACE_OUTER_BOUND ( 'NONE', #2167, .T. ) ;
#306 = ORIENTED_EDGE ( 'NONE', *, *, #1728, .T. ) ;
#307 = ADVANCED_FACE ( 'NONE', ( #736 ), #2198, .T. ) ;
#308 = CARTESIAN_POINT ( 'NONE',  ( -29.55000000000047322, 21.59999999999735820, 27.99999999999998934 ) ) ;
#309 = DIRECTION ( 'NONE',  ( 1.000000000000000000, 0.000000000000000000, 0.000000000000000000 ) ) ;
#310 = FACE_OUTER_BOUND ( 'NONE', #1549, .T. ) ;
#311 = EDGE_LOOP ( 'NONE', ( #566, #893, #1774, #2193 ) ) ;
#312 = CARTESIAN_POINT ( 'NONE',  ( 30.50000000000001421, 0.000000000000000000, -53.40000000000000568 ) ) ;
#313 = EDGE_CURVE ( 'NONE', #1324, #1465, #5, .T. ) ;
#314 = DIRECTION ( 'NONE',  ( 1.426581805901979635E-16, 0.000000000000000000, 1.000000000000000000 ) ) ;
#315 = ORIENTED_EDGE ( 'NONE', *, *, #534, .F. ) ;
#316 = CARTESIAN_POINT ( 'NONE',  ( -23.43676745991574961, 3.500000000000000000, 12.99999999999999112 ) ) ;
#317 = ORIENTED_EDGE ( 'NONE', *, *, #2064, .F. ) ;
#318 = CARTESIAN_POINT ( 'NONE',  ( 7.499999999999996447, -126.4999999999999716, -7.500000000000003553 ) ) ;
#319 = AXIS2_PLACEMENT_3D ( 'NONE', #2317, #483, #856 ) ;
#320 = EDGE_CURVE ( 'NONE', #1591, #1870, #1126, .T. ) ;
#321 = CARTESIAN_POINT ( 'NONE',  ( -42.50000000000002132, 33.50000000000000000, 27.99999999999998579 ) ) ;
#322 = CARTESIAN_POINT ( 'NONE',  ( -25.14999999999923475, 21.59999999999735820, 27.99999999999998934 ) ) ;
#323 = CIRCLE ( 'NONE', #1370, 1.600000000000004086 ) ;
#324 = ORIENTED_EDGE ( 'NONE', *, *, #983, .T. ) ;
#325 = LINE ( 'NONE', #697, #2209 ) ;
#326 = CARTESIAN_POINT ( 'NONE',  ( 42.49999999999999289, 3.500000000000000000, 50.00000000000000711 ) ) ;
#327 = ADVANCED_FACE ( 'NONE', ( #721 ), #2375, .F. ) ;
#328 = VERTEX_POINT ( 'NONE', #29 ) ;
#329 = PLANE ( 'NONE',  #455 ) ;
#330 = AXIS2_PLACEMENT_3D ( 'NONE', #1054, #1260, #1224 ) ;
#331 = ORIENTED_EDGE ( 'NONE', *, *, #1978, .F. ) ;
#332 = VERTEX_POINT ( 'NONE', #1090 ) ;
#333 = VECTOR ( 'NONE', #1652, 1000.000000000000000 ) ;
#334 = CARTESIAN_POINT ( 'NONE',  ( -7.500000000000003553, 3.500000000000003109, -7.500000000000000000 ) ) ;
#335 = DIRECTION ( 'NONE',  ( 0.000000000000000000, 0.000000000000000000, -1.000000000000000000 ) ) ;
#336 = CARTESIAN_POINT ( 'NONE',  ( -30.50000000000001421, 0.000000000000000000, -56.60000000000000853 ) ) ;
#337 = DIRECTION ( 'NONE',  ( 0.000000000000000000, 0.000000000000000000, 1.000000000000000000 ) ) ;
#338 = VECTOR ( 'NONE', #691, 1000.000000000000000 ) ;
#339 = EDGE_CURVE ( 'NONE', #1560, #847, #2031, .T. ) ;
#340 = EDGE_LOOP ( 'NONE', ( #1250, #437 ) ) ;
#341 = DIRECTION ( 'NONE',  ( -1.426581805901979635E-16, 0.000000000000000000, -1.000000000000000000 ) ) ;
#342 = ORIENTED_EDGE ( 'NONE', *, *, #642, .F. ) ;
#343 = ORIENTED_EDGE ( 'NONE', *, *, #1415, .T. ) ;
#344 = CYLINDRICAL_SURFACE ( 'NONE', #224, 2.200000000001020695 ) ;
#345 = FACE_OUTER_BOUND ( 'NONE', #2004, .T. ) ;
#346 = VERTEX_POINT ( 'NONE', #536 ) ;
#347 = LINE ( 'NONE', #575, #2177 ) ;
#348 = DIRECTION ( 'NONE',  ( -0.7071067811865465735, -0.000000000000000000, -0.7071067811865485719 ) ) ;
#349 = CARTESIAN_POINT ( 'NONE',  ( -27.34999999999995879, 11.59999999999735643, 12.99999999999998401 ) ) ;
#350 = VECTOR ( 'NONE', #574, 1000.000000000000000 ) ;
#351 = ADVANCED_FACE ( 'NONE', ( #1274 ), #2009, .F. ) ;
#352 = EDGE_LOOP ( 'NONE', ( #1926, #823, #1660, #1325 ) ) ;
#353 = DIRECTION ( 'NONE',  ( 1.471975796331614096E-16, 0.000000000000000000, 1.000000000000000000 ) ) ;
#354 = ORIENTED_EDGE ( 'NONE', *, *, #689, .F. ) ;
#355 = ORIENTED_EDGE ( 'NONE', *, *, #1125, .T. ) ;
#356 = EDGE_CURVE ( 'NONE', #2110, #231, #773, .T. ) ;
#357 = CARTESIAN_POINT ( 'NONE',  ( 22.50000000000000355, 3.500000000000000000, -34.14000000000000057 ) ) ;
#358 = FACE_OUTER_BOUND ( 'NONE', #352, .T. ) ;
#359 = LINE ( 'NONE', #929, #1103 ) ;
#360 = FACE_OUTER_BOUND ( 'NONE', #831, .T. ) ;
#361 = EDGE_LOOP ( 'NONE', ( #381, #587, #399, #540, #1406, #1661 ) ) ;
#362 = ORIENTED_EDGE ( 'NONE', *, *, #1909, .T. ) ;
#363 = FACE_OUTER_BOUND ( 'NONE', #753, .T. ) ;
#364 = VECTOR ( 'NONE', #49, 1000.000000000000000 ) ;
#365 = CIRCLE ( 'NONE', #877, 1.600000000000004086 ) ;
#366 = ORIENTED_EDGE ( 'NONE', *, *, #1137, .F. ) ;
#367 = DIRECTION ( 'NONE',  ( -0.000000000000000000, -0.000000000000000000, 1.000000000000000000 ) ) ;
#368 = EDGE_CURVE ( 'NONE', #482, #1512, #1641, .T. ) ;
#369 = DIRECTION ( 'NONE',  ( 0.000000000000000000, 0.000000000000000000, 1.000000000000000000 ) ) ;
#370 = ORIENTED_EDGE ( 'NONE', *, *, #1363, .F. ) ;
#371 = CARTESIAN_POINT ( 'NONE',  ( -28.55419186497876893, 28.50000000000000000, -28.55419186497908157 ) ) ;
#372 = EDGE_CURVE ( 'NONE', #1316, #2330, #2019, .T. ) ;
#373 = CARTESIAN_POINT ( 'NONE',  ( 39.73676745987322079, 28.50000000000000000, 2.499999999999992006 ) ) ;
#374 = DIRECTION ( 'NONE',  ( 0.000000000000000000, -1.000000000000000000, 0.000000000000000000 ) ) ;
#375 = VECTOR ( 'NONE', #1038, 1000.000000000000000 ) ;
#376 = ORIENTED_EDGE ( 'NONE', *, *, #1143, .T. ) ;
#377 = VERTEX_POINT ( 'NONE', #759 ) ;
#378 = FACE_OUTER_BOUND ( 'NONE', #865, .T. ) ;
#379 = CLOSED_SHELL ( 'NONE', ( #1789, #2319, #1659, #1941, #1377, #1895, #629, #351, #2257, #2115, #440, #981, #4, #1745, #1317, #556, #1338, #1770, #2261, #1107, #202, #2333, #1735, #754, #738, #2168, #1717, #486, #281, #1567, #2156, #825, #868, #517, #307, #2313, #1276, #327, #1292, #1612, #2286, #2362, #185, #445, #1815, #1011, #1474, #1040, #2248, #2039, #670, #2230, #10, #2279, #1671, #1212, #1442, #568, #1634, #1642, #247, #2070, #1184, #1387, #1063, #476, #1152, #265, #1964, #428 ) ) ;
#380 = VECTOR ( 'NONE', #687, 1000.000000000000000 ) ;
#381 = ORIENTED_EDGE ( 'NONE', *, *, #850, .F. ) ;
#382 = EDGE_LOOP ( 'NONE', ( #1044, #1367, #2316, #2365 ) ) ;
#383 = DIRECTION ( 'NONE',  ( 0.000000000000000000, -0.000000000000000000, 1.000000000000000000 ) ) ;
#384 = EDGE_CURVE ( 'NONE', #526, #2238, #359, .T. ) ;
#385 = LINE ( 'NONE', #169, #1954 ) ;
#386 = CARTESIAN_POINT ( 'NONE',  ( -15.50000000000001421, -116.4999999999999858, -53.40000000000001279 ) ) ;
#387 = DIRECTION ( 'NONE',  ( 0.000000000000000000, 1.000000000000000000, 0.000000000000000000 ) ) ;
#388 = DIRECTION ( 'NONE',  ( 0.000000000000000000, 0.000000000000000000, -1.000000000000000000 ) ) ;
#389 = EDGE_CURVE ( 'NONE', #232, #148, #365, .T. ) ;
#390 = ORIENTED_EDGE ( 'NONE', *, *, #1374, .F. ) ;
#391 = EDGE_LOOP ( 'NONE', ( #1930, #41 ) ) ;
#392 = DIRECTION ( 'NONE',  ( 0.000000000000000000, 1.000000000000000000, -0.000000000000000000 ) ) ;
#393 = VERTEX_POINT ( 'NONE', #373 ) ;
#394 = DIRECTION ( 'NONE',  ( 0.000000000000000000, 0.000000000000000000, 1.000000000000000000 ) ) ;
#395 = CARTESIAN_POINT ( 'NONE',  ( -32.49999999999997158, 3.500000000000000000, -60.00000000000000711 ) ) ;
#396 = FACE_OUTER_BOUND ( 'NONE', #1731, .T. ) ;
#397 = ORIENTED_EDGE ( 'NONE', *, *, #410, .F. ) ;
#398 = VERTEX_POINT ( 'NONE', #1113 ) ;
#399 = ORIENTED_EDGE ( 'NONE', *, *, #689, .T. ) ;
#400 = CARTESIAN_POINT ( 'NONE',  ( -15.50000000000001421, -116.4999999999999858, 55.00000000000000711 ) ) ;
#401 = EDGE_CURVE ( 'NONE', #2367, #589, #1179, .T. ) ;
#402 = CIRCLE ( 'NONE', #1138, 1.600000000000004086 ) ;
#403 = EDGE_LOOP ( 'NONE', ( #137, #1006, #686, #923 ) ) ;
#404 = ORIENTED_EDGE ( 'NONE', *, *, #1677, .T. ) ;
#405 = FILL_AREA_STYLE_COLOUR ( '', #1960 ) ;
#406 = DIRECTION ( 'NONE',  ( 1.000000000000000000, 0.000000000000000000, 0.000000000000000000 ) ) ;
#407 = CARTESIAN_POINT ( 'NONE',  ( -16.90000000000000213, 28.50000000000000000, -34.14000000000000057 ) ) ;
#408 = VERTEX_POINT ( 'NONE', #1715 ) ;
#409 = DIRECTION ( 'NONE',  ( 0.000000000000000000, 1.000000000000000000, -0.000000000000000000 ) ) ;
#410 = EDGE_CURVE ( 'NONE', #165, #959, #1485, .T. ) ;
#411 = CARTESIAN_POINT ( 'NONE',  ( 42.49999999999999289, 3.500000000000000000, 50.00000000000000711 ) ) ;
#412 = ORIENTED_EDGE ( 'NONE', *, *, #1241, .T. ) ;
#413 = AXIS2_PLACEMENT_3D ( 'NONE', #1943, #703, #282 ) ;
#414 = CIRCLE ( 'NONE', #1883, 1.600000000000001643 ) ;
#415 = PRODUCT_CONTEXT ( 'NONE', #1075, 'mechanical' ) ;
#416 = CIRCLE ( 'NONE', #1349, 1.600000000000002531 ) ;
#417 = VERTEX_POINT ( 'NONE', #807 ) ;
#418 = CARTESIAN_POINT ( 'NONE',  ( -42.50000000000000711, 3.500000000000000000, 59.99999999999999289 ) ) ;
#419 = CARTESIAN_POINT ( 'NONE',  ( 0.000000000000000000, 26.50000000000000000, 0.000000000000000000 ) ) ;
#420 = CARTESIAN_POINT ( 'NONE',  ( 0.000000000000000000, 3.500000000000000000, 0.000000000000000000 ) ) ;
#421 = ORIENTED_EDGE ( 'NONE', *, *, #115, .F. ) ;
#422 = LINE ( 'NONE', #97, #1034 ) ;
#423 = LINE ( 'NONE', #1755, #1575 ) ;
#424 = EDGE_CURVE ( 'NONE', #2021, #718, #1035, .T. ) ;
#425 = ORIENTED_EDGE ( 'NONE', *, *, #2053, .F. ) ;
#426 = CARTESIAN_POINT ( 'NONE',  ( -7.500000000000003553, 0.000000000000000000, 7.500000000000000000 ) ) ;
#427 = LINE ( 'NONE', #1918, #105 ) ;
#428 = ADVANCED_FACE ( 'NONE', ( #1341 ), #785, .T. ) ;
#429 = DIRECTION ( 'NONE',  ( 0.000000000000000000, -0.000000000000000000, -1.000000000000000000 ) ) ;
#430 = DIRECTION ( 'NONE',  ( -0.000000000000000000, 1.000000000000000000, -0.000000000000000000 ) ) ;
#431 = AXIS2_PLACEMENT_3D ( 'NONE', #641, #271, #1010 ) ;
#432 = ORIENTED_EDGE ( 'NONE', *, *, #940, .F. ) ;
#433 = CYLINDRICAL_SURFACE ( 'NONE', #818, 1.650000000000000355 ) ;
#434 = DIRECTION ( 'NONE',  ( 1.000000000000000000, 0.000000000000000000, 0.000000000000000000 ) ) ;
#435 = AXIS2_PLACEMENT_3D ( 'NONE', #615, #1937, #267 ) ;
#436 = VERTEX_POINT ( 'NONE', #1169 ) ;
#437 = ORIENTED_EDGE ( 'NONE', *, *, #1141, .F. ) ;
#438 = CARTESIAN_POINT ( 'NONE',  ( -15.50000000000001421, 3.500000000000000000, 53.40000000000001279 ) ) ;
#439 = AXIS2_PLACEMENT_3D ( 'NONE', #161, #1025, #1589 ) ;
#440 = ADVANCED_FACE ( 'NONE', ( #1159 ), #2100, .F. ) ;
#441 = DIRECTION ( 'NONE',  ( 0.000000000000000000, 0.000000000000000000, -1.000000000000000000 ) ) ;
#442 = AXIS2_PLACEMENT_3D ( 'NONE', #612, #635, #1170 ) ;
#443 = AXIS2_PLACEMENT_3D ( 'NONE', #1865, #951, #1629 ) ;
#444 = CARTESIAN_POINT ( 'NONE',  ( -16.90000000000000213, 3.500000000000000000, -34.14000000000000057 ) ) ;
#445 = ADVANCED_FACE ( 'NONE', ( #832, #458 ), #2075, .F. ) ;
#446 = LINE ( 'NONE', #1726, #1337 ) ;
#447 = ORIENTED_EDGE ( 'NONE', *, *, #1759, .F. ) ;
#448 = CARTESIAN_POINT ( 'NONE',  ( 0.000000000000000000, 8.500000000000003553, 0.000000000000000000 ) ) ;
#449 = DIRECTION ( 'NONE',  ( 0.000000000000000000, 0.000000000000000000, 1.000000000000000000 ) ) ;
#450 = ORIENTED_EDGE ( 'NONE', *, *, #1287, .F. ) ;
#451 = DIRECTION ( 'NONE',  ( 0.000000000000000000, 1.000000000000000000, -0.000000000000000000 ) ) ;
#452 = VECTOR ( 'NONE', #469, 1000.000000000000000 ) ;
#453 = DIRECTION ( 'NONE',  ( -1.000000000000000000, 0.000000000000000000, 0.000000000000000000 ) ) ;
#454 = AXIS2_PLACEMENT_3D ( 'NONE', #114, #861, #490 ) ;
#455 = AXIS2_PLACEMENT_3D ( 'NONE', #1069, #1805, #341 ) ;
#456 = EDGE_CURVE ( 'NONE', #2140, #788, #1517, .T. ) ;
#457 =( GEOMETRIC_REPRESENTATION_CONTEXT ( 3 ) GLOBAL_UNCERTAINTY_ASSIGNED_CONTEXT ( ( #1284 ) ) GLOBAL_UNIT_ASSIGNED_CONTEXT ( ( #2016, #1097, #1 ) ) REPRESENTATION_CONTEXT ( 'NONE', 'WORKASPACE' ) );
#458 = FACE_OUTER_BOUND ( 'NONE', #913, .T. ) ;
#459 = VERTEX_POINT ( 'NONE', #798 ) ;
#460 = FACE_OUTER_BOUND ( 'NONE', #484, .T. ) ;
#461 = ORIENTED_EDGE ( 'NONE', *, *, #1488, .F. ) ;
#462 = VERTEX_POINT ( 'NONE', #1921 ) ;
#463 = CARTESIAN_POINT ( 'NONE',  ( -32.96838372995787836, 5.500000000000001776, 5.674371403960129361E-16 ) ) ;
#464 = EDGE_CURVE ( 'NONE', #1390, #538, #646, .T. ) ;
#465 = EDGE_LOOP ( 'NONE', ( #175, #1508 ) ) ;
#466 = CARTESIAN_POINT ( 'NONE',  ( -30.50000000000001421, -116.4999999999999858, 56.60000000000000853 ) ) ;
#467 = FACE_OUTER_BOUND ( 'NONE', #1345, .T. ) ;
#468 = VECTOR ( 'NONE', #653, 1000.000000000000000 ) ;
#469 = DIRECTION ( 'NONE',  ( 0.000000000000000000, 1.000000000000000000, 0.000000000000000000 ) ) ;
#470 = CARTESIAN_POINT ( 'NONE',  ( 30.50000000000001421, 3.500000000000000000, 55.00000000000000711 ) ) ;
#471 = ORIENTED_EDGE ( 'NONE', *, *, #269, .T. ) ;
#472 = CYLINDRICAL_SURFACE ( 'NONE', #1168, 2.200000000001020695 ) ;
#473 = CARTESIAN_POINT ( 'NONE',  ( 7.799999999999737810, 16.59999999999728360, -40.14000000000000767 ) ) ;
#474 = EDGE_LOOP ( 'NONE', ( #776, #743, #783, #376 ) ) ;
#475 = LINE ( 'NONE', #1372, #1268 ) ;
#476 = ADVANCED_FACE ( 'NONE', ( #2255 ), #1884, .F. ) ;
#477 = FACE_BOUND ( 'NONE', #79, .T. ) ;
#478 = VECTOR ( 'NONE', #1945, 1000.000000000000000 ) ;
#479 = CARTESIAN_POINT ( 'NONE',  ( 24.73676745987322434, 33.50000000000000000, 27.99999999999998934 ) ) ;
#480 = CARTESIAN_POINT ( 'NONE',  ( -15.50000000000001421, -116.4999999999999858, 55.00000000000000711 ) ) ;
#481 = VECTOR ( 'NONE', #1116, 1000.000000000000000 ) ;
#482 = VERTEX_POINT ( 'NONE', #1741 ) ;
#483 = DIRECTION ( 'NONE',  ( -1.000000000000000000, 0.000000000000000000, 1.471975796331614096E-16 ) ) ;
#484 = EDGE_LOOP ( 'NONE', ( #972, #1756, #2067, #1858 ) ) ;
#485 = FACE_OUTER_BOUND ( 'NONE', #550, .T. ) ;
#486 = ADVANCED_FACE ( 'NONE', ( #1896, #1195, #1554, #263, #624, #251, #218, #239, #229, #1331, #2269, #1693, #1908 ), #962, .T. ) ;
#487 = ORIENTED_EDGE ( 'NONE', *, *, #940, .T. ) ;
#488 = LINE ( 'NONE', #541, #380 ) ;
#489 = ORIENTED_EDGE ( 'NONE', *, *, #1141, .T. ) ;
#490 = DIRECTION ( 'NONE',  ( 0.000000000000000000, 0.000000000000000000, -1.000000000000000000 ) ) ;
#491 = LINE ( 'NONE', #94, #452 ) ;
#492 = AXIS2_PLACEMENT_3D ( 'NONE', #46, #2290, #1692 ) ;
#493 = CARTESIAN_POINT ( 'NONE',  ( -15.50000000000001421, -116.4999999999999858, 53.40000000000001279 ) ) ;
#494 = CIRCLE ( 'NONE', #1114, 1.600000000000001643 ) ;
#495 = ORIENTED_EDGE ( 'NONE', *, *, #48, .T. ) ;
#496 = CARTESIAN_POINT ( 'NONE',  ( 39.73676745987322079, 33.50000000000000000, 27.99999999999998934 ) ) ;
#497 = CARTESIAN_POINT ( 'NONE',  ( 19.94999999995600959, 21.59999999999735820, -87.00000000000000000 ) ) ;
#498 = AXIS2_PLACEMENT_3D ( 'NONE', #1289, #1927, #78 ) ;
#499 = CIRCLE ( 'NONE', #1855, 2.200000000001020695 ) ;
#500 = VERTEX_POINT ( 'NONE', #39 ) ;
#501 = LINE ( 'NONE', #883, #1192 ) ;
#502 = EDGE_CURVE ( 'NONE', #1633, #1394, #821, .T. ) ;
#503 = ORIENTED_EDGE ( 'NONE', *, *, #1869, .F. ) ;
#504 = FACE_BOUND ( 'NONE', #1356, .T. ) ;
#505 = DIRECTION ( 'NONE',  ( 0.000000000000000000, 0.000000000000000000, -1.000000000000000000 ) ) ;
#506 = CARTESIAN_POINT ( 'NONE',  ( -7.500000000000003553, 0.000000000000000000, -7.500000000000000000 ) ) ;
#507 = EDGE_CURVE ( 'NONE', #408, #1891, #2192, .T. ) ;
#508 = ORIENTED_EDGE ( 'NONE', *, *, #1869, .T. ) ;
#509 = DIRECTION ( 'NONE',  ( 0.000000000000000000, 0.000000000000000000, 1.000000000000000000 ) ) ;
#510 = DIRECTION ( 'NONE',  ( 0.000000000000000000, 0.000000000000000000, -1.000000000000000000 ) ) ;
#511 = CIRCLE ( 'NONE', #1942, 1.600000000000004086 ) ;
#512 = ORIENTED_EDGE ( 'NONE', *, *, #1070, .T. ) ;
#513 = CARTESIAN_POINT ( 'NONE',  ( -16.90000000000000213, 3.500000000000000000, -40.14000000000000767 ) ) ;
#514 = ORIENTED_EDGE ( 'NONE', *, *, #401, .T. ) ;
#515 = ORIENTED_EDGE ( 'NONE', *, *, #1821, .F. ) ;
#516 = PLANE ( 'NONE',  #1846 ) ;
#517 = ADVANCED_FACE ( 'NONE', ( #2171, #853, #1577 ), #518, .F. ) ;
#518 = PLANE ( 'NONE',  #1494 ) ;
#519 = DIRECTION ( 'NONE',  ( -0.000000000000000000, 1.000000000000000000, -0.000000000000000000 ) ) ;
#520 = AXIS2_PLACEMENT_3D ( 'NONE', #1319, #2206, #2197 ) ;
#521 = ORIENTED_EDGE ( 'NONE', *, *, #1309, .F. ) ;
#522 = DIRECTION ( 'NONE',  ( 5.299423560331486784E-17, -0.000000000000000000, 1.000000000000000000 ) ) ;
#523 = CARTESIAN_POINT ( 'NONE',  ( -27.34999999999985221, 21.59999999999735820, 12.99999999999998401 ) ) ;
#524 = EDGE_LOOP ( 'NONE', ( #260, #135, #182, #1225 ) ) ;
#525 = DIRECTION ( 'NONE',  ( 0.000000000000000000, -1.000000000000000000, 0.000000000000000000 ) ) ;
#526 = VERTEX_POINT ( 'NONE', #1751 ) ;
#527 = VERTEX_POINT ( 'NONE', #145 ) ;
#528 = DIRECTION ( 'NONE',  ( 1.000000000000000000, 0.000000000000000000, -0.000000000000000000 ) ) ;
#529 = VECTOR ( 'NONE', #1667, 1000.000000000000000 ) ;
#530 = VECTOR ( 'NONE', #729, 1000.000000000000000 ) ;
#531 = CARTESIAN_POINT ( 'NONE',  ( -29.93676745991574606, 33.50000000000000000, 27.99999999999998934 ) ) ;
#532 = DIRECTION ( 'NONE',  ( 0.000000000000000000, -1.000000000000000000, 1.156482317317871478E-16 ) ) ;
#533 = AXIS2_PLACEMENT_3D ( 'NONE', #1686, #935, #1842 ) ;
#534 = EDGE_CURVE ( 'NONE', #2013, #408, #1601, .T. ) ;
#535 = AXIS2_PLACEMENT_3D ( 'NONE', #1036, #1771, #2146 ) ;
#536 = CARTESIAN_POINT ( 'NONE',  ( 15.50000000000001421, 0.000000000000000000, 56.60000000000000142 ) ) ;
#537 = CARTESIAN_POINT ( 'NONE',  ( -7.500000000000003553, 3.500000000000003109, -9.100000000000001421 ) ) ;
#538 = VERTEX_POINT ( 'NONE', #321 ) ;
#539 = AXIS2_PLACEMENT_3D ( 'NONE', #473, #651, #826 ) ;
#540 = ORIENTED_EDGE ( 'NONE', *, *, #2187, .T. ) ;
#541 = CARTESIAN_POINT ( 'NONE',  ( -7.500000000000003553, -126.4999999999999716, -5.899999999999997691 ) ) ;
#542 = EDGE_CURVE ( 'NONE', #2180, #2352, #491, .T. ) ;
#543 = EDGE_LOOP ( 'NONE', ( #1092, #120 ) ) ;
#544 = FACE_OUTER_BOUND ( 'NONE', #1676, .T. ) ;
#545 = DIRECTION ( 'NONE',  ( -0.000000000000000000, -0.000000000000000000, 1.000000000000000000 ) ) ;
#546 = ORIENTED_EDGE ( 'NONE', *, *, #992, .F. ) ;
#547 = CARTESIAN_POINT ( 'NONE',  ( 32.50000000000000000, 3.500000000000000000, -18.09999999999843823 ) ) ;
#548 = DIRECTION ( 'NONE',  ( 0.7071067811865465735, 0.000000000000000000, 0.7071067811865485719 ) ) ;
#549 = CARTESIAN_POINT ( 'NONE',  ( -27.34999999999985221, 21.59999999999735820, -87.00000000000000000 ) ) ;
#550 = EDGE_LOOP ( 'NONE', ( #598, #1029, #1371, #1258 ) ) ;
#551 = VERTEX_POINT ( 'NONE', #2314 ) ;
#552 = EDGE_CURVE ( 'NONE', #1214, #31, #116, .T. ) ;
#553 = ORIENTED_EDGE ( 'NONE', *, *, #1929, .F. ) ;
#554 = CARTESIAN_POINT ( 'NONE',  ( 7.499999999999996447, 3.500000000000003109, -7.500000000000003553 ) ) ;
#555 = ORIENTED_EDGE ( 'NONE', *, *, #1405, .T. ) ;
#556 = ADVANCED_FACE ( 'NONE', ( #1422 ), #1431, .F. ) ;
#557 = CIRCLE ( 'NONE', #431, 1.600000000000001643 ) ;
#558 = ORIENTED_EDGE ( 'NONE', *, *, #424, .F. ) ;
#559 = CARTESIAN_POINT ( 'NONE',  ( -30.50000000000001421, 3.500000000000000000, -53.40000000000000568 ) ) ;
#560 = VECTOR ( 'NONE', #121, 1000.000000000000000 ) ;
#561 = DIRECTION ( 'NONE',  ( -0.000000000000000000, 1.000000000000000000, -0.000000000000000000 ) ) ;
#562 = DIRECTION ( 'NONE',  ( -0.000000000000000000, -1.000000000000000000, -0.000000000000000000 ) ) ;
#563 = CARTESIAN_POINT ( 'NONE',  ( -30.50000000000001421, 3.500000000000000000, 55.00000000000000711 ) ) ;
#564 = CARTESIAN_POINT ( 'NONE',  ( 19.94999999995602025, 11.59999999999735643, 27.99999999999998934 ) ) ;
#565 = AXIS2_PLACEMENT_3D ( 'NONE', #1922, #1005, #1742 ) ;
#566 = ORIENTED_EDGE ( 'NONE', *, *, #1082, .F. ) ;
#567 = LINE ( 'NONE', #2214, #1932 ) ;
#568 = ADVANCED_FACE ( 'NONE', ( #1049 ), #1061, .F. ) ;
#569 = AXIS2_PLACEMENT_3D ( 'NONE', #602, #1507, #374 ) ;
#570 = AXIS2_PLACEMENT_3D ( 'NONE', #200, #1854, #1311 ) ;
#571 = ORIENTED_EDGE ( 'NONE', *, *, #850, .T. ) ;
#572 = ORIENTED_EDGE ( 'NONE', *, *, #1358, .F. ) ;
#573 = APPLICATION_PROTOCOL_DEFINITION ( 'draft international standard', 'automotive_design', 1998, #1075 ) ;
#574 = DIRECTION ( 'NONE',  ( 0.000000000000000000, 0.000000000000000000, 1.000000000000000000 ) ) ;
#575 = CARTESIAN_POINT ( 'NONE',  ( -42.50000000000000711, 33.50000000000000000, 12.99999999999999112 ) ) ;
#576 = EDGE_CURVE ( 'NONE', #287, #2140, #296, .T. ) ;
#577 = AXIS2_PLACEMENT_3D ( 'NONE', #1626, #1109, #912 ) ;
#578 = DIRECTION ( 'NONE',  ( -0.000000000000000000, -0.000000000000000000, 1.000000000000000000 ) ) ;
#579 = DIRECTION ( 'NONE',  ( 1.000000000000000000, 0.000000000000000000, 0.000000000000000000 ) ) ;
#580 = AXIS2_PLACEMENT_3D ( 'NONE', #1772, #1588, #2324 ) ;
#581 = CIRCLE ( 'NONE', #533, 1.599999999999997202 ) ;
#582 = ORIENTED_EDGE ( 'NONE', *, *, #313, .T. ) ;
#583 = ORIENTED_EDGE ( 'NONE', *, *, #2346, .T. ) ;
#584 = CYLINDRICAL_SURFACE ( 'NONE', #740, 1.599999999999997202 ) ;
#585 = VECTOR ( 'NONE', #712, 1000.000000000000000 ) ;
#586 = AXIS2_PLACEMENT_3D ( 'NONE', #523, #1959, #289 ) ;
#587 = ORIENTED_EDGE ( 'NONE', *, *, #1094, .F. ) ;
#588 = CARTESIAN_POINT ( 'NONE',  ( -32.96838372995787836, 5.500000000000001776, 5.674371403960129361E-16 ) ) ;
#589 = VERTEX_POINT ( 'NONE', #2160 ) ;
#590 = LINE ( 'NONE', #2008, #93 ) ;
#591 = DIRECTION ( 'NONE',  ( 0.000000000000000000, 1.000000000000000000, -0.000000000000000000 ) ) ;
#592 = EDGE_CURVE ( 'NONE', #346, #551, #1382, .T. ) ;
#593 = DIRECTION ( 'NONE',  ( 0.000000000000000000, 0.000000000000000000, 1.000000000000000000 ) ) ;
#594 = ORIENTED_EDGE ( 'NONE', *, *, #2047, .T. ) ;
#595 = ORIENTED_EDGE ( 'NONE', *, *, #2175, .T. ) ;
#596 = DIRECTION ( 'NONE',  ( 0.000000000000000000, 0.000000000000000000, 1.000000000000000000 ) ) ;
#597 = VECTOR ( 'NONE', #2007, 1000.000000000000000 ) ;
#598 = ORIENTED_EDGE ( 'NONE', *, *, #1690, .F. ) ;
#599 = CYLINDRICAL_SURFACE ( 'NONE', #492, 1.600000000000002531 ) ;
#600 = EDGE_CURVE ( 'NONE', #1290, #1971, #863, .T. ) ;
#601 = DIRECTION ( 'NONE',  ( 0.000000000000000000, 0.000000000000000000, 1.000000000000000000 ) ) ;
#602 = CARTESIAN_POINT ( 'NONE',  ( 32.49999999999998579, 3.500000000000000000, -60.00000000000000711 ) ) ;
#603 = PRODUCT_RELATED_PRODUCT_CATEGORY ( 'part', '', ( #667 ) ) ;
#604 = EDGE_LOOP ( 'NONE', ( #2212, #1118 ) ) ;
#605 = DIRECTION ( 'NONE',  ( -0.000000000000000000, -1.000000000000000000, -0.000000000000000000 ) ) ;
#606 = DIRECTION ( 'NONE',  ( -1.000000000000000000, -0.000000000000000000, -0.000000000000000000 ) ) ;
#607 = AXIS2_PLACEMENT_3D ( 'NONE', #1378, #1196, #274 ) ;
#608 = VERTEX_POINT ( 'NONE', #273 ) ;
#609 = AXIS2_PLACEMENT_3D ( 'NONE', #1342, #2063, #252 ) ;
#610 = LINE ( 'NONE', #2266, #151 ) ;
#611 = DIRECTION ( 'NONE',  ( 0.000000000000000000, 0.000000000000000000, 1.000000000000000000 ) ) ;
#612 = CARTESIAN_POINT ( 'NONE',  ( 7.499999999999996447, 0.000000000000000000, -7.500000000000003553 ) ) ;
#613 = EDGE_CURVE ( 'NONE', #847, #1560, #67, .T. ) ;
#614 = ORIENTED_EDGE ( 'NONE', *, *, #2102, .F. ) ;
#615 = CARTESIAN_POINT ( 'NONE',  ( -7.500000000000003553, 3.500000000000003109, -7.500000000000000000 ) ) ;
#616 = DIRECTION ( 'NONE',  ( -0.000000000000000000, -0.000000000000000000, 1.000000000000000000 ) ) ;
#617 = ORIENTED_EDGE ( 'NONE', *, *, #57, .T. ) ;
#618 = VECTOR ( 'NONE', #644, 1000.000000000000000 ) ;
#619 = CARTESIAN_POINT ( 'NONE',  ( -7.500000000000003553, 3.500000000000000000, 7.500000000000000000 ) ) ;
#620 = VECTOR ( 'NONE', #2274, 1000.000000000000000 ) ;
#621 = EDGE_CURVE ( 'NONE', #2120, #626, #1783, .T. ) ;
#622 = CIRCLE ( 'NONE', #656, 2.200000000001020695 ) ;
#623 = CARTESIAN_POINT ( 'NONE',  ( -42.50000000000000711, 0.000000000000000000, 49.99999999999995737 ) ) ;
#624 = FACE_BOUND ( 'NONE', #878, .T. ) ;
#625 = CARTESIAN_POINT ( 'NONE',  ( -15.50000000000001421, -116.4999999999999858, 56.60000000000000142 ) ) ;
#626 = VERTEX_POINT ( 'NONE', #874 ) ;
#627 = LINE ( 'NONE', #812, #2342 ) ;
#628 = DIRECTION ( 'NONE',  ( 1.000000000000000000, 0.000000000000000000, 0.000000000000000000 ) ) ;
#629 = ADVANCED_FACE ( 'NONE', ( #842 ), #2336, .F. ) ;
#630 = ORIENTED_EDGE ( 'NONE', *, *, #199, .F. ) ;
#631 = LINE ( 'NONE', #859, #654 ) ;
#632 = EDGE_CURVE ( 'NONE', #1585, #933, #1608, .T. ) ;
#633 = DIRECTION ( 'NONE',  ( 0.000000000000000000, -1.000000000000000000, 0.000000000000000000 ) ) ;
#634 = CARTESIAN_POINT ( 'NONE',  ( 22.14999999995703206, 21.59999999999735820, 27.99999999999998934 ) ) ;
#635 = DIRECTION ( 'NONE',  ( 0.000000000000000000, -1.000000000000000000, 0.000000000000000000 ) ) ;
#636 = VERTEX_POINT ( 'NONE', #1797 ) ;
#637 = ORIENTED_EDGE ( 'NONE', *, *, #2102, .T. ) ;
#638 = CARTESIAN_POINT ( 'NONE',  ( -16.90000000000000213, 28.50000000000000000, -40.14000000000000767 ) ) ;
#639 = VECTOR ( 'NONE', #1413, 1000.000000000000114 ) ;
#640 = ORIENTED_EDGE ( 'NONE', *, *, #704, .F. ) ;
#641 = CARTESIAN_POINT ( 'NONE',  ( 7.499999999999996447, 3.500000000000003109, -7.500000000000003553 ) ) ;
#642 = EDGE_CURVE ( 'NONE', #2157, #1142, #2147, .T. ) ;
#643 = VECTOR ( 'NONE', #532, 1000.000000000000000 ) ;
#644 = DIRECTION ( 'NONE',  ( 0.7071067811865485719, -0.000000000000000000, -0.7071067811865465735 ) ) ;
#645 = AXIS2_PLACEMENT_3D ( 'NONE', #931, #30, #579 ) ;
#646 = LINE ( 'NONE', #1145, #1651 ) ;
#647 = DIRECTION ( 'NONE',  ( 0.000000000000000000, 0.000000000000000000, 1.000000000000000000 ) ) ;
#648 = EDGE_CURVE ( 'NONE', #1708, #811, #1615, .T. ) ;
#649 = ORIENTED_EDGE ( 'NONE', *, *, #1488, .T. ) ;
#650 = CARTESIAN_POINT ( 'NONE',  ( 7.799999999999737810, 16.59999999999728360, -59.14000000000000767 ) ) ;
#651 = DIRECTION ( 'NONE',  ( 0.000000000000000000, 0.000000000000000000, 1.000000000000000000 ) ) ;
#652 = ORIENTED_EDGE ( 'NONE', *, *, #969, .T. ) ;
#653 = DIRECTION ( 'NONE',  ( 0.000000000000000000, 1.000000000000000000, 0.000000000000000000 ) ) ;
#654 = VECTOR ( 'NONE', #100, 1000.000000000000000 ) ;
#655 = FACE_BOUND ( 'NONE', #340, .T. ) ;
#656 = AXIS2_PLACEMENT_3D ( 'NONE', #2379, #1150, #1889 ) ;
#657 = DIRECTION ( 'NONE',  ( 0.000000000000000000, -1.000000000000000000, 0.000000000000000000 ) ) ;
#658 = CARTESIAN_POINT ( 'NONE',  ( 15.50000000000001421, 3.500000000000000000, -53.40000000000001279 ) ) ;
#659 = EDGE_CURVE ( 'NONE', #2110, #187, #385, .T. ) ;
#660 = ORIENTED_EDGE ( 'NONE', *, *, #1322, .F. ) ;
#661 = FACE_OUTER_BOUND ( 'NONE', #403, .T. ) ;
#662 = CARTESIAN_POINT ( 'NONE',  ( 32.50000000000000000, 28.50000000000000000, 2.499999999999992006 ) ) ;
#663 = ORIENTED_EDGE ( 'NONE', *, *, #2372, .T. ) ;
#664 = CARTESIAN_POINT ( 'NONE',  ( 32.49999999999998579, 3.500000000000000000, 59.99999999999999289 ) ) ;
#665 = FACE_BOUND ( 'NONE', #1832, .T. ) ;
#666 = AXIS2_PLACEMENT_3D ( 'NONE', #1810, #2017, #903 ) ;
#667 = PRODUCT ( 'feet1', 'feet1', '', ( #415 ) ) ;
#668 = DIRECTION ( 'NONE',  ( -0.000000000000000000, 1.000000000000000000, -0.000000000000000000 ) ) ;
#669 = CARTESIAN_POINT ( 'NONE',  ( 19.94999999995600959, 21.59999999999735820, 27.99999999999998934 ) ) ;
#670 = ADVANCED_FACE ( 'NONE', ( #2205 ), #1443, .F. ) ;
#671 = ORIENTED_EDGE ( 'NONE', *, *, #1749, .T. ) ;
#672 = CARTESIAN_POINT ( 'NONE',  ( 39.73676745987322079, 8.500000000000003553, 2.499999999999992006 ) ) ;
#673 = CARTESIAN_POINT ( 'NONE',  ( 22.14999999995703206, 21.59999999999735820, 14.49999999999998579 ) ) ;
#674 = ORIENTED_EDGE ( 'NONE', *, *, #2137, .F. ) ;
#675 = CARTESIAN_POINT ( 'NONE',  ( -7.500000000000003553, -126.4999999999999716, -7.500000000000000000 ) ) ;
#676 = ORIENTED_EDGE ( 'NONE', *, *, #107, .T. ) ;
#677 = CARTESIAN_POINT ( 'NONE',  ( 0.000000000000000000, 3.500000000000000000, 0.000000000000000000 ) ) ;
#678 = DIRECTION ( 'NONE',  ( 0.000000000000000000, -1.000000000000000000, 0.000000000000000000 ) ) ;
#679 = DIRECTION ( 'NONE',  ( -0.000000000000000000, 1.000000000000000000, -0.000000000000000000 ) ) ;
#680 = VECTOR ( 'NONE', #388, 1000.000000000000000 ) ;
#681 = AXIS2_PLACEMENT_3D ( 'NONE', #1285, #1445, #1100 ) ;
#682 = ORIENTED_EDGE ( 'NONE', *, *, #1287, .T. ) ;
#683 = LINE ( 'NONE', #2163, #639 ) ;
#684 = EDGE_CURVE ( 'NONE', #1627, #1418, #1836, .T. ) ;
#685 = LINE ( 'NONE', #326, #2332 ) ;
#686 = ORIENTED_EDGE ( 'NONE', *, *, #534, .T. ) ;
#687 = DIRECTION ( 'NONE',  ( -0.000000000000000000, 1.000000000000000000, -0.000000000000000000 ) ) ;
#688 = ORIENTED_EDGE ( 'NONE', *, *, #23, .F. ) ;
#689 = EDGE_CURVE ( 'NONE', #1252, #1235, #1073, .T. ) ;
#690 = FACE_OUTER_BOUND ( 'NONE', #42, .T. ) ;
#691 = DIRECTION ( 'NONE',  ( -0.000000000000000000, 1.000000000000000000, -0.000000000000000000 ) ) ;
#692 = AXIS2_PLACEMENT_3D ( 'NONE', #1834, #924, #2371 ) ;
#693 = DIRECTION ( 'NONE',  ( -1.000000000000000000, 0.000000000000000000, 5.299423560331486784E-17 ) ) ;
#694 = AXIS2_PLACEMENT_3D ( 'NONE', #448, #1334, #802 ) ;
#695 = VECTOR ( 'NONE', #1045, 1000.000000000000000 ) ;
#696 = ORIENTED_EDGE ( 'NONE', *, *, #600, .F. ) ;
#697 = CARTESIAN_POINT ( 'NONE',  ( 42.49999999999999289, 3.500000000000000000, 50.00000000000000711 ) ) ;
#698 = CARTESIAN_POINT ( 'NONE',  ( 9.449999999999738165, 16.59999999999728360, -40.14000000000000767 ) ) ;
#699 = EDGE_LOOP ( 'NONE', ( #8, #1058, #614, #741 ) ) ;
#700 = FACE_OUTER_BOUND ( 'NONE', #1639, .T. ) ;
#701 = EDGE_CURVE ( 'NONE', #1633, #1129, #2028, .T. ) ;
#702 = ORIENTED_EDGE ( 'NONE', *, *, #1493, .T. ) ;
#703 = DIRECTION ( 'NONE',  ( 0.000000000000000000, -1.000000000000000000, 0.000000000000000000 ) ) ;
#704 = EDGE_CURVE ( 'NONE', #2051, #1911, #757, .T. ) ;
#705 = CARTESIAN_POINT ( 'NONE',  ( 24.34999999995805098, 21.59999999999735820, -87.00000000000000000 ) ) ;
#706 = FACE_OUTER_BOUND ( 'NONE', #828, .T. ) ;
#707 = EDGE_LOOP ( 'NONE', ( #1767, #53, #995, #86 ) ) ;
#708 = PLANE ( 'NONE',  #1364 ) ;
#709 = LINE ( 'NONE', #1814, #990 ) ;
#710 = VECTOR ( 'NONE', #1550, 1000.000000000000000 ) ;
#711 = EDGE_LOOP ( 'NONE', ( #1597, #1620, #447, #133 ) ) ;
#712 = DIRECTION ( 'NONE',  ( -0.000000000000000000, -0.000000000000000000, 1.000000000000000000 ) ) ;
#713 = ORIENTED_EDGE ( 'NONE', *, *, #1227, .T. ) ;
#714 = EDGE_CURVE ( 'NONE', #50, #1434, #961, .T. ) ;
#715 = EDGE_LOOP ( 'NONE', ( #397, #2036 ) ) ;
#716 = FACE_BOUND ( 'NONE', #241, .T. ) ;
#717 = LINE ( 'NONE', #531, #597 ) ;
#718 = VERTEX_POINT ( 'NONE', #2373 ) ;
#719 = DIRECTION ( 'NONE',  ( -3.312139725207179394E-17, 0.000000000000000000, -1.000000000000000000 ) ) ;
#720 = VECTOR ( 'NONE', #1134, 1000.000000000000000 ) ;
#721 = FACE_OUTER_BOUND ( 'NONE', #1499, .T. ) ;
#722 = EDGE_CURVE ( 'NONE', #1911, #31, #102, .T. ) ;
#723 = CARTESIAN_POINT ( 'NONE',  ( -7.500000000000003553, 3.500000000000000000, 9.100000000000001421 ) ) ;
#724 = VERTEX_POINT ( 'NONE', #159 ) ;
#725 = ORIENTED_EDGE ( 'NONE', *, *, #2218, .F. ) ;
#726 = CYLINDRICAL_SURFACE ( 'NONE', #1730, 1.600000000000001643 ) ;
#727 = ORIENTED_EDGE ( 'NONE', *, *, #1806, .F. ) ;
#728 = ORIENTED_EDGE ( 'NONE', *, *, #107, .F. ) ;
#729 = DIRECTION ( 'NONE',  ( -0.000000000000000000, 1.000000000000000000, -0.000000000000000000 ) ) ;
#730 = VECTOR ( 'NONE', #1294, 1000.000000000000000 ) ;
#731 = DIRECTION ( 'NONE',  ( 0.000000000000000000, 0.000000000000000000, 1.000000000000000000 ) ) ;
#732 = DIRECTION ( 'NONE',  ( 0.000000000000000000, -1.000000000000000000, 0.000000000000000000 ) ) ;
#733 = EDGE_CURVE ( 'NONE', #24, #462, #1450, .T. ) ;
#734 = VECTOR ( 'NONE', #2312, 1000.000000000000000 ) ;
#735 = VECTOR ( 'NONE', #1584, 1000.000000000000000 ) ;
#736 = FACE_OUTER_BOUND ( 'NONE', #1524, .T. ) ;
#737 = DIRECTION ( 'NONE',  ( 0.000000000000000000, 0.000000000000000000, 1.000000000000000000 ) ) ;
#738 = ADVANCED_FACE ( 'NONE', ( #345 ), #2196, .F. ) ;
#739 = ORIENTED_EDGE ( 'NONE', *, *, #1782, .F. ) ;
#740 = AXIS2_PLACEMENT_3D ( 'NONE', #400, #777, #1314 ) ;
#741 = ORIENTED_EDGE ( 'NONE', *, *, #356, .F. ) ;
#742 = DIRECTION ( 'NONE',  ( -0.000000000000000000, 1.000000000000000000, -0.000000000000000000 ) ) ;
#743 = ORIENTED_EDGE ( 'NONE', *, *, #1094, .T. ) ;
#744 = EDGE_LOOP ( 'NONE', ( #955, #755, #1448, #1799 ) ) ;
#745 = DIRECTION ( 'NONE',  ( -0.000000000000000000, -1.000000000000000000, 0.000000000000000000 ) ) ;
#746 = CARTESIAN_POINT ( 'NONE',  ( 28.32000000000012818, 28.50000000000000000, -28.31999999999980844 ) ) ;
#747 = DIRECTION ( 'NONE',  ( 0.000000000000000000, 1.000000000000000000, -0.000000000000000000 ) ) ;
#748 = CYLINDRICAL_SURFACE ( 'NONE', #1992, 2.200000000000618350 ) ;
#749 = EDGE_CURVE ( 'NONE', #1747, #1252, #1638, .T. ) ;
#750 = ORIENTED_EDGE ( 'NONE', *, *, #131, .F. ) ;
#751 = ORIENTED_EDGE ( 'NONE', *, *, #81, .F. ) ;
#752 = DIRECTION ( 'NONE',  ( 0.7071067811865436870, -0.000000000000000000, 0.7071067811865514585 ) ) ;
#753 = EDGE_LOOP ( 'NONE', ( #2116, #676 ) ) ;
#754 = ADVANCED_FACE ( 'NONE', ( #1256 ), #196, .F. ) ;
#755 = ORIENTED_EDGE ( 'NONE', *, *, #424, .T. ) ;
#756 = VECTOR ( 'NONE', #149, 1000.000000000000000 ) ;
#757 = LINE ( 'NONE', #1892, #529 ) ;
#758 = DIRECTION ( 'NONE',  ( 0.000000000000000000, 1.000000000000000000, -1.156482317317871478E-16 ) ) ;
#759 = CARTESIAN_POINT ( 'NONE',  ( 32.49999999999999289, 28.49999999999999645, -24.13999999999989754 ) ) ;
#760 = CARTESIAN_POINT ( 'NONE',  ( -23.43676745991574961, 33.50000000000000000, 27.99999999999998934 ) ) ;
#761 = VECTOR ( 'NONE', #693, 1000.000000000000000 ) ;
#762 = EDGE_CURVE ( 'NONE', #212, #221, #237, .T. ) ;
#763 = ORIENTED_EDGE ( 'NONE', *, *, #1048, .T. ) ;
#764 = ORIENTED_EDGE ( 'NONE', *, *, #210, .F. ) ;
#765 = DIRECTION ( 'NONE',  ( -0.000000000000000000, -1.000000000000000000, 0.000000000000000000 ) ) ;
#766 = CIRCLE ( 'NONE', #645, 2.200000000001020695 ) ;
#767 = AXIS2_PLACEMENT_3D ( 'NONE', #1135, #548, #2223 ) ;
#768 = EDGE_LOOP ( 'NONE', ( #90, #2188, #1687, #844, #354, #2065, #1375, #1149, #1510, #11 ) ) ;
#769 = ORIENTED_EDGE ( 'NONE', *, *, #1402, .T. ) ;
#770 = CARTESIAN_POINT ( 'NONE',  ( -42.50000000000000711, 3.500000000000000000, 49.99999999999995737 ) ) ;
#771 = EDGE_CURVE ( 'NONE', #2157, #393, #13, .T. ) ;
#772 = LINE ( 'NONE', #928, #720 ) ;
#773 = LINE ( 'NONE', #1826, #250 ) ;
#774 = DIRECTION ( 'NONE',  ( 0.000000000000000000, 0.000000000000000000, 1.000000000000000000 ) ) ;
#775 = VERTEX_POINT ( 'NONE', #805 ) ;
#776 = ORIENTED_EDGE ( 'NONE', *, *, #749, .T. ) ;
#777 = DIRECTION ( 'NONE',  ( -0.000000000000000000, 1.000000000000000000, -0.000000000000000000 ) ) ;
#778 =( GEOMETRIC_REPRESENTATION_CONTEXT ( 3 ) GLOBAL_UNCERTAINTY_ASSIGNED_CONTEXT ( ( #1158 ) ) GLOBAL_UNIT_ASSIGNED_CONTEXT ( ( #1724, #797, #991 ) ) REPRESENTATION_CONTEXT ( 'NONE', 'WORKASPACE' ) );
#779 = VECTOR ( 'NONE', #1008, 1000.000000000000000 ) ;
#780 = ORIENTED_EDGE ( 'NONE', *, *, #1605, .F. ) ;
#781 = DIRECTION ( 'NONE',  ( 0.000000000000000000, 0.000000000000000000, 1.000000000000000000 ) ) ;
#782 = EDGE_CURVE ( 'NONE', #148, #232, #2126, .T. ) ;
#783 = ORIENTED_EDGE ( 'NONE', *, *, #23, .T. ) ;
#784 = DIRECTION ( 'NONE',  ( 1.000000000000000000, 0.000000000000000000, 0.000000000000000000 ) ) ;
#785 = PLANE ( 'NONE',  #1189 ) ;
#786 = ORIENTED_EDGE ( 'NONE', *, *, #1031, .F. ) ;
#787 = CARTESIAN_POINT ( 'NONE',  ( -30.50000000000001421, -116.4999999999999858, 55.00000000000000711 ) ) ;
#788 = VERTEX_POINT ( 'NONE', #357 ) ;
#789 = ORIENTED_EDGE ( 'NONE', *, *, #1838, .T. ) ;
#790 = DIRECTION ( 'NONE',  ( 0.000000000000000000, 0.000000000000000000, -1.000000000000000000 ) ) ;
#791 = VECTOR ( 'NONE', #545, 1000.000000000000000 ) ;
#792 = ORIENTED_EDGE ( 'NONE', *, *, #389, .F. ) ;
#793 = EDGE_LOOP ( 'NONE', ( #495, #270 ) ) ;
#794 = CARTESIAN_POINT ( 'NONE',  ( 0.000000000000000000, 0.000000000000000000, 0.000000000000000000 ) ) ;
#795 = EDGE_CURVE ( 'NONE', #2040, #1591, #1307, .T. ) ;
#796 = ORIENTED_EDGE ( 'NONE', *, *, #1306, .T. ) ;
#797 =( NAMED_UNIT ( * ) PLANE_ANGLE_UNIT ( ) SI_UNIT ( $, .RADIAN. ) );
#798 = CARTESIAN_POINT ( 'NONE',  ( 39.73676745987322079, 8.500000000000003553, 14.49999999999999289 ) ) ;
#799 = FACE_OUTER_BOUND ( 'NONE', #858, .T. ) ;
#800 = EDGE_CURVE ( 'NONE', #2249, #2378, #1467, .T. ) ;
#801 = ORIENTED_EDGE ( 'NONE', *, *, #925, .F. ) ;
#802 = DIRECTION ( 'NONE',  ( 0.000000000000000000, -0.000000000000000000, -1.000000000000000000 ) ) ;
#803 = CARTESIAN_POINT ( 'NONE',  ( -23.43676745991574961, 33.50000000000000000, 27.99999999999998934 ) ) ;
#804 = ORIENTED_EDGE ( 'NONE', *, *, #1374, .T. ) ;
#805 = CARTESIAN_POINT ( 'NONE',  ( -32.49999999999997158, 0.000000000000000000, -60.00000000000000711 ) ) ;
#806 = ORIENTED_EDGE ( 'NONE', *, *, #1728, .F. ) ;
#807 = CARTESIAN_POINT ( 'NONE',  ( -7.500000000000003553, 0.000000000000000000, -5.899999999999997691 ) ) ;
#808 = ORIENTED_EDGE ( 'NONE', *, *, #179, .F. ) ;
#809 = CARTESIAN_POINT ( 'NONE',  ( -29.93676745991574606, 33.50000000000000000, 12.99999999999999112 ) ) ;
#810 = EDGE_CURVE ( 'NONE', #538, #1300, #717, .T. ) ;
#811 = VERTEX_POINT ( 'NONE', #2300 ) ;
#812 = CARTESIAN_POINT ( 'NONE',  ( 30.50000000000001421, -116.4999999999999858, 56.60000000000000853 ) ) ;
#813 = DIRECTION ( 'NONE',  ( 0.000000000000000000, 1.000000000000000000, 0.000000000000000000 ) ) ;
#814 = EDGE_CURVE ( 'NONE', #1971, #332, #66, .T. ) ;
#815 = VERTEX_POINT ( 'NONE', #838 ) ;
#816 = CIRCLE ( 'NONE', #413, 1.600000000000001643 ) ;
#817 = CARTESIAN_POINT ( 'NONE',  ( 24.34999999995806164, 11.59999999999735643, -87.00000000000000000 ) ) ;
#818 = AXIS2_PLACEMENT_3D ( 'NONE', #650, #1719, #986 ) ;
#819 = AXIS2_PLACEMENT_3D ( 'NONE', #1449, #2166, #1609 ) ;
#820 = VECTOR ( 'NONE', #1630, 1000.000000000000000 ) ;
#821 = LINE ( 'NONE', #2281, #226 ) ;
#822 = DIRECTION ( 'NONE',  ( 0.000000000000000000, -0.000000000000000000, -1.000000000000000000 ) ) ;
#823 = ORIENTED_EDGE ( 'NONE', *, *, #1227, .F. ) ;
#824 = CARTESIAN_POINT ( 'NONE',  ( -7.500000000000003553, 3.500000000000003109, -5.899999999999997691 ) ) ;
#825 = ADVANCED_FACE ( 'NONE', ( #1204 ), #1917, .F. ) ;
#826 = DIRECTION ( 'NONE',  ( 1.000000000000000000, 0.000000000000000000, 0.000000000000000000 ) ) ;
#827 = ORIENTED_EDGE ( 'NONE', *, *, #2047, .F. ) ;
#828 = EDGE_LOOP ( 'NONE', ( #1653, #713, #727, #1818 ) ) ;
#829 = DIRECTION ( 'NONE',  ( 0.000000000000000000, 0.000000000000000000, -1.000000000000000000 ) ) ;
#830 = EDGE_CURVE ( 'NONE', #1811, #1129, #1561, .T. ) ;
#831 = EDGE_LOOP ( 'NONE', ( #1699, #1500, #1664, #2093 ) ) ;
#832 = FACE_BOUND ( 'NONE', #793, .T. ) ;
#833 = LINE ( 'NONE', #1566, #58 ) ;
#834 = ORIENTED_EDGE ( 'NONE', *, *, #372, .T. ) ;
#835 = DIRECTION ( 'NONE',  ( 0.000000000000000000, 0.000000000000000000, -1.000000000000000000 ) ) ;
#836 = CYLINDRICAL_SURFACE ( 'NONE', #152, 2.200000000000618350 ) ;
#837 = VERTEX_POINT ( 'NONE', #113 ) ;
#838 = CARTESIAN_POINT ( 'NONE',  ( 32.49999999999999289, 3.500000000000000000, -24.13999999999989754 ) ) ;
#839 = CIRCLE ( 'NONE', #132, 1.600000000000002531 ) ;
#840 = LINE ( 'NONE', #1563, #1765 ) ;
#841 = EDGE_CURVE ( 'NONE', #1996, #232, #2121, .T. ) ;
#842 = FACE_OUTER_BOUND ( 'NONE', #1887, .T. ) ;
#843 = DIRECTION ( 'NONE',  ( -0.000000000000000000, 1.000000000000000000, -0.000000000000000000 ) ) ;
#844 = ORIENTED_EDGE ( 'NONE', *, *, #956, .T. ) ;
#845 = LINE ( 'NONE', #2250, #2289 ) ;
#846 = DIRECTION ( 'NONE',  ( 0.000000000000000000, 0.000000000000000000, -1.000000000000000000 ) ) ;
#847 = VERTEX_POINT ( 'NONE', #2278 ) ;
#848 = LINE ( 'NONE', #817, #1571 ) ;
#849 = AXIS2_PLACEMENT_3D ( 'NONE', #937, #1808, #158 ) ;
#850 = EDGE_CURVE ( 'NONE', #459, #2120, #631, .T. ) ;
#851 = FACE_BOUND ( 'NONE', #1859, .T. ) ;
#852 = AXIS2_PLACEMENT_3D ( 'NONE', #987, #1369, #449 ) ;
#853 = FACE_BOUND ( 'NONE', #2149, .T. ) ;
#854 = DIRECTION ( 'NONE',  ( 0.000000000000000000, -1.000000000000000000, 0.000000000000000000 ) ) ;
#855 = ORIENTED_EDGE ( 'NONE', *, *, #1166, .T. ) ;
#856 = DIRECTION ( 'NONE',  ( 1.471975796331614096E-16, 0.000000000000000000, 1.000000000000000000 ) ) ;
#857 = CARTESIAN_POINT ( 'NONE',  ( 22.14999999995703917, 11.59999999999735643, 14.49999999999998579 ) ) ;
#858 = EDGE_LOOP ( 'NONE', ( #997, #1000, #432, #2265, #1139, #1987 ) ) ;
#859 = CARTESIAN_POINT ( 'NONE',  ( 39.73676745987322079, 33.50000000000000000, 14.49999999999999467 ) ) ;
#860 = ORIENTED_EDGE ( 'NONE', *, *, #1197, .T. ) ;
#861 = DIRECTION ( 'NONE',  ( 0.000000000000000000, -1.000000000000000000, 0.000000000000000000 ) ) ;
#862 = EDGE_CURVE ( 'NONE', #1026, #1902, #1360, .T. ) ;
#863 = LINE ( 'NONE', #1944, #2227 ) ;
#864 = CARTESIAN_POINT ( 'NONE',  ( 32.50000000000000000, 26.50000000000000000, -18.09999999999843823 ) ) ;
#865 = EDGE_LOOP ( 'NONE', ( #62, #947, #1288, #1737 ) ) ;
#866 = CARTESIAN_POINT ( 'NONE',  ( 24.73676745987322434, 33.50000000000000000, 14.49999999999999112 ) ) ;
#867 = DIRECTION ( 'NONE',  ( -0.000000000000000000, -0.000000000000000000, 1.000000000000000000 ) ) ;
#868 = ADVANCED_FACE ( 'NONE', ( #291 ), #1940, .F. ) ;
#869 = ORIENTED_EDGE ( 'NONE', *, *, #999, .F. ) ;
#870 = LINE ( 'NONE', #1263, #1924 ) ;
#871 = ORIENTED_EDGE ( 'NONE', *, *, #1128, .T. ) ;
#872 = FACE_OUTER_BOUND ( 'NONE', #1950, .T. ) ;
#873 = AXIS2_PLACEMENT_3D ( 'NONE', #420, #1014, #822 ) ;
#874 = CARTESIAN_POINT ( 'NONE',  ( 39.73676745987322079, 33.50000000000000000, 27.99999999999998934 ) ) ;
#875 = CARTESIAN_POINT ( 'NONE',  ( 19.94999999995600959, 21.59999999999735820, 14.49999999999998579 ) ) ;
#876 = AXIS2_PLACEMENT_3D ( 'NONE', #349, #1670, #963 ) ;
#877 = AXIS2_PLACEMENT_3D ( 'NONE', #563, #591, #2032 ) ;
#878 = EDGE_LOOP ( 'NONE', ( #1535, #1897 ) ) ;
#879 = CARTESIAN_POINT ( 'NONE',  ( -42.50000000000000711, 3.500000000000000000, -40.14000000000000767 ) ) ;
#880 = CARTESIAN_POINT ( 'NONE',  ( 7.499999999999996447, 0.000000000000000000, 9.100000000000004974 ) ) ;
#881 = EDGE_CURVE ( 'NONE', #2144, #1635, #475, .T. ) ;
#882 = ORIENTED_EDGE ( 'NONE', *, *, #621, .F. ) ;
#883 = CARTESIAN_POINT ( 'NONE',  ( 7.499999999999996447, -126.4999999999999716, -5.900000000000001243 ) ) ;
#884 = EDGE_CURVE ( 'NONE', #436, #636, #848, .T. ) ;
#885 = ORIENTED_EDGE ( 'NONE', *, *, #156, .T. ) ;
#886 = CYLINDRICAL_SURFACE ( 'NONE', #190, 1.600000000000002531 ) ;
#887 = AXIS2_PLACEMENT_3D ( 'NONE', #1565, #1220, #309 ) ;
#888 = DIRECTION ( 'NONE',  ( -0.000000000000000000, -1.000000000000000000, -0.000000000000000000 ) ) ;
#889 = VECTOR ( 'NONE', #1059, 1000.000000000000000 ) ;
#890 = DIRECTION ( 'NONE',  ( 0.000000000000000000, 1.000000000000000000, 0.000000000000000000 ) ) ;
#891 = VECTOR ( 'NONE', #166, 1000.000000000000000 ) ;
#892 = CIRCLE ( 'NONE', #1076, 2.200000000001020695 ) ;
#893 = ORIENTED_EDGE ( 'NONE', *, *, #1241, .F. ) ;
#894 = CARTESIAN_POINT ( 'NONE',  ( 22.50000000000000355, 28.50000000000000000, -34.14000000000000057 ) ) ;
#895 = LINE ( 'NONE', #1973, #1684 ) ;
#896 = EDGE_CURVE ( 'NONE', #1747, #205, #2311, .T. ) ;
#897 = VERTEX_POINT ( 'NONE', #438 ) ;
#898 = CARTESIAN_POINT ( 'NONE',  ( -30.50000000000001421, 0.000000000000000000, -55.00000000000000711 ) ) ;
#899 = ORIENTED_EDGE ( 'NONE', *, *, #810, .T. ) ;
#900 = ORIENTED_EDGE ( 'NONE', *, *, #925, .T. ) ;
#901 = DIRECTION ( 'NONE',  ( -1.000000000000000000, 0.000000000000000000, -0.000000000000000000 ) ) ;
#902 = EDGE_CURVE ( 'NONE', #2204, #482, #414, .T. ) ;
#903 = DIRECTION ( 'NONE',  ( 0.000000000000000000, 0.000000000000000000, -1.000000000000000000 ) ) ;
#904 = ORIENTED_EDGE ( 'NONE', *, *, #1247, .T. ) ;
#905 = DIRECTION ( 'NONE',  ( 0.000000000000000000, 0.000000000000000000, -1.000000000000000000 ) ) ;
#906 = CARTESIAN_POINT ( 'NONE',  ( -32.96838372995787836, 87.48490993466043619, 12.99999999999999112 ) ) ;
#907 = CARTESIAN_POINT ( 'NONE',  ( -32.96838372995787836, 5.500000000000001776, 5.674371403960129361E-16 ) ) ;
#908 = ORIENTED_EDGE ( 'NONE', *, *, #841, .F. ) ;
#909 = CARTESIAN_POINT ( 'NONE',  ( -7.500000000000003553, 0.000000000000000000, -9.100000000000001421 ) ) ;
#910 = ORIENTED_EDGE ( 'NONE', *, *, #956, .F. ) ;
#911 = LINE ( 'NONE', #1636, #530 ) ;
#912 = DIRECTION ( 'NONE',  ( 1.000000000000000000, 0.000000000000000000, 0.000000000000000000 ) ) ;
#913 = EDGE_LOOP ( 'NONE', ( #512, #1989, #390, #2344 ) ) ;
#914 = CARTESIAN_POINT ( 'NONE',  ( -30.50000000000001421, 0.000000000000000000, 55.00000000000000711 ) ) ;
#915 = EDGE_CURVE ( 'NONE', #205, #377, #1768, .T. ) ;
#916 = AXIS2_PLACEMENT_3D ( 'NONE', #1074, #1812, #285 ) ;
#917 = LINE ( 'NONE', #395, #949 ) ;
#918 = CARTESIAN_POINT ( 'NONE',  ( 30.50000000000001421, 0.000000000000000000, 53.40000000000000568 ) ) ;
#919 = AXIS2_PLACEMENT_3D ( 'NONE', #857, #1426, #1788 ) ;
#920 = EDGE_LOOP ( 'NONE', ( #1086, #65, #1828, #160 ) ) ;
#921 = DIRECTION ( 'NONE',  ( 0.000000000000000000, 0.000000000000000000, -1.000000000000000000 ) ) ;
#922 = ORIENTED_EDGE ( 'NONE', *, *, #1890, .T. ) ;
#923 = ORIENTED_EDGE ( 'NONE', *, *, #507, .T. ) ;
#924 = DIRECTION ( 'NONE',  ( -0.000000000000000000, 1.000000000000000000, -0.000000000000000000 ) ) ;
#925 = EDGE_CURVE ( 'NONE', #1419, #1512, #2074, .T. ) ;
#926 = CARTESIAN_POINT ( 'NONE',  ( -32.96838372995787836, 5.500000000000001776, 12.99999999999999112 ) ) ;
#927 = ORIENTED_EDGE ( 'NONE', *, *, #131, .T. ) ;
#928 = CARTESIAN_POINT ( 'NONE',  ( -32.96838372995788546, 26.50000000000000000, -18.09999999999843467 ) ) ;
#929 = CARTESIAN_POINT ( 'NONE',  ( -29.55000000000047322, 21.59999999999735820, -87.00000000000000000 ) ) ;
#930 = CIRCLE ( 'NONE', #1961, 1.599999999999997202 ) ;
#931 = CARTESIAN_POINT ( 'NONE',  ( 22.14999999995703206, 21.59999999999735820, 14.49999999999998579 ) ) ;
#932 = AXIS2_PLACEMENT_3D ( 'NONE', #634, #2245, #2133 ) ;
#933 = VERTEX_POINT ( 'NONE', #1165 ) ;
#934 = ORIENTED_EDGE ( 'NONE', *, *, #119, .T. ) ;
#935 = DIRECTION ( 'NONE',  ( 0.000000000000000000, 1.000000000000000000, 0.000000000000000000 ) ) ;
#936 = ORIENTED_EDGE ( 'NONE', *, *, #999, .T. ) ;
#937 = CARTESIAN_POINT ( 'NONE',  ( -15.50000000000001421, 0.000000000000000000, -55.00000000000000711 ) ) ;
#938 = CARTESIAN_POINT ( 'NONE',  ( 42.49999999999999289, 3.500000000000000000, 59.99999999999999289 ) ) ;
#939 = CARTESIAN_POINT ( 'NONE',  ( 32.49999999999999289, 87.48490993466043619, -24.13999999999989754 ) ) ;
#940 = EDGE_CURVE ( 'NONE', #1473, #1390, #1931, .T. ) ;
#941 = CARTESIAN_POINT ( 'NONE',  ( 30.50000000000001421, 3.500000000000000000, 55.00000000000000711 ) ) ;
#942 = CARTESIAN_POINT ( 'NONE',  ( 18.42999999999994287, 33.50000000000000000, 14.49999999999999112 ) ) ;
#943 = ORIENTED_EDGE ( 'NONE', *, *, #2275, .F. ) ;
#944 = EDGE_LOOP ( 'NONE', ( #869, #1083 ) ) ;
#945 = DIRECTION ( 'NONE',  ( -0.000000000000000000, -0.000000000000000000, 1.000000000000000000 ) ) ;
#946 = EDGE_CURVE ( 'NONE', #1122, #417, #1344, .T. ) ;
#947 = ORIENTED_EDGE ( 'NONE', *, *, #2159, .F. ) ;
#948 = LINE ( 'NONE', #1625, #1729 ) ;
#949 = VECTOR ( 'NONE', #387, 1000.000000000000000 ) ;
#950 = PLANE ( 'NONE',  #246 ) ;
#951 = DIRECTION ( 'NONE',  ( 0.000000000000000000, -1.000000000000000000, 0.000000000000000000 ) ) ;
#952 = CARTESIAN_POINT ( 'NONE',  ( 30.50000000000001421, -116.4999999999999858, -55.00000000000000711 ) ) ;
#953 = VECTOR ( 'NONE', #2351, 1000.000000000000000 ) ;
#954 = ORIENTED_EDGE ( 'NONE', *, *, #507, .F. ) ;
#955 = ORIENTED_EDGE ( 'NONE', *, *, #2242, .F. ) ;
#956 = EDGE_CURVE ( 'NONE', #1662, #1235, #1177, .T. ) ;
#957 = CARTESIAN_POINT ( 'NONE',  ( 32.49999999999999289, 3.500000000000003109, -24.13999999999989754 ) ) ;
#958 = CIRCLE ( 'NONE', #2298, 2.200000000000618350 ) ;
#959 = VERTEX_POINT ( 'NONE', #2288 ) ;
#960 = CARTESIAN_POINT ( 'NONE',  ( -15.50000000000001421, 3.500000000000000000, -53.40000000000001279 ) ) ;
#961 = CIRCLE ( 'NONE', #2301, 1.600000000000001643 ) ;
#962 = PLANE ( 'NONE',  #192 ) ;
#963 = DIRECTION ( 'NONE',  ( 1.000000000000000000, 0.000000000000000000, 0.000000000000000000 ) ) ;
#964 = AXIS2_PLACEMENT_3D ( 'NONE', #280, #1020, #829 ) ;
#965 = ORIENTED_EDGE ( 'NONE', *, *, #1516, .T. ) ;
#966 = ORIENTED_EDGE ( 'NONE', *, *, #795, .F. ) ;
#967 = ORIENTED_EDGE ( 'NONE', *, *, #1690, .T. ) ;
#968 = CARTESIAN_POINT ( 'NONE',  ( 22.50000000000000355, 28.49999999999999645, -34.14000000000000057 ) ) ;
#969 = EDGE_CURVE ( 'NONE', #811, #2347, #557, .T. ) ;
#970 = AXIS2_PLACEMENT_3D ( 'NONE', #1173, #52, #1017 ) ;
#971 = ORIENTED_EDGE ( 'NONE', *, *, #401, .F. ) ;
#972 = ORIENTED_EDGE ( 'NONE', *, *, #2329, .T. ) ;
#973 = EDGE_CURVE ( 'NONE', #2201, #1811, #1748, .T. ) ;
#974 = CARTESIAN_POINT ( 'NONE',  ( 0.000000000000000000, 3.500000000000000000, 0.000000000000000000 ) ) ;
#975 = DIRECTION ( 'NONE',  ( 0.7071067811865465735, -0.000000000000000000, 0.7071067811865485719 ) ) ;
#976 = ORIENTED_EDGE ( 'NONE', *, *, #2014, .F. ) ;
#977 = CARTESIAN_POINT ( 'NONE',  ( 22.14999999995703917, 11.59999999999735643, 27.99999999999998934 ) ) ;
#978 = CARTESIAN_POINT ( 'NONE',  ( 22.14999999995703917, 11.59999999999735643, -87.00000000000000000 ) ) ;
#979 = ORIENTED_EDGE ( 'NONE', *, *, #1464, .T. ) ;
#980 = DIRECTION ( 'NONE',  ( 0.000000000000000000, -1.000000000000000000, 0.000000000000000000 ) ) ;
#981 = ADVANCED_FACE ( 'NONE', ( #2000 ), #1621, .F. ) ;
#982 = DIRECTION ( 'NONE',  ( 0.000000000000000000, 0.000000000000000000, 1.000000000000000000 ) ) ;
#983 = EDGE_CURVE ( 'NONE', #1779, #775, #1417, .T. ) ;
#984 = CARTESIAN_POINT ( 'NONE',  ( 32.49999999999999289, 3.500000000000000000, -24.13999999999989754 ) ) ;
#985 = ORIENTED_EDGE ( 'NONE', *, *, #167, .T. ) ;
#986 = DIRECTION ( 'NONE',  ( 1.000000000000000000, 0.000000000000000000, 0.000000000000000000 ) ) ;
#987 = CARTESIAN_POINT ( 'NONE',  ( 15.50000000000001421, -116.4999999999999858, 55.00000000000000711 ) ) ;
#988 = ORIENTED_EDGE ( 'NONE', *, *, #1478, .T. ) ;
#989 = DIRECTION ( 'NONE',  ( 0.000000000000000000, -1.000000000000000000, 0.000000000000000000 ) ) ;
#990 = VECTOR ( 'NONE', #867, 1000.000000000000000 ) ;
#991 =( NAMED_UNIT ( * ) SI_UNIT ( $, .STERADIAN. ) SOLID_ANGLE_UNIT ( ) );
#992 = EDGE_CURVE ( 'NONE', #1316, #266, #511, .T. ) ;
#993 = DIRECTION ( 'NONE',  ( 0.000000000000000000, 1.000000000000000000, 0.000000000000000000 ) ) ;
#994 = CARTESIAN_POINT ( 'NONE',  ( 46.25000000000005684, -0.000000000000000000, -46.24999999999992184 ) ) ;
#995 = ORIENTED_EDGE ( 'NONE', *, *, #684, .F. ) ;
#996 = CARTESIAN_POINT ( 'NONE',  ( -7.500000000000003553, 3.500000000000000000, 7.500000000000000000 ) ) ;
#997 = ORIENTED_EDGE ( 'NONE', *, *, #293, .F. ) ;
#998 = DIRECTION ( 'NONE',  ( -1.000000000000000000, -0.000000000000000000, -0.000000000000000000 ) ) ;
#999 = EDGE_CURVE ( 'NONE', #2310, #897, #2247, .T. ) ;
#1000 = ORIENTED_EDGE ( 'NONE', *, *, #1978, .T. ) ;
#1001 = AXIS2_PLACEMENT_3D ( 'NONE', #318, #2323, #1794 ) ;
#1002 = DIRECTION ( 'NONE',  ( 1.000000000000000000, 0.000000000000000000, 0.000000000000000000 ) ) ;
#1003 = DIRECTION ( 'NONE',  ( -0.000000000000000000, 1.000000000000000000, -0.000000000000000000 ) ) ;
#1004 = DIRECTION ( 'NONE',  ( 0.000000000000000000, 1.000000000000000000, -0.000000000000000000 ) ) ;
#1005 = DIRECTION ( 'NONE',  ( -0.000000000000000000, 1.000000000000000000, -0.000000000000000000 ) ) ;
#1006 = ORIENTED_EDGE ( 'NONE', *, *, #1590, .F. ) ;
#1007 = VERTEX_POINT ( 'NONE', #316 ) ;
#1008 = DIRECTION ( 'NONE',  ( -1.000000000000000000, -0.000000000000000000, -0.000000000000000000 ) ) ;
#1009 = ORIENTED_EDGE ( 'NONE', *, *, #115, .T. ) ;
#1010 = DIRECTION ( 'NONE',  ( 0.000000000000000000, 0.000000000000000000, 1.000000000000000000 ) ) ;
#1011 = ADVANCED_FACE ( 'NONE', ( #700 ), #1831, .F. ) ;
#1012 = DIRECTION ( 'NONE',  ( 0.000000000000000000, -1.000000000000000000, 0.000000000000000000 ) ) ;
#1013 = DIRECTION ( 'NONE',  ( -0.000000000000000000, 1.000000000000000000, -0.000000000000000000 ) ) ;
#1014 = DIRECTION ( 'NONE',  ( 0.000000000000000000, -1.000000000000000000, 0.000000000000000000 ) ) ;
#1015 = ORIENTED_EDGE ( 'NONE', *, *, #2210, .F. ) ;
#1016 = CARTESIAN_POINT ( 'NONE',  ( 39.73676745987322079, 3.500000000000000000, 27.99999999999998579 ) ) ;
#1017 = DIRECTION ( 'NONE',  ( 0.000000000000000000, 0.000000000000000000, 1.000000000000000000 ) ) ;
#1018 = EDGE_CURVE ( 'NONE', #1461, #24, #2356, .T. ) ;
#1019 = ORIENTED_EDGE ( 'NONE', *, *, #884, .F. ) ;
#1020 = DIRECTION ( 'NONE',  ( 1.000000000000000000, -0.000000000000000000, 0.000000000000000000 ) ) ;
#1021 = VECTOR ( 'NONE', #1272, 1000.000000000000114 ) ;
#1022 = CYLINDRICAL_SURFACE ( 'NONE', #1228, 1.600000000000004086 ) ;
#1023 = AXIS2_PLACEMENT_3D ( 'NONE', #2033, #1874, #1694 ) ;
#1024 = DIRECTION ( 'NONE',  ( 0.000000000000000000, 1.000000000000000000, -0.000000000000000000 ) ) ;
#1025 = DIRECTION ( 'NONE',  ( 0.000000000000000000, 1.000000000000000000, 0.000000000000000000 ) ) ;
#1026 = VERTEX_POINT ( 'NONE', #1975 ) ;
#1027 = DIRECTION ( 'NONE',  ( 0.000000000000000000, 0.000000000000000000, -1.000000000000000000 ) ) ;
#1028 = CARTESIAN_POINT ( 'NONE',  ( -7.500000000000003553, 3.500000000000000000, 5.899999999999997691 ) ) ;
#1029 = ORIENTED_EDGE ( 'NONE', *, *, #34, .T. ) ;
#1030 = DIRECTION ( 'NONE',  ( -0.000000000000000000, 1.000000000000000000, -0.000000000000000000 ) ) ;
#1031 = EDGE_CURVE ( 'NONE', #417, #50, #488, .T. ) ;
#1032 = CIRCLE ( 'NONE', #454, 1.600000000000004086 ) ;
#1033 = AXIS2_PLACEMENT_3D ( 'NONE', #619, #451, #1351 ) ;
#1034 = VECTOR ( 'NONE', #1536, 1000.000000000000000 ) ;
#1035 = CIRCLE ( 'NONE', #1848, 1.599999999999997202 ) ;
#1036 = CARTESIAN_POINT ( 'NONE',  ( -27.34999999999995879, 11.59999999999735643, -87.00000000000000000 ) ) ;
#1037 = CIRCLE ( 'NONE', #2271, 1.600000000000004086 ) ;
#1038 = DIRECTION ( 'NONE',  ( -0.000000000000000000, -0.000000000000000000, 1.000000000000000000 ) ) ;
#1039 = DIRECTION ( 'NONE',  ( 0.000000000000000000, 1.000000000000000000, 0.000000000000000000 ) ) ;
#1040 = ADVANCED_FACE ( 'NONE', ( #1438 ), #726, .F. ) ;
#1041 = ORIENTED_EDGE ( 'NONE', *, *, #456, .F. ) ;
#1042 = CARTESIAN_POINT ( 'NONE',  ( -15.50000000000001421, 0.000000000000000000, 56.60000000000000142 ) ) ;
#1043 = DIRECTION ( 'NONE',  ( -0.000000000000000000, -0.000000000000000000, 1.000000000000000000 ) ) ;
#1044 = ORIENTED_EDGE ( 'NONE', *, *, #862, .T. ) ;
#1045 = DIRECTION ( 'NONE',  ( -1.000000000000000000, -0.000000000000000000, -0.000000000000000000 ) ) ;
#1046 = EDGE_LOOP ( 'NONE', ( #2097, #1229 ) ) ;
#1047 = CYLINDRICAL_SURFACE ( 'NONE', #1001, 1.600000000000001643 ) ;
#1048 = EDGE_CURVE ( 'NONE', #1899, #2347, #501, .T. ) ;
#1049 = FACE_OUTER_BOUND ( 'NONE', #1427, .T. ) ;
#1050 = CARTESIAN_POINT ( 'NONE',  ( 30.50000000000001421, -116.4999999999999858, 55.00000000000000711 ) ) ;
#1051 = EDGE_CURVE ( 'NONE', #2203, #2110, #1792, .T. ) ;
#1052 = EDGE_LOOP ( 'NONE', ( #1266, #1861, #904, #900 ) ) ;
#1053 = DIRECTION ( 'NONE',  ( -0.000000000000000000, -0.000000000000000000, 1.000000000000000000 ) ) ;
#1054 = CARTESIAN_POINT ( 'NONE',  ( -27.34999999999995879, 11.59999999999735643, 12.99999999999998401 ) ) ;
#1055 = VECTOR ( 'NONE', #1958, 1000.000000000000000 ) ;
#1056 = EDGE_LOOP ( 'NONE', ( #1739, #2277 ) ) ;
#1057 = DIRECTION ( 'NONE',  ( -1.000000000000000000, -0.000000000000000000, -0.000000000000000000 ) ) ;
#1058 = ORIENTED_EDGE ( 'NONE', *, *, #269, .F. ) ;
#1059 = DIRECTION ( 'NONE',  ( 0.000000000000000000, 0.000000000000000000, -1.000000000000000000 ) ) ;
#1060 = VECTOR ( 'NONE', #562, 1000.000000000000000 ) ;
#1061 = CYLINDRICAL_SURFACE ( 'NONE', #1188, 1.600000000000004086 ) ;
#1062 = DIRECTION ( 'NONE',  ( 0.000000000000000000, 0.000000000000000000, 1.000000000000000000 ) ) ;
#1063 = ADVANCED_FACE ( 'NONE', ( #305 ), #139, .T. ) ;
#1064 = VECTOR ( 'NONE', #1436, 1000.000000000000000 ) ;
#1065 = EDGE_LOOP ( 'NONE', ( #2295, #1106, #674, #1957 ) ) ;
#1066 = LINE ( 'NONE', #1800, #756 ) ;
#1067 = LINE ( 'NONE', #1801, #1064 ) ;
#1068 = ORIENTED_EDGE ( 'NONE', *, *, #1421, .T. ) ;
#1069 = CARTESIAN_POINT ( 'NONE',  ( 32.49999999999999289, 87.48490993466043619, -34.14000000000000057 ) ) ;
#1070 = EDGE_CURVE ( 'NONE', #1142, #187, #2345, .T. ) ;
#1071 = AXIS2_PLACEMENT_3D ( 'NONE', #1525, #561, #1993 ) ;
#1072 = ORIENTED_EDGE ( 'NONE', *, *, #253, .F. ) ;
#1073 = LINE ( 'NONE', #1085, #730 ) ;
#1074 = CARTESIAN_POINT ( 'NONE',  ( -27.34999999999995879, 11.59999999999735643, 27.99999999999998934 ) ) ;
#1075 = APPLICATION_CONTEXT ( 'automotive_design' ) ;
#1076 = AXIS2_PLACEMENT_3D ( 'NONE', #673, #1985, #1593 ) ;
#1077 = CARTESIAN_POINT ( 'NONE',  ( -25.14999999999923830, 11.59999999999735643, 27.99999999999998934 ) ) ;
#1078 = CYLINDRICAL_SURFACE ( 'NONE', #28, 1.650000000000000355 ) ;
#1079 = ORIENTED_EDGE ( 'NONE', *, *, #881, .F. ) ;
#1080 = LINE ( 'NONE', #1817, #891 ) ;
#1081 = EDGE_LOOP ( 'NONE', ( #370, #1703 ) ) ;
#1082 = EDGE_CURVE ( 'NONE', #527, #1645, #1778, .T. ) ;
#1083 = ORIENTED_EDGE ( 'NONE', *, *, #1217, .F. ) ;
#1084 = DIRECTION ( 'NONE',  ( -0.000000000000000000, -1.000000000000000000, -0.000000000000000000 ) ) ;
#1085 = CARTESIAN_POINT ( 'NONE',  ( 32.50000000000000000, 87.48490993466043619, 14.49999999999999467 ) ) ;
#1086 = ORIENTED_EDGE ( 'NONE', *, *, #2349, .F. ) ;
#1087 = CARTESIAN_POINT ( 'NONE',  ( -15.50000000000001421, 0.000000000000000000, -56.60000000000000142 ) ) ;
#1088 = VECTOR ( 'NONE', #258, 1000.000000000000000 ) ;
#1089 = PRODUCT_DEFINITION_CONTEXT ( 'detailed design', #1199, 'design' ) ;
#1090 = CARTESIAN_POINT ( 'NONE',  ( 32.49999999999998579, 3.500000000000000000, 59.99999999999999289 ) ) ;
#1091 = LINE ( 'NONE', #760, #481 ) ;
#1092 = ORIENTED_EDGE ( 'NONE', *, *, #339, .F. ) ;
#1093 = DIRECTION ( 'NONE',  ( -0.000000000000000000, -0.000000000000000000, 1.000000000000000000 ) ) ;
#1094 = EDGE_CURVE ( 'NONE', #1252, #459, #870, .T. ) ;
#1095 = ORIENTED_EDGE ( 'NONE', *, *, #973, .T. ) ;
#1096 = ORIENTED_EDGE ( 'NONE', *, *, #1970, .F. ) ;
#1097 =( NAMED_UNIT ( * ) PLANE_ANGLE_UNIT ( ) SI_UNIT ( $, .RADIAN. ) );
#1098 = DIRECTION ( 'NONE',  ( -1.000000000000000000, 0.000000000000000000, 5.299423560331486784E-17 ) ) ;
#1099 = CARTESIAN_POINT ( 'NONE',  ( 32.49999999999998579, 0.000000000000000000, 59.99999999999999289 ) ) ;
#1100 = DIRECTION ( 'NONE',  ( 0.000000000000000000, -0.000000000000000000, 1.000000000000000000 ) ) ;
#1101 = DIRECTION ( 'NONE',  ( 1.000000000000000000, 0.000000000000000000, 0.000000000000000000 ) ) ;
#1102 = AXIS2_PLACEMENT_3D ( 'NONE', #1497, #1470, #774 ) ;
#1103 = VECTOR ( 'NONE', #1469, 1000.000000000000000 ) ;
#1104 = ORIENTED_EDGE ( 'NONE', *, *, #1070, .F. ) ;
#1105 = CARTESIAN_POINT ( 'NONE',  ( -42.50000000000000711, 28.50000000000000000, 0.000000000000000000 ) ) ;
#1106 = ORIENTED_EDGE ( 'NONE', *, *, #814, .T. ) ;
#1107 = ADVANCED_FACE ( 'NONE', ( #1988 ), #329, .F. ) ;
#1108 = CARTESIAN_POINT ( 'NONE',  ( 42.49999999999999289, 0.000000000000000000, -49.99999999999997158 ) ) ;
#1109 = DIRECTION ( 'NONE',  ( 0.000000000000000000, 0.000000000000000000, 1.000000000000000000 ) ) ;
#1110 = ORIENTED_EDGE ( 'NONE', *, *, #2187, .F. ) ;
#1111 = LINE ( 'NONE', #386, #1680 ) ;
#1112 = AXIS2_PLACEMENT_3D ( 'NONE', #1704, #1714, #633 ) ;
#1113 = CARTESIAN_POINT ( 'NONE',  ( -30.50000000000001421, 3.500000000000000000, -56.60000000000000853 ) ) ;
#1114 = AXIS2_PLACEMENT_3D ( 'NONE', #996, #1200, #77 ) ;
#1115 = EDGE_CURVE ( 'NONE', #231, #2180, #1080, .T. ) ;
#1116 = DIRECTION ( 'NONE',  ( -0.000000000000000000, -1.000000000000000000, -0.000000000000000000 ) ) ;
#1117 = ORIENTED_EDGE ( 'NONE', *, *, #1115, .T. ) ;
#1118 = ORIENTED_EDGE ( 'NONE', *, *, #1180, .F. ) ;
#1119 = PLANE ( 'NONE',  #2006 ) ;
#1120 = AXIS2_PLACEMENT_3D ( 'NONE', #1700, #1475, #204 ) ;
#1121 = ORIENTED_EDGE ( 'NONE', *, *, #1702, .F. ) ;
#1122 = VERTEX_POINT ( 'NONE', #909 ) ;
#1123 = DIRECTION ( 'NONE',  ( -0.000000000000000000, -1.000000000000000000, -0.000000000000000000 ) ) ;
#1124 = LINE ( 'NONE', #1837, #643 ) ;
#1125 = EDGE_CURVE ( 'NONE', #1585, #589, #1632, .T. ) ;
#1126 = LINE ( 'NONE', #1483, #2143 ) ;
#1127 = DIRECTION ( 'NONE',  ( 1.000000000000000000, 0.000000000000000000, 0.000000000000000000 ) ) ;
#1128 = EDGE_CURVE ( 'NONE', #815, #788, #9, .T. ) ;
#1129 = VERTEX_POINT ( 'NONE', #1105 ) ;
#1130 = VERTEX_POINT ( 'NONE', #2037 ) ;
#1131 = DIRECTION ( 'NONE',  ( -0.000000000000000000, 1.000000000000000000, 0.000000000000000000 ) ) ;
#1132 = ORIENTED_EDGE ( 'NONE', *, *, #1155, .F. ) ;
#1133 = ORIENTED_EDGE ( 'NONE', *, *, #800, .F. ) ;
#1134 = DIRECTION ( 'NONE',  ( -0.000000000000000000, -1.000000000000000000, -0.000000000000000000 ) ) ;
#1135 = CARTESIAN_POINT ( 'NONE',  ( -42.50000000000000711, 3.500000000000000000, -49.99999999999999289 ) ) ;
#1136 = CARTESIAN_POINT ( 'NONE',  ( 7.799999999999737810, 16.59999999999728360, -34.14000000000000057 ) ) ;
#1137 = EDGE_CURVE ( 'NONE', #1891, #408, #499, .T. ) ;
#1138 = AXIS2_PLACEMENT_3D ( 'NONE', #1257, #1994, #335 ) ;
#1139 = ORIENTED_EDGE ( 'NONE', *, *, #1231, .T. ) ;
#1140 = FACE_OUTER_BOUND ( 'NONE', #35, .T. ) ;
#1141 = EDGE_CURVE ( 'NONE', #1611, #68, #1315, .T. ) ;
#1142 = VERTEX_POINT ( 'NONE', #1879 ) ;
#1143 = EDGE_CURVE ( 'NONE', #1691, #1747, #567, .T. ) ;
#1144 = SURFACE_STYLE_USAGE ( .BOTH. , #1552 ) ;
#1145 = CARTESIAN_POINT ( 'NONE',  ( -42.50000000000000711, 33.50000000000000000, 12.99999999999999112 ) ) ;
#1146 = DIRECTION ( 'NONE',  ( 1.000000000000000000, 0.000000000000000000, 0.000000000000000000 ) ) ;
#1147 = CIRCLE ( 'NONE', #2114, 1.599999999999997202 ) ;
#1148 = ORIENTED_EDGE ( 'NONE', *, *, #199, .T. ) ;
#1149 = ORIENTED_EDGE ( 'NONE', *, *, #915, .T. ) ;
#1150 = DIRECTION ( 'NONE',  ( 0.000000000000000000, -0.000000000000000000, 1.000000000000000000 ) ) ;
#1151 = CIRCLE ( 'NONE', #37, 2.200000000000618350 ) ;
#1152 = ADVANCED_FACE ( 'NONE', ( #363 ), #1663, .F. ) ;
#1153 = ORIENTED_EDGE ( 'NONE', *, *, #704, .T. ) ;
#1154 = DIRECTION ( 'NONE',  ( -0.000000000000000000, 1.000000000000000000, -0.000000000000000000 ) ) ;
#1155 = EDGE_CURVE ( 'NONE', #2025, #608, #581, .T. ) ;
#1156 = EDGE_LOOP ( 'NONE', ( #197, #1279, #1862, #2262 ) ) ;
#1157 = CARTESIAN_POINT ( 'NONE',  ( 18.42999999999994287, 33.50000000000000000, 27.99999999999999289 ) ) ;
#1158 = UNCERTAINTY_MEASURE_WITH_UNIT (LENGTH_MEASURE( 1.000000000000000082E-05 ), #1724, 'distance_accuracy_value', 'NONE');
#1159 = FACE_OUTER_BOUND ( 'NONE', #1830, .T. ) ;
#1160 = FACE_BOUND ( 'NONE', #1583, .T. ) ;
#1161 = EDGE_LOOP ( 'NONE', ( #1791, #1841, #855, #555 ) ) ;
#1162 = CARTESIAN_POINT ( 'NONE',  ( 15.50000000000001421, 0.000000000000000000, 55.00000000000000711 ) ) ;
#1163 = DIRECTION ( 'NONE',  ( 0.000000000000000000, -1.000000000000000000, 0.000000000000000000 ) ) ;
#1164 = ORIENTED_EDGE ( 'NONE', *, *, #1358, .T. ) ;
#1165 = CARTESIAN_POINT ( 'NONE',  ( 30.50000000000001421, 0.000000000000000000, 56.60000000000000853 ) ) ;
#1166 = EDGE_CURVE ( 'NONE', #328, #1893, #1302, .T. ) ;
#1167 = CARTESIAN_POINT ( 'NONE',  ( 39.73676745987322079, 3.500000000000000000, 27.99999999999998579 ) ) ;
#1168 = AXIS2_PLACEMENT_3D ( 'NONE', #1984, #1053, #1813 ) ;
#1169 = CARTESIAN_POINT ( 'NONE',  ( 24.34999999995806164, 11.59999999999735643, 14.49999999999998579 ) ) ;
#1170 = DIRECTION ( 'NONE',  ( 0.000000000000000000, 0.000000000000000000, -1.000000000000000000 ) ) ;
#1171 = ORIENTED_EDGE ( 'NONE', *, *, #1995, .T. ) ;
#1172 = DIRECTION ( 'NONE',  ( 0.000000000000000000, 0.000000000000000000, -1.000000000000000000 ) ) ;
#1173 = CARTESIAN_POINT ( 'NONE',  ( -23.43676745991574961, 33.50000000000000000, 27.99999999999998934 ) ) ;
#1174 = AXIS2_PLACEMENT_3D ( 'NONE', #146, #1039, #1062 ) ;
#1175 = EDGE_LOOP ( 'NONE', ( #178, #1833 ) ) ;
#1176 = VERTEX_POINT ( 'NONE', #2240 ) ;
#1177 = LINE ( 'NONE', #80, #710 ) ;
#1178 = CIRCLE ( 'NONE', #442, 1.600000000000002531 ) ;
#1179 = CIRCLE ( 'NONE', #59, 1.600000000000004086 ) ;
#1180 = EDGE_CURVE ( 'NONE', #398, #2330, #138, .T. ) ;
#1181 = DIRECTION ( 'NONE',  ( 1.000000000000000000, -0.000000000000000000, 0.000000000000000000 ) ) ;
#1182 = DIRECTION ( 'NONE',  ( 0.000000000000000000, 0.000000000000000000, 1.000000000000000000 ) ) ;
#1183 = DIRECTION ( 'NONE',  ( -0.000000000000000000, -1.000000000000000000, -0.000000000000000000 ) ) ;
#1184 = ADVANCED_FACE ( 'NONE', ( #378 ), #1119, .T. ) ;
#1185 = EDGE_LOOP ( 'NONE', ( #17, #967, #2022, #279 ) ) ;
#1186 = DIRECTION ( 'NONE',  ( -0.000000000000000000, 1.000000000000000000, -0.000000000000000000 ) ) ;
#1187 = CARTESIAN_POINT ( 'NONE',  ( -25.14999999999923830, 11.59999999999735643, 12.99999999999998401 ) ) ;
#1188 = AXIS2_PLACEMENT_3D ( 'NONE', #1397, #668, #1760 ) ;
#1189 = AXIS2_PLACEMENT_3D ( 'NONE', #419, #1353, #2293 ) ;
#1190 = ORIENTED_EDGE ( 'NONE', *, *, #1849, .T. ) ;
#1191 = DIRECTION ( 'NONE',  ( 0.000000000000000000, -1.000000000000000000, 0.000000000000000000 ) ) ;
#1192 = VECTOR ( 'NONE', #1963, 1000.000000000000000 ) ;
#1193 = AXIS2_PLACEMENT_3D ( 'NONE', #554, #765, #2058 ) ;
#1194 = PRESENTATION_STYLE_ASSIGNMENT (( #1144 ) ) ;
#1195 = FACE_BOUND ( 'NONE', #170, .T. ) ;
#1196 = DIRECTION ( 'NONE',  ( 0.000000000000000000, -1.000000000000000000, 0.000000000000000000 ) ) ;
#1197 = EDGE_CURVE ( 'NONE', #2347, #811, #1385, .T. ) ;
#1198 = ORIENTED_EDGE ( 'NONE', *, *, #2200, .T. ) ;
#1199 = APPLICATION_CONTEXT ( 'automotive_design' ) ;
#1200 = DIRECTION ( 'NONE',  ( 0.000000000000000000, 1.000000000000000000, -0.000000000000000000 ) ) ;
#1201 = CYLINDRICAL_SURFACE ( 'NONE', #228, 2.200000000001020695 ) ;
#1202 = PRODUCT_DEFINITION ( 'ๆ', '', #1695, #1089 ) ;
#1203 = EDGE_LOOP ( 'NONE', ( #331, #1793, #2173, #985, #934, #2026, #2338, #1117, #1346, #827, #425, #2360 ) ) ;
#1204 = FACE_OUTER_BOUND ( 'NONE', #2326, .T. ) ;
#1205 = AXIS2_PLACEMENT_3D ( 'NONE', #1712, #731, #1481 ) ;
#1206 = DIRECTION ( 'NONE',  ( 0.000000000000000000, 0.000000000000000000, -1.000000000000000000 ) ) ;
#1207 = AXIS2_PLACEMENT_3D ( 'NONE', #2179, #124, #921 ) ;
#1208 = DIRECTION ( 'NONE',  ( 0.000000000000000000, -1.000000000000000000, 0.000000000000000000 ) ) ;
#1209 = CARTESIAN_POINT ( 'NONE',  ( -32.96838372995788546, 3.500000000000000000, -24.14000000000000767 ) ) ;
#1210 = ORIENTED_EDGE ( 'NONE', *, *, #1082, .T. ) ;
#1211 = DIRECTION ( 'NONE',  ( 1.000000000000000000, 0.000000000000000000, 0.000000000000000000 ) ) ;
#1212 = ADVANCED_FACE ( 'NONE', ( #1140 ), #584, .F. ) ;
#1213 = CARTESIAN_POINT ( 'NONE',  ( -30.50000000000001421, 0.000000000000000000, -53.40000000000000568 ) ) ;
#1214 = VERTEX_POINT ( 'NONE', #2050 ) ;
#1215 = CARTESIAN_POINT ( 'NONE',  ( -32.96838372995787836, 28.50000000000000000, 5.674371403960129361E-16 ) ) ;
#1216 = CIRCLE ( 'NONE', #174, 1.600000000000004086 ) ;
#1217 = EDGE_CURVE ( 'NONE', #897, #2310, #1458, .T. ) ;
#1218 = DIRECTION ( 'NONE',  ( 0.000000000000000000, 0.000000000000000000, 1.000000000000000000 ) ) ;
#1219 = AXIS2_PLACEMENT_3D ( 'NONE', #2340, #2164, #510 ) ;
#1220 = DIRECTION ( 'NONE',  ( -0.000000000000000000, -0.000000000000000000, 1.000000000000000000 ) ) ;
#1221 = CARTESIAN_POINT ( 'NONE',  ( 7.499999999999996447, 0.000000000000000000, -5.900000000000000355 ) ) ;
#1222 = ORIENTED_EDGE ( 'NONE', *, *, #1402, .F. ) ;
#1223 = DIRECTION ( 'NONE',  ( 0.000000000000000000, 0.000000000000000000, 1.000000000000000000 ) ) ;
#1224 = DIRECTION ( 'NONE',  ( 1.000000000000000000, 0.000000000000000000, 0.000000000000000000 ) ) ;
#1225 = ORIENTED_EDGE ( 'NONE', *, *, #372, .F. ) ;
#1226 = CARTESIAN_POINT ( 'NONE',  ( -7.500000000000003553, -126.4999999999999716, -7.500000000000000000 ) ) ;
#1227 = EDGE_CURVE ( 'NONE', #788, #257, #2068, .T. ) ;
#1228 = AXIS2_PLACEMENT_3D ( 'NONE', #1758, #1576, #1953 ) ;
#1229 = ORIENTED_EDGE ( 'NONE', *, *, #632, .F. ) ;
#1230 = FACE_BOUND ( 'NONE', #944, .T. ) ;
#1231 = EDGE_CURVE ( 'NONE', #1007, #1262, #1511, .T. ) ;
#1232 = AXIS2_PLACEMENT_3D ( 'NONE', #463, #1392, #1720 ) ;
#1233 = DIRECTION ( 'NONE',  ( -1.000000000000000000, 0.000000000000000000, 5.501149319406372492E-16 ) ) ;
#1234 = LINE ( 'NONE', #130, #761 ) ;
#1235 = VERTEX_POINT ( 'NONE', #1336 ) ;
#1236 = CYLINDRICAL_SURFACE ( 'NONE', #1981, 1.599999999999997202 ) ;
#1237 = DIRECTION ( 'NONE',  ( -0.000000000000000000, -0.000000000000000000, 1.000000000000000000 ) ) ;
#1238 = VERTEX_POINT ( 'NONE', #411 ) ;
#1239 = DIRECTION ( 'NONE',  ( 0.000000000000000000, 0.000000000000000000, 1.000000000000000000 ) ) ;
#1240 = ORIENTED_EDGE ( 'NONE', *, *, #1143, .F. ) ;
#1241 = EDGE_CURVE ( 'NONE', #436, #527, #622, .T. ) ;
#1242 = CARTESIAN_POINT ( 'NONE',  ( 32.50000000000000000, 8.500000000000003553, 2.499999999999992006 ) ) ;
#1243 = CARTESIAN_POINT ( 'NONE',  ( -22.96838372995777533, 3.500000000000000000, -34.14000000000000057 ) ) ;
#1244 = LINE ( 'NONE', #1773, #478 ) ;
#1245 = ORIENTED_EDGE ( 'NONE', *, *, #946, .T. ) ;
#1246 = DIRECTION ( 'NONE',  ( 0.000000000000000000, -1.000000000000000000, -1.156482317317871478E-16 ) ) ;
#1247 = EDGE_CURVE ( 'NONE', #2204, #1419, #233, .T. ) ;
#1248 = DIRECTION ( 'NONE',  ( 0.000000000000000000, 0.000000000000000000, -1.000000000000000000 ) ) ;
#1249 = VECTOR ( 'NONE', #1391, 1000.000000000000000 ) ;
#1250 = ORIENTED_EDGE ( 'NONE', *, *, #1306, .F. ) ;
#1251 = CARTESIAN_POINT ( 'NONE',  ( 19.94999999995602025, 11.59999999999735643, -87.00000000000000000 ) ) ;
#1252 = VERTEX_POINT ( 'NONE', #1463 ) ;
#1253 = ORIENTED_EDGE ( 'NONE', *, *, #2145, .T. ) ;
#1254 = FACE_BOUND ( 'NONE', #543, .T. ) ;
#1255 = VECTOR ( 'NONE', #1183, 1000.000000000000000 ) ;
#1256 = FACE_OUTER_BOUND ( 'NONE', #1318, .T. ) ;
#1257 = CARTESIAN_POINT ( 'NONE',  ( -30.50000000000001421, 0.000000000000000000, 55.00000000000000711 ) ) ;
#1258 = ORIENTED_EDGE ( 'NONE', *, *, #1261, .T. ) ;
#1259 = DIRECTION ( 'NONE',  ( 1.000000000000000000, 0.000000000000000000, -5.299423560331486784E-17 ) ) ;
#1260 = DIRECTION ( 'NONE',  ( 0.000000000000000000, 0.000000000000000000, 1.000000000000000000 ) ) ;
#1261 = EDGE_CURVE ( 'NONE', #1176, #837, #1696, .T. ) ;
#1262 = VERTEX_POINT ( 'NONE', #64 ) ;
#1263 = CARTESIAN_POINT ( 'NONE',  ( 32.50000000000000000, 8.500000000000003553, 14.49999999999999289 ) ) ;
#1264 = AXIS2_PLACEMENT_3D ( 'NONE', #181, #235, #2 ) ;
#1265 = ORIENTED_EDGE ( 'NONE', *, *, #2137, .T. ) ;
#1266 = ORIENTED_EDGE ( 'NONE', *, *, #368, .F. ) ;
#1267 = FACE_BOUND ( 'NONE', #1056, .T. ) ;
#1268 = VECTOR ( 'NONE', #1757, 1000.000000000000000 ) ;
#1269 = AXIS2_PLACEMENT_3D ( 'NONE', #47, #982, #1528 ) ;
#1270 = DIRECTION ( 'NONE',  ( 0.000000000000000000, 0.000000000000000000, -1.000000000000000000 ) ) ;
#1271 = EDGE_LOOP ( 'NONE', ( #860, #652 ) ) ;
#1272 = DIRECTION ( 'NONE',  ( 0.7071067811865513475, -0.000000000000000000, -0.7071067811865435759 ) ) ;
#1273 = AXIS2_PLACEMENT_3D ( 'NONE', #2297, #1570, #434 ) ;
#1274 = FACE_OUTER_BOUND ( 'NONE', #524, .T. ) ;
#1275 = DIRECTION ( 'NONE',  ( -0.000000000000000000, 1.000000000000000000, -0.000000000000000000 ) ) ;
#1276 = ADVANCED_FACE ( 'NONE', ( #1948 ), #1558, .F. ) ;
#1277 = EDGE_LOOP ( 'NONE', ( #1323, #18 ) ) ;
#1278 = DIRECTION ( 'NONE',  ( 0.000000000000000000, 0.000000000000000000, 1.000000000000000000 ) ) ;
#1279 = ORIENTED_EDGE ( 'NONE', *, *, #384, .T. ) ;
#1280 = DIRECTION ( 'NONE',  ( 0.000000000000000000, 0.000000000000000000, 1.000000000000000000 ) ) ;
#1281 = CARTESIAN_POINT ( 'NONE',  ( -42.50000000000000711, 5.500000000000001776, 0.000000000000000000 ) ) ;
#1282 = ORIENTED_EDGE ( 'NONE', *, *, #2275, .T. ) ;
#1283 = CARTESIAN_POINT ( 'NONE',  ( -42.50000000000000711, 3.500000000000000000, 59.99999999999999289 ) ) ;
#1284 = UNCERTAINTY_MEASURE_WITH_UNIT (LENGTH_MEASURE( 1.000000000000000082E-05 ), #2016, 'distance_accuracy_value', 'NONE');
#1285 = CARTESIAN_POINT ( 'NONE',  ( 0.000000000000000000, 33.50000000000000000, 0.000000000000000000 ) ) ;
#1286 = DIRECTION ( 'NONE',  ( 0.000000000000000000, 0.000000000000000000, 1.000000000000000000 ) ) ;
#1287 = EDGE_CURVE ( 'NONE', #1379, #215, #423, .T. ) ;
#1288 = ORIENTED_EDGE ( 'NONE', *, *, #236, .F. ) ;
#1289 = CARTESIAN_POINT ( 'NONE',  ( 15.50000000000001421, 3.500000000000000000, 55.00000000000000711 ) ) ;
#1290 = VERTEX_POINT ( 'NONE', #1357 ) ;
#1291 = FACE_BOUND ( 'NONE', #1277, .T. ) ;
#1292 = ADVANCED_FACE ( 'NONE', ( #98 ), #2105, .T. ) ;
#1293 = AXIS2_PLACEMENT_3D ( 'NONE', #480, #519, #1798 ) ;
#1294 = DIRECTION ( 'NONE',  ( -0.000000000000000000, -1.000000000000000000, -0.000000000000000000 ) ) ;
#1295 = CARTESIAN_POINT ( 'NONE',  ( -30.50000000000001421, 0.000000000000000000, 53.40000000000000568 ) ) ;
#1296 = LINE ( 'NONE', #906, #2107 ) ;
#1297 = CARTESIAN_POINT ( 'NONE',  ( -27.34999999999985221, 21.59999999999735820, 12.99999999999998401 ) ) ;
#1298 = CIRCLE ( 'NONE', #919, 2.200000000001020695 ) ;
#1299 = VECTOR ( 'NONE', #578, 1000.000000000000000 ) ;
#1300 = VERTEX_POINT ( 'NONE', #803 ) ;
#1301 = ORIENTED_EDGE ( 'NONE', *, *, #320, .F. ) ;
#1302 = LINE ( 'NONE', #33, #2264 ) ;
#1303 = ORIENTED_EDGE ( 'NONE', *, *, #969, .F. ) ;
#1304 = ORIENTED_EDGE ( 'NONE', *, *, #771, .F. ) ;
#1305 = PLANE ( 'NONE',  #2191 ) ;
#1306 = EDGE_CURVE ( 'NONE', #68, #1611, #416, .T. ) ;
#1307 = LINE ( 'NONE', #2044, #1624 ) ;
#1308 = CARTESIAN_POINT ( 'NONE',  ( 18.42999999999994287, 33.50000000000000000, 27.99999999999999289 ) ) ;
#1309 = EDGE_CURVE ( 'NONE', #500, #1461, #111, .T. ) ;
#1310 = VECTOR ( 'NONE', #367, 1000.000000000000000 ) ;
#1311 = DIRECTION ( 'NONE',  ( 0.000000000000000000, 0.000000000000000000, 1.000000000000000000 ) ) ;
#1312 = CYLINDRICAL_SURFACE ( 'NONE', #286, 1.600000000000004086 ) ;
#1313 = ORIENTED_EDGE ( 'NONE', *, *, #1018, .F. ) ;
#1314 = DIRECTION ( 'NONE',  ( 0.000000000000000000, 0.000000000000000000, 1.000000000000000000 ) ) ;
#1315 = CIRCLE ( 'NONE', #1120, 1.600000000000002531 ) ;
#1316 = VERTEX_POINT ( 'NONE', #1213 ) ;
#1317 = ADVANCED_FACE ( 'NONE', ( #2285 ), #1201, .F. ) ;
#1318 = EDGE_LOOP ( 'NONE', ( #1843, #1190, #503, #649 ) ) ;
#1319 = CARTESIAN_POINT ( 'NONE',  ( 7.499999999999996447, -126.4999999999999716, 7.500000000000003553 ) ) ;
#1320 = CARTESIAN_POINT ( 'NONE',  ( -7.500000000000003553, -126.4999999999999716, 5.899999999999997691 ) ) ;
#1321 = CARTESIAN_POINT ( 'NONE',  ( -27.34999999999985221, 21.59999999999735820, 27.99999999999998934 ) ) ;
#1322 = EDGE_CURVE ( 'NONE', #266, #1316, #1037, .T. ) ;
#1323 = ORIENTED_EDGE ( 'NONE', *, *, #1909, .F. ) ;
#1324 = VERTEX_POINT ( 'NONE', #1710 ) ;
#1325 = ORIENTED_EDGE ( 'NONE', *, *, #1713, .F. ) ;
#1326 = DIRECTION ( 'NONE',  ( 0.000000000000000000, 0.000000000000000000, 1.000000000000000000 ) ) ;
#1327 = VECTOR ( 'NONE', #353, 1000.000000000000000 ) ;
#1328 = ORIENTED_EDGE ( 'NONE', *, *, #1347, .F. ) ;
#1329 = ORIENTED_EDGE ( 'NONE', *, *, #1949, .T. ) ;
#1330 = FILL_AREA_STYLE ('',( #405 ) ) ;
#1331 = FACE_BOUND ( 'NONE', #2057, .T. ) ;
#1332 = DIRECTION ( 'NONE',  ( 0.000000000000000000, 0.000000000000000000, -1.000000000000000000 ) ) ;
#1333 = ORIENTED_EDGE ( 'NONE', *, *, #1806, .T. ) ;
#1334 = DIRECTION ( 'NONE',  ( 0.000000000000000000, -1.000000000000000000, 0.000000000000000000 ) ) ;
#1335 = EDGE_LOOP ( 'NONE', ( #1711, #739, #943, #1647 ) ) ;
#1336 = CARTESIAN_POINT ( 'NONE',  ( 32.50000000000000000, 3.500000000000000000, 14.49999999999999467 ) ) ;
#1337 = VECTOR ( 'NONE', #843, 1000.000000000000000 ) ;
#1338 = ADVANCED_FACE ( 'NONE', ( #2091 ), #836, .F. ) ;
#1339 = ORIENTED_EDGE ( 'NONE', *, *, #1759, .T. ) ;
#1340 = CARTESIAN_POINT ( 'NONE',  ( -32.96838372995788546, 26.49999999999999645, -18.09999999999843823 ) ) ;
#1341 = FACE_OUTER_BOUND ( 'NONE', #2306, .T. ) ;
#1342 = CARTESIAN_POINT ( 'NONE',  ( 22.14999999995703206, 21.59999999999735820, -87.00000000000000000 ) ) ;
#1343 = STYLED_ITEM ( 'NONE', ( #1194 ), #2139 ) ;
#1344 = CIRCLE ( 'NONE', #1587, 1.600000000000002531 ) ;
#1345 = EDGE_LOOP ( 'NONE', ( #751, #244, #1823, #1617, #1466, #594, #927, #1265, #1148, #508, #582, #2228, #1412, #112, #1104, #421, #1665, #2056, #1110, #910 ) ) ;
#1346 = ORIENTED_EDGE ( 'NONE', *, *, #542, .T. ) ;
#1347 = EDGE_CURVE ( 'NONE', #1645, #636, #1809, .T. ) ;
#1348 = DIRECTION ( 'NONE',  ( 0.000000000000000000, -1.000000000000000000, 0.000000000000000000 ) ) ;
#1349 = AXIS2_PLACEMENT_3D ( 'NONE', #1734, #813, #1938 ) ;
#1350 = EDGE_LOOP ( 'NONE', ( #194, #2127, #22, #1744 ) ) ;
#1351 = DIRECTION ( 'NONE',  ( 0.000000000000000000, 0.000000000000000000, -1.000000000000000000 ) ) ;
#1352 = LINE ( 'NONE', #2086, #297 ) ;
#1353 = DIRECTION ( 'NONE',  ( 0.000000000000000000, 1.000000000000000000, -0.000000000000000000 ) ) ;
#1354 = DIRECTION ( 'NONE',  ( -0.000000000000000000, 1.000000000000000000, -0.000000000000000000 ) ) ;
#1355 = ORIENTED_EDGE ( 'NONE', *, *, #896, .F. ) ;
#1356 = EDGE_LOOP ( 'NONE', ( #801, #2355 ) ) ;
#1357 = CARTESIAN_POINT ( 'NONE',  ( 42.49999999999999289, 0.000000000000000000, 50.00000000000000711 ) ) ;
#1358 = EDGE_CURVE ( 'NONE', #393, #205, #2308, .T. ) ;
#1359 = VERTEX_POINT ( 'NONE', #1547 ) ;
#1360 = LINE ( 'NONE', #1951, #2001 ) ;
#1361 = EDGE_LOOP ( 'NONE', ( #1580, #1999, #1399, #786 ) ) ;
#1362 = LINE ( 'NONE', #2111, #1454 ) ;
#1363 = EDGE_CURVE ( 'NONE', #221, #212, #1655, .T. ) ;
#1364 = AXIS2_PLACEMENT_3D ( 'NONE', #2174, #522, #1259 ) ;
#1365 = DIRECTION ( 'NONE',  ( 0.000000000000000000, 0.000000000000000000, -1.000000000000000000 ) ) ;
#1366 = FACE_BOUND ( 'NONE', #1175, .T. ) ;
#1367 = ORIENTED_EDGE ( 'NONE', *, *, #1622, .F. ) ;
#1368 = CARTESIAN_POINT ( 'NONE',  ( 9.449999999999738165, 16.59999999999728360, -34.14000000000000057 ) ) ;
#1369 = DIRECTION ( 'NONE',  ( -0.000000000000000000, 1.000000000000000000, -0.000000000000000000 ) ) ;
#1370 = AXIS2_PLACEMENT_3D ( 'NONE', #914, #732, #2045 ) ;
#1371 = ORIENTED_EDGE ( 'NONE', *, *, #75, .T. ) ;
#1372 = CARTESIAN_POINT ( 'NONE',  ( -32.50000000000000000, 3.500000000000000000, 59.99999999999999289 ) ) ;
#1373 = CIRCLE ( 'NONE', #2030, 2.200000000000718714 ) ;
#1374 = EDGE_CURVE ( 'NONE', #2157, #1718, #2260, .T. ) ;
#1375 = ORIENTED_EDGE ( 'NONE', *, *, #896, .T. ) ;
#1376 = DIRECTION ( 'NONE',  ( 0.000000000000000000, -1.000000000000000000, 0.000000000000000000 ) ) ;
#1377 = ADVANCED_FACE ( 'NONE', ( #2118 ), #243, .F. ) ;
#1378 = CARTESIAN_POINT ( 'NONE',  ( 30.50000000000001421, 0.000000000000000000, -55.00000000000000711 ) ) ;
#1379 = VERTEX_POINT ( 'NONE', #1187 ) ;
#1380 = DIRECTION ( 'NONE',  ( 0.000000000000000000, -1.000000000000000000, 0.000000000000000000 ) ) ;
#1381 = PLANE ( 'NONE',  #1232 ) ;
#1382 = CIRCLE ( 'NONE', #1804, 1.599999999999997202 ) ;
#1383 = ORIENTED_EDGE ( 'NONE', *, *, #1415, .F. ) ;
#1384 = CARTESIAN_POINT ( 'NONE',  ( -32.50000000000000000, 3.500000000000000000, 59.99999999999999289 ) ) ;
#1385 = CIRCLE ( 'NONE', #1193, 1.600000000000001643 ) ;
#1386 = LINE ( 'NONE', #2122, #734 ) ;
#1387 = ADVANCED_FACE ( 'NONE', ( #1746 ), #1381, .F. ) ;
#1388 = DIRECTION ( 'NONE',  ( -0.000000000000000000, -0.000000000000000000, 1.000000000000000000 ) ) ;
#1389 = DIRECTION ( 'NONE',  ( -0.000000000000000000, 1.000000000000000000, -0.000000000000000000 ) ) ;
#1390 = VERTEX_POINT ( 'NONE', #2129 ) ;
#1391 = DIRECTION ( 'NONE',  ( -1.000000000000000000, 0.000000000000000000, 0.000000000000000000 ) ) ;
#1392 = DIRECTION ( 'NONE',  ( 5.953210078121458203E-17, 0.000000000000000000, -1.000000000000000000 ) ) ;
#1393 = EDGE_CURVE ( 'NONE', #1465, #2203, #2354, .T. ) ;
#1394 = VERTEX_POINT ( 'NONE', #1764 ) ;
#1395 = DIRECTION ( 'NONE',  ( 0.000000000000000000, 0.000000000000000000, -1.000000000000000000 ) ) ;
#1396 = FACE_BOUND ( 'NONE', #2059, .T. ) ;
#1397 = CARTESIAN_POINT ( 'NONE',  ( 30.50000000000001421, -116.4999999999999858, 55.00000000000000711 ) ) ;
#1398 = CARTESIAN_POINT ( 'NONE',  ( 7.499999999999996447, -126.4999999999999716, 9.100000000000004974 ) ) ;
#1399 = ORIENTED_EDGE ( 'NONE', *, *, #714, .F. ) ;
#1400 = CARTESIAN_POINT ( 'NONE',  ( -42.50000000000000711, 28.49999999999999645, -40.14000000000000767 ) ) ;
#1401 = DIRECTION ( 'NONE',  ( 0.000000000000000000, -1.000000000000000000, 0.000000000000000000 ) ) ;
#1402 = EDGE_CURVE ( 'NONE', #1878, #2013, #892, .T. ) ;
#1403 = ORIENTED_EDGE ( 'NONE', *, *, #1590, .T. ) ;
#1404 = DIRECTION ( 'NONE',  ( 0.000000000000000000, -0.000000000000000000, -1.000000000000000000 ) ) ;
#1405 = EDGE_CURVE ( 'NONE', #1893, #2238, #1151, .T. ) ;
#1406 = ORIENTED_EDGE ( 'NONE', *, *, #1877, .F. ) ;
#1407 = CYLINDRICAL_SURFACE ( 'NONE', #535, 2.200000000000718714 ) ;
#1408 = CIRCLE ( 'NONE', #1219, 1.599999999999997202 ) ;
#1409 = AXIS2_PLACEMENT_3D ( 'NONE', #2062, #1725, #84 ) ;
#1410 = DIRECTION ( 'NONE',  ( 0.000000000000000000, 0.000000000000000000, -1.000000000000000000 ) ) ;
#1411 = CARTESIAN_POINT ( 'NONE',  ( 24.73676745987322434, 3.500000000000000000, 27.99999999999998934 ) ) ;
#1412 = ORIENTED_EDGE ( 'NONE', *, *, #1051, .T. ) ;
#1413 = DIRECTION ( 'NONE',  ( -0.7071067811865513475, -0.000000000000000000, 0.7071067811865435759 ) ) ;
#1414 = FACE_OUTER_BOUND ( 'NONE', #920, .T. ) ;
#1415 = EDGE_CURVE ( 'NONE', #2378, #1633, #1619, .T. ) ;
#1416 = EDGE_LOOP ( 'NONE', ( #966, #153, #871, #1041, #2183, #1301 ) ) ;
#1417 = LINE ( 'NONE', #176, #1781 ) ;
#1418 = VERTEX_POINT ( 'NONE', #2328 ) ;
#1419 = VERTEX_POINT ( 'NONE', #723 ) ;
#1420 = DIRECTION ( 'NONE',  ( -0.000000000000000000, 1.000000000000000000, -0.000000000000000000 ) ) ;
#1421 = EDGE_CURVE ( 'NONE', #155, #1520, #195, .T. ) ;
#1422 = FACE_OUTER_BOUND ( 'NONE', #1722, .T. ) ;
#1423 = LINE ( 'NONE', #1602, #953 ) ;
#1424 = EDGE_LOOP ( 'NONE', ( #515, #1509 ) ) ;
#1425 = DIRECTION ( 'NONE',  ( -0.000000000000000000, 1.000000000000000000, -0.000000000000000000 ) ) ;
#1426 = DIRECTION ( 'NONE',  ( 0.000000000000000000, -0.000000000000000000, 1.000000000000000000 ) ) ;
#1427 = EDGE_LOOP ( 'NONE', ( #1685, #1429, #617, #514 ) ) ;
#1428 = CARTESIAN_POINT ( 'NONE',  ( 0.000000000000000000, 28.50000000000000000, 0.000000000000000000 ) ) ;
#1429 = ORIENTED_EDGE ( 'NONE', *, *, #632, .T. ) ;
#1430 = CARTESIAN_POINT ( 'NONE',  ( -7.500000000000003553, -126.4999999999999716, 7.500000000000000000 ) ) ;
#1431 = CYLINDRICAL_SURFACE ( 'NONE', #887, 2.200000000000718714 ) ;
#1432 = DIRECTION ( 'NONE',  ( 0.000000000000000000, 1.000000000000000000, 0.000000000000000000 ) ) ;
#1433 = EDGE_CURVE ( 'NONE', #1465, #1779, #2186, .T. ) ;
#1434 = VERTEX_POINT ( 'NONE', #537 ) ;
#1435 = CARTESIAN_POINT ( 'NONE',  ( -30.50000000000001421, 3.500000000000000000, 53.40000000000000568 ) ) ;
#1436 = DIRECTION ( 'NONE',  ( -0.000000000000000000, 1.000000000000000000, -0.000000000000000000 ) ) ;
#1437 = ORIENTED_EDGE ( 'NONE', *, *, #502, .T. ) ;
#1438 = FACE_OUTER_BOUND ( 'NONE', #1962, .T. ) ;
#1439 = ORIENTED_EDGE ( 'NONE', *, *, #1347, .T. ) ;
#1440 = ORIENTED_EDGE ( 'NONE', *, *, #2159, .T. ) ;
#1441 = CIRCLE ( 'NONE', #1174, 1.600000000000004086 ) ;
#1442 = ADVANCED_FACE ( 'NONE', ( #485 ), #2138, .F. ) ;
#1443 = CYLINDRICAL_SURFACE ( 'NONE', #1071, 1.600000000000002531 ) ;
#1444 = PLANE ( 'NONE',  #1986 ) ;
#1445 = DIRECTION ( 'NONE',  ( 0.000000000000000000, 1.000000000000000000, 0.000000000000000000 ) ) ;
#1446 = CARTESIAN_POINT ( 'NONE',  ( -23.43676745991574961, 33.50000000000000000, 12.99999999999999112 ) ) ;
#1447 = ORIENTED_EDGE ( 'NONE', *, *, #295, .T. ) ;
#1448 = ORIENTED_EDGE ( 'NONE', *, *, #2024, .T. ) ;
#1449 = CARTESIAN_POINT ( 'NONE',  ( 0.000000000000000000, 5.500000000000001776, 0.000000000000000000 ) ) ;
#1450 = CIRCLE ( 'NONE', #577, 1.650000000000000355 ) ;
#1451 = ORIENTED_EDGE ( 'NONE', *, *, #2014, .T. ) ;
#1452 = EDGE_LOOP ( 'NONE', ( #2252, #1210, #1439, #1019 ) ) ;
#1453 = PLANE ( 'NONE',  #70 ) ;
#1454 = VECTOR ( 'NONE', #2253, 1000.000000000000000 ) ;
#1455 = DIRECTION ( 'NONE',  ( 0.000000000000000000, 0.000000000000000000, 1.000000000000000000 ) ) ;
#1456 = CYLINDRICAL_SURFACE ( 'NONE', #520, 1.600000000000002531 ) ;
#1457 = EDGE_CURVE ( 'NONE', #328, #526, #1614, .T. ) ;
#1458 = CIRCLE ( 'NONE', #2077, 1.599999999999997202 ) ;
#1459 = CARTESIAN_POINT ( 'NONE',  ( 18.42999999999994287, 3.500000000000000000, 27.99999999999999289 ) ) ;
#1460 = DIRECTION ( 'NONE',  ( 1.000000000000000000, 0.000000000000000000, 0.000000000000000000 ) ) ;
#1461 = VERTEX_POINT ( 'NONE', #698 ) ;
#1462 = EDGE_LOOP ( 'NONE', ( #546, #660 ) ) ;
#1463 = CARTESIAN_POINT ( 'NONE',  ( 32.50000000000000000, 8.500000000000003553, 14.49999999999999289 ) ) ;
#1464 = EDGE_CURVE ( 'NONE', #1379, #1736, #1914, .T. ) ;
#1465 = VERTEX_POINT ( 'NONE', #1776 ) ;
#1466 = ORIENTED_EDGE ( 'NONE', *, *, #862, .F. ) ;
#1467 = LINE ( 'NONE', #926, #1506 ) ;
#1468 = LINE ( 'NONE', #1872, #2060 ) ;
#1469 = DIRECTION ( 'NONE',  ( -0.000000000000000000, -0.000000000000000000, 1.000000000000000000 ) ) ;
#1470 = DIRECTION ( 'NONE',  ( -0.000000000000000000, 1.000000000000000000, -0.000000000000000000 ) ) ;
#1471 = AXIS2_PLACEMENT_3D ( 'NONE', #675, #2141, #1239 ) ;
#1472 = ORIENTED_EDGE ( 'NONE', *, *, #210, .T. ) ;
#1473 = VERTEX_POINT ( 'NONE', #1446 ) ;
#1474 = ADVANCED_FACE ( 'NONE', ( #1414 ), #1078, .F. ) ;
#1475 = DIRECTION ( 'NONE',  ( 0.000000000000000000, 1.000000000000000000, 0.000000000000000000 ) ) ;
#1476 = VECTOR ( 'NONE', #1246, 1000.000000000000000 ) ;
#1477 = ORIENTED_EDGE ( 'NONE', *, *, #800, .T. ) ;
#1478 = EDGE_CURVE ( 'NONE', #1595, #2169, #709, .T. ) ;
#1479 = ORIENTED_EDGE ( 'NONE', *, *, #19, .F. ) ;
#1480 = CIRCLE ( 'NONE', #607, 1.600000000000004086 ) ;
#1481 = DIRECTION ( 'NONE',  ( 1.000000000000000000, 0.000000000000000000, -0.000000000000000000 ) ) ;
#1482 = CARTESIAN_POINT ( 'NONE',  ( 24.34999999995805098, 21.59999999999735820, 14.49999999999998579 ) ) ;
#1483 = CARTESIAN_POINT ( 'NONE',  ( -32.96838372995788546, 3.500000000000000000, -34.14000000000000057 ) ) ;
#1484 = FACE_OUTER_BOUND ( 'NONE', #1350, .T. ) ;
#1485 = CIRCLE ( 'NONE', #1409, 1.600000000000004086 ) ;
#1486 = ORIENTED_EDGE ( 'NONE', *, *, #2064, .T. ) ;
#1487 = DIRECTION ( 'NONE',  ( 1.000000000000000000, 0.000000000000000000, 0.000000000000000000 ) ) ;
#1488 = EDGE_CURVE ( 'NONE', #1238, #1290, #685, .T. ) ;
#1489 = ORIENTED_EDGE ( 'NONE', *, *, #1677, .F. ) ;
#1490 = CARTESIAN_POINT ( 'NONE',  ( -32.96838372995788546, 26.50000000000000000, -0.09999999999844161325 ) ) ;
#1491 = AXIS2_PLACEMENT_3D ( 'NONE', #284, #1024, #104 ) ;
#1492 = CARTESIAN_POINT ( 'NONE',  ( 30.50000000000001421, -116.4999999999999858, -53.40000000000000568 ) ) ;
#1493 = EDGE_CURVE ( 'NONE', #1878, #1891, #2364, .T. ) ;
#1494 = AXIS2_PLACEMENT_3D ( 'NONE', #479, #2123, #1233 ) ;
#1495 = DIRECTION ( 'NONE',  ( -1.471975796331614096E-16, -0.000000000000000000, -1.000000000000000000 ) ) ;
#1496 = VECTOR ( 'NONE', #2321, 1000.000000000000000 ) ;
#1497 = CARTESIAN_POINT ( 'NONE',  ( 15.50000000000001421, -116.4999999999999858, -55.00000000000000711 ) ) ;
#1498 = AXIS2_PLACEMENT_3D ( 'NONE', #189, #43, #596 ) ;
#1499 = EDGE_LOOP ( 'NONE', ( #487, #126, #899, #1282 ) ) ;
#1500 = ORIENTED_EDGE ( 'NONE', *, *, #1802, .T. ) ;
#1501 = DIRECTION ( 'NONE',  ( -0.7071067811865434649, -0.000000000000000000, -0.7071067811865515695 ) ) ;
#1502 = ORIENTED_EDGE ( 'NONE', *, *, #410, .T. ) ;
#1503 = CARTESIAN_POINT ( 'NONE',  ( -32.50000000000000000, 3.500000000000000000, 59.99999999999999289 ) ) ;
#1504 = DIRECTION ( 'NONE',  ( -0.000000000000000000, -0.000000000000000000, 1.000000000000000000 ) ) ;
#1505 = EDGE_CURVE ( 'NONE', #815, #2040, #895, .T. ) ;
#1506 = VECTOR ( 'NONE', #2359, 1000.000000000000000 ) ;
#1507 = DIRECTION ( 'NONE',  ( -0.7071067811865485719, 0.000000000000000000, 0.7071067811865465735 ) ) ;
#1508 = ORIENTED_EDGE ( 'NONE', *, *, #1548, .F. ) ;
#1509 = ORIENTED_EDGE ( 'NONE', *, *, #946, .F. ) ;
#1510 = ORIENTED_EDGE ( 'NONE', *, *, #1713, .T. ) ;
#1511 = LINE ( 'NONE', #2251, #1928 ) ;
#1512 = VERTEX_POINT ( 'NONE', #1028 ) ;
#1513 = DIRECTION ( 'NONE',  ( 1.000000000000000000, 0.000000000000000000, 0.000000000000000000 ) ) ;
#1514 = EDGE_LOOP ( 'NONE', ( #1222, #702, #2334, #315 ) ) ;
#1515 = LINE ( 'NONE', #261, #1923 ) ;
#1516 = EDGE_CURVE ( 'NONE', #527, #436, #1298, .T. ) ;
#1517 = LINE ( 'NONE', #444, #1572 ) ;
#1518 = PLANE ( 'NONE',  #1721 ) ;
#1519 = VECTOR ( 'NONE', #890, 1000.000000000000000 ) ;
#1520 = VERTEX_POINT ( 'NONE', #880 ) ;
#1521 = DIRECTION ( 'NONE',  ( 0.000000000000000000, 0.000000000000000000, -1.000000000000000000 ) ) ;
#1522 = CARTESIAN_POINT ( 'NONE',  ( -30.50000000000001421, 0.000000000000000000, -55.00000000000000711 ) ) ;
#1523 = CIRCLE ( 'NONE', #876, 2.200000000000718714 ) ;
#1524 = EDGE_LOOP ( 'NONE', ( #885, #882, #1526, #988 ) ) ;
#1525 = CARTESIAN_POINT ( 'NONE',  ( -7.500000000000003553, -126.4999999999999716, 7.500000000000000000 ) ) ;
#1526 = ORIENTED_EDGE ( 'NONE', *, *, #142, .T. ) ;
#1527 = CARTESIAN_POINT ( 'NONE',  ( 32.50000000000000000, 26.50000000000000000, -0.09999999999844377818 ) ) ;
#1528 = DIRECTION ( 'NONE',  ( 1.000000000000000000, 0.000000000000000000, -0.000000000000000000 ) ) ;
#1529 = DIRECTION ( 'NONE',  ( 1.000000000000000000, 0.000000000000000000, -0.000000000000000000 ) ) ;
#1530 = EDGE_CURVE ( 'NONE', #1214, #2051, #1408, .T. ) ;
#1531 = CIRCLE ( 'NONE', #2231, 1.600000000000002531 ) ;
#1532 = VECTOR ( 'NONE', #1186, 1000.000000000000000 ) ;
#1533 = VECTOR ( 'NONE', #2226, 1000.000000000000000 ) ;
#1535 = ORIENTED_EDGE ( 'NONE', *, *, #592, .F. ) ;
#1534 = AXIS2_PLACEMENT_3D ( 'NONE', #2112, #1705, #601 ) ;
#1536 = DIRECTION ( 'NONE',  ( -0.000000000000000000, 1.000000000000000000, -0.000000000000000000 ) ) ;
#1537 = CARTESIAN_POINT ( 'NONE',  ( -15.50000000000001421, 0.000000000000000000, 55.00000000000000711 ) ) ;
#1538 = EDGE_LOOP ( 'NONE', ( #304, #1068, #123, #796 ) ) ;
#1539 = DIRECTION ( 'NONE',  ( 0.000000000000000000, 0.000000000000000000, -1.000000000000000000 ) ) ;
#1540 = EDGE_CURVE ( 'NONE', #1122, #1434, #1067, .T. ) ;
#1541 = ORIENTED_EDGE ( 'NONE', *, *, #2002, .F. ) ;
#1542 = CARTESIAN_POINT ( 'NONE',  ( -22.96838372995777533, 3.500000000000000000, -34.14000000000000057 ) ) ;
#1543 = DIRECTION ( 'NONE',  ( 0.000000000000000000, -1.000000000000000000, 0.000000000000000000 ) ) ;
#1544 = FACE_OUTER_BOUND ( 'NONE', #1416, .T. ) ;
#1545 = ORIENTED_EDGE ( 'NONE', *, *, #2235, .F. ) ;
#1546 = CARTESIAN_POINT ( 'NONE',  ( 39.73676745987322079, 8.500000000000003553, 14.49999999999999289 ) ) ;
#1547 = CARTESIAN_POINT ( 'NONE',  ( -29.55000000000067573, 11.59999999999735643, 27.99999999999998934 ) ) ;
#1548 = EDGE_CURVE ( 'NONE', #462, #24, #2254, .T. ) ;
#1549 = EDGE_LOOP ( 'NONE', ( #2089, #1678, #82, #2258 ) ) ;
#1550 = DIRECTION ( 'NONE',  ( 1.426581805901979635E-16, 0.000000000000000000, 1.000000000000000000 ) ) ;
#1551 = EDGE_CURVE ( 'NONE', #1359, #215, #1373, .T. ) ;
#1552 = SURFACE_SIDE_STYLE ('',( #2061 ) ) ;
#1553 = VECTOR ( 'NONE', #1754, 1000.000000000000000 ) ;
#1554 = FACE_BOUND ( 'NONE', #715, .T. ) ;
#1555 = CARTESIAN_POINT ( 'NONE',  ( -29.55000000000067573, 11.59999999999735643, 12.99999999999998401 ) ) ;
#1556 = ORIENTED_EDGE ( 'NONE', *, *, #2235, .T. ) ;
#1557 = DIRECTION ( 'NONE',  ( -0.000000000000000000, 1.000000000000000000, -0.000000000000000000 ) ) ;
#1558 = PLANE ( 'NONE',  #970 ) ;
#1559 = VECTOR ( 'NONE', #183, 1000.000000000000000 ) ;
#1560 = VERTEX_POINT ( 'NONE', #201 ) ;
#1561 = LINE ( 'NONE', #1215, #1088 ) ;
#1562 = EDGE_CURVE ( 'NONE', #2238, #1893, #249, .T. ) ;
#1563 = CARTESIAN_POINT ( 'NONE',  ( -23.43676745991574961, 33.50000000000000000, 27.99999999999998934 ) ) ;
#1564 = VECTOR ( 'NONE', #1013, 1000.000000000000000 ) ;
#1565 = CARTESIAN_POINT ( 'NONE',  ( -27.34999999999995879, 11.59999999999735643, -87.00000000000000000 ) ) ;
#1566 = CARTESIAN_POINT ( 'NONE',  ( -32.96838372995787836, 5.500000000000001776, 5.674371403960129361E-16 ) ) ;
#1567 = ADVANCED_FACE ( 'NONE', ( #1658 ), #209, .F. ) ;
#1568 = ORIENTED_EDGE ( 'NONE', *, *, #156, .F. ) ;
#1569 = LINE ( 'NONE', #866, #1249 ) ;
#1570 = DIRECTION ( 'NONE',  ( 0.000000000000000000, 0.000000000000000000, 1.000000000000000000 ) ) ;
#1571 = VECTOR ( 'NONE', #2094, 1000.000000000000000 ) ;
#1572 = VECTOR ( 'NONE', #406, 1000.000000000000000 ) ;
#1573 = ORIENTED_EDGE ( 'NONE', *, *, #1877, .T. ) ;
#1574 = DIRECTION ( 'NONE',  ( 0.7071067811865485719, 0.000000000000000000, -0.7071067811865465735 ) ) ;
#1575 = VECTOR ( 'NONE', #268, 1000.000000000000000 ) ;
#1576 = DIRECTION ( 'NONE',  ( -0.000000000000000000, 1.000000000000000000, -0.000000000000000000 ) ) ;
#1577 = FACE_OUTER_BOUND ( 'NONE', #225, .T. ) ;
#1578 = FACE_BOUND ( 'NONE', #465, .T. ) ;
#1579 = EDGE_CURVE ( 'NONE', #1902, #1007, #1643, .T. ) ;
#1580 = ORIENTED_EDGE ( 'NONE', *, *, #1821, .T. ) ;
#1581 = CARTESIAN_POINT ( 'NONE',  ( 32.50000000000000000, 28.50000000000000000, 2.499999999999992006 ) ) ;
#1582 = CARTESIAN_POINT ( 'NONE',  ( -42.50000000000000711, 3.500000000000000000, -60.00000000000000711 ) ) ;
#1583 = EDGE_LOOP ( 'NONE', ( #979, #188 ) ) ;
#1584 = DIRECTION ( 'NONE',  ( -1.426581805901979635E-16, 0.000000000000000000, -1.000000000000000000 ) ) ;
#1585 = VERTEX_POINT ( 'NONE', #918 ) ;
#1586 = DIRECTION ( 'NONE',  ( 0.000000000000000000, 0.000000000000000000, -1.000000000000000000 ) ) ;
#1587 = AXIS2_PLACEMENT_3D ( 'NONE', #1903, #245, #1539 ) ;
#1588 = DIRECTION ( 'NONE',  ( -0.000000000000000000, 1.000000000000000000, -0.000000000000000000 ) ) ;
#1589 = DIRECTION ( 'NONE',  ( 0.000000000000000000, 0.000000000000000000, 1.000000000000000000 ) ) ;
#1590 = EDGE_CURVE ( 'NONE', #2013, #1878, #766, .T. ) ;
#1591 = VERTEX_POINT ( 'NONE', #219 ) ;
#1592 = CARTESIAN_POINT ( 'NONE',  ( -42.50000000000000711, 0.000000000000000000, -49.99999999999999289 ) ) ;
#1593 = DIRECTION ( 'NONE',  ( 1.000000000000000000, 0.000000000000000000, 0.000000000000000000 ) ) ;
#1594 = AXIS2_PLACEMENT_3D ( 'NONE', #1050, #679, #2148 ) ;
#1595 = VERTEX_POINT ( 'NONE', #942 ) ;
#1596 = CARTESIAN_POINT ( 'NONE',  ( 9.449999999999738165, 16.59999999999728360, -59.14000000000000767 ) ) ;
#1597 = ORIENTED_EDGE ( 'NONE', *, *, #313, .F. ) ;
#1598 = CARTESIAN_POINT ( 'NONE',  ( 7.499999999999996447, 0.000000000000000000, -7.500000000000003553 ) ) ;
#1599 = VECTOR ( 'NONE', #1237, 1000.000000000000000 ) ;
#1600 = VECTOR ( 'NONE', #15, 1000.000000000000000 ) ;
#1601 = LINE ( 'NONE', #705, #2268 ) ;
#1602 = CARTESIAN_POINT ( 'NONE',  ( 42.49999999999999289, 3.500000000000000000, 59.99999999999999289 ) ) ;
#1603 = ORIENTED_EDGE ( 'NONE', *, *, #613, .T. ) ;
#1604 = LINE ( 'NONE', #496, #1476 ) ;
#1605 = EDGE_CURVE ( 'NONE', #1736, #1379, #1523, .T. ) ;
#1606 = DIRECTION ( 'NONE',  ( 0.000000000000000000, -1.000000000000000000, 0.000000000000000000 ) ) ;
#1607 = ORIENTED_EDGE ( 'NONE', *, *, #1919, .F. ) ;
#1608 = CIRCLE ( 'NONE', #1920, 1.600000000000004086 ) ;
#1609 = DIRECTION ( 'NONE',  ( 0.000000000000000000, -0.000000000000000000, 1.000000000000000000 ) ) ;
#1610 = AXIS2_PLACEMENT_3D ( 'NONE', #418, #1181, #56 ) ;
#1611 = VERTEX_POINT ( 'NONE', #6 ) ;
#1612 = ADVANCED_FACE ( 'NONE', ( #2199 ), #748, .F. ) ;
#1613 = CARTESIAN_POINT ( 'NONE',  ( -32.96838372995788546, 28.49999999999999645, -24.14000000000000767 ) ) ;
#1614 = CIRCLE ( 'NONE', #586, 2.200000000000618350 ) ;
#1615 = LINE ( 'NONE', #2350, #1564 ) ;
#1616 = CARTESIAN_POINT ( 'NONE',  ( -23.43676745991574961, 3.500000000000000000, 27.99999999999998934 ) ) ;
#1617 = ORIENTED_EDGE ( 'NONE', *, *, #1579, .F. ) ;
#1618 = FACE_OUTER_BOUND ( 'NONE', #2178, .T. ) ;
#1619 = LINE ( 'NONE', #907, #2119 ) ;
#1620 = ORIENTED_EDGE ( 'NONE', *, *, #1849, .F. ) ;
#1621 = CYLINDRICAL_SURFACE ( 'NONE', #1471, 1.600000000000001643 ) ;
#1622 = EDGE_CURVE ( 'NONE', #1300, #1902, #1091, .T. ) ;
#1623 = EDGE_LOOP ( 'NONE', ( #275, #1096, #125, #1573 ) ) ;
#1624 = VECTOR ( 'NONE', #1098, 1000.000000000000000 ) ;
#1625 = CARTESIAN_POINT ( 'NONE',  ( 32.50000000000000000, 26.50000000000000000, -0.09999999999844377818 ) ) ;
#1626 = CARTESIAN_POINT ( 'NONE',  ( 7.799999999999737810, 16.59999999999728360, -34.14000000000000057 ) ) ;
#1627 = VERTEX_POINT ( 'NONE', #1827 ) ;
#1628 = LINE ( 'NONE', #1398, #1637 ) ;
#1629 = DIRECTION ( 'NONE',  ( 0.000000000000000000, -0.000000000000000000, -1.000000000000000000 ) ) ;
#1630 = DIRECTION ( 'NONE',  ( 0.000000000000000000, -1.000000000000000000, 0.000000000000000000 ) ) ;
#1631 = ORIENTED_EDGE ( 'NONE', *, *, #293, .T. ) ;
#1632 = LINE ( 'NONE', #2012, #1533 ) ;
#1633 = VERTEX_POINT ( 'NONE', #2376 ) ;
#1634 = ADVANCED_FACE ( 'NONE', ( #360 ), #2055, .F. ) ;
#1635 = VERTEX_POINT ( 'NONE', #16 ) ;
#1636 = CARTESIAN_POINT ( 'NONE',  ( 7.499999999999996447, -126.4999999999999716, 5.900000000000001243 ) ) ;
#1637 = VECTOR ( 'NONE', #1389, 1000.000000000000000 ) ;
#1638 = LINE ( 'NONE', #1850, #791 ) ;
#1639 = EDGE_LOOP ( 'NONE', ( #1743, #96, #2011, #1807, #1333, #1701, #203, #572, #1304, #804 ) ) ;
#1640 = CARTESIAN_POINT ( 'NONE',  ( -30.50000000000001421, 0.000000000000000000, 56.60000000000000853 ) ) ;
#1641 = LINE ( 'NONE', #1320, #1600 ) ;
#1642 = ADVANCED_FACE ( 'NONE', ( #396 ), #1683, .F. ) ;
#1643 = LINE ( 'NONE', #2010, #680 ) ;
#1644 = VERTEX_POINT ( 'NONE', #2208 ) ;
#1645 = VERTEX_POINT ( 'NONE', #564 ) ;
#1646 = CARTESIAN_POINT ( 'NONE',  ( -7.500000000000003553, -126.4999999999999716, 9.100000000000001421 ) ) ;
#1647 = ORIENTED_EDGE ( 'NONE', *, *, #1622, .T. ) ;
#1648 = CARTESIAN_POINT ( 'NONE',  ( 24.73676745987322434, 33.50000000000000000, 14.49999999999999112 ) ) ;
#1649 = AXIS2_PLACEMENT_3D ( 'NONE', #1242, #1586, #2348 ) ;
#1650 = AXIS2_PLACEMENT_3D ( 'NONE', #2296, #2259, #2104 ) ;
#1651 = VECTOR ( 'NONE', #1182, 1000.000000000000000 ) ;
#1652 = DIRECTION ( 'NONE',  ( 1.000000000000000000, 0.000000000000000000, -3.312139725207179394E-17 ) ) ;
#1653 = ORIENTED_EDGE ( 'NONE', *, *, #456, .T. ) ;
#1654 = DIRECTION ( 'NONE',  ( -0.7071067811865515695, 0.000000000000000000, 0.7071067811865434649 ) ) ;
#1655 = CIRCLE ( 'NONE', #1886, 1.599999999999997202 ) ;
#1656 = EDGE_CURVE ( 'NONE', #526, #328, #958, .T. ) ;
#1657 = CARTESIAN_POINT ( 'NONE',  ( 30.50000000000001421, 3.500000000000000000, -55.00000000000000711 ) ) ;
#1658 = FACE_OUTER_BOUND ( 'NONE', #711, .T. ) ;
#1659 = ADVANCED_FACE ( 'NONE', ( #1840 ), #186, .F. ) ;
#1660 = ORIENTED_EDGE ( 'NONE', *, *, #1128, .F. ) ;
#1661 = ORIENTED_EDGE ( 'NONE', *, *, #142, .F. ) ;
#1662 = VERTEX_POINT ( 'NONE', #40 ) ;
#1663 = PLANE ( 'NONE',  #1727 ) ;
#1664 = ORIENTED_EDGE ( 'NONE', *, *, #2002, .T. ) ;
#1665 = ORIENTED_EDGE ( 'NONE', *, *, #1838, .F. ) ;
#1666 = DIRECTION ( 'NONE',  ( 0.000000000000000000, 0.000000000000000000, -1.000000000000000000 ) ) ;
#1667 = DIRECTION ( 'NONE',  ( -0.000000000000000000, 1.000000000000000000, -0.000000000000000000 ) ) ;
#1668 = CARTESIAN_POINT ( 'NONE',  ( -46.24999999999995026, -0.000000000000000000, -46.25000000000008527 ) ) ;
#1669 = CARTESIAN_POINT ( 'NONE',  ( -30.50000000000001421, -116.4999999999999858, -53.40000000000000568 ) ) ;
#1670 = DIRECTION ( 'NONE',  ( 0.000000000000000000, 0.000000000000000000, 1.000000000000000000 ) ) ;
#1671 = ADVANCED_FACE ( 'NONE', ( #1484 ), #1312, .F. ) ;
#1672 = ORIENTED_EDGE ( 'NONE', *, *, #1551, .T. ) ;
#1673 = ORIENTED_EDGE ( 'NONE', *, *, #1835, .F. ) ;
#1674 = CARTESIAN_POINT ( 'NONE',  ( -22.96838372995777533, 28.50000000000000000, -34.14000000000000057 ) ) ;
#1675 = AXIS2_PLACEMENT_3D ( 'NONE', #977, #1223, #1211 ) ;
#1676 = EDGE_LOOP ( 'NONE', ( #2103, #2071, #2225, #640 ) ) ;
#1677 = EDGE_CURVE ( 'NONE', #2378, #1811, #833, .T. ) ;
#1678 = ORIENTED_EDGE ( 'NONE', *, *, #1929, .T. ) ;
#1679 = DIRECTION ( 'NONE',  ( 1.000000000000000000, 0.000000000000000000, 0.000000000000000000 ) ) ;
#1680 = VECTOR ( 'NONE', #198, 1000.000000000000000 ) ;
#1681 = DIRECTION ( 'NONE',  ( 0.000000000000000000, 1.000000000000000000, 0.000000000000000000 ) ) ;
#1682 = LINE ( 'NONE', #1459, #1299 ) ;
#1683 = CYLINDRICAL_SURFACE ( 'NONE', #1102, 1.599999999999997202 ) ;
#1684 = VECTOR ( 'NONE', #314, 1000.000000000000000 ) ;
#1685 = ORIENTED_EDGE ( 'NONE', *, *, #1125, .F. ) ;
#1686 = CARTESIAN_POINT ( 'NONE',  ( -15.50000000000001421, 3.500000000000000000, -55.00000000000000711 ) ) ;
#1687 = ORIENTED_EDGE ( 'NONE', *, *, #2343, .T. ) ;
#1688 = VECTOR ( 'NONE', #1154, 1000.000000000000000 ) ;
#1689 = APPLICATION_PROTOCOL_DEFINITION ( 'draft international standard', 'automotive_design', 1998, #1199 ) ;
#1690 = EDGE_CURVE ( 'NONE', #551, #837, #446, .T. ) ;
#1691 = VERTEX_POINT ( 'NONE', #240 ) ;
#1692 = DIRECTION ( 'NONE',  ( 0.000000000000000000, 0.000000000000000000, 1.000000000000000000 ) ) ;
#1693 = FACE_BOUND ( 'NONE', #1424, .T. ) ;
#1694 = DIRECTION ( 'NONE',  ( 0.000000000000000000, 0.000000000000000000, 1.000000000000000000 ) ) ;
#1695 = PRODUCT_DEFINITION_FORMATION_WITH_SPECIFIED_SOURCE ( 'ไป', '', #667, .NOT_KNOWN. ) ;
#1696 = CIRCLE ( 'NONE', #498, 1.599999999999997202 ) ;
#1697 = ORIENTED_EDGE ( 'NONE', *, *, #2349, .T. ) ;
#1698 = ORIENTED_EDGE ( 'NONE', *, *, #1530, .T. ) ;
#1699 = ORIENTED_EDGE ( 'NONE', *, *, #89, .F. ) ;
#1700 = CARTESIAN_POINT ( 'NONE',  ( 7.499999999999996447, 3.500000000000000000, 7.500000000000003553 ) ) ;
#1701 = ORIENTED_EDGE ( 'NONE', *, *, #2081, .T. ) ;
#1702 = EDGE_CURVE ( 'NONE', #1635, #1971, #2088, .T. ) ;
#1703 = ORIENTED_EDGE ( 'NONE', *, *, #762, .F. ) ;
#1704 = CARTESIAN_POINT ( 'NONE',  ( 42.49999999999999289, 3.500000000000000000, 50.00000000000000711 ) ) ;
#1705 = DIRECTION ( 'NONE',  ( -0.000000000000000000, 1.000000000000000000, -0.000000000000000000 ) ) ;
#1706 = AXIS2_PLACEMENT_3D ( 'NONE', #1822, #980, #1270 ) ;
#1707 = CYLINDRICAL_SURFACE ( 'NONE', #565, 1.599999999999997202 ) ;
#1708 = VERTEX_POINT ( 'NONE', #264 ) ;
#1709 = LINE ( 'NONE', #1546, #2267 ) ;
#1710 = CARTESIAN_POINT ( 'NONE',  ( 42.49999999999999289, 3.500000000000000000, -49.99999999999997158 ) ) ;
#1711 = ORIENTED_EDGE ( 'NONE', *, *, #1579, .T. ) ;
#1712 = CARTESIAN_POINT ( 'NONE',  ( -42.50000000000000711, 3.500000000000000000, -60.00000000000000711 ) ) ;
#1713 = EDGE_CURVE ( 'NONE', #377, #815, #74, .T. ) ;
#1714 = DIRECTION ( 'NONE',  ( -0.7071067811865464625, -0.000000000000000000, -0.7071067811865485719 ) ) ;
#1715 = CARTESIAN_POINT ( 'NONE',  ( 24.34999999995805098, 21.59999999999735820, 27.99999999999998934 ) ) ;
#1716 = CARTESIAN_POINT ( 'NONE',  ( -42.50000000000000711, 28.49999999999999645, -40.14000000000000767 ) ) ;
#1717 = ADVANCED_FACE ( 'NONE', ( #1752 ), #1518, .F. ) ;
#1718 = VERTEX_POINT ( 'NONE', #1716 ) ;
#1719 = DIRECTION ( 'NONE',  ( -0.000000000000000000, -0.000000000000000000, 1.000000000000000000 ) ) ;
#1720 = DIRECTION ( 'NONE',  ( -1.000000000000000000, 0.000000000000000000, -5.953210078121458203E-17 ) ) ;
#1721 = AXIS2_PLACEMENT_3D ( 'NONE', #2305, #1332, #2256 ) ;
#1722 = EDGE_LOOP ( 'NONE', ( #780, #1253, #1672, #450 ) ) ;
#1723 = CARTESIAN_POINT ( 'NONE',  ( -29.93676745991574606, 33.50000000000000000, 12.99999999999999112 ) ) ;
#1724 =( LENGTH_UNIT ( ) NAMED_UNIT ( * ) SI_UNIT ( .MILLI., .METRE. ) );
#1725 = DIRECTION ( 'NONE',  ( 0.000000000000000000, -1.000000000000000000, 0.000000000000000000 ) ) ;
#1726 = CARTESIAN_POINT ( 'NONE',  ( 15.50000000000001421, -116.4999999999999858, 53.40000000000001279 ) ) ;
#1727 = AXIS2_PLACEMENT_3D ( 'NONE', #1868, #2023, #213 ) ;
#1728 = EDGE_CURVE ( 'NONE', #1899, #1708, #1178, .T. ) ;
#1729 = VECTOR ( 'NONE', #1123, 1000.000000000000000 ) ;
#1730 = AXIS2_PLACEMENT_3D ( 'NONE', #1226, #2190, #1278 ) ;
#1731 = EDGE_LOOP ( 'NONE', ( #222, #1698, #1153, #2322 ) ) ;
#1732 = CARTESIAN_POINT ( 'NONE',  ( -7.500000000000003553, 0.000000000000000000, 7.500000000000000000 ) ) ;
#1733 = ORIENTED_EDGE ( 'NONE', *, *, #600, .T. ) ;
#1734 = CARTESIAN_POINT ( 'NONE',  ( 7.499999999999996447, 3.500000000000000000, 7.500000000000003553 ) ) ;
#1735 = ADVANCED_FACE ( 'NONE', ( #799, #1366, #1160 ), #61, .F. ) ;
#1736 = VERTEX_POINT ( 'NONE', #1555 ) ;
#1737 = ORIENTED_EDGE ( 'NONE', *, *, #576, .F. ) ;
#1738 = CARTESIAN_POINT ( 'NONE',  ( 32.50000000000000000, 8.500000000000003553, 2.499999999999992006 ) ) ;
#1739 = ORIENTED_EDGE ( 'NONE', *, *, #1405, .F. ) ;
#1740 = DIRECTION ( 'NONE',  ( -0.000000000000000000, -0.000000000000000000, 1.000000000000000000 ) ) ;
#1741 = CARTESIAN_POINT ( 'NONE',  ( -7.500000000000003553, 0.000000000000000000, 5.899999999999997691 ) ) ;
#1742 = DIRECTION ( 'NONE',  ( 0.000000000000000000, 0.000000000000000000, 1.000000000000000000 ) ) ;
#1743 = ORIENTED_EDGE ( 'NONE', *, *, #167, .F. ) ;
#1744 = ORIENTED_EDGE ( 'NONE', *, *, #389, .T. ) ;
#1745 = ADVANCED_FACE ( 'NONE', ( #2270 ), #1910, .F. ) ;
#1746 = FACE_OUTER_BOUND ( 'NONE', #1925, .T. ) ;
#1747 = VERTEX_POINT ( 'NONE', #2113 ) ;
#1748 = LINE ( 'NONE', #91, #1327 ) ;
#1749 = EDGE_CURVE ( 'NONE', #221, #2310, #2282, .T. ) ;
#1750 = DIRECTION ( 'NONE',  ( 0.000000000000000000, -0.000000000000000000, -1.000000000000000000 ) ) ;
#1751 = CARTESIAN_POINT ( 'NONE',  ( -29.55000000000047322, 21.59999999999735820, 12.99999999999998401 ) ) ;
#1752 = FACE_OUTER_BOUND ( 'NONE', #1065, .T. ) ;
#1753 = EDGE_LOOP ( 'NONE', ( #2287, #663, #489, #2377 ) ) ;
#1754 = DIRECTION ( 'NONE',  ( 0.000000000000000000, 0.000000000000000000, -1.000000000000000000 ) ) ;
#1755 = CARTESIAN_POINT ( 'NONE',  ( -25.14999999999923830, 11.59999999999735643, -87.00000000000000000 ) ) ;
#1756 = ORIENTED_EDGE ( 'NONE', *, *, #2242, .T. ) ;
#1757 = DIRECTION ( 'NONE',  ( 0.000000000000000000, -1.000000000000000000, 0.000000000000000000 ) ) ;
#1758 = CARTESIAN_POINT ( 'NONE',  ( -30.50000000000001421, -116.4999999999999858, -55.00000000000000711 ) ) ;
#1759 = EDGE_CURVE ( 'NONE', #1779, #2370, #1898, .T. ) ;
#1760 = DIRECTION ( 'NONE',  ( 0.000000000000000000, 0.000000000000000000, 1.000000000000000000 ) ) ;
#1761 = DIRECTION ( 'NONE',  ( -0.000000000000000000, 1.000000000000000000, -0.000000000000000000 ) ) ;
#1762 = ORIENTED_EDGE ( 'NONE', *, *, #701, .F. ) ;
#1763 = LINE ( 'NONE', #1400, #2096 ) ;
#1764 = CARTESIAN_POINT ( 'NONE',  ( -42.50000000000000711, 5.500000000000001776, 12.99999999999999112 ) ) ;
#1765 = VECTOR ( 'NONE', #1206, 1000.000000000000000 ) ;
#1766 = VECTOR ( 'NONE', #1030, 1000.000000000000000 ) ;
#1767 = ORIENTED_EDGE ( 'NONE', *, *, #81, .T. ) ;
#1768 = LINE ( 'NONE', #2109, #735 ) ;
#1769 = VECTOR ( 'NONE', #742, 1000.000000000000000 ) ;
#1770 = ADVANCED_FACE ( 'NONE', ( #1544 ), #2076, .F. ) ;
#1771 = DIRECTION ( 'NONE',  ( -0.000000000000000000, -0.000000000000000000, 1.000000000000000000 ) ) ;
#1772 = CARTESIAN_POINT ( 'NONE',  ( -30.50000000000001421, -116.4999999999999858, 55.00000000000000711 ) ) ;
#1773 = CARTESIAN_POINT ( 'NONE',  ( 18.42999999999994287, 33.50000000000000000, 14.49999999999999112 ) ) ;
#1774 = ORIENTED_EDGE ( 'NONE', *, *, #884, .T. ) ;
#1775 = DIRECTION ( 'NONE',  ( -0.000000000000000000, 1.000000000000000000, -0.000000000000000000 ) ) ;
#1776 = CARTESIAN_POINT ( 'NONE',  ( 32.49999999999998579, 3.500000000000000000, -60.00000000000000711 ) ) ;
#1777 = ORIENTED_EDGE ( 'NONE', *, *, #1433, .T. ) ;
#1778 = LINE ( 'NONE', #1251, #585 ) ;
#1779 = VERTEX_POINT ( 'NONE', #2294 ) ;
#1780 = LINE ( 'NONE', #1490, #2152 ) ;
#1781 = VECTOR ( 'NONE', #1057, 1000.000000000000000 ) ;
#1782 = EDGE_CURVE ( 'NONE', #1473, #1007, #85, .T. ) ;
#1783 = LINE ( 'NONE', #1955, #375 ) ;
#1784 = DIRECTION ( 'NONE',  ( -1.000000000000000000, 0.000000000000000000, -0.000000000000000000 ) ) ;
#1785 = VECTOR ( 'NONE', #1775, 1000.000000000000000 ) ;
#1786 = ORIENTED_EDGE ( 'NONE', *, *, #542, .F. ) ;
#1787 = CARTESIAN_POINT ( 'NONE',  ( -15.50000000000001421, -116.4999999999999858, -55.00000000000000711 ) ) ;
#1788 = DIRECTION ( 'NONE',  ( 1.000000000000000000, 0.000000000000000000, 0.000000000000000000 ) ) ;
#1789 = ADVANCED_FACE ( 'NONE', ( #460 ), #1707, .F. ) ;
#1790 = VECTOR ( 'NONE', #1761, 1000.000000000000000 ) ;
#1791 = ORIENTED_EDGE ( 'NONE', *, *, #384, .F. ) ;
#1792 = LINE ( 'NONE', #154, #1496 ) ;
#1793 = ORIENTED_EDGE ( 'NONE', *, *, #502, .F. ) ;
#1794 = DIRECTION ( 'NONE',  ( 0.000000000000000000, 0.000000000000000000, 1.000000000000000000 ) ) ;
#1795 = AXIS2_PLACEMENT_3D ( 'NONE', #809, #1885, #1529 ) ;
#1796 = AXIS2_PLACEMENT_3D ( 'NONE', #1657, #747, #2185 ) ;
#1797 = CARTESIAN_POINT ( 'NONE',  ( 24.34999999995806164, 11.59999999999735643, 27.99999999999998934 ) ) ;
#1798 = DIRECTION ( 'NONE',  ( 0.000000000000000000, 0.000000000000000000, 1.000000000000000000 ) ) ;
#1799 = ORIENTED_EDGE ( 'NONE', *, *, #1155, .T. ) ;
#1800 = CARTESIAN_POINT ( 'NONE',  ( -46.25000000000005684, -0.000000000000000000, 46.24999999999992184 ) ) ;
#1801 = CARTESIAN_POINT ( 'NONE',  ( -7.500000000000003553, -126.4999999999999716, -9.100000000000001421 ) ) ;
#1802 = EDGE_CURVE ( 'NONE', #959, #165, #1480, .T. ) ;
#1803 = ORIENTED_EDGE ( 'NONE', *, *, #1835, .T. ) ;
#1804 = AXIS2_PLACEMENT_3D ( 'NONE', #1934, #1208, #505 ) ;
#1805 = DIRECTION ( 'NONE',  ( 1.000000000000000000, 0.000000000000000000, -1.426581805901979635E-16 ) ) ;
#1806 = EDGE_CURVE ( 'NONE', #287, #257, #230, .T. ) ;
#1807 = ORIENTED_EDGE ( 'NONE', *, *, #2095, .T. ) ;
#1808 = DIRECTION ( 'NONE',  ( 0.000000000000000000, -1.000000000000000000, 0.000000000000000000 ) ) ;
#1809 = CIRCLE ( 'NONE', #1273, 2.200000000001020695 ) ;
#1810 = CARTESIAN_POINT ( 'NONE',  ( -30.50000000000001421, 3.500000000000000000, 55.00000000000000711 ) ) ;
#1811 = VERTEX_POINT ( 'NONE', #2124 ) ;
#1812 = DIRECTION ( 'NONE',  ( 0.000000000000000000, 0.000000000000000000, 1.000000000000000000 ) ) ;
#1813 = DIRECTION ( 'NONE',  ( 1.000000000000000000, 0.000000000000000000, 0.000000000000000000 ) ) ;
#1814 = CARTESIAN_POINT ( 'NONE',  ( 18.42999999999994287, 33.50000000000000000, 27.99999999999999289 ) ) ;
#1815 = ADVANCED_FACE ( 'NONE', ( #1578, #706 ), #298, .F. ) ;
#1816 = ORIENTED_EDGE ( 'NONE', *, *, #1464, .F. ) ;
#1817 = CARTESIAN_POINT ( 'NONE',  ( -42.50000000000000711, 0.000000000000000000, 59.99999999999999289 ) ) ;
#1818 = ORIENTED_EDGE ( 'NONE', *, *, #576, .T. ) ;
#1819 = AXIS2_PLACEMENT_3D ( 'NONE', #1384, #1574, #1191 ) ;
#1820 = FACE_BOUND ( 'NONE', #2035, .T. ) ;
#1821 = EDGE_CURVE ( 'NONE', #417, #1122, #839, .T. ) ;
#1822 = CARTESIAN_POINT ( 'NONE',  ( -15.50000000000001421, 0.000000000000000000, 55.00000000000000711 ) ) ;
#1823 = ORIENTED_EDGE ( 'NONE', *, *, #1231, .F. ) ;
#1824 = CARTESIAN_POINT ( 'NONE',  ( -15.50000000000001421, 3.500000000000000000, -55.00000000000000711 ) ) ;
#1825 = AXIS2_PLACEMENT_3D ( 'NONE', #1428, #525, #1404 ) ;
#1826 = CARTESIAN_POINT ( 'NONE',  ( -42.50000000000000711, 3.500000000000000000, -49.99999999999999289 ) ) ;
#1827 = CARTESIAN_POINT ( 'NONE',  ( -32.96838372995788546, 26.50000000000000000, -0.09999999999844161325 ) ) ;
#1828 = ORIENTED_EDGE ( 'NONE', *, *, #1018, .T. ) ;
#1829 = ORIENTED_EDGE ( 'NONE', *, *, #2145, .F. ) ;
#1830 = EDGE_LOOP ( 'NONE', ( #306, #26, #44, #2381 ) ) ;
#1831 = PLANE ( 'NONE',  #1825 ) ;
#1832 = EDGE_LOOP ( 'NONE', ( #2135, #1479 ) ) ;
#1833 = ORIENTED_EDGE ( 'NONE', *, *, #1656, .T. ) ;
#1834 = CARTESIAN_POINT ( 'NONE',  ( 15.50000000000001421, -116.4999999999999858, -55.00000000000000711 ) ) ;
#1835 = EDGE_CURVE ( 'NONE', #589, #2367, #1216, .T. ) ;
#1836 = LINE ( 'NONE', #2182, #333 ) ;
#1837 = CARTESIAN_POINT ( 'NONE',  ( -42.50000000000000711, 33.50000000000000000, 27.99999999999998579 ) ) ;
#1838 = EDGE_CURVE ( 'NONE', #1644, #2154, #2172, .T. ) ;
#1839 = DIRECTION ( 'NONE',  ( -0.000000000000000000, -1.000000000000000000, -0.000000000000000000 ) ) ;
#1840 = FACE_OUTER_BOUND ( 'NONE', #2034, .T. ) ;
#1841 = ORIENTED_EDGE ( 'NONE', *, *, #1457, .F. ) ;
#1842 = DIRECTION ( 'NONE',  ( 0.000000000000000000, 0.000000000000000000, 1.000000000000000000 ) ) ;
#1843 = ORIENTED_EDGE ( 'NONE', *, *, #2218, .T. ) ;
#1844 = ORIENTED_EDGE ( 'NONE', *, *, #227, .F. ) ;
#1845 = DIRECTION ( 'NONE',  ( -0.000000000000000000, -0.000000000000000000, 1.000000000000000000 ) ) ;
#1846 = AXIS2_PLACEMENT_3D ( 'NONE', #677, #1012, #1750 ) ;
#1847 = CIRCLE ( 'NONE', #2043, 1.600000000000001643 ) ;
#1848 = AXIS2_PLACEMENT_3D ( 'NONE', #60, #1376, #1365 ) ;
#1849 = EDGE_CURVE ( 'NONE', #2370, #1324, #2315, .T. ) ;
#1850 = CARTESIAN_POINT ( 'NONE',  ( 32.50000000000000000, 8.500000000000003553, 14.49999999999999289 ) ) ;
#1851 = ORIENTED_EDGE ( 'NONE', *, *, #621, .T. ) ;
#1852 = LINE ( 'NONE', #1668, #618 ) ;
#1853 = AXIS2_PLACEMENT_3D ( 'NONE', #2176, #1401, #1248 ) ;
#1854 = DIRECTION ( 'NONE',  ( -0.000000000000000000, 1.000000000000000000, -0.000000000000000000 ) ) ;
#1855 = AXIS2_PLACEMENT_3D ( 'NONE', #1860, #1326, #1487 ) ;
#1856 = DIRECTION ( 'NONE',  ( 0.000000000000000000, 0.000000000000000000, 1.000000000000000000 ) ) ;
#1857 = EDGE_CURVE ( 'NONE', #1520, #68, #1628, .T. ) ;
#1858 = ORIENTED_EDGE ( 'NONE', *, *, #2024, .F. ) ;
#1859 = EDGE_LOOP ( 'NONE', ( #792, #2357 ) ) ;
#1860 = CARTESIAN_POINT ( 'NONE',  ( 22.14999999995703206, 21.59999999999735820, 27.99999999999998934 ) ) ;
#1861 = ORIENTED_EDGE ( 'NONE', *, *, #38, .T. ) ;
#1862 = ORIENTED_EDGE ( 'NONE', *, *, #1562, .T. ) ;
#1863 = CARTESIAN_POINT ( 'NONE',  ( -32.96838372995788546, 26.50000000000000000, -18.09999999999843467 ) ) ;
#1864 = DIRECTION ( 'NONE',  ( -1.471975796331614096E-16, -0.000000000000000000, -1.000000000000000000 ) ) ;
#1865 = CARTESIAN_POINT ( 'NONE',  ( 0.000000000000000000, 33.50000000000000000, 0.000000000000000000 ) ) ;
#1866 = CARTESIAN_POINT ( 'NONE',  ( -27.34999999999995879, 11.59999999999735643, 27.99999999999998934 ) ) ;
#1867 = ORIENTED_EDGE ( 'NONE', *, *, #1982, .F. ) ;
#1868 = CARTESIAN_POINT ( 'NONE',  ( 0.000000000000000000, 3.500000000000000000, 0.000000000000000000 ) ) ;
#1869 = EDGE_CURVE ( 'NONE', #1238, #1324, #1423, .T. ) ;
#1870 = VERTEX_POINT ( 'NONE', #1209 ) ;
#1871 = VECTOR ( 'NONE', #1146, 1000.000000000000000 ) ;
#1872 = CARTESIAN_POINT ( 'NONE',  ( -32.96838372995788546, 3.500000000000000000, -34.14000000000000057 ) ) ;
#1873 = DIRECTION ( 'NONE',  ( 1.000000000000000000, -0.000000000000000000, -0.000000000000000000 ) ) ;
#1874 = DIRECTION ( 'NONE',  ( -0.000000000000000000, 1.000000000000000000, -0.000000000000000000 ) ) ;
#1875 = ORIENTED_EDGE ( 'NONE', *, *, #1115, .F. ) ;
#1876 = ORIENTED_EDGE ( 'NONE', *, *, #57, .F. ) ;
#1877 = EDGE_CURVE ( 'NONE', #1595, #724, #1244, .T. ) ;
#1878 = VERTEX_POINT ( 'NONE', #875 ) ;
#1879 = CARTESIAN_POINT ( 'NONE',  ( 39.73676745987322079, 3.500000000000000000, -40.14000000000000767 ) ) ;
#1880 = ORIENTED_EDGE ( 'NONE', *, *, #216, .T. ) ;
#1881 = AXIS2_PLACEMENT_3D ( 'NONE', #794, #781, #1513 ) ;
#1882 = CIRCLE ( 'NONE', #849, 1.599999999999997202 ) ;
#1883 = AXIS2_PLACEMENT_3D ( 'NONE', #426, #989, #1395 ) ;
#1884 = PLANE ( 'NONE',  #259 ) ;
#1885 = DIRECTION ( 'NONE',  ( 0.000000000000000000, 0.000000000000000000, 1.000000000000000000 ) ) ;
#1886 = AXIS2_PLACEMENT_3D ( 'NONE', #1537, #1163, #1901 ) ;
#1887 = EDGE_LOOP ( 'NONE', ( #1451, #1198, #2085, #908 ) ) ;
#1888 = CARTESIAN_POINT ( 'NONE',  ( 15.50000000000001421, 3.500000000000000000, -56.60000000000000142 ) ) ;
#1889 = DIRECTION ( 'NONE',  ( 1.000000000000000000, 0.000000000000000000, 0.000000000000000000 ) ) ;
#1890 = EDGE_CURVE ( 'NONE', #2330, #398, #1441, .T. ) ;
#1891 = VERTEX_POINT ( 'NONE', #669 ) ;
#1892 = CARTESIAN_POINT ( 'NONE',  ( 15.50000000000001421, -116.4999999999999858, -53.40000000000001279 ) ) ;
#1893 = VERTEX_POINT ( 'NONE', #322 ) ;
#1894 = LINE ( 'NONE', #1527, #2042 ) ;
#1895 = ADVANCED_FACE ( 'NONE', ( #310 ), #2134, .F. ) ;
#1896 = FACE_BOUND ( 'NONE', #1916, .T. ) ;
#1897 = ORIENTED_EDGE ( 'NONE', *, *, #34, .F. ) ;
#1898 = LINE ( 'NONE', #994, #1952 ) ;
#1899 = VERTEX_POINT ( 'NONE', #1221 ) ;
#1900 = ORIENTED_EDGE ( 'NONE', *, *, #2125, .F. ) ;
#1901 = DIRECTION ( 'NONE',  ( 0.000000000000000000, 0.000000000000000000, -1.000000000000000000 ) ) ;
#1902 = VERTEX_POINT ( 'NONE', #1616 ) ;
#1903 = CARTESIAN_POINT ( 'NONE',  ( -7.500000000000003553, 0.000000000000000000, -7.500000000000000000 ) ) ;
#1904 = EDGE_CURVE ( 'NONE', #1983, #1996, #402, .T. ) ;
#1905 = VERTEX_POINT ( 'NONE', #864 ) ;
#1906 = FACE_OUTER_BOUND ( 'NONE', #1753, .T. ) ;
#1907 = AXIS2_PLACEMENT_3D ( 'NONE', #1980, #1969, #1784 ) ;
#1908 = FACE_OUTER_BOUND ( 'NONE', #2283, .T. ) ;
#1909 = EDGE_CURVE ( 'NONE', #215, #1359, #2099, .T. ) ;
#1910 = CYLINDRICAL_SURFACE ( 'NONE', #609, 2.200000000001020695 ) ;
#1911 = VERTEX_POINT ( 'NONE', #658 ) ;
#1912 = CARTESIAN_POINT ( 'NONE',  ( 7.499999999999996447, 3.500000000000000000, 9.100000000000004974 ) ) ;
#1913 = DIRECTION ( 'NONE',  ( 1.000000000000000000, 0.000000000000000000, 0.000000000000000000 ) ) ;
#1914 = CIRCLE ( 'NONE', #330, 2.200000000000718714 ) ;
#1915 = VECTOR ( 'NONE', #184, 1000.000000000000000 ) ;
#1916 = EDGE_LOOP ( 'NONE', ( #76, #558 ) ) ;
#1917 = PLANE ( 'NONE',  #1819 ) ;
#1918 = CARTESIAN_POINT ( 'NONE',  ( -30.50000000000001421, -116.4999999999999858, 53.40000000000000568 ) ) ;
#1919 = EDGE_CURVE ( 'NONE', #837, #1176, #2215, .T. ) ;
#1920 = AXIS2_PLACEMENT_3D ( 'NONE', #1968, #678, #1410 ) ;
#1921 = CARTESIAN_POINT ( 'NONE',  ( 6.149999999999737454, 16.59999999999728360, -34.14000000000000057 ) ) ;
#1922 = CARTESIAN_POINT ( 'NONE',  ( -15.50000000000001421, -116.4999999999999858, -55.00000000000000711 ) ) ;
#1923 = VECTOR ( 'NONE', #1740, 1000.000000000000000 ) ;
#1924 = VECTOR ( 'NONE', #2331, 1000.000000000000000 ) ;
#1925 = EDGE_LOOP ( 'NONE', ( #2211, #1762, #1383, #404 ) ) ;
#1926 = ORIENTED_EDGE ( 'NONE', *, *, #2081, .F. ) ;
#1927 = DIRECTION ( 'NONE',  ( 0.000000000000000000, 1.000000000000000000, 0.000000000000000000 ) ) ;
#1928 = VECTOR ( 'NONE', #606, 1000.000000000000000 ) ;
#1929 = EDGE_CURVE ( 'NONE', #212, #897, #2325, .T. ) ;
#1930 = ORIENTED_EDGE ( 'NONE', *, *, #902, .F. ) ;
#1931 = LINE ( 'NONE', #1723, #2380 ) ;
#1932 = VECTOR ( 'NONE', #2202, 1000.000000000000000 ) ;
#1933 = CARTESIAN_POINT ( 'NONE',  ( -42.50000000000000711, 3.500000000000000000, -49.99999999999999289 ) ) ;
#1934 = CARTESIAN_POINT ( 'NONE',  ( 15.50000000000001421, 0.000000000000000000, 55.00000000000000711 ) ) ;
#1935 = DIRECTION ( 'NONE',  ( 1.000000000000000000, 0.000000000000000000, 0.000000000000000000 ) ) ;
#1936 = EDGE_LOOP ( 'NONE', ( #2241, #1607 ) ) ;
#1937 = DIRECTION ( 'NONE',  ( -0.000000000000000000, -1.000000000000000000, 0.000000000000000000 ) ) ;
#1938 = DIRECTION ( 'NONE',  ( 0.000000000000000000, 0.000000000000000000, 1.000000000000000000 ) ) ;
#1939 = ORIENTED_EDGE ( 'NONE', *, *, #814, .F. ) ;
#1940 = PLANE ( 'NONE',  #964 ) ;
#1941 = ADVANCED_FACE ( 'NONE', ( #2337 ), #106, .F. ) ;
#1942 = AXIS2_PLACEMENT_3D ( 'NONE', #898, #2368, #2155 ) ;
#1943 = CARTESIAN_POINT ( 'NONE',  ( 7.499999999999996447, 0.000000000000000000, 7.500000000000003553 ) ) ;
#1944 = CARTESIAN_POINT ( 'NONE',  ( 46.24999999999994316, 0.000000000000000000, 46.25000000000007105 ) ) ;
#1945 = DIRECTION ( 'NONE',  ( -0.000000000000000000, -1.000000000000000000, -0.000000000000000000 ) ) ;
#1946 = ORIENTED_EDGE ( 'NONE', *, *, #684, .T. ) ;
#1947 = FACE_OUTER_BOUND ( 'NONE', #2003, .T. ) ;
#1948 = FACE_OUTER_BOUND ( 'NONE', #1335, .T. ) ;
#1949 = EDGE_CURVE ( 'NONE', #1905, #2162, #1234, .T. ) ;
#1950 = EDGE_LOOP ( 'NONE', ( #1164, #1355, #1240, #1472 ) ) ;
#1951 = CARTESIAN_POINT ( 'NONE',  ( -29.93676745991574606, 3.500000000000000000, 27.99999999999998934 ) ) ;
#1952 = VECTOR ( 'NONE', #975, 1000.000000000000000 ) ;
#1953 = DIRECTION ( 'NONE',  ( 0.000000000000000000, 0.000000000000000000, 1.000000000000000000 ) ) ;
#1954 = VECTOR ( 'NONE', #2263, 1000.000000000000000 ) ;
#1955 = CARTESIAN_POINT ( 'NONE',  ( 39.73676745987322079, 33.50000000000000000, 27.99999999999998934 ) ) ;
#1956 = CARTESIAN_POINT ( 'NONE',  ( 42.49999999999999289, 3.500000000000000000, -49.99999999999997158 ) ) ;
#1957 = ORIENTED_EDGE ( 'NONE', *, *, #881, .T. ) ;
#1958 = DIRECTION ( 'NONE',  ( -0.000000000000000000, 1.000000000000000000, -0.000000000000000000 ) ) ;
#1959 = DIRECTION ( 'NONE',  ( 0.000000000000000000, 0.000000000000000000, 1.000000000000000000 ) ) ;
#1960 = COLOUR_RGB ( '',0.7921568627450980005, 0.8196078431372548767, 0.9333333333333333481 ) ;
#1961 = AXIS2_PLACEMENT_3D ( 'NONE', #242, #409, #63 ) ;
#1962 = EDGE_LOOP ( 'NONE', ( #2069, #1245, #2078, #728 ) ) ;
#1963 = DIRECTION ( 'NONE',  ( -0.000000000000000000, 1.000000000000000000, -0.000000000000000000 ) ) ;
#1964 = ADVANCED_FACE ( 'NONE', ( #2184 ), #950, .F. ) ;
#1965 = VECTOR ( 'NONE', #998, 1000.000000000000000 ) ;
#1966 = ORIENTED_EDGE ( 'NONE', *, *, #1949, .F. ) ;
#1967 = PLANE ( 'NONE',  #1649 ) ;
#1968 = CARTESIAN_POINT ( 'NONE',  ( 30.50000000000001421, 0.000000000000000000, 55.00000000000000711 ) ) ;
#1969 = DIRECTION ( 'NONE',  ( 0.000000000000000000, 0.000000000000000000, -1.000000000000000000 ) ) ;
#1970 = EDGE_CURVE ( 'NONE', #2169, #1644, #14, .T. ) ;
#1971 = VERTEX_POINT ( 'NONE', #1099 ) ;
#1972 = LINE ( 'NONE', #162, #560 ) ;
#1973 = CARTESIAN_POINT ( 'NONE',  ( 32.49999999999999289, 3.500000000000000000, -34.14000000000000057 ) ) ;
#1974 = ORIENTED_EDGE ( 'NONE', *, *, #216, .F. ) ;
#1975 = CARTESIAN_POINT ( 'NONE',  ( -42.50000000000000711, 3.500000000000003109, 27.99999999999998934 ) ) ;
#1976 = ORIENTED_EDGE ( 'NONE', *, *, #1322, .T. ) ;
#1977 = CARTESIAN_POINT ( 'NONE',  ( 42.49999999999999289, 0.000000000000000000, 59.99999999999999289 ) ) ;
#1978 = EDGE_CURVE ( 'NONE', #1394, #1390, #347, .T. ) ;
#1979 = DIRECTION ( 'NONE',  ( -0.7071067811865485719, -0.000000000000000000, 0.7071067811865465735 ) ) ;
#1980 = CARTESIAN_POINT ( 'NONE',  ( -16.90000000000000213, 28.50000000000000000, -34.14000000000000057 ) ) ;
#1981 = AXIS2_PLACEMENT_3D ( 'NONE', #1787, #1425, #509 ) ;
#1982 = EDGE_CURVE ( 'NONE', #608, #2025, #21, .T. ) ;
#1983 = VERTEX_POINT ( 'NONE', #1295 ) ;
#1984 = CARTESIAN_POINT ( 'NONE',  ( 22.14999999995703206, 21.59999999999735820, -87.00000000000000000 ) ) ;
#1985 = DIRECTION ( 'NONE',  ( 0.000000000000000000, -0.000000000000000000, 1.000000000000000000 ) ) ;
#1986 = AXIS2_PLACEMENT_3D ( 'NONE', #939, #1654, #1681 ) ;
#1987 = ORIENTED_EDGE ( 'NONE', *, *, #295, .F. ) ;
#1988 = FACE_OUTER_BOUND ( 'NONE', #768, .T. ) ;
#1989 = ORIENTED_EDGE ( 'NONE', *, *, #119, .F. ) ;
#1990 = ORIENTED_EDGE ( 'NONE', *, *, #253, .T. ) ;
#1991 = CARTESIAN_POINT ( 'NONE',  ( -7.500000000000003553, 0.000000000000000000, 9.100000000000001421 ) ) ;
#1992 = AXIS2_PLACEMENT_3D ( 'NONE', #549, #2224, #1460 ) ;
#1993 = DIRECTION ( 'NONE',  ( 0.000000000000000000, 0.000000000000000000, 1.000000000000000000 ) ) ;
#1994 = DIRECTION ( 'NONE',  ( 0.000000000000000000, -1.000000000000000000, 0.000000000000000000 ) ) ;
#1995 = EDGE_CURVE ( 'NONE', #1905, #2040, #590, .T. ) ;
#1996 = VERTEX_POINT ( 'NONE', #1640 ) ;
#1997 = DIRECTION ( 'NONE',  ( 1.000000000000000000, -0.000000000000000000, -5.501149319406371506E-16 ) ) ;
#1998 = DIRECTION ( 'NONE',  ( -1.000000000000000000, -0.000000000000000000, -0.000000000000000000 ) ) ;
#1999 = ORIENTED_EDGE ( 'NONE', *, *, #1540, .T. ) ;
#2000 = FACE_OUTER_BOUND ( 'NONE', #1361, .T. ) ;
#2001 = VECTOR ( 'NONE', #1002, 1000.000000000000000 ) ;
#2002 = EDGE_CURVE ( 'NONE', #165, #1560, #171, .T. ) ;
#2003 = EDGE_LOOP ( 'NONE', ( #1486, #2243, #1440, #1095, #1489, #1133, #1447, #2239, #2216, #2213 ) ) ;
#2004 = EDGE_LOOP ( 'NONE', ( #324, #471, #7, #1777 ) ) ;
#2005 = CARTESIAN_POINT ( 'NONE',  ( 7.499999999999996447, 3.500000000000003109, -5.900000000000001243 ) ) ;
#2006 = AXIS2_PLACEMENT_3D ( 'NONE', #1674, #752, #20 ) ;
#2007 = DIRECTION ( 'NONE',  ( 1.000000000000000000, 0.000000000000000000, 0.000000000000000000 ) ) ;
#2008 = CARTESIAN_POINT ( 'NONE',  ( 32.50000000000000000, 26.50000000000000000, -18.09999999999843823 ) ) ;
#2009 = CYLINDRICAL_SURFACE ( 'NONE', #570, 1.600000000000004086 ) ;
#2010 = CARTESIAN_POINT ( 'NONE',  ( -23.43676745991574961, 3.500000000000000000, 27.99999999999998934 ) ) ;
#2011 = ORIENTED_EDGE ( 'NONE', *, *, #973, .F. ) ;
#2012 = CARTESIAN_POINT ( 'NONE',  ( 30.50000000000001421, -116.4999999999999858, 53.40000000000000568 ) ) ;
#2013 = VERTEX_POINT ( 'NONE', #1482 ) ;
#2014 = EDGE_CURVE ( 'NONE', #1996, #1983, #323, .T. ) ;
#2015 = EDGE_LOOP ( 'NONE', ( #521, #1697, #180, #1313 ) ) ;
#2016 =( LENGTH_UNIT ( ) NAMED_UNIT ( * ) SI_UNIT ( .MILLI., .METRE. ) );
#2017 = DIRECTION ( 'NONE',  ( 0.000000000000000000, 1.000000000000000000, -0.000000000000000000 ) ) ;
#2018 = LINE ( 'NONE', #1283, #1559 ) ;
#2019 = LINE ( 'NONE', #1669, #1915 ) ;
#2020 = DIRECTION ( 'NONE',  ( 1.000000000000000000, 0.000000000000000000, 0.000000000000000000 ) ) ;
#2021 = VERTEX_POINT ( 'NONE', #1087 ) ;
#2022 = ORIENTED_EDGE ( 'NONE', *, *, #1919, .T. ) ;
#2023 = DIRECTION ( 'NONE',  ( 0.000000000000000000, 1.000000000000000000, -0.000000000000000000 ) ) ;
#2024 = EDGE_CURVE ( 'NONE', #718, #2025, #1111, .T. ) ;
#2025 = VERTEX_POINT ( 'NONE', #960 ) ;
#2026 = ORIENTED_EDGE ( 'NONE', *, *, #659, .F. ) ;
#2027 = CARTESIAN_POINT ( 'NONE',  ( -15.50000000000001421, 3.500000000000000000, 56.60000000000000142 ) ) ;
#2028 = LINE ( 'NONE', #1281, #1688 ) ;
#2029 = DIRECTION ( 'NONE',  ( 0.7071067811865434649, -0.000000000000000000, 0.7071067811865515695 ) ) ;
#2030 = AXIS2_PLACEMENT_3D ( 'NONE', #1866, #2246, #2237 ) ;
#2031 = CIRCLE ( 'NONE', #1796, 1.600000000000004086 ) ;
#2032 = DIRECTION ( 'NONE',  ( 0.000000000000000000, 0.000000000000000000, -1.000000000000000000 ) ) ;
#2033 = CARTESIAN_POINT ( 'NONE',  ( 30.50000000000001421, -116.4999999999999858, -55.00000000000000711 ) ) ;
#2034 = EDGE_LOOP ( 'NONE', ( #1502, #234, #1603, #1541 ) ) ;
#2035 = EDGE_LOOP ( 'NONE', ( #1403, #769 ) ) ;
#2036 = ORIENTED_EDGE ( 'NONE', *, *, #1802, .F. ) ;
#2037 = CARTESIAN_POINT ( 'NONE',  ( -32.96838372995788546, 3.500000000000000000, -0.09999999999844161325 ) ) ;
#2038 = ORIENTED_EDGE ( 'NONE', *, *, #1421, .F. ) ;
#2039 = ADVANCED_FACE ( 'NONE', ( #2361 ), #1456, .F. ) ;
#2040 = VERTEX_POINT ( 'NONE', #547 ) ;
#2041 = LINE ( 'NONE', #1863, #2341 ) ;
#2042 = VECTOR ( 'NONE', #441, 1000.000000000000000 ) ;
#2043 = AXIS2_PLACEMENT_3D ( 'NONE', #1732, #1380, #1172 ) ;
#2044 = CARTESIAN_POINT ( 'NONE',  ( 32.50000000000000000, 3.500000000000000000, -18.09999999999843823 ) ) ;
#2045 = DIRECTION ( 'NONE',  ( 0.000000000000000000, 0.000000000000000000, -1.000000000000000000 ) ) ;
#2046 = CARTESIAN_POINT ( 'NONE',  ( -22.96838372995777533, 28.50000000000000000, -34.14000000000000057 ) ) ;
#2047 = EDGE_CURVE ( 'NONE', #1026, #2352, #2018, .T. ) ;
#2048 = DIRECTION ( 'NONE',  ( -0.000000000000000000, 1.000000000000000000, -0.000000000000000000 ) ) ;
#2049 = EDGE_LOOP ( 'NONE', ( #2130, #1556, #763, #1303 ) ) ;
#2050 = CARTESIAN_POINT ( 'NONE',  ( 15.50000000000001421, 0.000000000000000000, -56.60000000000000142 ) ) ;
#2051 = VERTEX_POINT ( 'NONE', #2052 ) ;
#2052 = CARTESIAN_POINT ( 'NONE',  ( 15.50000000000001421, 0.000000000000000000, -53.40000000000001279 ) ) ;
#2053 = EDGE_CURVE ( 'NONE', #538, #1026, #1124, .T. ) ;
#2054 = CARTESIAN_POINT ( 'NONE',  ( -32.96838372995787836, 5.500000000000001776, 12.99999999999999112 ) ) ;
#2055 = CYLINDRICAL_SURFACE ( 'NONE', #2221, 1.600000000000004086 ) ;
#2056 = ORIENTED_EDGE ( 'NONE', *, *, #277, .F. ) ;
#2057 = EDGE_LOOP ( 'NONE', ( #1015, #2038 ) ) ;
#2058 = DIRECTION ( 'NONE',  ( 0.000000000000000000, 0.000000000000000000, 1.000000000000000000 ) ) ;
#2059 = EDGE_LOOP ( 'NONE', ( #1132, #1867 ) ) ;
#2060 = VECTOR ( 'NONE', #1864, 1000.000000000000000 ) ;
#2061 = SURFACE_STYLE_FILL_AREA ( #1330 ) ;
#2062 = CARTESIAN_POINT ( 'NONE',  ( 30.50000000000001421, 0.000000000000000000, -55.00000000000000711 ) ) ;
#2063 = DIRECTION ( 'NONE',  ( -0.000000000000000000, -0.000000000000000000, 1.000000000000000000 ) ) ;
#2064 = EDGE_CURVE ( 'NONE', #2162, #1591, #772, .T. ) ;
#2065 = ORIENTED_EDGE ( 'NONE', *, *, #749, .F. ) ;
#2066 = FACE_OUTER_BOUND ( 'NONE', #474, .T. ) ;
#2067 = ORIENTED_EDGE ( 'NONE', *, *, #1982, .T. ) ;
#2068 = LINE ( 'NONE', #968, #303 ) ;
#2069 = ORIENTED_EDGE ( 'NONE', *, *, #1540, .F. ) ;
#2070 = ADVANCED_FACE ( 'NONE', ( #358 ), #1444, .T. ) ;
#2071 = ORIENTED_EDGE ( 'NONE', *, *, #552, .T. ) ;
#2072 = FACE_OUTER_BOUND ( 'NONE', #1203, .T. ) ;
#2073 = PRESENTATION_LAYER_ASSIGNMENT (  '', '', ( #1343 ) ) ;
#2074 = CIRCLE ( 'NONE', #1033, 1.600000000000001643 ) ;
#2075 = PLANE ( 'NONE',  #1269 ) ;
#2076 = PLANE ( 'NONE',  #873 ) ;
#2077 = AXIS2_PLACEMENT_3D ( 'NONE', #223, #392, #790 ) ;
#2078 = ORIENTED_EDGE ( 'NONE', *, *, #1031, .T. ) ;
#2079 = FACE_OUTER_BOUND ( 'NONE', #2015, .T. ) ;
#2080 = DIRECTION ( 'NONE',  ( 1.000000000000000000, 0.000000000000000000, 0.000000000000000000 ) ) ;
#2081 = EDGE_CURVE ( 'NONE', #257, #377, #3, .T. ) ;
#2082 = EDGE_LOOP ( 'NONE', ( #806, #1545 ) ) ;
#2083 = DIRECTION ( 'NONE',  ( -1.000000000000000000, -0.000000000000000000, -0.000000000000000000 ) ) ;
#2084 = EDGE_CURVE ( 'NONE', #1262, #1130, #1468, .T. ) ;
#2085 = ORIENTED_EDGE ( 'NONE', *, *, #782, .T. ) ;
#2086 = CARTESIAN_POINT ( 'NONE',  ( 24.73676745987322434, 3.500000000000000000, 14.49999999999999112 ) ) ;
#2087 = CARTESIAN_POINT ( 'NONE',  ( 0.000000000000000000, 0.000000000000000000, 0.000000000000000000 ) ) ;
#2088 = LINE ( 'NONE', #2101, #140 ) ;
#2089 = ORIENTED_EDGE ( 'NONE', *, *, #1363, .T. ) ;
#2090 = PLANE ( 'NONE',  #694 ) ;
#2091 = FACE_OUTER_BOUND ( 'NONE', #1156, .T. ) ;
#2092 = ORIENTED_EDGE ( 'NONE', *, *, #101, .T. ) ;
#2093 = ORIENTED_EDGE ( 'NONE', *, *, #339, .T. ) ;
#2094 = DIRECTION ( 'NONE',  ( -0.000000000000000000, -0.000000000000000000, 1.000000000000000000 ) ) ;
#2095 = EDGE_CURVE ( 'NONE', #2201, #287, #207, .T. ) ;
#2096 = VECTOR ( 'NONE', #1027, 1000.000000000000000 ) ;
#2097 = ORIENTED_EDGE ( 'NONE', *, *, #2291, .F. ) ;
#2098 = PLANE ( 'NONE',  #1610 ) ;
#2099 = CIRCLE ( 'NONE', #916, 2.200000000000718714 ) ;
#2100 = CYLINDRICAL_SURFACE ( 'NONE', #1534, 1.600000000000001643 ) ;
#2101 = CARTESIAN_POINT ( 'NONE',  ( -42.50000000000000711, 0.000000000000000000, 59.99999999999999289 ) ) ;
#2102 = EDGE_CURVE ( 'NONE', #231, #775, #1852, .T. ) ;
#2103 = ORIENTED_EDGE ( 'NONE', *, *, #2125, .T. ) ;
#2104 = DIRECTION ( 'NONE',  ( 1.000000000000000000, 0.000000000000000000, 0.000000000000000000 ) ) ;
#2105 = PLANE ( 'NONE',  #2309 ) ;
#2106 = VECTOR ( 'NONE', #1354, 1000.000000000000000 ) ;
#2107 = VECTOR ( 'NONE', #1839, 1000.000000000000000 ) ;
#2108 = ORIENTED_EDGE ( 'NONE', *, *, #1904, .F. ) ;
#2109 = CARTESIAN_POINT ( 'NONE',  ( 32.49999999999999289, 28.49999999999999645, -34.14000000000000057 ) ) ;
#2110 = VERTEX_POINT ( 'NONE', #1933 ) ;
#2111 = CARTESIAN_POINT ( 'NONE',  ( -32.96838372995788546, 28.49999999999999645, -24.14000000000000767 ) ) ;
#2112 = CARTESIAN_POINT ( 'NONE',  ( 7.499999999999996447, -126.4999999999999716, -7.500000000000003553 ) ) ;
#2113 = CARTESIAN_POINT ( 'NONE',  ( 32.50000000000000000, 8.500000000000007105, 2.499999999999995115 ) ) ;
#2114 = AXIS2_PLACEMENT_3D ( 'NONE', #238, #69, #248 ) ;
#2115 = ADVANCED_FACE ( 'NONE', ( #1906 ), #599, .F. ) ;
#2116 = ORIENTED_EDGE ( 'NONE', *, *, #714, .T. ) ;
#2117 = CARTESIAN_POINT ( 'NONE',  ( -32.96838372995788546, 3.500000000000000000, -0.09999999999844161325 ) ) ;
#2118 = FACE_OUTER_BOUND ( 'NONE', #1185, .T. ) ;
#2119 = VECTOR ( 'NONE', #2318, 1000.000000000000000 ) ;
#2120 = VERTEX_POINT ( 'NONE', #272 ) ;
#2121 = LINE ( 'NONE', #466, #45 ) ;
#2122 = CARTESIAN_POINT ( 'NONE',  ( -15.50000000000001421, -116.4999999999999858, -56.60000000000000142 ) ) ;
#2123 = DIRECTION ( 'NONE',  ( -5.501149319406372492E-16, 0.000000000000000000, -1.000000000000000000 ) ) ;
#2124 = CARTESIAN_POINT ( 'NONE',  ( -32.96838372995787836, 28.50000000000000000, 5.674371403960129361E-16 ) ) ;
#2125 = EDGE_CURVE ( 'NONE', #2051, #1214, #1147, .T. ) ;
#2126 = CIRCLE ( 'NONE', #666, 1.600000000000004086 ) ;
#2127 = ORIENTED_EDGE ( 'NONE', *, *, #1904, .T. ) ;
#2128 = DIRECTION ( 'NONE',  ( 0.7071067811865485719, -0.000000000000000000, -0.7071067811865465735 ) ) ;
#2129 = CARTESIAN_POINT ( 'NONE',  ( -42.50000000000000711, 33.50000000000000000, 12.99999999999999112 ) ) ;
#2130 = ORIENTED_EDGE ( 'NONE', *, *, #648, .F. ) ;
#2131 = DIRECTION ( 'NONE',  ( -0.000000000000000000, 1.000000000000000000, -0.000000000000000000 ) ) ;
#2132 = FACE_BOUND ( 'NONE', #604, .T. ) ;
#2133 = DIRECTION ( 'NONE',  ( 1.000000000000000000, 0.000000000000000000, 0.000000000000000000 ) ) ;
#2134 = CYLINDRICAL_SURFACE ( 'NONE', #1293, 1.599999999999997202 ) ;
#2135 = ORIENTED_EDGE ( 'NONE', *, *, #722, .F. ) ;
#2136 = LINE ( 'NONE', #672, #1055 ) ;
#2137 = EDGE_CURVE ( 'NONE', #2144, #332, #610, .T. ) ;
#2138 = CYLINDRICAL_SURFACE ( 'NONE', #2232, 1.599999999999997202 ) ;
#2139 = MANIFOLD_SOLID_BREP ( '\X2\51f853f0\X0\-\X2\62c94f38\X0\9', #379 ) ;
#2140 = VERTEX_POINT ( 'NONE', #1542 ) ;
#2141 = DIRECTION ( 'NONE',  ( -0.000000000000000000, 1.000000000000000000, -0.000000000000000000 ) ) ;
#2142 = AXIS2_PLACEMENT_3D ( 'NONE', #1321, #737, #1127 ) ;
#2143 = VECTOR ( 'NONE', #1495, 1000.000000000000000 ) ;
#2144 = VERTEX_POINT ( 'NONE', #1503 ) ;
#2145 = EDGE_CURVE ( 'NONE', #1736, #1359, #1515, .T. ) ;
#2146 = DIRECTION ( 'NONE',  ( 1.000000000000000000, 0.000000000000000000, 0.000000000000000000 ) ) ;
#2147 = LINE ( 'NONE', #129, #220 ) ;
#2148 = DIRECTION ( 'NONE',  ( 0.000000000000000000, 0.000000000000000000, 1.000000000000000000 ) ) ;
#2149 = EDGE_LOOP ( 'NONE', ( #808, #1328 ) ) ;
#2150 = FACE_OUTER_BOUND ( 'NONE', #744, .T. ) ;
#2151 = CARTESIAN_POINT ( 'NONE',  ( 7.799999999999737810, 16.59999999999728360, -59.14000000000000767 ) ) ;
#2152 = VECTOR ( 'NONE', #1084, 1000.000000000000000 ) ;
#2153 = CIRCLE ( 'NONE', #1650, 1.650000000000000355 ) ;
#2154 = VERTEX_POINT ( 'NONE', #1167 ) ;
#2155 = DIRECTION ( 'NONE',  ( 0.000000000000000000, 0.000000000000000000, -1.000000000000000000 ) ) ;
#2156 = ADVANCED_FACE ( 'NONE', ( #2280 ), #2244, .F. ) ;
#2157 = VERTEX_POINT ( 'NONE', #83 ) ;
#2158 = FACE_OUTER_BOUND ( 'NONE', #2049, .T. ) ;
#2159 = EDGE_CURVE ( 'NONE', #1870, #2201, #1362, .T. ) ;
#2160 = CARTESIAN_POINT ( 'NONE',  ( 30.50000000000001421, 3.500000000000000000, 53.40000000000000568 ) ) ;
#2161 = DIRECTION ( 'NONE',  ( 1.000000000000000000, -0.000000000000000000, -5.501149319406371506E-16 ) ) ;
#2162 = VERTEX_POINT ( 'NONE', #1340 ) ;
#2163 = CARTESIAN_POINT ( 'NONE',  ( -22.96838372995777533, 3.499999999999999556, -34.14000000000000057 ) ) ;
#2164 = DIRECTION ( 'NONE',  ( 0.000000000000000000, -1.000000000000000000, 0.000000000000000000 ) ) ;
#2165 = ORIENTED_EDGE ( 'NONE', *, *, #1970, .T. ) ;
#2166 = DIRECTION ( 'NONE',  ( 0.000000000000000000, 1.000000000000000000, 0.000000000000000000 ) ) ;
#2167 = EDGE_LOOP ( 'NONE', ( #1477, #343, #1437, #1631 ) ) ;
#2168 = ADVANCED_FACE ( 'NONE', ( #2072 ), #2098, .F. ) ;
#2169 = VERTEX_POINT ( 'NONE', #1157 ) ;
#2170 = FACE_BOUND ( 'NONE', #1936, .T. ) ;
#2171 = FACE_BOUND ( 'NONE', #2273, .T. ) ;
#2172 = LINE ( 'NONE', #1411, #283 ) ;
#2173 = ORIENTED_EDGE ( 'NONE', *, *, #701, .T. ) ;
#2174 = CARTESIAN_POINT ( 'NONE',  ( 32.50000000000000000, 26.50000000000000000, -18.09999999999843823 ) ) ;
#2175 = EDGE_CURVE ( 'NONE', #1418, #1905, #1894, .T. ) ;
#2176 = CARTESIAN_POINT ( 'NONE',  ( 7.499999999999996447, 0.000000000000000000, 7.500000000000003553 ) ) ;
#2177 = VECTOR ( 'NONE', #758, 1000.000000000000000 ) ;
#2178 = EDGE_LOOP ( 'NONE', ( #290, #317, #1966, #1171 ) ) ;
#2179 = CARTESIAN_POINT ( 'NONE',  ( -15.50000000000001421, 3.500000000000000000, 55.00000000000000711 ) ) ;
#2180 = VERTEX_POINT ( 'NONE', #623 ) ;
#2181 = FACE_OUTER_BOUND ( 'NONE', #382, .T. ) ;
#2182 = CARTESIAN_POINT ( 'NONE',  ( -32.96838372995788546, 26.50000000000000000, -0.09999999999844161325 ) ) ;
#2183 = ORIENTED_EDGE ( 'NONE', *, *, #236, .T. ) ;
#2184 = FACE_OUTER_BOUND ( 'NONE', #707, .T. ) ;
#2185 = DIRECTION ( 'NONE',  ( 0.000000000000000000, 0.000000000000000000, -1.000000000000000000 ) ) ;
#2186 = LINE ( 'NONE', #136, #820 ) ;
#2187 = EDGE_CURVE ( 'NONE', #1235, #724, #1352, .T. ) ;
#2188 = ORIENTED_EDGE ( 'NONE', *, *, #2175, .F. ) ;
#2189 = ORIENTED_EDGE ( 'NONE', *, *, #902, .T. ) ;
#2190 = DIRECTION ( 'NONE',  ( -0.000000000000000000, 1.000000000000000000, -0.000000000000000000 ) ) ;
#2191 = AXIS2_PLACEMENT_3D ( 'NONE', #1648, #383, #528 ) ;
#2192 = CIRCLE ( 'NONE', #932, 2.200000000001020695 ) ;
#2193 = ORIENTED_EDGE ( 'NONE', *, *, #179, .T. ) ;
#2194 = CARTESIAN_POINT ( 'NONE',  ( -29.93676745991574606, 33.50000000000000000, 27.99999999999998934 ) ) ;
#2195 = VECTOR ( 'NONE', #1998, 1000.000000000000000 ) ;
#2196 = PLANE ( 'NONE',  #1205 ) ;
#2197 = DIRECTION ( 'NONE',  ( 0.000000000000000000, 0.000000000000000000, 1.000000000000000000 ) ) ;
#2198 = PLANE ( 'NONE',  #681 ) ;
#2199 = FACE_OUTER_BOUND ( 'NONE', #1161, .T. ) ;
#2200 = EDGE_CURVE ( 'NONE', #1983, #148, #427, .T. ) ;
#2201 = VERTEX_POINT ( 'NONE', #1613 ) ;
#2202 = DIRECTION ( 'NONE',  ( -1.000000000000000000, -0.000000000000000000, -0.000000000000000000 ) ) ;
#2203 = VERTEX_POINT ( 'NONE', #127 ) ;
#2204 = VERTEX_POINT ( 'NONE', #1991 ) ;
#2205 = FACE_OUTER_BOUND ( 'NONE', #1052, .T. ) ;
#2206 = DIRECTION ( 'NONE',  ( -0.000000000000000000, 1.000000000000000000, -0.000000000000000000 ) ) ;
#2207 = LINE ( 'NONE', #2054, #141 ) ;
#2208 = CARTESIAN_POINT ( 'NONE',  ( 18.42999999999994287, 3.500000000000000000, 27.99999999999999289 ) ) ;
#2209 = VECTOR ( 'NONE', #2128, 1000.000000000000000 ) ;
#2210 = EDGE_CURVE ( 'NONE', #1520, #155, #816, .T. ) ;
#2211 = ORIENTED_EDGE ( 'NONE', *, *, #830, .T. ) ;
#2212 = ORIENTED_EDGE ( 'NONE', *, *, #1890, .F. ) ;
#2213 = ORIENTED_EDGE ( 'NONE', *, *, #2346, .F. ) ;
#2214 = CARTESIAN_POINT ( 'NONE',  ( 32.50000000000000000, 8.500000000000003553, 2.499999999999992006 ) ) ;
#2215 = CIRCLE ( 'NONE', #439, 1.599999999999997202 ) ;
#2216 = ORIENTED_EDGE ( 'NONE', *, *, #2302, .F. ) ;
#2217 = FACE_OUTER_BOUND ( 'NONE', #361, .T. ) ;
#2218 = EDGE_CURVE ( 'NONE', #1290, #2370, #103, .T. ) ;
#2219 = CARTESIAN_POINT ( 'NONE',  ( 39.73676745987322079, 28.49999999999999645, 14.49999999999999467 ) ) ;
#2220 = DIRECTION ( 'NONE',  ( -0.000000000000000000, 1.000000000000000000, -0.000000000000000000 ) ) ;
#2221 = AXIS2_PLACEMENT_3D ( 'NONE', #952, #173, #593 ) ;
#2222 = VECTOR ( 'NONE', #348, 1000.000000000000000 ) ;
#2223 = DIRECTION ( 'NONE',  ( -0.000000000000000000, -1.000000000000000000, 0.000000000000000000 ) ) ;
#2224 = DIRECTION ( 'NONE',  ( -0.000000000000000000, -0.000000000000000000, 1.000000000000000000 ) ) ;
#2225 = ORIENTED_EDGE ( 'NONE', *, *, #19, .T. ) ;
#2226 = DIRECTION ( 'NONE',  ( -0.000000000000000000, 1.000000000000000000, -0.000000000000000000 ) ) ;
#2227 = VECTOR ( 'NONE', #1979, 1000.000000000000000 ) ;
#2228 = ORIENTED_EDGE ( 'NONE', *, *, #1393, .T. ) ;
#2229 = LINE ( 'NONE', #2358, #1310 ) ;
#2230 = ADVANCED_FACE ( 'NONE', ( #872 ), #1967, .F. ) ;
#2231 = AXIS2_PLACEMENT_3D ( 'NONE', #1598, #92, #144 ) ;
#2232 = AXIS2_PLACEMENT_3D ( 'NONE', #163, #1275, #302 ) ;
#2233 = EDGE_LOOP ( 'NONE', ( #1844, #1976, #834, #922 ) ) ;
#2234 = DIRECTION ( 'NONE',  ( -1.000000000000000000, 0.000000000000000000, 3.312139725207179394E-17 ) ) ;
#2235 = EDGE_CURVE ( 'NONE', #1708, #1899, #1531, .T. ) ;
#2236 = DIRECTION ( 'NONE',  ( 0.000000000000000000, -1.000000000000000000, 0.000000000000000000 ) ) ;
#2237 = DIRECTION ( 'NONE',  ( 1.000000000000000000, 0.000000000000000000, 0.000000000000000000 ) ) ;
#2238 = VERTEX_POINT ( 'NONE', #308 ) ;
#2239 = ORIENTED_EDGE ( 'NONE', *, *, #2084, .T. ) ;
#2240 = CARTESIAN_POINT ( 'NONE',  ( 15.50000000000001421, 3.500000000000000000, 56.60000000000000142 ) ) ;
#2241 = ORIENTED_EDGE ( 'NONE', *, *, #1261, .F. ) ;
#2242 = EDGE_CURVE ( 'NONE', #2021, #608, #1386, .T. ) ;
#2243 = ORIENTED_EDGE ( 'NONE', *, *, #320, .T. ) ;
#2244 = PLANE ( 'NONE',  #1112 ) ;
#2245 = DIRECTION ( 'NONE',  ( 0.000000000000000000, 0.000000000000000000, 1.000000000000000000 ) ) ;
#2246 = DIRECTION ( 'NONE',  ( 0.000000000000000000, 0.000000000000000000, 1.000000000000000000 ) ) ;
#2247 = CIRCLE ( 'NONE', #1207, 1.599999999999997202 ) ;
#2248 = ADVANCED_FACE ( 'NONE', ( #2158 ), #1047, .F. ) ;
#2249 = VERTEX_POINT ( 'NONE', #2335 ) ;
#2250 = CARTESIAN_POINT ( 'NONE',  ( -42.50000000000000711, 87.48490993466043619, -40.14000000000000767 ) ) ;
#2251 = CARTESIAN_POINT ( 'NONE',  ( -29.93676745991574606, 3.500000000000000000, 12.99999999999999112 ) ) ;
#2252 = ORIENTED_EDGE ( 'NONE', *, *, #1516, .F. ) ;
#2253 = DIRECTION ( 'NONE',  ( 0.000000000000000000, 1.000000000000000000, 0.000000000000000000 ) ) ;
#2254 = CIRCLE ( 'NONE', #177, 1.650000000000000355 ) ;
#2255 = FACE_OUTER_BOUND ( 'NONE', #1271, .T. ) ;
#2256 = DIRECTION ( 'NONE',  ( -1.000000000000000000, 0.000000000000000000, -0.000000000000000000 ) ) ;
#2257 = ADVANCED_FACE ( 'NONE', ( #690 ), #886, .F. ) ;
#2258 = ORIENTED_EDGE ( 'NONE', *, *, #1749, .F. ) ;
#2259 = DIRECTION ( 'NONE',  ( 0.000000000000000000, 0.000000000000000000, 1.000000000000000000 ) ) ;
#2260 = LINE ( 'NONE', #638, #779 ) ;
#2261 = ADVANCED_FACE ( 'NONE', ( #655, #504, #2132, #851, #1230, #2170, #477, #1254, #665, #1396, #467 ), #516, .F. ) ;
#2262 = ORIENTED_EDGE ( 'NONE', *, *, #1166, .F. ) ;
#2263 = DIRECTION ( 'NONE',  ( -0.000000000000000000, -0.000000000000000000, 1.000000000000000000 ) ) ;
#2264 = VECTOR ( 'NONE', #945, 1000.000000000000000 ) ;
#2265 = ORIENTED_EDGE ( 'NONE', *, *, #1782, .T. ) ;
#2266 = CARTESIAN_POINT ( 'NONE',  ( -42.50000000000000711, 3.500000000000000000, 59.99999999999999289 ) ) ;
#2267 = VECTOR ( 'NONE', #1521, 1000.000000000000000 ) ;
#2268 = VECTOR ( 'NONE', #1388, 1000.000000000000000 ) ;
#2269 = FACE_BOUND ( 'NONE', #2082, .T. ) ;
#2270 = FACE_OUTER_BOUND ( 'NONE', #1514, .T. ) ;
#2271 = AXIS2_PLACEMENT_3D ( 'NONE', #1522, #1348, #846 ) ;
#2272 = VECTOR ( 'NONE', #1501, 1000.000000000000114 ) ;
#2273 = EDGE_LOOP ( 'NONE', ( #954, #366 ) ) ;
#2274 = DIRECTION ( 'NONE',  ( 1.000000000000000000, 0.000000000000000000, -3.312139725207179394E-17 ) ) ;
#2275 = EDGE_CURVE ( 'NONE', #1300, #1473, #840, .T. ) ;
#2276 = DIRECTION ( 'NONE',  ( -0.000000000000000000, -0.000000000000000000, 1.000000000000000000 ) ) ;
#2277 = ORIENTED_EDGE ( 'NONE', *, *, #1562, .F. ) ;
#2278 = CARTESIAN_POINT ( 'NONE',  ( 30.50000000000001421, 3.500000000000000000, -56.60000000000000853 ) ) ;
#2279 = ADVANCED_FACE ( 'NONE', ( #2303 ), #1022, .F. ) ;
#2280 = FACE_OUTER_BOUND ( 'NONE', #157, .T. ) ;
#2281 = CARTESIAN_POINT ( 'NONE',  ( -42.50000000000000711, 5.500000000000001776, 12.99999999999999112 ) ) ;
#2282 = LINE ( 'NONE', #625, #2106 ) ;
#2283 = EDGE_LOOP ( 'NONE', ( #1875, #637, #2299, #1339, #725, #1733, #1121, #1990 ) ) ;
#2284 = DIRECTION ( 'NONE',  ( 0.000000000000000000, -1.000000000000000000, 0.000000000000000000 ) ) ;
#2285 = FACE_OUTER_BOUND ( 'NONE', #1452, .T. ) ;
#2286 = ADVANCED_FACE ( 'NONE', ( #294 ), #1407, .F. ) ;
#2287 = ORIENTED_EDGE ( 'NONE', *, *, #2210, .T. ) ;
#2288 = CARTESIAN_POINT ( 'NONE',  ( 30.50000000000001421, 0.000000000000000000, -56.60000000000000853 ) ) ;
#2289 = VECTOR ( 'NONE', #605, 1000.000000000000000 ) ;
#2290 = DIRECTION ( 'NONE',  ( -0.000000000000000000, 1.000000000000000000, -0.000000000000000000 ) ) ;
#2291 = EDGE_CURVE ( 'NONE', #933, #1585, #1032, .T. ) ;
#2292 = VECTOR ( 'NONE', #2029, 1000.000000000000114 ) ;
#2293 = DIRECTION ( 'NONE',  ( 0.000000000000000000, 0.000000000000000000, 1.000000000000000000 ) ) ;
#2294 = CARTESIAN_POINT ( 'NONE',  ( 32.49999999999998579, 0.000000000000000000, -60.00000000000000711 ) ) ;
#2295 = ORIENTED_EDGE ( 'NONE', *, *, #1702, .T. ) ;
#2296 = CARTESIAN_POINT ( 'NONE',  ( 7.799999999999737810, 16.59999999999728360, -40.14000000000000767 ) ) ;
#2297 = CARTESIAN_POINT ( 'NONE',  ( 22.14999999995703917, 11.59999999999735643, 27.99999999999998934 ) ) ;
#2298 = AXIS2_PLACEMENT_3D ( 'NONE', #1297, #1286, #2020 ) ;
#2299 = ORIENTED_EDGE ( 'NONE', *, *, #983, .F. ) ;
#2300 = CARTESIAN_POINT ( 'NONE',  ( 7.499999999999996447, 3.500000000000003109, -9.100000000000004974 ) ) ;
#2301 = AXIS2_PLACEMENT_3D ( 'NONE', #334, #745, #369 ) ;
#2302 = EDGE_CURVE ( 'NONE', #1627, #1130, #1780, .T. ) ;
#2303 = FACE_OUTER_BOUND ( 'NONE', #2233, .T. ) ;
#2304 = CARTESIAN_POINT ( 'NONE',  ( 15.50000000000001421, -116.4999999999999858, -56.60000000000000142 ) ) ;
#2305 = CARTESIAN_POINT ( 'NONE',  ( -42.50000000000000711, 3.500000000000000000, 59.99999999999999289 ) ) ;
#2306 = EDGE_LOOP ( 'NONE', ( #1329, #583, #1946, #595 ) ) ;
#2307 = LINE ( 'NONE', #134, #128 ) ;
#2308 = LINE ( 'NONE', #662, #1965 ) ;
#2309 = AXIS2_PLACEMENT_3D ( 'NONE', #278, #2080, #88 ) ;
#2310 = VERTEX_POINT ( 'NONE', #2027 ) ;
#2311 = LINE ( 'NONE', #1738, #1766 ) ;
#2312 = DIRECTION ( 'NONE',  ( -0.000000000000000000, 1.000000000000000000, -0.000000000000000000 ) ) ;
#2313 = ADVANCED_FACE ( 'NONE', ( #1291, #1267, #2181 ), #1453, .F. ) ;
#2314 = CARTESIAN_POINT ( 'NONE',  ( 15.50000000000001421, 0.000000000000000000, 53.40000000000001279 ) ) ;
#2315 = LINE ( 'NONE', #1956, #1519 ) ;
#2316 = ORIENTED_EDGE ( 'NONE', *, *, #810, .F. ) ;
#2317 = CARTESIAN_POINT ( 'NONE',  ( -32.96838372995788546, 87.48490993466043619, -34.14000000000000057 ) ) ;
#2318 = DIRECTION ( 'NONE',  ( -1.000000000000000000, 0.000000000000000000, -5.953210078121458203E-17 ) ) ;
#2319 = ADVANCED_FACE ( 'NONE', ( #544 ), #12, .F. ) ;
#2320 = EDGE_LOOP ( 'NONE', ( #976, #2108 ) ) ;
#2321 = DIRECTION ( 'NONE',  ( -0.7071067811865485719, -0.000000000000000000, 0.7071067811865465735 ) ) ;
#2322 = ORIENTED_EDGE ( 'NONE', *, *, #722, .T. ) ;
#2323 = DIRECTION ( 'NONE',  ( -0.000000000000000000, 1.000000000000000000, -0.000000000000000000 ) ) ;
#2324 = DIRECTION ( 'NONE',  ( 0.000000000000000000, 0.000000000000000000, 1.000000000000000000 ) ) ;
#2325 = LINE ( 'NONE', #493, #1790 ) ;
#2326 = EDGE_LOOP ( 'NONE', ( #750, #1786, #1072, #1079 ) ) ;
#2327 = CARTESIAN_POINT ( 'NONE',  ( -30.50000000000001421, 3.500000000000000000, 56.60000000000000853 ) ) ;
#2328 = CARTESIAN_POINT ( 'NONE',  ( 32.50000000000000000, 26.50000000000000000, -0.09999999999844377818 ) ) ;
#2329 = EDGE_CURVE ( 'NONE', #718, #2021, #1882, .T. ) ;
#2330 = VERTEX_POINT ( 'NONE', #559 ) ;
#2331 = DIRECTION ( 'NONE',  ( 1.000000000000000000, 0.000000000000000000, 0.000000000000000000 ) ) ;
#2332 = VECTOR ( 'NONE', #1606, 1000.000000000000000 ) ;
#2333 = ADVANCED_FACE ( 'NONE', ( #716, #1820, #2217 ), #1305, .F. ) ;
#2334 = ORIENTED_EDGE ( 'NONE', *, *, #1137, .T. ) ;
#2335 = CARTESIAN_POINT ( 'NONE',  ( -32.96838372995787836, 5.500000000000005329, 12.99999999999999112 ) ) ;
#2336 = CYLINDRICAL_SURFACE ( 'NONE', #580, 1.600000000000004086 ) ;
#2337 = FACE_OUTER_BOUND ( 'NONE', #108, .T. ) ;
#2338 = ORIENTED_EDGE ( 'NONE', *, *, #356, .T. ) ;
#2339 = LINE ( 'NONE', #2353, #1785 ) ;
#2340 = CARTESIAN_POINT ( 'NONE',  ( 15.50000000000001421, 0.000000000000000000, -55.00000000000000711 ) ) ;
#2341 = VECTOR ( 'NONE', #1280, 1000.000000000000000 ) ;
#2342 = VECTOR ( 'NONE', #1557, 1000.000000000000000 ) ;
#2343 = EDGE_CURVE ( 'NONE', #1418, #1662, #948, .T. ) ;
#2344 = ORIENTED_EDGE ( 'NONE', *, *, #642, .T. ) ;
#2345 = LINE ( 'NONE', #513, #695 ) ;
#2346 = EDGE_CURVE ( 'NONE', #2162, #1627, #2041, .T. ) ;
#2347 = VERTEX_POINT ( 'NONE', #2005 ) ;
#2348 = DIRECTION ( 'NONE',  ( -1.000000000000000000, 0.000000000000000000, -0.000000000000000000 ) ) ;
#2349 = EDGE_CURVE ( 'NONE', #500, #462, #2229, .T. ) ;
#2350 = CARTESIAN_POINT ( 'NONE',  ( 7.499999999999996447, -126.4999999999999716, -9.100000000000004974 ) ) ;
#2351 = DIRECTION ( 'NONE',  ( 0.000000000000000000, 0.000000000000000000, -1.000000000000000000 ) ) ;
#2352 = VERTEX_POINT ( 'NONE', #770 ) ;
#2353 = CARTESIAN_POINT ( 'NONE',  ( -30.50000000000001421, -116.4999999999999858, -56.60000000000000853 ) ) ;
#2354 = LINE ( 'NONE', #1582, #2195 ) ;
#2355 = ORIENTED_EDGE ( 'NONE', *, *, #101, .F. ) ;
#2356 = LINE ( 'NONE', #1596, #72 ) ;
#2357 = ORIENTED_EDGE ( 'NONE', *, *, #782, .F. ) ;
#2358 = CARTESIAN_POINT ( 'NONE',  ( 6.149999999999737454, 16.59999999999728360, -59.14000000000000767 ) ) ;
#2359 = DIRECTION ( 'NONE',  ( 0.000000000000000000, 0.000000000000000000, -1.000000000000000000 ) ) ;
#2360 = ORIENTED_EDGE ( 'NONE', *, *, #464, .F. ) ;
#2361 = FACE_OUTER_BOUND ( 'NONE', #1538, .T. ) ;
#2362 = ADVANCED_FACE ( 'NONE', ( #206 ), #344, .F. ) ;
#2363 = CARTESIAN_POINT ( 'NONE',  ( 32.49999999999998579, 3.500000000000000000, -60.00000000000000711 ) ) ;
#2364 = LINE ( 'NONE', #497, #1599 ) ;
#2365 = ORIENTED_EDGE ( 'NONE', *, *, #2053, .T. ) ;
#2366 = VECTOR ( 'NONE', #2220, 1000.000000000000000 ) ;
#2367 = VERTEX_POINT ( 'NONE', #25 ) ;
#2368 = DIRECTION ( 'NONE',  ( 0.000000000000000000, -1.000000000000000000, 0.000000000000000000 ) ) ;
#2369 = EDGE_LOOP ( 'NONE', ( #764, #688, #571, #1851, #1880, #1009, #342, #300 ) ) ;
#2370 = VERTEX_POINT ( 'NONE', #1108 ) ;
#2371 = DIRECTION ( 'NONE',  ( 0.000000000000000000, 0.000000000000000000, 1.000000000000000000 ) ) ;
#2372 = EDGE_CURVE ( 'NONE', #155, #1611, #911, .T. ) ;
#2373 = CARTESIAN_POINT ( 'NONE',  ( -15.50000000000001421, 0.000000000000000000, -53.40000000000001279 ) ) ;
#2374 = DIRECTION ( 'NONE',  ( -0.000000000000000000, -1.000000000000000000, -0.000000000000000000 ) ) ;
#2375 = PLANE ( 'NONE',  #443 ) ;
#2376 = CARTESIAN_POINT ( 'NONE',  ( -42.50000000000000711, 5.500000000000001776, 0.000000000000000000 ) ) ;
#2377 = ORIENTED_EDGE ( 'NONE', *, *, #1857, .F. ) ;
#2378 = VERTEX_POINT ( 'NONE', #588 ) ;
#2379 = CARTESIAN_POINT ( 'NONE',  ( 22.14999999995703917, 11.59999999999735643, 14.49999999999998579 ) ) ;
#2380 = VECTOR ( 'NONE', #2083, 1000.000000000000000 ) ;
#2381 = ORIENTED_EDGE ( 'NONE', *, *, #1048, .F. ) ;
ENDSEC;
END-ISO-10303-21;
