ISO-10303-21;
HEADER;
FILE_DESCRIPTION (( 'STEP AP214' ),
    '1' );
FILE_NAME ('leg2.STEP',
    '2026-05-11T15:00:24',
    ( '' ),
    ( '' ),
    'SwSTEP 2.0',
    'SolidWorks 2025',
    '' );
FILE_SCHEMA (( 'AUTOMOTIVE_DESIGN' ));
ENDSEC;

DATA;
#1 = DIRECTION ( 'NONE',  ( -0.000000000000000000, -0.000000000000000000, 1.000000000000000000 ) ) ;
#2 = ORIENTED_EDGE ( 'NONE', *, *, #2251, .F. ) ;
#3 = CARTESIAN_POINT ( 'NONE',  ( 0.000000000000000000, 0.000000000000000000, 50.00000000000000000 ) ) ;
#4 = CIRCLE ( 'NONE', #1601, 1.650000000000000355 ) ;
#5 = CARTESIAN_POINT ( 'NONE',  ( 15.00000000000001599, 1.489469467304225687E-14, 38.00000000000000000 ) ) ;
#6 = DIRECTION ( 'NONE',  ( -0.000000000000000000, 0.000000000000000000, 1.000000000000000000 ) ) ;
#7 = CYLINDRICAL_SURFACE ( 'NONE', #1684, 10.90000000000000036 ) ;
#8 = ORIENTED_EDGE ( 'NONE', *, *, #2381, .F. ) ;
#9 = FACE_OUTER_BOUND ( 'NONE', #2796, .T. ) ;
#10 = AXIS2_PLACEMENT_3D ( 'NONE', #1102, #658, #2651 ) ;
#11 = ADVANCED_FACE ( 'NONE', ( #2437 ), #1812, .F. ) ;
#12 = LINE ( 'NONE', #1554, #1950 ) ;
#13 = EDGE_LOOP ( 'NONE', ( #496, #191 ) ) ;
#14 = ORIENTED_EDGE ( 'NONE', *, *, #16, .F. ) ;
#15 = EDGE_CURVE ( 'NONE', #295, #2646, #1716, .T. ) ;
#16 = EDGE_CURVE ( 'NONE', #2382, #2220, #2702, .T. ) ;
#17 = VERTEX_POINT ( 'NONE', #497 ) ;
#18 = AXIS2_PLACEMENT_3D ( 'NONE', #2363, #2388, #196 ) ;
#19 = CYLINDRICAL_SURFACE ( 'NONE', #1509, 1.650000000000000355 ) ;
#20 = ORIENTED_EDGE ( 'NONE', *, *, #343, .F. ) ;
#21 = CARTESIAN_POINT ( 'NONE',  ( -7.000000000000000000, 0.000000000000000000, 50.00000000000000000 ) ) ;
#22 = CARTESIAN_POINT ( 'NONE',  ( 1.324999999999926237, -7.000000000000000888, 50.00000000000000000 ) ) ;
#23 = CARTESIAN_POINT ( 'NONE',  ( -5.000000000000000000, 30.00000000000000000, -50.00000000000000000 ) ) ;
#24 = CARTESIAN_POINT ( 'NONE',  ( -14.99999999999999822, -1.794541526872558859E-15, 50.00000000000000000 ) ) ;
#25 = ORIENTED_EDGE ( 'NONE', *, *, #2629, .F. ) ;
#26 = LINE ( 'NONE', #1738, #1809 ) ;
#27 = CARTESIAN_POINT ( 'NONE',  ( -5.675000000000001599, 0.000000000000000000, -50.00000000000000000 ) ) ;
#28 = ORIENTED_EDGE ( 'NONE', *, *, #1621, .T. ) ;
#29 = VERTEX_POINT ( 'NONE', #1370 ) ;
#30 = VERTEX_POINT ( 'NONE', #2255 ) ;
#31 = DIRECTION ( 'NONE',  ( 1.000000000000000000, 0.000000000000000000, 0.000000000000000000 ) ) ;
#32 = AXIS2_PLACEMENT_3D ( 'NONE', #1443, #381, #795 ) ;
#33 = ORIENTED_EDGE ( 'NONE', *, *, #1643, .T. ) ;
#34 = DIRECTION ( 'NONE',  ( 0.000000000000000000, 0.000000000000000000, 1.000000000000000000 ) ) ;
#35 = DIRECTION ( 'NONE',  ( -0.000000000000000000, -0.000000000000000000, 1.000000000000000000 ) ) ;
#36 = DIRECTION ( 'NONE',  ( -1.000000000000000000, 0.000000000000000000, -0.000000000000000000 ) ) ;
#37 = VECTOR ( 'NONE', #2370, 1000.000000000000000 ) ;
#38 = EDGE_CURVE ( 'NONE', #2300, #1544, #663, .T. ) ;
#39 = CARTESIAN_POINT ( 'NONE',  ( -15.00000000000000533, 58.99999999999920419, 108.9999999999998721 ) ) ;
#40 = ORIENTED_EDGE ( 'NONE', *, *, #515, .F. ) ;
#41 = VECTOR ( 'NONE', #2310, 1000.000000000000000 ) ;
#42 = LINE ( 'NONE', #563, #2732 ) ;
#43 = AXIS2_PLACEMENT_3D ( 'NONE', #820, #1679, #1653 ) ;
#44 = AXIS2_PLACEMENT_3D ( 'NONE', #2066, #1841, #2527 ) ;
#45 = FACE_OUTER_BOUND ( 'NONE', #399, .T. ) ;
#46 = EDGE_LOOP ( 'NONE', ( #1790, #944 ) ) ;
#47 = AXIS2_PLACEMENT_3D ( 'NONE', #742, #1423, #2487 ) ;
#48 = VERTEX_POINT ( 'NONE', #2038 ) ;
#49 = EDGE_LOOP ( 'NONE', ( #884, #2719 ) ) ;
#50 = EDGE_LOOP ( 'NONE', ( #20, #698, #1973, #2502 ) ) ;
#51 = FACE_OUTER_BOUND ( 'NONE', #911, .T. ) ;
#52 = CARTESIAN_POINT ( 'NONE',  ( -5.000000000000000000, 30.00000000000000000, 37.99999999999999289 ) ) ;
#53 = DIRECTION ( 'NONE',  ( 0.000000000000000000, 0.000000000000000000, -1.000000000000000000 ) ) ;
#54 = AXIS2_PLACEMENT_3D ( 'NONE', #52, #921, #1591 ) ;
#55 = EDGE_CURVE ( 'NONE', #2116, #1511, #1181, .T. ) ;
#56 = ADVANCED_FACE ( 'NONE', ( #2716 ), #101, .F. ) ;
#57 = AXIS2_PLACEMENT_3D ( 'NONE', #1986, #1, #2585 ) ;
#58 = DIRECTION ( 'NONE',  ( -1.000000000000000000, 0.000000000000000000, 0.000000000000000000 ) ) ;
#59 = ORIENTED_EDGE ( 'NONE', *, *, #865, .F. ) ;
#60 = CARTESIAN_POINT ( 'NONE',  ( -5.000000000000000000, 65.00000000000000000, -69.99999999999998579 ) ) ;
#61 = EDGE_LOOP ( 'NONE', ( #2347, #351, #2129, #2824 ) ) ;
#62 = ORIENTED_EDGE ( 'NONE', *, *, #2459, .T. ) ;
#63 =( NAMED_UNIT ( * ) PLANE_ANGLE_UNIT ( ) SI_UNIT ( $, .RADIAN. ) );
#64 = VERTEX_POINT ( 'NONE', #1457 ) ;
#65 = CARTESIAN_POINT ( 'NONE',  ( 0.000000000000000000, 0.000000000000000000, -59.00000000000000711 ) ) ;
#66 = CYLINDRICAL_SURFACE ( 'NONE', #916, 1.649999999999999467 ) ;
#67 = DIRECTION ( 'NONE',  ( -0.000000000000000000, 0.000000000000000000, 1.000000000000000000 ) ) ;
#68 = SURFACE_STYLE_FILL_AREA ( #281 ) ;
#69 = EDGE_CURVE ( 'NONE', #363, #255, #552, .T. ) ;
#70 = ADVANCED_FACE ( 'NONE', ( #147, #807, #116, #1036, #2745, #581, #326, #1910 ), #2557, .F. ) ;
#71 = CARTESIAN_POINT ( 'NONE',  ( 0.000000000000000000, 0.000000000000000000, -59.00000000000000711 ) ) ;
#72 = VERTEX_POINT ( 'NONE', #1196 ) ;
#73 = ORIENTED_EDGE ( 'NONE', *, *, #1134, .T. ) ;
#74 = ORIENTED_EDGE ( 'NONE', *, *, #1354, .F. ) ;
#75 = APPLICATION_PROTOCOL_DEFINITION ( 'draft international standard', 'automotive_design', 1998, #2150 ) ;
#76 = ORIENTED_EDGE ( 'NONE', *, *, #1729, .T. ) ;
#77 = CARTESIAN_POINT ( 'NONE',  ( -7.332110811570580046E-14, -7.000000000000000888, -41.00000000000000000 ) ) ;
#78 = FACE_BOUND ( 'NONE', #2270, .T. ) ;
#79 = CARTESIAN_POINT ( 'NONE',  ( 5.000000000000000000, 65.00000000000000000, 50.00000000000000000 ) ) ;
#80 = SURFACE_STYLE_USAGE ( .BOTH. , #1159 ) ;
#81 = CARTESIAN_POINT ( 'NONE',  ( -7.332110811570580046E-14, -7.000000000000000888, 50.00000000000000000 ) ) ;
#82 = ORIENTED_EDGE ( 'NONE', *, *, #2379, .T. ) ;
#83 = CIRCLE ( 'NONE', #2504, 10.75000000000000000 ) ;
#84 = VERTEX_POINT ( 'NONE', #2785 ) ;
#85 = CIRCLE ( 'NONE', #1635, 12.00000000000000178 ) ;
#86 = AXIS2_PLACEMENT_3D ( 'NONE', #1766, #924, #1565 ) ;
#87 = CARTESIAN_POINT ( 'NONE',  ( -7.332110811570580046E-14, -7.000000000000000888, -41.00000000000000000 ) ) ;
#88 = VECTOR ( 'NONE', #1941, 1000.000000000000000 ) ;
#89 = VERTEX_POINT ( 'NONE', #2542 ) ;
#90 = ORIENTED_EDGE ( 'NONE', *, *, #2301, .F. ) ;
#91 = CYLINDRICAL_SURFACE ( 'NONE', #1594, 1.675000000000000044 ) ;
#92 = EDGE_CURVE ( 'NONE', #2243, #1434, #1887, .T. ) ;
#93 = VECTOR ( 'NONE', #2423, 1000.000000000000000 ) ;
#94 = DIRECTION ( 'NONE',  ( 0.000000000000000000, 0.000000000000000000, -1.000000000000000000 ) ) ;
#95 = FACE_OUTER_BOUND ( 'NONE', #512, .T. ) ;
#96 = CARTESIAN_POINT ( 'NONE',  ( -7.111611317052176153E-32, 4.626378073151244910E-16, 50.00000000000000000 ) ) ;
#97 = CARTESIAN_POINT ( 'NONE',  ( 5.000000000000000000, 65.00000000000000000, 50.00000000000000000 ) ) ;
#98 = CIRCLE ( 'NONE', #186, 1.324999999999998845 ) ;
#99 = CARTESIAN_POINT ( 'NONE',  ( -5.000000000000000000, 65.00000000000000000, -38.00000000000000000 ) ) ;
#100 = ORIENTED_EDGE ( 'NONE', *, *, #1674, .F. ) ;
#101 = CYLINDRICAL_SURFACE ( 'NONE', #434, 1.649999999999999467 ) ;
#102 = ADVANCED_FACE ( 'NONE', ( #1210 ), #1252, .T. ) ;
#103 = LINE ( 'NONE', #1857, #718 ) ;
#104 = ORIENTED_EDGE ( 'NONE', *, *, #728, .T. ) ;
#105 = EDGE_CURVE ( 'NONE', #436, #272, #2628, .T. ) ;
#106 = EDGE_LOOP ( 'NONE', ( #159, #896, #886, #1310 ) ) ;
#107 = EDGE_CURVE ( 'NONE', #740, #2532, #1470, .T. ) ;
#108 = DIRECTION ( 'NONE',  ( 1.000000000000000000, 0.000000000000000000, 0.000000000000000000 ) ) ;
#109 = AXIS2_PLACEMENT_3D ( 'NONE', #2398, #444, #2194 ) ;
#110 = CARTESIAN_POINT ( 'NONE',  ( 15.00000000000001599, 2.768419307855609675E-15, 50.00000000000000000 ) ) ;
#111 = DIRECTION ( 'NONE',  ( -9.251858538543005354E-16, 1.000000000000000000, 0.000000000000000000 ) ) ;
#112 = CARTESIAN_POINT ( 'NONE',  ( -7.111611317052176153E-32, 4.626378073151244910E-16, 50.00000000000000000 ) ) ;
#113 = DIRECTION ( 'NONE',  ( 0.000000000000000000, 0.000000000000000000, -1.000000000000000000 ) ) ;
#114 = DIRECTION ( 'NONE',  ( -0.000000000000000000, -0.000000000000000000, 1.000000000000000000 ) ) ;
#115 = ORIENTED_EDGE ( 'NONE', *, *, #980, .T. ) ;
#116 = FACE_BOUND ( 'NONE', #1451, .T. ) ;
#117 = LINE ( 'NONE', #1829, #2525 ) ;
#118 = EDGE_LOOP ( 'NONE', ( #358, #2767 ) ) ;
#119 = EDGE_LOOP ( 'NONE', ( #1908, #2497 ) ) ;
#120 = DIRECTION ( 'NONE',  ( 0.000000000000000000, 0.000000000000000000, -1.000000000000000000 ) ) ;
#121 = DIRECTION ( 'NONE',  ( -1.000000000000000000, 0.000000000000000000, 0.000000000000000000 ) ) ;
#122 = CARTESIAN_POINT ( 'NONE',  ( 4.999999999999794831, 90.00000000000000000, -79.99999999999997158 ) ) ;
#123 = FACE_BOUND ( 'NONE', #2152, .T. ) ;
#124 = DIRECTION ( 'NONE',  ( 1.000000000000000000, 0.000000000000000000, 0.000000000000000000 ) ) ;
#125 = CIRCLE ( 'NONE', #1259, 12.00000000000000178 ) ;
#126 = EDGE_CURVE ( 'NONE', #833, #1167, #823, .T. ) ;
#127 = DIRECTION ( 'NONE',  ( 0.000000000000000000, 0.000000000000000000, 1.000000000000000000 ) ) ;
#128 = EDGE_LOOP ( 'NONE', ( #749, #2426 ) ) ;
#129 = CARTESIAN_POINT ( 'NONE',  ( 0.000000000000000000, 0.000000000000000000, -41.00000000000000000 ) ) ;
#130 = AXIS2_PLACEMENT_3D ( 'NONE', #3, #486, #2631 ) ;
#131 = CARTESIAN_POINT ( 'NONE',  ( -5.000000000000000000, 30.00000000000000000, 50.00000000000000000 ) ) ;
#132 = EDGE_LOOP ( 'NONE', ( #1307, #297 ) ) ;
#133 = VERTEX_POINT ( 'NONE', #1431 ) ;
#134 = AXIS2_PLACEMENT_3D ( 'NONE', #21, #34, #919 ) ;
#135 = CARTESIAN_POINT ( 'NONE',  ( -1.325000000000072786, -7.000000000000000888, -69.99999999999998579 ) ) ;
#136 = COLOUR_RGB ( '',0.7921568627450980005, 0.8196078431372548767, 0.9333333333333333481 ) ;
#137 = CIRCLE ( 'NONE', #360, 10.90000000000000036 ) ;
#138 = CIRCLE ( 'NONE', #1825, 1.650000000000000355 ) ;
#139 = CARTESIAN_POINT ( 'NONE',  ( 2.444036937190193349E-14, 7.000000000000000000, -50.00000000000000000 ) ) ;
#140 = ORIENTED_EDGE ( 'NONE', *, *, #2712, .F. ) ;
#141 = CARTESIAN_POINT ( 'NONE',  ( -15.00000000000001954, 155.0000000000000284, -50.00000000000000000 ) ) ;
#142 = DIRECTION ( 'NONE',  ( -7.021426404674248609E-16, 0.7071067811865514585, -0.7071067811865435759 ) ) ;
#143 = ADVANCED_FACE ( 'NONE', ( #2339 ), #2529, .F. ) ;
#144 = EDGE_CURVE ( 'NONE', #723, #839, #1670, .T. ) ;
#145 = CARTESIAN_POINT ( 'NONE',  ( -14.99999999999999822, -1.843146659666174765E-15, -38.00000000000000000 ) ) ;
#146 = ORIENTED_EDGE ( 'NONE', *, *, #2352, .F. ) ;
#147 = FACE_BOUND ( 'NONE', #1240, .T. ) ;
#148 = DIRECTION ( 'NONE',  ( 0.000000000000000000, 0.000000000000000000, 1.000000000000000000 ) ) ;
#149 = CIRCLE ( 'NONE', #690, 10.90000000000000036 ) ;
#150 = VERTEX_POINT ( 'NONE', #2296 ) ;
#151 = ORIENTED_EDGE ( 'NONE', *, *, #2763, .F. ) ;
#152 = CARTESIAN_POINT ( 'NONE',  ( 4.999999999999794831, 90.00000000000000000, 37.99999999999999289 ) ) ;
#153 = ORIENTED_EDGE ( 'NONE', *, *, #2127, .F. ) ;
#154 = DIRECTION ( 'NONE',  ( -0.000000000000000000, -0.000000000000000000, 1.000000000000000000 ) ) ;
#155 = CIRCLE ( 'NONE', #923, 10.75000000000000000 ) ;
#156 = CARTESIAN_POINT ( 'NONE',  ( -15.00000000000001243, 145.0000000000000284, 23.00000000000001421 ) ) ;
#157 = CARTESIAN_POINT ( 'NONE',  ( 8.274999999999968381, 35.00000000000007105, 4.903688121069515997E-14 ) ) ;
#158 = EDGE_CURVE ( 'NONE', #1422, #2015, #1351, .T. ) ;
#159 = ORIENTED_EDGE ( 'NONE', *, *, #107, .F. ) ;
#160 = CARTESIAN_POINT ( 'NONE',  ( 1.325000000000024380, 7.000000000000000000, -41.00000000000000000 ) ) ;
#161 = DIRECTION ( 'NONE',  ( -1.000000000000000000, 0.000000000000000000, 0.000000000000000000 ) ) ;
#162 = ORIENTED_EDGE ( 'NONE', *, *, #1346, .T. ) ;
#163 = EDGE_CURVE ( 'NONE', #477, #1759, #1241, .T. ) ;
#164 = CYLINDRICAL_SURFACE ( 'NONE', #779, 1.275000000000000799 ) ;
#165 = ORIENTED_EDGE ( 'NONE', *, *, #1234, .F. ) ;
#166 = FACE_BOUND ( 'NONE', #1579, .T. ) ;
#167 = DIRECTION ( 'NONE',  ( 8.459549885149639069E-17, -0.7071067811865465735, -0.7071067811865484609 ) ) ;
#168 = FACE_OUTER_BOUND ( 'NONE', #61, .T. ) ;
#169 = VERTEX_POINT ( 'NONE', #1419 ) ;
#170 = DIRECTION ( 'NONE',  ( 1.000000000000000000, 0.000000000000000000, 0.000000000000000000 ) ) ;
#171 = DIRECTION ( 'NONE',  ( -6.542051911182455487E-16, 0.7071067811865513475, -0.7071067811865436870 ) ) ;
#172 = ORIENTED_EDGE ( 'NONE', *, *, #2452, .F. ) ;
#173 = ADVANCED_FACE ( 'NONE', ( #2309 ), #1000, .F. ) ;
#174 = CARTESIAN_POINT ( 'NONE',  ( 3.350000000000000533, 30.00000000000000000, 37.99999999999999289 ) ) ;
#175 = EDGE_CURVE ( 'NONE', #955, #1168, #2394, .T. ) ;
#176 = ORIENTED_EDGE ( 'NONE', *, *, #1496, .F. ) ;
#177 = CARTESIAN_POINT ( 'NONE',  ( -1.325000000000072786, -7.000000000000000888, 50.00000000000000000 ) ) ;
#178 = VECTOR ( 'NONE', #1991, 1000.000000000000000 ) ;
#179 = CIRCLE ( 'NONE', #2405, 10.90000000000000036 ) ;
#180 =( LENGTH_UNIT ( ) NAMED_UNIT ( * ) SI_UNIT ( .MILLI., .METRE. ) );
#181 = VECTOR ( 'NONE', #2752, 1000.000000000000000 ) ;
#182 = LINE ( 'NONE', #2323, #1041 ) ;
#183 = VERTEX_POINT ( 'NONE', #160 ) ;
#184 = DIRECTION ( 'NONE',  ( -8.459549885149604556E-17, 0.7071067811865435759, 0.7071067811865513475 ) ) ;
#185 = DIRECTION ( 'NONE',  ( -0.000000000000000000, -0.000000000000000000, 1.000000000000000000 ) ) ;
#186 = AXIS2_PLACEMENT_3D ( 'NONE', #2547, #1862, #2074 ) ;
#187 = ORIENTED_EDGE ( 'NONE', *, *, #1182, .T. ) ;
#188 = ADVANCED_FACE ( 'NONE', ( #2608 ), #2622, .F. ) ;
#189 = CARTESIAN_POINT ( 'NONE',  ( 8.324999999999999289, -4.888073874380386697E-14, -41.00000000000000000 ) ) ;
#190 = EDGE_CURVE ( 'NONE', #1479, #667, #1965, .T. ) ;
#191 = ORIENTED_EDGE ( 'NONE', *, *, #2480, .F. ) ;
#192 = FACE_OUTER_BOUND ( 'NONE', #1875, .T. ) ;
#193 = AXIS2_PLACEMENT_3D ( 'NONE', #2517, #1387, #958 ) ;
#194 = DIRECTION ( 'NONE',  ( -0.000000000000000000, -0.000000000000000000, 1.000000000000000000 ) ) ;
#195 = ORIENTED_EDGE ( 'NONE', *, *, #1072, .T. ) ;
#196 = DIRECTION ( 'NONE',  ( -1.000000000000000000, 0.000000000000000000, 0.000000000000000000 ) ) ;
#197 = DIRECTION ( 'NONE',  ( 1.000000000000000000, 0.000000000000000000, 0.000000000000000000 ) ) ;
#198 = EDGE_LOOP ( 'NONE', ( #1338, #765, #609, #2100 ) ) ;
#199 = PLANE ( 'NONE',  #1739 ) ;
#200 = ORIENTED_EDGE ( 'NONE', *, *, #276, .F. ) ;
#201 = DIRECTION ( 'NONE',  ( -1.000000000000000000, 0.000000000000000000, 0.000000000000000000 ) ) ;
#202 = DIRECTION ( 'NONE',  ( 1.000000000000000000, 0.000000000000000000, 0.000000000000000000 ) ) ;
#203 = CARTESIAN_POINT ( 'NONE',  ( 0.000000000000000000, 0.000000000000000000, 50.00000000000000000 ) ) ;
#204 = DIRECTION ( 'NONE',  ( -1.000000000000000000, 0.000000000000000000, 0.000000000000000000 ) ) ;
#205 = EDGE_LOOP ( 'NONE', ( #449, #480, #1958, #1519 ) ) ;
#206 = EDGE_CURVE ( 'NONE', #2202, #2514, #26, .T. ) ;
#207 = CYLINDRICAL_SURFACE ( 'NONE', #18, 1.275000000000000799 ) ;
#208 = DIRECTION ( 'NONE',  ( 1.000000000000000000, 0.000000000000000000, 0.000000000000000000 ) ) ;
#209 = ORIENTED_EDGE ( 'NONE', *, *, #38, .F. ) ;
#210 = ORIENTED_EDGE ( 'NONE', *, *, #2251, .T. ) ;
#211 = DIRECTION ( 'NONE',  ( 0.000000000000000000, 0.000000000000000000, 1.000000000000000000 ) ) ;
#212 = EDGE_LOOP ( 'NONE', ( #1384, #2343, #1083, #595 ) ) ;
#213 = FACE_OUTER_BOUND ( 'NONE', #1771, .T. ) ;
#214 = DIRECTION ( 'NONE',  ( 0.000000000000000000, 0.000000000000000000, -1.000000000000000000 ) ) ;
#215 = AXIS2_PLACEMENT_3D ( 'NONE', #2252, #2491, #935 ) ;
#216 = FACE_BOUND ( 'NONE', #2189, .T. ) ;
#217 = CIRCLE ( 'NONE', #1039, 1.324999999999998845 ) ;
#218 = ADVANCED_FACE ( 'NONE', ( #9 ), #1294, .F. ) ;
#219 = VECTOR ( 'NONE', #2383, 1000.000000000000000 ) ;
#220 = CIRCLE ( 'NONE', #1638, 1.275000000000000133 ) ;
#221 = CARTESIAN_POINT ( 'NONE',  ( 8.324999999999999289, -4.888073874380386697E-14, -69.99999999999998579 ) ) ;
#222 = ORIENTED_EDGE ( 'NONE', *, *, #2073, .F. ) ;
#223 = EDGE_CURVE ( 'NONE', #2701, #1612, #2594, .T. ) ;
#224 = EDGE_CURVE ( 'NONE', #1714, #1109, #125, .T. ) ;
#225 = DIRECTION ( 'NONE',  ( -0.000000000000000000, -0.000000000000000000, 1.000000000000000000 ) ) ;
#226 = LINE ( 'NONE', #2435, #1590 ) ;
#227 = ORIENTED_EDGE ( 'NONE', *, *, #1025, .F. ) ;
#228 = ORIENTED_EDGE ( 'NONE', *, *, #539, .F. ) ;
#229 = ORIENTED_EDGE ( 'NONE', *, *, #2176, .T. ) ;
#230 = DIRECTION ( 'NONE',  ( -0.000000000000000000, 0.000000000000000000, 1.000000000000000000 ) ) ;
#231 = EDGE_LOOP ( 'NONE', ( #2593, #1813 ) ) ;
#232 = DIRECTION ( 'NONE',  ( 1.000000000000000000, 0.000000000000000000, 0.000000000000000000 ) ) ;
#233 = CARTESIAN_POINT ( 'NONE',  ( -5.000000000000206057, 90.00000000000000000, -79.99999999999997158 ) ) ;
#234 = LINE ( 'NONE', #1764, #2140 ) ;
#235 = DIRECTION ( 'NONE',  ( -0.000000000000000000, -0.000000000000000000, 1.000000000000000000 ) ) ;
#236 = ORIENTED_EDGE ( 'NONE', *, *, #206, .F. ) ;
#237 = CARTESIAN_POINT ( 'NONE',  ( -1.325000000000072786, -7.000000000000000888, 41.00000000000000711 ) ) ;
#238 = AXIS2_PLACEMENT_3D ( 'NONE', #1158, #744, #1619 ) ;
#239 = DIRECTION ( 'NONE',  ( 1.000000000000000000, 0.000000000000000000, 0.000000000000000000 ) ) ;
#240 = EDGE_LOOP ( 'NONE', ( #1401, #2438 ) ) ;
#241 = ORIENTED_EDGE ( 'NONE', *, *, #1883, .T. ) ;
#242 = ORIENTED_EDGE ( 'NONE', *, *, #957, .F. ) ;
#243 = CIRCLE ( 'NONE', #2117, 1.324999999999999734 ) ;
#244 = DIRECTION ( 'NONE',  ( 0.000000000000000000, 0.000000000000000000, -1.000000000000000000 ) ) ;
#245 = ORIENTED_EDGE ( 'NONE', *, *, #2250, .T. ) ;
#246 = DIRECTION ( 'NONE',  ( 1.000000000000000000, 0.000000000000000000, 0.000000000000000000 ) ) ;
#247 = ADVANCED_FACE ( 'NONE', ( #1481 ), #1075, .F. ) ;
#248 = LINE ( 'NONE', #2384, #1309 ) ;
#249 = DIRECTION ( 'NONE',  ( -0.000000000000000000, -0.000000000000000000, -1.000000000000000000 ) ) ;
#250 = DIRECTION ( 'NONE',  ( 1.000000000000000000, 1.196361017915039486E-16, -0.000000000000000000 ) ) ;
#251 = EDGE_LOOP ( 'NONE', ( #1388, #1876, #1645, #28 ) ) ;
#252 = CARTESIAN_POINT ( 'NONE',  ( 1.324999999999926237, -7.000000000000000888, 41.00000000000000711 ) ) ;
#253 = CARTESIAN_POINT ( 'NONE',  ( 6.649999999999999467, 30.00000000000000000, 50.00000000000000000 ) ) ;
#254 = ORIENTED_EDGE ( 'NONE', *, *, #1160, .F. ) ;
#255 = VERTEX_POINT ( 'NONE', #2167 ) ;
#256 = VERTEX_POINT ( 'NONE', #450 ) ;
#257 = VECTOR ( 'NONE', #2153, 1000.000000000000000 ) ;
#258 = EDGE_CURVE ( 'NONE', #508, #1232, #2083, .T. ) ;
#259 = EDGE_LOOP ( 'NONE', ( #2053, #2613 ) ) ;
#260 = EDGE_CURVE ( 'NONE', #1858, #2300, #2348, .T. ) ;
#261 = FACE_BOUND ( 'NONE', #267, .T. ) ;
#262 = EDGE_CURVE ( 'NONE', #287, #29, #1063, .T. ) ;
#263 = CARTESIAN_POINT ( 'NONE',  ( 0.000000000000000000, 0.000000000000000000, 41.00000000000000000 ) ) ;
#264 = CARTESIAN_POINT ( 'NONE',  ( -12.00000000000000178, -1.381987393117261645E-15, 50.00000000000000000 ) ) ;
#265 = AXIS2_PLACEMENT_3D ( 'NONE', #2724, #1008, #2050 ) ;
#266 = CARTESIAN_POINT ( 'NONE',  ( -3.350000000000205702, 90.00000000000000000, -50.00000000000000000 ) ) ;
#267 = EDGE_LOOP ( 'NONE', ( #2070, #2286 ) ) ;
#268 = AXIS2_PLACEMENT_3D ( 'NONE', #2576, #2361, #617 ) ;
#269 = DIRECTION ( 'NONE',  ( 1.000000000000000000, 0.000000000000000000, 0.000000000000000000 ) ) ;
#270 = ORIENTED_EDGE ( 'NONE', *, *, #2422, .T. ) ;
#271 = EDGE_LOOP ( 'NONE', ( #1945, #100, #2172, #1385 ) ) ;
#272 = VERTEX_POINT ( 'NONE', #237 ) ;
#273 = ORIENTED_EDGE ( 'NONE', *, *, #2568, .T. ) ;
#274 = DIRECTION ( 'NONE',  ( 1.000000000000000000, 0.000000000000000000, 0.000000000000000000 ) ) ;
#275 = EDGE_CURVE ( 'NONE', #1168, #477, #392, .T. ) ;
#276 = EDGE_CURVE ( 'NONE', #2107, #1463, #420, .T. ) ;
#277 = CARTESIAN_POINT ( 'NONE',  ( -8.324999999999999289, 1.622657008870241995E-16, 50.00000000000000000 ) ) ;
#278 = DIRECTION ( 'NONE',  ( -1.000000000000000000, 0.000000000000000000, 0.000000000000000000 ) ) ;
#279 = AXIS2_PLACEMENT_3D ( 'NONE', #1462, #374, #385 ) ;
#280 = PRODUCT_DEFINITION_FORMATION_WITH_SPECIFIED_SOURCE ( 'ไป', '', #438, .NOT_KNOWN. ) ;
#281 = FILL_AREA_STYLE ('',( #490 ) ) ;
#282 = CARTESIAN_POINT ( 'NONE',  ( -3.349999999999999645, 65.00000000000000000, -50.00000000000000000 ) ) ;
#283 = ORIENTED_EDGE ( 'NONE', *, *, #2513, .T. ) ;
#284 = ORIENTED_EDGE ( 'NONE', *, *, #570, .T. ) ;
#285 = CIRCLE ( 'NONE', #738, 1.324999999999999734 ) ;
#286 = ORIENTED_EDGE ( 'NONE', *, *, #2061, .T. ) ;
#287 = VERTEX_POINT ( 'NONE', #2797 ) ;
#288 = CARTESIAN_POINT ( 'NONE',  ( -15.00000000000000711, 140.0000000000000568, -50.00000000000000000 ) ) ;
#289 = DIRECTION ( 'NONE',  ( -1.000000000000000000, 0.000000000000000000, 0.000000000000000000 ) ) ;
#290 = CARTESIAN_POINT ( 'NONE',  ( 5.675000000000001599, -4.871847304291684480E-14, 41.00000000000000711 ) ) ;
#291 = DIRECTION ( 'NONE',  ( 1.000000000000000000, 0.000000000000000000, 0.000000000000000000 ) ) ;
#292 = FACE_OUTER_BOUND ( 'NONE', #2085, .T. ) ;
#293 = ORIENTED_EDGE ( 'NONE', *, *, #1707, .T. ) ;
#294 = EDGE_CURVE ( 'NONE', #1767, #1463, #1386, .T. ) ;
#295 = VERTEX_POINT ( 'NONE', #648 ) ;
#296 = DIRECTION ( 'NONE',  ( 0.000000000000000000, 0.000000000000000000, 1.000000000000000000 ) ) ;
#297 = ORIENTED_EDGE ( 'NONE', *, *, #1706, .T. ) ;
#298 = ORIENTED_EDGE ( 'NONE', *, *, #624, .T. ) ;
#299 = DIRECTION ( 'NONE',  ( -1.000000000000000000, 0.000000000000000000, 0.000000000000000000 ) ) ;
#300 = AXIS2_PLACEMENT_3D ( 'NONE', #567, #352, #2113 ) ;
#301 = DIRECTION ( 'NONE',  ( -1.000000000000000000, 0.000000000000000000, 0.000000000000000000 ) ) ;
#302 = DIRECTION ( 'NONE',  ( 1.000000000000000000, 9.251858538543005354E-16, 0.000000000000000000 ) ) ;
#303 = DIRECTION ( 'NONE',  ( -1.000000000000000000, 0.000000000000000000, 0.000000000000000000 ) ) ;
#304 = CYLINDRICAL_SURFACE ( 'NONE', #2180, 1.650000000000000355 ) ;
#305 = VECTOR ( 'NONE', #2639, 1000.000000000000000 ) ;
#306 = EDGE_CURVE ( 'NONE', #29, #30, #243, .T. ) ;
#307 = EDGE_CURVE ( 'NONE', #1551, #1184, #835, .T. ) ;
#308 = FACE_OUTER_BOUND ( 'NONE', #2058, .T. ) ;
#309 = ADVANCED_FACE ( 'NONE', ( #2580 ), #207, .F. ) ;
#310 = ORIENTED_EDGE ( 'NONE', *, *, #1832, .F. ) ;
#311 = AXIS2_PLACEMENT_3D ( 'NONE', #1763, #631, #202 ) ;
#312 = DIRECTION ( 'NONE',  ( -0.000000000000000000, -0.000000000000000000, 1.000000000000000000 ) ) ;
#313 = CIRCLE ( 'NONE', #1131, 10.90000000000000036 ) ;
#314 = DIRECTION ( 'NONE',  ( -0.000000000000000000, -0.000000000000000000, 1.000000000000000000 ) ) ;
#315 = ORIENTED_EDGE ( 'NONE', *, *, #1621, .F. ) ;
#316 = ORIENTED_EDGE ( 'NONE', *, *, #812, .F. ) ;
#317 = DIRECTION ( 'NONE',  ( -0.000000000000000000, -0.000000000000000000, 1.000000000000000000 ) ) ;
#318 = CARTESIAN_POINT ( 'NONE',  ( -5.000000000000000000, 30.00000000000000000, -79.99999999999997158 ) ) ;
#319 = DIRECTION ( 'NONE',  ( -9.251858538543005354E-16, 1.000000000000000000, -0.000000000000000000 ) ) ;
#320 = CARTESIAN_POINT ( 'NONE',  ( 3.349999999999794031, 90.00000000000000000, -79.99999999999997158 ) ) ;
#321 = CARTESIAN_POINT ( 'NONE',  ( -6.650000000000000355, 65.00000000000000000, 37.99999999999999289 ) ) ;
#322 = CIRCLE ( 'NONE', #1920, 1.675000000000000044 ) ;
#323 = VECTOR ( 'NONE', #626, 1000.000000000000000 ) ;
#324 = CARTESIAN_POINT ( 'NONE',  ( -1.324999999999975309, 7.000000000000000000, -41.00000000000000000 ) ) ;
#325 = EDGE_LOOP ( 'NONE', ( #1475, #1074, #1964, #1845 ) ) ;
#326 = FACE_BOUND ( 'NONE', #2295, .T. ) ;
#327 = LINE ( 'NONE', #511, #1818 ) ;
#328 = EDGE_LOOP ( 'NONE', ( #2754, #162, #1358, #970 ) ) ;
#329 = ORIENTED_EDGE ( 'NONE', *, *, #937, .T. ) ;
#330 = FACE_OUTER_BOUND ( 'NONE', #2280, .T. ) ;
#331 = PLANE ( 'NONE',  #965 ) ;
#332 = EDGE_CURVE ( 'NONE', #48, #1434, #1248, .T. ) ;
#333 = DIRECTION ( 'NONE',  ( -0.000000000000000000, -0.000000000000000000, 1.000000000000000000 ) ) ;
#334 = LINE ( 'NONE', #320, #1318 ) ;
#335 = CARTESIAN_POINT ( 'NONE',  ( -5.000000000000206057, 90.00000000000000000, -38.00000000000000000 ) ) ;
#336 = LINE ( 'NONE', #2035, #2045 ) ;
#337 = ORIENTED_EDGE ( 'NONE', *, *, #2803, .F. ) ;
#338 = DIRECTION ( 'NONE',  ( -0.000000000000000000, -0.000000000000000000, 1.000000000000000000 ) ) ;
#339 = CARTESIAN_POINT ( 'NONE',  ( -5.000000000000000000, 30.00000000000000000, -38.00000000000000000 ) ) ;
#340 = EDGE_LOOP ( 'NONE', ( #236, #612, #892, #1846 ) ) ;
#341 = ORIENTED_EDGE ( 'NONE', *, *, #163, .T. ) ;
#342 = CARTESIAN_POINT ( 'NONE',  ( -14.99999999999999822, -1.843146659666174765E-15, 50.00000000000000000 ) ) ;
#343 = EDGE_CURVE ( 'NONE', #84, #543, #334, .T. ) ;
#344 = EDGE_CURVE ( 'NONE', #133, #2420, #1192, .T. ) ;
#345 = CARTESIAN_POINT ( 'NONE',  ( -6.650000000000206413, 90.00000000000000000, -50.00000000000000000 ) ) ;
#346 = ADVANCED_FACE ( 'NONE', ( #2292 ), #681, .F. ) ;
#347 = EDGE_LOOP ( 'NONE', ( #1895, #917, #2201, #2067 ) ) ;
#348 = CARTESIAN_POINT ( 'NONE',  ( 0.000000000000000000, 0.000000000000000000, -50.00000000000000000 ) ) ;
#349 = CARTESIAN_POINT ( 'NONE',  ( -1.424786214935623282E-13, 154.0000000000000568, 0.000000000000000000 ) ) ;
#350 = CYLINDRICAL_SURFACE ( 'NONE', #721, 1.675000000000000044 ) ;
#351 = ORIENTED_EDGE ( 'NONE', *, *, #258, .T. ) ;
#352 = DIRECTION ( 'NONE',  ( -0.000000000000000000, -0.000000000000000000, 1.000000000000000000 ) ) ;
#353 = CIRCLE ( 'NONE', #2399, 1.650000000000000355 ) ;
#354 = DIRECTION ( 'NONE',  ( -1.000000000000000000, 0.000000000000000000, 0.000000000000000000 ) ) ;
#355 = ORIENTED_EDGE ( 'NONE', *, *, #2005, .F. ) ;
#356 = AXIS2_PLACEMENT_3D ( 'NONE', #592, #2782, #2110 ) ;
#357 = VECTOR ( 'NONE', #1460, 1000.000000000000000 ) ;
#358 = ORIENTED_EDGE ( 'NONE', *, *, #1990, .F. ) ;
#359 = CIRCLE ( 'NONE', #1546, 1.324999999999999734 ) ;
#360 = AXIS2_PLACEMENT_3D ( 'NONE', #544, #2059, #1374 ) ;
#361 = AXIS2_PLACEMENT_3D ( 'NONE', #1048, #1491, #1279 ) ;
#362 = DIRECTION ( 'NONE',  ( 0.000000000000000000, 0.000000000000000000, -1.000000000000000000 ) ) ;
#363 = VERTEX_POINT ( 'NONE', #1427 ) ;
#364 = CARTESIAN_POINT ( 'NONE',  ( 3.349999999999794031, 90.00000000000000000, -38.00000000000000000 ) ) ;
#365 = EDGE_CURVE ( 'NONE', #723, #686, #531, .T. ) ;
#366 = FACE_OUTER_BOUND ( 'NONE', #931, .T. ) ;
#367 = DIRECTION ( 'NONE',  ( -1.000000000000000000, 0.000000000000000000, 0.000000000000000000 ) ) ;
#368 = ORIENTED_EDGE ( 'NONE', *, *, #680, .T. ) ;
#369 = EDGE_CURVE ( 'NONE', #2017, #1492, #1718, .T. ) ;
#370 = CARTESIAN_POINT ( 'NONE',  ( 14.99999999999988098, 140.0000000000000853, -50.00000000000000000 ) ) ;
#371 = VECTOR ( 'NONE', #574, 1000.000000000000000 ) ;
#372 = CYLINDRICAL_SURFACE ( 'NONE', #2735, 1.649999999999999467 ) ;
#373 = VERTEX_POINT ( 'NONE', #1217 ) ;
#374 = DIRECTION ( 'NONE',  ( 0.000000000000000000, 0.000000000000000000, -1.000000000000000000 ) ) ;
#375 = ORIENTED_EDGE ( 'NONE', *, *, #223, .F. ) ;
#376 = CARTESIAN_POINT ( 'NONE',  ( -1.275000000000008793, 35.00000000000007105, -7.000000000000000000 ) ) ;
#377 = CIRCLE ( 'NONE', #971, 1.324999999999998845 ) ;
#378 = DIRECTION ( 'NONE',  ( -9.251858538543005354E-16, 1.000000000000000000, 0.000000000000000000 ) ) ;
#379 = DIRECTION ( 'NONE',  ( 0.000000000000000000, 0.000000000000000000, -1.000000000000000000 ) ) ;
#380 = ORIENTED_EDGE ( 'NONE', *, *, #1900, .F. ) ;
#381 = DIRECTION ( 'NONE',  ( -9.251858538543005354E-16, 1.000000000000000000, -0.000000000000000000 ) ) ;
#382 = EDGE_CURVE ( 'NONE', #2116, #524, #1631, .T. ) ;
#383 = FACE_OUTER_BOUND ( 'NONE', #2429, .T. ) ;
#384 = VERTEX_POINT ( 'NONE', #2490 ) ;
#385 = DIRECTION ( 'NONE',  ( -1.000000000000000000, 0.000000000000000000, 0.000000000000000000 ) ) ;
#386 = ORIENTED_EDGE ( 'NONE', *, *, #2792, .F. ) ;
#387 = FACE_BOUND ( 'NONE', #1980, .T. ) ;
#388 = CARTESIAN_POINT ( 'NONE',  ( 14.99999999999988809, 129.9999999999999147, 38.00000000000000000 ) ) ;
#390 = AXIS2_PLACEMENT_3D ( 'NONE', #634, #1948, #407 ) ;
#389 = CARTESIAN_POINT ( 'NONE',  ( -12.00000000000000178, -1.381987393117261645E-15, 38.00000000000000000 ) ) ;
#391 = EDGE_LOOP ( 'NONE', ( #469, #2090, #2391, #341 ) ) ;
#392 = LINE ( 'NONE', #1508, #257 ) ;
#393 = EDGE_CURVE ( 'NONE', #1492, #2015, #1850, .T. ) ;
#394 = ADVANCED_FACE ( 'NONE', ( #758, #123, #464, #733, #966, #2524 ), #2477, .T. ) ;
#395 = CARTESIAN_POINT ( 'NONE',  ( 6.649999999999999467, 30.00000000000000000, -79.99999999999997158 ) ) ;
#396 = ORIENTED_EDGE ( 'NONE', *, *, #2034, .T. ) ;
#397 = CIRCLE ( 'NONE', #1265, 1.675000000000000044 ) ;
#398 = DIRECTION ( 'NONE',  ( -9.251858538543005354E-16, 1.000000000000000000, -0.000000000000000000 ) ) ;
#399 = EDGE_LOOP ( 'NONE', ( #2776, #1507, #406, #228 ) ) ;
#400 = DIRECTION ( 'NONE',  ( 0.000000000000000000, 0.000000000000000000, 1.000000000000000000 ) ) ;
#401 = CIRCLE ( 'NONE', #1453, 1.650000000000000355 ) ;
#402 = CIRCLE ( 'NONE', #268, 1.275000000000001021 ) ;
#403 = CARTESIAN_POINT ( 'NONE',  ( 3.349999999999999645, 65.00000000000000000, 37.99999999999999289 ) ) ;
#404 = CIRCLE ( 'NONE', #720, 1.650000000000000355 ) ;
#405 = CARTESIAN_POINT ( 'NONE',  ( 10.90000000000000036, 1.334865011070615048E-15, 41.00000000000000000 ) ) ;
#406 = ORIENTED_EDGE ( 'NONE', *, *, #976, .T. ) ;
#407 = DIRECTION ( 'NONE',  ( 1.000000000000000000, 0.000000000000000000, 0.000000000000000000 ) ) ;
#408 = DIRECTION ( 'NONE',  ( -1.000000000000000000, 0.000000000000000000, 0.000000000000000000 ) ) ;
#409 = AXIS2_PLACEMENT_3D ( 'NONE', #1649, #2342, #798 ) ;
#410 = ORIENTED_EDGE ( 'NONE', *, *, #365, .F. ) ;
#411 = AXIS2_PLACEMENT_3D ( 'NONE', #1082, #1775, #2614 ) ;
#412 = DIRECTION ( 'NONE',  ( -0.000000000000000000, -0.000000000000000000, 1.000000000000000000 ) ) ;
#413 = ORIENTED_EDGE ( 'NONE', *, *, #1869, .F. ) ;
#414 = CARTESIAN_POINT ( 'NONE',  ( 6.650000000000000355, 65.00000000000000000, -69.99999999999998579 ) ) ;
#415 = ADVANCED_FACE ( 'NONE', ( #776 ), #991, .F. ) ;
#416 = LINE ( 'NONE', #1291, #1735 ) ;
#417 = CIRCLE ( 'NONE', #2019, 1.649999999999999467 ) ;
#418 = DIRECTION ( 'NONE',  ( -1.000000000000000000, 0.000000000000000000, 0.000000000000000000 ) ) ;
#419 = ORIENTED_EDGE ( 'NONE', *, *, #2127, .T. ) ;
#420 = LINE ( 'NONE', #1981, #1856 ) ;
#421 = CARTESIAN_POINT ( 'NONE',  ( 0.000000000000000000, 0.000000000000000000, 41.00000000000000000 ) ) ;
#422 = ORIENTED_EDGE ( 'NONE', *, *, #1692, .T. ) ;
#423 = CARTESIAN_POINT ( 'NONE',  ( 1.274999999999784972, 154.0000000000000568, 7.000000000000000888 ) ) ;
#424 = ADVANCED_FACE ( 'NONE', ( #1864 ), #1121, .F. ) ;
#425 = ORIENTED_EDGE ( 'NONE', *, *, #16, .T. ) ;
#426 = DIRECTION ( 'NONE',  ( 1.000000000000000000, 0.000000000000000000, 0.000000000000000000 ) ) ;
#427 = EDGE_CURVE ( 'NONE', #256, #1814, #1995, .T. ) ;
#428 = ADVANCED_FACE ( 'NONE', ( #1608 ), #745, .F. ) ;
#429 = DIRECTION ( 'NONE',  ( -1.000000000000000000, 0.000000000000000000, 0.000000000000000000 ) ) ;
#430 = CARTESIAN_POINT ( 'NONE',  ( 3.349999999999999645, 65.00000000000000000, -69.99999999999998579 ) ) ;
#431 = DIRECTION ( 'NONE',  ( -1.000000000000000000, 0.000000000000000000, 0.000000000000000000 ) ) ;
#432 = ORIENTED_EDGE ( 'NONE', *, *, #2579, .T. ) ;
#433 = DIRECTION ( 'NONE',  ( 1.000000000000000000, 0.000000000000000000, 0.000000000000000000 ) ) ;
#434 = AXIS2_PLACEMENT_3D ( 'NONE', #750, #2515, #2281 ) ;
#435 = CARTESIAN_POINT ( 'NONE',  ( -5.000000000000000000, 30.00000000000000000, -79.99999999999997158 ) ) ;
#436 = VERTEX_POINT ( 'NONE', #252 ) ;
#437 = ORIENTED_EDGE ( 'NONE', *, *, #1515, .T. ) ;
#438 = PRODUCT ( 'leg2', 'leg2', '', ( #2456 ) ) ;
#439 = ORIENTED_EDGE ( 'NONE', *, *, #976, .F. ) ;
#440 = CARTESIAN_POINT ( 'NONE',  ( 14.99999999999987210, 145.0000000000000853, -22.99999999999987566 ) ) ;
#441 = VERTEX_POINT ( 'NONE', #518 ) ;
#442 = PLANE ( 'NONE',  #1536 ) ;
#443 = LINE ( 'NONE', #2193, #1636 ) ;
#444 = DIRECTION ( 'NONE',  ( 0.000000000000000000, 0.000000000000000000, 1.000000000000000000 ) ) ;
#445 = AXIS2_PLACEMENT_3D ( 'NONE', #1429, #2465, #2743 ) ;
#446 = EDGE_CURVE ( 'NONE', #2689, #441, #42, .T. ) ;
#447 = AXIS2_PLACEMENT_3D ( 'NONE', #1575, #1939, #2812 ) ;
#448 = PLANE ( 'NONE',  #1821 ) ;
#449 = ORIENTED_EDGE ( 'NONE', *, *, #1220, .T. ) ;
#450 = CARTESIAN_POINT ( 'NONE',  ( -15.00000000000001421, 129.9999999999998863, 38.00000000000000000 ) ) ;
#451 = CARTESIAN_POINT ( 'NONE',  ( -5.675000000000001599, 0.000000000000000000, -69.99999999999998579 ) ) ;
#452 = ORIENTED_EDGE ( 'NONE', *, *, #1354, .T. ) ;
#453 = EDGE_CURVE ( 'NONE', #384, #2071, #489, .T. ) ;
#454 = EDGE_LOOP ( 'NONE', ( #2311, #25 ) ) ;
#455 = ORIENTED_EDGE ( 'NONE', *, *, #2513, .F. ) ;
#456 = DIRECTION ( 'NONE',  ( 1.000000000000000000, 0.000000000000000000, 0.000000000000000000 ) ) ;
#457 = VERTEX_POINT ( 'NONE', #2305 ) ;
#458 = DIRECTION ( 'NONE',  ( -0.000000000000000000, 0.000000000000000000, 1.000000000000000000 ) ) ;
#459 = CIRCLE ( 'NONE', #732, 1.600000000000000089 ) ;
#460 = LINE ( 'NONE', #672, #1408 ) ;
#461 = CARTESIAN_POINT ( 'NONE',  ( 3.349999999999999645, 65.00000000000000000, -38.00000000000000000 ) ) ;
#462 = CARTESIAN_POINT ( 'NONE',  ( -5.725000000000032507, 35.00000000000007105, 1.561424668912875456E-16 ) ) ;
#463 = ORIENTED_EDGE ( 'NONE', *, *, #446, .F. ) ;
#464 = FACE_BOUND ( 'NONE', #1571, .T. ) ;
#465 = AXIS2_PLACEMENT_3D ( 'NONE', #122, #1650, #1426 ) ;
#466 = ADVANCED_FACE ( 'NONE', ( #2697, #2768, #166, #1715, #387, #1030, #801, #819, #840, #2755, #1247, #1919 ), #1258, .T. ) ;
#467 = DIRECTION ( 'NONE',  ( -0.000000000000000000, -0.000000000000000000, 1.000000000000000000 ) ) ;
#468 = ORIENTED_EDGE ( 'NONE', *, *, #848, .T. ) ;
#469 = ORIENTED_EDGE ( 'NONE', *, *, #1567, .F. ) ;
#470 = ADVANCED_FACE ( 'NONE', ( #1677 ), #1892, .F. ) ;
#471 = EDGE_LOOP ( 'NONE', ( #2425, #2751 ) ) ;
#472 = VERTEX_POINT ( 'NONE', #2133 ) ;
#473 = CARTESIAN_POINT ( 'NONE',  ( -5.000000000000206057, 90.00000000000000000, 37.99999999999999289 ) ) ;
#474 = DIRECTION ( 'NONE',  ( -0.000000000000000000, -0.000000000000000000, 1.000000000000000000 ) ) ;
#475 = DIRECTION ( 'NONE',  ( -9.251858538543007326E-16, 1.000000000000000000, -0.000000000000000000 ) ) ;
#476 = CARTESIAN_POINT ( 'NONE',  ( -7.332110811570580046E-14, -7.000000000000000888, -50.00000000000000000 ) ) ;
#477 = VERTEX_POINT ( 'NONE', #2316 ) ;
#478 = CARTESIAN_POINT ( 'NONE',  ( 5.675000000000001599, -4.871847304291684480E-14, 50.00000000000000000 ) ) ;
#479 = VERTEX_POINT ( 'NONE', #177 ) ;
#480 = ORIENTED_EDGE ( 'NONE', *, *, #107, .T. ) ;
#481 = EDGE_CURVE ( 'NONE', #1802, #2188, #622, .T. ) ;
#482 = ADVANCED_FACE ( 'NONE', ( #192 ), #1464, .F. ) ;
#483 = ORIENTED_EDGE ( 'NONE', *, *, #224, .T. ) ;
#484 = VECTOR ( 'NONE', #312, 1000.000000000000000 ) ;
#485 = VERTEX_POINT ( 'NONE', #2587 ) ;
#486 = DIRECTION ( 'NONE',  ( -0.000000000000000000, -0.000000000000000000, -1.000000000000000000 ) ) ;
#487 = DIRECTION ( 'NONE',  ( 0.000000000000000000, 0.000000000000000000, -1.000000000000000000 ) ) ;
#488 = LINE ( 'NONE', #2164, #2473 ) ;
#489 = CIRCLE ( 'NONE', #2088, 1.275000000000000799 ) ;
#490 = FILL_AREA_STYLE_COLOUR ( '', #136 ) ;
#491 = ORIENTED_EDGE ( 'NONE', *, *, #427, .F. ) ;
#492 = VECTOR ( 'NONE', #735, 1000.000000000000000 ) ;
#493 = VECTOR ( 'NONE', #167, 1000.000000000000000 ) ;
#494 = VECTOR ( 'NONE', #773, 1000.000000000000000 ) ;
#495 = DIRECTION ( 'NONE',  ( -0.000000000000000000, -0.000000000000000000, 1.000000000000000000 ) ) ;
#496 = ORIENTED_EDGE ( 'NONE', *, *, #2283, .F. ) ;
#497 = CARTESIAN_POINT ( 'NONE',  ( -6.649999999999999467, 30.00000000000000000, -38.00000000000000000 ) ) ;
#498 = ORIENTED_EDGE ( 'NONE', *, *, #1869, .T. ) ;
#499 = SHAPE_DEFINITION_REPRESENTATION ( #845, #830 ) ;
#500 = ORIENTED_EDGE ( 'NONE', *, *, #2402, .T. ) ;
#501 = CARTESIAN_POINT ( 'NONE',  ( 2.444036937190193349E-14, 7.000000000000000000, -50.00000000000000000 ) ) ;
#502 = DIRECTION ( 'NONE',  ( -0.000000000000000000, -0.000000000000000000, 1.000000000000000000 ) ) ;
#503 = PLANE ( 'NONE',  #193 ) ;
#504 = EDGE_CURVE ( 'NONE', #1232, #2071, #1056, .T. ) ;
#505 = VECTOR ( 'NONE', #2647, 1000.000000000000114 ) ;
#506 = DIRECTION ( 'NONE',  ( -1.000000000000000000, 0.000000000000000000, 0.000000000000000000 ) ) ;
#507 = DIRECTION ( 'NONE',  ( -1.000000000000000000, 0.000000000000000000, 0.000000000000000000 ) ) ;
#508 = VERTEX_POINT ( 'NONE', #829 ) ;
#509 = ORIENTED_EDGE ( 'NONE', *, *, #2299, .T. ) ;
#510 = AXIS2_PLACEMENT_3D ( 'NONE', #1837, #111, #1849 ) ;
#511 = CARTESIAN_POINT ( 'NONE',  ( -7.111611317052176153E-32, 4.626378073151244910E-16, 38.00000000000000000 ) ) ;
#512 = EDGE_LOOP ( 'NONE', ( #1138, #40, #2600, #1969 ) ) ;
#513 = ORIENTED_EDGE ( 'NONE', *, *, #1071, .T. ) ;
#514 = LINE ( 'NONE', #1214, #859 ) ;
#515 = EDGE_CURVE ( 'NONE', #2689, #1479, #2356, .T. ) ;
#516 = CYLINDRICAL_SURFACE ( 'NONE', #2699, 1.649999999999999467 ) ;
#517 = CARTESIAN_POINT ( 'NONE',  ( -3.350000000000206146, 90.00000000000000000, 37.99999999999999289 ) ) ;
#518 = CARTESIAN_POINT ( 'NONE',  ( 6.649999999999795186, 90.00000000000000000, 50.00000000000000000 ) ) ;
#519 = EDGE_CURVE ( 'NONE', #1688, #1759, #591, .T. ) ;
#520 = EDGE_CURVE ( 'NONE', #1923, #2630, #2574, .T. ) ;
#521 = CARTESIAN_POINT ( 'NONE',  ( -3.350000000000000089, 30.00000000000000000, -38.00000000000000000 ) ) ;
#522 = CARTESIAN_POINT ( 'NONE',  ( -7.000000000000000000, 0.000000000000000000, -41.00000000000000000 ) ) ;
#523 = ORIENTED_EDGE ( 'NONE', *, *, #560, .T. ) ;
#524 = VERTEX_POINT ( 'NONE', #2120 ) ;
#525 = DIRECTION ( 'NONE',  ( 1.000000000000000000, 0.000000000000000000, 0.000000000000000000 ) ) ;
#526 = ORIENTED_EDGE ( 'NONE', *, *, #2546, .F. ) ;
#527 = ORIENTED_EDGE ( 'NONE', *, *, #1798, .F. ) ;
#528 = CARTESIAN_POINT ( 'NONE',  ( 7.000000000000000000, -4.888073874380386697E-14, -69.99999999999998579 ) ) ;
#529 = CARTESIAN_POINT ( 'NONE',  ( -1.424786214935623282E-13, 154.0000000000000568, 0.000000000000000000 ) ) ;
#530 = LINE ( 'NONE', #1406, #1793 ) ;
#531 = LINE ( 'NONE', #141, #2227 ) ;
#532 = CARTESIAN_POINT ( 'NONE',  ( -7.332110811570580046E-14, -7.000000000000000888, -69.99999999999998579 ) ) ;
#533 = AXIS2_PLACEMENT_3D ( 'NONE', #2091, #979, #2509 ) ;
#534 = DIRECTION ( 'NONE',  ( 9.251858538543005354E-16, -1.000000000000000000, 0.000000000000000000 ) ) ;
#535 = ORIENTED_EDGE ( 'NONE', *, *, #607, .F. ) ;
#536 = CIRCLE ( 'NONE', #809, 1.649999999999999467 ) ;
#537 = ORIENTED_EDGE ( 'NONE', *, *, #1799, .T. ) ;
#538 = CIRCLE ( 'NONE', #2780, 1.600000000000000089 ) ;
#539 = EDGE_CURVE ( 'NONE', #524, #1524, #615, .T. ) ;
#540 = DIRECTION ( 'NONE',  ( 0.000000000000000000, 0.000000000000000000, -1.000000000000000000 ) ) ;
#541 = CIRCLE ( 'NONE', #2408, 1.324999999999999734 ) ;
#542 = ORIENTED_EDGE ( 'NONE', *, *, #1024, .F. ) ;
#543 = VERTEX_POINT ( 'NONE', #364 ) ;
#544 = CARTESIAN_POINT ( 'NONE',  ( 0.000000000000000000, 0.000000000000000000, -41.00000000000000000 ) ) ;
#545 = FACE_OUTER_BOUND ( 'NONE', #132, .T. ) ;
#546 = CARTESIAN_POINT ( 'NONE',  ( -7.000000000000000000, 0.000000000000000000, 41.00000000000000711 ) ) ;
#547 = DIRECTION ( 'NONE',  ( 1.196361017915039486E-16, -1.000000000000000000, 0.000000000000000000 ) ) ;
#548 = CARTESIAN_POINT ( 'NONE',  ( 5.000000000000000000, 65.00000000000000000, -50.00000000000000000 ) ) ;
#549 = CIRCLE ( 'NONE', #1651, 1.324999999999998845 ) ;
#550 = CARTESIAN_POINT ( 'NONE',  ( 3.350000000000000533, 30.00000000000000000, -38.00000000000000000 ) ) ;
#551 = EDGE_LOOP ( 'NONE', ( #2191, #2730 ) ) ;
#552 = LINE ( 'NONE', #2731, #2224 ) ;
#553 = EDGE_CURVE ( 'NONE', #686, #1797, #602, .T. ) ;
#554 = EDGE_CURVE ( 'NONE', #1141, #2205, #1503, .T. ) ;
#555 = DIRECTION ( 'NONE',  ( -0.000000000000000000, -0.000000000000000000, 1.000000000000000000 ) ) ;
#556 = ORIENTED_EDGE ( 'NONE', *, *, #260, .T. ) ;
#557 = AXIS2_PLACEMENT_3D ( 'NONE', #1660, #739, #1600 ) ;
#558 = VERTEX_POINT ( 'NONE', #1290 ) ;
#559 = FACE_OUTER_BOUND ( 'NONE', #205, .T. ) ;
#560 = EDGE_CURVE ( 'NONE', #2469, #1308, #1078, .T. ) ;
#561 = CARTESIAN_POINT ( 'NONE',  ( 7.000000000000000000, -4.888073874380386697E-14, 41.00000000000000711 ) ) ;
#562 = VERTEX_POINT ( 'NONE', #1233 ) ;
#563 = CARTESIAN_POINT ( 'NONE',  ( 6.649999999999795186, 90.00000000000000000, -79.99999999999997158 ) ) ;
#564 = LINE ( 'NONE', #803, #2640 ) ;
#565 = DIRECTION ( 'NONE',  ( 0.000000000000000000, 0.000000000000000000, -1.000000000000000000 ) ) ;
#566 = ORIENTED_EDGE ( 'NONE', *, *, #519, .T. ) ;
#567 = CARTESIAN_POINT ( 'NONE',  ( 0.000000000000000000, 0.000000000000000000, -50.00000000000000000 ) ) ;
#568 = FACE_OUTER_BOUND ( 'NONE', #2350, .T. ) ;
#569 = ORIENTED_EDGE ( 'NONE', *, *, #1286, .F. ) ;
#570 = EDGE_CURVE ( 'NONE', #1913, #1126, #1880, .T. ) ;
#571 = EDGE_LOOP ( 'NONE', ( #1344, #368, #788, #1538 ) ) ;
#572 = EDGE_CURVE ( 'NONE', #2657, #1913, #1356, .T. ) ;
#573 = DIRECTION ( 'NONE',  ( -0.000000000000000000, -0.000000000000000000, 1.000000000000000000 ) ) ;
#574 = DIRECTION ( 'NONE',  ( -0.000000000000000000, -0.000000000000000000, 1.000000000000000000 ) ) ;
#575 = ORIENTED_EDGE ( 'NONE', *, *, #847, .F. ) ;
#576 = DIRECTION ( 'NONE',  ( 7.021426404674222971E-16, -0.7071067811865489050, 0.7071067811865462405 ) ) ;
#577 = VECTOR ( 'NONE', #1873, 1000.000000000000000 ) ;
#578 = CYLINDRICAL_SURFACE ( 'NONE', #858, 1.649999999999999467 ) ;
#579 = DIRECTION ( 'NONE',  ( -1.000000000000000000, 0.000000000000000000, 0.000000000000000000 ) ) ;
#580 = ORIENTED_EDGE ( 'NONE', *, *, #1529, .T. ) ;
#581 = FACE_BOUND ( 'NONE', #1696, .T. ) ;
#582 = CARTESIAN_POINT ( 'NONE',  ( -12.00000000000000178, -1.381987393117261645E-15, -38.00000000000000000 ) ) ;
#583 = CIRCLE ( 'NONE', #1363, 1.649999999999999467 ) ;
#584 = AXIS2_PLACEMENT_3D ( 'NONE', #1295, #1497, #2141 ) ;
#585 = EDGE_LOOP ( 'NONE', ( #811, #797 ) ) ;
#586 = VECTOR ( 'NONE', #1089, 1000.000000000000000 ) ;
#587 = AXIS2_PLACEMENT_3D ( 'NONE', #203, #6, #1977 ) ;
#588 = AXIS2_PLACEMENT_3D ( 'NONE', #1454, #608, #1478 ) ;
#589 = DIRECTION ( 'NONE',  ( 1.196361017915039486E-16, -1.000000000000000000, 0.000000000000000000 ) ) ;
#590 = VERTEX_POINT ( 'NONE', #2413 ) ;
#591 = LINE ( 'NONE', #1019, #1170 ) ;
#592 = CARTESIAN_POINT ( 'NONE',  ( 5.000000000000000000, 30.00000000000000000, -50.00000000000000000 ) ) ;
#593 = EDGE_CURVE ( 'NONE', #1230, #1040, #2039, .T. ) ;
#594 = CYLINDRICAL_SURFACE ( 'NONE', #86, 10.75000000000000000 ) ;
#595 = ORIENTED_EDGE ( 'NONE', *, *, #92, .F. ) ;
#596 = PRODUCT_RELATED_PRODUCT_CATEGORY ( 'part', '', ( #438 ) ) ;
#597 = CARTESIAN_POINT ( 'NONE',  ( 0.000000000000000000, 0.000000000000000000, 38.00000000000000000 ) ) ;
#598 = CARTESIAN_POINT ( 'NONE',  ( -1.675000000000000044, 2.051283388571816641E-16, -41.00000000000000000 ) ) ;
#599 = ORIENTED_EDGE ( 'NONE', *, *, #1622, .F. ) ;
#600 = DIRECTION ( 'NONE',  ( 1.000000000000000000, 0.000000000000000000, 0.000000000000000000 ) ) ;
#601 = ORIENTED_EDGE ( 'NONE', *, *, #2658, .T. ) ;
#602 = LINE ( 'NONE', #1476, #760 ) ;
#603 = CIRCLE ( 'NONE', #1103, 1.649999999999999467 ) ;
#604 = ADVANCED_FACE ( 'NONE', ( #1333 ), #2003, .T. ) ;
#605 = LINE ( 'NONE', #1489, #1589 ) ;
#606 = ADVANCED_FACE ( 'NONE', ( #2208 ), #1084, .F. ) ;
#607 = EDGE_CURVE ( 'NONE', #2103, #1661, #1545, .T. ) ;
#608 = DIRECTION ( 'NONE',  ( -9.251858538543007326E-16, 1.000000000000000000, -0.000000000000000000 ) ) ;
#609 = ORIENTED_EDGE ( 'NONE', *, *, #175, .T. ) ;
#610 = DIRECTION ( 'NONE',  ( 0.000000000000000000, 0.000000000000000000, 1.000000000000000000 ) ) ;
#611 = LINE ( 'NONE', #395, #625 ) ;
#612 = ORIENTED_EDGE ( 'NONE', *, *, #2078, .F. ) ;
#613 = FACE_BOUND ( 'NONE', #2354, .T. ) ;
#614 = ORIENTED_EDGE ( 'NONE', *, *, #1324, .T. ) ;
#615 = LINE ( 'NONE', #2563, #995 ) ;
#616 = DIRECTION ( 'NONE',  ( 1.000000000000000000, 0.000000000000000000, 0.000000000000000000 ) ) ;
#618 = CLOSED_SHELL ( 'NONE', ( #1482, #1437, #1013, #2804, #2094, #2334, #2036, #56, #2158, #2794, #346, #2421, #1704, #1834, #1987, #2686, #1659, #11, #1096, #2695, #696, #695, #815, #2095, #1933, #2239, #817, #1946, #888, #2548, #1583, #428, #604, #1045, #1148, #1975, #466, #70, #766, #1417, #2535, #482, #904, #2708, #842, #102, #638, #173, #2633, #1678, #1274, #1556, #1415, #1448, #1852, #394, #143, #1870, #963, #1255, #606, #1357, #762, #424, #218, #309, #1584, #1740, #2367, #188, #247, #470, #1359, #1528, #1107, #2441, #2161, #1288, #1057, #415, #2335 ) ) ;
#617 = DIRECTION ( 'NONE',  ( -1.000000000000000000, 0.000000000000000000, 0.000000000000000000 ) ) ;
#619 = ORIENTED_EDGE ( 'NONE', *, *, #1914, .T. ) ;
#620 = CARTESIAN_POINT ( 'NONE',  ( -7.000000000000000000, 0.000000000000000000, -69.99999999999998579 ) ) ;
#621 = CARTESIAN_POINT ( 'NONE',  ( 8.324999999999999289, -4.888073874380386697E-14, -50.00000000000000000 ) ) ;
#622 = CIRCLE ( 'NONE', #1490, 1.649999999999999467 ) ;
#623 = ORIENTED_EDGE ( 'NONE', *, *, #1346, .F. ) ;
#624 = EDGE_CURVE ( 'NONE', #1446, #1216, #2313, .T. ) ;
#625 = VECTOR ( 'NONE', #185, 1000.000000000000000 ) ;
#626 = DIRECTION ( 'NONE',  ( -0.000000000000000000, -0.000000000000000000, 1.000000000000000000 ) ) ;
#627 = EDGE_LOOP ( 'NONE', ( #1879, #1185 ) ) ;
#628 = DIRECTION ( 'NONE',  ( 1.000000000000000000, 0.000000000000000000, 0.000000000000000000 ) ) ;
#629 = AXIS2_PLACEMENT_3D ( 'NONE', #1533, #1321, #506 ) ;
#630 = AXIS2_PLACEMENT_3D ( 'NONE', #1695, #379, #821 ) ;
#631 = DIRECTION ( 'NONE',  ( -0.000000000000000000, 0.000000000000000000, 1.000000000000000000 ) ) ;
#632 = DIRECTION ( 'NONE',  ( -1.000000000000000000, 0.000000000000000000, 0.000000000000000000 ) ) ;
#633 = ORIENTED_EDGE ( 'NONE', *, *, #874, .T. ) ;
#634 = CARTESIAN_POINT ( 'NONE',  ( -1.097115794369716954E-13, 145.0000000000000568, -7.000000000000000000 ) ) ;
#635 = EDGE_CURVE ( 'NONE', #524, #2116, #353, .T. ) ;
#636 = CARTESIAN_POINT ( 'NONE',  ( 8.274999999999867129, 145.0000000000000568, 4.903688121069515997E-14 ) ) ;
#637 = ORIENTED_EDGE ( 'NONE', *, *, #1729, .F. ) ;
#638 = ADVANCED_FACE ( 'NONE', ( #1068, #2221, #261, #1299, #2173, #1360, #2396, #51 ), #442, .F. ) ;
#639 = EDGE_CURVE ( 'NONE', #2626, #2495, #2267, .T. ) ;
#640 = DIRECTION ( 'NONE',  ( 0.000000000000000000, 0.000000000000000000, -1.000000000000000000 ) ) ;
#641 = EDGE_LOOP ( 'NONE', ( #310, #700, #2648, #1872 ) ) ;
#642 = FACE_OUTER_BOUND ( 'NONE', #1313, .T. ) ;
#643 = CYLINDRICAL_SURFACE ( 'NONE', #1830, 1.275000000000000133 ) ;
#644 = FACE_BOUND ( 'NONE', #1676, .T. ) ;
#645 = VECTOR ( 'NONE', #2443, 1000.000000000000000 ) ;
#646 = CARTESIAN_POINT ( 'NONE',  ( -1.295260195396021349E-13, 140.0000000000000284, 0.000000000000000000 ) ) ;
#647 = ORIENTED_EDGE ( 'NONE', *, *, #2617, .T. ) ;
#648 = CARTESIAN_POINT ( 'NONE',  ( -3.349999999999999645, 65.00000000000000000, -38.00000000000000000 ) ) ;
#649 = FACE_OUTER_BOUND ( 'NONE', #1938, .T. ) ;
#650 = EDGE_LOOP ( 'NONE', ( #1574, #1854 ) ) ;
#651 = ORIENTED_EDGE ( 'NONE', *, *, #993, .F. ) ;
#652 = EDGE_LOOP ( 'NONE', ( #1142, #2674, #1418, #425 ) ) ;
#653 = CARTESIAN_POINT ( 'NONE',  ( 10.74999999999985434, 155.0000000000000568, 1.316495309083404618E-15 ) ) ;
#654 = EDGE_CURVE ( 'NONE', #255, #543, #1272, .T. ) ;
#655 = VERTEX_POINT ( 'NONE', #2440 ) ;
#656 = CARTESIAN_POINT ( 'NONE',  ( -5.000000000000000000, 65.00000000000000000, 37.99999999999999289 ) ) ;
#657 = FACE_OUTER_BOUND ( 'NONE', #1500, .T. ) ;
#658 = DIRECTION ( 'NONE',  ( -0.000000000000000000, -0.000000000000000000, 1.000000000000000000 ) ) ;
#659 = EDGE_CURVE ( 'NONE', #856, #1814, #903, .T. ) ;
#660 = CYLINDRICAL_SURFACE ( 'NONE', #629, 1.275000000000000133 ) ;
#661 = EDGE_LOOP ( 'NONE', ( #1791, #2037, #222, #837 ) ) ;
#662 = CARTESIAN_POINT ( 'NONE',  ( 3.349999999999794031, 90.00000000000000000, -79.99999999999997158 ) ) ;
#663 = CIRCLE ( 'NONE', #1399, 1.324999999999998845 ) ;
#664 = CARTESIAN_POINT ( 'NONE',  ( -1.202741610010589702E-13, 129.9999999999998863, 38.00000000000000000 ) ) ;
#665 = ORIENTED_EDGE ( 'NONE', *, *, #1270, .F. ) ;
#666 = ORIENTED_EDGE ( 'NONE', *, *, #144, .F. ) ;
#667 = VERTEX_POINT ( 'NONE', #2236 ) ;
#668 = AXIS2_PLACEMENT_3D ( 'NONE', #689, #1130, #2601 ) ;
#669 = CARTESIAN_POINT ( 'NONE',  ( 14.99999999999989697, 120.0000000000002132, -69.99999999999988631 ) ) ;
#670 = EDGE_LOOP ( 'NONE', ( #599, #2471 ) ) ;
#671 = DIRECTION ( 'NONE',  ( 0.000000000000000000, 0.000000000000000000, -1.000000000000000000 ) ) ;
#672 = CARTESIAN_POINT ( 'NONE',  ( -1.275000000000106271, 35.00000000000007105, 7.000000000000000888 ) ) ;
#673 = VECTOR ( 'NONE', #2007, 1000.000000000000000 ) ;
#674 = DIRECTION ( 'NONE',  ( 0.000000000000000000, 0.000000000000000000, -1.000000000000000000 ) ) ;
#675 = EDGE_CURVE ( 'NONE', #973, #1714, #1314, .T. ) ;
#676 = VECTOR ( 'NONE', #832, 1000.000000000000000 ) ;
#677 = AXIS2_PLACEMENT_3D ( 'NONE', #77, #2503, #2043 ) ;
#678 = CARTESIAN_POINT ( 'NONE',  ( 8.324999999999999289, -4.888073874380386697E-14, 41.00000000000000711 ) ) ;
#679 = VERTEX_POINT ( 'NONE', #2649 ) ;
#680 = EDGE_CURVE ( 'NONE', #485, #1559, #2508, .T. ) ;
#681 = CYLINDRICAL_SURFACE ( 'NONE', #533, 1.650000000000000355 ) ;
#682 = DIRECTION ( 'NONE',  ( -6.542051911182383504E-16, 0.7071067811865435759, 0.7071067811865514585 ) ) ;
#683 = ORIENTED_EDGE ( 'NONE', *, *, #928, .T. ) ;
#684 = ORIENTED_EDGE ( 'NONE', *, *, #427, .T. ) ;
#685 = CIRCLE ( 'NONE', #1009, 1.324999999999998845 ) ;
#686 = VERTEX_POINT ( 'NONE', #857 ) ;
#687 = CARTESIAN_POINT ( 'NONE',  ( 7.000000000000000000, -4.888073874380386697E-14, -41.00000000000000000 ) ) ;
#688 = ORIENTED_EDGE ( 'NONE', *, *, #2457, .T. ) ;
#689 = CARTESIAN_POINT ( 'NONE',  ( -5.000000000000206057, 90.00000000000000000, -50.00000000000000000 ) ) ;
#690 = AXIS2_PLACEMENT_3D ( 'NONE', #2599, #640, #2170 ) ;
#691 = CYLINDRICAL_SURFACE ( 'NONE', #2195, 1.650000000000000355 ) ;
#692 = FACE_BOUND ( 'NONE', #551, .T. ) ;
#693 = DIRECTION ( 'NONE',  ( -1.000000000000000000, 0.000000000000000000, 0.000000000000000000 ) ) ;
#694 = EDGE_LOOP ( 'NONE', ( #526, #1003 ) ) ;
#695 = ADVANCED_FACE ( 'NONE', ( #213 ), #702, .F. ) ;
#696 = ADVANCED_FACE ( 'NONE', ( #642 ), #1732, .F. ) ;
#697 = DIRECTION ( 'NONE',  ( -1.000000000000000000, 0.000000000000000000, 0.000000000000000000 ) ) ;
#698 = ORIENTED_EDGE ( 'NONE', *, *, #1744, .T. ) ;
#699 = EDGE_LOOP ( 'NONE', ( #2659, #422, #1582, #1442 ) ) ;
#700 = ORIENTED_EDGE ( 'NONE', *, *, #553, .F. ) ;
#701 = EDGE_LOOP ( 'NONE', ( #1372, #537, #863, #725 ) ) ;
#702 = CYLINDRICAL_SURFACE ( 'NONE', #447, 1.324999999999999734 ) ;
#703 = FACE_BOUND ( 'NONE', #1099, .T. ) ;
#704 = DIRECTION ( 'NONE',  ( -8.459549885149667418E-17, 0.7071067811865489050, -0.7071067811865462405 ) ) ;
#705 = CARTESIAN_POINT ( 'NONE',  ( -7.332110811570580046E-14, -7.000000000000000888, -69.99999999999998579 ) ) ;
#706 = ORIENTED_EDGE ( 'NONE', *, *, #957, .T. ) ;
#707 = DIRECTION ( 'NONE',  ( 1.000000000000000000, 0.000000000000000000, 0.000000000000000000 ) ) ;
#708 = ORIENTED_EDGE ( 'NONE', *, *, #2578, .F. ) ;
#709 = DIRECTION ( 'NONE',  ( 0.000000000000000000, 0.000000000000000000, -1.000000000000000000 ) ) ;
#710 = ORIENTED_EDGE ( 'NONE', *, *, #639, .T. ) ;
#711 = EDGE_LOOP ( 'NONE', ( #1502, #439 ) ) ;
#712 = CARTESIAN_POINT ( 'NONE',  ( 14.99999999999986677, 155.0000000000000568, -34.99999999999999289 ) ) ;
#713 = EDGE_CURVE ( 'NONE', #1126, #89, #2186, .T. ) ;
#714 = DIRECTION ( 'NONE',  ( -0.000000000000000000, -0.000000000000000000, 1.000000000000000000 ) ) ;
#715 = DIRECTION ( 'NONE',  ( -0.000000000000000000, 0.000000000000000000, 1.000000000000000000 ) ) ;
#716 = AXIS2_PLACEMENT_3D ( 'NONE', #2063, #1339, #2277 ) ;
#717 = CARTESIAN_POINT ( 'NONE',  ( 1.675000000000000044, 0.000000000000000000, -41.00000000000000000 ) ) ;
#718 = VECTOR ( 'NONE', #2733, 1000.000000000000000 ) ;
#719 = CIRCLE ( 'NONE', #1085, 1.324999999999998845 ) ;
#720 = AXIS2_PLACEMENT_3D ( 'NONE', #1860, #1143, #1403 ) ;
#721 = AXIS2_PLACEMENT_3D ( 'NONE', #71, #938, #1810 ) ;
#722 = DIRECTION ( 'NONE',  ( 1.000000000000000000, 0.000000000000000000, 0.000000000000000000 ) ) ;
#723 = VERTEX_POINT ( 'NONE', #288 ) ;
#724 = CARTESIAN_POINT ( 'NONE',  ( -1.341519488088736037E-13, 145.0000000000000568, 23.00000000000001421 ) ) ;
#725 = ORIENTED_EDGE ( 'NONE', *, *, #1572, .F. ) ;
#726 = EDGE_CURVE ( 'NONE', #17, #1998, #1686, .T. ) ;
#727 = ORIENTED_EDGE ( 'NONE', *, *, #1147, .T. ) ;
#728 = EDGE_CURVE ( 'NONE', #883, #1526, #404, .T. ) ;
#729 = CYLINDRICAL_SURFACE ( 'NONE', #1178, 1.324999999999998845 ) ;
#730 = LINE ( 'NONE', #977, #2602 ) ;
#731 = CYLINDRICAL_SURFACE ( 'NONE', #465, 1.650000000000000355 ) ;
#732 = AXIS2_PLACEMENT_3D ( 'NONE', #529, #2260, #1405 ) ;
#733 = FACE_BOUND ( 'NONE', #650, .T. ) ;
#734 = DIRECTION ( 'NONE',  ( 9.251858538543005354E-16, -1.000000000000000000, 0.000000000000000000 ) ) ;
#735 = DIRECTION ( 'NONE',  ( 1.000000000000000000, 1.537187667026988118E-16, 0.000000000000000000 ) ) ;
#736 = ORIENTED_EDGE ( 'NONE', *, *, #15, .F. ) ;
#737 = DIRECTION ( 'NONE',  ( -1.000000000000000000, -9.251858538543005354E-16, 0.000000000000000000 ) ) ;
#738 = AXIS2_PLACEMENT_3D ( 'NONE', #1432, #1627, #1888 ) ;
#739 = DIRECTION ( 'NONE',  ( 9.251858538543005354E-16, -1.000000000000000000, 0.000000000000000000 ) ) ;
#740 = VERTEX_POINT ( 'NONE', #754 ) ;
#741 = ORIENTED_EDGE ( 'NONE', *, *, #1917, .T. ) ;
#742 = CARTESIAN_POINT ( 'NONE',  ( -5.000000000000206057, 90.00000000000000000, -38.00000000000000000 ) ) ;
#743 = DIRECTION ( 'NONE',  ( 0.000000000000000000, 0.000000000000000000, 1.000000000000000000 ) ) ;
#744 = DIRECTION ( 'NONE',  ( -0.000000000000000000, -0.000000000000000000, 1.000000000000000000 ) ) ;
#745 = PLANE ( 'NONE',  #1943 ) ;
#746 = DIRECTION ( 'NONE',  ( -1.000000000000000000, 0.000000000000000000, 0.000000000000000000 ) ) ;
#747 = EDGE_CURVE ( 'NONE', #1341, #169, #814, .T. ) ;
#748 = FACE_OUTER_BOUND ( 'NONE', #652, .T. ) ;
#749 = ORIENTED_EDGE ( 'NONE', *, *, #306, .F. ) ;
#750 = CARTESIAN_POINT ( 'NONE',  ( -5.000000000000000000, 30.00000000000000000, -79.99999999999997158 ) ) ;
#751 = DIRECTION ( 'NONE',  ( -1.000000000000000000, 0.000000000000000000, 0.000000000000000000 ) ) ;
#752 = ORIENTED_EDGE ( 'NONE', *, *, #1572, .T. ) ;
#753 = ORIENTED_EDGE ( 'NONE', *, *, #1271, .T. ) ;
#754 = CARTESIAN_POINT ( 'NONE',  ( 5.675000000000001599, -4.871847304291684480E-14, -50.00000000000000000 ) ) ;
#755 = AXIS2_PLACEMENT_3D ( 'NONE', #2179, #2403, #893 ) ;
#756 = LINE ( 'NONE', #1632, #2241 ) ;
#757 = DIRECTION ( 'NONE',  ( 1.000000000000000000, 0.000000000000000000, 0.000000000000000000 ) ) ;
#758 = FACE_BOUND ( 'NONE', #1153, .T. ) ;
#759 = DIRECTION ( 'NONE',  ( -0.000000000000000000, -0.000000000000000000, 1.000000000000000000 ) ) ;
#760 = VECTOR ( 'NONE', #2344, 1000.000000000000000 ) ;
#761 = EDGE_CURVE ( 'NONE', #2734, #679, #1823, .T. ) ;
#762 = ADVANCED_FACE ( 'NONE', ( #2272 ), #2029, .F. ) ;
#763 = CIRCLE ( 'NONE', #2358, 1.324999999999998845 ) ;
#764 = DIRECTION ( 'NONE',  ( 1.000000000000000000, 9.251858538543005354E-16, 0.000000000000000000 ) ) ;
#765 = ORIENTED_EDGE ( 'NONE', *, *, #1111, .F. ) ;
#766 = ADVANCED_FACE ( 'NONE', ( #988, #2737 ), #2521, .F. ) ;
#767 = CIRCLE ( 'NONE', #2232, 1.649999999999999467 ) ;
#768 = CARTESIAN_POINT ( 'NONE',  ( 0.000000000000000000, 0.000000000000000000, -50.00000000000000000 ) ) ;
#769 = AXIS2_PLACEMENT_3D ( 'NONE', #522, #127, #722 ) ;
#770 = LINE ( 'NONE', #1644, #2779 ) ;
#771 = ORIENTED_EDGE ( 'NONE', *, *, #1200, .T. ) ;
#772 = EDGE_LOOP ( 'NONE', ( #898, #753, #74, #2799 ) ) ;
#773 = DIRECTION ( 'NONE',  ( 1.000000000000000000, 1.537187667026988118E-16, 0.000000000000000000 ) ) ;
#774 = DIRECTION ( 'NONE',  ( -1.000000000000000000, 0.000000000000000000, 0.000000000000000000 ) ) ;
#775 = FACE_OUTER_BOUND ( 'NONE', #1293, .T. ) ;
#776 = FACE_OUTER_BOUND ( 'NONE', #986, .T. ) ;
#777 = DIRECTION ( 'NONE',  ( -1.000000000000000000, 0.000000000000000000, 0.000000000000000000 ) ) ;
#778 = CIRCLE ( 'NONE', #868, 1.650000000000000355 ) ;
#779 = AXIS2_PLACEMENT_3D ( 'NONE', #2775, #2393, #1747 ) ;
#780 = EDGE_CURVE ( 'NONE', #856, #973, #1805, .T. ) ;
#781 = DIRECTION ( 'NONE',  ( -9.251858538543007326E-16, 1.000000000000000000, -0.000000000000000000 ) ) ;
#782 = EDGE_CURVE ( 'NONE', #590, #1398, #541, .T. ) ;
#783 = EDGE_LOOP ( 'NONE', ( #1199, #286, #752, #523 ) ) ;
#784 = DIRECTION ( 'NONE',  ( -0.000000000000000000, -0.000000000000000000, 1.000000000000000000 ) ) ;
#785 = CARTESIAN_POINT ( 'NONE',  ( -8.275000000000144240, 154.0000000000000568, 0.000000000000000000 ) ) ;
#786 = ORIENTED_EDGE ( 'NONE', *, *, #262, .T. ) ;
#787 = CIRCLE ( 'NONE', #1149, 1.324999999999999512 ) ;
#788 = ORIENTED_EDGE ( 'NONE', *, *, #1465, .T. ) ;
#789 = LINE ( 'NONE', #2087, #1316 ) ;
#790 = PLANE ( 'NONE',  #1188 ) ;
#791 = ORIENTED_EDGE ( 'NONE', *, *, #2217, .F. ) ;
#792 = DIRECTION ( 'NONE',  ( -0.000000000000000000, -0.000000000000000000, 1.000000000000000000 ) ) ;
#793 = DIRECTION ( 'NONE',  ( 0.000000000000000000, 0.000000000000000000, -1.000000000000000000 ) ) ;
#794 = ORIENTED_EDGE ( 'NONE', *, *, #2218, .T. ) ;
#795 = DIRECTION ( 'NONE',  ( -1.000000000000000000, 0.000000000000000000, 0.000000000000000000 ) ) ;
#796 = DIRECTION ( 'NONE',  ( -0.000000000000000000, -0.000000000000000000, 1.000000000000000000 ) ) ;
#797 = ORIENTED_EDGE ( 'NONE', *, *, #1381, .F. ) ;
#798 = DIRECTION ( 'NONE',  ( -1.000000000000000000, 0.000000000000000000, 0.000000000000000000 ) ) ;
#799 = EDGE_CURVE ( 'NONE', #562, #1776, #2097, .T. ) ;
#800 = ORIENTED_EDGE ( 'NONE', *, *, #1411, .T. ) ;
#801 = FACE_BOUND ( 'NONE', #585, .T. ) ;
#802 = VECTOR ( 'NONE', #1642, 1000.000000000000000 ) ;
#803 = CARTESIAN_POINT ( 'NONE',  ( -1.675000000000000044, 2.051283388571816641E-16, -59.00000000000000711 ) ) ;
#804 = AXIS2_PLACEMENT_3D ( 'NONE', #1691, #2355, #628 ) ;
#805 = CARTESIAN_POINT ( 'NONE',  ( 7.000000000000000000, -4.888073874380386697E-14, 41.00000000000000711 ) ) ;
#806 = ORIENTED_EDGE ( 'NONE', *, *, #1694, .F. ) ;
#807 = FACE_BOUND ( 'NONE', #1702, .T. ) ;
#808 = DIRECTION ( 'NONE',  ( -0.000000000000000000, -0.000000000000000000, 1.000000000000000000 ) ) ;
#809 = AXIS2_PLACEMENT_3D ( 'NONE', #2209, #2813, #2603 ) ;
#810 = AXIS2_PLACEMENT_3D ( 'NONE', #1770, #2012, #239 ) ;
#811 = ORIENTED_EDGE ( 'NONE', *, *, #639, .F. ) ;
#812 = EDGE_CURVE ( 'NONE', #1803, #1773, #137, .T. ) ;
#813 = VECTOR ( 'NONE', #1884, 1000.000000000000000 ) ;
#814 = CIRCLE ( 'NONE', #1547, 12.00000000000000178 ) ;
#815 = ADVANCED_FACE ( 'NONE', ( #559 ), #729, .F. ) ;
#816 = LINE ( 'NONE', #1916, #1140 ) ;
#817 = ADVANCED_FACE ( 'NONE', ( #330 ), #91, .F. ) ;
#818 = ORIENTED_EDGE ( 'NONE', *, *, #1450, .T. ) ;
#819 = FACE_BOUND ( 'NONE', #128, .T. ) ;
#820 = CARTESIAN_POINT ( 'NONE',  ( 4.999999999999794831, 90.00000000000000000, 50.00000000000000000 ) ) ;
#821 = DIRECTION ( 'NONE',  ( -1.000000000000000000, 0.000000000000000000, 0.000000000000000000 ) ) ;
#822 = ORIENTED_EDGE ( 'NONE', *, *, #1060, .T. ) ;
#823 = LINE ( 'NONE', #1697, #577 ) ;
#824 = CIRCLE ( 'NONE', #54, 1.649999999999999467 ) ;
#825 = CARTESIAN_POINT ( 'NONE',  ( 0.000000000000000000, 0.000000000000000000, -41.00000000000000000 ) ) ;
#826 = ORIENTED_EDGE ( 'NONE', *, *, #553, .T. ) ;
#827 = CARTESIAN_POINT ( 'NONE',  ( 1.324999999999926237, -7.000000000000000888, -69.99999999999998579 ) ) ;
#828 = ORIENTED_EDGE ( 'NONE', *, *, #799, .T. ) ;
#829 = CARTESIAN_POINT ( 'NONE',  ( 1.274999999999891331, 145.0000000000000568, -7.000000000000000000 ) ) ;
#830 = ADVANCED_BREP_SHAPE_REPRESENTATION ( 'leg2', ( #2121, #920 ), #2653 ) ;
#831 = CARTESIAN_POINT ( 'NONE',  ( -15.00000000000001954, 155.0000000000000284, 50.00000000000000000 ) ) ;
#832 = DIRECTION ( 'NONE',  ( -9.251858538543007326E-16, 1.000000000000000000, -0.000000000000000000 ) ) ;
#833 = VERTEX_POINT ( 'NONE', #712 ) ;
#834 = EDGE_CURVE ( 'NONE', #457, #1901, #2644, .T. ) ;
#835 = LINE ( 'NONE', #1710, #2479 ) ;
#836 = DIRECTION ( 'NONE',  ( 0.000000000000000000, 0.000000000000000000, 1.000000000000000000 ) ) ;
#837 = ORIENTED_EDGE ( 'NONE', *, *, #1376, .F. ) ;
#838 = DIRECTION ( 'NONE',  ( 9.251858538543005354E-16, -1.000000000000000000, 0.000000000000000000 ) ) ;
#839 = VERTEX_POINT ( 'NONE', #2247 ) ;
#840 = FACE_BOUND ( 'NONE', #1743, .T. ) ;
#841 = LINE ( 'NONE', #1347, #178 ) ;
#842 = ADVANCED_FACE ( 'NONE', ( #945 ), #1815, .T. ) ;
#844 = VECTOR ( 'NONE', #225, 1000.000000000000000 ) ;
#843 = CARTESIAN_POINT ( 'NONE',  ( -14.99999999999999822, -1.843146659666174765E-15, 38.00000000000000000 ) ) ;
#845 = PRODUCT_DEFINITION_SHAPE ( 'NONE', 'NONE',  #1819 ) ;
#846 = EDGE_LOOP ( 'NONE', ( #2771, #1244, #1828, #1656 ) ) ;
#847 = EDGE_CURVE ( 'NONE', #2657, #89, #514, .T. ) ;
#848 = EDGE_CURVE ( 'NONE', #1709, #562, #1663, .T. ) ;
#849 = DIRECTION ( 'NONE',  ( 0.000000000000000000, 0.000000000000000000, -1.000000000000000000 ) ) ;
#850 = CARTESIAN_POINT ( 'NONE',  ( 5.000000000000000000, 30.00000000000000000, -79.99999999999997158 ) ) ;
#851 = AXIS2_PLACEMENT_3D ( 'NONE', #1206, #1838, #1407 ) ;
#852 = VERTEX_POINT ( 'NONE', #2533 ) ;
#853 = CIRCLE ( 'NONE', #356, 1.649999999999999467 ) ;
#854 = CIRCLE ( 'NONE', #2093, 1.324999999999998845 ) ;
#855 = CARTESIAN_POINT ( 'NONE',  ( -15.00000000000001421, 139.9999999999999716, 50.00000000000000000 ) ) ;
#856 = VERTEX_POINT ( 'NONE', #342 ) ;
#857 = CARTESIAN_POINT ( 'NONE',  ( -14.99999999999999822, -1.843146659666174765E-15, -50.00000000000000000 ) ) ;
#858 = AXIS2_PLACEMENT_3D ( 'NONE', #2319, #1046, #2333 ) ;
#859 = VECTOR ( 'NONE', #2302, 1000.000000000000000 ) ;
#860 = CARTESIAN_POINT ( 'NONE',  ( 14.99999999999986677, 155.0000000000000568, -50.00000000000000000 ) ) ;
#861 = DIRECTION ( 'NONE',  ( 1.000000000000000000, 0.000000000000000000, 0.000000000000000000 ) ) ;
#862 = CYLINDRICAL_SURFACE ( 'NONE', #951, 1.600000000000000089 ) ;
#863 = ORIENTED_EDGE ( 'NONE', *, *, #1609, .T. ) ;
#864 = DIRECTION ( 'NONE',  ( -1.000000000000000000, 0.000000000000000000, 0.000000000000000000 ) ) ;
#865 = EDGE_CURVE ( 'NONE', #1626, #1216, #1877, .T. ) ;
#866 = PLANE ( 'NONE',  #2685 ) ;
#867 = ORIENTED_EDGE ( 'NONE', *, *, #2452, .T. ) ;
#868 = AXIS2_PLACEMENT_3D ( 'NONE', #2020, #1391, #301 ) ;
#869 = EDGE_LOOP ( 'NONE', ( #254, #1585 ) ) ;
#870 = AXIS2_PLACEMENT_3D ( 'NONE', #2411, #2800, #1312 ) ;
#871 = FACE_OUTER_BOUND ( 'NONE', #2482, .T. ) ;
#872 = EDGE_LOOP ( 'NONE', ( #452, #2212 ) ) ;
#873 = CARTESIAN_POINT ( 'NONE',  ( 4.999999999999794831, 90.00000000000000000, -38.00000000000000000 ) ) ;
#874 = EDGE_CURVE ( 'NONE', #2809, #558, #789, .T. ) ;
#875 = LINE ( 'NONE', #5, #673 ) ;
#876 = DIRECTION ( 'NONE',  ( -1.000000000000000000, 0.000000000000000000, 0.000000000000000000 ) ) ;
#877 = CIRCLE ( 'NONE', #109, 1.650000000000000355 ) ;
#878 = FACE_OUTER_BOUND ( 'NONE', #1587, .T. ) ;
#879 = VERTEX_POINT ( 'NONE', #1070 ) ;
#880 = DIRECTION ( 'NONE',  ( -0.000000000000000000, 0.000000000000000000, 1.000000000000000000 ) ) ;
#881 = DIRECTION ( 'NONE',  ( 0.000000000000000000, 0.000000000000000000, -1.000000000000000000 ) ) ;
#882 = ORIENTED_EDGE ( 'NONE', *, *, #343, .T. ) ;
#883 = VERTEX_POINT ( 'NONE', #461 ) ;
#884 = ORIENTED_EDGE ( 'NONE', *, *, #1220, .F. ) ;
#885 = CARTESIAN_POINT ( 'NONE',  ( -7.111611317052176153E-32, 4.626378073151244910E-16, -50.00000000000000000 ) ) ;
#886 = ORIENTED_EDGE ( 'NONE', *, *, #1966, .T. ) ;
#887 = DIRECTION ( 'NONE',  ( -9.251858538543005354E-16, 1.000000000000000000, -0.000000000000000000 ) ) ;
#888 = ADVANCED_FACE ( 'NONE', ( #1348 ), #890, .F. ) ;
#889 = CYLINDRICAL_SURFACE ( 'NONE', #1466, 1.649999999999999467 ) ;
#890 = CYLINDRICAL_SURFACE ( 'NONE', #1086, 1.675000000000000044 ) ;
#891 = DIRECTION ( 'NONE',  ( 0.000000000000000000, 0.000000000000000000, -1.000000000000000000 ) ) ;
#892 = ORIENTED_EDGE ( 'NONE', *, *, #2762, .F. ) ;
#893 = DIRECTION ( 'NONE',  ( 1.000000000000000000, 0.000000000000000000, 0.000000000000000000 ) ) ;
#894 = VECTOR ( 'NONE', #1535, 1000.000000000000000 ) ;
#895 = LINE ( 'NONE', #2307, #492 ) ;
#896 = ORIENTED_EDGE ( 'NONE', *, *, #2781, .T. ) ;
#897 = ORIENTED_EDGE ( 'NONE', *, *, #2671, .T. ) ;
#898 = ORIENTED_EDGE ( 'NONE', *, *, #812, .T. ) ;
#899 = AXIS2_PLACEMENT_3D ( 'NONE', #473, #458, #426 ) ;
#900 = CARTESIAN_POINT ( 'NONE',  ( 10.90000000000000036, 0.000000000000000000, -41.00000000000000000 ) ) ;
#901 = EDGE_CURVE ( 'NONE', #1373, #1446, #234, .T. ) ;
#902 = ORIENTED_EDGE ( 'NONE', *, *, #369, .T. ) ;
#903 = LINE ( 'NONE', #2616, #1639 ) ;
#904 = ADVANCED_FACE ( 'NONE', ( #1564, #644, #1751, #692, #1961, #1517, #216, #2385, #1335, #1992, #2175, #2223 ), #1795, .T. ) ;
#905 = EDGE_CURVE ( 'NONE', #2015, #1422, #1725, .T. ) ;
#906 = FACE_OUTER_BOUND ( 'NONE', #2672, .T. ) ;
#907 = VECTOR ( 'NONE', #1117, 1000.000000000000000 ) ;
#908 = DIRECTION ( 'NONE',  ( -0.000000000000000000, 0.000000000000000000, 1.000000000000000000 ) ) ;
#909 = AXIS2_PLACEMENT_3D ( 'NONE', #1549, #249, #861 ) ;
#910 = DIRECTION ( 'NONE',  ( -1.000000000000000000, 0.000000000000000000, 0.000000000000000000 ) ) ;
#911 = EDGE_LOOP ( 'NONE', ( #1757, #1332, #2330, #1843, #1783, #2556 ) ) ;
#912 = DIRECTION ( 'NONE',  ( -0.000000000000000000, -0.000000000000000000, 1.000000000000000000 ) ) ;
#913 = LINE ( 'NONE', #451, #1268 ) ;
#914 = ORIENTED_EDGE ( 'NONE', *, *, #1915, .T. ) ;
#915 = CARTESIAN_POINT ( 'NONE',  ( 7.000000000000000000, -4.888073874380386697E-14, 50.00000000000000000 ) ) ;
#916 = AXIS2_PLACEMENT_3D ( 'NONE', #946, #502, #2664 ) ;
#917 = ORIENTED_EDGE ( 'NONE', *, *, #2379, .F. ) ;
#918 = ORIENTED_EDGE ( 'NONE', *, *, #560, .F. ) ;
#919 = DIRECTION ( 'NONE',  ( 1.000000000000000000, 0.000000000000000000, 0.000000000000000000 ) ) ;
#920 = AXIS2_PLACEMENT_3D ( 'NONE', #1128, #1603, #2470 ) ;
#921 = DIRECTION ( 'NONE',  ( -0.000000000000000000, 0.000000000000000000, 1.000000000000000000 ) ) ;
#922 = DIRECTION ( 'NONE',  ( -1.000000000000000000, 0.000000000000000000, 0.000000000000000000 ) ) ;
#923 = AXIS2_PLACEMENT_3D ( 'NONE', #1228, #2055, #751 ) ;
#924 = DIRECTION ( 'NONE',  ( -9.251858538543005354E-16, 1.000000000000000000, -0.000000000000000000 ) ) ;
#925 = ORIENTED_EDGE ( 'NONE', *, *, #782, .F. ) ;
#926 = CARTESIAN_POINT ( 'NONE',  ( 1.675000000000000044, 0.000000000000000000, -50.00000000000000000 ) ) ;
#927 = EDGE_LOOP ( 'NONE', ( #355, #2439 ) ) ;
#928 = EDGE_CURVE ( 'NONE', #1626, #1373, #2817, .T. ) ;
#929 = ORIENTED_EDGE ( 'NONE', *, *, #276, .T. ) ;
#930 = ORIENTED_EDGE ( 'NONE', *, *, #1914, .F. ) ;
#931 = EDGE_LOOP ( 'NONE', ( #2142, #2027, #929, #741 ) ) ;
#932 = DIRECTION ( 'NONE',  ( -1.000000000000000000, 0.000000000000000000, 0.000000000000000000 ) ) ;
#933 = CARTESIAN_POINT ( 'NONE',  ( -3.350000000000000089, 30.00000000000000000, -50.00000000000000000 ) ) ;
#934 = LINE ( 'NONE', #1807, #2756 ) ;
#935 = DIRECTION ( 'NONE',  ( 1.000000000000000000, 0.000000000000000000, 0.000000000000000000 ) ) ;
#936 = EDGE_CURVE ( 'NONE', #2226, #1926, #1780, .T. ) ;
#937 = EDGE_CURVE ( 'NONE', #2692, #64, #1285, .T. ) ;
#938 = DIRECTION ( 'NONE',  ( -0.000000000000000000, -0.000000000000000000, 1.000000000000000000 ) ) ;
#939 = EDGE_CURVE ( 'NONE', #1737, #2692, #1301, .T. ) ;
#940 = ORIENTED_EDGE ( 'NONE', *, *, #1323, .F. ) ;
#941 = ORIENTED_EDGE ( 'NONE', *, *, #1495, .F. ) ;
#942 = AXIS2_PLACEMENT_3D ( 'NONE', #2684, #2673, #2054 ) ;
#943 = ORIENTED_EDGE ( 'NONE', *, *, #2496, .T. ) ;
#944 = ORIENTED_EDGE ( 'NONE', *, *, #726, .T. ) ;
#945 = FACE_OUTER_BOUND ( 'NONE', #391, .T. ) ;
#946 = CARTESIAN_POINT ( 'NONE',  ( -5.000000000000206057, 90.00000000000000000, -79.99999999999997158 ) ) ;
#947 = CYLINDRICAL_SURFACE ( 'NONE', #238, 1.650000000000000355 ) ;
#948 = AXIS2_PLACEMENT_3D ( 'NONE', #2357, #2134, #1667 ) ;
#949 = PRESENTATION_STYLE_ASSIGNMENT (( #80 ) ) ;
#950 = AXIS2_PLACEMENT_3D ( 'NONE', #421, #2558, #161 ) ;
#951 = AXIS2_PLACEMENT_3D ( 'NONE', #646, #1782, #431 ) ;
#952 = AXIS2_PLACEMENT_3D ( 'NONE', #1847, #1203, #2072 ) ;
#953 = VECTOR ( 'NONE', #1239, 1000.000000000000000 ) ;
#954 = CYLINDRICAL_SURFACE ( 'NONE', #1227, 1.324999999999998845 ) ;
#955 = VERTEX_POINT ( 'NONE', #2814 ) ;
#956 = DIRECTION ( 'NONE',  ( 1.000000000000000000, 0.000000000000000000, 0.000000000000000000 ) ) ;
#957 = EDGE_CURVE ( 'NONE', #2577, #2107, #1882, .T. ) ;
#958 = DIRECTION ( 'NONE',  ( -9.929796448694826476E-16, 1.000000000000000000, 0.000000000000000000 ) ) ;
#959 = ORIENTED_EDGE ( 'NONE', *, *, #2126, .T. ) ;
#960 = ORIENTED_EDGE ( 'NONE', *, *, #2114, .F. ) ;
#961 = DIRECTION ( 'NONE',  ( -0.000000000000000000, -0.000000000000000000, 1.000000000000000000 ) ) ;
#962 = CARTESIAN_POINT ( 'NONE',  ( 14.99999999999986677, 155.0000000000000853, 35.00000000000001421 ) ) ;
#963 = ADVANCED_FACE ( 'NONE', ( #2619 ), #2008, .F. ) ;
#964 = CARTESIAN_POINT ( 'NONE',  ( -3.350000000000205702, 90.00000000000000000, -38.00000000000000000 ) ) ;
#965 = AXIS2_PLACEMENT_3D ( 'NONE', #1576, #487, #1362 ) ;
#966 = FACE_BOUND ( 'NONE', #1772, .T. ) ;
#967 = CARTESIAN_POINT ( 'NONE',  ( -5.675000000000001599, 0.000000000000000000, 41.00000000000000711 ) ) ;
#968 = FACE_BOUND ( 'NONE', #1889, .T. ) ;
#969 = ORIENTED_EDGE ( 'NONE', *, *, #2671, .F. ) ;
#970 = ORIENTED_EDGE ( 'NONE', *, *, #834, .F. ) ;
#971 = AXIS2_PLACEMENT_3D ( 'NONE', #546, #2462, #278 ) ;
#972 = FACE_OUTER_BOUND ( 'NONE', #2436, .T. ) ;
#973 = VERTEX_POINT ( 'NONE', #264 ) ;
#974 = ORIENTED_EDGE ( 'NONE', *, *, #2366, .T. ) ;
#975 = DIRECTION ( 'NONE',  ( -9.251858538543005354E-16, 1.000000000000000000, 0.000000000000000000 ) ) ;
#976 = EDGE_CURVE ( 'NONE', #1511, #1524, #877, .T. ) ;
#977 = CARTESIAN_POINT ( 'NONE',  ( -8.324999999999999289, 1.622657008870241748E-16, -69.99999999999998579 ) ) ;
#978 = DIRECTION ( 'NONE',  ( -0.000000000000000000, -0.000000000000000000, 1.000000000000000000 ) ) ;
#979 = DIRECTION ( 'NONE',  ( -0.000000000000000000, -0.000000000000000000, 1.000000000000000000 ) ) ;
#980 = EDGE_CURVE ( 'NONE', #2611, #2541, #603, .T. ) ;
#981 = DIRECTION ( 'NONE',  ( -0.000000000000000000, -0.000000000000000000, 1.000000000000000000 ) ) ;
#982 = FACE_OUTER_BOUND ( 'NONE', #1886, .T. ) ;
#983 = EDGE_LOOP ( 'NONE', ( #2308, #115, #2655, #1062 ) ) ;
#984 = DIRECTION ( 'NONE',  ( -0.000000000000000000, -0.000000000000000000, 1.000000000000000000 ) ) ;
#985 = CARTESIAN_POINT ( 'NONE',  ( -1.275000000000110489, 145.0000000000000568, -7.000000000000000000 ) ) ;
#986 = EDGE_LOOP ( 'NONE', ( #2298, #1804, #2638, #1787 ) ) ;
#987 = ORIENTED_EDGE ( 'NONE', *, *, #2581, .T. ) ;
#988 = FACE_BOUND ( 'NONE', #2621, .T. ) ;
#989 = DIRECTION ( 'NONE',  ( -1.000000000000000000, 0.000000000000000000, 0.000000000000000000 ) ) ;
#990 = LINE ( 'NONE', #2507, #1336 ) ;
#991 = CYLINDRICAL_SURFACE ( 'NONE', #1127, 1.650000000000000355 ) ;
#992 = EDGE_CURVE ( 'NONE', #485, #879, #2665, .T. ) ;
#993 = EDGE_CURVE ( 'NONE', #1814, #1714, #488, .T. ) ;
#994 = LINE ( 'NONE', #2742, #1498 ) ;
#995 = VECTOR ( 'NONE', #792, 1000.000000000000000 ) ;
#996 = CIRCLE ( 'NONE', #1865, 1.649999999999999467 ) ;
#997 = DIRECTION ( 'NONE',  ( 0.000000000000000000, 0.000000000000000000, -1.000000000000000000 ) ) ;
#998 = EDGE_LOOP ( 'NONE', ( #316, #623 ) ) ;
#999 = CIRCLE ( 'NONE', #1080, 1.650000000000000355 ) ;
#1000 = CYLINDRICAL_SURFACE ( 'NONE', #1488, 10.90000000000000036 ) ;
#1001 = AXIS2_PLACEMENT_3D ( 'NONE', #2346, #1922, #1250 ) ;
#1002 = DIRECTION ( 'NONE',  ( -6.542051911182428863E-16, 0.7071067811865484609, -0.7071067811865465735 ) ) ;
#1003 = ORIENTED_EDGE ( 'NONE', *, *, #1744, .F. ) ;
#1004 = ORIENTED_EDGE ( 'NONE', *, *, #1112, .T. ) ;
#1005 = CARTESIAN_POINT ( 'NONE',  ( -1.675000000000000044, 0.000000000000000000, 59.00000000000000711 ) ) ;
#1006 = DIRECTION ( 'NONE',  ( -0.000000000000000000, 0.000000000000000000, 1.000000000000000000 ) ) ;
#1007 = ORIENTED_EDGE ( 'NONE', *, *, #453, .F. ) ;
#1008 = DIRECTION ( 'NONE',  ( -0.000000000000000000, 0.000000000000000000, 1.000000000000000000 ) ) ;
#1009 = AXIS2_PLACEMENT_3D ( 'NONE', #1334, #2431, #2589 ) ;
#1010 = LINE ( 'NONE', #1223, #813 ) ;
#1011 = ORIENTED_EDGE ( 'NONE', *, *, #865, .T. ) ;
#1012 = DIRECTION ( 'NONE',  ( 0.000000000000000000, 0.000000000000000000, -1.000000000000000000 ) ) ;
#1013 = ADVANCED_FACE ( 'NONE', ( #1378 ), #1607, .F. ) ;
#1014 = DIRECTION ( 'NONE',  ( 0.000000000000000000, 0.000000000000000000, -1.000000000000000000 ) ) ;
#1015 = AXIS2_PLACEMENT_3D ( 'NONE', #2048, #2249, #1633 ) ;
#1016 = ORIENTED_EDGE ( 'NONE', *, *, #206, .T. ) ;
#1017 = CARTESIAN_POINT ( 'NONE',  ( -5.725000000000133760, 145.0000000000000568, 1.561424668912880880E-16 ) ) ;
#1018 = ORIENTED_EDGE ( 'NONE', *, *, #1165, .T. ) ;
#1019 = CARTESIAN_POINT ( 'NONE',  ( 15.00000000000001599, 1.489469467304225687E-14, -38.00000000000000000 ) ) ;
#1020 = DIRECTION ( 'NONE',  ( -9.251858538543005354E-16, 1.000000000000000000, -0.000000000000000000 ) ) ;
#1021 = CARTESIAN_POINT ( 'NONE',  ( -6.649999999999999467, 30.00000000000000000, 50.00000000000000000 ) ) ;
#1022 = ORIENTED_EDGE ( 'NONE', *, *, #105, .T. ) ;
#1023 = CARTESIAN_POINT ( 'NONE',  ( -7.332110811570580046E-14, -7.000000000000000888, 41.00000000000000711 ) ) ;
#1024 = EDGE_CURVE ( 'NONE', #472, #373, #1746, .T. ) ;
#1025 = EDGE_CURVE ( 'NONE', #1184, #1534, #2154, .T. ) ;
#1026 = DIRECTION ( 'NONE',  ( 1.000000000000000000, 0.000000000000000000, 0.000000000000000000 ) ) ;
#1027 = ORIENTED_EDGE ( 'NONE', *, *, #2459, .F. ) ;
#1028 = LINE ( 'NONE', #2534, #2371 ) ;
#1029 = ORIENTED_EDGE ( 'NONE', *, *, #675, .F. ) ;
#1030 = FACE_BOUND ( 'NONE', #2667, .T. ) ;
#1031 = AXIS2_PLACEMENT_3D ( 'NONE', #1924, #1091, #433 ) ;
#1032 = FACE_OUTER_BOUND ( 'NONE', #661, .T. ) ;
#1033 = AXIS2_PLACEMENT_3D ( 'NONE', #2777, #2331, #1902 ) ;
#1034 = DIRECTION ( 'NONE',  ( -1.000000000000000000, 0.000000000000000000, 0.000000000000000000 ) ) ;
#1035 = ORIENTED_EDGE ( 'NONE', *, *, #2545, .F. ) ;
#1036 = FACE_BOUND ( 'NONE', #471, .T. ) ;
#1037 = LINE ( 'NONE', #2786, #1081 ) ;
#1038 = MECHANICAL_DESIGN_GEOMETRIC_PRESENTATION_REPRESENTATION (  '', ( #2044 ), #1724 ) ;
#1039 = AXIS2_PLACEMENT_3D ( 'NONE', #1400, #1014, #354 ) ;
#1040 = VERTEX_POINT ( 'NONE', #517 ) ;
#1041 = VECTOR ( 'NONE', #194, 1000.000000000000000 ) ;
#1042 = CYLINDRICAL_SURFACE ( 'NONE', #2560, 10.90000000000000036 ) ;
#1043 = VERTEX_POINT ( 'NONE', #290 ) ;
#1044 = DIRECTION ( 'NONE',  ( -0.000000000000000000, -0.000000000000000000, -1.000000000000000000 ) ) ;
#1045 = ADVANCED_FACE ( 'NONE', ( #775 ), #2710, .F. ) ;
#1046 = DIRECTION ( 'NONE',  ( -0.000000000000000000, -0.000000000000000000, 1.000000000000000000 ) ) ;
#1047 = CIRCLE ( 'NONE', #409, 1.324999999999999512 ) ;
#1048 = CARTESIAN_POINT ( 'NONE',  ( 4.999999999999794831, 90.00000000000000000, -38.00000000000000000 ) ) ;
#1049 = ORIENTED_EDGE ( 'NONE', *, *, #905, .F. ) ;
#1050 = DIRECTION ( 'NONE',  ( 1.000000000000000000, 0.000000000000000000, 0.000000000000000000 ) ) ;
#1051 = CIRCLE ( 'NONE', #2604, 10.75000000000000000 ) ;
#1052 = DIRECTION ( 'NONE',  ( 0.000000000000000000, 0.000000000000000000, 1.000000000000000000 ) ) ;
#1053 = VERTEX_POINT ( 'NONE', #1822 ) ;
#1054 = DIRECTION ( 'NONE',  ( -0.000000000000000000, -0.000000000000000000, 1.000000000000000000 ) ) ;
#1055 = ORIENTED_EDGE ( 'NONE', *, *, #1202, .T. ) ;
#1056 = LINE ( 'NONE', #376, #37 ) ;
#1057 = ADVANCED_FACE ( 'NONE', ( #2031 ), #947, .F. ) ;
#1058 = EDGE_CURVE ( 'NONE', #1926, #2205, #2707, .T. ) ;
#1059 = CARTESIAN_POINT ( 'NONE',  ( -1.424786214935623282E-13, 154.0000000000000568, 0.000000000000000000 ) ) ;
#1060 = EDGE_CURVE ( 'NONE', #256, #1053, #1205, .T. ) ;
#1061 = CARTESIAN_POINT ( 'NONE',  ( 3.350000000000000533, 30.00000000000000000, 50.00000000000000000 ) ) ;
#1062 = ORIENTED_EDGE ( 'NONE', *, *, #726, .F. ) ;
#1063 = LINE ( 'NONE', #2198, #2351 ) ;
#1064 = PLANE ( 'NONE',  #1494 ) ;
#1065 = EDGE_LOOP ( 'NONE', ( #1628, #1077, #1754, #1110 ) ) ;
#1066 = CARTESIAN_POINT ( 'NONE',  ( -1.424786214935623282E-13, 154.0000000000000568, 0.000000000000000000 ) ) ;
#1067 = ORIENTED_EDGE ( 'NONE', *, *, #1885, .T. ) ;
#1068 = FACE_BOUND ( 'NONE', #627, .T. ) ;
#1069 = FACE_OUTER_BOUND ( 'NONE', #699, .T. ) ;
#1070 = CARTESIAN_POINT ( 'NONE',  ( -8.324999999999999289, 1.622657008870241995E-16, -41.00000000000000000 ) ) ;
#1071 = EDGE_CURVE ( 'NONE', #1141, #2226, #1379, .T. ) ;
#1072 = EDGE_CURVE ( 'NONE', #373, #1802, #530, .T. ) ;
#1073 = LINE ( 'NONE', #1979, #1953 ) ;
#1074 = ORIENTED_EDGE ( 'NONE', *, *, #2332, .T. ) ;
#1075 = CYLINDRICAL_SURFACE ( 'NONE', #755, 1.650000000000000355 ) ;
#1076 = CARTESIAN_POINT ( 'NONE',  ( -6.650000000000000355, 65.00000000000000000, -50.00000000000000000 ) ) ;
#1077 = ORIENTED_EDGE ( 'NONE', *, *, #2417, .T. ) ;
#1078 = CIRCLE ( 'NONE', #1861, 1.275000000000000133 ) ;
#1079 = ORIENTED_EDGE ( 'NONE', *, *, #2632, .F. ) ;
#1080 = AXIS2_PLACEMENT_3D ( 'NONE', #97, #1380, #2032 ) ;
#1081 = VECTOR ( 'NONE', #808, 1000.000000000000000 ) ;
#1082 = CARTESIAN_POINT ( 'NONE',  ( 6.999999999999866773, 145.0000000000000568, 4.888073874380386697E-14 ) ) ;
#1083 = ORIENTED_EDGE ( 'NONE', *, *, #332, .T. ) ;
#1084 = CYLINDRICAL_SURFACE ( 'NONE', #2498, 1.324999999999998845 ) ;
#1085 = AXIS2_PLACEMENT_3D ( 'NONE', #805, #2111, #579 ) ;
#1086 = AXIS2_PLACEMENT_3D ( 'NONE', #2635, #2415, #1088 ) ;
#1087 = CARTESIAN_POINT ( 'NONE',  ( 15.00000000000001599, 2.768419307855609675E-15, 50.00000000000000000 ) ) ;
#1088 = DIRECTION ( 'NONE',  ( -1.000000000000000000, 0.000000000000000000, 0.000000000000000000 ) ) ;
#1089 = DIRECTION ( 'NONE',  ( -0.000000000000000000, -0.000000000000000000, 1.000000000000000000 ) ) ;
#1090 = ORIENTED_EDGE ( 'NONE', *, *, #2126, .F. ) ;
#1091 = DIRECTION ( 'NONE',  ( -0.000000000000000000, -0.000000000000000000, 1.000000000000000000 ) ) ;
#1092 = CARTESIAN_POINT ( 'NONE',  ( -5.725000000000142641, 154.0000000000000568, 1.561424668912875703E-16 ) ) ;
#1093 = ORIENTED_EDGE ( 'NONE', *, *, #2366, .F. ) ;
#1094 = AXIS2_PLACEMENT_3D ( 'NONE', #139, #362, #989 ) ;
#1095 = ORIENTED_EDGE ( 'NONE', *, *, #2203, .F. ) ;
#1096 = ADVANCED_FACE ( 'NONE', ( #2696 ), #2261, .F. ) ;
#1097 = ORIENTED_EDGE ( 'NONE', *, *, #126, .T. ) ;
#1098 = CARTESIAN_POINT ( 'NONE',  ( -1.341519488088736289E-13, 145.0000000000000568, 0.000000000000000000 ) ) ;
#1099 = EDGE_LOOP ( 'NONE', ( #1468, #1956 ) ) ;
#1100 = DIRECTION ( 'NONE',  ( 0.000000000000000000, 0.000000000000000000, -1.000000000000000000 ) ) ;
#1101 = DIRECTION ( 'NONE',  ( 1.000000000000000000, 0.000000000000000000, 0.000000000000000000 ) ) ;
#1102 = CARTESIAN_POINT ( 'NONE',  ( 7.000000000000000000, -4.888073874380386697E-14, -69.99999999999998579 ) ) ;
#1103 = AXIS2_PLACEMENT_3D ( 'NONE', #23, #53, #922 ) ;
#1104 = CARTESIAN_POINT ( 'NONE',  ( -5.000000000000000000, 30.00000000000000000, -50.00000000000000000 ) ) ;
#1105 = ORIENTED_EDGE ( 'NONE', *, *, #1990, .T. ) ;
#1106 = CARTESIAN_POINT ( 'NONE',  ( 3.350000000000000533, 30.00000000000000000, -79.99999999999997158 ) ) ;
#1107 = ADVANCED_FACE ( 'NONE', ( #95 ), #731, .F. ) ;
#1108 = CARTESIAN_POINT ( 'NONE',  ( -1.434038073474166169E-13, 155.0000000000000568, 35.00000000000001421 ) ) ;
#1109 = VERTEX_POINT ( 'NONE', #1364 ) ;
#1110 = ORIENTED_EDGE ( 'NONE', *, *, #1187, .F. ) ;
#1111 = EDGE_CURVE ( 'NONE', #955, #1341, #990, .T. ) ;
#1112 = EDGE_CURVE ( 'NONE', #2016, #2365, #1172, .T. ) ;
#1113 = EDGE_LOOP ( 'NONE', ( #1095, #82, #2392, #2246, #2245, #2410 ) ) ;
#1114 = CARTESIAN_POINT ( 'NONE',  ( -5.000000000000206057, 90.00000000000000000, -79.99999999999997158 ) ) ;
#1115 = ORIENTED_EDGE ( 'NONE', *, *, #1947, .F. ) ;
#1116 = CARTESIAN_POINT ( 'NONE',  ( 0.000000000000000000, 0.000000000000000000, -38.00000000000000000 ) ) ;
#1117 = DIRECTION ( 'NONE',  ( 9.251858538543005354E-16, -1.000000000000000000, -0.000000000000000000 ) ) ;
#1118 = CARTESIAN_POINT ( 'NONE',  ( 5.000000000000000000, 30.00000000000000000, 37.99999999999999289 ) ) ;
#1119 = DIRECTION ( 'NONE',  ( -1.196361017915039486E-16, 1.000000000000000000, 0.000000000000000000 ) ) ;
#1120 = ORIENTED_EDGE ( 'NONE', *, *, #2322, .F. ) ;
#1121 = CYLINDRICAL_SURFACE ( 'NONE', #716, 1.324999999999999734 ) ;
#1122 = AXIS2_PLACEMENT_3D ( 'NONE', #129, #2125, #170 ) ;
#1123 = DIRECTION ( 'NONE',  ( -1.000000000000000000, -9.251858538543005354E-16, 0.000000000000000000 ) ) ;
#1124 = ORIENTED_EDGE ( 'NONE', *, *, #2299, .F. ) ;
#1125 = ORIENTED_EDGE ( 'NONE', *, *, #2289, .T. ) ;
#1126 = VERTEX_POINT ( 'NONE', #964 ) ;
#1127 = AXIS2_PLACEMENT_3D ( 'NONE', #2077, #2711, #1393 ) ;
#1128 = CARTESIAN_POINT ( 'NONE',  ( 0.000000000000000000, 0.000000000000000000, 0.000000000000000000 ) ) ;
#1129 = ORIENTED_EDGE ( 'NONE', *, *, #1569, .T. ) ;
#1130 = DIRECTION ( 'NONE',  ( 0.000000000000000000, 0.000000000000000000, -1.000000000000000000 ) ) ;
#1131 = AXIS2_PLACEMENT_3D ( 'NONE', #1483, #1687, #408 ) ;
#1132 = CARTESIAN_POINT ( 'NONE',  ( 1.599999999999857536, 154.0000000000000568, 1.959434878635765230E-16 ) ) ;
#1133 = CARTESIAN_POINT ( 'NONE',  ( 1.274999999999895106, 35.00000000000007105, 7.000000000000000888 ) ) ;
#1134 = EDGE_CURVE ( 'NONE', #1988, #1152, #377, .T. ) ;
#1135 = DIRECTION ( 'NONE',  ( 1.000000000000000000, 0.000000000000000000, 0.000000000000000000 ) ) ;
#1136 = VERTEX_POINT ( 'NONE', #1146 ) ;
#1137 = CARTESIAN_POINT ( 'NONE',  ( -5.000000000000206057, 90.00000000000000000, -50.00000000000000000 ) ) ;
#1138 = ORIENTED_EDGE ( 'NONE', *, *, #190, .F. ) ;
#1139 = ORIENTED_EDGE ( 'NONE', *, *, #1447, .T. ) ;
#1140 = VECTOR ( 'NONE', #2131, 1000.000000000000000 ) ;
#1141 = VERTEX_POINT ( 'NONE', #2021 ) ;
#1142 = ORIENTED_EDGE ( 'NONE', *, *, #1147, .F. ) ;
#1143 = DIRECTION ( 'NONE',  ( 0.000000000000000000, 0.000000000000000000, -1.000000000000000000 ) ) ;
#1144 = AXIS2_PLACEMENT_3D ( 'NONE', #1098, #838, #456 ) ;
#1145 = CARTESIAN_POINT ( 'NONE',  ( 5.000000000000000000, 65.00000000000000000, -38.00000000000000000 ) ) ;
#1146 = CARTESIAN_POINT ( 'NONE',  ( 1.324999999999926237, -7.000000000000000888, -50.00000000000000000 ) ) ;
#1147 = EDGE_CURVE ( 'NONE', #2514, #2220, #934, .T. ) ;
#1148 = ADVANCED_FACE ( 'NONE', ( #1593 ), #503, .T. ) ;
#1149 = AXIS2_PLACEMENT_3D ( 'NONE', #87, #148, #1614 ) ;
#1150 = DIRECTION ( 'NONE',  ( 0.000000000000000000, 0.000000000000000000, -1.000000000000000000 ) ) ;
#1151 = CARTESIAN_POINT ( 'NONE',  ( 6.650000000000000355, 65.00000000000000000, -38.00000000000000000 ) ) ;
#1152 = VERTEX_POINT ( 'NONE', #2468 ) ;
#1153 = EDGE_LOOP ( 'NONE', ( #227, #2138 ) ) ;
#1154 = EDGE_LOOP ( 'NONE', ( #1789, #647 ) ) ;
#1155 = EDGE_LOOP ( 'NONE', ( #315, #637 ) ) ;
#1156 = CARTESIAN_POINT ( 'NONE',  ( -5.000000000000000000, 30.00000000000000000, -38.00000000000000000 ) ) ;
#1157 = DIRECTION ( 'NONE',  ( 0.000000000000000000, 0.000000000000000000, -1.000000000000000000 ) ) ;
#1158 = CARTESIAN_POINT ( 'NONE',  ( -5.000000000000000000, 65.00000000000000000, -69.99999999999998579 ) ) ;
#1159 = SURFACE_SIDE_STYLE ('',( #68 ) ) ;
#1160 = EDGE_CURVE ( 'NONE', #183, #1613, #285, .T. ) ;
#1161 = DIRECTION ( 'NONE',  ( 1.000000000000000000, 0.000000000000000000, 0.000000000000000000 ) ) ;
#1162 = VERTEX_POINT ( 'NONE', #2269 ) ;
#1163 = DIRECTION ( 'NONE',  ( 0.000000000000000000, 0.000000000000000000, 1.000000000000000000 ) ) ;
#1164 = AXIS2_PLACEMENT_3D ( 'NONE', #597, #1657, #2101 ) ;
#1165 = EDGE_CURVE ( 'NONE', #1737, #2374, #1654, .T. ) ;
#1166 = LINE ( 'NONE', #2717, #41 ) ;
#1167 = VERTEX_POINT ( 'NONE', #2102 ) ;
#1168 = VERTEX_POINT ( 'NONE', #2256 ) ;
#1169 = CARTESIAN_POINT ( 'NONE',  ( -7.111611317052176153E-32, 4.626378073151244910E-16, 50.00000000000000000 ) ) ;
#1170 = VECTOR ( 'NONE', #2537, 1000.000000000000000 ) ;
#1171 = FACE_BOUND ( 'NONE', #2327, .T. ) ;
#1172 = LINE ( 'NONE', #2238, #2064 ) ;
#1173 = DIRECTION ( 'NONE',  ( -0.000000000000000000, -0.000000000000000000, 1.000000000000000000 ) ) ;
#1174 = AXIS2_PLACEMENT_3D ( 'NONE', #1249, #1904, #616 ) ;
#1175 = DIRECTION ( 'NONE',  ( 1.000000000000000000, 0.000000000000000000, 0.000000000000000000 ) ) ;
#1176 = AXIS2_PLACEMENT_3D ( 'NONE', #1137, #881, #1580 ) ;
#1177 = AXIS2_PLACEMENT_3D ( 'NONE', #1668, #2539, #367 ) ;
#1178 = AXIS2_PLACEMENT_3D ( 'NONE', #2288, #1435, #274 ) ;
#1179 = CARTESIAN_POINT ( 'NONE',  ( 6.999999999999857891, 154.0000000000000568, 4.888073874380386697E-14 ) ) ;
#1180 = ORIENTED_EDGE ( 'NONE', *, *, #2185, .F. ) ;
#1181 = LINE ( 'NONE', #2483, #484 ) ;
#1182 = EDGE_CURVE ( 'NONE', #679, #2734, #155, .T. ) ;
#1183 = DIRECTION ( 'NONE',  ( 1.000000000000000000, 0.000000000000000000, 0.000000000000000000 ) ) ;
#1184 = VERTEX_POINT ( 'NONE', #785 ) ;
#1185 = ORIENTED_EDGE ( 'NONE', *, *, #1658, .T. ) ;
#1186 = CARTESIAN_POINT ( 'NONE',  ( -7.000000000000000000, 0.000000000000000000, -69.99999999999998579 ) ) ;
#1187 = EDGE_CURVE ( 'NONE', #2541, #1998, #117, .T. ) ;
#1188 = AXIS2_PLACEMENT_3D ( 'NONE', #1899, #2766, #121 ) ;
#1189 = LINE ( 'NONE', #2709, #2652 ) ;
#1190 = CARTESIAN_POINT ( 'NONE',  ( 5.000000000000000000, 65.00000000000000000, 37.99999999999999289 ) ) ;
#1191 = AXIS2_PLACEMENT_3D ( 'NONE', #1145, #94, #1836 ) ;
#1192 = LINE ( 'NONE', #96, #93 ) ;
#1193 = CARTESIAN_POINT ( 'NONE',  ( 6.649999999999999467, 30.00000000000000000, 37.99999999999999289 ) ) ;
#1194 = DIRECTION ( 'NONE',  ( 1.000000000000000000, 0.000000000000000000, 0.000000000000000000 ) ) ;
#1195 = ORIENTED_EDGE ( 'NONE', *, *, #1304, .T. ) ;
#1196 = CARTESIAN_POINT ( 'NONE',  ( 14.99999999999987566, 145.0000000000000568, -22.99999999999986855 ) ) ;
#1197 = EDGE_CURVE ( 'NONE', #1998, #17, #417, .T. ) ;
#1198 = DIRECTION ( 'NONE',  ( 1.000000000000000000, 1.537187667026988118E-16, 0.000000000000000000 ) ) ;
#1199 = ORIENTED_EDGE ( 'NONE', *, *, #1799, .F. ) ;
#1200 = EDGE_CURVE ( 'NONE', #1776, #562, #787, .T. ) ;
#1201 = ORIENTED_EDGE ( 'NONE', *, *, #2114, .T. ) ;
#1202 = EDGE_CURVE ( 'NONE', #1355, #1473, #2609, .T. ) ;
#1203 = DIRECTION ( 'NONE',  ( -0.000000000000000000, -0.000000000000000000, -1.000000000000000000 ) ) ;
#1204 = CARTESIAN_POINT ( 'NONE',  ( 5.724999999999857536, 154.0000000000000568, 4.888073874380386697E-14 ) ) ;
#1205 = LINE ( 'NONE', #2489, #1699 ) ;
#1206 = CARTESIAN_POINT ( 'NONE',  ( -1.424786214935623282E-13, 154.0000000000000568, 0.000000000000000000 ) ) ;
#1207 = CARTESIAN_POINT ( 'NONE',  ( -1.202741610010591469E-13, 130.0000000000000853, -38.00000000000000000 ) ) ;
#1208 = FACE_BOUND ( 'NONE', #231, .T. ) ;
#1209 = ORIENTED_EDGE ( 'NONE', *, *, #306, .T. ) ;
#1210 = FACE_OUTER_BOUND ( 'NONE', #198, .T. ) ;
#1211 = DIRECTION ( 'NONE',  ( -1.000000000000000000, -9.251858538543005354E-16, 0.000000000000000000 ) ) ;
#1212 = ORIENTED_EDGE ( 'NONE', *, *, #624, .F. ) ;
#1213 = EDGE_LOOP ( 'NONE', ( #2625, #2390 ) ) ;
#1214 = CARTESIAN_POINT ( 'NONE',  ( -6.650000000000205524, 90.00000000000000000, -79.99999999999997158 ) ) ;
#1215 = DIRECTION ( 'NONE',  ( 0.000000000000000000, 0.000000000000000000, -1.000000000000000000 ) ) ;
#1216 = VERTEX_POINT ( 'NONE', #1444 ) ;
#1217 = CARTESIAN_POINT ( 'NONE',  ( -6.649999999999999467, 30.00000000000000000, 37.99999999999999289 ) ) ;
#1218 = DIRECTION ( 'NONE',  ( -1.000000000000000000, 0.000000000000000000, 0.000000000000000000 ) ) ;
#1219 = VECTOR ( 'NONE', #1276, 1000.000000000000000 ) ;
#1220 = EDGE_CURVE ( 'NONE', #1350, #740, #217, .T. ) ;
#1221 = VECTOR ( 'NONE', #1808, 1000.000000000000000 ) ;
#1222 = CIRCLE ( 'NONE', #445, 1.650000000000000355 ) ;
#1223 = CARTESIAN_POINT ( 'NONE',  ( -7.111611317052176153E-32, 4.626378073151244910E-16, -38.00000000000000000 ) ) ;
#1224 = EDGE_LOOP ( 'NONE', ( #2759, #2662 ) ) ;
#1225 = AXIS2_PLACEMENT_3D ( 'NONE', #2637, #1944, #58 ) ;
#1226 = DIRECTION ( 'NONE',  ( -0.000000000000000000, -0.000000000000000000, -1.000000000000000000 ) ) ;
#1227 = AXIS2_PLACEMENT_3D ( 'NONE', #1871, #114, #1161 ) ;
#1228 = CARTESIAN_POINT ( 'NONE',  ( -1.434038073474166169E-13, 155.0000000000000568, 0.000000000000000000 ) ) ;
#1229 = ORIENTED_EDGE ( 'NONE', *, *, #939, .T. ) ;
#1230 = VERTEX_POINT ( 'NONE', #2499 ) ;
#1231 = CARTESIAN_POINT ( 'NONE',  ( -10.75000000000014211, 154.0000000000000568, 0.000000000000000000 ) ) ;
#1232 = VERTEX_POINT ( 'NONE', #985 ) ;
#1233 = CARTESIAN_POINT ( 'NONE',  ( -1.325000000000072786, -7.000000000000000888, -41.00000000000000000 ) ) ;
#1234 = EDGE_CURVE ( 'NONE', #2188, #1802, #996, .T. ) ;
#1235 = LINE ( 'NONE', #388, #2092 ) ;
#1236 = AXIS2_PLACEMENT_3D ( 'NONE', #1606, #743, #2237 ) ;
#1237 = EDGE_CURVE ( 'NONE', #508, #384, #1166, .T. ) ;
#1238 = EDGE_CURVE ( 'NONE', #1109, #1162, #327, .T. ) ;
#1239 = DIRECTION ( 'NONE',  ( 0.000000000000000000, 0.000000000000000000, -1.000000000000000000 ) ) ;
#1240 = EDGE_LOOP ( 'NONE', ( #2784, #1298 ) ) ;
#1241 = LINE ( 'NONE', #2569, #1532 ) ;
#1242 = CARTESIAN_POINT ( 'NONE',  ( -7.000000000000000000, 0.000000000000000000, 50.00000000000000000 ) ) ;
#1243 = AXIS2_PLACEMENT_3D ( 'NONE', #2276, #67, #757 ) ;
#1244 = ORIENTED_EDGE ( 'NONE', *, *, #847, .T. ) ;
#1245 = CARTESIAN_POINT ( 'NONE',  ( 6.649999999999999467, 30.00000000000000000, -38.00000000000000000 ) ) ;
#1246 = ORIENTED_EDGE ( 'NONE', *, *, #2668, .T. ) ;
#1247 = FACE_BOUND ( 'NONE', #259, .T. ) ;
#1248 = CIRCLE ( 'NONE', #1978, 10.90000000000000036 ) ;
#1249 = CARTESIAN_POINT ( 'NONE',  ( 5.000000000000000000, 30.00000000000000000, -79.99999999999997158 ) ) ;
#1250 = DIRECTION ( 'NONE',  ( -1.000000000000000000, 0.000000000000000000, 0.000000000000000000 ) ) ;
#1251 = ORIENTED_EDGE ( 'NONE', *, *, #158, .F. ) ;
#1252 = CYLINDRICAL_SURFACE ( 'NONE', #2728, 12.00000000000000178 ) ;
#1253 = CARTESIAN_POINT ( 'NONE',  ( 2.444036937190193349E-14, 7.000000000000000000, 50.00000000000000000 ) ) ;
#1254 = ORIENTED_EDGE ( 'NONE', *, *, #2289, .F. ) ;
#1255 = ADVANCED_FACE ( 'NONE', ( #2040 ), #2484, .F. ) ;
#1256 = LINE ( 'NONE', #827, #2416 ) ;
#1257 = ORIENTED_EDGE ( 'NONE', *, *, #1376, .T. ) ;
#1258 = PLANE ( 'NONE',  #1261 ) ;
#1259 = AXIS2_PLACEMENT_3D ( 'NONE', #1520, #880, #1755 ) ;
#1260 = CARTESIAN_POINT ( 'NONE',  ( -10.75000000000014211, 154.0000000000000568, 0.000000000000000000 ) ) ;
#1261 = AXIS2_PLACEMENT_3D ( 'NONE', #1703, #2145, #1929 ) ;
#1262 = CARTESIAN_POINT ( 'NONE',  ( 15.00000000000001599, 2.768419307855609675E-15, -38.00000000000000000 ) ) ;
#1263 = ORIENTED_EDGE ( 'NONE', *, *, #365, .T. ) ;
#1264 = DIRECTION ( 'NONE',  ( -0.000000000000000000, -0.000000000000000000, 1.000000000000000000 ) ) ;
#1265 = AXIS2_PLACEMENT_3D ( 'NONE', #1756, #2623, #697 ) ;
#1266 = CARTESIAN_POINT ( 'NONE',  ( 8.274999999999858247, 154.0000000000000568, 4.903688121069515997E-14 ) ) ;
#1267 = AXIS2_PLACEMENT_3D ( 'NONE', #2463, #734, #1366 ) ;
#1268 = VECTOR ( 'NONE', #2182, 1000.000000000000000 ) ;
#1269 = EDGE_LOOP ( 'NONE', ( #2715, #925 ) ) ;
#1270 = EDGE_CURVE ( 'NONE', #1473, #295, #103, .T. ) ;
#1271 = EDGE_CURVE ( 'NONE', #1773, #457, #770, .T. ) ;
#1272 = CIRCLE ( 'NONE', #2004, 1.650000000000000355 ) ;
#1273 = DIRECTION ( 'NONE',  ( 1.000000000000000000, 0.000000000000000000, 0.000000000000000000 ) ) ;
#1274 = ADVANCED_FACE ( 'NONE', ( #972 ), #1844, .T. ) ;
#1275 = EDGE_LOOP ( 'NONE', ( #410, #2119, #2736, #2024, #2235, #1035 ) ) ;
#1276 = DIRECTION ( 'NONE',  ( -0.000000000000000000, -0.000000000000000000, 1.000000000000000000 ) ) ;
#1277 = FACE_OUTER_BOUND ( 'NONE', #1513, .T. ) ;
#1278 = CIRCLE ( 'NONE', #1236, 1.649999999999999467 ) ;
#1279 = DIRECTION ( 'NONE',  ( -1.000000000000000000, 0.000000000000000000, 0.000000000000000000 ) ) ;
#1280 = ORIENTED_EDGE ( 'NONE', *, *, #607, .T. ) ;
#1281 = DIRECTION ( 'NONE',  ( -0.000000000000000000, -0.000000000000000000, 1.000000000000000000 ) ) ;
#1282 = CIRCLE ( 'NONE', #1788, 1.649999999999999467 ) ;
#1283 = DIRECTION ( 'NONE',  ( -1.000000000000000000, 0.000000000000000000, 0.000000000000000000 ) ) ;
#1284 = ORIENTED_EDGE ( 'NONE', *, *, #1324, .F. ) ;
#1285 = CIRCLE ( 'NONE', #1472, 1.275000000000000799 ) ;
#1286 = EDGE_CURVE ( 'NONE', #436, #2315, #2084, .T. ) ;
#1287 = DIRECTION ( 'NONE',  ( 1.000000000000000000, 0.000000000000000000, 0.000000000000000000 ) ) ;
#1288 = ADVANCED_FACE ( 'NONE', ( #568 ), #1925, .F. ) ;
#1289 = ORIENTED_EDGE ( 'NONE', *, *, #224, .F. ) ;
#1290 = CARTESIAN_POINT ( 'NONE',  ( -15.00000000000001954, 155.0000000000000284, 35.00000000000001421 ) ) ;
#1291 = CARTESIAN_POINT ( 'NONE',  ( -15.00000000000000711, 139.9999999999999716, 50.00000000000000000 ) ) ;
#1292 = DIRECTION ( 'NONE',  ( 0.000000000000000000, 0.000000000000000000, -1.000000000000000000 ) ) ;
#1293 = EDGE_LOOP ( 'NONE', ( #1662, #1936, #1329, #1139 ) ) ;
#1294 = CYLINDRICAL_SURFACE ( 'NONE', #2492, 1.324999999999998845 ) ;
#1295 = CARTESIAN_POINT ( 'NONE',  ( 5.000000000000000000, 65.00000000000000000, -69.99999999999998579 ) ) ;
#1296 = ORIENTED_EDGE ( 'NONE', *, *, #2568, .F. ) ;
#1297 = LINE ( 'NONE', #440, #505 ) ;
#1298 = ORIENTED_EDGE ( 'NONE', *, *, #382, .T. ) ;
#1299 = FACE_BOUND ( 'NONE', #2486, .T. ) ;
#1300 = CARTESIAN_POINT ( 'NONE',  ( 14.99999999999987566, 145.0000000000000568, 23.00000000000001421 ) ) ;
#1301 = LINE ( 'NONE', #1133, #2336 ) ;
#1302 = DIRECTION ( 'NONE',  ( -0.000000000000000000, -0.000000000000000000, 1.000000000000000000 ) ) ;
#1303 = ORIENTED_EDGE ( 'NONE', *, *, #1947, .T. ) ;
#1304 = EDGE_CURVE ( 'NONE', #1232, #508, #2181, .T. ) ;
#1305 = DIRECTION ( 'NONE',  ( -1.000000000000000000, 0.000000000000000000, 0.000000000000000000 ) ) ;
#1306 = DIRECTION ( 'NONE',  ( 1.000000000000000000, 0.000000000000000000, 0.000000000000000000 ) ) ;
#1307 = ORIENTED_EDGE ( 'NONE', *, *, #1674, .T. ) ;
#1308 = VERTEX_POINT ( 'NONE', #1266 ) ;
#1309 = VECTOR ( 'NONE', #474, 1000.000000000000000 ) ;
#1310 = ORIENTED_EDGE ( 'NONE', *, *, #2721, .T. ) ;
#1311 = AXIS2_PLACEMENT_3D ( 'NONE', #1800, #1741, #707 ) ;
#1312 = DIRECTION ( 'NONE',  ( -1.000000000000000000, 0.000000000000000000, 0.000000000000000000 ) ) ;
#1313 = EDGE_LOOP ( 'NONE', ( #974, #1811, #33, #2448 ) ) ;
#1314 = LINE ( 'NONE', #1762, #219 ) ;
#1315 = AXIS2_PLACEMENT_3D ( 'NONE', #705, #2196, #1135 ) ;
#1316 = VECTOR ( 'NONE', #704, 999.9999999999998863 ) ;
#1317 = DIRECTION ( 'NONE',  ( 0.000000000000000000, 0.000000000000000000, 1.000000000000000000 ) ) ;
#1318 = VECTOR ( 'NONE', #2213, 1000.000000000000000 ) ;
#1319 = DIRECTION ( 'NONE',  ( 1.000000000000000000, 0.000000000000000000, 0.000000000000000000 ) ) ;
#1320 = EDGE_CURVE ( 'NONE', #590, #1613, #1037, .T. ) ;
#1321 = DIRECTION ( 'NONE',  ( -9.251858538543007326E-16, 1.000000000000000000, -0.000000000000000000 ) ) ;
#1322 = EDGE_LOOP ( 'NONE', ( #2000, #2159 ) ) ;
#1323 = EDGE_CURVE ( 'NONE', #1544, #2300, #763, .T. ) ;
#1324 = EDGE_CURVE ( 'NONE', #1398, #183, #2128, .T. ) ;
#1325 = DIRECTION ( 'NONE',  ( -0.000000000000000000, -0.000000000000000000, 1.000000000000000000 ) ) ;
#1326 = CARTESIAN_POINT ( 'NONE',  ( -8.275000000000135358, 145.0000000000000568, 0.000000000000000000 ) ) ;
#1327 = ORIENTED_EDGE ( 'NONE', *, *, #2617, .F. ) ;
#1328 = AXIS2_PLACEMENT_3D ( 'NONE', #2329, #1006, #600 ) ;
#1329 = ORIENTED_EDGE ( 'NONE', *, *, #344, .F. ) ;
#1330 = VERTEX_POINT ( 'NONE', #636 ) ;
#1331 = CARTESIAN_POINT ( 'NONE',  ( 5.000000000000000000, 65.00000000000000000, -50.00000000000000000 ) ) ;
#1332 = ORIENTED_EDGE ( 'NONE', *, *, #2078, .T. ) ;
#1333 = FACE_OUTER_BOUND ( 'NONE', #2216, .T. ) ;
#1334 = CARTESIAN_POINT ( 'NONE',  ( -7.000000000000000000, 0.000000000000000000, -50.00000000000000000 ) ) ;
#1335 = FACE_BOUND ( 'NONE', #49, .T. ) ;
#1336 = VECTOR ( 'NONE', #2523, 1000.000000000000000 ) ;
#1337 = LINE ( 'NONE', #221, #586 ) ;
#1338 = ORIENTED_EDGE ( 'NONE', *, *, #747, .F. ) ;
#1339 = DIRECTION ( 'NONE',  ( -0.000000000000000000, -0.000000000000000000, 1.000000000000000000 ) ) ;
#1340 = CARTESIAN_POINT ( 'NONE',  ( 1.675000000000000044, 2.051283388571816641E-16, 41.00000000000000000 ) ) ;
#1341 = VERTEX_POINT ( 'NONE', #582 ) ;
#1342 = EDGE_LOOP ( 'NONE', ( #867, #1669, #736, #665 ) ) ;
#1343 = ORIENTED_EDGE ( 'NONE', *, *, #659, .T. ) ;
#1344 = ORIENTED_EDGE ( 'NONE', *, *, #992, .F. ) ;
#1345 = CARTESIAN_POINT ( 'NONE',  ( -7.000000000000000000, 0.000000000000000000, -50.00000000000000000 ) ) ;
#1346 = EDGE_CURVE ( 'NONE', #1773, #1803, #179, .T. ) ;
#1347 = CARTESIAN_POINT ( 'NONE',  ( -14.99999999999999822, -1.794541526872558859E-15, -38.00000000000000000 ) ) ;
#1348 = FACE_OUTER_BOUND ( 'NONE', #2624, .T. ) ;
#1349 = FACE_OUTER_BOUND ( 'NONE', #2229, .T. ) ;
#1350 = VERTEX_POINT ( 'NONE', #621 ) ;
#1351 = CIRCLE ( 'NONE', #1122, 1.675000000000000044 ) ;
#1352 = CARTESIAN_POINT ( 'NONE',  ( 3.349999999999794031, 90.00000000000000000, 37.99999999999999289 ) ) ;
#1353 = ORIENTED_EDGE ( 'NONE', *, *, #2595, .T. ) ;
#1354 = EDGE_CURVE ( 'NONE', #1901, #457, #313, .T. ) ;
#1355 = VERTEX_POINT ( 'NONE', #1076 ) ;
#1356 = CIRCLE ( 'NONE', #668, 1.649999999999999467 ) ;
#1357 = ADVANCED_FACE ( 'NONE', ( #2349 ), #2155, .F. ) ;
#1358 = ORIENTED_EDGE ( 'NONE', *, *, #2760, .T. ) ;
#1359 = ADVANCED_FACE ( 'NONE', ( #2326 ), #372, .F. ) ;
#1360 = FACE_BOUND ( 'NONE', #46, .T. ) ;
#1361 = AXIS2_PLACEMENT_3D ( 'NONE', #60, #2406, #1537 ) ;
#1362 = DIRECTION ( 'NONE',  ( -1.000000000000000000, 0.000000000000000000, -0.000000000000000000 ) ) ;
#1363 = AXIS2_PLACEMENT_3D ( 'NONE', #2065, #113, #1623 ) ;
#1364 = CARTESIAN_POINT ( 'NONE',  ( 12.00000000000000178, 2.307263007747510824E-15, 38.00000000000000000 ) ) ;
#1365 = AXIS2_PLACEMENT_3D ( 'NONE', #2681, #2494, #2512 ) ;
#1366 = DIRECTION ( 'NONE',  ( 1.000000000000000000, 0.000000000000000000, 0.000000000000000000 ) ) ;
#1367 = ORIENTED_EDGE ( 'NONE', *, *, #901, .T. ) ;
#1368 = CARTESIAN_POINT ( 'NONE',  ( -3.349999999999999645, 65.00000000000000000, 50.00000000000000000 ) ) ;
#1369 = ORIENTED_EDGE ( 'NONE', *, *, #1397, .T. ) ;
#1370 = CARTESIAN_POINT ( 'NONE',  ( 1.325000000000024380, 7.000000000000000000, 50.00000000000000000 ) ) ;
#1371 = CIRCLE ( 'NONE', #1328, 1.675000000000000044 ) ;
#1372 = ORIENTED_EDGE ( 'NONE', *, *, #2725, .T. ) ;
#1373 = VERTEX_POINT ( 'NONE', #2597 ) ;
#1374 = DIRECTION ( 'NONE',  ( -1.000000000000000000, 0.000000000000000000, 0.000000000000000000 ) ) ;
#1375 = AXIS2_PLACEMENT_3D ( 'NONE', #1114, #1054, #2157 ) ;
#1376 = EDGE_CURVE ( 'NONE', #655, #2682, #611, .T. ) ;
#1377 = CARTESIAN_POINT ( 'NONE',  ( 5.675000000000001599, -4.871847304291684480E-14, -41.00000000000000000 ) ) ;
#1378 = FACE_OUTER_BOUND ( 'NONE', #1342, .T. ) ;
#1379 = CIRCLE ( 'NONE', #2204, 1.650000000000000355 ) ;
#1380 = DIRECTION ( 'NONE',  ( 0.000000000000000000, 0.000000000000000000, 1.000000000000000000 ) ) ;
#1381 = EDGE_CURVE ( 'NONE', #2495, #2626, #854, .T. ) ;
#1382 = UNCERTAINTY_MEASURE_WITH_UNIT (LENGTH_MEASURE( 1.000000000000000082E-05 ), #180, 'distance_accuracy_value', 'NONE');
#1383 = CARTESIAN_POINT ( 'NONE',  ( -7.000000000000134115, 145.0000000000000568, 0.000000000000000000 ) ) ;
#1384 = ORIENTED_EDGE ( 'NONE', *, *, #1706, .F. ) ;
#1385 = ORIENTED_EDGE ( 'NONE', *, *, #2825, .T. ) ;
#1386 = CIRCLE ( 'NONE', #1752, 1.649999999999999467 ) ;
#1387 = DIRECTION ( 'NONE',  ( 1.000000000000000000, 9.929796448694826476E-16, -0.000000000000000000 ) ) ;
#1388 = ORIENTED_EDGE ( 'NONE', *, *, #1411, .F. ) ;
#1389 = ORIENTED_EDGE ( 'NONE', *, *, #2825, .F. ) ;
#1390 = DIRECTION ( 'NONE',  ( -1.000000000000000000, 0.000000000000000000, 0.000000000000000000 ) ) ;
#1391 = DIRECTION ( 'NONE',  ( 0.000000000000000000, 0.000000000000000000, -1.000000000000000000 ) ) ;
#1392 = DIRECTION ( 'NONE',  ( -1.537187667026988118E-16, 1.000000000000000000, 0.000000000000000000 ) ) ;
#1393 = DIRECTION ( 'NONE',  ( 1.000000000000000000, 0.000000000000000000, 0.000000000000000000 ) ) ;
#1394 = CARTESIAN_POINT ( 'NONE',  ( -1.675000000000000044, 2.051283388571816641E-16, -50.00000000000000000 ) ) ;
#1395 = CARTESIAN_POINT ( 'NONE',  ( -3.350000000000000533, 30.00000000000000000, -79.99999999999997158 ) ) ;
#1396 = EDGE_LOOP ( 'NONE', ( #1327, #2559, #1129, #463 ) ) ;
#1397 = EDGE_CURVE ( 'NONE', #30, #29, #1774, .T. ) ;
#1398 = VERTEX_POINT ( 'NONE', #2582 ) ;
#1399 = AXIS2_PLACEMENT_3D ( 'NONE', #915, #1163, #956 ) ;
#1400 = CARTESIAN_POINT ( 'NONE',  ( 7.000000000000000000, -4.888073874380386697E-14, -50.00000000000000000 ) ) ;
#1401 = ORIENTED_EDGE ( 'NONE', *, *, #2725, .F. ) ;
#1402 = ORIENTED_EDGE ( 'NONE', *, *, #453, .T. ) ;
#1403 = DIRECTION ( 'NONE',  ( -1.000000000000000000, 0.000000000000000000, 0.000000000000000000 ) ) ;
#1404 = AXIS2_PLACEMENT_3D ( 'NONE', #348, #1173, #1824 ) ;
#1405 = DIRECTION ( 'NONE',  ( -1.000000000000000000, 0.000000000000000000, 0.000000000000000000 ) ) ;
#1406 = CARTESIAN_POINT ( 'NONE',  ( -6.649999999999999467, 30.00000000000000000, -79.99999999999997158 ) ) ;
#1407 = DIRECTION ( 'NONE',  ( -1.000000000000000000, -9.251858538543005354E-16, 0.000000000000000000 ) ) ;
#1408 = VECTOR ( 'NONE', #1976, 1000.000000000000000 ) ;
#1409 = CARTESIAN_POINT ( 'NONE',  ( -1.600000000000134204, 145.0000000000000568, 0.000000000000000000 ) ) ;
#1410 = AXIS2_PLACEMENT_3D ( 'NONE', #2284, #540, #2703 ) ;
#1411 = EDGE_CURVE ( 'NONE', #272, #479, #2168, .T. ) ;
#1412 = CIRCLE ( 'NONE', #2275, 1.324999999999999734 ) ;
#1413 = AXIS2_PLACEMENT_3D ( 'NONE', #2693, #2706, #2472 ) ;
#1414 = UNCERTAINTY_MEASURE_WITH_UNIT (LENGTH_MEASURE( 1.000000000000000082E-05 ), #2691, 'distance_accuracy_value', 'NONE');
#1415 = ADVANCED_FACE ( 'NONE', ( #1671 ), #1064, .F. ) ;
#1416 = DIRECTION ( 'NONE',  ( -9.251858538543005354E-16, 1.000000000000000000, 0.000000000000000000 ) ) ;
#1417 = ADVANCED_FACE ( 'NONE', ( #1510 ), #2377, .F. ) ;
#1418 = ORIENTED_EDGE ( 'NONE', *, *, #1745, .F. ) ;
#1419 = CARTESIAN_POINT ( 'NONE',  ( 12.00000000000000178, 2.307263007747510824E-15, -38.00000000000000000 ) ) ;
#1420 = DIRECTION ( 'NONE',  ( -0.000000000000000000, -0.000000000000000000, 1.000000000000000000 ) ) ;
#1421 = EDGE_LOOP ( 'NONE', ( #2549, #1018, #210, #396 ) ) ;
#1422 = VERTEX_POINT ( 'NONE', #598 ) ;
#1423 = DIRECTION ( 'NONE',  ( 0.000000000000000000, 0.000000000000000000, -1.000000000000000000 ) ) ;
#1424 = VECTOR ( 'NONE', #1960, 1000.000000000000000 ) ;
#1425 = DIRECTION ( 'NONE',  ( 1.000000000000000000, 9.251858538543005354E-16, 0.000000000000000000 ) ) ;
#1426 = DIRECTION ( 'NONE',  ( 1.000000000000000000, 0.000000000000000000, 0.000000000000000000 ) ) ;
#1427 = CARTESIAN_POINT ( 'NONE',  ( 6.649999999999795186, 90.00000000000000000, -50.00000000000000000 ) ) ;
#1428 = CARTESIAN_POINT ( 'NONE',  ( 10.74999999999985612, 154.0000000000000568, 1.316495309083404618E-15 ) ) ;
#1429 = CARTESIAN_POINT ( 'NONE',  ( 4.999999999999794831, 90.00000000000000000, 50.00000000000000000 ) ) ;
#1430 = EDGE_LOOP ( 'NONE', ( #1115, #14, #1932, #2750 ) ) ;
#1431 = CARTESIAN_POINT ( 'NONE',  ( 12.00000000000000178, 2.307263007747510824E-15, 50.00000000000000000 ) ) ;
#1432 = CARTESIAN_POINT ( 'NONE',  ( 2.444036937190193349E-14, 7.000000000000000000, -41.00000000000000000 ) ) ;
#1433 = ORIENTED_EDGE ( 'NONE', *, *, #2217, .T. ) ;
#1434 = VERTEX_POINT ( 'NONE', #2340 ) ;
#1435 = DIRECTION ( 'NONE',  ( -0.000000000000000000, -0.000000000000000000, 1.000000000000000000 ) ) ;
#1436 = CARTESIAN_POINT ( 'NONE',  ( -6.650000000000205524, 90.00000000000000000, -79.99999999999997158 ) ) ;
#1437 = ADVANCED_FACE ( 'NONE', ( #383 ), #2670, .F. ) ;
#1438 = ORIENTED_EDGE ( 'NONE', *, *, #654, .F. ) ;
#1439 = CARTESIAN_POINT ( 'NONE',  ( -1.180382521216604073E-13, 154.0000000000000568, -7.000000000000000000 ) ) ;
#1440 = CARTESIAN_POINT ( 'NONE',  ( 15.00000000000001599, 1.489469467304225687E-14, 50.00000000000000000 ) ) ;
#1441 = CARTESIAN_POINT ( 'NONE',  ( -1.600000000000142641, 154.0000000000000568, 0.000000000000000000 ) ) ;
#1442 = ORIENTED_EDGE ( 'NONE', *, *, #1025, .T. ) ;
#1443 = CARTESIAN_POINT ( 'NONE',  ( -1.295260195396021349E-13, 140.0000000000000284, 0.000000000000000000 ) ) ;
#1444 = CARTESIAN_POINT ( 'NONE',  ( -1.675000000000000044, 0.000000000000000000, 41.00000000000000000 ) ) ;
#1445 = ORIENTED_EDGE ( 'NONE', *, *, #2596, .T. ) ;
#1446 = VERTEX_POINT ( 'NONE', #1340 ) ;
#1447 = EDGE_CURVE ( 'NONE', #133, #1109, #1996, .T. ) ;
#1448 = ADVANCED_FACE ( 'NONE', ( #2228 ), #866, .F. ) ;
#1449 = CARTESIAN_POINT ( 'NONE',  ( -2.074730569245794420E-13, 145.0000000000000568, 7.000000000000000888 ) ) ;
#1450 = EDGE_CURVE ( 'NONE', #1988, #2626, #913, .T. ) ;
#1451 = EDGE_LOOP ( 'NONE', ( #794, #706 ) ) ;
#1452 = CARTESIAN_POINT ( 'NONE',  ( 14.99999999999994671, 69.99999999999977263, 120.0000000000000142 ) ) ;
#1453 = AXIS2_PLACEMENT_3D ( 'NONE', #548, #1840, #2478 ) ;
#1454 = CARTESIAN_POINT ( 'NONE',  ( -7.000000000000031974, 35.00000000000007105, 0.000000000000000000 ) ) ;
#1455 = ORIENTED_EDGE ( 'NONE', *, *, #1200, .F. ) ;
#1456 = AXIS2_PLACEMENT_3D ( 'NONE', #1104, #2400, #1518 ) ;
#1457 = CARTESIAN_POINT ( 'NONE',  ( -1.275000000000216405, 154.0000000000000568, 7.000000000000000888 ) ) ;
#1458 = AXIS2_PLACEMENT_3D ( 'NONE', #1531, #674, #36 ) ;
#1459 = AXIS2_PLACEMENT_3D ( 'NONE', #1682, #2592, #1034 ) ;
#1460 = DIRECTION ( 'NONE',  ( -0.000000000000000000, -0.000000000000000000, 1.000000000000000000 ) ) ;
#1461 = ORIENTED_EDGE ( 'NONE', *, *, #2025, .F. ) ;
#1462 = CARTESIAN_POINT ( 'NONE',  ( 5.000000000000000000, 30.00000000000000000, -50.00000000000000000 ) ) ;
#1463 = VERTEX_POINT ( 'NONE', #253 ) ;
#1464 = CYLINDRICAL_SURFACE ( 'NONE', #2446, 1.675000000000000044 ) ;
#1465 = EDGE_CURVE ( 'NONE', #1559, #1827, #12, .T. ) ;
#1466 = AXIS2_PLACEMENT_3D ( 'NONE', #233, #35, #1516 ) ;
#1467 = LINE ( 'NONE', #2123, #953 ) ;
#1468 = ORIENTED_EDGE ( 'NONE', *, *, #105, .F. ) ;
#1469 = EDGE_CURVE ( 'NONE', #1913, #2657, #2501, .T. ) ;
#1470 = LINE ( 'NONE', #1685, #802 ) ;
#1471 = DIRECTION ( 'NONE',  ( 1.000000000000000000, 9.251858538543005354E-16, 0.000000000000000000 ) ) ;
#1472 = AXIS2_PLACEMENT_3D ( 'NONE', #2210, #2432, #876 ) ;
#1473 = VERTEX_POINT ( 'NONE', #282 ) ;
#1474 = DIRECTION ( 'NONE',  ( -0.000000000000000000, -0.000000000000000000, 1.000000000000000000 ) ) ;
#1475 = ORIENTED_EDGE ( 'NONE', *, *, #1781, .T. ) ;
#1476 = CARTESIAN_POINT ( 'NONE',  ( -14.99999999999999822, -1.843146659666174765E-15, -50.00000000000000000 ) ) ;
#1477 =( NAMED_UNIT ( * ) PLANE_ANGLE_UNIT ( ) SI_UNIT ( $, .RADIAN. ) );
#1478 = DIRECTION ( 'NONE',  ( -1.000000000000000000, 0.000000000000000000, 0.000000000000000000 ) ) ;
#1479 = VERTEX_POINT ( 'NONE', #1352 ) ;
#1480 = EDGE_CURVE ( 'NONE', #1492, #2017, #397, .T. ) ;
#1481 = FACE_OUTER_BOUND ( 'NONE', #50, .T. ) ;
#1482 = ADVANCED_FACE ( 'NONE', ( #45 ), #2822, .F. ) ;
#1483 = CARTESIAN_POINT ( 'NONE',  ( 0.000000000000000000, 0.000000000000000000, -38.00000000000000000 ) ) ;
#1484 = ORIENTED_EDGE ( 'NONE', *, *, #2493, .F. ) ;
#1485 = FACE_BOUND ( 'NONE', #1928, .T. ) ;
#1486 = ORIENTED_EDGE ( 'NONE', *, *, #69, .F. ) ;
#1487 = CARTESIAN_POINT ( 'NONE',  ( -5.000000000000000000, 30.00000000000000000, 50.00000000000000000 ) ) ;
#1488 = AXIS2_PLACEMENT_3D ( 'NONE', #2068, #984, #1855 ) ;
#1489 = CARTESIAN_POINT ( 'NONE',  ( 12.00000000000000178, 2.307263007747510824E-15, -50.00000000000000000 ) ) ;
#1490 = AXIS2_PLACEMENT_3D ( 'NONE', #1487, #400, #2802 ) ;
#1491 = DIRECTION ( 'NONE',  ( 0.000000000000000000, 0.000000000000000000, -1.000000000000000000 ) ) ;
#1492 = VERTEX_POINT ( 'NONE', #926 ) ;
#1493 = CARTESIAN_POINT ( 'NONE',  ( 8.324999999999999289, -4.888073874380386697E-14, -69.99999999999998579 ) ) ;
#1494 = AXIS2_PLACEMENT_3D ( 'NONE', #2808, #171, #1471 ) ;
#1495 = EDGE_CURVE ( 'NONE', #2532, #2765, #2551, .T. ) ;
#1496 = EDGE_CURVE ( 'NONE', #973, #133, #85, .T. ) ;
#1497 = DIRECTION ( 'NONE',  ( -0.000000000000000000, -0.000000000000000000, 1.000000000000000000 ) ) ;
#1498 = VECTOR ( 'NONE', #981, 1000.000000000000000 ) ;
#1499 = AXIS2_PLACEMENT_3D ( 'NONE', #2373, #1708, #2795 ) ;
#1500 = EDGE_LOOP ( 'NONE', ( #2207, #987, #2485, #527 ) ) ;
#1501 = CYLINDRICAL_SURFACE ( 'NONE', #1375, 1.649999999999999467 ) ;
#1502 = ORIENTED_EDGE ( 'NONE', *, *, #1515, .F. ) ;
#1503 = LINE ( 'NONE', #414, #1219 ) ;
#1504 = CARTESIAN_POINT ( 'NONE',  ( -7.000000000000031974, 35.00000000000007105, 0.000000000000000000 ) ) ;
#1505 = CIRCLE ( 'NONE', #279, 1.649999999999999467 ) ;
#1506 = CARTESIAN_POINT ( 'NONE',  ( -5.675000000000001599, 0.000000000000000000, -41.00000000000000000 ) ) ;
#1507 = ORIENTED_EDGE ( 'NONE', *, *, #55, .T. ) ;
#1508 = CARTESIAN_POINT ( 'NONE',  ( -7.111611317052176153E-32, 4.626378073151244910E-16, -50.00000000000000000 ) ) ;
#1509 = AXIS2_PLACEMENT_3D ( 'NONE', #2368, #412, #1287 ) ;
#1510 = FACE_OUTER_BOUND ( 'NONE', #271, .T. ) ;
#1511 = VERTEX_POINT ( 'NONE', #2214 ) ;
#1512 = CYLINDRICAL_SURFACE ( 'NONE', #57, 1.324999999999999512 ) ;
#1513 = EDGE_LOOP ( 'NONE', ( #337, #432, #2806, #1296 ) ) ;
#1514 = DIRECTION ( 'NONE',  ( -1.000000000000000000, 0.000000000000000000, 0.000000000000000000 ) ) ;
#1515 = EDGE_CURVE ( 'NONE', #1524, #1511, #2451, .T. ) ;
#1516 = DIRECTION ( 'NONE',  ( 1.000000000000000000, 0.000000000000000000, 0.000000000000000000 ) ) ;
#1517 = FACE_BOUND ( 'NONE', #2562, .T. ) ;
#1518 = DIRECTION ( 'NONE',  ( -1.000000000000000000, 0.000000000000000000, 0.000000000000000000 ) ) ;
#1519 = ORIENTED_EDGE ( 'NONE', *, *, #1966, .F. ) ;
#1520 = CARTESIAN_POINT ( 'NONE',  ( 0.000000000000000000, 0.000000000000000000, 38.00000000000000000 ) ) ;
#1521 = DIRECTION ( 'NONE',  ( 0.000000000000000000, 0.000000000000000000, 1.000000000000000000 ) ) ;
#1522 = ORIENTED_EDGE ( 'NONE', *, *, #262, .F. ) ;
#1523 = EDGE_LOOP ( 'NONE', ( #1625, #601, #556, #1833 ) ) ;
#1524 = VERTEX_POINT ( 'NONE', #1368 ) ;
#1525 = DIRECTION ( 'NONE',  ( 1.000000000000000000, 1.537187667026988118E-16, 0.000000000000000000 ) ) ;
#1526 = VERTEX_POINT ( 'NONE', #1151 ) ;
#1527 = DIRECTION ( 'NONE',  ( -0.000000000000000000, -0.000000000000000000, 1.000000000000000000 ) ) ;
#1528 = ADVANCED_FACE ( 'NONE', ( #649 ), #2389, .F. ) ;
#1529 = EDGE_CURVE ( 'NONE', #2577, #1767, #226, .T. ) ;
#1530 = CARTESIAN_POINT ( 'NONE',  ( -6.649999999999999467, 30.00000000000000000, -79.99999999999997158 ) ) ;
#1531 = CARTESIAN_POINT ( 'NONE',  ( -15.00000000000001954, 155.0000000000000284, -50.00000000000000000 ) ) ;
#1532 = VECTOR ( 'NONE', #338, 1000.000000000000000 ) ;
#1533 = CARTESIAN_POINT ( 'NONE',  ( 6.999999999999968026, 35.00000000000007105, 4.888073874380386697E-14 ) ) ;
#1534 = VERTEX_POINT ( 'NONE', #1092 ) ;
#1535 = DIRECTION ( 'NONE',  ( -0.000000000000000000, -0.000000000000000000, 1.000000000000000000 ) ) ;
#1536 = AXIS2_PLACEMENT_3D ( 'NONE', #1116, #1777, #232 ) ;
#1537 = DIRECTION ( 'NONE',  ( 1.000000000000000000, 0.000000000000000000, 0.000000000000000000 ) ) ;
#1538 = ORIENTED_EDGE ( 'NONE', *, *, #1622, .T. ) ;
#1539 = ORIENTED_EDGE ( 'NONE', *, *, #1781, .F. ) ;
#1540 = CIRCLE ( 'NONE', #311, 1.650000000000000355 ) ;
#1541 = ORIENTED_EDGE ( 'NONE', *, *, #55, .F. ) ;
#1542 = AXIS2_PLACEMENT_3D ( 'NONE', #1253, #836, #1711 ) ;
#1543 = CARTESIAN_POINT ( 'NONE',  ( 3.350000000000000533, 30.00000000000000000, -50.00000000000000000 ) ) ;
#1544 = VERTEX_POINT ( 'NONE', #478 ) ;
#1545 = LINE ( 'NONE', #1989, #1903 ) ;
#1546 = AXIS2_PLACEMENT_3D ( 'NONE', #2009, #1292, #204 ) ;
#1547 = AXIS2_PLACEMENT_3D ( 'NONE', #2677, #2259, #2018 ) ;
#1548 = LINE ( 'NONE', #860, #907 ) ;
#1549 = CARTESIAN_POINT ( 'NONE',  ( 0.000000000000000000, 0.000000000000000000, -41.00000000000000000 ) ) ;
#1550 = CARTESIAN_POINT ( 'NONE',  ( 3.349999999999999645, 65.00000000000000000, 50.00000000000000000 ) ) ;
#1551 = VERTEX_POINT ( 'NONE', #1326 ) ;
#1552 = DIRECTION ( 'NONE',  ( 9.251858538543005354E-16, -1.000000000000000000, -0.000000000000000000 ) ) ;
#1553 = VECTOR ( 'NONE', #1425, 1000.000000000000000 ) ;
#1554 = CARTESIAN_POINT ( 'NONE',  ( -5.675000000000001599, 0.000000000000000000, -69.99999999999998579 ) ) ;
#1555 = ORIENTED_EDGE ( 'NONE', *, *, #635, .F. ) ;
#1556 = ADVANCED_FACE ( 'NONE', ( #2200 ), #1967, .T. ) ;
#1557 = CIRCLE ( 'NONE', #2285, 1.650000000000000355 ) ;
#1558 = EDGE_LOOP ( 'NONE', ( #375, #897, #1257, #1761 ) ) ;
#1559 = VERTEX_POINT ( 'NONE', #27 ) ;
#1560 = CARTESIAN_POINT ( 'NONE',  ( -1.341519488088736037E-13, 145.0000000000000568, -22.99999999999987566 ) ) ;
#1561 = ORIENTED_EDGE ( 'NONE', *, *, #1745, .T. ) ;
#1562 = DIRECTION ( 'NONE',  ( -1.000000000000000000, 0.000000000000000000, 0.000000000000000000 ) ) ;
#1563 = DIRECTION ( 'NONE',  ( -0.000000000000000000, -0.000000000000000000, 1.000000000000000000 ) ) ;
#1564 = FACE_BOUND ( 'NONE', #1968, .T. ) ;
#1565 = DIRECTION ( 'NONE',  ( -1.000000000000000000, 0.000000000000000000, 0.000000000000000000 ) ) ;
#1566 = ORIENTED_EDGE ( 'NONE', *, *, #993, .T. ) ;
#1567 = EDGE_CURVE ( 'NONE', #169, #1759, #895, .T. ) ;
#1568 = CARTESIAN_POINT ( 'NONE',  ( -5.000000000000000000, 65.00000000000000000, 50.00000000000000000 ) ) ;
#1569 = EDGE_CURVE ( 'NONE', #667, #441, #1222, .T. ) ;
#1570 = EDGE_LOOP ( 'NONE', ( #2028, #140, #1690, #1801 ) ) ;
#1571 = EDGE_LOOP ( 'NONE', ( #918, #2257 ) ) ;
#1572 = EDGE_CURVE ( 'NONE', #2304, #2469, #336, .T. ) ;
#1573 = ORIENTED_EDGE ( 'NONE', *, *, #369, .F. ) ;
#1574 = ORIENTED_EDGE ( 'NONE', *, *, #2034, .F. ) ;
#1575 = CARTESIAN_POINT ( 'NONE',  ( 2.444036937190193349E-14, 7.000000000000000000, -69.99999999999998579 ) ) ;
#1576 = CARTESIAN_POINT ( 'NONE',  ( 0.000000000000000000, 0.000000000000000000, 41.00000000000000000 ) ) ;
#1577 = CARTESIAN_POINT ( 'NONE',  ( -8.324999999999999289, 1.622657008870241748E-16, -69.99999999999998579 ) ) ;
#1578 = DIRECTION ( 'NONE',  ( -9.251858538543007326E-16, 1.000000000000000000, -0.000000000000000000 ) ) ;
#1579 = EDGE_LOOP ( 'NONE', ( #1891, #2531 ) ) ;
#1580 = DIRECTION ( 'NONE',  ( -1.000000000000000000, 0.000000000000000000, 0.000000000000000000 ) ) ;
#1581 = ORIENTED_EDGE ( 'NONE', *, *, #504, .F. ) ;
#1582 = ORIENTED_EDGE ( 'NONE', *, *, #307, .T. ) ;
#1583 = ADVANCED_FACE ( 'NONE', ( #2279, #2729, #1640, #1208, #968, #748 ), #1655, .T. ) ;
#1584 = ADVANCED_FACE ( 'NONE', ( #2253 ), #2080, .F. ) ;
#1585 = ORIENTED_EDGE ( 'NONE', *, *, #2250, .F. ) ;
#1586 = AXIS2_PLACEMENT_3D ( 'NONE', #1749, #1100, #1562 ) ;
#1587 = EDGE_LOOP ( 'NONE', ( #791, #419, #1263, #826, #90, #1016, #727, #1303, #684, #2362, #708, #633 ) ) ;
#1588 = DIRECTION ( 'NONE',  ( 9.251858538543005354E-16, -1.000000000000000000, 0.000000000000000000 ) ) ;
#1589 = VECTOR ( 'NONE', #2793, 1000.000000000000000 ) ;
#1590 = VECTOR ( 'NONE', #467, 1000.000000000000000 ) ;
#1591 = DIRECTION ( 'NONE',  ( 1.000000000000000000, 0.000000000000000000, 0.000000000000000000 ) ) ;
#1592 = AXIS2_PLACEMENT_3D ( 'NONE', #476, #1963, #418 ) ;
#1593 = FACE_OUTER_BOUND ( 'NONE', #2324, .T. ) ;
#1594 = AXIS2_PLACEMENT_3D ( 'NONE', #65, #961, #108 ) ;
#1595 = CIRCLE ( 'NONE', #361, 1.650000000000000355 ) ;
#1596 = CYLINDRICAL_SURFACE ( 'NONE', #1866, 1.324999999999999512 ) ;
#1597 = CARTESIAN_POINT ( 'NONE',  ( 14.99999999999988809, 130.0000000000000853, -38.00000000000000000 ) ) ;
#1598 = ORIENTED_EDGE ( 'NONE', *, *, #2792, .T. ) ;
#1599 = EDGE_LOOP ( 'NONE', ( #2811, #1984, #614, #2178 ) ) ;
#1600 = DIRECTION ( 'NONE',  ( 1.000000000000000000, 0.000000000000000000, 0.000000000000000000 ) ) ;
#1601 = AXIS2_PLACEMENT_3D ( 'NONE', #2461, #1157, #289 ) ;
#1602 = ORIENTED_EDGE ( 'NONE', *, *, #2075, .T. ) ;
#1603 = DIRECTION ( 'NONE',  ( 0.000000000000000000, 0.000000000000000000, 1.000000000000000000 ) ) ;
#1604 = ORIENTED_EDGE ( 'NONE', *, *, #481, .T. ) ;
#1605 = DIRECTION ( 'NONE',  ( 1.000000000000000000, 0.000000000000000000, 0.000000000000000000 ) ) ;
#1606 = CARTESIAN_POINT ( 'NONE',  ( -5.000000000000206057, 90.00000000000000000, 50.00000000000000000 ) ) ;
#1607 = CYLINDRICAL_SURFACE ( 'NONE', #1015, 1.650000000000000355 ) ;
#1608 = FACE_OUTER_BOUND ( 'NONE', #1952, .T. ) ;
#1609 = EDGE_CURVE ( 'NONE', #1308, #2469, #220, .T. ) ;
#1610 = CARTESIAN_POINT ( 'NONE',  ( -7.000000000000134115, 145.0000000000000568, 0.000000000000000000 ) ) ;
#1611 = DIRECTION ( 'NONE',  ( 1.000000000000000000, 0.000000000000000000, 0.000000000000000000 ) ) ;
#1612 = VERTEX_POINT ( 'NONE', #550 ) ;
#1613 = VERTEX_POINT ( 'NONE', #324 ) ;
#1614 = DIRECTION ( 'NONE',  ( 1.000000000000000000, 0.000000000000000000, 0.000000000000000000 ) ) ;
#1615 = ORIENTED_EDGE ( 'NONE', *, *, #936, .T. ) ;
#1616 = ORIENTED_EDGE ( 'NONE', *, *, #2025, .T. ) ;
#1617 = CARTESIAN_POINT ( 'NONE',  ( -1.434038073474166169E-13, 155.0000000000000568, 0.000000000000000000 ) ) ;
#1618 = DIRECTION ( 'NONE',  ( -0.000000000000000000, -0.000000000000000000, 1.000000000000000000 ) ) ;
#1619 = DIRECTION ( 'NONE',  ( 1.000000000000000000, 0.000000000000000000, 0.000000000000000000 ) ) ;
#1620 = CARTESIAN_POINT ( 'NONE',  ( 1.675000000000000044, 0.000000000000000000, -59.00000000000000711 ) ) ;
#1621 = EDGE_CURVE ( 'NONE', #2315, #479, #1726, .T. ) ;
#1622 = EDGE_CURVE ( 'NONE', #1827, #879, #2690, .T. ) ;
#1623 = DIRECTION ( 'NONE',  ( -1.000000000000000000, 0.000000000000000000, 0.000000000000000000 ) ) ;
#1624 = CARTESIAN_POINT ( 'NONE',  ( 0.000000000000000000, 0.000000000000000000, 41.00000000000000000 ) ) ;
#1625 = ORIENTED_EDGE ( 'NONE', *, *, #2332, .F. ) ;
#1626 = VERTEX_POINT ( 'NONE', #2023 ) ;
#1627 = DIRECTION ( 'NONE',  ( 0.000000000000000000, 0.000000000000000000, 1.000000000000000000 ) ) ;
#1628 = ORIENTED_EDGE ( 'NONE', *, *, #1942, .T. ) ;
#1629 = EDGE_LOOP ( 'NONE', ( #2520, #1616, #1280, #2395 ) ) ;
#1630 = DIRECTION ( 'NONE',  ( 1.000000000000000000, 0.000000000000000000, 0.000000000000000000 ) ) ;
#1631 = CIRCLE ( 'NONE', #265, 1.650000000000000355 ) ;
#1632 = CARTESIAN_POINT ( 'NONE',  ( -6.650000000000000355, 65.00000000000000000, -69.99999999999998579 ) ) ;
#1633 = DIRECTION ( 'NONE',  ( 1.000000000000000000, 0.000000000000000000, 0.000000000000000000 ) ) ;
#1634 = CARTESIAN_POINT ( 'NONE',  ( -14.99999999999999822, -1.794541526872558859E-15, 38.00000000000000000 ) ) ;
#1635 = AXIS2_PLACEMENT_3D ( 'NONE', #2610, #2447, #2424 ) ;
#1636 = VECTOR ( 'NONE', #1779, 1000.000000000000000 ) ;
#1637 = DIRECTION ( 'NONE',  ( 1.000000000000000000, 0.000000000000000000, 0.000000000000000000 ) ) ;
#1638 = AXIS2_PLACEMENT_3D ( 'NONE', #1179, #1416, #1826 ) ;
#1639 = VECTOR ( 'NONE', #1792, 1000.000000000000000 ) ;
#1640 = FACE_BOUND ( 'NONE', #240, .T. ) ;
#1641 = ORIENTED_EDGE ( 'NONE', *, *, #2669, .T. ) ;
#1642 = DIRECTION ( 'NONE',  ( -0.000000000000000000, -0.000000000000000000, 1.000000000000000000 ) ) ;
#1643 = EDGE_CURVE ( 'NONE', #879, #1827, #1868, .T. ) ;
#1644 = CARTESIAN_POINT ( 'NONE',  ( -10.90000000000000036, 1.334865011070615048E-15, -41.00000000000000000 ) ) ;
#1645 = ORIENTED_EDGE ( 'NONE', *, *, #1286, .T. ) ;
#1646 = EDGE_LOOP ( 'NONE', ( #2081, #914, #455, #1742 ) ) ;
#1647 = DIRECTION ( 'NONE',  ( 0.000000000000000000, 0.000000000000000000, -1.000000000000000000 ) ) ;
#1648 = AXIS2_PLACEMENT_3D ( 'NONE', #152, #2572, #2303 ) ;
#1649 = CARTESIAN_POINT ( 'NONE',  ( -7.332110811570580046E-14, -7.000000000000000888, -50.00000000000000000 ) ) ;
#1650 = DIRECTION ( 'NONE',  ( -0.000000000000000000, -0.000000000000000000, 1.000000000000000000 ) ) ;
#1651 = AXIS2_PLACEMENT_3D ( 'NONE', #687, #211, #31 ) ;
#1652 = DIRECTION ( 'NONE',  ( -1.000000000000000000, -1.537187667026988118E-16, 0.000000000000000000 ) ) ;
#1653 = DIRECTION ( 'NONE',  ( -1.000000000000000000, 0.000000000000000000, 0.000000000000000000 ) ) ;
#1654 = CIRCLE ( 'NONE', #557, 1.275000000000000799 ) ;
#1655 = PLANE ( 'NONE',  #1955 ) ;
#1656 = ORIENTED_EDGE ( 'NONE', *, *, #570, .F. ) ;
#1657 = DIRECTION ( 'NONE',  ( -0.000000000000000000, 0.000000000000000000, 1.000000000000000000 ) ) ;
#1658 = EDGE_CURVE ( 'NONE', #2646, #295, #138, .T. ) ;
#1659 = ADVANCED_FACE ( 'NONE', ( #292 ), #954, .F. ) ;
#1660 = CARTESIAN_POINT ( 'NONE',  ( -2.074730569245794420E-13, 145.0000000000000568, 7.000000000000000888 ) ) ;
#1661 = VERTEX_POINT ( 'NONE', #1441 ) ;
#1662 = ORIENTED_EDGE ( 'NONE', *, *, #1238, .T. ) ;
#1663 = LINE ( 'NONE', #135, #2554 ) ;
#1664 = CARTESIAN_POINT ( 'NONE',  ( 14.99999999999987743, 140.0000000000000000, 50.00000000000000000 ) ) ;
#1665 = EDGE_LOOP ( 'NONE', ( #283, #104 ) ) ;
#1666 = CARTESIAN_POINT ( 'NONE',  ( 6.999999999999857891, 154.0000000000000568, 4.888073874380386697E-14 ) ) ;
#1667 = DIRECTION ( 'NONE',  ( 1.000000000000000000, 0.000000000000000000, 0.000000000000000000 ) ) ;
#1668 = CARTESIAN_POINT ( 'NONE',  ( -7.941135512998642839E-15, 35.00000000000007105, -7.000000000000000000 ) ) ;
#1669 = ORIENTED_EDGE ( 'NONE', *, *, #2493, .T. ) ;
#1670 = LINE ( 'NONE', #370, #2584 ) ;
#1671 = FACE_OUTER_BOUND ( 'NONE', #340, .T. ) ;
#1672 = ORIENTED_EDGE ( 'NONE', *, *, #1320, .T. ) ;
#1673 = VECTOR ( 'NONE', #737, 1000.000000000000000 ) ;
#1674 = EDGE_CURVE ( 'NONE', #2243, #1985, #2360, .T. ) ;
#1675 = DIRECTION ( 'NONE',  ( 1.000000000000000000, 0.000000000000000000, 0.000000000000000000 ) ) ;
#1676 = EDGE_LOOP ( 'NONE', ( #2183, #2341 ) ) ;
#1677 = FACE_OUTER_BOUND ( 'NONE', #2132, .T. ) ;
#1678 = ADVANCED_FACE ( 'NONE', ( #982 ), #350, .F. ) ;
#1679 = DIRECTION ( 'NONE',  ( 0.000000000000000000, 0.000000000000000000, 1.000000000000000000 ) ) ;
#1680 = AXIS2_PLACEMENT_3D ( 'NONE', #349, #1020, #1218 ) ;
#1681 = AXIS2_PLACEMENT_3D ( 'NONE', #1568, #1521, #269 ) ;
#1682 = CARTESIAN_POINT ( 'NONE',  ( -7.941135512998642839E-15, 35.00000000000007105, -7.000000000000000000 ) ) ;
#1683 = ORIENTED_EDGE ( 'NONE', *, *, #1480, .T. ) ;
#1684 = AXIS2_PLACEMENT_3D ( 'NONE', #2386, #1302, #1993 ) ;
#1685 = CARTESIAN_POINT ( 'NONE',  ( 5.675000000000001599, -4.871847304291684480E-14, -69.99999999999998579 ) ) ;
#1686 = CIRCLE ( 'NONE', #2049, 1.649999999999999467 ) ;
#1687 = DIRECTION ( 'NONE',  ( -0.000000000000000000, -0.000000000000000000, -1.000000000000000000 ) ) ;
#1688 = VERTEX_POINT ( 'NONE', #1597 ) ;
#1689 = CARTESIAN_POINT ( 'NONE',  ( -5.675000000000001599, 0.000000000000000000, 50.00000000000000000 ) ) ;
#1690 = ORIENTED_EDGE ( 'NONE', *, *, #1798, .T. ) ;
#1691 = CARTESIAN_POINT ( 'NONE',  ( 4.999999999999794831, 90.00000000000000000, 37.99999999999999289 ) ) ;
#1692 = EDGE_CURVE ( 'NONE', #2567, #1551, #2321, .T. ) ;
#1693 = CIRCLE ( 'NONE', #2105, 1.275000000000000799 ) ;
#1694 = EDGE_CURVE ( 'NONE', #472, #2188, #2481, .T. ) ;
#1695 = CARTESIAN_POINT ( 'NONE',  ( 0.000000000000000000, 0.000000000000000000, 41.00000000000000000 ) ) ;
#1696 = EDGE_LOOP ( 'NONE', ( #2820, #270 ) ) ;
#1697 = CARTESIAN_POINT ( 'NONE',  ( -15.00000000000001954, 155.0000000000000568, -34.99999999999999289 ) ) ;
#1698 = DIRECTION ( 'NONE',  ( -0.000000000000000000, -0.000000000000000000, -1.000000000000000000 ) ) ;
#1699 = VECTOR ( 'NONE', #302, 1000.000000000000000 ) ;
#1700 = ORIENTED_EDGE ( 'NONE', *, *, #680, .F. ) ;
#1701 = CARTESIAN_POINT ( 'NONE',  ( -6.649999999999999467, 30.00000000000000000, -50.00000000000000000 ) ) ;
#1702 = EDGE_LOOP ( 'NONE', ( #513, #1125 ) ) ;
#1703 = CARTESIAN_POINT ( 'NONE',  ( 0.000000000000000000, 0.000000000000000000, 50.00000000000000000 ) ) ;
#1704 = ADVANCED_FACE ( 'NONE', ( #308 ), #2052, .F. ) ;
#1705 = DIRECTION ( 'NONE',  ( -0.000000000000000000, -0.000000000000000000, 1.000000000000000000 ) ) ;
#1706 = EDGE_CURVE ( 'NONE', #1985, #2243, #2187, .T. ) ;
#1707 = EDGE_CURVE ( 'NONE', #543, #255, #1595, .T. ) ;
#1708 = DIRECTION ( 'NONE',  ( 0.000000000000000000, 0.000000000000000000, 1.000000000000000000 ) ) ;
#1709 = VERTEX_POINT ( 'NONE', #1719 ) ;
#1710 = CARTESIAN_POINT ( 'NONE',  ( -8.275000000000032330, 35.00000000000007105, 0.000000000000000000 ) ) ;
#1711 = DIRECTION ( 'NONE',  ( 1.000000000000000000, 0.000000000000000000, 0.000000000000000000 ) ) ;
#1712 = ORIENTED_EDGE ( 'NONE', *, *, #2496, .F. ) ;
#1713 = DIRECTION ( 'NONE',  ( -9.251858538543005354E-16, 1.000000000000000000, 0.000000000000000000 ) ) ;
#1714 = VERTEX_POINT ( 'NONE', #389 ) ;
#1715 = FACE_BOUND ( 'NONE', #13, .T. ) ;
#1716 = CIRCLE ( 'NONE', #2130, 1.650000000000000355 ) ;
#1717 = CARTESIAN_POINT ( 'NONE',  ( 5.724999999999866418, 145.0000000000000568, 4.888073874380386697E-14 ) ) ;
#1718 = CIRCLE ( 'NONE', #1404, 1.675000000000000044 ) ;
#1719 = CARTESIAN_POINT ( 'NONE',  ( -1.325000000000072786, -7.000000000000000888, -50.00000000000000000 ) ) ;
#1720 = ORIENTED_EDGE ( 'NONE', *, *, #2658, .F. ) ;
#1721 = DIRECTION ( 'NONE',  ( 1.000000000000000000, 0.000000000000000000, 0.000000000000000000 ) ) ;
#1722 = AXIS2_PLACEMENT_3D ( 'NONE', #1108, #1982, #1123 ) ;
#1723 = DIRECTION ( 'NONE',  ( 1.000000000000000000, 0.000000000000000000, 0.000000000000000000 ) ) ;
#1724 =( GEOMETRIC_REPRESENTATION_CONTEXT ( 3 ) GLOBAL_UNCERTAINTY_ASSIGNED_CONTEXT ( ( #1382 ) ) GLOBAL_UNIT_ASSIGNED_CONTEXT ( ( #180, #1477, #1881 ) ) REPRESENTATION_CONTEXT ( 'NONE', 'WORKASPACE' ) );
#1725 = CIRCLE ( 'NONE', #909, 1.675000000000000044 ) ;
#1726 = CIRCLE ( 'NONE', #2098, 1.324999999999999512 ) ;
#1727 = ORIENTED_EDGE ( 'NONE', *, *, #1480, .F. ) ;
#1728 = APPLICATION_CONTEXT ( 'automotive_design' ) ;
#1729 = EDGE_CURVE ( 'NONE', #479, #2315, #2234, .T. ) ;
#1730 = DIRECTION ( 'NONE',  ( 1.000000000000000000, 9.251858538543005354E-16, 0.000000000000000000 ) ) ;
#1731 = ORIENTED_EDGE ( 'NONE', *, *, #2162, .F. ) ;
#1732 = CYLINDRICAL_SURFACE ( 'NONE', #1954, 1.324999999999998845 ) ;
#1733 = DIRECTION ( 'NONE',  ( -9.251858538543005354E-16, 1.000000000000000000, 0.000000000000000000 ) ) ;
#1734 = DIRECTION ( 'NONE',  ( -0.000000000000000000, -0.000000000000000000, -1.000000000000000000 ) ) ;
#1735 = VECTOR ( 'NONE', #2163, 1000.000000000000000 ) ;
#1736 = CARTESIAN_POINT ( 'NONE',  ( 6.650000000000000355, 65.00000000000000000, -50.00000000000000000 ) ) ;
#1737 = VERTEX_POINT ( 'NONE', #2099 ) ;
#1738 = CARTESIAN_POINT ( 'NONE',  ( -15.00000000000001243, 109.0000000000007390, -58.99999999999952394 ) ) ;
#1739 = AXIS2_PLACEMENT_3D ( 'NONE', #885, #1760, #1525 ) ;
#1740 = ADVANCED_FACE ( 'NONE', ( #168 ), #2566, .F. ) ;
#1741 = DIRECTION ( 'NONE',  ( 0.000000000000000000, 0.000000000000000000, 1.000000000000000000 ) ) ;
#1742 = ORIENTED_EDGE ( 'NONE', *, *, #2075, .F. ) ;
#1743 = EDGE_LOOP ( 'NONE', ( #209, #940 ) ) ;
#1744 = EDGE_CURVE ( 'NONE', #84, #363, #2591, .T. ) ;
#1745 = EDGE_CURVE ( 'NONE', #2382, #72, #1467, .T. ) ;
#1746 = CIRCLE ( 'NONE', #1243, 1.649999999999999467 ) ;
#1747 = DIRECTION ( 'NONE',  ( -1.000000000000000000, 0.000000000000000000, 0.000000000000000000 ) ) ;
#1748 = ORIENTED_EDGE ( 'NONE', *, *, #1072, .F. ) ;
#1749 = CARTESIAN_POINT ( 'NONE',  ( 0.000000000000000000, 0.000000000000000000, 41.00000000000000000 ) ) ;
#1750 = DIRECTION ( 'NONE',  ( -9.251858538543007326E-16, 1.000000000000000000, -0.000000000000000000 ) ) ;
#1751 = FACE_BOUND ( 'NONE', #2536, .T. ) ;
#1752 = AXIS2_PLACEMENT_3D ( 'NONE', #2139, #1768, #864 ) ;
#1753 = CARTESIAN_POINT ( 'NONE',  ( 10.90000000000000036, 1.334865011070615048E-15, 41.00000000000000000 ) ) ;
#1754 = ORIENTED_EDGE ( 'NONE', *, *, #1197, .F. ) ;
#1755 = DIRECTION ( 'NONE',  ( 1.000000000000000000, 0.000000000000000000, 0.000000000000000000 ) ) ;
#1756 = CARTESIAN_POINT ( 'NONE',  ( 0.000000000000000000, 0.000000000000000000, -50.00000000000000000 ) ) ;
#1757 = ORIENTED_EDGE ( 'NONE', *, *, #519, .F. ) ;
#1758 = VERTEX_POINT ( 'NONE', #2337 ) ;
#1759 = VERTEX_POINT ( 'NONE', #1262 ) ;
#1760 = DIRECTION ( 'NONE',  ( 1.537187667026988118E-16, -1.000000000000000000, 0.000000000000000000 ) ) ;
#1761 = ORIENTED_EDGE ( 'NONE', *, *, #2474, .F. ) ;
#1762 = CARTESIAN_POINT ( 'NONE',  ( -12.00000000000000178, -1.381987393117261645E-15, 50.00000000000000000 ) ) ;
#1763 = CARTESIAN_POINT ( 'NONE',  ( 5.000000000000000000, 65.00000000000000000, 37.99999999999999289 ) ) ;
#1764 = CARTESIAN_POINT ( 'NONE',  ( 1.675000000000000044, 2.051283388571816641E-16, 59.00000000000000711 ) ) ;
#1765 = EDGE_CURVE ( 'NONE', #1534, #1184, #402, .T. ) ;
#1766 = CARTESIAN_POINT ( 'NONE',  ( -1.424786214935623282E-13, 154.0000000000000568, 0.000000000000000000 ) ) ;
#1767 = VERTEX_POINT ( 'NONE', #1061 ) ;
#1768 = DIRECTION ( 'NONE',  ( 0.000000000000000000, 0.000000000000000000, 1.000000000000000000 ) ) ;
#1769 = VECTOR ( 'NONE', #576, 999.9999999999998863 ) ;
#1770 = CARTESIAN_POINT ( 'NONE',  ( 5.000000000000000000, 65.00000000000000000, -69.99999999999998579 ) ) ;
#1771 = EDGE_LOOP ( 'NONE', ( #1445, #1672, #245, #1284 ) ) ;
#1772 = EDGE_LOOP ( 'NONE', ( #380, #1712 ) ) ;
#1773 = VERTEX_POINT ( 'NONE', #1931 ) ;
#1774 = CIRCLE ( 'NONE', #1542, 1.324999999999999734 ) ;
#1775 = DIRECTION ( 'NONE',  ( 9.251858538543005354E-16, -1.000000000000000000, 0.000000000000000000 ) ) ;
#1776 = VERTEX_POINT ( 'NONE', #1907 ) ;
#1777 = DIRECTION ( 'NONE',  ( 0.000000000000000000, 0.000000000000000000, -1.000000000000000000 ) ) ;
#1778 = AXIS2_PLACEMENT_3D ( 'NONE', #1835, #1588, #2460 ) ;
#1779 = DIRECTION ( 'NONE',  ( -0.000000000000000000, -0.000000000000000000, 1.000000000000000000 ) ) ;
#1780 = LINE ( 'NONE', #430, #88 ) ;
#1781 = EDGE_CURVE ( 'NONE', #1858, #1043, #719, .T. ) ;
#1782 = DIRECTION ( 'NONE',  ( -9.251858538543005354E-16, 1.000000000000000000, -0.000000000000000000 ) ) ;
#1783 = ORIENTED_EDGE ( 'NONE', *, *, #747, .T. ) ;
#1784 = EDGE_CURVE ( 'NONE', #1985, #48, #2151, .T. ) ;
#1785 = VECTOR ( 'NONE', #2678, 1000.000000000000000 ) ;
#1786 = DIRECTION ( 'NONE',  ( -0.000000000000000000, -0.000000000000000000, 1.000000000000000000 ) ) ;
#1787 = ORIENTED_EDGE ( 'NONE', *, *, #2005, .T. ) ;
#1788 = AXIS2_PLACEMENT_3D ( 'NONE', #2810, #230, #1273 ) ;
#1789 = ORIENTED_EDGE ( 'NONE', *, *, #515, .T. ) ;
#1790 = ORIENTED_EDGE ( 'NONE', *, *, #1197, .T. ) ;
#1791 = ORIENTED_EDGE ( 'NONE', *, *, #2185, .T. ) ;
#1792 = DIRECTION ( 'NONE',  ( -0.000000000000000000, -0.000000000000000000, -1.000000000000000000 ) ) ;
#1793 = VECTOR ( 'NONE', #978, 1000.000000000000000 ) ;
#1794 = DIRECTION ( 'NONE',  ( -0.000000000000000000, -0.000000000000000000, 1.000000000000000000 ) ) ;
#1795 = PLANE ( 'NONE',  #1458 ) ;
#1796 = CARTESIAN_POINT ( 'NONE',  ( 14.99999999999986677, 155.0000000000000568, 35.00000000000001421 ) ) ;
#1797 = VERTEX_POINT ( 'NONE', #145 ) ;
#1798 = EDGE_CURVE ( 'NONE', #1040, #852, #182, .T. ) ;
#1799 = EDGE_CURVE ( 'NONE', #1330, #1308, #2783, .T. ) ;
#1800 = CARTESIAN_POINT ( 'NONE',  ( 7.000000000000000000, -4.888073874380386697E-14, -41.00000000000000000 ) ) ;
#1801 = ORIENTED_EDGE ( 'NONE', *, *, #2283, .T. ) ;
#1802 = VERTEX_POINT ( 'NONE', #1021 ) ;
#1803 = VERTEX_POINT ( 'NONE', #2805 ) ;
#1804 = ORIENTED_EDGE ( 'NONE', *, *, #1071, .F. ) ;
#1805 = LINE ( 'NONE', #1169, #494 ) ;
#1806 = CARTESIAN_POINT ( 'NONE',  ( -7.111611317052176153E-32, 4.626378073151244910E-16, -50.00000000000000000 ) ) ;
#1807 = CARTESIAN_POINT ( 'NONE',  ( -15.00000000000001243, 145.0000000000000284, 50.00000000000000000 ) ) ;
#1808 = DIRECTION ( 'NONE',  ( -1.000000000000000000, -9.251858538543005354E-16, 0.000000000000000000 ) ) ;
#1809 = VECTOR ( 'NONE', #184, 1000.000000000000114 ) ;
#1810 = DIRECTION ( 'NONE',  ( 1.000000000000000000, 0.000000000000000000, 0.000000000000000000 ) ) ;
#1811 = ORIENTED_EDGE ( 'NONE', *, *, #992, .T. ) ;
#1812 = CYLINDRICAL_SURFACE ( 'NONE', #942, 1.324999999999999734 ) ;
#1813 = ORIENTED_EDGE ( 'NONE', *, *, #1165, .F. ) ;
#1814 = VERTEX_POINT ( 'NONE', #843 ) ;
#1815 = PLANE ( 'NONE',  #1413 ) ;
#1816 = EDGE_CURVE ( 'NONE', #272, #436, #2643, .T. ) ;
#1817 = CIRCLE ( 'NONE', #948, 1.649999999999999467 ) ;
#1818 = VECTOR ( 'NONE', #1198, 1000.000000000000000 ) ;
#1819 = PRODUCT_DEFINITION ( 'ๆ', '', #280, #2122 ) ;
#1820 = FACE_OUTER_BOUND ( 'NONE', #212, .T. ) ;
#1821 = AXIS2_PLACEMENT_3D ( 'NONE', #24, #250, #1119 ) ;
#1822 = CARTESIAN_POINT ( 'NONE',  ( 14.99999999999988809, 129.9999999999999147, 38.00000000000000000 ) ) ;
#1823 = CIRCLE ( 'NONE', #2320, 10.75000000000000000 ) ;
#1824 = DIRECTION ( 'NONE',  ( -1.000000000000000000, 0.000000000000000000, 0.000000000000000000 ) ) ;
#1825 = AXIS2_PLACEMENT_3D ( 'NONE', #99, #997, #507 ) ;
#1826 = DIRECTION ( 'NONE',  ( -1.000000000000000000, 0.000000000000000000, 0.000000000000000000 ) ) ;
#1827 = VERTEX_POINT ( 'NONE', #1506 ) ;
#1828 = ORIENTED_EDGE ( 'NONE', *, *, #713, .F. ) ;
#1829 = CARTESIAN_POINT ( 'NONE',  ( -3.350000000000000533, 30.00000000000000000, -79.99999999999997158 ) ) ;
#1830 = AXIS2_PLACEMENT_3D ( 'NONE', #1504, #1750, #2397 ) ;
#1831 = ORIENTED_EDGE ( 'NONE', *, *, #848, .F. ) ;
#1832 = EDGE_CURVE ( 'NONE', #1797, #1341, #1010, .T. ) ;
#1833 = ORIENTED_EDGE ( 'NONE', *, *, #38, .T. ) ;
#1834 = ADVANCED_FACE ( 'NONE', ( #1894 ), #2758, .F. ) ;
#1835 = CARTESIAN_POINT ( 'NONE',  ( -1.434038073474166169E-13, 155.0000000000000568, 0.000000000000000000 ) ) ;
#1836 = DIRECTION ( 'NONE',  ( -1.000000000000000000, 0.000000000000000000, 0.000000000000000000 ) ) ;
#1837 = CARTESIAN_POINT ( 'NONE',  ( -7.000000000000142109, 154.0000000000000568, 0.000000000000000000 ) ) ;
#1838 = DIRECTION ( 'NONE',  ( -9.251858538543005354E-16, 1.000000000000000000, 0.000000000000000000 ) ) ;
#1839 = AXIS2_PLACEMENT_3D ( 'NONE', #79, #2476, #1863 ) ;
#1840 = DIRECTION ( 'NONE',  ( 0.000000000000000000, 0.000000000000000000, -1.000000000000000000 ) ) ;
#1841 = DIRECTION ( 'NONE',  ( 0.000000000000000000, 0.000000000000000000, 1.000000000000000000 ) ) ;
#1842 = EDGE_LOOP ( 'NONE', ( #491, #822, #509, #2676, #1289, #651 ) ) ;
#1843 = ORIENTED_EDGE ( 'NONE', *, *, #1832, .T. ) ;
#1844 = PLANE ( 'NONE',  #2136 ) ;
#1845 = ORIENTED_EDGE ( 'NONE', *, *, #260, .F. ) ;
#1846 = ORIENTED_EDGE ( 'NONE', *, *, #2726, .F. ) ;
#1847 = CARTESIAN_POINT ( 'NONE',  ( 0.000000000000000000, 0.000000000000000000, -38.00000000000000000 ) ) ;
#1848 = DIRECTION ( 'NONE',  ( 0.000000000000000000, 0.000000000000000000, -1.000000000000000000 ) ) ;
#1849 = DIRECTION ( 'NONE',  ( -1.000000000000000000, 0.000000000000000000, 0.000000000000000000 ) ) ;
#1850 = LINE ( 'NONE', #1620, #305 ) ;
#1851 = CYLINDRICAL_SURFACE ( 'NONE', #215, 1.649999999999999467 ) ;
#1852 = ADVANCED_FACE ( 'NONE', ( #2770 ), #594, .F. ) ;
#1853 = CARTESIAN_POINT ( 'NONE',  ( -1.341519488088736037E-13, 145.0000000000000568, 0.000000000000000000 ) ) ;
#1854 = ORIENTED_EDGE ( 'NONE', *, *, #937, .F. ) ;
#1855 = DIRECTION ( 'NONE',  ( 1.000000000000000000, 0.000000000000000000, 0.000000000000000000 ) ) ;
#1856 = VECTOR ( 'NONE', #1264, 1000.000000000000000 ) ;
#1857 = CARTESIAN_POINT ( 'NONE',  ( -3.349999999999999645, 65.00000000000000000, -69.99999999999998579 ) ) ;
#1858 = VERTEX_POINT ( 'NONE', #678 ) ;
#1859 = VERTEX_POINT ( 'NONE', #1736 ) ;
#1860 = CARTESIAN_POINT ( 'NONE',  ( 5.000000000000000000, 65.00000000000000000, -38.00000000000000000 ) ) ;
#1861 = AXIS2_PLACEMENT_3D ( 'NONE', #1666, #2160, #201 ) ;
#1862 = DIRECTION ( 'NONE',  ( 0.000000000000000000, 0.000000000000000000, -1.000000000000000000 ) ) ;
#1863 = DIRECTION ( 'NONE',  ( -1.000000000000000000, 0.000000000000000000, 0.000000000000000000 ) ) ;
#1864 = FACE_OUTER_BOUND ( 'NONE', #1898, .T. ) ;
#1865 = AXIS2_PLACEMENT_3D ( 'NONE', #131, #296, #525 ) ;
#1866 = AXIS2_PLACEMENT_3D ( 'NONE', #532, #759, #291 ) ;
#1867 = CARTESIAN_POINT ( 'NONE',  ( 1.599999999999865974, 145.0000000000000568, 1.959434878635770407E-16 ) ) ;
#1868 = CIRCLE ( 'NONE', #44, 1.324999999999998845 ) ;
#1869 = EDGE_CURVE ( 'NONE', #287, #1758, #1412, .T. ) ;
#1870 = ADVANCED_FACE ( 'NONE', ( #1349 ), #2666, .F. ) ;
#1871 = CARTESIAN_POINT ( 'NONE',  ( -7.000000000000000000, 0.000000000000000000, -69.99999999999998579 ) ) ;
#1872 = ORIENTED_EDGE ( 'NONE', *, *, #1111, .T. ) ;
#1873 = DIRECTION ( 'NONE',  ( -1.000000000000000000, -9.251858538543005354E-16, 0.000000000000000000 ) ) ;
#1874 = CARTESIAN_POINT ( 'NONE',  ( 1.324999999999926237, -7.000000000000000888, -69.99999999999998579 ) ) ;
#1875 = EDGE_LOOP ( 'NONE', ( #2166, #1353, #1011, #2271 ) ) ;
#1876 = ORIENTED_EDGE ( 'NONE', *, *, #1816, .T. ) ;
#1877 = LINE ( 'NONE', #1005, #181 ) ;
#1878 = FACE_BOUND ( 'NONE', #670, .T. ) ;
#1879 = ORIENTED_EDGE ( 'NONE', *, *, #15, .T. ) ;
#1880 = LINE ( 'NONE', #2109, #2588 ) ;
#1881 =( NAMED_UNIT ( * ) SI_UNIT ( $, .STERADIAN. ) SOLID_ANGLE_UNIT ( ) );
#1882 = CIRCLE ( 'NONE', #2376, 1.649999999999999467 ) ;
#1883 = EDGE_CURVE ( 'NONE', #2567, #1534, #2654, .T. ) ;
#1884 = DIRECTION ( 'NONE',  ( 1.000000000000000000, 1.537187667026988118E-16, 0.000000000000000000 ) ) ;
#1885 = EDGE_CURVE ( 'NONE', #1136, #1709, #2552, .T. ) ;
#1886 = EDGE_LOOP ( 'NONE', ( #1090, #1727, #2774, #1251 ) ) ;
#1887 = LINE ( 'NONE', #2325, #2540 ) ;
#1888 = DIRECTION ( 'NONE',  ( 1.000000000000000000, 0.000000000000000000, 0.000000000000000000 ) ) ;
#1889 = EDGE_LOOP ( 'NONE', ( #386, #1461 ) ) ;
#1890 = LINE ( 'NONE', #1436, #371 ) ;
#1891 = ORIENTED_EDGE ( 'NONE', *, *, #1917, .F. ) ;
#1892 = CYLINDRICAL_SURFACE ( 'NONE', #1033, 1.649999999999999467 ) ;
#1893 = CARTESIAN_POINT ( 'NONE',  ( -10.90000000000000036, 0.000000000000000000, 41.00000000000000000 ) ) ;
#1894 = FACE_OUTER_BOUND ( 'NONE', #2254, .T. ) ;
#1895 = ORIENTED_EDGE ( 'NONE', *, *, #874, .F. ) ;
#1896 = DIRECTION ( 'NONE',  ( 1.000000000000000000, 0.000000000000000000, 0.000000000000000000 ) ) ;
#1897 = DIRECTION ( 'NONE',  ( 9.251858538543005354E-16, -1.000000000000000000, 0.000000000000000000 ) ) ;
#1898 = EDGE_LOOP ( 'NONE', ( #2445, #619, #786, #1209 ) ) ;
#1899 = CARTESIAN_POINT ( 'NONE',  ( 0.000000000000000000, 0.000000000000000000, -41.00000000000000000 ) ) ;
#1900 = EDGE_CURVE ( 'NONE', #1661, #2365, #538, .T. ) ;
#1901 = VERTEX_POINT ( 'NONE', #2433 ) ;
#1902 = DIRECTION ( 'NONE',  ( 1.000000000000000000, 0.000000000000000000, 0.000000000000000000 ) ) ;
#1903 = VECTOR ( 'NONE', #887, 1000.000000000000000 ) ;
#1904 = DIRECTION ( 'NONE',  ( -0.000000000000000000, -0.000000000000000000, 1.000000000000000000 ) ) ;
#1905 = AXIS2_PLACEMENT_3D ( 'NONE', #2096, #1317, #1101 ) ;
#1906 = VECTOR ( 'NONE', #796, 1000.000000000000000 ) ;
#1907 = CARTESIAN_POINT ( 'NONE',  ( 1.324999999999926237, -7.000000000000000888, -41.00000000000000000 ) ) ;
#1908 = ORIENTED_EDGE ( 'NONE', *, *, #905, .T. ) ;
#1909 = VECTOR ( 'NONE', #2137, 1000.000000000000000 ) ;
#1910 = FACE_OUTER_BOUND ( 'NONE', #1842, .T. ) ;
#1911 = AXIS2_PLACEMENT_3D ( 'NONE', #528, #317, #1605 ) ;
#1912 = CARTESIAN_POINT ( 'NONE',  ( 7.000000000000000000, -4.888073874380386697E-14, 50.00000000000000000 ) ) ;
#1913 = VERTEX_POINT ( 'NONE', #266 ) ;
#1914 = EDGE_CURVE ( 'NONE', #1758, #287, #359, .T. ) ;
#1915 = EDGE_CURVE ( 'NONE', #150, #883, #1073, .T. ) ;
#1916 = CARTESIAN_POINT ( 'NONE',  ( 10.74999999999985612, 154.0000000000000568, 1.316495309083404618E-15 ) ) ;
#1917 = EDGE_CURVE ( 'NONE', #1463, #1767, #2453, .T. ) ;
#1918 = EDGE_LOOP ( 'NONE', ( #1683, #902 ) ) ;
#1919 = FACE_OUTER_BOUND ( 'NONE', #1113, .T. ) ;
#1920 = AXIS2_PLACEMENT_3D ( 'NONE', #263, #214, #2414 ) ;
#1921 = CARTESIAN_POINT ( 'NONE',  ( -15.00000000000001421, 130.0000000000000568, -38.00000000000000000 ) ) ;
#1922 = DIRECTION ( 'NONE',  ( 0.000000000000000000, 0.000000000000000000, -1.000000000000000000 ) ) ;
#1923 = VERTEX_POINT ( 'NONE', #1796 ) ;
#1924 = CARTESIAN_POINT ( 'NONE',  ( -5.000000000000000000, 30.00000000000000000, -79.99999999999997158 ) ) ;
#1925 = CYLINDRICAL_SURFACE ( 'NONE', #584, 1.650000000000000355 ) ;
#1926 = VERTEX_POINT ( 'NONE', #1550 ) ;
#1927 = DIRECTION ( 'NONE',  ( -1.000000000000000000, 0.000000000000000000, 0.000000000000000000 ) ) ;
#1928 = EDGE_LOOP ( 'NONE', ( #1455, #2401 ) ) ;
#1929 = DIRECTION ( 'NONE',  ( 1.000000000000000000, 0.000000000000000000, 0.000000000000000000 ) ) ;
#1930 = CARTESIAN_POINT ( 'NONE',  ( -6.650000000000206413, 90.00000000000000000, 50.00000000000000000 ) ) ;
#1931 = CARTESIAN_POINT ( 'NONE',  ( -10.90000000000000036, 1.334865011070615048E-15, -41.00000000000000000 ) ) ;
#1932 = ORIENTED_EDGE ( 'NONE', *, *, #2176, .F. ) ;
#1933 = ADVANCED_FACE ( 'NONE', ( #2819 ), #862, .F. ) ;
#1934 = DIRECTION ( 'NONE',  ( -9.251858538543007326E-16, 1.000000000000000000, -0.000000000000000000 ) ) ;
#1935 = CARTESIAN_POINT ( 'NONE',  ( -1.325000000000072786, -7.000000000000000888, -69.99999999999998579 ) ) ;
#1936 = ORIENTED_EDGE ( 'NONE', *, *, #2402, .F. ) ;
#1937 = FACE_OUTER_BOUND ( 'NONE', #1646, .T. ) ;
#1938 = EDGE_LOOP ( 'NONE', ( #1748, #542, #2312, #2718 ) ) ;
#1939 = DIRECTION ( 'NONE',  ( -0.000000000000000000, -0.000000000000000000, 1.000000000000000000 ) ) ;
#1940 = CARTESIAN_POINT ( 'NONE',  ( -1.180382521216604073E-13, 154.0000000000000568, -7.000000000000000000 ) ) ;
#1941 = DIRECTION ( 'NONE',  ( -0.000000000000000000, -0.000000000000000000, 1.000000000000000000 ) ) ;
#1942 = EDGE_CURVE ( 'NONE', #2541, #2611, #2687, .T. ) ;
#1943 = AXIS2_PLACEMENT_3D ( 'NONE', #112, #2741, #1652 ) ;
#1944 = DIRECTION ( 'NONE',  ( 0.000000000000000000, 0.000000000000000000, 1.000000000000000000 ) ) ;
#1945 = ORIENTED_EDGE ( 'NONE', *, *, #1784, .F. ) ;
#1946 = ADVANCED_FACE ( 'NONE', ( #2211 ), #7, .F. ) ;
#1947 = EDGE_CURVE ( 'NONE', #2220, #256, #2419, .T. ) ;
#1948 = DIRECTION ( 'NONE',  ( 9.251858538543005354E-16, -1.000000000000000000, 0.000000000000000000 ) ) ;
#1949 = VECTOR ( 'NONE', #2564, 1000.000000000000000 ) ;
#1950 = VECTOR ( 'NONE', #495, 1000.000000000000000 ) ;
#1951 = DIRECTION ( 'NONE',  ( -0.000000000000000000, -0.000000000000000000, 1.000000000000000000 ) ) ;
#1952 = EDGE_LOOP ( 'NONE', ( #1566, #1029, #2705, #1343 ) ) ;
#1953 = VECTOR ( 'NONE', #235, 1000.000000000000000 ) ;
#1954 = AXIS2_PLACEMENT_3D ( 'NONE', #1186, #2720, #1630 ) ;
#1955 = AXIS2_PLACEMENT_3D ( 'NONE', #1853, #534, #764 ) ;
#1956 = ORIENTED_EDGE ( 'NONE', *, *, #1816, .F. ) ;
#1957 = FACE_OUTER_BOUND ( 'NONE', #641, .T. ) ;
#1958 = ORIENTED_EDGE ( 'NONE', *, *, #1495, .T. ) ;
#1959 = DIRECTION ( 'NONE',  ( -0.000000000000000000, 0.000000000000000000, 1.000000000000000000 ) ) ;
#1960 = DIRECTION ( 'NONE',  ( -0.000000000000000000, -0.000000000000000000, -1.000000000000000000 ) ) ;
#1961 = FACE_BOUND ( 'NONE', #694, .T. ) ;
#1962 = AXIS2_PLACEMENT_3D ( 'NONE', #2442, #2488, #2722 ) ;
#1963 = DIRECTION ( 'NONE',  ( 0.000000000000000000, 0.000000000000000000, -1.000000000000000000 ) ) ;
#1964 = ORIENTED_EDGE ( 'NONE', *, *, #1323, .T. ) ;
#1965 = LINE ( 'NONE', #662, #844 ) ;
#1966 = EDGE_CURVE ( 'NONE', #1350, #2765, #1337, .T. ) ;
#1967 = PLANE ( 'NONE',  #1722 ) ;
#1968 = EDGE_LOOP ( 'NONE', ( #172, #2458 ) ) ;
#1969 = ORIENTED_EDGE ( 'NONE', *, *, #2199, .T. ) ;
#1970 = AXIS2_PLACEMENT_3D ( 'NONE', #2062, #1392, #2740 ) ;
#1971 = ORIENTED_EDGE ( 'NONE', *, *, #1942, .F. ) ;
#1972 = DIRECTION ( 'NONE',  ( -1.000000000000000000, 0.000000000000000000, 0.000000000000000000 ) ) ;
#1973 = ORIENTED_EDGE ( 'NONE', *, *, #69, .T. ) ;
#1974 = CARTESIAN_POINT ( 'NONE',  ( -7.000000000000000000, 0.000000000000000000, -69.99999999999998579 ) ) ;
#1975 = ADVANCED_FACE ( 'NONE', ( #878 ), #448, .F. ) ;
#1976 = DIRECTION ( 'NONE',  ( -9.251858538543007326E-16, 1.000000000000000000, -0.000000000000000000 ) ) ;
#1977 = DIRECTION ( 'NONE',  ( 1.000000000000000000, 0.000000000000000000, 0.000000000000000000 ) ) ;
#1978 = AXIS2_PLACEMENT_3D ( 'NONE', #2807, #849, #1305 ) ;
#1979 = CARTESIAN_POINT ( 'NONE',  ( 3.349999999999999645, 65.00000000000000000, -69.99999999999998579 ) ) ;
#1980 = EDGE_LOOP ( 'NONE', ( #2104, #2427 ) ) ;
#1981 = CARTESIAN_POINT ( 'NONE',  ( 6.649999999999999467, 30.00000000000000000, -79.99999999999997158 ) ) ;
#1982 = DIRECTION ( 'NONE',  ( -6.542051911182408155E-16, 0.7071067811865462405, 0.7071067811865489050 ) ) ;
#1983 = EDGE_LOOP ( 'NONE', ( #498, #2287, #1369, #1522 ) ) ;
#1984 = ORIENTED_EDGE ( 'NONE', *, *, #782, .T. ) ;
#1985 = VERTEX_POINT ( 'NONE', #1753 ) ;
#1986 = CARTESIAN_POINT ( 'NONE',  ( -7.332110811570580046E-14, -7.000000000000000888, -69.99999999999998579 ) ) ;
#1987 = ADVANCED_FACE ( 'NONE', ( #2620 ), #660, .F. ) ;
#1988 = VERTEX_POINT ( 'NONE', #967 ) ;
#1989 = CARTESIAN_POINT ( 'NONE',  ( -1.600000000000129541, 140.0000000000000284, 0.000000000000000000 ) ) ;
#1990 = EDGE_CURVE ( 'NONE', #1551, #2567, #2184, .T. ) ;
#1991 = DIRECTION ( 'NONE',  ( 1.196361017915039486E-16, -1.000000000000000000, 0.000000000000000000 ) ) ;
#1992 = FACE_BOUND ( 'NONE', #1322, .T. ) ;
#1993 = DIRECTION ( 'NONE',  ( 1.000000000000000000, 0.000000000000000000, 0.000000000000000000 ) ) ;
#1994 = ORIENTED_EDGE ( 'NONE', *, *, #1447, .F. ) ;
#1995 = LINE ( 'NONE', #1634, #2636 ) ;
#1996 = LINE ( 'NONE', #2642, #2231 ) ;
#1997 = ORIENTED_EDGE ( 'NONE', *, *, #1058, .T. ) ;
#1998 = VERTEX_POINT ( 'NONE', #521 ) ;
#1999 = AXIS2_PLACEMENT_3D ( 'NONE', #2069, #314, #1183 ) ;
#2000 = ORIENTED_EDGE ( 'NONE', *, *, #1885, .F. ) ;
#2001 = AXIS2_PLACEMENT_3D ( 'NONE', #1383, #2700, #1611 ) ;
#2002 = ORIENTED_EDGE ( 'NONE', *, *, #980, .F. ) ;
#2003 = CYLINDRICAL_SURFACE ( 'NONE', #130, 12.00000000000000178 ) ;
#2004 = AXIS2_PLACEMENT_3D ( 'NONE', #873, #671, #1514 ) ;
#2005 = EDGE_CURVE ( 'NONE', #2205, #1926, #999, .T. ) ;
#2006 = EDGE_CURVE ( 'NONE', #150, #1859, #401, .T. ) ;
#2007 = DIRECTION ( 'NONE',  ( 9.929796448694826476E-16, -1.000000000000000000, 0.000000000000000000 ) ) ;
#2008 = CYLINDRICAL_SURFACE ( 'NONE', #10, 1.324999999999998845 ) ;
#2009 = CARTESIAN_POINT ( 'NONE',  ( 2.444036937190193349E-14, 7.000000000000000000, 41.00000000000000711 ) ) ;
#2010 = ORIENTED_EDGE ( 'NONE', *, *, #1915, .F. ) ;
#2011 = CIRCLE ( 'NONE', #2746, 1.275000000000000799 ) ;
#2012 = DIRECTION ( 'NONE',  ( -0.000000000000000000, -0.000000000000000000, 1.000000000000000000 ) ) ;
#2013 = ORIENTED_EDGE ( 'NONE', *, *, #2579, .F. ) ;
#2014 = VECTOR ( 'NONE', #2143, 1000.000000000000000 ) ;
#2015 = VERTEX_POINT ( 'NONE', #717 ) ;
#2016 = VERTEX_POINT ( 'NONE', #1867 ) ;
#2017 = VERTEX_POINT ( 'NONE', #1394 ) ;
#2018 = DIRECTION ( 'NONE',  ( 1.000000000000000000, 0.000000000000000000, 0.000000000000000000 ) ) ;
#2019 = AXIS2_PLACEMENT_3D ( 'NONE', #339, #2764, #2530 ) ;
#2020 = CARTESIAN_POINT ( 'NONE',  ( -5.000000000000000000, 65.00000000000000000, -50.00000000000000000 ) ) ;
#2021 = CARTESIAN_POINT ( 'NONE',  ( 6.650000000000000355, 65.00000000000000000, 37.99999999999999289 ) ) ;
#2022 = LINE ( 'NONE', #2148, #493 ) ;
#2023 = CARTESIAN_POINT ( 'NONE',  ( -1.675000000000000044, 0.000000000000000000, 50.00000000000000000 ) ) ;
#2024 = ORIENTED_EDGE ( 'NONE', *, *, #275, .F. ) ;
#2025 = EDGE_CURVE ( 'NONE', #2016, #2103, #2273, .T. ) ;
#2026 = ORIENTED_EDGE ( 'NONE', *, *, #675, .T. ) ;
#2027 = ORIENTED_EDGE ( 'NONE', *, *, #2218, .F. ) ;
#2028 = ORIENTED_EDGE ( 'NONE', *, *, #2581, .F. ) ;
#2029 = CYLINDRICAL_SURFACE ( 'NONE', #1911, 1.324999999999998845 ) ;
#2030 = FACE_OUTER_BOUND ( 'NONE', #1065, .T. ) ;
#2031 = FACE_OUTER_BOUND ( 'NONE', #2598, .T. ) ;
#2032 = DIRECTION ( 'NONE',  ( -1.000000000000000000, 0.000000000000000000, 0.000000000000000000 ) ) ;
#2033 = AXIS2_PLACEMENT_3D ( 'NONE', #1023, #1012, #2761 ) ;
#2034 = EDGE_CURVE ( 'NONE', #64, #2692, #2449, .T. ) ;
#2035 = CARTESIAN_POINT ( 'NONE',  ( 5.724999999999967670, 35.00000000000007105, 4.888073874380386697E-14 ) ) ;
#2036 = ADVANCED_FACE ( 'NONE', ( #2240 ), #304, .F. ) ;
#2037 = ORIENTED_EDGE ( 'NONE', *, *, #223, .T. ) ;
#2038 = CARTESIAN_POINT ( 'NONE',  ( 10.90000000000000036, 1.334865011070615048E-15, 38.00000000000000000 ) ) ;
#2039 = CIRCLE ( 'NONE', #899, 1.649999999999999467 ) ;
#2040 = FACE_OUTER_BOUND ( 'NONE', #1599, .T. ) ;
#2041 = EDGE_LOOP ( 'NONE', ( #1067, #468, #828, #1079 ) ) ;
#2042 = ORIENTED_EDGE ( 'NONE', *, *, #2546, .T. ) ;
#2043 = DIRECTION ( 'NONE',  ( 1.000000000000000000, 0.000000000000000000, 0.000000000000000000 ) ) ;
#2044 = STYLED_ITEM ( 'NONE', ( #949 ), #2121 ) ;
#2045 = VECTOR ( 'NONE', #781, 1000.000000000000000 ) ;
#2046 = LINE ( 'NONE', #1806, #1785 ) ;
#2047 = VECTOR ( 'NONE', #2177, 1000.000000000000000 ) ;
#2048 = CARTESIAN_POINT ( 'NONE',  ( -5.000000000000000000, 65.00000000000000000, -69.99999999999998579 ) ) ;
#2049 = AXIS2_PLACEMENT_3D ( 'NONE', #1156, #120, #1390 ) ;
#2050 = DIRECTION ( 'NONE',  ( 1.000000000000000000, 0.000000000000000000, 0.000000000000000000 ) ) ;
#2051 = LINE ( 'NONE', #1207, #1221 ) ;
#2052 = CYLINDRICAL_SURFACE ( 'NONE', #588, 1.275000000000000133 ) ;
#2053 = ORIENTED_EDGE ( 'NONE', *, *, #928, .F. ) ;
#2054 = DIRECTION ( 'NONE',  ( 1.000000000000000000, 0.000000000000000000, 0.000000000000000000 ) ) ;
#2055 = DIRECTION ( 'NONE',  ( -9.251858538543005354E-16, 1.000000000000000000, 0.000000000000000000 ) ) ;
#2056 = CIRCLE ( 'NONE', #1191, 1.650000000000000355 ) ;
#2057 = ORIENTED_EDGE ( 'NONE', *, *, #1237, .T. ) ;
#2058 = EDGE_LOOP ( 'NONE', ( #1105, #241, #2454, #2704 ) ) ;
#2059 = DIRECTION ( 'NONE',  ( -0.000000000000000000, -0.000000000000000000, -1.000000000000000000 ) ) ;
#2060 = DIRECTION ( 'NONE',  ( 1.000000000000000000, 0.000000000000000000, 0.000000000000000000 ) ) ;
#2061 = EDGE_CURVE ( 'NONE', #1330, #2304, #2135, .T. ) ;
#2062 = CARTESIAN_POINT ( 'NONE',  ( -7.111611317052176153E-32, 4.626378073151244910E-16, 50.00000000000000000 ) ) ;
#2063 = CARTESIAN_POINT ( 'NONE',  ( 2.444036937190193349E-14, 7.000000000000000000, -69.99999999999998579 ) ) ;
#2064 = VECTOR ( 'NONE', #319, 1000.000000000000000 ) ;
#2065 = CARTESIAN_POINT ( 'NONE',  ( 5.000000000000000000, 30.00000000000000000, -38.00000000000000000 ) ) ;
#2066 = CARTESIAN_POINT ( 'NONE',  ( -7.000000000000000000, 0.000000000000000000, -41.00000000000000000 ) ) ;
#2067 = ORIENTED_EDGE ( 'NONE', *, *, #2511, .F. ) ;
#2068 = CARTESIAN_POINT ( 'NONE',  ( 0.000000000000000000, 0.000000000000000000, -41.00000000000000000 ) ) ;
#2069 = CARTESIAN_POINT ( 'NONE',  ( 2.444036937190193349E-14, 7.000000000000000000, -69.99999999999998579 ) ) ;
#2070 = ORIENTED_EDGE ( 'NONE', *, *, #2073, .T. ) ;
#2071 = VERTEX_POINT ( 'NONE', #2079 ) ;
#2072 = DIRECTION ( 'NONE',  ( -1.000000000000000000, 0.000000000000000000, 0.000000000000000000 ) ) ;
#2073 = EDGE_CURVE ( 'NONE', #2682, #1612, #583, .T. ) ;
#2074 = DIRECTION ( 'NONE',  ( -1.000000000000000000, 0.000000000000000000, 0.000000000000000000 ) ) ;
#2075 = EDGE_CURVE ( 'NONE', #1859, #1526, #994, .T. ) ;
#2076 = DIRECTION ( 'NONE',  ( 1.000000000000000000, 0.000000000000000000, 0.000000000000000000 ) ) ;
#2077 = CARTESIAN_POINT ( 'NONE',  ( 5.000000000000000000, 65.00000000000000000, -69.99999999999998579 ) ) ;
#2078 = EDGE_CURVE ( 'NONE', #1688, #2202, #2051, .T. ) ;
#2079 = CARTESIAN_POINT ( 'NONE',  ( -1.275000000000118705, 154.0000000000000568, -7.000000000000000000 ) ) ;
#2080 = CYLINDRICAL_SURFACE ( 'NONE', #1365, 1.275000000000000133 ) ;
#2081 = ORIENTED_EDGE ( 'NONE', *, *, #2747, .T. ) ;
#2082 = DIRECTION ( 'NONE',  ( 1.000000000000000000, 9.251858538543005354E-16, 0.000000000000000000 ) ) ;
#2083 = CIRCLE ( 'NONE', #390, 1.275000000000000799 ) ;
#2084 = LINE ( 'NONE', #1874, #2318 ) ;
#2085 = EDGE_LOOP ( 'NONE', ( #73, #62, #2586, #2571 ) ) ;
#2086 = ORIENTED_EDGE ( 'NONE', *, *, #2511, .T. ) ;
#2087 = CARTESIAN_POINT ( 'NONE',  ( -15.00000000000001599, 155.0000000000000568, 35.00000000000000711 ) ) ;
#2088 = AXIS2_PLACEMENT_3D ( 'NONE', #1439, #2262, #303 ) ;
#2089 = DIRECTION ( 'NONE',  ( -0.000000000000000000, -0.000000000000000000, -1.000000000000000000 ) ) ;
#2090 = ORIENTED_EDGE ( 'NONE', *, *, #2147, .F. ) ;
#2091 = CARTESIAN_POINT ( 'NONE',  ( 4.999999999999794831, 90.00000000000000000, -79.99999999999997158 ) ) ;
#2092 = VECTOR ( 'NONE', #142, 1000.000000000000000 ) ;
#2093 = AXIS2_PLACEMENT_3D ( 'NONE', #1242, #1052, #2115 ) ;
#2094 = ADVANCED_FACE ( 'NONE', ( #2278 ), #1851, .F. ) ;
#2095 = ADVANCED_FACE ( 'NONE', ( #2727 ), #1596, .F. ) ;
#2096 = CARTESIAN_POINT ( 'NONE',  ( 2.444036937190193349E-14, 7.000000000000000000, -41.00000000000000000 ) ) ;
#2097 = CIRCLE ( 'NONE', #677, 1.324999999999999512 ) ;
#2098 = AXIS2_PLACEMENT_3D ( 'NONE', #81, #2294, #1194 ) ;
#2099 = CARTESIAN_POINT ( 'NONE',  ( 1.274999999999793410, 145.0000000000000568, 7.000000000000000888 ) ) ;
#2100 = ORIENTED_EDGE ( 'NONE', *, *, #2147, .T. ) ;
#2101 = DIRECTION ( 'NONE',  ( 1.000000000000000000, 0.000000000000000000, 0.000000000000000000 ) ) ;
#2102 = CARTESIAN_POINT ( 'NONE',  ( -15.00000000000001954, 155.0000000000000284, -34.99999999999999289 ) ) ;
#2103 = VERTEX_POINT ( 'NONE', #1409 ) ;
#2104 = ORIENTED_EDGE ( 'NONE', *, *, #2199, .F. ) ;
#2105 = AXIS2_PLACEMENT_3D ( 'NONE', #1940, #1733, #429 ) ;
#2106 = LINE ( 'NONE', #1231, #2418 ) ;
#2107 = VERTEX_POINT ( 'NONE', #1193 ) ;
#2108 = CIRCLE ( 'NONE', #870, 1.324999999999998845 ) ;
#2109 = CARTESIAN_POINT ( 'NONE',  ( -3.350000000000206146, 90.00000000000000000, -79.99999999999997158 ) ) ;
#2110 = DIRECTION ( 'NONE',  ( -1.000000000000000000, 0.000000000000000000, 0.000000000000000000 ) ) ;
#2111 = DIRECTION ( 'NONE',  ( 0.000000000000000000, 0.000000000000000000, -1.000000000000000000 ) ) ;
#2112 = VERTEX_POINT ( 'NONE', #1428 ) ;
#2113 = DIRECTION ( 'NONE',  ( 1.000000000000000000, 0.000000000000000000, 0.000000000000000000 ) ) ;
#2114 = EDGE_CURVE ( 'NONE', #89, #1126, #767, .T. ) ;
#2115 = DIRECTION ( 'NONE',  ( 1.000000000000000000, 0.000000000000000000, 0.000000000000000000 ) ) ;
#2116 = VERTEX_POINT ( 'NONE', #321 ) ;
#2117 = AXIS2_PLACEMENT_3D ( 'NONE', #2375, #610, #1050 ) ;
#2118 = FACE_OUTER_BOUND ( 'NONE', #2156, .T. ) ;
#2119 = ORIENTED_EDGE ( 'NONE', *, *, #144, .T. ) ;
#2120 = CARTESIAN_POINT ( 'NONE',  ( -3.349999999999999645, 65.00000000000000000, 37.99999999999999289 ) ) ;
#2121 = MANIFOLD_SOLID_BREP ( '\X2\52079664\X0\-\X2\62c94f38\X0\8', #618 ) ;
#2122 = PRODUCT_DEFINITION_CONTEXT ( 'detailed design', #1728, 'design' ) ;
#2123 = CARTESIAN_POINT ( 'NONE',  ( 14.99999999999987566, 145.0000000000000568, 50.00000000000000000 ) ) ;
#2124 = EDGE_LOOP ( 'NONE', ( #242, #580, #2612, #200 ) ) ;
#2125 = DIRECTION ( 'NONE',  ( -0.000000000000000000, -0.000000000000000000, -1.000000000000000000 ) ) ;
#2126 = EDGE_CURVE ( 'NONE', #2017, #1422, #564, .T. ) ;
#2127 = EDGE_CURVE ( 'NONE', #1167, #723, #2022, .T. ) ;
#2128 = LINE ( 'NONE', #2773, #357 ) ;
#2129 = ORIENTED_EDGE ( 'NONE', *, *, #504, .T. ) ;
#2130 = AXIS2_PLACEMENT_3D ( 'NONE', #2467, #709, #2450 ) ;
#2131 = DIRECTION ( 'NONE',  ( -9.251858538543005354E-16, 1.000000000000000000, -0.000000000000000000 ) ) ;
#2132 = EDGE_LOOP ( 'NONE', ( #575, #2466, #284, #960 ) ) ;
#2133 = CARTESIAN_POINT ( 'NONE',  ( -3.350000000000000533, 30.00000000000000000, 37.99999999999999289 ) ) ;
#2134 = DIRECTION ( 'NONE',  ( -0.000000000000000000, 0.000000000000000000, 1.000000000000000000 ) ) ;
#2135 = CIRCLE ( 'NONE', #1267, 1.275000000000001021 ) ;
#2136 = AXIS2_PLACEMENT_3D ( 'NONE', #2297, #1002, #1211 ) ;
#2137 = DIRECTION ( 'NONE',  ( -0.000000000000000000, -0.000000000000000000, -1.000000000000000000 ) ) ;
#2138 = ORIENTED_EDGE ( 'NONE', *, *, #1765, .F. ) ;
#2139 = CARTESIAN_POINT ( 'NONE',  ( 5.000000000000000000, 30.00000000000000000, 50.00000000000000000 ) ) ;
#2140 = VECTOR ( 'NONE', #1734, 1000.000000000000000 ) ;
#2141 = DIRECTION ( 'NONE',  ( 1.000000000000000000, 0.000000000000000000, 0.000000000000000000 ) ) ;
#2142 = ORIENTED_EDGE ( 'NONE', *, *, #1529, .F. ) ;
#2143 = DIRECTION ( 'NONE',  ( -7.021426404674200291E-16, 0.7071067811865465735, 0.7071067811865484609 ) ) ;
#2144 = ORIENTED_EDGE ( 'NONE', *, *, #126, .F. ) ;
#2145 = DIRECTION ( 'NONE',  ( -0.000000000000000000, 0.000000000000000000, 1.000000000000000000 ) ) ;
#2146 = VECTOR ( 'NONE', #1618, 1000.000000000000000 ) ;
#2147 = EDGE_CURVE ( 'NONE', #1168, #169, #605, .T. ) ;
#2148 = CARTESIAN_POINT ( 'NONE',  ( -15.00000000000001421, 140.0000000000000568, -50.00000000000000000 ) ) ;
#2149 = CIRCLE ( 'NONE', #1144, 1.600000000000000089 ) ;
#2150 = APPLICATION_CONTEXT ( 'automotive_design' ) ;
#2151 = LINE ( 'NONE', #405, #1909 ) ;
#2152 = EDGE_LOOP ( 'NONE', ( #8, #1007 ) ) ;
#2153 = DIRECTION ( 'NONE',  ( 1.000000000000000000, 1.537187667026988118E-16, 0.000000000000000000 ) ) ;
#2154 = CIRCLE ( 'NONE', #510, 1.275000000000001021 ) ;
#2155 = CYLINDRICAL_SURFACE ( 'NONE', #2505, 1.324999999999999512 ) ;
#2156 = EDGE_LOOP ( 'NONE', ( #1641, #1229, #329, #2 ) ) ;
#2157 = DIRECTION ( 'NONE',  ( 1.000000000000000000, 0.000000000000000000, 0.000000000000000000 ) ) ;
#2158 = ADVANCED_FACE ( 'NONE', ( #1032 ), #2575, .F. ) ;
#2159 = ORIENTED_EDGE ( 'NONE', *, *, #2668, .F. ) ;
#2160 = DIRECTION ( 'NONE',  ( -9.251858538543005354E-16, 1.000000000000000000, 0.000000000000000000 ) ) ;
#2161 = ADVANCED_FACE ( 'NONE', ( #366 ), #578, .F. ) ;
#2162 = EDGE_CURVE ( 'NONE', #2215, #2112, #83, .T. ) ;
#2163 = DIRECTION ( 'NONE',  ( -1.000000000000000000, -9.251858538543005354E-16, 0.000000000000000000 ) ) ;
#2164 = CARTESIAN_POINT ( 'NONE',  ( -7.111611317052176153E-32, 4.626378073151244910E-16, 38.00000000000000000 ) ) ;
#2165 = CARTESIAN_POINT ( 'NONE',  ( -1.424786214935623282E-13, 154.0000000000000568, 0.000000000000000000 ) ) ;
#2166 = ORIENTED_EDGE ( 'NONE', *, *, #901, .F. ) ;
#2167 = CARTESIAN_POINT ( 'NONE',  ( 6.649999999999795186, 90.00000000000000000, -38.00000000000000000 ) ) ;
#2168 = LINE ( 'NONE', #1935, #1906 ) ;
#2169 = VERTEX_POINT ( 'NONE', #1930 ) ;
#2170 = DIRECTION ( 'NONE',  ( -1.000000000000000000, 0.000000000000000000, 0.000000000000000000 ) ) ;
#2171 = VECTOR ( 'NONE', #1325, 1000.000000000000000 ) ;
#2172 = ORIENTED_EDGE ( 'NONE', *, *, #92, .T. ) ;
#2173 = FACE_BOUND ( 'NONE', #2500, .T. ) ;
#2174 = LINE ( 'NONE', #1087, #1424 ) ;
#2175 = FACE_BOUND ( 'NONE', #1918, .T. ) ;
#2176 = EDGE_CURVE ( 'NONE', #1053, #2382, #1235, .T. ) ;
#2177 = DIRECTION ( 'NONE',  ( 8.459549885149698233E-17, -0.7071067811865514585, 0.7071067811865435759 ) ) ;
#2178 = ORIENTED_EDGE ( 'NONE', *, *, #1160, .T. ) ;
#2179 = CARTESIAN_POINT ( 'NONE',  ( 4.999999999999794831, 90.00000000000000000, -79.99999999999997158 ) ) ;
#2180 = AXIS2_PLACEMENT_3D ( 'NONE', #2510, #2698, #1175 ) ;
#2181 = CIRCLE ( 'NONE', #2641, 1.275000000000000799 ) ;
#2182 = DIRECTION ( 'NONE',  ( -0.000000000000000000, -0.000000000000000000, 1.000000000000000000 ) ) ;
#2183 = ORIENTED_EDGE ( 'NONE', *, *, #2747, .F. ) ;
#2184 = CIRCLE ( 'NONE', #2738, 1.275000000000000133 ) ;
#2185 = EDGE_CURVE ( 'NONE', #655, #2701, #853, .T. ) ;
#2186 = CIRCLE ( 'NONE', #47, 1.649999999999999467 ) ;
#2187 = CIRCLE ( 'NONE', #630, 10.90000000000000036 ) ;
#2188 = VERTEX_POINT ( 'NONE', #2769 ) ;
#2189 = EDGE_LOOP ( 'NONE', ( #1093, #1700 ) ) ;
#2190 = FACE_OUTER_BOUND ( 'NONE', #846, .T. ) ;
#2191 = ORIENTED_EDGE ( 'NONE', *, *, #1469, .F. ) ;
#2192 = DIRECTION ( 'NONE',  ( 1.000000000000000000, 0.000000000000000000, 0.000000000000000000 ) ) ;
#2193 = CARTESIAN_POINT ( 'NONE',  ( 5.675000000000001599, -4.871847304291684480E-14, -69.99999999999998579 ) ) ;
#2194 = DIRECTION ( 'NONE',  ( 1.000000000000000000, 0.000000000000000000, 0.000000000000000000 ) ) ;
#2195 = AXIS2_PLACEMENT_3D ( 'NONE', #2650, #1563, #2634 ) ;
#2196 = DIRECTION ( 'NONE',  ( -0.000000000000000000, -0.000000000000000000, 1.000000000000000000 ) ) ;
#2197 = ORIENTED_EDGE ( 'NONE', *, *, #761, .F. ) ;
#2198 = CARTESIAN_POINT ( 'NONE',  ( 1.325000000000024380, 7.000000000000000000, -69.99999999999998579 ) ) ;
#2199 = EDGE_CURVE ( 'NONE', #441, #667, #2359, .T. ) ;
#2200 = FACE_OUTER_BOUND ( 'NONE', #347, .T. ) ;
#2201 = ORIENTED_EDGE ( 'NONE', *, *, #520, .F. ) ;
#2202 = VERTEX_POINT ( 'NONE', #1921 ) ;
#2203 = EDGE_CURVE ( 'NONE', #2630, #2420, #2526, .T. ) ;
#2204 = AXIS2_PLACEMENT_3D ( 'NONE', #1190, #715, #2291 ) ;
#2205 = VERTEX_POINT ( 'NONE', #2345 ) ;
#2206 = LINE ( 'NONE', #1560, #2749 ) ;
#2207 = ORIENTED_EDGE ( 'NONE', *, *, #593, .F. ) ;
#2208 = FACE_OUTER_BOUND ( 'NONE', #571, .T. ) ;
#2209 = CARTESIAN_POINT ( 'NONE',  ( -5.000000000000206057, 90.00000000000000000, 50.00000000000000000 ) ) ;
#2210 = CARTESIAN_POINT ( 'NONE',  ( -2.157997296092681413E-13, 154.0000000000000568, 7.000000000000000888 ) ) ;
#2211 = FACE_OUTER_BOUND ( 'NONE', #772, .T. ) ;
#2212 = ORIENTED_EDGE ( 'NONE', *, *, #834, .T. ) ;
#2213 = DIRECTION ( 'NONE',  ( -0.000000000000000000, -0.000000000000000000, 1.000000000000000000 ) ) ;
#2214 = CARTESIAN_POINT ( 'NONE',  ( -6.650000000000000355, 65.00000000000000000, 50.00000000000000000 ) ) ;
#2215 = VERTEX_POINT ( 'NONE', #1260 ) ;
#2216 = EDGE_LOOP ( 'NONE', ( #483, #1994, #176, #2026 ) ) ;
#2217 = EDGE_CURVE ( 'NONE', #1167, #558, #2757, .T. ) ;
#2218 = EDGE_CURVE ( 'NONE', #2107, #2577, #1817, .T. ) ;
#2219 = EDGE_LOOP ( 'NONE', ( #2013, #1731, #273, #187 ) ) ;
#2220 = VERTEX_POINT ( 'NONE', #156 ) ;
#2221 = FACE_BOUND ( 'NONE', #1665, .T. ) ;
#2222 = CARTESIAN_POINT ( 'NONE',  ( 8.324999999999999289, -4.888073874380386697E-14, 50.00000000000000000 ) ) ;
#2223 = FACE_OUTER_BOUND ( 'NONE', #1275, .T. ) ;
#2224 = VECTOR ( 'NONE', #784, 1000.000000000000000 ) ;
#2225 = DIRECTION ( 'NONE',  ( -9.251858538543005354E-16, 1.000000000000000000, 0.000000000000000000 ) ) ;
#2226 = VERTEX_POINT ( 'NONE', #403 ) ;
#2227 = VECTOR ( 'NONE', #1552, 1000.000000000000000 ) ;
#2228 = FACE_OUTER_BOUND ( 'NONE', #1430, .T. ) ;
#2229 = EDGE_LOOP ( 'NONE', ( #1831, #1246, #2660, #771 ) ) ;
#2230 = ORIENTED_EDGE ( 'NONE', *, *, #1658, .F. ) ;
#2231 = VECTOR ( 'NONE', #2242, 1000.000000000000000 ) ;
#2232 = AXIS2_PLACEMENT_3D ( 'NONE', #335, #1150, #777 ) ;
#2233 = ORIENTED_EDGE ( 'NONE', *, *, #2006, .T. ) ;
#2234 = CIRCLE ( 'NONE', #1499, 1.324999999999999512 ) ;
#2235 = ORIENTED_EDGE ( 'NONE', *, *, #175, .F. ) ;
#2236 = CARTESIAN_POINT ( 'NONE',  ( 3.349999999999794031, 90.00000000000000000, 50.00000000000000000 ) ) ;
#2237 = DIRECTION ( 'NONE',  ( 1.000000000000000000, 0.000000000000000000, 0.000000000000000000 ) ) ;
#2238 = CARTESIAN_POINT ( 'NONE',  ( 1.599999999999870637, 140.0000000000000284, 1.959434878635765230E-16 ) ) ;
#2239 = ADVANCED_FACE ( 'NONE', ( #1277 ), #2306, .F. ) ;
#2240 = FACE_OUTER_BOUND ( 'NONE', #1396, .T. ) ;
#2241 = VECTOR ( 'NONE', #2475, 1000.000000000000000 ) ;
#2242 = DIRECTION ( 'NONE',  ( -0.000000000000000000, -0.000000000000000000, -1.000000000000000000 ) ) ;
#2243 = VERTEX_POINT ( 'NONE', #1893 ) ;
#2244 = ORIENTED_EDGE ( 'NONE', *, *, #2203, .T. ) ;
#2245 = ORIENTED_EDGE ( 'NONE', *, *, #1496, .T. ) ;
#2246 = ORIENTED_EDGE ( 'NONE', *, *, #780, .T. ) ;
#2247 = CARTESIAN_POINT ( 'NONE',  ( 14.99999999999988098, 140.0000000000000853, -50.00000000000000000 ) ) ;
#2248 = FACE_BOUND ( 'NONE', #454, .T. ) ;
#2249 = DIRECTION ( 'NONE',  ( -0.000000000000000000, -0.000000000000000000, 1.000000000000000000 ) ) ;
#2250 = EDGE_CURVE ( 'NONE', #1613, #183, #2778, .T. ) ;
#2251 = EDGE_CURVE ( 'NONE', #2374, #64, #460, .T. ) ;
#2252 = CARTESIAN_POINT ( 'NONE',  ( 5.000000000000000000, 30.00000000000000000, -79.99999999999997158 ) ) ;
#2253 = FACE_OUTER_BOUND ( 'NONE', #783, .T. ) ;
#2254 = EDGE_LOOP ( 'NONE', ( #1195, #2057, #1402, #1581 ) ) ;
#2255 = CARTESIAN_POINT ( 'NONE',  ( -1.324999999999975309, 7.000000000000000000, 50.00000000000000000 ) ) ;
#2256 = CARTESIAN_POINT ( 'NONE',  ( 12.00000000000000178, 2.307263007747510824E-15, -50.00000000000000000 ) ) ;
#2257 = ORIENTED_EDGE ( 'NONE', *, *, #1609, .F. ) ;
#2258 = EDGE_LOOP ( 'NONE', ( #1598, #1004, #943, #535 ) ) ;
#2259 = DIRECTION ( 'NONE',  ( -0.000000000000000000, -0.000000000000000000, 1.000000000000000000 ) ) ;
#2260 = DIRECTION ( 'NONE',  ( -9.251858538543005354E-16, 1.000000000000000000, 0.000000000000000000 ) ) ;
#2261 = CYLINDRICAL_SURFACE ( 'NONE', #2565, 1.324999999999998845 ) ;
#2262 = DIRECTION ( 'NONE',  ( -9.251858538543005354E-16, 1.000000000000000000, 0.000000000000000000 ) ) ;
#2263 = DIRECTION ( 'NONE',  ( 9.251858538543005354E-16, -1.000000000000000000, 0.000000000000000000 ) ) ;
#2264 = DIRECTION ( 'NONE',  ( -0.000000000000000000, -0.000000000000000000, 1.000000000000000000 ) ) ;
#2265 = ORIENTED_EDGE ( 'NONE', *, *, #1270, .T. ) ;
#2266 = ORIENTED_EDGE ( 'NONE', *, *, #2762, .T. ) ;
#2267 = CIRCLE ( 'NONE', #134, 1.324999999999998845 ) ;
#2268 = EDGE_CURVE ( 'NONE', #1758, #30, #248, .T. ) ;
#2269 = CARTESIAN_POINT ( 'NONE',  ( 15.00000000000001599, 2.768419307855609675E-15, 38.00000000000000000 ) ) ;
#2270 = EDGE_LOOP ( 'NONE', ( #1539, #1720 ) ) ;
#2271 = ORIENTED_EDGE ( 'NONE', *, *, #2352, .T. ) ;
#2272 = FACE_OUTER_BOUND ( 'NONE', #1523, .T. ) ;
#2273 = CIRCLE ( 'NONE', #2683, 1.600000000000000089 ) ;
#2274 = CARTESIAN_POINT ( 'NONE',  ( -15.00000000000001243, 145.0000000000000284, -22.99999999999986855 ) ) ;
#2275 = AXIS2_PLACEMENT_3D ( 'NONE', #2606, #891, #693 ) ;
#2276 = CARTESIAN_POINT ( 'NONE',  ( -5.000000000000000000, 30.00000000000000000, 37.99999999999999289 ) ) ;
#2277 = DIRECTION ( 'NONE',  ( 1.000000000000000000, 0.000000000000000000, 0.000000000000000000 ) ) ;
#2278 = FACE_OUTER_BOUND ( 'NONE', #2124, .T. ) ;
#2279 = FACE_BOUND ( 'NONE', #118, .T. ) ;
#2280 = EDGE_LOOP ( 'NONE', ( #1573, #959, #1049, #2544 ) ) ;
#2281 = DIRECTION ( 'NONE',  ( 1.000000000000000000, 0.000000000000000000, 0.000000000000000000 ) ) ;
#2282 = AXIS2_PLACEMENT_3D ( 'NONE', #561, #1215, #774 ) ;
#2283 = EDGE_CURVE ( 'NONE', #852, #2169, #536, .T. ) ;
#2284 = CARTESIAN_POINT ( 'NONE',  ( -5.000000000000000000, 65.00000000000000000, -50.00000000000000000 ) ) ;
#2285 = AXIS2_PLACEMENT_3D ( 'NONE', #1331, #244, #1927 ) ;
#2286 = ORIENTED_EDGE ( 'NONE', *, *, #2474, .T. ) ;
#2287 = ORIENTED_EDGE ( 'NONE', *, *, #2268, .T. ) ;
#2288 = CARTESIAN_POINT ( 'NONE',  ( 7.000000000000000000, -4.888073874380386697E-14, -69.99999999999998579 ) ) ;
#2289 = EDGE_CURVE ( 'NONE', #2226, #1141, #1540, .T. ) ;
#2290 = FACE_BOUND ( 'NONE', #2409, .T. ) ;
#2291 = DIRECTION ( 'NONE',  ( 1.000000000000000000, 0.000000000000000000, 0.000000000000000000 ) ) ;
#2292 = FACE_OUTER_BOUND ( 'NONE', #2338, .T. ) ;
#2293 = CARTESIAN_POINT ( 'NONE',  ( -1.341519488088736289E-13, 145.0000000000000568, 0.000000000000000000 ) ) ;
#2294 = DIRECTION ( 'NONE',  ( 0.000000000000000000, 0.000000000000000000, 1.000000000000000000 ) ) ;
#2295 = EDGE_LOOP ( 'NONE', ( #1389, #2801 ) ) ;
#2296 = CARTESIAN_POINT ( 'NONE',  ( 3.349999999999999645, 65.00000000000000000, -50.00000000000000000 ) ) ;
#2297 = CARTESIAN_POINT ( 'NONE',  ( -15.00000000000000711, 140.0000000000000568, -50.00000000000000000 ) ) ;
#2298 = ORIENTED_EDGE ( 'NONE', *, *, #936, .F. ) ;
#2299 = EDGE_CURVE ( 'NONE', #1053, #1162, #875, .T. ) ;
#2300 = VERTEX_POINT ( 'NONE', #2222 ) ;
#2301 = EDGE_CURVE ( 'NONE', #2202, #1797, #841, .T. ) ;
#2302 = DIRECTION ( 'NONE',  ( -0.000000000000000000, -0.000000000000000000, 1.000000000000000000 ) ) ;
#2303 = DIRECTION ( 'NONE',  ( 1.000000000000000000, 0.000000000000000000, 0.000000000000000000 ) ) ;
#2304 = VERTEX_POINT ( 'NONE', #1717 ) ;
#2305 = CARTESIAN_POINT ( 'NONE',  ( -10.90000000000000036, 1.334865011070615048E-15, -38.00000000000000000 ) ) ;
#2306 = CYLINDRICAL_SURFACE ( 'NONE', #1680, 10.75000000000000000 ) ;
#2307 = CARTESIAN_POINT ( 'NONE',  ( -7.111611317052176153E-32, 4.626378073151244910E-16, -38.00000000000000000 ) ) ;
#2308 = ORIENTED_EDGE ( 'NONE', *, *, #2417, .F. ) ;
#2309 = FACE_OUTER_BOUND ( 'NONE', #328, .T. ) ;
#2310 = DIRECTION ( 'NONE',  ( -9.251858538543007326E-16, 1.000000000000000000, -0.000000000000000000 ) ) ;
#2311 = ORIENTED_EDGE ( 'NONE', *, *, #1134, .F. ) ;
#2312 = ORIENTED_EDGE ( 'NONE', *, *, #1694, .T. ) ;
#2313 = CIRCLE ( 'NONE', #1586, 1.675000000000000044 ) ;
#2314 = DIRECTION ( 'NONE',  ( -1.000000000000000000, 0.000000000000000000, 0.000000000000000000 ) ) ;
#2315 = VERTEX_POINT ( 'NONE', #22 ) ;
#2316 = CARTESIAN_POINT ( 'NONE',  ( 15.00000000000001599, 2.768419307855609675E-15, -50.00000000000000000 ) ) ;
#2317 = VECTOR ( 'NONE', #1705, 1000.000000000000000 ) ;
#2318 = VECTOR ( 'NONE', #2748, 1000.000000000000000 ) ;
#2319 = CARTESIAN_POINT ( 'NONE',  ( 5.000000000000000000, 30.00000000000000000, -79.99999999999997158 ) ) ;
#2320 = AXIS2_PLACEMENT_3D ( 'NONE', #1617, #975, #299 ) ;
#2321 = CIRCLE ( 'NONE', #2001, 1.275000000000000133 ) ;
#2322 = EDGE_CURVE ( 'NONE', #839, #477, #1548, .T. ) ;
#2323 = CARTESIAN_POINT ( 'NONE',  ( -3.350000000000206146, 90.00000000000000000, -79.99999999999997158 ) ) ;
#2324 = EDGE_LOOP ( 'NONE', ( #1120, #2378, #2823, #2528, #2244, #500, #1124, #229, #1561, #2266, #566, #2369 ) ) ;
#2325 = CARTESIAN_POINT ( 'NONE',  ( -10.90000000000000036, 0.000000000000000000, 41.00000000000000000 ) ) ;
#2326 = FACE_OUTER_BOUND ( 'NONE', #1558, .T. ) ;
#2327 = EDGE_LOOP ( 'NONE', ( #413, #930 ) ) ;
#2328 = CIRCLE ( 'NONE', #1094, 1.324999999999999734 ) ;
#2329 = CARTESIAN_POINT ( 'NONE',  ( 0.000000000000000000, 0.000000000000000000, 50.00000000000000000 ) ) ;
#2330 = ORIENTED_EDGE ( 'NONE', *, *, #2301, .T. ) ;
#2331 = DIRECTION ( 'NONE',  ( -0.000000000000000000, -0.000000000000000000, 1.000000000000000000 ) ) ;
#2332 = EDGE_CURVE ( 'NONE', #1043, #1544, #443, .T. ) ;
#2333 = DIRECTION ( 'NONE',  ( 1.000000000000000000, 0.000000000000000000, 0.000000000000000000 ) ) ;
#2334 = ADVANCED_FACE ( 'NONE', ( #657 ), #889, .F. ) ;
#2335 = ADVANCED_FACE ( 'NONE', ( #906 ), #691, .F. ) ;
#2336 = VECTOR ( 'NONE', #475, 1000.000000000000000 ) ;
#2337 = CARTESIAN_POINT ( 'NONE',  ( -1.324999999999975309, 7.000000000000000000, 41.00000000000000711 ) ) ;
#2338 = EDGE_LOOP ( 'NONE', ( #2042, #882, #1438, #1486 ) ) ;
#2339 = FACE_OUTER_BOUND ( 'NONE', #1629, .T. ) ;
#2340 = CARTESIAN_POINT ( 'NONE',  ( -10.90000000000000036, 0.000000000000000000, 38.00000000000000000 ) ) ;
#2341 = ORIENTED_EDGE ( 'NONE', *, *, #2006, .F. ) ;
#2342 = DIRECTION ( 'NONE',  ( 0.000000000000000000, 0.000000000000000000, -1.000000000000000000 ) ) ;
#2343 = ORIENTED_EDGE ( 'NONE', *, *, #1784, .T. ) ;
#2344 = DIRECTION ( 'NONE',  ( -0.000000000000000000, -0.000000000000000000, 1.000000000000000000 ) ) ;
#2345 = CARTESIAN_POINT ( 'NONE',  ( 6.650000000000000355, 65.00000000000000000, 50.00000000000000000 ) ) ;
#2346 = CARTESIAN_POINT ( 'NONE',  ( 4.999999999999794831, 90.00000000000000000, -50.00000000000000000 ) ) ;
#2347 = ORIENTED_EDGE ( 'NONE', *, *, #1237, .F. ) ;
#2348 = LINE ( 'NONE', #1493, #2171 ) ;
#2349 = FACE_OUTER_BOUND ( 'NONE', #251, .T. ) ;
#2350 = EDGE_LOOP ( 'NONE', ( #2010, #2233, #1602, #2434 ) ) ;
#2351 = VECTOR ( 'NONE', #2821, 1000.000000000000000 ) ;
#2352 = EDGE_CURVE ( 'NONE', #1216, #1446, #322, .T. ) ;
#2353 = FACE_OUTER_BOUND ( 'NONE', #998, .T. ) ;
#2354 = EDGE_LOOP ( 'NONE', ( #2615, #941 ) ) ;
#2355 = DIRECTION ( 'NONE',  ( -0.000000000000000000, 0.000000000000000000, 1.000000000000000000 ) ) ;
#2356 = CIRCLE ( 'NONE', #804, 1.650000000000000355 ) ;
#2357 = CARTESIAN_POINT ( 'NONE',  ( 5.000000000000000000, 30.00000000000000000, 37.99999999999999289 ) ) ;
#2358 = AXIS2_PLACEMENT_3D ( 'NONE', #1912, #2543, #1026 ) ;
#2359 = CIRCLE ( 'NONE', #43, 1.650000000000000355 ) ;
#2360 = CIRCLE ( 'NONE', #2455, 10.90000000000000036 ) ;
#2361 = DIRECTION ( 'NONE',  ( -9.251858538543005354E-16, 1.000000000000000000, 0.000000000000000000 ) ) ;
#2362 = ORIENTED_EDGE ( 'NONE', *, *, #659, .F. ) ;
#2363 = CARTESIAN_POINT ( 'NONE',  ( -1.057026130006063973E-13, 35.00000000000007105, 7.000000000000000888 ) ) ;
#2364 = CARTESIAN_POINT ( 'NONE',  ( -7.332110811570580046E-14, -7.000000000000000888, -69.99999999999998579 ) ) ;
#2365 = VERTEX_POINT ( 'NONE', #1132 ) ;
#2366 = EDGE_CURVE ( 'NONE', #1559, #485, #685, .T. ) ;
#2367 = ADVANCED_FACE ( 'NONE', ( #1069 ), #643, .F. ) ;
#2368 = CARTESIAN_POINT ( 'NONE',  ( 5.000000000000000000, 65.00000000000000000, -69.99999999999998579 ) ) ;
#2369 = ORIENTED_EDGE ( 'NONE', *, *, #163, .F. ) ;
#2370 = DIRECTION ( 'NONE',  ( -9.251858538543007326E-16, 1.000000000000000000, -0.000000000000000000 ) ) ;
#2371 = VECTOR ( 'NONE', #589, 1000.000000000000000 ) ;
#2372 = CARTESIAN_POINT ( 'NONE',  ( -1.275000000000208189, 145.0000000000000568, 7.000000000000000888 ) ) ;
#2373 = CARTESIAN_POINT ( 'NONE',  ( -7.332110811570580046E-14, -7.000000000000000888, 50.00000000000000000 ) ) ;
#2374 = VERTEX_POINT ( 'NONE', #2372 ) ;
#2375 = CARTESIAN_POINT ( 'NONE',  ( 2.444036937190193349E-14, 7.000000000000000000, 50.00000000000000000 ) ) ;
#2376 = AXIS2_PLACEMENT_3D ( 'NONE', #1118, #908, #1319 ) ;
#2377 = CYLINDRICAL_SURFACE ( 'NONE', #950, 10.90000000000000036 ) ;
#2378 = ORIENTED_EDGE ( 'NONE', *, *, #2763, .T. ) ;
#2379 = EDGE_CURVE ( 'NONE', #2630, #2809, #416, .T. ) ;
#2380 = LINE ( 'NONE', #900, #323 ) ;
#2381 = EDGE_CURVE ( 'NONE', #2071, #384, #1693, .T. ) ;
#2382 = VERTEX_POINT ( 'NONE', #1300 ) ;
#2383 = DIRECTION ( 'NONE',  ( -0.000000000000000000, -0.000000000000000000, -1.000000000000000000 ) ) ;
#2384 = CARTESIAN_POINT ( 'NONE',  ( -1.324999999999975309, 7.000000000000000000, -69.99999999999998579 ) ) ;
#2385 = FACE_BOUND ( 'NONE', #1269, .T. ) ;
#2386 = CARTESIAN_POINT ( 'NONE',  ( 0.000000000000000000, 0.000000000000000000, -41.00000000000000000 ) ) ;
#2387 = EDGE_LOOP ( 'NONE', ( #2607, #195, #1604, #806 ) ) ;
#2388 = DIRECTION ( 'NONE',  ( -9.251858538543007326E-16, 1.000000000000000000, -0.000000000000000000 ) ) ;
#2389 = CYLINDRICAL_SURFACE ( 'NONE', #2815, 1.649999999999999467 ) ;
#2390 = ORIENTED_EDGE ( 'NONE', *, *, #258, .F. ) ;
#2391 = ORIENTED_EDGE ( 'NONE', *, *, #275, .T. ) ;
#2392 = ORIENTED_EDGE ( 'NONE', *, *, #2578, .T. ) ;
#2393 = DIRECTION ( 'NONE',  ( -9.251858538543007326E-16, 1.000000000000000000, -0.000000000000000000 ) ) ;
#2394 = CIRCLE ( 'NONE', #300, 12.00000000000000178 ) ;
#2395 = ORIENTED_EDGE ( 'NONE', *, *, #1900, .T. ) ;
#2396 = FACE_BOUND ( 'NONE', #872, .T. ) ;
#2397 = DIRECTION ( 'NONE',  ( -1.000000000000000000, 0.000000000000000000, 0.000000000000000000 ) ) ;
#2398 = CARTESIAN_POINT ( 'NONE',  ( -5.000000000000000000, 65.00000000000000000, 50.00000000000000000 ) ) ;
#2399 = AXIS2_PLACEMENT_3D ( 'NONE', #656, #1959, #246 ) ;
#2400 = DIRECTION ( 'NONE',  ( 0.000000000000000000, 0.000000000000000000, -1.000000000000000000 ) ) ;
#2401 = ORIENTED_EDGE ( 'NONE', *, *, #799, .F. ) ;
#2402 = EDGE_CURVE ( 'NONE', #2420, #1162, #2174, .T. ) ;
#2403 = DIRECTION ( 'NONE',  ( -0.000000000000000000, -0.000000000000000000, 1.000000000000000000 ) ) ;
#2404 = PRESENTATION_LAYER_ASSIGNMENT (  '', '', ( #2044 ) ) ;
#2405 = AXIS2_PLACEMENT_3D ( 'NONE', #825, #1698, #1283 ) ;
#2406 = DIRECTION ( 'NONE',  ( -0.000000000000000000, -0.000000000000000000, 1.000000000000000000 ) ) ;
#2407 = VECTOR ( 'NONE', #1578, 1000.000000000000000 ) ;
#2408 = AXIS2_PLACEMENT_3D ( 'NONE', #501, #1647, #932 ) ;
#2409 = EDGE_LOOP ( 'NONE', ( #146, #1212 ) ) ;
#2410 = ORIENTED_EDGE ( 'NONE', *, *, #344, .T. ) ;
#2411 = CARTESIAN_POINT ( 'NONE',  ( 7.000000000000000000, -4.888073874380386697E-14, -50.00000000000000000 ) ) ;
#2412 = ORIENTED_EDGE ( 'NONE', *, *, #554, .F. ) ;
#2413 = CARTESIAN_POINT ( 'NONE',  ( -1.324999999999975309, 7.000000000000000000, -50.00000000000000000 ) ) ;
#2414 = DIRECTION ( 'NONE',  ( -1.000000000000000000, 0.000000000000000000, 0.000000000000000000 ) ) ;
#2415 = DIRECTION ( 'NONE',  ( -0.000000000000000000, -0.000000000000000000, -1.000000000000000000 ) ) ;
#2416 = VECTOR ( 'NONE', #1474, 1000.000000000000000 ) ;
#2417 = EDGE_CURVE ( 'NONE', #2611, #17, #2618, .T. ) ;
#2418 = VECTOR ( 'NONE', #398, 1000.000000000000000 ) ;
#2419 = LINE ( 'NONE', #39, #2047 ) ;
#2420 = VERTEX_POINT ( 'NONE', #110 ) ;
#2421 = ADVANCED_FACE ( 'NONE', ( #2030 ), #516, .F. ) ;
#2422 = EDGE_CURVE ( 'NONE', #373, #472, #824, .T. ) ;
#2423 = DIRECTION ( 'NONE',  ( 1.000000000000000000, 1.537187667026988118E-16, 0.000000000000000000 ) ) ;
#2424 = DIRECTION ( 'NONE',  ( 1.000000000000000000, 0.000000000000000000, 0.000000000000000000 ) ) ;
#2425 = ORIENTED_EDGE ( 'NONE', *, *, #2712, .T. ) ;
#2426 = ORIENTED_EDGE ( 'NONE', *, *, #1397, .F. ) ;
#2427 = ORIENTED_EDGE ( 'NONE', *, *, #1569, .F. ) ;
#2428 = LINE ( 'NONE', #669, #2014 ) ;
#2429 = EDGE_LOOP ( 'NONE', ( #1254, #1615, #1997, #2412 ) ) ;
#2430 = DIRECTION ( 'NONE',  ( 0.000000000000000000, 0.000000000000000000, -1.000000000000000000 ) ) ;
#2431 = DIRECTION ( 'NONE',  ( 0.000000000000000000, 0.000000000000000000, -1.000000000000000000 ) ) ;
#2432 = DIRECTION ( 'NONE',  ( -9.251858538543005354E-16, 1.000000000000000000, 0.000000000000000000 ) ) ;
#2433 = CARTESIAN_POINT ( 'NONE',  ( 10.90000000000000036, 0.000000000000000000, -38.00000000000000000 ) ) ;
#2434 = ORIENTED_EDGE ( 'NONE', *, *, #728, .F. ) ;
#2435 = CARTESIAN_POINT ( 'NONE',  ( 3.350000000000000533, 30.00000000000000000, -79.99999999999997158 ) ) ;
#2436 = EDGE_LOOP ( 'NONE', ( #153, #2144, #151, #666 ) ) ;
#2437 = FACE_OUTER_BOUND ( 'NONE', #1983, .T. ) ;
#2438 = ORIENTED_EDGE ( 'NONE', *, *, #2061, .F. ) ;
#2439 = ORIENTED_EDGE ( 'NONE', *, *, #1058, .F. ) ;
#2440 = CARTESIAN_POINT ( 'NONE',  ( 6.649999999999999467, 30.00000000000000000, -50.00000000000000000 ) ) ;
#2441 = ADVANCED_FACE ( 'NONE', ( #2694 ), #66, .F. ) ;
#2442 = CARTESIAN_POINT ( 'NONE',  ( 5.000000000000000000, 30.00000000000000000, -38.00000000000000000 ) ) ;
#2443 = DIRECTION ( 'NONE',  ( -0.000000000000000000, -0.000000000000000000, 1.000000000000000000 ) ) ;
#2444 = DIRECTION ( 'NONE',  ( 9.251858538543005354E-16, -1.000000000000000000, 0.000000000000000000 ) ) ;
#2445 = ORIENTED_EDGE ( 'NONE', *, *, #2268, .F. ) ;
#2446 = AXIS2_PLACEMENT_3D ( 'NONE', #2550, #1044, #2791 ) ;
#2447 = DIRECTION ( 'NONE',  ( -0.000000000000000000, 0.000000000000000000, 1.000000000000000000 ) ) ;
#2448 = ORIENTED_EDGE ( 'NONE', *, *, #1465, .F. ) ;
#2449 = CIRCLE ( 'NONE', #2590, 1.275000000000000799 ) ;
#2450 = DIRECTION ( 'NONE',  ( -1.000000000000000000, 0.000000000000000000, 0.000000000000000000 ) ) ;
#2451 = CIRCLE ( 'NONE', #1681, 1.650000000000000355 ) ;
#2452 = EDGE_CURVE ( 'NONE', #1473, #1355, #778, .T. ) ;
#2453 = CIRCLE ( 'NONE', #1225, 1.649999999999999467 ) ;
#2454 = ORIENTED_EDGE ( 'NONE', *, *, #1765, .T. ) ;
#2455 = AXIS2_PLACEMENT_3D ( 'NONE', #1624, #565, #2714 ) ;
#2456 = PRODUCT_CONTEXT ( 'NONE', #2150, 'mechanical' ) ;
#2457 = EDGE_CURVE ( 'NONE', #1923, #833, #1189, .T. ) ;
#2458 = ORIENTED_EDGE ( 'NONE', *, *, #1202, .F. ) ;
#2459 = EDGE_CURVE ( 'NONE', #1152, #2495, #730, .T. ) ;
#2460 = DIRECTION ( 'NONE',  ( 1.000000000000000000, 9.251858538543005354E-16, 0.000000000000000000 ) ) ;
#2461 = CARTESIAN_POINT ( 'NONE',  ( 4.999999999999794831, 90.00000000000000000, -50.00000000000000000 ) ) ;
#2462 = DIRECTION ( 'NONE',  ( 0.000000000000000000, 0.000000000000000000, -1.000000000000000000 ) ) ;
#2463 = CARTESIAN_POINT ( 'NONE',  ( 6.999999999999866773, 145.0000000000000568, 4.888073874380386697E-14 ) ) ;
#2464 = CIRCLE ( 'NONE', #1962, 1.649999999999999467 ) ;
#2465 = DIRECTION ( 'NONE',  ( 0.000000000000000000, 0.000000000000000000, 1.000000000000000000 ) ) ;
#2466 = ORIENTED_EDGE ( 'NONE', *, *, #572, .T. ) ;
#2467 = CARTESIAN_POINT ( 'NONE',  ( -5.000000000000000000, 65.00000000000000000, -38.00000000000000000 ) ) ;
#2468 = CARTESIAN_POINT ( 'NONE',  ( -8.324999999999999289, 1.622657008870241995E-16, 41.00000000000000711 ) ) ;
#2469 = VERTEX_POINT ( 'NONE', #1204 ) ;
#2470 = DIRECTION ( 'NONE',  ( 1.000000000000000000, 0.000000000000000000, 0.000000000000000000 ) ) ;
#2471 = ORIENTED_EDGE ( 'NONE', *, *, #1643, .F. ) ;
#2472 = DIRECTION ( 'NONE',  ( 1.000000000000000000, 1.537187667026988118E-16, 0.000000000000000000 ) ) ;
#2473 = VECTOR ( 'NONE', #2605, 1000.000000000000000 ) ;
#2474 = EDGE_CURVE ( 'NONE', #1612, #2682, #2464, .T. ) ;
#2475 = DIRECTION ( 'NONE',  ( -0.000000000000000000, -0.000000000000000000, 1.000000000000000000 ) ) ;
#2476 = DIRECTION ( 'NONE',  ( 0.000000000000000000, 0.000000000000000000, 1.000000000000000000 ) ) ;
#2477 = PLANE ( 'NONE',  #851 ) ;
#2478 = DIRECTION ( 'NONE',  ( -1.000000000000000000, 0.000000000000000000, 0.000000000000000000 ) ) ;
#2479 = VECTOR ( 'NONE', #1934, 1000.000000000000000 ) ;
#2480 = EDGE_CURVE ( 'NONE', #2169, #852, #1278, .T. ) ;
#2481 = LINE ( 'NONE', #1395, #2818 ) ;
#2482 = EDGE_LOOP ( 'NONE', ( #1022, #800, #76, #569 ) ) ;
#2483 = CARTESIAN_POINT ( 'NONE',  ( -6.650000000000000355, 65.00000000000000000, -69.99999999999998579 ) ) ;
#2484 = CYLINDRICAL_SURFACE ( 'NONE', #1999, 1.324999999999999734 ) ;
#2485 = ORIENTED_EDGE ( 'NONE', *, *, #2480, .T. ) ;
#2486 = EDGE_LOOP ( 'NONE', ( #2573, #1201 ) ) ;
#2487 = DIRECTION ( 'NONE',  ( -1.000000000000000000, 0.000000000000000000, 0.000000000000000000 ) ) ;
#2488 = DIRECTION ( 'NONE',  ( 0.000000000000000000, 0.000000000000000000, -1.000000000000000000 ) ) ;
#2489 = CARTESIAN_POINT ( 'NONE',  ( -1.202741610010589955E-13, 129.9999999999999147, 38.00000000000000000 ) ) ;
#2490 = CARTESIAN_POINT ( 'NONE',  ( 1.274999999999882672, 154.0000000000000568, -7.000000000000000000 ) ) ;
#2491 = DIRECTION ( 'NONE',  ( -0.000000000000000000, -0.000000000000000000, 1.000000000000000000 ) ) ;
#2492 = AXIS2_PLACEMENT_3D ( 'NONE', #620, #1281, #1721 ) ;
#2493 = EDGE_CURVE ( 'NONE', #1355, #2646, #756, .T. ) ;
#2494 = DIRECTION ( 'NONE',  ( -9.251858538543007326E-16, 1.000000000000000000, -0.000000000000000000 ) ) ;
#2495 = VERTEX_POINT ( 'NONE', #277 ) ;
#2496 = EDGE_CURVE ( 'NONE', #2365, #1661, #459, .T. ) ;
#2497 = ORIENTED_EDGE ( 'NONE', *, *, #158, .T. ) ;
#2498 = AXIS2_PLACEMENT_3D ( 'NONE', #1974, #1527, #2192 ) ;
#2499 = CARTESIAN_POINT ( 'NONE',  ( -6.650000000000206413, 90.00000000000000000, 37.99999999999999289 ) ) ;
#2500 = EDGE_LOOP ( 'NONE', ( #2645, #293 ) ) ;
#2501 = CIRCLE ( 'NONE', #1176, 1.649999999999999467 ) ;
#2502 = ORIENTED_EDGE ( 'NONE', *, *, #1707, .F. ) ;
#2503 = DIRECTION ( 'NONE',  ( 0.000000000000000000, 0.000000000000000000, 1.000000000000000000 ) ) ;
#2504 = AXIS2_PLACEMENT_3D ( 'NONE', #1059, #378, #2553 ) ;
#2505 = AXIS2_PLACEMENT_3D ( 'NONE', #2364, #1951, #1723 ) ;
#2506 = LINE ( 'NONE', #962, #1553 ) ;
#2507 = CARTESIAN_POINT ( 'NONE',  ( -12.00000000000000178, -1.381987393117261645E-15, -50.00000000000000000 ) ) ;
#2508 = CIRCLE ( 'NONE', #2688, 1.324999999999998845 ) ;
#2509 = DIRECTION ( 'NONE',  ( 1.000000000000000000, 0.000000000000000000, 0.000000000000000000 ) ) ;
#2510 = CARTESIAN_POINT ( 'NONE',  ( 4.999999999999794831, 90.00000000000000000, -79.99999999999997158 ) ) ;
#2511 = EDGE_CURVE ( 'NONE', #558, #1923, #2506, .T. ) ;
#2512 = DIRECTION ( 'NONE',  ( -1.000000000000000000, 0.000000000000000000, 0.000000000000000000 ) ) ;
#2513 = EDGE_CURVE ( 'NONE', #1526, #883, #2056, .T. ) ;
#2514 = VERTEX_POINT ( 'NONE', #2274 ) ;
#2515 = DIRECTION ( 'NONE',  ( -0.000000000000000000, -0.000000000000000000, 1.000000000000000000 ) ) ;
#2516 = CIRCLE ( 'NONE', #1648, 1.650000000000000355 ) ;
#2517 = CARTESIAN_POINT ( 'NONE',  ( 15.00000000000001599, 1.489469467304225687E-14, 50.00000000000000000 ) ) ;
#2518 = CIRCLE ( 'NONE', #411, 1.275000000000001021 ) ;
#2519 = ORIENTED_EDGE ( 'NONE', *, *, #539, .T. ) ;
#2520 = ORIENTED_EDGE ( 'NONE', *, *, #1112, .F. ) ;
#2521 = PLANE ( 'NONE',  #1778 ) ;
#2522 = DIRECTION ( 'NONE',  ( 9.251858538543005354E-16, -1.000000000000000000, 0.000000000000000000 ) ) ;
#2523 = DIRECTION ( 'NONE',  ( -0.000000000000000000, -0.000000000000000000, 1.000000000000000000 ) ) ;
#2524 = FACE_OUTER_BOUND ( 'NONE', #1224, .T. ) ;
#2525 = VECTOR ( 'NONE', #1420, 1000.000000000000000 ) ;
#2526 = LINE ( 'NONE', #1440, #1949 ) ;
#2527 = DIRECTION ( 'NONE',  ( 1.000000000000000000, 0.000000000000000000, 0.000000000000000000 ) ) ;
#2528 = ORIENTED_EDGE ( 'NONE', *, *, #520, .T. ) ;
#2529 = CYLINDRICAL_SURFACE ( 'NONE', #32, 1.600000000000000089 ) ;
#2530 = DIRECTION ( 'NONE',  ( -1.000000000000000000, 0.000000000000000000, 0.000000000000000000 ) ) ;
#2531 = ORIENTED_EDGE ( 'NONE', *, *, #294, .F. ) ;
#2532 = VERTEX_POINT ( 'NONE', #1377 ) ;
#2533 = CARTESIAN_POINT ( 'NONE',  ( -3.350000000000206146, 90.00000000000000000, 50.00000000000000000 ) ) ;
#2534 = CARTESIAN_POINT ( 'NONE',  ( -14.99999999999999822, -1.794541526872558859E-15, 50.00000000000000000 ) ) ;
#2535 = ADVANCED_FACE ( 'NONE', ( #2248, #1171, #78, #703, #2290, #545 ), #331, .T. ) ;
#2536 = EDGE_LOOP ( 'NONE', ( #1180, #969 ) ) ;
#2537 = DIRECTION ( 'NONE',  ( 9.929796448694826476E-16, -1.000000000000000000, 0.000000000000000000 ) ) ;
#2538 = DIRECTION ( 'NONE',  ( -0.000000000000000000, -0.000000000000000000, 1.000000000000000000 ) ) ;
#2540 = VECTOR ( 'NONE', #1226, 1000.000000000000000 ) ;
#2539 = DIRECTION ( 'NONE',  ( -9.251858538543007326E-16, 1.000000000000000000, -0.000000000000000000 ) ) ;
#2541 = VERTEX_POINT ( 'NONE', #933 ) ;
#2542 = CARTESIAN_POINT ( 'NONE',  ( -6.650000000000206413, 90.00000000000000000, -38.00000000000000000 ) ) ;
#2543 = DIRECTION ( 'NONE',  ( 0.000000000000000000, 0.000000000000000000, 1.000000000000000000 ) ) ;
#2544 = ORIENTED_EDGE ( 'NONE', *, *, #393, .F. ) ;
#2545 = EDGE_CURVE ( 'NONE', #686, #955, #2046, .T. ) ;
#2546 = EDGE_CURVE ( 'NONE', #363, #84, #4, .T. ) ;
#2547 = CARTESIAN_POINT ( 'NONE',  ( -7.000000000000000000, 0.000000000000000000, 41.00000000000000711 ) ) ;
#2548 = ADVANCED_FACE ( 'NONE', ( #1820 ), #1042, .F. ) ;
#2549 = ORIENTED_EDGE ( 'NONE', *, *, #939, .F. ) ;
#2550 = CARTESIAN_POINT ( 'NONE',  ( 0.000000000000000000, 0.000000000000000000, 59.00000000000000711 ) ) ;
#2551 = CIRCLE ( 'NONE', #1311, 1.324999999999998845 ) ;
#2552 = CIRCLE ( 'NONE', #1592, 1.324999999999999512 ) ;
#2553 = DIRECTION ( 'NONE',  ( -1.000000000000000000, 0.000000000000000000, 0.000000000000000000 ) ) ;
#2554 = VECTOR ( 'NONE', #573, 1000.000000000000000 ) ;
#2555 = CARTESIAN_POINT ( 'NONE',  ( -7.332110811570580046E-14, -7.000000000000000888, 41.00000000000000711 ) ) ;
#2556 = ORIENTED_EDGE ( 'NONE', *, *, #1567, .T. ) ;
#2557 = PLANE ( 'NONE',  #1164 ) ;
#2558 = DIRECTION ( 'NONE',  ( -0.000000000000000000, -0.000000000000000000, -1.000000000000000000 ) ) ;
#2559 = ORIENTED_EDGE ( 'NONE', *, *, #190, .T. ) ;
#2560 = AXIS2_PLACEMENT_3D ( 'NONE', #2561, #2089, #2314 ) ;
#2561 = CARTESIAN_POINT ( 'NONE',  ( 0.000000000000000000, 0.000000000000000000, 41.00000000000000000 ) ) ;
#2562 = EDGE_LOOP ( 'NONE', ( #1971, #2002 ) ) ;
#2563 = CARTESIAN_POINT ( 'NONE',  ( -3.349999999999999645, 65.00000000000000000, -69.99999999999998579 ) ) ;
#2564 = DIRECTION ( 'NONE',  ( 9.929796448694826476E-16, -1.000000000000000000, 0.000000000000000000 ) ) ;
#2565 = AXIS2_PLACEMENT_3D ( 'NONE', #2723, #333, #2076 ) ;
#2566 = CYLINDRICAL_SURFACE ( 'NONE', #1459, 1.275000000000000799 ) ;
#2567 = VERTEX_POINT ( 'NONE', #1017 ) ;
#2568 = EDGE_CURVE ( 'NONE', #2215, #679, #2106, .T. ) ;
#2569 = CARTESIAN_POINT ( 'NONE',  ( 15.00000000000001599, 2.768419307855609675E-15, -50.00000000000000000 ) ) ;
#2570 = DIRECTION ( 'NONE',  ( -0.000000000000000000, -0.000000000000000000, 1.000000000000000000 ) ) ;
#2571 = ORIENTED_EDGE ( 'NONE', *, *, #1450, .F. ) ;
#2572 = DIRECTION ( 'NONE',  ( -0.000000000000000000, 0.000000000000000000, 1.000000000000000000 ) ) ;
#2573 = ORIENTED_EDGE ( 'NONE', *, *, #713, .T. ) ;
#2574 = LINE ( 'NONE', #1452, #1769 ) ;
#2575 = CYLINDRICAL_SURFACE ( 'NONE', #1174, 1.649999999999999467 ) ;
#2576 = CARTESIAN_POINT ( 'NONE',  ( -7.000000000000142109, 154.0000000000000568, 0.000000000000000000 ) ) ;
#2577 = VERTEX_POINT ( 'NONE', #174 ) ;
#2578 = EDGE_CURVE ( 'NONE', #2809, #856, #1028, .T. ) ;
#2579 = EDGE_CURVE ( 'NONE', #2112, #2734, #816, .T. ) ;
#2580 = FACE_OUTER_BOUND ( 'NONE', #1421, .T. ) ;
#2581 = EDGE_CURVE ( 'NONE', #1230, #2169, #1890, .T. ) ;
#2582 = CARTESIAN_POINT ( 'NONE',  ( 1.325000000000024380, 7.000000000000000000, -50.00000000000000000 ) ) ;
#2583 = EDGE_LOOP ( 'NONE', ( #688, #1097, #1433, #2086 ) ) ;
#2584 = VECTOR ( 'NONE', #2082, 1000.000000000000000 ) ;
#2585 = DIRECTION ( 'NONE',  ( 1.000000000000000000, 0.000000000000000000, 0.000000000000000000 ) ) ;
#2586 = ORIENTED_EDGE ( 'NONE', *, *, #1381, .T. ) ;
#2587 = CARTESIAN_POINT ( 'NONE',  ( -8.324999999999999289, 1.622657008870241995E-16, -50.00000000000000000 ) ) ;
#2588 = VECTOR ( 'NONE', #154, 1000.000000000000000 ) ;
#2589 = DIRECTION ( 'NONE',  ( -1.000000000000000000, 0.000000000000000000, 0.000000000000000000 ) ) ;
#2590 = AXIS2_PLACEMENT_3D ( 'NONE', #2680, #2713, #746 ) ;
#2591 = CIRCLE ( 'NONE', #1001, 1.650000000000000355 ) ;
#2592 = DIRECTION ( 'NONE',  ( -9.251858538543007326E-16, 1.000000000000000000, -0.000000000000000000 ) ) ;
#2593 = ORIENTED_EDGE ( 'NONE', *, *, #2669, .F. ) ;
#2594 = LINE ( 'NONE', #1106, #894 ) ;
#2595 = EDGE_CURVE ( 'NONE', #1373, #1626, #1371, .T. ) ;
#2596 = EDGE_CURVE ( 'NONE', #1398, #590, #2328, .T. ) ;
#2597 = CARTESIAN_POINT ( 'NONE',  ( 1.675000000000000044, 2.051283388571816641E-16, 50.00000000000000000 ) ) ;
#2598 = EDGE_LOOP ( 'NONE', ( #1484, #1055, #2265, #2230 ) ) ;
#2599 = CARTESIAN_POINT ( 'NONE',  ( 0.000000000000000000, 0.000000000000000000, 38.00000000000000000 ) ) ;
#2600 = ORIENTED_EDGE ( 'NONE', *, *, #446, .T. ) ;
#2601 = DIRECTION ( 'NONE',  ( -1.000000000000000000, 0.000000000000000000, 0.000000000000000000 ) ) ;
#2602 = VECTOR ( 'NONE', #1794, 1000.000000000000000 ) ;
#2603 = DIRECTION ( 'NONE',  ( 1.000000000000000000, 0.000000000000000000, 0.000000000000000000 ) ) ;
#2604 = AXIS2_PLACEMENT_3D ( 'NONE', #1066, #1713, #1972 ) ;
#2605 = DIRECTION ( 'NONE',  ( 1.000000000000000000, 1.537187667026988118E-16, 0.000000000000000000 ) ) ;
#2606 = CARTESIAN_POINT ( 'NONE',  ( 2.444036937190193349E-14, 7.000000000000000000, 41.00000000000000711 ) ) ;
#2607 = ORIENTED_EDGE ( 'NONE', *, *, #2422, .F. ) ;
#2608 = FACE_OUTER_BOUND ( 'NONE', #983, .T. ) ;
#2609 = CIRCLE ( 'NONE', #1410, 1.650000000000000355 ) ;
#2610 = CARTESIAN_POINT ( 'NONE',  ( 0.000000000000000000, 0.000000000000000000, 50.00000000000000000 ) ) ;
#2611 = VERTEX_POINT ( 'NONE', #1701 ) ;
#2612 = ORIENTED_EDGE ( 'NONE', *, *, #294, .T. ) ;
#2613 = ORIENTED_EDGE ( 'NONE', *, *, #2595, .F. ) ;
#2614 = DIRECTION ( 'NONE',  ( 1.000000000000000000, 0.000000000000000000, 0.000000000000000000 ) ) ;
#2615 = ORIENTED_EDGE ( 'NONE', *, *, #2721, .F. ) ;
#2616 = CARTESIAN_POINT ( 'NONE',  ( -14.99999999999999822, -1.843146659666174765E-15, 50.00000000000000000 ) ) ;
#2617 = EDGE_CURVE ( 'NONE', #1479, #2689, #2516, .T. ) ;
#2618 = LINE ( 'NONE', #1530, #2146 ) ;
#2619 = FACE_OUTER_BOUND ( 'NONE', #106, .T. ) ;
#2620 = FACE_OUTER_BOUND ( 'NONE', #701, .T. ) ;
#2621 = EDGE_LOOP ( 'NONE', ( #2788, #2197 ) ) ;
#2622 = CYLINDRICAL_SURFACE ( 'NONE', #1031, 1.649999999999999467 ) ;
#2623 = DIRECTION ( 'NONE',  ( -0.000000000000000000, -0.000000000000000000, 1.000000000000000000 ) ) ;
#2624 = EDGE_LOOP ( 'NONE', ( #683, #1367, #298, #59 ) ) ;
#2625 = ORIENTED_EDGE ( 'NONE', *, *, #1304, .F. ) ;
#2626 = VERTEX_POINT ( 'NONE', #1689 ) ;
#2627 = CARTESIAN_POINT ( 'NONE',  ( 6.649999999999795186, 90.00000000000000000, 37.99999999999999289 ) ) ;
#2628 = CIRCLE ( 'NONE', #2033, 1.324999999999999512 ) ;
#2629 = EDGE_CURVE ( 'NONE', #1152, #1988, #98, .T. ) ;
#2630 = VERTEX_POINT ( 'NONE', #1664 ) ;
#2631 = DIRECTION ( 'NONE',  ( -1.000000000000000000, 0.000000000000000000, 0.000000000000000000 ) ) ;
#2632 = EDGE_CURVE ( 'NONE', #1136, #1776, #1256, .T. ) ;
#2633 = ADVANCED_FACE ( 'NONE', ( #1878, #2789, #613, #1485, #2753, #2353 ), #790, .T. ) ;
#2634 = DIRECTION ( 'NONE',  ( 1.000000000000000000, 0.000000000000000000, 0.000000000000000000 ) ) ;
#2635 = CARTESIAN_POINT ( 'NONE',  ( 0.000000000000000000, 0.000000000000000000, 59.00000000000000711 ) ) ;
#2636 = VECTOR ( 'NONE', #547, 1000.000000000000000 ) ;
#2637 = CARTESIAN_POINT ( 'NONE',  ( 5.000000000000000000, 30.00000000000000000, 50.00000000000000000 ) ) ;
#2638 = ORIENTED_EDGE ( 'NONE', *, *, #554, .T. ) ;
#2639 = DIRECTION ( 'NONE',  ( -0.000000000000000000, -0.000000000000000000, 1.000000000000000000 ) ) ;
#2640 = VECTOR ( 'NONE', #2538, 1000.000000000000000 ) ;
#2641 = AXIS2_PLACEMENT_3D ( 'NONE', #2798, #1897, #208 ) ;
#2642 = CARTESIAN_POINT ( 'NONE',  ( 12.00000000000000178, 2.307263007747510824E-15, 50.00000000000000000 ) ) ;
#2643 = CIRCLE ( 'NONE', #2816, 1.324999999999999512 ) ;
#2644 = CIRCLE ( 'NONE', #952, 10.90000000000000036 ) ;
#2645 = ORIENTED_EDGE ( 'NONE', *, *, #654, .T. ) ;
#2646 = VERTEX_POINT ( 'NONE', #2739 ) ;
#2647 = DIRECTION ( 'NONE',  ( 7.021426404674170709E-16, -0.7071067811865435759, -0.7071067811865513475 ) ) ;
#2648 = ORIENTED_EDGE ( 'NONE', *, *, #2545, .T. ) ;
#2649 = CARTESIAN_POINT ( 'NONE',  ( -10.75000000000014388, 155.0000000000000568, 0.000000000000000000 ) ) ;
#2650 = CARTESIAN_POINT ( 'NONE',  ( -5.000000000000000000, 65.00000000000000000, -69.99999999999998579 ) ) ;
#2651 = DIRECTION ( 'NONE',  ( 1.000000000000000000, 0.000000000000000000, 0.000000000000000000 ) ) ;
#2652 = VECTOR ( 'NONE', #1848, 1000.000000000000000 ) ;
#2653 =( GEOMETRIC_REPRESENTATION_CONTEXT ( 3 ) GLOBAL_UNCERTAINTY_ASSIGNED_CONTEXT ( ( #1414 ) ) GLOBAL_UNIT_ASSIGNED_CONTEXT ( ( #2691, #63, #2661 ) ) REPRESENTATION_CONTEXT ( 'NONE', 'WORKASPACE' ) );
#2654 = LINE ( 'NONE', #462, #2407 ) ;
#2655 = ORIENTED_EDGE ( 'NONE', *, *, #1187, .T. ) ;
#2656 = DIRECTION ( 'NONE',  ( 1.000000000000000000, 9.251858538543005354E-16, 0.000000000000000000 ) ) ;
#2657 = VERTEX_POINT ( 'NONE', #345 ) ;
#2658 = EDGE_CURVE ( 'NONE', #1043, #1858, #2787, .T. ) ;
#2659 = ORIENTED_EDGE ( 'NONE', *, *, #1883, .F. ) ;
#2660 = ORIENTED_EDGE ( 'NONE', *, *, #2632, .T. ) ;
#2661 =( NAMED_UNIT ( * ) SI_UNIT ( $, .STERADIAN. ) SOLID_ANGLE_UNIT ( ) );
#2662 = ORIENTED_EDGE ( 'NONE', *, *, #2803, .T. ) ;
#2663 = DIRECTION ( 'NONE',  ( -1.000000000000000000, 0.000000000000000000, 0.000000000000000000 ) ) ;
#2664 = DIRECTION ( 'NONE',  ( 1.000000000000000000, 0.000000000000000000, 0.000000000000000000 ) ) ;
#2665 = LINE ( 'NONE', #1577, #645 ) ;
#2666 = CYLINDRICAL_SURFACE ( 'NONE', #1315, 1.324999999999999512 ) ;
#2667 = EDGE_LOOP ( 'NONE', ( #165, #2790 ) ) ;
#2668 = EDGE_CURVE ( 'NONE', #1709, #1136, #1047, .T. ) ;
#2669 = EDGE_CURVE ( 'NONE', #2374, #1737, #2011, .T. ) ;
#2670 = CYLINDRICAL_SURFACE ( 'NONE', #810, 1.650000000000000355 ) ;
#2671 = EDGE_CURVE ( 'NONE', #2701, #655, #1505, .T. ) ;
#2672 = EDGE_LOOP ( 'NONE', ( #1541, #1555, #2519, #437 ) ) ;
#2673 = DIRECTION ( 'NONE',  ( -0.000000000000000000, -0.000000000000000000, 1.000000000000000000 ) ) ;
#2674 = ORIENTED_EDGE ( 'NONE', *, *, #2726, .T. ) ;
#2675 = APPLICATION_PROTOCOL_DEFINITION ( 'draft international standard', 'automotive_design', 1998, #1728 ) ;
#2676 = ORIENTED_EDGE ( 'NONE', *, *, #1238, .F. ) ;
#2677 = CARTESIAN_POINT ( 'NONE',  ( 0.000000000000000000, 0.000000000000000000, -38.00000000000000000 ) ) ;
#2678 = DIRECTION ( 'NONE',  ( 1.000000000000000000, 1.537187667026988118E-16, 0.000000000000000000 ) ) ;
#2679 = DIRECTION ( 'NONE',  ( -0.000000000000000000, -0.000000000000000000, 1.000000000000000000 ) ) ;
#2680 = CARTESIAN_POINT ( 'NONE',  ( -2.157997296092681413E-13, 154.0000000000000568, 7.000000000000000888 ) ) ;
#2681 = CARTESIAN_POINT ( 'NONE',  ( 6.999999999999968026, 35.00000000000007105, 4.888073874380386697E-14 ) ) ;
#2682 = VERTEX_POINT ( 'NONE', #1245 ) ;
#2683 = AXIS2_PLACEMENT_3D ( 'NONE', #2293, #2263, #1637 ) ;
#2684 = CARTESIAN_POINT ( 'NONE',  ( 2.444036937190193349E-14, 7.000000000000000000, -69.99999999999998579 ) ) ;
#2685 = AXIS2_PLACEMENT_3D ( 'NONE', #664, #682, #2656 ) ;
#2686 = ADVANCED_FACE ( 'NONE', ( #2118 ), #164, .F. ) ;
#2687 = CIRCLE ( 'NONE', #1456, 1.649999999999999467 ) ;
#2688 = AXIS2_PLACEMENT_3D ( 'NONE', #1345, #2430, #2663 ) ;
#2689 = VERTEX_POINT ( 'NONE', #2627 ) ;
#2690 = CIRCLE ( 'NONE', #769, 1.324999999999998845 ) ;
#2691 =( LENGTH_UNIT ( ) NAMED_UNIT ( * ) SI_UNIT ( .MILLI., .METRE. ) );
#2692 = VERTEX_POINT ( 'NONE', #423 ) ;
#2693 = CARTESIAN_POINT ( 'NONE',  ( -7.111611317052176153E-32, 4.626378073151244910E-16, -50.00000000000000000 ) ) ;
#2694 = FACE_OUTER_BOUND ( 'NONE', #1570, .T. ) ;
#2695 = ADVANCED_FACE ( 'NONE', ( #871 ), #1512, .F. ) ;
#2696 = FACE_OUTER_BOUND ( 'NONE', #325, .T. ) ;
#2697 = FACE_BOUND ( 'NONE', #711, .T. ) ;
#2698 = DIRECTION ( 'NONE',  ( -0.000000000000000000, -0.000000000000000000, 1.000000000000000000 ) ) ;
#2699 = AXIS2_PLACEMENT_3D ( 'NONE', #318, #714, #2060 ) ;
#2700 = DIRECTION ( 'NONE',  ( 9.251858538543005354E-16, -1.000000000000000000, 0.000000000000000000 ) ) ;
#2701 = VERTEX_POINT ( 'NONE', #1543 ) ;
#2702 = LINE ( 'NONE', #724, #1673 ) ;
#2703 = DIRECTION ( 'NONE',  ( -1.000000000000000000, 0.000000000000000000, 0.000000000000000000 ) ) ;
#2704 = ORIENTED_EDGE ( 'NONE', *, *, #307, .F. ) ;
#2705 = ORIENTED_EDGE ( 'NONE', *, *, #780, .F. ) ;
#2706 = DIRECTION ( 'NONE',  ( 1.537187667026988118E-16, -1.000000000000000000, 0.000000000000000000 ) ) ;
#2707 = CIRCLE ( 'NONE', #1839, 1.650000000000000355 ) ;
#2708 = ADVANCED_FACE ( 'NONE', ( #1957 ), #199, .T. ) ;
#2709 = CARTESIAN_POINT ( 'NONE',  ( 14.99999999999986677, 155.0000000000000568, 50.00000000000000000 ) ) ;
#2710 = PLANE ( 'NONE',  #1970 ) ;
#2711 = DIRECTION ( 'NONE',  ( -0.000000000000000000, -0.000000000000000000, 1.000000000000000000 ) ) ;
#2712 = EDGE_CURVE ( 'NONE', #1040, #1230, #1282, .T. ) ;
#2713 = DIRECTION ( 'NONE',  ( -9.251858538543005354E-16, 1.000000000000000000, 0.000000000000000000 ) ) ;
#2714 = DIRECTION ( 'NONE',  ( -1.000000000000000000, 0.000000000000000000, 0.000000000000000000 ) ) ;
#2715 = ORIENTED_EDGE ( 'NONE', *, *, #2596, .F. ) ;
#2716 = FACE_OUTER_BOUND ( 'NONE', #2387, .T. ) ;
#2717 = CARTESIAN_POINT ( 'NONE',  ( 1.274999999999992806, 35.00000000000007105, -7.000000000000000000 ) ) ;
#2718 = ORIENTED_EDGE ( 'NONE', *, *, #1234, .T. ) ;
#2719 = ORIENTED_EDGE ( 'NONE', *, *, #2781, .F. ) ;
#2720 = DIRECTION ( 'NONE',  ( -0.000000000000000000, -0.000000000000000000, 1.000000000000000000 ) ) ;
#2721 = EDGE_CURVE ( 'NONE', #2765, #2532, #549, .T. ) ;
#2722 = DIRECTION ( 'NONE',  ( -1.000000000000000000, 0.000000000000000000, 0.000000000000000000 ) ) ;
#2723 = CARTESIAN_POINT ( 'NONE',  ( 7.000000000000000000, -4.888073874380386697E-14, -69.99999999999998579 ) ) ;
#2724 = CARTESIAN_POINT ( 'NONE',  ( -5.000000000000000000, 65.00000000000000000, 37.99999999999999289 ) ) ;
#2725 = EDGE_CURVE ( 'NONE', #2304, #1330, #2518, .T. ) ;
#2726 = EDGE_CURVE ( 'NONE', #2514, #72, #2206, .T. ) ;
#2727 = FACE_OUTER_BOUND ( 'NONE', #2041, .T. ) ;
#2728 = AXIS2_PLACEMENT_3D ( 'NONE', #768, #2772, #1896 ) ;
#2729 = FACE_BOUND ( 'NONE', #1213, .T. ) ;
#2730 = ORIENTED_EDGE ( 'NONE', *, *, #572, .F. ) ;
#2731 = CARTESIAN_POINT ( 'NONE',  ( 6.649999999999795186, 90.00000000000000000, -79.99999999999997158 ) ) ;
#2732 = VECTOR ( 'NONE', #912, 1000.000000000000000 ) ;
#2733 = DIRECTION ( 'NONE',  ( -0.000000000000000000, -0.000000000000000000, 1.000000000000000000 ) ) ;
#2734 = VERTEX_POINT ( 'NONE', #653 ) ;
#2735 = AXIS2_PLACEMENT_3D ( 'NONE', #850, #2570, #197 ) ;
#2736 = ORIENTED_EDGE ( 'NONE', *, *, #2322, .T. ) ;
#2737 = FACE_OUTER_BOUND ( 'NONE', #2583, .T. ) ;
#2738 = AXIS2_PLACEMENT_3D ( 'NONE', #1610, #2444, #124 ) ;
#2739 = CARTESIAN_POINT ( 'NONE',  ( -6.650000000000000355, 65.00000000000000000, -38.00000000000000000 ) ) ;
#2740 = DIRECTION ( 'NONE',  ( -1.000000000000000000, -1.537187667026988118E-16, 0.000000000000000000 ) ) ;
#2741 = DIRECTION ( 'NONE',  ( -1.537187667026988118E-16, 1.000000000000000000, 0.000000000000000000 ) ) ;
#2742 = CARTESIAN_POINT ( 'NONE',  ( 6.650000000000000355, 65.00000000000000000, -69.99999999999998579 ) ) ;
#2743 = DIRECTION ( 'NONE',  ( -1.000000000000000000, 0.000000000000000000, 0.000000000000000000 ) ) ;
#2744 = ORIENTED_EDGE ( 'NONE', *, *, #2629, .T. ) ;
#2745 = FACE_BOUND ( 'NONE', #1154, .T. ) ;
#2746 = AXIS2_PLACEMENT_3D ( 'NONE', #1449, #2522, #1675 ) ;
#2747 = EDGE_CURVE ( 'NONE', #1859, #150, #1557, .T. ) ;
#2748 = DIRECTION ( 'NONE',  ( -0.000000000000000000, -0.000000000000000000, 1.000000000000000000 ) ) ;
#2749 = VECTOR ( 'NONE', #1730, 1000.000000000000000 ) ;
#2750 = ORIENTED_EDGE ( 'NONE', *, *, #1060, .F. ) ;
#2751 = ORIENTED_EDGE ( 'NONE', *, *, #593, .T. ) ;
#2752 = DIRECTION ( 'NONE',  ( -0.000000000000000000, -0.000000000000000000, -1.000000000000000000 ) ) ;
#2753 = FACE_BOUND ( 'NONE', #119, .T. ) ;
#2754 = ORIENTED_EDGE ( 'NONE', *, *, #1271, .F. ) ;
#2755 = FACE_BOUND ( 'NONE', #1155, .T. ) ;
#2756 = VECTOR ( 'NONE', #2679, 1000.000000000000000 ) ;
#2757 = LINE ( 'NONE', #831, #2317 ) ;
#2758 = CYLINDRICAL_SURFACE ( 'NONE', #1177, 1.275000000000000799 ) ;
#2759 = ORIENTED_EDGE ( 'NONE', *, *, #2162, .T. ) ;
#2760 = EDGE_CURVE ( 'NONE', #1803, #1901, #2380, .T. ) ;
#2761 = DIRECTION ( 'NONE',  ( -1.000000000000000000, 0.000000000000000000, 0.000000000000000000 ) ) ;
#2762 = EDGE_CURVE ( 'NONE', #72, #1688, #1297, .T. ) ;
#2763 = EDGE_CURVE ( 'NONE', #839, #833, #2428, .T. ) ;
#2764 = DIRECTION ( 'NONE',  ( 0.000000000000000000, 0.000000000000000000, -1.000000000000000000 ) ) ;
#2765 = VERTEX_POINT ( 'NONE', #189 ) ;
#2766 = DIRECTION ( 'NONE',  ( 0.000000000000000000, 0.000000000000000000, 1.000000000000000000 ) ) ;
#2767 = ORIENTED_EDGE ( 'NONE', *, *, #1692, .F. ) ;
#2768 = FACE_BOUND ( 'NONE', #927, .T. ) ;
#2769 = CARTESIAN_POINT ( 'NONE',  ( -3.350000000000000533, 30.00000000000000000, 50.00000000000000000 ) ) ;
#2770 = FACE_OUTER_BOUND ( 'NONE', #2219, .T. ) ;
#2771 = ORIENTED_EDGE ( 'NONE', *, *, #1469, .T. ) ;
#2772 = DIRECTION ( 'NONE',  ( -0.000000000000000000, -0.000000000000000000, 1.000000000000000000 ) ) ;
#2773 = CARTESIAN_POINT ( 'NONE',  ( 1.325000000000024380, 7.000000000000000000, -69.99999999999998579 ) ) ;
#2774 = ORIENTED_EDGE ( 'NONE', *, *, #393, .T. ) ;
#2775 = CARTESIAN_POINT ( 'NONE',  ( -1.057026130006063973E-13, 35.00000000000007105, 7.000000000000000888 ) ) ;
#2776 = ORIENTED_EDGE ( 'NONE', *, *, #382, .F. ) ;
#2777 = CARTESIAN_POINT ( 'NONE',  ( -5.000000000000206057, 90.00000000000000000, -79.99999999999997158 ) ) ;
#2778 = CIRCLE ( 'NONE', #1905, 1.324999999999999734 ) ;
#2779 = VECTOR ( 'NONE', #555, 1000.000000000000000 ) ;
#2780 = AXIS2_PLACEMENT_3D ( 'NONE', #2165, #2225, #910 ) ;
#2781 = EDGE_CURVE ( 'NONE', #740, #1350, #2108, .T. ) ;
#2782 = DIRECTION ( 'NONE',  ( 0.000000000000000000, 0.000000000000000000, -1.000000000000000000 ) ) ;
#2783 = LINE ( 'NONE', #157, #676 ) ;
#2784 = ORIENTED_EDGE ( 'NONE', *, *, #635, .T. ) ;
#2785 = CARTESIAN_POINT ( 'NONE',  ( 3.349999999999794031, 90.00000000000000000, -50.00000000000000000 ) ) ;
#2786 = CARTESIAN_POINT ( 'NONE',  ( -1.324999999999975309, 7.000000000000000000, -69.99999999999998579 ) ) ;
#2787 = CIRCLE ( 'NONE', #2282, 1.324999999999998845 ) ;
#2788 = ORIENTED_EDGE ( 'NONE', *, *, #1182, .F. ) ;
#2789 = FACE_BOUND ( 'NONE', #869, .T. ) ;
#2790 = ORIENTED_EDGE ( 'NONE', *, *, #481, .F. ) ;
#2791 = DIRECTION ( 'NONE',  ( -1.000000000000000000, 0.000000000000000000, 0.000000000000000000 ) ) ;
#2792 = EDGE_CURVE ( 'NONE', #2103, #2016, #2149, .T. ) ;
#2793 = DIRECTION ( 'NONE',  ( -0.000000000000000000, -0.000000000000000000, 1.000000000000000000 ) ) ;
#2794 = ADVANCED_FACE ( 'NONE', ( #2190 ), #1501, .F. ) ;
#2795 = DIRECTION ( 'NONE',  ( 1.000000000000000000, 0.000000000000000000, 0.000000000000000000 ) ) ;
#2796 = EDGE_LOOP ( 'NONE', ( #1027, #2744, #818, #710 ) ) ;
#2797 = CARTESIAN_POINT ( 'NONE',  ( 1.325000000000024380, 7.000000000000000000, 41.00000000000000711 ) ) ;
#2798 = CARTESIAN_POINT ( 'NONE',  ( -1.097115794369716954E-13, 145.0000000000000568, -7.000000000000000000 ) ) ;
#2799 = ORIENTED_EDGE ( 'NONE', *, *, #2760, .F. ) ;
#2800 = DIRECTION ( 'NONE',  ( 0.000000000000000000, 0.000000000000000000, -1.000000000000000000 ) ) ;
#2801 = ORIENTED_EDGE ( 'NONE', *, *, #332, .F. ) ;
#2802 = DIRECTION ( 'NONE',  ( 1.000000000000000000, 0.000000000000000000, 0.000000000000000000 ) ) ;
#2803 = EDGE_CURVE ( 'NONE', #2112, #2215, #1051, .T. ) ;
#2804 = ADVANCED_FACE ( 'NONE', ( #1937 ), #19, .F. ) ;
#2805 = CARTESIAN_POINT ( 'NONE',  ( 10.90000000000000036, 0.000000000000000000, -41.00000000000000000 ) ) ;
#2806 = ORIENTED_EDGE ( 'NONE', *, *, #761, .T. ) ;
#2807 = CARTESIAN_POINT ( 'NONE',  ( 0.000000000000000000, 0.000000000000000000, 38.00000000000000000 ) ) ;
#2808 = CARTESIAN_POINT ( 'NONE',  ( -1.341519488088736037E-13, 145.0000000000000568, -22.99999999999987566 ) ) ;
#2809 = VERTEX_POINT ( 'NONE', #855 ) ;
#2810 = CARTESIAN_POINT ( 'NONE',  ( -5.000000000000206057, 90.00000000000000000, 37.99999999999999289 ) ) ;
#2811 = ORIENTED_EDGE ( 'NONE', *, *, #1320, .F. ) ;
#2812 = DIRECTION ( 'NONE',  ( 1.000000000000000000, 0.000000000000000000, 0.000000000000000000 ) ) ;
#2813 = DIRECTION ( 'NONE',  ( 0.000000000000000000, 0.000000000000000000, 1.000000000000000000 ) ) ;
#2814 = CARTESIAN_POINT ( 'NONE',  ( -12.00000000000000178, -1.381987393117261645E-15, -50.00000000000000000 ) ) ;
#2815 = AXIS2_PLACEMENT_3D ( 'NONE', #435, #1786, #1306 ) ;
#2816 = AXIS2_PLACEMENT_3D ( 'NONE', #2555, #793, #632 ) ;
#2817 = CIRCLE ( 'NONE', #587, 1.675000000000000044 ) ;
#2818 = VECTOR ( 'NONE', #2264, 1000.000000000000000 ) ;
#2819 = FACE_OUTER_BOUND ( 'NONE', #2258, .T. ) ;
#2820 = ORIENTED_EDGE ( 'NONE', *, *, #1024, .T. ) ;
#2821 = DIRECTION ( 'NONE',  ( -0.000000000000000000, -0.000000000000000000, 1.000000000000000000 ) ) ;
#2822 = CYLINDRICAL_SURFACE ( 'NONE', #1361, 1.650000000000000355 ) ;
#2823 = ORIENTED_EDGE ( 'NONE', *, *, #2457, .F. ) ;
#2824 = ORIENTED_EDGE ( 'NONE', *, *, #2381, .T. ) ;
#2825 = EDGE_CURVE ( 'NONE', #1434, #48, #149, .T. ) ;
ENDSEC;
END-ISO-10303-21;
