ISO-10303-21;
HEADER;
FILE_DESCRIPTION (( 'STEP AP214' ),
    '1' );
FILE_NAME ('Mirrorfeet1.STEP',
    '2026-05-03T06:26:05',
    ( '' ),
    ( '' ),
    'SwSTEP 2.0',
    'SolidWorks 2025',
    '' );
FILE_SCHEMA (( 'AUTOMOTIVE_DESIGN' ));
ENDSEC;

DATA;
#1 = PLANE ( 'NONE',  #1009 ) ;
#2 = EDGE_CURVE ( 'NONE', #729, #1183, #384, .T. ) ;
#3 = CARTESIAN_POINT ( 'NONE',  ( -27.34999999999995879, 11.59999999999735643, -27.99999999999998934 ) ) ;
#4 = CARTESIAN_POINT ( 'NONE',  ( 15.50000000000001421, 0.000000000000000000, -53.40000000000001279 ) ) ;
#5 = CARTESIAN_POINT ( 'NONE',  ( 30.50000000000001421, 0.000000000000000000, 55.00000000000000711 ) ) ;
#6 = ORIENTED_EDGE ( 'NONE', *, *, #183, .T. ) ;
#7 = ORIENTED_EDGE ( 'NONE', *, *, #1410, .T. ) ;
#8 = LINE ( 'NONE', #755, #1555 ) ;
#9 = EDGE_LOOP ( 'NONE', ( #1298, #1451 ) ) ;
#10 = DIRECTION ( 'NONE',  ( 0.000000000000000000, 0.000000000000000000, 1.000000000000000000 ) ) ;
#11 = VERTEX_POINT ( 'NONE', #2302 ) ;
#12 = VECTOR ( 'NONE', #161, 1000.000000000000000 ) ;
#13 = VECTOR ( 'NONE', #185, 1000.000000000000000 ) ;
#14 = CIRCLE ( 'NONE', #131, 1.600000000000002531 ) ;
#15 = AXIS2_PLACEMENT_3D ( 'NONE', #26, #369, #2003 ) ;
#16 = DIRECTION ( 'NONE',  ( -0.000000000000000000, -0.000000000000000000, 1.000000000000000000 ) ) ;
#17 = DIRECTION ( 'NONE',  ( -1.471975796331614096E-16, -0.000000000000000000, 1.000000000000000000 ) ) ;
#18 = AXIS2_PLACEMENT_3D ( 'NONE', #2368, #1653, #912 ) ;
#19 = EDGE_CURVE ( 'NONE', #1210, #575, #653, .T. ) ;
#20 = CARTESIAN_POINT ( 'NONE',  ( -30.50000000000001421, 3.500000000000000000, -53.40000000000000568 ) ) ;
#21 = ORIENTED_EDGE ( 'NONE', *, *, #465, .F. ) ;
#22 = ORIENTED_EDGE ( 'NONE', *, *, #2332, .T. ) ;
#23 = EDGE_CURVE ( 'NONE', #2261, #1907, #1694, .T. ) ;
#24 = FACE_BOUND ( 'NONE', #568, .T. ) ;
#25 = EDGE_LOOP ( 'NONE', ( #1486, #1456 ) ) ;
#26 = CARTESIAN_POINT ( 'NONE',  ( -16.90000000000000213, 28.50000000000000000, 40.14000000000000767 ) ) ;
#27 = ORIENTED_EDGE ( 'NONE', *, *, #1957, .F. ) ;
#28 = CARTESIAN_POINT ( 'NONE',  ( 7.499999999999996447, -126.4999999999999716, 9.100000000000004974 ) ) ;
#29 = LINE ( 'NONE', #1500, #557 ) ;
#30 = CARTESIAN_POINT ( 'NONE',  ( 24.34999999995806164, 11.59999999999735643, -14.49999999999998579 ) ) ;
#31 = ORIENTED_EDGE ( 'NONE', *, *, #40, .F. ) ;
#32 = ORIENTED_EDGE ( 'NONE', *, *, #885, .T. ) ;
#33 = EDGE_CURVE ( 'NONE', #1161, #1753, #550, .T. ) ;
#34 = CYLINDRICAL_SURFACE ( 'NONE', #1821, 1.600000000000004086 ) ;
#35 = EDGE_LOOP ( 'NONE', ( #2377, #2025, #2336, #1905 ) ) ;
#36 = DIRECTION ( 'NONE',  ( 1.000000000000000000, 0.000000000000000000, 0.000000000000000000 ) ) ;
#37 = VERTEX_POINT ( 'NONE', #42 ) ;
#38 = FACE_OUTER_BOUND ( 'NONE', #1733, .T. ) ;
#39 = CARTESIAN_POINT ( 'NONE',  ( -42.50000000000000711, 3.500000000000000000, 60.00000000000000711 ) ) ;
#40 = EDGE_CURVE ( 'NONE', #837, #527, #1502, .T. ) ;
#41 = DIRECTION ( 'NONE',  ( 0.000000000000000000, 0.000000000000000000, 1.000000000000000000 ) ) ;
#42 = CARTESIAN_POINT ( 'NONE',  ( -32.50000000000000000, 3.500000000000000000, -59.99999999999999289 ) ) ;
#43 = ORIENTED_EDGE ( 'NONE', *, *, #2179, .T. ) ;
#44 = DIRECTION ( 'NONE',  ( 1.000000000000000000, 0.000000000000000000, 0.000000000000000000 ) ) ;
#45 = ORIENTED_EDGE ( 'NONE', *, *, #566, .F. ) ;
#46 = EDGE_CURVE ( 'NONE', #769, #1353, #2062, .T. ) ;
#47 = CARTESIAN_POINT ( 'NONE',  ( 24.73676745987322434, 3.500000000000000000, -14.49999999999999112 ) ) ;
#48 = AXIS2_PLACEMENT_3D ( 'NONE', #2269, #2076, #622 ) ;
#49 = CARTESIAN_POINT ( 'NONE',  ( -42.50000000000002132, 33.50000000000000000, -27.99999999999998579 ) ) ;
#50 = VECTOR ( 'NONE', #275, 1000.000000000000000 ) ;
#51 = DIRECTION ( 'NONE',  ( -0.000000000000000000, 1.000000000000000000, -0.000000000000000000 ) ) ;
#52 = VECTOR ( 'NONE', #1862, 1000.000000000000000 ) ;
#53 = VECTOR ( 'NONE', #1476, 1000.000000000000000 ) ;
#54 = CARTESIAN_POINT ( 'NONE',  ( 22.14999999995703206, 21.59999999999735820, 87.00000000000000000 ) ) ;
#55 = CARTESIAN_POINT ( 'NONE',  ( 15.50000000000001421, 3.500000000000000000, 53.40000000000001279 ) ) ;
#56 = ORIENTED_EDGE ( 'NONE', *, *, #1689, .F. ) ;
#57 = VECTOR ( 'NONE', #2087, 1000.000000000000000 ) ;
#58 = ORIENTED_EDGE ( 'NONE', *, *, #88, .T. ) ;
#59 = LINE ( 'NONE', #1532, #1625 ) ;
#60 = ORIENTED_EDGE ( 'NONE', *, *, #1073, .T. ) ;
#61 = DIRECTION ( 'NONE',  ( 5.299423560331486784E-17, 0.000000000000000000, -1.000000000000000000 ) ) ;
#62 = ORIENTED_EDGE ( 'NONE', *, *, #243, .F. ) ;
#63 = DIRECTION ( 'NONE',  ( -0.000000000000000000, -1.000000000000000000, -0.000000000000000000 ) ) ;
#64 = ADVANCED_FACE ( 'NONE', ( #523 ), #1995, .F. ) ;
#65 = LINE ( 'NONE', #998, #353 ) ;
#66 = FACE_OUTER_BOUND ( 'NONE', #375, .T. ) ;
#67 = EDGE_LOOP ( 'NONE', ( #773, #2357 ) ) ;
#68 = EDGE_CURVE ( 'NONE', #355, #2184, #1235, .T. ) ;
#69 = EDGE_CURVE ( 'NONE', #1493, #1643, #843, .T. ) ;
#70 = DIRECTION ( 'NONE',  ( 0.000000000000000000, 1.000000000000000000, 0.000000000000000000 ) ) ;
#71 = ORIENTED_EDGE ( 'NONE', *, *, #1717, .F. ) ;
#72 = LINE ( 'NONE', #1327, #711 ) ;
#73 = ORIENTED_EDGE ( 'NONE', *, *, #1648, .T. ) ;
#74 = CARTESIAN_POINT ( 'NONE',  ( 32.50000000000000000, 3.500000000000000000, -14.49999999999999467 ) ) ;
#75 = CARTESIAN_POINT ( 'NONE',  ( -28.55419186497876893, 28.50000000000000000, 28.55419186497908157 ) ) ;
#76 = ADVANCED_FACE ( 'NONE', ( #681 ), #2171, .F. ) ;
#77 = CARTESIAN_POINT ( 'NONE',  ( -25.14999999999923830, 11.59999999999735643, -27.99999999999998934 ) ) ;
#78 = CARTESIAN_POINT ( 'NONE',  ( -42.50000000000000711, 3.500000000000000000, -59.99999999999999289 ) ) ;
#79 = ORIENTED_EDGE ( 'NONE', *, *, #1545, .T. ) ;
#80 = LINE ( 'NONE', #215, #399 ) ;
#81 = EDGE_LOOP ( 'NONE', ( #333, #922, #1152, #2158, #1459, #884 ) ) ;
#82 = DIRECTION ( 'NONE',  ( 0.000000000000000000, 1.000000000000000000, 0.000000000000000000 ) ) ;
#83 = VERTEX_POINT ( 'NONE', #139 ) ;
#84 = CARTESIAN_POINT ( 'NONE',  ( 30.50000000000001421, 3.500000000000000000, 55.00000000000000711 ) ) ;
#85 = VECTOR ( 'NONE', #1332, 1000.000000000000000 ) ;
#86 = DIRECTION ( 'NONE',  ( 0.000000000000000000, 1.000000000000000000, 0.000000000000000000 ) ) ;
#87 = CARTESIAN_POINT ( 'NONE',  ( 32.50000000000000000, 3.500000000000000000, 18.09999999999843823 ) ) ;
#88 = EDGE_CURVE ( 'NONE', #2065, #2280, #2143, .T. ) ;
#89 = VERTEX_POINT ( 'NONE', #1986 ) ;
#90 = VECTOR ( 'NONE', #1693, 1000.000000000000000 ) ;
#91 = VECTOR ( 'NONE', #1341, 1000.000000000000000 ) ;
#92 = AXIS2_PLACEMENT_3D ( 'NONE', #326, #2131, #1441 ) ;
#93 = AXIS2_PLACEMENT_3D ( 'NONE', #801, #614, #36 ) ;
#94 = LINE ( 'NONE', #269, #1856 ) ;
#95 = ADVANCED_FACE ( 'NONE', ( #496 ), #1602, .F. ) ;
#96 = ORIENTED_EDGE ( 'NONE', *, *, #1539, .T. ) ;
#97 = AXIS2_PLACEMENT_3D ( 'NONE', #423, #2242, #942 ) ;
#98 = DIRECTION ( 'NONE',  ( 1.000000000000000000, 0.000000000000000000, 0.000000000000000000 ) ) ;
#99 = ORIENTED_EDGE ( 'NONE', *, *, #153, .F. ) ;
#100 = DIRECTION ( 'NONE',  ( 0.000000000000000000, 0.000000000000000000, -1.000000000000000000 ) ) ;
#101 = ORIENTED_EDGE ( 'NONE', *, *, #1614, .F. ) ;
#102 = CARTESIAN_POINT ( 'NONE',  ( -32.49999999999997158, 0.000000000000000000, 60.00000000000000711 ) ) ;
#103 = CARTESIAN_POINT ( 'NONE',  ( 32.49999999999998579, 0.000000000000000000, -59.99999999999999289 ) ) ;
#104 = ORIENTED_EDGE ( 'NONE', *, *, #945, .T. ) ;
#105 = PLANE ( 'NONE',  #2316 ) ;
#106 = ORIENTED_EDGE ( 'NONE', *, *, #2247, .T. ) ;
#107 = EDGE_CURVE ( 'NONE', #1137, #89, #2199, .T. ) ;
#108 = DIRECTION ( 'NONE',  ( 0.000000000000000000, 0.000000000000000000, -1.000000000000000000 ) ) ;
#109 = ORIENTED_EDGE ( 'NONE', *, *, #1142, .T. ) ;
#110 = CARTESIAN_POINT ( 'NONE',  ( -46.24999999999995026, -0.000000000000000000, 46.25000000000008527 ) ) ;
#111 = CARTESIAN_POINT ( 'NONE',  ( 30.50000000000001421, 0.000000000000000000, 53.40000000000000568 ) ) ;
#112 = DIRECTION ( 'NONE',  ( 0.000000000000000000, 0.000000000000000000, -1.000000000000000000 ) ) ;
#113 = DIRECTION ( 'NONE',  ( 1.000000000000000000, 0.000000000000000000, 3.312139725207179394E-17 ) ) ;
#114 = CARTESIAN_POINT ( 'NONE',  ( 22.14999999995703917, 11.59999999999735643, -14.49999999999998579 ) ) ;
#115 = ORIENTED_EDGE ( 'NONE', *, *, #685, .T. ) ;
#116 = FACE_BOUND ( 'NONE', #1376, .T. ) ;
#117 = ORIENTED_EDGE ( 'NONE', *, *, #710, .T. ) ;
#118 = CARTESIAN_POINT ( 'NONE',  ( 18.42999999999994287, 33.50000000000000000, -27.99999999999999289 ) ) ;
#119 = ORIENTED_EDGE ( 'NONE', *, *, #2268, .T. ) ;
#120 = EDGE_CURVE ( 'NONE', #919, #1269, #2312, .T. ) ;
#121 = PLANE ( 'NONE',  #1892 ) ;
#122 = PLANE ( 'NONE',  #1820 ) ;
#123 = CARTESIAN_POINT ( 'NONE',  ( -27.34999999999985221, 21.59999999999735820, 87.00000000000000000 ) ) ;
#124 = LINE ( 'NONE', #497, #1388 ) ;
#125 = DIRECTION ( 'NONE',  ( 0.000000000000000000, 1.000000000000000000, 0.000000000000000000 ) ) ;
#126 = DIRECTION ( 'NONE',  ( 0.000000000000000000, 0.000000000000000000, 1.000000000000000000 ) ) ;
#127 = VECTOR ( 'NONE', #1915, 1000.000000000000000 ) ;
#128 = DIRECTION ( 'NONE',  ( 0.000000000000000000, 1.000000000000000000, 0.000000000000000000 ) ) ;
#129 = AXIS2_PLACEMENT_3D ( 'NONE', #54, #1179, #474 ) ;
#130 = ORIENTED_EDGE ( 'NONE', *, *, #1097, .F. ) ;
#131 = AXIS2_PLACEMENT_3D ( 'NONE', #1719, #1379, #1368 ) ;
#132 = AXIS2_PLACEMENT_3D ( 'NONE', #2130, #662, #1974 ) ;
#133 = DIRECTION ( 'NONE',  ( 0.000000000000000000, 0.000000000000000000, -1.000000000000000000 ) ) ;
#134 = ORIENTED_EDGE ( 'NONE', *, *, #1375, .T. ) ;
#135 = AXIS2_PLACEMENT_3D ( 'NONE', #722, #2001, #1091 ) ;
#136 = EDGE_CURVE ( 'NONE', #827, #289, #663, .T. ) ;
#137 = CARTESIAN_POINT ( 'NONE',  ( -15.50000000000001421, 0.000000000000000000, 56.60000000000000142 ) ) ;
#138 = PRODUCT_CONTEXT ( 'NONE', #2379, 'mechanical' ) ;
#139 = CARTESIAN_POINT ( 'NONE',  ( -15.50000000000001421, 3.500000000000000000, 56.60000000000000142 ) ) ;
#140 = EDGE_CURVE ( 'NONE', #570, #1858, #692, .T. ) ;
#141 = CARTESIAN_POINT ( 'NONE',  ( 32.50000000000000000, 87.48490993466043619, -14.49999999999999467 ) ) ;
#142 = CARTESIAN_POINT ( 'NONE',  ( 32.50000000000000000, 26.50000000000000000, 0.09999999999844377818 ) ) ;
#143 = DIRECTION ( 'NONE',  ( -1.000000000000000000, 0.000000000000000000, -5.501149319406372492E-16 ) ) ;
#144 = ORIENTED_EDGE ( 'NONE', *, *, #1030, .T. ) ;
#145 = CARTESIAN_POINT ( 'NONE',  ( 7.799999999999737810, 16.59999999999728360, 59.14000000000000767 ) ) ;
#146 = EDGE_CURVE ( 'NONE', #387, #1956, #2339, .T. ) ;
#147 = ORIENTED_EDGE ( 'NONE', *, *, #1523, .T. ) ;
#148 = CARTESIAN_POINT ( 'NONE',  ( 32.49999999999998579, 3.500000000000000000, 60.00000000000000711 ) ) ;
#149 = FACE_OUTER_BOUND ( 'NONE', #2318, .T. ) ;
#150 = CARTESIAN_POINT ( 'NONE',  ( 32.50000000000000000, 8.500000000000003553, -14.49999999999999289 ) ) ;
#151 = PRESENTATION_STYLE_ASSIGNMENT (( #498 ) ) ;
#152 = CARTESIAN_POINT ( 'NONE',  ( 15.50000000000001421, 0.000000000000000000, 56.60000000000000142 ) ) ;
#153 = EDGE_CURVE ( 'NONE', #1303, #424, #431, .T. ) ;
#154 = ORIENTED_EDGE ( 'NONE', *, *, #695, .F. ) ;
#155 = ORIENTED_EDGE ( 'NONE', *, *, #1090, .F. ) ;
#156 = PLANE ( 'NONE',  #1315 ) ;
#157 = EDGE_LOOP ( 'NONE', ( #754, #2371 ) ) ;
#158 = LINE ( 'NONE', #652, #2166 ) ;
#159 = DIRECTION ( 'NONE',  ( 0.000000000000000000, 1.000000000000000000, 0.000000000000000000 ) ) ;
#160 = CARTESIAN_POINT ( 'NONE',  ( -32.96838372995788546, 26.50000000000000000, 0.09999999999844161325 ) ) ;
#161 = DIRECTION ( 'NONE',  ( 0.000000000000000000, 1.000000000000000000, 0.000000000000000000 ) ) ;
#162 = ORIENTED_EDGE ( 'NONE', *, *, #178, .F. ) ;
#163 = ORIENTED_EDGE ( 'NONE', *, *, #2036, .F. ) ;
#164 = VECTOR ( 'NONE', #383, 1000.000000000000000 ) ;
#165 = EDGE_CURVE ( 'NONE', #752, #2258, #2276, .T. ) ;
#166 = LINE ( 'NONE', #576, #2089 ) ;
#167 = VERTEX_POINT ( 'NONE', #1044 ) ;
#168 = AXIS2_PLACEMENT_3D ( 'NONE', #619, #1344, #1180 ) ;
#169 = VECTOR ( 'NONE', #2310, 1000.000000000000000 ) ;
#170 = PLANE ( 'NONE',  #15 ) ;
#171 = AXIS2_PLACEMENT_3D ( 'NONE', #1508, #980, #44 ) ;
#172 =( NAMED_UNIT ( * ) PLANE_ANGLE_UNIT ( ) SI_UNIT ( $, .RADIAN. ) );
#173 = CYLINDRICAL_SURFACE ( 'NONE', #241, 1.599999999999997202 ) ;
#174 = VECTOR ( 'NONE', #1673, 1000.000000000000000 ) ;
#175 = EDGE_CURVE ( 'NONE', #1183, #876, #1951, .T. ) ;
#176 = CARTESIAN_POINT ( 'NONE',  ( 32.49999999999998579, 3.500000000000000000, -59.99999999999999289 ) ) ;
#177 = DIRECTION ( 'NONE',  ( -0.000000000000000000, -1.000000000000000000, -0.000000000000000000 ) ) ;
#178 = EDGE_CURVE ( 'NONE', #953, #689, #1070, .T. ) ;
#179 = ORIENTED_EDGE ( 'NONE', *, *, #1047, .T. ) ;
#180 = EDGE_LOOP ( 'NONE', ( #808, #1488 ) ) ;
#181 = CARTESIAN_POINT ( 'NONE',  ( 15.50000000000001421, 0.000000000000000000, -55.00000000000000711 ) ) ;
#182 = EDGE_LOOP ( 'NONE', ( #231, #1257 ) ) ;
#183 = EDGE_CURVE ( 'NONE', #1643, #1210, #1802, .T. ) ;
#184 = CARTESIAN_POINT ( 'NONE',  ( -23.43676745991574961, 33.50000000000000000, -27.99999999999998934 ) ) ;
#185 = DIRECTION ( 'NONE',  ( -1.000000000000000000, -0.000000000000000000, 0.000000000000000000 ) ) ;
#186 = CARTESIAN_POINT ( 'NONE',  ( -25.14999999999923475, 21.59999999999735820, -27.99999999999998934 ) ) ;
#187 = ORIENTED_EDGE ( 'NONE', *, *, #368, .F. ) ;
#188 = ORIENTED_EDGE ( 'NONE', *, *, #120, .T. ) ;
#189 = CARTESIAN_POINT ( 'NONE',  ( -7.500000000000003553, 0.000000000000000000, -9.100000000000001421 ) ) ;
#190 = VERTEX_POINT ( 'NONE', #1260 ) ;
#191 = PLANE ( 'NONE',  #2047 ) ;
#192 = ADVANCED_FACE ( 'NONE', ( #1034 ), #1768, .F. ) ;
#193 = FACE_BOUND ( 'NONE', #913, .T. ) ;
#194 = EDGE_CURVE ( 'NONE', #1674, #1697, #907, .T. ) ;
#195 = CARTESIAN_POINT ( 'NONE',  ( -32.49999999999997158, 3.500000000000000000, 60.00000000000000711 ) ) ;
#196 = APPLICATION_CONTEXT ( 'automotive_design' ) ;
#197 = DIRECTION ( 'NONE',  ( 0.000000000000000000, 0.000000000000000000, 1.000000000000000000 ) ) ;
#198 = ORIENTED_EDGE ( 'NONE', *, *, #2210, .T. ) ;
#199 = ORIENTED_EDGE ( 'NONE', *, *, #2210, .F. ) ;
#200 = CARTESIAN_POINT ( 'NONE',  ( -32.96838372995787836, 5.500000000000001776, -5.674371403960129361E-16 ) ) ;
#201 = AXIS2_PLACEMENT_3D ( 'NONE', #1590, #2154, #2361 ) ;
#202 = ORIENTED_EDGE ( 'NONE', *, *, #2221, .F. ) ;
#203 = VECTOR ( 'NONE', #2043, 1000.000000000000000 ) ;
#204 = DIRECTION ( 'NONE',  ( 0.000000000000000000, 0.000000000000000000, 1.000000000000000000 ) ) ;
#205 = VECTOR ( 'NONE', #1306, 1000.000000000000000 ) ;
#206 = VECTOR ( 'NONE', #1708, 1000.000000000000000 ) ;
#207 = AXIS2_PLACEMENT_3D ( 'NONE', #1908, #252, #1512 ) ;
#208 = FACE_BOUND ( 'NONE', #385, .T. ) ;
#209 = DIRECTION ( 'NONE',  ( 0.000000000000000000, 0.000000000000000000, 1.000000000000000000 ) ) ;
#210 = CIRCLE ( 'NONE', #820, 1.599999999999997202 ) ;
#211 = EDGE_CURVE ( 'NONE', #1858, #452, #345, .T. ) ;
#212 = LINE ( 'NONE', #246, #1126 ) ;
#213 = ORIENTED_EDGE ( 'NONE', *, *, #746, .T. ) ;
#214 = EDGE_LOOP ( 'NONE', ( #1855, #1290, #935, #1634 ) ) ;
#215 = CARTESIAN_POINT ( 'NONE',  ( 42.49999999999999289, 3.500000000000000000, -50.00000000000000711 ) ) ;
#216 = ORIENTED_EDGE ( 'NONE', *, *, #1142, .F. ) ;
#217 = DIRECTION ( 'NONE',  ( 0.000000000000000000, 0.000000000000000000, -1.000000000000000000 ) ) ;
#218 = ORIENTED_EDGE ( 'NONE', *, *, #651, .F. ) ;
#219 = CYLINDRICAL_SURFACE ( 'NONE', #2282, 1.600000000000002531 ) ;
#220 = DIRECTION ( 'NONE',  ( 0.000000000000000000, 1.000000000000000000, 0.000000000000000000 ) ) ;
#221 = VERTEX_POINT ( 'NONE', #2372 ) ;
#222 = ADVANCED_FACE ( 'NONE', ( #1814 ), #173, .F. ) ;
#223 = ORIENTED_EDGE ( 'NONE', *, *, #2045, .T. ) ;
#224 = DIRECTION ( 'NONE',  ( 0.000000000000000000, 1.000000000000000000, 0.000000000000000000 ) ) ;
#225 = VERTEX_POINT ( 'NONE', #102 ) ;
#226 = FACE_OUTER_BOUND ( 'NONE', #604, .T. ) ;
#227 = DIRECTION ( 'NONE',  ( -0.000000000000000000, -1.000000000000000000, 0.000000000000000000 ) ) ;
#228 = CARTESIAN_POINT ( 'NONE',  ( -7.500000000000003553, 3.500000000000000000, -7.500000000000000000 ) ) ;
#229 = CARTESIAN_POINT ( 'NONE',  ( 32.49999999999998579, 0.000000000000000000, 60.00000000000000711 ) ) ;
#230 = CARTESIAN_POINT ( 'NONE',  ( -23.43676745991574961, 33.50000000000000000, -12.99999999999999112 ) ) ;
#231 = ORIENTED_EDGE ( 'NONE', *, *, #1276, .T. ) ;
#232 = EDGE_LOOP ( 'NONE', ( #1947, #1910, #414, #1281, #1652, #6 ) ) ;
#233 = PRODUCT_DEFINITION ( 'ๆ', '', #320, #1554 ) ;
#234 = CARTESIAN_POINT ( 'NONE',  ( 7.499999999999996447, -126.4999999999999716, 7.500000000000003553 ) ) ;
#235 = ORIENTED_EDGE ( 'NONE', *, *, #1845, .T. ) ;
#236 = EDGE_CURVE ( 'NONE', #1520, #519, #1369, .T. ) ;
#237 = CARTESIAN_POINT ( 'NONE',  ( -23.43676745991574961, 33.50000000000000000, -27.99999999999998934 ) ) ;
#238 = ORIENTED_EDGE ( 'NONE', *, *, #1319, .F. ) ;
#239 = VECTOR ( 'NONE', #2148, 1000.000000000000000 ) ;
#240 = LINE ( 'NONE', #616, #91 ) ;
#241 = AXIS2_PLACEMENT_3D ( 'NONE', #1640, #726, #1452 ) ;
#242 = DIRECTION ( 'NONE',  ( 0.7071067811865513475, -0.000000000000000000, 0.7071067811865435759 ) ) ;
#243 = EDGE_CURVE ( 'NONE', #800, #292, #460, .T. ) ;
#244 = FACE_OUTER_BOUND ( 'NONE', #1790, .T. ) ;
#245 = ADVANCED_FACE ( 'NONE', ( #2115 ), #1558, .F. ) ;
#246 = CARTESIAN_POINT ( 'NONE',  ( 30.50000000000001421, -116.4999999999999858, 56.60000000000000853 ) ) ;
#247 = ORIENTED_EDGE ( 'NONE', *, *, #444, .T. ) ;
#248 = VECTOR ( 'NONE', #2322, 1000.000000000000000 ) ;
#249 = ORIENTED_EDGE ( 'NONE', *, *, #2060, .T. ) ;
#250 = FACE_OUTER_BOUND ( 'NONE', #1600, .T. ) ;
#251 = VERTEX_POINT ( 'NONE', #1695 ) ;
#252 = DIRECTION ( 'NONE',  ( 0.7071067811865465735, 0.000000000000000000, -0.7071067811865485719 ) ) ;
#253 = ORIENTED_EDGE ( 'NONE', *, *, #365, .F. ) ;
#254 = ADVANCED_FACE ( 'NONE', ( #633 ), #1529, .F. ) ;
#255 = DIRECTION ( 'NONE',  ( -0.000000000000000000, 1.000000000000000000, -0.000000000000000000 ) ) ;
#256 = CARTESIAN_POINT ( 'NONE',  ( -42.50000000000000711, 28.49999999999999645, 40.14000000000000767 ) ) ;
#257 = CARTESIAN_POINT ( 'NONE',  ( 32.50000000000000000, 8.500000000000003553, -2.499999999999992006 ) ) ;
#258 = DIRECTION ( 'NONE',  ( 1.000000000000000000, 0.000000000000000000, 0.000000000000000000 ) ) ;
#259 = DIRECTION ( 'NONE',  ( 1.000000000000000000, 0.000000000000000000, 0.000000000000000000 ) ) ;
#260 = ORIENTED_EDGE ( 'NONE', *, *, #1597, .F. ) ;
#261 = CARTESIAN_POINT ( 'NONE',  ( 30.50000000000001421, -116.4999999999999858, 53.40000000000000568 ) ) ;
#262 = EDGE_CURVE ( 'NONE', #575, #1959, #1924, .T. ) ;
#263 = DIRECTION ( 'NONE',  ( 0.000000000000000000, 0.000000000000000000, 1.000000000000000000 ) ) ;
#264 = CARTESIAN_POINT ( 'NONE',  ( 7.799999999999737810, 16.59999999999728360, 40.14000000000000767 ) ) ;
#265 = EDGE_CURVE ( 'NONE', #1639, #636, #1890, .T. ) ;
#266 = DIRECTION ( 'NONE',  ( -0.000000000000000000, 1.000000000000000000, -0.000000000000000000 ) ) ;
#267 = DIRECTION ( 'NONE',  ( 0.000000000000000000, 0.000000000000000000, -1.000000000000000000 ) ) ;
#268 = EDGE_LOOP ( 'NONE', ( #971, #341, #1607, #2376 ) ) ;
#269 = CARTESIAN_POINT ( 'NONE',  ( 15.50000000000001421, -116.4999999999999858, -53.40000000000001279 ) ) ;
#270 = ORIENTED_EDGE ( 'NONE', *, *, #265, .T. ) ;
#271 = CARTESIAN_POINT ( 'NONE',  ( -42.50000000000000711, 0.000000000000000000, 49.99999999999999289 ) ) ;
#272 = ORIENTED_EDGE ( 'NONE', *, *, #1782, .F. ) ;
#273 = AXIS2_PLACEMENT_3D ( 'NONE', #463, #1193, #1929 ) ;
#274 = VECTOR ( 'NONE', #86, 1000.000000000000000 ) ;
#275 = DIRECTION ( 'NONE',  ( 0.000000000000000000, 1.000000000000000000, 0.000000000000000000 ) ) ;
#276 = DIRECTION ( 'NONE',  ( -0.000000000000000000, 1.000000000000000000, -0.000000000000000000 ) ) ;
#277 = ORIENTED_EDGE ( 'NONE', *, *, #1340, .T. ) ;
#278 = AXIS2_PLACEMENT_3D ( 'NONE', #1559, #267, #1170 ) ;
#279 = VECTOR ( 'NONE', #1440, 1000.000000000000000 ) ;
#280 = EDGE_CURVE ( 'NONE', #2002, #1676, #2238, .T. ) ;
#281 = AXIS2_PLACEMENT_3D ( 'NONE', #903, #1266, #1280 ) ;
#282 = CARTESIAN_POINT ( 'NONE',  ( 18.42999999999994287, 3.500000000000000000, -14.49999999999999112 ) ) ;
#283 = CIRCLE ( 'NONE', #1585, 2.200000000001020695 ) ;
#284 = DIRECTION ( 'NONE',  ( -0.000000000000000000, 1.000000000000000000, -0.000000000000000000 ) ) ;
#285 = ORIENTED_EDGE ( 'NONE', *, *, #183, .F. ) ;
#286 = EDGE_CURVE ( 'NONE', #1829, #953, #1204, .T. ) ;
#287 = LINE ( 'NONE', #110, #169 ) ;
#288 = CARTESIAN_POINT ( 'NONE',  ( -30.50000000000001421, 0.000000000000000000, 55.00000000000000711 ) ) ;
#289 = VERTEX_POINT ( 'NONE', #77 ) ;
#290 = CYLINDRICAL_SURFACE ( 'NONE', #1197, 1.600000000000002531 ) ;
#291 = DIRECTION ( 'NONE',  ( 0.000000000000000000, 0.000000000000000000, -1.000000000000000000 ) ) ;
#292 = VERTEX_POINT ( 'NONE', #229 ) ;
#293 = EDGE_CURVE ( 'NONE', #1175, #709, #1748, .T. ) ;
#294 = DIRECTION ( 'NONE',  ( 1.000000000000000000, 0.000000000000000000, 0.000000000000000000 ) ) ;
#295 = EDGE_LOOP ( 'NONE', ( #493, #260 ) ) ;
#296 = CYLINDRICAL_SURFACE ( 'NONE', #1511, 2.200000000000718714 ) ;
#297 = ORIENTED_EDGE ( 'NONE', *, *, #639, .F. ) ;
#298 = DIRECTION ( 'NONE',  ( 0.000000000000000000, 0.000000000000000000, -1.000000000000000000 ) ) ;
#299 = DIRECTION ( 'NONE',  ( -0.7071067811865464625, 0.000000000000000000, 0.7071067811865485719 ) ) ;
#300 = DIRECTION ( 'NONE',  ( -0.000000000000000000, -0.000000000000000000, 1.000000000000000000 ) ) ;
#301 = DIRECTION ( 'NONE',  ( -1.000000000000000000, 0.000000000000000000, 5.953210078121458203E-17 ) ) ;
#302 = DIRECTION ( 'NONE',  ( 0.000000000000000000, 1.000000000000000000, 0.000000000000000000 ) ) ;
#303 = ORIENTED_EDGE ( 'NONE', *, *, #2029, .F. ) ;
#304 = CARTESIAN_POINT ( 'NONE',  ( 39.73676745987322079, 33.50000000000000000, -27.99999999999998934 ) ) ;
#305 = VERTEX_POINT ( 'NONE', #785 ) ;
#306 = CARTESIAN_POINT ( 'NONE',  ( -32.96838372995788546, 28.49999999999999645, 24.14000000000000767 ) ) ;
#307 = EDGE_LOOP ( 'NONE', ( #1032, #27, #144, #2018 ) ) ;
#308 = ADVANCED_FACE ( 'NONE', ( #244 ), #833, .F. ) ;
#309 = CARTESIAN_POINT ( 'NONE',  ( -25.14999999999923830, 11.59999999999735643, -12.99999999999998401 ) ) ;
#310 = DIRECTION ( 'NONE',  ( 0.000000000000000000, 0.000000000000000000, 1.000000000000000000 ) ) ;
#311 = DIRECTION ( 'NONE',  ( -0.7071067811865485719, -0.000000000000000000, -0.7071067811865465735 ) ) ;
#312 = LINE ( 'NONE', #1045, #777 ) ;
#313 = CARTESIAN_POINT ( 'NONE',  ( 9.449999999999738165, 16.59999999999728360, 59.14000000000000767 ) ) ;
#314 = DIRECTION ( 'NONE',  ( 0.000000000000000000, 0.000000000000000000, 1.000000000000000000 ) ) ;
#315 = CLOSED_SHELL ( 'NONE', ( #809, #1219, #1977, #2354, #1612, #222, #308, #1876, #76, #767, #1506, #1186, #676, #2200, #986, #1250, #1834, #2020, #1291, #1599, #254, #1453, #1102, #2016, #1112, #1439, #2311, #540, #997, #725, #2343, #793, #2157, #1515, #2373, #1998, #874, #426, #852, #192, #1592, #1909, #245, #866, #715, #1295, #1167, #902, #871, #370, #534, #325, #736, #825, #667, #2101, #1496, #1378, #2126, #782, #420, #915, #1366, #411, #1605, #1987, #64, #982, #95, #1900 ) ) ;
#316 = CIRCLE ( 'NONE', #1659, 1.600000000000001643 ) ;
#317 = FACE_OUTER_BOUND ( 'NONE', #214, .T. ) ;
#318 = VECTOR ( 'NONE', #1885, 1000.000000000000000 ) ;
#319 = ORIENTED_EDGE ( 'NONE', *, *, #1883, .F. ) ;
#320 = PRODUCT_DEFINITION_FORMATION_WITH_SPECIFIED_SOURCE ( 'ไป', '', #1149, .NOT_KNOWN. ) ;
#321 = DIRECTION ( 'NONE',  ( -0.000000000000000000, 1.000000000000000000, -0.000000000000000000 ) ) ;
#322 = ORIENTED_EDGE ( 'NONE', *, *, #623, .T. ) ;
#323 = VECTOR ( 'NONE', #1799, 1000.000000000000000 ) ;
#324 = CARTESIAN_POINT ( 'NONE',  ( 32.49999999999998579, 3.500000000000000000, 60.00000000000000711 ) ) ;
#325 = ADVANCED_FACE ( 'NONE', ( #608 ), #1331, .F. ) ;
#326 = CARTESIAN_POINT ( 'NONE',  ( 7.799999999999737810, 16.59999999999728360, 34.14000000000000057 ) ) ;
#327 = DIRECTION ( 'NONE',  ( 1.000000000000000000, 0.000000000000000000, 0.000000000000000000 ) ) ;
#328 = DIRECTION ( 'NONE',  ( 0.000000000000000000, 0.000000000000000000, 1.000000000000000000 ) ) ;
#329 = LINE ( 'NONE', #1063, #2320 ) ;
#330 = ORIENTED_EDGE ( 'NONE', *, *, #1304, .F. ) ;
#331 = ORIENTED_EDGE ( 'NONE', *, *, #1042, .T. ) ;
#332 = LINE ( 'NONE', #2017, #559 ) ;
#333 = ORIENTED_EDGE ( 'NONE', *, *, #698, .T. ) ;
#334 = DIRECTION ( 'NONE',  ( 0.000000000000000000, -1.000000000000000000, 0.000000000000000000 ) ) ;
#335 = DIRECTION ( 'NONE',  ( -0.000000000000000000, -1.000000000000000000, -0.000000000000000000 ) ) ;
#336 = EDGE_CURVE ( 'NONE', #481, #1133, #976, .T. ) ;
#337 = DIRECTION ( 'NONE',  ( 0.000000000000000000, 0.000000000000000000, -1.000000000000000000 ) ) ;
#338 = PLANE ( 'NONE',  #392 ) ;
#339 = EDGE_CURVE ( 'NONE', #1644, #2235, #65, .T. ) ;
#340 = ORIENTED_EDGE ( 'NONE', *, *, #1176, .F. ) ;
#341 = ORIENTED_EDGE ( 'NONE', *, *, #1793, .F. ) ;
#342 = FACE_BOUND ( 'NONE', #1127, .T. ) ;
#343 = ORIENTED_EDGE ( 'NONE', *, *, #685, .F. ) ;
#344 = CARTESIAN_POINT ( 'NONE',  ( -7.500000000000003553, 0.000000000000000000, 9.100000000000001421 ) ) ;
#345 = LINE ( 'NONE', #1270, #1700 ) ;
#346 = CARTESIAN_POINT ( 'NONE',  ( -29.93676745991574606, 33.50000000000000000, -12.99999999999999112 ) ) ;
#347 = DIRECTION ( 'NONE',  ( 0.000000000000000000, 0.000000000000000000, 1.000000000000000000 ) ) ;
#348 = ORIENTED_EDGE ( 'NONE', *, *, #1097, .T. ) ;
#349 = EDGE_CURVE ( 'NONE', #1753, #2261, #1731, .T. ) ;
#350 = ORIENTED_EDGE ( 'NONE', *, *, #2147, .F. ) ;
#351 = VECTOR ( 'NONE', #1297, 1000.000000000000000 ) ;
#352 = VECTOR ( 'NONE', #952, 1000.000000000000000 ) ;
#353 = VECTOR ( 'NONE', #988, 1000.000000000000000 ) ;
#354 = DIRECTION ( 'NONE',  ( 0.000000000000000000, 1.000000000000000000, 0.000000000000000000 ) ) ;
#355 = VERTEX_POINT ( 'NONE', #2265 ) ;
#356 = VECTOR ( 'NONE', #220, 1000.000000000000000 ) ;
#357 = AXIS2_PLACEMENT_3D ( 'NONE', #733, #1859, #1487 ) ;
#358 = DIRECTION ( 'NONE',  ( 0.000000000000000000, 0.000000000000000000, -1.000000000000000000 ) ) ;
#359 = EDGE_LOOP ( 'NONE', ( #1839, #2068 ) ) ;
#360 = EDGE_CURVE ( 'NONE', #811, #1438, #931, .T. ) ;
#361 = DIRECTION ( 'NONE',  ( 0.000000000000000000, 0.000000000000000000, 1.000000000000000000 ) ) ;
#362 = LINE ( 'NONE', #597, #52 ) ;
#363 = ORIENTED_EDGE ( 'NONE', *, *, #1648, .F. ) ;
#364 = ORIENTED_EDGE ( 'NONE', *, *, #1765, .T. ) ;
#365 = EDGE_CURVE ( 'NONE', #947, #1703, #644, .T. ) ;
#366 = FACE_BOUND ( 'NONE', #2028, .T. ) ;
#367 = ORIENTED_EDGE ( 'NONE', *, *, #293, .T. ) ;
#368 = EDGE_CURVE ( 'NONE', #1618, #2263, #1968, .T. ) ;
#369 = DIRECTION ( 'NONE',  ( 0.000000000000000000, 0.000000000000000000, -1.000000000000000000 ) ) ;
#370 = ADVANCED_FACE ( 'NONE', ( #1407 ), #290, .F. ) ;
#371 = LINE ( 'NONE', #571, #203 ) ;
#372 = DIRECTION ( 'NONE',  ( 1.000000000000000000, 0.000000000000000000, -0.000000000000000000 ) ) ;
#373 = DIRECTION ( 'NONE',  ( 0.000000000000000000, 0.000000000000000000, 1.000000000000000000 ) ) ;
#374 = ORIENTED_EDGE ( 'NONE', *, *, #365, .T. ) ;
#375 = EDGE_LOOP ( 'NONE', ( #2315, #2367, #1265, #580 ) ) ;
#376 = MANIFOLD_SOLID_BREP ( '<feet1>-<\X2\51f853f0\X0\-\X2\62c94f38\X0\9>', #315 ) ;
#377 = FACE_BOUND ( 'NONE', #1447, .T. ) ;
#378 = ORIENTED_EDGE ( 'NONE', *, *, #2329, .T. ) ;
#379 = DIRECTION ( 'NONE',  ( -0.7071067811865515695, 0.000000000000000000, -0.7071067811865434649 ) ) ;
#380 = EDGE_CURVE ( 'NONE', #190, #1959, #668, .T. ) ;
#381 = DIRECTION ( 'NONE',  ( 0.000000000000000000, 0.000000000000000000, -1.000000000000000000 ) ) ;
#382 = CYLINDRICAL_SURFACE ( 'NONE', #1663, 2.200000000001020695 ) ;
#383 = DIRECTION ( 'NONE',  ( 0.000000000000000000, 1.000000000000000000, 0.000000000000000000 ) ) ;
#384 = LINE ( 'NONE', #610, #351 ) ;
#385 = EDGE_LOOP ( 'NONE', ( #117, #43 ) ) ;
#386 = LINE ( 'NONE', #442, #1745 ) ;
#387 = VERTEX_POINT ( 'NONE', #894 ) ;
#388 = CIRCLE ( 'NONE', #706, 1.600000000000004086 ) ;
#389 = VECTOR ( 'NONE', #1168, 1000.000000000000000 ) ;
#390 = LINE ( 'NONE', #1833, #279 ) ;
#391 = ORIENTED_EDGE ( 'NONE', *, *, #380, .F. ) ;
#392 = AXIS2_PLACEMENT_3D ( 'NONE', #1272, #1786, #126 ) ;
#393 = VECTOR ( 'NONE', #457, 1000.000000000000000 ) ;
#394 = AXIS2_PLACEMENT_3D ( 'NONE', #617, #831, #842 ) ;
#395 = VECTOR ( 'NONE', #1564, 1000.000000000000000 ) ;
#396 = EDGE_CURVE ( 'NONE', #1899, #1118, #872, .T. ) ;
#397 = DIRECTION ( 'NONE',  ( 0.000000000000000000, -1.000000000000000000, 0.000000000000000000 ) ) ;
#398 = DIRECTION ( 'NONE',  ( 1.000000000000000000, 0.000000000000000000, 0.000000000000000000 ) ) ;
#399 = VECTOR ( 'NONE', #2232, 1000.000000000000000 ) ;
#400 = LINE ( 'NONE', #1397, #2240 ) ;
#401 = ORIENTED_EDGE ( 'NONE', *, *, #1727, .F. ) ;
#402 = ORIENTED_EDGE ( 'NONE', *, *, #1484, .F. ) ;
#403 = CARTESIAN_POINT ( 'NONE',  ( 32.50000000000000000, 8.500000000000007105, -2.499999999999995115 ) ) ;
#404 = EDGE_LOOP ( 'NONE', ( #981, #1503, #1365, #848 ) ) ;
#405 = EDGE_CURVE ( 'NONE', #1246, #1654, #704, .T. ) ;
#406 = LINE ( 'NONE', #237, #938 ) ;
#407 = ORIENTED_EDGE ( 'NONE', *, *, #746, .F. ) ;
#408 = EDGE_CURVE ( 'NONE', #1990, #774, #844, .T. ) ;
#409 = LINE ( 'NONE', #1566, #393 ) ;
#410 = LINE ( 'NONE', #735, #90 ) ;
#411 = ADVANCED_FACE ( 'NONE', ( #1794 ), #1629, .F. ) ;
#412 = CARTESIAN_POINT ( 'NONE',  ( -25.14999999999923475, 21.59999999999735820, 87.00000000000000000 ) ) ;
#413 = ORIENTED_EDGE ( 'NONE', *, *, #1396, .T. ) ;
#414 = ORIENTED_EDGE ( 'NONE', *, *, #941, .T. ) ;
#415 = EDGE_CURVE ( 'NONE', #967, #585, #434, .T. ) ;
#416 = CYLINDRICAL_SURFACE ( 'NONE', #1632, 1.600000000000001643 ) ;
#417 = ORIENTED_EDGE ( 'NONE', *, *, #2029, .T. ) ;
#418 = DIRECTION ( 'NONE',  ( 0.000000000000000000, 1.000000000000000000, 0.000000000000000000 ) ) ;
#419 = VERTEX_POINT ( 'NONE', #882 ) ;
#420 = ADVANCED_FACE ( 'NONE', ( #1035 ), #1988, .F. ) ;
#421 = CARTESIAN_POINT ( 'NONE',  ( 42.49999999999999289, 0.000000000000000000, -50.00000000000000711 ) ) ;
#422 = DIRECTION ( 'NONE',  ( -1.000000000000000000, 0.000000000000000000, 0.000000000000000000 ) ) ;
#423 = CARTESIAN_POINT ( 'NONE',  ( -27.34999999999985221, 21.59999999999735820, -27.99999999999998934 ) ) ;
#424 = VERTEX_POINT ( 'NONE', #2182 ) ;
#425 = ORIENTED_EDGE ( 'NONE', *, *, #955, .F. ) ;
#426 = ADVANCED_FACE ( 'NONE', ( #2350 ), #2363, .F. ) ;
#427 = DIRECTION ( 'NONE',  ( -0.000000000000000000, -1.000000000000000000, -0.000000000000000000 ) ) ;
#428 = ORIENTED_EDGE ( 'NONE', *, *, #1480, .T. ) ;
#429 = DIRECTION ( 'NONE',  ( 0.000000000000000000, 1.000000000000000000, 0.000000000000000000 ) ) ;
#430 = EDGE_LOOP ( 'NONE', ( #790, #348 ) ) ;
#431 = CIRCLE ( 'NONE', #1967, 1.650000000000000355 ) ;
#432 = CIRCLE ( 'NONE', #2204, 2.200000000000618350 ) ;
#433 = CYLINDRICAL_SURFACE ( 'NONE', #1817, 1.650000000000000355 ) ;
#434 = CIRCLE ( 'NONE', #1778, 1.599999999999997202 ) ;
#435 = CARTESIAN_POINT ( 'NONE',  ( -32.96838372995787836, 87.48490993466043619, -12.99999999999999112 ) ) ;
#436 = VECTOR ( 'NONE', #996, 1000.000000000000000 ) ;
#437 = AXIS2_PLACEMENT_3D ( 'NONE', #2111, #869, #1801 ) ;
#438 = CARTESIAN_POINT ( 'NONE',  ( -30.50000000000001421, -116.4999999999999858, -56.60000000000000853 ) ) ;
#439 = LINE ( 'NONE', #834, #857 ) ;
#440 = AXIS2_PLACEMENT_3D ( 'NONE', #828, #321, #2297 ) ;
#441 = ORIENTED_EDGE ( 'NONE', *, *, #262, .F. ) ;
#442 = CARTESIAN_POINT ( 'NONE',  ( 39.73676745987322079, 33.50000000000000000, -14.49999999999999467 ) ) ;
#443 = EDGE_LOOP ( 'NONE', ( #1074, #1002, #829, #1916 ) ) ;
#444 = EDGE_CURVE ( 'NONE', #1303, #1475, #1593, .T. ) ;
#445 = CARTESIAN_POINT ( 'NONE',  ( -7.500000000000003553, -126.4999999999999716, -9.100000000000001421 ) ) ;
#446 = EDGE_LOOP ( 'NONE', ( #2077, #2127 ) ) ;
#447 = EDGE_CURVE ( 'NONE', #1643, #675, #1785, .T. ) ;
#448 = LINE ( 'NONE', #960, #1240 ) ;
#449 = EDGE_CURVE ( 'NONE', #11, #530, #2340, .T. ) ;
#450 = DIRECTION ( 'NONE',  ( 0.000000000000000000, 0.000000000000000000, 1.000000000000000000 ) ) ;
#451 = LINE ( 'NONE', #1191, #2085 ) ;
#452 = VERTEX_POINT ( 'NONE', #176 ) ;
#453 = CYLINDRICAL_SURFACE ( 'NONE', #1846, 2.200000000000718714 ) ;
#454 = ORIENTED_EDGE ( 'NONE', *, *, #2253, .T. ) ;
#455 = CARTESIAN_POINT ( 'NONE',  ( 22.14999999995703917, 11.59999999999735643, 87.00000000000000000 ) ) ;
#456 = VERTEX_POINT ( 'NONE', #2237 ) ;
#457 = DIRECTION ( 'NONE',  ( -0.000000000000000000, -1.000000000000000000, 0.000000000000000000 ) ) ;
#458 = EDGE_CURVE ( 'NONE', #1674, #953, #759, .T. ) ;
#459 = DIRECTION ( 'NONE',  ( -1.000000000000000000, 0.000000000000000000, 0.000000000000000000 ) ) ;
#460 = LINE ( 'NONE', #2104, #389 ) ;
#461 = PLANE ( 'NONE',  #1777 ) ;
#462 = ORIENTED_EDGE ( 'NONE', *, *, #764, .T. ) ;
#463 = CARTESIAN_POINT ( 'NONE',  ( -7.500000000000003553, 3.500000000000003109, 7.500000000000000000 ) ) ;
#464 = VERTEX_POINT ( 'NONE', #1283 ) ;
#465 = EDGE_CURVE ( 'NONE', #305, #1703, #1489, .T. ) ;
#466 = CARTESIAN_POINT ( 'NONE',  ( 32.50000000000000000, 28.50000000000000000, -2.499999999999992006 ) ) ;
#467 = ORIENTED_EDGE ( 'NONE', *, *, #336, .T. ) ;
#468 = CARTESIAN_POINT ( 'NONE',  ( 30.50000000000001421, 3.500000000000000000, -56.60000000000000853 ) ) ;
#469 = CARTESIAN_POINT ( 'NONE',  ( -42.50000000000000711, 3.500000000000000000, -59.99999999999999289 ) ) ;
#470 = CARTESIAN_POINT ( 'NONE',  ( -15.50000000000001421, 3.500000000000000000, -55.00000000000000711 ) ) ;
#471 = EDGE_CURVE ( 'NONE', #868, #289, #1120, .T. ) ;
#472 = CIRCLE ( 'NONE', #1427, 1.599999999999997202 ) ;
#473 = VECTOR ( 'NONE', #1979, 1000.000000000000000 ) ;
#474 = DIRECTION ( 'NONE',  ( 1.000000000000000000, 0.000000000000000000, 0.000000000000000000 ) ) ;
#475 = DIRECTION ( 'NONE',  ( -1.000000000000000000, -0.000000000000000000, 0.000000000000000000 ) ) ;
#476 = VERTEX_POINT ( 'NONE', #1095 ) ;
#477 = VECTOR ( 'NONE', #17, 1000.000000000000000 ) ;
#478 = AXIS2_PLACEMENT_3D ( 'NONE', #1656, #16, #1478 ) ;
#479 = CIRCLE ( 'NONE', #281, 1.600000000000004086 ) ;
#480 = DIRECTION ( 'NONE',  ( -5.501149319406372492E-16, 0.000000000000000000, 1.000000000000000000 ) ) ;
#481 = VERTEX_POINT ( 'NONE', #1128 ) ;
#482 = CARTESIAN_POINT ( 'NONE',  ( -32.96838372995787836, 28.50000000000000000, -5.674371403960129361E-16 ) ) ;
#483 = ORIENTED_EDGE ( 'NONE', *, *, #502, .F. ) ;
#484 = DIRECTION ( 'NONE',  ( 0.000000000000000000, 0.000000000000000000, -1.000000000000000000 ) ) ;
#485 = CARTESIAN_POINT ( 'NONE',  ( 19.94999999995600959, 21.59999999999735820, 87.00000000000000000 ) ) ;
#486 = DIRECTION ( 'NONE',  ( -0.000000000000000000, 1.000000000000000000, -0.000000000000000000 ) ) ;
#487 = EDGE_CURVE ( 'NONE', #636, #89, #1818, .T. ) ;
#488 = ORIENTED_EDGE ( 'NONE', *, *, #659, .F. ) ;
#489 = FACE_OUTER_BOUND ( 'NONE', #1143, .T. ) ;
#490 = EDGE_CURVE ( 'NONE', #1568, #1231, #371, .T. ) ;
#491 = ORIENTED_EDGE ( 'NONE', *, *, #339, .F. ) ;
#492 = CARTESIAN_POINT ( 'NONE',  ( 32.50000000000000000, 28.50000000000000000, -2.499999999999992006 ) ) ;
#493 = ORIENTED_EDGE ( 'NONE', *, *, #2066, .F. ) ;
#494 = CARTESIAN_POINT ( 'NONE',  ( 7.499999999999996447, -126.4999999999999716, -7.500000000000003553 ) ) ;
#495 = DIRECTION ( 'NONE',  ( -0.000000000000000000, 1.000000000000000000, -0.000000000000000000 ) ) ;
#496 = FACE_OUTER_BOUND ( 'NONE', #443, .T. ) ;
#497 = CARTESIAN_POINT ( 'NONE',  ( -22.96838372995777533, 3.500000000000000000, 34.14000000000000057 ) ) ;
#498 = SURFACE_STYLE_USAGE ( .BOTH. , #693 ) ;
#499 = DIRECTION ( 'NONE',  ( 0.000000000000000000, 0.000000000000000000, -1.000000000000000000 ) ) ;
#500 = CARTESIAN_POINT ( 'NONE',  ( -7.500000000000003553, 3.500000000000000000, -7.500000000000000000 ) ) ;
#501 = ORIENTED_EDGE ( 'NONE', *, *, #293, .F. ) ;
#502 = EDGE_CURVE ( 'NONE', #527, #1269, #1544, .T. ) ;
#503 = CARTESIAN_POINT ( 'NONE',  ( -32.96838372995788546, 26.49999999999999645, 18.09999999999843823 ) ) ;
#504 = EDGE_LOOP ( 'NONE', ( #2194, #223 ) ) ;
#505 = CYLINDRICAL_SURFACE ( 'NONE', #132, 1.599999999999997202 ) ;
#506 = CARTESIAN_POINT ( 'NONE',  ( 46.24999999999994316, 0.000000000000000000, -46.25000000000007105 ) ) ;
#507 = FILL_AREA_STYLE ('',( #2313 ) ) ;
#508 = VECTOR ( 'NONE', #1060, 1000.000000000000000 ) ;
#509 = CARTESIAN_POINT ( 'NONE',  ( -15.50000000000001421, -116.4999999999999858, -53.40000000000001279 ) ) ;
#510 = AXIS2_PLACEMENT_3D ( 'NONE', #1857, #1906, #259 ) ;
#511 = AXIS2_PLACEMENT_3D ( 'NONE', #560, #750, #1641 ) ;
#512 = AXIS2_PLACEMENT_3D ( 'NONE', #228, #1463, #582 ) ;
#513 = ORIENTED_EDGE ( 'NONE', *, *, #336, .F. ) ;
#514 = AXIS2_PLACEMENT_3D ( 'NONE', #324, #1059, #841 ) ;
#515 = ORIENTED_EDGE ( 'NONE', *, *, #2114, .F. ) ;
#516 = AXIS2_PLACEMENT_3D ( 'NONE', #702, #299, #1767 ) ;
#517 = AXIS2_PLACEMENT_3D ( 'NONE', #1969, #1222, #1401 ) ;
#518 = DIRECTION ( 'NONE',  ( -0.000000000000000000, -1.000000000000000000, 0.000000000000000000 ) ) ;
#519 = VERTEX_POINT ( 'NONE', #1113 ) ;
#520 = CIRCLE ( 'NONE', #2118, 1.600000000000004086 ) ;
#521 = EDGE_CURVE ( 'NONE', #37, #2252, #908, .T. ) ;
#522 = CARTESIAN_POINT ( 'NONE',  ( 30.50000000000001421, 0.000000000000000000, -56.60000000000000853 ) ) ;
#523 = FACE_OUTER_BOUND ( 'NONE', #565, .T. ) ;
#524 = EDGE_CURVE ( 'NONE', #944, #729, #2216, .T. ) ;
#525 = DIRECTION ( 'NONE',  ( 0.000000000000000000, 0.000000000000000000, -1.000000000000000000 ) ) ;
#526 = CARTESIAN_POINT ( 'NONE',  ( 42.49999999999999289, 3.500000000000000000, -59.99999999999999289 ) ) ;
#527 = VERTEX_POINT ( 'NONE', #1861 ) ;
#528 = ORIENTED_EDGE ( 'NONE', *, *, #710, .F. ) ;
#529 = PLANE ( 'NONE',  #135 ) ;
#530 = VERTEX_POINT ( 'NONE', #1499 ) ;
#531 = DIRECTION ( 'NONE',  ( -0.000000000000000000, 1.000000000000000000, -0.000000000000000000 ) ) ;
#532 = APPLICATION_PROTOCOL_DEFINITION ( 'draft international standard', 'automotive_design', 1998, #196 ) ;
#533 = CARTESIAN_POINT ( 'NONE',  ( 32.50000000000000000, 8.500000000000003553, -14.49999999999999289 ) ) ;
#534 = ADVANCED_FACE ( 'NONE', ( #38 ), #219, .F. ) ;
#535 = DIRECTION ( 'NONE',  ( 0.000000000000000000, -1.000000000000000000, 0.000000000000000000 ) ) ;
#536 = CARTESIAN_POINT ( 'NONE',  ( 15.50000000000001421, 3.500000000000000000, 56.60000000000000142 ) ) ;
#537 = ORIENTED_EDGE ( 'NONE', *, *, #487, .T. ) ;
#538 = ORIENTED_EDGE ( 'NONE', *, *, #458, .F. ) ;
#539 = PLANE ( 'NONE',  #901 ) ;
#540 = ADVANCED_FACE ( 'NONE', ( #1461, #1261, #1671, #916, #193, #1847, #208, #2374, #727, #1649, #939, #1104, #2008 ), #1454, .T. ) ;
#541 = EDGE_LOOP ( 'NONE', ( #554, #1345, #343, #1596, #1483, #1277 ) ) ;
#542 = CARTESIAN_POINT ( 'NONE',  ( 22.50000000000000355, 3.500000000000000000, 34.14000000000000057 ) ) ;
#543 = EDGE_LOOP ( 'NONE', ( #1982, #613, #1153, #1339 ) ) ;
#544 = DIRECTION ( 'NONE',  ( -0.000000000000000000, -1.000000000000000000, 0.000000000000000000 ) ) ;
#545 = DIRECTION ( 'NONE',  ( 1.000000000000000000, 0.000000000000000000, 0.000000000000000000 ) ) ;
#546 = PLANE ( 'NONE',  #1085 ) ;
#547 = EDGE_CURVE ( 'NONE', #289, #868, #1701, .T. ) ;
#548 = ORIENTED_EDGE ( 'NONE', *, *, #449, .F. ) ;
#549 = VERTEX_POINT ( 'NONE', #925 ) ;
#550 = CIRCLE ( 'NONE', #1884, 1.599999999999997202 ) ;
#551 = VECTOR ( 'NONE', #1736, 1000.000000000000000 ) ;
#552 = AXIS2_PLACEMENT_3D ( 'NONE', #1013, #654, #2256 ) ;
#553 = DIRECTION ( 'NONE',  ( -0.000000000000000000, 1.000000000000000000, -0.000000000000000000 ) ) ;
#554 = ORIENTED_EDGE ( 'NONE', *, *, #578, .T. ) ;
#555 = VECTOR ( 'NONE', #1658, 1000.000000000000000 ) ;
#556 = CIRCLE ( 'NONE', #2241, 1.600000000000004086 ) ;
#557 = VECTOR ( 'NONE', #760, 1000.000000000000000 ) ;
#558 = CARTESIAN_POINT ( 'NONE',  ( 32.49999999999999289, 87.48490993466043619, 24.13999999999989754 ) ) ;
#559 = VECTOR ( 'NONE', #354, 1000.000000000000000 ) ;
#560 = CARTESIAN_POINT ( 'NONE',  ( -7.500000000000003553, 3.500000000000003109, 7.500000000000000000 ) ) ;
#561 = CARTESIAN_POINT ( 'NONE',  ( 30.50000000000001421, 3.500000000000000000, 55.00000000000000711 ) ) ;
#562 = EDGE_CURVE ( 'NONE', #1438, #811, #672, .T. ) ;
#563 = LINE ( 'NONE', #1285, #1504 ) ;
#564 = ORIENTED_EDGE ( 'NONE', *, *, #2253, .F. ) ;
#565 = EDGE_LOOP ( 'NONE', ( #2346, #483 ) ) ;
#566 = EDGE_CURVE ( 'NONE', #709, #800, #804, .T. ) ;
#567 = DIRECTION ( 'NONE',  ( 0.000000000000000000, 0.000000000000000000, 1.000000000000000000 ) ) ;
#568 = EDGE_LOOP ( 'NONE', ( #1094, #322 ) ) ;
#569 = CARTESIAN_POINT ( 'NONE',  ( 18.42999999999994287, 33.50000000000000000, -14.49999999999999112 ) ) ;
#570 = VERTEX_POINT ( 'NONE', #421 ) ;
#571 = CARTESIAN_POINT ( 'NONE',  ( -29.93676745991574606, 3.500000000000000000, -27.99999999999998934 ) ) ;
#572 = CARTESIAN_POINT ( 'NONE',  ( -30.50000000000001421, 0.000000000000000000, -55.00000000000000711 ) ) ;
#573 = CARTESIAN_POINT ( 'NONE',  ( 32.50000000000000000, 26.50000000000000000, 0.09999999999844377818 ) ) ;
#574 = ORIENTED_EDGE ( 'NONE', *, *, #2196, .F. ) ;
#575 = VERTEX_POINT ( 'NONE', #630 ) ;
#576 = CARTESIAN_POINT ( 'NONE',  ( -42.50000000000000711, 3.500000000000000000, 49.99999999999999289 ) ) ;
#577 = EDGE_LOOP ( 'NONE', ( #2220, #1308, #1826, #1079 ) ) ;
#578 = EDGE_CURVE ( 'NONE', #1829, #1275, #2102, .T. ) ;
#579 = CARTESIAN_POINT ( 'NONE',  ( 30.50000000000001421, -116.4999999999999858, -56.60000000000000853 ) ) ;
#580 = ORIENTED_EDGE ( 'NONE', *, *, #1724, .F. ) ;
#581 = DIRECTION ( 'NONE',  ( 0.000000000000000000, 1.000000000000000000, 0.000000000000000000 ) ) ;
#582 = DIRECTION ( 'NONE',  ( 0.000000000000000000, 0.000000000000000000, 1.000000000000000000 ) ) ;
#583 = LINE ( 'NONE', #2208, #164 ) ;
#584 = CARTESIAN_POINT ( 'NONE',  ( -15.50000000000001421, 0.000000000000000000, -55.00000000000000711 ) ) ;
#585 = VERTEX_POINT ( 'NONE', #1556 ) ;
#586 = DIRECTION ( 'NONE',  ( 0.000000000000000000, 0.000000000000000000, 1.000000000000000000 ) ) ;
#587 = ORIENTED_EDGE ( 'NONE', *, *, #1824, .F. ) ;
#588 = VECTOR ( 'NONE', #1406, 1000.000000000000000 ) ;
#589 = AXIS2_PLACEMENT_3D ( 'NONE', #1150, #266, #450 ) ;
#590 = DIRECTION ( 'NONE',  ( 1.000000000000000000, 0.000000000000000000, 5.299423560331486784E-17 ) ) ;
#591 = ORIENTED_EDGE ( 'NONE', *, *, #2273, .F. ) ;
#592 = CIRCLE ( 'NONE', #629, 1.650000000000000355 ) ;
#593 = AXIS2_PLACEMENT_3D ( 'NONE', #2178, #531, #1258 ) ;
#594 = AXIS2_PLACEMENT_3D ( 'NONE', #181, #1645, #586 ) ;
#595 = LINE ( 'NONE', #1367, #973 ) ;
#596 = EDGE_CURVE ( 'NONE', #570, #1970, #1536, .T. ) ;
#597 = CARTESIAN_POINT ( 'NONE',  ( -23.43676745991574961, 33.50000000000000000, -27.99999999999998934 ) ) ;
#598 = CARTESIAN_POINT ( 'NONE',  ( 7.499999999999996447, 0.000000000000000000, -7.500000000000003553 ) ) ;
#599 = ORIENTED_EDGE ( 'NONE', *, *, #1923, .T. ) ;
#600 = ORIENTED_EDGE ( 'NONE', *, *, #2147, .T. ) ;
#601 = DIRECTION ( 'NONE',  ( 1.000000000000000000, 0.000000000000000000, -0.000000000000000000 ) ) ;
#602 = ORIENTED_EDGE ( 'NONE', *, *, #941, .F. ) ;
#603 = PLANE ( 'NONE',  #207 ) ;
#604 = EDGE_LOOP ( 'NONE', ( #599, #364, #1747, #216 ) ) ;
#605 = CARTESIAN_POINT ( 'NONE',  ( -30.50000000000001421, -116.4999999999999858, -55.00000000000000711 ) ) ;
#606 = CARTESIAN_POINT ( 'NONE',  ( -23.43676745991574961, 3.500000000000000000, -27.99999999999998934 ) ) ;
#607 = EDGE_CURVE ( 'NONE', #1899, #774, #595, .T. ) ;
#608 = FACE_OUTER_BOUND ( 'NONE', #1077, .T. ) ;
#609 = CARTESIAN_POINT ( 'NONE',  ( 19.94999999995602025, 11.59999999999735643, 87.00000000000000000 ) ) ;
#610 = CARTESIAN_POINT ( 'NONE',  ( 18.42999999999994287, 33.50000000000000000, -27.99999999999999289 ) ) ;
#611 = EDGE_LOOP ( 'NONE', ( #1337, #96, #1688, #374 ) ) ;
#612 = DIRECTION ( 'NONE',  ( 0.000000000000000000, 0.000000000000000000, -1.000000000000000000 ) ) ;
#613 = ORIENTED_EDGE ( 'NONE', *, *, #521, .F. ) ;
#614 = DIRECTION ( 'NONE',  ( -0.000000000000000000, -0.000000000000000000, 1.000000000000000000 ) ) ;
#615 = ORIENTED_EDGE ( 'NONE', *, *, #1576, .T. ) ;
#616 = CARTESIAN_POINT ( 'NONE',  ( 32.50000000000000000, 3.500000000000000000, 18.09999999999843823 ) ) ;
#617 = CARTESIAN_POINT ( 'NONE',  ( -15.50000000000001421, 3.500000000000000000, 55.00000000000000711 ) ) ;
#618 = CARTESIAN_POINT ( 'NONE',  ( -27.34999999999985221, 21.59999999999735820, -12.99999999999998401 ) ) ;
#619 = CARTESIAN_POINT ( 'NONE',  ( -30.50000000000001421, -116.4999999999999858, 55.00000000000000711 ) ) ;
#620 = EDGE_CURVE ( 'NONE', #221, #1248, #995, .T. ) ;
#621 = ORIENTED_EDGE ( 'NONE', *, *, #1480, .F. ) ;
#622 = DIRECTION ( 'NONE',  ( 0.000000000000000000, 0.000000000000000000, 1.000000000000000000 ) ) ;
#623 = EDGE_CURVE ( 'NONE', #2342, #1776, #556, .T. ) ;
#624 = ORIENTED_EDGE ( 'NONE', *, *, #1208, .F. ) ;
#625 = VECTOR ( 'NONE', #1252, 1000.000000000000000 ) ;
#626 = FACE_BOUND ( 'NONE', #180, .T. ) ;
#627 = ORIENTED_EDGE ( 'NONE', *, *, #1159, .F. ) ;
#628 = VECTOR ( 'NONE', #1416, 1000.000000000000000 ) ;
#629 = AXIS2_PLACEMENT_3D ( 'NONE', #1408, #694, #1262 ) ;
#630 = CARTESIAN_POINT ( 'NONE',  ( 39.73676745987322079, 8.500000000000003553, -2.499999999999992006 ) ) ;
#631 = FACE_OUTER_BOUND ( 'NONE', #543, .T. ) ;
#632 = AXIS2_PLACEMENT_3D ( 'NONE', #734, #2191, #361 ) ;
#633 = FACE_OUTER_BOUND ( 'NONE', #1935, .T. ) ;
#634 = CARTESIAN_POINT ( 'NONE',  ( 18.42999999999994287, 3.500000000000000000, -27.99999999999999289 ) ) ;
#635 = CIRCLE ( 'NONE', #673, 1.599999999999997202 ) ;
#636 = VERTEX_POINT ( 'NONE', #1871 ) ;
#637 = DIRECTION ( 'NONE',  ( -0.000000000000000000, -0.000000000000000000, 1.000000000000000000 ) ) ;
#638 = ORIENTED_EDGE ( 'NONE', *, *, #1047, .F. ) ;
#639 = EDGE_CURVE ( 'NONE', #1703, #1029, #448, .T. ) ;
#640 = FACE_OUTER_BOUND ( 'NONE', #1108, .T. ) ;
#641 = ORIENTED_EDGE ( 'NONE', *, *, #2365, .F. ) ;
#642 = DIRECTION ( 'NONE',  ( 0.000000000000000000, 0.000000000000000000, 1.000000000000000000 ) ) ;
#643 = LINE ( 'NONE', #75, #1743 ) ;
#644 = LINE ( 'NONE', #1721, #2203 ) ;
#645 = CARTESIAN_POINT ( 'NONE',  ( 30.50000000000001421, -116.4999999999999858, 55.00000000000000711 ) ) ;
#646 = ORIENTED_EDGE ( 'NONE', *, *, #415, .F. ) ;
#647 = LINE ( 'NONE', #1384, #239 ) ;
#648 = ORIENTED_EDGE ( 'NONE', *, *, #153, .T. ) ;
#649 = CARTESIAN_POINT ( 'NONE',  ( -7.500000000000003553, 0.000000000000000000, -7.500000000000000000 ) ) ;
#650 = ORIENTED_EDGE ( 'NONE', *, *, #349, .F. ) ;
#651 = EDGE_CURVE ( 'NONE', #1173, #2305, #409, .T. ) ;
#652 = CARTESIAN_POINT ( 'NONE',  ( 24.73676745987322434, 3.500000000000000000, -27.99999999999998934 ) ) ;
#653 = LINE ( 'NONE', #1117, #1774 ) ;
#654 = DIRECTION ( 'NONE',  ( -0.000000000000000000, -1.000000000000000000, -0.000000000000000000 ) ) ;
#655 = DIRECTION ( 'NONE',  ( 0.000000000000000000, 0.000000000000000000, -1.000000000000000000 ) ) ;
#656 = EDGE_LOOP ( 'NONE', ( #1075, #537, #1565, #1039 ) ) ;
#657 = DIRECTION ( 'NONE',  ( 0.000000000000000000, 1.000000000000000000, 0.000000000000000000 ) ) ;
#658 = ORIENTED_EDGE ( 'NONE', *, *, #1751, .T. ) ;
#659 = EDGE_CURVE ( 'NONE', #827, #1446, #2205, .T. ) ;
#660 = LINE ( 'NONE', #118, #1244 ) ;
#661 = ORIENTED_EDGE ( 'NONE', *, *, #2040, .T. ) ;
#662 = DIRECTION ( 'NONE',  ( 0.000000000000000000, 1.000000000000000000, 0.000000000000000000 ) ) ;
#663 = LINE ( 'NONE', #1226, #927 ) ;
#664 = AXIS2_PLACEMENT_3D ( 'NONE', #470, #1685, #1941 ) ;
#665 = CIRCLE ( 'NONE', #823, 1.600000000000004086 ) ;
#666 = STYLED_ITEM ( 'NONE', ( #151 ), #376 ) ;
#667 = ADVANCED_FACE ( 'NONE', ( #1921 ), #2290, .F. ) ;
#668 = LINE ( 'NONE', #2155, #1505 ) ;
#669 = FACE_OUTER_BOUND ( 'NONE', #2079, .T. ) ;
#670 = VERTEX_POINT ( 'NONE', #1329 ) ;
#671 = VECTOR ( 'NONE', #347, 1000.000000000000000 ) ;
#672 = CIRCLE ( 'NONE', #478, 2.200000000000618350 ) ;
#673 = AXIS2_PLACEMENT_3D ( 'NONE', #1898, #1919, #2099 ) ;
#674 = LINE ( 'NONE', #1572, #714 ) ;
#675 = VERTEX_POINT ( 'NONE', #74 ) ;
#676 = ADVANCED_FACE ( 'NONE', ( #1356 ), #433, .F. ) ;
#677 = DIRECTION ( 'NONE',  ( 0.000000000000000000, 0.000000000000000000, 1.000000000000000000 ) ) ;
#678 = EDGE_CURVE ( 'NONE', #636, #1639, #2123, .T. ) ;
#679 = EDGE_LOOP ( 'NONE', ( #1287, #2309, #367, #350 ) ) ;
#680 = CARTESIAN_POINT ( 'NONE',  ( -30.50000000000001421, -116.4999999999999858, 55.00000000000000711 ) ) ;
#681 = FACE_OUTER_BOUND ( 'NONE', #697, .T. ) ;
#682 = DIRECTION ( 'NONE',  ( 0.000000000000000000, -1.000000000000000000, 0.000000000000000000 ) ) ;
#683 = DIRECTION ( 'NONE',  ( 0.000000000000000000, 0.000000000000000000, -1.000000000000000000 ) ) ;
#684 = LINE ( 'NONE', #142, #671 ) ;
#685 = EDGE_CURVE ( 'NONE', #1697, #1990, #1138, .T. ) ;
#686 = DIRECTION ( 'NONE',  ( 0.000000000000000000, 0.000000000000000000, -1.000000000000000000 ) ) ;
#687 = ORIENTED_EDGE ( 'NONE', *, *, #2012, .F. ) ;
#688 = DIRECTION ( 'NONE',  ( -1.000000000000000000, -0.000000000000000000, 0.000000000000000000 ) ) ;
#689 = VERTEX_POINT ( 'NONE', #49 ) ;
#690 = DIRECTION ( 'NONE',  ( 1.000000000000000000, 0.000000000000000000, 5.501149319406371506E-16 ) ) ;
#691 = CYLINDRICAL_SURFACE ( 'NONE', #744, 1.600000000000004086 ) ;
#692 = LINE ( 'NONE', #506, #1927 ) ;
#693 = SURFACE_SIDE_STYLE ('',( #1025 ) ) ;
#694 = DIRECTION ( 'NONE',  ( -0.000000000000000000, -0.000000000000000000, 1.000000000000000000 ) ) ;
#695 = EDGE_CURVE ( 'NONE', #1173, #1899, #783, .T. ) ;
#696 = ORIENTED_EDGE ( 'NONE', *, *, #2299, .T. ) ;
#697 = EDGE_LOOP ( 'NONE', ( #407, #721, #2219, #155 ) ) ;
#698 = EDGE_CURVE ( 'NONE', #1956, #2305, #240, .T. ) ;
#699 = CARTESIAN_POINT ( 'NONE',  ( 24.34999999995806164, 11.59999999999735643, 87.00000000000000000 ) ) ;
#700 = ORIENTED_EDGE ( 'NONE', *, *, #924, .T. ) ;
#701 = CARTESIAN_POINT ( 'NONE',  ( 0.000000000000000000, 8.500000000000003553, 0.000000000000000000 ) ) ;
#702 = CARTESIAN_POINT ( 'NONE',  ( 42.49999999999999289, 3.500000000000000000, -50.00000000000000711 ) ) ;
#703 = CARTESIAN_POINT ( 'NONE',  ( 24.73676745987322434, 33.50000000000000000, -27.99999999999998934 ) ) ;
#704 = LINE ( 'NONE', #1769, #473 ) ;
#705 = DIRECTION ( 'NONE',  ( 0.000000000000000000, 1.000000000000000000, 0.000000000000000000 ) ) ;
#706 = AXIS2_PLACEMENT_3D ( 'NONE', #761, #977, #1838 ) ;
#707 = ORIENTED_EDGE ( 'NONE', *, *, #1946, .T. ) ;
#708 = AXIS2_PLACEMENT_3D ( 'NONE', #2168, #1588, #1940 ) ;
#709 = VERTEX_POINT ( 'NONE', #1165 ) ;
#710 = EDGE_CURVE ( 'NONE', #481, #167, #1163, .T. ) ;
#711 = VECTOR ( 'NONE', #418, 1000.000000000000000 ) ;
#712 = CARTESIAN_POINT ( 'NONE',  ( 46.25000000000005684, 0.000000000000000000, 46.24999999999992184 ) ) ;
#713 = EDGE_LOOP ( 'NONE', ( #104, #1027, #1984, #2226, #1477, #2149, #2108, #1800 ) ) ;
#714 = VECTOR ( 'NONE', #1209, 1000.000000000000000 ) ;
#715 = ADVANCED_FACE ( 'NONE', ( #1718, #1022 ), #1236, .F. ) ;
#716 = DIRECTION ( 'NONE',  ( 0.000000000000000000, 1.000000000000000000, 0.000000000000000000 ) ) ;
#717 = CARTESIAN_POINT ( 'NONE',  ( 30.50000000000001421, 3.500000000000000000, -55.00000000000000711 ) ) ;
#718 = CARTESIAN_POINT ( 'NONE',  ( 0.000000000000000000, 33.50000000000000000, 0.000000000000000000 ) ) ;
#719 = DIRECTION ( 'NONE',  ( -1.000000000000000000, 0.000000000000000000, 0.000000000000000000 ) ) ;
#720 = EDGE_LOOP ( 'NONE', ( #1651, #1809 ) ) ;
#721 = ORIENTED_EDGE ( 'NONE', *, *, #1661, .T. ) ;
#722 = CARTESIAN_POINT ( 'NONE',  ( -22.96838372995777533, 28.50000000000000000, 34.14000000000000057 ) ) ;
#723 = ORIENTED_EDGE ( 'NONE', *, *, #2045, .F. ) ;
#724 = FACE_OUTER_BOUND ( 'NONE', #798, .T. ) ;
#725 = ADVANCED_FACE ( 'NONE', ( #851 ), #1249, .F. ) ;
#726 = DIRECTION ( 'NONE',  ( 0.000000000000000000, 1.000000000000000000, 0.000000000000000000 ) ) ;
#727 = FACE_BOUND ( 'NONE', #957, .T. ) ;
#728 = FACE_OUTER_BOUND ( 'NONE', #1981, .T. ) ;
#729 = VERTEX_POINT ( 'NONE', #1601 ) ;
#730 = ORIENTED_EDGE ( 'NONE', *, *, #1957, .T. ) ;
#731 = DIRECTION ( 'NONE',  ( 0.000000000000000000, 0.000000000000000000, 1.000000000000000000 ) ) ;
#732 = ORIENTED_EDGE ( 'NONE', *, *, #920, .F. ) ;
#733 = CARTESIAN_POINT ( 'NONE',  ( -7.500000000000003553, -126.4999999999999716, 7.500000000000000000 ) ) ;
#734 = CARTESIAN_POINT ( 'NONE',  ( 0.000000000000000000, 0.000000000000000000, 0.000000000000000000 ) ) ;
#735 = CARTESIAN_POINT ( 'NONE',  ( 42.49999999999999289, 3.500000000000000000, 49.99999999999997158 ) ) ;
#736 = ADVANCED_FACE ( 'NONE', ( #2337 ), #121, .F. ) ;
#737 = LINE ( 'NONE', #573, #1542 ) ;
#738 = ORIENTED_EDGE ( 'NONE', *, *, #2224, .T. ) ;
#739 = EDGE_LOOP ( 'NONE', ( #1617, #2185, #2038, #650 ) ) ;
#740 = AXIS2_PLACEMENT_3D ( 'NONE', #1205, #1538, #291 ) ;
#741 = AXIS2_PLACEMENT_3D ( 'NONE', #1613, #125, #337 ) ;
#742 = CARTESIAN_POINT ( 'NONE',  ( 0.000000000000000000, 3.500000000000000000, 0.000000000000000000 ) ) ;
#743 = ORIENTED_EDGE ( 'NONE', *, *, #2124, .F. ) ;
#744 = AXIS2_PLACEMENT_3D ( 'NONE', #1812, #1425, #880 ) ;
#745 = VECTOR ( 'NONE', #1881, 1000.000000000000000 ) ;
#746 = EDGE_CURVE ( 'NONE', #1016, #1326, #1243, .T. ) ;
#747 = LINE ( 'NONE', #1450, #53 ) ;
#748 = VECTOR ( 'NONE', #768, 1000.000000000000000 ) ;
#749 = EDGE_LOOP ( 'NONE', ( #1738, #2098, #1513, #1264 ) ) ;
#750 = DIRECTION ( 'NONE',  ( 0.000000000000000000, 1.000000000000000000, 0.000000000000000000 ) ) ;
#751 = DIRECTION ( 'NONE',  ( -0.000000000000000000, -1.000000000000000000, -0.000000000000000000 ) ) ;
#752 = VERTEX_POINT ( 'NONE', #468 ) ;
#753 = EDGE_CURVE ( 'NONE', #1248, #2235, #1766, .T. ) ;
#754 = ORIENTED_EDGE ( 'NONE', *, *, #1897, .T. ) ;
#755 = CARTESIAN_POINT ( 'NONE',  ( -29.93676745991574606, 33.50000000000000000, -27.99999999999998934 ) ) ;
#756 = EDGE_LOOP ( 'NONE', ( #2293, #73, #1840, #1021 ) ) ;
#757 = CYLINDRICAL_SURFACE ( 'NONE', #1628, 1.600000000000001643 ) ;
#758 = ORIENTED_EDGE ( 'NONE', *, *, #280, .T. ) ;
#759 = LINE ( 'NONE', #346, #13 ) ;
#760 = DIRECTION ( 'NONE',  ( -1.426581805901979635E-16, 0.000000000000000000, 1.000000000000000000 ) ) ;
#761 = CARTESIAN_POINT ( 'NONE',  ( -30.50000000000001421, 3.500000000000000000, 55.00000000000000711 ) ) ;
#762 = ORIENTED_EDGE ( 'NONE', *, *, #2329, .F. ) ;
#763 = ORIENTED_EDGE ( 'NONE', *, *, #107, .T. ) ;
#764 = EDGE_CURVE ( 'NONE', #911, #1246, #158, .T. ) ;
#765 = DIRECTION ( 'NONE',  ( -0.000000000000000000, -1.000000000000000000, -0.000000000000000000 ) ) ;
#766 = ORIENTED_EDGE ( 'NONE', *, *, #566, .T. ) ;
#767 = ADVANCED_FACE ( 'NONE', ( #1377 ), #1791, .F. ) ;
#768 = DIRECTION ( 'NONE',  ( 0.000000000000000000, 1.000000000000000000, 0.000000000000000000 ) ) ;
#769 = VERTEX_POINT ( 'NONE', #1415 ) ;
#770 = DIRECTION ( 'NONE',  ( 0.000000000000000000, 1.000000000000000000, 0.000000000000000000 ) ) ;
#771 = CARTESIAN_POINT ( 'NONE',  ( -32.96838372995788546, 3.500000000000000000, 34.14000000000000057 ) ) ;
#772 = CARTESIAN_POINT ( 'NONE',  ( 22.50000000000000355, 28.50000000000000000, 34.14000000000000057 ) ) ;
#773 = ORIENTED_EDGE ( 'NONE', *, *, #2365, .T. ) ;
#774 = VERTEX_POINT ( 'NONE', #2153 ) ;
#775 = CARTESIAN_POINT ( 'NONE',  ( -32.96838372995788546, 28.49999999999999645, 24.14000000000000767 ) ) ;
#776 = ORIENTED_EDGE ( 'NONE', *, *, #286, .T. ) ;
#777 = VECTOR ( 'NONE', #1481, 1000.000000000000000 ) ;
#778 = AXIS2_PLACEMENT_3D ( 'NONE', #1537, #2278, #328 ) ;
#779 = CARTESIAN_POINT ( 'NONE',  ( 15.50000000000001421, 3.500000000000000000, -56.60000000000000142 ) ) ;
#780 = ORIENTED_EDGE ( 'NONE', *, *, #1042, .F. ) ;
#781 = AXIS2_PLACEMENT_3D ( 'NONE', #561, #751, #784 ) ;
#782 = ADVANCED_FACE ( 'NONE', ( #890 ), #505, .F. ) ;
#783 = LINE ( 'NONE', #1514, #745 ) ;
#784 = DIRECTION ( 'NONE',  ( 0.000000000000000000, 0.000000000000000000, 1.000000000000000000 ) ) ;
#785 = CARTESIAN_POINT ( 'NONE',  ( -22.96838372995777533, 28.50000000000000000, 34.14000000000000057 ) ) ;
#786 = LINE ( 'NONE', #1140, #1119 ) ;
#787 = ORIENTED_EDGE ( 'NONE', *, *, #521, .T. ) ;
#788 = ORIENTED_EDGE ( 'NONE', *, *, #893, .F. ) ;
#789 = CARTESIAN_POINT ( 'NONE',  ( 30.50000000000001421, -116.4999999999999858, -55.00000000000000711 ) ) ;
#790 = ORIENTED_EDGE ( 'NONE', *, *, #2284, .T. ) ;
#791 = LINE ( 'NONE', #445, #1433 ) ;
#792 = ORIENTED_EDGE ( 'NONE', *, *, #1464, .T. ) ;
#793 = ADVANCED_FACE ( 'NONE', ( #1069 ), #2300, .F. ) ;
#794 = CARTESIAN_POINT ( 'NONE',  ( -29.93676745991574606, 3.500000000000000000, -12.99999999999999112 ) ) ;
#795 = LINE ( 'NONE', #1882, #1162 ) ;
#796 = CARTESIAN_POINT ( 'NONE',  ( -15.50000000000001421, -116.4999999999999858, -56.60000000000000142 ) ) ;
#797 = CARTESIAN_POINT ( 'NONE',  ( -27.34999999999985221, 21.59999999999735820, -27.99999999999998934 ) ) ;
#798 = EDGE_LOOP ( 'NONE', ( #1196, #391, #954, #1245, #1822, #1055, #1584, #832 ) ) ;
#799 = FACE_OUTER_BOUND ( 'NONE', #1110, .T. ) ;
#800 = VERTEX_POINT ( 'NONE', #148 ) ;
#801 = CARTESIAN_POINT ( 'NONE',  ( 22.14999999995703206, 21.59999999999735820, -27.99999999999998934 ) ) ;
#802 = VERTEX_POINT ( 'NONE', #522 ) ;
#803 = EDGE_CURVE ( 'NONE', #1145, #225, #287, .T. ) ;
#804 = LINE ( 'NONE', #975, #899 ) ;
#805 = LINE ( 'NONE', #1342, #436 ) ;
#806 = DIRECTION ( 'NONE',  ( 0.000000000000000000, 1.000000000000000000, 0.000000000000000000 ) ) ;
#807 = CARTESIAN_POINT ( 'NONE',  ( 15.50000000000001421, 0.000000000000000000, 55.00000000000000711 ) ) ;
#808 = ORIENTED_EDGE ( 'NONE', *, *, #562, .F. ) ;
#809 = ADVANCED_FACE ( 'NONE', ( #1224 ), #1391, .F. ) ;
#810 = CARTESIAN_POINT ( 'NONE',  ( -42.50000000000000711, 3.500000000000000000, -59.99999999999999289 ) ) ;
#811 = VERTEX_POINT ( 'NONE', #1960 ) ;
#812 = CARTESIAN_POINT ( 'NONE',  ( 7.499999999999996447, -126.4999999999999716, -9.100000000000004974 ) ) ;
#813 = ORIENTED_EDGE ( 'NONE', *, *, #502, .T. ) ;
#814 = AXIS2_PLACEMENT_3D ( 'NONE', #1182, #1001, #1028 ) ;
#815 = VECTOR ( 'NONE', #1293, 1000.000000000000000 ) ;
#816 = EDGE_CURVE ( 'NONE', #1156, #2177, #1213, .T. ) ;
#817 = DIRECTION ( 'NONE',  ( -0.7071067811865465735, -0.000000000000000000, 0.7071067811865485719 ) ) ;
#818 = VECTOR ( 'NONE', #204, 1000.000000000000000 ) ;
#819 = DIRECTION ( 'NONE',  ( -0.000000000000000000, -0.000000000000000000, 1.000000000000000000 ) ) ;
#820 = AXIS2_PLACEMENT_3D ( 'NONE', #1289, #553, #731 ) ;
#821 = CARTESIAN_POINT ( 'NONE',  ( -32.96838372995788546, 87.48490993466043619, 34.14000000000000057 ) ) ;
#822 = DIRECTION ( 'NONE',  ( 0.000000000000000000, 1.000000000000000000, 0.000000000000000000 ) ) ;
#823 = AXIS2_PLACEMENT_3D ( 'NONE', #2249, #765, #1867 ) ;
#824 = ORIENTED_EDGE ( 'NONE', *, *, #1421, .T. ) ;
#825 = ADVANCED_FACE ( 'NONE', ( #1033 ), #2326, .F. ) ;
#826 = CARTESIAN_POINT ( 'NONE',  ( 42.49999999999999289, 3.500000000000000000, -50.00000000000000711 ) ) ;
#827 = VERTEX_POINT ( 'NONE', #309 ) ;
#828 = CARTESIAN_POINT ( 'NONE',  ( -7.500000000000003553, 0.000000000000000000, 7.500000000000000000 ) ) ;
#829 = ORIENTED_EDGE ( 'NONE', *, *, #396, .T. ) ;
#830 = CARTESIAN_POINT ( 'NONE',  ( 7.799999999999737810, 16.59999999999728360, 59.14000000000000767 ) ) ;
#831 = DIRECTION ( 'NONE',  ( -0.000000000000000000, -1.000000000000000000, -0.000000000000000000 ) ) ;
#832 = ORIENTED_EDGE ( 'NONE', *, *, #19, .T. ) ;
#833 = CYLINDRICAL_SURFACE ( 'NONE', #1626, 1.600000000000004086 ) ;
#834 = CARTESIAN_POINT ( 'NONE',  ( -29.55000000000047322, 21.59999999999735820, 87.00000000000000000 ) ) ;
#835 = VERTEX_POINT ( 'NONE', #137 ) ;
#836 = CARTESIAN_POINT ( 'NONE',  ( 0.000000000000000000, 5.500000000000001776, 0.000000000000000000 ) ) ;
#837 = VERTEX_POINT ( 'NONE', #344 ) ;
#838 = CARTESIAN_POINT ( 'NONE',  ( -23.43676745991574961, 3.500000000000000000, -27.99999999999998934 ) ) ;
#839 = ORIENTED_EDGE ( 'NONE', *, *, #2124, .T. ) ;
#840 = EDGE_CURVE ( 'NONE', #2280, #2052, #2283, .T. ) ;
#841 = DIRECTION ( 'NONE',  ( 0.000000000000000000, -1.000000000000000000, 0.000000000000000000 ) ) ;
#842 = DIRECTION ( 'NONE',  ( 0.000000000000000000, 0.000000000000000000, -1.000000000000000000 ) ) ;
#843 = LINE ( 'NONE', #150, #628 ) ;
#844 = LINE ( 'NONE', #1444, #1466 ) ;
#845 = DIRECTION ( 'NONE',  ( 0.000000000000000000, 0.000000000000000000, -1.000000000000000000 ) ) ;
#846 = ORIENTED_EDGE ( 'NONE', *, *, #1067, .T. ) ;
#847 = CARTESIAN_POINT ( 'NONE',  ( -16.90000000000000213, 3.500000000000000000, 40.14000000000000767 ) ) ;
#848 = ORIENTED_EDGE ( 'NONE', *, *, #211, .T. ) ;
#849 = DIRECTION ( 'NONE',  ( 0.000000000000000000, 0.000000000000000000, -1.000000000000000000 ) ) ;
#850 = EDGE_LOOP ( 'NONE', ( #2117, #787, #696, #1991 ) ) ;
#851 = FACE_OUTER_BOUND ( 'NONE', #1887, .T. ) ;
#852 = ADVANCED_FACE ( 'NONE', ( #724 ), #191, .T. ) ;
#853 = FACE_OUTER_BOUND ( 'NONE', #1349, .T. ) ;
#854 = DIRECTION ( 'NONE',  ( 0.000000000000000000, 0.000000000000000000, -1.000000000000000000 ) ) ;
#855 = LINE ( 'NONE', #2328, #588 ) ;
#856 = VECTOR ( 'NONE', #870, 1000.000000000000114 ) ;
#857 = VECTOR ( 'NONE', #655, 1000.000000000000000 ) ;
#858 =( GEOMETRIC_REPRESENTATION_CONTEXT ( 3 ) GLOBAL_UNCERTAINTY_ASSIGNED_CONTEXT ( ( #1622 ) ) GLOBAL_UNIT_ASSIGNED_CONTEXT ( ( #1758, #2145, #1228 ) ) REPRESENTATION_CONTEXT ( 'NONE', 'WORKASPACE' ) );
#859 = DIRECTION ( 'NONE',  ( 0.000000000000000000, 0.000000000000000000, 1.000000000000000000 ) ) ;
#860 = DIRECTION ( 'NONE',  ( 0.000000000000000000, 0.000000000000000000, -1.000000000000000000 ) ) ;
#861 = CIRCLE ( 'NONE', #1048, 1.599999999999997202 ) ;
#862 = VECTOR ( 'NONE', #987, 1000.000000000000000 ) ;
#863 = AXIS2_PLACEMENT_3D ( 'NONE', #1934, #1754, #108 ) ;
#864 = DIRECTION ( 'NONE',  ( -0.000000000000000000, -1.000000000000000000, -0.000000000000000000 ) ) ;
#865 = ORIENTED_EDGE ( 'NONE', *, *, #1683, .F. ) ;
#866 = ADVANCED_FACE ( 'NONE', ( #1811, #937 ), #170, .F. ) ;
#867 = CARTESIAN_POINT ( 'NONE',  ( 7.499999999999996447, 3.500000000000003109, 7.500000000000003553 ) ) ;
#868 = VERTEX_POINT ( 'NONE', #1125 ) ;
#869 = DIRECTION ( 'NONE',  ( 0.000000000000000000, 0.000000000000000000, 1.000000000000000000 ) ) ;
#870 = DIRECTION ( 'NONE',  ( -0.7071067811865513475, -0.000000000000000000, -0.7071067811865435759 ) ) ;
#871 = ADVANCED_FACE ( 'NONE', ( #1843 ), #757, .F. ) ;
#872 = LINE ( 'NONE', #160, #2044 ) ;
#873 = DIRECTION ( 'NONE',  ( -0.000000000000000000, 1.000000000000000000, -0.000000000000000000 ) ) ;
#874 = ADVANCED_FACE ( 'NONE', ( #1103 ), #1, .F. ) ;
#875 = CARTESIAN_POINT ( 'NONE',  ( -42.50000000000000711, 3.500000000000003109, -27.99999999999998934 ) ) ;
#876 = VERTEX_POINT ( 'NONE', #1647 ) ;
#877 = DIRECTION ( 'NONE',  ( 0.000000000000000000, 0.000000000000000000, -1.000000000000000000 ) ) ;
#878 = ORIENTED_EDGE ( 'NONE', *, *, #695, .T. ) ;
#879 = CARTESIAN_POINT ( 'NONE',  ( -15.50000000000001421, -116.4999999999999858, 55.00000000000000711 ) ) ;
#880 = DIRECTION ( 'NONE',  ( 0.000000000000000000, 0.000000000000000000, -1.000000000000000000 ) ) ;
#881 = DIRECTION ( 'NONE',  ( 1.000000000000000000, 0.000000000000000000, 0.000000000000000000 ) ) ;
#882 = CARTESIAN_POINT ( 'NONE',  ( -30.50000000000001421, 0.000000000000000000, 56.60000000000000853 ) ) ;
#883 = CYLINDRICAL_SURFACE ( 'NONE', #1007, 1.599999999999997202 ) ;
#884 = ORIENTED_EDGE ( 'NONE', *, *, #146, .T. ) ;
#885 = EDGE_CURVE ( 'NONE', #2235, #2286, #1638, .T. ) ;
#886 = ORIENTED_EDGE ( 'NONE', *, *, #178, .T. ) ;
#887 = ADVANCED_BREP_SHAPE_REPRESENTATION ( 'Mirrorfeet1', ( #376, #2049 ), #1242 ) ;
#888 = DIRECTION ( 'NONE',  ( -1.000000000000000000, 0.000000000000000000, 5.953210078121458203E-17 ) ) ;
#889 = ORIENTED_EDGE ( 'NONE', *, *, #547, .F. ) ;
#890 = FACE_OUTER_BOUND ( 'NONE', #307, .T. ) ;
#891 =( NAMED_UNIT ( * ) SI_UNIT ( $, .STERADIAN. ) SOLID_ANGLE_UNIT ( ) );
#892 = DIRECTION ( 'NONE',  ( 0.000000000000000000, 0.000000000000000000, -1.000000000000000000 ) ) ;
#893 = EDGE_CURVE ( 'NONE', #1716, #355, #2201, .T. ) ;
#894 = CARTESIAN_POINT ( 'NONE',  ( 32.49999999999999289, 3.500000000000000000, 24.13999999999989754 ) ) ;
#895 = DIRECTION ( 'NONE',  ( -1.000000000000000000, 0.000000000000000000, 0.000000000000000000 ) ) ;
#896 = AXIS2_PLACEMENT_3D ( 'NONE', #5, #1467, #197 ) ;
#897 = VECTOR ( 'NONE', #544, 1000.000000000000000 ) ;
#898 = ORIENTED_EDGE ( 'NONE', *, *, #1837, .T. ) ;
#899 = VECTOR ( 'NONE', #817, 1000.000000000000000 ) ;
#900 = ORIENTED_EDGE ( 'NONE', *, *, #40, .T. ) ;
#901 = AXIS2_PLACEMENT_3D ( 'NONE', #2197, #2356, #1635 ) ;
#902 = ADVANCED_FACE ( 'NONE', ( #1093 ), #1268, .F. ) ;
#903 = CARTESIAN_POINT ( 'NONE',  ( 30.50000000000001421, 0.000000000000000000, -55.00000000000000711 ) ) ;
#904 = EDGE_LOOP ( 'NONE', ( #1860, #1535, #1098, #285 ) ) ;
#905 = CIRCLE ( 'NONE', #273, 1.600000000000001643 ) ;
#906 = CARTESIAN_POINT ( 'NONE',  ( 7.499999999999996447, -126.4999999999999716, 7.500000000000003553 ) ) ;
#907 = LINE ( 'NONE', #2190, #897 ) ;
#908 = LINE ( 'NONE', #1681, #1848 ) ;
#909 = CARTESIAN_POINT ( 'NONE',  ( 24.34999999995805098, 21.59999999999735820, -14.49999999999998579 ) ) ;
#910 = ORIENTED_EDGE ( 'NONE', *, *, #360, .T. ) ;
#911 = VERTEX_POINT ( 'NONE', #914 ) ;
#912 = DIRECTION ( 'NONE',  ( 0.000000000000000000, 0.000000000000000000, 1.000000000000000000 ) ) ;
#913 = EDGE_LOOP ( 'NONE', ( #661, #134 ) ) ;
#914 = CARTESIAN_POINT ( 'NONE',  ( 18.42999999999994287, 3.500000000000000000, -27.99999999999999289 ) ) ;
#915 = ADVANCED_FACE ( 'NONE', ( #1111 ), #2370, .T. ) ;
#916 = FACE_BOUND ( 'NONE', #67, .T. ) ;
#917 = FACE_OUTER_BOUND ( 'NONE', #2366, .T. ) ;
#918 = ORIENTED_EDGE ( 'NONE', *, *, #1597, .T. ) ;
#919 = VERTEX_POINT ( 'NONE', #2225 ) ;
#920 = EDGE_CURVE ( 'NONE', #167, #1698, #747, .T. ) ;
#921 = CARTESIAN_POINT ( 'NONE',  ( 7.499999999999996447, -126.4999999999999716, 5.900000000000001243 ) ) ;
#922 = ORIENTED_EDGE ( 'NONE', *, *, #2150, .T. ) ;
#923 = DIRECTION ( 'NONE',  ( 1.000000000000000000, 0.000000000000000000, -0.000000000000000000 ) ) ;
#924 = EDGE_CURVE ( 'NONE', #802, #752, #2214, .T. ) ;
#925 = CARTESIAN_POINT ( 'NONE',  ( 32.50000000000000000, 26.50000000000000000, 18.09999999999843823 ) ) ;
#926 = DIRECTION ( 'NONE',  ( 0.000000000000000000, 0.000000000000000000, -1.000000000000000000 ) ) ;
#927 = VECTOR ( 'NONE', #2132, 1000.000000000000000 ) ;
#928 = DIRECTION ( 'NONE',  ( -0.000000000000000000, 1.000000000000000000, -0.000000000000000000 ) ) ;
#929 = VERTEX_POINT ( 'NONE', #1282 ) ;
#930 = ORIENTED_EDGE ( 'NONE', *, *, #968, .T. ) ;
#931 = CIRCLE ( 'NONE', #1660, 2.200000000000618350 ) ;
#932 = AXIS2_PLACEMENT_3D ( 'NONE', #807, #276, #1579 ) ;
#933 = AXIS2_PLACEMENT_3D ( 'NONE', #1952, #1216, #301 ) ;
#934 = LINE ( 'NONE', #2222, #323 ) ;
#935 = ORIENTED_EDGE ( 'NONE', *, *, #136, .T. ) ;
#936 = AXIS2_PLACEMENT_3D ( 'NONE', #3, #2021, #1835 ) ;
#937 = FACE_OUTER_BOUND ( 'NONE', #1865, .T. ) ;
#938 = VECTOR ( 'NONE', #1497, 1000.000000000000000 ) ;
#939 = FACE_BOUND ( 'NONE', #1842, .T. ) ;
#940 = CARTESIAN_POINT ( 'NONE',  ( -15.50000000000001421, 0.000000000000000000, -55.00000000000000711 ) ) ;
#941 = EDGE_CURVE ( 'NONE', #729, #1573, #2188, .T. ) ;
#942 = DIRECTION ( 'NONE',  ( 1.000000000000000000, 0.000000000000000000, 0.000000000000000000 ) ) ;
#943 = ORIENTED_EDGE ( 'NONE', *, *, #88, .F. ) ;
#944 = VERTEX_POINT ( 'NONE', #1302 ) ;
#945 = EDGE_CURVE ( 'NONE', #1145, #1360, #390, .T. ) ;
#946 = CARTESIAN_POINT ( 'NONE',  ( -32.96838372995788546, 3.500000000000000000, 0.09999999999844161325 ) ) ;
#947 = VERTEX_POINT ( 'NONE', #542 ) ;
#948 = CARTESIAN_POINT ( 'NONE',  ( 32.50000000000000000, 26.50000000000000000, 18.09999999999843823 ) ) ;
#949 = ORIENTED_EDGE ( 'NONE', *, *, #1539, .F. ) ;
#950 = CARTESIAN_POINT ( 'NONE',  ( -7.500000000000003553, -126.4999999999999716, -7.500000000000000000 ) ) ;
#951 = DIRECTION ( 'NONE',  ( -0.7071067811865434649, -0.000000000000000000, 0.7071067811865515695 ) ) ;
#952 = DIRECTION ( 'NONE',  ( -0.000000000000000000, -1.000000000000000000, 0.000000000000000000 ) ) ;
#953 = VERTEX_POINT ( 'NONE', #2019 ) ;
#954 = ORIENTED_EDGE ( 'NONE', *, *, #1675, .T. ) ;
#955 = EDGE_CURVE ( 'NONE', #837, #919, #1392, .T. ) ;
#956 = LINE ( 'NONE', #1299, #1699 ) ;
#957 = EDGE_LOOP ( 'NONE', ( #2353, #213 ) ) ;
#958 = LINE ( 'NONE', #1184, #748 ) ;
#959 = ORIENTED_EDGE ( 'NONE', *, *, #816, .F. ) ;
#960 = CARTESIAN_POINT ( 'NONE',  ( 28.32000000000012818, 28.50000000000000000, 28.31999999999980844 ) ) ;
#961 = CARTESIAN_POINT ( 'NONE',  ( 7.499999999999996447, 3.500000000000000000, -9.100000000000004974 ) ) ;
#962 = DIRECTION ( 'NONE',  ( 1.471975796331614096E-16, 0.000000000000000000, -1.000000000000000000 ) ) ;
#963 = CARTESIAN_POINT ( 'NONE',  ( -15.50000000000001421, 0.000000000000000000, -56.60000000000000142 ) ) ;
#964 = ORIENTED_EDGE ( 'NONE', *, *, #1030, .F. ) ;
#965 = VERTEX_POINT ( 'NONE', #1679 ) ;
#966 = DIRECTION ( 'NONE',  ( 0.000000000000000000, 1.000000000000000000, 0.000000000000000000 ) ) ;
#967 = VERTEX_POINT ( 'NONE', #779 ) ;
#968 = EDGE_CURVE ( 'NONE', #2052, #2280, #2051, .T. ) ;
#969 = AXIS2_PLACEMENT_3D ( 'NONE', #810, #601, #1725 ) ;
#970 = CARTESIAN_POINT ( 'NONE',  ( -30.50000000000001421, -116.4999999999999858, 56.60000000000000853 ) ) ;
#971 = ORIENTED_EDGE ( 'NONE', *, *, #1707, .F. ) ;
#972 = VECTOR ( 'NONE', #1418, 1000.000000000000000 ) ;
#973 = VECTOR ( 'NONE', #227, 1000.000000000000000 ) ;
#974 = VECTOR ( 'NONE', #518, 1000.000000000000000 ) ;
#975 = CARTESIAN_POINT ( 'NONE',  ( 32.49999999999998579, 3.500000000000000000, 60.00000000000000711 ) ) ;
#976 = LINE ( 'NONE', #438, #1238 ) ;
#977 = DIRECTION ( 'NONE',  ( -0.000000000000000000, -1.000000000000000000, -0.000000000000000000 ) ) ;
#978 = ORIENTED_EDGE ( 'NONE', *, *, #1346, .F. ) ;
#979 = VERTEX_POINT ( 'NONE', #1364 ) ;
#980 = DIRECTION ( 'NONE',  ( -0.000000000000000000, -0.000000000000000000, 1.000000000000000000 ) ) ;
#981 = ORIENTED_EDGE ( 'NONE', *, *, #1614, .T. ) ;
#982 = ADVANCED_FACE ( 'NONE', ( #2262 ), #1160, .F. ) ;
#983 = FACE_OUTER_BOUND ( 'NONE', #541, .T. ) ;
#984 = ORIENTED_EDGE ( 'NONE', *, *, #1301, .T. ) ;
#985 = DIRECTION ( 'NONE',  ( 0.000000000000000000, 0.000000000000000000, 1.000000000000000000 ) ) ;
#986 = ADVANCED_FACE ( 'NONE', ( #226 ), #1534, .F. ) ;
#987 = DIRECTION ( 'NONE',  ( 0.000000000000000000, 0.000000000000000000, -1.000000000000000000 ) ) ;
#988 = DIRECTION ( 'NONE',  ( 0.000000000000000000, 1.000000000000000000, 0.000000000000000000 ) ) ;
#989 = DIRECTION ( 'NONE',  ( -0.000000000000000000, -0.000000000000000000, 1.000000000000000000 ) ) ;
#990 = EDGE_LOOP ( 'NONE', ( #788, #865, #1101, #2175 ) ) ;
#991 = CARTESIAN_POINT ( 'NONE',  ( -30.50000000000001421, 3.500000000000000000, -55.00000000000000711 ) ) ;
#992 = ORIENTED_EDGE ( 'NONE', *, *, #236, .F. ) ;
#993 = EDGE_CURVE ( 'NONE', #1493, #1218, #958, .T. ) ;
#994 = PLANE ( 'NONE',  #1978 ) ;
#995 = LINE ( 'NONE', #1177, #1933 ) ;
#996 = DIRECTION ( 'NONE',  ( -0.7071067811865465735, -0.000000000000000000, 0.7071067811865485719 ) ) ;
#997 = ADVANCED_FACE ( 'NONE', ( #1174 ), #603, .F. ) ;
#998 = CARTESIAN_POINT ( 'NONE',  ( -42.50000000000000711, 5.500000000000001776, 0.000000000000000000 ) ) ;
#999 = CARTESIAN_POINT ( 'NONE',  ( 15.50000000000001421, 0.000000000000000000, 55.00000000000000711 ) ) ;
#1000 = EDGE_LOOP ( 'NONE', ( #1086, #624 ) ) ;
#1001 = DIRECTION ( 'NONE',  ( -0.000000000000000000, -0.000000000000000000, 1.000000000000000000 ) ) ;
#1002 = ORIENTED_EDGE ( 'NONE', *, *, #607, .F. ) ;
#1003 = AXIS2_PLACEMENT_3D ( 'NONE', #1578, #1237, #892 ) ;
#1004 = CYLINDRICAL_SURFACE ( 'NONE', #1279, 1.650000000000000355 ) ;
#1005 = ORIENTED_EDGE ( 'NONE', *, *, #1771, .F. ) ;
#1006 = VECTOR ( 'NONE', #2206, 1000.000000000000000 ) ;
#1007 = AXIS2_PLACEMENT_3D ( 'NONE', #1615, #705, #1431 ) ;
#1008 = DIRECTION ( 'NONE',  ( 0.7071067811865434649, -0.000000000000000000, -0.7071067811865515695 ) ) ;
#1009 = AXIS2_PLACEMENT_3D ( 'NONE', #184, #1292, #358 ) ;
#1010 = CARTESIAN_POINT ( 'NONE',  ( -15.50000000000001421, 3.500000000000000000, -56.60000000000000142 ) ) ;
#1011 = VECTOR ( 'NONE', #209, 1000.000000000000000 ) ;
#1012 = CIRCLE ( 'NONE', #1744, 1.600000000000001643 ) ;
#1013 = CARTESIAN_POINT ( 'NONE',  ( 15.50000000000001421, 3.500000000000000000, 55.00000000000000711 ) ) ;
#1014 = CARTESIAN_POINT ( 'NONE',  ( 39.73676745987322079, 28.50000000000000000, -2.499999999999992006 ) ) ;
#1015 = CIRCLE ( 'NONE', #814, 2.200000000001020695 ) ;
#1016 = VERTEX_POINT ( 'NONE', #1879 ) ;
#1017 = LINE ( 'NONE', #847, #2053 ) ;
#1018 = EDGE_CURVE ( 'NONE', #2096, #2002, #72, .T. ) ;
#1019 = EDGE_LOOP ( 'NONE', ( #2233, #2055, #1413, #1088 ) ) ;
#1020 = DIRECTION ( 'NONE',  ( 1.000000000000000000, 0.000000000000000000, 0.000000000000000000 ) ) ;
#1021 = ORIENTED_EDGE ( 'NONE', *, *, #1159, .T. ) ;
#1022 = FACE_OUTER_BOUND ( 'NONE', #1092, .T. ) ;
#1023 = DIRECTION ( 'NONE',  ( 1.000000000000000000, 0.000000000000000000, 0.000000000000000000 ) ) ;
#1024 = CARTESIAN_POINT ( 'NONE',  ( 0.000000000000000000, 3.500000000000000000, 0.000000000000000000 ) ) ;
#1025 = SURFACE_STYLE_FILL_AREA ( #507 ) ;
#1026 = CARTESIAN_POINT ( 'NONE',  ( -42.50000000000000711, 5.500000000000001776, -12.99999999999999112 ) ) ;
#1027 = ORIENTED_EDGE ( 'NONE', *, *, #2299, .F. ) ;
#1028 = DIRECTION ( 'NONE',  ( 1.000000000000000000, 0.000000000000000000, 0.000000000000000000 ) ) ;
#1029 = VERTEX_POINT ( 'NONE', #1690 ) ;
#1030 = EDGE_CURVE ( 'NONE', #1773, #1676, #1715, .T. ) ;
#1031 = CARTESIAN_POINT ( 'NONE',  ( -27.34999999999995879, 11.59999999999735643, 87.00000000000000000 ) ) ;
#1032 = ORIENTED_EDGE ( 'NONE', *, *, #1018, .F. ) ;
#1033 = FACE_OUTER_BOUND ( 'NONE', #1436, .T. ) ;
#1034 = FACE_OUTER_BOUND ( 'NONE', #1181, .T. ) ;
#1035 = FACE_OUTER_BOUND ( 'NONE', #1221, .T. ) ;
#1036 = CARTESIAN_POINT ( 'NONE',  ( 30.50000000000001421, 3.500000000000000000, -55.00000000000000711 ) ) ;
#1037 = ORIENTED_EDGE ( 'NONE', *, *, #194, .T. ) ;
#1038 = CARTESIAN_POINT ( 'NONE',  ( 32.49999999999999289, 87.48490993466043619, 34.14000000000000057 ) ) ;
#1039 = ORIENTED_EDGE ( 'NONE', *, *, #1335, .F. ) ;
#1040 = CARTESIAN_POINT ( 'NONE',  ( 18.42999999999994287, 33.50000000000000000, -27.99999999999999289 ) ) ;
#1041 = ORIENTED_EDGE ( 'NONE', *, *, #885, .F. ) ;
#1042 = EDGE_CURVE ( 'NONE', #965, #1231, #406, .T. ) ;
#1043 = DIRECTION ( 'NONE',  ( 0.000000000000000000, 0.000000000000000000, 1.000000000000000000 ) ) ;
#1044 = CARTESIAN_POINT ( 'NONE',  ( -30.50000000000001421, 0.000000000000000000, -53.40000000000000568 ) ) ;
#1045 = CARTESIAN_POINT ( 'NONE',  ( -7.500000000000003553, -126.4999999999999716, -5.899999999999997691 ) ) ;
#1046 = VECTOR ( 'NONE', #1323, 1000.000000000000000 ) ;
#1047 = EDGE_CURVE ( 'NONE', #689, #1568, #1338, .T. ) ;
#1048 = AXIS2_PLACEMENT_3D ( 'NONE', #999, #486, #1749 ) ;
#1049 = VECTOR ( 'NONE', #1603, 1000.000000000000000 ) ;
#1050 = DIRECTION ( 'NONE',  ( 0.000000000000000000, 0.000000000000000000, -1.000000000000000000 ) ) ;
#1051 = AXIS2_PLACEMENT_3D ( 'NONE', #1404, #495, #2180 ) ;
#1052 = VECTOR ( 'NONE', #298, 1000.000000000000000 ) ;
#1053 = AXIS2_PLACEMENT_3D ( 'NONE', #649, #284, #677 ) ;
#1054 = CYLINDRICAL_SURFACE ( 'NONE', #1939, 1.599999999999997202 ) ;
#1055 = ORIENTED_EDGE ( 'NONE', *, *, #2074, .F. ) ;
#1056 = EDGE_CURVE ( 'NONE', #2263, #1776, #1316, .T. ) ;
#1057 = LINE ( 'NONE', #1583, #974 ) ;
#1058 = ORIENTED_EDGE ( 'NONE', *, *, #1263, .F. ) ;
#1059 = DIRECTION ( 'NONE',  ( -0.7071067811865485719, -0.000000000000000000, -0.7071067811865465735 ) ) ;
#1060 = DIRECTION ( 'NONE',  ( 1.000000000000000000, 0.000000000000000000, 5.501149319406371506E-16 ) ) ;
#1061 = EDGE_CURVE ( 'NONE', #929, #2184, #2078, .T. ) ;
#1062 = DIRECTION ( 'NONE',  ( 0.000000000000000000, 0.000000000000000000, -1.000000000000000000 ) ) ;
#1063 = CARTESIAN_POINT ( 'NONE',  ( -32.96838372995787836, 5.500000000000001776, -12.99999999999999112 ) ) ;
#1064 = ORIENTED_EDGE ( 'NONE', *, *, #175, .F. ) ;
#1065 = EDGE_LOOP ( 'NONE', ( #1068, #58, #1533, #515 ) ) ;
#1066 = DIRECTION ( 'NONE',  ( 1.000000000000000000, 0.000000000000000000, 0.000000000000000000 ) ) ;
#1067 = EDGE_CURVE ( 'NONE', #675, #1573, #2251, .T. ) ;
#1068 = ORIENTED_EDGE ( 'NONE', *, *, #2066, .T. ) ;
#1069 = FACE_OUTER_BOUND ( 'NONE', #850, .T. ) ;
#1070 = LINE ( 'NONE', #2181, #1844 ) ;
#1071 = DIRECTION ( 'NONE',  ( 0.000000000000000000, 1.000000000000000000, 0.000000000000000000 ) ) ;
#1072 = DIRECTION ( 'NONE',  ( -0.000000000000000000, 1.000000000000000000, -0.000000000000000000 ) ) ;
#1073 = EDGE_CURVE ( 'NONE', #419, #464, #2067, .T. ) ;
#1074 = ORIENTED_EDGE ( 'NONE', *, *, #1410, .F. ) ;
#1075 = ORIENTED_EDGE ( 'NONE', *, *, #678, .F. ) ;
#1076 = FACE_BOUND ( 'NONE', #504, .T. ) ;
#1077 = EDGE_LOOP ( 'NONE', ( #2174, #441, #898, #2138 ) ) ;
#1078 = DIRECTION ( 'NONE',  ( 1.000000000000000000, 0.000000000000000000, 0.000000000000000000 ) ) ;
#1079 = ORIENTED_EDGE ( 'NONE', *, *, #339, .T. ) ;
#1080 = DIRECTION ( 'NONE',  ( 0.000000000000000000, 1.000000000000000000, 0.000000000000000000 ) ) ;
#1081 = DIRECTION ( 'NONE',  ( -0.000000000000000000, -0.000000000000000000, 1.000000000000000000 ) ) ;
#1082 = CARTESIAN_POINT ( 'NONE',  ( 15.50000000000001421, 0.000000000000000000, -55.00000000000000711 ) ) ;
#1083 = AXIS2_PLACEMENT_3D ( 'NONE', #1134, #224, #1687 ) ;
#1084 = AXIS2_PLACEMENT_3D ( 'NONE', #1305, #1081, #545 ) ;
#1085 = AXIS2_PLACEMENT_3D ( 'NONE', #1241, #1819, #2192 ) ;
#1086 = ORIENTED_EDGE ( 'NONE', *, *, #107, .F. ) ;
#1087 = AXIS2_PLACEMENT_3D ( 'NONE', #558, #379, #716 ) ;
#1088 = ORIENTED_EDGE ( 'NONE', *, *, #651, .T. ) ;
#1089 = CIRCLE ( 'NONE', #171, 2.200000000001020695 ) ;
#1090 = EDGE_CURVE ( 'NONE', #1326, #1864, #791, .T. ) ;
#1091 = DIRECTION ( 'NONE',  ( 0.000000000000000000, 1.000000000000000000, 0.000000000000000000 ) ) ;
#1092 = EDGE_LOOP ( 'NONE', ( #1255, #363, #2014, #253 ) ) ;
#1093 = FACE_OUTER_BOUND ( 'NONE', #1457, .T. ) ;
#1094 = ORIENTED_EDGE ( 'NONE', *, *, #2167, .T. ) ;
#1095 = CARTESIAN_POINT ( 'NONE',  ( 19.94999999995602025, 11.59999999999735643, -14.49999999999998579 ) ) ;
#1096 = CARTESIAN_POINT ( 'NONE',  ( 24.34999999995805098, 21.59999999999735820, 87.00000000000000000 ) ) ;
#1097 = EDGE_CURVE ( 'NONE', #83, #530, #635, .T. ) ;
#1098 = ORIENTED_EDGE ( 'NONE', *, *, #19, .F. ) ;
#1099 = EDGE_LOOP ( 'NONE', ( #1192, #2250 ) ) ;
#1100 = FACE_BOUND ( 'NONE', #1435, .T. ) ;
#1101 = ORIENTED_EDGE ( 'NONE', *, *, #1061, .T. ) ;
#1102 = ADVANCED_FACE ( 'NONE', ( #983, #626, #1352 ), #994, .F. ) ;
#1103 = FACE_OUTER_BOUND ( 'NONE', #2189, .T. ) ;
#1104 = FACE_BOUND ( 'NONE', #25, .T. ) ;
#1105 = DIRECTION ( 'NONE',  ( 0.000000000000000000, 0.000000000000000000, 1.000000000000000000 ) ) ;
#1106 = CARTESIAN_POINT ( 'NONE',  ( 30.50000000000001421, 3.500000000000000000, 53.40000000000000568 ) ) ;
#1107 = ORIENTED_EDGE ( 'NONE', *, *, #659, .T. ) ;
#1108 = EDGE_LOOP ( 'NONE', ( #1254, #62, #839, #574 ) ) ;
#1109 = CARTESIAN_POINT ( 'NONE',  ( 9.449999999999738165, 16.59999999999728360, 40.14000000000000767 ) ) ;
#1110 = EDGE_LOOP ( 'NONE', ( #587, #641, #700, #723 ) ) ;
#1111 = FACE_OUTER_BOUND ( 'NONE', #611, .T. ) ;
#1112 = ADVANCED_FACE ( 'NONE', ( #640 ), #2163, .F. ) ;
#1113 = CARTESIAN_POINT ( 'NONE',  ( -30.50000000000001421, 3.500000000000000000, 53.40000000000000568 ) ) ;
#1114 = EDGE_CURVE ( 'NONE', #1326, #1016, #2169, .T. ) ;
#1115 = CARTESIAN_POINT ( 'NONE',  ( 22.14999999995703206, 21.59999999999735820, 87.00000000000000000 ) ) ;
#1116 = DIRECTION ( 'NONE',  ( 0.000000000000000000, 1.000000000000000000, 0.000000000000000000 ) ) ;
#1117 = CARTESIAN_POINT ( 'NONE',  ( 39.73676745987322079, 8.500000000000003553, -14.49999999999999289 ) ) ;
#1118 = VERTEX_POINT ( 'NONE', #1741 ) ;
#1119 = VECTOR ( 'NONE', #1873, 1000.000000000000000 ) ;
#1120 = CIRCLE ( 'NONE', #1084, 2.200000000000718714 ) ;
#1121 = CIRCLE ( 'NONE', #1239, 2.200000000001020695 ) ;
#1122 = FACE_BOUND ( 'NONE', #295, .T. ) ;
#1123 = ORIENTED_EDGE ( 'NONE', *, *, #1545, .F. ) ;
#1124 = CIRCLE ( 'NONE', #18, 1.600000000000004086 ) ;
#1125 = CARTESIAN_POINT ( 'NONE',  ( -29.55000000000067573, 11.59999999999735643, -27.99999999999998934 ) ) ;
#1126 = VECTOR ( 'NONE', #1116, 1000.000000000000000 ) ;
#1127 = EDGE_LOOP ( 'NONE', ( #1832, #249 ) ) ;
#1128 = CARTESIAN_POINT ( 'NONE',  ( -30.50000000000001421, 0.000000000000000000, -56.60000000000000853 ) ) ;
#1129 = DIRECTION ( 'NONE',  ( 0.000000000000000000, 0.000000000000000000, -1.000000000000000000 ) ) ;
#1130 = EDGE_CURVE ( 'NONE', #2286, #2177, #1057, .T. ) ;
#1131 = LINE ( 'NONE', #2229, #1434 ) ;
#1132 = EDGE_LOOP ( 'NONE', ( #1005, #1999, #1830, #548 ) ) ;
#1133 = VERTEX_POINT ( 'NONE', #1412 ) ;
#1134 = CARTESIAN_POINT ( 'NONE',  ( 15.50000000000001421, -116.4999999999999858, -55.00000000000000711 ) ) ;
#1135 = ORIENTED_EDGE ( 'NONE', *, *, #1946, .F. ) ;
#1136 = DIRECTION ( 'NONE',  ( 0.000000000000000000, 1.000000000000000000, 0.000000000000000000 ) ) ;
#1137 = VERTEX_POINT ( 'NONE', #1789 ) ;
#1138 = LINE ( 'NONE', #794, #2007 ) ;
#1139 = CARTESIAN_POINT ( 'NONE',  ( -42.50000000000000711, 0.000000000000000000, 60.00000000000000711 ) ) ;
#1140 = CARTESIAN_POINT ( 'NONE',  ( 32.50000000000000000, 26.50000000000000000, 18.09999999999843823 ) ) ;
#1141 = CARTESIAN_POINT ( 'NONE',  ( -22.96838372995777533, 3.499999999999999556, 34.14000000000000057 ) ) ;
#1142 = EDGE_CURVE ( 'NONE', #1755, #979, #1247, .T. ) ;
#1143 = EDGE_LOOP ( 'NONE', ( #658, #1729, #949, #1931, #2041, #1560, #1492, #2084, #401, #1714 ) ) ;
#1144 = CARTESIAN_POINT ( 'NONE',  ( 15.50000000000001421, 0.000000000000000000, -56.60000000000000142 ) ) ;
#1145 = VERTEX_POINT ( 'NONE', #271 ) ;
#1146 = DIRECTION ( 'NONE',  ( 0.000000000000000000, 0.000000000000000000, -1.000000000000000000 ) ) ;
#1147 = ORIENTED_EDGE ( 'NONE', *, *, #1675, .F. ) ;
#1148 = DIRECTION ( 'NONE',  ( 1.000000000000000000, 0.000000000000000000, 0.000000000000000000 ) ) ;
#1149 = PRODUCT ( 'Mirrorfeet1', 'Mirrorfeet1', '', ( #138 ) ) ;
#1150 = CARTESIAN_POINT ( 'NONE',  ( 7.499999999999996447, 0.000000000000000000, 7.500000000000003553 ) ) ;
#1151 = CARTESIAN_POINT ( 'NONE',  ( 15.50000000000001421, 0.000000000000000000, 53.40000000000001279 ) ) ;
#1152 = ORIENTED_EDGE ( 'NONE', *, *, #46, .F. ) ;
#1153 = ORIENTED_EDGE ( 'NONE', *, *, #1720, .T. ) ;
#1154 = DIRECTION ( 'NONE',  ( 0.000000000000000000, 1.000000000000000000, -1.156482317317871478E-16 ) ) ;
#1155 = VECTOR ( 'NONE', #1611, 1000.000000000000000 ) ;
#1156 = VERTEX_POINT ( 'NONE', #2308 ) ;
#1157 = AXIS2_PLACEMENT_3D ( 'NONE', #114, #989, #1711 ) ;
#1158 = AXIS2_PLACEMENT_3D ( 'NONE', #123, #2327, #1405 ) ;
#1159 = EDGE_CURVE ( 'NONE', #1353, #1469, #1574, .T. ) ;
#1160 = PLANE ( 'NONE',  #1784 ) ;
#1161 = VERTEX_POINT ( 'NONE', #1211 ) ;
#1162 = VECTOR ( 'NONE', #2301, 1000.000000000000000 ) ;
#1163 = CIRCLE ( 'NONE', #1975, 1.600000000000004086 ) ;
#1164 = VECTOR ( 'NONE', #888, 1000.000000000000000 ) ;
#1165 = CARTESIAN_POINT ( 'NONE',  ( 42.49999999999999289, 3.500000000000000000, 49.99999999999997158 ) ) ;
#1166 = LINE ( 'NONE', #1746, #862 ) ;
#1167 = ADVANCED_FACE ( 'NONE', ( #2109 ), #1004, .F. ) ;
#1168 = DIRECTION ( 'NONE',  ( 0.000000000000000000, -1.000000000000000000, 0.000000000000000000 ) ) ;
#1169 = EDGE_CURVE ( 'NONE', #919, #837, #1395, .T. ) ;
#1170 = DIRECTION ( 'NONE',  ( 1.000000000000000000, 0.000000000000000000, 0.000000000000000000 ) ) ;
#1171 = ORIENTED_EDGE ( 'NONE', *, *, #236, .T. ) ;
#1172 = FACE_OUTER_BOUND ( 'NONE', #2272, .T. ) ;
#1173 = VERTEX_POINT ( 'NONE', #503 ) ;
#1174 = FACE_OUTER_BOUND ( 'NONE', #35, .T. ) ;
#1175 = VERTEX_POINT ( 'NONE', #1608 ) ;
#1176 = EDGE_CURVE ( 'NONE', #1446, #827, #2128, .T. ) ;
#1177 = CARTESIAN_POINT ( 'NONE',  ( -32.96838372995787836, 5.500000000000001776, -5.674371403960129361E-16 ) ) ;
#1178 = CARTESIAN_POINT ( 'NONE',  ( -15.50000000000001421, 3.500000000000000000, -55.00000000000000711 ) ) ;
#1179 = DIRECTION ( 'NONE',  ( 0.000000000000000000, 0.000000000000000000, -1.000000000000000000 ) ) ;
#1180 = DIRECTION ( 'NONE',  ( 0.000000000000000000, 0.000000000000000000, -1.000000000000000000 ) ) ;
#1181 = EDGE_LOOP ( 'NONE', ( #319, #910, #1223, #71 ) ) ;
#1182 = CARTESIAN_POINT ( 'NONE',  ( 22.14999999995703206, 21.59999999999735820, -14.49999999999998579 ) ) ;
#1183 = VERTEX_POINT ( 'NONE', #1040 ) ;
#1184 = CARTESIAN_POINT ( 'NONE',  ( 32.50000000000000000, 8.500000000000003553, -2.499999999999992006 ) ) ;
#1185 = ORIENTED_EDGE ( 'NONE', *, *, #1707, .T. ) ;
#1186 = ADVANCED_FACE ( 'NONE', ( #1958 ), #1232, .F. ) ;
#1187 = DIRECTION ( 'NONE',  ( -0.000000000000000000, -0.000000000000000000, 1.000000000000000000 ) ) ;
#1188 = DIRECTION ( 'NONE',  ( -0.000000000000000000, -1.000000000000000000, 0.000000000000000000 ) ) ;
#1189 = EDGE_CURVE ( 'NONE', #1959, #1218, #1422, .T. ) ;
#1190 = DIRECTION ( 'NONE',  ( 0.000000000000000000, 1.000000000000000000, 0.000000000000000000 ) ) ;
#1191 = CARTESIAN_POINT ( 'NONE',  ( -16.90000000000000213, 3.500000000000000000, 34.14000000000000057 ) ) ;
#1192 = ORIENTED_EDGE ( 'NONE', *, *, #1866, .T. ) ;
#1193 = DIRECTION ( 'NONE',  ( 0.000000000000000000, 1.000000000000000000, 0.000000000000000000 ) ) ;
#1194 = ORIENTED_EDGE ( 'NONE', *, *, #816, .T. ) ;
#1195 = CYLINDRICAL_SURFACE ( 'NONE', #863, 1.599999999999997202 ) ;
#1196 = ORIENTED_EDGE ( 'NONE', *, *, #262, .T. ) ;
#1197 = AXIS2_PLACEMENT_3D ( 'NONE', #1942, #1071, #1062 ) ;
#1198 = CIRCLE ( 'NONE', #1157, 2.200000000001020695 ) ;
#1199 = DIRECTION ( 'NONE',  ( 0.000000000000000000, 0.000000000000000000, 1.000000000000000000 ) ) ;
#1200 = VECTOR ( 'NONE', #1985, 1000.000000000000000 ) ;
#1201 = DIRECTION ( 'NONE',  ( 0.000000000000000000, 0.000000000000000000, 1.000000000000000000 ) ) ;
#1202 = EDGE_LOOP ( 'NONE', ( #1760, #1324, #1636, #763 ) ) ;
#1203 = AXIS2_PLACEMENT_3D ( 'NONE', #264, #819, #1023 ) ;
#1204 = LINE ( 'NONE', #2071, #1973 ) ;
#1205 = CARTESIAN_POINT ( 'NONE',  ( -30.50000000000001421, 3.500000000000000000, 55.00000000000000711 ) ) ;
#1206 = AXIS2_PLACEMENT_3D ( 'NONE', #500, #864, #1399 ) ;
#1207 = ORIENTED_EDGE ( 'NONE', *, *, #2074, .T. ) ;
#1208 = EDGE_CURVE ( 'NONE', #89, #1137, #1012, .T. ) ;
#1209 = DIRECTION ( 'NONE',  ( -1.000000000000000000, -0.000000000000000000, 0.000000000000000000 ) ) ;
#1210 = VERTEX_POINT ( 'NONE', #2335 ) ;
#1211 = CARTESIAN_POINT ( 'NONE',  ( -15.50000000000001421, 0.000000000000000000, -53.40000000000001279 ) ) ;
#1212 = ORIENTED_EDGE ( 'NONE', *, *, #1061, .F. ) ;
#1213 = LINE ( 'NONE', #1950, #1052 ) ;
#1214 = CARTESIAN_POINT ( 'NONE',  ( 0.000000000000000000, 0.000000000000000000, 0.000000000000000000 ) ) ;
#1215 = DIRECTION ( 'NONE',  ( 1.426581805901979635E-16, 0.000000000000000000, -1.000000000000000000 ) ) ;
#1216 = DIRECTION ( 'NONE',  ( 5.953210078121458203E-17, 0.000000000000000000, 1.000000000000000000 ) ) ;
#1217 = LINE ( 'NONE', #2304, #1891 ) ;
#1218 = VERTEX_POINT ( 'NONE', #466 ) ;
#1219 = ADVANCED_FACE ( 'NONE', ( #1598 ), #1195, .F. ) ;
#1220 = LINE ( 'NONE', #1945, #2042 ) ;
#1221 = EDGE_LOOP ( 'NONE', ( #1888, #1540, #2015, #130 ) ) ;
#1222 = DIRECTION ( 'NONE',  ( 0.000000000000000000, 0.000000000000000000, -1.000000000000000000 ) ) ;
#1223 = ORIENTED_EDGE ( 'NONE', *, *, #1724, .T. ) ;
#1224 = FACE_OUTER_BOUND ( 'NONE', #1132, .T. ) ;
#1225 = DIRECTION ( 'NONE',  ( 0.000000000000000000, 0.000000000000000000, -1.000000000000000000 ) ) ;
#1226 = CARTESIAN_POINT ( 'NONE',  ( -25.14999999999923830, 11.59999999999735643, 87.00000000000000000 ) ) ;
#1227 = CARTESIAN_POINT ( 'NONE',  ( 39.73676745987322079, 3.500000000000000000, 40.14000000000000767 ) ) ;
#1228 =( NAMED_UNIT ( * ) SI_UNIT ( $, .STERADIAN. ) SOLID_ANGLE_UNIT ( ) );
#1229 = LINE ( 'NONE', #509, #12 ) ;
#1230 = LINE ( 'NONE', #304, #2355 ) ;
#1231 = VERTEX_POINT ( 'NONE', #838 ) ;
#1232 = CYLINDRICAL_SURFACE ( 'NONE', #1854, 1.600000000000001643 ) ;
#1233 = ORIENTED_EDGE ( 'NONE', *, *, #2114, .T. ) ;
#1234 = EDGE_CURVE ( 'NONE', #1183, #911, #660, .T. ) ;
#1235 = CIRCLE ( 'NONE', #1657, 1.600000000000002531 ) ;
#1236 = PLANE ( 'NONE',  #437 ) ;
#1237 = DIRECTION ( 'NONE',  ( 0.000000000000000000, 1.000000000000000000, 0.000000000000000000 ) ) ;
#1238 = VECTOR ( 'NONE', #1710, 1000.000000000000000 ) ;
#1239 = AXIS2_PLACEMENT_3D ( 'NONE', #1445, #1980, #2331 ) ;
#1240 = VECTOR ( 'NONE', #1008, 1000.000000000000114 ) ;
#1241 = CARTESIAN_POINT ( 'NONE',  ( 0.000000000000000000, 3.500000000000000000, 0.000000000000000000 ) ) ;
#1242 =( GEOMETRIC_REPRESENTATION_CONTEXT ( 3 ) GLOBAL_UNCERTAINTY_ASSIGNED_CONTEXT ( ( #1938 ) ) GLOBAL_UNIT_ASSIGNED_CONTEXT ( ( #1251, #172, #891 ) ) REPRESENTATION_CONTEXT ( 'NONE', 'WORKASPACE' ) );
#1243 = CIRCLE ( 'NONE', #1312, 1.600000000000001643 ) ;
#1244 = VECTOR ( 'NONE', #1386, 1000.000000000000000 ) ;
#1245 = ORIENTED_EDGE ( 'NONE', *, *, #405, .F. ) ;
#1246 = VERTEX_POINT ( 'NONE', #2125 ) ;
#1247 = LINE ( 'NONE', #699, #248 ) ;
#1248 = VERTEX_POINT ( 'NONE', #482 ) ;
#1249 = PLANE ( 'NONE',  #514 ) ;
#1250 = ADVANCED_FACE ( 'NONE', ( #1948 ), #296, .F. ) ;
#1251 =( LENGTH_UNIT ( ) NAMED_UNIT ( * ) SI_UNIT ( .MILLI., .METRE. ) );
#1252 = DIRECTION ( 'NONE',  ( 0.000000000000000000, 0.000000000000000000, -1.000000000000000000 ) ) ;
#1253 = FACE_OUTER_BOUND ( 'NONE', #81, .T. ) ;
#1254 = ORIENTED_EDGE ( 'NONE', *, *, #2236, .F. ) ;
#1255 = ORIENTED_EDGE ( 'NONE', *, *, #1912, .F. ) ;
#1256 = FACE_BOUND ( 'NONE', #9, .T. ) ;
#1257 = ORIENTED_EDGE ( 'NONE', *, *, #1771, .T. ) ;
#1258 = DIRECTION ( 'NONE',  ( 0.000000000000000000, 0.000000000000000000, 1.000000000000000000 ) ) ;
#1259 = DIRECTION ( 'NONE',  ( 1.000000000000000000, 0.000000000000000000, 0.000000000000000000 ) ) ;
#1260 = CARTESIAN_POINT ( 'NONE',  ( 39.73676745987322079, 28.49999999999999645, 40.14000000000000767 ) ) ;
#1261 = FACE_BOUND ( 'NONE', #1334, .T. ) ;
#1262 = DIRECTION ( 'NONE',  ( 1.000000000000000000, 0.000000000000000000, 0.000000000000000000 ) ) ;
#1263 = EDGE_CURVE ( 'NONE', #1360, #1764, #332, .T. ) ;
#1264 = ORIENTED_EDGE ( 'NONE', *, *, #1563, .T. ) ;
#1265 = ORIENTED_EDGE ( 'NONE', *, *, #1866, .F. ) ;
#1266 = DIRECTION ( 'NONE',  ( -0.000000000000000000, 1.000000000000000000, -0.000000000000000000 ) ) ;
#1267 = ORIENTED_EDGE ( 'NONE', *, *, #524, .F. ) ;
#1268 = CYLINDRICAL_SURFACE ( 'NONE', #357, 1.600000000000001643 ) ;
#1269 = VERTEX_POINT ( 'NONE', #1992 ) ;
#1270 = CARTESIAN_POINT ( 'NONE',  ( 32.49999999999998579, 3.500000000000000000, -59.99999999999999289 ) ) ;
#1271 = CARTESIAN_POINT ( 'NONE',  ( 24.73676745987322434, 33.50000000000000000, -14.49999999999999112 ) ) ;
#1272 = CARTESIAN_POINT ( 'NONE',  ( 0.000000000000000000, 3.500000000000000000, 0.000000000000000000 ) ) ;
#1273 = AXIS2_PLACEMENT_3D ( 'NONE', #836, #128, #1761 ) ;
#1274 = VECTOR ( 'NONE', #951, 1000.000000000000114 ) ;
#1275 = VERTEX_POINT ( 'NONE', #1458 ) ;
#1276 = EDGE_CURVE ( 'NONE', #11, #835, #210, .T. ) ;
#1277 = ORIENTED_EDGE ( 'NONE', *, *, #286, .F. ) ;
#1278 = AXIS2_PLACEMENT_3D ( 'NONE', #1178, #1709, #1567 ) ;
#1279 = AXIS2_PLACEMENT_3D ( 'NONE', #145, #877, #98 ) ;
#1280 = DIRECTION ( 'NONE',  ( 0.000000000000000000, 0.000000000000000000, 1.000000000000000000 ) ) ;
#1281 = ORIENTED_EDGE ( 'NONE', *, *, #1067, .F. ) ;
#1282 = CARTESIAN_POINT ( 'NONE',  ( 7.499999999999996447, 0.000000000000000000, -9.100000000000004974 ) ) ;
#1283 = CARTESIAN_POINT ( 'NONE',  ( -30.50000000000001421, 3.500000000000000000, 56.60000000000000853 ) ) ;
#1284 = CARTESIAN_POINT ( 'NONE',  ( -42.50000000000000711, 3.500000000000000000, 40.14000000000000767 ) ) ;
#1285 = CARTESIAN_POINT ( 'NONE',  ( -42.50000000000000711, 3.500000000000000000, 49.99999999999999289 ) ) ;
#1286 = ORIENTED_EDGE ( 'NONE', *, *, #2023, .T. ) ;
#1287 = ORIENTED_EDGE ( 'NONE', *, *, #596, .F. ) ;
#1288 = EDGE_CURVE ( 'NONE', #456, #675, #934, .T. ) ;
#1289 = CARTESIAN_POINT ( 'NONE',  ( -15.50000000000001421, 0.000000000000000000, 55.00000000000000711 ) ) ;
#1290 = ORIENTED_EDGE ( 'NONE', *, *, #1176, .T. ) ;
#1291 = ADVANCED_FACE ( 'NONE', ( #366, #1448, #1841, #1100, #1256, #342, #1076, #24, #377, #1485, #1825 ), #156, .F. ) ;
#1292 = DIRECTION ( 'NONE',  ( -1.000000000000000000, 0.000000000000000000, 0.000000000000000000 ) ) ;
#1293 = DIRECTION ( 'NONE',  ( -1.000000000000000000, 0.000000000000000000, 0.000000000000000000 ) ) ;
#1294 = CARTESIAN_POINT ( 'NONE',  ( 18.42999999999994287, 33.50000000000000000, -27.99999999999999289 ) ) ;
#1295 = ADVANCED_FACE ( 'NONE', ( #2186 ), #539, .F. ) ;
#1296 = LINE ( 'NONE', #2257, #2161 ) ;
#1297 = DIRECTION ( 'NONE',  ( 0.000000000000000000, 0.000000000000000000, -1.000000000000000000 ) ) ;
#1298 = ORIENTED_EDGE ( 'NONE', *, *, #23, .T. ) ;
#1299 = CARTESIAN_POINT ( 'NONE',  ( -42.50000000000000711, 5.500000000000001776, -12.99999999999999112 ) ) ;
#1300 = ORIENTED_EDGE ( 'NONE', *, *, #678, .T. ) ;
#1301 = EDGE_CURVE ( 'NONE', #689, #965, #8, .T. ) ;
#1302 = CARTESIAN_POINT ( 'NONE',  ( 39.73676745987322079, 33.50000000000000000, -14.49999999999999467 ) ) ;
#1303 = VERTEX_POINT ( 'NONE', #1109 ) ;
#1304 = EDGE_CURVE ( 'NONE', #1156, #1145, #166, .T. ) ;
#1305 = CARTESIAN_POINT ( 'NONE',  ( -27.34999999999995879, 11.59999999999735643, -27.99999999999998934 ) ) ;
#1306 = DIRECTION ( 'NONE',  ( 0.000000000000000000, 0.000000000000000000, -1.000000000000000000 ) ) ;
#1307 = DIRECTION ( 'NONE',  ( -0.7071067811865485719, -0.000000000000000000, -0.7071067811865465735 ) ) ;
#1308 = ORIENTED_EDGE ( 'NONE', *, *, #620, .F. ) ;
#1309 = ORIENTED_EDGE ( 'NONE', *, *, #396, .F. ) ;
#1310 = CIRCLE ( 'NONE', #1206, 1.600000000000001643 ) ;
#1311 = CIRCLE ( 'NONE', #1739, 1.599999999999997202 ) ;
#1312 = AXIS2_PLACEMENT_3D ( 'NONE', #1577, #1424, #1043 ) ;
#1313 = DIRECTION ( 'NONE',  ( 0.000000000000000000, 0.000000000000000000, -1.000000000000000000 ) ) ;
#1314 = ORIENTED_EDGE ( 'NONE', *, *, #1923, .F. ) ;
#1315 = AXIS2_PLACEMENT_3D ( 'NONE', #742, #1808, #567 ) ;
#1316 = LINE ( 'NONE', #261, #2325 ) ;
#1317 = AXIS2_PLACEMENT_3D ( 'NONE', #1965, #480, #143 ) ;
#1318 = ORIENTED_EDGE ( 'NONE', *, *, #1734, .F. ) ;
#1319 = EDGE_CURVE ( 'NONE', #670, #802, #479, .T. ) ;
#1320 = DIRECTION ( 'NONE',  ( 0.000000000000000000, 0.000000000000000000, -1.000000000000000000 ) ) ;
#1321 = CARTESIAN_POINT ( 'NONE',  ( -42.50000000000000711, 28.50000000000000000, 0.000000000000000000 ) ) ;
#1322 = DIRECTION ( 'NONE',  ( -0.000000000000000000, -0.000000000000000000, 1.000000000000000000 ) ) ;
#1323 = DIRECTION ( 'NONE',  ( 0.000000000000000000, 1.000000000000000000, 0.000000000000000000 ) ) ;
#1324 = ORIENTED_EDGE ( 'NONE', *, *, #265, .F. ) ;
#1325 = LINE ( 'NONE', #1494, #2004 ) ;
#1326 = VERTEX_POINT ( 'NONE', #189 ) ;
#1327 = CARTESIAN_POINT ( 'NONE',  ( 15.50000000000001421, -116.4999999999999858, 56.60000000000000142 ) ) ;
#1328 = ORIENTED_EDGE ( 'NONE', *, *, #578, .F. ) ;
#1329 = CARTESIAN_POINT ( 'NONE',  ( 30.50000000000001421, 0.000000000000000000, -53.40000000000000568 ) ) ;
#1330 = DIRECTION ( 'NONE',  ( 0.000000000000000000, 0.000000000000000000, 1.000000000000000000 ) ) ;
#1331 = PLANE ( 'NONE',  #1389 ) ;
#1332 = DIRECTION ( 'NONE',  ( 0.000000000000000000, 0.000000000000000000, -1.000000000000000000 ) ) ;
#1333 = EDGE_LOOP ( 'NONE', ( #488, #340 ) ) ;
#1334 = EDGE_LOOP ( 'NONE', ( #730, #235 ) ) ;
#1335 = EDGE_CURVE ( 'NONE', #1639, #1137, #1474, .T. ) ;
#1336 = DIRECTION ( 'NONE',  ( 0.000000000000000000, 0.000000000000000000, 1.000000000000000000 ) ) ;
#1337 = ORIENTED_EDGE ( 'NONE', *, *, #639, .T. ) ;
#1338 = LINE ( 'NONE', #2234, #1937 ) ;
#1339 = ORIENTED_EDGE ( 'NONE', *, *, #211, .F. ) ;
#1340 = EDGE_CURVE ( 'NONE', #1520, #419, #1124, .T. ) ;
#1341 = DIRECTION ( 'NONE',  ( -1.000000000000000000, 0.000000000000000000, -5.299423560331486784E-17 ) ) ;
#1342 = CARTESIAN_POINT ( 'NONE',  ( -46.25000000000005684, 0.000000000000000000, -46.24999999999992184 ) ) ;
#1343 = DIRECTION ( 'NONE',  ( -0.000000000000000000, -0.000000000000000000, 1.000000000000000000 ) ) ;
#1344 = DIRECTION ( 'NONE',  ( 0.000000000000000000, 1.000000000000000000, 0.000000000000000000 ) ) ;
#1345 = ORIENTED_EDGE ( 'NONE', *, *, #2319, .T. ) ;
#1346 = EDGE_CURVE ( 'NONE', #221, #1644, #2027, .T. ) ;
#1347 = LINE ( 'NONE', #946, #57 ) ;
#1348 = AXIS2_PLACEMENT_3D ( 'NONE', #1024, #1792, #1426 ) ;
#1349 = EDGE_LOOP ( 'NONE', ( #1064, #1519, #1267, #1207 ) ) ;
#1350 = AXIS2_PLACEMENT_3D ( 'NONE', #645, #2105, #499 ) ;
#1351 = VECTOR ( 'NONE', #770, 1000.000000000000000 ) ;
#1352 = FACE_BOUND ( 'NONE', #1333, .T. ) ;
#1353 = VERTEX_POINT ( 'NONE', #1668 ) ;
#1354 = AXIS2_PLACEMENT_3D ( 'NONE', #469, #1201, #459 ) ;
#1355 = AXIS2_PLACEMENT_3D ( 'NONE', #455, #1146, #1728 ) ;
#1356 = FACE_OUTER_BOUND ( 'NONE', #1807, .T. ) ;
#1357 = CARTESIAN_POINT ( 'NONE',  ( 6.149999999999737454, 16.59999999999728360, 34.14000000000000057 ) ) ;
#1358 = CARTESIAN_POINT ( 'NONE',  ( 39.73676745987322079, 8.500000000000003553, -2.499999999999992006 ) ) ;
#1359 = DIRECTION ( 'NONE',  ( 0.000000000000000000, 0.000000000000000000, -1.000000000000000000 ) ) ;
#1360 = VERTEX_POINT ( 'NONE', #2380 ) ;
#1361 = DIRECTION ( 'NONE',  ( -1.000000000000000000, -0.000000000000000000, 0.000000000000000000 ) ) ;
#1362 = ORIENTED_EDGE ( 'NONE', *, *, #405, .T. ) ;
#1363 = EDGE_CURVE ( 'NONE', #292, #1970, #1620, .T. ) ;
#1364 = CARTESIAN_POINT ( 'NONE',  ( 24.34999999995806164, 11.59999999999735643, -27.99999999999998934 ) ) ;
#1365 = ORIENTED_EDGE ( 'NONE', *, *, #140, .T. ) ;
#1366 = ADVANCED_FACE ( 'NONE', ( #2176 ), #529, .T. ) ;
#1367 = CARTESIAN_POINT ( 'NONE',  ( -32.96838372995788546, 26.50000000000000000, 0.09999999999844161325 ) ) ;
#1368 = DIRECTION ( 'NONE',  ( 0.000000000000000000, 0.000000000000000000, -1.000000000000000000 ) ) ;
#1369 = LINE ( 'NONE', #2094, #1586 ) ;
#1370 = FACE_OUTER_BOUND ( 'NONE', #2381, .T. ) ;
#1371 = EDGE_LOOP ( 'NONE', ( #2000, #79, #646, #1580 ) ) ;
#1372 = FACE_OUTER_BOUND ( 'NONE', #2215, .T. ) ;
#1373 = ORIENTED_EDGE ( 'NONE', *, *, #1528, .T. ) ;
#1374 = DIRECTION ( 'NONE',  ( 0.000000000000000000, 0.000000000000000000, -1.000000000000000000 ) ) ;
#1375 = EDGE_CURVE ( 'NONE', #2195, #1423, #1473, .T. ) ;
#1376 = EDGE_LOOP ( 'NONE', ( #615, #413 ) ) ;
#1377 = FACE_OUTER_BOUND ( 'NONE', #2298, .T. ) ;
#1378 = ADVANCED_FACE ( 'NONE', ( #799 ), #34, .F. ) ;
#1379 = DIRECTION ( 'NONE',  ( -0.000000000000000000, -1.000000000000000000, -0.000000000000000000 ) ) ;
#1380 = DIRECTION ( 'NONE',  ( 0.000000000000000000, 0.000000000000000000, 1.000000000000000000 ) ) ;
#1381 = DIRECTION ( 'NONE',  ( 0.000000000000000000, 1.000000000000000000, 1.156482317317871478E-16 ) ) ;
#1382 = CARTESIAN_POINT ( 'NONE',  ( 0.000000000000000000, 26.50000000000000000, 0.000000000000000000 ) ) ;
#1383 = ORIENTED_EDGE ( 'NONE', *, *, #1417, .T. ) ;
#1384 = CARTESIAN_POINT ( 'NONE',  ( 6.149999999999737454, 16.59999999999728360, 59.14000000000000767 ) ) ;
#1385 = ORIENTED_EDGE ( 'NONE', *, *, #1073, .F. ) ;
#1386 = DIRECTION ( 'NONE',  ( -0.000000000000000000, -1.000000000000000000, 0.000000000000000000 ) ) ;
#1387 = ORIENTED_EDGE ( 'NONE', *, *, #165, .F. ) ;
#1388 = VECTOR ( 'NONE', #682, 1000.000000000000000 ) ;
#1389 = AXIS2_PLACEMENT_3D ( 'NONE', #257, #1914, #422 ) ;
#1390 = CIRCLE ( 'NONE', #1932, 1.600000000000004086 ) ;
#1391 = CYLINDRICAL_SURFACE ( 'NONE', #1781, 1.599999999999997202 ) ;
#1392 = CIRCLE ( 'NONE', #593, 1.600000000000002531 ) ;
#1393 = DIRECTION ( 'NONE',  ( -0.000000000000000000, -1.000000000000000000, -0.000000000000000000 ) ) ;
#1394 = CIRCLE ( 'NONE', #92, 1.650000000000000355 ) ;
#1395 = CIRCLE ( 'NONE', #440, 1.600000000000002531 ) ;
#1396 = EDGE_CURVE ( 'NONE', #251, #979, #1089, .T. ) ;
#1397 = CARTESIAN_POINT ( 'NONE',  ( 30.50000000000001421, -116.4999999999999858, -53.40000000000000568 ) ) ;
#1398 = ORIENTED_EDGE ( 'NONE', *, *, #607, .T. ) ;
#1399 = DIRECTION ( 'NONE',  ( 0.000000000000000000, 0.000000000000000000, 1.000000000000000000 ) ) ;
#1400 = EDGE_LOOP ( 'NONE', ( #1525, #1286 ) ) ;
#1401 = DIRECTION ( 'NONE',  ( 1.000000000000000000, 0.000000000000000000, 0.000000000000000000 ) ) ;
#1402 = EDGE_LOOP ( 'NONE', ( #277, #378 ) ) ;
#1403 = DIRECTION ( 'NONE',  ( 0.000000000000000000, 1.000000000000000000, 0.000000000000000000 ) ) ;
#1404 = CARTESIAN_POINT ( 'NONE',  ( 30.50000000000001421, 0.000000000000000000, -55.00000000000000711 ) ) ;
#1405 = DIRECTION ( 'NONE',  ( 1.000000000000000000, 0.000000000000000000, 0.000000000000000000 ) ) ;
#1406 = DIRECTION ( 'NONE',  ( 1.000000000000000000, 0.000000000000000000, 0.000000000000000000 ) ) ;
#1407 = FACE_OUTER_BOUND ( 'NONE', #990, .T. ) ;
#1408 = CARTESIAN_POINT ( 'NONE',  ( 7.799999999999737810, 16.59999999999728360, 34.14000000000000057 ) ) ;
#1409 = LINE ( 'NONE', #826, #551 ) ;
#1410 = EDGE_CURVE ( 'NONE', #774, #456, #1347, .T. ) ;
#1411 = ORIENTED_EDGE ( 'NONE', *, *, #408, .F. ) ;
#1412 = CARTESIAN_POINT ( 'NONE',  ( -30.50000000000001421, 3.500000000000000000, -56.60000000000000853 ) ) ;
#1413 = ORIENTED_EDGE ( 'NONE', *, *, #1734, .T. ) ;
#1414 = EDGE_CURVE ( 'NONE', #835, #83, #59, .T. ) ;
#1415 = CARTESIAN_POINT ( 'NONE',  ( -22.96838372995777533, 3.500000000000000000, 34.14000000000000057 ) ) ;
#1416 = DIRECTION ( 'NONE',  ( 0.000000000000000000, 0.000000000000000000, -1.000000000000000000 ) ) ;
#1417 = EDGE_CURVE ( 'NONE', #1644, #1829, #956, .T. ) ;
#1418 = DIRECTION ( 'NONE',  ( 0.000000000000000000, 0.000000000000000000, -1.000000000000000000 ) ) ;
#1419 = ORIENTED_EDGE ( 'NONE', *, *, #1417, .F. ) ;
#1420 = EDGE_LOOP ( 'NONE', ( #32, #1482, #1918, #1870, #738, #297, #21, #1868, #106, #1509 ) ) ;
#1421 = EDGE_CURVE ( 'NONE', #1676, #2002, #2362, .T. ) ;
#1422 = LINE ( 'NONE', #492, #2287 ) ;
#1423 = VERTEX_POINT ( 'NONE', #1144 ) ;
#1424 = DIRECTION ( 'NONE',  ( -0.000000000000000000, 1.000000000000000000, -0.000000000000000000 ) ) ;
#1425 = DIRECTION ( 'NONE',  ( 0.000000000000000000, 1.000000000000000000, 0.000000000000000000 ) ) ;
#1426 = DIRECTION ( 'NONE',  ( 0.000000000000000000, 0.000000000000000000, -1.000000000000000000 ) ) ;
#1427 = AXIS2_PLACEMENT_3D ( 'NONE', #2072, #1852, #373 ) ;
#1428 = PRESENTATION_LAYER_ASSIGNMENT (  '', '', ( #666 ) ) ;
#1429 = AXIS2_PLACEMENT_3D ( 'NONE', #1294, #372, #2032 ) ;
#1430 = VECTOR ( 'NONE', #2039, 1000.000000000000000 ) ;
#1431 = DIRECTION ( 'NONE',  ( 0.000000000000000000, 0.000000000000000000, -1.000000000000000000 ) ) ;
#1432 = VECTOR ( 'NONE', #1188, 1000.000000000000000 ) ;
#1433 = VECTOR ( 'NONE', #1524, 1000.000000000000000 ) ;
#1434 = VECTOR ( 'NONE', #2218, 1000.000000000000000 ) ;
#1435 = EDGE_LOOP ( 'NONE', ( #792, #428 ) ) ;
#1436 = EDGE_LOOP ( 'NONE', ( #1385, #2100, #1171, #272 ) ) ;
#1437 = DIRECTION ( 'NONE',  ( 0.7071067811865465735, -0.000000000000000000, -0.7071067811865485719 ) ) ;
#1438 = VERTEX_POINT ( 'NONE', #1543 ) ;
#1439 = ADVANCED_FACE ( 'NONE', ( #1172 ), #2260, .F. ) ;
#1440 = DIRECTION ( 'NONE',  ( 0.000000000000000000, 0.000000000000000000, -1.000000000000000000 ) ) ;
#1441 = DIRECTION ( 'NONE',  ( 1.000000000000000000, 0.000000000000000000, 0.000000000000000000 ) ) ;
#1442 = CARTESIAN_POINT ( 'NONE',  ( -7.500000000000003553, -126.4999999999999716, 5.899999999999997691 ) ) ;
#1443 = EDGE_CURVE ( 'NONE', #1210, #944, #386, .T. ) ;
#1444 = CARTESIAN_POINT ( 'NONE',  ( -32.96838372995788546, 3.500000000000000000, 34.14000000000000057 ) ) ;
#1445 = CARTESIAN_POINT ( 'NONE',  ( 22.14999999995703206, 21.59999999999735820, -14.49999999999998579 ) ) ;
#1446 = VERTEX_POINT ( 'NONE', #2285 ) ;
#1447 = EDGE_LOOP ( 'NONE', ( #824, #758 ) ) ;
#1448 = FACE_BOUND ( 'NONE', #2057, .T. ) ;
#1449 = ORIENTED_EDGE ( 'NONE', *, *, #1301, .F. ) ;
#1450 = CARTESIAN_POINT ( 'NONE',  ( -30.50000000000001421, -116.4999999999999858, -53.40000000000000568 ) ) ;
#1451 = ORIENTED_EDGE ( 'NONE', *, *, #2273, .T. ) ;
#1452 = DIRECTION ( 'NONE',  ( 0.000000000000000000, 0.000000000000000000, -1.000000000000000000 ) ) ;
#1453 = ADVANCED_FACE ( 'NONE', ( #2037, #1122, #1521 ), #2054, .F. ) ;
#1454 = PLANE ( 'NONE',  #632 ) ;
#1455 = FACE_OUTER_BOUND ( 'NONE', #1000, .T. ) ;
#1456 = ORIENTED_EDGE ( 'NONE', *, *, #955, .T. ) ;
#1457 = EDGE_LOOP ( 'NONE', ( #31, #1762, #188, #1750 ) ) ;
#1458 = CARTESIAN_POINT ( 'NONE',  ( -32.96838372995787836, 5.500000000000005329, -12.99999999999999112 ) ) ;
#1459 = ORIENTED_EDGE ( 'NONE', *, *, #2136, .F. ) ;
#1460 = DIRECTION ( 'NONE',  ( 0.000000000000000000, 1.000000000000000000, 0.000000000000000000 ) ) ;
#1461 = FACE_BOUND ( 'NONE', #182, .T. ) ;
#1462 = VECTOR ( 'NONE', #1215, 1000.000000000000000 ) ;
#1463 = DIRECTION ( 'NONE',  ( -0.000000000000000000, -1.000000000000000000, -0.000000000000000000 ) ) ;
#1464 = EDGE_CURVE ( 'NONE', #1133, #1698, #520, .T. ) ;
#1465 = AXIS2_PLACEMENT_3D ( 'NONE', #526, #719, #1050 ) ;
#1466 = VECTOR ( 'NONE', #2133, 1000.000000000000000 ) ;
#1467 = DIRECTION ( 'NONE',  ( -0.000000000000000000, 1.000000000000000000, -0.000000000000000000 ) ) ;
#1468 = CIRCLE ( 'NONE', #1278, 1.599999999999997202 ) ;
#1469 = VERTEX_POINT ( 'NONE', #775 ) ;
#1470 = AXIS2_PLACEMENT_3D ( 'NONE', #1692, #1911, #642 ) ;
#1471 = ORIENTED_EDGE ( 'NONE', *, *, #620, .T. ) ;
#1472 = EDGE_CURVE ( 'NONE', #1175, #570, #80, .T. ) ;
#1473 = CIRCLE ( 'NONE', #594, 1.599999999999997202 ) ;
#1474 = LINE ( 'NONE', #921, #1896 ) ;
#1475 = VERTEX_POINT ( 'NONE', #1677 ) ;
#1476 = DIRECTION ( 'NONE',  ( 0.000000000000000000, 1.000000000000000000, 0.000000000000000000 ) ) ;
#1477 = ORIENTED_EDGE ( 'NONE', *, *, #596, .T. ) ;
#1478 = DIRECTION ( 'NONE',  ( 1.000000000000000000, 0.000000000000000000, 0.000000000000000000 ) ) ;
#1479 = LINE ( 'NONE', #2059, #1274 ) ;
#1480 = EDGE_CURVE ( 'NONE', #1698, #1133, #665, .T. ) ;
#1481 = DIRECTION ( 'NONE',  ( 0.000000000000000000, 1.000000000000000000, 0.000000000000000000 ) ) ;
#1482 = ORIENTED_EDGE ( 'NONE', *, *, #1523, .F. ) ;
#1483 = ORIENTED_EDGE ( 'NONE', *, *, #458, .T. ) ;
#1484 = EDGE_CURVE ( 'NONE', #1764, #37, #1325, .T. ) ;
#1485 = FACE_BOUND ( 'NONE', #430, .T. ) ;
#1486 = ORIENTED_EDGE ( 'NONE', *, *, #1169, .T. ) ;
#1487 = DIRECTION ( 'NONE',  ( 0.000000000000000000, 0.000000000000000000, -1.000000000000000000 ) ) ;
#1488 = ORIENTED_EDGE ( 'NONE', *, *, #360, .F. ) ;
#1489 = LINE ( 'NONE', #2227, #1006 ) ;
#1490 = LINE ( 'NONE', #1139, #2324 ) ;
#1491 = CARTESIAN_POINT ( 'NONE',  ( -32.49999999999997158, 3.500000000000000000, 60.00000000000000711 ) ) ;
#1492 = ORIENTED_EDGE ( 'NONE', *, *, #447, .T. ) ;
#1493 = VERTEX_POINT ( 'NONE', #403 ) ;
#1494 = CARTESIAN_POINT ( 'NONE',  ( -32.50000000000000000, 3.500000000000000000, -59.99999999999999289 ) ) ;
#1495 = ORIENTED_EDGE ( 'NONE', *, *, #1971, .T. ) ;
#1496 = ADVANCED_FACE ( 'NONE', ( #250 ), #1877, .F. ) ;
#1497 = DIRECTION ( 'NONE',  ( -0.000000000000000000, -1.000000000000000000, 0.000000000000000000 ) ) ;
#1498 = EDGE_LOOP ( 'NONE', ( #538, #2198, #1449, #162 ) ) ;
#1499 = CARTESIAN_POINT ( 'NONE',  ( -15.50000000000001421, 3.500000000000000000, 53.40000000000001279 ) ) ;
#1500 = CARTESIAN_POINT ( 'NONE',  ( 32.49999999999999289, 28.49999999999999645, 34.14000000000000057 ) ) ;
#1501 = CARTESIAN_POINT ( 'NONE',  ( 7.499999999999996447, 0.000000000000000000, -5.900000000000000355 ) ) ;
#1502 = LINE ( 'NONE', #2244, #1046 ) ;
#1503 = ORIENTED_EDGE ( 'NONE', *, *, #1472, .T. ) ;
#1504 = VECTOR ( 'NONE', #1307, 1000.000000000000000 ) ;
#1505 = VECTOR ( 'NONE', #1803, 1000.000000000000000 ) ;
#1506 = ADVANCED_FACE ( 'NONE', ( #2064 ), #416, .F. ) ;
#1507 = AXIS2_PLACEMENT_3D ( 'NONE', #1655, #1827, #1078 ) ;
#1508 = CARTESIAN_POINT ( 'NONE',  ( 22.14999999995703917, 11.59999999999735643, -27.99999999999998934 ) ) ;
#1509 = ORIENTED_EDGE ( 'NONE', *, *, #753, .T. ) ;
#1510 = AXIS2_PLACEMENT_3D ( 'NONE', #940, #1672, #1330 ) ;
#1511 = AXIS2_PLACEMENT_3D ( 'NONE', #1031, #849, #1066 ) ;
#1512 = DIRECTION ( 'NONE',  ( 0.000000000000000000, -1.000000000000000000, -0.000000000000000000 ) ) ;
#1513 = ORIENTED_EDGE ( 'NONE', *, *, #175, .T. ) ;
#1514 = CARTESIAN_POINT ( 'NONE',  ( -32.96838372995788546, 26.50000000000000000, 18.09999999999843467 ) ) ;
#1515 = ADVANCED_FACE ( 'NONE', ( #1787, #116, #1917 ), #2317, .F. ) ;
#1516 = LINE ( 'NONE', #195, #356 ) ;
#1517 = DIRECTION ( 'NONE',  ( -1.000000000000000000, 0.000000000000000000, -1.471975796331614096E-16 ) ) ;
#1518 = LINE ( 'NONE', #609, #85 ) ;
#1519 = ORIENTED_EDGE ( 'NONE', *, *, #2, .F. ) ;
#1520 = VERTEX_POINT ( 'NONE', #1581 ) ;
#1521 = FACE_OUTER_BOUND ( 'NONE', #232, .T. ) ;
#1522 = ORIENTED_EDGE ( 'NONE', *, *, #2129, .F. ) ;
#1523 = EDGE_CURVE ( 'NONE', #190, #2286, #674, .T. ) ;
#1524 = DIRECTION ( 'NONE',  ( 0.000000000000000000, 1.000000000000000000, 0.000000000000000000 ) ) ;
#1525 = ORIENTED_EDGE ( 'NONE', *, *, #1683, .T. ) ;
#1526 = CARTESIAN_POINT ( 'NONE',  ( -27.34999999999995879, 11.59999999999735643, -12.99999999999998401 ) ) ;
#1527 = CARTESIAN_POINT ( 'NONE',  ( 30.50000000000001421, 3.500000000000000000, -53.40000000000000568 ) ) ;
#1528 = EDGE_CURVE ( 'NONE', #1864, #2164, #1310, .T. ) ;
#1529 = PLANE ( 'NONE',  #2005 ) ;
#1530 = DIRECTION ( 'NONE',  ( 1.000000000000000000, 0.000000000000000000, 0.000000000000000000 ) ) ;
#1531 = ORIENTED_EDGE ( 'NONE', *, *, #1552, .F. ) ;
#1532 = CARTESIAN_POINT ( 'NONE',  ( -15.50000000000001421, -116.4999999999999858, 56.60000000000000142 ) ) ;
#1533 = ORIENTED_EDGE ( 'NONE', *, *, #968, .F. ) ;
#1534 = CYLINDRICAL_SURFACE ( 'NONE', #1355, 2.200000000001020695 ) ;
#1535 = ORIENTED_EDGE ( 'NONE', *, *, #1837, .F. ) ;
#1536 = LINE ( 'NONE', #2254, #1589 ) ;
#1537 = CARTESIAN_POINT ( 'NONE',  ( 30.50000000000001421, 0.000000000000000000, 55.00000000000000711 ) ) ;
#1538 = DIRECTION ( 'NONE',  ( -0.000000000000000000, -1.000000000000000000, -0.000000000000000000 ) ) ;
#1539 = EDGE_CURVE ( 'NONE', #1029, #387, #1220, .T. ) ;
#1540 = ORIENTED_EDGE ( 'NONE', *, *, #1276, .F. ) ;
#1541 = AXIS2_PLACEMENT_3D ( 'NONE', #717, #335, #1976 ) ;
#1542 = VECTOR ( 'NONE', #1662, 1000.000000000000000 ) ;
#1543 = CARTESIAN_POINT ( 'NONE',  ( -25.14999999999923475, 21.59999999999735820, -12.99999999999998401 ) ) ;
#1544 = CIRCLE ( 'NONE', #511, 1.600000000000001643 ) ;
#1545 = EDGE_CURVE ( 'NONE', #2195, #585, #94, .T. ) ;
#1546 = ORIENTED_EDGE ( 'NONE', *, *, #1971, .F. ) ;
#1547 = CIRCLE ( 'NONE', #512, 1.600000000000001643 ) ;
#1548 = AXIS2_PLACEMENT_3D ( 'NONE', #605, #2069, #100 ) ;
#1549 = DIRECTION ( 'NONE',  ( 0.000000000000000000, 0.000000000000000000, -1.000000000000000000 ) ) ;
#1550 = ORIENTED_EDGE ( 'NONE', *, *, #1114, .F. ) ;
#1551 = AXIS2_PLACEMENT_3D ( 'NONE', #288, #2093, #1913 ) ;
#1552 = EDGE_CURVE ( 'NONE', #1654, #2177, #1017, .T. ) ;
#1553 = VECTOR ( 'NONE', #1869, 1000.000000000000000 ) ;
#1554 = PRODUCT_DEFINITION_CONTEXT ( 'detailed design', #196, 'design' ) ;
#1555 = VECTOR ( 'NONE', #1831, 1000.000000000000000 ) ;
#1556 = CARTESIAN_POINT ( 'NONE',  ( 15.50000000000001421, 3.500000000000000000, -53.40000000000001279 ) ) ;
#1557 = FACE_OUTER_BOUND ( 'NONE', #404, .T. ) ;
#1558 = CYLINDRICAL_SURFACE ( 'NONE', #129, 2.200000000001020695 ) ;
#1559 = CARTESIAN_POINT ( 'NONE',  ( -27.34999999999985221, 21.59999999999735820, 87.00000000000000000 ) ) ;
#1560 = ORIENTED_EDGE ( 'NONE', *, *, #69, .T. ) ;
#1561 = DIRECTION ( 'NONE',  ( 1.000000000000000000, 0.000000000000000000, 0.000000000000000000 ) ) ;
#1562 = EDGE_LOOP ( 'NONE', ( #7, #1742, #846, #1495, #462, #1362, #1788, #959, #1944, #743, #45, #501, #101, #2270, #402, #1135, #2088, #198, #115, #1686 ) ) ;
#1563 = EDGE_CURVE ( 'NONE', #876, #1246, #1230, .T. ) ;
#1564 = DIRECTION ( 'NONE',  ( 0.000000000000000000, 1.000000000000000000, 0.000000000000000000 ) ) ;
#1565 = ORIENTED_EDGE ( 'NONE', *, *, #1208, .T. ) ;
#1566 = CARTESIAN_POINT ( 'NONE',  ( -32.96838372995788546, 26.50000000000000000, 18.09999999999843467 ) ) ;
#1567 = DIRECTION ( 'NONE',  ( 0.000000000000000000, 0.000000000000000000, 1.000000000000000000 ) ) ;
#1568 = VERTEX_POINT ( 'NONE', #875 ) ;
#1569 = CARTESIAN_POINT ( 'NONE',  ( -30.50000000000001421, -116.4999999999999858, -55.00000000000000711 ) ) ;
#1570 = CARTESIAN_POINT ( 'NONE',  ( -32.96838372995788546, 26.50000000000000000, 0.09999999999844161325 ) ) ;
#1571 = ORIENTED_EDGE ( 'NONE', *, *, #1616, .F. ) ;
#1572 = CARTESIAN_POINT ( 'NONE',  ( -16.90000000000000213, 28.50000000000000000, 40.14000000000000767 ) ) ;
#1573 = VERTEX_POINT ( 'NONE', #282 ) ;
#1574 = LINE ( 'NONE', #306, #395 ) ;
#1575 = ORIENTED_EDGE ( 'NONE', *, *, #945, .F. ) ;
#1576 = EDGE_CURVE ( 'NONE', #979, #251, #283, .T. ) ;
#1577 = CARTESIAN_POINT ( 'NONE',  ( -7.500000000000003553, 0.000000000000000000, -7.500000000000000000 ) ) ;
#1578 = CARTESIAN_POINT ( 'NONE',  ( 7.499999999999996447, 3.500000000000003109, 7.500000000000003553 ) ) ;
#1579 = DIRECTION ( 'NONE',  ( 0.000000000000000000, 0.000000000000000000, 1.000000000000000000 ) ) ;
#1580 = ORIENTED_EDGE ( 'NONE', *, *, #1796, .F. ) ;
#1581 = CARTESIAN_POINT ( 'NONE',  ( -30.50000000000001421, 0.000000000000000000, 53.40000000000000568 ) ) ;
#1582 = ORIENTED_EDGE ( 'NONE', *, *, #2332, .F. ) ;
#1583 = CARTESIAN_POINT ( 'NONE',  ( -42.50000000000000711, 87.48490993466043619, 40.14000000000000767 ) ) ;
#1584 = ORIENTED_EDGE ( 'NONE', *, *, #1443, .F. ) ;
#1585 = AXIS2_PLACEMENT_3D ( 'NONE', #2137, #637, #294 ) ;
#1586 = VECTOR ( 'NONE', #1190, 1000.000000000000000 ) ;
#1587 = AXIS2_PLACEMENT_3D ( 'NONE', #2022, #2239, #1129 ) ;
#1588 = DIRECTION ( 'NONE',  ( 0.7071067811865485719, 0.000000000000000000, 0.7071067811865465735 ) ) ;
#1589 = VECTOR ( 'NONE', #2274, 1000.000000000000000 ) ;
#1590 = CARTESIAN_POINT ( 'NONE',  ( -32.96838372995788546, 26.50000000000000000, 0.09999999999844161325 ) ) ;
#1591 = CARTESIAN_POINT ( 'NONE',  ( -42.50000000000000711, 5.500000000000001776, 0.000000000000000000 ) ) ;
#1592 = ADVANCED_FACE ( 'NONE', ( #317 ), #453, .F. ) ;
#1593 = LINE ( 'NONE', #313, #2086 ) ;
#1594 = CARTESIAN_POINT ( 'NONE',  ( 19.94999999995600959, 21.59999999999735820, -14.49999999999998579 ) ) ;
#1595 = CARTESIAN_POINT ( 'NONE',  ( 15.50000000000001421, -116.4999999999999858, -55.00000000000000711 ) ) ;
#1596 = ORIENTED_EDGE ( 'NONE', *, *, #194, .F. ) ;
#1597 = EDGE_CURVE ( 'NONE', #2065, #2026, #1015, .T. ) ;
#1598 = FACE_OUTER_BOUND ( 'NONE', #1726, .T. ) ;
#1599 = ADVANCED_FACE ( 'NONE', ( #489 ), #105, .F. ) ;
#1600 = EDGE_LOOP ( 'NONE', ( #1123, #1691, #1880, #1878 ) ) ;
#1601 = CARTESIAN_POINT ( 'NONE',  ( 18.42999999999994287, 33.50000000000000000, -14.49999999999999112 ) ) ;
#1602 = PLANE ( 'NONE',  #201 ) ;
#1603 = DIRECTION ( 'NONE',  ( -0.000000000000000000, -1.000000000000000000, 0.000000000000000000 ) ) ;
#1604 = DIRECTION ( 'NONE',  ( -0.000000000000000000, -1.000000000000000000, -0.000000000000000000 ) ) ;
#1605 = ADVANCED_FACE ( 'NONE', ( #1372 ), #1752, .T. ) ;
#1606 = DIRECTION ( 'NONE',  ( 0.000000000000000000, 0.000000000000000000, -1.000000000000000000 ) ) ;
#1607 = ORIENTED_EDGE ( 'NONE', *, *, #1056, .T. ) ;
#1608 = CARTESIAN_POINT ( 'NONE',  ( 42.49999999999999289, 3.500000000000000000, -50.00000000000000711 ) ) ;
#1609 = ORIENTED_EDGE ( 'NONE', *, *, #1765, .F. ) ;
#1610 = DIRECTION ( 'NONE',  ( 0.000000000000000000, 1.000000000000000000, 0.000000000000000000 ) ) ;
#1611 = DIRECTION ( 'NONE',  ( 0.000000000000000000, 1.000000000000000000, 0.000000000000000000 ) ) ;
#1612 = ADVANCED_FACE ( 'NONE', ( #2306 ), #1054, .F. ) ;
#1613 = CARTESIAN_POINT ( 'NONE',  ( -15.50000000000001421, -116.4999999999999858, 55.00000000000000711 ) ) ;
#1614 = EDGE_CURVE ( 'NONE', #452, #1175, #1409, .T. ) ;
#1615 = CARTESIAN_POINT ( 'NONE',  ( -15.50000000000001421, -116.4999999999999858, -55.00000000000000711 ) ) ;
#1616 = EDGE_CURVE ( 'NONE', #424, #2323, #647, .T. ) ;
#1617 = ORIENTED_EDGE ( 'NONE', *, *, #33, .F. ) ;
#1618 = VERTEX_POINT ( 'NONE', #2107 ) ;
#1619 = EDGE_CURVE ( 'NONE', #1269, #527, #905, .T. ) ;
#1620 = LINE ( 'NONE', #712, #1631 ) ;
#1621 = ORIENTED_EDGE ( 'NONE', *, *, #893, .T. ) ;
#1622 = UNCERTAINTY_MEASURE_WITH_UNIT (LENGTH_MEASURE( 1.000000000000000082E-05 ), #1758, 'distance_accuracy_value', 'NONE');
#1623 = DIRECTION ( 'NONE',  ( 0.000000000000000000, 1.000000000000000000, 0.000000000000000000 ) ) ;
#1624 = CARTESIAN_POINT ( 'NONE',  ( 32.49999999999999289, 3.500000000000000000, 34.14000000000000057 ) ) ;
#1625 = VECTOR ( 'NONE', #1713, 1000.000000000000000 ) ;
#1626 = AXIS2_PLACEMENT_3D ( 'NONE', #1569, #2303, #2082 ) ;
#1627 = VECTOR ( 'NONE', #1359, 1000.000000000000000 ) ;
#1628 = AXIS2_PLACEMENT_3D ( 'NONE', #906, #1623, #217 ) ;
#1629 = PLANE ( 'NONE',  #933 ) ;
#1630 = FACE_BOUND ( 'NONE', #446, .T. ) ;
#1631 = VECTOR ( 'NONE', #1437, 1000.000000000000000 ) ;
#1632 = AXIS2_PLACEMENT_3D ( 'NONE', #234, #966, #1702 ) ;
#1633 = ORIENTED_EDGE ( 'NONE', *, *, #2167, .F. ) ;
#1634 = ORIENTED_EDGE ( 'NONE', *, *, #471, .F. ) ;
#1635 = DIRECTION ( 'NONE',  ( 0.000000000000000000, 0.000000000000000000, 1.000000000000000000 ) ) ;
#1636 = ORIENTED_EDGE ( 'NONE', *, *, #1335, .T. ) ;
#1637 = EDGE_CURVE ( 'NONE', #2252, #1858, #855, .T. ) ;
#1638 = LINE ( 'NONE', #2360, #818 ) ;
#1639 = VERTEX_POINT ( 'NONE', #1962 ) ;
#1640 = CARTESIAN_POINT ( 'NONE',  ( -15.50000000000001421, -116.4999999999999858, -55.00000000000000711 ) ) ;
#1641 = DIRECTION ( 'NONE',  ( 0.000000000000000000, 0.000000000000000000, -1.000000000000000000 ) ) ;
#1642 = DIRECTION ( 'NONE',  ( 0.000000000000000000, 0.000000000000000000, -1.000000000000000000 ) ) ;
#1643 = VERTEX_POINT ( 'NONE', #2144 ) ;
#1644 = VERTEX_POINT ( 'NONE', #1591 ) ;
#1645 = DIRECTION ( 'NONE',  ( -0.000000000000000000, 1.000000000000000000, -0.000000000000000000 ) ) ;
#1646 = EDGE_LOOP ( 'NONE', ( #732, #528, #467, #621 ) ) ;
#1647 = CARTESIAN_POINT ( 'NONE',  ( 39.73676745987322079, 33.50000000000000000, -27.99999999999998934 ) ) ;
#1648 = EDGE_CURVE ( 'NONE', #305, #769, #124, .T. ) ;
#1649 = FACE_BOUND ( 'NONE', #1400, .T. ) ;
#1650 = PLANE ( 'NONE',  #1429 ) ;
#1651 = ORIENTED_EDGE ( 'NONE', *, *, #2221, .T. ) ;
#1652 = ORIENTED_EDGE ( 'NONE', *, *, #447, .F. ) ;
#1653 = DIRECTION ( 'NONE',  ( -0.000000000000000000, 1.000000000000000000, -0.000000000000000000 ) ) ;
#1654 = VERTEX_POINT ( 'NONE', #1227 ) ;
#1655 = CARTESIAN_POINT ( 'NONE',  ( 22.14999999995703206, 21.59999999999735820, -27.99999999999998934 ) ) ;
#1656 = CARTESIAN_POINT ( 'NONE',  ( -27.34999999999985221, 21.59999999999735820, -12.99999999999998401 ) ) ;
#1657 = AXIS2_PLACEMENT_3D ( 'NONE', #1757, #1393, #112 ) ;
#1658 = DIRECTION ( 'NONE',  ( -1.000000000000000000, -0.000000000000000000, 0.000000000000000000 ) ) ;
#1659 = AXIS2_PLACEMENT_3D ( 'NONE', #2183, #873, #1997 ) ;
#1660 = AXIS2_PLACEMENT_3D ( 'NONE', #618, #1343, #2291 ) ;
#1661 = EDGE_CURVE ( 'NONE', #1016, #2164, #312, .T. ) ;
#1662 = DIRECTION ( 'NONE',  ( -0.000000000000000000, -1.000000000000000000, 0.000000000000000000 ) ) ;
#1663 = AXIS2_PLACEMENT_3D ( 'NONE', #1115, #926, #398 ) ;
#1664 = ORIENTED_EDGE ( 'NONE', *, *, #136, .F. ) ;
#1665 = VECTOR ( 'NONE', #2030, 1000.000000000000000 ) ;
#1666 = ORIENTED_EDGE ( 'NONE', *, *, #490, .F. ) ;
#1667 = VECTOR ( 'NONE', #429, 1000.000000000000000 ) ;
#1668 = CARTESIAN_POINT ( 'NONE',  ( -32.96838372995788546, 3.500000000000000000, 24.14000000000000767 ) ) ;
#1669 = ORIENTED_EDGE ( 'NONE', *, *, #1845, .F. ) ;
#1670 = CARTESIAN_POINT ( 'NONE',  ( 7.499999999999996447, -126.4999999999999716, -5.900000000000001243 ) ) ;
#1671 = FACE_BOUND ( 'NONE', #359, .T. ) ;
#1672 = DIRECTION ( 'NONE',  ( -0.000000000000000000, 1.000000000000000000, -0.000000000000000000 ) ) ;
#1673 = DIRECTION ( 'NONE',  ( 0.000000000000000000, 0.000000000000000000, -1.000000000000000000 ) ) ;
#1674 = VERTEX_POINT ( 'NONE', #230 ) ;
#1675 = EDGE_CURVE ( 'NONE', #190, #1654, #1684, .T. ) ;
#1676 = VERTEX_POINT ( 'NONE', #55 ) ;
#1677 = CARTESIAN_POINT ( 'NONE',  ( 9.449999999999738165, 16.59999999999728360, 34.14000000000000057 ) ) ;
#1678 = ORIENTED_EDGE ( 'NONE', *, *, #2247, .F. ) ;
#1679 = CARTESIAN_POINT ( 'NONE',  ( -23.43676745991574961, 33.50000000000000000, -27.99999999999998934 ) ) ;
#1680 = ORIENTED_EDGE ( 'NONE', *, *, #120, .F. ) ;
#1681 = CARTESIAN_POINT ( 'NONE',  ( -32.50000000000000000, 3.500000000000000000, -59.99999999999999289 ) ) ;
#1682 = FACE_OUTER_BOUND ( 'NONE', #1065, .T. ) ;
#1683 = EDGE_CURVE ( 'NONE', #929, #1716, #1815, .T. ) ;
#1684 = LINE ( 'NONE', #2024, #352 ) ;
#1685 = DIRECTION ( 'NONE',  ( -0.000000000000000000, -1.000000000000000000, -0.000000000000000000 ) ) ;
#1686 = ORIENTED_EDGE ( 'NONE', *, *, #408, .T. ) ;
#1687 = DIRECTION ( 'NONE',  ( 0.000000000000000000, 0.000000000000000000, -1.000000000000000000 ) ) ;
#1688 = ORIENTED_EDGE ( 'NONE', *, *, #2136, .T. ) ;
#1689 = EDGE_CURVE ( 'NONE', #476, #1755, #1735, .T. ) ;
#1690 = CARTESIAN_POINT ( 'NONE',  ( 32.49999999999999289, 28.49999999999999645, 24.13999999999989754 ) ) ;
#1691 = ORIENTED_EDGE ( 'NONE', *, *, #2040, .F. ) ;
#1692 = CARTESIAN_POINT ( 'NONE',  ( 7.499999999999996447, 0.000000000000000000, 7.500000000000003553 ) ) ;
#1693 = DIRECTION ( 'NONE',  ( 0.000000000000000000, 1.000000000000000000, 0.000000000000000000 ) ) ;
#1694 = CIRCLE ( 'NONE', #664, 1.599999999999997202 ) ;
#1695 = CARTESIAN_POINT ( 'NONE',  ( 19.94999999995602025, 11.59999999999735643, -27.99999999999998934 ) ) ;
#1696 = CARTESIAN_POINT ( 'NONE',  ( -42.50000000000000711, 3.500000000000000000, -49.99999999999995737 ) ) ;
#1697 = VERTEX_POINT ( 'NONE', #2061 ) ;
#1698 = VERTEX_POINT ( 'NONE', #20 ) ;
#1699 = VECTOR ( 'NONE', #612, 1000.000000000000000 ) ;
#1700 = VECTOR ( 'NONE', #1080, 1000.000000000000000 ) ;
#1701 = CIRCLE ( 'NONE', #936, 2.200000000000718714 ) ;
#1702 = DIRECTION ( 'NONE',  ( 0.000000000000000000, 0.000000000000000000, -1.000000000000000000 ) ) ;
#1703 = VERTEX_POINT ( 'NONE', #772 ) ;
#1704 = VECTOR ( 'NONE', #82, 1000.000000000000000 ) ;
#1705 = DIRECTION ( 'NONE',  ( 0.000000000000000000, 1.000000000000000000, 0.000000000000000000 ) ) ;
#1706 = ORIENTED_EDGE ( 'NONE', *, *, #2129, .T. ) ;
#1707 = EDGE_CURVE ( 'NONE', #1618, #2342, #212, .T. ) ;
#1708 = DIRECTION ( 'NONE',  ( 1.000000000000000000, 0.000000000000000000, 0.000000000000000000 ) ) ;
#1709 = DIRECTION ( 'NONE',  ( -0.000000000000000000, -1.000000000000000000, -0.000000000000000000 ) ) ;
#1710 = DIRECTION ( 'NONE',  ( 0.000000000000000000, 1.000000000000000000, 0.000000000000000000 ) ) ;
#1711 = DIRECTION ( 'NONE',  ( 1.000000000000000000, 0.000000000000000000, 0.000000000000000000 ) ) ;
#1712 = VERTEX_POINT ( 'NONE', #1491 ) ;
#1713 = DIRECTION ( 'NONE',  ( 0.000000000000000000, 1.000000000000000000, 0.000000000000000000 ) ) ;
#1714 = ORIENTED_EDGE ( 'NONE', *, *, #2036, .T. ) ;
#1715 = LINE ( 'NONE', #2271, #1704 ) ;
#1716 = VERTEX_POINT ( 'NONE', #1501 ) ;
#1717 = EDGE_CURVE ( 'NONE', #2187, #2135, #2248, .T. ) ;
#1718 = FACE_BOUND ( 'NONE', #2063, .T. ) ;
#1719 = CARTESIAN_POINT ( 'NONE',  ( 7.499999999999996447, 3.500000000000000000, -7.500000000000003553 ) ) ;
#1720 = EDGE_CURVE ( 'NONE', #37, #452, #1131, .T. ) ;
#1721 = CARTESIAN_POINT ( 'NONE',  ( 22.50000000000000355, 28.49999999999999645, 34.14000000000000057 ) ) ;
#1722 = LINE ( 'NONE', #78, #127 ) ;
#1723 = ORIENTED_EDGE ( 'NONE', *, *, #1090, .T. ) ;
#1724 = EDGE_CURVE ( 'NONE', #1438, #2135, #2048, .T. ) ;
#1725 = DIRECTION ( 'NONE',  ( 0.000000000000000000, 0.000000000000000000, 1.000000000000000000 ) ) ;
#1726 = EDGE_LOOP ( 'NONE', ( #1669, #2369, #2223, #964 ) ) ;
#1727 = EDGE_CURVE ( 'NONE', #1118, #456, #737, .T. ) ;
#1728 = DIRECTION ( 'NONE',  ( 1.000000000000000000, 0.000000000000000000, 0.000000000000000000 ) ) ;
#1729 = ORIENTED_EDGE ( 'NONE', *, *, #146, .F. ) ;
#1730 = CARTESIAN_POINT ( 'NONE',  ( -32.96838372995787836, 5.500000000000001776, -12.99999999999999112 ) ) ;
#1731 = LINE ( 'NONE', #796, #274 ) ;
#1732 = DIRECTION ( 'NONE',  ( 0.000000000000000000, 0.000000000000000000, -1.000000000000000000 ) ) ;
#1733 = EDGE_LOOP ( 'NONE', ( #1798, #1550, #1723, #1522 ) ) ;
#1734 = EDGE_CURVE ( 'NONE', #549, #1173, #1296, .T. ) ;
#1735 = CIRCLE ( 'NONE', #2172, 2.200000000001020695 ) ;
#1736 = DIRECTION ( 'NONE',  ( 0.7071067811865485719, -0.000000000000000000, 0.7071067811865465735 ) ) ;
#1737 = VECTOR ( 'NONE', #581, 1000.000000000000000 ) ;
#1738 = ORIENTED_EDGE ( 'NONE', *, *, #764, .F. ) ;
#1739 = AXIS2_PLACEMENT_3D ( 'NONE', #1770, #1604, #860 ) ;
#1740 = AXIS2_PLACEMENT_3D ( 'NONE', #1526, #1187, #1148 ) ;
#1741 = CARTESIAN_POINT ( 'NONE',  ( 32.50000000000000000, 26.50000000000000000, 0.09999999999844377818 ) ) ;
#1742 = ORIENTED_EDGE ( 'NONE', *, *, #1288, .T. ) ;
#1743 = VECTOR ( 'NONE', #242, 1000.000000000000114 ) ;
#1744 = AXIS2_PLACEMENT_3D ( 'NONE', #867, #2139, #1374 ) ;
#1745 = VECTOR ( 'NONE', #1154, 1000.000000000000000 ) ;
#1746 = CARTESIAN_POINT ( 'NONE',  ( -29.55000000000067573, 11.59999999999735643, 87.00000000000000000 ) ) ;
#1747 = ORIENTED_EDGE ( 'NONE', *, *, #1576, .F. ) ;
#1748 = LINE ( 'NONE', #1903, #318 ) ;
#1749 = DIRECTION ( 'NONE',  ( 0.000000000000000000, 0.000000000000000000, 1.000000000000000000 ) ) ;
#1750 = ORIENTED_EDGE ( 'NONE', *, *, #1619, .T. ) ;
#1751 = EDGE_CURVE ( 'NONE', #549, #1956, #786, .T. ) ;
#1752 = PLANE ( 'NONE',  #1273 ) ;
#1753 = VERTEX_POINT ( 'NONE', #963 ) ;
#1754 = DIRECTION ( 'NONE',  ( 0.000000000000000000, 1.000000000000000000, 0.000000000000000000 ) ) ;
#1755 = VERTEX_POINT ( 'NONE', #30 ) ;
#1756 = DIRECTION ( 'NONE',  ( 0.000000000000000000, 1.000000000000000000, 0.000000000000000000 ) ) ;
#1757 = CARTESIAN_POINT ( 'NONE',  ( 7.499999999999996447, 3.500000000000000000, -7.500000000000003553 ) ) ;
#1758 =( LENGTH_UNIT ( ) NAMED_UNIT ( * ) SI_UNIT ( .MILLI., .METRE. ) );
#1759 = CARTESIAN_POINT ( 'NONE',  ( 22.14999999995703917, 11.59999999999735643, 87.00000000000000000 ) ) ;
#1760 = ORIENTED_EDGE ( 'NONE', *, *, #487, .F. ) ;
#1761 = DIRECTION ( 'NONE',  ( 0.000000000000000000, 0.000000000000000000, -1.000000000000000000 ) ) ;
#1762 = ORIENTED_EDGE ( 'NONE', *, *, #1169, .F. ) ;
#1763 = CARTESIAN_POINT ( 'NONE',  ( -27.34999999999995879, 11.59999999999735643, -12.99999999999998401 ) ) ;
#1764 = VERTEX_POINT ( 'NONE', #1696 ) ;
#1765 = EDGE_CURVE ( 'NONE', #476, #251, #1518, .T. ) ;
#1766 = LINE ( 'NONE', #2347, #1200 ) ;
#1767 = DIRECTION ( 'NONE',  ( 0.000000000000000000, -1.000000000000000000, 0.000000000000000000 ) ) ;
#1768 = CYLINDRICAL_SURFACE ( 'NONE', #1158, 2.200000000000618350 ) ;
#1769 = CARTESIAN_POINT ( 'NONE',  ( 39.73676745987322079, 3.500000000000000000, -27.99999999999998579 ) ) ;
#1770 = CARTESIAN_POINT ( 'NONE',  ( 15.50000000000001421, 3.500000000000000000, -55.00000000000000711 ) ) ;
#1771 = EDGE_CURVE ( 'NONE', #835, #11, #472, .T. ) ;
#1772 = DIRECTION ( 'NONE',  ( -1.426581805901979635E-16, 0.000000000000000000, 1.000000000000000000 ) ) ;
#1773 = VERTEX_POINT ( 'NONE', #1151 ) ;
#1774 = VECTOR ( 'NONE', #1380, 1000.000000000000000 ) ;
#1775 = DIRECTION ( 'NONE',  ( 0.000000000000000000, 1.000000000000000000, 0.000000000000000000 ) ) ;
#1776 = VERTEX_POINT ( 'NONE', #1106 ) ;
#1777 = AXIS2_PLACEMENT_3D ( 'NONE', #1382, #302, #845 ) ;
#1778 = AXIS2_PLACEMENT_3D ( 'NONE', #2330, #1963, #525 ) ;
#1779 = CIRCLE ( 'NONE', #1551, 1.600000000000004086 ) ;
#1780 = DIRECTION ( 'NONE',  ( 0.000000000000000000, 0.000000000000000000, -1.000000000000000000 ) ) ;
#1781 = AXIS2_PLACEMENT_3D ( 'NONE', #879, #1610, #484 ) ;
#1782 = EDGE_CURVE ( 'NONE', #464, #519, #388, .T. ) ;
#1783 = DIRECTION ( 'NONE',  ( 0.000000000000000000, 0.000000000000000000, -1.000000000000000000 ) ) ;
#1784 = AXIS2_PLACEMENT_3D ( 'NONE', #948, #61, #590 ) ;
#1785 = LINE ( 'NONE', #141, #1049 ) ;
#1786 = DIRECTION ( 'NONE',  ( 0.000000000000000000, -1.000000000000000000, 0.000000000000000000 ) ) ;
#1787 = FACE_BOUND ( 'NONE', #2295, .T. ) ;
#1788 = ORIENTED_EDGE ( 'NONE', *, *, #1552, .T. ) ;
#1789 = CARTESIAN_POINT ( 'NONE',  ( 7.499999999999996447, 3.500000000000003109, 5.900000000000001243 ) ) ;
#1790 = EDGE_LOOP ( 'NONE', ( #1954, #2092, #1875, #513 ) ) ;
#1791 = CYLINDRICAL_SURFACE ( 'NONE', #2321, 1.600000000000002531 ) ;
#1792 = DIRECTION ( 'NONE',  ( 0.000000000000000000, 1.000000000000000000, 0.000000000000000000 ) ) ;
#1793 = EDGE_CURVE ( 'NONE', #2263, #1618, #1928, .T. ) ;
#1794 = FACE_OUTER_BOUND ( 'NONE', #577, .T. ) ;
#1795 = DIRECTION ( 'NONE',  ( 0.000000000000000000, 0.000000000000000000, 1.000000000000000000 ) ) ;
#1796 = EDGE_CURVE ( 'NONE', #1423, #967, #583, .T. ) ;
#1797 = ORIENTED_EDGE ( 'NONE', *, *, #2, .T. ) ;
#1798 = ORIENTED_EDGE ( 'NONE', *, *, #1661, .F. ) ;
#1799 = DIRECTION ( 'NONE',  ( 1.426581805901979635E-16, 0.000000000000000000, -1.000000000000000000 ) ) ;
#1800 = ORIENTED_EDGE ( 'NONE', *, *, #803, .F. ) ;
#1801 = DIRECTION ( 'NONE',  ( -1.000000000000000000, 0.000000000000000000, 0.000000000000000000 ) ) ;
#1802 = LINE ( 'NONE', #533, #1930 ) ;
#1803 = DIRECTION ( 'NONE',  ( 0.000000000000000000, 0.000000000000000000, -1.000000000000000000 ) ) ;
#1804 = FACE_OUTER_BOUND ( 'NONE', #2110, .T. ) ;
#1805 = ORIENTED_EDGE ( 'NONE', *, *, #2090, .F. ) ;
#1806 = EDGE_CURVE ( 'NONE', #1712, #1156, #563, .T. ) ;
#1807 = EDGE_LOOP ( 'NONE', ( #648, #2267, #2352, #2140 ) ) ;
#1808 = DIRECTION ( 'NONE',  ( 0.000000000000000000, -1.000000000000000000, 0.000000000000000000 ) ) ;
#1809 = ORIENTED_EDGE ( 'NONE', *, *, #33, .T. ) ;
#1810 = PRODUCT_DEFINITION_SHAPE ( 'NONE', 'NONE',  #233 ) ;
#1811 = FACE_BOUND ( 'NONE', #2113, .T. ) ;
#1812 = CARTESIAN_POINT ( 'NONE',  ( 30.50000000000001421, -116.4999999999999858, -55.00000000000000711 ) ) ;
#1813 = EDGE_LOOP ( 'NONE', ( #425, #900, #813, #1680 ) ) ;
#1814 = FACE_OUTER_BOUND ( 'NONE', #739, .T. ) ;
#1815 = CIRCLE ( 'NONE', #1889, 1.600000000000001643 ) ;
#1816 = CIRCLE ( 'NONE', #1972, 1.599999999999997202 ) ;
#1817 = AXIS2_PLACEMENT_3D ( 'NONE', #830, #1320, #2058 ) ;
#1818 = LINE ( 'NONE', #28, #1351 ) ;
#1819 = DIRECTION ( 'NONE',  ( 0.000000000000000000, 1.000000000000000000, 0.000000000000000000 ) ) ;
#1820 = AXIS2_PLACEMENT_3D ( 'NONE', #2142, #2338, #1225 ) ;
#1821 = AXIS2_PLACEMENT_3D ( 'NONE', #789, #70, #1313 ) ;
#1822 = ORIENTED_EDGE ( 'NONE', *, *, #1563, .F. ) ;
#1823 = EDGE_LOOP ( 'NONE', ( #943, #918, #1233, #1966 ) ) ;
#1824 = EDGE_CURVE ( 'NONE', #670, #2258, #400, .T. ) ;
#1825 = FACE_OUTER_BOUND ( 'NONE', #1562, .T. ) ;
#1826 = ORIENTED_EDGE ( 'NONE', *, *, #1346, .T. ) ;
#1827 = DIRECTION ( 'NONE',  ( -0.000000000000000000, -0.000000000000000000, 1.000000000000000000 ) ) ;
#1828 = CYLINDRICAL_SURFACE ( 'NONE', #1587, 1.600000000000004086 ) ;
#1829 = VERTEX_POINT ( 'NONE', #1026 ) ;
#1830 = ORIENTED_EDGE ( 'NONE', *, *, #2284, .F. ) ;
#1831 = DIRECTION ( 'NONE',  ( 1.000000000000000000, 0.000000000000000000, 0.000000000000000000 ) ) ;
#1832 = ORIENTED_EDGE ( 'NONE', *, *, #415, .T. ) ;
#1833 = CARTESIAN_POINT ( 'NONE',  ( -42.50000000000000711, 0.000000000000000000, -59.99999999999999289 ) ) ;
#1834 = ADVANCED_FACE ( 'NONE', ( #66 ), #2134, .F. ) ;
#1835 = DIRECTION ( 'NONE',  ( 1.000000000000000000, 0.000000000000000000, 0.000000000000000000 ) ) ;
#1836 = LINE ( 'NONE', #39, #555 ) ;
#1837 = EDGE_CURVE ( 'NONE', #575, #1493, #1217, .T. ) ;
#1838 = DIRECTION ( 'NONE',  ( 0.000000000000000000, 0.000000000000000000, -1.000000000000000000 ) ) ;
#1839 = ORIENTED_EDGE ( 'NONE', *, *, #1793, .T. ) ;
#1840 = ORIENTED_EDGE ( 'NONE', *, *, #46, .T. ) ;
#1841 = FACE_BOUND ( 'NONE', #157, .T. ) ;
#1842 = EDGE_LOOP ( 'NONE', ( #270, #1300 ) ) ;
#1843 = FACE_OUTER_BOUND ( 'NONE', #1202, .T. ) ;
#1844 = VECTOR ( 'NONE', #1783, 1000.000000000000000 ) ;
#1845 = EDGE_CURVE ( 'NONE', #2096, #1773, #861, .T. ) ;
#1846 = AXIS2_PLACEMENT_3D ( 'NONE', #2294, #1606, #1561 ) ;
#1847 = FACE_BOUND ( 'NONE', #720, .T. ) ;
#1848 = VECTOR ( 'NONE', #397, 1000.000000000000000 ) ;
#1849 = LINE ( 'NONE', #606, #1011 ) ;
#1850 = AXIS2_PLACEMENT_3D ( 'NONE', #1759, #1732, #1943 ) ;
#1851 = AXIS2_PLACEMENT_3D ( 'NONE', #680, #1403, #2141 ) ;
#1852 = DIRECTION ( 'NONE',  ( -0.000000000000000000, 1.000000000000000000, -0.000000000000000000 ) ) ;
#1853 = DIRECTION ( 'NONE',  ( -0.000000000000000000, 1.000000000000000000, -0.000000000000000000 ) ) ;
#1854 = AXIS2_PLACEMENT_3D ( 'NONE', #2345, #1775, #133 ) ;
#1855 = ORIENTED_EDGE ( 'NONE', *, *, #2268, .F. ) ;
#1856 = VECTOR ( 'NONE', #2333, 1000.000000000000000 ) ;
#1857 = CARTESIAN_POINT ( 'NONE',  ( 24.73676745987322434, 33.50000000000000000, -14.49999999999999112 ) ) ;
#1858 = VERTEX_POINT ( 'NONE', #103 ) ;
#1859 = DIRECTION ( 'NONE',  ( 0.000000000000000000, 1.000000000000000000, 0.000000000000000000 ) ) ;
#1860 = ORIENTED_EDGE ( 'NONE', *, *, #69, .F. ) ;
#1861 = CARTESIAN_POINT ( 'NONE',  ( -7.500000000000003553, 3.500000000000003109, 9.100000000000001421 ) ) ;
#1862 = DIRECTION ( 'NONE',  ( 0.000000000000000000, 0.000000000000000000, 1.000000000000000000 ) ) ;
#1863 = CARTESIAN_POINT ( 'NONE',  ( 22.14999999995703917, 11.59999999999735643, -14.49999999999998579 ) ) ;
#1864 = VERTEX_POINT ( 'NONE', #2095 ) ;
#1865 = EDGE_LOOP ( 'NONE', ( #1531, #1147, #147, #2073 ) ) ;
#1866 = EDGE_CURVE ( 'NONE', #2135, #2187, #432, .T. ) ;
#1867 = DIRECTION ( 'NONE',  ( 0.000000000000000000, 0.000000000000000000, 1.000000000000000000 ) ) ;
#1868 = ORIENTED_EDGE ( 'NONE', *, *, #2296, .F. ) ;
#1869 = DIRECTION ( 'NONE',  ( -1.000000000000000000, 0.000000000000000000, 0.000000000000000000 ) ) ;
#1870 = ORIENTED_EDGE ( 'NONE', *, *, #1189, .T. ) ;
#1871 = CARTESIAN_POINT ( 'NONE',  ( 7.499999999999996447, 0.000000000000000000, 9.100000000000004974 ) ) ;
#1872 = DIRECTION ( 'NONE',  ( -1.000000000000000000, -0.000000000000000000, 0.000000000000000000 ) ) ;
#1873 = DIRECTION ( 'NONE',  ( -0.000000000000000000, -1.000000000000000000, 0.000000000000000000 ) ) ;
#1874 = ORIENTED_EDGE ( 'NONE', *, *, #840, .T. ) ;
#1875 = ORIENTED_EDGE ( 'NONE', *, *, #1464, .F. ) ;
#1876 = ADVANCED_FACE ( 'NONE', ( #1953 ), #2266, .F. ) ;
#1877 = CYLINDRICAL_SURFACE ( 'NONE', #1083, 1.599999999999997202 ) ;
#1878 = ORIENTED_EDGE ( 'NONE', *, *, #2060, .F. ) ;
#1879 = CARTESIAN_POINT ( 'NONE',  ( -7.500000000000003553, 0.000000000000000000, -5.899999999999997691 ) ) ;
#1880 = ORIENTED_EDGE ( 'NONE', *, *, #1796, .T. ) ;
#1881 = DIRECTION ( 'NONE',  ( 0.000000000000000000, 0.000000000000000000, -1.000000000000000000 ) ) ;
#1882 = CARTESIAN_POINT ( 'NONE',  ( -32.96838372995788546, 28.49999999999999645, 34.14000000000000057 ) ) ;
#1883 = EDGE_CURVE ( 'NONE', #811, #2187, #439, .T. ) ;
#1884 = AXIS2_PLACEMENT_3D ( 'NONE', #584, #1853, #2050 ) ;
#1885 = DIRECTION ( 'NONE',  ( 0.000000000000000000, 0.000000000000000000, 1.000000000000000000 ) ) ;
#1886 = DIRECTION ( 'NONE',  ( 1.000000000000000000, 0.000000000000000000, 0.000000000000000000 ) ) ;
#1887 = EDGE_LOOP ( 'NONE', ( #766, #2334, #2035, #600 ) ) ;
#1888 = ORIENTED_EDGE ( 'NONE', *, *, #1414, .F. ) ;
#1889 = AXIS2_PLACEMENT_3D ( 'NONE', #598, #928, #41 ) ;
#1890 = CIRCLE ( 'NONE', #589, 1.600000000000002531 ) ;
#1891 = VECTOR ( 'NONE', #475, 1000.000000000000000 ) ;
#1892 = AXIS2_PLACEMENT_3D ( 'NONE', #701, #334, #1199 ) ;
#1893 = DIRECTION ( 'NONE',  ( 0.7071067811865465735, -0.000000000000000000, -0.7071067811865485719 ) ) ;
#1894 = EDGE_LOOP ( 'NONE', ( #1314, #56 ) ) ;
#1895 = CIRCLE ( 'NONE', #394, 1.599999999999997202 ) ;
#1896 = VECTOR ( 'NONE', #2212, 1000.000000000000000 ) ;
#1897 = EDGE_CURVE ( 'NONE', #519, #464, #2202, .T. ) ;
#1898 = CARTESIAN_POINT ( 'NONE',  ( -15.50000000000001421, 3.500000000000000000, 55.00000000000000711 ) ) ;
#1899 = VERTEX_POINT ( 'NONE', #1570 ) ;
#1900 = ADVANCED_FACE ( 'NONE', ( #1370 ), #461, .T. ) ;
#1901 = CARTESIAN_POINT ( 'NONE',  ( -30.50000000000001421, 0.000000000000000000, -55.00000000000000711 ) ) ;
#1902 = CARTESIAN_POINT ( 'NONE',  ( -32.96838372995788546, 3.500000000000000000, 18.09999999999843467 ) ) ;
#1903 = CARTESIAN_POINT ( 'NONE',  ( 42.49999999999999289, 3.500000000000000000, -59.99999999999999289 ) ) ;
#1904 = CARTESIAN_POINT ( 'NONE',  ( -15.50000000000001421, 3.500000000000000000, -53.40000000000001279 ) ) ;
#1905 = ORIENTED_EDGE ( 'NONE', *, *, #2196, .T. ) ;
#1906 = DIRECTION ( 'NONE',  ( 0.000000000000000000, 0.000000000000000000, -1.000000000000000000 ) ) ;
#1907 = VERTEX_POINT ( 'NONE', #1904 ) ;
#1908 = CARTESIAN_POINT ( 'NONE',  ( -42.50000000000000711, 3.500000000000000000, 49.99999999999999289 ) ) ;
#1909 = ADVANCED_FACE ( 'NONE', ( #1925 ), #2116, .F. ) ;
#1910 = ORIENTED_EDGE ( 'NONE', *, *, #524, .T. ) ;
#1911 = DIRECTION ( 'NONE',  ( -0.000000000000000000, 1.000000000000000000, -0.000000000000000000 ) ) ;
#1912 = EDGE_CURVE ( 'NONE', #769, #947, #451, .T. ) ;
#1913 = DIRECTION ( 'NONE',  ( 0.000000000000000000, 0.000000000000000000, 1.000000000000000000 ) ) ;
#1914 = DIRECTION ( 'NONE',  ( 0.000000000000000000, 0.000000000000000000, 1.000000000000000000 ) ) ;
#1915 = DIRECTION ( 'NONE',  ( 0.000000000000000000, 0.000000000000000000, -1.000000000000000000 ) ) ;
#1916 = ORIENTED_EDGE ( 'NONE', *, *, #1727, .T. ) ;
#1917 = FACE_OUTER_BOUND ( 'NONE', #749, .T. ) ;
#1918 = ORIENTED_EDGE ( 'NONE', *, *, #380, .T. ) ;
#1919 = DIRECTION ( 'NONE',  ( -0.000000000000000000, -1.000000000000000000, -0.000000000000000000 ) ) ;
#1920 = ORIENTED_EDGE ( 'NONE', *, *, #2378, .T. ) ;
#1921 = FACE_OUTER_BOUND ( 'NONE', #1646, .T. ) ;
#1922 = PLANE ( 'NONE',  #516 ) ;
#1923 = EDGE_CURVE ( 'NONE', #1755, #476, #1198, .T. ) ;
#1924 = LINE ( 'NONE', #1358, #50 ) ;
#1925 = FACE_OUTER_BOUND ( 'NONE', #2246, .T. ) ;
#1926 = ORIENTED_EDGE ( 'NONE', *, *, #1130, .F. ) ;
#1927 = VECTOR ( 'NONE', #311, 1000.000000000000000 ) ;
#1928 = CIRCLE ( 'NONE', #896, 1.600000000000004086 ) ;
#1929 = DIRECTION ( 'NONE',  ( 0.000000000000000000, 0.000000000000000000, -1.000000000000000000 ) ) ;
#1930 = VECTOR ( 'NONE', #327, 1000.000000000000000 ) ;
#1931 = ORIENTED_EDGE ( 'NONE', *, *, #2224, .F. ) ;
#1932 = AXIS2_PLACEMENT_3D ( 'NONE', #572, #51, #1105 ) ;
#1933 = VECTOR ( 'NONE', #2080, 1000.000000000000000 ) ;
#1934 = CARTESIAN_POINT ( 'NONE',  ( 15.50000000000001421, -116.4999999999999858, 55.00000000000000711 ) ) ;
#1935 = EDGE_LOOP ( 'NONE', ( #218, #878, #1398, #1411, #2259, #2213, #1471, #1678, #627, #2289 ) ) ;
#1936 = CIRCLE ( 'NONE', #1203, 1.650000000000000355 ) ;
#1937 = VECTOR ( 'NONE', #2056, 1000.000000000000000 ) ;
#1938 = UNCERTAINTY_MEASURE_WITH_UNIT (LENGTH_MEASURE( 1.000000000000000082E-05 ), #1251, 'distance_accuracy_value', 'NONE');
#1939 = AXIS2_PLACEMENT_3D ( 'NONE', #1595, #657, #686 ) ;
#1940 = DIRECTION ( 'NONE',  ( 0.000000000000000000, -1.000000000000000000, 0.000000000000000000 ) ) ;
#1941 = DIRECTION ( 'NONE',  ( 0.000000000000000000, 0.000000000000000000, 1.000000000000000000 ) ) ;
#1942 = CARTESIAN_POINT ( 'NONE',  ( 7.499999999999996447, -126.4999999999999716, -7.500000000000003553 ) ) ;
#1943 = DIRECTION ( 'NONE',  ( 1.000000000000000000, 0.000000000000000000, 0.000000000000000000 ) ) ;
#1944 = ORIENTED_EDGE ( 'NONE', *, *, #1806, .F. ) ;
#1945 = CARTESIAN_POINT ( 'NONE',  ( 32.49999999999999289, 3.500000000000000000, 24.13999999999989754 ) ) ;
#1946 = EDGE_CURVE ( 'NONE', #1568, #1764, #1722, .T. ) ;
#1947 = ORIENTED_EDGE ( 'NONE', *, *, #1443, .T. ) ;
#1948 = FACE_OUTER_BOUND ( 'NONE', #2344, .T. ) ;
#1949 = ORIENTED_EDGE ( 'NONE', *, *, #1234, .T. ) ;
#1950 = CARTESIAN_POINT ( 'NONE',  ( -42.50000000000000711, 3.500000000000000000, -59.99999999999999289 ) ) ;
#1951 = LINE ( 'NONE', #703, #508 ) ;
#1952 = CARTESIAN_POINT ( 'NONE',  ( -32.96838372995787836, 5.500000000000001776, -5.674371403960129361E-16 ) ) ;
#1953 = FACE_OUTER_BOUND ( 'NONE', #2121, .T. ) ;
#1954 = ORIENTED_EDGE ( 'NONE', *, *, #2179, .F. ) ;
#1955 = DIRECTION ( 'NONE',  ( 1.000000000000000000, 0.000000000000000000, 1.426581805901979635E-16 ) ) ;
#1956 = VERTEX_POINT ( 'NONE', #87 ) ;
#1957 = EDGE_CURVE ( 'NONE', #1773, #2096, #2122, .T. ) ;
#1958 = FACE_OUTER_BOUND ( 'NONE', #1813, .T. ) ;
#1959 = VERTEX_POINT ( 'NONE', #1014 ) ;
#1960 = CARTESIAN_POINT ( 'NONE',  ( -29.55000000000047322, 21.59999999999735820, -12.99999999999998401 ) ) ;
#1961 = CARTESIAN_POINT ( 'NONE',  ( -7.500000000000003553, -126.4999999999999716, -7.500000000000000000 ) ) ;
#1962 = CARTESIAN_POINT ( 'NONE',  ( 7.499999999999996447, 0.000000000000000000, 5.900000000000000355 ) ) ;
#1963 = DIRECTION ( 'NONE',  ( -0.000000000000000000, -1.000000000000000000, -0.000000000000000000 ) ) ;
#1964 = LINE ( 'NONE', #2341, #972 ) ;
#1965 = CARTESIAN_POINT ( 'NONE',  ( 24.73676745987322434, 33.50000000000000000, -27.99999999999998934 ) ) ;
#1966 = ORIENTED_EDGE ( 'NONE', *, *, #840, .F. ) ;
#1967 = AXIS2_PLACEMENT_3D ( 'NONE', #2349, #300, #881 ) ;
#1968 = CIRCLE ( 'NONE', #778, 1.600000000000004086 ) ;
#1969 = CARTESIAN_POINT ( 'NONE',  ( -42.50000000000000711, 3.500000000000000000, 60.00000000000000711 ) ) ;
#1970 = VERTEX_POINT ( 'NONE', #2314 ) ;
#1971 = EDGE_CURVE ( 'NONE', #1573, #911, #2279, .T. ) ;
#1972 = AXIS2_PLACEMENT_3D ( 'NONE', #1082, #1072, #2009 ) ;
#1973 = VECTOR ( 'NONE', #1381, 1000.000000000000000 ) ;
#1974 = DIRECTION ( 'NONE',  ( 0.000000000000000000, 0.000000000000000000, -1.000000000000000000 ) ) ;
#1975 = AXIS2_PLACEMENT_3D ( 'NONE', #1901, #255, #985 ) ;
#1976 = DIRECTION ( 'NONE',  ( 0.000000000000000000, 0.000000000000000000, -1.000000000000000000 ) ) ;
#1977 = ADVANCED_FACE ( 'NONE', ( #669 ), #2292, .F. ) ;
#1978 = AXIS2_PLACEMENT_3D ( 'NONE', #2091, #1549, #2288 ) ;
#1979 = DIRECTION ( 'NONE',  ( 0.000000000000000000, 0.000000000000000000, 1.000000000000000000 ) ) ;
#1980 = DIRECTION ( 'NONE',  ( -0.000000000000000000, -0.000000000000000000, 1.000000000000000000 ) ) ;
#1981 = EDGE_LOOP ( 'NONE', ( #1666, #638, #984, #331 ) ) ;
#1982 = ORIENTED_EDGE ( 'NONE', *, *, #1637, .F. ) ;
#1983 = DIRECTION ( 'NONE',  ( 0.000000000000000000, -1.000000000000000000, 0.000000000000000000 ) ) ;
#1984 = ORIENTED_EDGE ( 'NONE', *, *, #1637, .T. ) ;
#1985 = DIRECTION ( 'NONE',  ( -1.000000000000000000, 0.000000000000000000, 5.953210078121458203E-17 ) ) ;
#1986 = CARTESIAN_POINT ( 'NONE',  ( 7.499999999999996447, 3.500000000000003109, 9.100000000000004974 ) ) ;
#1987 = ADVANCED_FACE ( 'NONE', ( #1455 ), #546, .F. ) ;
#1988 = CYLINDRICAL_SURFACE ( 'NONE', #741, 1.599999999999997202 ) ;
#1989 = PLANE ( 'NONE',  #1465 ) ;
#1990 = VERTEX_POINT ( 'NONE', #2375 ) ;
#1991 = ORIENTED_EDGE ( 'NONE', *, *, #1263, .T. ) ;
#1992 = CARTESIAN_POINT ( 'NONE',  ( -7.500000000000003553, 3.500000000000003109, 5.899999999999997691 ) ) ;
#1993 = ORIENTED_EDGE ( 'NONE', *, *, #1056, .F. ) ;
#1994 = CARTESIAN_POINT ( 'NONE',  ( 39.73676745987322079, 0.000000000000000000, 0.000000000000000000 ) ) ;
#1995 = PLANE ( 'NONE',  #1348 ) ;
#1996 = CARTESIAN_POINT ( 'NONE',  ( -15.50000000000001421, -116.4999999999999858, 53.40000000000001279 ) ) ;
#1997 = DIRECTION ( 'NONE',  ( 0.000000000000000000, 0.000000000000000000, 1.000000000000000000 ) ) ;
#1998 = ADVANCED_FACE ( 'NONE', ( #1630, #2146, #728 ), #2173, .F. ) ;
#1999 = ORIENTED_EDGE ( 'NONE', *, *, #1414, .T. ) ;
#2000 = ORIENTED_EDGE ( 'NONE', *, *, #1375, .F. ) ;
#2001 = DIRECTION ( 'NONE',  ( 0.7071067811865436870, 0.000000000000000000, -0.7071067811865514585 ) ) ;
#2002 = VERTEX_POINT ( 'NONE', #536 ) ;
#2003 = DIRECTION ( 'NONE',  ( 1.000000000000000000, 0.000000000000000000, 0.000000000000000000 ) ) ;
#2004 = VECTOR ( 'NONE', #1893, 1000.000000000000000 ) ;
#2005 = AXIS2_PLACEMENT_3D ( 'NONE', #821, #1517, #962 ) ;
#2006 = CIRCLE ( 'NONE', #2281, 1.600000000000004086 ) ;
#2007 = VECTOR ( 'NONE', #2264, 1000.000000000000000 ) ;
#2008 = FACE_OUTER_BOUND ( 'NONE', #713, .T. ) ;
#2009 = DIRECTION ( 'NONE',  ( 0.000000000000000000, 0.000000000000000000, 1.000000000000000000 ) ) ;
#2010 = CIRCLE ( 'NONE', #1051, 1.600000000000004086 ) ;
#2011 = VECTOR ( 'NONE', #1705, 1000.000000000000000 ) ;
#2012 = EDGE_CURVE ( 'NONE', #1161, #1907, #1229, .T. ) ;
#2013 = PRODUCT_RELATED_PRODUCT_CATEGORY ( 'part', '', ( #1149 ) ) ;
#2014 = ORIENTED_EDGE ( 'NONE', *, *, #465, .T. ) ;
#2015 = ORIENTED_EDGE ( 'NONE', *, *, #449, .T. ) ;
#2016 = ADVANCED_FACE ( 'NONE', ( #2351 ), #1989, .F. ) ;
#2017 = CARTESIAN_POINT ( 'NONE',  ( -42.50000000000000711, 3.500000000000000000, -49.99999999999995737 ) ) ;
#2018 = ORIENTED_EDGE ( 'NONE', *, *, #280, .F. ) ;
#2019 = CARTESIAN_POINT ( 'NONE',  ( -42.50000000000000711, 33.50000000000000000, -12.99999999999999112 ) ) ;
#2020 = ADVANCED_FACE ( 'NONE', ( #1253 ), #338, .F. ) ;
#2021 = DIRECTION ( 'NONE',  ( -0.000000000000000000, -0.000000000000000000, 1.000000000000000000 ) ) ;
#2022 = CARTESIAN_POINT ( 'NONE',  ( 30.50000000000001421, -116.4999999999999858, 55.00000000000000711 ) ) ;
#2023 = EDGE_CURVE ( 'NONE', #1716, #929, #316, .T. ) ;
#2024 = CARTESIAN_POINT ( 'NONE',  ( 39.73676745987322079, 87.48490993466043619, 40.14000000000000767 ) ) ;
#2025 = ORIENTED_EDGE ( 'NONE', *, *, #1304, .T. ) ;
#2026 = VERTEX_POINT ( 'NONE', #909 ) ;
#2027 = LINE ( 'NONE', #200, #1164 ) ;
#2028 = EDGE_LOOP ( 'NONE', ( #454, #2152 ) ) ;
#2029 = EDGE_CURVE ( 'NONE', #2323, #1475, #592, .T. ) ;
#2030 = DIRECTION ( 'NONE',  ( -0.000000000000000000, -1.000000000000000000, 0.000000000000000000 ) ) ;
#2031 = DIRECTION ( 'NONE',  ( 0.000000000000000000, 1.000000000000000000, 0.000000000000000000 ) ) ;
#2032 = DIRECTION ( 'NONE',  ( 0.000000000000000000, 0.000000000000000000, 1.000000000000000000 ) ) ;
#2033 = DIRECTION ( 'NONE',  ( -1.000000000000000000, 0.000000000000000000, -5.299423560331486784E-17 ) ) ;
#2034 = EDGE_LOOP ( 'NONE', ( #1571, #22, #247, #303 ) ) ;
#2035 = ORIENTED_EDGE ( 'NONE', *, *, #1363, .T. ) ;
#2036 = EDGE_CURVE ( 'NONE', #1118, #549, #684, .T. ) ;
#2037 = FACE_BOUND ( 'NONE', #1894, .T. ) ;
#2038 = ORIENTED_EDGE ( 'NONE', *, *, #23, .F. ) ;
#2039 = DIRECTION ( 'NONE',  ( 0.000000000000000000, 1.000000000000000000, 0.000000000000000000 ) ) ;
#2040 = EDGE_CURVE ( 'NONE', #1423, #2195, #1816, .T. ) ;
#2041 = ORIENTED_EDGE ( 'NONE', *, *, #993, .F. ) ;
#2042 = VECTOR ( 'NONE', #2097, 1000.000000000000000 ) ;
#2043 = DIRECTION ( 'NONE',  ( 1.000000000000000000, 0.000000000000000000, 0.000000000000000000 ) ) ;
#2044 = VECTOR ( 'NONE', #113, 1000.000000000000000 ) ;
#2045 = EDGE_CURVE ( 'NONE', #2258, #752, #2006, .T. ) ;
#2046 = FACE_OUTER_BOUND ( 'NONE', #268, .T. ) ;
#2047 = AXIS2_PLACEMENT_3D ( 'NONE', #1994, #923, #10 ) ;
#2048 = LINE ( 'NONE', #412, #174 ) ;
#2049 = AXIS2_PLACEMENT_3D ( 'NONE', #1214, #310, #1259 ) ;
#2050 = DIRECTION ( 'NONE',  ( 0.000000000000000000, 0.000000000000000000, 1.000000000000000000 ) ) ;
#2051 = CIRCLE ( 'NONE', #93, 2.200000000001020695 ) ;
#2052 = VERTEX_POINT ( 'NONE', #2156 ) ;
#2053 = VECTOR ( 'NONE', #1361, 1000.000000000000000 ) ;
#2054 = PLANE ( 'NONE',  #510 ) ;
#2055 = ORIENTED_EDGE ( 'NONE', *, *, #1751, .F. ) ;
#2056 = DIRECTION ( 'NONE',  ( 0.000000000000000000, -1.000000000000000000, -1.156482317317871478E-16 ) ) ;
#2057 = EDGE_LOOP ( 'NONE', ( #1373, #1706 ) ) ;
#2058 = DIRECTION ( 'NONE',  ( 1.000000000000000000, 0.000000000000000000, 0.000000000000000000 ) ) ;
#2059 = CARTESIAN_POINT ( 'NONE',  ( 32.49999999999999289, 3.500000000000003109, 24.13999999999989754 ) ) ;
#2060 = EDGE_CURVE ( 'NONE', #585, #967, #1311, .T. ) ;
#2061 = CARTESIAN_POINT ( 'NONE',  ( -23.43676745991574961, 3.500000000000000000, -12.99999999999999112 ) ) ;
#2062 = LINE ( 'NONE', #1141, #856 ) ;
#2063 = EDGE_LOOP ( 'NONE', ( #1920, #417 ) ) ;
#2064 = FACE_OUTER_BOUND ( 'NONE', #656, .T. ) ;
#2065 = VERTEX_POINT ( 'NONE', #1594 ) ;
#2066 = EDGE_CURVE ( 'NONE', #2026, #2065, #1121, .T. ) ;
#2067 = LINE ( 'NONE', #970, #2011 ) ;
#2068 = ORIENTED_EDGE ( 'NONE', *, *, #368, .T. ) ;
#2069 = DIRECTION ( 'NONE',  ( 0.000000000000000000, 1.000000000000000000, 0.000000000000000000 ) ) ;
#2070 = CARTESIAN_POINT ( 'NONE',  ( 30.50000000000001421, 3.500000000000000000, 56.60000000000000853 ) ) ;
#2071 = CARTESIAN_POINT ( 'NONE',  ( -42.50000000000000711, 33.50000000000000000, -12.99999999999999112 ) ) ;
#2072 = CARTESIAN_POINT ( 'NONE',  ( -15.50000000000001421, 0.000000000000000000, 55.00000000000000711 ) ) ;
#2073 = ORIENTED_EDGE ( 'NONE', *, *, #1130, .T. ) ;
#2074 = EDGE_CURVE ( 'NONE', #944, #876, #1964, .T. ) ;
#2075 = ORIENTED_EDGE ( 'NONE', *, *, #924, .F. ) ;
#2076 = DIRECTION ( 'NONE',  ( -0.000000000000000000, -1.000000000000000000, -0.000000000000000000 ) ) ;
#2077 = ORIENTED_EDGE ( 'NONE', *, *, #547, .T. ) ;
#2078 = LINE ( 'NONE', #812, #1667 ) ;
#2079 = EDGE_LOOP ( 'NONE', ( #187, #1185, #1633, #1993 ) ) ;
#2080 = DIRECTION ( 'NONE',  ( 0.000000000000000000, 1.000000000000000000, 0.000000000000000000 ) ) ;
#2081 = LINE ( 'NONE', #435, #1432 ) ;
#2082 = DIRECTION ( 'NONE',  ( 0.000000000000000000, 0.000000000000000000, -1.000000000000000000 ) ) ;
#2083 = DIRECTION ( 'NONE',  ( -0.000000000000000000, -0.000000000000000000, 1.000000000000000000 ) ) ;
#2084 = ORIENTED_EDGE ( 'NONE', *, *, #1288, .F. ) ;
#2085 = VECTOR ( 'NONE', #258, 1000.000000000000000 ) ;
#2086 = VECTOR ( 'NONE', #683, 1000.000000000000000 ) ;
#2087 = DIRECTION ( 'NONE',  ( 1.000000000000000000, 0.000000000000000000, 3.312139725207179394E-17 ) ) ;
#2088 = ORIENTED_EDGE ( 'NONE', *, *, #490, .T. ) ;
#2089 = VECTOR ( 'NONE', #1983, 1000.000000000000000 ) ;
#2090 = EDGE_CURVE ( 'NONE', #1275, #221, #329, .T. ) ;
#2091 = CARTESIAN_POINT ( 'NONE',  ( -29.93676745991574606, 33.50000000000000000, -12.99999999999999112 ) ) ;
#2092 = ORIENTED_EDGE ( 'NONE', *, *, #920, .T. ) ;
#2093 = DIRECTION ( 'NONE',  ( -0.000000000000000000, 1.000000000000000000, -0.000000000000000000 ) ) ;
#2094 = CARTESIAN_POINT ( 'NONE',  ( -30.50000000000001421, -116.4999999999999858, 53.40000000000000568 ) ) ;
#2095 = CARTESIAN_POINT ( 'NONE',  ( -7.500000000000003553, 3.500000000000000000, -9.100000000000001421 ) ) ;
#2096 = VERTEX_POINT ( 'NONE', #152 ) ;
#2097 = DIRECTION ( 'NONE',  ( 0.000000000000000000, -1.000000000000000000, 0.000000000000000000 ) ) ;
#2098 = ORIENTED_EDGE ( 'NONE', *, *, #1234, .F. ) ;
#2099 = DIRECTION ( 'NONE',  ( 0.000000000000000000, 0.000000000000000000, -1.000000000000000000 ) ) ;
#2100 = ORIENTED_EDGE ( 'NONE', *, *, #1340, .F. ) ;
#2101 = ADVANCED_FACE ( 'NONE', ( #1804 ), #883, .F. ) ;
#2102 = LINE ( 'NONE', #1730, #206 ) ;
#2103 = CARTESIAN_POINT ( 'NONE',  ( -32.50000000000000000, 0.000000000000000000, -59.99999999999999289 ) ) ;
#2104 = CARTESIAN_POINT ( 'NONE',  ( 32.49999999999998579, 3.500000000000000000, 60.00000000000000711 ) ) ;
#2105 = DIRECTION ( 'NONE',  ( 0.000000000000000000, 1.000000000000000000, 0.000000000000000000 ) ) ;
#2106 = ORIENTED_EDGE ( 'NONE', *, *, #349, .T. ) ;
#2107 = CARTESIAN_POINT ( 'NONE',  ( 30.50000000000001421, 0.000000000000000000, 56.60000000000000853 ) ) ;
#2108 = ORIENTED_EDGE ( 'NONE', *, *, #2236, .T. ) ;
#2109 = FACE_OUTER_BOUND ( 'NONE', #2034, .T. ) ;
#2110 = EDGE_LOOP ( 'NONE', ( #687, #202, #2106, #591 ) ) ;
#2111 = CARTESIAN_POINT ( 'NONE',  ( -16.90000000000000213, 28.50000000000000000, 34.14000000000000057 ) ) ;
#2112 = PLANE ( 'NONE',  #1354 ) ;
#2113 = EDGE_LOOP ( 'NONE', ( #99, #1582 ) ) ;
#2114 = EDGE_CURVE ( 'NONE', #2026, #2052, #2255, .T. ) ;
#2115 = FACE_OUTER_BOUND ( 'NONE', #1823, .T. ) ;
#2116 = CYLINDRICAL_SURFACE ( 'NONE', #1850, 2.200000000001020695 ) ;
#2117 = ORIENTED_EDGE ( 'NONE', *, *, #1484, .T. ) ;
#2118 = AXIS2_PLACEMENT_3D ( 'NONE', #991, #427, #1336 ) ;
#2119 = DIRECTION ( 'NONE',  ( 0.000000000000000000, -1.000000000000000000, 1.156482317317871478E-16 ) ) ;
#2120 = MECHANICAL_DESIGN_GEOMETRIC_PRESENTATION_REPRESENTATION (  '', ( #666 ), #858 ) ;
#2121 = EDGE_LOOP ( 'NONE', ( #762, #60, #2230, #992 ) ) ;
#2122 = CIRCLE ( 'NONE', #932, 1.599999999999997202 ) ;
#2123 = CIRCLE ( 'NONE', #1470, 1.600000000000002531 ) ;
#2124 = EDGE_CURVE ( 'NONE', #800, #1712, #1836, .T. ) ;
#2125 = CARTESIAN_POINT ( 'NONE',  ( 39.73676745987322079, 3.500000000000000000, -27.99999999999998579 ) ) ;
#2126 = ADVANCED_FACE ( 'NONE', ( #2046 ), #1828, .F. ) ;
#2127 = ORIENTED_EDGE ( 'NONE', *, *, #471, .T. ) ;
#2128 = CIRCLE ( 'NONE', #2245, 2.200000000000718714 ) ;
#2129 = EDGE_CURVE ( 'NONE', #2164, #1864, #1547, .T. ) ;
#2130 = CARTESIAN_POINT ( 'NONE',  ( 15.50000000000001421, -116.4999999999999858, 55.00000000000000711 ) ) ;
#2131 = DIRECTION ( 'NONE',  ( -0.000000000000000000, -0.000000000000000000, 1.000000000000000000 ) ) ;
#2132 = DIRECTION ( 'NONE',  ( 0.000000000000000000, 0.000000000000000000, -1.000000000000000000 ) ) ;
#2133 = DIRECTION ( 'NONE',  ( -1.471975796331614096E-16, -0.000000000000000000, 1.000000000000000000 ) ) ;
#2134 = CYLINDRICAL_SURFACE ( 'NONE', #278, 2.200000000000618350 ) ;
#2135 = VERTEX_POINT ( 'NONE', #186 ) ;
#2136 = EDGE_CURVE ( 'NONE', #387, #947, #1479, .T. ) ;
#2137 = CARTESIAN_POINT ( 'NONE',  ( 22.14999999995703917, 11.59999999999735643, -27.99999999999998934 ) ) ;
#2138 = ORIENTED_EDGE ( 'NONE', *, *, #993, .T. ) ;
#2139 = DIRECTION ( 'NONE',  ( 0.000000000000000000, 1.000000000000000000, 0.000000000000000000 ) ) ;
#2140 = ORIENTED_EDGE ( 'NONE', *, *, #444, .F. ) ;
#2141 = DIRECTION ( 'NONE',  ( 0.000000000000000000, 0.000000000000000000, -1.000000000000000000 ) ) ;
#2142 = CARTESIAN_POINT ( 'NONE',  ( 0.000000000000000000, 33.50000000000000000, 0.000000000000000000 ) ) ;
#2143 = LINE ( 'NONE', #485, #625 ) ;
#2144 = CARTESIAN_POINT ( 'NONE',  ( 32.50000000000000000, 8.500000000000003553, -14.49999999999999289 ) ) ;
#2145 =( NAMED_UNIT ( * ) PLANE_ANGLE_UNIT ( ) SI_UNIT ( $, .RADIAN. ) );
#2146 = FACE_BOUND ( 'NONE', #1099, .T. ) ;
#2147 = EDGE_CURVE ( 'NONE', #1970, #709, #410, .T. ) ;
#2148 = DIRECTION ( 'NONE',  ( 0.000000000000000000, 0.000000000000000000, -1.000000000000000000 ) ) ;
#2149 = ORIENTED_EDGE ( 'NONE', *, *, #1363, .F. ) ;
#2150 = EDGE_CURVE ( 'NONE', #2305, #1353, #2228, .T. ) ;
#2151 = DIRECTION ( 'NONE',  ( -0.000000000000000000, -0.000000000000000000, 1.000000000000000000 ) ) ;
#2152 = ORIENTED_EDGE ( 'NONE', *, *, #68, .T. ) ;
#2153 = CARTESIAN_POINT ( 'NONE',  ( -32.96838372995788546, 3.500000000000000000, 0.09999999999844161325 ) ) ;
#2154 = DIRECTION ( 'NONE',  ( -3.312139725207179394E-17, 0.000000000000000000, 1.000000000000000000 ) ) ;
#2155 = CARTESIAN_POINT ( 'NONE',  ( 39.73676745987322079, 28.49999999999999645, -14.49999999999999467 ) ) ;
#2156 = CARTESIAN_POINT ( 'NONE',  ( 24.34999999995805098, 21.59999999999735820, -27.99999999999998934 ) ) ;
#2157 = ADVANCED_FACE ( 'NONE', ( #917 ), #1650, .F. ) ;
#2158 = ORIENTED_EDGE ( 'NONE', *, *, #1912, .T. ) ;
#2159 = ORIENTED_EDGE ( 'NONE', *, *, #2193, .T. ) ;
#2160 = AXIS2_PLACEMENT_3D ( 'NONE', #1961, #159, #854 ) ;
#2161 = VECTOR ( 'NONE', #2033, 1000.000000000000000 ) ;
#2162 = COLOUR_RGB ( '',0.7921568627450980005, 0.8196078431372548767, 0.9333333333333333481 ) ;
#2163 = PLANE ( 'NONE',  #517 ) ;
#2164 = VERTEX_POINT ( 'NONE', #2207 ) ;
#2165 = AXIS2_PLACEMENT_3D ( 'NONE', #2364, #314, #895 ) ;
#2166 = VECTOR ( 'NONE', #690, 1000.000000000000000 ) ;
#2167 = EDGE_CURVE ( 'NONE', #1776, #2342, #2358, .T. ) ;
#2168 = CARTESIAN_POINT ( 'NONE',  ( -32.50000000000000000, 3.500000000000000000, -59.99999999999999289 ) ) ;
#2169 = CIRCLE ( 'NONE', #1053, 1.600000000000001643 ) ;
#2170 = SHAPE_DEFINITION_REPRESENTATION ( #1810, #887 ) ;
#2171 = CYLINDRICAL_SURFACE ( 'NONE', #2160, 1.600000000000002531 ) ;
#2172 = AXIS2_PLACEMENT_3D ( 'NONE', #1863, #1322, #1886 ) ;
#2173 = PLANE ( 'NONE',  #2165 ) ;
#2174 = ORIENTED_EDGE ( 'NONE', *, *, #1189, .F. ) ;
#2175 = ORIENTED_EDGE ( 'NONE', *, *, #68, .F. ) ;
#2176 = FACE_OUTER_BOUND ( 'NONE', #756, .T. ) ;
#2177 = VERTEX_POINT ( 'NONE', #1284 ) ;
#2178 = CARTESIAN_POINT ( 'NONE',  ( -7.500000000000003553, 0.000000000000000000, 7.500000000000000000 ) ) ;
#2179 = EDGE_CURVE ( 'NONE', #167, #481, #1390, .T. ) ;
#2180 = DIRECTION ( 'NONE',  ( 0.000000000000000000, 0.000000000000000000, 1.000000000000000000 ) ) ;
#2181 = CARTESIAN_POINT ( 'NONE',  ( -42.50000000000000711, 33.50000000000000000, -12.99999999999999112 ) ) ;
#2182 = CARTESIAN_POINT ( 'NONE',  ( 6.149999999999737454, 16.59999999999728360, 40.14000000000000767 ) ) ;
#2183 = CARTESIAN_POINT ( 'NONE',  ( 7.499999999999996447, 0.000000000000000000, -7.500000000000003553 ) ) ;
#2184 = VERTEX_POINT ( 'NONE', #961 ) ;
#2185 = ORIENTED_EDGE ( 'NONE', *, *, #2012, .T. ) ;
#2186 = FACE_OUTER_BOUND ( 'NONE', #1420, .T. ) ;
#2187 = VERTEX_POINT ( 'NONE', #2217 ) ;
#2188 = LINE ( 'NONE', #569, #1665 ) ;
#2189 = EDGE_LOOP ( 'NONE', ( #199, #780, #2159, #1037 ) ) ;
#2190 = CARTESIAN_POINT ( 'NONE',  ( -23.43676745991574961, 33.50000000000000000, -12.99999999999999112 ) ) ;
#2191 = DIRECTION ( 'NONE',  ( 0.000000000000000000, -1.000000000000000000, 0.000000000000000000 ) ) ;
#2192 = DIRECTION ( 'NONE',  ( 0.000000000000000000, 0.000000000000000000, -1.000000000000000000 ) ) ;
#2193 = EDGE_CURVE ( 'NONE', #965, #1674, #362, .T. ) ;
#2194 = ORIENTED_EDGE ( 'NONE', *, *, #165, .T. ) ;
#2195 = VERTEX_POINT ( 'NONE', #4 ) ;
#2196 = EDGE_CURVE ( 'NONE', #225, #1712, #1516, .T. ) ;
#2197 = CARTESIAN_POINT ( 'NONE',  ( 0.000000000000000000, 28.50000000000000000, 0.000000000000000000 ) ) ;
#2198 = ORIENTED_EDGE ( 'NONE', *, *, #2193, .F. ) ;
#2199 = CIRCLE ( 'NONE', #1003, 1.600000000000001643 ) ;
#2200 = ADVANCED_FACE ( 'NONE', ( #1682 ), #382, .F. ) ;
#2201 = LINE ( 'NONE', #1670, #1430 ) ;
#2202 = CIRCLE ( 'NONE', #740, 1.600000000000004086 ) ;
#2203 = VECTOR ( 'NONE', #806, 1000.000000000000000 ) ;
#2204 = AXIS2_PLACEMENT_3D ( 'NONE', #797, #2083, #1530 ) ;
#2205 = CIRCLE ( 'NONE', #1740, 2.200000000000718714 ) ;
#2206 = DIRECTION ( 'NONE',  ( 1.000000000000000000, 0.000000000000000000, 0.000000000000000000 ) ) ;
#2207 = CARTESIAN_POINT ( 'NONE',  ( -7.500000000000003553, 3.500000000000000000, -5.899999999999997691 ) ) ;
#2208 = CARTESIAN_POINT ( 'NONE',  ( 15.50000000000001421, -116.4999999999999858, -56.60000000000000142 ) ) ;
#2209 = ORIENTED_EDGE ( 'NONE', *, *, #1689, .T. ) ;
#2210 = EDGE_CURVE ( 'NONE', #1231, #1697, #1849, .T. ) ;
#2211 = ORIENTED_EDGE ( 'NONE', *, *, #1824, .T. ) ;
#2212 = DIRECTION ( 'NONE',  ( 0.000000000000000000, 1.000000000000000000, 0.000000000000000000 ) ) ;
#2213 = ORIENTED_EDGE ( 'NONE', *, *, #2090, .T. ) ;
#2214 = LINE ( 'NONE', #579, #2359 ) ;
#2215 = EDGE_LOOP ( 'NONE', ( #1805, #1328, #1419, #978 ) ) ;
#2216 = LINE ( 'NONE', #1271, #815 ) ;
#2217 = CARTESIAN_POINT ( 'NONE',  ( -29.55000000000047322, 21.59999999999735820, -27.99999999999998934 ) ) ;
#2218 = DIRECTION ( 'NONE',  ( 1.000000000000000000, 0.000000000000000000, 0.000000000000000000 ) ) ;
#2219 = ORIENTED_EDGE ( 'NONE', *, *, #1528, .F. ) ;
#2220 = ORIENTED_EDGE ( 'NONE', *, *, #753, .F. ) ;
#2221 = EDGE_CURVE ( 'NONE', #1753, #1161, #2243, .T. ) ;
#2222 = CARTESIAN_POINT ( 'NONE',  ( 32.49999999999999289, 3.500000000000000000, 34.14000000000000057 ) ) ;
#2223 = ORIENTED_EDGE ( 'NONE', *, *, #1421, .F. ) ;
#2224 = EDGE_CURVE ( 'NONE', #1218, #1029, #29, .T. ) ;
#2225 = CARTESIAN_POINT ( 'NONE',  ( -7.500000000000003553, 0.000000000000000000, 5.899999999999997691 ) ) ;
#2226 = ORIENTED_EDGE ( 'NONE', *, *, #140, .F. ) ;
#2227 = CARTESIAN_POINT ( 'NONE',  ( -16.90000000000000213, 28.50000000000000000, 34.14000000000000057 ) ) ;
#2228 = LINE ( 'NONE', #771, #477 ) ;
#2229 = CARTESIAN_POINT ( 'NONE',  ( -42.50000000000000711, 3.500000000000000000, -59.99999999999999289 ) ) ;
#2230 = ORIENTED_EDGE ( 'NONE', *, *, #1897, .F. ) ;
#2231 = ORIENTED_EDGE ( 'NONE', *, *, #2023, .F. ) ;
#2232 = DIRECTION ( 'NONE',  ( 0.000000000000000000, -1.000000000000000000, 0.000000000000000000 ) ) ;
#2233 = ORIENTED_EDGE ( 'NONE', *, *, #698, .F. ) ;
#2234 = CARTESIAN_POINT ( 'NONE',  ( -42.50000000000000711, 33.50000000000000000, -27.99999999999998579 ) ) ;
#2235 = VERTEX_POINT ( 'NONE', #1321 ) ;
#2236 = EDGE_CURVE ( 'NONE', #292, #225, #1490, .T. ) ;
#2237 = CARTESIAN_POINT ( 'NONE',  ( 32.50000000000000000, 3.500000000000000000, 0.09999999999844377818 ) ) ;
#2238 = CIRCLE ( 'NONE', #552, 1.599999999999997202 ) ;
#2239 = DIRECTION ( 'NONE',  ( 0.000000000000000000, 1.000000000000000000, 0.000000000000000000 ) ) ;
#2240 = VECTOR ( 'NONE', #822, 1000.000000000000000 ) ;
#2241 = AXIS2_PLACEMENT_3D ( 'NONE', #84, #63, #263 ) ;
#2242 = DIRECTION ( 'NONE',  ( -0.000000000000000000, -0.000000000000000000, 1.000000000000000000 ) ) ;
#2243 = CIRCLE ( 'NONE', #1510, 1.599999999999997202 ) ;
#2244 = CARTESIAN_POINT ( 'NONE',  ( -7.500000000000003553, -126.4999999999999716, 9.100000000000001421 ) ) ;
#2245 = AXIS2_PLACEMENT_3D ( 'NONE', #1763, #2151, #1020 ) ;
#2246 = EDGE_LOOP ( 'NONE', ( #1609, #2209, #109, #2307 ) ) ;
#2247 = EDGE_CURVE ( 'NONE', #1469, #1248, #795, .T. ) ;
#2248 = CIRCLE ( 'NONE', #97, 2.200000000000618350 ) ;
#2249 = CARTESIAN_POINT ( 'NONE',  ( -30.50000000000001421, 3.500000000000000000, -55.00000000000000711 ) ) ;
#2250 = ORIENTED_EDGE ( 'NONE', *, *, #1717, .T. ) ;
#2251 = LINE ( 'NONE', #47, #1553 ) ;
#2252 = VERTEX_POINT ( 'NONE', #2103 ) ;
#2253 = EDGE_CURVE ( 'NONE', #2184, #355, #14, .T. ) ;
#2254 = CARTESIAN_POINT ( 'NONE',  ( 42.49999999999999289, 0.000000000000000000, -59.99999999999999289 ) ) ;
#2255 = LINE ( 'NONE', #1096, #205 ) ;
#2256 = DIRECTION ( 'NONE',  ( 0.000000000000000000, 0.000000000000000000, 1.000000000000000000 ) ) ;
#2257 = CARTESIAN_POINT ( 'NONE',  ( 32.50000000000000000, 26.50000000000000000, 18.09999999999843823 ) ) ;
#2258 = VERTEX_POINT ( 'NONE', #1527 ) ;
#2259 = ORIENTED_EDGE ( 'NONE', *, *, #2319, .F. ) ;
#2260 = PLANE ( 'NONE',  #969 ) ;
#2261 = VERTEX_POINT ( 'NONE', #1010 ) ;
#2262 = FACE_OUTER_BOUND ( 'NONE', #1019, .T. ) ;
#2263 = VERTEX_POINT ( 'NONE', #111 ) ;
#2264 = DIRECTION ( 'NONE',  ( -1.000000000000000000, -0.000000000000000000, 0.000000000000000000 ) ) ;
#2265 = CARTESIAN_POINT ( 'NONE',  ( 7.499999999999996447, 3.500000000000000000, -5.900000000000000355 ) ) ;
#2266 = CYLINDRICAL_SURFACE ( 'NONE', #168, 1.600000000000004086 ) ;
#2267 = ORIENTED_EDGE ( 'NONE', *, *, #1616, .T. ) ;
#2268 = EDGE_CURVE ( 'NONE', #1446, #868, #1166, .T. ) ;
#2269 = CARTESIAN_POINT ( 'NONE',  ( 15.50000000000001421, 3.500000000000000000, 55.00000000000000711 ) ) ;
#2270 = ORIENTED_EDGE ( 'NONE', *, *, #1720, .F. ) ;
#2271 = CARTESIAN_POINT ( 'NONE',  ( 15.50000000000001421, -116.4999999999999858, 53.40000000000001279 ) ) ;
#2272 = EDGE_LOOP ( 'NONE', ( #776, #886, #179, #707, #1058, #1575, #330, #1194, #1926, #1041, #491, #1383 ) ) ;
#2273 = EDGE_CURVE ( 'NONE', #1907, #2261, #1468, .T. ) ;
#2274 = DIRECTION ( 'NONE',  ( 0.000000000000000000, 0.000000000000000000, 1.000000000000000000 ) ) ;
#2275 = CARTESIAN_POINT ( 'NONE',  ( 19.94999999995600959, 21.59999999999735820, -27.99999999999998934 ) ) ;
#2276 = CIRCLE ( 'NONE', #1541, 1.600000000000004086 ) ;
#2277 = AXIS2_PLACEMENT_3D ( 'NONE', #718, #535, #859 ) ;
#2278 = DIRECTION ( 'NONE',  ( -0.000000000000000000, 1.000000000000000000, -0.000000000000000000 ) ) ;
#2279 = LINE ( 'NONE', #634, #1627 ) ;
#2280 = VERTEX_POINT ( 'NONE', #2275 ) ;
#2281 = AXIS2_PLACEMENT_3D ( 'NONE', #1036, #177, #1642 ) ;
#2282 = AXIS2_PLACEMENT_3D ( 'NONE', #950, #2031, #381 ) ;
#2283 = CIRCLE ( 'NONE', #1507, 2.200000000001020695 ) ;
#2284 = EDGE_CURVE ( 'NONE', #530, #83, #1895, .T. ) ;
#2285 = CARTESIAN_POINT ( 'NONE',  ( -29.55000000000067573, 11.59999999999735643, -12.99999999999998401 ) ) ;
#2286 = VERTEX_POINT ( 'NONE', #256 ) ;
#2287 = VECTOR ( 'NONE', #688, 1000.000000000000000 ) ;
#2288 = DIRECTION ( 'NONE',  ( 1.000000000000000000, 0.000000000000000000, 0.000000000000000000 ) ) ;
#2289 = ORIENTED_EDGE ( 'NONE', *, *, #2150, .F. ) ;
#2290 = CYLINDRICAL_SURFACE ( 'NONE', #1548, 1.600000000000004086 ) ;
#2291 = DIRECTION ( 'NONE',  ( 1.000000000000000000, 0.000000000000000000, 0.000000000000000000 ) ) ;
#2292 = CYLINDRICAL_SURFACE ( 'NONE', #1350, 1.600000000000004086 ) ;
#2293 = ORIENTED_EDGE ( 'NONE', *, *, #2296, .T. ) ;
#2294 = CARTESIAN_POINT ( 'NONE',  ( -27.34999999999995879, 11.59999999999735643, 87.00000000000000000 ) ) ;
#2295 = EDGE_LOOP ( 'NONE', ( #930, #1874 ) ) ;
#2296 = EDGE_CURVE ( 'NONE', #1469, #305, #643, .T. ) ;
#2297 = DIRECTION ( 'NONE',  ( 0.000000000000000000, 0.000000000000000000, 1.000000000000000000 ) ) ;
#2298 = EDGE_LOOP ( 'NONE', ( #2231, #1621, #564, #1212 ) ) ;
#2299 = EDGE_CURVE ( 'NONE', #2252, #1360, #805, .T. ) ;
#2300 = PLANE ( 'NONE',  #708 ) ;
#2301 = DIRECTION ( 'NONE',  ( 1.471975796331614096E-16, 0.000000000000000000, -1.000000000000000000 ) ) ;
#2302 = CARTESIAN_POINT ( 'NONE',  ( -15.50000000000001421, 0.000000000000000000, 53.40000000000001279 ) ) ;
#2303 = DIRECTION ( 'NONE',  ( 0.000000000000000000, 1.000000000000000000, 0.000000000000000000 ) ) ;
#2304 = CARTESIAN_POINT ( 'NONE',  ( 32.50000000000000000, 8.500000000000003553, -2.499999999999992006 ) ) ;
#2305 = VERTEX_POINT ( 'NONE', #1902 ) ;
#2306 = FACE_OUTER_BOUND ( 'NONE', #1371, .T. ) ;
#2307 = ORIENTED_EDGE ( 'NONE', *, *, #1396, .F. ) ;
#2308 = CARTESIAN_POINT ( 'NONE',  ( -42.50000000000000711, 3.500000000000000000, 49.99999999999999289 ) ) ;
#2309 = ORIENTED_EDGE ( 'NONE', *, *, #1472, .F. ) ;
#2310 = DIRECTION ( 'NONE',  ( 0.7071067811865485719, -0.000000000000000000, 0.7071067811865465735 ) ) ;
#2311 = ADVANCED_FACE ( 'NONE', ( #631 ), #2112, .F. ) ;
#2312 = LINE ( 'NONE', #1442, #1155 ) ;
#2313 = FILL_AREA_STYLE_COLOUR ( '', #2162 ) ;
#2314 = CARTESIAN_POINT ( 'NONE',  ( 42.49999999999999289, 0.000000000000000000, 49.99999999999997158 ) ) ;
#2315 = ORIENTED_EDGE ( 'NONE', *, *, #562, .T. ) ;
#2316 = AXIS2_PLACEMENT_3D ( 'NONE', #1038, #1955, #1772 ) ;
#2317 = PLANE ( 'NONE',  #1317 ) ;
#2318 = EDGE_LOOP ( 'NONE', ( #238, #2211, #1387, #2075 ) ) ;
#2319 = EDGE_CURVE ( 'NONE', #1275, #1990, #2081, .T. ) ;
#2320 = VECTOR ( 'NONE', #1795, 1000.000000000000000 ) ;
#2321 = AXIS2_PLACEMENT_3D ( 'NONE', #494, #1756, #1780 ) ;
#2322 = DIRECTION ( 'NONE',  ( 0.000000000000000000, 0.000000000000000000, -1.000000000000000000 ) ) ;
#2323 = VERTEX_POINT ( 'NONE', #1357 ) ;
#2324 = VECTOR ( 'NONE', #1872, 1000.000000000000000 ) ;
#2325 = VECTOR ( 'NONE', #1136, 1000.000000000000000 ) ;
#2326 = CYLINDRICAL_SURFACE ( 'NONE', #1851, 1.600000000000004086 ) ;
#2327 = DIRECTION ( 'NONE',  ( 0.000000000000000000, 0.000000000000000000, -1.000000000000000000 ) ) ;
#2328 = CARTESIAN_POINT ( 'NONE',  ( -42.50000000000000711, 0.000000000000000000, -59.99999999999999289 ) ) ;
#2329 = EDGE_CURVE ( 'NONE', #419, #1520, #1779, .T. ) ;
#2330 = CARTESIAN_POINT ( 'NONE',  ( 15.50000000000001421, 3.500000000000000000, -55.00000000000000711 ) ) ;
#2331 = DIRECTION ( 'NONE',  ( 1.000000000000000000, 0.000000000000000000, 0.000000000000000000 ) ) ;
#2332 = EDGE_CURVE ( 'NONE', #424, #1303, #1936, .T. ) ;
#2333 = DIRECTION ( 'NONE',  ( 0.000000000000000000, 1.000000000000000000, 0.000000000000000000 ) ) ;
#2334 = ORIENTED_EDGE ( 'NONE', *, *, #243, .T. ) ;
#2335 = CARTESIAN_POINT ( 'NONE',  ( 39.73676745987322079, 8.500000000000003553, -14.49999999999999289 ) ) ;
#2336 = ORIENTED_EDGE ( 'NONE', *, *, #803, .T. ) ;
#2337 = FACE_OUTER_BOUND ( 'NONE', #904, .T. ) ;
#2338 = DIRECTION ( 'NONE',  ( 0.000000000000000000, 1.000000000000000000, 0.000000000000000000 ) ) ;
#2339 = LINE ( 'NONE', #1624, #1462 ) ;
#2340 = LINE ( 'NONE', #1996, #1737 ) ;
#2341 = CARTESIAN_POINT ( 'NONE',  ( 39.73676745987322079, 33.50000000000000000, -27.99999999999998934 ) ) ;
#2342 = VERTEX_POINT ( 'NONE', #2070 ) ;
#2343 = ADVANCED_FACE ( 'NONE', ( #1557 ), #1922, .F. ) ;
#2344 = EDGE_LOOP ( 'NONE', ( #1107, #119, #889, #1664 ) ) ;
#2345 = CARTESIAN_POINT ( 'NONE',  ( -7.500000000000003553, -126.4999999999999716, 7.500000000000000000 ) ) ;
#2346 = ORIENTED_EDGE ( 'NONE', *, *, #1619, .F. ) ;
#2347 = CARTESIAN_POINT ( 'NONE',  ( -32.96838372995787836, 28.50000000000000000, -5.674371403960129361E-16 ) ) ;
#2348 = APPLICATION_PROTOCOL_DEFINITION ( 'draft international standard', 'automotive_design', 1998, #2379 ) ;
#2349 = CARTESIAN_POINT ( 'NONE',  ( 7.799999999999737810, 16.59999999999728360, 40.14000000000000767 ) ) ;
#2350 = FACE_OUTER_BOUND ( 'NONE', #1498, .T. ) ;
#2351 = FACE_OUTER_BOUND ( 'NONE', #679, .T. ) ;
#2352 = ORIENTED_EDGE ( 'NONE', *, *, #2378, .F. ) ;
#2353 = ORIENTED_EDGE ( 'NONE', *, *, #1114, .T. ) ;
#2354 = ADVANCED_FACE ( 'NONE', ( #149 ), #691, .F. ) ;
#2355 = VECTOR ( 'NONE', #2119, 1000.000000000000000 ) ;
#2356 = DIRECTION ( 'NONE',  ( 0.000000000000000000, -1.000000000000000000, 0.000000000000000000 ) ) ;
#2357 = ORIENTED_EDGE ( 'NONE', *, *, #1319, .T. ) ;
#2358 = CIRCLE ( 'NONE', #781, 1.600000000000004086 ) ;
#2359 = VECTOR ( 'NONE', #1460, 1000.000000000000000 ) ;
#2360 = CARTESIAN_POINT ( 'NONE',  ( -42.50000000000000711, 28.49999999999999645, 40.14000000000000767 ) ) ;
#2361 = DIRECTION ( 'NONE',  ( -1.000000000000000000, 0.000000000000000000, -3.312139725207179394E-17 ) ) ;
#2362 = CIRCLE ( 'NONE', #48, 1.599999999999997202 ) ;
#2363 = PLANE ( 'NONE',  #2277 ) ;
#2364 = CARTESIAN_POINT ( 'NONE',  ( -29.93676745991574606, 33.50000000000000000, -27.99999999999998934 ) ) ;
#2365 = EDGE_CURVE ( 'NONE', #802, #670, #2010, .T. ) ;
#2366 = EDGE_LOOP ( 'NONE', ( #1546, #602, #1797, #1949 ) ) ;
#2367 = ORIENTED_EDGE ( 'NONE', *, *, #1883, .T. ) ;
#2368 = CARTESIAN_POINT ( 'NONE',  ( -30.50000000000001421, 0.000000000000000000, 55.00000000000000711 ) ) ;
#2369 = ORIENTED_EDGE ( 'NONE', *, *, #1018, .T. ) ;
#2370 = PLANE ( 'NONE',  #1087 ) ;
#2371 = ORIENTED_EDGE ( 'NONE', *, *, #1782, .T. ) ;
#2372 = CARTESIAN_POINT ( 'NONE',  ( -32.96838372995787836, 5.500000000000001776, -5.674371403960129361E-16 ) ) ;
#2373 = ADVANCED_FACE ( 'NONE', ( #853 ), #122, .T. ) ;
#2374 = FACE_BOUND ( 'NONE', #1402, .T. ) ;
#2375 = CARTESIAN_POINT ( 'NONE',  ( -32.96838372995787836, 3.500000000000000000, -12.99999999999999112 ) ) ;
#2376 = ORIENTED_EDGE ( 'NONE', *, *, #623, .F. ) ;
#2377 = ORIENTED_EDGE ( 'NONE', *, *, #1806, .T. ) ;
#2378 = EDGE_CURVE ( 'NONE', #1475, #2323, #1394, .T. ) ;
#2379 = APPLICATION_CONTEXT ( 'automotive_design' ) ;
#2380 = CARTESIAN_POINT ( 'NONE',  ( -42.50000000000000711, 0.000000000000000000, -49.99999999999995737 ) ) ;
#2381 = EDGE_LOOP ( 'NONE', ( #1318, #163, #1309, #154 ) ) ;
ENDSEC;
END-ISO-10303-21;
