ISO-10303-21;
HEADER;
FILE_DESCRIPTION (( 'STEP AP214' ),
    '1' );
FILE_NAME ('ÉãÏñ»ú¿Ç2.STEP',
    '2026-05-09T06:29:53',
    ( '' ),
    ( '' ),
    'SwSTEP 2.0',
    'SolidWorks 2025',
    '' );
FILE_SCHEMA (( 'AUTOMOTIVE_DESIGN' ));
ENDSEC;

DATA;
#1 = CARTESIAN_POINT ( 'NONE',  ( -19.19513675798209817, -12.08942358712716825, -5.921564052545575940 ) ) ;
#2 = CARTESIAN_POINT ( 'NONE',  ( -19.47463121023807986, 11.78797962979691860, -5.403986561655061749 ) ) ;
#3 = ORIENTED_EDGE ( 'NONE', *, *, #7760, .T. ) ;
#4 = DIRECTION ( 'NONE',  ( 1.000000000000000000, 1.992221491941909864E-18, -4.579663590744439848E-16 ) ) ;
#5 = CARTESIAN_POINT ( 'NONE',  ( -23.00000000000000000, 10.50000000000000178, -7.500000000000000000 ) ) ;
#6 = EDGE_LOOP ( 'NONE', ( #9510, #6967, #5993, #4536, #4644, #9826, #5143 ) ) ;
#7 = VECTOR ( 'NONE', #4518, 1000.000000000000000 ) ;
#8 = CARTESIAN_POINT ( 'NONE',  ( -18.23078753953138431, -13.99641412264934814, -9.388355295299973591 ) ) ;
#9 = DIRECTION ( 'NONE',  ( -1.000000000000000000, 0.000000000000000000, 0.000000000000000000 ) ) ;
#10 = CARTESIAN_POINT ( 'NONE',  ( 18.42318221294427971, -13.99966073751243911, -7.981394595326759323 ) ) ;
#11 = VERTEX_POINT ( 'NONE', #9919 ) ;
#12 = LINE ( 'NONE', #1625, #7010 ) ;
#13 = VECTOR ( 'NONE', #910, 1000.000000000000000 ) ;
#14 = CARTESIAN_POINT ( 'NONE',  ( 17.98277111319005073, -13.99268514007451891, -11.43714036957314661 ) ) ;
#15 = VECTOR ( 'NONE', #6339, 1000.000000000000000 ) ;
#16 = ORIENTED_EDGE ( 'NONE', *, *, #1720, .F. ) ;
#17 = LINE ( 'NONE', #4827, #8736 ) ;
#18 = CARTESIAN_POINT ( 'NONE',  ( -18.68159805507308135, -12.44767064899369124, -5.880479533291368632 ) ) ;
#19 = DIRECTION ( 'NONE',  ( -7.153498870007452406E-17, -1.000000000000000000, -0.000000000000000000 ) ) ;
#20 = DIRECTION ( 'NONE',  ( -0.000000000000000000, 0.000000000000000000, -1.000000000000000000 ) ) ;
#21 = CARTESIAN_POINT ( 'NONE',  ( 20.55346307255046767, 1.499999999999999556, -5.599999999999999645 ) ) ;
#22 = ORIENTED_EDGE ( 'NONE', *, *, #6795, .F. ) ;
#23 = FACE_OUTER_BOUND ( 'NONE', #7934, .T. ) ;
#24 = CARTESIAN_POINT ( 'NONE',  ( 20.50003194570080112, 11.86516739580179980, -7.130101917578719473 ) ) ;
#25 = CARTESIAN_POINT ( 'NONE',  ( -18.70138024028793211, -11.72454624992365169, -5.712495525898798832 ) ) ;
#26 = B_SPLINE_CURVE_WITH_KNOTS ( 'NONE', 3,
 ( #4045, #8594, #7141, #6384 ),
 .UNSPECIFIED., .F., .F.,
 ( 4, 4 ),
 ( 0.9726141765432954056, 1.000000000000000000 ),
 .UNSPECIFIED. ) ;
#27 = LINE ( 'NONE', #830, #1510 ) ;
#28 = EDGE_CURVE ( 'NONE', #6156, #6493, #7077, .T. ) ;
#29 = DIRECTION ( 'NONE',  ( -0.000000000000000000, 0.000000000000000000, 1.000000000000000000 ) ) ;
#30 = CARTESIAN_POINT ( 'NONE',  ( 18.14366517807006218, -14.00000000000000000, -7.783197974465507762 ) ) ;
#31 = VERTEX_POINT ( 'NONE', #3757 ) ;
#32 = EDGE_LOOP ( 'NONE', ( #7631, #4484, #7838, #4040, #9744, #1682, #6068 ) ) ;
#33 = CARTESIAN_POINT ( 'NONE',  ( -19.09947433670051709, 12.28559500884107969, -5.937755292663778661 ) ) ;
#34 = VERTEX_POINT ( 'NONE', #6952 ) ;
#35 = FILL_AREA_STYLE_COLOUR ( '', #72 ) ;
#36 = CARTESIAN_POINT ( 'NONE',  ( 18.24323603000984306, -13.99761134131999540, -9.389588056611955835 ) ) ;
#37 = ADVANCED_FACE ( 'NONE', ( #3050 ), #2249, .F. ) ;
#38 = CARTESIAN_POINT ( 'NONE',  ( -18.00000000000000355, 14.00000000000000000, -7.386213562373100672 ) ) ;
#39 = CARTESIAN_POINT ( 'NONE',  ( -20.50000000000000000, 6.500000000000000000, 2.365120500916039425 ) ) ;
#40 = DIRECTION ( 'NONE',  ( -0.000000000000000000, 1.000000000000000000, 0.000000000000000000 ) ) ;
#41 = ORIENTED_EDGE ( 'NONE', *, *, #8811, .T. ) ;
#42 = VERTEX_POINT ( 'NONE', #5335 ) ;
#43 = CARTESIAN_POINT ( 'NONE',  ( 18.30227179871123511, 14.00013036619536599, -7.689333984664240340 ) ) ;
#44 = CARTESIAN_POINT ( 'NONE',  ( -23.00000000000000000, 5.500000000000000000, 2.943364503850800062 ) ) ;
#45 = EDGE_LOOP ( 'NONE', ( #8735, #9860, #3394, #9806, #3312, #8083, #2654, #1752, #8209, #8486, #6376, #2358 ) ) ;
#46 = FACE_OUTER_BOUND ( 'NONE', #3249, .T. ) ;
#47 = EDGE_CURVE ( 'NONE', #6866, #902, #9507, .T. ) ;
#48 = AXIS2_PLACEMENT_3D ( 'NONE', #549, #2073, #602 ) ;
#49 = DIRECTION ( 'NONE',  ( 0.000000000000000000, 0.000000000000000000, 1.000000000000000000 ) ) ;
#50 = CARTESIAN_POINT ( 'NONE',  ( -18.47282208468008591, -12.74232248437508730, -5.938041490379395881 ) ) ;
#51 = EDGE_CURVE ( 'NONE', #2386, #3018, #2853, .T. ) ;
#52 = AXIS2_PLACEMENT_3D ( 'NONE', #1106, #4202, #4867 ) ;
#53 = CARTESIAN_POINT ( 'NONE',  ( -23.00000000000000000, 2.500000000000000000, 4.014694594305530551 ) ) ;
#54 = ORIENTED_EDGE ( 'NONE', *, *, #5615, .F. ) ;
#55 = CARTESIAN_POINT ( 'NONE',  ( 20.50000000000000000, 5.500000000000000000, -7.500000000000000000 ) ) ;
#56 = CARTESIAN_POINT ( 'NONE',  ( 19.05090827251379082, 12.17651574162170824, -5.903595562325325119 ) ) ;
#57 = ORIENTED_EDGE ( 'NONE', *, *, #6454, .T. ) ;
#58 = FACE_BOUND ( 'NONE', #6471, .T. ) ;
#59 = CARTESIAN_POINT ( 'NONE',  ( -19.50000000000000000, -6.036934230161829382E-15, -7.721999999999999531 ) ) ;
#60 = CARTESIAN_POINT ( 'NONE',  ( 20.50000000000000000, -11.98951894388871686, -7.422243728619720038 ) ) ;
#61 = VERTEX_POINT ( 'NONE', #9818 ) ;
#62 = FACE_OUTER_BOUND ( 'NONE', #8487, .T. ) ;
#63 = AXIS2_PLACEMENT_3D ( 'NONE', #4297, #5826, #6631 ) ;
#64 = LINE ( 'NONE', #8509, #6049 ) ;
#65 = AXIS2_PLACEMENT_3D ( 'NONE', #1157, #3443, #3402 ) ;
#66 = ADVANCED_FACE ( 'NONE', ( #9219 ), #5385, .F. ) ;
#67 = LINE ( 'NONE', #9315, #4411 ) ;
#68 = CARTESIAN_POINT ( 'NONE',  ( -3.270000000000003570, -13.99999999999999822, -2.985999999999998877 ) ) ;
#69 = ORIENTED_EDGE ( 'NONE', *, *, #7107, .F. ) ;
#70 = AXIS2_PLACEMENT_3D ( 'NONE', #9475, #1842, #6505 ) ;
#71 = LINE ( 'NONE', #8458, #7925 ) ;
#72 = COLOUR_RGB ( '',0.7921568627450980005, 0.8196078431372548767, 0.9333333333333333481 ) ;
#73 = CARTESIAN_POINT ( 'NONE',  ( -19.25205645743062988, -12.17327111098568793, -5.951189286634522624 ) ) ;
#74 = CARTESIAN_POINT ( 'NONE',  ( 25.50000000000000000, -5.947284263024439757E-15, -7.721999999999999531 ) ) ;
#75 = LINE ( 'NONE', #6252, #5803 ) ;
#76 = ORIENTED_EDGE ( 'NONE', *, *, #8312, .F. ) ;
#77 = CARTESIAN_POINT ( 'NONE',  ( 13.92934000091377023, 15.11555248169234389, -3.190510322300985191 ) ) ;
#78 = CARTESIAN_POINT ( 'NONE',  ( 20.49999803110546637, 11.83567267927002220, -7.420694676876447460 ) ) ;
#79 = CARTESIAN_POINT ( 'NONE',  ( -18.49439328199474630, -12.87468076965501851, -5.955048039589542874 ) ) ;
#80 = AXIS2_PLACEMENT_3D ( 'NONE', #513, #9757, #2844 ) ;
#81 = CARTESIAN_POINT ( 'NONE',  ( -20.03359580504284310, 13.28425079913384899, -7.443073178544965529 ) ) ;
#82 = CARTESIAN_POINT ( 'NONE',  ( -20.50000000000000000, -2.500000000000000000, 0.000000000000000000 ) ) ;
#83 = CARTESIAN_POINT ( 'NONE',  ( -23.00000000000000000, -14.49999999999999822, 5.028000000000000469 ) ) ;
#84 = CARTESIAN_POINT ( 'NONE',  ( 18.75642697991196428, -14.00000000000000000, -7.452749731176419701 ) ) ;
#85 = VERTEX_POINT ( 'NONE', #1530 ) ;
#86 = VECTOR ( 'NONE', #4870, 1000.000000000000000 ) ;
#87 = ORIENTED_EDGE ( 'NONE', *, *, #5038, .F. ) ;
#88 = CARTESIAN_POINT ( 'NONE',  ( -18.93694393091722006, 14.00259870952214847, -7.537167270068513503 ) ) ;
#89 = ORIENTED_EDGE ( 'NONE', *, *, #8639, .F. ) ;
#90 = LINE ( 'NONE', #1646, #1518 ) ;
#91 = CARTESIAN_POINT ( 'NONE',  ( 20.02935252483414885, -13.69047600431330736, -10.22064101716494022 ) ) ;
#92 = ADVANCED_FACE ( 'NONE', ( #3659 ), #2200, .F. ) ;
#93 = AXIS2_PLACEMENT_3D ( 'NONE', #3212, #4882, #2450 ) ;
#94 = DIRECTION ( 'NONE',  ( 0.000000000000000000, 0.000000000000000000, 1.000000000000000000 ) ) ;
#95 = CARTESIAN_POINT ( 'NONE',  ( -13.12000000000000277, -13.99999999999999822, -2.986000000000068155 ) ) ;
#96 = EDGE_CURVE ( 'NONE', #1800, #7312, #8461, .T. ) ;
#97 = DIRECTION ( 'NONE',  ( -7.153498870007452406E-17, -1.000000000000000000, 0.000000000000000000 ) ) ;
#98 = ORIENTED_EDGE ( 'NONE', *, *, #2078, .T. ) ;
#99 = ORIENTED_EDGE ( 'NONE', *, *, #3008, .F. ) ;
#100 = ADVANCED_FACE ( 'NONE', ( #9021 ), #7544, .F. ) ;
#101 = CARTESIAN_POINT ( 'NONE',  ( 18.25243987395481682, 12.91295802486328270, -5.941226014566478142 ) ) ;
#102 = CARTESIAN_POINT ( 'NONE',  ( 19.91620936450787482, 13.41221775706209662, -7.443207812665582068 ) ) ;
#103 = AXIS2_PLACEMENT_3D ( 'NONE', #3710, #8309, #1325 ) ;
#104 = ORIENTED_EDGE ( 'NONE', *, *, #3812, .F. ) ;
#105 = CARTESIAN_POINT ( 'NONE',  ( 25.50000000000000000, -5.947284263024439757E-15, -7.721999999999999531 ) ) ;
#106 = CARTESIAN_POINT ( 'NONE',  ( 19.96572852462055536, 11.90990947719358140, -6.253579596978542376 ) ) ;
#107 = EDGE_CURVE ( 'NONE', #8922, #7881, #3825, .T. ) ;
#108 = CARTESIAN_POINT ( 'NONE',  ( -18.55235006418879351, -12.46530826073103704, -5.882886420711957776 ) ) ;
#109 = AXIS2_PLACEMENT_3D ( 'NONE', #6624, #9687, #7465 ) ;
#110 = CYLINDRICAL_SURFACE ( 'NONE', #4132, 0.6750000000000020428 ) ;
#111 = EDGE_CURVE ( 'NONE', #6535, #3568, #6844, .T. ) ;
#112 = DIRECTION ( 'NONE',  ( 1.000000000000000000, -7.153498870007452406E-17, -0.000000000000000000 ) ) ;
#113 = ORIENTED_EDGE ( 'NONE', *, *, #5523, .T. ) ;
#114 = CARTESIAN_POINT ( 'NONE',  ( 20.50000000000000000, -9.185353341053369647, 6.938574612190291103E-17 ) ) ;
#115 = CARTESIAN_POINT ( 'NONE',  ( 19.24802555009523175, 12.16675947848185402, -5.949172849492510018 ) ) ;
#116 = ORIENTED_EDGE ( 'NONE', *, *, #6957, .F. ) ;
#117 = CARTESIAN_POINT ( 'NONE',  ( -18.80153681019866951, -14.05122681929506712, -9.437188617361860210 ) ) ;
#118 = DIRECTION ( 'NONE',  ( -7.153498870007452406E-17, -1.000000000000000000, 0.000000000000000000 ) ) ;
#119 = CARTESIAN_POINT ( 'NONE',  ( 18.91265174159857665, -14.01116450533048585, -7.872224882936526669 ) ) ;
#120 = ORIENTED_EDGE ( 'NONE', *, *, #6658, .T. ) ;
#121 = CARTESIAN_POINT ( 'NONE',  ( -18.67081981922670408, -12.84164107351133310, -5.972000000000003084 ) ) ;
#122 = FACE_OUTER_BOUND ( 'NONE', #6080, .T. ) ;
#123 = CIRCLE ( 'NONE', #3013, 0.6750000000000002665 ) ;
#124 = LINE ( 'NONE', #7638, #1600 ) ;
#125 = ORIENTED_EDGE ( 'NONE', *, *, #8132, .F. ) ;
#126 = CARTESIAN_POINT ( 'NONE',  ( 19.50000000000000000, 6.500000000000000000, 1.932560250458019935 ) ) ;
#127 = CARTESIAN_POINT ( 'NONE',  ( -18.92404271793350645, -12.44772635228902047, -5.938646518653434292 ) ) ;
#128 = CARTESIAN_POINT ( 'NONE',  ( -20.50000000000000000, -1.500000000000000000, 0.000000000000000000 ) ) ;
#129 = CARTESIAN_POINT ( 'NONE',  ( -0.3776113207955863471, 14.78729813006299487, -5.509794598847696179 ) ) ;
#130 = ORIENTED_EDGE ( 'NONE', *, *, #9438, .T. ) ;
#131 = CARTESIAN_POINT ( 'NONE',  ( 16.23852351253469806, 15.24839760718883674, -4.575321406502817823 ) ) ;
#132 = CARTESIAN_POINT ( 'NONE',  ( 20.50000374169058404, 11.91684098224115829, -7.430197907445428740 ) ) ;
#133 = EDGE_CURVE ( 'NONE', #3947, #1457, #75, .T. ) ;
#134 = DIRECTION ( 'NONE',  ( 1.000000000000000000, 0.000000000000000000, -0.000000000000000000 ) ) ;
#135 = PLANE ( 'NONE',  #4576 ) ;
#136 = CARTESIAN_POINT ( 'NONE',  ( -20.50000000000000000, 14.00000000000000355, 0.000000000000000000 ) ) ;
#137 = AXIS2_PLACEMENT_3D ( 'NONE', #4385, #5968, #5008 ) ;
#138 = CARTESIAN_POINT ( 'NONE',  ( 18.92619427218920336, -13.99924837896953633, -8.119123646014653417 ) ) ;
#139 = VERTEX_POINT ( 'NONE', #1584 ) ;
#140 = ORIENTED_EDGE ( 'NONE', *, *, #9116, .T. ) ;
#141 = CARTESIAN_POINT ( 'NONE',  ( 9.619999999999990337, 13.99999999999999822, -2.986000000000001986 ) ) ;
#142 = ORIENTED_EDGE ( 'NONE', *, *, #8639, .T. ) ;
#143 = DIRECTION ( 'NONE',  ( 0.000000000000000000, 0.000000000000000000, -1.000000000000000000 ) ) ;
#144 = CARTESIAN_POINT ( 'NONE',  ( 18.09441347376622033, -14.00000000000000000, -10.86666371748652260 ) ) ;
#145 = EDGE_CURVE ( 'NONE', #5170, #7560, #3264, .T. ) ;
#146 = VECTOR ( 'NONE', #6889, 1000.000000000000000 ) ;
#147 = AXIS2_PLACEMENT_3D ( 'NONE', #5999, #4466, #2951 ) ;
#148 = DIRECTION ( 'NONE',  ( 0.000000000000000000, 0.000000000000000000, 1.000000000000000000 ) ) ;
#149 = DIRECTION ( 'NONE',  ( -1.000000000000000000, 0.000000000000000000, 0.000000000000000000 ) ) ;
#150 = ORIENTED_EDGE ( 'NONE', *, *, #9426, .T. ) ;
#151 = ORIENTED_EDGE ( 'NONE', *, *, #5494, .T. ) ;
#152 = CARTESIAN_POINT ( 'NONE',  ( 18.00000000000000000, 12.73887407458984633, -5.879678043699434475 ) ) ;
#153 = CARTESIAN_POINT ( 'NONE',  ( -15.00000000000000000, -16.50000000000000000, 5.028000000000001357 ) ) ;
#154 = VERTEX_POINT ( 'NONE', #9417 ) ;
#155 = CARTESIAN_POINT ( 'NONE',  ( -20.50000000000000000, -10.00000000000000000, 3.527999999999990255 ) ) ;
#156 = AXIS2_PLACEMENT_3D ( 'NONE', #4164, #8194, #6642 ) ;
#157 = DIRECTION ( 'NONE',  ( 0.000000000000000000, 0.000000000000000000, 1.000000000000000000 ) ) ;
#158 = FACE_OUTER_BOUND ( 'NONE', #4635, .T. ) ;
#159 = EDGE_CURVE ( 'NONE', #7283, #3399, #9371, .T. ) ;
#160 = ORIENTED_EDGE ( 'NONE', *, *, #915, .F. ) ;
#161 = DIRECTION ( 'NONE',  ( 1.000000000000000000, -5.426742037195429582E-32, -4.579663590744439848E-16 ) ) ;
#162 = CARTESIAN_POINT ( 'NONE',  ( 20.30444312257815298, 12.08711564972870178, -6.470746751480970005 ) ) ;
#163 = ORIENTED_EDGE ( 'NONE', *, *, #6344, .F. ) ;
#164 = CARTESIAN_POINT ( 'NONE',  ( -18.25568003108696402, -13.99880470754978212, -9.390485097508280532 ) ) ;
#165 = LINE ( 'NONE', #8447, #1856 ) ;
#166 = CARTESIAN_POINT ( 'NONE',  ( 18.41699358958359412, -13.99921848462686569, -7.850651690313103614 ) ) ;
#167 = ORIENTED_EDGE ( 'NONE', *, *, #5172, .F. ) ;
#168 = FACE_BOUND ( 'NONE', #3194, .T. ) ;
#169 = CIRCLE ( 'NONE', #1114, 1.749999999999991118 ) ;
#170 = EDGE_CURVE ( 'NONE', #9355, #9466, #3353, .T. ) ;
#171 = DIRECTION ( 'NONE',  ( 1.000000000000000000, -0.000000000000000000, -0.000000000000000000 ) ) ;
#172 = VECTOR ( 'NONE', #1786, 1000.000000000000000 ) ;
#173 = DIRECTION ( 'NONE',  ( 1.000000000000000000, -0.000000000000000000, -0.000000000000000000 ) ) ;
#174 = EDGE_LOOP ( 'NONE', ( #8027, #6965, #448, #7765, #3583 ) ) ;
#175 = CARTESIAN_POINT ( 'NONE',  ( -20.02595913839592967, 11.91580034314607772, -6.299856278506212881 ) ) ;
#176 = CARTESIAN_POINT ( 'NONE',  ( -18.66509392655379784, -12.78617528662588398, -5.958079284616223603 ) ) ;
#177 = CYLINDRICAL_SURFACE ( 'NONE', #3981, 0.6750000000000002665 ) ;
#178 = CARTESIAN_POINT ( 'NONE',  ( -13.79500000000000881, -15.23095508353724981, -3.058546960719922492 ) ) ;
#179 = CARTESIAN_POINT ( 'NONE',  ( 19.40128376187092485, -12.03597908190214483, -5.972009745953828386 ) ) ;
#180 = ORIENTED_EDGE ( 'NONE', *, *, #1827, .T. ) ;
#181 = LINE ( 'NONE', #5543, #6218 ) ;
#182 = B_SPLINE_CURVE_WITH_KNOTS ( 'NONE', 3,
 ( #1907, #9720, #4276, #2056, #7356 ),
 .UNSPECIFIED., .F., .F.,
 ( 4, 1, 4 ),
 ( 0.000000000000000000, 0.4285714285714294358, 0.9178323208745392536 ),
 .UNSPECIFIED. ) ;
#183 = CARTESIAN_POINT ( 'NONE',  ( 19.45321423865400234, 11.87171007058380034, -5.971999999999999531 ) ) ;
#184 = AXIS2_PLACEMENT_3D ( 'NONE', #7095, #161, #3948 ) ;
#185 = EDGE_CURVE ( 'NONE', #1413, #8606, #8365, .T. ) ;
#186 = DIRECTION ( 'NONE',  ( 1.000000000000000000, 0.000000000000000000, 0.000000000000000000 ) ) ;
#187 = FACE_OUTER_BOUND ( 'NONE', #507, .T. ) ;
#188 = LINE ( 'NONE', #883, #640 ) ;
#189 = CARTESIAN_POINT ( 'NONE',  ( 20.50000000000000000, 14.00000000000000000, 0.000000000000000000 ) ) ;
#190 = CARTESIAN_POINT ( 'NONE',  ( 18.16164798901723998, -14.00000000000000000, -7.478535518673660398 ) ) ;
#191 = ORIENTED_EDGE ( 'NONE', *, *, #8137, .T. ) ;
#192 = ORIENTED_EDGE ( 'NONE', *, *, #7137, .T. ) ;
#193 = CARTESIAN_POINT ( 'NONE',  ( 0.1847685396962384652, 14.75736285955066585, -5.792269591509226601 ) ) ;
#194 = ORIENTED_EDGE ( 'NONE', *, *, #955, .T. ) ;
#195 = CARTESIAN_POINT ( 'NONE',  ( 19.78404042698767284, -11.89212405178431631, -6.113840767897537276 ) ) ;
#196 = CARTESIAN_POINT ( 'NONE',  ( 20.62962704855205587, -12.37927640753748193, -11.25453786771026188 ) ) ;
#197 = LINE ( 'NONE', #3983, #5109 ) ;
#198 = LINE ( 'NONE', #6269, #9610 ) ;
#199 = ADVANCED_FACE ( 'NONE', ( #4830 ), #7912, .T. ) ;
#200 = LINE ( 'NONE', #3986, #2228 ) ;
#201 = VERTEX_POINT ( 'NONE', #2348 ) ;
#202 = ORIENTED_EDGE ( 'NONE', *, *, #4239, .F. ) ;
#203 = LINE ( 'NONE', #2574, #2786 ) ;
#204 = CARTESIAN_POINT ( 'NONE',  ( 9.619999999999992113, 43.50000000000000711, -2.986000000000001986 ) ) ;
#205 = ORIENTED_EDGE ( 'NONE', *, *, #6964, .F. ) ;
#206 = CARTESIAN_POINT ( 'NONE',  ( 20.50000000000000000, -10.50000000000000000, -9.500000000000000000 ) ) ;
#207 = PLANE ( 'NONE',  #2494 ) ;
#208 = DIRECTION ( 'NONE',  ( 0.000000000000000000, 0.000000000000000000, 1.000000000000000000 ) ) ;
#209 = DIRECTION ( 'NONE',  ( 0.000000000000000000, 0.000000000000000000, 1.000000000000000000 ) ) ;
#210 = ORIENTED_EDGE ( 'NONE', *, *, #159, .T. ) ;
#211 = DIRECTION ( 'NONE',  ( 1.000000000000000000, -0.000000000000000000, -0.000000000000000000 ) ) ;
#212 = CARTESIAN_POINT ( 'NONE',  ( 19.99728074593820182, 13.62921412126730125, -7.150569346742150501 ) ) ;
#213 = EDGE_LOOP ( 'NONE', ( #5010, #8158, #5635, #9888, #8904 ) ) ;
#214 = CARTESIAN_POINT ( 'NONE',  ( -20.57652193214553193, -12.47321200167277588, -9.675535696810809938 ) ) ;
#215 = CARTESIAN_POINT ( 'NONE',  ( -18.93759041001599641, 12.46261789644505491, -5.941938878549112069 ) ) ;
#216 = ORIENTED_EDGE ( 'NONE', *, *, #4612, .T. ) ;
#217 = CARTESIAN_POINT ( 'NONE',  ( -19.50000000000000000, -6.036934230161829382E-15, -7.721999999999999531 ) ) ;
#218 = EDGE_CURVE ( 'NONE', #7971, #6421, #5439, .T. ) ;
#219 = VECTOR ( 'NONE', #5683, 1000.000000000000000 ) ;
#220 = CARTESIAN_POINT ( 'NONE',  ( -13.69799001504838820, 15.75219916590824631, -3.345030179233419165 ) ) ;
#221 = LINE ( 'NONE', #8046, #4500 ) ;
#222 = VERTEX_POINT ( 'NONE', #1070 ) ;
#223 = EDGE_CURVE ( 'NONE', #3266, #8183, #3407, .T. ) ;
#224 = CARTESIAN_POINT ( 'NONE',  ( -19.20011310347728539, -12.31388043837033841, -5.959027489300135372 ) ) ;
#225 = PLANE ( 'NONE',  #5269 ) ;
#226 = AXIS2_PLACEMENT_3D ( 'NONE', #4837, #9277, #5445 ) ;
#227 = DIRECTION ( 'NONE',  ( 0.000000000000000000, 0.000000000000000000, -1.000000000000000000 ) ) ;
#228 = LINE ( 'NONE', #2552, #4286 ) ;
#229 = EDGE_LOOP ( 'NONE', ( #4852, #477, #4088, #1866 ) ) ;
#230 = CARTESIAN_POINT ( 'NONE',  ( -20.50000000000000000, -12.00000000000000000, -9.500000000000000000 ) ) ;
#231 = LINE ( 'NONE', #2650, #4583 ) ;
#232 = EDGE_CURVE ( 'NONE', #3528, #302, #3387, .T. ) ;
#233 = LINE ( 'NONE', #6256, #6853 ) ;
#234 = VECTOR ( 'NONE', #8246, 1000.000000000000000 ) ;
#235 = AXIS2_PLACEMENT_3D ( 'NONE', #7197, #8760, #7155 ) ;
#236 = CARTESIAN_POINT ( 'NONE',  ( -17.99999999999999645, -13.00000000000000000, -5.971999999999999531 ) ) ;
#237 = CARTESIAN_POINT ( 'NONE',  ( 1.249999999999996447, 33.50000000000000000, -2.985999999999998877 ) ) ;
#238 = EDGE_CURVE ( 'NONE', #1002, #9023, #2601, .T. ) ;
#239 = CARTESIAN_POINT ( 'NONE',  ( 18.28854253588340484, -14.00018685821335751, -7.813412729375620813 ) ) ;
#240 = VERTEX_POINT ( 'NONE', #8050 ) ;
#241 = VERTEX_POINT ( 'NONE', #3505 ) ;
#242 = CARTESIAN_POINT ( 'NONE',  ( -19.99600222982732589, 13.63934714623149524, -7.552710186580599228 ) ) ;
#243 = VERTEX_POINT ( 'NONE', #1117 ) ;
#244 = CARTESIAN_POINT ( 'NONE',  ( 19.50000000000000000, -11.50000000000000000, -5.600000000000000533 ) ) ;
#245 = AXIS2_PLACEMENT_3D ( 'NONE', #9804, #1418, #2986 ) ;
#246 = AXIS2_PLACEMENT_3D ( 'NONE', #5110, #7474, #1306 ) ;
#247 = EDGE_CURVE ( 'NONE', #5294, #9131, #1837, .T. ) ;
#248 = ADVANCED_FACE ( 'NONE', ( #1163 ), #6906, .T. ) ;
#249 = CARTESIAN_POINT ( 'NONE',  ( 20.50000000000000000, 6.500000000000000000, -7.500000000000000000 ) ) ;
#250 = CARTESIAN_POINT ( 'NONE',  ( -23.00000000000000000, 2.500000000000000000, -9.500000000000001776 ) ) ;
#251 = AXIS2_PLACEMENT_3D ( 'NONE', #7389, #2039, #5217 ) ;
#252 = DIRECTION ( 'NONE',  ( 1.000000000000000000, 0.000000000000000000, 0.000000000000000000 ) ) ;
#253 = ORIENTED_EDGE ( 'NONE', *, *, #9361, .T. ) ;
#254 = ORIENTED_EDGE ( 'NONE', *, *, #4668, .T. ) ;
#255 = CARTESIAN_POINT ( 'NONE',  ( -19.40095675144319287, 12.03682333618738198, -5.972007796612681219 ) ) ;
#256 = LINE ( 'NONE', #5669, #5654 ) ;
#257 = EDGE_LOOP ( 'NONE', ( #3562, #684 ) ) ;
#258 = LINE ( 'NONE', #3480, #5875 ) ;
#259 = CARTESIAN_POINT ( 'NONE',  ( -18.33384946740449806, -14.00000000000000000, -7.402986025989269692 ) ) ;
#260 = EDGE_CURVE ( 'NONE', #7261, #2960, #2994, .T. ) ;
#261 = CARTESIAN_POINT ( 'NONE',  ( 18.33395471292929813, -14.00000000000000533, -7.402998419945675757 ) ) ;
#262 = VECTOR ( 'NONE', #9920, 1000.000000000000000 ) ;
#263 = FACE_OUTER_BOUND ( 'NONE', #6, .T. ) ;
#264 = ORIENTED_EDGE ( 'NONE', *, *, #1000, .F. ) ;
#265 = B_SPLINE_CURVE_WITH_KNOTS ( 'NONE', 3,
 ( #5893, #2046, #5125, #8202, #6852, #7492, #9066, #7444, #5943, #6040, #7641, #671, #9861, #6094, #9115 ),
 .UNSPECIFIED., .F., .F.,
 ( 4, 2, 1, 1, 1, 2, 2, 2, 4 ),
 ( 0.5003654756058173447, 0.5042688703276468898, 0.5081722650494764348, 0.5159790544931355250, 0.5315926333804535941, 0.5628197911550899546, 0.6252741067043615653, 0.7501827378029075621, 1.000000000000000000 ),
 .UNSPECIFIED. ) ;
#266 = CARTESIAN_POINT ( 'NONE',  ( -1.348076211353322673, -13.99999999999999822, -4.486000000000000654 ) ) ;
#267 = CARTESIAN_POINT ( 'NONE',  ( 20.50000000000000000, 11.98823716833210540, -7.522438511785602522 ) ) ;
#268 = VERTEX_POINT ( 'NONE', #9961 ) ;
#269 = EDGE_CURVE ( 'NONE', #268, #5767, #6849, .T. ) ;
#270 = PLANE ( 'NONE',  #6672 ) ;
#271 = ORIENTED_EDGE ( 'NONE', *, *, #7521, .T. ) ;
#272 = DIRECTION ( 'NONE',  ( 5.782411586589356653E-16, 1.184965211890880193E-16, 1.000000000000000000 ) ) ;
#273 = EDGE_CURVE ( 'NONE', #8047, #2188, #124, .T. ) ;
#274 = VECTOR ( 'NONE', #8178, 1000.000000000000000 ) ;
#275 = DIRECTION ( 'NONE',  ( -1.000000000000000000, 0.000000000000000000, -0.000000000000000000 ) ) ;
#276 = DIRECTION ( 'NONE',  ( 0.000000000000000000, 2.906723457586479957E-16, -1.000000000000000000 ) ) ;
#277 = ORIENTED_EDGE ( 'NONE', *, *, #3377, .T. ) ;
#278 = CARTESIAN_POINT ( 'NONE',  ( 19.77661755013999922, -11.97241752691620142, -6.075320723720139426 ) ) ;
#279 = VECTOR ( 'NONE', #19, 1000.000000000000000 ) ;
#280 = CARTESIAN_POINT ( 'NONE',  ( -18.49896426780080461, -14.00000000000000000, -7.431347404464418993 ) ) ;
#281 = CARTESIAN_POINT ( 'NONE',  ( 19.05093893757124235, -12.17649232184417940, -5.903594022048369361 ) ) ;
#282 = ORIENTED_EDGE ( 'NONE', *, *, #8148, .F. ) ;
#283 = LINE ( 'NONE', #3361, #3469 ) ;
#284 = CARTESIAN_POINT ( 'NONE',  ( 20.50000000000000000, -12.03360809047969937, -7.137163111788890291 ) ) ;
#285 = LINE ( 'NONE', #4835, #5067 ) ;
#286 = DIRECTION ( 'NONE',  ( 0.000000000000000000, -2.906723457586479957E-16, 1.000000000000000000 ) ) ;
#287 = CARTESIAN_POINT ( 'NONE',  ( 25.50000000000000000, 10.50000000000000000, -9.500000000000000000 ) ) ;
#288 = CARTESIAN_POINT ( 'NONE',  ( 0.000000000000000000, 0.000000000000000000, 5.028000000000000469 ) ) ;
#289 = ORIENTED_EDGE ( 'NONE', *, *, #9695, .T. ) ;
#290 = EDGE_CURVE ( 'NONE', #2174, #9431, #8387, .T. ) ;
#291 = ORIENTED_EDGE ( 'NONE', *, *, #8890, .T. ) ;
#292 = CARTESIAN_POINT ( 'NONE',  ( -1.262705609681084473, 15.28098422780993992, -4.633866219569036993 ) ) ;
#293 = VERTEX_POINT ( 'NONE', #818 ) ;
#294 = DIRECTION ( 'NONE',  ( 0.000000000000000000, 1.000000000000000000, 0.000000000000000000 ) ) ;
#295 = EDGE_CURVE ( 'NONE', #7894, #8463, #3089, .T. ) ;
#296 = LINE ( 'NONE', #8068, #5452 ) ;
#297 = FACE_OUTER_BOUND ( 'NONE', #4913, .T. ) ;
#298 = CARTESIAN_POINT ( 'NONE',  ( 5.769999999999993356, 33.50000000000000000, -2.985999999999998877 ) ) ;
#299 = EDGE_LOOP ( 'NONE', ( #140, #2658, #9373, #4397 ) ) ;
#300 = CARTESIAN_POINT ( 'NONE',  ( 3.848076211353312015, -14.00000000000000000, -1.485999999999999543 ) ) ;
#301 = CARTESIAN_POINT ( 'NONE',  ( 20.03341424514271552, 13.28446836874062065, -7.443072070812025487 ) ) ;
#302 = VERTEX_POINT ( 'NONE', #6299 ) ;
#303 = CARTESIAN_POINT ( 'NONE',  ( -20.50000000000000000, -1.499999999999999556, -7.500000000000000000 ) ) ;
#304 = CARTESIAN_POINT ( 'NONE',  ( 1.665334536937730077E-15, 16.50000000000000000, -1.485999999999999543 ) ) ;
#305 = VECTOR ( 'NONE', #6583, 1000.000000000000000 ) ;
#306 = EDGE_CURVE ( 'NONE', #425, #3803, #2194, .T. ) ;
#307 = DIRECTION ( 'NONE',  ( 1.000000000000000000, 0.000000000000000000, 0.000000000000000000 ) ) ;
#308 = VECTOR ( 'NONE', #339, 1000.000000000000000 ) ;
#309 = CARTESIAN_POINT ( 'NONE',  ( -23.00000000000000000, 5.499999999999999112, -7.500000000000000000 ) ) ;
#310 = EDGE_LOOP ( 'NONE', ( #277, #8103, #9260, #470, #5592, #2860, #1093 ) ) ;
#311 = CARTESIAN_POINT ( 'NONE',  ( -13.79500000000000526, -15.23095508353724448, -2.986000000000068155 ) ) ;
#312 = CARTESIAN_POINT ( 'NONE',  ( 20.26313961314270173, 12.58817753695619857, -6.466931168107779904 ) ) ;
#313 = ORIENTED_EDGE ( 'NONE', *, *, #3896, .T. ) ;
#314 = DIRECTION ( 'NONE',  ( 0.000000000000000000, -1.000000000000000000, -0.000000000000000000 ) ) ;
#315 = ORIENTED_EDGE ( 'NONE', *, *, #6031, .T. ) ;
#316 = LINE ( 'NONE', #8804, #7806 ) ;
#317 = CIRCLE ( 'NONE', #4485, 0.6750000000000020428 ) ;
#318 = FACE_OUTER_BOUND ( 'NONE', #7080, .T. ) ;
#319 = PLANE ( 'NONE',  #4671 ) ;
#320 = ORIENTED_EDGE ( 'NONE', *, *, #2942, .F. ) ;
#321 = CARTESIAN_POINT ( 'NONE',  ( 20.50000000000000000, -12.00000000000000000, -7.422552296971640651 ) ) ;
#322 = CARTESIAN_POINT ( 'NONE',  ( -18.47567727936524662, -13.99992868519374056, -7.539678268245688209 ) ) ;
#323 = CARTESIAN_POINT ( 'NONE',  ( 20.50000000000000000, -6.500000000000000000, 0.000000000000000000 ) ) ;
#324 = ORIENTED_EDGE ( 'NONE', *, *, #8990, .F. ) ;
#325 = DIRECTION ( 'NONE',  ( -1.000000000000000000, -1.992221491941909864E-18, 4.579663590744439848E-16 ) ) ;
#326 = CARTESIAN_POINT ( 'NONE',  ( 18.29064523527390307, 14.00000000000000178, -7.400434858267080251 ) ) ;
#327 = VECTOR ( 'NONE', #7013, 1000.000000000000000 ) ;
#328 = CARTESIAN_POINT ( 'NONE',  ( 16.74999999999998579, 16.50000000000000000, -11.00000000000000000 ) ) ;
#329 = PLANE ( 'NONE',  #8878 ) ;
#330 = CARTESIAN_POINT ( 'NONE',  ( 18.41883646149175391, -14.00000000000000000, -8.111767179187944876 ) ) ;
#331 = ORIENTED_EDGE ( 'NONE', *, *, #2783, .F. ) ;
#332 = ORIENTED_EDGE ( 'NONE', *, *, #9276, .T. ) ;
#333 = CARTESIAN_POINT ( 'NONE',  ( 1.582401449856713382, 15.72695085960651795, -5.968278300636149503 ) ) ;
#334 = VERTEX_POINT ( 'NONE', #3802 ) ;
#335 = DIRECTION ( 'NONE',  ( 0.000000000000000000, -1.000000000000000000, -0.000000000000000000 ) ) ;
#336 = EDGE_CURVE ( 'NONE', #334, #5712, #9487, .T. ) ;
#337 = CIRCLE ( 'NONE', #4206, 1.699999999999998401 ) ;
#338 = DIRECTION ( 'NONE',  ( -1.000000000000000000, -0.000000000000000000, -0.000000000000000000 ) ) ;
#339 = DIRECTION ( 'NONE',  ( 0.000000000000000000, 2.906723457586479957E-16, -1.000000000000000000 ) ) ;
#340 = DIRECTION ( 'NONE',  ( -0.000000000000000000, 1.000000000000000000, -0.000000000000000000 ) ) ;
#341 = VERTEX_POINT ( 'NONE', #4615 ) ;
#342 = CARTESIAN_POINT ( 'NONE',  ( -20.50000000000000000, 6.500000000000000000, -9.500000000000001776 ) ) ;
#343 = ORIENTED_EDGE ( 'NONE', *, *, #5153, .T. ) ;
#344 = LINE ( 'NONE', #2535, #6372 ) ;
#345 = CARTESIAN_POINT ( 'NONE',  ( 20.49981603936936736, -11.95647356477762102, -7.521395874415367722 ) ) ;
#346 = LINE ( 'NONE', #5626, #6386 ) ;
#347 = CARTESIAN_POINT ( 'NONE',  ( 15.82842747673052131, -14.95515676619227996, -1.296533014979307730 ) ) ;
#348 = CARTESIAN_POINT ( 'NONE',  ( 11.24086771844660149, 13.99999999999999822, -2.473371636272753804 ) ) ;
#349 = ORIENTED_EDGE ( 'NONE', *, *, #3734, .F. ) ;
#350 = DIRECTION ( 'NONE',  ( 0.000000000000000000, 0.000000000000000000, -1.000000000000000000 ) ) ;
#351 = EDGE_CURVE ( 'NONE', #7295, #3111, #5275, .T. ) ;
#352 = CARTESIAN_POINT ( 'NONE',  ( 18.86731656312339922, 13.16283558839320023, -6.054484965792600093 ) ) ;
#353 = ORIENTED_EDGE ( 'NONE', *, *, #2081, .T. ) ;
#354 = FACE_BOUND ( 'NONE', #6730, .T. ) ;
#355 = EDGE_CURVE ( 'NONE', #4461, #2778, #6141, .T. ) ;
#356 = CARTESIAN_POINT ( 'NONE',  ( -19.91358380419293184, -13.41360021050130769, -7.443204761449202067 ) ) ;
#357 = CARTESIAN_POINT ( 'NONE',  ( -13.33901820347731793, -15.93026999424563073, -2.346454667059002297 ) ) ;
#358 = ADVANCED_FACE ( 'NONE', ( #1526, #6247, #3152 ), #8513, .F. ) ;
#359 = LINE ( 'NONE', #3259, #5134 ) ;
#360 = ORIENTED_EDGE ( 'NONE', *, *, #6134, .T. ) ;
#361 = CARTESIAN_POINT ( 'NONE',  ( 20.50000000000000000, -11.98823716833210540, -7.522438511785602522 ) ) ;
#362 = CARTESIAN_POINT ( 'NONE',  ( -18.92907055095396629, -14.00542623870307146, -7.647645876556272704 ) ) ;
#363 = CARTESIAN_POINT ( 'NONE',  ( 15.55210076756837800, 14.82732200386454657, -1.275781268483986430 ) ) ;
#364 = EDGE_CURVE ( 'NONE', #4103, #1790, #2395, .T. ) ;
#365 = CARTESIAN_POINT ( 'NONE',  ( 18.68757086985608140, -12.24858344973319291, -5.833686515795094785 ) ) ;
#366 = DIRECTION ( 'NONE',  ( -1.000000000000000000, 0.000000000000000000, 0.000000000000000000 ) ) ;
#367 = VERTEX_POINT ( 'NONE', #8563 ) ;
#368 = DIRECTION ( 'NONE',  ( 1.000000000000000000, -0.000000000000000000, -0.000000000000000000 ) ) ;
#369 = PLANE ( 'NONE',  #70 ) ;
#370 = AXIS2_PLACEMENT_3D ( 'NONE', #8704, #7520, #5254 ) ;
#371 = EDGE_CURVE ( 'NONE', #1595, #8945, #1628, .T. ) ;
#372 = CARTESIAN_POINT ( 'NONE',  ( -23.00000000000000000, 1.499999999999999778, -9.500000000000001776 ) ) ;
#373 = ORIENTED_EDGE ( 'NONE', *, *, #528, .F. ) ;
#374 = CARTESIAN_POINT ( 'NONE',  ( -19.50000000000000000, -1.500000000000000000, 2.841940449895339782 ) ) ;
#375 = AXIS2_PLACEMENT_3D ( 'NONE', #4236, #7316, #394 ) ;
#376 = CARTESIAN_POINT ( 'NONE',  ( 18.12028752383872998, -14.00000000000000000, -8.179259166994908625 ) ) ;
#377 = VERTEX_POINT ( 'NONE', #869 ) ;
#378 = VERTEX_POINT ( 'NONE', #4207 ) ;
#379 = CARTESIAN_POINT ( 'NONE',  ( -20.50000000000000000, -12.00000000000000000, -8.972000000000001307 ) ) ;
#380 = ORIENTED_EDGE ( 'NONE', *, *, #3055, .F. ) ;
#381 = CARTESIAN_POINT ( 'NONE',  ( 15.00000000000000000, 16.50000000000000000, -11.00000000000000000 ) ) ;
#382 = VECTOR ( 'NONE', #9198, 1000.000000000000000 ) ;
#383 = VECTOR ( 'NONE', #424, 1000.000000000000000 ) ;
#384 = CARTESIAN_POINT ( 'NONE',  ( -3.270000000000001350, 16.50000000000000000, -2.985999999999998877 ) ) ;
#385 = DIRECTION ( 'NONE',  ( 0.000000000000000000, 0.000000000000000000, -1.000000000000000000 ) ) ;
#386 = CARTESIAN_POINT ( 'NONE',  ( 19.34164089442334600, -12.17082017597097376, -5.971999999831365535 ) ) ;
#387 = CARTESIAN_POINT ( 'NONE',  ( 0.000000000000000000, -16.50000000000000000, -4.485999999999998877 ) ) ;
#388 = ORIENTED_EDGE ( 'NONE', *, *, #2146, .F. ) ;
#389 = AXIS2_PLACEMENT_3D ( 'NONE', #1343, #2867, #5965 ) ;
#390 = AXIS2_PLACEMENT_3D ( 'NONE', #4447, #8546, #1613 ) ;
#391 = DIRECTION ( 'NONE',  ( 5.782411586589356653E-16, 1.184965211890880193E-16, 1.000000000000000000 ) ) ;
#392 = CARTESIAN_POINT ( 'NONE',  ( -1.348076211353316012, 14.00000000000000000, -4.485999999999998877 ) ) ;
#393 = ORIENTED_EDGE ( 'NONE', *, *, #6176, .T. ) ;
#394 = DIRECTION ( 'NONE',  ( 0.000000000000000000, 0.000000000000000000, 1.000000000000000000 ) ) ;
#395 = EDGE_CURVE ( 'NONE', #3355, #5020, #7949, .T. ) ;
#396 = CARTESIAN_POINT ( 'NONE',  ( 20.50000000000000000, -11.81605516285465107, -8.984553185513476592 ) ) ;
#397 = CARTESIAN_POINT ( 'NONE',  ( 20.55346307255046767, -11.00000000000000000, -5.599999999999999645 ) ) ;
#398 = AXIS2_PLACEMENT_3D ( 'NONE', #3662, #6859, #8973 ) ;
#399 = EDGE_CURVE ( 'NONE', #9446, #2123, #7999, .T. ) ;
#400 = DIRECTION ( 'NONE',  ( 0.000000000000000000, 0.000000000000000000, 1.000000000000000000 ) ) ;
#401 = LINE ( 'NONE', #4290, #1768 ) ;
#402 = ORIENTED_EDGE ( 'NONE', *, *, #3392, .T. ) ;
#403 = LINE ( 'NONE', #5053, #7619 ) ;
#404 = CARTESIAN_POINT ( 'NONE',  ( 20.49963572152349300, 11.94332241324994293, -7.721368365836511316 ) ) ;
#405 = ORIENTED_EDGE ( 'NONE', *, *, #2761, .T. ) ;
#406 = DIRECTION ( 'NONE',  ( 0.000000000000000000, 1.000000000000000000, 2.906723457586479957E-16 ) ) ;
#407 = ADVANCED_FACE ( 'NONE', ( #3403 ), #319, .F. ) ;
#408 = CIRCLE ( 'NONE', #8624, 1.749999999999991118 ) ;
#409 = LINE ( 'NONE', #5108, #5066 ) ;
#410 = EDGE_CURVE ( 'NONE', #5291, #2436, #8666, .T. ) ;
#411 = AXIS2_PLACEMENT_3D ( 'NONE', #4683, #7217, #2415 ) ;
#412 = CARTESIAN_POINT ( 'NONE',  ( 18.50000000000000000, 14.00000000000000000, -11.00000000000000000 ) ) ;
#413 = CARTESIAN_POINT ( 'NONE',  ( -18.53360809047969937, 14.00000000000000000, -7.137163111788890291 ) ) ;
#414 = ORIENTED_EDGE ( 'NONE', *, *, #4601, .F. ) ;
#415 = CARTESIAN_POINT ( 'NONE',  ( 20.50003194570080112, -11.86516739580179980, -7.130101917578719473 ) ) ;
#416 = CARTESIAN_POINT ( 'NONE',  ( -18.49689280340241737, -14.00000000000000000, -7.448937619449996994 ) ) ;
#417 = CARTESIAN_POINT ( 'NONE',  ( 18.65104250537503106, -12.15956358468869958, -5.842750510935752040 ) ) ;
#418 = VECTOR ( 'NONE', #4538, 1000.000000000000000 ) ;
#419 = ORIENTED_EDGE ( 'NONE', *, *, #185, .T. ) ;
#420 = DIRECTION ( 'NONE',  ( 0.000000000000000000, 0.000000000000000000, 1.000000000000000000 ) ) ;
#421 = CARTESIAN_POINT ( 'NONE',  ( 18.38623957390243291, 14.00000000000000000, -7.409761885743519905 ) ) ;
#422 = ADVANCED_FACE ( 'NONE', ( #1018 ), #3304, .F. ) ;
#423 = AXIS2_PLACEMENT_3D ( 'NONE', #2316, #5559, #7877 ) ;
#424 = DIRECTION ( 'NONE',  ( 0.000000000000000000, -1.000000000000000000, 0.000000000000000000 ) ) ;
#425 = VERTEX_POINT ( 'NONE', #1784 ) ;
#426 = CARTESIAN_POINT ( 'NONE',  ( -20.49999999960008878, 12.03360754458642212, -7.137163089675945926 ) ) ;
#427 = CARTESIAN_POINT ( 'NONE',  ( 18.00000000000000000, 12.99999999999999645, 1.500000000000000000 ) ) ;
#428 = CARTESIAN_POINT ( 'NONE',  ( -2.595000000000003304, -16.50000000000000000, -2.985999999999998877 ) ) ;
#429 = ORIENTED_EDGE ( 'NONE', *, *, #2762, .T. ) ;
#430 = ORIENTED_EDGE ( 'NONE', *, *, #5927, .T. ) ;
#431 = CARTESIAN_POINT ( 'NONE',  ( 1.749999999999992895, 16.50000000000000000, -5.944039891549808274 ) ) ;
#432 = ORIENTED_EDGE ( 'NONE', *, *, #5915, .F. ) ;
#433 = CARTESIAN_POINT ( 'NONE',  ( 18.00000000000000711, -14.00000000000000000, 0.000000000000000000 ) ) ;
#434 = VECTOR ( 'NONE', #2957, 1000.000000000000000 ) ;
#435 = DIRECTION ( 'NONE',  ( 1.000000000000000000, -0.000000000000000000, 0.000000000000000000 ) ) ;
#436 = FACE_OUTER_BOUND ( 'NONE', #7908, .T. ) ;
#437 = LINE ( 'NONE', #8025, #9468 ) ;
#438 = CARTESIAN_POINT ( 'NONE',  ( 18.00000000000000355, 13.35420522620573891, -6.139339637307786646 ) ) ;
#439 = ORIENTED_EDGE ( 'NONE', *, *, #6770, .T. ) ;
#440 = EDGE_CURVE ( 'NONE', #6510, #2472, #9518, .T. ) ;
#441 = CARTESIAN_POINT ( 'NONE',  ( 11.24086771844659971, -16.50000000000000000, -2.473371636272752472 ) ) ;
#442 = CARTESIAN_POINT ( 'NONE',  ( 20.55346307255046767, -11.00000000000000000, -5.599999999999999645 ) ) ;
#443 = EDGE_LOOP ( 'NONE', ( #7921, #4260, #8207, #1444 ) ) ;
#444 = CARTESIAN_POINT ( 'NONE',  ( 20.53537762905604325, -12.53466185798387400, -8.481065642603750732 ) ) ;
#445 = DIRECTION ( 'NONE',  ( 1.000000000000000000, 0.000000000000000000, 0.000000000000000000 ) ) ;
#446 = CARTESIAN_POINT ( 'NONE',  ( 14.38688732083215882, -14.85947190408779939, -1.811661663239807485 ) ) ;
#447 = CARTESIAN_POINT ( 'NONE',  ( 0.8929582817162340369, 14.98859045582329408, -0.005147964883117484187 ) ) ;
#448 = ORIENTED_EDGE ( 'NONE', *, *, #8787, .T. ) ;
#449 = CARTESIAN_POINT ( 'NONE',  ( 9.619999999999988560, -13.99999999999999822, -2.986000000000001986 ) ) ;
#450 = CARTESIAN_POINT ( 'NONE',  ( 11.67999999999999083, 16.50000000000000000, -2.986000000000040178 ) ) ;
#451 = ORIENTED_EDGE ( 'NONE', *, *, #6612, .F. ) ;
#452 = VECTOR ( 'NONE', #40, 1000.000000000000000 ) ;
#453 = CARTESIAN_POINT ( 'NONE',  ( -18.46305414204904949, -12.94552380098406807, -5.972000004251304617 ) ) ;
#454 = CARTESIAN_POINT ( 'NONE',  ( 19.34164078577286716, 12.17082039326978915, -5.971999999831108852 ) ) ;
#455 = CARTESIAN_POINT ( 'NONE',  ( -18.28844056602376966, -14.00018697665083423, -7.813388231419306607 ) ) ;
#456 = VECTOR ( 'NONE', #1928, 1000.000000000000000 ) ;
#457 = EDGE_CURVE ( 'NONE', #4317, #8924, #3856, .T. ) ;
#458 = CARTESIAN_POINT ( 'NONE',  ( -18.00000000000000000, 13.83424441322330090, -6.506461368959409519 ) ) ;
#459 = ORIENTED_EDGE ( 'NONE', *, *, #1529, .T. ) ;
#460 = CARTESIAN_POINT ( 'NONE',  ( 19.45321423865400234, -11.87171007058380034, -5.971999999999999531 ) ) ;
#461 = CARTESIAN_POINT ( 'NONE',  ( -20.50000000000000000, -11.99792853560160566, -7.440142511957218652 ) ) ;
#462 = EDGE_CURVE ( 'NONE', #982, #6713, #9559, .T. ) ;
#463 = CARTESIAN_POINT ( 'NONE',  ( 18.72893509237998799, -12.48227216355619262, -5.907043089438327677 ) ) ;
#464 = ORIENTED_EDGE ( 'NONE', *, *, #440, .F. ) ;
#465 = FACE_OUTER_BOUND ( 'NONE', #5324, .T. ) ;
#466 = VECTOR ( 'NONE', #4322, 1000.000000000000000 ) ;
#467 = AXIS2_PLACEMENT_3D ( 'NONE', #4060, #6497, #7156 ) ;
#468 = FACE_OUTER_BOUND ( 'NONE', #4855, .T. ) ;
#469 = FACE_BOUND ( 'NONE', #7885, .T. ) ;
#470 = ORIENTED_EDGE ( 'NONE', *, *, #9479, .T. ) ;
#471 = CYLINDRICAL_SURFACE ( 'NONE', #3874, 0.6750000000000020428 ) ;
#472 = CARTESIAN_POINT ( 'NONE',  ( 18.50000000000000000, -12.00000000000000000, -11.00000000000000000 ) ) ;
#473 = DIRECTION ( 'NONE',  ( 1.000000000000000000, 0.000000000000000000, 0.000000000000000000 ) ) ;
#474 = CARTESIAN_POINT ( 'NONE',  ( -18.00000000000000355, -13.78338824309106414, -6.580976457750483455 ) ) ;
#475 = ORIENTED_EDGE ( 'NONE', *, *, #4069, .F. ) ;
#476 = EDGE_CURVE ( 'NONE', #3305, #1406, #1065, .T. ) ;
#477 = ORIENTED_EDGE ( 'NONE', *, *, #5744, .T. ) ;
#478 = DIRECTION ( 'NONE',  ( -0.000000000000000000, -0.000000000000000000, 1.000000000000000000 ) ) ;
#479 = ORIENTED_EDGE ( 'NONE', *, *, #9742, .F. ) ;
#480 = DIRECTION ( 'NONE',  ( 0.000000000000000000, 0.000000000000000000, 1.000000000000000000 ) ) ;
#481 = EDGE_CURVE ( 'NONE', #997, #2737, #8806, .T. ) ;
#482 = VECTOR ( 'NONE', #8965, 1000.000000000000000 ) ;
#483 = EDGE_CURVE ( 'NONE', #2032, #2110, #4356, .T. ) ;
#484 = CARTESIAN_POINT ( 'NONE',  ( 25.50000000000000000, 9.500000000000000000, -0.3905608506923790024 ) ) ;
#485 = SURFACE_STYLE_USAGE ( .BOTH. , #3473 ) ;
#486 = CARTESIAN_POINT ( 'NONE',  ( 20.55346307255046767, 5.499999999999998224, -5.599999999999999645 ) ) ;
#487 = ORIENTED_EDGE ( 'NONE', *, *, #9442, .T. ) ;
#488 = DIRECTION ( 'NONE',  ( -1.000000000000000000, 0.000000000000000000, 0.000000000000000000 ) ) ;
#489 = LINE ( 'NONE', #9780, #9387 ) ;
#490 = ORIENTED_EDGE ( 'NONE', *, *, #7086, .F. ) ;
#491 = CARTESIAN_POINT ( 'NONE',  ( 18.35718893212896674, -13.99876444431818889, -8.439725310191745322 ) ) ;
#492 = VERTEX_POINT ( 'NONE', #4158 ) ;
#493 = FACE_OUTER_BOUND ( 'NONE', #9009, .T. ) ;
#494 = VECTOR ( 'NONE', #5191, 1000.000000000000000 ) ;
#495 = AXIS2_PLACEMENT_3D ( 'NONE', #6183, #118, #967 ) ;
#496 = CARTESIAN_POINT ( 'NONE',  ( 16.23758427663850057, -15.24747814838282878, -1.396308878999994452 ) ) ;
#497 = CARTESIAN_POINT ( 'NONE',  ( -23.00000000000000000, -5.499999999999997335, -5.599999999999998757 ) ) ;
#498 = EDGE_LOOP ( 'NONE', ( #3903, #4582, #7873, #9317, #3381, #4444 ) ) ;
#499 = CARTESIAN_POINT ( 'NONE',  ( 20.55346307255046767, -5.499999999999997335, -7.500000000000000000 ) ) ;
#500 = CARTESIAN_POINT ( 'NONE',  ( 18.46710694624085392, 13.99987762317412887, -7.521744914185566344 ) ) ;
#501 = ORIENTED_EDGE ( 'NONE', *, *, #2278, .T. ) ;
#502 = CARTESIAN_POINT ( 'NONE',  ( -20.50000000000000000, 9.500000000000000000, -9.500000000000001776 ) ) ;
#503 = CARTESIAN_POINT ( 'NONE',  ( -20.50000000000000000, -12.00000000000000000, -11.00000000000000000 ) ) ;
#504 = DIRECTION ( 'NONE',  ( 1.000000000000000000, -0.000000000000000000, 0.000000000000000000 ) ) ;
#505 = CARTESIAN_POINT ( 'NONE',  ( 15.61999999999998856, -13.99999999999999822, -2.986000000000068155 ) ) ;
#506 = CARTESIAN_POINT ( 'NONE',  ( -18.50185717122476703, 12.65470253248462384, -5.888606835476162260 ) ) ;
#507 = EDGE_LOOP ( 'NONE', ( #1375, #9555, #7543, #7860 ) ) ;
#508 = DIRECTION ( 'NONE',  ( 0.000000000000000000, -2.906723457586479957E-16, 1.000000000000000000 ) ) ;
#509 = CARTESIAN_POINT ( 'NONE',  ( -18.38817918388154382, -13.99948165276955336, -8.275787805687958354 ) ) ;
#510 = CYLINDRICAL_SURFACE ( 'NONE', #7488, 2.999999999999995559 ) ;
#511 = CARTESIAN_POINT ( 'NONE',  ( 18.58716936915460138, -13.80443869438096804, -6.470746342407847962 ) ) ;
#512 = ORIENTED_EDGE ( 'NONE', *, *, #6307, .T. ) ;
#513 = CARTESIAN_POINT ( 'NONE',  ( 20.50000000000000000, -10.00000000000000000, 2.277999999999982705 ) ) ;
#514 = EDGE_CURVE ( 'NONE', #4796, #2963, #221, .T. ) ;
#515 = CARTESIAN_POINT ( 'NONE',  ( 20.50000000000000000, -5.500000000000000000, -7.500000000000000000 ) ) ;
#516 = CARTESIAN_POINT ( 'NONE',  ( -19.50000000000000000, -6.500000000000000000, 0.000000000000000000 ) ) ;
#517 = ORIENTED_EDGE ( 'NONE', *, *, #8253, .T. ) ;
#518 = FACE_OUTER_BOUND ( 'NONE', #3869, .T. ) ;
#519 = CARTESIAN_POINT ( 'NONE',  ( 20.55346307255046767, -11.00000000000000000, -7.500000000000000000 ) ) ;
#520 = DIRECTION ( 'NONE',  ( 1.000000000000000000, -0.000000000000000000, -0.000000000000000000 ) ) ;
#521 = ORIENTED_EDGE ( 'NONE', *, *, #6964, .T. ) ;
#522 = AXIS2_PLACEMENT_3D ( 'NONE', #519, #3566, #7136 ) ;
#523 = ORIENTED_EDGE ( 'NONE', *, *, #1192, .T. ) ;
#524 = CARTESIAN_POINT ( 'NONE',  ( -19.50000000000000000, 1.500000000000000000, -4.000000000000000000 ) ) ;
#525 = ORIENTED_EDGE ( 'NONE', *, *, #2152, .F. ) ;
#526 = DIRECTION ( 'NONE',  ( 1.000000000000000000, 1.992221491941909864E-18, -4.579663590744439848E-16 ) ) ;
#527 = EDGE_CURVE ( 'NONE', #8751, #1413, #921, .T. ) ;
#528 = EDGE_CURVE ( 'NONE', #2114, #3439, #1111, .T. ) ;
#529 = AXIS2_PLACEMENT_3D ( 'NONE', #2782, #6585, #3493 ) ;
#530 = CARTESIAN_POINT ( 'NONE',  ( -23.00000000000000355, 10.00000000000000000, 3.527999999999990255 ) ) ;
#531 = DIRECTION ( 'NONE',  ( 0.7071067811865484609, 0.7071067811865467956, 0.000000000000000000 ) ) ;
#532 = LINE ( 'NONE', #387, #3375 ) ;
#533 = ORIENTED_EDGE ( 'NONE', *, *, #6093, .F. ) ;
#534 = CARTESIAN_POINT ( 'NONE',  ( -23.00000000000000000, 10.50000000000000178, -7.500000000000000000 ) ) ;
#535 = CARTESIAN_POINT ( 'NONE',  ( -18.95956975400045863, 12.24627356898718489, -5.908183410089696608 ) ) ;
#536 = ORIENTED_EDGE ( 'NONE', *, *, #5451, .F. ) ;
#537 = CARTESIAN_POINT ( 'NONE',  ( -20.50059052789528380, -12.83969350515118713, -7.169815864279579287 ) ) ;
#538 = CARTESIAN_POINT ( 'NONE',  ( 18.85801734920200801, -14.03075672154221820, -8.638412407852646524 ) ) ;
#539 = EDGE_CURVE ( 'NONE', #3464, #3517, #359, .T. ) ;
#540 = ORIENTED_EDGE ( 'NONE', *, *, #8926, .T. ) ;
#541 = CIRCLE ( 'NONE', #3934, 3.000000000000000444 ) ;
#542 = DIRECTION ( 'NONE',  ( -7.153498870007452406E-17, -1.000000000000000000, -0.000000000000000000 ) ) ;
#543 = AXIS2_PLACEMENT_3D ( 'NONE', #8843, #1191, #5005 ) ;
#544 = CARTESIAN_POINT ( 'NONE',  ( 14.95638592796100852, -14.74156273019357677, -1.407826952531397113 ) ) ;
#545 = VECTOR ( 'NONE', #8635, 1000.000000000000000 ) ;
#546 = CARTESIAN_POINT ( 'NONE',  ( 1.732910249317521467, 16.21915564130724974, -0.02493326959150395788 ) ) ;
#547 = ORIENTED_EDGE ( 'NONE', *, *, #8829, .F. ) ;
#548 = EDGE_LOOP ( 'NONE', ( #813, #7230, #1754, #9392 ) ) ;
#549 = CARTESIAN_POINT ( 'NONE',  ( -9.180000000000003268, 13.99999999999999822, -2.986000000000040178 ) ) ;
#550 = DIRECTION ( 'NONE',  ( 0.000000000000000000, -2.906723457586479957E-16, 1.000000000000000000 ) ) ;
#551 = ORIENTED_EDGE ( 'NONE', *, *, #4799, .F. ) ;
#552 = LINE ( 'NONE', #8279, #7469 ) ;
#553 = B_SPLINE_CURVE_WITH_KNOTS ( 'NONE', 3,
 ( #914, #9257, #1732, #9308, #9406 ),
 .UNSPECIFIED., .F., .F.,
 ( 4, 1, 4 ),
 ( 0.08216785909346364936, 0.5714285714285701756, 1.000000000000000000 ),
 .UNSPECIFIED. ) ;
#554 = ADVANCED_FACE ( 'NONE', ( #9366 ), #9236, .F. ) ;
#555 = CARTESIAN_POINT ( 'NONE',  ( -20.50000000000000000, -12.52187140685798283, -7.437916492928499324 ) ) ;
#556 = CIRCLE ( 'NONE', #6216, 1.749999999999985345 ) ;
#557 = VECTOR ( 'NONE', #5901, 1000.000000000000000 ) ;
#558 = CARTESIAN_POINT ( 'NONE',  ( -20.50000000000000000, 11.75375508881616859, -7.422140000136620230 ) ) ;
#559 = CARTESIAN_POINT ( 'NONE',  ( 15.61999999999999034, 16.50000000000000000, -2.986000000000068155 ) ) ;
#560 = CARTESIAN_POINT ( 'NONE',  ( -19.23460569325745695, 11.38415565377324157, -5.899013423670287359 ) ) ;
#561 = EDGE_CURVE ( 'NONE', #1945, #8592, #8339, .T. ) ;
#562 = ORIENTED_EDGE ( 'NONE', *, *, #2458, .T. ) ;
#563 = CYLINDRICAL_SURFACE ( 'NONE', #5184, 12.00000000000000000 ) ;
#564 = VECTOR ( 'NONE', #3956, 1000.000000000000000 ) ;
#565 = CARTESIAN_POINT ( 'NONE',  ( -19.99808411463058988, -13.64350681405547583, -7.761255039033990499 ) ) ;
#566 = DIRECTION ( 'NONE',  ( -1.000000000000000000, 0.000000000000000000, 0.000000000000000000 ) ) ;
#567 = EDGE_CURVE ( 'NONE', #2137, #2778, #7678, .T. ) ;
#568 = CARTESIAN_POINT ( 'NONE',  ( 18.98544488524252927, -12.51338046849828878, -5.953336356616178549 ) ) ;
#569 = ORIENTED_EDGE ( 'NONE', *, *, #1085, .F. ) ;
#570 = DIRECTION ( 'NONE',  ( 0.000000000000000000, 0.000000000000000000, -1.000000000000000000 ) ) ;
#571 = FACE_OUTER_BOUND ( 'NONE', #3026, .T. ) ;
#572 = CARTESIAN_POINT ( 'NONE',  ( -18.50000000000000000, -14.00000000000000178, -7.422552296971629993 ) ) ;
#573 = VERTEX_POINT ( 'NONE', #2182 ) ;
#574 = DIRECTION ( 'NONE',  ( 0.000000000000000000, 0.000000000000000000, 1.000000000000000000 ) ) ;
#575 = VECTOR ( 'NONE', #2660, 1000.000000000000000 ) ;
#576 = CARTESIAN_POINT ( 'NONE',  ( -18.83077136115418426, -12.34520302067537756, -5.915979715141380879 ) ) ;
#577 = ORIENTED_EDGE ( 'NONE', *, *, #2314, .T. ) ;
#578 = ORIENTED_EDGE ( 'NONE', *, *, #9735, .F. ) ;
#579 = FACE_OUTER_BOUND ( 'NONE', #45, .T. ) ;
#580 = ORIENTED_EDGE ( 'NONE', *, *, #9550, .F. ) ;
#581 = CARTESIAN_POINT ( 'NONE',  ( 25.50000000000000000, -5.947284263024439757E-15, -7.721999999999999531 ) ) ;
#582 = AXIS2_PLACEMENT_3D ( 'NONE', #5628, #5575, #8597 ) ;
#583 = EDGE_CURVE ( 'NONE', #6532, #7766, #9200, .T. ) ;
#584 = CARTESIAN_POINT ( 'NONE',  ( -18.20546316148226040, 14.00000000000000355, -7.393716989902044290 ) ) ;
#585 = CARTESIAN_POINT ( 'NONE',  ( 18.26908742028003374, -12.10519445736329658, -5.655638466479137705 ) ) ;
#586 = ORIENTED_EDGE ( 'NONE', *, *, #6931, .F. ) ;
#587 = B_SPLINE_CURVE_WITH_KNOTS ( 'NONE', 3,
 ( #4952, #4905, #1811, #7981, #1049, #3285 ),
 .UNSPECIFIED., .F., .F.,
 ( 4, 2, 4 ),
 ( 0.000000000000000000, 0.0003453173632342568960, 0.0006906347264685137920 ),
 .UNSPECIFIED. ) ;
#588 = ORIENTED_EDGE ( 'NONE', *, *, #7514, .F. ) ;
#589 = AXIS2_PLACEMENT_3D ( 'NONE', #9470, #6407, #2347 ) ;
#590 = CARTESIAN_POINT ( 'NONE',  ( -19.18842169813053644, 12.16933407479141316, -5.935251144423175695 ) ) ;
#591 = VERTEX_POINT ( 'NONE', #6027 ) ;
#592 = DIRECTION ( 'NONE',  ( 1.000000000000000000, -0.000000000000000000, -0.000000000000000000 ) ) ;
#593 = CARTESIAN_POINT ( 'NONE',  ( 20.49873067164861595, -11.88518229013529037, -8.110034641162354063 ) ) ;
#594 = EDGE_CURVE ( 'NONE', #9431, #3881, #6318, .T. ) ;
#595 = ORIENTED_EDGE ( 'NONE', *, *, #8728, .T. ) ;
#596 = DIRECTION ( 'NONE',  ( 5.782411586589356653E-16, 1.184965211890880193E-16, 1.000000000000000000 ) ) ;
#597 = B_SPLINE_SURFACE_WITH_KNOTS ( 'NONE', 3, 3, ( 
 ( #8211, #1281, #3912, #1438 ),
 ( #632, #4472, #4627, #25 ),
 ( #3103, #6200, #2303, #3715 ),
 ( #3005, #2253, #8314, #7599 ),
 ( #8361, #828, #3862, #7549 ),
 ( #9124, #7009, #3814, #5443 ),
 ( #7651, #6958, #6907, #9075 ),
 ( #9173, #6810, #79, #7703 ),
 ( #4575, #679, #8523, #5390 ),
 ( #9274, #1485, #3160, #9869 ),
 ( #3762, #1382, #6151, #2955 ),
 ( #6861, #6103, #2153, #9973 ),
 ( #1588, #2354, #5234, #4526 ),
 ( #4675, #6050, #2205, #5340 ),
 ( #9224, #3054, #7759, #8468 ),
 ( #5286, #9924, #8414, #731 ),
 ( #1535, #775, #880, #7805 ),
 ( #5546, #8770, #455, #4886 ),
 ( #9324, #7962, #985, #5601 ),
 ( #1794, #2455, #4022, #8677 ),
 ( #2606, #6308, #9424, #2406 ),
 ( #1030, #1745, #7379, #9376 ),
 ( #8623, #1694, #4072, #4120 ) ),
 .UNSPECIFIED., .F., .F., .F.,
 ( 4, 3, 3, 3, 1, 3, 3, 3, 4 ),
 ( 4, 4 ),
 ( -0.5985000000000000320, -0.5140082324976370520, -0.04573745479178720208, 0.000000000000000000, 0.5714285714285709528, 1.000000000000000000, 1.149999999999999911, 1.344999999999999973, 1.598500000000000032 ),
 ( -1.459076966445310042, -1.408922457524580008 ),
 .UNSPECIFIED. ) ;
#598 = DIRECTION ( 'NONE',  ( 0.000000000000000000, -1.000000000000000000, -2.906723457586479957E-16 ) ) ;
#599 = DIRECTION ( 'NONE',  ( 0.000000000000000000, 2.906723457586479957E-16, -1.000000000000000000 ) ) ;
#600 = ORIENTED_EDGE ( 'NONE', *, *, #1146, .T. ) ;
#601 = ORIENTED_EDGE ( 'NONE', *, *, #6659, .F. ) ;
#602 = DIRECTION ( 'NONE',  ( 0.000000000000000000, 0.000000000000000000, 1.000000000000000000 ) ) ;
#603 = CARTESIAN_POINT ( 'NONE',  ( 20.50000000000000000, -12.00000000000000000, -11.00000000000000000 ) ) ;
#604 = EDGE_LOOP ( 'NONE', ( #1286, #5958, #7375, #5804 ) ) ;
#605 = LINE ( 'NONE', #7617, #1328 ) ;
#606 = CARTESIAN_POINT ( 'NONE',  ( 19.34164078577286716, 12.17082039326978915, -5.971999999831108852 ) ) ;
#607 = EDGE_CURVE ( 'NONE', #7093, #3001, #9950, .T. ) ;
#608 = CARTESIAN_POINT ( 'NONE',  ( -20.50000000000000000, 12.03360809047969937, -7.137163111788890291 ) ) ;
#609 = ADVANCED_FACE ( 'NONE', ( #5367 ), #6232, .T. ) ;
#610 = VECTOR ( 'NONE', #8329, 1000.000000000000000 ) ;
#611 = CARTESIAN_POINT ( 'NONE',  ( -18.94804113165759674, 12.59699146335955788, -5.957040009530431668 ) ) ;
#612 = ORIENTED_EDGE ( 'NONE', *, *, #1273, .F. ) ;
#613 = CARTESIAN_POINT ( 'NONE',  ( -18.67082039324989751, 12.84164078649989982, -5.971999999999999531 ) ) ;
#614 = CARTESIAN_POINT ( 'NONE',  ( -18.30292059517280023, -13.99750038358339310, -8.792582172417239050 ) ) ;
#615 = CARTESIAN_POINT ( 'NONE',  ( 20.30307647676714211, -12.10369472832508819, -6.470620501893347587 ) ) ;
#616 = ORIENTED_EDGE ( 'NONE', *, *, #7756, .T. ) ;
#617 = CARTESIAN_POINT ( 'NONE',  ( 18.50000000000000000, 12.00000000000000000, -11.00000000000000000 ) ) ;
#618 = CARTESIAN_POINT ( 'NONE',  ( 20.50000000000000000, 1.500000000000000000, 0.000000000000000000 ) ) ;
#619 = EDGE_CURVE ( 'NONE', #630, #9214, #9302, .T. ) ;
#620 = DIRECTION ( 'NONE',  ( 0.000000000000000000, 0.000000000000000000, -1.000000000000000000 ) ) ;
#621 = ORIENTED_EDGE ( 'NONE', *, *, #791, .T. ) ;
#622 = CARTESIAN_POINT ( 'NONE',  ( 0.000000000000000000, -16.50000000000000000, -11.00000000000000000 ) ) ;
#623 = AXIS2_PLACEMENT_3D ( 'NONE', #7362, #8886, #6571 ) ;
#624 = CARTESIAN_POINT ( 'NONE',  ( -18.67457152070796411, -12.60166045119148137, -5.915424455326786735 ) ) ;
#625 = CARTESIAN_POINT ( 'NONE',  ( 16.48327707551009524, -15.55126042837352962, -4.456763930707174026 ) ) ;
#626 = VERTEX_POINT ( 'NONE', #9251 ) ;
#627 = VECTOR ( 'NONE', #7245, 1000.000000000000000 ) ;
#628 = ORIENTED_EDGE ( 'NONE', *, *, #7532, .F. ) ;
#629 = FACE_OUTER_BOUND ( 'NONE', #834, .T. ) ;
#630 = VERTEX_POINT ( 'NONE', #53 ) ;
#631 = CARTESIAN_POINT ( 'NONE',  ( 20.50000000000000000, 6.500000000000000000, -9.500000000000000000 ) ) ;
#632 = CARTESIAN_POINT ( 'NONE',  ( -18.00000000000000000, -12.00713642645479240, -5.620969717176552471 ) ) ;
#633 = B_SPLINE_CURVE_WITH_KNOTS ( 'NONE', 3,
 ( #4885, #5697, #2701, #8147, #4262, #421, #6461, #8913, #326, #6596, #3455, #6413, #7254, #4309 ),
 .UNSPECIFIED., .F., .F.,
 ( 4, 1, 2, 2, 1, 2, 2, 4 ),
 ( 0.000000000000000000, 0.1250000000000017764, 0.1875000000000129896, 0.2500000000000242029, 0.3750000000000471290, 0.4375000000000482392, 0.5000000000000494049, 1.000000000000000000 ),
 .UNSPECIFIED. ) ;
#634 = CARTESIAN_POINT ( 'NONE',  ( 20.55346307255046767, 2.500000000000000000, 4.014694594305530551 ) ) ;
#635 = CARTESIAN_POINT ( 'NONE',  ( 19.22127302526367032, -12.56641447049296012, -5.971999999999999531 ) ) ;
#636 = VERTEX_POINT ( 'NONE', #8391 ) ;
#637 = ORIENTED_EDGE ( 'NONE', *, *, #3995, .T. ) ;
#638 = CARTESIAN_POINT ( 'NONE',  ( -19.03785901590016749, 12.57283256348183365, -5.966306153417659353 ) ) ;
#639 = EDGE_LOOP ( 'NONE', ( #9659, #1461, #860, #2648, #9168 ) ) ;
#640 = VECTOR ( 'NONE', #4888, 1000.000000000000000 ) ;
#641 = CARTESIAN_POINT ( 'NONE',  ( -20.50000000000000000, -11.73273032413423955, -7.680618716353714959 ) ) ;
#642 = CARTESIAN_POINT ( 'NONE',  ( 20.49704746528330546, -11.69070799224986956, -9.824791832314842210 ) ) ;
#643 = ORIENTED_EDGE ( 'NONE', *, *, #9194, .F. ) ;
#644 = EDGE_CURVE ( 'NONE', #2173, #4221, #5472, .T. ) ;
#645 = AXIS2_PLACEMENT_3D ( 'NONE', #9914, #5382, #4462 ) ;
#646 = CYLINDRICAL_SURFACE ( 'NONE', #3173, 0.6750000000000002665 ) ;
#647 = DIRECTION ( 'NONE',  ( -1.000000000000000000, 5.426742037195429582E-32, 4.579663590744439848E-16 ) ) ;
#648 = ORIENTED_EDGE ( 'NONE', *, *, #8137, .F. ) ;
#649 = EDGE_LOOP ( 'NONE', ( #1808, #6716, #8293 ) ) ;
#650 = CARTESIAN_POINT ( 'NONE',  ( 20.55346307255046767, -5.499999999999997335, -5.599999999999999645 ) ) ;
#651 = DIRECTION ( 'NONE',  ( 0.000000000000000000, 1.000000000000000000, 7.283754679713117196E-18 ) ) ;
#652 = VERTEX_POINT ( 'NONE', #4550 ) ;
#653 = CYLINDRICAL_SURFACE ( 'NONE', #5558, 12.00000000000000000 ) ;
#654 = CARTESIAN_POINT ( 'NONE',  ( 25.50000000000000000, -5.500000000000000000, -9.500000000000000000 ) ) ;
#655 = CARTESIAN_POINT ( 'NONE',  ( -20.50000000000000000, 11.83745601180550011, -7.403830240190900192 ) ) ;
#656 = EDGE_CURVE ( 'NONE', #2633, #6870, #2281, .T. ) ;
#657 = CARTESIAN_POINT ( 'NONE',  ( -18.48823716833210185, 14.00000000000000000, -7.522438511785589199 ) ) ;
#658 = ORIENTED_EDGE ( 'NONE', *, *, #2812, .T. ) ;
#659 = DIRECTION ( 'NONE',  ( 5.782411586589356653E-16, 1.184965211890880193E-16, 1.000000000000000000 ) ) ;
#660 = EDGE_CURVE ( 'NONE', #6487, #3072, #2933, .T. ) ;
#661 = CARTESIAN_POINT ( 'NONE',  ( 18.67531724910342206, 12.55247753771614683, -5.903516739612109099 ) ) ;
#662 = CARTESIAN_POINT ( 'NONE',  ( -18.38555749811604301, -13.99874482330080383, -8.110053957106448053 ) ) ;
#663 = CARTESIAN_POINT ( 'NONE',  ( 19.71471890679310235, -12.16061426483730123, -6.058667187275020183 ) ) ;
#664 = ORIENTED_EDGE ( 'NONE', *, *, #4977, .T. ) ;
#665 = CARTESIAN_POINT ( 'NONE',  ( 16.75000000000009592, 23.24999999999993250, -11.00000000000000000 ) ) ;
#666 = EDGE_CURVE ( 'NONE', #4056, #5363, #6128, .T. ) ;
#667 = DIRECTION ( 'NONE',  ( 1.000000000000000000, -0.000000000000000000, -0.000000000000000000 ) ) ;
#668 = DIRECTION ( 'NONE',  ( -7.153498870007452406E-17, -1.000000000000000000, -0.000000000000000000 ) ) ;
#669 = CARTESIAN_POINT ( 'NONE',  ( 18.65238416093025720, -14.10449799893547151, -11.52219269077265906 ) ) ;
#670 = ORIENTED_EDGE ( 'NONE', *, *, #3816, .T. ) ;
#671 = CARTESIAN_POINT ( 'NONE',  ( 19.34156382469709357, 13.81903961353643950, -7.439541622229845608 ) ) ;
#672 = CARTESIAN_POINT ( 'NONE',  ( -18.75369232590727364, -12.18840986824339190, -5.864666728857897304 ) ) ;
#673 = CARTESIAN_POINT ( 'NONE',  ( 13.91999999999998927, -15.12301053017827179, -3.189559414304723450 ) ) ;
#674 = VERTEX_POINT ( 'NONE', #4862 ) ;
#675 = CARTESIAN_POINT ( 'NONE',  ( -20.50000000000000000, -1.500000000000000000, 0.000000000000000000 ) ) ;
#676 = ORIENTED_EDGE ( 'NONE', *, *, #2712, .F. ) ;
#677 = FACE_OUTER_BOUND ( 'NONE', #5753, .T. ) ;
#678 = ADVANCED_FACE ( 'NONE', ( #7938 ), #4912, .F. ) ;
#679 = CARTESIAN_POINT ( 'NONE',  ( -18.25131980581921809, -12.97345947731464300, -5.962616508216474820 ) ) ;
#680 = DIRECTION ( 'NONE',  ( 0.7071067811865474617, -0.7071067811865474617, 0.000000000000000000 ) ) ;
#681 = CIRCLE ( 'NONE', #4562, 1.249999999999987121 ) ;
#682 = CARTESIAN_POINT ( 'NONE',  ( 18.95047924356215674, -12.46614348033532060, -5.938751942347698431 ) ) ;
#683 = ORIENTED_EDGE ( 'NONE', *, *, #4284, .T. ) ;
#684 = ORIENTED_EDGE ( 'NONE', *, *, #8787, .F. ) ;
#685 = CARTESIAN_POINT ( 'NONE',  ( -19.06128855662679911, 12.59858617805779879, -5.971999999999999531 ) ) ;
#686 = ORIENTED_EDGE ( 'NONE', *, *, #4857, .F. ) ;
#687 = CARTESIAN_POINT ( 'NONE',  ( -19.74732746978699893, -12.07259914697699976, -6.068068471341760528 ) ) ;
#688 = CARTESIAN_POINT ( 'NONE',  ( 18.16099894969533679, -13.99677917450274123, -10.07508125171689883 ) ) ;
#689 = ADVANCED_FACE ( 'NONE', ( #4048 ), #6389, .T. ) ;
#690 = EDGE_LOOP ( 'NONE', ( #8820, #5396, #7423, #3073, #6752 ) ) ;
#691 = AXIS2_PLACEMENT_3D ( 'NONE', #1714, #3382, #9543 ) ;
#692 = CARTESIAN_POINT ( 'NONE',  ( 25.50000000000000000, -14.49999999999998934, -11.00000000000000000 ) ) ;
#693 = CARTESIAN_POINT ( 'NONE',  ( 15.61999999999998856, -13.99999999999999822, -2.986000000000068155 ) ) ;
#694 = EDGE_CURVE ( 'NONE', #8095, #5647, #1722, .T. ) ;
#695 = ORIENTED_EDGE ( 'NONE', *, *, #958, .F. ) ;
#696 = ORIENTED_EDGE ( 'NONE', *, *, #6795, .T. ) ;
#697 = CARTESIAN_POINT ( 'NONE',  ( 18.27534687605134778, 11.80147640630258543, -5.548257919742247246 ) ) ;
#698 = AXIS2_PLACEMENT_3D ( 'NONE', #6331, #7140, #5364 ) ;
#699 = LINE ( 'NONE', #2927, #9335 ) ;
#700 = ORIENTED_EDGE ( 'NONE', *, *, #7622, .T. ) ;
#701 = DIRECTION ( 'NONE',  ( 0.000000000000000000, 1.000000000000000000, -0.000000000000000000 ) ) ;
#702 = DIRECTION ( 'NONE',  ( -0.000000000000000000, 1.000000000000000000, -0.000000000000000000 ) ) ;
#703 = CARTESIAN_POINT ( 'NONE',  ( -19.14577477334596622, -12.17617861066651308, -5.926499726680613200 ) ) ;
#704 = VECTOR ( 'NONE', #1074, 1000.000000000000000 ) ;
#705 = EDGE_CURVE ( 'NONE', #2361, #7315, #961, .T. ) ;
#706 = VECTOR ( 'NONE', #9617, 1000.000000000000000 ) ;
#707 = CARTESIAN_POINT ( 'NONE',  ( -23.00000000000000000, 6.500000000000002665, -5.600000000000000533 ) ) ;
#708 = EDGE_CURVE ( 'NONE', #4461, #3720, #3190, .T. ) ;
#709 = ORIENTED_EDGE ( 'NONE', *, *, #6587, .T. ) ;
#710 = CARTESIAN_POINT ( 'NONE',  ( 18.50000000000000355, -14.00000000000000533, -11.00000000000000000 ) ) ;
#711 = CARTESIAN_POINT ( 'NONE',  ( -23.00000000000000000, 5.500000000000000000, -4.000000000000000000 ) ) ;
#712 = CARTESIAN_POINT ( 'NONE',  ( -18.87039344335164515, -14.02649866690700797, -8.470998123101557198 ) ) ;
#713 = DIRECTION ( 'NONE',  ( 0.000000000000000000, -1.000000000000000000, 0.000000000000000000 ) ) ;
#714 = AXIS2_PLACEMENT_3D ( 'NONE', #6622, #5147, #8176 ) ;
#715 = AXIS2_PLACEMENT_3D ( 'NONE', #5161, #6734, #5874 ) ;
#716 = CARTESIAN_POINT ( 'NONE',  ( 18.65579121121031392, -13.21592951755576451, -6.058764772442943425 ) ) ;
#717 = ORIENTED_EDGE ( 'NONE', *, *, #5431, .F. ) ;
#718 = PLANE ( 'NONE',  #3787 ) ;
#719 = EDGE_CURVE ( 'NONE', #1270, #8156, #5576, .T. ) ;
#720 = PLANE ( 'NONE',  #1031 ) ;
#721 = DIRECTION ( 'NONE',  ( 0.000000000000000000, -1.000000000000000000, -2.906723457586479957E-16 ) ) ;
#722 = CARTESIAN_POINT ( 'NONE',  ( 20.49506405200971315, -11.49701768990387230, -11.43894992872488103 ) ) ;
#723 = ORIENTED_EDGE ( 'NONE', *, *, #8811, .F. ) ;
#724 = DIRECTION ( 'NONE',  ( -0.000000000000000000, -0.000000000000000000, -1.000000000000000000 ) ) ;
#725 = DIRECTION ( 'NONE',  ( 1.000000000000000000, 0.000000000000000000, 0.000000000000000000 ) ) ;
#726 = CARTESIAN_POINT ( 'NONE',  ( 25.50000000000000000, 16.50000000000000000, 5.028000000000000469 ) ) ;
#727 = ORIENTED_EDGE ( 'NONE', *, *, #3185, .T. ) ;
#728 = DIRECTION ( 'NONE',  ( 1.000000000000000000, -0.000000000000000000, 0.000000000000000000 ) ) ;
#729 = EDGE_LOOP ( 'NONE', ( #8995, #4081, #2051, #8983 ) ) ;
#730 = CARTESIAN_POINT ( 'NONE',  ( 15.82945781576174049, 14.95570835781673580, -4.675339075205445560 ) ) ;
#731 = CARTESIAN_POINT ( 'NONE',  ( -18.47647433666420724, -14.00000000000000000, -7.622324726599547517 ) ) ;
#732 = VECTOR ( 'NONE', #1838, 1000.000000000000000 ) ;
#733 = DIRECTION ( 'NONE',  ( -1.000000000000000000, -0.000000000000000000, 0.000000000000000000 ) ) ;
#734 = CARTESIAN_POINT ( 'NONE',  ( 19.23000555378247967, -11.79206766770106540, -5.924195812601781519 ) ) ;
#735 = ORIENTED_EDGE ( 'NONE', *, *, #8177, .F. ) ;
#736 = ORIENTED_EDGE ( 'NONE', *, *, #8234, .F. ) ;
#737 = CARTESIAN_POINT ( 'NONE',  ( -19.16942662805054454, 12.30525572876802798, -5.952541233950819688 ) ) ;
#738 = ORIENTED_EDGE ( 'NONE', *, *, #4958, .T. ) ;
#739 = CARTESIAN_POINT ( 'NONE',  ( -20.49979331523666559, -12.77227381003236495, -7.636564285563681942 ) ) ;
#740 = CARTESIAN_POINT ( 'NONE',  ( 20.49643245341552600, -11.63064898377049161, -10.32530597073655620 ) ) ;
#741 = VECTOR ( 'NONE', #3485, 1000.000000000000000 ) ;
#742 = CARTESIAN_POINT ( 'NONE',  ( 20.55346307255046767, 6.500000000000000000, 2.365120500916039425 ) ) ;
#743 = VECTOR ( 'NONE', #5128, 1000.000000000000000 ) ;
#744 = LINE ( 'NONE', #5200, #2076 ) ;
#745 = ORIENTED_EDGE ( 'NONE', *, *, #47, .T. ) ;
#746 = EDGE_LOOP ( 'NONE', ( #783, #2673 ) ) ;
#747 = CARTESIAN_POINT ( 'NONE',  ( 18.25064598850169872, 13.00000000000000000, -5.971999999999999531 ) ) ;
#748 = CARTESIAN_POINT ( 'NONE',  ( -20.50000000000000000, 11.86754886233879880, -9.500000000000000000 ) ) ;
#749 = VERTEX_POINT ( 'NONE', #1055 ) ;
#750 = DIRECTION ( 'NONE',  ( 1.000000000000000000, -0.000000000000000000, -0.000000000000000000 ) ) ;
#751 = CARTESIAN_POINT ( 'NONE',  ( 25.50000000000000000, 6.500000000000000000, 2.365120500916039425 ) ) ;
#752 = AXIS2_PLACEMENT_3D ( 'NONE', #8832, #435, #2714 ) ;
#753 = CARTESIAN_POINT ( 'NONE',  ( -18.96038526963325666, -11.99708825500337817, -5.835665473545665449 ) ) ;
#754 = CARTESIAN_POINT ( 'NONE',  ( -18.72918920402337761, 13.99986578195887255, -7.666238888960617004 ) ) ;
#755 = ORIENTED_EDGE ( 'NONE', *, *, #6660, .T. ) ;
#756 = CARTESIAN_POINT ( 'NONE',  ( -1.484964445271352407, -15.54949120509298055, -4.248902623895598474 ) ) ;
#757 = CARTESIAN_POINT ( 'NONE',  ( 18.67885771937487860, 12.54784176676900209, -5.903749590020919591 ) ) ;
#758 = CARTESIAN_POINT ( 'NONE',  ( -18.76998621778816911, -14.06255743221259280, -9.879903880647871617 ) ) ;
#759 = CARTESIAN_POINT ( 'NONE',  ( 18.90323941616028947, -14.01453982089551609, -8.004222440059908905 ) ) ;
#760 = VERTEX_POINT ( 'NONE', #4146 ) ;
#761 = CARTESIAN_POINT ( 'NONE',  ( -1.749999999999987566, -16.50000000000000000, -11.00000000000000178 ) ) ;
#762 = EDGE_CURVE ( 'NONE', #6341, #5516, #2580, .T. ) ;
#763 = VECTOR ( 'NONE', #8455, 1000.000000000000000 ) ;
#764 = CARTESIAN_POINT ( 'NONE',  ( 15.61999999999999034, 13.99999999999999822, -2.986000000000068155 ) ) ;
#765 = CARTESIAN_POINT ( 'NONE',  ( -18.00000000000000355, -14.00000000000000000, -15.00000000000000000 ) ) ;
#766 = ORIENTED_EDGE ( 'NONE', *, *, #6537, .F. ) ;
#767 = EDGE_CURVE ( 'NONE', #6858, #2681, #9455, .T. ) ;
#768 = CARTESIAN_POINT ( 'NONE',  ( -18.68803634655591139, -12.25067912342614029, -5.833628237085868307 ) ) ;
#769 = CARTESIAN_POINT ( 'NONE',  ( -19.34164078633386552, -12.17082039325444320, -5.971999999961432160 ) ) ;
#770 = DIRECTION ( 'NONE',  ( -1.000000000000000000, 0.000000000000000000, 0.000000000000000000 ) ) ;
#771 = CARTESIAN_POINT ( 'NONE',  ( 25.50000000000000000, -10.00000000000000000, 2.277999999999982705 ) ) ;
#772 = VERTEX_POINT ( 'NONE', #9351 ) ;
#773 = VECTOR ( 'NONE', #6431, 1000.000000000000000 ) ;
#774 = CARTESIAN_POINT ( 'NONE',  ( 19.31177936869559630, 12.17163729847193210, -5.965063101403241141 ) ) ;
#775 = CARTESIAN_POINT ( 'NONE',  ( -18.15082543201780396, -14.00000000000000000, -7.663179431274779851 ) ) ;
#776 = PLANE ( 'NONE',  #4106 ) ;
#777 = VECTOR ( 'NONE', #3085, 1000.000000000000000 ) ;
#778 = AXIS2_PLACEMENT_3D ( 'NONE', #1324, #6753, #1434 ) ;
#779 = FACE_OUTER_BOUND ( 'NONE', #9560, .T. ) ;
#780 = CARTESIAN_POINT ( 'NONE',  ( 20.55346307255046767, -9.499999999999998224, -5.599999999999999645 ) ) ;
#781 = EDGE_CURVE ( 'NONE', #7625, #6436, #3645, .T. ) ;
#782 = CARTESIAN_POINT ( 'NONE',  ( 19.23158281036779371, -11.65220627573560108, -5.915561489883348401 ) ) ;
#783 = ORIENTED_EDGE ( 'NONE', *, *, #4371, .F. ) ;
#784 = ADVANCED_FACE ( 'NONE', ( #263 ), #6486, .F. ) ;
#785 = ORIENTED_EDGE ( 'NONE', *, *, #9629, .T. ) ;
#786 = CARTESIAN_POINT ( 'NONE',  ( -19.25494850146189663, 12.16865164936322685, -5.951141968479133126 ) ) ;
#787 = EDGE_LOOP ( 'NONE', ( #7034, #9306, #4647, #5473, #6980, #9801, #7170, #5681, #9623, #7768, #5987, #755 ) ) ;
#788 = CARTESIAN_POINT ( 'NONE',  ( 20.50000000000000000, -11.68731916222473011, -10.07773824301178323 ) ) ;
#789 = AXIS2_PLACEMENT_3D ( 'NONE', #2005, #5041, #5710 ) ;
#790 = VECTOR ( 'NONE', #173, 1000.000000000000000 ) ;
#791 = EDGE_CURVE ( 'NONE', #9091, #2173, #6441, .T. ) ;
#792 = DIRECTION ( 'NONE',  ( -0.000000000000000000, -0.000000000000000000, -1.000000000000000000 ) ) ;
#793 = FACE_OUTER_BOUND ( 'NONE', #5201, .T. ) ;
#794 = FACE_OUTER_BOUND ( 'NONE', #2224, .T. ) ;
#795 = ORIENTED_EDGE ( 'NONE', *, *, #218, .T. ) ;
#796 = ORIENTED_EDGE ( 'NONE', *, *, #6188, .T. ) ;
#797 = CARTESIAN_POINT ( 'NONE',  ( 18.47647433666427474, 14.00000000000000000, -7.622324726599539524 ) ) ;
#798 = LINE ( 'NONE', #2176, #4833 ) ;
#799 = ORIENTED_EDGE ( 'NONE', *, *, #7939, .F. ) ;
#800 = DIRECTION ( 'NONE',  ( 0.000000000000000000, 0.000000000000000000, 1.000000000000000000 ) ) ;
#801 = DIRECTION ( 'NONE',  ( -7.153498870007452406E-17, -1.000000000000000000, -0.000000000000000000 ) ) ;
#802 = ADVANCED_FACE ( 'NONE', ( #9505 ), #2583, .T. ) ;
#803 = VECTOR ( 'NONE', #4074, 1000.000000000000000 ) ;
#804 = CARTESIAN_POINT ( 'NONE',  ( -19.29018597886654973, -12.08652757693738522, -5.946782026272788180 ) ) ;
#805 = CARTESIAN_POINT ( 'NONE',  ( -18.30216883853422161, 14.00013044882616242, -7.689313146056736770 ) ) ;
#806 = ORIENTED_EDGE ( 'NONE', *, *, #9958, .T. ) ;
#807 = DIRECTION ( 'NONE',  ( -7.153498870007452406E-17, -1.000000000000000000, 0.000000000000000000 ) ) ;
#808 = DIRECTION ( 'NONE',  ( 1.000000000000000000, 0.000000000000000000, 0.000000000000000000 ) ) ;
#809 = ORIENTED_EDGE ( 'NONE', *, *, #4131, .F. ) ;
#810 = CARTESIAN_POINT ( 'NONE',  ( 19.50000000000000000, 9.500000000000000000, -0.3905608506923790024 ) ) ;
#811 = CARTESIAN_POINT ( 'NONE',  ( 1.665334536937730077E-15, 16.50000000000000000, -11.00000000000000000 ) ) ;
#812 = CARTESIAN_POINT ( 'NONE',  ( 20.50000000000000000, -12.00000000000000000, -7.422552296971640651 ) ) ;
#813 = ORIENTED_EDGE ( 'NONE', *, *, #9502, .F. ) ;
#814 = DIRECTION ( 'NONE',  ( -0.000000000000000000, 1.000000000000000000, -0.000000000000000000 ) ) ;
#815 = CARTESIAN_POINT ( 'NONE',  ( -19.50000000000000000, 5.500000000000000000, -4.000000000000000000 ) ) ;
#816 = AXIS2_PLACEMENT_3D ( 'NONE', #8394, #2983, #4552 ) ;
#817 = CARTESIAN_POINT ( 'NONE',  ( -12.44500000000000206, -13.99999999999999822, -2.986000000000068155 ) ) ;
#818 = CARTESIAN_POINT ( 'NONE',  ( 20.50000000000000000, -1.500000000000000000, 4.183880899790690222 ) ) ;
#819 = EDGE_LOOP ( 'NONE', ( #9574, #2838 ) ) ;
#820 = CARTESIAN_POINT ( 'NONE',  ( -20.50000000000000000, 11.98821440921620685, -7.100580986738829203 ) ) ;
#821 = CARTESIAN_POINT ( 'NONE',  ( -19.26148605433660066, -12.33112985757660063, -5.971999999999999531 ) ) ;
#822 = CARTESIAN_POINT ( 'NONE',  ( -1.749999999999984679, 16.50000000000000000, -11.00000000000000000 ) ) ;
#823 = EDGE_CURVE ( 'NONE', #9712, #2472, #5721, .T. ) ;
#824 = CARTESIAN_POINT ( 'NONE',  ( 1.749999999999988010, 16.50000000000000000, -5.944039891549809163 ) ) ;
#825 = ORIENTED_EDGE ( 'NONE', *, *, #1770, .F. ) ;
#826 = DIRECTION ( 'NONE',  ( 1.000000000000000000, -0.000000000000000000, -0.000000000000000000 ) ) ;
#827 = CARTESIAN_POINT ( 'NONE',  ( 20.50000000000000000, 11.75375490770725939, -7.422142226691808453 ) ) ;
#828 = CARTESIAN_POINT ( 'NONE',  ( -18.26362030533040937, -12.37692225340626706, -5.751708750088577737 ) ) ;
#829 = ADVANCED_FACE ( 'NONE', ( #4961 ), #856, .F. ) ;
#830 = CARTESIAN_POINT ( 'NONE',  ( -20.50000000000000000, -6.500000000000000000, -9.500000000000001776 ) ) ;
#831 = CARTESIAN_POINT ( 'NONE',  ( -20.55346307255046767, -11.00000000000000000, -7.500000000000000000 ) ) ;
#832 = DIRECTION ( 'NONE',  ( 0.000000000000000000, 2.906723457586479957E-16, -1.000000000000000000 ) ) ;
#833 = CARTESIAN_POINT ( 'NONE',  ( 18.30227179871123511, -14.00013036619536599, -7.689333984664240340 ) ) ;
#834 = EDGE_LOOP ( 'NONE', ( #9221, #405, #5689, #3978, #5423, #799, #5481, #9855 ) ) ;
#835 = ORIENTED_EDGE ( 'NONE', *, *, #7000, .F. ) ;
#836 = LINE ( 'NONE', #1644, #891 ) ;
#837 = ORIENTED_EDGE ( 'NONE', *, *, #1967, .T. ) ;
#838 = CARTESIAN_POINT ( 'NONE',  ( -0.3484258998309976985, 14.77616685865832125, -0.4396251136174377239 ) ) ;
#839 = CARTESIAN_POINT ( 'NONE',  ( 20.49510993902412181, -11.64735815090290494, -10.07370423078265453 ) ) ;
#840 = ADVANCED_FACE ( 'NONE', ( #158 ), #3245, .F. ) ;
#841 = DIRECTION ( 'NONE',  ( 0.000000000000000000, -1.000000000000000000, -0.000000000000000000 ) ) ;
#842 = FACE_BOUND ( 'NONE', #1762, .T. ) ;
#843 = FACE_OUTER_BOUND ( 'NONE', #7803, .T. ) ;
#844 = EDGE_LOOP ( 'NONE', ( #9282, #7227, #578, #7291, #3975, #393, #8644, #1996, #2049 ) ) ;
#845 = ORIENTED_EDGE ( 'NONE', *, *, #2265, .T. ) ;
#846 = CARTESIAN_POINT ( 'NONE',  ( 18.26246738859115126, 12.42640818516075996, -5.769204669047039324 ) ) ;
#847 = EDGE_CURVE ( 'NONE', #7312, #6221, #401, .T. ) ;
#848 = EDGE_CURVE ( 'NONE', #5222, #9355, #7385, .T. ) ;
#849 = CARTESIAN_POINT ( 'NONE',  ( 20.50000000000000000, 12.23874121133564152, -7.429580976270278470 ) ) ;
#850 = ORIENTED_EDGE ( 'NONE', *, *, #607, .T. ) ;
#851 = LINE ( 'NONE', #9246, #5219 ) ;
#852 = CARTESIAN_POINT ( 'NONE',  ( -20.55346307255046767, -11.00000000000000000, -5.599999999999999645 ) ) ;
#853 = CARTESIAN_POINT ( 'NONE',  ( -18.84933148324111585, -12.18428827489309718, -5.857635044614160513 ) ) ;
#854 = CARTESIAN_POINT ( 'NONE',  ( 20.50000000000000000, 2.500000000000000000, -9.500000000000000000 ) ) ;
#855 = VECTOR ( 'NONE', #9586, 1000.000000000000000 ) ;
#856 = PLANE ( 'NONE',  #7905 ) ;
#857 = ORIENTED_EDGE ( 'NONE', *, *, #5742, .T. ) ;
#858 = CARTESIAN_POINT ( 'NONE',  ( -20.50000000000000000, -5.500000000000000000, 0.000000000000000000 ) ) ;
#859 = CARTESIAN_POINT ( 'NONE',  ( 18.67617861066651841, 12.64577477334596800, -5.926499726680613200 ) ) ;
#860 = ORIENTED_EDGE ( 'NONE', *, *, #6623, .T. ) ;
#861 = FACE_BOUND ( 'NONE', #8587, .T. ) ;
#862 = DIRECTION ( 'NONE',  ( -0.000000000000000000, -0.000000000000000000, -1.000000000000000000 ) ) ;
#863 = CARTESIAN_POINT ( 'NONE',  ( 20.49947264619217790, -11.92753913063966387, -7.851110677999680654 ) ) ;
#864 = EDGE_LOOP ( 'NONE', ( #87, #5802, #8353, #8477 ) ) ;
#865 = DIRECTION ( 'NONE',  ( 0.000000000000000000, 0.000000000000000000, -1.000000000000000000 ) ) ;
#866 = B_SPLINE_CURVE_WITH_KNOTS ( 'NONE', 3,
 ( #8698, #7185, #259, #3341 ),
 .UNSPECIFIED., .F., .F.,
 ( 4, 4 ),
 ( 0.000000000000000000, 1.000000000000000000 ),
 .UNSPECIFIED. ) ;
#867 = VECTOR ( 'NONE', #4142, 1000.000000000000000 ) ;
#868 = AXIS2_PLACEMENT_3D ( 'NONE', #9113, #5274, #8351 ) ;
#869 = CARTESIAN_POINT ( 'NONE',  ( -19.50000000000000000, 11.50000000000000000, -1.092563201956966193E-17 ) ) ;
#870 = VERTEX_POINT ( 'NONE', #8033 ) ;
#871 = AXIS2_PLACEMENT_3D ( 'NONE', #9907, #6089, #9110 ) ;
#872 = EDGE_CURVE ( 'NONE', #2110, #1247, #9899, .T. ) ;
#873 = CIRCLE ( 'NONE', #6862, 12.00000000000000000 ) ;
#874 = CARTESIAN_POINT ( 'NONE',  ( -18.67245420507377318, -12.78191790045372045, -5.958126191089681889 ) ) ;
#875 = FACE_OUTER_BOUND ( 'NONE', #2294, .T. ) ;
#876 = CARTESIAN_POINT ( 'NONE',  ( -1.554209168426245347, 15.67512604244854657, -4.077635727425941603 ) ) ;
#877 = ORIENTED_EDGE ( 'NONE', *, *, #8004, .T. ) ;
#878 = CARTESIAN_POINT ( 'NONE',  ( 14.38722789216742548, 14.85934289211789583, -4.160698898761258313 ) ) ;
#879 = CARTESIAN_POINT ( 'NONE',  ( 19.17402488220181667, 12.09011113081000310, -5.915972507271709979 ) ) ;
#880 = CARTESIAN_POINT ( 'NONE',  ( -18.30216883853422161, -14.00013044882616242, -7.689313146056736770 ) ) ;
#881 = VECTOR ( 'NONE', #1380, 1000.000000000000000 ) ;
#882 = CARTESIAN_POINT ( 'NONE',  ( -23.00000000000000000, 6.500000000000002665, -7.500000000000000000 ) ) ;
#883 = CARTESIAN_POINT ( 'NONE',  ( 19.50000000000000000, -6.500000000000000000, -4.000000000000000000 ) ) ;
#884 = CARTESIAN_POINT ( 'NONE',  ( 18.72918920402361564, -13.99986578195884768, -7.666238888960634767 ) ) ;
#885 = ORIENTED_EDGE ( 'NONE', *, *, #9040, .F. ) ;
#886 = VECTOR ( 'NONE', #2226, 1000.000000000000000 ) ;
#887 = EDGE_LOOP ( 'NONE', ( #5726, #3082, #7519, #2766 ) ) ;
#888 = CARTESIAN_POINT ( 'NONE',  ( -20.50000000000000000, 11.96863449977879412, -7.421628878510023064 ) ) ;
#889 = ORIENTED_EDGE ( 'NONE', *, *, #5040, .T. ) ;
#890 = CARTESIAN_POINT ( 'NONE',  ( 20.49806247374081991, -11.61447545152599936, -10.57710317305889980 ) ) ;
#891 = VECTOR ( 'NONE', #1753, 1000.000000000000000 ) ;
#892 = EDGE_CURVE ( 'NONE', #4433, #7342, #317, .T. ) ;
#893 = CARTESIAN_POINT ( 'NONE',  ( 18.00000000000001066, -13.99999999999999822, -7.173091064156028374 ) ) ;
#894 = DIRECTION ( 'NONE',  ( -1.807003620809173399E-15, 0.000000000000000000, -1.000000000000000000 ) ) ;
#895 = DIRECTION ( 'NONE',  ( 0.000000000000000000, 0.000000000000000000, -1.000000000000000000 ) ) ;
#896 = EDGE_LOOP ( 'NONE', ( #2588, #9054, #8762, #547 ) ) ;
#897 = ORIENTED_EDGE ( 'NONE', *, *, #4778, .T. ) ;
#898 = CARTESIAN_POINT ( 'NONE',  ( 18.69809280874659763, 11.84471608616555649, -5.740411346033697626 ) ) ;
#899 = EDGE_CURVE ( 'NONE', #7295, #9493, #6625, .T. ) ;
#900 = DIRECTION ( 'NONE',  ( -0.000000000000000000, -0.000000000000000000, -1.000000000000000000 ) ) ;
#901 = AXIS2_PLACEMENT_3D ( 'NONE', #3945, #8651, #1725 ) ;
#902 = VERTEX_POINT ( 'NONE', #3582 ) ;
#903 = CARTESIAN_POINT ( 'NONE',  ( -19.46284593867494550, 13.75849843353303115, -7.440841256630123191 ) ) ;
#904 = CARTESIAN_POINT ( 'NONE',  ( -23.00000000000000000, -1.499999999999997113, -5.599999999999999645 ) ) ;
#905 = CARTESIAN_POINT ( 'NONE',  ( -18.66587637708632386, -13.01961302625777250, -5.974484468771610324 ) ) ;
#906 = AXIS2_PLACEMENT_3D ( 'NONE', #945, #4036, #148 ) ;
#907 = CARTESIAN_POINT ( 'NONE',  ( 20.55346307255046767, -1.499999999999997780, -5.599999999999999645 ) ) ;
#908 = CARTESIAN_POINT ( 'NONE',  ( -23.00000000000000000, 9.499999999999998224, -5.599999999999999645 ) ) ;
#909 = ORIENTED_EDGE ( 'NONE', *, *, #28, .T. ) ;
#910 = DIRECTION ( 'NONE',  ( -0.000000000000000000, -0.000000000000000000, -1.000000000000000000 ) ) ;
#911 = CARTESIAN_POINT ( 'NONE',  ( 20.50000000000000000, 12.03360809047969937, -7.137163111788890291 ) ) ;
#912 = ORIENTED_EDGE ( 'NONE', *, *, #8107, .T. ) ;
#913 = CARTESIAN_POINT ( 'NONE',  ( -20.50000000000000000, -11.76812627686400425, -9.391549998612443773 ) ) ;
#914 = CARTESIAN_POINT ( 'NONE',  ( 18.66535434712352171, 12.99999999071042112, -6.018415457443055061 ) ) ;
#915 = EDGE_CURVE ( 'NONE', #4364, #2584, #9739, .T. ) ;
#916 = CARTESIAN_POINT ( 'NONE',  ( 20.49981603936936736, -11.95391001366439809, -7.721785440747134466 ) ) ;
#917 = VERTEX_POINT ( 'NONE', #8082 ) ;
#918 = DIRECTION ( 'NONE',  ( 0.000000000000000000, 0.000000000000000000, -1.000000000000000000 ) ) ;
#919 = DIRECTION ( 'NONE',  ( 0.000000000000000000, 2.906723457586479957E-16, -1.000000000000000000 ) ) ;
#920 = EDGE_CURVE ( 'NONE', #240, #1819, #2872, .T. ) ;
#921 = LINE ( 'NONE', #4969, #790 ) ;
#922 = ORIENTED_EDGE ( 'NONE', *, *, #9713, .F. ) ;
#923 = CARTESIAN_POINT ( 'NONE',  ( -18.50000000000000000, 12.00000000000000000, -11.00000000000000000 ) ) ;
#924 = CARTESIAN_POINT ( 'NONE',  ( -18.66640220466910804, -12.75635678095719072, -5.951118926924333863 ) ) ;
#925 = CARTESIAN_POINT ( 'NONE',  ( 0.5087716650229078263, 14.81988122117368256, -5.895967042395874103 ) ) ;
#926 = DIRECTION ( 'NONE',  ( 7.153498870007452406E-17, 1.000000000000000000, 0.000000000000000000 ) ) ;
#927 = ORIENTED_EDGE ( 'NONE', *, *, #7496, .T. ) ;
#928 = CARTESIAN_POINT ( 'NONE',  ( 16.08934036725994687, 15.11537537894222893, -4.629373350781345486 ) ) ;
#929 = CARTESIAN_POINT ( 'NONE',  ( 19.35622997004559309, 12.08455991312823308, -5.964311007747435056 ) ) ;
#930 = EDGE_CURVE ( 'NONE', #377, #4951, #8699, .T. ) ;
#931 = DIRECTION ( 'NONE',  ( 1.000000000000000000, -0.000000000000000000, -0.000000000000000000 ) ) ;
#932 = CARTESIAN_POINT ( 'NONE',  ( -19.92559324216327710, 13.40283396190422138, -7.443213164156957440 ) ) ;
#933 = CARTESIAN_POINT ( 'NONE',  ( 19.50000000000000000, -11.50000000000000000, 3.602847261541489341E-17 ) ) ;
#934 = LINE ( 'NONE', #83, #6427 ) ;
#935 = AXIS2_PLACEMENT_3D ( 'NONE', #3071, #647, #3879 ) ;
#936 = CARTESIAN_POINT ( 'NONE',  ( 18.48070677862240174, -13.28137250835549921, -6.077883901684519863 ) ) ;
#937 = ORIENTED_EDGE ( 'NONE', *, *, #4180, .F. ) ;
#938 = VERTEX_POINT ( 'NONE', #1149 ) ;
#939 = CARTESIAN_POINT ( 'NONE',  ( -0.3484258998309994193, 14.77616685865832302, -5.532374886382565471 ) ) ;
#940 = VERTEX_POINT ( 'NONE', #2777 ) ;
#941 = FACE_OUTER_BOUND ( 'NONE', #7662, .T. ) ;
#942 = CARTESIAN_POINT ( 'NONE',  ( 20.49541768383368279, -11.53155161977951515, -11.15115429913239176 ) ) ;
#943 = AXIS2_PLACEMENT_3D ( 'NONE', #2976, #7570, #6926 ) ;
#944 = AXIS2_PLACEMENT_3D ( 'NONE', #9071, #3709, #770 ) ;
#945 = CARTESIAN_POINT ( 'NONE',  ( 19.50000000000000000, -11.50000000000000000, 1.500000000000000000 ) ) ;
#946 = CARTESIAN_POINT ( 'NONE',  ( 9.619999999999992113, 43.50000000000000711, -2.986000000000001986 ) ) ;
#947 = DIRECTION ( 'NONE',  ( 1.000000000000000000, 0.000000000000000000, 0.000000000000000000 ) ) ;
#948 = VERTEX_POINT ( 'NONE', #348 ) ;
#949 = ORIENTED_EDGE ( 'NONE', *, *, #7337, .T. ) ;
#950 = CARTESIAN_POINT ( 'NONE',  ( 25.50000000000000000, -10.00000000000000000, 3.527999999999969827 ) ) ;
#951 = CARTESIAN_POINT ( 'NONE',  ( 20.50000000000000000, 5.500000000000000000, -9.500000000000000000 ) ) ;
#952 = EDGE_LOOP ( 'NONE', ( #16, #439, #9241, #8060 ) ) ;
#953 = AXIS2_PLACEMENT_3D ( 'NONE', #505, #8285, #3590 ) ;
#954 = CARTESIAN_POINT ( 'NONE',  ( -19.34135733182284511, 13.81913713052054504, -7.439531158448512649 ) ) ;
#955 = EDGE_CURVE ( 'NONE', #3001, #9341, #2393, .T. ) ;
#956 = VECTOR ( 'NONE', #7290, 1000.000000000000000 ) ;
#957 = DIRECTION ( 'NONE',  ( 1.000000000000000000, -0.000000000000000000, -0.000000000000000000 ) ) ;
#958 = EDGE_CURVE ( 'NONE', #1780, #2123, #4241, .T. ) ;
#959 = EDGE_CURVE ( 'NONE', #8330, #2472, #6875, .T. ) ;
#960 = CARTESIAN_POINT ( 'NONE',  ( 15.61999999999999034, 13.99999999999999822, -2.986000000000068155 ) ) ;
#961 = LINE ( 'NONE', #5677, #7106 ) ;
#962 = ORIENTED_EDGE ( 'NONE', *, *, #1523, .F. ) ;
#963 = CYLINDRICAL_SURFACE ( 'NONE', #2758, 1.249999999999987121 ) ;
#964 = CARTESIAN_POINT ( 'NONE',  ( 19.35642635968009984, 12.91908932228129991, -6.043099593843130002 ) ) ;
#965 = ORIENTED_EDGE ( 'NONE', *, *, #5828, .F. ) ;
#966 = CARTESIAN_POINT ( 'NONE',  ( -18.26933781702893356, -13.99787379606763871, -9.171831697713841436 ) ) ;
#967 = DIRECTION ( 'NONE',  ( 1.000000000000000000, 0.000000000000000000, 0.000000000000000000 ) ) ;
#968 = EDGE_CURVE ( 'NONE', #5052, #7462, #9940, .T. ) ;
#969 = EDGE_LOOP ( 'NONE', ( #9090, #8786, #4028, #3624 ) ) ;
#970 = CARTESIAN_POINT ( 'NONE',  ( 20.50000000000000000, 6.500000000000000000, -9.500000000000000000 ) ) ;
#971 = EDGE_CURVE ( 'NONE', #3492, #772, #1400, .T. ) ;
#972 = EDGE_CURVE ( 'NONE', #948, #2912, #744, .T. ) ;
#973 = DIRECTION ( 'NONE',  ( -0.000000000000000000, -0.000000000000000000, 1.000000000000000000 ) ) ;
#974 = DIRECTION ( 'NONE',  ( 0.000000000000000000, 0.000000000000000000, 1.000000000000000000 ) ) ;
#975 = ORIENTED_EDGE ( 'NONE', *, *, #8715, .F. ) ;
#976 = DIRECTION ( 'NONE',  ( 5.782411586589356653E-16, 1.184965211890880193E-16, 1.000000000000000000 ) ) ;
#977 = CARTESIAN_POINT ( 'NONE',  ( -18.66869184010797511, -12.75492333978167103, -5.951142380161063450 ) ) ;
#978 = CARTESIAN_POINT ( 'NONE',  ( -19.42669352633325275, -11.97539377413067463, -5.972000000000019959 ) ) ;
#979 = EDGE_CURVE ( 'NONE', #2416, #8018, #5951, .T. ) ;
#980 = CARTESIAN_POINT ( 'NONE',  ( -13.25000000000001421, -16.35435297310452896, -3.648363193421925832 ) ) ;
#981 = DIRECTION ( 'NONE',  ( 0.000000000000000000, 1.000000000000000000, -0.000000000000000000 ) ) ;
#982 = VERTEX_POINT ( 'NONE', #3829 ) ;
#983 = CARTESIAN_POINT ( 'NONE',  ( 20.50000000000000000, 2.500000000000000000, 0.000000000000000000 ) ) ;
#984 = LINE ( 'NONE', #9323, #2651 ) ;
#985 = CARTESIAN_POINT ( 'NONE',  ( -18.27471229351331772, -14.00024350447550603, -7.937463316781875555 ) ) ;
#986 = CARTESIAN_POINT ( 'NONE',  ( -20.50000000000000000, 14.00000000000000355, 5.028000000000000469 ) ) ;
#987 = FACE_OUTER_BOUND ( 'NONE', #3567, .T. ) ;
#988 = CARTESIAN_POINT ( 'NONE',  ( 18.88626598061051354, -13.77370079964511795, -6.435091573337897053 ) ) ;
#989 = ORIENTED_EDGE ( 'NONE', *, *, #462, .F. ) ;
#990 = ORIENTED_EDGE ( 'NONE', *, *, #8999, .F. ) ;
#991 = EDGE_CURVE ( 'NONE', #3988, #5633, #9971, .T. ) ;
#992 = CARTESIAN_POINT ( 'NONE',  ( 0.2790914677150453937, 14.76980405114586858, -5.826194581158810948 ) ) ;
#993 = ORIENTED_EDGE ( 'NONE', *, *, #9111, .F. ) ;
#994 = CARTESIAN_POINT ( 'NONE',  ( 19.50000000000000000, 1.500000000000000000, -4.000000000000000000 ) ) ;
#995 = FACE_BOUND ( 'NONE', #6108, .T. ) ;
#996 = CARTESIAN_POINT ( 'NONE',  ( -18.67082039324989751, 12.84164078649989982, -5.971999999999999531 ) ) ;
#997 = VERTEX_POINT ( 'NONE', #6822 ) ;
#998 = VERTEX_POINT ( 'NONE', #9882 ) ;
#999 = LINE ( 'NONE', #2531, #3917 ) ;
#1000 = EDGE_CURVE ( 'NONE', #3722, #3819, #2219, .T. ) ;
#1001 = FACE_OUTER_BOUND ( 'NONE', #3611, .T. ) ;
#1002 = VERTEX_POINT ( 'NONE', #1348 ) ;
#1003 = CARTESIAN_POINT ( 'NONE',  ( -23.00000000000000000, -2.500000000000000444, -7.500000000000000000 ) ) ;
#1004 = LINE ( 'NONE', #2581, #4257 ) ;
#1005 = EDGE_CURVE ( 'NONE', #1143, #3399, #6919, .T. ) ;
#1006 = DIRECTION ( 'NONE',  ( 0.000000000000000000, -1.000000000000000000, -0.000000000000000000 ) ) ;
#1007 = DIRECTION ( 'NONE',  ( 1.000000000000000000, 0.000000000000000000, 0.000000000000000000 ) ) ;
#1008 = VERTEX_POINT ( 'NONE', #3121 ) ;
#1009 = CARTESIAN_POINT ( 'NONE',  ( 1.665334536937730077E-15, 16.50000000000000000, 12.00000000000000000 ) ) ;
#1010 = AXIS2_PLACEMENT_3D ( 'NONE', #2222, #5306, #8382 ) ;
#1011 = CARTESIAN_POINT ( 'NONE',  ( 18.96447124758299907, 13.99258172403290068, -7.145513057455049832 ) ) ;
#1012 = ORIENTED_EDGE ( 'NONE', *, *, #2382, .F. ) ;
#1013 = CARTESIAN_POINT ( 'NONE',  ( -18.23228901185846951, -13.00000000000000000, -5.971999999999999531 ) ) ;
#1014 = ORIENTED_EDGE ( 'NONE', *, *, #767, .T. ) ;
#1015 = DIRECTION ( 'NONE',  ( -1.000000000000000000, -0.000000000000000000, 0.000000000000000000 ) ) ;
#1016 = VECTOR ( 'NONE', #6829, 1000.000000000000000 ) ;
#1017 = ADVANCED_FACE ( 'NONE', ( #1455 ), #6922, .F. ) ;
#1018 = FACE_OUTER_BOUND ( 'NONE', #7655, .T. ) ;
#1019 = VERTEX_POINT ( 'NONE', #6067 ) ;
#1020 = DIRECTION ( 'NONE',  ( -7.153498870007453638E-17, -1.000000000000000000, -0.000000000000000000 ) ) ;
#1021 = CARTESIAN_POINT ( 'NONE',  ( -18.77760104107345285, -12.72109809799426472, -5.958796283567663110 ) ) ;
#1022 = CARTESIAN_POINT ( 'NONE',  ( -20.99999999999998579, 16.50000000000000000, -11.00000000000000000 ) ) ;
#1023 = EDGE_CURVE ( 'NONE', #3674, #1948, #9989, .T. ) ;
#1024 = CIRCLE ( 'NONE', #7011, 0.6750000000000002665 ) ;
#1025 = CARTESIAN_POINT ( 'NONE',  ( 0.7664975999714190857, 14.92071878776037153, -5.949705967461974332 ) ) ;
#1026 = LINE ( 'NONE', #4116, #9926 ) ;
#1027 = ORIENTED_EDGE ( 'NONE', *, *, #527, .T. ) ;
#1028 = CARTESIAN_POINT ( 'NONE',  ( 3.848076211353312015, 14.00000000000000000, -4.485999999999998877 ) ) ;
#1029 = DIRECTION ( 'NONE',  ( 1.000000000000000000, 0.000000000000000000, 0.000000000000000000 ) ) ;
#1030 = CARTESIAN_POINT ( 'NONE',  ( -18.00000000000000000, -14.00000000000000000, -8.335283273142854554 ) ) ;
#1031 = AXIS2_PLACEMENT_3D ( 'NONE', #5484, #5588, #919 ) ;
#1032 = VECTOR ( 'NONE', #7589, 1000.000000000000000 ) ;
#1033 = FACE_BOUND ( 'NONE', #6799, .T. ) ;
#1034 = LINE ( 'NONE', #7121, #7748 ) ;
#1035 = CARTESIAN_POINT ( 'NONE',  ( 20.50000000000000000, -1.500000000000000000, 0.000000000000000000 ) ) ;
#1036 = ORIENTED_EDGE ( 'NONE', *, *, #1256, .T. ) ;
#1037 = ORIENTED_EDGE ( 'NONE', *, *, #528, .T. ) ;
#1038 = CARTESIAN_POINT ( 'NONE',  ( -20.49981649377252424, 11.95393669454580632, -7.721786491780965100 ) ) ;
#1039 = ORIENTED_EDGE ( 'NONE', *, *, #6970, .F. ) ;
#1040 = CYLINDRICAL_SURFACE ( 'NONE', #1347, 3.000000000000000444 ) ;
#1041 = CIRCLE ( 'NONE', #3786, 0.6750000000000002665 ) ;
#1042 = EDGE_CURVE ( 'NONE', #2101, #8392, #2172, .T. ) ;
#1043 = CIRCLE ( 'NONE', #1845, 0.6750000000000011546 ) ;
#1044 = FACE_OUTER_BOUND ( 'NONE', #6442, .T. ) ;
#1045 = CIRCLE ( 'NONE', #9123, 2.000000000000005329 ) ;
#1046 = CARTESIAN_POINT ( 'NONE',  ( 1.249999999999995337, 14.00000000000000178, -2.985999999999998877 ) ) ;
#1047 = ORIENTED_EDGE ( 'NONE', *, *, #561, .F. ) ;
#1048 = CARTESIAN_POINT ( 'NONE',  ( -23.00000000000000000, 1.499999999999999334, -7.500000000000000000 ) ) ;
#1049 = CARTESIAN_POINT ( 'NONE',  ( 18.56638396496920151, -12.89385900064014479, -5.971999999999997755 ) ) ;
#1050 = ORIENTED_EDGE ( 'NONE', *, *, #9331, .T. ) ;
#1051 = CARTESIAN_POINT ( 'NONE',  ( 25.50000000000000000, -10.00000000000000000, 2.277999999999982705 ) ) ;
#1052 = LINE ( 'NONE', #7887, #7978 ) ;
#1053 = CARTESIAN_POINT ( 'NONE',  ( 14.09616617609774458, -14.99913409351716354, -2.206374804950721913 ) ) ;
#1054 = VECTOR ( 'NONE', #478, 1000.000000000000000 ) ;
#1055 = CARTESIAN_POINT ( 'NONE',  ( 19.50000000000000000, 9.499999999999998224, -5.600000000000000533 ) ) ;
#1056 = ORIENTED_EDGE ( 'NONE', *, *, #4403, .F. ) ;
#1057 = CARTESIAN_POINT ( 'NONE',  ( -1.155687484110092826E-15, -16.50000000000000000, 0.000000000000000000 ) ) ;
#1058 = CARTESIAN_POINT ( 'NONE',  ( 18.66240143990354028, 12.84585026317302336, -5.971999999999999531 ) ) ;
#1059 = ORIENTED_EDGE ( 'NONE', *, *, #4076, .F. ) ;
#1060 = CARTESIAN_POINT ( 'NONE',  ( 4.750000000000104805, -35.24999999999999289, -11.00000000000000000 ) ) ;
#1061 = ORIENTED_EDGE ( 'NONE', *, *, #3454, .T. ) ;
#1062 = DIRECTION ( 'NONE',  ( 1.000000000000000000, 0.000000000000000000, -0.000000000000000000 ) ) ;
#1063 = AXIS2_PLACEMENT_3D ( 'NONE', #7132, #8739, #894 ) ;
#1064 = DIRECTION ( 'NONE',  ( 1.000000000000000000, 0.000000000000000000, 0.000000000000000000 ) ) ;
#1065 = LINE ( 'NONE', #3354, #9986 ) ;
#1066 = ORIENTED_EDGE ( 'NONE', *, *, #3048, .T. ) ;
#1067 = CARTESIAN_POINT ( 'NONE',  ( 19.74731051316319963, -12.07264491529999972, -6.068063582624739105 ) ) ;
#1068 = CIRCLE ( 'NONE', #2368, 12.00000000000002842 ) ;
#1069 = CARTESIAN_POINT ( 'NONE',  ( -19.99505294372014674, -13.63745044432482345, -7.457619079306737397 ) ) ;
#1070 = CARTESIAN_POINT ( 'NONE',  ( 1.749999999999992895, 16.50000000000000000, -0.02796010845019505572 ) ) ;
#1071 = ORIENTED_EDGE ( 'NONE', *, *, #705, .T. ) ;
#1072 = CARTESIAN_POINT ( 'NONE',  ( 0.000000000000000000, 0.000000000000000000, -9.500000000000000000 ) ) ;
#1073 = EDGE_CURVE ( 'NONE', #4127, #5180, #5357, .T. ) ;
#1074 = DIRECTION ( 'NONE',  ( -0.000000000000000000, -0.000000000000000000, -1.000000000000000000 ) ) ;
#1075 = AXIS2_PLACEMENT_3D ( 'NONE', #7974, #5663, #1086 ) ;
#1076 = LINE ( 'NONE', #328, #4258 ) ;
#1077 = LINE ( 'NONE', #287, #8071 ) ;
#1078 = LINE ( 'NONE', #6509, #7396 ) ;
#1079 = CYLINDRICAL_SURFACE ( 'NONE', #7058, 2.000000000000002665 ) ;
#1080 = ORIENTED_EDGE ( 'NONE', *, *, #4180, .T. ) ;
#1081 = VERTEX_POINT ( 'NONE', #1552 ) ;
#1082 = DIRECTION ( 'NONE',  ( -0.000000000000000000, -1.000000000000000000, -0.000000000000000000 ) ) ;
#1083 = EDGE_LOOP ( 'NONE', ( #4634, #6109, #2011, #6807 ) ) ;
#1084 = CARTESIAN_POINT ( 'NONE',  ( -19.50000000000000000, 1.500000000000000000, 0.000000000000000000 ) ) ;
#1085 = EDGE_CURVE ( 'NONE', #9133, #2117, #9239, .T. ) ;
#1086 = DIRECTION ( 'NONE',  ( 5.782411586589356653E-16, 1.184965211890880193E-16, 1.000000000000000000 ) ) ;
#1087 = LINE ( 'NONE', #7453, #308 ) ;
#1088 = PRESENTATION_STYLE_ASSIGNMENT (( #485 ) ) ;
#1089 = EDGE_CURVE ( 'NONE', #2433, #5353, #3203, .T. ) ;
#1090 = CARTESIAN_POINT ( 'NONE',  ( 20.50000000000000000, 5.499999999999998224, 2.365120500916039425 ) ) ;
#1091 = ORIENTED_EDGE ( 'NONE', *, *, #9276, .F. ) ;
#1092 = CARTESIAN_POINT ( 'NONE',  ( 19.91366506563886674, 13.41366994811417790, -7.443206413569818380 ) ) ;
#1093 = ORIENTED_EDGE ( 'NONE', *, *, #3526, .F. ) ;
#1094 = DIRECTION ( 'NONE',  ( 1.000000000000000000, 1.992221491941909864E-18, -4.579663590744439848E-16 ) ) ;
#1095 = CARTESIAN_POINT ( 'NONE',  ( 18.43269682565295042, -13.99945475671641937, -7.720949794505524544 ) ) ;
#1096 = EDGE_CURVE ( 'NONE', #9991, #9333, #2318, .T. ) ;
#1097 = EDGE_CURVE ( 'NONE', #3739, #201, #7517, .T. ) ;
#1098 = CARTESIAN_POINT ( 'NONE',  ( 25.50000000000000000, -16.50000000000000000, -11.00000000000000000 ) ) ;
#1099 = VECTOR ( 'NONE', #550, 1000.000000000000000 ) ;
#1100 = LINE ( 'NONE', #1148, #741 ) ;
#1101 = CARTESIAN_POINT ( 'NONE',  ( -20.50000000000000000, -6.038926451653769130E-15, -7.721999999999999531 ) ) ;
#1102 = EDGE_LOOP ( 'NONE', ( #8868, #2166, #7412, #7826, #54, #5754, #4294, #7402, #7455, #796 ) ) ;
#1103 = PLANE ( 'NONE',  #1978 ) ;
#1104 = CARTESIAN_POINT ( 'NONE',  ( 18.66061426483699748, 13.21471890679310057, -6.058667187275020183 ) ) ;
#1105 = EDGE_LOOP ( 'NONE', ( #4593, #6775, #7017, #9812 ) ) ;
#1106 = CARTESIAN_POINT ( 'NONE',  ( 0.000000000000000000, 0.000000000000000000, -9.500000000000001776 ) ) ;
#1107 = EDGE_CURVE ( 'NONE', #940, #7507, #1411, .T. ) ;
#1108 = LINE ( 'NONE', #7103, #3449 ) ;
#1109 = AXIS2_PLACEMENT_3D ( 'NONE', #9774, #2858, #9028 ) ;
#1110 = AXIS2_PLACEMENT_3D ( 'NONE', #9849, #6177, #6834 ) ;
#1111 = LINE ( 'NONE', #2596, #956 ) ;
#1112 = ORIENTED_EDGE ( 'NONE', *, *, #708, .F. ) ;
#1113 = DIRECTION ( 'NONE',  ( -0.000000000000000000, -0.000000000000000000, 1.000000000000000000 ) ) ;
#1114 = AXIS2_PLACEMENT_3D ( 'NONE', #3973, #29, #6359 ) ;
#1115 = CARTESIAN_POINT ( 'NONE',  ( -18.48963579644334132, -14.00000000000000000, -7.422247168826480390 ) ) ;
#1116 = DIRECTION ( 'NONE',  ( 0.000000000000000000, 2.906723457586479957E-16, -1.000000000000000000 ) ) ;
#1117 = CARTESIAN_POINT ( 'NONE',  ( -23.00000000000000355, -10.00000000000000000, 1.028000000000015790 ) ) ;
#1118 = DIRECTION ( 'NONE',  ( -0.000000000000000000, -0.000000000000000000, -1.000000000000000000 ) ) ;
#1119 = VERTEX_POINT ( 'NONE', #2922 ) ;
#1120 = DIRECTION ( 'NONE',  ( 0.000000000000000000, 0.000000000000000000, 1.000000000000000000 ) ) ;
#1121 = LINE ( 'NONE', #9615, #4105 ) ;
#1122 = DIRECTION ( 'NONE',  ( 1.000000000000000000, 0.000000000000000000, 0.000000000000000000 ) ) ;
#1123 = ADVANCED_FACE ( 'NONE', ( #794 ), #3380, .T. ) ;
#1124 = VERTEX_POINT ( 'NONE', #2369 ) ;
#1125 = DIRECTION ( 'NONE',  ( 0.000000000000000000, -1.000000000000000000, -0.000000000000000000 ) ) ;
#1126 = CARTESIAN_POINT ( 'NONE',  ( 18.63944073247151678, -13.99942353351324265, -8.369685663859632641 ) ) ;
#1127 = CARTESIAN_POINT ( 'NONE',  ( -18.00000000000000000, -14.00000000000000000, -7.279846789101638294 ) ) ;
#1128 = ORIENTED_EDGE ( 'NONE', *, *, #791, .F. ) ;
#1129 = EDGE_LOOP ( 'NONE', ( #1059, #1262, #2717, #9265 ) ) ;
#1130 = DIRECTION ( 'NONE',  ( 0.000000000000000000, 0.000000000000000000, -1.000000000000000000 ) ) ;
#1131 = ORIENTED_EDGE ( 'NONE', *, *, #3255, .F. ) ;
#1132 = CIRCLE ( 'NONE', #6797, 1.249999999999987121 ) ;
#1133 = CARTESIAN_POINT ( 'NONE',  ( 1.079679830075715996, 15.10869537465065093, 0.01395633531955470241 ) ) ;
#1134 = ADVANCED_FACE ( 'NONE', ( #1653 ), #9444, .F. ) ;
#1135 = CARTESIAN_POINT ( 'NONE',  ( 20.50000000000000000, 1.500000000000000000, 0.000000000000000000 ) ) ;
#1136 = EDGE_CURVE ( 'NONE', #9466, #626, #6278, .T. ) ;
#1137 = DIRECTION ( 'NONE',  ( -0.000000000000000000, -0.000000000000000000, 1.000000000000000000 ) ) ;
#1138 = FACE_OUTER_BOUND ( 'NONE', #5359, .T. ) ;
#1139 = DIRECTION ( 'NONE',  ( 0.7071067811865484609, 0.7071067811865467956, 0.000000000000000000 ) ) ;
#1140 = ORIENTED_EDGE ( 'NONE', *, *, #2443, .F. ) ;
#1141 = CARTESIAN_POINT ( 'NONE',  ( 11.67999999999999261, 33.50000000000000000, -2.986000000000040178 ) ) ;
#1142 = LINE ( 'NONE', #2113, #6072 ) ;
#1143 = VERTEX_POINT ( 'NONE', #9390 ) ;
#1144 = LINE ( 'NONE', #1003, #4093 ) ;
#1145 = CARTESIAN_POINT ( 'NONE',  ( 20.54109729364168047, -12.52523206347910190, -8.649377882085095948 ) ) ;
#1146 = EDGE_CURVE ( 'NONE', #1654, #2877, #4038, .T. ) ;
#1147 = DIRECTION ( 'NONE',  ( 0.000000000000000000, 2.906723457586479957E-16, -1.000000000000000000 ) ) ;
#1148 = CARTESIAN_POINT ( 'NONE',  ( -19.50000000000000000, 11.50000000000000000, -5.600000000000000533 ) ) ;
#1149 = CARTESIAN_POINT ( 'NONE',  ( 4.249999999999994671, -16.50000000000000000, -2.985999999999998877 ) ) ;
#1150 = ORIENTED_EDGE ( 'NONE', *, *, #1562, .F. ) ;
#1151 = EDGE_LOOP ( 'NONE', ( #1594, #4414, #6915, #8201 ) ) ;
#1152 = CARTESIAN_POINT ( 'NONE',  ( -20.50000000000000000, -10.00000000000000000, 2.278000000000003133 ) ) ;
#1153 = CARTESIAN_POINT ( 'NONE',  ( 25.50000000000000000, 14.49999999999999467, 5.028000000000000469 ) ) ;
#1154 = EDGE_LOOP ( 'NONE', ( #3893, #8612 ) ) ;
#1155 = DIRECTION ( 'NONE',  ( 1.000000000000000000, 0.000000000000000000, 0.000000000000000000 ) ) ;
#1156 = FACE_OUTER_BOUND ( 'NONE', #7594, .T. ) ;
#1157 = CARTESIAN_POINT ( 'NONE',  ( 25.50000000000000000, -10.00000000000000000, 2.277999999999982705 ) ) ;
#1158 = CARTESIAN_POINT ( 'NONE',  ( -18.67885771937489636, 12.54784176676900209, -5.903749590020919591 ) ) ;
#1159 = ORIENTED_EDGE ( 'NONE', *, *, #5352, .F. ) ;
#1160 = CARTESIAN_POINT ( 'NONE',  ( -20.55346307255046767, -2.500000000000000000, -9.500000000000000000 ) ) ;
#1161 = CARTESIAN_POINT ( 'NONE',  ( -20.50000000000000000, -12.59743809945159931, -7.440141220050089821 ) ) ;
#1162 = CARTESIAN_POINT ( 'NONE',  ( 25.50000000000000000, -1.500000000000000000, 4.183880899790660024 ) ) ;
#1163 = FACE_OUTER_BOUND ( 'NONE', #7157, .T. ) ;
#1164 = ORIENTED_EDGE ( 'NONE', *, *, #6344, .T. ) ;
#1165 = CARTESIAN_POINT ( 'NONE',  ( -8.505000000000002558, -16.50000000000000000, -2.986000000000040178 ) ) ;
#1166 = AXIS2_PLACEMENT_3D ( 'NONE', #2875, #9791, #1301 ) ;
#1167 = EDGE_CURVE ( 'NONE', #5777, #4126, #5562, .T. ) ;
#1168 = DIRECTION ( 'NONE',  ( 0.000000000000000000, -1.000000000000000000, -0.000000000000000000 ) ) ;
#1169 = ORIENTED_EDGE ( 'NONE', *, *, #6496, .F. ) ;
#1170 = FACE_OUTER_BOUND ( 'NONE', #8754, .T. ) ;
#1171 = VECTOR ( 'NONE', #7277, 1000.000000000000000 ) ;
#1172 = LINE ( 'NONE', #427, #8362 ) ;
#1173 = EDGE_LOOP ( 'NONE', ( #5764, #1318, #2126, #2319 ) ) ;
#1174 = ORIENTED_EDGE ( 'NONE', *, *, #4537, .F. ) ;
#1175 = CARTESIAN_POINT ( 'NONE',  ( 20.00000000000005329, 19.99999999999996447, 5.028000000000000469 ) ) ;
#1176 = VERTEX_POINT ( 'NONE', #5514 ) ;
#1177 = CARTESIAN_POINT ( 'NONE',  ( 20.50000000000000000, 12.00000000000000000, -11.00000000000000000 ) ) ;
#1178 = AXIS2_PLACEMENT_3D ( 'NONE', #3254, #1015, #1826 ) ;
#1179 = CARTESIAN_POINT ( 'NONE',  ( -13.26798202978941887, -16.21092118945832894, -2.326387594719106389 ) ) ;
#1180 = AXIS2_PLACEMENT_3D ( 'NONE', #9411, #5590, #8665 ) ;
#1181 = DIRECTION ( 'NONE',  ( -0.000000000000000000, -0.000000000000000000, 1.000000000000000000 ) ) ;
#1182 = CARTESIAN_POINT ( 'NONE',  ( 25.50000000000000000, 1.500000000000000000, 4.183880899790660024 ) ) ;
#1183 = CARTESIAN_POINT ( 'NONE',  ( -20.40866998040673863, -11.96810040173066270, -6.808758325110726872 ) ) ;
#1184 = CARTESIAN_POINT ( 'NONE',  ( 19.50000000000000000, -6.500000000000000000, 0.000000000000000000 ) ) ;
#1185 = EDGE_LOOP ( 'NONE', ( #2211, #7968, #4043, #4843, #7995, #8733, #4186, #5358 ) ) ;
#1186 = AXIS2_PLACEMENT_3D ( 'NONE', #3638, #8952, #1464 ) ;
#1187 = LINE ( 'NONE', #3575, #3690 ) ;
#1188 = CARTESIAN_POINT ( 'NONE',  ( -18.83077136115418426, 12.34520302067536157, -5.915979715141380879 ) ) ;
#1189 = ORIENTED_EDGE ( 'NONE', *, *, #6242, .F. ) ;
#1190 = CARTESIAN_POINT ( 'NONE',  ( 18.38005106577901415, -14.00000000000000000, -8.441120389122092504 ) ) ;
#1191 = DIRECTION ( 'NONE',  ( -7.153498870007452406E-17, -1.000000000000000000, -0.000000000000000000 ) ) ;
#1192 = EDGE_CURVE ( 'NONE', #8885, #243, #9170, .T. ) ;
#1193 = VECTOR ( 'NONE', #4884, 1000.000000000000000 ) ;
#1194 = LINE ( 'NONE', #4289, #7849 ) ;
#1195 = EDGE_CURVE ( 'NONE', #5496, #2202, #2713, .T. ) ;
#1196 = CARTESIAN_POINT ( 'NONE',  ( 1.099615614179529546E-15, 16.50000000000000000, 0.000000000000000000 ) ) ;
#1197 = ORIENTED_EDGE ( 'NONE', *, *, #7221, .F. ) ;
#1198 = CARTESIAN_POINT ( 'NONE',  ( 19.17407255343973915, 12.44744920291767443, -5.972085764968568355 ) ) ;
#1199 = CARTESIAN_POINT ( 'NONE',  ( 20.51040795647163861, 12.57582841203560164, -7.746284529328288038 ) ) ;
#1200 = ORIENTED_EDGE ( 'NONE', *, *, #5100, .F. ) ;
#1201 = CARTESIAN_POINT ( 'NONE',  ( -18.67081981922670408, -12.84164107351133310, -5.972000000000003084 ) ) ;
#1202 = LINE ( 'NONE', #5873, #8781 ) ;
#1203 = CARTESIAN_POINT ( 'NONE',  ( -19.24444594351924565, 12.08792120864960928, -5.934646513756885788 ) ) ;
#1204 = AXIS2_PLACEMENT_3D ( 'NONE', #6502, #1118, #5739 ) ;
#1205 = ADVANCED_FACE ( 'NONE', ( #4694 ), #7824, .T. ) ;
#1206 = CARTESIAN_POINT ( 'NONE',  ( -19.44816279028826855, -12.16752316822013924, -5.999998983315657064 ) ) ;
#1207 = CARTESIAN_POINT ( 'NONE',  ( -19.50286213551283510, 11.15387543757708499, -5.978314462488569347 ) ) ;
#1208 = EDGE_LOOP ( 'NONE', ( #4337, #4580, #8630, #5257, #6589, #9689, #7306, #9119, #2669, #6288 ) ) ;
#1209 = CARTESIAN_POINT ( 'NONE',  ( 19.42474522821219907, -11.98301071753530067, -5.971999999999999531 ) ) ;
#1210 = EDGE_CURVE ( 'NONE', #6825, #42, #200, .T. ) ;
#1211 = CARTESIAN_POINT ( 'NONE',  ( -20.50000000000000000, -11.99896426780080283, -7.431347404464429651 ) ) ;
#1212 = CARTESIAN_POINT ( 'NONE',  ( 18.96022731691785523, -12.24577136946368405, -5.908150381323630462 ) ) ;
#1213 = VECTOR ( 'NONE', #3343, 1000.000000000000000 ) ;
#1214 = ORIENTED_EDGE ( 'NONE', *, *, #8616, .T. ) ;
#1215 = CARTESIAN_POINT ( 'NONE',  ( -23.00000000000000000, -1.500000000000000000, 4.183880899790690222 ) ) ;
#1216 = EDGE_CURVE ( 'NONE', #9945, #3968, #8690, .T. ) ;
#1217 = CARTESIAN_POINT ( 'NONE',  ( -23.00000000000000000, -10.50000000000000000, -7.500000000000000000 ) ) ;
#1218 = DIRECTION ( 'NONE',  ( -0.000000000000000000, 0.000000000000000000, -1.000000000000000000 ) ) ;
#1219 = ORIENTED_EDGE ( 'NONE', *, *, #5863, .T. ) ;
#1220 = FACE_OUTER_BOUND ( 'NONE', #9552, .T. ) ;
#1221 = DIRECTION ( 'NONE',  ( -1.000000000000000000, 0.000000000000000000, 0.000000000000000000 ) ) ;
#1222 = LINE ( 'NONE', #7398, #7623 ) ;
#1223 = VERTEX_POINT ( 'NONE', #7133 ) ;
#1224 = ORIENTED_EDGE ( 'NONE', *, *, #3185, .F. ) ;
#1225 = DIRECTION ( 'NONE',  ( -7.153498870007452406E-17, -1.000000000000000000, -0.000000000000000000 ) ) ;
#1226 = VERTEX_POINT ( 'NONE', #2571 ) ;
#1227 = DIRECTION ( 'NONE',  ( -0.000000000000000000, -0.000000000000000000, 1.000000000000000000 ) ) ;
#1228 = EDGE_CURVE ( 'NONE', #626, #6923, #8586, .T. ) ;
#1229 = EDGE_CURVE ( 'NONE', #2145, #9776, #1760, .T. ) ;
#1230 = CIRCLE ( 'NONE', #4801, 0.6750000000000002665 ) ;
#1231 = PLANE ( 'NONE',  #5966 ) ;
#1232 =( NAMED_UNIT ( * ) PLANE_ANGLE_UNIT ( ) SI_UNIT ( $, .RADIAN. ) );
#1233 = FACE_OUTER_BOUND ( 'NONE', #2918, .T. ) ;
#1234 = ORIENTED_EDGE ( 'NONE', *, *, #336, .F. ) ;
#1235 = CARTESIAN_POINT ( 'NONE',  ( -20.50000000000000000, -9.500000000000000000, -7.500000000000000000 ) ) ;
#1236 = LINE ( 'NONE', #8218, #494 ) ;
#1237 = EDGE_LOOP ( 'NONE', ( #4654, #3110, #2615, #9956, #4362, #205, #4822 ) ) ;
#1238 = CARTESIAN_POINT ( 'NONE',  ( 20.01329859926635280, -13.65981061111024530, -8.683878674022675881 ) ) ;
#1239 = ORIENTED_EDGE ( 'NONE', *, *, #9695, .F. ) ;
#1240 = DIRECTION ( 'NONE',  ( 0.000000000000000000, 0.000000000000000000, 1.000000000000000000 ) ) ;
#1241 = FACE_OUTER_BOUND ( 'NONE', #9272, .T. ) ;
#1242 = CARTESIAN_POINT ( 'NONE',  ( 1.749999999999988010, 16.50000000000000000, -0.02796010845018923052 ) ) ;
#1243 = ADVANCED_FACE ( 'NONE', ( #843 ), #4850, .F. ) ;
#1244 = ORIENTED_EDGE ( 'NONE', *, *, #3314, .F. ) ;
#1245 = LINE ( 'NONE', #9043, #5054 ) ;
#1246 = PLANE ( 'NONE',  #2723 ) ;
#1247 = VERTEX_POINT ( 'NONE', #996 ) ;
#1248 = VECTOR ( 'NONE', #599, 1000.000000000000000 ) ;
#1249 = CARTESIAN_POINT ( 'NONE',  ( 1.249999999999995337, 14.00000000000000178, -2.985999999999998877 ) ) ;
#1250 = B_SPLINE_CURVE_WITH_KNOTS ( 'NONE', 3,
 ( #3910, #5441, #7755, #8464 ),
 .UNSPECIFIED., .F., .F.,
 ( 4, 4 ),
 ( 0.9178322322629687280, 1.000000000370599995 ),
 .UNSPECIFIED. ) ;
#1251 = CARTESIAN_POINT ( 'NONE',  ( -23.00000000000000000, -6.043907005383619683E-15, -7.721999999999999531 ) ) ;
#1252 = EDGE_CURVE ( 'NONE', #7786, #8606, #8740, .T. ) ;
#1253 = CARTESIAN_POINT ( 'NONE',  ( -23.00000000000000000, -9.499999999999998224, -5.599999999999999645 ) ) ;
#1254 = CIRCLE ( 'NONE', #2567, 1.749999999999987566 ) ;
#1255 = CARTESIAN_POINT ( 'NONE',  ( -18.49561167591952326, 12.83877185682247379, -5.944202278492054070 ) ) ;
#1256 = EDGE_CURVE ( 'NONE', #3976, #1929, #3929, .T. ) ;
#1257 = ORIENTED_EDGE ( 'NONE', *, *, #7847, .T. ) ;
#1258 = CARTESIAN_POINT ( 'NONE',  ( -20.50000000000000000, -6.038926451653769130E-15, -7.721999999999999531 ) ) ;
#1259 = CARTESIAN_POINT ( 'NONE',  ( -18.46784375696854141, -13.99998398262388655, -7.430421838780653765 ) ) ;
#1260 = LINE ( 'NONE', #9057, #1517 ) ;
#1261 = CARTESIAN_POINT ( 'NONE',  ( 18.74860383230195637, -12.18757672237675393, -5.833684621744288812 ) ) ;
#1262 = ORIENTED_EDGE ( 'NONE', *, *, #8616, .F. ) ;
#1263 = CARTESIAN_POINT ( 'NONE',  ( 20.50000000000000000, 11.86754886233879880, -9.500000000000000000 ) ) ;
#1264 = VECTOR ( 'NONE', #2475, 1000.000000000000000 ) ;
#1265 = EDGE_CURVE ( 'NONE', #6923, #8599, #4168, .T. ) ;
#1266 = CARTESIAN_POINT ( 'NONE',  ( -20.50000000000000000, -10.00000000000000000, 1.028000000000015790 ) ) ;
#1267 = EDGE_CURVE ( 'NONE', #9790, #8827, #6459, .T. ) ;
#1268 = CARTESIAN_POINT ( 'NONE',  ( -19.47046211602383181, -13.81832594364832367, -7.442044354627926239 ) ) ;
#1269 = VECTOR ( 'NONE', #1282, 1000.000000000000000 ) ;
#1270 = VERTEX_POINT ( 'NONE', #486 ) ;
#1271 = CARTESIAN_POINT ( 'NONE',  ( -20.50000000000000000, -9.185353341053380305, -2.778495045355449991E-17 ) ) ;
#1272 = EDGE_CURVE ( 'NONE', #5598, #8718, #1863, .T. ) ;
#1273 = EDGE_CURVE ( 'NONE', #8310, #1690, #7716, .T. ) ;
#1274 = LINE ( 'NONE', #8154, #3107 ) ;
#1275 = DIRECTION ( 'NONE',  ( -1.000000000000000000, 0.000000000000000000, 0.000000000000000000 ) ) ;
#1276 = ORIENTED_EDGE ( 'NONE', *, *, #2331, .F. ) ;
#1277 = ORIENTED_EDGE ( 'NONE', *, *, #96, .F. ) ;
#1278 = DIRECTION ( 'NONE',  ( -0.7071067811865460184, 0.7071067811865490160, 0.000000000000000000 ) ) ;
#1279 = ORIENTED_EDGE ( 'NONE', *, *, #8577, .T. ) ;
#1280 = CARTESIAN_POINT ( 'NONE',  ( 20.55346307255046767, 10.50000000000000178, -7.500000000000000000 ) ) ;
#1281 = CARTESIAN_POINT ( 'NONE',  ( -18.27225619552200797, -11.95810755761347188, -5.603635394360751754 ) ) ;
#1282 = DIRECTION ( 'NONE',  ( -1.000000000000000000, -0.000000000000000000, -0.000000000000000000 ) ) ;
#1283 = ADVANCED_FACE ( 'NONE', ( #5042 ), #8026, .F. ) ;
#1284 = CIRCLE ( 'NONE', #6956, 12.00000000000000000 ) ;
#1285 = CARTESIAN_POINT ( 'NONE',  ( 20.55346307255046767, 2.500000000000002220, -5.599999999999999645 ) ) ;
#1286 = ORIENTED_EDGE ( 'NONE', *, *, #1589, .T. ) ;
#1287 = DIRECTION ( 'NONE',  ( -0.000000000000000000, -0.000000000000000000, -1.000000000000000000 ) ) ;
#1288 = CARTESIAN_POINT ( 'NONE',  ( -23.00000000000000000, -10.50000000000000000, -9.500000000000000000 ) ) ;
#1289 = VERTEX_POINT ( 'NONE', #1912 ) ;
#1290 = CARTESIAN_POINT ( 'NONE',  ( -20.24348841566509805, -12.67501410850235111, -6.397741670132140790 ) ) ;
#1291 = CARTESIAN_POINT ( 'NONE',  ( 20.52965796447040603, -12.54409165248864610, -8.312753403122405516 ) ) ;
#1292 = VERTEX_POINT ( 'NONE', #1184 ) ;
#1293 = CARTESIAN_POINT ( 'NONE',  ( 3.848076211353312015, 13.50000000000000355, -4.485999999999998877 ) ) ;
#1294 = EDGE_CURVE ( 'NONE', #3988, #9085, #4279, .T. ) ;
#1295 = VECTOR ( 'NONE', #9728, 1000.000000000000000 ) ;
#1296 = ADVANCED_BREP_SHAPE_REPRESENTATION ( '\X2\644450cf673a58f3\X0\2', ( #9233, #9249, #5645, #1560 ), #5932 ) ;
#1297 = DIRECTION ( 'NONE',  ( 1.000000000000000000, 0.000000000000000000, 0.000000000000000000 ) ) ;
#1298 = EDGE_CURVE ( 'NONE', #6498, #7566, #532, .T. ) ;
#1299 = CARTESIAN_POINT ( 'NONE',  ( -20.50000000000000000, 2.500000000000000000, 0.000000000000000000 ) ) ;
#1300 = ORIENTED_EDGE ( 'NONE', *, *, #5319, .F. ) ;
#1301 = DIRECTION ( 'NONE',  ( 1.000000000000000000, 0.000000000000000000, 0.000000000000000000 ) ) ;
#1302 = CARTESIAN_POINT ( 'NONE',  ( 18.00000000000000711, 14.00000000000000000, -15.00000000000000000 ) ) ;
#1303 = VERTEX_POINT ( 'NONE', #7454 ) ;
#1304 = LINE ( 'NONE', #6780, #1016 ) ;
#1305 = FACE_OUTER_BOUND ( 'NONE', #896, .T. ) ;
#1306 = DIRECTION ( 'NONE',  ( -1.000000000000000000, 0.000000000000000000, 0.000000000000000000 ) ) ;
#1307 = CARTESIAN_POINT ( 'NONE',  ( -1.348076211353316012, -13.50000000000000355, -4.485999999999998877 ) ) ;
#1308 = CARTESIAN_POINT ( 'NONE',  ( -18.25077254460359910, 13.00000000000000000, -5.971999999999999531 ) ) ;
#1309 = ORIENTED_EDGE ( 'NONE', *, *, #955, .F. ) ;
#1310 = CARTESIAN_POINT ( 'NONE',  ( -19.50000000000000000, -2.500000000000000000, 0.000000000000000000 ) ) ;
#1311 = CARTESIAN_POINT ( 'NONE',  ( -20.00385970862297569, -13.65504662281767345, -8.339803090822348608 ) ) ;
#1312 = CARTESIAN_POINT ( 'NONE',  ( 20.26313961314270173, -12.58817753695619857, -6.466931168107779904 ) ) ;
#1313 = ORIENTED_EDGE ( 'NONE', *, *, #273, .T. ) ;
#1314 = CARTESIAN_POINT ( 'NONE',  ( -23.00000000000000000, 9.500000000000000000, -9.500000000000001776 ) ) ;
#1315 = DIRECTION ( 'NONE',  ( 7.153498870007452406E-17, 1.000000000000000000, 0.000000000000000000 ) ) ;
#1316 = EDGE_CURVE ( 'NONE', #1119, #9643, #8072, .T. ) ;
#1317 = CARTESIAN_POINT ( 'NONE',  ( -19.85984511838960032, -13.46680287585471802, -7.443165301981921722 ) ) ;
#1318 = ORIENTED_EDGE ( 'NONE', *, *, #6361, .T. ) ;
#1319 = CARTESIAN_POINT ( 'NONE',  ( -23.00000000000000000, 1.499999999999998890, -5.599999999999999645 ) ) ;
#1320 = EDGE_CURVE ( 'NONE', #5294, #1292, #3475, .T. ) ;
#1321 = CARTESIAN_POINT ( 'NONE',  ( -18.87063319350334467, -12.38901891440499448, -5.925666936949749442 ) ) ;
#1322 = CARTESIAN_POINT ( 'NONE',  ( -20.50000000000000000, -6.500000000000000000, 2.365120500916029656 ) ) ;
#1323 = EDGE_LOOP ( 'NONE', ( #3274, #7977, #8244, #4540, #6086, #4551, #9571 ) ) ;
#1324 = CARTESIAN_POINT ( 'NONE',  ( 25.50000000000000000, -5.947284263024439757E-15, -7.721999999999999531 ) ) ;
#1325 = DIRECTION ( 'NONE',  ( 0.000000000000000000, 2.906723457586479957E-16, -1.000000000000000000 ) ) ;
#1326 = VERTEX_POINT ( 'NONE', #1285 ) ;
#1327 = CYLINDRICAL_SURFACE ( 'NONE', #5241, 12.00000000000000000 ) ;
#1328 = VECTOR ( 'NONE', #701, 1000.000000000000000 ) ;
#1329 = PLANE ( 'NONE',  #2377 ) ;
#1330 = DIRECTION ( 'NONE',  ( 0.000000000000000000, 0.000000000000000000, 1.000000000000000000 ) ) ;
#1331 = CARTESIAN_POINT ( 'NONE',  ( 18.69190940132943979, -12.07074636159649117, -5.792918869646189961 ) ) ;
#1332 = ORIENTED_EDGE ( 'NONE', *, *, #3526, .T. ) ;
#1333 = EDGE_CURVE ( 'NONE', #6868, #1081, #8884, .T. ) ;
#1334 = ORIENTED_EDGE ( 'NONE', *, *, #9641, .T. ) ;
#1335 = CARTESIAN_POINT ( 'NONE',  ( 25.50000000000000000, -2.500000000000000000, 4.014694594305510122 ) ) ;
#1336 = ORIENTED_EDGE ( 'NONE', *, *, #1089, .F. ) ;
#1337 = CARTESIAN_POINT ( 'NONE',  ( -20.32504018742969976, -11.82901836320630018, -6.496852376851790289 ) ) ;
#1338 = B_SPLINE_CURVE_WITH_KNOTS ( 'NONE', 3,
 ( #2555, #3509, #7959, #284, #4935 ),
 .UNSPECIFIED., .F., .F.,
 ( 4, 1, 4 ),
 ( 0.08216785417462080243, 0.5714285714286128082, 1.000000000000000222 ),
 .UNSPECIFIED. ) ;
#1339 = VECTOR ( 'NONE', #7946, 1000.000000000000000 ) ;
#1340 = CARTESIAN_POINT ( 'NONE',  ( 18.30294141925243778, -13.99750244695901991, -8.792672981184747272 ) ) ;
#1341 = ORIENTED_EDGE ( 'NONE', *, *, #8014, .T. ) ;
#1342 = AXIS2_PLACEMENT_3D ( 'NONE', #3913, #9325, #2304 ) ;
#1343 = CARTESIAN_POINT ( 'NONE',  ( 1.665334536937730077E-15, 16.50000000000000000, 12.00000000000000000 ) ) ;
#1344 = EDGE_CURVE ( 'NONE', #3266, #7845, #7311, .T. ) ;
#1345 = VECTOR ( 'NONE', #3411, 1000.000000000000000 ) ;
#1346 = CARTESIAN_POINT ( 'NONE',  ( -23.00000000000000000, -6.043907005383619683E-15, -7.721999999999999531 ) ) ;
#1347 = AXIS2_PLACEMENT_3D ( 'NONE', #7972, #9676, #5037 ) ;
#1348 = CARTESIAN_POINT ( 'NONE',  ( -20.50000000000000000, -5.500000000000000000, 2.943364503850800062 ) ) ;
#1349 = ORIENTED_EDGE ( 'NONE', *, *, #2130, .T. ) ;
#1350 = VERTEX_POINT ( 'NONE', #7360 ) ;
#1351 = DIRECTION ( 'NONE',  ( -7.153498870007452406E-17, -1.000000000000000000, -0.000000000000000000 ) ) ;
#1352 = LINE ( 'NONE', #7425, #305 ) ;
#1353 = ORIENTED_EDGE ( 'NONE', *, *, #5939, .F. ) ;
#1354 = DIRECTION ( 'NONE',  ( -0.7071067811865475727, -0.7071067811865475727, 0.000000000000000000 ) ) ;
#1355 = LINE ( 'NONE', #7428, #4408 ) ;
#1356 = VECTOR ( 'NONE', #9158, 1000.000000000000000 ) ;
#1357 = CARTESIAN_POINT ( 'NONE',  ( -19.77659942520939751, 11.97251289108390004, -6.075316001797980370 ) ) ;
#1358 = CARTESIAN_POINT ( 'NONE',  ( -17.99999999999999645, -13.50000000000000000, 0.000000000000000000 ) ) ;
#1359 = CARTESIAN_POINT ( 'NONE',  ( -18.88626598061018669, 13.77370079964513927, -6.435091573337887283 ) ) ;
#1360 = VERTEX_POINT ( 'NONE', #9633 ) ;
#1361 = CARTESIAN_POINT ( 'NONE',  ( -18.66752316843785309, 12.94816278399553866, -5.999998981466625914 ) ) ;
#1362 = VECTOR ( 'NONE', #2493, 1000.000000000000000 ) ;
#1363 = CARTESIAN_POINT ( 'NONE',  ( -20.00926485229497587, -13.66584626080977394, -8.881242697760750815 ) ) ;
#1364 = CARTESIAN_POINT ( 'NONE',  ( 18.67082039324979803, -12.84164078649989982, -5.971999999999999531 ) ) ;
#1365 = ORIENTED_EDGE ( 'NONE', *, *, #6537, .T. ) ;
#1366 = PLANE ( 'NONE',  #251 ) ;
#1367 = CARTESIAN_POINT ( 'NONE',  ( -19.50000000000000000, 1.500000000000000000, 0.000000000000000000 ) ) ;
#1368 = AXIS2_PLACEMENT_3D ( 'NONE', #3311, #981, #4066 ) ;
#1369 = CARTESIAN_POINT ( 'NONE',  ( -19.91358380419293184, -13.41360021050130769, -7.443204761449202067 ) ) ;
#1370 = ORIENTED_EDGE ( 'NONE', *, *, #7436, .T. ) ;
#1371 = CARTESIAN_POINT ( 'NONE',  ( 20.55346307255046767, -11.00000000000000000, -7.500000000000000000 ) ) ;
#1372 = CIRCLE ( 'NONE', #1716, 0.6750000000000011546 ) ;
#1373 = CARTESIAN_POINT ( 'NONE',  ( -18.94767064899372144, -12.18159805507299609, -5.880479533291368632 ) ) ;
#1374 = CARTESIAN_POINT ( 'NONE',  ( 16.00380347358624178, -15.06299900904574329, -4.644385168388483365 ) ) ;
#1375 = ORIENTED_EDGE ( 'NONE', *, *, #3702, .F. ) ;
#1376 = EDGE_CURVE ( 'NONE', #3018, #6825, #5905, .T. ) ;
#1377 = DIRECTION ( 'NONE',  ( -7.153498870007452406E-17, -1.000000000000000000, -0.000000000000000000 ) ) ;
#1378 = CARTESIAN_POINT ( 'NONE',  ( 20.50000000000000000, -1.500000000000000222, -9.500000000000000000 ) ) ;
#1379 = VERTEX_POINT ( 'NONE', #6615 ) ;
#1380 = DIRECTION ( 'NONE',  ( -1.000000000000000000, 0.000000000000000000, 0.000000000000000000 ) ) ;
#1381 = EDGE_CURVE ( 'NONE', #6121, #4477, #2060, .T. ) ;
#1382 = CARTESIAN_POINT ( 'NONE',  ( -18.24393524471310002, -13.33158847671130154, -6.089234230222939637 ) ) ;
#1383 = AXIS2_PLACEMENT_3D ( 'NONE', #2776, #5050, #8122 ) ;
#1384 = DIRECTION ( 'NONE',  ( 0.000000000000000000, -1.000000000000000000, -2.906723457586479957E-16 ) ) ;
#1385 = CARTESIAN_POINT ( 'NONE',  ( -18.26925351421584764, 14.00000000000000178, -7.398542279267721788 ) ) ;
#1386 = CARTESIAN_POINT ( 'NONE',  ( 18.52094110334927635, -12.09541818463620189, -5.719739510650930114 ) ) ;
#1387 = ORIENTED_EDGE ( 'NONE', *, *, #3019, .T. ) ;
#1388 = EDGE_CURVE ( 'NONE', #7881, #4695, #7584, .T. ) ;
#1389 = ORIENTED_EDGE ( 'NONE', *, *, #2015, .F. ) ;
#1390 = AXIS2_PLACEMENT_3D ( 'NONE', #3964, #7002, #1687 ) ;
#1391 = CARTESIAN_POINT ( 'NONE',  ( -19.71716355439181356, 12.15087482848745104, -6.058864245944744376 ) ) ;
#1392 = ORIENTED_EDGE ( 'NONE', *, *, #8424, .F. ) ;
#1393 = CARTESIAN_POINT ( 'NONE',  ( -20.50000000000000000, 5.500000000000000000, 0.000000000000000000 ) ) ;
#1394 = CARTESIAN_POINT ( 'NONE',  ( 18.23080068631216832, -13.99641701197999311, -9.388524039270670585 ) ) ;
#1395 = ORIENTED_EDGE ( 'NONE', *, *, #7876, .F. ) ;
#1396 = ADVANCED_FACE ( 'NONE', ( #5140 ), #3527, .T. ) ;
#1397 = PRODUCT ( '\X2\644450cf673a58f3\X0\2', '\X2\644450cf673a58f3\X0\2', '', ( #2255 ) ) ;
#1398 = EDGE_CURVE ( 'NONE', #9131, #997, #6663, .T. ) ;
#1399 = CARTESIAN_POINT ( 'NONE',  ( 25.50000000000000000, 9.500000000000000000, -9.500000000000000000 ) ) ;
#1400 = LINE ( 'NONE', #3679, #3676 ) ;
#1401 = EDGE_LOOP ( 'NONE', ( #8682, #6398, #7698, #116, #6432 ) ) ;
#1402 = EDGE_LOOP ( 'NONE', ( #6220, #6013, #5189, #4008, #2530 ) ) ;
#1403 = DIRECTION ( 'NONE',  ( -0.000000000000000000, -0.000000000000000000, -1.000000000000000000 ) ) ;
#1404 = ADVANCED_FACE ( 'NONE', ( #1233 ), #3826, .T. ) ;
#1405 = CARTESIAN_POINT ( 'NONE',  ( 25.50000000000000355, -4.525326008755383821E-15, 4.278000000000000469 ) ) ;
#1406 = VERTEX_POINT ( 'NONE', #8058 ) ;
#1407 = DIRECTION ( 'NONE',  ( 1.000000000000000000, 0.000000000000000000, 0.000000000000000000 ) ) ;
#1408 = LINE ( 'NONE', #654, #886 ) ;
#1409 = ADVANCED_FACE ( 'NONE', ( #1849 ), #4939, .F. ) ;
#1410 = CARTESIAN_POINT ( 'NONE',  ( -19.79743918134510139, 11.86286469206380190, -6.080745192580230274 ) ) ;
#1411 = CIRCLE ( 'NONE', #8360, 0.6750000000000002665 ) ;
#1412 = CARTESIAN_POINT ( 'NONE',  ( -18.47647433666420724, 14.00000000000000000, -7.622324726599547517 ) ) ;
#1413 = VERTEX_POINT ( 'NONE', #3461 ) ;
#1414 = CARTESIAN_POINT ( 'NONE',  ( -20.55346307255046767, -11.00000000000000000, -7.500000000000000000 ) ) ;
#1415 = EDGE_CURVE ( 'NONE', #6942, #4842, #6558, .T. ) ;
#1416 = LINE ( 'NONE', #711, #9175 ) ;
#1417 = CARTESIAN_POINT ( 'NONE',  ( -18.43412814265999344, -14.00000000000000000, -7.981915099929799418 ) ) ;
#1418 = DIRECTION ( 'NONE',  ( -7.153498870007452406E-17, -1.000000000000000000, 0.000000000000000000 ) ) ;
#1419 = CARTESIAN_POINT ( 'NONE',  ( 20.50035040120121366, -12.01325633105834534, -7.136768703303092209 ) ) ;
#1420 = ORIENTED_EDGE ( 'NONE', *, *, #2140, .T. ) ;
#1421 = DIRECTION ( 'NONE',  ( -1.000000000000000000, 0.000000000000000000, 0.000000000000000000 ) ) ;
#1422 = CARTESIAN_POINT ( 'NONE',  ( 18.00000000000000000, -13.00000000000000000, -6.256582147985133346 ) ) ;
#1423 = CIRCLE ( 'NONE', #5648, 0.6750000000000002665 ) ;
#1424 = VECTOR ( 'NONE', #7753, 1000.000000000000000 ) ;
#1425 = LINE ( 'NONE', #4514, #1032 ) ;
#1426 = CARTESIAN_POINT ( 'NONE',  ( 20.49259607801456795, -11.48223774772700700, -11.43707262302783789 ) ) ;
#1427 = ORIENTED_EDGE ( 'NONE', *, *, #3940, .T. ) ;
#1428 = DIRECTION ( 'NONE',  ( -1.000000000000000000, -0.000000000000000000, 0.000000000000000000 ) ) ;
#1429 = EDGE_CURVE ( 'NONE', #5704, #2521, #6602, .T. ) ;
#1430 = CIRCLE ( 'NONE', #953, 1.699999999999998845 ) ;
#1431 = CARTESIAN_POINT ( 'NONE',  ( 16.74999999999998579, -16.50000000000000000, -11.00000000000000178 ) ) ;
#1432 = CARTESIAN_POINT ( 'NONE',  ( 15.15731090268436709, -14.75443471527996486, -4.624984685523521044 ) ) ;
#1433 = AXIS2_PLACEMENT_3D ( 'NONE', #5629, #8750, #7988 ) ;
#1434 = DIRECTION ( 'NONE',  ( 5.782411586589356653E-16, 1.184965211890880193E-16, 1.000000000000000000 ) ) ;
#1435 = FACE_BOUND ( 'NONE', #3642, .T. ) ;
#1436 = ORIENTED_EDGE ( 'NONE', *, *, #5625, .T. ) ;
#1437 = CARTESIAN_POINT ( 'NONE',  ( -23.00000000000000000, -6.043907005383619683E-15, -7.721999999999999531 ) ) ;
#1438 = CARTESIAN_POINT ( 'NONE',  ( -18.70288932448858077, -11.66938269777359416, -5.699680864183481077 ) ) ;
#1439 = VECTOR ( 'NONE', #3572, 1000.000000000000000 ) ;
#1440 = EDGE_CURVE ( 'NONE', #1176, #3674, #1078, .T. ) ;
#1441 = APPLICATION_PROTOCOL_DEFINITION ( 'draft international standard', 'automotive_design', 1998, #8282 ) ;
#1442 = LINE ( 'NONE', #4527, #6620 ) ;
#1443 = CARTESIAN_POINT ( 'NONE',  ( 18.52646017190736316, -11.93273710911678442, -5.670611720853873550 ) ) ;
#1444 = ORIENTED_EDGE ( 'NONE', *, *, #2626, .T. ) ;
#1445 = ORIENTED_EDGE ( 'NONE', *, *, #3059, .F. ) ;
#1446 = CARTESIAN_POINT ( 'NONE',  ( -19.34444620212561716, 12.16520956199846459, -5.971999999999999531 ) ) ;
#1447 = ORIENTED_EDGE ( 'NONE', *, *, #3940, .F. ) ;
#1448 = CARTESIAN_POINT ( 'NONE',  ( -20.49986221015777588, -12.51092826279894510, -7.598522360970989098 ) ) ;
#1450 = EDGE_CURVE ( 'NONE', #7881, #7971, #1172, .T. ) ;
#1449 = CARTESIAN_POINT ( 'NONE',  ( 20.49865743087378078, -11.72964023956164148, -9.608338945443156476 ) ) ;
#1451 = ORIENTED_EDGE ( 'NONE', *, *, #8106, .T. ) ;
#1452 = EDGE_CURVE ( 'NONE', #7554, #1702, #2240, .T. ) ;
#1453 = AXIS2_PLACEMENT_3D ( 'NONE', #8048, #1113, #4209 ) ;
#1454 = CARTESIAN_POINT ( 'NONE',  ( 3.848076211353309795, -16.50000000000000000, -1.485999999999999543 ) ) ;
#1455 = FACE_OUTER_BOUND ( 'NONE', #4989, .T. ) ;
#1456 = EDGE_LOOP ( 'NONE', ( #5859, #3506, #7603, #7499, #9634, #4208, #2007 ) ) ;
#1457 = VERTEX_POINT ( 'NONE', #9621 ) ;
#1458 = CARTESIAN_POINT ( 'NONE',  ( 18.67885771937479689, 12.54784176676900209, -5.903749590020912485 ) ) ;
#1459 = ADVANCED_FACE ( 'NONE', ( #7214 ), #9670, .T. ) ;
#1460 = CARTESIAN_POINT ( 'NONE',  ( -20.50000000000000000, -10.50000000000000000, -7.500000000000000000 ) ) ;
#1461 = ORIENTED_EDGE ( 'NONE', *, *, #7436, .F. ) ;
#1462 = DIRECTION ( 'NONE',  ( 5.782411586589356653E-16, 1.184965211890880193E-16, 1.000000000000000000 ) ) ;
#1463 = FACE_OUTER_BOUND ( 'NONE', #8172, .T. ) ;
#1464 = DIRECTION ( 'NONE',  ( 0.000000000000000000, 0.000000000000000000, -1.000000000000000000 ) ) ;
#1465 = DIRECTION ( 'NONE',  ( -1.000000000000000000, -1.992221491941909864E-18, 4.579663590744439848E-16 ) ) ;
#1466 = VERTEX_POINT ( 'NONE', #3565 ) ;
#1467 = CARTESIAN_POINT ( 'NONE',  ( 19.50000000000000000, -2.500000000000000000, -4.000000000000000000 ) ) ;
#1468 = CARTESIAN_POINT ( 'NONE',  ( 18.72893509237998799, 12.48227216355619262, -5.907043089438327677 ) ) ;
#1469 = CARTESIAN_POINT ( 'NONE',  ( -18.34905060424489776, -13.99928174277478909, -8.604971206742316525 ) ) ;
#1470 = CARTESIAN_POINT ( 'NONE',  ( -13.50000000000001243, 16.49999999999998224, -2.428124565871664142 ) ) ;
#1471 = CARTESIAN_POINT ( 'NONE',  ( 19.06084592773186870, -12.27382613548575563, -5.929433587549087115 ) ) ;
#1472 = ORIENTED_EDGE ( 'NONE', *, *, #1376, .F. ) ;
#1473 = FACE_OUTER_BOUND ( 'NONE', #8473, .T. ) ;
#1474 = CARTESIAN_POINT ( 'NONE',  ( 19.91421356237309581, -13.41421356237309936, -11.00000000000000000 ) ) ;
#1475 = CARTESIAN_POINT ( 'NONE',  ( -17.99999999999999645, -13.18433803833835327, -6.037173338469838058 ) ) ;
#1476 = CARTESIAN_POINT ( 'NONE',  ( 20.50000000000000000, -11.52657757425760288, -11.44270454011896732 ) ) ;
#1477 = ORIENTED_EDGE ( 'NONE', *, *, #6401, .F. ) ;
#1478 = CARTESIAN_POINT ( 'NONE',  ( 20.55346307255046767, -2.500000000000000444, -7.500000000000000000 ) ) ;
#1479 = CARTESIAN_POINT ( 'NONE',  ( -18.67651869349431948, -12.55090440743262370, -5.903595756464717681 ) ) ;
#1480 = CARTESIAN_POINT ( 'NONE',  ( 18.00000000000000000, 13.88678251963268195, -6.701701661854851722 ) ) ;
#1481 = ORIENTED_EDGE ( 'NONE', *, *, #892, .T. ) ;
#1482 = FACE_BOUND ( 'NONE', #9483, .T. ) ;
#1483 = ORIENTED_EDGE ( 'NONE', *, *, #3523, .T. ) ;
#1484 = PLANE ( 'NONE',  #9275 ) ;
#1485 = CARTESIAN_POINT ( 'NONE',  ( -18.25077254460359910, -13.00000000000000000, -5.971999999999999531 ) ) ;
#1486 = CARTESIAN_POINT ( 'NONE',  ( -18.50000000000000000, 14.00000000000000355, -7.422552296971629993 ) ) ;
#1487 = CARTESIAN_POINT ( 'NONE',  ( 19.22418386810326751, -12.30829886956232855, -5.956065270867260786 ) ) ;
#1488 = ORIENTED_EDGE ( 'NONE', *, *, #6174, .F. ) ;
#1489 = ORIENTED_EDGE ( 'NONE', *, *, #2761, .F. ) ;
#1490 = CARTESIAN_POINT ( 'NONE',  ( -20.30238285251550323, 12.11210923555279884, -6.470556425466629236 ) ) ;
#1491 = ORIENTED_EDGE ( 'NONE', *, *, #1252, .F. ) ;
#1492 = CARTESIAN_POINT ( 'NONE',  ( -23.00000000000000000, -6.500000000000000000, -9.500000000000001776 ) ) ;
#1493 = CARTESIAN_POINT ( 'NONE',  ( 20.57595864929114526, -12.46775746597251100, -9.675240981723886691 ) ) ;
#1494 = ORIENTED_EDGE ( 'NONE', *, *, #2331, .T. ) ;
#1495 = CIRCLE ( 'NONE', #2479, 1.749999999999991118 ) ;
#1496 = DIRECTION ( 'NONE',  ( -1.000000000000000000, 5.426742037195429582E-32, 4.579663590744439848E-16 ) ) ;
#1497 = DIRECTION ( 'NONE',  ( -7.153498870007452406E-17, -1.000000000000000000, 0.000000000000000000 ) ) ;
#1498 = ORIENTED_EDGE ( 'NONE', *, *, #6593, .T. ) ;
#1499 = VERTEX_POINT ( 'NONE', #1947 ) ;
#1500 = DIRECTION ( 'NONE',  ( 1.000000000000000000, -5.426742037195429582E-32, -4.579663590744439848E-16 ) ) ;
#1501 = AXIS2_PLACEMENT_3D ( 'NONE', #5057, #3784, #4545 ) ;
#1502 = DIRECTION ( 'NONE',  ( 5.782411586589356653E-16, 1.184965211890880193E-16, 1.000000000000000000 ) ) ;
#1503 = ORIENTED_EDGE ( 'NONE', *, *, #7809, .F. ) ;
#1504 = CARTESIAN_POINT ( 'NONE',  ( -19.63863905705091994, 13.64570603643191049, -7.442189969096829394 ) ) ;
#1505 = ADVANCED_FACE ( 'NONE', ( #5031 ), #2751, .T. ) ;
#1506 = CARTESIAN_POINT ( 'NONE',  ( 20.02273497047159623, 11.91619902318008251, -6.305155540856826057 ) ) ;
#1507 = CARTESIAN_POINT ( 'NONE',  ( -18.91781485730966494, -13.01847225163137267, -5.971999999999999531 ) ) ;
#1508 = VECTOR ( 'NONE', #7537, 1000.000000000000000 ) ;
#1509 = ADVANCED_FACE ( 'NONE', ( #5894, #5126 ), #4125, .T. ) ;
#1510 = VECTOR ( 'NONE', #7012, 1000.000000000000000 ) ;
#1511 = CARTESIAN_POINT ( 'NONE',  ( -19.01285395982365145, 14.00000000000000000, -7.482947165381205856 ) ) ;
#1512 = ORIENTED_EDGE ( 'NONE', *, *, #7717, .T. ) ;
#1513 = LINE ( 'NONE', #4605, #4703 ) ;
#1514 = CARTESIAN_POINT ( 'NONE',  ( 19.14874728294246253, 12.17276094729783864, -5.926397041550216294 ) ) ;
#1515 = CARTESIAN_POINT ( 'NONE',  ( -18.39944628013094885, -14.00000000000000000, -8.276422414881029255 ) ) ;
#1516 = LINE ( 'NONE', #6133, #8793 ) ;
#1517 = VECTOR ( 'NONE', #4350, 1000.000000000000000 ) ;
#1518 = VECTOR ( 'NONE', #143, 1000.000000000000000 ) ;
#1519 = CARTESIAN_POINT ( 'NONE',  ( 20.00257222646322575, -13.63932163859931990, -7.657096424860840855 ) ) ;
#1520 = ORIENTED_EDGE ( 'NONE', *, *, #3523, .F. ) ;
#1521 = DIRECTION ( 'NONE',  ( -0.000000000000000000, -0.000000000000000000, 1.000000000000000000 ) ) ;
#1522 = CARTESIAN_POINT ( 'NONE',  ( -18.50000000000000000, -12.00000000000000000, -9.500000000000000000 ) ) ;
#1523 = EDGE_CURVE ( 'NONE', #9214, #2114, #8395, .T. ) ;
#1524 = ADVANCED_FACE ( 'NONE', ( #2385 ), #7788, .T. ) ;
#1525 = AXIS2_PLACEMENT_3D ( 'NONE', #9906, #814, #918 ) ;
#1526 = FACE_BOUND ( 'NONE', #7956, .T. ) ;
#1527 = VERTEX_POINT ( 'NONE', #6838 ) ;
#1528 = CARTESIAN_POINT ( 'NONE',  ( -18.67885771937488570, -12.54784176676899676, -5.903749590020924920 ) ) ;
#1529 = EDGE_CURVE ( 'NONE', #8935, #1800, #1416, .T. ) ;
#1530 = CARTESIAN_POINT ( 'NONE',  ( 20.55346307255046767, -1.499999999999997780, -7.500000000000000000 ) ) ;
#1531 = PLANE ( 'NONE',  #9602 ) ;
#1532 = ORIENTED_EDGE ( 'NONE', *, *, #594, .F. ) ;
#1533 = DIRECTION ( 'NONE',  ( 1.000000000000000000, 0.000000000000000000, 0.000000000000000000 ) ) ;
#1534 = CARTESIAN_POINT ( 'NONE',  ( 19.25205653308698928, 12.17327110891599595, -5.951189304209724362 ) ) ;
#1535 = CARTESIAN_POINT ( 'NONE',  ( -18.00000000000000000, -14.00000000000000000, -7.663179431274779851 ) ) ;
#1536 = AXIS2_PLACEMENT_3D ( 'NONE', #7913, #926, #2506 ) ;
#1537 = DIRECTION ( 'NONE',  ( 1.000000000000000000, -0.000000000000000000, 0.000000000000000000 ) ) ;
#1538 = DIRECTION ( 'NONE',  ( -0.000000000000000000, -0.000000000000000000, -1.000000000000000000 ) ) ;
#1539 = CARTESIAN_POINT ( 'NONE',  ( 19.49927764401816788, -11.87210720508918271, -5.974757198773647637 ) ) ;
#1540 = ORIENTED_EDGE ( 'NONE', *, *, #2443, .T. ) ;
#1541 = B_SPLINE_CURVE_WITH_KNOTS ( 'NONE', 3,
 ( #9389, #4900, #2367, #7026, #7975, #9490 ),
 .UNSPECIFIED., .F., .F.,
 ( 4, 2, 4 ),
 ( 0.000000000000000000, 0.0004834247190489944306, 0.0009668494380979888612 ),
 .UNSPECIFIED. ) ;
#1542 = ORIENTED_EDGE ( 'NONE', *, *, #7958, .T. ) ;
#1543 = CARTESIAN_POINT ( 'NONE',  ( -18.50000000000000000, 14.00000000000000000, -7.422552296971629993 ) ) ;
#1544 = VERTEX_POINT ( 'NONE', #9953 ) ;
#1545 = DIRECTION ( 'NONE',  ( 0.000000000000000000, 0.000000000000000000, -1.000000000000000000 ) ) ;
#1546 = CARTESIAN_POINT ( 'NONE',  ( 18.76947776329382833, -14.06250754065664488, -9.880083143232628373 ) ) ;
#1547 = VECTOR ( 'NONE', #5356, 1000.000000000000000 ) ;
#1548 = DIRECTION ( 'NONE',  ( -1.000000000000000000, 0.000000000000000000, 0.000000000000000000 ) ) ;
#1549 = DIRECTION ( 'NONE',  ( -1.000000000000000000, -0.000000000000000000, -0.000000000000000000 ) ) ;
#1550 = CYLINDRICAL_SURFACE ( 'NONE', #6250, 1.749999999999986455 ) ;
#1551 = VECTOR ( 'NONE', #6419, 1000.000000000000000 ) ;
#1552 = CARTESIAN_POINT ( 'NONE',  ( -23.00000000000000000, -1.500000000000000222, -9.500000000000001776 ) ) ;
#1553 = ORIENTED_EDGE ( 'NONE', *, *, #7496, .F. ) ;
#1554 = ORIENTED_EDGE ( 'NONE', *, *, #8480, .T. ) ;
#1555 = CARTESIAN_POINT ( 'NONE',  ( 18.36412891694649829, 13.99987584171869948, -7.130297882118459718 ) ) ;
#1556 = CARTESIAN_POINT ( 'NONE',  ( -20.50000000000000000, -14.00000000000000533, 5.028000000000000469 ) ) ;
#1557 = ORIENTED_EDGE ( 'NONE', *, *, #9719, .T. ) ;
#1558 = CARTESIAN_POINT ( 'NONE',  ( -19.78002068179488049, 13.53715071801279990, -7.442902939615279934 ) ) ;
#1559 = DIRECTION ( 'NONE',  ( 1.000000000000000000, 0.000000000000000000, 0.000000000000000000 ) ) ;
#1560 = AXIS2_PLACEMENT_3D ( 'NONE', #5955, #8363, #3716 ) ;
#1561 = CARTESIAN_POINT ( 'NONE',  ( -18.94858662500505631, -12.18157299713395858, -5.880692317317540052 ) ) ;
#1562 = EDGE_CURVE ( 'NONE', #5790, #8219, #6180, .T. ) ;
#1563 = CARTESIAN_POINT ( 'NONE',  ( -19.26928093973547718, 14.00000000000000000, -7.513144599585992900 ) ) ;
#1564 = ORIENTED_EDGE ( 'NONE', *, *, #6733, .T. ) ;
#1565 = CARTESIAN_POINT ( 'NONE',  ( -1.717661117803306770, -16.11001978127926648, -3.496536709518386576 ) ) ;
#1566 = CARTESIAN_POINT ( 'NONE',  ( 18.67273418980225941, 12.64877055524983795, -5.926396237610030759 ) ) ;
#1567 = ORIENTED_EDGE ( 'NONE', *, *, #1773, .F. ) ;
#1568 = FACE_OUTER_BOUND ( 'NONE', #2961, .T. ) ;
#1569 = DIRECTION ( 'NONE',  ( -0.000000000000000000, -0.000000000000000000, 1.000000000000000000 ) ) ;
#1570 = CARTESIAN_POINT ( 'NONE',  ( 20.50000000000000000, -11.96471150499631619, -7.722210941413527152 ) ) ;
#1571 = ORIENTED_EDGE ( 'NONE', *, *, #656, .F. ) ;
#1572 = ADVANCED_FACE ( 'NONE', ( #7739 ), #7044, .T. ) ;
#1573 = LINE ( 'NONE', #9312, #5416 ) ;
#1574 = DIRECTION ( 'NONE',  ( -1.000000000000000000, -0.000000000000000000, 0.000000000000000000 ) ) ;
#1575 = AXIS2_PLACEMENT_3D ( 'NONE', #4745, #7879, #947 ) ;
#1576 = EDGE_CURVE ( 'NONE', #1633, #3439, #8553, .T. ) ;
#1577 = CARTESIAN_POINT ( 'NONE',  ( -13.79500000000000171, 15.60670553567148744, -2.986000000000068155 ) ) ;
#1578 = DIRECTION ( 'NONE',  ( -7.153498870007452406E-17, -1.000000000000000000, 0.000000000000000000 ) ) ;
#1579 = VERTEX_POINT ( 'NONE', #7627 ) ;
#1580 = DIRECTION ( 'NONE',  ( 0.000000000000000000, 0.000000000000000000, -1.000000000000000000 ) ) ;
#1581 = CARTESIAN_POINT ( 'NONE',  ( -18.66525837796541509, -12.84442179414214102, -5.971999999999999531 ) ) ;
#1582 = LINE ( 'NONE', #4620, #279 ) ;
#1583 = EDGE_CURVE ( 'NONE', #5079, #2737, #3034, .T. ) ;
#1584 = CARTESIAN_POINT ( 'NONE',  ( -18.50000000000000000, 14.00000000000000355, -7.422552296971629993 ) ) ;
#1585 = ORIENTED_EDGE ( 'NONE', *, *, #4244, .F. ) ;
#1586 = VECTOR ( 'NONE', #4172, 1000.000000000000000 ) ;
#1587 = CARTESIAN_POINT ( 'NONE',  ( 19.30000914432878290, 11.98676592370318161, -5.935373582809118531 ) ) ;
#1588 = CARTESIAN_POINT ( 'NONE',  ( -18.00000000000000000, -14.00000000000000000, -7.122436544371499423 ) ) ;
#1589 = EDGE_CURVE ( 'NONE', #3101, #2195, #3193, .T. ) ;
#1590 = DIRECTION ( 'NONE',  ( 0.000000000000000000, -0.000000000000000000, 1.000000000000000000 ) ) ;
#1591 = VECTOR ( 'NONE', #1859, 1000.000000000000000 ) ;
#1592 = CARTESIAN_POINT ( 'NONE',  ( 25.50000000000000000, -2.500000000000000000, 4.014694594305530551 ) ) ;
#1593 = CARTESIAN_POINT ( 'NONE',  ( 18.66245665309716628, -13.99953694775801694, -8.189287325531967809 ) ) ;
#1594 = ORIENTED_EDGE ( 'NONE', *, *, #6093, .T. ) ;
#1595 = VERTEX_POINT ( 'NONE', #3892 ) ;
#1596 = CARTESIAN_POINT ( 'NONE',  ( -19.18398489387868722, 12.17513331378201435, -5.935376054430427040 ) ) ;
#1597 = ORIENTED_EDGE ( 'NONE', *, *, #666, .T. ) ;
#1598 = CARTESIAN_POINT ( 'NONE',  ( -0.8030989293185369915, 14.93723304293765075, -0.7904576571957754316 ) ) ;
#1599 = CARTESIAN_POINT ( 'NONE',  ( 18.21681303157603438, -14.00000000000000000, -9.827285711432434567 ) ) ;
#1600 = VECTOR ( 'NONE', #7749, 1000.000000000000000 ) ;
#1601 = ADVANCED_FACE ( 'NONE', ( #8344 ), #7701, .F. ) ;
#1602 = CARTESIAN_POINT ( 'NONE',  ( -18.00000000000000000, 14.00000000000000000, -7.122436544371499423 ) ) ;
#1603 = FACE_BOUND ( 'NONE', #4050, .T. ) ;
#1604 = CARTESIAN_POINT ( 'NONE',  ( 20.55346307255046767, -11.00000000000000000, -5.599999999999999645 ) ) ;
#1605 = ORIENTED_EDGE ( 'NONE', *, *, #2454, .T. ) ;
#1606 = ORIENTED_EDGE ( 'NONE', *, *, #1746, .T. ) ;
#1607 = CARTESIAN_POINT ( 'NONE',  ( 18.00000000000000000, 11.80147640630258543, -5.548257919742247246 ) ) ;
#1608 = DIRECTION ( 'NONE',  ( -1.000000000000000000, 0.000000000000000000, 0.000000000000000000 ) ) ;
#1609 = ORIENTED_EDGE ( 'NONE', *, *, #4741, .T. ) ;
#1610 = CARTESIAN_POINT ( 'NONE',  ( -9.855000000000005755, -16.50000000000000000, -2.986000000000040178 ) ) ;
#1611 = CARTESIAN_POINT ( 'NONE',  ( -16.49999999999998579, 16.50000000000000000, 5.028000000000000469 ) ) ;
#1612 = AXIS2_PLACEMENT_3D ( 'NONE', #7810, #6960, #8730 ) ;
#1613 = DIRECTION ( 'NONE',  ( 1.000000000000000000, 0.000000000000000000, -0.000000000000000000 ) ) ;
#1614 = EDGE_CURVE ( 'NONE', #5216, #6514, #3491, .T. ) ;
#1615 = CARTESIAN_POINT ( 'NONE',  ( -23.00000000000000000, 6.500000000000002665, -7.500000000000000000 ) ) ;
#1616 = CARTESIAN_POINT ( 'NONE',  ( -18.96642912716200158, 13.99959734587661586, -7.823755994291924587 ) ) ;
#1617 = ORIENTED_EDGE ( 'NONE', *, *, #2593, .T. ) ;
#1618 = CARTESIAN_POINT ( 'NONE',  ( 20.55346307255046767, 5.499999999999998224, -7.500000000000000000 ) ) ;
#1619 = DIRECTION ( 'NONE',  ( 1.000000000000000000, 0.000000000000000000, 0.000000000000000000 ) ) ;
#1620 = VERTEX_POINT ( 'NONE', #5973 ) ;
#1621 = CARTESIAN_POINT ( 'NONE',  ( -18.83102975527805256, -14.04063515939390250, -9.023346088637980600 ) ) ;
#1622 = FACE_OUTER_BOUND ( 'NONE', #6271, .T. ) ;
#1623 = CARTESIAN_POINT ( 'NONE',  ( 20.50346931882388191, -12.58726788128799967, -7.542101639937122570 ) ) ;
#1624 = VERTEX_POINT ( 'NONE', #1153 ) ;
#1625 = CARTESIAN_POINT ( 'NONE',  ( -1.348076211353316012, -13.50000000000000355, -1.485999999999999543 ) ) ;
#1626 = CARTESIAN_POINT ( 'NONE',  ( -20.50000000000000000, -9.185353341053380305, -2.778495045355449991E-17 ) ) ;
#1627 = VECTOR ( 'NONE', #2134, 1000.000000000000000 ) ;
#1628 = LINE ( 'NONE', #4719, #2894 ) ;
#1629 = VERTEX_POINT ( 'NONE', #6628 ) ;
#1630 = DIRECTION ( 'NONE',  ( -1.000000000000000000, 0.000000000000000000, 0.000000000000000000 ) ) ;
#1631 = CARTESIAN_POINT ( 'NONE',  ( -18.89056410967792132, -12.41092686126980382, -5.930510547853932835 ) ) ;
#1632 = CARTESIAN_POINT ( 'NONE',  ( -1.749999999999995115, 16.50000000000000000, -2.985999999999998877 ) ) ;
#1633 = VERTEX_POINT ( 'NONE', #9044 ) ;
#1634 = EDGE_CURVE ( 'NONE', #1499, #4596, #7470, .T. ) ;
#1635 = CARTESIAN_POINT ( 'NONE',  ( 19.25245074486612396, 11.87686899103177396, -5.908576168407898344 ) ) ;
#1636 = DIRECTION ( 'NONE',  ( 0.000000000000000000, 0.000000000000000000, 1.000000000000000000 ) ) ;
#1637 = EDGE_CURVE ( 'NONE', #4682, #6292, #2074, .T. ) ;
#1638 = FACE_OUTER_BOUND ( 'NONE', #2413, .T. ) ;
#1639 = DIRECTION ( 'NONE',  ( -7.153498870007452406E-17, -1.000000000000000000, 0.000000000000000000 ) ) ;
#1640 = LINE ( 'NONE', #189, #8830 ) ;
#1641 = CARTESIAN_POINT ( 'NONE',  ( 18.16709732566789981, -14.00000000000000000, -7.386213562373100672 ) ) ;
#1642 = ORIENTED_EDGE ( 'NONE', *, *, #1073, .F. ) ;
#1643 = ORIENTED_EDGE ( 'NONE', *, *, #351, .F. ) ;
#1644 = CARTESIAN_POINT ( 'NONE',  ( 20.50000000000000000, -1.500000000000000222, -9.500000000000000000 ) ) ;
#1645 = ORIENTED_EDGE ( 'NONE', *, *, #8891, .T. ) ;
#1646 = CARTESIAN_POINT ( 'NONE',  ( -20.50000000000000000, 1.500000000000000000, 4.183880899790690222 ) ) ;
#1647 = CARTESIAN_POINT ( 'NONE',  ( 18.08726352958102979, -13.99425734095425966, -10.57407848579559584 ) ) ;
#1648 = AXIS2_PLACEMENT_3D ( 'NONE', #1009, #2730, #7146 ) ;
#1649 = CARTESIAN_POINT ( 'NONE',  ( 18.00000000000000711, -13.77384745032776081, -6.586951194607507887 ) ) ;
#1650 = CARTESIAN_POINT ( 'NONE',  ( 20.50000000000000000, 12.00000000000000000, -9.500000000000000000 ) ) ;
#1651 = LINE ( 'NONE', #7928, #5262 ) ;
#1652 = EDGE_CURVE ( 'NONE', #5052, #6033, #1423, .T. ) ;
#1653 = FACE_OUTER_BOUND ( 'NONE', #4770, .T. ) ;
#1654 = VERTEX_POINT ( 'NONE', #6778 ) ;
#1655 = ORIENTED_EDGE ( 'NONE', *, *, #5915, .T. ) ;
#1656 = CARTESIAN_POINT ( 'NONE',  ( 18.16709732566789981, 14.00000000000000000, -7.386213562373100672 ) ) ;
#1657 = CARTESIAN_POINT ( 'NONE',  ( -23.00000000000000000, -5.500000000000000000, -9.500000000000001776 ) ) ;
#1658 = ORIENTED_EDGE ( 'NONE', *, *, #8631, .T. ) ;
#1659 = DIRECTION ( 'NONE',  ( -1.000000000000000000, 0.000000000000000000, 0.000000000000000000 ) ) ;
#1660 = ADVANCED_FACE ( 'NONE', ( #7328 ), #1246, .F. ) ;
#1661 = AXIS2_PLACEMENT_3D ( 'NONE', #2634, #8899, #1155 ) ;
#1662 = EDGE_CURVE ( 'NONE', #9091, #3183, #8228, .T. ) ;
#1663 = DIRECTION ( 'NONE',  ( 1.000000000000000000, 0.000000000000000000, 0.000000000000000000 ) ) ;
#1664 = CARTESIAN_POINT ( 'NONE',  ( -19.09055816515195403, -11.88102906477876708, -5.857432170472429256 ) ) ;
#1665 = CARTESIAN_POINT ( 'NONE',  ( -9.180000000000001492, 33.50000000000000000, -2.986000000000040178 ) ) ;
#1666 = DIRECTION ( 'NONE',  ( -1.000000000000000000, 0.000000000000000000, 0.000000000000000000 ) ) ;
#1667 = ORIENTED_EDGE ( 'NONE', *, *, #644, .F. ) ;
#1668 = LINE ( 'NONE', #3033, #1953 ) ;
#1669 = CARTESIAN_POINT ( 'NONE',  ( 18.47908294224214032, 14.00000000000000000, -7.421936486697284785 ) ) ;
#1670 = ORIENTED_EDGE ( 'NONE', *, *, #3995, .F. ) ;
#1671 = LINE ( 'NONE', #2337, #4245 ) ;
#1672 = PLANE ( 'NONE',  #4110 ) ;
#1673 = CARTESIAN_POINT ( 'NONE',  ( 20.49963207873873117, -11.94310852233247822, -7.721359940080740891 ) ) ;
#1674 = EDGE_CURVE ( 'NONE', #2262, #5647, #1352, .T. ) ;
#1675 = ORIENTED_EDGE ( 'NONE', *, *, #9925, .F. ) ;
#1676 = CARTESIAN_POINT ( 'NONE',  ( 20.55346307255046767, -11.00000000000000000, -7.500000000000000000 ) ) ;
#1677 = AXIS2_PLACEMENT_3D ( 'NONE', #2326, #5415, #1559 ) ;
#1678 = LINE ( 'NONE', #4613, #5072 ) ;
#1679 = VECTOR ( 'NONE', #973, 1000.000000000000000 ) ;
#1680 = CARTESIAN_POINT ( 'NONE',  ( 19.45321423865399879, -11.87171007058377370, -5.972000000000010189 ) ) ;
#1681 = CARTESIAN_POINT ( 'NONE',  ( -18.00000000000000000, 12.11394229573167536, -5.658731294394643285 ) ) ;
#1682 = ORIENTED_EDGE ( 'NONE', *, *, #3800, .T. ) ;
#1683 = AXIS2_PLACEMENT_3D ( 'NONE', #6295, #9211, #6243 ) ;
#1684 = LINE ( 'NONE', #3962, #3560 ) ;
#1685 = AXIS2_PLACEMENT_3D ( 'NONE', #8727, #7119, #5499 ) ;
#1686 = CARTESIAN_POINT ( 'NONE',  ( -18.64613221447444857, -13.21835397440621129, -6.058960203572558711 ) ) ;
#1687 = DIRECTION ( 'NONE',  ( 5.782411586589356653E-16, 1.184965211890880193E-16, 1.000000000000000000 ) ) ;
#1688 = CARTESIAN_POINT ( 'NONE',  ( -0.6002241159568548756, 14.85207129538243898, -5.351444674788745637 ) ) ;
#1689 = CARTESIAN_POINT ( 'NONE',  ( 19.45321423865399879, -11.87171007058377370, -5.972000000000010189 ) ) ;
#1690 = VERTEX_POINT ( 'NONE', #7522 ) ;
#1691 = CARTESIAN_POINT ( 'NONE',  ( 25.50000000000000000, 10.50000000000000000, -1.912524980688870002 ) ) ;
#1692 = CARTESIAN_POINT ( 'NONE',  ( 19.79743918134510139, 11.86286469206380190, -6.080745192580230274 ) ) ;
#1693 = CIRCLE ( 'NONE', #2663, 1.700000000000000178 ) ;
#1694 = CARTESIAN_POINT ( 'NONE',  ( -18.10192020150785908, -14.00000000000000000, -8.491307379290800483 ) ) ;
#1695 = CIRCLE ( 'NONE', #1525, 0.6750000000000002665 ) ;
#1696 = CARTESIAN_POINT ( 'NONE',  ( -20.49999999999999289, 12.23887699721692357, -7.429584973885130950 ) ) ;
#1697 = EDGE_CURVE ( 'NONE', #2485, #6421, #6678, .T. ) ;
#1698 = FACE_OUTER_BOUND ( 'NONE', #6976, .T. ) ;
#1699 = DIRECTION ( 'NONE',  ( 1.000000000000000000, 0.000000000000000000, 0.000000000000000000 ) ) ;
#1700 = CARTESIAN_POINT ( 'NONE',  ( 18.96642912716245988, -13.99959734587653948, -7.823755994291985871 ) ) ;
#1701 = ORIENTED_EDGE ( 'NONE', *, *, #8990, .T. ) ;
#1702 = VERTEX_POINT ( 'NONE', #603 ) ;
#1703 = LINE ( 'NONE', #7814, #6557 ) ;
#1704 = ORIENTED_EDGE ( 'NONE', *, *, #8829, .T. ) ;
#1705 = LINE ( 'NONE', #4032, #8135 ) ;
#1706 = CARTESIAN_POINT ( 'NONE',  ( 18.11755118650594554, -13.99471305135418575, -10.32391562093253512 ) ) ;
#1707 = CIRCLE ( 'NONE', #9454, 0.6750000000000011546 ) ;
#1708 = CARTESIAN_POINT ( 'NONE',  ( 25.50000000000000000, 2.500000000000000000, 4.014694594305530551 ) ) ;
#1709 = EDGE_CURVE ( 'NONE', #6510, #2122, #5776, .T. ) ;
#1710 = DIRECTION ( 'NONE',  ( -0.000000000000000000, 1.000000000000000000, -0.000000000000000000 ) ) ;
#1711 = CARTESIAN_POINT ( 'NONE',  ( -23.00000000000000000, 6.500000000000002665, -5.600000000000000533 ) ) ;
#1712 = ORIENTED_EDGE ( 'NONE', *, *, #7965, .T. ) ;
#1713 = ORIENTED_EDGE ( 'NONE', *, *, #3117, .F. ) ;
#1714 = CARTESIAN_POINT ( 'NONE',  ( -20.55346307255046767, -11.00000000000000000, -7.500000000000000000 ) ) ;
#1715 = CARTESIAN_POINT ( 'NONE',  ( 19.95728361463104150, 13.36999071979239417, -7.443213182516320359 ) ) ;
#1716 = AXIS2_PLACEMENT_3D ( 'NONE', #6485, #1006, #3189 ) ;
#1717 = ORIENTED_EDGE ( 'NONE', *, *, #1881, .F. ) ;
#1718 = DIRECTION ( 'NONE',  ( 0.000000000000000000, 0.000000000000000000, -1.000000000000000000 ) ) ;
#1719 = ADVANCED_FACE ( 'NONE', ( #7726 ), #9144, .F. ) ;
#1720 = EDGE_CURVE ( 'NONE', #573, #902, #9944, .T. ) ;
#1721 = LINE ( 'NONE', #4858, #9892 ) ;
#1722 = B_SPLINE_CURVE_WITH_KNOTS ( 'NONE', 3,
 ( #8702, #1817, #2432, #1726, #4097 ),
 .UNSPECIFIED., .F., .F.,
 ( 4, 1, 4 ),
 ( 0.08216776283874208109, 0.5714285714285716189, 0.9999999999999992228 ),
 .UNSPECIFIED. ) ;
#1723 = CIRCLE ( 'NONE', #8669, 3.000000000000000000 ) ;
#1724 = ADVANCED_FACE ( 'NONE', ( #9887 ), #4699, .F. ) ;
#1725 = DIRECTION ( 'NONE',  ( 0.000000000000000000, 0.000000000000000000, 1.000000000000000000 ) ) ;
#1726 = CARTESIAN_POINT ( 'NONE',  ( 20.49999999984861176, 12.03360788383664826, -7.137163103418235899 ) ) ;
#1727 = ORIENTED_EDGE ( 'NONE', *, *, #8021, .F. ) ;
#1728 = CARTESIAN_POINT ( 'NONE',  ( 20.50000000000000000, -14.00000000000000711, 5.028000000000000469 ) ) ;
#1729 = CARTESIAN_POINT ( 'NONE',  ( 19.34164078649990159, 12.17082039324990106, -5.971999999999999531 ) ) ;
#1730 = VERTEX_POINT ( 'NONE', #4646 ) ;
#1731 = CARTESIAN_POINT ( 'NONE',  ( -3.270000000000003570, -13.99999999999999822, -2.985999999999998877 ) ) ;
#1732 = CARTESIAN_POINT ( 'NONE',  ( 18.60565896452498436, 13.81862063044060207, -6.525330069741733574 ) ) ;
#1733 = CARTESIAN_POINT ( 'NONE',  ( 18.45403994521486624, -13.99981825223880705, -7.721790559110840668 ) ) ;
#1734 = VERTEX_POINT ( 'NONE', #8383 ) ;
#1735 = DIRECTION ( 'NONE',  ( -0.000000000000000000, 1.000000000000000000, -0.000000000000000000 ) ) ;
#1736 = EDGE_CURVE ( 'NONE', #6118, #3384, #8533, .T. ) ;
#1737 = CARTESIAN_POINT ( 'NONE',  ( -18.00000000000000000, 11.80147640630259076, -5.548257919742247246 ) ) ;
#1738 = ORIENTED_EDGE ( 'NONE', *, *, #1930, .T. ) ;
#1739 = CARTESIAN_POINT ( 'NONE',  ( -18.67238279874067430, -12.71084115855666319, -5.941242479085915740 ) ) ;
#1740 = DIRECTION ( 'NONE',  ( 1.000000000000000000, -0.000000000000000000, -0.000000000000000000 ) ) ;
#1741 = ORIENTED_EDGE ( 'NONE', *, *, #7445, .T. ) ;
#1742 = DIRECTION ( 'NONE',  ( -0.000000000000000000, -0.000000000000000000, 1.000000000000000000 ) ) ;
#1743 = CARTESIAN_POINT ( 'NONE',  ( 20.50000000000000000, 11.99896432408649893, -7.431346926504253325 ) ) ;
#1744 = ADVANCED_FACE ( 'NONE', ( #6071 ), #2223, .F. ) ;
#1745 = CARTESIAN_POINT ( 'NONE',  ( -18.11113423044451665, -14.00000000000000000, -8.335283273142854554 ) ) ;
#1746 = EDGE_CURVE ( 'NONE', #2383, #9142, #798, .T. ) ;
#1747 = CARTESIAN_POINT ( 'NONE',  ( 3.848076211353312015, 13.50000000000000355, -1.485999999999999543 ) ) ;
#1748 = DIRECTION ( 'NONE',  ( 0.000000000000000000, 0.000000000000000000, -1.000000000000000000 ) ) ;
#1749 = LINE ( 'NONE', #4315, #4959 ) ;
#1750 = CARTESIAN_POINT ( 'NONE',  ( 19.19475763759965048, -13.99913429363455819, -8.031128219894156928 ) ) ;
#1751 = ORIENTED_EDGE ( 'NONE', *, *, #5639, .T. ) ;
#1752 = ORIENTED_EDGE ( 'NONE', *, *, #2575, .T. ) ;
#1753 = DIRECTION ( 'NONE',  ( 1.000000000000000000, 0.000000000000000000, 0.000000000000000000 ) ) ;
#1754 = ORIENTED_EDGE ( 'NONE', *, *, #3117, .T. ) ;
#1755 = CARTESIAN_POINT ( 'NONE',  ( -1.348076211353315790, 15.38411894523508927, -1.485999999999999321 ) ) ;
#1756 = CARTESIAN_POINT ( 'NONE',  ( 18.71501562265960672, -14.08203798636772497, -10.64385502580938692 ) ) ;
#1757 = EDGE_CURVE ( 'NONE', #5661, #4056, #1254, .T. ) ;
#1758 = AXIS2_PLACEMENT_3D ( 'NONE', #472, #5751, #8822 ) ;
#1759 = CARTESIAN_POINT ( 'NONE',  ( -15.00000000000000000, -16.50000000000000000, -11.00000000000000000 ) ) ;
#1760 = LINE ( 'NONE', #1711, #7888 ) ;
#1761 = ORIENTED_EDGE ( 'NONE', *, *, #8127, .T. ) ;
#1762 = EDGE_LOOP ( 'NONE', ( #1234, #8741 ) ) ;
#1763 = CARTESIAN_POINT ( 'NONE',  ( -19.34164107335546490, 12.17081981921157841, -5.971999999961506767 ) ) ;
#1764 = CARTESIAN_POINT ( 'NONE',  ( 18.50000000000000000, 12.00000000000000000, -11.00000000000000000 ) ) ;
#1765 = ORIENTED_EDGE ( 'NONE', *, *, #8061, .F. ) ;
#1766 = VECTOR ( 'NONE', #6714, 1000.000000000000000 ) ;
#1767 = CARTESIAN_POINT ( 'NONE',  ( 13.91999999999999105, 43.50000000000000711, -2.986000000000068155 ) ) ;
#1768 = VECTOR ( 'NONE', #7466, 1000.000000000000000 ) ;
#1769 = FACE_BOUND ( 'NONE', #1154, .T. ) ;
#1770 = EDGE_CURVE ( 'NONE', #2946, #85, #699, .T. ) ;
#1771 = VECTOR ( 'NONE', #8318, 1000.000000000000000 ) ;
#1772 = PLANE ( 'NONE',  #8163 ) ;
#1773 = EDGE_CURVE ( 'NONE', #3898, #4489, #6979, .T. ) ;
#1774 = DIRECTION ( 'NONE',  ( -1.000000000000000000, 0.000000000000000000, 0.000000000000000000 ) ) ;
#1775 = ORIENTED_EDGE ( 'NONE', *, *, #9719, .F. ) ;
#1776 = DIRECTION ( 'NONE',  ( 0.000000000000000000, -2.906723457586479957E-16, 1.000000000000000000 ) ) ;
#1777 = CARTESIAN_POINT ( 'NONE',  ( 20.50000000000000000, 12.00000000000000000, -7.422552296971640651 ) ) ;
#1778 = ORIENTED_EDGE ( 'NONE', *, *, #6174, .T. ) ;
#1779 = DIRECTION ( 'NONE',  ( -0.000000000000000000, 1.000000000000000000, -0.000000000000000000 ) ) ;
#1780 = VERTEX_POINT ( 'NONE', #1460 ) ;
#1781 = CARTESIAN_POINT ( 'NONE',  ( -19.50000000000000000, -9.500000000000000000, -0.3905608506923829992 ) ) ;
#1782 = CARTESIAN_POINT ( 'NONE',  ( -13.65485333560272174, 15.82960768063226809, -3.401331656721527263 ) ) ;
#1783 = VECTOR ( 'NONE', #9055, 1000.000000000000000 ) ;
#1784 = CARTESIAN_POINT ( 'NONE',  ( 25.50000000000000000, -10.50000000000000000, -1.912524980688870002 ) ) ;
#1785 = ORIENTED_EDGE ( 'NONE', *, *, #3470, .T. ) ;
#1786 = DIRECTION ( 'NONE',  ( 0.000000000000000000, 1.000000000000000000, 0.000000000000000000 ) ) ;
#1787 = CARTESIAN_POINT ( 'NONE',  ( -18.67378412193450998, -12.66819241850717503, -5.931319124774038443 ) ) ;
#1788 = CARTESIAN_POINT ( 'NONE',  ( -13.26791993363852207, -16.21178889073759422, -3.645603373864452657 ) ) ;
#1789 = DIRECTION ( 'NONE',  ( 0.000000000000000000, -2.906723457586479957E-16, 1.000000000000000000 ) ) ;
#1790 = VERTEX_POINT ( 'NONE', #6120 ) ;
#1791 = LINE ( 'NONE', #2091, #7658 ) ;
#1792 = DIRECTION ( 'NONE',  ( 0.000000000000000000, 0.000000000000000000, -1.000000000000000000 ) ) ;
#1793 = AXIS2_PLACEMENT_3D ( 'NONE', #1258, #3137, #9202 ) ;
#1794 = CARTESIAN_POINT ( 'NONE',  ( -18.00000000000000000, -14.00000000000000000, -8.023235060846962696 ) ) ;
#1795 = VECTOR ( 'NONE', #2672, 1000.000000000000000 ) ;
#1796 = FACE_OUTER_BOUND ( 'NONE', #8155, .T. ) ;
#1797 = CARTESIAN_POINT ( 'NONE',  ( 19.86074595127629294, -13.46618557383880876, -7.443169047503944924 ) ) ;
#1798 = CARTESIAN_POINT ( 'NONE',  ( 18.00000000000000000, -14.00000000000000000, -7.386213562373100672 ) ) ;
#1799 = ORIENTED_EDGE ( 'NONE', *, *, #2775, .F. ) ;
#1800 = VERTEX_POINT ( 'NONE', #44 ) ;
#1801 = CARTESIAN_POINT ( 'NONE',  ( -20.49993883125750926, 11.97767545368833275, -7.522091824472166621 ) ) ;
#1802 = ORIENTED_EDGE ( 'NONE', *, *, #9442, .F. ) ;
#1803 = CARTESIAN_POINT ( 'NONE',  ( -13.50000000000001243, 16.49999999999998224, -2.428124565871664142 ) ) ;
#1804 = ADVANCED_FACE ( 'NONE', ( #6224 ), #8431, .F. ) ;
#1805 = DIRECTION ( 'NONE',  ( 1.000000000000000000, 0.000000000000000000, 0.000000000000000000 ) ) ;
#1806 = CARTESIAN_POINT ( 'NONE',  ( -20.55346307255046767, -11.00000000000000000, -7.500000000000000000 ) ) ;
#1807 = DIRECTION ( 'NONE',  ( 0.000000000000000000, -1.000000000000000000, 0.000000000000000000 ) ) ;
#1808 = ORIENTED_EDGE ( 'NONE', *, *, #5953, .F. ) ;
#1809 = ORIENTED_EDGE ( 'NONE', *, *, #8346, .T. ) ;
#1810 = CARTESIAN_POINT ( 'NONE',  ( 11.67999999999998906, -13.99999999999999822, -2.986000000000040178 ) ) ;
#1811 = CARTESIAN_POINT ( 'NONE',  ( 18.23123539778194058, -12.98655010109436603, -5.972397663059505923 ) ) ;
#1812 = VERTEX_POINT ( 'NONE', #4543 ) ;
#1813 = LINE ( 'NONE', #1767, #7003 ) ;
#1814 = B_SPLINE_CURVE_WITH_KNOTS ( 'NONE', 3,
 ( #2184, #1361, #7579, #613 ),
 .UNSPECIFIED., .F., .F.,
 ( 4, 4 ),
 ( 0.9178321310687825862, 1.000000000000000666 ),
 .UNSPECIFIED. ) ;
#1815 = CARTESIAN_POINT ( 'NONE',  ( -23.00000000000000000, -2.500000000000001332, -5.599999999999999645 ) ) ;
#1816 = CARTESIAN_POINT ( 'NONE',  ( 13.92933265764063222, -15.11555843503034069, -2.781569193567109188 ) ) ;
#1817 = CARTESIAN_POINT ( 'NONE',  ( 19.80866016375675898, 12.15244046909218767, -6.128074619375915688 ) ) ;
#1818 = EDGE_CURVE ( 'NONE', #3621, #4477, #3782, .T. ) ;
#1819 = VERTEX_POINT ( 'NONE', #7670 ) ;
#1820 = CARTESIAN_POINT ( 'NONE',  ( 20.55346307255046767, -11.00000000000000000, -7.500000000000000000 ) ) ;
#1821 = AXIS2_PLACEMENT_3D ( 'NONE', #449, #5919, #7468 ) ;
#1822 = CARTESIAN_POINT ( 'NONE',  ( 20.00039338154109814, 13.63515971969790108, -7.448526451517850866 ) ) ;
#1823 = VERTEX_POINT ( 'NONE', #748 ) ;
#1824 = LINE ( 'NONE', #8040, #219 ) ;
#1825 = ORIENTED_EDGE ( 'NONE', *, *, #4668, .F. ) ;
#1826 = DIRECTION ( 'NONE',  ( 0.000000000000000000, 0.000000000000000000, 1.000000000000000000 ) ) ;
#1827 = EDGE_CURVE ( 'NONE', #2416, #9533, #2323, .T. ) ;
#1828 = VECTOR ( 'NONE', #6437, 1000.000000000000000 ) ;
#1829 = CARTESIAN_POINT ( 'NONE',  ( -17.99999999999999645, 13.00000000000000000, -5.971999999999999531 ) ) ;
#1830 = ORIENTED_EDGE ( 'NONE', *, *, #1228, .T. ) ;
#1831 = CARTESIAN_POINT ( 'NONE',  ( 19.18213709628476593, -11.87867580616829777, -5.886363160843067099 ) ) ;
#1832 = CARTESIAN_POINT ( 'NONE',  ( -18.96485507103100332, -13.99257511565100032, -7.145520495791049420 ) ) ;
#1833 = FACE_OUTER_BOUND ( 'NONE', #7692, .T. ) ;
#1834 = B_SPLINE_CURVE_WITH_KNOTS ( 'NONE', 3,
 ( #4167, #5792, #9566, #2745 ),
 .UNSPECIFIED., .F., .F.,
 ( 4, 4 ),
 ( 0.9178321459358436130, 1.000000000371187969 ),
 .UNSPECIFIED. ) ;
#1835 = AXIS2_PLACEMENT_3D ( 'NONE', #4919, #6449, #2686 ) ;
#1836 = CIRCLE ( 'NONE', #1180, 1.499999999999987566 ) ;
#1837 = LINE ( 'NONE', #323, #7407 ) ;
#1838 = DIRECTION ( 'NONE',  ( 0.000000000000000000, 0.000000000000000000, -1.000000000000000000 ) ) ;
#1839 = ORIENTED_EDGE ( 'NONE', *, *, #5260, .F. ) ;
#1840 = CARTESIAN_POINT ( 'NONE',  ( -16.74999999999998579, -16.50000000000000000, -11.00000000000000178 ) ) ;
#1841 = EDGE_CURVE ( 'NONE', #772, #7093, #8489, .T. ) ;
#1842 = DIRECTION ( 'NONE',  ( -7.153498870007452406E-17, -1.000000000000000000, 0.000000000000000000 ) ) ;
#1843 = ADVANCED_FACE ( 'NONE', ( #2373 ), #5255, .F. ) ;
#1844 = VECTOR ( 'NONE', #4834, 1000.000000000000000 ) ;
#1845 = AXIS2_PLACEMENT_3D ( 'NONE', #7264, #335, #3421 ) ;
#1846 = LINE ( 'NONE', #8819, #8459 ) ;
#1847 = DIRECTION ( 'NONE',  ( 1.000000000000000000, 0.000000000000000000, 0.000000000000000000 ) ) ;
#1848 = EDGE_CURVE ( 'NONE', #5647, #4165, #4691, .T. ) ;
#1849 = FACE_OUTER_BOUND ( 'NONE', #5202, .T. ) ;
#1850 = CARTESIAN_POINT ( 'NONE',  ( -23.00000000000000000, 1.500000000000000000, -9.500000000000000000 ) ) ;
#1851 = ORIENTED_EDGE ( 'NONE', *, *, #539, .T. ) ;
#1852 = VERTEX_POINT ( 'NONE', #4854 ) ;
#1853 = CARTESIAN_POINT ( 'NONE',  ( -20.50000000000000000, 1.499999999999999778, -9.500000000000001776 ) ) ;
#1854 = ORIENTED_EDGE ( 'NONE', *, *, #971, .F. ) ;
#1855 = CARTESIAN_POINT ( 'NONE',  ( -13.50000000000002842, 16.39809062143892149, -2.428124565875226626 ) ) ;
#1856 = VECTOR ( 'NONE', #7683, 1000.000000000000000 ) ;
#1857 = VECTOR ( 'NONE', #3798, 1000.000000000000000 ) ;
#1858 = DIRECTION ( 'NONE',  ( 0.000000000000000000, -2.906723457586479957E-16, 1.000000000000000000 ) ) ;
#1859 = DIRECTION ( 'NONE',  ( 1.000000000000000000, 1.992221491941909864E-18, -4.579663590744439848E-16 ) ) ;
#1860 = CARTESIAN_POINT ( 'NONE',  ( 19.45321423865399879, -11.87171007058377370, -5.972000000000010189 ) ) ;
#1861 = AXIS2_PLACEMENT_3D ( 'NONE', #3688, #4250, #5977 ) ;
#1862 = EDGE_CURVE ( 'NONE', #6452, #2064, #2425, .T. ) ;
#1863 = LINE ( 'NONE', #7272, #4983 ) ;
#1864 = ORIENTED_EDGE ( 'NONE', *, *, #9203, .T. ) ;
#1865 = PLANE ( 'NONE',  #4181 ) ;
#1866 = ORIENTED_EDGE ( 'NONE', *, *, #1146, .F. ) ;
#1867 = DIRECTION ( 'NONE',  ( -7.153498870007452406E-17, -1.000000000000000000, -0.000000000000000000 ) ) ;
#1868 = DIRECTION ( 'NONE',  ( 0.000000000000000000, 1.000000000000000000, 0.000000000000000000 ) ) ;
#1869 = DIRECTION ( 'NONE',  ( 0.000000000000000000, 0.000000000000000000, -1.000000000000000000 ) ) ;
#1870 = VECTOR ( 'NONE', #6367, 1000.000000000000000 ) ;
#1871 = CARTESIAN_POINT ( 'NONE',  ( -19.50000000000000000, 11.50000000000000000, 1.500000000000000000 ) ) ;
#1872 = EDGE_LOOP ( 'NONE', ( #5036, #9020 ) ) ;
#1873 = ORIENTED_EDGE ( 'NONE', *, *, #6719, .F. ) ;
#1874 = LINE ( 'NONE', #6533, #9846 ) ;
#1875 = CARTESIAN_POINT ( 'NONE',  ( 18.59531639217775378, 13.80376711937021028, -6.470684302874648353 ) ) ;
#1876 = ORIENTED_EDGE ( 'NONE', *, *, #7756, .F. ) ;
#1877 = PLANE ( 'NONE',  #7308 ) ;
#1878 = B_SPLINE_CURVE_WITH_KNOTS ( 'NONE', 3,
 ( #1755, #9983, #8531, #3923, #1598, #4686, #838, #9575, #5083, #8065, #2566, #4895, #7219, #5707, #3327, #1133, #6426, #3522, #6472, #5662, #8876, #1906 ),
 .UNSPECIFIED., .F., .F.,
 ( 4, 2, 2, 2, 2, 2, 2, 2, 2, 2, 4 ),
 ( 0.000000000000000000, 0.0005930427419761693120, 0.001186085483952338407, 0.001779128225928507286, 0.002075649596916591833, 0.002372170967904675947, 0.002668692338892760495, 0.002965213709880845476, 0.003558256451857011102, 0.004151299193833181064, 0.004744341935809350159 ),
 .UNSPECIFIED. ) ;
#1879 = CARTESIAN_POINT ( 'NONE',  ( 19.49999999071058809, -12.16535434727840581, -6.018415457461522955 ) ) ;
#1880 = AXIS2_PLACEMENT_3D ( 'NONE', #9503, #7937, #2482 ) ;
#1881 = EDGE_CURVE ( 'NONE', #4004, #1527, #9026, .T. ) ;
#1882 = CARTESIAN_POINT ( 'NONE',  ( -13.51066362440161939, 16.29506078531426283, -3.537058466200580398 ) ) ;
#1883 = DIRECTION ( 'NONE',  ( 0.000000000000000000, -1.000000000000000000, 0.000000000000000000 ) ) ;
#1884 = EDGE_LOOP ( 'NONE', ( #4197, #1488, #432, #5961, #3044, #1472, #5563, #5997, #3452, #1981 ) ) ;
#1885 = LINE ( 'NONE', #9520, #5827 ) ;
#1886 = VECTOR ( 'NONE', #9237, 1000.000000000000000 ) ;
#1887 = EDGE_CURVE ( 'NONE', #9201, #1176, #256, .T. ) ;
#1888 = CARTESIAN_POINT ( 'NONE',  ( -18.44368436821086377, -13.99962016329078374, -7.629963011119862415 ) ) ;
#1889 = LINE ( 'NONE', #1162, #5734 ) ;
#1890 = ADVANCED_FACE ( 'NONE', ( #3991 ), #1865, .T. ) ;
#1891 = CARTESIAN_POINT ( 'NONE',  ( 18.68413892128758391, -12.35209826552963719, -5.856756608889050142 ) ) ;
#1892 = CARTESIAN_POINT ( 'NONE',  ( -20.50000000000000000, 5.500000000000000000, -9.500000000000001776 ) ) ;
#1893 = ORIENTED_EDGE ( 'NONE', *, *, #2575, .F. ) ;
#1894 = PLANE ( 'NONE',  #6397 ) ;
#1895 = CARTESIAN_POINT ( 'NONE',  ( 20.50000000000000000, 9.500000000000000000, -9.500000000000000000 ) ) ;
#1896 = EDGE_CURVE ( 'NONE', #1270, #8592, #5713, .T. ) ;
#1897 = FACE_BOUND ( 'NONE', #8972, .T. ) ;
#1898 = ORIENTED_EDGE ( 'NONE', *, *, #1316, .T. ) ;
#1899 = LINE ( 'NONE', #374, #7127 ) ;
#1900 = EDGE_CURVE ( 'NONE', #378, #8463, #587, .T. ) ;
#1901 = CARTESIAN_POINT ( 'NONE',  ( 18.10186876595950167, -14.00000000000000000, -8.491307379290800483 ) ) ;
#1902 = ORIENTED_EDGE ( 'NONE', *, *, #8728, .F. ) ;
#1903 = ORIENTED_EDGE ( 'NONE', *, *, #1294, .T. ) ;
#1904 = CARTESIAN_POINT ( 'NONE',  ( 16.74999999999998579, -16.50000000000000000, -1.715921262283386373 ) ) ;
#1905 = VERTEX_POINT ( 'NONE', #4090 ) ;
#1906 = CARTESIAN_POINT ( 'NONE',  ( 1.749999999999992895, 16.50000000000000000, -0.02796010845019505572 ) ) ;
#1907 = CARTESIAN_POINT ( 'NONE',  ( -18.50000000000000000, -14.00000000000000178, -7.422552296971629993 ) ) ;
#1908 = VECTOR ( 'NONE', #7079, 1000.000000000000000 ) ;
#1909 = DIRECTION ( 'NONE',  ( 0.000000000000000000, 0.000000000000000000, -1.000000000000000000 ) ) ;
#1910 = DIRECTION ( 'NONE',  ( 0.000000000000000000, 1.000000000000000000, 2.906723457586479957E-16 ) ) ;
#1911 = CYLINDRICAL_SURFACE ( 'NONE', #3177, 0.6750000000000020428 ) ;
#1912 = CARTESIAN_POINT ( 'NONE',  ( -20.50000000000000000, -11.99625217924800147, -7.422111238351130069 ) ) ;
#1913 = ORIENTED_EDGE ( 'NONE', *, *, #2342, .F. ) ;
#1914 = CARTESIAN_POINT ( 'NONE',  ( -17.99999999999999645, 13.00000000000000000, -5.971999999999999531 ) ) ;
#1915 = CARTESIAN_POINT ( 'NONE',  ( -19.50000000000000000, -5.500000000000000000, 2.221682251925400031 ) ) ;
#1916 = ORIENTED_EDGE ( 'NONE', *, *, #567, .F. ) ;
#1917 = CARTESIAN_POINT ( 'NONE',  ( 25.50000000000000000, -5.947284263024439757E-15, -7.721999999999999531 ) ) ;
#1918 = CARTESIAN_POINT ( 'NONE',  ( 18.36065836792300132, -14.00000000000000000, -8.605796994089166319 ) ) ;
#1919 = FACE_OUTER_BOUND ( 'NONE', #4280, .T. ) ;
#1920 = VECTOR ( 'NONE', #3128, 1000.000000000000000 ) ;
#1921 = ADVANCED_FACE ( 'NONE', ( #3383 ), #8028, .F. ) ;
#1922 = CARTESIAN_POINT ( 'NONE',  ( -23.00000000000000000, -10.50000000000000000, -7.500000000000000000 ) ) ;
#1923 = AXIS2_PLACEMENT_3D ( 'NONE', #5464, #8542, #1608 ) ;
#1924 = DIRECTION ( 'NONE',  ( 1.000000000000000000, 0.000000000000000000, 0.000000000000000000 ) ) ;
#1925 = ORIENTED_EDGE ( 'NONE', *, *, #6044, .F. ) ;
#1926 = VECTOR ( 'NONE', #974, 1000.000000000000000 ) ;
#1927 = CARTESIAN_POINT ( 'NONE',  ( 18.94536940208849174, 12.67574786686801858, -5.971975233935816973 ) ) ;
#1928 = DIRECTION ( 'NONE',  ( 0.000000000000000000, -2.906723457586479957E-16, 1.000000000000000000 ) ) ;
#1929 = VERTEX_POINT ( 'NONE', #9544 ) ;
#1930 = EDGE_CURVE ( 'NONE', #2462, #3930, #5518, .T. ) ;
#1931 = CARTESIAN_POINT ( 'NONE',  ( -23.00000000000000000, 5.500000000000000000, -9.500000000000000000 ) ) ;
#1932 = CARTESIAN_POINT ( 'NONE',  ( 1.749999999999992895, -16.50000000000000000, -4.485999999999998877 ) ) ;
#1933 = EDGE_CURVE ( 'NONE', #3476, #1002, #8591, .T. ) ;
#1934 = LINE ( 'NONE', #2547, #1679 ) ;
#1935 = CARTESIAN_POINT ( 'NONE',  ( -19.49649934127056028, 12.42880131248956310, -5.971999999999999531 ) ) ;
#1936 = EDGE_LOOP ( 'NONE', ( #1300, #658, #3631, #7871 ) ) ;
#1937 = CARTESIAN_POINT ( 'NONE',  ( 20.50000000000000000, -11.83738497999639883, -7.403824462434450027 ) ) ;
#1938 = AXIS2_PLACEMENT_3D ( 'NONE', #237, #3321, #2559 ) ;
#1939 = CARTESIAN_POINT ( 'NONE',  ( -20.50092331173269500, -12.59593919044119836, -7.467113434286281048 ) ) ;
#1940 = DIRECTION ( 'NONE',  ( 0.000000000000000000, 0.000000000000000000, 1.000000000000000000 ) ) ;
#1941 = ORIENTED_EDGE ( 'NONE', *, *, #8497, .T. ) ;
#1942 = CARTESIAN_POINT ( 'NONE',  ( 1.749999999999992895, -16.50000000000000000, -1.485999999999999543 ) ) ;
#1943 = VECTOR ( 'NONE', #3753, 1000.000000000000000 ) ;
#1944 = DIRECTION ( 'NONE',  ( -0.000000000000000000, -0.000000000000000000, 1.000000000000000000 ) ) ;
#1945 = VERTEX_POINT ( 'NONE', #3182 ) ;
#1946 = CARTESIAN_POINT ( 'NONE',  ( -20.50000000000000000, 1.499999999999999778, -9.500000000000001776 ) ) ;
#1947 = CARTESIAN_POINT ( 'NONE',  ( -20.55346307255046767, -1.499999999999996225, -7.500000000000000000 ) ) ;
#1948 = VERTEX_POINT ( 'NONE', #1657 ) ;
#1949 = EDGE_CURVE ( 'NONE', #4616, #1730, #6274, .T. ) ;
#1950 = EDGE_LOOP ( 'NONE', ( #577, #4503, #7383, #7417 ) ) ;
#1951 = LINE ( 'NONE', #9674, #8152 ) ;
#1952 = VERTEX_POINT ( 'NONE', #5568 ) ;
#1953 = VECTOR ( 'NONE', #4, 1000.000000000000000 ) ;
#1954 = CARTESIAN_POINT ( 'NONE',  ( -13.79500000000000526, 15.60670553567144481, -2.882435814094835624 ) ) ;
#1955 = EDGE_CURVE ( 'NONE', #5723, #9652, #6933, .T. ) ;
#1956 = CARTESIAN_POINT ( 'NONE',  ( -1.348076211353316012, 14.00000000000000000, -1.485999999999999543 ) ) ;
#1957 = B_SPLINE_CURVE_WITH_KNOTS ( 'NONE', 3,
 ( #2883, #1206, #3691, #6735 ),
 .UNSPECIFIED., .F., .F.,
 ( 4, 4 ),
 ( 0.9178321261793901398, 1.000000000084771079 ),
 .UNSPECIFIED. ) ;
#1958 = LINE ( 'NONE', #4278, #4035 ) ;
#1959 = FILL_AREA_STYLE_COLOUR ( '', #2533 ) ;
#1960 = CARTESIAN_POINT ( 'NONE',  ( 18.00000000000000355, 13.18392625112457139, -6.037027749704201973 ) ) ;
#1961 = ORIENTED_EDGE ( 'NONE', *, *, #1757, .T. ) ;
#1962 = LINE ( 'NONE', #7457, #4669 ) ;
#1963 = CARTESIAN_POINT ( 'NONE',  ( -18.74311924971345888, 12.55168358976459508, -5.922095490696199782 ) ) ;
#1964 = ORIENTED_EDGE ( 'NONE', *, *, #7160, .T. ) ;
#1965 = CARTESIAN_POINT ( 'NONE',  ( 18.33744828212998357, -13.99856468632802908, -8.604274941446869107 ) ) ;
#1966 = CARTESIAN_POINT ( 'NONE',  ( -18.60565896336711944, 13.81862063336079416, -6.525330079576257880 ) ) ;
#1967 = EDGE_CURVE ( 'NONE', #4869, #7901, #7933, .T. ) ;
#1968 = DIRECTION ( 'NONE',  ( -1.000000000000000000, 0.000000000000000000, 0.000000000000000000 ) ) ;
#1969 = DIRECTION ( 'NONE',  ( 1.000000000000000000, -0.000000000000000000, -0.000000000000000000 ) ) ;
#1970 = ORIENTED_EDGE ( 'NONE', *, *, #8715, .T. ) ;
#1971 = DIRECTION ( 'NONE',  ( -1.000000000000000000, -0.000000000000000000, -0.000000000000000000 ) ) ;
#1972 = EDGE_CURVE ( 'NONE', #1350, #3111, #2532, .T. ) ;
#1973 = CARTESIAN_POINT ( 'NONE',  ( 20.00366164892414034, 13.64140259805003019, -7.761381411532335406 ) ) ;
#1974 = ORIENTED_EDGE ( 'NONE', *, *, #4931, .T. ) ;
#1975 = LINE ( 'NONE', #6447, #3437 ) ;
#1976 = CARTESIAN_POINT ( 'NONE',  ( -23.00000000000000000, 2.500000000000002665, -5.599999999999999645 ) ) ;
#1977 = CARTESIAN_POINT ( 'NONE',  ( -20.50000000000000000, 10.00000000000000000, 2.278000000000003133 ) ) ;
#1978 = AXIS2_PLACEMENT_3D ( 'NONE', #1057, #4148, #7237 ) ;
#1979 = PLANE ( 'NONE',  #8626 ) ;
#1980 = CARTESIAN_POINT ( 'NONE',  ( -18.48059274673309815, 13.28141475582539854, -6.077896081935030281 ) ) ;
#1981 = ORIENTED_EDGE ( 'NONE', *, *, #6479, .F. ) ;
#1982 = CARTESIAN_POINT ( 'NONE',  ( 20.50000000000000000, -11.75578477054290083, -7.397187067963979956 ) ) ;
#1983 = ADVANCED_FACE ( 'NONE', ( #1001 ), #8074, .F. ) ;
#1984 = CARTESIAN_POINT ( 'NONE',  ( -18.61210923555260166, -13.80238285251559915, -6.470556425466629236 ) ) ;
#1985 = CARTESIAN_POINT ( 'NONE',  ( 18.67974561227605079, -12.45226495226176766, -5.880137826975374793 ) ) ;
#1986 = ORIENTED_EDGE ( 'NONE', *, *, #6408, .T. ) ;
#1987 = DIRECTION ( 'NONE',  ( -0.000000000000000000, 1.000000000000000000, -0.000000000000000000 ) ) ;
#1988 = FACE_OUTER_BOUND ( 'NONE', #1950, .T. ) ;
#1989 = VECTOR ( 'NONE', #7790, 1000.000000000000000 ) ;
#1990 = FACE_BOUND ( 'NONE', #887, .T. ) ;
#1991 = ORIENTED_EDGE ( 'NONE', *, *, #5758, .T. ) ;
#1992 = CARTESIAN_POINT ( 'NONE',  ( 18.00000000000000355, -13.49986223184806988, -6.269073203967603369 ) ) ;
#1993 = VECTOR ( 'NONE', #5671, 1000.000000000000000 ) ;
#1994 = DIRECTION ( 'NONE',  ( 0.000000000000000000, 1.000000000000000000, 0.000000000000000000 ) ) ;
#1995 = FACE_OUTER_BOUND ( 'NONE', #4302, .T. ) ;
#1996 = ORIENTED_EDGE ( 'NONE', *, *, #9011, .T. ) ;
#1997 = ORIENTED_EDGE ( 'NONE', *, *, #2971, .T. ) ;
#1998 = DIRECTION ( 'NONE',  ( -0.000000000000000000, -0.000000000000000000, 1.000000000000000000 ) ) ;
#1999 = ORIENTED_EDGE ( 'NONE', *, *, #1097, .F. ) ;
#2000 = CARTESIAN_POINT ( 'NONE',  ( 20.55346307255046767, -10.50000000000000178, -7.500000000000000000 ) ) ;
#2001 = CIRCLE ( 'NONE', #8457, 12.00000000000000000 ) ;
#2002 = AXIS2_PLACEMENT_3D ( 'NONE', #7637, #620, #5123 ) ;
#2003 = ADVANCED_FACE ( 'NONE', ( #9682 ), #2112, .F. ) ;
#2004 = DIRECTION ( 'NONE',  ( 0.000000000000000000, 1.000000000000000000, -5.770922026422075473E-18 ) ) ;
#2005 = CARTESIAN_POINT ( 'NONE',  ( 0.000000000000000000, 0.000000000000000000, -9.500000000000001776 ) ) ;
#2006 = DIRECTION ( 'NONE',  ( 0.000000000000000000, 2.999985243552149672E-15, 1.000000000000000000 ) ) ;
#2007 = ORIENTED_EDGE ( 'NONE', *, *, #1848, .F. ) ;
#2008 = VECTOR ( 'NONE', #3795, 1000.000000000000000 ) ;
#2009 = CIRCLE ( 'NONE', #246, 1.749999999999984235 ) ;
#2010 = DIRECTION ( 'NONE',  ( 5.782411586589356653E-16, 1.184965211890880193E-16, 1.000000000000000000 ) ) ;
#2011 = ORIENTED_EDGE ( 'NONE', *, *, #8022, .T. ) ;
#2012 = CARTESIAN_POINT ( 'NONE',  ( 18.36567249137440427, -13.99844630346252217, -8.274541626327421184 ) ) ;
#2013 = ORIENTED_EDGE ( 'NONE', *, *, #5199, .F. ) ;
#2014 = CARTESIAN_POINT ( 'NONE',  ( -20.55346307255046767, -11.00000000000000000, -7.500000000000000000 ) ) ;
#2015 = EDGE_CURVE ( 'NONE', #2383, #6942, #7253, .T. ) ;
#2016 = CIRCLE ( 'NONE', #245, 0.6750000000000020428 ) ;
#2017 = AXIS2_PLACEMENT_3D ( 'NONE', #4624, #826, #4573 ) ;
#2018 = CARTESIAN_POINT ( 'NONE',  ( 14.60854741705430193, -14.79251829814866781, -1.616052972498837059 ) ) ;
#2019 = CARTESIAN_POINT ( 'NONE',  ( -0.9001068841711545865, 14.98595152053016299, -0.8790364529448998487 ) ) ;
#2020 = ORIENTED_EDGE ( 'NONE', *, *, #2760, .T. ) ;
#2021 = LINE ( 'NONE', #5104, #9880 ) ;
#2022 = EDGE_CURVE ( 'NONE', #3720, #9284, #1187, .T. ) ;
#2023 = DIRECTION ( 'NONE',  ( 7.153498870007452406E-17, 1.000000000000000000, 0.000000000000000000 ) ) ;
#2024 = ORIENTED_EDGE ( 'NONE', *, *, #959, .T. ) ;
#2025 = FACE_OUTER_BOUND ( 'NONE', #952, .T. ) ;
#2026 = DIRECTION ( 'NONE',  ( 0.000000000000000000, 1.000000000000000000, -0.000000000000000000 ) ) ;
#2027 = LINE ( 'NONE', #3548, #6693 ) ;
#2028 = EDGE_CURVE ( 'NONE', #7273, #917, #5044, .T. ) ;
#2029 = VECTOR ( 'NONE', #366, 1000.000000000000000 ) ;
#2030 = CARTESIAN_POINT ( 'NONE',  ( -18.66535397701946408, -12.99999999063657086, -6.018415413375783451 ) ) ;
#2031 = CARTESIAN_POINT ( 'NONE',  ( -18.68847526406079851, 12.19627892646727929, -5.822080468027321487 ) ) ;
#2032 = VERTEX_POINT ( 'NONE', #4376 ) ;
#2033 = FACE_OUTER_BOUND ( 'NONE', #9209, .T. ) ;
#2034 = CARTESIAN_POINT ( 'NONE',  ( -18.46678012460706242, -13.99996796524777487, -7.439206765025127233 ) ) ;
#2035 = CARTESIAN_POINT ( 'NONE',  ( 14.09521015059529603, 14.99977213268997644, -2.208919891590573670 ) ) ;
#2036 = DIRECTION ( 'NONE',  ( 0.000000000000000000, 1.000000000000000000, 0.000000000000000000 ) ) ;
#2037 = VECTOR ( 'NONE', #6821, 1000.000000000000000 ) ;
#2038 = ORIENTED_EDGE ( 'NONE', *, *, #4076, .T. ) ;
#2039 = DIRECTION ( 'NONE',  ( -1.000000000000000000, 0.000000000000000000, 0.000000000000000000 ) ) ;
#2040 = PLANE ( 'NONE',  #6691 ) ;
#2041 = EDGE_CURVE ( 'NONE', #6535, #3384, #8217, .T. ) ;
#2042 = VECTOR ( 'NONE', #8584, 1000.000000000000000 ) ;
#2043 = DIRECTION ( 'NONE',  ( 0.000000000000000000, 1.000000000000000000, 0.000000000000000000 ) ) ;
#2044 = ORIENTED_EDGE ( 'NONE', *, *, #8929, .T. ) ;
#2045 = B_SPLINE_CURVE_WITH_KNOTS ( 'NONE', 3,
 ( #9139, #5250, #7563, #2969 ),
 .UNSPECIFIED., .F., .F.,
 ( 4, 4 ),
 ( 0.000000000000000000, 0.0009643060568541711713 ),
 .UNSPECIFIED. ) ;
#2046 = CARTESIAN_POINT ( 'NONE',  ( 19.91222292541231909, 13.41620420250366408, -7.443205021496068774 ) ) ;
#2047 = CARTESIAN_POINT ( 'NONE',  ( -18.50000000000000000, -12.00000000000000000, -9.500000000000000000 ) ) ;
#2048 = CARTESIAN_POINT ( 'NONE',  ( -19.91358298853750242, 13.41360105884578147, -7.443204760834670530 ) ) ;
#2049 = ORIENTED_EDGE ( 'NONE', *, *, #1085, .T. ) ;
#2050 = VERTEX_POINT ( 'NONE', #4281 ) ;
#2051 = ORIENTED_EDGE ( 'NONE', *, *, #2495, .F. ) ;
#2052 = CARTESIAN_POINT ( 'NONE',  ( 20.50000000000000000, 14.00000000000000000, 0.000000000000000000 ) ) ;
#2053 = ADVANCED_FACE ( 'NONE', ( #5091 ), #5857, .T. ) ;
#2054 = B_SPLINE_CURVE_WITH_KNOTS ( 'NONE', 3,
 ( #1680, #3151, #6246, #9960 ),
 .UNSPECIFIED., .F., .F.,
 ( 4, 4 ),
 ( 0.000000000000000000, 0.001719145640525072917 ),
 .UNSPECIFIED. ) ;
#2055 = EDGE_CURVE ( 'NONE', #9355, #8599, #1962, .T. ) ;
#2056 = CARTESIAN_POINT ( 'NONE',  ( -18.65244011838066740, -13.30866018872843881, -6.128074586153878123 ) ) ;
#2057 = DIRECTION ( 'NONE',  ( 5.782411586589356653E-16, 1.184965211890880193E-16, 1.000000000000000000 ) ) ;
#2058 = CARTESIAN_POINT ( 'NONE',  ( -20.99999999999998579, 16.50000000000000355, 5.028000000000000469 ) ) ;
#2059 = CARTESIAN_POINT ( 'NONE',  ( -19.78417943835346193, -11.89213576480676338, -6.113921699281676503 ) ) ;
#2060 = LINE ( 'NONE', #4185, #4019 ) ;
#2061 = ORIENTED_EDGE ( 'NONE', *, *, #4131, .T. ) ;
#2062 = DIRECTION ( 'NONE',  ( 1.000000000000000000, 1.992221491941909864E-18, -4.579663590744439848E-16 ) ) ;
#2063 = DIRECTION ( 'NONE',  ( 1.000000000000000000, 1.992221491941909864E-18, -4.579663590744439848E-16 ) ) ;
#2064 = VERTEX_POINT ( 'NONE', #3529 ) ;
#2065 = CARTESIAN_POINT ( 'NONE',  ( -20.50019684263176245, -12.30230322870352921, -7.148047362619119660 ) ) ;
#2066 = CARTESIAN_POINT ( 'NONE',  ( 20.49812410121930384, -11.84534032852286067, -8.439002292056263954 ) ) ;
#2067 = ORIENTED_EDGE ( 'NONE', *, *, #847, .T. ) ;
#2068 = CARTESIAN_POINT ( 'NONE',  ( -20.50000000000000000, 5.499999999999999112, 2.943364503850800062 ) ) ;
#2069 = AXIS2_PLACEMENT_3D ( 'NONE', #9491, #8643, #6476 ) ;
#2070 = LINE ( 'NONE', #9737, #8495 ) ;
#2071 = CARTESIAN_POINT ( 'NONE',  ( 1.487974436750069795, 15.56832630735702239, 0.005250731987542925708 ) ) ;
#2072 = ORIENTED_EDGE ( 'NONE', *, *, #5547, .T. ) ;
#2073 = DIRECTION ( 'NONE',  ( 0.000000000000000000, -1.000000000000000000, -0.000000000000000000 ) ) ;
#2074 = LINE ( 'NONE', #7374, #1099 ) ;
#2075 = ORIENTED_EDGE ( 'NONE', *, *, #3055, .T. ) ;
#2076 = VECTOR ( 'NONE', #9089, 1000.000000000000000 ) ;
#2077 = CARTESIAN_POINT ( 'NONE',  ( -20.50000000000000000, 2.500000000000000000, 0.000000000000000000 ) ) ;
#2078 = EDGE_CURVE ( 'NONE', #4477, #917, #3477, .T. ) ;
#2079 = LINE ( 'NONE', #9694, #9599 ) ;
#2080 = CARTESIAN_POINT ( 'NONE',  ( -20.49999802956739359, 11.83574355132686229, -7.420699152624294470 ) ) ;
#2081 = EDGE_CURVE ( 'NONE', #6233, #7931, #9017, .T. ) ;
#2082 = VECTOR ( 'NONE', #1619, 1000.000000000000000 ) ;
#2083 = DIRECTION ( 'NONE',  ( 1.000000000000000000, 1.992221491941909864E-18, -4.579663590744439848E-16 ) ) ;
#2084 = CARTESIAN_POINT ( 'NONE',  ( -18.00000000000000000, 13.00000000000000000, -5.971999999999999531 ) ) ;
#2085 = ORIENTED_EDGE ( 'NONE', *, *, #8303, .T. ) ;
#2086 = CARTESIAN_POINT ( 'NONE',  ( -19.50000000000000000, -6.036934230161829382E-15, -7.721999999999999531 ) ) ;
#2087 = CARTESIAN_POINT ( 'NONE',  ( -18.89425022400230958, -14.01793109570282780, -8.136241780352209574 ) ) ;
#2088 = DIRECTION ( 'NONE',  ( 1.000000000000000000, 0.000000000000000000, 0.000000000000000000 ) ) ;
#2089 = CARTESIAN_POINT ( 'NONE',  ( 18.52355461681344551, -14.00017309310589830, -7.136968279723335584 ) ) ;
#2090 = ORIENTED_EDGE ( 'NONE', *, *, #4824, .F. ) ;
#2091 = CARTESIAN_POINT ( 'NONE',  ( -23.00000000000000000, 1.499999999999999334, -7.500000000000000000 ) ) ;
#2092 = VECTOR ( 'NONE', #1137, 1000.000000000000000 ) ;
#2093 = AXIS2_PLACEMENT_3D ( 'NONE', #1196, #8179, #5866 ) ;
#2094 = CARTESIAN_POINT ( 'NONE',  ( -19.50000000000000000, 6.500000000000000000, 1.932560250458019935 ) ) ;
#2095 = EDGE_CURVE ( 'NONE', #1654, #4925, #4187, .T. ) ;
#2096 = LINE ( 'NONE', #6648, #9427 ) ;
#2097 = ORIENTED_EDGE ( 'NONE', *, *, #2022, .T. ) ;
#2098 = LINE ( 'NONE', #6749, #1943 ) ;
#2099 = CARTESIAN_POINT ( 'NONE',  ( -18.67359793431478820, -12.62703847307090932, -5.921338804757819929 ) ) ;
#2100 = CARTESIAN_POINT ( 'NONE',  ( 15.25775696440708451, -14.76618827972125736, -4.649924453517341405 ) ) ;
#2101 = VERTEX_POINT ( 'NONE', #441 ) ;
#2102 = ORIENTED_EDGE ( 'NONE', *, *, #9314, .F. ) ;
#2103 = CARTESIAN_POINT ( 'NONE',  ( 12.35499999999999154, -16.50000000000000000, -2.986000000000040178 ) ) ;
#2104 = ORIENTED_EDGE ( 'NONE', *, *, #6541, .F. ) ;
#2105 = CARTESIAN_POINT ( 'NONE',  ( -20.50000000000000000, 9.500000000000000000, -9.500000000000001776 ) ) ;
#2106 = CARTESIAN_POINT ( 'NONE',  ( 11.24086771844658017, -13.99999999999999822, -3.498628363727310564 ) ) ;
#2107 = CARTESIAN_POINT ( 'NONE',  ( -22.00000000000000000, -15.50000000000000000, -11.00000000000000000 ) ) ;
#2108 = VECTOR ( 'NONE', #7693, 1000.000000000000000 ) ;
#2109 = CARTESIAN_POINT ( 'NONE',  ( 19.21628355443211689, -13.00884998933778292, -5.999313692493117856 ) ) ;
#2110 = VERTEX_POINT ( 'NONE', #1914 ) ;
#2111 = EDGE_CURVE ( 'NONE', #3464, #9935, #9635, .T. ) ;
#2112 = CYLINDRICAL_SURFACE ( 'NONE', #2245, 12.00000000000000000 ) ;
#2113 = CARTESIAN_POINT ( 'NONE',  ( 20.50000000000000000, 12.00000000000000000, -9.500000000000000000 ) ) ;
#2114 = VERTEX_POINT ( 'NONE', #3619 ) ;
#2115 = CARTESIAN_POINT ( 'NONE',  ( 1.665334536937730077E-15, -16.50000000000000000, -1.485999999999999543 ) ) ;
#2116 = CARTESIAN_POINT ( 'NONE',  ( 18.31474653463115487, -13.99833496463934779, -8.793507017390265190 ) ) ;
#2117 = VERTEX_POINT ( 'NONE', #5814 ) ;
#2118 = CARTESIAN_POINT ( 'NONE',  ( 25.50000000000000000, -5.947284263024439757E-15, -7.721999999999999531 ) ) ;
#2119 = CIRCLE ( 'NONE', #495, 1.700000000000000178 ) ;
#2120 = DIRECTION ( 'NONE',  ( 1.000000000000000000, -0.000000000000000000, -0.000000000000000000 ) ) ;
#2121 = CARTESIAN_POINT ( 'NONE',  ( -18.11676308497046506, 12.99999999999999645, -5.971999999999997755 ) ) ;
#2122 = VERTEX_POINT ( 'NONE', #7275 ) ;
#2123 = VERTEX_POINT ( 'NONE', #1235 ) ;
#2124 = DIRECTION ( 'NONE',  ( 0.000000000000000000, 0.000000000000000000, 1.000000000000000000 ) ) ;
#2125 = CARTESIAN_POINT ( 'NONE',  ( 20.00148280400211220, 13.63724067914861138, -7.552811438189345417 ) ) ;
#2126 = ORIENTED_EDGE ( 'NONE', *, *, #4119, .T. ) ;
#2127 = DIRECTION ( 'NONE',  ( 0.000000000000000000, -2.906723457586479957E-16, 1.000000000000000000 ) ) ;
#2128 = CARTESIAN_POINT ( 'NONE',  ( 19.39980337988610515, 12.03902736262581641, -5.972009082943428915 ) ) ;
#2129 = DIRECTION ( 'NONE',  ( -0.000000000000000000, 0.000000000000000000, 1.000000000000000000 ) ) ;
#2130 = EDGE_CURVE ( 'NONE', #2691, #3779, #8933, .T. ) ;
#2131 = CARTESIAN_POINT ( 'NONE',  ( -23.00000000000000000, 10.50000000000000178, -5.599999999999999645 ) ) ;
#2132 = CARTESIAN_POINT ( 'NONE',  ( -19.43457890602296345, 13.71632955099121887, -6.364166664351742497 ) ) ;
#2133 = EDGE_LOOP ( 'NONE', ( #9789, #1313, #6099, #7591 ) ) ;
#2134 = DIRECTION ( 'NONE',  ( 0.000000000000000000, 0.000000000000000000, 1.000000000000000000 ) ) ;
#2135 = CARTESIAN_POINT ( 'NONE',  ( -20.50000000000000000, -11.91883646149151765, -8.111767179187957311 ) ) ;
#2136 = CARTESIAN_POINT ( 'NONE',  ( 20.50000000000000000, -12.03360809047969937, -7.137163111788890291 ) ) ;
#2137 = VERTEX_POINT ( 'NONE', #342 ) ;
#2138 = CARTESIAN_POINT ( 'NONE',  ( -23.00000000000000000, -10.50000000000000000, -1.912524980688850018 ) ) ;
#2139 = DIRECTION ( 'NONE',  ( 0.000000000000000000, -2.906723457586479957E-16, 1.000000000000000000 ) ) ;
#2140 = EDGE_CURVE ( 'NONE', #3890, #5409, #9661, .T. ) ;
#2141 = PLANE ( 'NONE',  #2002 ) ;
#2142 = ORIENTED_EDGE ( 'NONE', *, *, #364, .T. ) ;
#2143 = CARTESIAN_POINT ( 'NONE',  ( 20.50000000000000000, -6.500000000000000000, -9.500000000000000000 ) ) ;
#2144 = CARTESIAN_POINT ( 'NONE',  ( -18.67973783923573450, -12.45240864464884822, -5.880170108361967962 ) ) ;
#2145 = VERTEX_POINT ( 'NONE', #3426 ) ;
#2146 = EDGE_CURVE ( 'NONE', #7894, #5020, #9422, .T. ) ;
#2147 = AXIS2_PLACEMENT_3D ( 'NONE', #3440, #4248, #9556 ) ;
#2148 = VERTEX_POINT ( 'NONE', #4999 ) ;
#2149 = CARTESIAN_POINT ( 'NONE',  ( 1.001489841801043657E-15, 14.00000000000000178, 0.000000000000000000 ) ) ;
#2150 = ORIENTED_EDGE ( 'NONE', *, *, #7382, .T. ) ;
#2151 = CARTESIAN_POINT ( 'NONE',  ( 19.49999999999999645, -10.50000000000000178, -5.599999999999999645 ) ) ;
#2152 = EDGE_CURVE ( 'NONE', #5353, #2433, #1430, .T. ) ;
#2153 = CARTESIAN_POINT ( 'NONE',  ( -18.43447125882190107, -13.82097312557969992, -6.493531741420979664 ) ) ;
#2154 = ADVANCED_FACE ( 'NONE', ( #3549 ), #3640, .T. ) ;
#2155 = VECTOR ( 'NONE', #4190, 1000.000000000000000 ) ;
#2156 = CARTESIAN_POINT ( 'NONE',  ( 18.00000000000000711, 14.00000000000000000, -7.386213562373100672 ) ) ;
#2157 = CARTESIAN_POINT ( 'NONE',  ( 18.25861968435260962, -12.61310448513953730, -5.835211778915753378 ) ) ;
#2158 = ORIENTED_EDGE ( 'NONE', *, *, #959, .F. ) ;
#2159 = ORIENTED_EDGE ( 'NONE', *, *, #6909, .F. ) ;
#2160 = CARTESIAN_POINT ( 'NONE',  ( -19.82520522069560087, 13.44224904131850096, -6.454473762875389653 ) ) ;
#2161 = ORIENTED_EDGE ( 'NONE', *, *, #7939, .T. ) ;
#2162 = CARTESIAN_POINT ( 'NONE',  ( -20.50000000000000000, -12.03360809047969937, -7.137163111788890291 ) ) ;
#2163 = ADVANCED_FACE ( 'NONE', ( #9288 ), #5404, .F. ) ;
#2164 = VECTOR ( 'NONE', #9890, 1000.000000000000000 ) ;
#2165 = CARTESIAN_POINT ( 'NONE',  ( 20.49557119792495996, -11.67765547258655445, -9.823544892756020275 ) ) ;
#2166 = ORIENTED_EDGE ( 'NONE', *, *, #5431, .T. ) ;
#2167 = VECTOR ( 'NONE', #3865, 1000.000000000000000 ) ;
#2168 = EDGE_CURVE ( 'NONE', #1620, #8576, #3876, .T. ) ;
#2169 = VECTOR ( 'NONE', #8987, 1000.000000000000000 ) ;
#2170 = CARTESIAN_POINT ( 'NONE',  ( 5.769999999999993356, 33.50000000000000000, -2.985999999999998877 ) ) ;
#2171 = AXIS2_PLACEMENT_3D ( 'NONE', #2906, #3712, #2856 ) ;
#2172 = LINE ( 'NONE', #9290, #5300 ) ;
#2173 = VERTEX_POINT ( 'NONE', #39 ) ;
#2174 = VERTEX_POINT ( 'NONE', #6634 ) ;
#2175 = CARTESIAN_POINT ( 'NONE',  ( -20.55346307255046767, 5.499999999999998224, -7.500000000000000000 ) ) ;
#2176 = CARTESIAN_POINT ( 'NONE',  ( 25.50000000000000000, 9.500000000000000000, -4.000000000000000000 ) ) ;
#2177 = ORIENTED_EDGE ( 'NONE', *, *, #1042, .T. ) ;
#2178 = LINE ( 'NONE', #155, #2803 ) ;
#2179 = CARTESIAN_POINT ( 'NONE',  ( -1.348076211353323783, -15.38411894523510171, -1.485999999999999099 ) ) ;
#2180 = VECTOR ( 'NONE', #6412, 1000.000000000000000 ) ;
#2181 = CARTESIAN_POINT ( 'NONE',  ( -19.26911039104685486, 12.17280457428208962, -5.955150967521435135 ) ) ;
#2182 = CARTESIAN_POINT ( 'NONE',  ( -22.99999999999999289, -4.619458474249640837E-15, 4.278000000000000469 ) ) ;
#2183 = ORIENTED_EDGE ( 'NONE', *, *, #2895, .T. ) ;
#2184 = CARTESIAN_POINT ( 'NONE',  ( -18.66535425885899357, 13.00000000936332967, -6.018415453662087522 ) ) ;
#2185 = AXIS2_PLACEMENT_3D ( 'NONE', #8493, #5312, #7036 ) ;
#2186 = CARTESIAN_POINT ( 'NONE',  ( -18.40126110080853294, -13.99898130586731604, -7.980352195085964162 ) ) ;
#2187 = CARTESIAN_POINT ( 'NONE',  ( 18.61210923555200125, -13.80238285251130037, -6.470556425469479400 ) ) ;
#2188 = VERTEX_POINT ( 'NONE', #5980 ) ;
#2189 = CARTESIAN_POINT ( 'NONE',  ( 25.50000000000000000, -2.500000000000000000, -9.500000000000000000 ) ) ;
#2190 = EDGE_CURVE ( 'NONE', #492, #674, #4499, .T. ) ;
#2191 = FACE_OUTER_BOUND ( 'NONE', #9717, .T. ) ;
#2192 = AXIS2_PLACEMENT_3D ( 'NONE', #4988, #8063, #1130 ) ;
#2193 = DIRECTION ( 'NONE',  ( 0.000000000000000000, 0.000000000000000000, 1.000000000000000000 ) ) ;
#2194 = LINE ( 'NONE', #2293, #3221 ) ;
#2195 = VERTEX_POINT ( 'NONE', #7527 ) ;
#2196 = EDGE_CURVE ( 'NONE', #6117, #1654, #5928, .T. ) ;
#2197 = CYLINDRICAL_SURFACE ( 'NONE', #6790, 1.749999999999986455 ) ;
#2198 = CARTESIAN_POINT ( 'NONE',  ( -18.68755753651269202, -12.24900376843461025, -5.833783828459061738 ) ) ;
#2199 = CARTESIAN_POINT ( 'NONE',  ( 14.96512797274459494, -14.74770755150910695, -4.558098797173314232 ) ) ;
#2200 = CYLINDRICAL_SURFACE ( 'NONE', #778, 12.00000000000000000 ) ;
#2201 = FACE_OUTER_BOUND ( 'NONE', #3060, .T. ) ;
#2202 = VERTEX_POINT ( 'NONE', #6163 ) ;
#2203 = CARTESIAN_POINT ( 'NONE',  ( -2.594999999999999751, 33.50000000000000000, -2.985999999999998877 ) ) ;
#2204 = EDGE_CURVE ( 'NONE', #9979, #7625, #1957, .T. ) ;
#2205 = CARTESIAN_POINT ( 'NONE',  ( -18.33384946740449806, -14.00000000000000000, -7.402986025989269692 ) ) ;
#2206 =( GEOMETRIC_REPRESENTATION_CONTEXT ( 3 ) GLOBAL_UNCERTAINTY_ASSIGNED_CONTEXT ( ( #5952 ) ) GLOBAL_UNIT_ASSIGNED_CONTEXT ( ( #4949, #1232, #8834 ) ) REPRESENTATION_CONTEXT ( 'NONE', 'WORKASPACE' ) );
#2207 = EDGE_CURVE ( 'NONE', #240, #5270, #6126, .T. ) ;
#2208 =( NAMED_UNIT ( * ) PLANE_ANGLE_UNIT ( ) SI_UNIT ( $, .RADIAN. ) );
#2209 = FACE_OUTER_BOUND ( 'NONE', #7326, .T. ) ;
#2210 = CARTESIAN_POINT ( 'NONE',  ( 19.50327703165340054, -11.07074186371734470, -5.978726207080189425 ) ) ;
#2211 = ORIENTED_EDGE ( 'NONE', *, *, #7395, .F. ) ;
#2212 = ORIENTED_EDGE ( 'NONE', *, *, #7221, .T. ) ;
#2213 = CARTESIAN_POINT ( 'NONE',  ( -19.34304349431275938, 12.16801497762418194, -5.971999999999999531 ) ) ;
#2214 = ORIENTED_EDGE ( 'NONE', *, *, #9053, .T. ) ;
#2215 = LINE ( 'NONE', #7606, #7187 ) ;
#2216 = CARTESIAN_POINT ( 'NONE',  ( 20.50000000000000000, -11.79375356032023348, -9.173931281225613077 ) ) ;
#2217 = VERTEX_POINT ( 'NONE', #2030 ) ;
#2218 = DIRECTION ( 'NONE',  ( 1.000000000000000000, -7.153498870007452406E-17, -0.000000000000000000 ) ) ;
#2219 = LINE ( 'NONE', #2972, #5638 ) ;
#2220 = ORIENTED_EDGE ( 'NONE', *, *, #1652, .F. ) ;
#2221 = ORIENTED_EDGE ( 'NONE', *, *, #4678, .F. ) ;
#2222 = CARTESIAN_POINT ( 'NONE',  ( 20.50000000000000000, -5.957245370484149540E-15, -7.721999999999999531 ) ) ;
#2223 = CYLINDRICAL_SURFACE ( 'NONE', #4652, 2.000000000000002665 ) ;
#2224 = EDGE_LOOP ( 'NONE', ( #9941, #8256, #9252, #990 ) ) ;
#2225 = FACE_OUTER_BOUND ( 'NONE', #2553, .T. ) ;
#2226 = DIRECTION ( 'NONE',  ( 0.000000000000000000, 1.000000000000000000, 0.000000000000000000 ) ) ;
#2227 = CARTESIAN_POINT ( 'NONE',  ( -20.50000000000000000, 11.75443164939174601, -7.413822356079069920 ) ) ;
#2228 = VECTOR ( 'NONE', #8538, 1000.000000000000000 ) ;
#2229 = DIRECTION ( 'NONE',  ( 0.000000000000000000, 2.906723457586479957E-16, -1.000000000000000000 ) ) ;
#2230 = ORIENTED_EDGE ( 'NONE', *, *, #8042, .T. ) ;
#2231 = LINE ( 'NONE', #6788, #1783 ) ;
#2232 = DIRECTION ( 'NONE',  ( 1.000000000000000000, 0.000000000000000000, 0.000000000000000000 ) ) ;
#2233 = CARTESIAN_POINT ( 'NONE',  ( -20.00214378999694276, -13.65161816631224490, -8.167917501318095574 ) ) ;
#2234 = CARTESIAN_POINT ( 'NONE',  ( 20.50000000000000000, 2.500000000000000000, -9.500000000000000000 ) ) ;
#2235 = EDGE_CURVE ( 'NONE', #341, #4951, #5112, .T. ) ;
#2236 = CARTESIAN_POINT ( 'NONE',  ( 19.34445314897279644, -12.16519566830410248, -5.971999999999999531 ) ) ;
#2237 = ORIENTED_EDGE ( 'NONE', *, *, #9963, .F. ) ;
#2238 = CARTESIAN_POINT ( 'NONE',  ( -13.12000000000000277, -16.50000000000000000, -2.986000000000068155 ) ) ;
#2239 = CARTESIAN_POINT ( 'NONE',  ( -1.348076211353323783, -14.00000000000000000, -1.485999999999999543 ) ) ;
#2240 = CIRCLE ( 'NONE', #1758, 2.000000000000005329 ) ;
#2241 = CARTESIAN_POINT ( 'NONE',  ( 25.50000000000000000, -9.500000000000000000, -9.500000000000000000 ) ) ;
#2242 = CARTESIAN_POINT ( 'NONE',  ( 18.01197542056812750, -13.99756171335817356, -11.44084981660365408 ) ) ;
#2243 = ORIENTED_EDGE ( 'NONE', *, *, #9923, .F. ) ;
#2244 = LINE ( 'NONE', #1319, #5017 ) ;
#2245 = AXIS2_PLACEMENT_3D ( 'NONE', #8980, #2062, #391 ) ;
#2246 = CARTESIAN_POINT ( 'NONE',  ( -18.70817256703515952, -12.37998499677718200, -5.884899889425661890 ) ) ;
#2247 = CYLINDRICAL_SURFACE ( 'NONE', #9310, 0.6750000000000002665 ) ;
#2248 = AXIS2_PLACEMENT_3D ( 'NONE', #9551, #2628, #7837 ) ;
#2249 = CYLINDRICAL_SURFACE ( 'NONE', #9976, 3.000000000000000000 ) ;
#2250 = CARTESIAN_POINT ( 'NONE',  ( -8.505000000000002558, 16.50000000000000000, -2.986000000000040178 ) ) ;
#2251 = ORIENTED_EDGE ( 'NONE', *, *, #8374, .T. ) ;
#2252 = CARTESIAN_POINT ( 'NONE',  ( -13.50000000000001243, 16.50000000000000000, 5.028000000000002245 ) ) ;
#2253 = CARTESIAN_POINT ( 'NONE',  ( -18.26922329387038246, -12.10519416413743521, -5.655638362808153907 ) ) ;
#2254 = CIRCLE ( 'NONE', #6138, 12.00000000000003197 ) ;
#2255 = PRODUCT_CONTEXT ( 'NONE', #8282, 'mechanical' ) ;
#2256 = EDGE_CURVE ( 'NONE', #6262, #4796, #2836, .T. ) ;
#2257 = DIRECTION ( 'NONE',  ( -1.000000000000000000, 0.000000000000000000, 0.000000000000000000 ) ) ;
#2258 = CARTESIAN_POINT ( 'NONE',  ( 18.26476682827868814, -12.31483597092730342, -5.729757934408798548 ) ) ;
#2259 = ORIENTED_EDGE ( 'NONE', *, *, #7355, .T. ) ;
#2260 = ORIENTED_EDGE ( 'NONE', *, *, #4904, .F. ) ;
#2261 = CARTESIAN_POINT ( 'NONE',  ( -18.67327111098563464, 12.75205645743347205, -5.951189286635180764 ) ) ;
#2262 = VERTEX_POINT ( 'NONE', #5162 ) ;
#2263 = CARTESIAN_POINT ( 'NONE',  ( -20.49937994570998256, -12.73731544960039486, -7.878581985488769313 ) ) ;
#2264 = CARTESIAN_POINT ( 'NONE',  ( 20.50000000000000000, -11.76810671740565439, -9.391716091294570745 ) ) ;
#2265 = EDGE_CURVE ( 'NONE', #3602, #4067, #8235, .T. ) ;
#2266 = ORIENTED_EDGE ( 'NONE', *, *, #9894, .F. ) ;
#2267 = CIRCLE ( 'NONE', #645, 0.6750000000000002665 ) ;
#2268 = PLANE ( 'NONE',  #2679 ) ;
#2269 = DIRECTION ( 'NONE',  ( 0.000000000000000000, 0.000000000000000000, -1.000000000000000000 ) ) ;
#2270 = ORIENTED_EDGE ( 'NONE', *, *, #2204, .F. ) ;
#2271 = ORIENTED_EDGE ( 'NONE', *, *, #1167, .F. ) ;
#2272 = CARTESIAN_POINT ( 'NONE',  ( 18.48070677862240174, 13.28137250835549921, -6.077883901684519863 ) ) ;
#2273 = DIRECTION ( 'NONE',  ( -1.000000000000000000, 0.000000000000000000, 0.000000000000000000 ) ) ;
#2274 = ORIENTED_EDGE ( 'NONE', *, *, #2235, .T. ) ;
#2275 = PLANE ( 'NONE',  #698 ) ;
#2276 = EDGE_CURVE ( 'NONE', #425, #1579, #9985, .T. ) ;
#2277 = DIRECTION ( 'NONE',  ( 1.000000000000000000, -0.000000000000000000, 0.000000000000000000 ) ) ;
#2278 = EDGE_CURVE ( 'NONE', #1176, #1905, #2469, .T. ) ;
#2279 = CARTESIAN_POINT ( 'NONE',  ( -18.94246633810630698, -12.73719492661578201, -5.965244777370639184 ) ) ;
#2280 = EDGE_CURVE ( 'NONE', #8539, #2361, #7223, .T. ) ;
#2281 = LINE ( 'NONE', #3790, #8714 ) ;
#2282 = ORIENTED_EDGE ( 'NONE', *, *, #5178, .T. ) ;
#2283 = CARTESIAN_POINT ( 'NONE',  ( -1.749999999999997558, -16.30498811989081887, -3.241330678485666805 ) ) ;
#2284 = CARTESIAN_POINT ( 'NONE',  ( 18.67649740586057305, 12.55093228073376466, -5.903594356415045930 ) ) ;
#2285 = CARTESIAN_POINT ( 'NONE',  ( -18.32655167095382964, -13.99916679452779888, -8.794251662348573362 ) ) ;
#2286 = LINE ( 'NONE', #1915, #1795 ) ;
#2287 = CARTESIAN_POINT ( 'NONE',  ( 19.34585933020924386, -12.16238330583120408, -5.971999999999999531 ) ) ;
#2288 = ORIENTED_EDGE ( 'NONE', *, *, #1429, .F. ) ;
#2289 = CARTESIAN_POINT ( 'NONE',  ( 25.50000000000000000, -10.00000000000000000, 1.027999999999995584 ) ) ;
#2290 = DIRECTION ( 'NONE',  ( -0.000000000000000000, -0.000000000000000000, 1.000000000000000000 ) ) ;
#2291 = ADVANCED_FACE ( 'NONE', ( #297 ), #4692, .T. ) ;
#2292 = CARTESIAN_POINT ( 'NONE',  ( -1.749999999999984679, 16.50000000000000000, -11.00000000000000000 ) ) ;
#2293 = CARTESIAN_POINT ( 'NONE',  ( 25.50000000000000000, -10.50000000000000000, -4.000000000000000000 ) ) ;
#2294 = EDGE_LOOP ( 'NONE', ( #2097, #1941, #3834, #7737, #7102, #1277, #3848, #3427, #4610, #5607 ) ) ;
#2295 = LINE ( 'NONE', #2143, #8570 ) ;
#2296 = CYLINDRICAL_SURFACE ( 'NONE', #8609, 1.500000000000001332 ) ;
#2297 = CARTESIAN_POINT ( 'NONE',  ( 16.58016488020045287, -15.72236721739239940, -4.391390544600360712 ) ) ;
#2298 = EDGE_LOOP ( 'NONE', ( #1150, #1876, #5670, #2828, #2573, #9404, #8443, #7679 ) ) ;
#2299 = LINE ( 'NONE', #5386, #2525 ) ;
#2300 = ORIENTED_EDGE ( 'NONE', *, *, #9529, .F. ) ;
#2301 = DIRECTION ( 'NONE',  ( 0.7071067811865493491, -0.7071067811865456854, 0.000000000000000000 ) ) ;
#2302 = CARTESIAN_POINT ( 'NONE',  ( 20.50000187084529202, 11.91782491557042967, -7.421594473344504728 ) ) ;
#2303 = CARTESIAN_POINT ( 'NONE',  ( -18.52635026475372726, -11.93283389653783821, -5.670576988519836270 ) ) ;
#2304 = DIRECTION ( 'NONE',  ( 1.000000000000000000, 0.000000000000000000, 0.000000000000000000 ) ) ;
#2305 = CARTESIAN_POINT ( 'NONE',  ( -18.09770649007516852, 14.00000000000000355, -7.387567564333211045 ) ) ;
#2306 = VECTOR ( 'NONE', #6676, 1000.000000000000000 ) ;
#2307 = CARTESIAN_POINT ( 'NONE',  ( 18.00000000000000000, -12.80655224256976865, -5.903605889457876010 ) ) ;
#2308 = ORIENTED_EDGE ( 'NONE', *, *, #1757, .F. ) ;
#2309 = VERTEX_POINT ( 'NONE', #3175 ) ;
#2310 = CARTESIAN_POINT ( 'NONE',  ( -18.86750069859080270, 13.16278936946299893, -6.054481240167320699 ) ) ;
#2311 = ORIENTED_EDGE ( 'NONE', *, *, #1096, .T. ) ;
#2312 = DIRECTION ( 'NONE',  ( 1.000000000000000000, 0.000000000000000000, 0.000000000000000000 ) ) ;
#2313 = CARTESIAN_POINT ( 'NONE',  ( 18.26810671740518544, -14.00000000000000000, -9.391716091294524560 ) ) ;
#2314 = EDGE_CURVE ( 'NONE', #9712, #6121, #8976, .T. ) ;
#2315 = VECTOR ( 'NONE', #3937, 1000.000000000000000 ) ;
#2316 = CARTESIAN_POINT ( 'NONE',  ( 25.50000000000000000, -5.947284263024439757E-15, -7.721999999999999531 ) ) ;
#2317 = CARTESIAN_POINT ( 'NONE',  ( 20.55346307255046767, 9.499999999999998224, -5.599999999999999645 ) ) ;
#2318 = LINE ( 'NONE', #4438, #3840 ) ;
#2319 = ORIENTED_EDGE ( 'NONE', *, *, #4836, .F. ) ;
#2320 = ORIENTED_EDGE ( 'NONE', *, *, #9858, .T. ) ;
#2321 = CARTESIAN_POINT ( 'NONE',  ( 18.24381213915649624, 13.33158847671130154, -6.089234230222939637 ) ) ;
#2322 = AXIS2_PLACEMENT_3D ( 'NONE', #6189, #9212, #9364 ) ;
#2323 = LINE ( 'NONE', #3833, #1920 ) ;
#2324 = ORIENTED_EDGE ( 'NONE', *, *, #7831, .T. ) ;
#2325 = PLANE ( 'NONE',  #9886 ) ;
#2326 = CARTESIAN_POINT ( 'NONE',  ( 1.249999999999996447, 33.50000000000000000, -2.985999999999998877 ) ) ;
#2327 = ADVANCED_FACE ( 'NONE', ( #436 ), #9723, .T. ) ;
#2328 = CARTESIAN_POINT ( 'NONE',  ( -18.75007634147717184, -12.18700355265223578, -5.834577771910780974 ) ) ;
#2329 = VECTOR ( 'NONE', #6187, 1000.000000000000000 ) ;
#2330 = VECTOR ( 'NONE', #592, 1000.000000000000000 ) ;
#2331 = EDGE_CURVE ( 'NONE', #2148, #6275, #4948, .T. ) ;
#2332 = CARTESIAN_POINT ( 'NONE',  ( 25.50000000000000000, 6.500000000000000000, 2.365120500916019886 ) ) ;
#2333 = EDGE_LOOP ( 'NONE', ( #6581, #2891, #5264, #4541 ) ) ;
#2334 = DIRECTION ( 'NONE',  ( 0.000000000000000000, 0.000000000000000000, 1.000000000000000000 ) ) ;
#2335 = CARTESIAN_POINT ( 'NONE',  ( 19.14577477334596622, 12.17617861066651308, -5.926499726680613200 ) ) ;
#2336 = ORIENTED_EDGE ( 'NONE', *, *, #666, .F. ) ;
#2337 = CARTESIAN_POINT ( 'NONE',  ( 25.50000000000000000, -9.500000000000000000, 0.5547195746538050587 ) ) ;
#2338 = LINE ( 'NONE', #3036, #5686 ) ;
#2339 = CARTESIAN_POINT ( 'NONE',  ( 20.51942818541372660, -12.56095710200747995, -8.011722285536803767 ) ) ;
#2340 = ORIENTED_EDGE ( 'NONE', *, *, #1000, .T. ) ;
#2341 = CARTESIAN_POINT ( 'NONE',  ( 18.50000000000000000, 14.00000000000000000, -8.972000000000001307 ) ) ;
#2342 = EDGE_CURVE ( 'NONE', #1790, #1633, #1087, .T. ) ;
#2343 = DIRECTION ( 'NONE',  ( -0.000000000000000000, 1.000000000000000000, 0.000000000000000000 ) ) ;
#2344 = CARTESIAN_POINT ( 'NONE',  ( 18.67082039327990017, -12.84164078539943077, -5.971999999744355136 ) ) ;
#2345 = VERTEX_POINT ( 'NONE', #9631 ) ;
#2346 = CARTESIAN_POINT ( 'NONE',  ( -19.06128855662679911, -12.59858617805779879, -5.971999999999999531 ) ) ;
#2347 = DIRECTION ( 'NONE',  ( 0.000000000000000000, 2.906723457586479957E-16, -1.000000000000000000 ) ) ;
#2348 = CARTESIAN_POINT ( 'NONE',  ( 25.50000000000000000, 1.499999999999999778, -9.500000000000000000 ) ) ;
#2349 = PLANE ( 'NONE',  #1536 ) ;
#2350 = ORIENTED_EDGE ( 'NONE', *, *, #4034, .F. ) ;
#2351 = CARTESIAN_POINT ( 'NONE',  ( 15.44979152347908347, 14.80582914709351350, -4.680372206793744994 ) ) ;
#2352 = CARTESIAN_POINT ( 'NONE',  ( 20.50000000000000000, 11.75578477054290083, -7.397187067963970186 ) ) ;
#2353 = ADVANCED_FACE ( 'NONE', ( #8110 ), #5761, .F. ) ;
#2354 = CARTESIAN_POINT ( 'NONE',  ( -18.18275909105440036, -14.00000000000000000, -7.122436544371499423 ) ) ;
#2355 = DIRECTION ( 'NONE',  ( 7.153498870007452406E-17, 1.000000000000000000, 0.000000000000000000 ) ) ;
#2356 = CARTESIAN_POINT ( 'NONE',  ( 1.749999999999992895, 16.50000000000000000, -1.485999999999999543 ) ) ;
#2357 = CARTESIAN_POINT ( 'NONE',  ( 18.90607684470257865, -13.99907389551603565, -8.266807471875990743 ) ) ;
#2358 = ORIENTED_EDGE ( 'NONE', *, *, #7410, .T. ) ;
#2359 = EDGE_LOOP ( 'NONE', ( #380, #264, #9929, #8920, #4247, #5029, #4720, #6158, #4784, #9506 ) ) ;
#2360 = CARTESIAN_POINT ( 'NONE',  ( -20.50000000000000000, 12.03360809047969937, -7.137163111788890291 ) ) ;
#2361 = VERTEX_POINT ( 'NONE', #4183 ) ;
#2362 = CARTESIAN_POINT ( 'NONE',  ( 18.81683614645401903, -14.04552454438613829, -9.215933680122406102 ) ) ;
#2363 = ADVANCED_FACE ( 'NONE', ( #5811 ), #1231, .F. ) ;
#2364 = VECTOR ( 'NONE', #8585, 1000.000000000000000 ) ;
#2365 = CARTESIAN_POINT ( 'NONE',  ( 19.91421356237309581, 13.41421356237309404, -11.00000000000000000 ) ) ;
#2366 = CARTESIAN_POINT ( 'NONE',  ( 19.50000000000000000, -5.959237591976089288E-15, -7.721999999999999531 ) ) ;
#2367 = CARTESIAN_POINT ( 'NONE',  ( -18.94744931329447724, 12.67407247265046877, -5.971980443726399912 ) ) ;
#2368 = AXIS2_PLACEMENT_3D ( 'NONE', #4361, #520, #3606 ) ;
#2369 = CARTESIAN_POINT ( 'NONE',  ( -2.595000000000001084, 13.99999999999999822, -2.985999999999998877 ) ) ;
#2370 = ORIENTED_EDGE ( 'NONE', *, *, #8039, .F. ) ;
#2371 = ORIENTED_EDGE ( 'NONE', *, *, #5015, .F. ) ;
#2372 = CARTESIAN_POINT ( 'NONE',  ( 18.00000000000000711, -13.00000000000000000, 0.000000000000000000 ) ) ;
#2373 = FACE_OUTER_BOUND ( 'NONE', #9707, .T. ) ;
#2374 = ORIENTED_EDGE ( 'NONE', *, *, #2055, .T. ) ;
#2375 = LINE ( 'NONE', #9995, #8773 ) ;
#2376 = DIRECTION ( 'NONE',  ( -1.000000000000000000, 0.000000000000000000, 0.000000000000000000 ) ) ;
#2377 = AXIS2_PLACEMENT_3D ( 'NONE', #4421, #1384, #9076 ) ;
#2378 = CARTESIAN_POINT ( 'NONE',  ( -19.42472044634790151, -11.98310760314820200, -5.971999999999999531 ) ) ;
#2379 = CLOSED_SHELL ( 'NONE', ( #5438, #7865, #609, #7225, #6800 ) ) ;
#2380 = CARTESIAN_POINT ( 'NONE',  ( 25.50000000000000000, 5.500000000000000000, -9.500000000000000000 ) ) ;
#2381 = CARTESIAN_POINT ( 'NONE',  ( -18.00000000000000000, 14.00000000000000000, -7.570857474974220125 ) ) ;
#2382 = EDGE_CURVE ( 'NONE', #9883, #3492, #7359, .T. ) ;
#2383 = VERTEX_POINT ( 'NONE', #484 ) ;
#2384 = DIRECTION ( 'NONE',  ( 0.000000000000000000, 0.000000000000000000, 1.000000000000000000 ) ) ;
#2385 = FACE_OUTER_BOUND ( 'NONE', #9145, .T. ) ;
#2386 = VERTEX_POINT ( 'NONE', #4229 ) ;
#2387 = FACE_OUTER_BOUND ( 'NONE', #9462, .T. ) ;
#2388 = CARTESIAN_POINT ( 'NONE',  ( -23.00000000000000000, -10.50000000000000178, -5.599999999999999645 ) ) ;
#2389 = CARTESIAN_POINT ( 'NONE',  ( 18.46590830378047698, -13.99987883482586959, -7.621942852873949903 ) ) ;
#2390 = ORIENTED_EDGE ( 'NONE', *, *, #1972, .T. ) ;
#2391 = DIRECTION ( 'NONE',  ( 0.000000000000000000, 0.000000000000000000, -1.000000000000000000 ) ) ;
#2392 = ADVANCED_FACE ( 'NONE', ( #4996 ), #6517, .F. ) ;
#2393 = CIRCLE ( 'NONE', #9647, 12.00000000000001599 ) ;
#2394 = CARTESIAN_POINT ( 'NONE',  ( 20.50000000000000000, -10.00000000000000000, 1.027999999999990255 ) ) ;
#2395 = LINE ( 'NONE', #3902, #4025 ) ;
#2396 = ORIENTED_EDGE ( 'NONE', *, *, #5939, .T. ) ;
#2397 = LINE ( 'NONE', #7751, #7581 ) ;
#2398 = CARTESIAN_POINT ( 'NONE',  ( -19.20938726623524317, -12.17443839263774485, -5.941277103145182537 ) ) ;
#2399 = CARTESIAN_POINT ( 'NONE',  ( -13.33817571824848969, -15.93298407749858470, -3.625809560375385932 ) ) ;
#2400 = CARTESIAN_POINT ( 'NONE',  ( -20.55346307255046767, -6.500000000000000000, -9.500000000000000000 ) ) ;
#2401 = EDGE_LOOP ( 'NONE', ( #525, #1336 ) ) ;
#2402 = CARTESIAN_POINT ( 'NONE',  ( 13.99182436633286031, 15.06897310904086851, -3.485022318226803861 ) ) ;
#2403 = VECTOR ( 'NONE', #2683, 1000.000000000000000 ) ;
#2404 = DIRECTION ( 'NONE',  ( 0.000000000000000000, -2.906723457586479957E-16, 1.000000000000000000 ) ) ;
#2405 = EDGE_CURVE ( 'NONE', #4851, #5504, #6567, .T. ) ;
#2406 = CARTESIAN_POINT ( 'NONE',  ( -18.39895727597277286, -14.00000000000000000, -8.280574882223536548 ) ) ;
#2407 = CARTESIAN_POINT ( 'NONE',  ( -20.09935771828191520, 13.20287976217730375, -7.442792255180139982 ) ) ;
#2408 = VECTOR ( 'NONE', #8789, 999.9999999999998863 ) ;
#2409 = PLANE ( 'NONE',  #4515 ) ;
#2410 = CARTESIAN_POINT ( 'NONE',  ( -20.50000000000000000, -6.500000000000006217, 2.365120500916025659 ) ) ;
#2411 = EDGE_CURVE ( 'NONE', #4826, #7616, #3423, .T. ) ;
#2412 = CARTESIAN_POINT ( 'NONE',  ( 18.15074931571592032, -14.00000000000000000, -7.663179431274779851 ) ) ;
#2413 = EDGE_LOOP ( 'NONE', ( #7668, #1447 ) ) ;
#2414 = ORIENTED_EDGE ( 'NONE', *, *, #9601, .T. ) ;
#2415 = DIRECTION ( 'NONE',  ( 0.000000000000000000, 0.000000000000000000, 1.000000000000000000 ) ) ;
#2416 = VERTEX_POINT ( 'NONE', #2618 ) ;
#2417 = CARTESIAN_POINT ( 'NONE',  ( 20.49577131565765953, -11.56608554965515800, -10.86335866953990426 ) ) ;
#2418 = DIRECTION ( 'NONE',  ( 0.000000000000000000, 0.000000000000000000, -1.000000000000000000 ) ) ;
#2419 = DIRECTION ( 'NONE',  ( 0.000000000000000000, 0.000000000000000000, -1.000000000000000000 ) ) ;
#2420 = VECTOR ( 'NONE', #5501, 1000.000000000000000 ) ;
#2421 = DIRECTION ( 'NONE',  ( 0.000000000000000000, 1.000000000000000000, 2.906723457586479957E-16 ) ) ;
#2422 = ORIENTED_EDGE ( 'NONE', *, *, #5332, .T. ) ;
#2423 = VERTEX_POINT ( 'NONE', #8069 ) ;
#2424 = FACE_OUTER_BOUND ( 'NONE', #5695, .T. ) ;
#2425 = LINE ( 'NONE', #6480, #6769 ) ;
#2426 = ORIENTED_EDGE ( 'NONE', *, *, #5341, .F. ) ;
#2427 = CARTESIAN_POINT ( 'NONE',  ( -20.55346307255046767, 10.50000000000000178, -7.500000000000000000 ) ) ;
#2428 = LINE ( 'NONE', #1611, #9281 ) ;
#2429 = AXIS2_PLACEMENT_3D ( 'NONE', #9813, #6801, #5277 ) ;
#2430 = CARTESIAN_POINT ( 'NONE',  ( -19.05909016703974501, -12.73592163217088213, -5.971999999999999531 ) ) ;
#2431 = DIRECTION ( 'NONE',  ( 0.000000000000000000, 0.000000000000000000, -1.000000000000000000 ) ) ;
#2432 = CARTESIAN_POINT ( 'NONE',  ( 20.31862391019558700, 12.10565901558485358, -6.525327829957968007 ) ) ;
#2433 = VERTEX_POINT ( 'NONE', #4373 ) ;
#2434 = CARTESIAN_POINT ( 'NONE',  ( -23.00000000000000000, 14.50000000000000178, -11.00000000000000000 ) ) ;
#2435 = CARTESIAN_POINT ( 'NONE',  ( 19.05244152538618607, 12.17534475274515415, -5.903518548477528327 ) ) ;
#2436 = VERTEX_POINT ( 'NONE', #7310 ) ;
#2437 = CARTESIAN_POINT ( 'NONE',  ( -20.01321146513485161, -13.67373171077226068, -9.276579553620535989 ) ) ;
#2438 = DIRECTION ( 'NONE',  ( 0.000000000000000000, 0.000000000000000000, 1.000000000000000000 ) ) ;
#2439 = CARTESIAN_POINT ( 'NONE',  ( 20.00649414732287568, -13.64681309262187625, -8.032522376878221237 ) ) ;
#2440 = ORIENTED_EDGE ( 'NONE', *, *, #6244, .F. ) ;
#2441 = CARTESIAN_POINT ( 'NONE',  ( 20.50000000000000000, 2.500000000000000000, 0.000000000000000000 ) ) ;
#2442 = DIRECTION ( 'NONE',  ( 0.000000000000000000, 2.906723457586479957E-16, -1.000000000000000000 ) ) ;
#2443 = EDGE_CURVE ( 'NONE', #5767, #3857, #7409, .T. ) ;
#2444 = LINE ( 'NONE', #2292, #9576 ) ;
#2445 = CARTESIAN_POINT ( 'NONE',  ( -18.27548590411847940, 11.80147640630259076, -5.548257919742247246 ) ) ;
#2446 = ORIENTED_EDGE ( 'NONE', *, *, #7562, .F. ) ;
#2447 = DIRECTION ( 'NONE',  ( 7.153498870007452406E-17, -1.000000000000000000, 0.000000000000000000 ) ) ;
#2448 = CARTESIAN_POINT ( 'NONE',  ( -19.71471890679310235, -12.16061426483730123, -6.058667187275020183 ) ) ;
#2449 = CARTESIAN_POINT ( 'NONE',  ( -23.00000000000000000, -6.500000000000000000, -4.000000000000000000 ) ) ;
#2450 = DIRECTION ( 'NONE',  ( 1.000000000000000000, 0.000000000000000000, 0.000000000000000000 ) ) ;
#2451 = ORIENTED_EDGE ( 'NONE', *, *, #7733, .F. ) ;
#2452 = CARTESIAN_POINT ( 'NONE',  ( -20.99999999999999645, -16.49999999999999645, 5.028000000000000469 ) ) ;
#2453 = CARTESIAN_POINT ( 'NONE',  ( 19.42474522821219907, 11.98301071753519942, -5.971999999999999531 ) ) ;
#2454 = EDGE_CURVE ( 'NONE', #2521, #2639, #2715, .T. ) ;
#2455 = CARTESIAN_POINT ( 'NONE',  ( -18.12956228831782468, -14.00000000000000000, -8.023235060846962696 ) ) ;
#2456 = PLANE ( 'NONE',  #226 ) ;
#2457 = CARTESIAN_POINT ( 'NONE',  ( 25.50000000000000000, 14.49999999999999289, -11.00000000000000000 ) ) ;
#2458 = EDGE_CURVE ( 'NONE', #222, #2699, #1958, .T. ) ;
#2459 = CARTESIAN_POINT ( 'NONE',  ( 18.32339374152327593, -14.00004345539845474, -7.498443608185193732 ) ) ;
#2460 = ORIENTED_EDGE ( 'NONE', *, *, #8561, .F. ) ;
#2461 = ADVANCED_FACE ( 'NONE', ( #3525, #6614, #9678 ), #2764, .F. ) ;
#2462 = VERTEX_POINT ( 'NONE', #2058 ) ;
#2463 = CARTESIAN_POINT ( 'NONE',  ( -0.5117476586226162860, 14.81913034822662034, -5.421542358480539114 ) ) ;
#2464 = ORIENTED_EDGE ( 'NONE', *, *, #9498, .T. ) ;
#2465 = FACE_OUTER_BOUND ( 'NONE', #3773, .T. ) ;
#2466 = CARTESIAN_POINT ( 'NONE',  ( 20.61962331944387472, -12.39576917706254555, -10.96015870890589561 ) ) ;
#2467 = EDGE_CURVE ( 'NONE', #3239, #4826, #5139, .T. ) ;
#2468 = CARTESIAN_POINT ( 'NONE',  ( -20.99999999999999645, -16.50000000000000000, -11.00000000000000000 ) ) ;
#2469 = LINE ( 'NONE', #4134, #4024 ) ;
#2470 = DIRECTION ( 'NONE',  ( -0.000000000000000000, 1.000000000000000000, -0.000000000000000000 ) ) ;
#2471 = DIRECTION ( 'NONE',  ( -0.000000000000000000, 0.000000000000000000, -1.000000000000000000 ) ) ;
#2472 = VERTEX_POINT ( 'NONE', #7502 ) ;
#2473 = EDGE_LOOP ( 'NONE', ( #2161, #5381, #4794, #2577 ) ) ;
#2474 = CARTESIAN_POINT ( 'NONE',  ( 18.50000000000000000, 14.00000000000000000, -7.422552296971621111 ) ) ;
#2475 = DIRECTION ( 'NONE',  ( 0.000000000000000000, -2.906723457586479957E-16, 1.000000000000000000 ) ) ;
#2476 = ORIENTED_EDGE ( 'NONE', *, *, #7958, .F. ) ;
#2477 = CYLINDRICAL_SURFACE ( 'NONE', #8453, 12.00000000000000000 ) ;
#2478 = B_SPLINE_CURVE_WITH_KNOTS ( 'NONE', 3,
 ( #6253, #3908, #4725, #7005, #3265, #179, #5541, #8723, #4783, #1689 ),
 .UNSPECIFIED., .F., .F.,
 ( 4, 3, 3, 4 ),
 ( 0.000000000000000000, 8.847495523048072715E-05, 0.0001769499104722859189, 0.0003198678811860520155 ),
 .UNSPECIFIED. ) ;
#2479 = AXIS2_PLACEMENT_3D ( 'NONE', #9885, #1403, #4490 ) ;
#2480 = FACE_OUTER_BOUND ( 'NONE', #1105, .T. ) ;
#2481 = ADVANCED_FACE ( 'NONE', ( #2209 ), #5956, .F. ) ;
#2482 = DIRECTION ( 'NONE',  ( 0.000000000000000000, 0.000000000000000000, -1.000000000000000000 ) ) ;
#2483 = AXIS2_PLACEMENT_3D ( 'NONE', #3240, #7035, #3184 ) ;
#2484 = CARTESIAN_POINT ( 'NONE',  ( -19.34164078633386552, -12.17082039325444320, -5.971999999961432160 ) ) ;
#2485 = VERTEX_POINT ( 'NONE', #2156 ) ;
#2486 = CARTESIAN_POINT ( 'NONE',  ( 15.61999999999999211, 43.50000000000000711, -2.986000000000068155 ) ) ;
#2487 = CARTESIAN_POINT ( 'NONE',  ( 19.71835856189554192, 12.14611393799152417, -6.058960573361867219 ) ) ;
#2488 = ORIENTED_EDGE ( 'NONE', *, *, #8900, .F. ) ;
#2489 = PLANE ( 'NONE',  #6362 ) ;
#2490 = CARTESIAN_POINT ( 'NONE',  ( 19.50000000000001421, 12.16535419343582092, -6.018415383382384576 ) ) ;
#2491 = CARTESIAN_POINT ( 'NONE',  ( 18.94378481804830017, -14.00000000000000000, -7.435617578605340228 ) ) ;
#2492 = ORIENTED_EDGE ( 'NONE', *, *, #9963, .T. ) ;
#2493 = DIRECTION ( 'NONE',  ( -0.000000000000000000, -0.000000000000000000, 1.000000000000000000 ) ) ;
#2494 = AXIS2_PLACEMENT_3D ( 'NONE', #7832, #8748, #6332 ) ;
#2495 = EDGE_CURVE ( 'NONE', #8543, #8091, #5343, .T. ) ;
#2496 = LINE ( 'NONE', #2740, #3468 ) ;
#2497 = AXIS2_PLACEMENT_3D ( 'NONE', #5221, #721, #2945 ) ;
#2498 = B_SPLINE_CURVE_WITH_KNOTS ( 'NONE', 3,
 ( #7072, #292, #5505, #6470, #5609, #2463, #939, #8684, #4030, #193, #992, #9767, #7450, #5131, #4271, #7305, #4942, #2708, #333, #8923, #5035, #431 ),
 .UNSPECIFIED., .F., .F.,
 ( 4, 2, 2, 2, 2, 2, 2, 2, 2, 2, 4 ),
 ( 1.084202172485504434E-18, 0.0005930427419761676857, 0.001186085483952334504, 0.001779128225928501214, 0.002075649596916585328, 0.002372170967904668575, 0.002668692338892751821, 0.002965213709880835068, 0.003558256451857005030, 0.004151299193833180197, 0.004744341935809353629 ),
 .UNSPECIFIED. ) ;
#2499 = DIRECTION ( 'NONE',  ( 0.000000000000000000, 1.000000000000000000, 2.906723457586479957E-16 ) ) ;
#2500 = EDGE_LOOP ( 'NONE', ( #5806, #6667, #5489, #99 ) ) ;
#2501 = AXIS2_PLACEMENT_3D ( 'NONE', #3651, #6746, #9063 ) ;
#2502 = CIRCLE ( 'NONE', #6540, 0.6750000000000002665 ) ;
#2503 = CARTESIAN_POINT ( 'NONE',  ( -18.65578691471628403, -13.21593059599747022, -6.058764859374199396 ) ) ;
#2504 = EDGE_CURVE ( 'NONE', #6512, #1143, #9824, .T. ) ;
#2505 = CARTESIAN_POINT ( 'NONE',  ( -1.719426374886674491, 16.16353958768176824, -3.427256856646615724 ) ) ;
#2506 = DIRECTION ( 'NONE',  ( -1.000000000000000000, 7.153498870007452406E-17, 0.000000000000000000 ) ) ;
#2507 = EDGE_LOOP ( 'NONE', ( #695, #8707, #9141, #6393, #9459, #7727, #8007, #4147, #5183, #9384, #5740, #2090, #5703, #3489, #5658, #6755, #4845, #1037, #4680, #6001, #3338, #5276, #5974, #4242, #9296, #2620, #6764, #2519, #5733, #2230 ) ) ;
#2508 = CARTESIAN_POINT ( 'NONE',  ( 16.74999999999998224, 16.29663350715359726, -4.256078737716749494 ) ) ;
#2509 = CARTESIAN_POINT ( 'NONE',  ( 19.25685152692178903, 12.08758766266686635, -5.937946184585441323 ) ) ;
#2510 = FACE_OUTER_BOUND ( 'NONE', #8724, .T. ) ;
#2511 = AXIS2_PLACEMENT_3D ( 'NONE', #617, #8960, #1421 ) ;
#2512 = ADVANCED_FACE ( 'NONE', ( #6153 ), #8366, .F. ) ;
#2513 = CARTESIAN_POINT ( 'NONE',  ( -20.31263558843980732, 12.85527020375775287, -7.439985468522449352 ) ) ;
#2514 = FACE_OUTER_BOUND ( 'NONE', #2507, .T. ) ;
#2515 = CARTESIAN_POINT ( 'NONE',  ( -1.749999999999995115, 16.50000000000000000, -2.985999999999998877 ) ) ;
#2516 = CARTESIAN_POINT ( 'NONE',  ( 19.25194993923909692, -13.99979867293827063, -7.633605906634421068 ) ) ;
#2517 = ORIENTED_EDGE ( 'NONE', *, *, #336, .T. ) ;
#2518 = EDGE_CURVE ( 'NONE', #8195, #6017, #1442, .T. ) ;
#2519 = ORIENTED_EDGE ( 'NONE', *, *, #4778, .F. ) ;
#2520 = CARTESIAN_POINT ( 'NONE',  ( -23.00000000000000000, -14.49999999999999822, 5.028000000000000469 ) ) ;
#2521 = VERTEX_POINT ( 'NONE', #3764 ) ;
#2522 = SURFACE_STYLE_FILL_AREA ( #6369 ) ;
#2523 = CARTESIAN_POINT ( 'NONE',  ( 18.12833142352074844, -14.00000000000000000, -10.57864330617032955 ) ) ;
#2524 = EDGE_CURVE ( 'NONE', #902, #5504, #2254, .T. ) ;
#2525 = VECTOR ( 'NONE', #4622, 1000.000000000000000 ) ;
#2526 = DIRECTION ( 'NONE',  ( 1.000000000000000000, 0.000000000000000000, 0.000000000000000000 ) ) ;
#2527 =( NAMED_UNIT ( * ) PLANE_ANGLE_UNIT ( ) SI_UNIT ( $, .RADIAN. ) );
#2528 = CARTESIAN_POINT ( 'NONE',  ( -23.00000000000000000, 1.500000000000000000, -9.500000000000000000 ) ) ;
#2529 = ORIENTED_EDGE ( 'NONE', *, *, #5742, .F. ) ;
#2530 = ORIENTED_EDGE ( 'NONE', *, *, #5116, .T. ) ;
#2531 = CARTESIAN_POINT ( 'NONE',  ( 25.50000000000000000, 10.50000000000000000, -0.2062624903444220115 ) ) ;
#2532 = LINE ( 'NONE', #5622, #8212 ) ;
#2533 = COLOUR_RGB ( '',0.7921568627450980005, 0.8196078431372548767, 0.9333333333333333481 ) ;
#2534 = ORIENTED_EDGE ( 'NONE', *, *, #111, .F. ) ;
#2535 = CARTESIAN_POINT ( 'NONE',  ( 19.50000000000000000, -11.50000000000000000, -5.600000000000000533 ) ) ;
#2536 = CARTESIAN_POINT ( 'NONE',  ( -23.00000000000000000, -1.499999999999997113, -5.599999999999999645 ) ) ;
#2537 = CIRCLE ( 'NONE', #5925, 3.000000000000000888 ) ;
#2538 = DIRECTION ( 'NONE',  ( 0.000000000000000000, 2.906723457586479957E-16, -1.000000000000000000 ) ) ;
#2539 = CARTESIAN_POINT ( 'NONE',  ( -20.50000000000000000, 6.500000000000000000, 0.000000000000000000 ) ) ;
#2540 = ORIENTED_EDGE ( 'NONE', *, *, #2711, .F. ) ;
#2541 = CARTESIAN_POINT ( 'NONE',  ( 18.81544902557483923, 12.76932649961636201, -5.972000006895860302 ) ) ;
#2542 = CARTESIAN_POINT ( 'NONE',  ( 20.50052039782358548, 12.00338270520045825, -7.136577356611962131 ) ) ;
#2543 = ORIENTED_EDGE ( 'NONE', *, *, #8388, .T. ) ;
#2544 = FACE_BOUND ( 'NONE', #9015, .T. ) ;
#2545 = ORIENTED_EDGE ( 'NONE', *, *, #7997, .F. ) ;
#2546 = LINE ( 'NONE', #8089, #7475 ) ;
#2547 = CARTESIAN_POINT ( 'NONE',  ( 20.50000000000000000, -5.500000000000000000, -9.500000000000000000 ) ) ;
#2548 = CARTESIAN_POINT ( 'NONE',  ( 18.50000000000000000, -14.00000000000000000, -8.972000000000001307 ) ) ;
#2549 = VERTEX_POINT ( 'NONE', #4631 ) ;
#2550 = CARTESIAN_POINT ( 'NONE',  ( -18.66827161094647636, -12.71374894319950677, -5.941173230967383034 ) ) ;
#2551 = DIRECTION ( 'NONE',  ( 0.000000000000000000, 0.000000000000000000, -1.000000000000000000 ) ) ;
#2552 = CARTESIAN_POINT ( 'NONE',  ( -23.00000000000000000, -11.50000000000000000, 5.028000000000000469 ) ) ;
#2553 = EDGE_LOOP ( 'NONE', ( #1609, #4891, #1851, #1387 ) ) ;
#2554 = LINE ( 'NONE', #3507, #1193 ) ;
#2555 = CARTESIAN_POINT ( 'NONE',  ( 19.49999999071058809, -12.16535434727840581, -6.018415457461522955 ) ) ;
#2556 = AXIS2_PLACEMENT_3D ( 'NONE', #1871, #1007, #5525 ) ;
#2557 = CARTESIAN_POINT ( 'NONE',  ( -19.17405131540336782, 12.09006602960061372, -5.915969770635329361 ) ) ;
#2558 = FACE_BOUND ( 'NONE', #2934, .T. ) ;
#2559 = DIRECTION ( 'NONE',  ( 1.000000000000000000, 0.000000000000000000, 0.000000000000000000 ) ) ;
#2560 = AXIS2_PLACEMENT_3D ( 'NONE', #9837, #3021, #7666 ) ;
#2561 = CARTESIAN_POINT ( 'NONE',  ( 18.00000000000000000, -14.00000000000000000, -7.903216517656234785 ) ) ;
#2562 = ORIENTED_EDGE ( 'NONE', *, *, #3982, .F. ) ;
#2563 = ORIENTED_EDGE ( 'NONE', *, *, #979, .F. ) ;
#2564 = CARTESIAN_POINT ( 'NONE',  ( -20.50000000000000000, 11.97908966651919549, -7.421936684663895889 ) ) ;
#2565 = ORIENTED_EDGE ( 'NONE', *, *, #7154, .F. ) ;
#2566 = CARTESIAN_POINT ( 'NONE',  ( 0.2790914677150472256, 14.76980405114586681, -0.1458054188411915253 ) ) ;
#2567 = AXIS2_PLACEMENT_3D ( 'NONE', #9244, #5308, #2273 ) ;
#2568 = EDGE_CURVE ( 'NONE', #1326, #4826, #3007, .T. ) ;
#2569 = CARTESIAN_POINT ( 'NONE',  ( -19.50000000000000000, -14.00000000000000000, 0.000000000000000000 ) ) ;
#2570 = FACE_OUTER_BOUND ( 'NONE', #7710, .T. ) ;
#2571 = CARTESIAN_POINT ( 'NONE',  ( -18.66535425885899357, 13.00000000936332967, -6.018415453662087522 ) ) ;
#2572 = EDGE_LOOP ( 'NONE', ( #9473, #562, #5529 ) ) ;
#2573 = ORIENTED_EDGE ( 'NONE', *, *, #8129, .F. ) ;
#2574 = CARTESIAN_POINT ( 'NONE',  ( 20.50000000000000000, -5.500000000000000000, 0.000000000000000000 ) ) ;
#2575 = EDGE_CURVE ( 'NONE', #34, #139, #5589, .T. ) ;
#2576 = DIRECTION ( 'NONE',  ( 0.000000000000000000, 0.000000000000000000, 1.000000000000000000 ) ) ;
#2577 = ORIENTED_EDGE ( 'NONE', *, *, #5544, .T. ) ;
#2578 = AXIS2_PLACEMENT_3D ( 'NONE', #559, #7380, #5876 ) ;
#2579 = LINE ( 'NONE', #2623, #2155 ) ;
#2580 = CIRCLE ( 'NONE', #7735, 1.749999999999986011 ) ;
#2581 = CARTESIAN_POINT ( 'NONE',  ( -16.74999999999998579, -16.50000000000000000, -11.00000000000000000 ) ) ;
#2582 = LINE ( 'NONE', #1615, #9464 ) ;
#2583 = PLANE ( 'NONE',  #2248 ) ;
#2584 = VERTEX_POINT ( 'NONE', #9977 ) ;
#2585 = CARTESIAN_POINT ( 'NONE',  ( -19.50000000000000000, -9.500000000000000000, 0.5547195746538060579 ) ) ;
#2586 = ADVANCED_FACE ( 'NONE', ( #6759 ), #3717, .F. ) ;
#2587 = CARTESIAN_POINT ( 'NONE',  ( 19.71714534352806325, 12.15094738027345045, -6.058862777999585170 ) ) ;
#2588 = ORIENTED_EDGE ( 'NONE', *, *, #3808, .T. ) ;
#2589 = CARTESIAN_POINT ( 'NONE',  ( -23.00000000000000000, -11.50000000000000000, 1.500000000000000000 ) ) ;
#2590 = EDGE_CURVE ( 'NONE', #5192, #6468, #9226, .T. ) ;
#2591 = EDGE_LOOP ( 'NONE', ( #8381, #1276, #4894, #3607, #9401, #6038, #8369, #4981 ) ) ;
#2592 = CARTESIAN_POINT ( 'NONE',  ( 25.50000000000000000, -5.500000000000000000, 2.943364503850800062 ) ) ;
#2593 = EDGE_CURVE ( 'NONE', #2769, #4056, #6004, .T. ) ;
#2594 = ADVANCED_FACE ( 'NONE', ( #779 ), #3866, .T. ) ;
#2595 = AXIS2_PLACEMENT_3D ( 'NONE', #9668, #6650, #2802 ) ;
#2596 = CARTESIAN_POINT ( 'NONE',  ( -20.50000000000000000, 2.500000000000000000, -9.500000000000001776 ) ) ;
#2597 = ORIENTED_EDGE ( 'NONE', *, *, #1662, .F. ) ;
#2598 = CARTESIAN_POINT ( 'NONE',  ( 19.24370777992293569, -12.17349950195820618, -5.949249863340306810 ) ) ;
#2599 = CARTESIAN_POINT ( 'NONE',  ( -20.50000000000000000, -12.00000000000000000, -7.422552296971640651 ) ) ;
#2600 = CARTESIAN_POINT ( 'NONE',  ( 14.96512797274461093, 14.74770755150910873, -1.413901202826817638 ) ) ;
#2601 = LINE ( 'NONE', #9609, #9027 ) ;
#2602 = ORIENTED_EDGE ( 'NONE', *, *, #2280, .F. ) ;
#2603 = FACE_OUTER_BOUND ( 'NONE', #4366, .T. ) ;
#2604 = DIRECTION ( 'NONE',  ( 1.000000000000000000, -0.000000000000000000, -0.000000000000000000 ) ) ;
#2605 = CIRCLE ( 'NONE', #184, 12.00000000000000000 ) ;
#2606 = CARTESIAN_POINT ( 'NONE',  ( -18.00000000000000000, -14.00000000000000000, -8.179259166994908625 ) ) ;
#2607 = ADVANCED_FACE ( 'NONE', ( #2514 ), #4790, .T. ) ;
#2608 = VECTOR ( 'NONE', #9683, 1000.000000000000000 ) ;
#2609 = FACE_BOUND ( 'NONE', #6448, .T. ) ;
#2610 = CARTESIAN_POINT ( 'NONE',  ( -2.146049661002233873E-16, -13.50000000000000355, -1.485999999999999543 ) ) ;
#2611 = CARTESIAN_POINT ( 'NONE',  ( 18.61642481184586728, -13.99931011926846658, -8.550084002187297472 ) ) ;
#2612 = ORIENTED_EDGE ( 'NONE', *, *, #4296, .T. ) ;
#2613 = ORIENTED_EDGE ( 'NONE', *, *, #6623, .F. ) ;
#2614 = CARTESIAN_POINT ( 'NONE',  ( -20.50000000000000000, 12.00000000000000000, -7.422552296971640651 ) ) ;
#2615 = ORIENTED_EDGE ( 'NONE', *, *, #5260, .T. ) ;
#2616 = DIRECTION ( 'NONE',  ( 0.000000000000000000, -1.000000000000000000, 0.000000000000000000 ) ) ;
#2617 = DIRECTION ( 'NONE',  ( 0.000000000000000000, -1.000000000000000000, 0.000000000000000000 ) ) ;
#2618 = CARTESIAN_POINT ( 'NONE',  ( -13.50000000000001421, 16.50000000000000000, -11.00000000000000000 ) ) ;
#2619 = CARTESIAN_POINT ( 'NONE',  ( 18.27211879737590650, -11.95810755761349853, -5.603635394360743760 ) ) ;
#2620 = ORIENTED_EDGE ( 'NONE', *, *, #5864, .T. ) ;
#2621 = CARTESIAN_POINT ( 'NONE',  ( -18.74999999999998224, 18.75000000000001776, 5.028000000000000469 ) ) ;
#2622 = ORIENTED_EDGE ( 'NONE', *, *, #8039, .T. ) ;
#2623 = CARTESIAN_POINT ( 'NONE',  ( 20.55346307255046767, -11.00000000000000000, -5.599999999999999645 ) ) ;
#2624 = EDGE_CURVE ( 'NONE', #4965, #5020, #7377, .T. ) ;
#2625 = DIRECTION ( 'NONE',  ( -0.000000000000000000, 0.000000000000000000, 1.000000000000000000 ) ) ;
#2626 = EDGE_CURVE ( 'NONE', #1544, #3266, #7867, .T. ) ;
#2627 = CARTESIAN_POINT ( 'NONE',  ( 15.15467161202735902, -14.74539298230592443, -1.338906200054852835 ) ) ;
#2628 = DIRECTION ( 'NONE',  ( 0.000000000000000000, 0.000000000000000000, 1.000000000000000000 ) ) ;
#2629 = EDGE_LOOP ( 'NONE', ( #1197, #1893, #1557, #9045, #8150, #1131 ) ) ;
#2630 = LINE ( 'NONE', #8085, #8921 ) ;
#2631 = VECTOR ( 'NONE', #7193, 1000.000000000000000 ) ;
#2632 = CARTESIAN_POINT ( 'NONE',  ( 18.65574298067404868, 13.21594162366339198, -6.058765748294622888 ) ) ;
#2633 = VERTEX_POINT ( 'NONE', #1592 ) ;
#2634 = CARTESIAN_POINT ( 'NONE',  ( -13.11999999999999922, 33.50000000000000000, -2.986000000000068155 ) ) ;
#2635 = CARTESIAN_POINT ( 'NONE',  ( 20.50000000000000000, -14.00000000000000711, 5.028000000000000469 ) ) ;
#2636 = EDGE_CURVE ( 'NONE', #749, #4078, #1034, .T. ) ;
#2637 = AXIS2_PLACEMENT_3D ( 'NONE', #2832, #5206, #5923 ) ;
#2638 = DIRECTION ( 'NONE',  ( -1.000000000000000000, 0.000000000000000000, -0.000000000000000000 ) ) ;
#2639 = VERTEX_POINT ( 'NONE', #7919 ) ;
#2640 = CARTESIAN_POINT ( 'NONE',  ( 20.50000000000000000, -11.97647433666421080, -7.622324726599565281 ) ) ;
#2641 = CARTESIAN_POINT ( 'NONE',  ( -19.99523625630903823, -13.63781670833547288, -7.475981717212394351 ) ) ;
#2642 = CARTESIAN_POINT ( 'NONE',  ( 16.30019700092586632, 15.32466295337921736, -1.426535187260132620 ) ) ;
#2643 = CIRCLE ( 'NONE', #9098, 1.749999999999984235 ) ;
#2644 = ADVANCED_FACE ( 'NONE', ( #5656 ), #9429, .T. ) ;
#2645 = VECTOR ( 'NONE', #6507, 1000.000000000000000 ) ;
#2646 = CARTESIAN_POINT ( 'NONE',  ( 18.68420795848550142, -12.35047223670543204, -5.856885933326419824 ) ) ;
#2647 = EDGE_CURVE ( 'NONE', #3732, #341, #7167, .T. ) ;
#2648 = ORIENTED_EDGE ( 'NONE', *, *, #8625, .T. ) ;
#2649 = DIRECTION ( 'NONE',  ( 0.000000000000000000, 2.906723457586479957E-16, -1.000000000000000000 ) ) ;
#2650 = CARTESIAN_POINT ( 'NONE',  ( -23.00000000000000000, -9.500000000000000000, 0.5547195746538090555 ) ) ;
#2651 = VECTOR ( 'NONE', #2404, 1000.000000000000000 ) ;
#2652 = VECTOR ( 'NONE', #8159, 1000.000000000000000 ) ;
#2653 = DIRECTION ( 'NONE',  ( -7.153498870007452406E-17, -1.000000000000000000, -0.000000000000000000 ) ) ;
#2654 = ORIENTED_EDGE ( 'NONE', *, *, #9858, .F. ) ;
#2655 = LINE ( 'NONE', #5030, #6150 ) ;
#2656 = DIRECTION ( 'NONE',  ( -0.000000000000000000, -0.000000000000000000, 1.000000000000000000 ) ) ;
#2657 = PLANE ( 'NONE',  #9939 ) ;
#2658 = ORIENTED_EDGE ( 'NONE', *, *, #3019, .F. ) ;
#2659 = ORIENTED_EDGE ( 'NONE', *, *, #915, .T. ) ;
#2660 = DIRECTION ( 'NONE',  ( 0.000000000000000000, -2.906723457586479957E-16, 1.000000000000000000 ) ) ;
#2661 = EDGE_LOOP ( 'NONE', ( #6881, #9359 ) ) ;
#2662 = FACE_OUTER_BOUND ( 'NONE', #9129, .T. ) ;
#2663 = AXIS2_PLACEMENT_3D ( 'NONE', #6741, #9104, #5267 ) ;
#2664 = DIRECTION ( 'NONE',  ( 1.000000000000000000, 0.000000000000000000, 0.000000000000000000 ) ) ;
#2665 = CARTESIAN_POINT ( 'NONE',  ( 20.50000000000000000, -14.00000000000000533, 0.000000000000000000 ) ) ;
#2666 = CARTESIAN_POINT ( 'NONE',  ( 19.50000922647105384, -11.87404863312534964, -5.987935503898992984 ) ) ;
#2667 = VECTOR ( 'NONE', #2879, 1000.000000000000000 ) ;
#2668 = DIRECTION ( 'NONE',  ( 0.000000000000000000, 0.000000000000000000, -1.000000000000000000 ) ) ;
#2669 = ORIENTED_EDGE ( 'NONE', *, *, #5794, .F. ) ;
#2670 = ADVANCED_FACE ( 'NONE', ( #1698 ), #2409, .F. ) ;
#2671 = CARTESIAN_POINT ( 'NONE',  ( 18.53360788385095503, -13.99999999984863130, -7.137163103418806109 ) ) ;
#2672 = DIRECTION ( 'NONE',  ( 0.000000000000000000, -2.906723457586479957E-16, 1.000000000000000000 ) ) ;
#2673 = ORIENTED_EDGE ( 'NONE', *, *, #8595, .F. ) ;
#2674 = CARTESIAN_POINT ( 'NONE',  ( -3.270000000000000018, 33.50000000000000000, -2.985999999999998877 ) ) ;
#2675 = CARTESIAN_POINT ( 'NONE',  ( 20.49963207873873117, -11.94439029788908790, -7.621165156914857519 ) ) ;
#2676 = CIRCLE ( 'NONE', #6410, 1.699999999999999512 ) ;
#2677 = CARTESIAN_POINT ( 'NONE',  ( 1.249999999999996447, 33.50000000000000000, -2.985999999999998877 ) ) ;
#2678 = CARTESIAN_POINT ( 'NONE',  ( 18.67082017598600885, 12.84164089441581780, -5.971999999831375305 ) ) ;
#2679 = AXIS2_PLACEMENT_3D ( 'NONE', #2870, #598, #3776 ) ;
#2680 = CARTESIAN_POINT ( 'NONE',  ( -18.45576595034880185, 12.93372884847518378, -5.972417765894143749 ) ) ;
#2681 = VERTEX_POINT ( 'NONE', #933 ) ;
#2682 = FACE_BOUND ( 'NONE', #3015, .T. ) ;
#2683 = DIRECTION ( 'NONE',  ( 1.000000000000000000, 0.000000000000000000, 0.000000000000000000 ) ) ;
#2684 = VERTEX_POINT ( 'NONE', #7068 ) ;
#2685 = DIRECTION ( 'NONE',  ( -1.000000000000000000, 0.000000000000000000, 0.000000000000000000 ) ) ;
#2686 = DIRECTION ( 'NONE',  ( 5.782411586589356653E-16, 1.184965211890880193E-16, 1.000000000000000000 ) ) ;
#2687 = VECTOR ( 'NONE', #5996, 1000.000000000000000 ) ;
#2688 = EDGE_CURVE ( 'NONE', #5816, #1292, #188, .T. ) ;
#2689 = CARTESIAN_POINT ( 'NONE',  ( -20.50000000000000000, 10.50000000000000178, -9.500000000000000000 ) ) ;
#2690 = CARTESIAN_POINT ( 'NONE',  ( -19.05706808616806924, 14.00038348011751488, -7.158367328323374856 ) ) ;
#2691 = VERTEX_POINT ( 'NONE', #3271 ) ;
#2692 = CARTESIAN_POINT ( 'NONE',  ( 19.36285519119758902, -11.87403198244529889, -5.943454386947689017 ) ) ;
#2693 = CIRCLE ( 'NONE', #7220, 12.00000000000000000 ) ;
#2694 = CARTESIAN_POINT ( 'NONE',  ( -19.99713482852340718, -13.64161011214880759, -7.666163931760125116 ) ) ;
#2695 = CARTESIAN_POINT ( 'NONE',  ( 20.50000000000000000, 10.00000000000000000, 3.527999999999975156 ) ) ;
#2696 = EDGE_CURVE ( 'NONE', #3752, #1595, #169, .T. ) ;
#2697 = CARTESIAN_POINT ( 'NONE',  ( 18.84722017905702174, -12.18434603288116769, -5.857144582201159189 ) ) ;
#2698 = LINE ( 'NONE', #5789, #7671 ) ;
#2699 = VERTEX_POINT ( 'NONE', #2356 ) ;
#2700 = DIRECTION ( 'NONE',  ( -0.000000000000000000, 1.000000000000000000, -0.000000000000000000 ) ) ;
#2701 = CARTESIAN_POINT ( 'NONE',  ( 18.44400410142893065, 14.00000000000000178, -7.416052473869639172 ) ) ;
#2702 = CYLINDRICAL_SURFACE ( 'NONE', #4587, 0.6750000000000002665 ) ;
#2703 = ORIENTED_EDGE ( 'NONE', *, *, #7834, .T. ) ;
#2704 = DIRECTION ( 'NONE',  ( 1.000000000000000000, -0.000000000000000000, -0.000000000000000000 ) ) ;
#2705 = CARTESIAN_POINT ( 'NONE',  ( 18.82761887750473306, -13.99839341004738102, -8.842774392735201161 ) ) ;
#2706 = ORIENTED_EDGE ( 'NONE', *, *, #3096, .T. ) ;
#2707 = ORIENTED_EDGE ( 'NONE', *, *, #8022, .F. ) ;
#2708 = CARTESIAN_POINT ( 'NONE',  ( 1.482966913019269972, 15.54995985905248723, -5.979554550667306678 ) ) ;
#2709 = ORIENTED_EDGE ( 'NONE', *, *, #9258, .T. ) ;
#2710 = LINE ( 'NONE', #244, #7023 ) ;
#2711 = EDGE_CURVE ( 'NONE', #1081, #870, #3163, .T. ) ;
#2712 = EDGE_CURVE ( 'NONE', #4381, #8801, #5605, .T. ) ;
#2713 = CIRCLE ( 'NONE', #6597, 12.00000000000000000 ) ;
#2714 = DIRECTION ( 'NONE',  ( 0.000000000000000000, 0.000000000000000000, -1.000000000000000000 ) ) ;
#2715 = LINE ( 'NONE', #8881, #1269 ) ;
#2716 = DIRECTION ( 'NONE',  ( 0.000000000000000000, 2.906723457586479957E-16, -1.000000000000000000 ) ) ;
#2717 = ORIENTED_EDGE ( 'NONE', *, *, #5038, .T. ) ;
#2718 = DIRECTION ( 'NONE',  ( 0.000000000000000000, 1.000000000000000000, -0.000000000000000000 ) ) ;
#2719 = LINE ( 'NONE', #3576, #7040 ) ;
#2720 = EDGE_LOOP ( 'NONE', ( #7239, #6737, #4440, #1925 ) ) ;
#2721 = CARTESIAN_POINT ( 'NONE',  ( 20.50000000000000000, -11.91883646149152831, -8.111767179187976851 ) ) ;
#2722 = CARTESIAN_POINT ( 'NONE',  ( -3.945000000000001616, 13.99999999999999822, -2.985999999999998877 ) ) ;
#2723 = AXIS2_PLACEMENT_3D ( 'NONE', #5157, #2023, #8277 ) ;
#2724 = EDGE_CURVE ( 'NONE', #2433, #5408, #8573, .T. ) ;
#2725 = PLANE ( 'NONE',  #7516 ) ;
#2726 = AXIS2_PLACEMENT_3D ( 'NONE', #5190, #9727, #2010 ) ;
#2727 = CARTESIAN_POINT ( 'NONE',  ( -1.552098685091946706, 15.67152291968382194, -1.889413364958805852 ) ) ;
#2728 = ORIENTED_EDGE ( 'NONE', *, *, #1818, .F. ) ;
#2729 = VECTOR ( 'NONE', #3344, 1000.000000000000000 ) ;
#2730 = DIRECTION ( 'NONE',  ( -0.000000000000000000, -0.000000000000000000, -1.000000000000000000 ) ) ;
#2731 = CARTESIAN_POINT ( 'NONE',  ( 20.00257222646312627, 13.63932163859931990, -7.657096424860840855 ) ) ;
#2732 = ORIENTED_EDGE ( 'NONE', *, *, #7114, .F. ) ;
#2733 = LINE ( 'NONE', #1060, #7796 ) ;
#2734 = CARTESIAN_POINT ( 'NONE',  ( 0.000000000000000000, 16.50000000000000000, -1.485999999999999543 ) ) ;
#2735 = CARTESIAN_POINT ( 'NONE',  ( -13.78296194787190920, -15.24211441736417783, -2.841134700541680491 ) ) ;
#2736 = CARTESIAN_POINT ( 'NONE',  ( -19.22127302526367387, 12.56641447049300808, -5.971999999999999531 ) ) ;
#2737 = VERTEX_POINT ( 'NONE', #9480 ) ;
#2738 = CARTESIAN_POINT ( 'NONE',  ( 19.38521253042749848, -12.08367690539470019, -5.971999999999999531 ) ) ;
#2739 = CARTESIAN_POINT ( 'NONE',  ( -18.53360809047959989, -14.00000000000000000, -7.137163111788890291 ) ) ;
#2740 = CARTESIAN_POINT ( 'NONE',  ( -23.00000000000000000, 16.50000000000000000, -9.500000000000000000 ) ) ;
#2741 = CARTESIAN_POINT ( 'NONE',  ( 18.68036436689340363, -12.45068695914551604, -5.880240913353929955 ) ) ;
#2742 = ORIENTED_EDGE ( 'NONE', *, *, #5903, .F. ) ;
#2743 = CARTESIAN_POINT ( 'NONE',  ( -19.50000000000000355, -12.16535439362619364, -6.018415525445186098 ) ) ;
#2744 = EDGE_CURVE ( 'NONE', #7566, #938, #9830, .T. ) ;
#2745 = CARTESIAN_POINT ( 'NONE',  ( 19.34164078577286716, 12.17082039326978915, -5.971999999831108852 ) ) ;
#2746 = AXIS2_PLACEMENT_3D ( 'NONE', #7258, #8013, #6508 ) ;
#2747 = ADVANCED_FACE ( 'NONE', ( #987 ), #9378, .F. ) ;
#2748 = CARTESIAN_POINT ( 'NONE',  ( -20.50000000000000000, -6.038926451653769130E-15, -7.721999999999999531 ) ) ;
#2749 = VERTEX_POINT ( 'NONE', #2457 ) ;
#2750 = CARTESIAN_POINT ( 'NONE',  ( 18.00000000000000711, -13.18433803833835505, -6.037173338469838058 ) ) ;
#2751 = PLANE ( 'NONE',  #9975 ) ;
#2752 = CARTESIAN_POINT ( 'NONE',  ( -19.42719291581013863, 11.96413497638716272, -5.972006006249262811 ) ) ;
#2753 = CARTESIAN_POINT ( 'NONE',  ( 11.67999999999998906, -16.50000000000000000, -2.986000000000040178 ) ) ;
#2754 = ORIENTED_EDGE ( 'NONE', *, *, #6809, .T. ) ;
#2755 = ORIENTED_EDGE ( 'NONE', *, *, #6361, .F. ) ;
#2756 = DIRECTION ( 'NONE',  ( 0.000000000000000000, 2.906723457586479957E-16, -1.000000000000000000 ) ) ;
#2757 = VERTEX_POINT ( 'NONE', #7964 ) ;
#2758 = AXIS2_PLACEMENT_3D ( 'NONE', #4051, #6130, #5369 ) ;
#2759 = CARTESIAN_POINT ( 'NONE',  ( -19.50000000000000000, 11.50000000000000000, 1.500000000000000000 ) ) ;
#2760 = EDGE_CURVE ( 'NONE', #7507, #5253, #6203, .T. ) ;
#2761 = EDGE_CURVE ( 'NONE', #4570, #4711, #9531, .T. ) ;
#2762 = EDGE_CURVE ( 'NONE', #6390, #1223, #4218, .T. ) ;
#2763 = CYLINDRICAL_SURFACE ( 'NONE', #1075, 12.00000000000000000 ) ;
#2764 = PLANE ( 'NONE',  #3863 ) ;
#2765 = DIRECTION ( 'NONE',  ( 0.000000000000000000, 0.000000000000000000, 1.000000000000000000 ) ) ;
#2766 = ORIENTED_EDGE ( 'NONE', *, *, #481, .T. ) ;
#2767 = CARTESIAN_POINT ( 'NONE',  ( 1.665334536937730077E-15, 16.50000000000000000, -11.00000000000000000 ) ) ;
#2768 = CARTESIAN_POINT ( 'NONE',  ( -19.04938652699252444, 12.17767794200660170, -5.903671998169715884 ) ) ;
#2769 = VERTEX_POINT ( 'NONE', #4123 ) ;
#2770 = CARTESIAN_POINT ( 'NONE',  ( 20.49854721066976992, -11.83716568778559441, -8.604256409698548325 ) ) ;
#2771 = EDGE_CURVE ( 'NONE', #1124, #7216, #7267, .T. ) ;
#2772 = ORIENTED_EDGE ( 'NONE', *, *, #1333, .T. ) ;
#2773 = ADVANCED_FACE ( 'NONE', ( #1220 ), #329, .F. ) ;
#2774 = CARTESIAN_POINT ( 'NONE',  ( -18.65244063402214891, 13.30865967654692916, -6.128075053208222656 ) ) ;
#2775 = EDGE_CURVE ( 'NONE', #8539, #5337, #2910, .T. ) ;
#2776 = CARTESIAN_POINT ( 'NONE',  ( 11.67999999999999261, 33.50000000000000000, -2.986000000000040178 ) ) ;
#2777 = CARTESIAN_POINT ( 'NONE',  ( 6.444999999999992291, 16.50000000000000000, -2.985999999999998877 ) ) ;
#2778 = VERTEX_POINT ( 'NONE', #4312 ) ;
#2779 = CARTESIAN_POINT ( 'NONE',  ( -20.55346307255046767, -10.50000000000000178, -5.599999999999999645 ) ) ;
#2780 = CARTESIAN_POINT ( 'NONE',  ( 18.48823716833161157, 14.00000000000000000, -7.522438511785580317 ) ) ;
#2781 = ORIENTED_EDGE ( 'NONE', *, *, #5006, .F. ) ;
#2782 = CARTESIAN_POINT ( 'NONE',  ( 0.000000000000000000, 0.000000000000000000, -9.500000000000000000 ) ) ;
#2783 = EDGE_CURVE ( 'NONE', #9872, #8540, #5797, .T. ) ;
#2784 = DIRECTION ( 'NONE',  ( -0.000000000000000000, 1.000000000000000000, -0.000000000000000000 ) ) ;
#2785 = CARTESIAN_POINT ( 'NONE',  ( -20.49999704435108683, 11.83488732108754249, -7.429133608840991165 ) ) ;
#2786 = VECTOR ( 'NONE', #6379, 1000.000000000000000 ) ;
#2787 = DIRECTION ( 'NONE',  ( 5.782411586589356653E-16, 1.184965211890880193E-16, 1.000000000000000000 ) ) ;
#2788 = CARTESIAN_POINT ( 'NONE',  ( -18.33384946740449806, 14.00000000000000000, -7.402986025989269692 ) ) ;
#2789 = ORIENTED_EDGE ( 'NONE', *, *, #8900, .T. ) ;
#2790 = DIRECTION ( 'NONE',  ( 1.000000000000000000, 1.992221491941909864E-18, -4.579663590744439848E-16 ) ) ;
#2791 = CARTESIAN_POINT ( 'NONE',  ( -18.45470043022822892, -13.99978605558121991, -7.538977351194731114 ) ) ;
#2792 = CARTESIAN_POINT ( 'NONE',  ( 16.08510733129401160, 15.12348720110561651, -1.349003646851718807 ) ) ;
#2793 = EDGE_CURVE ( 'NONE', #4269, #917, #2655, .T. ) ;
#2794 = CARTESIAN_POINT ( 'NONE',  ( 18.67768924733809044, -12.54937172417730018, -5.903672741701179838 ) ) ;
#2795 = ORIENTED_EDGE ( 'NONE', *, *, #8129, .T. ) ;
#2796 = LINE ( 'NONE', #7587, #6057 ) ;
#2797 = LINE ( 'NONE', #618, #5883 ) ;
#2798 = AXIS2_PLACEMENT_3D ( 'NONE', #1810, #3336, #8919 ) ;
#2799 = DIRECTION ( 'NONE',  ( 0.000000000000000000, -0.000000000000000000, 1.000000000000000000 ) ) ;
#2800 = EDGE_CURVE ( 'NONE', #7766, #2549, #3518, .T. ) ;
#2801 = ORIENTED_EDGE ( 'NONE', *, *, #7965, .F. ) ;
#2802 = DIRECTION ( 'NONE',  ( 0.000000000000000000, 2.906723457586479957E-16, -1.000000000000000000 ) ) ;
#2803 = VECTOR ( 'NONE', #750, 1000.000000000000000 ) ;
#2804 = CARTESIAN_POINT ( 'NONE',  ( -19.50000000000000000, 11.50000000000000000, 1.500000000000000000 ) ) ;
#2805 = DIRECTION ( 'NONE',  ( 0.000000000000000000, -2.906723457586479957E-16, 1.000000000000000000 ) ) ;
#2806 = LINE ( 'NONE', #6559, #5444 ) ;
#2807 = VERTEX_POINT ( 'NONE', #9619 ) ;
#2808 = EDGE_LOOP ( 'NONE', ( #7775, #7173 ) ) ;
#2809 = ORIENTED_EDGE ( 'NONE', *, *, #1736, .T. ) ;
#2810 = LINE ( 'NONE', #631, #557 ) ;
#2811 = EDGE_CURVE ( 'NONE', #3384, #6487, #8821, .T. ) ;
#2812 = EDGE_CURVE ( 'NONE', #3499, #8183, #1899, .T. ) ;
#2813 = DIRECTION ( 'NONE',  ( 0.000000000000000000, 0.000000000000000000, 1.000000000000000000 ) ) ;
#2814 = CARTESIAN_POINT ( 'NONE',  ( -20.02273368724970481, -11.91619888106710157, -6.305154355302737379 ) ) ;
#2815 = CARTESIAN_POINT ( 'NONE',  ( 18.70288932448855590, -11.66938269777362613, -5.699680864183444662 ) ) ;
#2816 = ORIENTED_EDGE ( 'NONE', *, *, #8120, .T. ) ;
#2817 = CIRCLE ( 'NONE', #3307, 0.6750000000000011546 ) ;
#2818 = DIRECTION ( 'NONE',  ( -1.000000000000000000, 0.000000000000000000, 0.000000000000000000 ) ) ;
#2819 = ORIENTED_EDGE ( 'NONE', *, *, #2696, .F. ) ;
#2820 = CARTESIAN_POINT ( 'NONE',  ( -20.49958663047332408, -12.47978080139903589, -7.826458304130356147 ) ) ;
#2821 = CARTESIAN_POINT ( 'NONE',  ( 20.01536407698495168, -13.66375598173785022, -8.881596569570087141 ) ) ;
#2822 = EDGE_CURVE ( 'NONE', #9311, #5816, #4982, .T. ) ;
#2823 = ORIENTED_EDGE ( 'NONE', *, *, #7947, .T. ) ;
#2824 = CARTESIAN_POINT ( 'NONE',  ( 19.50000000000000000, -11.50000000000000000, -5.600000000000000533 ) ) ;
#2825 = CIRCLE ( 'NONE', #9753, 0.6750000000000020428 ) ;
#2826 = CARTESIAN_POINT ( 'NONE',  ( 20.55346307255046767, -11.00000000000000000, -5.599999999999999645 ) ) ;
#2827 = CARTESIAN_POINT ( 'NONE',  ( 17.31999999999999318, 43.50000000000000711, -2.986000000000068155 ) ) ;
#2828 = ORIENTED_EDGE ( 'NONE', *, *, #7207, .F. ) ;
#2829 = CARTESIAN_POINT ( 'NONE',  ( -20.50000000000000000, 14.00000000000000355, 0.000000000000000000 ) ) ;
#2830 = CARTESIAN_POINT ( 'NONE',  ( 18.45513095023957462, 13.99975524634825952, -7.621553341673847903 ) ) ;
#2831 = EDGE_LOOP ( 'NONE', ( #6561, #993, #167, #7276 ) ) ;
#2832 = CARTESIAN_POINT ( 'NONE',  ( 25.50000000000000000, -10.00000000000000000, 2.277999999999982705 ) ) ;
#2833 = CARTESIAN_POINT ( 'NONE',  ( -1.749999999999996891, -16.40273477443840733, -2.858649830247269374 ) ) ;
#2834 = ADVANCED_FACE ( 'NONE', ( #1170 ), #471, .F. ) ;
#2835 = CARTESIAN_POINT ( 'NONE',  ( -19.71471890679299932, 12.16061426483730123, -6.058667187275020183 ) ) ;
#2836 = LINE ( 'NONE', #9000, #8713 ) ;
#2837 = CARTESIAN_POINT ( 'NONE',  ( -19.49837449062787087, 12.05307386571928951, -5.973860905732045978 ) ) ;
#2838 = ORIENTED_EDGE ( 'NONE', *, *, #8867, .F. ) ;
#2839 = DIRECTION ( 'NONE',  ( 1.000000000000000000, -5.426742037195429582E-32, -4.579663590744439848E-16 ) ) ;
#2840 = CARTESIAN_POINT ( 'NONE',  ( -18.33836720884434612, -14.00000000000000000, -8.795086407314240518 ) ) ;
#2841 = CARTESIAN_POINT ( 'NONE',  ( 18.53360809047920199, -14.00000000000000000, -7.137163111788879633 ) ) ;
#2842 = CIRCLE ( 'NONE', #6078, 1.699999999999999289 ) ;
#2843 = ORIENTED_EDGE ( 'NONE', *, *, #7645, .F. ) ;
#2844 = DIRECTION ( 'NONE',  ( 0.000000000000000000, 0.000000000000000000, -1.000000000000000000 ) ) ;
#2845 = DIRECTION ( 'NONE',  ( 1.000000000000000000, 0.000000000000000000, 0.000000000000000000 ) ) ;
#2846 = VECTOR ( 'NONE', #3047, 1000.000000000000000 ) ;
#2847 = CARTESIAN_POINT ( 'NONE',  ( 1.749999999999987566, -16.50000000000000000, -11.00000000000000178 ) ) ;
#2848 = ORIENTED_EDGE ( 'NONE', *, *, #6283, .F. ) ;
#2849 = FACE_OUTER_BOUND ( 'NONE', #7449, .T. ) ;
#2850 = CARTESIAN_POINT ( 'NONE',  ( -20.55346307255046767, -5.499999999999997335, -7.500000000000000000 ) ) ;
#2851 = CARTESIAN_POINT ( 'NONE',  ( -13.50000000000001243, 16.50000000000000000, -3.543875434124921231 ) ) ;
#2852 = ORIENTED_EDGE ( 'NONE', *, *, #7410, .F. ) ;
#2853 = LINE ( 'NONE', #8308, #6285 ) ;
#2854 = DIRECTION ( 'NONE',  ( 0.000000000000000000, 0.000000000000000000, -1.000000000000000000 ) ) ;
#2855 = ORIENTED_EDGE ( 'NONE', *, *, #6489, .T. ) ;
#2856 = DIRECTION ( 'NONE',  ( 0.000000000000000000, 1.000000000000000000, 0.000000000000000000 ) ) ;
#2857 = VECTOR ( 'NONE', #6613, 1000.000000000000000 ) ;
#2858 = DIRECTION ( 'NONE',  ( 0.000000000000000000, 0.000000000000000000, 1.000000000000000000 ) ) ;
#2859 = CARTESIAN_POINT ( 'NONE',  ( 18.25064598850180175, -13.00000000000000000, -5.971999999999999531 ) ) ;
#2860 = ORIENTED_EDGE ( 'NONE', *, *, #3664, .T. ) ;
#2861 = DIRECTION ( 'NONE',  ( -0.000000000000000000, 1.000000000000000000, 0.000000000000000000 ) ) ;
#2862 = PLANE ( 'NONE',  #3328 ) ;
#2863 = EDGE_LOOP ( 'NONE', ( #5623, #9330, #5244, #6850 ) ) ;
#2864 = CARTESIAN_POINT ( 'NONE',  ( -20.50000000000000000, -11.91876660710929947, -7.412986064752649540 ) ) ;
#2865 = CARTESIAN_POINT ( 'NONE',  ( 20.49842738643395279, -11.86526130932907819, -8.274518466609311673 ) ) ;
#2866 = ORIENTED_EDGE ( 'NONE', *, *, #4836, .T. ) ;
#2867 = DIRECTION ( 'NONE',  ( -0.000000000000000000, -0.000000000000000000, -1.000000000000000000 ) ) ;
#2868 = EDGE_CURVE ( 'NONE', #9756, #2963, #1077, .T. ) ;
#2869 = VECTOR ( 'NONE', #252, 1000.000000000000000 ) ;
#2870 = CARTESIAN_POINT ( 'NONE',  ( -23.00000000000000000, -1.500000000000000000, 4.183880899790690222 ) ) ;
#2871 = ADVANCED_FACE ( 'NONE', ( #3367 ), #8869, .F. ) ;
#2872 = LINE ( 'NONE', #2827, #4011 ) ;
#2873 = ORIENTED_EDGE ( 'NONE', *, *, #2140, .F. ) ;
#2874 = ORIENTED_EDGE ( 'NONE', *, *, #1955, .F. ) ;
#2875 = CARTESIAN_POINT ( 'NONE',  ( -15.00000000000000000, 16.50000000000000000, 5.028000000000000469 ) ) ;
#2876 = DIRECTION ( 'NONE',  ( 0.000000000000000000, -2.906723457586479957E-16, 1.000000000000000000 ) ) ;
#2877 = VERTEX_POINT ( 'NONE', #4170 ) ;
#2878 = CARTESIAN_POINT ( 'NONE',  ( -20.50000000000000000, 10.00000000000000000, 2.278000000000003133 ) ) ;
#2879 = DIRECTION ( 'NONE',  ( 0.000000000000000000, 0.000000000000000000, -1.000000000000000000 ) ) ;
#2880 = PLANE ( 'NONE',  #5406 ) ;
#2881 = AXIS2_PLACEMENT_3D ( 'NONE', #3615, #8214, #2813 ) ;
#2882 = EDGE_CURVE ( 'NONE', #378, #4417, #8341, .T. ) ;
#2883 = CARTESIAN_POINT ( 'NONE',  ( -19.50000000000000355, -12.16535439362619364, -6.018415525445186098 ) ) ;
#2884 = CARTESIAN_POINT ( 'NONE',  ( -19.49411819922952560, 12.90591553061053531, -5.969636945102161363 ) ) ;
#2885 = ORIENTED_EDGE ( 'NONE', *, *, #3029, .T. ) ;
#2886 = FACE_OUTER_BOUND ( 'NONE', #969, .T. ) ;
#2887 = EDGE_CURVE ( 'NONE', #4165, #5292, #265, .T. ) ;
#2888 = CARTESIAN_POINT ( 'NONE',  ( -18.41883646149177522, -14.00000000000000000, -8.111767179187946653 ) ) ;
#2889 = CARTESIAN_POINT ( 'NONE',  ( -13.12000000000000277, -13.99999999999999822, -2.986000000000068155 ) ) ;
#2890 = CARTESIAN_POINT ( 'NONE',  ( 19.71716960789541062, -12.15085071142781459, -6.058864733906832001 ) ) ;
#2891 = ORIENTED_EDGE ( 'NONE', *, *, #4403, .T. ) ;
#2892 = DIRECTION ( 'NONE',  ( 0.7071067811865460184, -0.7071067811865490160, 0.000000000000000000 ) ) ;
#2893 = AXIS2_PLACEMENT_3D ( 'NONE', #4422, #2257, #1330 ) ;
#2894 = VECTOR ( 'NONE', #7798, 1000.000000000000000 ) ;
#2895 = EDGE_CURVE ( 'NONE', #9151, #7312, #6319, .T. ) ;
#2896 = CARTESIAN_POINT ( 'NONE',  ( -23.00000000000000000, 16.50000000000000000, -11.00000000000000000 ) ) ;
#2897 = LINE ( 'NONE', #516, #7476 ) ;
#2898 = EDGE_LOOP ( 'NONE', ( #9942, #4817, #7870, #6520 ) ) ;
#2899 = CARTESIAN_POINT ( 'NONE',  ( -18.00000000000000355, -14.00000000000000000, 0.000000000000000000 ) ) ;
#2900 = CARTESIAN_POINT ( 'NONE',  ( 19.50000000000000000, 1.499999999999999556, -5.600000000000000533 ) ) ;
#2901 = CARTESIAN_POINT ( 'NONE',  ( 16.30019700092586987, -15.32466295337920847, -4.545464812740008576 ) ) ;
#2902 = EDGE_LOOP ( 'NONE', ( #6248, #2781, #3649, #4039 ) ) ;
#2903 = EDGE_LOOP ( 'NONE', ( #1503, #6856, #9196, #5861, #3479, #6522, #6503, #8248, #3920, #6892 ) ) ;
#2904 = CARTESIAN_POINT ( 'NONE',  ( 20.55346307255046767, 6.500000000000002665, -5.599999999999999645 ) ) ;
#2905 = EDGE_LOOP ( 'NONE', ( #3635, #4283, #1481, #414 ) ) ;
#2906 = CARTESIAN_POINT ( 'NONE',  ( -20.50000000000000000, 14.00000000000000000, -5.971999999999999531 ) ) ;
#2907 = EDGE_CURVE ( 'NONE', #4381, #8875, #2295, .T. ) ;
#2908 = AXIS2_PLACEMENT_3D ( 'NONE', #8239, #6837, #5115 ) ;
#2909 = CARTESIAN_POINT ( 'NONE',  ( -18.41106288551328873, 14.00000000000000533, -7.412330080059866155 ) ) ;
#2910 = CIRCLE ( 'NONE', #2746, 12.00000000000000000 ) ;
#2911 = CARTESIAN_POINT ( 'NONE',  ( 18.96654969319984119, -11.60367858797193108, -5.818208885208118630 ) ) ;
#2912 = VERTEX_POINT ( 'NONE', #8408 ) ;
#2913 = EDGE_LOOP ( 'NONE', ( #8113, #1775, #2320, #2274, #1970 ) ) ;
#2914 = CARTESIAN_POINT ( 'NONE',  ( -19.28478106834980466, 12.16750428690830610, -5.958094645652756149 ) ) ;
#2915 = ORIENTED_EDGE ( 'NONE', *, *, #4860, .T. ) ;
#2916 = CARTESIAN_POINT ( 'NONE',  ( -20.31147373058890082, -12.02525960976930008, -6.481788163566969629 ) ) ;
#2917 = CARTESIAN_POINT ( 'NONE',  ( 20.49937470040643461, -11.86848082002728688, -8.440414356766840598 ) ) ;
#2918 = EDGE_LOOP ( 'NONE', ( #4941, #41, #4883, #3038, #7495, #4254 ) ) ;
#2919 = CARTESIAN_POINT ( 'NONE',  ( 19.12404915499199731, 12.17677294852420644, -5.921452799154900859 ) ) ;
#2920 = VECTOR ( 'NONE', #2384, 1000.000000000000000 ) ;
#2921 = LINE ( 'NONE', #9087, #2037 ) ;
#2922 = CARTESIAN_POINT ( 'NONE',  ( 25.50000000000000000, 2.500000000000000000, -9.500000000000000000 ) ) ;
#2923 = ADVANCED_FACE ( 'NONE', ( #9016 ), #2197, .F. ) ;
#2924 = VERTEX_POINT ( 'NONE', #8249 ) ;
#2925 = ORIENTED_EDGE ( 'NONE', *, *, #9499, .F. ) ;
#2926 = DIRECTION ( 'NONE',  ( -1.000000000000000000, 7.153498870007452406E-17, -0.000000000000000000 ) ) ;
#2927 = CARTESIAN_POINT ( 'NONE',  ( 20.55346307255046767, -11.00000000000000000, -7.500000000000000000 ) ) ;
#2928 = VERTEX_POINT ( 'NONE', #3655 ) ;
#2929 = DIRECTION ( 'NONE',  ( -0.000000000000000000, -1.000000000000000000, 0.000000000000000000 ) ) ;
#2930 = PLANE ( 'NONE',  #5249 ) ;
#2931 = FACE_OUTER_BOUND ( 'NONE', #4637, .T. ) ;
#2932 = ADVANCED_FACE ( 'NONE', ( #2849 ), #9964, .F. ) ;
#2933 = LINE ( 'NONE', #7624, #6776 ) ;
#2934 = EDGE_LOOP ( 'NONE', ( #4480, #5033, #8407 ) ) ;
#2935 = CARTESIAN_POINT ( 'NONE',  ( 20.50000000000000000, -5.500000000000000000, 2.943364503850800062 ) ) ;
#2936 = B_SPLINE_SURFACE_WITH_KNOTS ( 'NONE', 3, 3, ( 
 ( #7458, #5815, #1188, #535, #3620, #2768, #6395, #4428 ),
 ( #8887, #1963, #7364, #5858, #6666, #4328, #5960, #6715 ),
 ( #8934, #5092, #215, #33, #1596, #6157, #9181, #590 ),
 ( #2261, #6869, #9230, #737, #5453, #3112, #786, #5348 ),
 ( #6914, #7556, #9931, #7661, #3721, #9828, #2914, #4479 ),
 ( #8370, #2962, #638, #6009, #3061, #6059, #6816, #9081 ),
 ( #9132, #5243, #685, #9875, #3014, #2213, #1446, #3768 ),
 ( #3870, #2310, #6208, #6110, #8529, #5293, #1391, #7712 ),
 ( #9283, #4532, #2160, #7604, #1490, #5397, #3669, #8419 ),
 ( #4581, #3821, #9981, #8476, #2360, #7506, #4636, #6966 ),
 ( #1543, #8322, #6763, #7172, #2614, #9484, #2564, #888 ),
 ( #6263, #88, #242, #5660, #8734, #1801, #4893, #7923 ),
 ( #6316, #8633, #7872, #3921, #9383, #7970, #5554, #6424 ),
 ( #3169, #8579, #4737, #9535, #9433, #1038, #4080, #3275 ) ),
 .UNSPECIFIED., .F., .F., .F.,
 ( 4, 3, 3, 1, 3, 4 ),
 ( 4, 1, 3, 4 ),
 ( -0.1499999999999999944, -0.04573755682463618438, 0.000000000000000000, 0.5714285714285709528, 1.000000000000000000, 1.149999999999999911 ),
 ( -0.3584749523167909957, -0.3249312409772240340, -0.2802062925244680480, -0.2794236059265448047 ),
 .UNSPECIFIED. ) ;
#2937 = CARTESIAN_POINT ( 'NONE',  ( -19.99943733975270632, -13.64621059814106552, -7.896809193128691007 ) ) ;
#2938 = CARTESIAN_POINT ( 'NONE',  ( 18.00000000000000711, 12.99999999999999645, -5.971999999999999531 ) ) ;
#2939 = CARTESIAN_POINT ( 'NONE',  ( 19.71839495844656653, -12.14596893472307038, -6.058963507222737022 ) ) ;
#2940 = ORIENTED_EDGE ( 'NONE', *, *, #899, .T. ) ;
#2941 = LINE ( 'NONE', #665, #4599 ) ;
#2942 = EDGE_CURVE ( 'NONE', #8501, #4029, #2244, .T. ) ;
#2943 = LINE ( 'NONE', #4404, #6539 ) ;
#2944 = AXIS2_PLACEMENT_3D ( 'NONE', #1820, #7284, #5822 ) ;
#2945 = DIRECTION ( 'NONE',  ( 0.000000000000000000, 2.906723457586479957E-16, -1.000000000000000000 ) ) ;
#2946 = VERTEX_POINT ( 'NONE', #1478 ) ;
#2947 = DIRECTION ( 'NONE',  ( -1.000000000000000000, 0.000000000000000000, 0.000000000000000000 ) ) ;
#2948 = LINE ( 'NONE', #8409, #4394 ) ;
#2949 = CARTESIAN_POINT ( 'NONE',  ( 14.45018554152125745, -14.83291064741218435, -4.235059747567603949 ) ) ;
#2950 = CIRCLE ( 'NONE', #5550, 12.00000000000000000 ) ;
#2951 = DIRECTION ( 'NONE',  ( 1.000000000000000000, 0.000000000000000000, 0.000000000000000000 ) ) ;
#2952 = PLANE ( 'NONE',  #103 ) ;
#2953 = ORIENTED_EDGE ( 'NONE', *, *, #9194, .T. ) ;
#2954 = DIRECTION ( 'NONE',  ( 5.782411586589356653E-16, 1.184965211890880193E-16, 1.000000000000000000 ) ) ;
#2955 = CARTESIAN_POINT ( 'NONE',  ( -18.66061426483719998, -13.21471890679310057, -6.058667187275020183 ) ) ;
#2956 = AXIS2_PLACEMENT_3D ( 'NONE', #5311, #8385, #5159 ) ;
#2957 = DIRECTION ( 'NONE',  ( 1.000000000000000000, 0.000000000000000000, -0.000000000000000000 ) ) ;
#2958 = DIRECTION ( 'NONE',  ( 1.000000000000000000, -0.000000000000000000, -0.000000000000000000 ) ) ;
#2959 = CARTESIAN_POINT ( 'NONE',  ( 18.00000000000000000, -13.00000000000000000, -5.971999999999999531 ) ) ;
#2960 = VERTEX_POINT ( 'NONE', #2899 ) ;
#2961 = EDGE_LOOP ( 'NONE', ( #3003, #4918, #8358, #8274 ) ) ;
#2962 = CARTESIAN_POINT ( 'NONE',  ( -18.78380373806702153, 12.75157293179544915, -5.965398141784040931 ) ) ;
#2963 = VERTEX_POINT ( 'NONE', #9215 ) ;
#2964 = CARTESIAN_POINT ( 'NONE',  ( -20.21403941151159600, -12.95646640380157777, -6.361335491282731347 ) ) ;
#2965 = CARTESIAN_POINT ( 'NONE',  ( 20.49784965467606668, -11.76904582939688559, -9.171947303938685181 ) ) ;
#2966 = EDGE_LOOP ( 'NONE', ( #7696, #3167, #3077, #2953 ) ) ;
#2967 = AXIS2_PLACEMENT_3D ( 'NONE', #9517, #7998, #1064 ) ;
#2968 = VECTOR ( 'NONE', #2139, 1000.000000000000000 ) ;
#2969 = CARTESIAN_POINT ( 'NONE',  ( 19.34164089442334600, -12.17082017597097376, -5.971999999831365535 ) ) ;
#2970 = EDGE_CURVE ( 'NONE', #9776, #8527, #4410, .T. ) ;
#2971 = EDGE_CURVE ( 'NONE', #8491, #9065, #2267, .T. ) ;
#2972 = CARTESIAN_POINT ( 'NONE',  ( 20.55346307255046767, -5.500000000000000000, 2.943364503850800062 ) ) ;
#2973 = ORIENTED_EDGE ( 'NONE', *, *, #159, .F. ) ;
#2974 = ORIENTED_EDGE ( 'NONE', *, *, #2256, .F. ) ;
#2975 = CARTESIAN_POINT ( 'NONE',  ( -1.749999999999987566, -16.49999999999999645, 5.028000000000000469 ) ) ;
#2976 = CARTESIAN_POINT ( 'NONE',  ( -15.00000000000000000, -16.50000000000000000, -11.00000000000000178 ) ) ;
#2977 = EDGE_LOOP ( 'NONE', ( #4017, #7179, #4863, #254, #4987 ) ) ;
#2978 = FACE_OUTER_BOUND ( 'NONE', #3370, .T. ) ;
#2979 = DIRECTION ( 'NONE',  ( 1.000000000000000000, 0.000000000000000000, 0.000000000000000000 ) ) ;
#2980 = AXIS2_PLACEMENT_3D ( 'NONE', #5428, #8507, #2391 ) ;
#2981 = CARTESIAN_POINT ( 'NONE',  ( -19.38629321096528813, 11.87342970721508628, -5.950858766053432447 ) ) ;
#2982 = CARTESIAN_POINT ( 'NONE',  ( -18.75642697991182573, 14.00000000000000000, -7.452749731176417924 ) ) ;
#2983 = DIRECTION ( 'NONE',  ( 0.000000000000000000, 0.000000000000000000, -1.000000000000000000 ) ) ;
#2984 = CARTESIAN_POINT ( 'NONE',  ( 19.04937501964139557, 12.17768673049826411, -5.903672576173122799 ) ) ;
#2985 = CARTESIAN_POINT ( 'NONE',  ( -18.34573248464941742, -13.99814509331650925, -8.438983217497192157 ) ) ;
#2986 = DIRECTION ( 'NONE',  ( 1.000000000000000000, 0.000000000000000000, 0.000000000000000000 ) ) ;
#2987 = CARTESIAN_POINT ( 'NONE',  ( 18.67276829297913210, -12.64874089404286828, -5.926397262254294418 ) ) ;
#2988 = ORIENTED_EDGE ( 'NONE', *, *, #2495, .T. ) ;
#2989 = DIRECTION ( 'NONE',  ( -7.153498870007453638E-17, -1.000000000000000000, -0.000000000000000000 ) ) ;
#2990 = CARTESIAN_POINT ( 'NONE',  ( 11.24086771844658195, 13.99999999999999822, -3.498628363727310564 ) ) ;
#2991 = VECTOR ( 'NONE', #1789, 1000.000000000000000 ) ;
#2992 = EDGE_CURVE ( 'NONE', #4004, #6017, #2098, .T. ) ;
#2993 = CARTESIAN_POINT ( 'NONE',  ( -13.79500000000000171, 33.50000000000000000, -2.986000000000068155 ) ) ;
#2994 = LINE ( 'NONE', #765, #4839 ) ;
#2995 = ORIENTED_EDGE ( 'NONE', *, *, #3075, .F. ) ;
#2996 = CARTESIAN_POINT ( 'NONE',  ( -20.55346307255046767, -2.500000000000000444, -7.500000000000000000 ) ) ;
#2997 = ADVANCED_FACE ( 'NONE', ( #518 ), #5224, .T. ) ;
#2998 = COLOUR_RGB ( '',0.7921568627450980005, 0.8196078431372548767, 0.9333333333333333481 ) ;
#2999 = DIRECTION ( 'NONE',  ( -1.000000000000000000, 5.426742037195429582E-32, 4.579663590744439848E-16 ) ) ;
#3000 = CARTESIAN_POINT ( 'NONE',  ( 16.68045260901729776, -16.00164021315101337, -4.315360770834664628 ) ) ;
#3001 = VERTEX_POINT ( 'NONE', #1271 ) ;
#3002 = CARTESIAN_POINT ( 'NONE',  ( -19.50000000000000000, -11.50000000000000000, -4.294172699799460702 ) ) ;
#3003 = ORIENTED_EDGE ( 'NONE', *, *, #410, .T. ) ;
#3004 = DIRECTION ( 'NONE',  ( -7.153498870007452406E-17, -1.000000000000000000, 0.000000000000000000 ) ) ;
#3005 = CARTESIAN_POINT ( 'NONE',  ( -18.00000000000000000, -12.10519416413743521, -5.655638362808153907 ) ) ;
#3006 = AXIS2_PLACEMENT_3D ( 'NONE', #8534, #841, #94 ) ;
#3007 = LINE ( 'NONE', #634, #1771 ) ;
#3008 = EDGE_CURVE ( 'NONE', #6713, #6167, #8354, .T. ) ;
#3009 = CARTESIAN_POINT ( 'NONE',  ( 18.68272884479228679, -12.40633539571672550, -5.870877227656270847 ) ) ;
#3010 = VERTEX_POINT ( 'NONE', #2996 ) ;
#3011 = ADVANCED_FACE ( 'NONE', ( #7592 ), #5994, .F. ) ;
#3012 = EDGE_LOOP ( 'NONE', ( #9292, #192, #1498, #3680, #1189, #2540, #7126, #7713, #4752, #9178 ) ) ;
#3013 = AXIS2_PLACEMENT_3D ( 'NONE', #384, #8738, #1805 ) ;
#3014 = CARTESIAN_POINT ( 'NONE',  ( -19.34164078649990159, 12.17082039324990106, -5.971999999999999531 ) ) ;
#3015 = EDGE_LOOP ( 'NONE', ( #5229, #2237 ) ) ;
#3016 = DIRECTION ( 'NONE',  ( 1.000000000000000000, 1.992221491941909864E-18, -4.579663590744439848E-16 ) ) ;
#3017 = CARTESIAN_POINT ( 'NONE',  ( 20.49879112910590706, -11.75551996721010006, -9.390639119012652358 ) ) ;
#3018 = VERTEX_POINT ( 'NONE', #9761 ) ;
#3019 = EDGE_CURVE ( 'NONE', #3517, #8674, #4566, .T. ) ;
#3020 = LINE ( 'NONE', #8484, #7357 ) ;
#3021 = DIRECTION ( 'NONE',  ( 0.000000000000000000, 0.000000000000000000, -1.000000000000000000 ) ) ;
#3022 = ORIENTED_EDGE ( 'NONE', *, *, #1216, .T. ) ;
#3023 = ORIENTED_EDGE ( 'NONE', *, *, #7107, .T. ) ;
#3024 = DIRECTION ( 'NONE',  ( 5.782411586589356653E-16, 1.184965211890880193E-16, 1.000000000000000000 ) ) ;
#3025 = CARTESIAN_POINT ( 'NONE',  ( 5.769999999999993356, 33.50000000000000000, -2.985999999999998877 ) ) ;
#3026 = EDGE_LOOP ( 'NONE', ( #2259, #2371, #8229, #1617, #1597, #6272, #8654 ) ) ;
#3027 = CYLINDRICAL_SURFACE ( 'NONE', #6677, 1.249999999999987121 ) ;
#3028 = LINE ( 'NONE', #6124, #382 ) ;
#3029 = EDGE_CURVE ( 'NONE', #8718, #1544, #7909, .T. ) ;
#3030 = CARTESIAN_POINT ( 'NONE',  ( -18.82584250917287250, -12.73846822106068721, -5.958489554741277949 ) ) ;
#3031 = DIRECTION ( 'NONE',  ( 0.000000000000000000, 0.000000000000000000, 1.000000000000000000 ) ) ;
#3032 = EDGE_LOOP ( 'NONE', ( #7794, #551, #3224, #2212, #7812, #7989, #2848 ) ) ;
#3033 = CARTESIAN_POINT ( 'NONE',  ( 25.50000000000000000, -10.50000000000000000, -1.912524980688870002 ) ) ;
#3034 = LINE ( 'NONE', #9898, #5799 ) ;
#3035 = CARTESIAN_POINT ( 'NONE',  ( -18.36861489406322079, -13.99938169777217034, -8.440379506215139216 ) ) ;
#3036 = CARTESIAN_POINT ( 'NONE',  ( -20.55346307255046767, -11.00000000000000000, -7.500000000000000000 ) ) ;
#3037 = CARTESIAN_POINT ( 'NONE',  ( 19.34164078649990159, -12.17082039324990106, -5.971999999999999531 ) ) ;
#3038 = ORIENTED_EDGE ( 'NONE', *, *, #2882, .F. ) ;
#3039 = CARTESIAN_POINT ( 'NONE',  ( 25.50000000000000000, -9.500000000000000000, -0.3905608506923829992 ) ) ;
#3040 = LINE ( 'NONE', #1626, #7186 ) ;
#3041 = AXIS2_PLACEMENT_3D ( 'NONE', #6938, #3844, #5370 ) ;
#3042 = CARTESIAN_POINT ( 'NONE',  ( -18.00000000000000355, 14.00000000000000000, -15.00000000000000000 ) ) ;
#3043 = CARTESIAN_POINT ( 'NONE',  ( 18.04619765555903399, -13.99773640234480965, -11.15294044419535169 ) ) ;
#3044 = ORIENTED_EDGE ( 'NONE', *, *, #1210, .F. ) ;
#3045 = DIRECTION ( 'NONE',  ( -1.000000000000000000, 0.000000000000000000, 0.000000000000000000 ) ) ;
#3046 = CARTESIAN_POINT ( 'NONE',  ( -18.67423626153643923, -12.57780157440433655, -5.909439839475568057 ) ) ;
#3047 = DIRECTION ( 'NONE',  ( 1.000000000000000000, 1.992221491941909864E-18, -4.579663590744439848E-16 ) ) ;
#3048 = EDGE_CURVE ( 'NONE', #5723, #2262, #2397, .T. ) ;
#3049 = VECTOR ( 'NONE', #5688, 1000.000000000000000 ) ;
#3050 = FACE_OUTER_BOUND ( 'NONE', #5090, .T. ) ;
#3051 = CARTESIAN_POINT ( 'NONE',  ( -23.00000000000000000, 5.499999999999999112, -5.599999999999999645 ) ) ;
#3052 = ORIENTED_EDGE ( 'NONE', *, *, #5298, .F. ) ;
#3053 = DIRECTION ( 'NONE',  ( -1.000000000000000000, -1.992221491941909864E-18, 4.579663590744439848E-16 ) ) ;
#3054 = CARTESIAN_POINT ( 'NONE',  ( -18.16172960827420013, -14.00000000000000000, -7.478535518673660398 ) ) ;
#3055 = EDGE_CURVE ( 'NONE', #3819, #7555, #17, .T. ) ;
#3056 = DIRECTION ( 'NONE',  ( 1.000000000000000000, 0.000000000000000000, 0.000000000000000000 ) ) ;
#3057 = CARTESIAN_POINT ( 'NONE',  ( 18.25463283642720569, -12.80655224256976865, -5.903605889457876010 ) ) ;
#3058 = ORIENTED_EDGE ( 'NONE', *, *, #6496, .T. ) ;
#3059 = EDGE_CURVE ( 'NONE', #7766, #2174, #4717, .T. ) ;
#3060 = EDGE_LOOP ( 'NONE', ( #9896, #2271, #9192, #216 ) ) ;
#3061 = CARTESIAN_POINT ( 'NONE',  ( -19.31177934347776315, 12.17163729916180337, -5.965063095545060534 ) ) ;
#3062 = ORIENTED_EDGE ( 'NONE', *, *, #3392, .F. ) ;
#3063 = DIRECTION ( 'NONE',  ( 0.000000000000000000, -1.000000000000000000, 0.000000000000000000 ) ) ;
#3064 = CARTESIAN_POINT ( 'NONE',  ( 18.25713777929036041, -13.99681328189296892, -9.170991113302791931 ) ) ;
#3065 = EDGE_CURVE ( 'NONE', #5704, #3101, #6192, .T. ) ;
#3066 = EDGE_CURVE ( 'NONE', #8849, #7566, #8515, .T. ) ;
#3067 = AXIS2_PLACEMENT_3D ( 'NONE', #3705, #1428, #574 ) ;
#3068 = CARTESIAN_POINT ( 'NONE',  ( 19.45321423865400234, 11.87171007058380034, -5.971999999999999531 ) ) ;
#3069 = CARTESIAN_POINT ( 'NONE',  ( 20.50000000000000000, 2.500000000000000000, 0.000000000000000000 ) ) ;
#3070 = CARTESIAN_POINT ( 'NONE',  ( -20.55346307255046767, -5.500000000000000000, 2.943364503850800062 ) ) ;
#3071 = CARTESIAN_POINT ( 'NONE',  ( -23.00000000000000000, -6.043907005383619683E-15, -7.721999999999999531 ) ) ;
#3072 = VERTEX_POINT ( 'NONE', #3261 ) ;
#3073 = ORIENTED_EDGE ( 'NONE', *, *, #5722, .F. ) ;
#3074 = CARTESIAN_POINT ( 'NONE',  ( 18.53559666229216063, 11.66342824537918510, -5.589283581081369690 ) ) ;
#3075 = EDGE_CURVE ( 'NONE', #6868, #573, #9835, .T. ) ;
#3076 = DIRECTION ( 'NONE',  ( 1.000000000000000000, 1.992221491941909864E-18, -4.579663590744439848E-16 ) ) ;
#3077 = ORIENTED_EDGE ( 'NONE', *, *, #6088, .F. ) ;
#3078 = DIRECTION ( 'NONE',  ( 1.000000000000000000, -0.000000000000000000, -0.000000000000000000 ) ) ;
#3079 = CYLINDRICAL_SURFACE ( 'NONE', #1677, 3.000000000000000000 ) ;
#3080 = CARTESIAN_POINT ( 'NONE',  ( -18.35462378690041163, -12.74361296880983829, -5.931195069513135465 ) ) ;
#3081 = CARTESIAN_POINT ( 'NONE',  ( -20.50000000000000000, -14.00000000000000000, 0.000000000000000000 ) ) ;
#3082 = ORIENTED_EDGE ( 'NONE', *, *, #4069, .T. ) ;
#3083 = CARTESIAN_POINT ( 'NONE',  ( -1.585501622696652957, -15.73277846026518567, -3.999701528839765707 ) ) ;
#3084 = EDGE_CURVE ( 'NONE', #1457, #9492, #9365, .T. ) ;
#3085 = DIRECTION ( 'NONE',  ( 0.000000000000000000, 2.906723457586479957E-16, -1.000000000000000000 ) ) ;
#3086 = ORIENTED_EDGE ( 'NONE', *, *, #9451, .F. ) ;
#3087 = CARTESIAN_POINT ( 'NONE',  ( -18.24248276201505803, -14.00000000000000000, -9.609306547816535371 ) ) ;
#3088 = LINE ( 'NONE', #2388, #8297 ) ;
#3089 = B_SPLINE_CURVE_WITH_KNOTS ( 'NONE', 3,
 ( #8352, #9161, #9264, #2344 ),
 .UNSPECIFIED., .F., .F.,
 ( 4, 4 ),
 ( 0.9178321409607015369, 1.000000000561848346 ),
 .UNSPECIFIED. ) ;
#3090 = CARTESIAN_POINT ( 'NONE',  ( 20.49987735957957824, -11.96706143262911581, -7.521743420205446284 ) ) ;
#3091 = ORIENTED_EDGE ( 'NONE', *, *, #2235, .F. ) ;
#3092 = DIRECTION ( 'NONE',  ( 0.000000000000000000, 2.906723457586479957E-16, -1.000000000000000000 ) ) ;
#3093 = CARTESIAN_POINT ( 'NONE',  ( -19.50000922609139309, 11.87404863354417195, -5.987935500866645278 ) ) ;
#3094 = ORIENTED_EDGE ( 'NONE', *, *, #9320, .F. ) ;
#3095 = CARTESIAN_POINT ( 'NONE',  ( -20.50000000000000000, -2.500000000000000000, 4.014694594305530551 ) ) ;
#3096 = EDGE_CURVE ( 'NONE', #9142, #2148, #71, .T. ) ;
#3097 = CARTESIAN_POINT ( 'NONE',  ( -18.67032720484357711, -12.71229505087808498, -5.941207855026649831 ) ) ;
#3098 = DIRECTION ( 'NONE',  ( -0.7071067811865475727, -0.7071067811865475727, 0.000000000000000000 ) ) ;
#3099 = CARTESIAN_POINT ( 'NONE',  ( 1.424136682966506084, 15.44532043776374231, -5.983737481051397467 ) ) ;
#3100 = DIRECTION ( 'NONE',  ( 1.000000000000000000, -0.000000000000000000, -0.000000000000000000 ) ) ;
#3101 = VERTEX_POINT ( 'NONE', #4617 ) ;
#3102 = CARTESIAN_POINT ( 'NONE',  ( 20.32504018742969976, 11.82901836320630018, -6.496852376851790289 ) ) ;
#3103 = CARTESIAN_POINT ( 'NONE',  ( -18.00000000000000000, -12.05616529529611469, -5.638304039992353189 ) ) ;
#3104 = CARTESIAN_POINT ( 'NONE',  ( -20.45665688189293263, 12.48993207508631720, -7.434822351387023964 ) ) ;
#3105 = CARTESIAN_POINT ( 'NONE',  ( -23.00000000000000000, -1.500000000000000222, -9.500000000000001776 ) ) ;
#3106 = CARTESIAN_POINT ( 'NONE',  ( -20.50000000000000000, 1.500000000000000000, 0.000000000000000000 ) ) ;
#3107 = VECTOR ( 'NONE', #6434, 1000.000000000000000 ) ;
#3108 = CARTESIAN_POINT ( 'NONE',  ( 18.74280809196779174, -13.99993289097942295, -7.559494310068527234 ) ) ;
#3109 = ORIENTED_EDGE ( 'NONE', *, *, #1265, .F. ) ;
#3110 = ORIENTED_EDGE ( 'NONE', *, *, #5749, .T. ) ;
#3111 = VERTEX_POINT ( 'NONE', #8565 ) ;
#3112 = CARTESIAN_POINT ( 'NONE',  ( -19.25350247944769677, 12.17096138017441831, -5.951165627557156945 ) ) ;
#3113 = EDGE_LOOP ( 'NONE', ( #3136, #5930, #5526 ) ) ;
#3114 = PLANE ( 'NONE',  #3777 ) ;
#3115 = CARTESIAN_POINT ( 'NONE',  ( 20.50000000000000000, -11.74245987449107531, -9.609500901363526637 ) ) ;
#3116 = CIRCLE ( 'NONE', #8118, 3.000000000000000888 ) ;
#3117 = EDGE_CURVE ( 'NONE', #3859, #3739, #8613, .T. ) ;
#3118 = CARTESIAN_POINT ( 'NONE',  ( -23.00000000000000000, -1.499999999999996669, -7.500000000000000888 ) ) ;
#3119 = DIRECTION ( 'NONE',  ( 0.000000000000000000, 0.000000000000000000, 1.000000000000000000 ) ) ;
#3120 = DIRECTION ( 'NONE',  ( -1.000000000000000000, 0.000000000000000000, 0.000000000000000000 ) ) ;
#3121 = CARTESIAN_POINT ( 'NONE',  ( -19.50000000000000000, -5.500000000000000000, 0.000000000000000000 ) ) ;
#3122 = ORIENTED_EDGE ( 'NONE', *, *, #3143, .T. ) ;
#3123 = ORIENTED_EDGE ( 'NONE', *, *, #8583, .T. ) ;
#3124 = CIRCLE ( 'NONE', #8121, 0.6750000000000002665 ) ;
#3125 = CARTESIAN_POINT ( 'NONE',  ( 18.15074931571592032, 14.00000000000000000, -7.663179431274779851 ) ) ;
#3126 = EDGE_CURVE ( 'NONE', #3930, #3409, #1684, .T. ) ;
#3127 = VECTOR ( 'NONE', #8610, 1000.000000000000000 ) ;
#3128 = DIRECTION ( 'NONE',  ( -0.000000000000000000, -0.000000000000000000, 1.000000000000000000 ) ) ;
#3129 = ORIENTED_EDGE ( 'NONE', *, *, #7889, .F. ) ;
#3130 = CARTESIAN_POINT ( 'NONE',  ( -18.97484793760595778, 13.96037947192724182, -7.434367994292274240 ) ) ;
#3131 = CARTESIAN_POINT ( 'NONE',  ( 20.50000000000000000, 5.500000000000002665, 2.943364503850798286 ) ) ;
#3132 = CARTESIAN_POINT ( 'NONE',  ( -19.10008753709765017, -12.09231959731695127, -5.896346078818364589 ) ) ;
#3133 = AXIS2_PLACEMENT_3D ( 'NONE', #8223, #7367, #9037 ) ;
#3134 = VECTOR ( 'NONE', #9537, 1000.000000000000000 ) ;
#3135 = CARTESIAN_POINT ( 'NONE',  ( -18.99737901560309794, 13.99986578195887077, -7.596550108351444841 ) ) ;
#3136 = ORIENTED_EDGE ( 'NONE', *, *, #2696, .T. ) ;
#3137 = DIRECTION ( 'NONE',  ( 1.000000000000000000, -5.426742037195429582E-32, -4.579663590744439848E-16 ) ) ;
#3138 = CARTESIAN_POINT ( 'NONE',  ( 18.96022731691785523, 12.24577136946368405, -5.908150381323630462 ) ) ;
#3139 = EDGE_LOOP ( 'NONE', ( #1140, #9231, #9879, #7596, #1014, #6337 ) ) ;
#3140 = CARTESIAN_POINT ( 'NONE',  ( -20.50000000000000000, -11.79376979171378004, -9.173793449408341516 ) ) ;
#3141 = CARTESIAN_POINT ( 'NONE',  ( -16.49999999999996803, 16.50000000000000000, -11.00000000000000000 ) ) ;
#3142 = AXIS2_PLACEMENT_3D ( 'NONE', #59, #5372, #5478 ) ;
#3143 = EDGE_CURVE ( 'NONE', #5180, #1945, #7057, .T. ) ;
#3144 = VECTOR ( 'NONE', #9024, 1000.000000000000000 ) ;
#3145 = CARTESIAN_POINT ( 'NONE',  ( 20.50000000000000000, -11.97647433666421080, -7.622324726599565281 ) ) ;
#3146 = ORIENTED_EDGE ( 'NONE', *, *, #1429, .T. ) ;
#3147 = CARTESIAN_POINT ( 'NONE',  ( 15.61999999999999211, 43.50000000000000711, -2.986000000000068155 ) ) ;
#3148 = CARTESIAN_POINT ( 'NONE',  ( 20.55346307255046767, 10.50000000000000000, -1.912524980688840026 ) ) ;
#3149 = EDGE_CURVE ( 'NONE', #9536, #8183, #7855, .T. ) ;
#3150 = CIRCLE ( 'NONE', #6039, 12.00000000000000000 ) ;
#3151 = CARTESIAN_POINT ( 'NONE',  ( 19.47463121023807631, -11.78797962979692215, -5.403986561655048426 ) ) ;
#3152 = FACE_OUTER_BOUND ( 'NONE', #8056, .T. ) ;
#3153 = ORIENTED_EDGE ( 'NONE', *, *, #892, .F. ) ;
#3154 = DIRECTION ( 'NONE',  ( -1.000000000000000000, 0.000000000000000000, 0.000000000000000000 ) ) ;
#3155 = CARTESIAN_POINT ( 'NONE',  ( -18.67518544512834922, -12.62554367845768510, -5.921395770462161146 ) ) ;
#3156 = CARTESIAN_POINT ( 'NONE',  ( 5.769999999999993356, 33.50000000000000000, -2.985999999999998877 ) ) ;
#3157 = CARTESIAN_POINT ( 'NONE',  ( -13.70844554781495361, -15.31797562617336794, -3.322156816474043151 ) ) ;
#3158 = ORIENTED_EDGE ( 'NONE', *, *, #4553, .T. ) ;
#3159 = CARTESIAN_POINT ( 'NONE',  ( 19.29181991894523307, 11.87585734078927047, -5.921013408961958824 ) ) ;
#3160 = CARTESIAN_POINT ( 'NONE',  ( -18.49248892826690138, -12.93080651899139966, -5.971999999999999531 ) ) ;
#3161 = VECTOR ( 'NONE', #1225, 1000.000000000000000 ) ;
#3162 = CARTESIAN_POINT ( 'NONE',  ( 20.50000000000000000, 2.500000000000000000, 4.014694594305530551 ) ) ;
#3163 = LINE ( 'NONE', #3105, #4685 ) ;
#3164 = DIRECTION ( 'NONE',  ( 0.000000000000000000, -0.000000000000000000, 1.000000000000000000 ) ) ;
#3165 = CARTESIAN_POINT ( 'NONE',  ( 18.33395471292929813, -14.00000000000000000, -7.402998419945670427 ) ) ;
#3166 = EDGE_CURVE ( 'NONE', #4126, #1303, #4062, .T. ) ;
#3167 = ORIENTED_EDGE ( 'NONE', *, *, #6152, .F. ) ;
#3168 = ORIENTED_EDGE ( 'NONE', *, *, #170, .T. ) ;
#3169 = CARTESIAN_POINT ( 'NONE',  ( -18.46471150499641567, 14.00000000000000000, -7.722210941413506724 ) ) ;
#3170 = ORIENTED_EDGE ( 'NONE', *, *, #4815, .T. ) ;
#3171 = DIRECTION ( 'NONE',  ( -0.000000000000000000, 1.000000000000000000, -0.000000000000000000 ) ) ;
#3172 = CARTESIAN_POINT ( 'NONE',  ( 20.49612494748163627, -11.60061947953080086, -10.57556303994741675 ) ) ;
#3173 = AXIS2_PLACEMENT_3D ( 'NONE', #2170, #6771, #5198 ) ;
#3174 = FACE_OUTER_BOUND ( 'NONE', #4684, .T. ) ;
#3175 = CARTESIAN_POINT ( 'NONE',  ( 20.50000000000000000, 6.500000000000000000, -9.500000000000000000 ) ) ;
#3176 = DIRECTION ( 'NONE',  ( 1.000000000000000000, 0.000000000000000000, 0.000000000000000000 ) ) ;
#3177 = AXIS2_PLACEMENT_3D ( 'NONE', #5447, #9379, #1699 ) ;
#3178 = CARTESIAN_POINT ( 'NONE',  ( 20.55346307255046767, -11.00000000000000000, -7.500000000000000000 ) ) ;
#3179 = ORIENTED_EDGE ( 'NONE', *, *, #8253, .F. ) ;
#3180 = ORIENTED_EDGE ( 'NONE', *, *, #2196, .T. ) ;
#3181 = CARTESIAN_POINT ( 'NONE',  ( 20.50000000000000000, 1.500000000000000000, 4.183880899790689334 ) ) ;
#3182 = CARTESIAN_POINT ( 'NONE',  ( 19.50000000000000000, 6.499999999999999112, -5.600000000000000533 ) ) ;
#3183 = VERTEX_POINT ( 'NONE', #3501 ) ;
#3184 = DIRECTION ( 'NONE',  ( 0.000000000000000000, 0.000000000000000000, -1.000000000000000000 ) ) ;
#3185 = EDGE_CURVE ( 'NONE', #3018, #4127, #7200, .T. ) ;
#3186 = CARTESIAN_POINT ( 'NONE',  ( 20.50000000000000000, 12.00000000000000000, -7.422552296971640651 ) ) ;
#3187 = VECTOR ( 'NONE', #9488, 1000.000000000000000 ) ;
#3188 = CARTESIAN_POINT ( 'NONE',  ( -19.05400051006386875, -11.99426959695110817, -5.863152061064877962 ) ) ;
#3189 = DIRECTION ( 'NONE',  ( 0.000000000000000000, 0.000000000000000000, 1.000000000000000000 ) ) ;
#3190 = LINE ( 'NONE', #309, #2729 ) ;
#3191 = EDGE_LOOP ( 'NONE', ( #1520, #6707, #637, #6191 ) ) ;
#3192 = DIRECTION ( 'NONE',  ( -1.000000000000000000, 0.000000000000000000, 0.000000000000000000 ) ) ;
#3193 = LINE ( 'NONE', #3793, #777 ) ;
#3194 = EDGE_LOOP ( 'NONE', ( #4457, #5103 ) ) ;
#3195 = CARTESIAN_POINT ( 'NONE',  ( -18.29376979171444617, -14.00000000000000000, -9.173793449408330858 ) ) ;
#3196 = DIRECTION ( 'NONE',  ( -0.000000000000000000, 1.000000000000000000, -0.000000000000000000 ) ) ;
#3197 = EDGE_CURVE ( 'NONE', #3010, #5291, #7951, .T. ) ;
#3198 = CARTESIAN_POINT ( 'NONE',  ( 18.43861107907957475, -13.99973949487562130, -7.851592577218799995 ) ) ;
#3199 = VERTEX_POINT ( 'NONE', #4303 ) ;
#3200 = CARTESIAN_POINT ( 'NONE',  ( 20.55346307255046767, -6.500000000000000888, -7.500000000000000000 ) ) ;
#3201 = DIRECTION ( 'NONE',  ( -1.000000000000000000, 0.000000000000000000, 0.000000000000000000 ) ) ;
#3202 = EDGE_CURVE ( 'NONE', #5353, #9673, #1885, .T. ) ;
#3203 = CIRCLE ( 'NONE', #8199, 1.699999999999998845 ) ;
#3204 = ADVANCED_FACE ( 'NONE', ( #5735 ), #7531, .T. ) ;
#3205 = CARTESIAN_POINT ( 'NONE',  ( 20.00000000000006040, -19.99999999999995381, 5.028000000000000469 ) ) ;
#3206 = CARTESIAN_POINT ( 'NONE',  ( -19.46897273833174680, 11.87245774085292105, -5.977072071236486650 ) ) ;
#3207 = ORIENTED_EDGE ( 'NONE', *, *, #5794, .T. ) ;
#3208 = CARTESIAN_POINT ( 'NONE',  ( -18.86750069859080270, -13.16278936946299893, -6.054481240167320699 ) ) ;
#3209 = FACE_OUTER_BOUND ( 'NONE', #229, .T. ) ;
#3210 = EDGE_CURVE ( 'NONE', #6330, #4586, #4971, .T. ) ;
#3211 = CARTESIAN_POINT ( 'NONE',  ( 18.46305572412730100, 12.94552307900080912, -5.972000001637952415 ) ) ;
#3212 = CARTESIAN_POINT ( 'NONE',  ( -13.12000000000000277, -16.50000000000000000, -2.986000000000068155 ) ) ;
#3213 = ORIENTED_EDGE ( 'NONE', *, *, #5121, .F. ) ;
#3214 = CARTESIAN_POINT ( 'NONE',  ( 16.58038359250338090, 15.72311126494676792, -4.391214124756159798 ) ) ;
#3215 = VECTOR ( 'NONE', #9294, 1000.000000000000000 ) ;
#3216 = CARTESIAN_POINT ( 'NONE',  ( 20.31146900514169928, 12.02530477217710114, -6.481782321757459719 ) ) ;
#3217 = CARTESIAN_POINT ( 'NONE',  ( 5.769999999999992468, 16.50000000000000000, -2.985999999999998877 ) ) ;
#3218 = EDGE_CURVE ( 'NONE', #760, #1457, #5674, .T. ) ;
#3219 = DIRECTION ( 'NONE',  ( 0.000000000000000000, 0.000000000000000000, -1.000000000000000000 ) ) ;
#3220 = VECTOR ( 'NONE', #4395, 1000.000000000000000 ) ;
#3221 = VECTOR ( 'NONE', #9912, 1000.000000000000000 ) ;
#3222 = CARTESIAN_POINT ( 'NONE',  ( 1.249999999999993117, -16.50000000000000000, -2.985999999999998877 ) ) ;
#3223 = CARTESIAN_POINT ( 'NONE',  ( 18.68016120742458952, -13.99962418948476817, -8.050519372972225085 ) ) ;
#3224 = ORIENTED_EDGE ( 'NONE', *, *, #4434, .F. ) ;
#3225 = ORIENTED_EDGE ( 'NONE', *, *, #457, .F. ) ;
#3226 = EDGE_CURVE ( 'NONE', #6452, #3355, #2231, .T. ) ;
#3227 = ORIENTED_EDGE ( 'NONE', *, *, #1709, .T. ) ;
#3228 = DIRECTION ( 'NONE',  ( 5.782411586589356653E-16, 1.184965211890880193E-16, 1.000000000000000000 ) ) ;
#3229 = CARTESIAN_POINT ( 'NONE',  ( 18.08041989054993692, -13.99791109133144928, -10.86503107178705285 ) ) ;
#3230 = DIRECTION ( 'NONE',  ( -1.000000000000000000, 0.000000000000000000, 0.000000000000000000 ) ) ;
#3231 =( LENGTH_UNIT ( ) NAMED_UNIT ( * ) SI_UNIT ( .MILLI., .METRE. ) );
#3232 = AXIS2_PLACEMENT_3D ( 'NONE', #4938, #1125, #6466 ) ;
#3233 = CARTESIAN_POINT ( 'NONE',  ( -20.50000000000000000, -6.038926451653769130E-15, -7.721999999999999531 ) ) ;
#3234 = ORIENTED_EDGE ( 'NONE', *, *, #6222, .T. ) ;
#3235 = ORIENTED_EDGE ( 'NONE', *, *, #527, .F. ) ;
#3236 = CARTESIAN_POINT ( 'NONE',  ( 18.31283277011725730, 14.00008691079690948, -7.593888796424717036 ) ) ;
#3237 = EDGE_CURVE ( 'NONE', #3868, #6512, #1284, .T. ) ;
#3238 = DIRECTION ( 'NONE',  ( -1.000000000000000000, 0.000000000000000000, 0.000000000000000000 ) ) ;
#3239 = VERTEX_POINT ( 'NONE', #5931 ) ;
#3240 = CARTESIAN_POINT ( 'NONE',  ( 20.50000000000000000, -5.957245370484149540E-15, -7.721999999999999531 ) ) ;
#3241 = FACE_BOUND ( 'NONE', #2808, .T. ) ;
#3242 = VECTOR ( 'NONE', #6556, 1000.000000000000000 ) ;
#3243 = EDGE_CURVE ( 'NONE', #4586, #2137, #3740, .T. ) ;
#3244 = CARTESIAN_POINT ( 'NONE',  ( -20.50000000000000000, -10.00000000000000000, 2.278000000000003133 ) ) ;
#3245 = PLANE ( 'NONE',  #2093 ) ;
#3246 = ORIENTED_EDGE ( 'NONE', *, *, #968, .F. ) ;
#3247 = FACE_OUTER_BOUND ( 'NONE', #1402, .T. ) ;
#3248 = CARTESIAN_POINT ( 'NONE',  ( 20.49987857384116552, 11.96727109337864903, -7.521750302300300284 ) ) ;
#3249 = EDGE_LOOP ( 'NONE', ( #3852, #5659, #3539, #5476, #6836, #7779, #7016, #315, #4347 ) ) ;
#3250 = CARTESIAN_POINT ( 'NONE',  ( -20.50000000000000000, -11.81606850027880284, -8.984439928361295458 ) ) ;
#3251 = CARTESIAN_POINT ( 'NONE',  ( -23.00000000000000000, -14.49999999999999822, -11.00000000000000000 ) ) ;
#3252 = CARTESIAN_POINT ( 'NONE',  ( 20.50000000000000000, -11.93412814265979094, -7.981915099929827839 ) ) ;
#3253 = ORIENTED_EDGE ( 'NONE', *, *, #7108, .T. ) ;
#3254 = CARTESIAN_POINT ( 'NONE',  ( -20.50000000000000000, -6.038926451653769130E-15, -7.721999999999999531 ) ) ;
#3255 = EDGE_CURVE ( 'NONE', #1226, #1247, #1814, .T. ) ;
#3256 = CARTESIAN_POINT ( 'NONE',  ( -20.50000000000000000, 11.99625217924800147, -7.422111238351120299 ) ) ;
#3257 = ADVANCED_FACE ( 'NONE', ( #2033 ), #8288, .T. ) ;
#3258 = DIRECTION ( 'NONE',  ( 0.000000000000000000, 0.000000000000000000, 1.000000000000000000 ) ) ;
#3259 = CARTESIAN_POINT ( 'NONE',  ( -23.00000000000000000, 5.499999999999999112, -7.500000000000000000 ) ) ;
#3260 = ORIENTED_EDGE ( 'NONE', *, *, #4501, .T. ) ;
#3261 = CARTESIAN_POINT ( 'NONE',  ( -1.749999999999986233, -16.50000000000000000, -2.985999999999998877 ) ) ;
#3262 = CARTESIAN_POINT ( 'NONE',  ( -19.03785901589942497, -12.57283256348101830, -5.966306153417478164 ) ) ;
#3263 = ADVANCED_FACE ( 'NONE', ( #3694 ), #9851, .F. ) ;
#3264 = LINE ( 'NONE', #9321, #1424 ) ;
#3265 = CARTESIAN_POINT ( 'NONE',  ( 19.39046799769262819, -12.06344343541061370, -5.972008540892693951 ) ) ;
#3266 = VERTEX_POINT ( 'NONE', #1310 ) ;
#3267 = CARTESIAN_POINT ( 'NONE',  ( 12.35499999999999154, 16.50000000000000000, -2.986000000000040178 ) ) ;
#3268 = CARTESIAN_POINT ( 'NONE',  ( 20.49999901555273496, 11.83652882963316166, -7.412259569655448743 ) ) ;
#3269 = LINE ( 'NONE', #7165, #4265 ) ;
#3270 = CARTESIAN_POINT ( 'NONE',  ( 25.50000000000000000, 11.86754886233879347, -9.500000000000000000 ) ) ;
#3271 = CARTESIAN_POINT ( 'NONE',  ( -20.55346307255046767, -10.50000000000000000, -7.500000000000000000 ) ) ;
#3272 = CARTESIAN_POINT ( 'NONE',  ( 18.61210951790379653, -13.80238642397210036, -6.470554027830970334 ) ) ;
#3273 = VERTEX_POINT ( 'NONE', #9897 ) ;
#3274 = ORIENTED_EDGE ( 'NONE', *, *, #6686, .F. ) ;
#3275 = CARTESIAN_POINT ( 'NONE',  ( -20.49944948131756917, 11.93238707364478479, -7.720937592515841885 ) ) ;
#3276 = ORIENTED_EDGE ( 'NONE', *, *, #1634, .F. ) ;
#3277 = CARTESIAN_POINT ( 'NONE',  ( 19.64905285611645169, -11.88178194824764944, -6.040890240045905024 ) ) ;
#3278 = CARTESIAN_POINT ( 'NONE',  ( 18.05243272411736655, -13.99373327399434785, -10.86176578038811336 ) ) ;
#3279 = CARTESIAN_POINT ( 'NONE',  ( -18.00000000000000000, 13.61638692194097899, -6.373691058939389364 ) ) ;
#3280 = SURFACE_STYLE_FILL_AREA ( #6430 ) ;
#3281 = DIRECTION ( 'NONE',  ( 1.000000000000000000, 0.000000000000000000, 0.000000000000000000 ) ) ;
#3282 = VERTEX_POINT ( 'NONE', #7626 ) ;
#3283 = ORIENTED_EDGE ( 'NONE', *, *, #2458, .F. ) ;
#3284 = DIRECTION ( 'NONE',  ( -7.153498870007453638E-17, -1.000000000000000000, -0.000000000000000000 ) ) ;
#3285 = CARTESIAN_POINT ( 'NONE',  ( 18.67082039327990017, -12.84164078539943077, -5.971999999744355136 ) ) ;
#3286 = ORIENTED_EDGE ( 'NONE', *, *, #4369, .T. ) ;
#3287 = CARTESIAN_POINT ( 'NONE',  ( -22.99999999999999645, -16.49999999999999645, 5.028000000000000469 ) ) ;
#3288 = VECTOR ( 'NONE', #6119, 1000.000000000000000 ) ;
#3289 = CARTESIAN_POINT ( 'NONE',  ( 25.50000000000000000, 16.50000000000000000, -11.00000000000000000 ) ) ;
#3290 = CARTESIAN_POINT ( 'NONE',  ( 3.848076211353310683, -13.99999999999999822, -4.485999999999997101 ) ) ;
#3291 = AXIS2_PLACEMENT_3D ( 'NONE', #1051, #4141, #8077 ) ;
#3292 = DIRECTION ( 'NONE',  ( -0.000000000000000000, -0.000000000000000000, 1.000000000000000000 ) ) ;
#3293 = EDGE_LOOP ( 'NONE', ( #5242, #8264, #7557, #7097, #2823, #1436, #9512, #2282, #8064 ) ) ;
#3294 = CARTESIAN_POINT ( 'NONE',  ( 19.34164078577286716, 12.17082039326978915, -5.971999999831108852 ) ) ;
#3295 = CARTESIAN_POINT ( 'NONE',  ( 18.51330007367437602, 14.00034964807391802, -7.136769551016480584 ) ) ;
#3296 = VERTEX_POINT ( 'NONE', #3643 ) ;
#3297 = FACE_BOUND ( 'NONE', #5176, .T. ) ;
#3298 = DIRECTION ( 'NONE',  ( 0.000000000000000000, 1.000000000000000000, 0.000000000000000000 ) ) ;
#3299 = ORIENTED_EDGE ( 'NONE', *, *, #6782, .T. ) ;
#3300 = CARTESIAN_POINT ( 'NONE',  ( 25.50000000000000000, 9.500000000000000000, -0.3905608506924039824 ) ) ;
#3301 = CIRCLE ( 'NONE', #6378, 1.249999999999987121 ) ;
#3302 = VECTOR ( 'NONE', #7705, 1000.000000000000000 ) ;
#3303 = CARTESIAN_POINT ( 'NONE',  ( -13.50000000000001243, 16.39757552427608900, -3.543875434124921675 ) ) ;
#3304 = PLANE ( 'NONE',  #8548 ) ;
#3305 = VERTEX_POINT ( 'NONE', #7433 ) ;
#3306 = AXIS2_PLACEMENT_3D ( 'NONE', #6940, #4608, #3895 ) ;
#3307 = AXIS2_PLACEMENT_3D ( 'NONE', #6968, #3171, #1545 ) ;
#3308 = CARTESIAN_POINT ( 'NONE',  ( -19.28191790045372045, -12.17245420507375897, -5.958126191089681889 ) ) ;
#3309 = PLANE ( 'NONE',  #589 ) ;
#3310 = CARTESIAN_POINT ( 'NONE',  ( 20.55346307255046767, -11.00000000000000000, -5.599999999999999645 ) ) ;
#3311 = CARTESIAN_POINT ( 'NONE',  ( 1.249999999999995337, 16.50000000000000000, -2.985999999999998877 ) ) ;
#3312 = ORIENTED_EDGE ( 'NONE', *, *, #4729, .T. ) ;
#3313 = DIRECTION ( 'NONE',  ( 0.000000000000000000, 0.000000000000000000, -1.000000000000000000 ) ) ;
#3314 = EDGE_CURVE ( 'NONE', #3010, #1499, #5983, .T. ) ;
#3315 = FACE_OUTER_BOUND ( 'NONE', #4307, .T. ) ;
#3316 = UNCERTAINTY_MEASURE_WITH_UNIT (LENGTH_MEASURE( 1.000000000000000082E-05 ), #7714, 'distance_accuracy_value', 'NONE');
#3317 = DIRECTION ( 'NONE',  ( 1.000000000000000000, 0.000000000000000000, 0.000000000000000000 ) ) ;
#3318 = CIRCLE ( 'NONE', #2511, 2.000000000000001776 ) ;
#3319 = EDGE_CURVE ( 'NONE', #5239, #9108, #9152, .T. ) ;
#3320 = LINE ( 'NONE', #3162, #7175 ) ;
#3321 = DIRECTION ( 'NONE',  ( -7.153498870007452406E-17, -1.000000000000000000, -0.000000000000000000 ) ) ;
#3322 = CARTESIAN_POINT ( 'NONE',  ( 18.00000000000000000, -14.00000000000000000, -7.570857474974220125 ) ) ;
#3323 = EDGE_LOOP ( 'NONE', ( #5898, #3574, #9456 ) ) ;
#3324 = EDGE_LOOP ( 'NONE', ( #4890, #2414, #2534, #142, #7813 ) ) ;
#3325 = DIRECTION ( 'NONE',  ( 0.000000000000000000, 0.000000000000000000, 1.000000000000000000 ) ) ;
#3326 = ORIENTED_EDGE ( 'NONE', *, *, #7456, .F. ) ;
#3327 = CARTESIAN_POINT ( 'NONE',  ( 0.8269827155468636448, 14.95457647805385903, -0.01476404158460943236 ) ) ;
#3328 = AXIS2_PLACEMENT_3D ( 'NONE', #1288, #6618, #9032 ) ;
#3329 = ADVANCED_FACE ( 'NONE', ( #6029 ), #3792, .F. ) ;
#3330 = CARTESIAN_POINT ( 'NONE',  ( 20.50000000000000000, -10.00000000000000000, 3.527999999999975156 ) ) ;
#3331 = CARTESIAN_POINT ( 'NONE',  ( 19.50000000000000000, 14.00000000000000000, 0.000000000000000000 ) ) ;
#3332 = ADVANCED_FACE ( 'NONE', ( #9102 ), #4452, .F. ) ;
#3333 = DIRECTION ( 'NONE',  ( 1.000000000000000000, -5.426742037195429582E-32, -4.579663590744439848E-16 ) ) ;
#3334 = ORIENTED_EDGE ( 'NONE', *, *, #3749, .F. ) ;
#3335 = ORIENTED_EDGE ( 'NONE', *, *, #3319, .T. ) ;
#3336 = DIRECTION ( 'NONE',  ( -0.000000000000000000, 1.000000000000000000, -0.000000000000000000 ) ) ;
#3337 = DIRECTION ( 'NONE',  ( 1.000000000000000000, 0.000000000000000000, 0.000000000000000000 ) ) ;
#3338 = ORIENTED_EDGE ( 'NONE', *, *, #8589, .F. ) ;
#3339 = CARTESIAN_POINT ( 'NONE',  ( -23.00000000000000000, 6.500000000000000000, -9.500000000000001776 ) ) ;
#3340 = EDGE_CURVE ( 'NONE', #7448, #2639, #7480, .T. ) ;
#3341 = CARTESIAN_POINT ( 'NONE',  ( -18.50000000000000000, -14.00000000000000178, -7.422552296971629993 ) ) ;
#3342 = AXIS2_PLACEMENT_3D ( 'NONE', #6162, #1181, #4995 ) ;
#3343 = DIRECTION ( 'NONE',  ( 0.000000000000000000, 1.000000000000000000, -0.000000000000000000 ) ) ;
#3344 = DIRECTION ( 'NONE',  ( -1.000000000000000000, 0.000000000000000000, 0.000000000000000000 ) ) ;
#3345 = ORIENTED_EDGE ( 'NONE', *, *, #7160, .F. ) ;
#3346 = LINE ( 'NONE', #5679, #5511 ) ;
#3347 = CARTESIAN_POINT ( 'NONE',  ( 19.06257964725430298, 12.59773577473040085, -5.971999999999999531 ) ) ;
#3348 = VERTEX_POINT ( 'NONE', #3593 ) ;
#3349 = CARTESIAN_POINT ( 'NONE',  ( -20.55346307255046767, -11.00000000000000000, -5.599999999999999645 ) ) ;
#3350 = EDGE_CURVE ( 'NONE', #1019, #31, #5265, .T. ) ;
#3351 = ORIENTED_EDGE ( 'NONE', *, *, #232, .F. ) ;
#3352 = LINE ( 'NONE', #970, #1362 ) ;
#3353 = B_SPLINE_CURVE_WITH_KNOTS ( 'NONE', 3,
 ( #1632, #5646, #6351, #2505, #4065, #5540, #876, #7161, #5595, #8618, #8518, #4672, #1688, #129, #8722, #4724, #4781, #7802, #925, #1025, #4881, #4016, #3099, #4115, #8672, #824 ),
 .UNSPECIFIED., .F., .F.,
 ( 4, 2, 2, 2, 2, 2, 2, 2, 2, 2, 2, 2, 4 ),
 ( -1.095445843287695850E-05, 0.0004030729268762139428, 0.0008171003121853049169, 0.001645155082803486648, 0.002473209853421668488, 0.002887237238730757348, 0.003301264624039846208, 0.003715292009348935068, 0.004129319394658023494, 0.004543346779967112788, 0.004957374165276200347, 0.005785428935894378066, 0.006613483706512555786 ),
 .UNSPECIFIED. ) ;
#3354 = CARTESIAN_POINT ( 'NONE',  ( 20.50000000000000000, 9.185353341053360765, 6.938574612190291103E-17 ) ) ;
#3355 = VERTEX_POINT ( 'NONE', #710 ) ;
#3356 = CARTESIAN_POINT ( 'NONE',  ( 20.50000000000000000, -11.91880884889969927, -7.412991039243589597 ) ) ;
#3357 = CARTESIAN_POINT ( 'NONE',  ( -18.60378854107230140, -13.80306874360358016, -6.470619787506971754 ) ) ;
#3358 = CARTESIAN_POINT ( 'NONE',  ( 15.25775696440709872, 14.76618827972126446, -1.322075546482793795 ) ) ;
#3359 = CARTESIAN_POINT ( 'NONE',  ( 19.14877700803842231, -12.17272677066415199, -5.926396014698912751 ) ) ;
#3360 = ORIENTED_EDGE ( 'NONE', *, *, #6025, .T. ) ;
#3361 = CARTESIAN_POINT ( 'NONE',  ( 25.50000000000000000, -11.86754886233890005, -9.500000000000000000 ) ) ;
#3362 = DIRECTION ( 'NONE',  ( 1.000000000000000000, 0.000000000000000000, 0.000000000000000000 ) ) ;
#3363 = AXIS2_PLACEMENT_3D ( 'NONE', #1604, #2471, #6375 ) ;
#3364 = FACE_OUTER_BOUND ( 'NONE', #3931, .T. ) ;
#3365 = DIRECTION ( 'NONE',  ( -1.000000000000000000, 0.000000000000000000, 0.000000000000000000 ) ) ;
#3366 = ADVANCED_FACE ( 'NONE', ( #2886 ), #563, .F. ) ;
#3367 = FACE_OUTER_BOUND ( 'NONE', #5610, .T. ) ;
#3368 = AXIS2_PLACEMENT_3D ( 'NONE', #9680, #2765, #5855 ) ;
#3369 = CARTESIAN_POINT ( 'NONE',  ( 18.00000000000000000, -14.00000000000000000, -8.179259166994908625 ) ) ;
#3370 = EDGE_LOOP ( 'NONE', ( #6423, #4331, #4736, #1427, #601 ) ) ;
#3371 = EDGE_LOOP ( 'NONE', ( #5946, #9646, #490, #2819, #9667 ) ) ;
#3372 = CARTESIAN_POINT ( 'NONE',  ( 12.35499999999999154, 13.99999999999999822, -2.986000000000040178 ) ) ;
#3373 = VERTEX_POINT ( 'NONE', #8955 ) ;
#3374 = DIRECTION ( 'NONE',  ( 1.000000000000000000, 0.000000000000000000, -0.000000000000000000 ) ) ;
#3375 = VECTOR ( 'NONE', #9580, 1000.000000000000000 ) ;
#3376 = FACE_OUTER_BOUND ( 'NONE', #2898, .T. ) ;
#3377 = EDGE_CURVE ( 'NONE', #3890, #9466, #4504, .T. ) ;
#3378 = DIRECTION ( 'NONE',  ( -1.000000000000000000, 0.000000000000000000, 0.000000000000000000 ) ) ;
#3379 = CARTESIAN_POINT ( 'NONE',  ( -20.49999999999999289, -11.98821871871743205, -7.100753376874176404 ) ) ;
#3380 = PLANE ( 'NONE',  #3363 ) ;
#3381 = ORIENTED_EDGE ( 'NONE', *, *, #7760, .F. ) ;
#3382 = DIRECTION ( 'NONE',  ( 0.000000000000000000, 0.000000000000000000, -1.000000000000000000 ) ) ;
#3383 = FACE_OUTER_BOUND ( 'NONE', #5132, .T. ) ;
#3384 = VERTEX_POINT ( 'NONE', #8191 ) ;
#3385 = AXIS2_PLACEMENT_3D ( 'NONE', #204, #6329, #3337 ) ;
#3386 = DIRECTION ( 'NONE',  ( -7.153498870007453638E-17, -1.000000000000000000, -0.000000000000000000 ) ) ;
#3387 = CIRCLE ( 'NONE', #156, 0.6750000000000011546 ) ;
#3388 = EDGE_CURVE ( 'NONE', #1823, #6532, #7130, .T. ) ;
#3389 = LINE ( 'NONE', #2536, #9736 ) ;
#3390 = EDGE_CURVE ( 'NONE', #2749, #1624, #9353, .T. ) ;
#3391 = DIRECTION ( 'NONE',  ( 0.000000000000000000, 0.000000000000000000, 1.000000000000000000 ) ) ;
#3392 = EDGE_CURVE ( 'NONE', #4067, #3072, #8197, .T. ) ;
#3393 = DIRECTION ( 'NONE',  ( 0.000000000000000000, -1.000000000000000000, -1.441138904616592224E-17 ) ) ;
#3394 = ORIENTED_EDGE ( 'NONE', *, *, #7831, .F. ) ;
#3395 = CARTESIAN_POINT ( 'NONE',  ( 19.26932635926476678, 12.31544924772020089, -5.972000000000001307 ) ) ;
#3396 = CARTESIAN_POINT ( 'NONE',  ( 18.78990035571449724, 12.78210080526759995, -5.971999999999999531 ) ) ;
#3397 = ORIENTED_EDGE ( 'NONE', *, *, #3683, .T. ) ;
#3398 = DIRECTION ( 'NONE',  ( 0.000000000000000000, 0.000000000000000000, 1.000000000000000000 ) ) ;
#3399 = VERTEX_POINT ( 'NONE', #7895 ) ;
#3400 = CARTESIAN_POINT ( 'NONE',  ( 25.50000000000000000, -14.49999999999998934, 5.028000000000000469 ) ) ;
#3401 = ADVANCED_FACE ( 'NONE', ( #7839 ), #9253, .T. ) ;
#3402 = DIRECTION ( 'NONE',  ( 0.000000000000000000, 0.000000000000000000, -1.000000000000000000 ) ) ;
#3403 = FACE_OUTER_BOUND ( 'NONE', #5129, .T. ) ;
#3404 = ORIENTED_EDGE ( 'NONE', *, *, #1589, .F. ) ;
#3405 = CARTESIAN_POINT ( 'NONE',  ( 20.50002124838278661, -11.90763369075054356, -7.510705725638971764 ) ) ;
#3406 = CARTESIAN_POINT ( 'NONE',  ( -18.48616570393375369, -14.00000000000000000, -7.540028726771166312 ) ) ;
#3407 = LINE ( 'NONE', #6501, #4338 ) ;
#3408 = CARTESIAN_POINT ( 'NONE',  ( -20.50000000000000000, -2.500000000000006217, 4.014694594305527886 ) ) ;
#3409 = VERTEX_POINT ( 'NONE', #2434 ) ;
#3410 = LINE ( 'NONE', #6504, #8956 ) ;
#3411 = DIRECTION ( 'NONE',  ( 0.000000000000000000, -2.906723457586479957E-16, 1.000000000000000000 ) ) ;
#3412 = AXIS2_PLACEMENT_3D ( 'NONE', #2486, #5578, #8655 ) ;
#3413 = EDGE_CURVE ( 'NONE', #652, #8102, #4367, .T. ) ;
#3414 = CARTESIAN_POINT ( 'NONE',  ( 6.444999999999993179, 33.50000000000000000, -2.985999999999998877 ) ) ;
#3415 = DIRECTION ( 'NONE',  ( 1.000000000000000000, 0.000000000000000000, 0.000000000000000000 ) ) ;
#3416 = CARTESIAN_POINT ( 'NONE',  ( 19.06182886378924835, -13.99759011507107154, -8.955066444955440019 ) ) ;
#3417 = ORIENTED_EDGE ( 'NONE', *, *, #6031, .F. ) ;
#3418 = ORIENTED_EDGE ( 'NONE', *, *, #1107, .F. ) ;
#3419 = CARTESIAN_POINT ( 'NONE',  ( 11.24086771844659971, -13.99999999999999112, -2.473371636272753804 ) ) ;
#3420 = ORIENTED_EDGE ( 'NONE', *, *, #4239, .T. ) ;
#3421 = DIRECTION ( 'NONE',  ( 0.000000000000000000, 0.000000000000000000, 1.000000000000000000 ) ) ;
#3422 = PLANE ( 'NONE',  #8835 ) ;
#3423 = LINE ( 'NONE', #9578, #7564 ) ;
#3424 = CARTESIAN_POINT ( 'NONE',  ( 18.50000000000000000, 12.00000000000000000, -5.971999999999999531 ) ) ;
#3425 = ORIENTED_EDGE ( 'NONE', *, *, #7562, .T. ) ;
#3426 = CARTESIAN_POINT ( 'NONE',  ( -19.50000000000000000, 6.500000000000000000, -5.600000000000000533 ) ) ;
#3427 = ORIENTED_EDGE ( 'NONE', *, *, #8747, .F. ) ;
#3428 = DIRECTION ( 'NONE',  ( 1.000000000000000000, 0.000000000000000000, 0.000000000000000000 ) ) ;
#3429 = CARTESIAN_POINT ( 'NONE',  ( 18.44941982382756507, -14.00000000000000000, -7.852063020671647742 ) ) ;
#3430 = LINE ( 'NONE', #397, #7021 ) ;
#3431 = EDGE_CURVE ( 'NONE', #2117, #7459, #6286, .T. ) ;
#3432 = CARTESIAN_POINT ( 'NONE',  ( -20.55346307255046767, -11.00000000000000000, -7.500000000000000000 ) ) ;
#3433 = EDGE_CURVE ( 'NONE', #8691, #9883, #7787, .T. ) ;
#3434 = CARTESIAN_POINT ( 'NONE',  ( 1.409612175507336973, 15.45350842609781061, 0.01117268120267667433 ) ) ;
#3435 = ORIENTED_EDGE ( 'NONE', *, *, #6719, .T. ) ;
#3436 = DIRECTION ( 'NONE',  ( 0.000000000000000000, 0.000000000000000000, -1.000000000000000000 ) ) ;
#3437 = VECTOR ( 'NONE', #9648, 1000.000000000000000 ) ;
#3438 = CARTESIAN_POINT ( 'NONE',  ( 20.30238285251130037, 12.11210923555239916, -6.470556425469479400 ) ) ;
#3439 = VERTEX_POINT ( 'NONE', #6234 ) ;
#3440 = CARTESIAN_POINT ( 'NONE',  ( 25.50000000000000000, -5.947284263024439757E-15, -7.721999999999999531 ) ) ;
#3441 = LINE ( 'NONE', #5728, #8313 ) ;
#3442 = AXIS2_PLACEMENT_3D ( 'NONE', #2674, #8841, #7184 ) ;
#3443 = DIRECTION ( 'NONE',  ( 1.000000000000000000, -0.000000000000000000, -0.000000000000000000 ) ) ;
#3444 = DIRECTION ( 'NONE',  ( 1.000000000000000000, 0.000000000000000000, 0.000000000000000000 ) ) ;
#3445 = ORIENTED_EDGE ( 'NONE', *, *, #7891, .T. ) ;
#3446 = CARTESIAN_POINT ( 'NONE',  ( 19.10006036902313298, -12.09236459759427618, -5.896349928683018327 ) ) ;
#3447 = EDGE_CURVE ( 'NONE', #6292, #61, #1668, .T. ) ;
#3448 = CARTESIAN_POINT ( 'NONE',  ( -19.99198716627820005, -13.63132492971379861, -7.150516542563368994 ) ) ;
#3449 = VECTOR ( 'NONE', #4203, 1000.000000000000000 ) ;
#3450 = CIRCLE ( 'NONE', #7642, 1.500000000000001332 ) ;
#3451 = CARTESIAN_POINT ( 'NONE',  ( 18.68730476993489376, -12.27753322944822756, -5.862687058088448033 ) ) ;
#3452 = ORIENTED_EDGE ( 'NONE', *, *, #719, .F. ) ;
#3453 = FACE_OUTER_BOUND ( 'NONE', #2591, .T. ) ;
#3454 = EDGE_CURVE ( 'NONE', #243, #7586, #8552, .T. ) ;
#3455 = CARTESIAN_POINT ( 'NONE',  ( 18.26168307167621663, 14.00000000000000178, -7.397953281072172871 ) ) ;
#3456 = AXIS2_PLACEMENT_3D ( 'NONE', #8961, #8198, #4355 ) ;
#3457 = AXIS2_PLACEMENT_3D ( 'NONE', #5950, #480, #8311 ) ;
#3458 = DIRECTION ( 'NONE',  ( -1.000000000000000000, 0.000000000000000000, -0.000000000000000000 ) ) ;
#3459 = ORIENTED_EDGE ( 'NONE', *, *, #3958, .T. ) ;
#3460 = CARTESIAN_POINT ( 'NONE',  ( -23.00000000000000000, -6.500000000000000888, -5.599999999999999645 ) ) ;
#3461 = CARTESIAN_POINT ( 'NONE',  ( 25.50000000000000000, 10.00000000000000000, 1.027999999999995584 ) ) ;
#3462 = CARTESIAN_POINT ( 'NONE',  ( -17.99999999999999645, -13.98910862923849940, -7.175628456206895933 ) ) ;
#3463 = ORIENTED_EDGE ( 'NONE', *, *, #2688, .T. ) ;
#3464 = VERTEX_POINT ( 'NONE', #55 ) ;
#3465 = LINE ( 'NONE', #379, #5429 ) ;
#3466 = ORIENTED_EDGE ( 'NONE', *, *, #4085, .T. ) ;
#3467 = CARTESIAN_POINT ( 'NONE',  ( 13.25000000000001243, -16.50000000000000000, -11.00000000000000178 ) ) ;
#3468 = VECTOR ( 'NONE', #8810, 1000.000000000000000 ) ;
#3469 = VECTOR ( 'NONE', #325, 1000.000000000000000 ) ;
#3470 = EDGE_CURVE ( 'NONE', #9643, #9121, #8499, .T. ) ;
#3471 = CARTESIAN_POINT ( 'NONE',  ( -2.595000000000001084, 16.50000000000000000, -2.985999999999998877 ) ) ;
#3472 = CARTESIAN_POINT ( 'NONE',  ( 18.00000000000000711, -13.50000000000000000, 0.000000000000000000 ) ) ;
#3473 = SURFACE_SIDE_STYLE ('',( #9579 ) ) ;
#3474 = VECTOR ( 'NONE', #49, 1000.000000000000000 ) ;
#3475 = LINE ( 'NONE', #4950, #7892 ) ;
#3476 = VERTEX_POINT ( 'NONE', #858 ) ;
#3477 = LINE ( 'NONE', #534, #7561 ) ;
#3478 = DIRECTION ( 'NONE',  ( 0.000000000000000000, 0.000000000000000000, 1.000000000000000000 ) ) ;
#3479 = ORIENTED_EDGE ( 'NONE', *, *, #1398, .F. ) ;
#3480 = CARTESIAN_POINT ( 'NONE',  ( -9.855000000000002203, 33.50000000000000000, -2.986000000000040178 ) ) ;
#3481 = CARTESIAN_POINT ( 'NONE',  ( 20.55425252218864784, -12.50354353611812463, -9.036496032892186392 ) ) ;
#3482 = VECTOR ( 'NONE', #6098, 999.9999999999998863 ) ;
#3483 = FACE_OUTER_BOUND ( 'NONE', #6181, .T. ) ;
#3484 = B_SPLINE_CURVE_WITH_KNOTS ( 'NONE', 3,
 ( #2666, #5088, #8166, #1860 ),
 .UNSPECIFIED., .F., .F.,
 ( 4, 4 ),
 ( 0.9747242192400276117, 1.000000000000000000 ),
 .UNSPECIFIED. ) ;
#3485 = DIRECTION ( 'NONE',  ( 0.000000000000000000, -1.000000000000000000, 0.000000000000000000 ) ) ;
#3486 = CIRCLE ( 'NONE', #4953, 12.00000000000000000 ) ;
#3487 = CARTESIAN_POINT ( 'NONE',  ( 0.7679968919665683957, 14.92157644972876440, -0.02211733761699368611 ) ) ;
#3488 = EDGE_CURVE ( 'NONE', #1289, #5496, #2605, .T. ) ;
#3489 = ORIENTED_EDGE ( 'NONE', *, *, #567, .T. ) ;
#3490 = DIRECTION ( 'NONE',  ( -1.000000000000000000, -0.000000000000000000, -0.000000000000000000 ) ) ;
#3491 = LINE ( 'NONE', #5921, #6601 ) ;
#3492 = VERTEX_POINT ( 'NONE', #1728 ) ;
#3493 = DIRECTION ( 'NONE',  ( 1.000000000000000000, 0.000000000000000000, -0.000000000000000000 ) ) ;
#3494 = LINE ( 'NONE', #6930, #9425 ) ;
#3495 = VECTOR ( 'NONE', #1548, 1000.000000000000000 ) ;
#3496 = CARTESIAN_POINT ( 'NONE',  ( -13.79500000000000526, -15.23095508353724448, -2.986000000000068155 ) ) ;
#3497 = CARTESIAN_POINT ( 'NONE',  ( -18.96634925100207880, 11.61443586996939992, -5.819712384852004483 ) ) ;
#3498 = EDGE_CURVE ( 'NONE', #2050, #7448, #7680, .T. ) ;
#3499 = VERTEX_POINT ( 'NONE', #6179 ) ;
#3500 = B_SPLINE_CURVE_WITH_KNOTS ( 'NONE', 3,
 ( #8247, #5891, #3703, #8200 ),
 .UNSPECIFIED., .F., .F.,
 ( 4, 4 ),
 ( 0.9178323159572348011, 0.9999999999999921174 ),
 .UNSPECIFIED. ) ;
#3501 = CARTESIAN_POINT ( 'NONE',  ( -19.50000000000000000, 6.500000000000000000, 0.000000000000000000 ) ) ;
#3502 = VECTOR ( 'NONE', #2617, 1000.000000000000000 ) ;
#3503 = CARTESIAN_POINT ( 'NONE',  ( -19.99618554241622093, -13.63971341024213935, -7.571072824486259734 ) ) ;
#3504 = DIRECTION ( 'NONE',  ( 1.000000000000000000, 0.000000000000000000, 0.000000000000000000 ) ) ;
#3505 = CARTESIAN_POINT ( 'NONE',  ( -19.50000000000000000, 9.185353341053369647, -2.778495045355449991E-17 ) ) ;
#3506 = ORIENTED_EDGE ( 'NONE', *, *, #7441, .T. ) ;
#3507 = CARTESIAN_POINT ( 'NONE',  ( -20.50000000000000000, 14.00000000000000000, -7.500000000000000000 ) ) ;
#3508 = ADVANCED_FACE ( 'NONE', ( #3247 ), #6335, .F. ) ;
#3509 = CARTESIAN_POINT ( 'NONE',  ( 19.80865965468176526, -12.15244063602796309, -6.128075036176391599 ) ) ;
#3510 = ADVANCED_FACE ( 'NONE', ( #4814 ), #963, .F. ) ;
#3511 = EDGE_CURVE ( 'NONE', #9492, #6532, #1513, .T. ) ;
#3512 = LINE ( 'NONE', #4216, #5720 ) ;
#3513 = ORIENTED_EDGE ( 'NONE', *, *, #6188, .F. ) ;
#3514 = DIRECTION ( 'NONE',  ( 7.153498870007452406E-17, 1.000000000000000000, 0.000000000000000000 ) ) ;
#3515 = EDGE_CURVE ( 'NONE', #3871, #240, #337, .T. ) ;
#3516 = CARTESIAN_POINT ( 'NONE',  ( 18.26108401022774785, -14.00029984224934232, -8.061570218798383536 ) ) ;
#3517 = VERTEX_POINT ( 'NONE', #1618 ) ;
#3518 = B_SPLINE_CURVE_WITH_KNOTS ( 'NONE', 3,
 ( #7394, #426, #5700, #5748, #8057 ),
 .UNSPECIFIED., .F., .F.,
 ( 4, 1, 4 ),
 ( -1.448271180498747905E-07, 0.4285714285714304350, 0.9178323208790566401 ),
 .UNSPECIFIED. ) ;
#3519 = ORIENTED_EDGE ( 'NONE', *, *, #7521, .F. ) ;
#3520 = DIRECTION ( 'NONE',  ( 1.000000000000000000, -0.000000000000000000, -0.000000000000000000 ) ) ;
#3521 = ORIENTED_EDGE ( 'NONE', *, *, #1450, .T. ) ;
#3522 = CARTESIAN_POINT ( 'NONE',  ( 1.482966913019269750, 15.54995985905248368, 0.007554550667301139846 ) ) ;
#3523 = EDGE_CURVE ( 'NONE', #9980, #8076, #1874, .T. ) ;
#3524 = CARTESIAN_POINT ( 'NONE',  ( 20.55346307255046767, -11.00000000000000000, -7.500000000000000000 ) ) ;
#3525 = FACE_BOUND ( 'NONE', #3987, .T. ) ;
#3526 = EDGE_CURVE ( 'NONE', #3890, #5516, #3346, .T. ) ;
#3527 = PLANE ( 'NONE',  #3368 ) ;
#3528 = VERTEX_POINT ( 'NONE', #7941 ) ;
#3529 = CARTESIAN_POINT ( 'NONE',  ( -18.50000000000000000, -14.00000000000000178, -7.422552296971629993 ) ) ;
#3530 = DIRECTION ( 'NONE',  ( 0.000000000000000000, -1.000000000000000000, -0.000000000000000000 ) ) ;
#3531 = ORIENTED_EDGE ( 'NONE', *, *, #3860, .F. ) ;
#3532 = CARTESIAN_POINT ( 'NONE',  ( 20.49895159095596853, -11.87665546076455669, -8.275160239124558004 ) ) ;
#3533 = PLANE ( 'NONE',  #714 ) ;
#3534 = AXIS2_PLACEMENT_3D ( 'NONE', #288, #4554, #6131 ) ;
#3535 = CARTESIAN_POINT ( 'NONE',  ( 1.749999999999992895, 16.50000000000000000, -5.944039891549808274 ) ) ;
#3536 = EDGE_CURVE ( 'NONE', #7586, #2345, #1132, .T. ) ;
#3537 = VECTOR ( 'NONE', #5142, 1000.000000000000000 ) ;
#3538 = CARTESIAN_POINT ( 'NONE',  ( -17.99999999999999645, 13.00000000000000000, -5.971999999999999531 ) ) ;
#3539 = ORIENTED_EDGE ( 'NONE', *, *, #8879, .T. ) ;
#3540 = VECTOR ( 'NONE', #3751, 1000.000000000000000 ) ;
#3541 = B_SPLINE_CURVE_WITH_KNOTS ( 'NONE', 3,
 ( #9109, #4402, #8349, #4510, #2743 ),
 .UNSPECIFIED., .F., .F.,
 ( 4, 1, 4 ),
 ( -1.448676063496274842E-07, 0.4285714285714279925, 0.9178321261494993832 ),
 .UNSPECIFIED. ) ;
#3542 = LINE ( 'NONE', #6019, #9247 ) ;
#3543 = DIRECTION ( 'NONE',  ( -7.153498870007452406E-17, -1.000000000000000000, 0.000000000000000000 ) ) ;
#3544 = EDGE_LOOP ( 'NONE', ( #2565, #5093, #5831, #7236, #1854, #1012, #588, #6975, #723, #8334, #5783, #8222 ) ) ;
#3545 = LINE ( 'NONE', #8802, #2631 ) ;
#3546 = PLANE ( 'NONE',  #63 ) ;
#3547 = ADVANCED_FACE ( 'NONE', ( #9595 ), #9508, .F. ) ;
#3548 = CARTESIAN_POINT ( 'NONE',  ( 19.50000000000000000, -9.500000000000000000, 0.5547195746538090555 ) ) ;
#3549 = FACE_OUTER_BOUND ( 'NONE', #8969, .T. ) ;
#3550 = CARTESIAN_POINT ( 'NONE',  ( -18.95918961373065059, 11.99867750152758106, -5.873416206721650212 ) ) ;
#3551 = EDGE_LOOP ( 'NONE', ( #889, #5427, #1761, #3909, #8498 ) ) ;
#3552 = CARTESIAN_POINT ( 'NONE',  ( 20.31936732674460089, -11.93006184424220173, -6.490803657820979566 ) ) ;
#3553 = CARTESIAN_POINT ( 'NONE',  ( -18.46571649224558342, -13.99995194787165609, -7.447991691269599812 ) ) ;
#3554 = DIRECTION ( 'NONE',  ( -1.000000000000000000, -1.992221491941909864E-18, 4.579663590744439848E-16 ) ) ;
#3555 = CARTESIAN_POINT ( 'NONE',  ( 18.67885771937487860, -12.54784176676900209, -5.903749590020919591 ) ) ;
#3556 = ORIENTED_EDGE ( 'NONE', *, *, #4931, .F. ) ;
#3557 = CARTESIAN_POINT ( 'NONE',  ( -20.50000000000000000, -1.500000000000000222, -9.500000000000001776 ) ) ;
#3558 = DIRECTION ( 'NONE',  ( 0.000000000000000000, 0.000000000000000000, -1.000000000000000000 ) ) ;
#3559 = EDGE_CURVE ( 'NONE', #8691, #6858, #4864, .T. ) ;
#3560 = VECTOR ( 'NONE', #7800, 1000.000000000000000 ) ;
#3561 = CARTESIAN_POINT ( 'NONE',  ( 5.769999999999991580, 13.99999999999999822, -2.985999999999998877 ) ) ;
#3562 = ORIENTED_EDGE ( 'NONE', *, *, #5116, .F. ) ;
#3563 = CARTESIAN_POINT ( 'NONE',  ( -9.180000000000001492, 33.50000000000000000, -2.986000000000040178 ) ) ;
#3564 = EDGE_CURVE ( 'NONE', #4570, #6512, #4099, .T. ) ;
#3565 = CARTESIAN_POINT ( 'NONE',  ( -19.50000000000000000, -10.50000000000000178, -5.599999999999999645 ) ) ;
#3566 = DIRECTION ( 'NONE',  ( -1.000000000000000000, 0.000000000000000000, 0.000000000000000000 ) ) ;
#3567 = EDGE_LOOP ( 'NONE', ( #5569, #8449, #3654, #1830, #7723 ) ) ;
#3568 = VERTEX_POINT ( 'NONE', #311 ) ;
#3569 = CARTESIAN_POINT ( 'NONE',  ( 18.67082039327990017, -12.84164078539943077, -5.971999999744355136 ) ) ;
#3570 = ORIENTED_EDGE ( 'NONE', *, *, #7000, .T. ) ;
#3571 = CARTESIAN_POINT ( 'NONE',  ( 5.094999999999992646, 33.50000000000000000, -2.985999999999998877 ) ) ;
#3572 = DIRECTION ( 'NONE',  ( 0.000000000000000000, 1.000000000000000000, 0.000000000000000000 ) ) ;
#3573 = CARTESIAN_POINT ( 'NONE',  ( 25.50000000000000000, 2.500000000000000000, 2.757347297152759946 ) ) ;
#3574 = ORIENTED_EDGE ( 'NONE', *, *, #7086, .T. ) ;
#3575 = CARTESIAN_POINT ( 'NONE',  ( -20.55346307255046767, 5.500000000000000000, -9.500000000000000000 ) ) ;
#3576 = CARTESIAN_POINT ( 'NONE',  ( -19.50000000000000000, 5.500000000000000000, 0.000000000000000000 ) ) ;
#3577 = ORIENTED_EDGE ( 'NONE', *, *, #4549, .T. ) ;
#3578 = CARTESIAN_POINT ( 'NONE',  ( 18.40129035351423425, -13.99898221253731556, -7.980353586120685350 ) ) ;
#3579 = EDGE_LOOP ( 'NONE', ( #8568, #7648, #6989, #9344 ) ) ;
#3580 = DIRECTION ( 'NONE',  ( -1.000000000000000000, 0.000000000000000000, 0.000000000000000000 ) ) ;
#3581 = PLANE ( 'NONE',  #5602 ) ;
#3582 = CARTESIAN_POINT ( 'NONE',  ( -20.50000000000000000, -4.619458474249637682E-15, 4.278000000000031555 ) ) ;
#3583 = ORIENTED_EDGE ( 'NONE', *, *, #3515, .F. ) ;
#3584 = CARTESIAN_POINT ( 'NONE',  ( -1.749999999999983569, 16.50000000000000000, 5.028000000000001357 ) ) ;
#3585 = CARTESIAN_POINT ( 'NONE',  ( 18.44445925702750344, 13.99963286952238839, -7.621167649211002093 ) ) ;
#3586 = ORIENTED_EDGE ( 'NONE', *, *, #6899, .T. ) ;
#3587 = PLANE ( 'NONE',  #4405 ) ;
#3588 = DIRECTION ( 'NONE',  ( 0.000000000000000000, -0.000000000000000000, 1.000000000000000000 ) ) ;
#3589 = CARTESIAN_POINT ( 'NONE',  ( -20.50003197350909900, 11.86524349888629892, -7.130104398247599562 ) ) ;
#3590 = DIRECTION ( 'NONE',  ( 0.000000000000000000, 0.000000000000000000, -1.000000000000000000 ) ) ;
#3591 = CARTESIAN_POINT ( 'NONE',  ( -18.25436212704611805, 12.82591604972656540, -5.910452029132956753 ) ) ;
#3592 = ORIENTED_EDGE ( 'NONE', *, *, #1388, .T. ) ;
#3593 = CARTESIAN_POINT ( 'NONE',  ( -19.50000000000000000, 2.500000000000002665, -5.599999999999999645 ) ) ;
#3594 = CARTESIAN_POINT ( 'NONE',  ( -20.50000000000000000, -11.83836720884382743, -8.795086407314251176 ) ) ;
#3595 = DIRECTION ( 'NONE',  ( 7.153498870007452406E-17, 1.000000000000000000, 0.000000000000000000 ) ) ;
#3596 = CARTESIAN_POINT ( 'NONE',  ( 20.50017520060060860, -12.02343221076902324, -7.136965907545991250 ) ) ;
#3597 = EDGE_LOOP ( 'NONE', ( #4803, #1219, #2492, #9994 ) ) ;
#3598 = CARTESIAN_POINT ( 'NONE',  ( -19.44816285408048628, 12.16752260460506463, -5.999998899869215307 ) ) ;
#3599 = PLANE ( 'NONE',  #3456 ) ;
#3600 = VECTOR ( 'NONE', #2127, 1000.000000000000000 ) ;
#3601 = DIRECTION ( 'NONE',  ( 1.000000000000000000, 0.000000000000000000, -0.000000000000000000 ) ) ;
#3602 = VERTEX_POINT ( 'NONE', #266 ) ;
#3603 = DIRECTION ( 'NONE',  ( 1.000000000000000000, -0.000000000000000000, -0.000000000000000000 ) ) ;
#3604 = CIRCLE ( 'NONE', #4750, 12.00000000000002487 ) ;
#3605 = CARTESIAN_POINT ( 'NONE',  ( 16.74999999999998579, 16.50000000000000000, -4.256078737716750382 ) ) ;
#3606 = DIRECTION ( 'NONE',  ( 0.000000000000000000, 0.000000000000000000, -1.000000000000000000 ) ) ;
#3607 = ORIENTED_EDGE ( 'NONE', *, *, #1746, .F. ) ;
#3608 = EDGE_CURVE ( 'NONE', #2345, #7586, #681, .T. ) ;
#3609 = ORIENTED_EDGE ( 'NONE', *, *, #9489, .T. ) ;
#3610 = CARTESIAN_POINT ( 'NONE',  ( 25.50000000000000000, -14.00000000000000533, -11.00000000000000000 ) ) ;
#3611 = EDGE_LOOP ( 'NONE', ( #7750, #8779, #1257, #2177 ) ) ;
#3612 = LINE ( 'NONE', #9122, #4758 ) ;
#3613 = ADVANCED_FACE ( 'NONE', ( #4198 ), #8896, .T. ) ;
#3614 = MECHANICAL_DESIGN_GEOMETRIC_PRESENTATION_REPRESENTATION (  '', ( #5730 ), #9268 ) ;
#3615 = CARTESIAN_POINT ( 'NONE',  ( -17.99999999999999645, -13.50000000000000000, -21.50000000000000000 ) ) ;
#3616 = DIRECTION ( 'NONE',  ( 0.000000000000000000, 2.906723457586479957E-16, -1.000000000000000000 ) ) ;
#3617 = ORIENTED_EDGE ( 'NONE', *, *, #7851, .T. ) ;
#3618 = AXIS2_PLACEMENT_3D ( 'NONE', #6644, #9807, #3650 ) ;
#3619 = CARTESIAN_POINT ( 'NONE',  ( -20.50000000000000000, 2.500000000000000000, -9.500000000000001776 ) ) ;
#3620 = CARTESIAN_POINT ( 'NONE',  ( -19.04784176676907492, 12.17885771937481998, -5.903749590020919591 ) ) ;
#3621 = VERTEX_POINT ( 'NONE', #4914 ) ;
#3622 = CARTESIAN_POINT ( 'NONE',  ( -20.50004251887563100, -11.89641690231558790, -7.608413177956075302 ) ) ;
#3623 = CARTESIAN_POINT ( 'NONE',  ( 20.49915378109907849, -11.89640034725403517, -8.110612153837562843 ) ) ;
#3624 = ORIENTED_EDGE ( 'NONE', *, *, #7792, .T. ) ;
#3625 = FACE_OUTER_BOUND ( 'NONE', #7686, .T. ) ;
#3626 = ADVANCED_FACE ( 'NONE', ( #7990, #2682, #4963 ), #1103, .F. ) ;
#3627 = EDGE_CURVE ( 'NONE', #5297, #760, #403, .T. ) ;
#3628 = VECTOR ( 'NONE', #9360, 1000.000000000000000 ) ;
#3629 = CARTESIAN_POINT ( 'NONE',  ( 14.19641445612787578, -14.93932430113922116, -2.036287499231781428 ) ) ;
#3630 = VERTEX_POINT ( 'NONE', #5775 ) ;
#3631 = ORIENTED_EDGE ( 'NONE', *, *, #223, .F. ) ;
#3632 = DIRECTION ( 'NONE',  ( 1.000000000000000000, 1.992221491941909864E-18, -4.579663590744439848E-16 ) ) ;
#3633 = EDGE_CURVE ( 'NONE', #3199, #1929, #2630, .T. ) ;
#3634 = CARTESIAN_POINT ( 'NONE',  ( 20.49963572152349300, 11.94470796163933990, -7.621176637802824949 ) ) ;
#3635 = ORIENTED_EDGE ( 'NONE', *, *, #5627, .T. ) ;
#3636 = CARTESIAN_POINT ( 'NONE',  ( 11.67999999999999083, 16.50000000000000000, -2.986000000000040178 ) ) ;
#3637 = CARTESIAN_POINT ( 'NONE',  ( 23.50000000000000355, 16.50000000000000000, 5.028000000000000469 ) ) ;
#3638 = CARTESIAN_POINT ( 'NONE',  ( 20.50000000000000000, -5.957245370484149540E-15, -7.721999999999999531 ) ) ;
#3639 = AXIS2_PLACEMENT_3D ( 'NONE', #6280, #9350, #3391 ) ;
#3640 = PLANE ( 'NONE',  #5808 ) ;
#3641 = CARTESIAN_POINT ( 'NONE',  ( -18.00000000000000000, 12.91295802486328270, -5.941226014566478142 ) ) ;
#3642 = EDGE_LOOP ( 'NONE', ( #735, #7335 ) ) ;
#3643 = CARTESIAN_POINT ( 'NONE',  ( 20.50000000000000000, -1.500000000000000222, -7.500000000000000000 ) ) ;
#3644 = EDGE_CURVE ( 'NONE', #6804, #8922, #7850, .T. ) ;
#3645 = B_SPLINE_CURVE_WITH_KNOTS ( 'NONE', 3,
 ( #2484, #7235, #8653, #7041 ),
 .UNSPECIFIED., .F., .F.,
 ( 4, 4 ),
 ( 0.000000000000000000, 0.0009657865827582301802 ),
 .UNSPECIFIED. ) ;
#3646 = CARTESIAN_POINT ( 'NONE',  ( -20.50000000000000000, -11.96471150499631086, -7.722210941413516494 ) ) ;
#3647 = CARTESIAN_POINT ( 'NONE',  ( 18.67125765630755652, -12.74514394321153610, -5.949224247233726892 ) ) ;
#3648 = CIRCLE ( 'NONE', #109, 12.00000000000000000 ) ;
#3649 = ORIENTED_EDGE ( 'NONE', *, *, #6970, .T. ) ;
#3650 = DIRECTION ( 'NONE',  ( -1.000000000000000000, 0.000000000000000000, 0.000000000000000000 ) ) ;
#3651 = CARTESIAN_POINT ( 'NONE',  ( 1.249999999999996447, 33.50000000000000000, -2.985999999999998877 ) ) ;
#3652 = CIRCLE ( 'NONE', #8328, 12.00000000000000000 ) ;
#3653 = CARTESIAN_POINT ( 'NONE',  ( 19.49999999999999645, 2.500000000000002665, -5.599999999999999645 ) ) ;
#3654 = ORIENTED_EDGE ( 'NONE', *, *, #5976, .F. ) ;
#3655 = CARTESIAN_POINT ( 'NONE',  ( 18.66535434712352171, 12.99999999071042112, -6.018415457443055061 ) ) ;
#3656 = CARTESIAN_POINT ( 'NONE',  ( -18.68412649791743263, -12.35238156153325839, -5.856821377037323195 ) ) ;
#3657 = DIRECTION ( 'NONE',  ( 1.000000000000000000, -7.153498870007452406E-17, -0.000000000000000000 ) ) ;
#3658 = ORIENTED_EDGE ( 'NONE', *, *, #5780, .F. ) ;
#3659 = FACE_OUTER_BOUND ( 'NONE', #6300, .T. ) ;
#3660 = CARTESIAN_POINT ( 'NONE',  ( -1.348076211353315790, 15.38411894523508927, -1.485999999999999321 ) ) ;
#3661 = ORIENTED_EDGE ( 'NONE', *, *, #7876, .T. ) ;
#3662 = CARTESIAN_POINT ( 'NONE',  ( 25.50000000000000000, -5.947284263024439757E-15, -7.721999999999999531 ) ) ;
#3663 = B_SPLINE_SURFACE_WITH_KNOTS ( 'NONE', 3, 3, ( 
 ( #4567, #768, #2198, #5995, #6095, #5226, #9068, #7493 ),
 ( #3656, #9164, #3754, #5278, #8460, #7593, #672, #6042 ),
 ( #2144, #6854, #9915, #18, #2246, #4412, #6750, #1373 ),
 ( #5179, #1479, #8250, #1528, #4463, #576, #3806, #9815 ),
 ( #3046, #6900, #8355, #9018, #5944, #9965, #7541, #6144 ),
 ( #9217, #624, #4619, #7694, #3706, #1321, #6802, #9862 ),
 ( #3854, #2099, #3155, #5437, #8670, #1631, #9318, #8516 ),
 ( #6350, #4063, #1787, #7159, #7952, #127, #7801, #5491 ),
 ( #2550, #3097, #1739, #8614, #4113, #6251, #7001, #2398 ),
 ( #924, #977, #4670, #3963, #7113, #4828, #9269, #73 ),
 ( #176, #8566, #4721, #874, #1021, #8720, #224, #3308 ),
 ( #6406, #7857, #9469, #5643, #4015, #3262, #7201, #7059 ),
 ( #7752, #1581, #7911, #4878, #6193, #2346, #821, #9415 ),
 ( #1686, #4779, #2503, #3905, #3208, #6301, #9369, #2448 ),
 ( #5539, #5594, #3357, #1984, #5022, #9607, #5065, #5833 ),
 ( #8049, #6455, #4929, #2739, #1832, #3448, #9521, #4304 ),
 ( #7386, #8907, #1115, #4349, #8957, #8093, #1161, #2599 ),
 ( #1259, #5692, #9563, #280, #7248, #1069, #9700, #1211 ),
 ( #2034, #8764, #8142, #8002, #7339, #5117, #6547, #461 ),
 ( #3553, #6640, #4256, #416, #8192, #2641, #1939, #4161 ),
 ( #2791, #5881, #322, #3406, #6500, #3503, #5737, #8809 ),
 ( #1888, #4972, #4210, #7293, #362, #2694, #5786, #8857 ),
 ( #6591, #9654, #7481, #7582, #6740, #565, #9006, #3646 ),
 ( #4506, #5266, #6791, #6890, #6030, #2937, #4453, #9852 ),
 ( #2186, #9103, #8446, #1417, #5933, #8240, #9803, #9056 ),
 ( #662, #9754, #9954, #2888, #2087, #2233, #5168, #2135 ),
 ( #6839, #8345, #509, #1515, #6083, #1311, #3743, #9900 ),
 ( #2985, #9154, #3035, #7628, #712, #5321, #4399, #5984 ),
 ( #5371, #8397, #1469, #5213, #6132, #7533, #3794, #4555 ),
 ( #614, #9206, #2285, #2840, #8289, #1363, #7434, #3594 ),
 ( #3695, #6689, #5477, #5424, #1621, #6939, #7046, #3250 ),
 ( #9356, #966, #4005, #3195, #9405, #2437, #4607, #3140 ),
 ( #8, #9460, #164, #5530, #117, #6237, #4054, #913 ),
 ( #5581, #6289, #5634, #3087, #8502, #8708, #214, #6182 ),
 ( #7682, #9256, #9307, #8555, #758, #8603, #3845, #7149 ) ),
 .UNSPECIFIED., .F., .F., .F.,
 ( 4, 3, 3, 3, 3, 1, 3, 3, 3, 3, 3, 3, 4 ),
 ( 4, 3, 1, 4 ),
 ( -0.3034280238244928540, -0.1499999999999999944, -0.1110922202130235348, -0.04573755682608586504, 0.000000000000000000, 0.5714285714285709528, 1.000000000000000000, 1.013207689633404351, 1.149999999999999911, 1.344999999999999973, 1.592264203573673820, 1.876618037683398743, 2.203624946909582327 ),
 ( -0.3592576389147142391, -0.3584749523167909957, -0.3249312409772240340, -0.2802062925244680480 ),
 .UNSPECIFIED. ) ;
#3664 = EDGE_CURVE ( 'NONE', #5347, #5516, #9553, .T. ) ;
#3665 = DIRECTION ( 'NONE',  ( -1.000000000000000000, -1.992221491941909864E-18, 4.579663590744439848E-16 ) ) ;
#3666 = CARTESIAN_POINT ( 'NONE',  ( 18.68868307056353117, -12.18868270032513834, -5.820315841484405617 ) ) ;
#3667 = ORIENTED_EDGE ( 'NONE', *, *, #8107, .F. ) ;
#3668 = ORIENTED_EDGE ( 'NONE', *, *, #5953, .T. ) ;
#3669 = CARTESIAN_POINT ( 'NONE',  ( -20.30376667436951976, 12.09532179063011625, -6.470684261762619016 ) ) ;
#3670 = ORIENTED_EDGE ( 'NONE', *, *, #6823, .F. ) ;
#3671 = CARTESIAN_POINT ( 'NONE',  ( -20.30238642397209858, -12.11210951790389956, -6.470554027830959676 ) ) ;
#3673 = EDGE_CURVE ( 'NONE', #4079, #9980, #5209, .T. ) ;
#3672 = CARTESIAN_POINT ( 'NONE',  ( 20.00791039652219538, -13.64951833990779839, -8.168092859551164153 ) ) ;
#3674 = VERTEX_POINT ( 'NONE', #6391 ) ;
#3675 = CYLINDRICAL_SURFACE ( 'NONE', #389, 1.749999999999991118 ) ;
#3676 = VECTOR ( 'NONE', #4487, 1000.000000000000000 ) ;
#3677 = ADVANCED_FACE ( 'NONE', ( #9457 ), #5631, .F. ) ;
#3678 = CARTESIAN_POINT ( 'NONE',  ( -20.50000000000000000, 2.500000000000000000, 4.014694594305530551 ) ) ;
#3679 = CARTESIAN_POINT ( 'NONE',  ( -22.99999999999999645, -14.00000000000000178, 5.028000000000000469 ) ) ;
#3680 = ORIENTED_EDGE ( 'NONE', *, *, #1634, .T. ) ;
#3681 = ORIENTED_EDGE ( 'NONE', *, *, #6044, .T. ) ;
#3682 = CARTESIAN_POINT ( 'NONE',  ( 19.50000000000000000, 11.66417469264724005, -4.844961523184152519 ) ) ;
#3683 = EDGE_CURVE ( 'NONE', #4067, #6498, #1495, .T. ) ;
#3684 = CARTESIAN_POINT ( 'NONE',  ( 18.45654183519547686, 13.99981643476119331, -7.521398115385559358 ) ) ;
#3685 = ORIENTED_EDGE ( 'NONE', *, *, #514, .F. ) ;
#3686 = AXIS2_PLACEMENT_3D ( 'NONE', #1046, #4901, #7976 ) ;
#3687 = CARTESIAN_POINT ( 'NONE',  ( 1.249999999999995337, 16.50000000000000000, -2.985999999999998877 ) ) ;
#3688 = CARTESIAN_POINT ( 'NONE',  ( 18.00000000000000000, 11.49999999999999645, 0.000000000000000000 ) ) ;
#3689 = CARTESIAN_POINT ( 'NONE',  ( -20.49993925874910161, 11.95069475681459892, -7.133804474462040801 ) ) ;
#3690 = VECTOR ( 'NONE', #4327, 1000.000000000000000 ) ;
#3691 = CARTESIAN_POINT ( 'NONE',  ( -19.39528709934849360, -12.16935281547459446, -5.984462202389702057 ) ) ;
#3692 = CARTESIAN_POINT ( 'NONE',  ( -18.32328925778107376, 14.00004348294205414, -7.498428399345092643 ) ) ;
#3693 = VERTEX_POINT ( 'NONE', #2975 ) ;
#3694 = FACE_OUTER_BOUND ( 'NONE', #3797, .T. ) ;
#3695 = CARTESIAN_POINT ( 'NONE',  ( -18.28002121242949585, -13.99715553884242780, -8.981716497141915667 ) ) ;
#3696 = DIRECTION ( 'NONE',  ( 1.000000000000000000, -0.000000000000000000, -0.000000000000000000 ) ) ;
#3697 = ADVANCED_FACE ( 'NONE', ( #4387 ), #3730, .F. ) ;
#3698 = CARTESIAN_POINT ( 'NONE',  ( 19.82956974212509849, -13.44035484904580002, -6.454442320164659463 ) ) ;
#3699 = ORIENTED_EDGE ( 'NONE', *, *, #4755, .T. ) ;
#3700 = DIRECTION ( 'NONE',  ( -1.000000000000000000, 0.000000000000000000, 0.000000000000000000 ) ) ;
#3701 = FACE_OUTER_BOUND ( 'NONE', #4876, .T. ) ;
#3702 = EDGE_CURVE ( 'NONE', #3528, #4433, #6070, .T. ) ;
#3703 = CARTESIAN_POINT ( 'NONE',  ( -18.66935224405871807, -12.89528725205629733, -5.984462182506649519 ) ) ;
#3704 = ORIENTED_EDGE ( 'NONE', *, *, #8315, .T. ) ;
#3705 = CARTESIAN_POINT ( 'NONE',  ( -20.50000000000000000, -6.038926451653769130E-15, -7.721999999999999531 ) ) ;
#3706 = CARTESIAN_POINT ( 'NONE',  ( -18.73953265662054335, -12.53406208922508647, -5.918278090119684087 ) ) ;
#3707 = CARTESIAN_POINT ( 'NONE',  ( 14.87187558293156897, -14.75240038665841169, -4.515945617197277606 ) ) ;
#3708 = ORIENTED_EDGE ( 'NONE', *, *, #968, .T. ) ;
#3709 = DIRECTION ( 'NONE',  ( -7.153498870007452406E-17, -1.000000000000000000, 0.000000000000000000 ) ) ;
#3710 = CARTESIAN_POINT ( 'NONE',  ( -23.00000000000000000, -9.500000000000000000, -0.3905608506923829992 ) ) ;
#3711 = EDGE_LOOP ( 'NONE', ( #7303, #1395 ) ) ;
#3712 = DIRECTION ( 'NONE',  ( 1.000000000000000000, 0.000000000000000000, 0.000000000000000000 ) ) ;
#3713 = AXIS2_PLACEMENT_3D ( 'NONE', #5538, #9267, #976 ) ;
#3714 = EDGE_CURVE ( 'NONE', #1734, #4103, #8332, .T. ) ;
#3715 = CARTESIAN_POINT ( 'NONE',  ( -18.69987115608728345, -11.77970980207370921, -5.725310187614116586 ) ) ;
#3716 = DIRECTION ( 'NONE',  ( 1.000000000000000000, 0.000000000000000000, 0.000000000000000000 ) ) ;
#3717 = CYLINDRICAL_SURFACE ( 'NONE', #5490, 0.6750000000000020428 ) ;
#3718 = CARTESIAN_POINT ( 'NONE',  ( 19.23547507112571964, -11.30706458315067486, -5.894254217622677317 ) ) ;
#3719 = ORIENTED_EDGE ( 'NONE', *, *, #9777, .T. ) ;
#3720 = VERTEX_POINT ( 'NONE', #2175 ) ;
#3721 = CARTESIAN_POINT ( 'NONE',  ( -19.28191790045562826, 12.17245420507370746, -5.958126191090120649 ) ) ;
#3722 = VERTEX_POINT ( 'NONE', #650 ) ;
#3723 = CARTESIAN_POINT ( 'NONE',  ( -20.50000000000000000, 1.499999999999998446, 4.183880899790689334 ) ) ;
#3724 = CARTESIAN_POINT ( 'NONE',  ( 18.25567137370751425, -13.99880567065999770, -9.390652073953241086 ) ) ;
#3725 = ORIENTED_EDGE ( 'NONE', *, *, #9601, .F. ) ;
#3726 = CARTESIAN_POINT ( 'NONE',  ( -20.50000000000000000, 5.500000000000000000, -9.500000000000001776 ) ) ;
#3727 = CARTESIAN_POINT ( 'NONE',  ( -15.00000000000000000, 16.50000000000000000, -11.00000000000000000 ) ) ;
#3728 = ORIENTED_EDGE ( 'NONE', *, *, #5028, .F. ) ;
#3729 = ORIENTED_EDGE ( 'NONE', *, *, #1933, .F. ) ;
#3730 = CYLINDRICAL_SURFACE ( 'NONE', #1166, 1.499999999999987566 ) ;
#3731 = DIRECTION ( 'NONE',  ( 0.000000000000000000, 2.906723457586479957E-16, -1.000000000000000000 ) ) ;
#3732 = VERTEX_POINT ( 'NONE', #2829 ) ;
#3733 = DIRECTION ( 'NONE',  ( -8.673617379884035472E-17, -1.000000000000000000, -0.000000000000000000 ) ) ;
#3734 = EDGE_CURVE ( 'NONE', #9962, #8392, #6026, .T. ) ;
#3735 = PLANE ( 'NONE',  #4936 ) ;
#3736 = CARTESIAN_POINT ( 'NONE',  ( -20.50000000000000000, 11.75578477054290083, -7.397187067963970186 ) ) ;
#3737 = ADVANCED_FACE ( 'NONE', ( #6826 ), #6627, .T. ) ;
#3738 = DIRECTION ( 'NONE',  ( 0.000000000000000000, 1.000000000000000000, -5.770922026422075473E-18 ) ) ;
#3739 = VERTEX_POINT ( 'NONE', #9143 ) ;
#3740 = LINE ( 'NONE', #5212, #8562 ) ;
#3741 = B_SPLINE_SURFACE_WITH_KNOTS ( 'NONE', 3, 3, ( 
 ( #1635, #7862, #879, #2919 ),
 ( #3159, #8465, #7916, #8622 ),
 ( #8569, #1587, #2509, #9375 ),
 ( #4021, #5498, #4070, #1534 ),
 ( #7164, #8676, #4625, #5600 ),
 ( #5442, #7702, #929, #774 ),
 ( #183, #2453, #4727, #6014 ),
 ( #1692, #3861, #7804, #5545 ),
 ( #3102, #3970, #3216, #9273 ),
 ( #6955, #24, #6199, #7008 ),
 ( #2352, #5389, #4786, #4674 ),
 ( #8521, #3268, #2302, #1743 ),
 ( #7757, #78, #132, #7118 ),
 ( #827, #6306, #6355, #6255 ) ),
 .UNSPECIFIED., .F., .F., .F.,
 ( 4, 3, 3, 1, 3, 4 ),
 ( 4, 4 ),
 ( -0.1110920817778144609, -0.04573751819950121894, 0.000000000000000000, 0.5714285714285709528, 1.000000000000000000, 1.013206971876438489 ),
 ( -1.483557860574799880, -1.459032203397679917 ),
 .UNSPECIFIED. ) ;
#3742 = CARTESIAN_POINT ( 'NONE',  ( 19.16146453854588572, 12.30188090150782720, -5.950716793774543767 ) ) ;
#3743 = CARTESIAN_POINT ( 'NONE',  ( -20.52987980528608247, -12.54893107004176045, -8.313004069045678790 ) ) ;
#3744 = CARTESIAN_POINT ( 'NONE',  ( 13.91999999999998927, 15.12301053017827002, -2.986000000000068155 ) ) ;
#3745 = CARTESIAN_POINT ( 'NONE',  ( 18.90831012323075555, -12.42902516226617671, -5.934672713232356678 ) ) ;
#3746 = VERTEX_POINT ( 'NONE', #6777 ) ;
#3747 = LINE ( 'NONE', #2189, #8642 ) ;
#3748 = FACE_OUTER_BOUND ( 'NONE', #8506, .T. ) ;
#3749 = EDGE_CURVE ( 'NONE', #2262, #6262, #4896, .T. ) ;
#3750 = FACE_OUTER_BOUND ( 'NONE', #9419, .T. ) ;
#3751 = DIRECTION ( 'NONE',  ( -0.000000000000000000, -0.000000000000000000, 1.000000000000000000 ) ) ;
#3752 = VERTEX_POINT ( 'NONE', #8946 ) ;
#3753 = DIRECTION ( 'NONE',  ( -1.000000000000000000, 7.153498870007452406E-17, -0.000000000000000000 ) ) ;
#3754 = CARTESIAN_POINT ( 'NONE',  ( -18.68426775981999555, -12.34912687465667780, -5.857080110053648703 ) ) ;
#3755 = CARTESIAN_POINT ( 'NONE',  ( 13.91999999999998749, -15.12301053017827179, -2.986000000000068155 ) ) ;
#3756 = EDGE_CURVE ( 'NONE', #7304, #7930, #9410, .T. ) ;
#3757 = CARTESIAN_POINT ( 'NONE',  ( -20.50000000000000000, -6.500000000000000000, -9.500000000000001776 ) ) ;
#3758 = EDGE_CURVE ( 'NONE', #4711, #9446, #3542, .T. ) ;
#3759 = FACE_BOUND ( 'NONE', #6774, .T. ) ;
#3760 = VERTEX_POINT ( 'NONE', #9092 ) ;
#3761 = DIRECTION ( 'NONE',  ( -7.153498870007453638E-17, -1.000000000000000000, -0.000000000000000000 ) ) ;
#3762 = CARTESIAN_POINT ( 'NONE',  ( -18.00000000000000000, -13.33158847671130154, -6.089234230222939637 ) ) ;
#3763 = AXIS2_PLACEMENT_3D ( 'NONE', #8649, #1718, #4809 ) ;
#3764 = CARTESIAN_POINT ( 'NONE',  ( 20.50000000000000000, -2.500000000000000000, 0.000000000000000000 ) ) ;
#3765 = CARTESIAN_POINT ( 'NONE',  ( 18.70138023727945153, -11.72454635989548244, -5.712495551445549324 ) ) ;
#3766 = ORIENTED_EDGE ( 'NONE', *, *, #1381, .T. ) ;
#3767 = ORIENTED_EDGE ( 'NONE', *, *, #6052, .T. ) ;
#3768 = CARTESIAN_POINT ( 'NONE',  ( -19.34584890993847495, 12.16240414637274725, -5.971999999999999531 ) ) ;
#3769 = ORIENTED_EDGE ( 'NONE', *, *, #6733, .F. ) ;
#3770 = CARTESIAN_POINT ( 'NONE',  ( -19.77659942520939751, -11.97251289108390004, -6.075316001797980370 ) ) ;
#3771 = VECTOR ( 'NONE', #6483, 1000.000000000000000 ) ;
#3772 = CARTESIAN_POINT ( 'NONE',  ( 20.50000000000000000, -11.65782529287296398, -10.32819077459108392 ) ) ;
#3773 = EDGE_LOOP ( 'NONE', ( #8140, #5374, #3123, #2732, #332, #7218, #9784, #7030, #6225 ) ) ;
#3774 = CIRCLE ( 'NONE', #235, 1.249999999999992450 ) ;
#3775 = VECTOR ( 'NONE', #2442, 1000.000000000000000 ) ;
#3776 = DIRECTION ( 'NONE',  ( 0.000000000000000000, 2.906723457586479957E-16, -1.000000000000000000 ) ) ;
#3777 = AXIS2_PLACEMENT_3D ( 'NONE', #9232, #2312, #3872 ) ;
#3778 = CARTESIAN_POINT ( 'NONE',  ( 25.50000000000000000, 1.500000000000000000, -4.000000000000000000 ) ) ;
#3779 = VERTEX_POINT ( 'NONE', #2779 ) ;
#3780 = ORIENTED_EDGE ( 'NONE', *, *, #9479, .F. ) ;
#3781 = CARTESIAN_POINT ( 'NONE',  ( 18.48823716833213737, 14.00000000000000000, -7.522438511785580317 ) ) ;
#3782 = LINE ( 'NONE', #9993, #9504 ) ;
#3783 = VERTEX_POINT ( 'NONE', #3584 ) ;
#3784 = DIRECTION ( 'NONE',  ( 1.000000000000000000, -5.426742037195429582E-32, -4.579663590744439848E-16 ) ) ;
#3785 = DIRECTION ( 'NONE',  ( -0.000000000000000000, 0.000000000000000000, 1.000000000000000000 ) ) ;
#3786 = AXIS2_PLACEMENT_3D ( 'NONE', #6690, #9007, #2088 ) ;
#3787 = AXIS2_PLACEMENT_3D ( 'NONE', #2441, #865, #6186 ) ;
#3788 = CARTESIAN_POINT ( 'NONE',  ( -19.18213709628476593, -11.87867580616829777, -5.886363160843067099 ) ) ;
#3789 = ADVANCED_FACE ( 'NONE', ( #4339 ), #4441, .F. ) ;
#3790 = CARTESIAN_POINT ( 'NONE',  ( 25.50000000000000000, -2.500000000000000000, -4.000000000000000000 ) ) ;
#3791 = ORIENTED_EDGE ( 'NONE', *, *, #2280, .T. ) ;
#3792 = CYLINDRICAL_SURFACE ( 'NONE', #816, 1.500000000000001332 ) ;
#3793 = CARTESIAN_POINT ( 'NONE',  ( 19.50000000000000000, -1.500000000000000000, 2.841940449895349996 ) ) ;
#3794 = CARTESIAN_POINT ( 'NONE',  ( -20.54140349320688586, -12.53022345586783004, -8.649639431063006256 ) ) ;
#3795 = DIRECTION ( 'NONE',  ( 1.000000000000000000, 0.000000000000000000, 0.000000000000000000 ) ) ;
#3796 = CARTESIAN_POINT ( 'NONE',  ( 19.71594425734425471, -12.15573248813255702, -6.058765960590926092 ) ) ;
#3797 = EDGE_LOOP ( 'NONE', ( #1491, #4793, #1027, #419 ) ) ;
#3798 = DIRECTION ( 'NONE',  ( -1.000000000000000000, -1.992221491941909864E-18, 4.579663590744439848E-16 ) ) ;
#3799 = CIRCLE ( 'NONE', #1368, 2.999999999999995559 ) ;
#3800 = EDGE_CURVE ( 'NONE', #9969, #674, #2021, .T. ) ;
#3801 = CARTESIAN_POINT ( 'NONE',  ( 18.00000000000000000, -11.50000000000000000, 0.000000000000000000 ) ) ;
#3802 = CARTESIAN_POINT ( 'NONE',  ( -2.595000000000003304, -13.99999999999999822, -2.985999999999998877 ) ) ;
#3803 = VERTEX_POINT ( 'NONE', #6728 ) ;
#3804 = CARTESIAN_POINT ( 'NONE',  ( 23.50000000000000355, 16.50000000000000000, -11.00000000000000000 ) ) ;
#3805 = CIRCLE ( 'NONE', #1880, 1.249999999999987121 ) ;
#3806 = CARTESIAN_POINT ( 'NONE',  ( -18.95956975400047995, -12.24627356898718489, -5.908183410089699272 ) ) ;
#3807 = CARTESIAN_POINT ( 'NONE',  ( 14.60528093752084011, -14.78571357092262240, -4.365144722000260380 ) ) ;
#3808 = EDGE_CURVE ( 'NONE', #6275, #1360, #5972, .T. ) ;
#3809 = DIRECTION ( 'NONE',  ( 0.000000000000000000, 0.000000000000000000, 1.000000000000000000 ) ) ;
#3810 = CARTESIAN_POINT ( 'NONE',  ( 20.55346307255046767, -11.00000000000000000, -7.500000000000000000 ) ) ;
#3811 = ORIENTED_EDGE ( 'NONE', *, *, #1652, .T. ) ;
#3812 = EDGE_CURVE ( 'NONE', #3693, #1527, #1245, .T. ) ;
#3813 = DIRECTION ( 'NONE',  ( 0.000000000000000000, 1.000000000000000000, 0.000000000000000000 ) ) ;
#3814 = CARTESIAN_POINT ( 'NONE',  ( -18.50509406867116624, -12.55930360945524171, -5.859792988257809476 ) ) ;
#3815 = AXIS2_PLACEMENT_3D ( 'NONE', #1759, #792, #3230 ) ;
#3816 = EDGE_CURVE ( 'NONE', #674, #9740, #8429, .T. ) ;
#3817 = CARTESIAN_POINT ( 'NONE',  ( -18.22774756781377192, 13.99999999999999822, -7.395296658855503580 ) ) ;
#3818 = CARTESIAN_POINT ( 'NONE',  ( 18.26692712427935916, -12.21001521414529911, -5.692698200443968126 ) ) ;
#3819 = VERTEX_POINT ( 'NONE', #499 ) ;
#3820 = ORIENTED_EDGE ( 'NONE', *, *, #5153, .F. ) ;
#3821 = CARTESIAN_POINT ( 'NONE',  ( -18.96485507103100332, 13.99257511565100032, -7.145520495791049420 ) ) ;
#3822 = ORIENTED_EDGE ( 'NONE', *, *, #3714, .F. ) ;
#3823 = CARTESIAN_POINT ( 'NONE',  ( -20.49986221015777232, -12.23591443438160020, -7.667407529575119618 ) ) ;
#3824 = CARTESIAN_POINT ( 'NONE',  ( 20.56083013646213331, -12.49269927243763689, -9.230055108295733390 ) ) ;
#3825 = B_SPLINE_CURVE_WITH_KNOTS ( 'NONE', 3,
 ( #3965, #3211, #9270, #8567 ),
 .UNSPECIFIED., .F., .F.,
 ( 4, 4 ),
 ( 0.000000000000000000, 0.0006949222885332246007 ),
 .UNSPECIFIED. ) ;
#3826 = B_SPLINE_SURFACE_WITH_KNOTS ( 'NONE', 3, 3, ( 
 ( #4324, #9725, #9540, #2815, #8215, #2619, #5711 ),
 ( #8785, #9825, #4423, #3765, #4529, #6054, #6154 ),
 ( #2210, #3718, #9128, #6760, #1443, #5290, #7709 ),
 ( #5188, #7503, #2911, #8319, #7654, #585, #6865 ),
 ( #9928, #9177, #9978, #6910, #1386, #3818, #6107 ),
 ( #9775, #782, #5345, #1331, #8367, #2258, #8416 ),
 ( #4476, #734, #7553, #3666, #6813, #9029, #7601 ),
 ( #1539, #9871, #6005, #3009, #9078, #2157, #8260 ),
 ( #5238, #1487, #682, #4578, #9227, #3057, #2307 ),
 ( #5394, #635, #8472, #4633, #6712, #2859, #2959 ),
 ( #5957, #2109, #4841, #4679, #936, #6205, #4027 ),
 ( #4077, #8575, #988, #3272, #6313, #6962, #7967 ),
 ( #8526, #5551, #6364, #9430, #3918, #9380, #7122 ),
 ( #9279, #3974, #84, #7015, #3165, #1641, #1798 ),
 ( #2516, #5606, #3108, #8629, #2459, #190, #7920 ),
 ( #7169, #8731, #884, #4733, #6260, #7764, #3322 ),
 ( #8681, #1700, #4889, #9328, #833, #2412, #5502 ),
 ( #1750, #5448, #7811, #7869, #239, #30, #7069 ),
 ( #6420, #138, #3223, #4792, #3867, #9481, #2561 ),
 ( #5657, #2357, #1593, #330, #3516, #8967, #5841 ),
 ( #7259, #9709, #1126, #7397, #4268, #376, #3369 ),
 ( #8153, #7350, #2611, #9570, #4984, #4219, #8100 ),
 ( #3416, #2705, #5701, #6467, #5800, #1901, #7302 ) ),
 .UNSPECIFIED., .F., .F., .F.,
 ( 4, 3, 3, 3, 1, 3, 3, 3, 4 ),
 ( 4, 3, 4 ),
 ( -0.5985000000000000320, -0.5140080640583069016, -0.3333697743985851170, 0.000000000000000000, 0.5714285714285709528, 1.000000000000000000, 1.149999999999999911, 1.344999999999999973, 1.598500000000000032 ),
 ( -1.586621663245260994, -1.509206164145669993, -1.459076966445310042 ),
 .UNSPECIFIED. ) ;
#3827 = EDGE_CURVE ( 'NONE', #997, #6457, #2950, .T. ) ;
#3828 = CARTESIAN_POINT ( 'NONE',  ( 0.000000000000000000, -16.50000000000000000, -11.00000000000000000 ) ) ;
#3829 = CARTESIAN_POINT ( 'NONE',  ( 16.74999999999998224, 16.50000000000000000, 5.028000000000001357 ) ) ;
#3830 = ORIENTED_EDGE ( 'NONE', *, *, #6978, .F. ) ;
#3831 = EDGE_LOOP ( 'NONE', ( #2517, #7546, #3661, #9033 ) ) ;
#3832 = CARTESIAN_POINT ( 'NONE',  ( 18.52438753803700067, 11.99383044463936265, -5.689061196528727216 ) ) ;
#3833 = CARTESIAN_POINT ( 'NONE',  ( -13.50000000000001243, 16.50000000000000000, 5.028000000000000469 ) ) ;
#3834 = ORIENTED_EDGE ( 'NONE', *, *, #7717, .F. ) ;
#3835 = DIRECTION ( 'NONE',  ( -1.000000000000000000, -3.469446951953619119E-16, -0.000000000000000000 ) ) ;
#3836 = FACE_OUTER_BOUND ( 'NONE', #5969, .T. ) ;
#3837 = EDGE_CURVE ( 'NONE', #8102, #1823, #5566, .T. ) ;
#3838 = CARTESIAN_POINT ( 'NONE',  ( -18.98580864125942114, -12.45732341586360015, -5.942494640710945575 ) ) ;
#3839 = ADVANCED_FACE ( 'NONE', ( #2424 ), #5197, .F. ) ;
#3840 = VECTOR ( 'NONE', #8485, 1000.000000000000000 ) ;
#3841 = CARTESIAN_POINT ( 'NONE',  ( -18.71557031607915533, 13.99979867293830793, -7.772983467852715656 ) ) ;
#3842 = ORIENTED_EDGE ( 'NONE', *, *, #7355, .F. ) ;
#3843 = DIRECTION ( 'NONE',  ( 1.000000000000000000, 0.000000000000000000, 0.000000000000000000 ) ) ;
#3844 = DIRECTION ( 'NONE',  ( -1.000000000000000000, 0.000000000000000000, 0.000000000000000000 ) ) ;
#3845 = CARTESIAN_POINT ( 'NONE',  ( -20.58414197078316121, -12.46084159180026418, -9.898135829944767039 ) ) ;
#3846 = CARTESIAN_POINT ( 'NONE',  ( 19.50000000000000000, -11.50000000000000000, 1.500000000000000000 ) ) ;
#3847 = CARTESIAN_POINT ( 'NONE',  ( 18.43412814265930066, -14.00000000000000000, -7.981915099929795865 ) ) ;
#3848 = ORIENTED_EDGE ( 'NONE', *, *, #1529, .F. ) ;
#3849 = DIRECTION ( 'NONE',  ( 0.000000000000000000, -1.000000000000000000, -2.906723457586479957E-16 ) ) ;
#3850 = FACE_OUTER_BOUND ( 'NONE', #8413, .T. ) ;
#3851 = CARTESIAN_POINT ( 'NONE',  ( -19.48458031026323312, 11.87323367531365292, -5.982358371986026491 ) ) ;
#3852 = ORIENTED_EDGE ( 'NONE', *, *, #3837, .T. ) ;
#3853 = AXIS2_PLACEMENT_3D ( 'NONE', #9440, #3378, #5457 ) ;
#3854 = CARTESIAN_POINT ( 'NONE',  ( -18.67201042350123075, -12.62853326768413176, -5.921281839053478713 ) ) ;
#3855 = FACE_OUTER_BOUND ( 'NONE', #7353, .T. ) ;
#3856 = CIRCLE ( 'NONE', #467, 1.500000000000001332 ) ;
#3857 = VERTEX_POINT ( 'NONE', #2372 ) ;
#3858 = DIRECTION ( 'NONE',  ( 1.000000000000000000, -0.000000000000000000, -0.000000000000000000 ) ) ;
#3859 = VERTEX_POINT ( 'NONE', #3181 ) ;
#3860 = EDGE_CURVE ( 'NONE', #3630, #7616, #4041, .T. ) ;
#3861 = CARTESIAN_POINT ( 'NONE',  ( 19.77661755013999922, 11.97241752691620142, -6.075320723720139426 ) ) ;
#3862 = CARTESIAN_POINT ( 'NONE',  ( -18.51484267848366372, -12.27198932392365727, -5.773013917131305739 ) ) ;
#3863 = AXIS2_PLACEMENT_3D ( 'NONE', #5904, #5853, #8930 ) ;
#3864 = EDGE_CURVE ( 'NONE', #5897, #425, #1274, .T. ) ;
#3865 = DIRECTION ( 'NONE',  ( 0.000000000000000000, 0.000000000000000000, -1.000000000000000000 ) ) ;
#3866 = PLANE ( 'NONE',  #1109 ) ;
#3867 = CARTESIAN_POINT ( 'NONE',  ( 18.27481327305557457, -14.00024335023134903, -7.937491474087002175 ) ) ;
#3868 = VERTEX_POINT ( 'NONE', #9710 ) ;
#3869 = EDGE_LOOP ( 'NONE', ( #2311, #8062, #3463, #6700 ) ) ;
#3870 = CARTESIAN_POINT ( 'NONE',  ( -18.66061426483719998, 13.21471890679310057, -6.058667187275020183 ) ) ;
#3871 = VERTEX_POINT ( 'NONE', #3605 ) ;
#3872 = DIRECTION ( 'NONE',  ( 0.000000000000000000, 1.000000000000000000, 0.000000000000000000 ) ) ;
#3873 = CARTESIAN_POINT ( 'NONE',  ( 20.60092069545900983, -12.42660348530505665, -10.40979767288034097 ) ) ;
#3874 = AXIS2_PLACEMENT_3D ( 'NONE', #3563, #6600, #1847 ) ;
#3875 = CARTESIAN_POINT ( 'NONE',  ( -20.55346307255046767, 6.500000000000002665, -5.599999999999999645 ) ) ;
#3876 = LINE ( 'NONE', #2131, #3220 ) ;
#3877 = FACE_OUTER_BOUND ( 'NONE', #5678, .T. ) ;
#3878 = ADVANCED_FACE ( 'NONE', ( #4360 ), #7932, .T. ) ;
#3879 = DIRECTION ( 'NONE',  ( 5.782411586589356653E-16, 1.184965211890880193E-16, 1.000000000000000000 ) ) ;
#3880 = ORIENTED_EDGE ( 'NONE', *, *, #6845, .F. ) ;
#3881 = VERTEX_POINT ( 'NONE', #5842 ) ;
#3882 = CARTESIAN_POINT ( 'NONE',  ( 18.00000000000000000, 12.42640818516075996, -5.769204669047039324 ) ) ;
#3883 = DIRECTION ( 'NONE',  ( -7.153498870007452406E-17, -1.000000000000000000, -0.000000000000000000 ) ) ;
#3884 = ORIENTED_EDGE ( 'NONE', *, *, #9499, .T. ) ;
#3885 = CARTESIAN_POINT ( 'NONE',  ( -20.50000000000000000, 14.00000000000000355, 5.028000000000000469 ) ) ;
#3886 = LINE ( 'NONE', #6982, #3474 ) ;
#3887 = VECTOR ( 'NONE', #1569, 1000.000000000000000 ) ;
#3888 = CARTESIAN_POINT ( 'NONE',  ( -19.34164078649990159, -12.17082039324990106, -5.971999999999999531 ) ) ;
#3889 = CARTESIAN_POINT ( 'NONE',  ( -20.50000000000000000, 12.00000000000000000, -8.972000000000001307 ) ) ;
#3890 = VERTEX_POINT ( 'NONE', #7181 ) ;
#3891 = DIRECTION ( 'NONE',  ( 1.000000000000000000, 0.000000000000000000, 0.000000000000000000 ) ) ;
#3892 = CARTESIAN_POINT ( 'NONE',  ( 1.749999999999992895, 16.50000000000000000, -4.485999999999998877 ) ) ;
#3893 = ORIENTED_EDGE ( 'NONE', *, *, #5225, .T. ) ;
#3894 = CARTESIAN_POINT ( 'NONE',  ( -20.55346307255046767, 1.499999999999999556, -5.599999999999999645 ) ) ;
#3895 = DIRECTION ( 'NONE',  ( 5.782411586589356653E-16, 1.184965211890880193E-16, 1.000000000000000000 ) ) ;
#3896 = EDGE_CURVE ( 'NONE', #9108, #9991, #203, .T. ) ;
#3897 = CARTESIAN_POINT ( 'NONE',  ( 20.00039338154120117, -13.63515971969790108, -7.448526451517850866 ) ) ;
#3898 = VERTEX_POINT ( 'NONE', #6702 ) ;
#3899 = LINE ( 'NONE', #4009, #1857 ) ;
#3900 = DIRECTION ( 'NONE',  ( 0.000000000000000000, -1.000000000000000000, 0.000000000000000000 ) ) ;
#3901 = DIRECTION ( 'NONE',  ( 0.7071067811865456854, 0.7071067811865493491, -0.000000000000000000 ) ) ;
#3902 = CARTESIAN_POINT ( 'NONE',  ( -20.55346307255046767, -11.00000000000000000, -5.599999999999999645 ) ) ;
#3903 = ORIENTED_EDGE ( 'NONE', *, *, #6428, .T. ) ;
#3904 = CARTESIAN_POINT ( 'NONE',  ( -19.64905287750073626, 11.88178194932133458, -6.040890247383072342 ) ) ;
#3905 = CARTESIAN_POINT ( 'NONE',  ( -18.66061426483719998, -13.21471890679310057, -6.058667187275020183 ) ) ;
#3906 = DIRECTION ( 'NONE',  ( 1.000000000000000000, -5.426742037195429582E-32, -4.579663590744439848E-16 ) ) ;
#3907 = CARTESIAN_POINT ( 'NONE',  ( 18.00000000000000711, -13.50000000000000000, 0.000000000000000000 ) ) ;
#3908 = CARTESIAN_POINT ( 'NONE',  ( 19.35482995849037380, -12.14444203858806404, -5.972000000022218202 ) ) ;
#3909 = ORIENTED_EDGE ( 'NONE', *, *, #260, .F. ) ;
#3910 = CARTESIAN_POINT ( 'NONE',  ( 18.66535434712352171, 12.99999999071042112, -6.018415457443055061 ) ) ;
#3911 = CARTESIAN_POINT ( 'NONE',  ( 20.49999999999999645, -10.50000000000000000, -7.500000000000000000 ) ) ;
#3912 = CARTESIAN_POINT ( 'NONE',  ( -18.52986821766884873, -11.82915161282936722, -5.639261273549907472 ) ) ;
#3913 = CARTESIAN_POINT ( 'NONE',  ( -9.180000000000001492, 33.50000000000000000, -2.986000000000040178 ) ) ;
#3914 = ADVANCED_FACE ( 'NONE', ( #1995 ), #4903, .F. ) ;
#3915 = DIRECTION ( 'NONE',  ( -1.000000000000000000, 0.000000000000000000, -0.000000000000000000 ) ) ;
#3916 = LINE ( 'NONE', #7014, #1551 ) ;
#3917 = VECTOR ( 'NONE', #2805, 1000.000000000000000 ) ;
#3918 = CARTESIAN_POINT ( 'NONE',  ( 18.36412891694649829, -13.99987584171869948, -7.130297882118459718 ) ) ;
#3919 = VERTEX_POINT ( 'NONE', #6652 ) ;
#3920 = ORIENTED_EDGE ( 'NONE', *, *, #2822, .F. ) ;
#3921 = CARTESIAN_POINT ( 'NONE',  ( -20.50699071342774005, 12.58608933935801488, -7.644357210770936106 ) ) ;
#3922 = ORIENTED_EDGE ( 'NONE', *, *, #9918, .T. ) ;
#3923 = CARTESIAN_POINT ( 'NONE',  ( -0.9348240773533541548, 15.01370077410955162, -0.9224256793784513242 ) ) ;
#3924 = CARTESIAN_POINT ( 'NONE',  ( 20.59222180058232965, -12.44094502402250235, -10.15381579565915082 ) ) ;
#3925 = VECTOR ( 'NONE', #4390, 1000.000000000000000 ) ;
#3926 = CARTESIAN_POINT ( 'NONE',  ( 18.00000000000000355, -13.49986223184806988, -6.269073203967603369 ) ) ;
#3927 = EDGE_CURVE ( 'NONE', #2963, #7799, #999, .T. ) ;
#3928 = PLANE ( 'NONE',  #5436 ) ;
#3929 = LINE ( 'NONE', #7028, #2869 ) ;
#3930 = VERTEX_POINT ( 'NONE', #4137 ) ;
#3931 = EDGE_LOOP ( 'NONE', ( #4031, #1365, #1658, #3586 ) ) ;
#3932 = CIRCLE ( 'NONE', #1835, 12.00000000000000000 ) ;
#3933 = CARTESIAN_POINT ( 'NONE',  ( 18.00000000000000000, 13.83424441322330090, -6.506461368959409519 ) ) ;
#3934 = AXIS2_PLACEMENT_3D ( 'NONE', #7747, #2343, #6945 ) ;
#3935 = CARTESIAN_POINT ( 'NONE',  ( 20.45670671845813970, 12.48977296029870132, -7.434816473502447565 ) ) ;
#3936 = ORIENTED_EDGE ( 'NONE', *, *, #8879, .F. ) ;
#3937 = DIRECTION ( 'NONE',  ( -7.153498870007452406E-17, -1.000000000000000000, -0.000000000000000000 ) ) ;
#3938 = EDGE_CURVE ( 'NONE', #4726, #4317, #5621, .T. ) ;
#3939 = FACE_OUTER_BOUND ( 'NONE', #9180, .T. ) ;
#3940 = EDGE_CURVE ( 'NONE', #5496, #1289, #5895, .T. ) ;
#3941 = CARTESIAN_POINT ( 'NONE',  ( -18.90742268950054950, -12.09818981231358492, -5.845229225680057539 ) ) ;
#3942 = VECTOR ( 'NONE', #4978, 1000.000000000000000 ) ;
#3943 = CIRCLE ( 'NONE', #1186, 12.00000000000003197 ) ;
#3944 = EDGE_CURVE ( 'NONE', #9829, #9431, #7719, .T. ) ;
#3945 = CARTESIAN_POINT ( 'NONE',  ( 20.55346307255046767, -11.00000000000000000, -7.500000000000000000 ) ) ;
#3946 = CARTESIAN_POINT ( 'NONE',  ( -20.50000000000000000, -2.500000000000000000, 0.000000000000000000 ) ) ;
#3947 = VERTEX_POINT ( 'NONE', #2048 ) ;
#3948 = DIRECTION ( 'NONE',  ( 5.782411586589356653E-16, 1.184965211890880193E-16, 1.000000000000000000 ) ) ;
#3949 = CARTESIAN_POINT ( 'NONE',  ( 18.67445640023439069, 12.64727266429790298, -5.926447982145321980 ) ) ;
#3950 = ORIENTED_EDGE ( 'NONE', *, *, #1216, .F. ) ;
#3951 = FACE_BOUND ( 'NONE', #6595, .T. ) ;
#3952 = CARTESIAN_POINT ( 'NONE',  ( 20.55346307255046767, 1.500000000000000000, -9.500000000000000000 ) ) ;
#3953 = CIRCLE ( 'NONE', #6546, 12.00000000000003197 ) ;
#3954 = CARTESIAN_POINT ( 'NONE',  ( 20.50000000000000000, -12.59298761591420046, -7.440010195241539392 ) ) ;
#3955 = ORIENTED_EDGE ( 'NONE', *, *, #4945, .T. ) ;
#3956 = DIRECTION ( 'NONE',  ( 0.000000000000000000, -2.906723457586479957E-16, 1.000000000000000000 ) ) ;
#3957 = VECTOR ( 'NONE', #9558, 1000.000000000000000 ) ;
#3958 = EDGE_CURVE ( 'NONE', #6481, #9962, #7168, .T. ) ;
#3959 = DIRECTION ( 'NONE',  ( -0.000000000000000000, 1.000000000000000000, 0.000000000000000000 ) ) ;
#3960 = CARTESIAN_POINT ( 'NONE',  ( 20.63963077766023702, -12.36278363801242008, -11.54891702651462815 ) ) ;
#3961 = ORIENTED_EDGE ( 'NONE', *, *, #4678, .T. ) ;
#3962 = CARTESIAN_POINT ( 'NONE',  ( -23.00000000000000000, 14.50000000000000178, -11.00000000000000000 ) ) ;
#3963 = CARTESIAN_POINT ( 'NONE',  ( -18.67327111098570924, -12.75205645743063165, -5.951189286634522624 ) ) ;
#3964 = CARTESIAN_POINT ( 'NONE',  ( 19.50000000000000000, -5.959237591976089288E-15, -7.721999999999999531 ) ) ;
#3965 = CARTESIAN_POINT ( 'NONE',  ( 18.67082017598600885, 12.84164089441581780, -5.971999999831375305 ) ) ;
#3966 = AXIS2_PLACEMENT_3D ( 'NONE', #8157, #6562, #8874 ) ;
#3967 = DIRECTION ( 'NONE',  ( 1.000000000000000000, 0.000000000000000000, 0.000000000000000000 ) ) ;
#3968 = VERTEX_POINT ( 'NONE', #950 ) ;
#3969 = CARTESIAN_POINT ( 'NONE',  ( 14.60904700550192992, 14.79240145823142605, -4.356318905995763657 ) ) ;
#3970 = CARTESIAN_POINT ( 'NONE',  ( 20.31936732674460089, 11.93006184424220173, -6.490803657820979566 ) ) ;
#3971 = CARTESIAN_POINT ( 'NONE',  ( 13.25000000000001599, 16.50000000000000000, 5.028000000000001357 ) ) ;
#3972 = CARTESIAN_POINT ( 'NONE',  ( -19.93917490781726443, 13.38891651204929367, -7.443216317716623287 ) ) ;
#3973 = CARTESIAN_POINT ( 'NONE',  ( 1.665334536937730077E-15, 16.50000000000000000, -4.486000000000000654 ) ) ;
#3974 = CARTESIAN_POINT ( 'NONE',  ( 19.01285395982392856, -14.00000000000000000, -7.482947165381218291 ) ) ;
#3975 = ORIENTED_EDGE ( 'NONE', *, *, #1298, .F. ) ;
#3976 = VERTEX_POINT ( 'NONE', #2850 ) ;
#3977 = CARTESIAN_POINT ( 'NONE',  ( -20.50000000000000000, 14.00000000000000355, 0.000000000000000000 ) ) ;
#3978 = ORIENTED_EDGE ( 'NONE', *, *, #399, .T. ) ;
#3979 =( NAMED_UNIT ( * ) SI_UNIT ( $, .STERADIAN. ) SOLID_ANGLE_UNIT ( ) );
#3980 = CARTESIAN_POINT ( 'NONE',  ( 20.50000000000000000, -11.59441347376666620, -10.86666371748657767 ) ) ;
#3981 = AXIS2_PLACEMENT_3D ( 'NONE', #3156, #4829, #4064 ) ;
#3982 = EDGE_CURVE ( 'NONE', #3630, #3239, #7979, .T. ) ;
#3983 = CARTESIAN_POINT ( 'NONE',  ( -23.00000000000000000, -5.500000000000000000, -9.500000000000001776 ) ) ;
#3984 = B_SPLINE_CURVE_WITH_KNOTS ( 'NONE', 3,
 ( #6542, #6450, #4923, #220, #1782, #9603, #4874, #1882, #3303, #5018 ),
 .UNSPECIFIED., .F., .F.,
 ( 4, 2, 2, 2, 4 ),
 ( 0.003659943687606150974, 0.003964191504496264798, 0.004268439321386379055, 0.004572687138276492445, 0.004876934955166606703 ),
 .UNSPECIFIED. ) ;
#3985 = FILL_AREA_STYLE_COLOUR ( '', #2998 ) ;
#3986 = CARTESIAN_POINT ( 'NONE',  ( 25.50000000000000000, 5.500000000000000000, 2.943364503850780078 ) ) ;
#3987 = EDGE_LOOP ( 'NONE', ( #3811, #683, #9597 ) ) ;
#3988 = VERTEX_POINT ( 'NONE', #300 ) ;
#3989 = ADVANCED_FACE ( 'NONE', ( #8646 ), #5077, .F. ) ;
#3990 = CARTESIAN_POINT ( 'NONE',  ( 18.67349950195812980, 12.74370777992293391, -5.949249863340304145 ) ) ;
#3991 = FACE_OUTER_BOUND ( 'NONE', #9003, .T. ) ;
#3992 = ORIENTED_EDGE ( 'NONE', *, *, #4560, .F. ) ;
#3993 = FACE_OUTER_BOUND ( 'NONE', #9162, .T. ) ;
#3994 = LINE ( 'NONE', #7087, #4773 ) ;
#3995 = EDGE_CURVE ( 'NONE', #4079, #2423, #1222, .T. ) ;
#3996 = CIRCLE ( 'NONE', #7689, 12.00000000000000000 ) ;
#3997 = CARTESIAN_POINT ( 'NONE',  ( -18.87853022350421739, -12.45929961744020353, -5.927741961066418597 ) ) ;
#3998 = CARTESIAN_POINT ( 'NONE',  ( 20.50000000000000000, -9.500000000000000000, -9.500000000000000000 ) ) ;
#3999 = EDGE_CURVE ( 'NONE', #4221, #9726, #5869, .T. ) ;
#4000 = DIRECTION ( 'NONE',  ( 0.000000000000000000, 0.000000000000000000, -1.000000000000000000 ) ) ;
#4001 = ORIENTED_EDGE ( 'NONE', *, *, #1637, .F. ) ;
#4002 = DIRECTION ( 'NONE',  ( 5.782411586589356653E-16, 1.184965211890880193E-16, 1.000000000000000000 ) ) ;
#4003 = CARTESIAN_POINT ( 'NONE',  ( 18.46862441336345739, 14.00000000000000000, -7.421628581560116622 ) ) ;
#4004 = VERTEX_POINT ( 'NONE', #7643 ) ;
#4005 = CARTESIAN_POINT ( 'NONE',  ( -18.28155380437168986, -13.99893689803381847, -9.172812573561087035 ) ) ;
#4006 = DIRECTION ( 'NONE',  ( 0.000000000000000000, -2.906723457586479957E-16, 1.000000000000000000 ) ) ;
#4007 = CARTESIAN_POINT ( 'NONE',  ( 20.49973632309609073, -11.93847947723385872, -7.851586849335678409 ) ) ;
#4008 = ORIENTED_EDGE ( 'NONE', *, *, #920, .T. ) ;
#4009 = CARTESIAN_POINT ( 'NONE',  ( 25.50000000000000000, -1.500000000000000000, 4.183880899790660024 ) ) ;
#4010 = CARTESIAN_POINT ( 'NONE',  ( -19.50000000000000000, 11.50000000000000000, 1.500000000000000000 ) ) ;
#4011 = VECTOR ( 'NONE', #9688, 1000.000000000000000 ) ;
#4012 = CARTESIAN_POINT ( 'NONE',  ( 25.50000000000000000, 16.50000000000000000, 5.028000000000000469 ) ) ;
#4013 = ORIENTED_EDGE ( 'NONE', *, *, #8295, .F. ) ;
#4014 = DIRECTION ( 'NONE',  ( -1.000000000000000000, 0.000000000000000000, 0.000000000000000000 ) ) ;
#4015 = CARTESIAN_POINT ( 'NONE',  ( -18.78380373806682613, -12.75157293179448281, -5.965398141783831321 ) ) ;
#4016 = CARTESIAN_POINT ( 'NONE',  ( 1.232350573031813612, 15.22655475974771022, -5.994700609089899324 ) ) ;
#4017 = ORIENTED_EDGE ( 'NONE', *, *, #5047, .F. ) ;
#4018 = CARTESIAN_POINT ( 'NONE',  ( 16.74999999999998579, 16.50000000000000000, -4.256078737716750382 ) ) ;
#4019 = VECTOR ( 'NONE', #2716, 1000.000000000000000 ) ;
#4020 = AXIS2_PLACEMENT_3D ( 'NONE', #7954, #1740, #227 ) ;
#4021 = CARTESIAN_POINT ( 'NONE',  ( 19.37055826710345485, 11.87383404030426171, -5.945887890070080672 ) ) ;
#4022 = CARTESIAN_POINT ( 'NONE',  ( -18.26098402100286222, -14.00030003230017606, -8.061538402144444504 ) ) ;
#4023 = CARTESIAN_POINT ( 'NONE',  ( -20.50000000000000000, 1.499999999999999778, -7.500000000000000000 ) ) ;
#4024 = VECTOR ( 'NONE', #5616, 1000.000000000000000 ) ;
#4025 = VECTOR ( 'NONE', #5488, 1000.000000000000000 ) ;
#4026 = CARTESIAN_POINT ( 'NONE',  ( 19.91366097911397759, -13.41367403801326752, -7.443206410670352824 ) ) ;
#4027 = CARTESIAN_POINT ( 'NONE',  ( 18.00000000000000000, -13.33158847671130154, -6.089234230222939637 ) ) ;
#4028 = ORIENTED_EDGE ( 'NONE', *, *, #47, .F. ) ;
#4029 = VERTEX_POINT ( 'NONE', #2900 ) ;
#4030 = CARTESIAN_POINT ( 'NONE',  ( 0.001468061740070071303, 14.74759552005547825, -5.715658418812715524 ) ) ;
#4031 = ORIENTED_EDGE ( 'NONE', *, *, #6324, .T. ) ;
#4032 = CARTESIAN_POINT ( 'NONE',  ( 25.50000000000000000, -5.500000000000000000, 2.943364503850780078 ) ) ;
#4033 = CARTESIAN_POINT ( 'NONE',  ( 20.49770884191684317, -11.54602357189582484, -11.15291921396758212 ) ) ;
#4034 = EDGE_CURVE ( 'NONE', #2946, #2050, #2948, .T. ) ;
#4035 = VECTOR ( 'NONE', #6661, 1000.000000000000000 ) ;
#4036 = DIRECTION ( 'NONE',  ( -1.000000000000000000, 0.000000000000000000, 0.000000000000000000 ) ) ;
#4037 = LINE ( 'NONE', #3331, #2364 ) ;
#4038 = LINE ( 'NONE', #5618, #9001 ) ;
#4039 = ORIENTED_EDGE ( 'NONE', *, *, #8120, .F. ) ;
#4040 = ORIENTED_EDGE ( 'NONE', *, *, #7657, .F. ) ;
#4041 = LINE ( 'NONE', #9447, #7464 ) ;
#4042 = DIRECTION ( 'NONE',  ( 0.000000000000000000, 1.000000000000000000, 0.000000000000000000 ) ) ;
#4043 = ORIENTED_EDGE ( 'NONE', *, *, #4513, .F. ) ;
#4044 = DIRECTION ( 'NONE',  ( 5.782411586589356653E-16, 1.184965211890880193E-16, 1.000000000000000000 ) ) ;
#4045 = CARTESIAN_POINT ( 'NONE',  ( -19.50000000000000000, -11.87403512810171868, -5.987846092007224286 ) ) ;
#4046 = VECTOR ( 'NONE', #3514, 1000.000000000000000 ) ;
#4047 = DIRECTION ( 'NONE',  ( 0.000000000000000000, 1.000000000000000000, 2.906723457586479957E-16 ) ) ;
#4048 = FACE_OUTER_BOUND ( 'NONE', #6261, .T. ) ;
#4049 = ADVANCED_FACE ( 'NONE', ( #9117 ), #2296, .F. ) ;
#4050 = EDGE_LOOP ( 'NONE', ( #4217, #6927 ) ) ;
#4051 = CARTESIAN_POINT ( 'NONE',  ( -20.50000000000000000, -10.00000000000000000, 2.278000000000003133 ) ) ;
#4052 = CARTESIAN_POINT ( 'NONE',  ( 20.30375636588920329, 12.09544684500326817, -6.470683309477140099 ) ) ;
#4053 = ORIENTED_EDGE ( 'NONE', *, *, #7618, .F. ) ;
#4054 = CARTESIAN_POINT ( 'NONE',  ( -20.56890189350789910, -12.48558241154528758, -9.452935563676852837 ) ) ;
#4055 = LINE ( 'NONE', #3952, #6495 ) ;
#4056 = VERTEX_POINT ( 'NONE', #1431 ) ;
#4057 = DIRECTION ( 'NONE',  ( 0.000000000000000000, 1.000000000000000000, 0.000000000000000000 ) ) ;
#4058 = ADVANCED_FACE ( 'NONE', ( #6949 ), #3663, .T. ) ;
#4059 = CARTESIAN_POINT ( 'NONE',  ( -13.79500000000001059, -15.23095508353724981, -2.913658279000645557 ) ) ;
#4060 = CARTESIAN_POINT ( 'NONE',  ( -18.00000000000000000, -11.50000000000000000, 0.000000000000000000 ) ) ;
#4061 = ORIENTED_EDGE ( 'NONE', *, *, #7048, .F. ) ;
#4062 = LINE ( 'NONE', #6639, #4525 ) ;
#4063 = CARTESIAN_POINT ( 'NONE',  ( -18.67196256957917910, -12.66966676197449893, -5.931273329892234436 ) ) ;
#4064 = DIRECTION ( 'NONE',  ( 1.000000000000000000, 0.000000000000000000, 0.000000000000000000 ) ) ;
#4065 = CARTESIAN_POINT ( 'NONE',  ( -1.701186621863948423, 16.08078442756340110, -3.536330198556429050 ) ) ;
#4066 = DIRECTION ( 'NONE',  ( 0.000000000000000000, 0.000000000000000000, 1.000000000000000000 ) ) ;
#4067 = VERTEX_POINT ( 'NONE', #4765 ) ;
#4068 = CARTESIAN_POINT ( 'NONE',  ( 23.50000000000000355, 16.50000000000000000, -11.00000000000000000 ) ) ;
#4069 = EDGE_CURVE ( 'NONE', #5079, #6457, #1671, .T. ) ;
#4070 = CARTESIAN_POINT ( 'NONE',  ( 19.29826484928177521, 12.08632592859529886, -5.948933023242306106 ) ) ;
#4071 = ADVANCED_FACE ( 'NONE', ( #1568 ), #2489, .F. ) ;
#4072 = CARTESIAN_POINT ( 'NONE',  ( -18.20744375821210070, -14.00052049081639538, -8.545431235058462249 ) ) ;
#4073 = CARTESIAN_POINT ( 'NONE',  ( -23.00000000000000000, -10.49999999999999822, -9.500000000000000000 ) ) ;
#4074 = DIRECTION ( 'NONE',  ( 0.000000000000000000, -1.000000000000000000, 0.000000000000000000 ) ) ;
#4075 = DIRECTION ( 'NONE',  ( 0.000000000000000000, -2.906723457586479957E-16, 1.000000000000000000 ) ) ;
#4076 = EDGE_CURVE ( 'NONE', #1350, #9493, #7098, .T. ) ;
#4077 = CARTESIAN_POINT ( 'NONE',  ( 19.43457890602394045, -13.71632955099115136, -6.364166664351749603 ) ) ;
#4078 = VERTEX_POINT ( 'NONE', #810 ) ;
#4079 = VERTEX_POINT ( 'NONE', #8658 ) ;
#4080 = CARTESIAN_POINT ( 'NONE',  ( -20.49963298754504493, 11.94316188409529644, -7.721362042148403937 ) ) ;
#4081 = ORIENTED_EDGE ( 'NONE', *, *, #9331, .F. ) ;
#4082 = LINE ( 'NONE', #4944, #6213 ) ;
#4083 = AXIS2_PLACEMENT_3D ( 'NONE', #8204, #2999, #5383 ) ;
#4084 = LINE ( 'NONE', #4898, #2857 ) ;
#4085 = EDGE_CURVE ( 'NONE', #5712, #334, #8927, .T. ) ;
#4086 = CARTESIAN_POINT ( 'NONE',  ( 25.50000000000000000, 10.00000000000000000, 3.527999999999975156 ) ) ;
#4087 = ORIENTED_EDGE ( 'NONE', *, *, #1089, .T. ) ;
#4088 = ORIENTED_EDGE ( 'NONE', *, *, #9656, .T. ) ;
#4089 = CARTESIAN_POINT ( 'NONE',  ( -19.36709383752874203, 12.11799154774032949, -5.972002958348846313 ) ) ;
#4090 = CARTESIAN_POINT ( 'NONE',  ( -20.50000000000000000, -2.500000000000000000, -7.500000000000000000 ) ) ;
#4091 = ORIENTED_EDGE ( 'NONE', *, *, #2265, .F. ) ;
#4092 = CYLINDRICAL_SURFACE ( 'NONE', #3442, 0.6750000000000002665 ) ;
#4093 = VECTOR ( 'NONE', #3428, 1000.000000000000000 ) ;
#4094 = CARTESIAN_POINT ( 'NONE',  ( -20.50000000000000000, -14.00000000000000178, 0.000000000000000000 ) ) ;
#4095 = DIRECTION ( 'NONE',  ( 1.000000000000000000, 0.000000000000000000, 0.000000000000000000 ) ) ;
#4096 = CIRCLE ( 'NONE', #7966, 3.000000000000000444 ) ;
#4097 = CARTESIAN_POINT ( 'NONE',  ( 20.50000000000000000, 12.00000000000000000, -7.422552296971640651 ) ) ;
#4098 = ORIENTED_EDGE ( 'NONE', *, *, #5673, .F. ) ;
#4099 = LINE ( 'NONE', #2585, #6511 ) ;
#4100 = CARTESIAN_POINT ( 'NONE',  ( 18.53360809047920199, 14.00000000000000000, -7.137163111788879633 ) ) ;
#4101 = ORIENTED_EDGE ( 'NONE', *, *, #8010, .T. ) ;
#4102 = FACE_OUTER_BOUND ( 'NONE', #1884, .T. ) ;
#4103 = VERTEX_POINT ( 'NONE', #3894 ) ;
#4104 = DIRECTION ( 'NONE',  ( 1.000000000000000000, -5.426742037195429582E-32, -4.579663590744439848E-16 ) ) ;
#4105 = VECTOR ( 'NONE', #6552, 1000.000000000000000 ) ;
#4106 = AXIS2_PLACEMENT_3D ( 'NONE', #8678, #1537, #6554 ) ;
#4107 = ADVANCED_FACE ( 'NONE', ( #861, #3297, #6990, #6394, #2544, #58, #3951, #2387, #354, #6536 ), #270, .T. ) ;
#4108 = CARTESIAN_POINT ( 'NONE',  ( -19.50000000000000000, 11.50000000000000000, -5.600000000000000533 ) ) ;
#4109 = ORIENTED_EDGE ( 'NONE', *, *, #6349, .T. ) ;
#4110 = AXIS2_PLACEMENT_3D ( 'NONE', #3846, #4713, #2438 ) ;
#4111 = CARTESIAN_POINT ( 'NONE',  ( 20.50000000000000000, -11.77774138617019872, -7.127252164735660145 ) ) ;
#4112 = VECTOR ( 'NONE', #504, 1000.000000000000000 ) ;
#4113 = CARTESIAN_POINT ( 'NONE',  ( -18.76253527394201726, -12.64707759531717279, -5.942760991399467230 ) ) ;
#4114 = CARTESIAN_POINT ( 'NONE',  ( 16.74098625120051764, 16.29631288958916713, -1.707756391351729963 ) ) ;
#4115 = CARTESIAN_POINT ( 'NONE',  ( 1.681685022792183126, 15.94102794802765999, -5.957599170606944661 ) ) ;
#4116 = CARTESIAN_POINT ( 'NONE',  ( -13.25000000000001243, -16.50000000000000000, -11.00000000000000000 ) ) ;
#4117 = ORIENTED_EDGE ( 'NONE', *, *, #2078, .F. ) ;
#4118 = LINE ( 'NONE', #7345, #704 ) ;
#4119 = EDGE_CURVE ( 'NONE', #7216, #1124, #5378, .T. ) ;
#4120 = CARTESIAN_POINT ( 'NONE',  ( -18.35919890493528683, -14.00000000000000000, -8.618190288294716339 ) ) ;
#4121 = CIRCLE ( 'NONE', #80, 1.249999999999992450 ) ;
#4122 = CARTESIAN_POINT ( 'NONE',  ( 25.50000000000000000, 11.50000000000000000, 1.500000000000000000 ) ) ;
#4123 = CARTESIAN_POINT ( 'NONE',  ( 16.74999999999998579, -16.50000000000000000, -4.256078737716749494 ) ) ;
#4124 = EDGE_CURVE ( 'NONE', #6058, #8130, #1824, .T. ) ;
#4125 = PLANE ( 'NONE',  #3534 ) ;
#4126 = VERTEX_POINT ( 'NONE', #6630 ) ;
#4127 = VERTEX_POINT ( 'NONE', #8131 ) ;
#4128 = CARTESIAN_POINT ( 'NONE',  ( 20.49999999999999645, 10.50000000000000178, -7.500000000000000000 ) ) ;
#4129 = ORIENTED_EDGE ( 'NONE', *, *, #5361, .T. ) ;
#4130 = DIRECTION ( 'NONE',  ( 1.000000000000000000, 0.000000000000000000, 0.000000000000000000 ) ) ;
#4131 = EDGE_CURVE ( 'NONE', #5821, #3783, #3545, .T. ) ;
#4132 = AXIS2_PLACEMENT_3D ( 'NONE', #1665, #4861, #307 ) ;
#4133 = CARTESIAN_POINT ( 'NONE',  ( -23.00000000000000000, 10.50000000000000000, -9.500000000000000000 ) ) ;
#4134 = CARTESIAN_POINT ( 'NONE',  ( -20.50000000000000000, -2.500000000000000000, -9.500000000000001776 ) ) ;
#4135 = CARTESIAN_POINT ( 'NONE',  ( -3.270000000000001350, 16.50000000000000000, -2.985999999999998877 ) ) ;
#4136 = ORIENTED_EDGE ( 'NONE', *, *, #9529, .T. ) ;
#4137 = CARTESIAN_POINT ( 'NONE',  ( -22.99999999999999645, 14.50000000000000178, 5.028000000000000469 ) ) ;
#4138 = CARTESIAN_POINT ( 'NONE',  ( 19.93576316086533140, 13.39238009063628354, -7.443215814281326281 ) ) ;
#4139 = VECTOR ( 'NONE', #8549, 1000.000000000000000 ) ;
#4140 = ORIENTED_EDGE ( 'NONE', *, *, #1376, .T. ) ;
#4141 = DIRECTION ( 'NONE',  ( 1.000000000000000000, -0.000000000000000000, -0.000000000000000000 ) ) ;
#4142 = DIRECTION ( 'NONE',  ( 1.000000000000000000, -0.000000000000000000, 0.000000000000000000 ) ) ;
#4143 = EDGE_CURVE ( 'NONE', #3779, #4711, #6492, .T. ) ;
#4144 = CIRCLE ( 'NONE', #9616, 0.6750000000000020428 ) ;
#4145 = CARTESIAN_POINT ( 'NONE',  ( 18.50074720379181414, -14.00000000000000178, -7.422640289418239057 ) ) ;
#4146 = CARTESIAN_POINT ( 'NONE',  ( -18.50000000000000000, 14.00000000000000178, -11.00000000000000000 ) ) ;
#4147 = ORIENTED_EDGE ( 'NONE', *, *, #3388, .F. ) ;
#4148 = DIRECTION ( 'NONE',  ( 7.153498870007452406E-17, 1.000000000000000000, 0.000000000000000000 ) ) ;
#4149 = CARTESIAN_POINT ( 'NONE',  ( 18.66670670963684131, 12.74805935468739904, -5.949172246537368203 ) ) ;
#4150 = ORIENTED_EDGE ( 'NONE', *, *, #8595, .T. ) ;
#4151 = CARTESIAN_POINT ( 'NONE',  ( 20.55346307255046767, -11.00000000000000000, -5.599999999999999645 ) ) ;
#4152 = ORIENTED_EDGE ( 'NONE', *, *, #3664, .F. ) ;
#4153 = CARTESIAN_POINT ( 'NONE',  ( -19.50000000000000000, 5.499999999999999112, -5.599999999999999645 ) ) ;
#4154 = ADVANCED_FACE ( 'NONE', ( #5014 ), #7287, .F. ) ;
#4155 = CARTESIAN_POINT ( 'NONE',  ( -13.52671840707616902, -15.55335605077023509, -2.445060699231521362 ) ) ;
#4156 = ADVANCED_FACE ( 'NONE', ( #9693 ), #9511, .F. ) ;
#4157 = FACE_OUTER_BOUND ( 'NONE', #9101, .T. ) ;
#4158 = CARTESIAN_POINT ( 'NONE',  ( 19.50000000000000000, 10.50000000000000000, -1.912524980688840026 ) ) ;
#4159 = ORIENTED_EDGE ( 'NONE', *, *, #238, .F. ) ;
#4160 = DIRECTION ( 'NONE',  ( 0.000000000000000000, -2.906723457586479957E-16, 1.000000000000000000 ) ) ;
#4161 = CARTESIAN_POINT ( 'NONE',  ( -20.50000000000000000, -11.99689280340240849, -7.448937619450006764 ) ) ;
#4162 = CARTESIAN_POINT ( 'NONE',  ( 14.19607533499691598, 14.93949111464765700, -2.036761005512783829 ) ) ;
#4163 = APPLICATION_CONTEXT ( 'automotive_design' ) ;
#4164 = CARTESIAN_POINT ( 'NONE',  ( -9.180000000000003268, -13.99999999999999822, -2.986000000000040178 ) ) ;
#4165 = VERTEX_POINT ( 'NONE', #4295 ) ;
#4166 = CARTESIAN_POINT ( 'NONE',  ( -23.00000000000000000, 9.500000000000000000, -9.500000000000000000 ) ) ;
#4167 = CARTESIAN_POINT ( 'NONE',  ( 19.50000000000001421, 12.16535419343582092, -6.018415383382384576 ) ) ;
#4168 = CIRCLE ( 'NONE', #3686, 3.000000000000000888 ) ;
#4169 = DIRECTION ( 'NONE',  ( 0.000000000000000000, 0.000000000000000000, 1.000000000000000000 ) ) ;
#4170 = CARTESIAN_POINT ( 'NONE',  ( 19.50000000000000000, 1.500000000000000000, 0.000000000000000000 ) ) ;
#4171 = VECTOR ( 'NONE', #2006, 1000.000000000000000 ) ;
#4172 = DIRECTION ( 'NONE',  ( -1.000000000000000000, -1.992221491941909864E-18, 4.579663590744439848E-16 ) ) ;
#4173 = DIRECTION ( 'NONE',  ( 0.000000000000000000, 0.000000000000000000, 1.000000000000000000 ) ) ;
#4174 = ORIENTED_EDGE ( 'NONE', *, *, #5863, .F. ) ;
#4175 = EDGE_CURVE ( 'NONE', #3746, #5363, #2733, .T. ) ;
#4176 = VERTEX_POINT ( 'NONE', #5727 ) ;
#4177 = DIRECTION ( 'NONE',  ( 0.000000000000000000, 0.000000000000000000, 1.000000000000000000 ) ) ;
#4178 = ORIENTED_EDGE ( 'NONE', *, *, #958, .T. ) ;
#4179 = CARTESIAN_POINT ( 'NONE',  ( -13.76967209091377775, 15.63930207893735336, -2.783468543825612151 ) ) ;
#4180 = EDGE_CURVE ( 'NONE', #1905, #3010, #1975, .T. ) ;
#4181 = AXIS2_PLACEMENT_3D ( 'NONE', #7138, #4807, #9394 ) ;
#4182 = DIRECTION ( 'NONE',  ( -0.000000000000000000, -0.000000000000000000, 1.000000000000000000 ) ) ;
#4183 = CARTESIAN_POINT ( 'NONE',  ( 20.50000000000000000, -10.50000000000000000, -9.500000000000000000 ) ) ;
#4184 = CARTESIAN_POINT ( 'NONE',  ( -20.50000000000000000, -11.99625217924800147, -7.422111238351130069 ) ) ;
#4185 = CARTESIAN_POINT ( 'NONE',  ( -20.55346307255046767, 10.50000000000000000, -1.912524980688840026 ) ) ;
#4186 = ORIENTED_EDGE ( 'NONE', *, *, #8010, .F. ) ;
#4187 = LINE ( 'NONE', #8169, #3537 ) ;
#4188 = ORIENTED_EDGE ( 'NONE', *, *, #3065, .T. ) ;
#4189 = VECTOR ( 'NONE', #1538, 1000.000000000000000 ) ;
#4190 = DIRECTION ( 'NONE',  ( -0.000000000000000000, 1.000000000000000000, -0.000000000000000000 ) ) ;
#4191 = VECTOR ( 'NONE', #4707, 1000.000000000000000 ) ;
#4192 = CARTESIAN_POINT ( 'NONE',  ( 18.42780233433158443, -13.99947898975124438, -7.851122133765951361 ) ) ;
#4193 = DIRECTION ( 'NONE',  ( 1.000000000000000000, -7.153498870007452406E-17, -0.000000000000000000 ) ) ;
#4194 = ADVANCED_FACE ( 'NONE', ( #8755 ), #1877, .T. ) ;
#4195 = CARTESIAN_POINT ( 'NONE',  ( 14.45643763795582792, -14.83468656240906824, -1.742652174433476198 ) ) ;
#4196 = CARTESIAN_POINT ( 'NONE',  ( -1.626021909413352340, 15.83049447677381494, -2.103429566728676647 ) ) ;
#4197 = ORIENTED_EDGE ( 'NONE', *, *, #539, .F. ) ;
#4198 = FACE_OUTER_BOUND ( 'NONE', #299, .T. ) ;
#4199 = ADVANCED_FACE ( 'NONE', ( #4966 ), #7240, .T. ) ;
#4200 = CARTESIAN_POINT ( 'NONE',  ( 18.61210923555200125, 13.80238285251130037, -6.470556425469479400 ) ) ;
#4201 = EDGE_LOOP ( 'NONE', ( #5846, #5141, #4623, #5506, #9905, #5886 ) ) ;
#4202 = DIRECTION ( 'NONE',  ( 0.000000000000000000, 0.000000000000000000, 1.000000000000000000 ) ) ;
#4203 = DIRECTION ( 'NONE',  ( 0.000000000000000000, 1.000000000000000000, 0.000000000000000000 ) ) ;
#4204 = AXIS2_PLACEMENT_3D ( 'NONE', #4359, #3603, #9163 ) ;
#4205 = CARTESIAN_POINT ( 'NONE',  ( 1.749999999999988010, 16.50000000000000000, -0.02796010845018923052 ) ) ;
#4206 = AXIS2_PLACEMENT_3D ( 'NONE', #5421, #807, #3891 ) ;
#4207 = CARTESIAN_POINT ( 'NONE',  ( 18.00000000000000711, -13.00000000000000000, -5.971999999999999531 ) ) ;
#4208 = ORIENTED_EDGE ( 'NONE', *, *, #2887, .F. ) ;
#4209 = DIRECTION ( 'NONE',  ( -1.000000000000000000, 0.000000000000000000, 0.000000000000000000 ) ) ;
#4210 = CARTESIAN_POINT ( 'NONE',  ( -18.46485385904701459, -13.99987338776359458, -7.630734226434844558 ) ) ;
#4211 = CARTESIAN_POINT ( 'NONE',  ( 16.48327707551009880, 15.55126042837353850, -1.515236069292965393 ) ) ;
#4212 = CARTESIAN_POINT ( 'NONE',  ( 18.68709018963456003, -12.24690938520103423, -5.833842078291278987 ) ) ;
#4213 = ORIENTED_EDGE ( 'NONE', *, *, #1415, .T. ) ;
#4214 = FACE_OUTER_BOUND ( 'NONE', #8932, .T. ) ;
#4215 = PLANE ( 'NONE',  #7483 ) ;
#4216 = CARTESIAN_POINT ( 'NONE',  ( 19.50000000000000000, -10.50000000000000000, -4.000000000000000000 ) ) ;
#4217 = ORIENTED_EDGE ( 'NONE', *, *, #9187, .F. ) ;
#4218 = LINE ( 'NONE', #1946, #482 ) ;
#4219 = CARTESIAN_POINT ( 'NONE',  ( 18.11107814489911760, -14.00000000000000000, -8.335283273142854554 ) ) ;
#4220 = DIRECTION ( 'NONE',  ( -1.000000000000000000, 5.426742037195429582E-32, 4.579663590744439848E-16 ) ) ;
#4221 = VERTEX_POINT ( 'NONE', #5778 ) ;
#4222 = EDGE_LOOP ( 'NONE', ( #1056, #7969, #1061, #6445 ) ) ;
#4223 = LINE ( 'NONE', #6606, #4448 ) ;
#4224 = ORIENTED_EDGE ( 'NONE', *, *, #3008, .T. ) ;
#4225 = PLANE ( 'NONE',  #5890 ) ;
#4226 = ADVANCED_FACE ( 'NONE', ( #4102 ), #8850, .F. ) ;
#4227 = ADVANCED_FACE ( 'NONE', ( #7376 ), #8088, .T. ) ;
#4228 = LINE ( 'NONE', #5039, #3502 ) ;
#4229 = CARTESIAN_POINT ( 'NONE',  ( 19.50000000000000000, 5.500000000000000000, 0.000000000000000000 ) ) ;
#4230 = DIRECTION ( 'NONE',  ( -1.000000000000000000, -0.000000000000000000, -0.000000000000000000 ) ) ;
#4231 = ORIENTED_EDGE ( 'NONE', *, *, #899, .F. ) ;
#4232 = PRODUCT_DEFINITION ( 'æœ', '', #5273, #5650 ) ;
#4233 = DIRECTION ( 'NONE',  ( 0.000000000000000000, 0.000000000000000000, 1.000000000000000000 ) ) ;
#4234 = LINE ( 'NONE', #8263, #6245 ) ;
#4235 = EDGE_LOOP ( 'NONE', ( #1802, #5460, #7070 ) ) ;
#4236 = CARTESIAN_POINT ( 'NONE',  ( 5.769999999999991580, 13.99999999999999822, -2.985999999999998877 ) ) ;
#4237 = CARTESIAN_POINT ( 'NONE',  ( 20.49957689054953747, -11.90761840437278174, -8.111189666512769847 ) ) ;
#4238 = FACE_OUTER_BOUND ( 'NONE', #2572, .T. ) ;
#4239 = EDGE_CURVE ( 'NONE', #6436, #4726, #9770, .T. ) ;
#4240 = FACE_OUTER_BOUND ( 'NONE', #5619, .T. ) ;
#4241 = LINE ( 'NONE', #6016, #452 ) ;
#4242 = ORIENTED_EDGE ( 'NONE', *, *, #2278, .F. ) ;
#4243 = CARTESIAN_POINT ( 'NONE',  ( 20.50000000000000000, -9.185353341053369647, 6.938574612190291103E-17 ) ) ;
#4244 = EDGE_CURVE ( 'NONE', #42, #9643, #6195, .T. ) ;
#4245 = VECTOR ( 'NONE', #6338, 1000.000000000000000 ) ;
#4246 = CARTESIAN_POINT ( 'NONE',  ( -23.00000000000000000, -1.499999999999996669, -7.500000000000000888 ) ) ;
#4247 = ORIENTED_EDGE ( 'NONE', *, *, #3896, .F. ) ;
#4248 = DIRECTION ( 'NONE',  ( 1.000000000000000000, 1.992221491941909864E-18, -4.579663590744439848E-16 ) ) ;
#4249 = ADVANCED_FACE ( 'NONE', ( #2978 ), #5258, .F. ) ;
#4250 = DIRECTION ( 'NONE',  ( 0.000000000000000000, 7.283754679713117196E-18, -1.000000000000000000 ) ) ;
#4251 = ADVANCED_FACE ( 'NONE', ( #2025 ), #653, .F. ) ;
#4252 = AXIS2_PLACEMENT_3D ( 'NONE', #6171, #6276, #8492 ) ;
#4253 = CARTESIAN_POINT ( 'NONE',  ( -19.49712439105632811, 12.30355883023280583, -5.972620301910681384 ) ) ;
#4254 = ORIENTED_EDGE ( 'NONE', *, *, #295, .F. ) ;
#4255 = CARTESIAN_POINT ( 'NONE',  ( 19.19511108949125600, -12.08946870019441633, -5.921566619122011765 ) ) ;
#4256 = CARTESIAN_POINT ( 'NONE',  ( -18.48650069968347509, -13.99998398262388477, -7.448622310056530971 ) ) ;
#4257 = VECTOR ( 'NONE', #157, 1000.000000000000000 ) ;
#4258 = VECTOR ( 'NONE', #4169, 1000.000000000000000 ) ;
#4259 = CARTESIAN_POINT ( 'NONE',  ( 18.70811993115744087, -12.37990269650221009, -5.884865073763387855 ) ) ;
#4260 = ORIENTED_EDGE ( 'NONE', *, *, #3149, .F. ) ;
#4261 = DIRECTION ( 'NONE',  ( 0.000000000000000000, -1.000000000000000000, -2.906723457586479957E-16 ) ) ;
#4262 = CARTESIAN_POINT ( 'NONE',  ( 18.39407874192638559, 13.99999999999999822, -7.410597873451041373 ) ) ;
#4263 = EDGE_CURVE ( 'NONE', #7459, #9085, #1304, .T. ) ;
#4264 = AXIS2_PLACEMENT_3D ( 'NONE', #2118, #6722, #596 ) ;
#4265 = VECTOR ( 'NONE', #3317, 1000.000000000000000 ) ;
#4266 = CARTESIAN_POINT ( 'NONE',  ( 20.50000000000000000, 5.500000000000000000, -9.500000000000000000 ) ) ;
#4267 = ORIENTED_EDGE ( 'NONE', *, *, #2568, .T. ) ;
#4268 = CARTESIAN_POINT ( 'NONE',  ( 18.24323596855156993, -14.00037328187273111, -8.222872586923177352 ) ) ;
#4269 = VERTEX_POINT ( 'NONE', #6882 ) ;
#4270 = ORIENTED_EDGE ( 'NONE', *, *, #5121, .T. ) ;
#4271 = CARTESIAN_POINT ( 'NONE',  ( 0.8269827155468624236, 14.95457647805385903, -5.957235958415393995 ) ) ;
#4272 = ORIENTED_EDGE ( 'NONE', *, *, #7731, .T. ) ;
#4273 = DIRECTION ( 'NONE',  ( 0.000000000000000000, 1.000000000000000000, 0.000000000000000000 ) ) ;
#4274 = AXIS2_PLACEMENT_3D ( 'NONE', #5696, #420, #8052 ) ;
#4275 = EDGE_CURVE ( 'NONE', #3674, #5598, #7472, .T. ) ;
#4276 = CARTESIAN_POINT ( 'NONE',  ( -18.60565866814209812, -13.81862392775708237, -6.525327815211435123 ) ) ;
#4277 = CARTESIAN_POINT ( 'NONE',  ( 20.55346307255046767, -11.00000000000000000, -5.599999999999999645 ) ) ;
#4278 = CARTESIAN_POINT ( 'NONE',  ( 1.749999999999992895, 16.50000000000000000, 12.00000000000000000 ) ) ;
#4279 = LINE ( 'NONE', #8836, #8852 ) ;
#4280 = EDGE_LOOP ( 'NONE', ( #3992, #9715, #8029, #1571, #4643, #7111, #1605, #8206, #9185, #2350 ) ) ;
#4281 = CARTESIAN_POINT ( 'NONE',  ( 20.55346307255046767, -2.500000000000002220, -5.599999999999999645 ) ) ;
#4282 = CARTESIAN_POINT ( 'NONE',  ( -9.180000000000003268, 13.99999999999999822, -2.986000000000040178 ) ) ;
#4283 = ORIENTED_EDGE ( 'NONE', *, *, #3702, .T. ) ;
#4284 = EDGE_CURVE ( 'NONE', #6033, #2912, #4908, .T. ) ;
#4285 = CARTESIAN_POINT ( 'NONE',  ( 20.49747203800780326, -11.80251021978950021, -8.792642516767219973 ) ) ;
#4286 = VECTOR ( 'NONE', #7955, 1000.000000000000000 ) ;
#4287 = CYLINDRICAL_SURFACE ( 'NONE', #7180, 0.6750000000000002665 ) ;
#4288 = EDGE_CURVE ( 'NONE', #3101, #2639, #552, .T. ) ;
#4289 = CARTESIAN_POINT ( 'NONE',  ( -23.00000000000000000, 9.500000000000000000, -7.500000000000000000 ) ) ;
#4290 = CARTESIAN_POINT ( 'NONE',  ( -20.50000000000000000, 5.500000000000000000, 2.943364503850800062 ) ) ;
#4291 = ORIENTED_EDGE ( 'NONE', *, *, #8863, .F. ) ;
#4292 = CARTESIAN_POINT ( 'NONE',  ( -20.55346307255046767, 1.500000000000000000, -9.500000000000000000 ) ) ;
#4293 = CARTESIAN_POINT ( 'NONE',  ( 18.43237667885951936, 13.99944930428358170, -7.720937183036443940 ) ) ;
#4294 = ORIENTED_EDGE ( 'NONE', *, *, #8574, .F. ) ;
#4295 = CARTESIAN_POINT ( 'NONE',  ( 19.91366506563886674, 13.41366994811417790, -7.443206413569818380 ) ) ;
#4296 = EDGE_CURVE ( 'NONE', #8599, #6923, #3116, .T. ) ;
#4297 = CARTESIAN_POINT ( 'NONE',  ( 20.55346307255046767, -11.00000000000000000, -7.500000000000000000 ) ) ;
#4298 = VECTOR ( 'NONE', #9863, 1000.000000000000000 ) ;
#4299 = CARTESIAN_POINT ( 'NONE',  ( -19.31937218327657746, 11.87514934384637222, -5.929717532106864475 ) ) ;
#4300 = ADVANCED_FACE ( 'NONE', ( #2225 ), #9946, .T. ) ;
#4301 = CARTESIAN_POINT ( 'NONE',  ( -18.66061426483719998, 13.21471890679310057, -6.058667187275020183 ) ) ;
#4302 = EDGE_LOOP ( 'NONE', ( #4341, #4087, #7351, #6704, #5454 ) ) ;
#4303 = CARTESIAN_POINT ( 'NONE',  ( -20.50000000000000000, -6.500000000000000000, -7.500000000000000000 ) ) ;
#4304 = CARTESIAN_POINT ( 'NONE',  ( -20.50000000000000000, -12.03360809047969937, -7.137163111788890291 ) ) ;
#4305 = CARTESIAN_POINT ( 'NONE',  ( 16.58016488020045642, 15.72236721739242071, -1.580609455399783814 ) ) ;
#4306 = CARTESIAN_POINT ( 'NONE',  ( 18.74690938520102890, -12.18709018963433977, -5.833842078291278987 ) ) ;
#4307 = EDGE_LOOP ( 'NONE', ( #6616, #3681, #9932, #521 ) ) ;
#4308 = CARTESIAN_POINT ( 'NONE',  ( -12.44500000000000206, 16.50000000000000000, -2.986000000000068155 ) ) ;
#4309 = CARTESIAN_POINT ( 'NONE',  ( 18.00000000000000711, 14.00000000000000000, -7.386213562373100672 ) ) ;
#4310 = CARTESIAN_POINT ( 'NONE',  ( -20.50000000000000000, 9.500000000000000000, -9.500000000000001776 ) ) ;
#4311 = VERTEX_POINT ( 'NONE', #502 ) ;
#4312 = CARTESIAN_POINT ( 'NONE',  ( -20.50000000000000000, 6.500000000000000000, -7.500000000000000000 ) ) ;
#4313 = CARTESIAN_POINT ( 'NONE',  ( 19.50000000000000000, -11.50000000000000000, 1.500000000000000000 ) ) ;
#4314 = CARTESIAN_POINT ( 'NONE',  ( -19.44132753346083575, 11.91818158320723775, -5.972000000000009301 ) ) ;
#4315 = CARTESIAN_POINT ( 'NONE',  ( 25.50000000000000000, -6.500000000000000000, -9.500000000000000000 ) ) ;
#4316 = ORIENTED_EDGE ( 'NONE', *, *, #6422, .F. ) ;
#4317 = VERTEX_POINT ( 'NONE', #9795 ) ;
#4318 = LINE ( 'NONE', #7403, #1054 ) ;
#4319 = ORIENTED_EDGE ( 'NONE', *, *, #9949, .T. ) ;
#4320 = DIRECTION ( 'NONE',  ( -7.153498870007452406E-17, -1.000000000000000000, -0.000000000000000000 ) ) ;
#4321 = VECTOR ( 'NONE', #6219, 1000.000000000000000 ) ;
#4322 = DIRECTION ( 'NONE',  ( 0.000000000000000000, -3.450126244981716375E-16, 1.000000000000000000 ) ) ;
#4323 = DIRECTION ( 'NONE',  ( 0.000000000000000000, 0.000000000000000000, 1.000000000000000000 ) ) ;
#4324 = CARTESIAN_POINT ( 'NONE',  ( 19.50398118720616480, -10.92964879987722071, -5.979425013870886652 ) ) ;
#4325 = ORIENTED_EDGE ( 'NONE', *, *, #4263, .F. ) ;
#4326 = EDGE_CURVE ( 'NONE', #7315, #1303, #605, .T. ) ;
#4327 = DIRECTION ( 'NONE',  ( 0.000000000000000000, -2.906723457586479957E-16, 1.000000000000000000 ) ) ;
#4328 = CARTESIAN_POINT ( 'NONE',  ( -19.11742517781091522, 12.17543908806254116, -5.919503207965529867 ) ) ;
#4329 = ORIENTED_EDGE ( 'NONE', *, *, #5544, .F. ) ;
#4330 = CARTESIAN_POINT ( 'NONE',  ( 18.36861999895399222, -13.99938222215909356, -8.440422849656918913 ) ) ;
#4331 = ORIENTED_EDGE ( 'NONE', *, *, #9786, .F. ) ;
#4332 = PLANE ( 'NONE',  #3133 ) ;
#4333 = AXIS2_PLACEMENT_3D ( 'NONE', #9841, #6827, #651 ) ;
#4334 = FACE_OUTER_BOUND ( 'NONE', #5839, .T. ) ;
#4335 = VECTOR ( 'NONE', #1287, 1000.000000000000000 ) ;
#4336 = CARTESIAN_POINT ( 'NONE',  ( 1.666778799276002809, 15.94891024298821947, -0.01490358229457221587 ) ) ;
#4337 = ORIENTED_EDGE ( 'NONE', *, *, #2411, .F. ) ;
#4338 = VECTOR ( 'NONE', #5118, 1000.000000000000000 ) ;
#4339 = FACE_OUTER_BOUND ( 'NONE', #4201, .T. ) ;
#4340 = CARTESIAN_POINT ( 'NONE',  ( -20.50000000000000000, 6.500000000000000000, 0.000000000000000000 ) ) ;
#4341 = ORIENTED_EDGE ( 'NONE', *, *, #2724, .F. ) ;
#4342 = DIRECTION ( 'NONE',  ( -7.153498870007452406E-17, -1.000000000000000000, -0.000000000000000000 ) ) ;
#4343 = LINE ( 'NONE', #1976, #8803 ) ;
#4344 = CARTESIAN_POINT ( 'NONE',  ( -19.35631139178209636, 11.98516732901776294, -5.951914259080247405 ) ) ;
#4345 = ADVANCED_FACE ( 'NONE', ( #5107 ), #3027, .F. ) ;
#4346 = CARTESIAN_POINT ( 'NONE',  ( -18.67082039324989751, 12.84164078649989982, -5.971999999999999531 ) ) ;
#4347 = ORIENTED_EDGE ( 'NONE', *, *, #3413, .T. ) ;
#4348 = DIRECTION ( 'NONE',  ( 5.782411586589356653E-16, 1.184965211890880193E-16, 1.000000000000000000 ) ) ;
#4349 = CARTESIAN_POINT ( 'NONE',  ( -18.50000000000000000, -14.00000000000000000, -7.422552296971629993 ) ) ;
#4350 = DIRECTION ( 'NONE',  ( 0.000000000000000000, 0.000000000000000000, -1.000000000000000000 ) ) ;
#4351 = EDGE_CURVE ( 'NONE', #5633, #938, #8184, .T. ) ;
#4352 = CARTESIAN_POINT ( 'NONE',  ( 18.59548265795373467, -13.80375341375774489, -6.470683036761725404 ) ) ;
#4353 = VERTEX_POINT ( 'NONE', #7427 ) ;
#4354 = CYLINDRICAL_SURFACE ( 'NONE', #3618, 1.749999999999986455 ) ;
#4355 = DIRECTION ( 'NONE',  ( -1.000000000000000000, 0.000000000000000000, -0.000000000000000000 ) ) ;
#4356 = B_SPLINE_CURVE_WITH_KNOTS ( 'NONE', 3,
 ( #9412, #8761, #6403, #1829 ),
 .UNSPECIFIED., .F., .F.,
 ( 4, 4 ),
 ( 0.6830386991407623176, 0.9999999999999991118 ),
 .UNSPECIFIED. ) ;
#4357 = CARTESIAN_POINT ( 'NONE',  ( -20.55346307255046767, -11.00000000000000000, -7.500000000000000000 ) ) ;
#4358 = EDGE_LOOP ( 'NONE', ( #9729, #7776 ) ) ;
#4359 = CARTESIAN_POINT ( 'NONE',  ( -20.50000000000000000, 10.00000000000000000, 2.278000000000003133 ) ) ;
#4360 = FACE_OUTER_BOUND ( 'NONE', #6748, .T. ) ;
#4361 = CARTESIAN_POINT ( 'NONE',  ( 20.50000000000000000, -5.957245370484149540E-15, -7.721999999999999531 ) ) ;
#4362 = ORIENTED_EDGE ( 'NONE', *, *, #979, .T. ) ;
#4363 = ADVANCED_FACE ( 'NONE', ( #6022 ), #3587, .T. ) ;
#4364 = VERTEX_POINT ( 'NONE', #2077 ) ;
#4365 = CARTESIAN_POINT ( 'NONE',  ( -23.00000000000000355, -10.00000000000000000, 2.278000000000003133 ) ) ;
#4366 = EDGE_LOOP ( 'NONE', ( #1655, #837, #3207, #5013 ) ) ;
#4367 = CIRCLE ( 'NONE', #6635, 12.00000000000000000 ) ;
#4368 = CARTESIAN_POINT ( 'NONE',  ( 20.55346307255046767, -11.00000000000000000, -7.500000000000000000 ) ) ;
#4369 = EDGE_CURVE ( 'NONE', #1360, #9079, #9745, .T. ) ;
#4370 = AXIS2_PLACEMENT_3D ( 'NONE', #811, #862, #7843 ) ;
#4371 = EDGE_CURVE ( 'NONE', #6468, #3968, #6847, .T. ) ;
#4372 = APPLICATION_PROTOCOL_DEFINITION ( 'draft international standard', 'automotive_design', 1998, #4163 ) ;
#4373 = CARTESIAN_POINT ( 'NONE',  ( 13.91999999999998749, -13.99999999999999822, -2.986000000000068155 ) ) ;
#4374 = CARTESIAN_POINT ( 'NONE',  ( -23.00000000000000000, -1.500000000000000000, 2.841940449895349996 ) ) ;
#4375 = ORIENTED_EDGE ( 'NONE', *, *, #5298, .T. ) ;
#4376 = CARTESIAN_POINT ( 'NONE',  ( -17.99999999999999645, 13.49986223184792777, -6.269073203967477248 ) ) ;
#4377 = FACE_OUTER_BOUND ( 'NONE', #3032, .T. ) ;
#4378 = ORIENTED_EDGE ( 'NONE', *, *, #8312, .T. ) ;
#4379 = CARTESIAN_POINT ( 'NONE',  ( -20.50000000000000000, -12.00000000000000000, -7.422552296971640651 ) ) ;
#4380 = CARTESIAN_POINT ( 'NONE',  ( 20.49874940081286923, -11.85691057427507289, -8.439708324411551388 ) ) ;
#4381 = VERTEX_POINT ( 'NONE', #4445 ) ;
#4382 = CARTESIAN_POINT ( 'NONE',  ( -9.855000000000002203, 13.99999999999999822, -2.986000000000040178 ) ) ;
#4383 = EDGE_CURVE ( 'NONE', #8945, #8992, #4096, .T. ) ;
#4384 = CARTESIAN_POINT ( 'NONE',  ( 16.71298344684510795, -16.09156381467469998, -1.681248899621284654 ) ) ;
#4385 = CARTESIAN_POINT ( 'NONE',  ( -18.00000000000000000, 11.50000000000000000, 0.000000000000000000 ) ) ;
#4386 = EDGE_LOOP ( 'NONE', ( #6368, #2754, #9820, #5330, #1902 ) ) ;
#4387 = FACE_OUTER_BOUND ( 'NONE', #1237, .T. ) ;
#4388 = DIRECTION ( 'NONE',  ( -0.000000000000000000, -0.000000000000000000, 1.000000000000000000 ) ) ;
#4389 = ORIENTED_EDGE ( 'NONE', *, *, #9313, .F. ) ;
#4390 = DIRECTION ( 'NONE',  ( 0.000000000000000000, -2.906723457586479957E-16, 1.000000000000000000 ) ) ;
#4391 = CARTESIAN_POINT ( 'NONE',  ( -1.585504466753930641, -15.73278364911515048, -1.972305532128046268 ) ) ;
#4392 = CARTESIAN_POINT ( 'NONE',  ( -20.30238642397209858, 12.11210951790389956, -6.470554027830959676 ) ) ;
#4393 = B_SPLINE_CURVE_WITH_KNOTS ( 'NONE', 3,
 ( #9453, #5675, #1816, #4910, #7987, #1053, #3629, #446, #4195, #2018, #6673, #544, #2627, #8844, #9549, #6529, #347, #8989, #496, #5819, #8224, #4384, #5150, #8893 ),
 .UNSPECIFIED., .F., .F.,
 ( 4, 2, 2, 2, 2, 2, 2, 2, 2, 2, 2, 4 ),
 ( 0.004854231274411702213, 0.005156570398672723383, 0.005458909522933743687, 0.006063587771455783426, 0.006365926895716803730, 0.006668266019977824033, 0.007272944268499861170, 0.007575283392760876269, 0.007877622517021887899, 0.008482300765543900750, 0.009086979014065913601, 0.009691657262587926452 ),
 .UNSPECIFIED. ) ;
#4394 = VECTOR ( 'NONE', #8305, 1000.000000000000000 ) ;
#4395 = DIRECTION ( 'NONE',  ( 1.000000000000000000, 0.000000000000000000, 0.000000000000000000 ) ) ;
#4396 = CARTESIAN_POINT ( 'NONE',  ( -19.22520223354354485, 12.21799649940252586, -5.950490467161670516 ) ) ;
#4397 = ORIENTED_EDGE ( 'NONE', *, *, #1896, .T. ) ;
#4398 = DIRECTION ( 'NONE',  ( 0.000000000000000000, 0.000000000000000000, -1.000000000000000000 ) ) ;
#4399 = CARTESIAN_POINT ( 'NONE',  ( -20.53564164924648239, -12.53957726295479524, -8.481321750054343411 ) ) ;
#4400 = CARTESIAN_POINT ( 'NONE',  ( 19.24516142921427075, -12.17123036072116626, -5.949223935344881475 ) ) ;
#4401 = ORIENTED_EDGE ( 'NONE', *, *, #9025, .T. ) ;
#4402 = CARTESIAN_POINT ( 'NONE',  ( -20.50000000000000000, -12.03360809047969937, -7.137163111788890291 ) ) ;
#4403 = EDGE_CURVE ( 'NONE', #8885, #2345, #2178, .T. ) ;
#4404 = CARTESIAN_POINT ( 'NONE',  ( -20.50000000000000000, 2.500000000000000000, 0.000000000000000000 ) ) ;
#4405 = AXIS2_PLACEMENT_3D ( 'NONE', #7524, #6680, #9843 ) ;
#4406 = CARTESIAN_POINT ( 'NONE',  ( 0.000000000000000000, 0.000000000000000000, 0.000000000000000000 ) ) ;
#4407 = VERTEX_POINT ( 'NONE', #9197 ) ;
#4408 = VECTOR ( 'NONE', #8950, 1000.000000000000000 ) ;
#4409 = EDGE_CURVE ( 'NONE', #5537, #5239, #5060, .T. ) ;
#4410 = LINE ( 'NONE', #6701, #5174 ) ;
#4411 = VECTOR ( 'NONE', #5487, 1000.000000000000000 ) ;
#4412 = CARTESIAN_POINT ( 'NONE',  ( -18.75217625502322960, -12.25881173821405490, -5.896879533808174756 ) ) ;
#4413 = LINE ( 'NONE', #726, #9779 ) ;
#4414 = ORIENTED_EDGE ( 'NONE', *, *, #3210, .F. ) ;
#4415 = EDGE_LOOP ( 'NONE', ( #7754, #2816, #8307, #825 ) ) ;
#4416 = PLANE ( 'NONE',  #4443 ) ;
#4417 = VERTEX_POINT ( 'NONE', #5413 ) ;
#4418 = DIRECTION ( 'NONE',  ( 1.000000000000000000, 0.000000000000000000, -0.000000000000000000 ) ) ;
#4419 = AXIS2_PLACEMENT_3D ( 'NONE', #5026, #5649, #7208 ) ;
#4420 = ADVANCED_FACE ( 'NONE', ( #7886 ), #2275, .F. ) ;
#4421 = CARTESIAN_POINT ( 'NONE',  ( -23.00000000000000000, -5.500000000000000000, 2.943364503850800062 ) ) ;
#4422 = CARTESIAN_POINT ( 'NONE',  ( -20.55346307255046767, -11.00000000000000000, -7.500000000000000000 ) ) ;
#4423 = CARTESIAN_POINT ( 'NONE',  ( 18.96879652799622917, -11.48309601719608253, -5.801355571122212673 ) ) ;
#4424 = ORIENTED_EDGE ( 'NONE', *, *, #2711, .T. ) ;
#4425 = AXIS2_PLACEMENT_3D ( 'NONE', #8398, #4454, #5882 ) ;
#4426 = VECTOR ( 'NONE', #570, 1000.000000000000000 ) ;
#4427 = ORIENTED_EDGE ( 'NONE', *, *, #8777, .T. ) ;
#4428 = CARTESIAN_POINT ( 'NONE',  ( -19.05247604743942347, 12.17531838727016869, -5.903516814467308471 ) ) ;
#4429 = ORIENTED_EDGE ( 'NONE', *, *, #2204, .T. ) ;
#4430 = CARTESIAN_POINT ( 'NONE',  ( -20.50002125943781550, -11.90759175471244369, -7.510699621354362421 ) ) ;
#4431 = CARTESIAN_POINT ( 'NONE',  ( 20.49712326001094453, -11.77960109186235549, -8.981798916031220159 ) ) ;
#4432 = ADVANCED_FACE ( 'NONE', ( #3993 ), #9297, .F. ) ;
#4433 = VERTEX_POINT ( 'NONE', #1610 ) ;
#4434 = EDGE_CURVE ( 'NONE', #139, #3947, #9538, .T. ) ;
#4435 = CARTESIAN_POINT ( 'NONE',  ( -20.99999999999999645, 16.50000000000000000, 0.000000000000000000 ) ) ;
#4436 = VECTOR ( 'NONE', #702, 1000.000000000000000 ) ;
#4437 = PLANE ( 'NONE',  #8818 ) ;
#4438 = CARTESIAN_POINT ( 'NONE',  ( 19.50000000000000000, -5.500000000000000000, 2.221682251925400031 ) ) ;
#4439 = ORIENTED_EDGE ( 'NONE', *, *, #6454, .F. ) ;
#4440 = ORIENTED_EDGE ( 'NONE', *, *, #1930, .F. ) ;
#4441 = CYLINDRICAL_SURFACE ( 'NONE', #9567, 12.00000000000000000 ) ;
#4442 = CARTESIAN_POINT ( 'NONE',  ( 20.49975714768232748, 11.95529675331429686, -7.621559334068404468 ) ) ;
#4443 = AXIS2_PLACEMENT_3D ( 'NONE', #3810, #6754, #5336 ) ;
#4444 = ORIENTED_EDGE ( 'NONE', *, *, #607, .F. ) ;
#4445 = CARTESIAN_POINT ( 'NONE',  ( 20.50000000000000000, -6.500000000000000000, -9.500000000000000000 ) ) ;
#4446 = FACE_OUTER_BOUND ( 'NONE', #6695, .T. ) ;
#4447 = CARTESIAN_POINT ( 'NONE',  ( 0.000000000000000000, 0.000000000000000000, -9.500000000000001776 ) ) ;
#4448 = VECTOR ( 'NONE', #5805, 1000.000000000000000 ) ;
#4449 = DIRECTION ( 'NONE',  ( 0.000000000000000000, 1.000000000000000000, 0.000000000000000000 ) ) ;
#4450 = CARTESIAN_POINT ( 'NONE',  ( -18.93844890963464067, 13.11178444806557941, -6.028990439884067243 ) ) ;
#4451 = ORIENTED_EDGE ( 'NONE', *, *, #6864, .F. ) ;
#4452 = PLANE ( 'NONE',  #5990 ) ;
#4453 = CARTESIAN_POINT ( 'NONE',  ( -20.51503003386962476, -12.57303826525038737, -7.879205600099912665 ) ) ;
#4454 = DIRECTION ( 'NONE',  ( -7.153498870007452406E-17, -1.000000000000000000, 0.000000000000000000 ) ) ;
#4455 = CARTESIAN_POINT ( 'NONE',  ( 18.67349950195815822, -12.74370777992293391, -5.949249863340306810 ) ) ;
#4456 = AXIS2_PLACEMENT_3D ( 'NONE', #95, #2470, #2419 ) ;
#4457 = ORIENTED_EDGE ( 'NONE', *, *, #5355, .F. ) ;
#4458 = DIRECTION ( 'NONE',  ( 0.000000000000000000, 2.906723457586479957E-16, -1.000000000000000000 ) ) ;
#4459 = DIRECTION ( 'NONE',  ( 0.000000000000000000, 0.000000000000000000, -1.000000000000000000 ) ) ;
#4460 = PLANE ( 'NONE',  #7807 ) ;
#4461 = VERTEX_POINT ( 'NONE', #4597 ) ;
#4462 = DIRECTION ( 'NONE',  ( 1.000000000000000000, 0.000000000000000000, 0.000000000000000000 ) ) ;
#4463 = CARTESIAN_POINT ( 'NONE',  ( -18.72897970252983058, -12.48221375254841981, -5.907046023368229370 ) ) ;
#4464 = CARTESIAN_POINT ( 'NONE',  ( 15.55210076756837090, -14.82732200386454480, -4.696218731516150768 ) ) ;
#4465 = EDGE_LOOP ( 'NONE', ( #927, #7056, #1224, #4140, #8873, #6599, #517, #8216, #3767, #7724, #1974, #3146, #150, #9765, #3335, #4272, #7300, #785, #6069, #6817, #3058, #2324, #5395 ) ) ;
#4466 = DIRECTION ( 'NONE',  ( -7.153498870007453638E-17, -1.000000000000000000, -0.000000000000000000 ) ) ;
#4467 = CARTESIAN_POINT ( 'NONE',  ( -20.55346307255046767, 6.500000000000002665, -7.500000000000000000 ) ) ;
#4468 = ORIENTED_EDGE ( 'NONE', *, *, #8061, .T. ) ;
#4469 = LINE ( 'NONE', #2105, #8291 ) ;
#4470 = B_SPLINE_SURFACE_WITH_KNOTS ( 'NONE', 3, 3, ( 
 ( #4705, #3080, #108, #2328, #5366, #5417, #9948 ),
 ( #7783, #50, #4651, #853, #3941, #753, #9250 ),
 ( #8494, #9348, #4600, #1561, #6884, #3188, #1664 ),
 ( #7038, #7732, #3997, #4756, #3132, #6230, #3788 ),
 ( #905, #3030, #3838, #703, #1, #6932, #9199 ),
 ( #9300, #2279, #6175, #8596, #804, #6279, #8438 ),
 ( #1507, #2430, #7675, #3888, #6983, #2378, #5468 ),
 ( #5522, #7833, #5144, #5295, #687, #3770, #6871 ),
 ( #2964, #1290, #8265, #3671, #2916, #8984, #1337 ),
 ( #537, #6765, #2065, #2162, #8372, #7663, #6011 ),
 ( #9877, #9034, #9782, #4379, #2864, #7460, #6818 ),
 ( #739, #1448, #7558, #5245, #4430, #9183, #6061 ),
 ( #9933, #8324, #3823, #8220, #3622, #9730, #5350 ),
 ( #2263, #2820, #6717, #7508, #9831, #5910, #641 ) ),
 .UNSPECIFIED., .F., .F., .F.,
 ( 4, 3, 3, 1, 3, 4 ),
 ( 4, 3, 4 ),
 ( -0.3020250606509343183, -0.1499999999999999944, 0.000000000000000000, 0.5714285714285709528, 1.000000000000000000, 1.149999999999999911 ),
 ( -1.538571273177462562, -1.459050246436060183, -1.434511829153240159 ),
 .UNSPECIFIED. ) ;
#4471 = AXIS2_PLACEMENT_3D ( 'NONE', #4277, #9630, #4947 ) ;
#4472 = CARTESIAN_POINT ( 'NONE',  ( -18.27124522830479947, -12.00713642645479240, -5.620969717176552471 ) ) ;
#4473 = CARTESIAN_POINT ( 'NONE',  ( 19.50000000000000000, 11.49999999999999645, 3.602847261541483795E-17 ) ) ;
#4474 = EDGE_CURVE ( 'NONE', #5363, #3760, #851, .T. ) ;
#4475 = CARTESIAN_POINT ( 'NONE',  ( -18.45263282880734224, 14.00000000000000711, -7.416974229343767711 ) ) ;
#4476 = CARTESIAN_POINT ( 'NONE',  ( 19.50066679539195391, -11.59376015138902893, -5.976135798160468582 ) ) ;
#4477 = VERTEX_POINT ( 'NONE', #2427 ) ;
#4478 = ORIENTED_EDGE ( 'NONE', *, *, #4824, .T. ) ;
#4479 = CARTESIAN_POINT ( 'NONE',  ( -19.28621265229689286, 12.16502932782560364, -5.958078872934073011 ) ) ;
#4480 = ORIENTED_EDGE ( 'NONE', *, *, #9923, .T. ) ;
#4481 = CARTESIAN_POINT ( 'NONE',  ( -20.50000000000000000, -12.00000000000000000, -7.721999999999999531 ) ) ;
#4482 = CARTESIAN_POINT ( 'NONE',  ( 18.30404997499325148, -13.99905262147533236, -8.983646139423546728 ) ) ;
#4483 = ADVANCED_FACE ( 'NONE', ( #4648 ), #2325, .T. ) ;
#4484 = ORIENTED_EDGE ( 'NONE', *, *, #7298, .T. ) ;
#4485 = AXIS2_PLACEMENT_3D ( 'NONE', #7422, #8225, #1924 ) ;
#4486 = CARTESIAN_POINT ( 'NONE',  ( -23.00000000000000000, -6.500000000000000000, -9.500000000000000000 ) ) ;
#4487 = DIRECTION ( 'NONE',  ( -1.000000000000000000, 7.153498870007452406E-17, -0.000000000000000000 ) ) ;
#4488 = ORIENTED_EDGE ( 'NONE', *, *, #9972, .F. ) ;
#4489 = VERTEX_POINT ( 'NONE', #3885 ) ;
#4490 = DIRECTION ( 'NONE',  ( 1.000000000000000000, 0.000000000000000000, 0.000000000000000000 ) ) ;
#4491 = DIRECTION ( 'NONE',  ( 0.7071067811865475727, -0.7071067811865475727, 0.000000000000000000 ) ) ;
#4492 = ORIENTED_EDGE ( 'NONE', *, *, #1388, .F. ) ;
#4493 = AXIS2_PLACEMENT_3D ( 'NONE', #4313, #1221, #8870 ) ;
#4494 = CARTESIAN_POINT ( 'NONE',  ( 25.50000000000000000, -5.947284263024439757E-15, -7.721999999999999531 ) ) ;
#4495 = AXIS2_PLACEMENT_3D ( 'NONE', #5281, #8356, #4521 ) ;
#4496 = CARTESIAN_POINT ( 'NONE',  ( 19.50000000000000000, -9.185353341053369647, 6.938574612190291103E-17 ) ) ;
#4497 = ADVANCED_FACE ( 'NONE', ( #7673 ), #2477, .F. ) ;
#4498 = CARTESIAN_POINT ( 'NONE',  ( -20.50000000000000000, 11.99792883298364821, -7.440139986683753648 ) ) ;
#4499 = CIRCLE ( 'NONE', #7105, 12.00000000000000000 ) ;
#4500 = VECTOR ( 'NONE', #9465, 1000.000000000000000 ) ;
#4501 = EDGE_CURVE ( 'NONE', #8310, #6156, #6226, .T. ) ;
#4502 = CARTESIAN_POINT ( 'NONE',  ( -18.74280809196759989, 13.99993289097943538, -7.559494310068516576 ) ) ;
#4503 = ORIENTED_EDGE ( 'NONE', *, *, #5639, .F. ) ;
#4504 = LINE ( 'NONE', #6738, #1627 ) ;
#4505 = CARTESIAN_POINT ( 'NONE',  ( 19.24514703664703319, 12.17125282746608939, -5.949224192057707583 ) ) ;
#4506 = CARTESIAN_POINT ( 'NONE',  ( -18.41696470350101578, -13.99921778843383535, -7.850650433065474942 ) ) ;
#4507 = CARTESIAN_POINT ( 'NONE',  ( -20.50000000000000000, -6.500000000000000000, 0.000000000000000000 ) ) ;
#4508 = CARTESIAN_POINT ( 'NONE',  ( 19.16146453854588572, -12.30188090150782720, -5.950716793774543767 ) ) ;
#4509 = ORIENTED_EDGE ( 'NONE', *, *, #4612, .F. ) ;
#4510 = CARTESIAN_POINT ( 'NONE',  ( -19.80865967654691318, -12.15244063402226438, -6.128075053208221767 ) ) ;
#4511 = LINE ( 'NONE', #2896, #234 ) ;
#4512 = ADVANCED_FACE ( 'NONE', ( #7830 ), #5570, .F. ) ;
#4513 = EDGE_CURVE ( 'NONE', #3803, #2361, #6929, .T. ) ;
#4514 = CARTESIAN_POINT ( 'NONE',  ( -20.55346307255046767, -11.00000000000000000, -7.500000000000000000 ) ) ;
#4515 = AXIS2_PLACEMENT_3D ( 'NONE', #831, #1748, #3915 ) ;
#4516 = DIRECTION ( 'NONE',  ( -0.000000000000000000, -0.000000000000000000, 1.000000000000000000 ) ) ;
#4517 = VERTEX_POINT ( 'NONE', #6123 ) ;
#4518 = DIRECTION ( 'NONE',  ( 0.000000000000000000, 0.000000000000000000, -1.000000000000000000 ) ) ;
#4519 = DIRECTION ( 'NONE',  ( 0.000000000000000000, 0.000000000000000000, 1.000000000000000000 ) ) ;
#4520 = CARTESIAN_POINT ( 'NONE',  ( 16.23303086837475462, -15.25425512901595226, -4.573537415075418444 ) ) ;
#4521 = DIRECTION ( 'NONE',  ( 0.000000000000000000, 2.906723457586479957E-16, -1.000000000000000000 ) ) ;
#4522 = DIRECTION ( 'NONE',  ( 0.000000000000000000, -2.906723457586479957E-16, 1.000000000000000000 ) ) ;
#4523 = ORIENTED_EDGE ( 'NONE', *, *, #8999, .T. ) ;
#4524 = DIRECTION ( 'NONE',  ( -1.000000000000000000, 5.426742037195429582E-32, 4.579663590744439848E-16 ) ) ;
#4525 = VECTOR ( 'NONE', #6453, 1000.000000000000000 ) ;
#4526 = CARTESIAN_POINT ( 'NONE',  ( -18.53360809047969937, -14.00000000000000000, -7.137163111788890291 ) ) ;
#4527 = CARTESIAN_POINT ( 'NONE',  ( -18.75000000000000000, -18.75000000000000000, 5.028000000000000469 ) ) ;
#4528 = VECTOR ( 'NONE', #8600, 1000.000000000000000 ) ;
#4529 = CARTESIAN_POINT ( 'NONE',  ( 18.52821899358078639, -11.88089375937975234, -5.654955633136699689 ) ) ;
#4530 = EDGE_LOOP ( 'NONE', ( #4962, #738, #3420, #5450, #5941, #4804 ) ) ;
#4531 = ORIENTED_EDGE ( 'NONE', *, *, #7032, .T. ) ;
#4532 = CARTESIAN_POINT ( 'NONE',  ( -18.96871042756539794, 13.77298752017360073, -6.467840909451969544 ) ) ;
#4533 = ORIENTED_EDGE ( 'NONE', *, *, #8915, .F. ) ;
#4534 = CARTESIAN_POINT ( 'NONE',  ( 13.91999999999999105, 13.99999999999999822, -2.986000000000068155 ) ) ;
#4535 = CARTESIAN_POINT ( 'NONE',  ( 18.18731916222427358, -14.00000000000000000, -10.07773824301173349 ) ) ;
#4536 = ORIENTED_EDGE ( 'NONE', *, *, #8625, .F. ) ;
#4537 = EDGE_CURVE ( 'NONE', #3476, #1008, #2375, .T. ) ;
#4538 = DIRECTION ( 'NONE',  ( 0.000000000000000000, 0.000000000000000000, -1.000000000000000000 ) ) ;
#4539 = CARTESIAN_POINT ( 'NONE',  ( -23.00000000000000000, -2.500000000000000000, -9.500000000000001776 ) ) ;
#4540 = ORIENTED_EDGE ( 'NONE', *, *, #3644, .F. ) ;
#4541 = ORIENTED_EDGE ( 'NONE', *, *, #3454, .F. ) ;
#4542 = CARTESIAN_POINT ( 'NONE',  ( 18.49572435625409383, 12.83871163993050502, -5.944205475807813777 ) ) ;
#4543 = CARTESIAN_POINT ( 'NONE',  ( -19.45321423865400234, -11.87171007058380034, -5.971999999999999531 ) ) ;
#4544 = ORIENTED_EDGE ( 'NONE', *, *, #9216, .F. ) ;
#4545 = DIRECTION ( 'NONE',  ( 5.782411586589356653E-16, 1.184965211890880193E-16, 1.000000000000000000 ) ) ;
#4546 = FACE_OUTER_BOUND ( 'NONE', #6687, .T. ) ;
#4547 = ADVANCED_FACE ( 'NONE', ( #46 ), #5466, .F. ) ;
#4548 = CARTESIAN_POINT ( 'NONE',  ( -19.42472044634790151, 11.98310760314820200, -5.971999999999999531 ) ) ;
#4549 = EDGE_CURVE ( 'NONE', #9065, #7304, #258, .T. ) ;
#4550 = CARTESIAN_POINT ( 'NONE',  ( -23.00000000000000000, 10.50000000000000000, -1.912524980688840026 ) ) ;
#4551 = ORIENTED_EDGE ( 'NONE', *, *, #3816, .F. ) ;
#4552 = DIRECTION ( 'NONE',  ( -1.000000000000000000, 0.000000000000000000, 0.000000000000000000 ) ) ;
#4553 = EDGE_CURVE ( 'NONE', #998, #5970, #344, .T. ) ;
#4554 = DIRECTION ( 'NONE',  ( 0.000000000000000000, 0.000000000000000000, 1.000000000000000000 ) ) ;
#4555 = CARTESIAN_POINT ( 'NONE',  ( -20.50000000000000000, -11.86066591740885023, -8.605732886267205117 ) ) ;
#4556 = CARTESIAN_POINT ( 'NONE',  ( -23.00000000000000000, -9.500000000000000000, -9.500000000000001776 ) ) ;
#4557 = CARTESIAN_POINT ( 'NONE',  ( 19.14727589069219604, -12.17445269066533342, -5.926447870689762532 ) ) ;
#4558 = ORIENTED_EDGE ( 'NONE', *, *, #6912, .F. ) ;
#4559 = DIRECTION ( 'NONE',  ( -0.000000000000000000, -1.000000000000000000, -0.000000000000000000 ) ) ;
#4560 = EDGE_CURVE ( 'NONE', #9041, #2946, #1144, .T. ) ;
#4561 = PLANE ( 'NONE',  #5400 ) ;
#4562 = AXIS2_PLACEMENT_3D ( 'NONE', #1152, #7327, #350 ) ;
#4563 = CARTESIAN_POINT ( 'NONE',  ( -20.50000000000000000, -6.500000000000000000, 0.000000000000000000 ) ) ;
#4564 = CARTESIAN_POINT ( 'NONE',  ( 18.03189978710637220, -13.99547280468962107, -11.15119675958798950 ) ) ;
#4565 = VERTEX_POINT ( 'NONE', #5768 ) ;
#4566 = LINE ( 'NONE', #1371, #5339 ) ;
#4567 = CARTESIAN_POINT ( 'NONE',  ( -18.68851515659912721, -12.25235447841766856, -5.833472645712674876 ) ) ;
#4568 = CARTESIAN_POINT ( 'NONE',  ( 18.00000000000000000, 14.00000000000000000, -7.122436544371499423 ) ) ;
#4569 = AXIS2_PLACEMENT_3D ( 'NONE', #1731, #7898, #4712 ) ;
#4570 = VERTEX_POINT ( 'NONE', #9546 ) ;
#4571 = LINE ( 'NONE', #675, #262 ) ;
#4572 = ORIENTED_EDGE ( 'NONE', *, *, #5864, .F. ) ;
#4573 = DIRECTION ( 'NONE',  ( 0.000000000000000000, 0.000000000000000000, -1.000000000000000000 ) ) ;
#4574 = EDGE_CURVE ( 'NONE', #591, #5503, #1813, .T. ) ;
#4575 = CARTESIAN_POINT ( 'NONE',  ( -18.00000000000000000, -12.97345947731464300, -5.962616508216474820 ) ) ;
#4576 = AXIS2_PLACEMENT_3D ( 'NONE', #7808, #1590, #7166 ) ;
#4577 = DIRECTION ( 'NONE',  ( -7.153498870007452406E-17, -1.000000000000000000, -0.000000000000000000 ) ) ;
#4578 = CARTESIAN_POINT ( 'NONE',  ( 18.67677461902104241, -12.62398809110831266, -5.921438613828135189 ) ) ;
#4579 = ORIENTED_EDGE ( 'NONE', *, *, #7100, .F. ) ;
#4580 = ORIENTED_EDGE ( 'NONE', *, *, #2568, .F. ) ;
#4581 = CARTESIAN_POINT ( 'NONE',  ( -18.53360809047959989, 14.00000000000000000, -7.137163111788890291 ) ) ;
#4582 = ORIENTED_EDGE ( 'NONE', *, *, #8127, .F. ) ;
#4583 = VECTOR ( 'NONE', #8726, 1000.000000000000000 ) ;
#4584 = CARTESIAN_POINT ( 'NONE',  ( 18.28003959927140443, -13.99715786442599708, -8.981832047243770489 ) ) ;
#4585 = EDGE_CURVE ( 'NONE', #8683, #9041, #5624, .T. ) ;
#4586 = VERTEX_POINT ( 'NONE', #3339 ) ;
#4587 = AXIS2_PLACEMENT_3D ( 'NONE', #8729, #2653, #9665 ) ;
#4588 = DIRECTION ( 'NONE',  ( 5.782411586589356653E-16, 1.184965211890880193E-16, 1.000000000000000000 ) ) ;
#4589 = CIRCLE ( 'NONE', #1685, 2.000000000000005329 ) ;
#4590 = CARTESIAN_POINT ( 'NONE',  ( 11.24086771844658195, 13.50000000000000888, -3.498628363727310564 ) ) ;
#4591 = EDGE_CURVE ( 'NONE', #9340, #4126, #7231, .T. ) ;
#4592 = ORIENTED_EDGE ( 'NONE', *, *, #8705, .F. ) ;
#4593 = ORIENTED_EDGE ( 'NONE', *, *, #991, .T. ) ;
#4594 = CARTESIAN_POINT ( 'NONE',  ( 18.70771035343249622, 11.49315324586383547, -5.658742224040089752 ) ) ;
#4595 = DIRECTION ( 'NONE',  ( 1.000000000000000000, 0.000000000000000000, 0.000000000000000000 ) ) ;
#4596 = VERTEX_POINT ( 'NONE', #303 ) ;
#4597 = CARTESIAN_POINT ( 'NONE',  ( -20.50000000000000000, 5.500000000000000000, -7.500000000000000000 ) ) ;
#4598 = CARTESIAN_POINT ( 'NONE',  ( -20.50000000000000000, -1.500000000000000000, 4.183880899790690222 ) ) ;
#4599 = VECTOR ( 'NONE', #2892, 1000.000000000000114 ) ;
#4600 = CARTESIAN_POINT ( 'NONE',  ( -18.76980350373240825, -12.46130249853714744, -5.912790114281598619 ) ) ;
#4601 = EDGE_CURVE ( 'NONE', #302, #7342, #4856, .T. ) ;
#4602 = CARTESIAN_POINT ( 'NONE',  ( -18.46471150499630909, 14.00000000000000000, -7.722210941413506724 ) ) ;
#4603 = EDGE_CURVE ( 'NONE', #1702, #5337, #7935, .T. ) ;
#4604 = ORIENTED_EDGE ( 'NONE', *, *, #2811, .F. ) ;
#4605 = CARTESIAN_POINT ( 'NONE',  ( -20.50000000000000000, 12.00000000000000000, -8.972000000000001307 ) ) ;
#4606 = CARTESIAN_POINT ( 'NONE',  ( -23.00000000000000000, 2.500000000000000000, -9.500000000000001776 ) ) ;
#4607 = CARTESIAN_POINT ( 'NONE',  ( -20.56128185487026983, -12.49795282141779929, -9.230335430542895736 ) ) ;
#4608 = DIRECTION ( 'NONE',  ( -1.000000000000000000, 5.426742037195429582E-32, 4.579663590744439848E-16 ) ) ;
#4609 = CARTESIAN_POINT ( 'NONE',  ( 20.49931321364562464, -11.91196973894685129, -7.980861415918621304 ) ) ;
#4610 = ORIENTED_EDGE ( 'NONE', *, *, #9062, .T. ) ;
#4611 = DIRECTION ( 'NONE',  ( -1.000000000000000000, 0.000000000000000000, 0.000000000000000000 ) ) ;
#4612 = EDGE_CURVE ( 'NONE', #2807, #9340, #2579, .T. ) ;
#4613 = CARTESIAN_POINT ( 'NONE',  ( 20.50000000000000000, -5.500000000000000000, 0.000000000000000000 ) ) ;
#4614 = VECTOR ( 'NONE', #4522, 1000.000000000000000 ) ;
#4615 = CARTESIAN_POINT ( 'NONE',  ( -18.00000000000000355, 14.00000000000000000, 0.000000000000000000 ) ) ;
#4616 = VERTEX_POINT ( 'NONE', #5002 ) ;
#4617 = CARTESIAN_POINT ( 'NONE',  ( 19.50000000000000000, -1.500000000000000000, 0.000000000000000000 ) ) ;
#4618 = CIRCLE ( 'NONE', #1063, 3.000000000000000888 ) ;
#4619 = CARTESIAN_POINT ( 'NONE',  ( -18.67601969889709679, -12.60015348133872770, -5.915488071389048308 ) ) ;
#4620 = CARTESIAN_POINT ( 'NONE',  ( -13.79500000000000171, 33.50000000000000000, -2.986000000000068155 ) ) ;
#4621 = ORIENTED_EDGE ( 'NONE', *, *, #2868, .T. ) ;
#4622 = DIRECTION ( 'NONE',  ( 0.000000000000000000, 1.000000000000000000, 0.000000000000000000 ) ) ;
#4623 = ORIENTED_EDGE ( 'NONE', *, *, #9629, .F. ) ;
#4624 = CARTESIAN_POINT ( 'NONE',  ( 25.50000000000000000, 10.00000000000000000, 2.277999999999982705 ) ) ;
#4625 = CARTESIAN_POINT ( 'NONE',  ( 19.32724740966368415, 12.08544292086176597, -5.956622015494870581 ) ) ;
#4626 = EDGE_CURVE ( 'NONE', #3760, #9229, #9497, .T. ) ;
#4627 = CARTESIAN_POINT ( 'NONE',  ( -18.52810924121128977, -11.88099275468360183, -5.654919131034871427 ) ) ;
#4628 = VECTOR ( 'NONE', #2418, 1000.000000000000000 ) ;
#4629 = CARTESIAN_POINT ( 'NONE',  ( -20.55346307255046767, -9.499999999999998224, -5.599999999999999645 ) ) ;
#4630 = B_SPLINE_CURVE_WITH_KNOTS ( 'NONE', 3,
 ( #7439, #3598, #6745, #8294 ),
 .UNSPECIFIED., .F., .F.,
 ( 4, 4 ),
 ( 0.9178323159913991391, 1.000000000084601437 ),
 .UNSPECIFIED. ) ;
#4631 = CARTESIAN_POINT ( 'NONE',  ( -19.49999999063664546, 12.16535397700496191, -6.018415413374089695 ) ) ;
#4632 = ADVANCED_FACE ( 'NONE', ( #8746 ), #4092, .F. ) ;
#4633 = CARTESIAN_POINT ( 'NONE',  ( 18.67082039324979803, -12.84164078649989982, -5.971999999999999531 ) ) ;
#4634 = ORIENTED_EDGE ( 'NONE', *, *, #4143, .F. ) ;
#4635 = EDGE_LOOP ( 'NONE', ( #191, #6649, #8895, #7659, #9612, #4224, #8190 ) ) ;
#4636 = CARTESIAN_POINT ( 'NONE',  ( -20.50034953567138629, 12.01330660216100554, -7.136769677535790279 ) ) ;
#4637 = EDGE_LOOP ( 'NONE', ( #289, #4747, #7608, #7352 ) ) ;
#4638 = CARTESIAN_POINT ( 'NONE',  ( -23.00000000000000000, 10.50000000000000178, -5.599999999999999645 ) ) ;
#4639 = CARTESIAN_POINT ( 'NONE',  ( 18.19102201076254133, -13.99708298143602114, -9.824821831281759899 ) ) ;
#4640 = CARTESIAN_POINT ( 'NONE',  ( 11.24086771844658017, -16.50000000000000000, -3.498628363727311008 ) ) ;
#4641 = DIRECTION ( 'NONE',  ( -1.000000000000000000, 0.000000000000000000, 0.000000000000000000 ) ) ;
#4642 = DIRECTION ( 'NONE',  ( 0.000000000000000000, 2.906723457586479957E-16, -1.000000000000000000 ) ) ;
#4643 = ORIENTED_EDGE ( 'NONE', *, *, #8160, .F. ) ;
#4644 = ORIENTED_EDGE ( 'NONE', *, *, #9025, .F. ) ;
#4645 = CARTESIAN_POINT ( 'NONE',  ( 18.33395471292929813, 14.00000000000000000, -7.402998419945670427 ) ) ;
#4646 = CARTESIAN_POINT ( 'NONE',  ( 25.50000000000000000, -1.500000000000000000, 4.183880899790690222 ) ) ;
#4647 = ORIENTED_EDGE ( 'NONE', *, *, #3226, .T. ) ;
#4648 = FACE_OUTER_BOUND ( 'NONE', #4415, .T. ) ;
#4649 = CARTESIAN_POINT ( 'NONE',  ( 20.18034663352718994, 11.93583479285321758, -6.480957039273283371 ) ) ;
#4650 = AXIS2_PLACEMENT_3D ( 'NONE', #298, #4802, #3281 ) ;
#4651 = CARTESIAN_POINT ( 'NONE',  ( -18.66107678396059910, -12.46330537963409313, -5.897838267496777753 ) ) ;
#4652 = AXIS2_PLACEMENT_3D ( 'NONE', #7615, #6020, #4491 ) ;
#4653 = CARTESIAN_POINT ( 'NONE',  ( -19.25194993923859244, 13.99979867293830615, -7.633605906634372218 ) ) ;
#4654 = ORIENTED_EDGE ( 'NONE', *, *, #5332, .F. ) ;
#4655 = DIRECTION ( 'NONE',  ( -1.000000000000000000, 5.426742037195429582E-32, 4.579663590744439848E-16 ) ) ;
#4656 = CARTESIAN_POINT ( 'NONE',  ( 18.67101197937013168, 12.65026844620177293, -5.926344493074739539 ) ) ;
#4657 = EDGE_LOOP ( 'NONE', ( #3830, #3425, #9913, #1512 ) ) ;
#4658 = DIRECTION ( 'NONE',  ( -0.000000000000000000, 0.000000000000000000, 1.000000000000000000 ) ) ;
#4659 = CARTESIAN_POINT ( 'NONE',  ( 20.50000000000000000, 1.499999999999999778, -9.500000000000000000 ) ) ;
#4660 = CARTESIAN_POINT ( 'NONE',  ( 20.49975471915915293, -11.95508497748079613, -7.621551680143094032 ) ) ;
#4661 = ORIENTED_EDGE ( 'NONE', *, *, #4549, .F. ) ;
#4662 = DIRECTION ( 'NONE',  ( 1.000000000000000000, 0.000000000000000000, 0.000000000000000000 ) ) ;
#4663 = FACE_OUTER_BOUND ( 'NONE', #5577, .T. ) ;
#4664 = VECTOR ( 'NONE', #2718, 1000.000000000000000 ) ;
#4665 = ADVANCED_FACE ( 'NONE', ( #4907 ), #7983, .F. ) ;
#4666 = DIRECTION ( 'NONE',  ( 1.000000000000000000, -7.153498870007452406E-17, 0.000000000000000000 ) ) ;
#4667 = ORIENTED_EDGE ( 'NONE', *, *, #2256, .T. ) ;
#4668 = EDGE_CURVE ( 'NONE', #6233, #2924, #5715, .T. ) ;
#4669 = VECTOR ( 'NONE', #8838, 1000.000000000000000 ) ;
#4670 = CARTESIAN_POINT ( 'NONE',  ( -18.67098147554684218, -12.75348989860615134, -5.951165833397793037 ) ) ;
#4671 = AXIS2_PLACEMENT_3D ( 'NONE', #4875, #5640, #2638 ) ;
#4672 = CARTESIAN_POINT ( 'NONE',  ( -0.7028218092469136202, 14.89376127157186680, -5.267115649748210338 ) ) ;
#4673 = ORIENTED_EDGE ( 'NONE', *, *, #6172, .T. ) ;
#4674 = CARTESIAN_POINT ( 'NONE',  ( 20.50000000000000000, 12.00000000000000000, -7.422552296971640651 ) ) ;
#4675 = CARTESIAN_POINT ( 'NONE',  ( -18.00000000000000000, -14.00000000000000000, -7.386213562373100672 ) ) ;
#4676 = CARTESIAN_POINT ( 'NONE',  ( 18.00000000000000355, 13.49986223184804146, -6.269073203967579389 ) ) ;
#4677 = DIRECTION ( 'NONE',  ( 0.000000000000000000, -2.906723457586479957E-16, 1.000000000000000000 ) ) ;
#4678 = EDGE_CURVE ( 'NONE', #3273, #5253, #4742, .T. ) ;
#4679 = CARTESIAN_POINT ( 'NONE',  ( 18.66061426483710051, -13.21471890679310057, -6.058667187275030841 ) ) ;
#4680 = ORIENTED_EDGE ( 'NONE', *, *, #6134, .F. ) ;
#4681 = EDGE_CURVE ( 'NONE', #11, #2757, #9377, .T. ) ;
#4682 = VERTEX_POINT ( 'NONE', #4073 ) ;
#4683 = CARTESIAN_POINT ( 'NONE',  ( -20.55346307255046767, -11.00000000000000000, -7.500000000000000000 ) ) ;
#4684 = EDGE_LOOP ( 'NONE', ( #5434, #6656, #4375, #6814, #1717, #4061, #2809 ) ) ;
#4685 = VECTOR ( 'NONE', #6259, 1000.000000000000000 ) ;
#4686 = CARTESIAN_POINT ( 'NONE',  ( -0.5117476586226142876, 14.81913034822662212, -0.5504576415194661898 ) ) ;
#4687 = CARTESIAN_POINT ( 'NONE',  ( 18.20391752116928785, -13.99854149071801146, -9.826053771357097233 ) ) ;
#4688 = ADVANCED_FACE ( 'NONE', ( #7120 ), #135, .T. ) ;
#4689 = VECTOR ( 'NONE', #9802, 1000.000000000000000 ) ;
#4690 = CARTESIAN_POINT ( 'NONE',  ( -18.00000000000000000, 13.88678251963268373, -6.701701661854852610 ) ) ;
#4691 = B_SPLINE_CURVE_WITH_KNOTS ( 'NONE', 3,
 ( #7778, #849, #3935, #8333, #9343, #7182, #9495, #301, #7229, #1715, #4138, #6435, #9448, #102, #1092 ),
 .UNSPECIFIED., .F., .F.,
 ( 4, 2, 2, 2, 1, 1, 1, 2, 4 ),
 ( 0.000000000000000000, 0.2501827378029072291, 0.3752741067043614542, 0.4378197911550887333, 0.4690926333804520398, 0.4847290544931341372, 0.4925472650494757687, 0.4964563703276465567, 0.5003654756058173447 ),
 .UNSPECIFIED. ) ;
#4692 = PLANE ( 'NONE',  #3853 ) ;
#4693 = FACE_BOUND ( 'NONE', #2401, .T. ) ;
#4694 = FACE_OUTER_BOUND ( 'NONE', #2133, .T. ) ;
#4695 = VERTEX_POINT ( 'NONE', #4676 ) ;
#4696 = ORIENTED_EDGE ( 'NONE', *, *, #9650, .F. ) ;
#4697 = B_SPLINE_CURVE_WITH_KNOTS ( 'NONE', 3,
 ( #9218, #9966, #1480, #4568, #7644 ),
 .UNSPECIFIED., .F., .F.,
 ( 4, 1, 4 ),
 ( 0.3169613008592360726, 0.5714285714287439255, 0.9999999999999988898 ),
 .UNSPECIFIED. ) ;
#4698 = CARTESIAN_POINT ( 'NONE',  ( 18.50196928952668074, 12.65463484315971598, -5.888616427423440491 ) ) ;
#4699 = CYLINDRICAL_SURFACE ( 'NONE', #6928, 0.6750000000000002665 ) ;
#4700 = ORIENTED_EDGE ( 'NONE', *, *, #5248, .F. ) ;
#4701 = CARTESIAN_POINT ( 'NONE',  ( -19.82135420563883699, 13.50211296238210323, -7.443047481855169956 ) ) ;
#4702 = DIRECTION ( 'NONE',  ( 0.000000000000000000, 0.000000000000000000, -1.000000000000000000 ) ) ;
#4703 = VECTOR ( 'NONE', #2334, 1000.000000000000000 ) ;
#4704 = ADVANCED_FACE ( 'NONE', ( #1638 ), #2456, .T. ) ;
#4705 = CARTESIAN_POINT ( 'NONE',  ( -18.15689750961203330, -13.02191767688863777, -5.979503718314309602 ) ) ;
#4706 = PLANE ( 'NONE',  #901 ) ;
#4707 = DIRECTION ( 'NONE',  ( -0.000000000000000000, -0.000000000000000000, 1.000000000000000000 ) ) ;
#4708 = ORIENTED_EDGE ( 'NONE', *, *, #9130, .T. ) ;
#4709 = CARTESIAN_POINT ( 'NONE',  ( 1.749999999999986455, -16.50000000000000000, -11.00000000000000000 ) ) ;
#4710 = CARTESIAN_POINT ( 'NONE',  ( 18.74925684682482441, 12.58221504412666114, -5.928695392958885257 ) ) ;
#4711 = VERTEX_POINT ( 'NONE', #4629 ) ;
#4712 = DIRECTION ( 'NONE',  ( 0.000000000000000000, 0.000000000000000000, -1.000000000000000000 ) ) ;
#4713 = DIRECTION ( 'NONE',  ( -1.000000000000000000, 0.000000000000000000, 0.000000000000000000 ) ) ;
#4714 = CARTESIAN_POINT ( 'NONE',  ( 18.48964502091169848, -14.00000000000000000, -7.422247440400167484 ) ) ;
#4715 = VERTEX_POINT ( 'NONE', #7067 ) ;
#4716 = DIRECTION ( 'NONE',  ( 0.000000000000000000, 0.000000000000000000, 1.000000000000000000 ) ) ;
#4717 = B_SPLINE_CURVE_WITH_KNOTS ( 'NONE', 3,
 ( #6948, #820, #6999, #9368, #175, #7112, #3904, #6249 ),
 .UNSPECIFIED., .F., .F.,
 ( 4, 2, 2, 4 ),
 ( 0.000000000000000000, 0.4873620895150659882, 0.7310431342725983717, 0.9747241790301308662 ),
 .UNSPECIFIED. ) ;
#4718 = CARTESIAN_POINT ( 'NONE',  ( -20.50000000000000000, 5.500000000000000000, -9.500000000000001776 ) ) ;
#4719 = CARTESIAN_POINT ( 'NONE',  ( 1.749999999999992895, 16.50000000000000000, 12.00000000000000000 ) ) ;
#4720 = ORIENTED_EDGE ( 'NONE', *, *, #5547, .F. ) ;
#4721 = CARTESIAN_POINT ( 'NONE',  ( -18.67000077890044807, -12.78333702917777615, -5.958110555598528535 ) ) ;
#4722 = CARTESIAN_POINT ( 'NONE',  ( -19.45321423865400234, -11.87171007058380034, -5.971999999999999531 ) ) ;
#4723 = EDGE_CURVE ( 'NONE', #9121, #6117, #3320, .T. ) ;
#4724 = CARTESIAN_POINT ( 'NONE',  ( -0.01241415008231257569, 14.74568019666392971, -5.711001501625946553 ) ) ;
#4725 = CARTESIAN_POINT ( 'NONE',  ( 19.36724614208155160, -12.11766313187664501, -5.972003686926469435 ) ) ;
#4726 = VERTEX_POINT ( 'NONE', #236 ) ;
#4727 = CARTESIAN_POINT ( 'NONE',  ( 19.38521253042749848, 12.08367690539470019, -5.971999999999999531 ) ) ;
#4728 = CARTESIAN_POINT ( 'NONE',  ( -19.21949328265048607, 11.98928678075688481, -5.911742777240743152 ) ) ;
#4729 = EDGE_CURVE ( 'NONE', #4489, #3732, #7761, .T. ) ;
#4730 = FACE_BOUND ( 'NONE', #787, .T. ) ;
#4731 = DIRECTION ( 'NONE',  ( 1.000000000000000000, 0.000000000000000000, 0.000000000000000000 ) ) ;
#4732 = AXIS2_PLACEMENT_3D ( 'NONE', #8799, #211, #8035 ) ;
#4733 = CARTESIAN_POINT ( 'NONE',  ( 18.47647433666427474, -14.00000000000000000, -7.622324726599539524 ) ) ;
#4734 = ORIENTED_EDGE ( 'NONE', *, *, #1415, .F. ) ;
#4735 = ADVANCED_FACE ( 'NONE', ( #7866, #4730 ), #5500, .T. ) ;
#4736 = ORIENTED_EDGE ( 'NONE', *, *, #8390, .T. ) ;
#4737 = CARTESIAN_POINT ( 'NONE',  ( -19.99808411463057922, 13.64350681405548649, -7.761255039033977177 ) ) ;
#4738 = VERTEX_POINT ( 'NONE', #8627 ) ;
#4739 = CARTESIAN_POINT ( 'NONE',  ( 25.50000000000000000, -5.947284263024439757E-15, -7.721999999999999531 ) ) ;
#4740 = CARTESIAN_POINT ( 'NONE',  ( 20.03481571339983702, -13.70091150962332271, -10.74360485088784856 ) ) ;
#4741 = EDGE_CURVE ( 'NONE', #8674, #9935, #9428, .T. ) ;
#4742 = CIRCLE ( 'NONE', #375, 0.6750000000000002665 ) ;
#4743 = CARTESIAN_POINT ( 'NONE',  ( 19.45321423865400234, 11.87171007058380034, -5.971999999999999531 ) ) ;
#4744 = CARTESIAN_POINT ( 'NONE',  ( -20.50000000000000000, -5.500000000000000000, -9.500000000000001776 ) ) ;
#4745 = CARTESIAN_POINT ( 'NONE',  ( 1.249999999999995337, 16.50000000000000000, -2.985999999999998877 ) ) ;
#4746 = VERTEX_POINT ( 'NONE', #4023 ) ;
#4747 = ORIENTED_EDGE ( 'NONE', *, *, #1887, .T. ) ;
#4748 = AXIS2_PLACEMENT_3D ( 'NONE', #9947, #6277, #9248 ) ;
#4749 = CARTESIAN_POINT ( 'NONE',  ( 18.32339374152327593, 14.00004345539845474, -7.498443608185193732 ) ) ;
#4750 = AXIS2_PLACEMENT_3D ( 'NONE', #2748, #5838, #8914 ) ;
#4751 = CARTESIAN_POINT ( 'NONE',  ( 25.50000000000000000, -1.500000000000000000, 2.841940449895339782 ) ) ;
#4752 = ORIENTED_EDGE ( 'NONE', *, *, #8577, .F. ) ;
#4753 = DIRECTION ( 'NONE',  ( 1.000000000000000000, 1.992221491941909864E-18, -4.579663590744439848E-16 ) ) ;
#4754 = DIRECTION ( 'NONE',  ( -1.000000000000000000, 0.000000000000000000, 0.000000000000000000 ) ) ;
#4755 = EDGE_CURVE ( 'NONE', #9041, #3296, #6417, .T. ) ;
#4756 = CARTESIAN_POINT ( 'NONE',  ( -19.04784176676900032, -12.17885771937481998, -5.903749590020919591 ) ) ;
#4757 = AXIS2_PLACEMENT_3D ( 'NONE', #5535, #6343, #6944 ) ;
#4758 = VECTOR ( 'NONE', #9169, 1000.000000000000000 ) ;
#4759 = LINE ( 'NONE', #7090, #1213 ) ;
#4760 = DIRECTION ( 'NONE',  ( 0.000000000000000000, -0.000000000000000000, 1.000000000000000000 ) ) ;
#4761 = ORIENTED_EDGE ( 'NONE', *, *, #1881, .T. ) ;
#4762 = DIRECTION ( 'NONE',  ( -1.000000000000000000, -1.992221491941909864E-18, 4.579663590744439848E-16 ) ) ;
#4763 = CARTESIAN_POINT ( 'NONE',  ( 20.49981786076174828, 11.95678805590191907, -7.521406197557648277 ) ) ;
#4764 = ORIENTED_EDGE ( 'NONE', *, *, #8694, .T. ) ;
#4765 = CARTESIAN_POINT ( 'NONE',  ( -1.348076211353323561, -15.38411894523510171, -4.485999999999998877 ) ) ;
#4766 = CYLINDRICAL_SURFACE ( 'NONE', #4370, 1.749999999999986455 ) ;
#4767 = AXIS2_PLACEMENT_3D ( 'NONE', #8908, #9608, #8858 ) ;
#4768 = AXIS2_PLACEMENT_3D ( 'NONE', #9922, #3004, #1533 ) ;
#4769 = CARTESIAN_POINT ( 'NONE',  ( 18.45685565037504716, -13.99981825223880527, -7.521408416340015890 ) ) ;
#4770 = EDGE_LOOP ( 'NONE', ( #2562, #2451, #2159, #1999, #1713, #628, #8768, #4933, #320, #2370 ) ) ;
#4771 = CARTESIAN_POINT ( 'NONE',  ( -20.50000000000000000, 1.499999999999999778, -9.500000000000001776 ) ) ;
#4772 = LINE ( 'NONE', #6995, #9909 ) ;
#4773 = VECTOR ( 'NONE', #7233, 1000.000000000000000 ) ;
#4774 = CARTESIAN_POINT ( 'NONE',  ( -18.70771035343259925, 11.49315324586383547, -5.658742224040123503 ) ) ;
#4775 = ORIENTED_EDGE ( 'NONE', *, *, #9421, .T. ) ;
#4776 = DIRECTION ( 'NONE',  ( 0.000000000000000000, 2.906723457586479957E-16, -1.000000000000000000 ) ) ;
#4777 = ADVANCED_FACE ( 'NONE', ( #187 ), #6959, .F. ) ;
#4778 = EDGE_CURVE ( 'NONE', #31, #3199, #27, .T. ) ;
#4779 = CARTESIAN_POINT ( 'NONE',  ( -18.65095956459536453, -13.21714228520183987, -6.058862531473379498 ) ) ;
#4780 = CARTESIAN_POINT ( 'NONE',  ( -19.38950237561517298, -12.07509721501936006, -5.972000000000012854 ) ) ;
#4781 = CARTESIAN_POINT ( 'NONE',  ( 0.1184781269388026220, 14.74906941290259965, -5.767857062600151075 ) ) ;
#4782 = CIRCLE ( 'NONE', #5913, 1.249999999999987121 ) ;
#4783 = CARTESIAN_POINT ( 'NONE',  ( 19.44141714802247733, -11.91783123177153314, -5.972000000000004860 ) ) ;
#4784 = ORIENTED_EDGE ( 'NONE', *, *, #8631, .F. ) ;
#4785 = CYLINDRICAL_SURFACE ( 'NONE', #2017, 1.249999999999992450 ) ;
#4786 = CARTESIAN_POINT ( 'NONE',  ( 20.50000000000000000, 11.91880884889969927, -7.412991039243579827 ) ) ;
#4787 = DIRECTION ( 'NONE',  ( -0.000000000000000000, -0.000000000000000000, 1.000000000000000000 ) ) ;
#4788 = VECTOR ( 'NONE', #8942, 1000.000000000000000 ) ;
#4789 = CARTESIAN_POINT ( 'NONE',  ( -20.50000000000000000, 11.99625217924800147, -7.422111238351120299 ) ) ;
#4790 = PLANE ( 'NONE',  #6772 ) ;
#4791 = CARTESIAN_POINT ( 'NONE',  ( 20.55346307255046767, -6.500000000000000888, -5.599999999999999645 ) ) ;
#4792 = CARTESIAN_POINT ( 'NONE',  ( 18.43412814265997568, -14.00000000000000000, -7.981915099929795865 ) ) ;
#4793 = ORIENTED_EDGE ( 'NONE', *, *, #5225, .F. ) ;
#4794 = ORIENTED_EDGE ( 'NONE', *, *, #7677, .T. ) ;
#4795 = FACE_OUTER_BOUND ( 'NONE', #5515, .T. ) ;
#4796 = VERTEX_POINT ( 'NONE', #3270 ) ;
#4797 = DIRECTION ( 'NONE',  ( -1.000000000000000000, 0.000000000000000000, 0.000000000000000000 ) ) ;
#4798 = CARTESIAN_POINT ( 'NONE',  ( 18.73316966953768059, -14.07552783779736494, -10.38926439828380133 ) ) ;
#4799 = EDGE_CURVE ( 'NONE', #3947, #7766, #9172, .T. ) ;
#4800 = DIRECTION ( 'NONE',  ( -0.000000000000000000, 1.000000000000000000, -0.000000000000000000 ) ) ;
#4801 = AXIS2_PLACEMENT_3D ( 'NONE', #9677, #7176, #5851 ) ;
#4802 = DIRECTION ( 'NONE',  ( -7.153498870007452406E-17, -1.000000000000000000, -0.000000000000000000 ) ) ;
#4803 = ORIENTED_EDGE ( 'NONE', *, *, #1273, .T. ) ;
#4804 = ORIENTED_EDGE ( 'NONE', *, *, #7154, .T. ) ;
#4805 = CARTESIAN_POINT ( 'NONE',  ( -20.50000000000000000, -12.00000000000000000, -8.972000000000001307 ) ) ;
#4806 = ADVANCED_FACE ( 'NONE', ( #5603 ), #776, .F. ) ;
#4807 = DIRECTION ( 'NONE',  ( 0.000000000000000000, 0.000000000000000000, 1.000000000000000000 ) ) ;
#4808 = ORIENTED_EDGE ( 'NONE', *, *, #4513, .T. ) ;
#4809 = DIRECTION ( 'NONE',  ( -0.7071067811865467956, 0.7071067811865484609, 0.000000000000000000 ) ) ;
#4810 = FACE_OUTER_BOUND ( 'NONE', #4465, .T. ) ;
#4811 = FACE_OUTER_BOUND ( 'NONE', #2905, .T. ) ;
#4812 = CARTESIAN_POINT ( 'NONE',  ( 18.00000000000000000, -11.50000000000000000, 1.500000000000000000 ) ) ;
#4813 = ORIENTED_EDGE ( 'NONE', *, *, #9620, .F. ) ;
#4814 = FACE_OUTER_BOUND ( 'NONE', #4222, .T. ) ;
#4815 = EDGE_CURVE ( 'NONE', #5970, #5897, #3512, .T. ) ;
#4816 = CARTESIAN_POINT ( 'NONE',  ( 19.26208314935989918, 12.32993566752989878, -5.971999999999999531 ) ) ;
#4817 = ORIENTED_EDGE ( 'NONE', *, *, #4873, .F. ) ;
#4818 = CARTESIAN_POINT ( 'NONE',  ( -20.55346307255046767, -11.00000000000000000, -5.599999999999999645 ) ) ;
#4819 = CARTESIAN_POINT ( 'NONE',  ( -23.00000000000000000, 11.86754886233879880, -9.500000000000000000 ) ) ;
#4820 = ADVANCED_FACE ( 'NONE', ( #7299, #9530, #1897, #2609, #1990, #1033, #469, #2558, #6463, #5699 ), #8097, .T. ) ;
#4821 = CARTESIAN_POINT ( 'NONE',  ( 18.47929004182389434, -14.00000000000000000, -7.421942583828714746 ) ) ;
#4822 = ORIENTED_EDGE ( 'NONE', *, *, #5187, .T. ) ;
#4823 = FACE_BOUND ( 'NONE', #2661, .T. ) ;
#4824 = EDGE_CURVE ( 'NONE', #4311, #7273, #5653, .T. ) ;
#4825 = CARTESIAN_POINT ( 'NONE',  ( -19.23930742311441477, 10.96723523095859854, -5.873274901924595781 ) ) ;
#4826 = VERTEX_POINT ( 'NONE', #9478 ) ;
#4827 = CARTESIAN_POINT ( 'NONE',  ( -23.00000000000000000, -5.499999999999997335, -7.500000000000000000 ) ) ;
#4828 = CARTESIAN_POINT ( 'NONE',  ( -18.99099993444467671, -12.52132533432745376, -5.954918460252436319 ) ) ;
#4829 = DIRECTION ( 'NONE',  ( -7.153498870007452406E-17, -1.000000000000000000, -0.000000000000000000 ) ) ;
#4830 = FACE_OUTER_BOUND ( 'NONE', #7982, .T. ) ;
#4831 = ORIENTED_EDGE ( 'NONE', *, *, #4175, .T. ) ;
#4832 = CARTESIAN_POINT ( 'NONE',  ( 1.749999999999986455, -16.50000000000000000, -11.00000000000000000 ) ) ;
#4833 = VECTOR ( 'NONE', #3731, 1000.000000000000000 ) ;
#4834 = DIRECTION ( 'NONE',  ( 0.000000000000000000, 1.000000000000000000, 0.000000000000000000 ) ) ;
#4835 = CARTESIAN_POINT ( 'NONE',  ( -13.50000000000001243, 16.50000000000000000, 5.028000000000000469 ) ) ;
#4836 = EDGE_CURVE ( 'NONE', #9790, #1124, #6598, .T. ) ;
#4837 = CARTESIAN_POINT ( 'NONE',  ( -20.50000000000000000, 14.00000000000000000, -5.971999999999999531 ) ) ;
#4838 = AXIS2_PLACEMENT_3D ( 'NONE', #8833, #385, #531 ) ;
#4839 = VECTOR ( 'NONE', #4516, 1000.000000000000000 ) ;
#4840 = CARTESIAN_POINT ( 'NONE',  ( 13.91999999999999105, 43.50000000000000711, -2.986000000000068155 ) ) ;
#4841 = CARTESIAN_POINT ( 'NONE',  ( 18.93844890963460870, -13.11178444806544263, -6.028990439884074348 ) ) ;
#4842 = VERTEX_POINT ( 'NONE', #8012 ) ;
#4843 = ORIENTED_EDGE ( 'NONE', *, *, #306, .F. ) ;
#4844 = CARTESIAN_POINT ( 'NONE',  ( 20.50000000000000000, 2.500000000000000000, 0.000000000000000000 ) ) ;
#4845 = ORIENTED_EDGE ( 'NONE', *, *, #7636, .F. ) ;
#4846 = DIRECTION ( 'NONE',  ( -0.000000000000000000, 0.000000000000000000, -1.000000000000000000 ) ) ;
#4847 = CARTESIAN_POINT ( 'NONE',  ( 18.15782529287250924, -14.00000000000000000, -10.32819077459103063 ) ) ;
#4848 = DIRECTION ( 'NONE',  ( 0.000000000000000000, 0.000000000000000000, -1.000000000000000000 ) ) ;
#4849 =( NAMED_UNIT ( * ) SI_UNIT ( $, .STERADIAN. ) SOLID_ANGLE_UNIT ( ) );
#4850 = CYLINDRICAL_SURFACE ( 'NONE', #4650, 0.6750000000000002665 ) ;
#4851 = VERTEX_POINT ( 'NONE', #8771 ) ;
#4852 = ORIENTED_EDGE ( 'NONE', *, *, #2095, .T. ) ;
#4853 = CARTESIAN_POINT ( 'NONE',  ( -19.35474917957071384, 12.14460357906534682, -5.972000000047486878 ) ) ;
#4854 = CARTESIAN_POINT ( 'NONE',  ( -19.91421356237309581, -13.41421356237309759, -11.00000000000000000 ) ) ;
#4855 = EDGE_LOOP ( 'NONE', ( #3685, #2974, #282, #4621 ) ) ;
#4856 = LINE ( 'NONE', #6523, #8276 ) ;
#4857 = EDGE_CURVE ( 'NONE', #1223, #1081, #5795, .T. ) ;
#4858 = CARTESIAN_POINT ( 'NONE',  ( 0.000000000000000000, 16.50000000000000000, -4.485999999999998877 ) ) ;
#4859 = VECTOR ( 'NONE', #4776, 1000.000000000000000 ) ;
#4860 = EDGE_CURVE ( 'NONE', #5253, #3273, #1024, .T. ) ;
#4861 = DIRECTION ( 'NONE',  ( -7.153498870007452406E-17, -1.000000000000000000, -0.000000000000000000 ) ) ;
#4862 = CARTESIAN_POINT ( 'NONE',  ( 19.50000000000000000, 11.49999999999999645, -4.294172699799482906 ) ) ;
#4863 = ORIENTED_EDGE ( 'NONE', *, *, #2081, .F. ) ;
#4864 = LINE ( 'NONE', #4243, #5049 ) ;
#4865 = CARTESIAN_POINT ( 'NONE',  ( 20.49993928692058276, 11.97775413085537721, -7.522094407042951403 ) ) ;
#4866 = ORIENTED_EDGE ( 'NONE', *, *, #8148, .T. ) ;
#4867 = DIRECTION ( 'NONE',  ( 1.000000000000000000, 0.000000000000000000, -0.000000000000000000 ) ) ;
#4868 = ADVANCED_FACE ( 'NONE', ( #5027 ), #2702, .F. ) ;
#4869 = VERTEX_POINT ( 'NONE', #4266 ) ;
#4870 = DIRECTION ( 'NONE',  ( 1.000000000000000000, 1.992221491941909864E-18, -4.579663590744439848E-16 ) ) ;
#4871 = CARTESIAN_POINT ( 'NONE',  ( -13.60071056436684600, -15.44706007104537981, -2.509604635752422208 ) ) ;
#4872 = ADVANCED_FACE ( 'NONE', ( #1796 ), #4887, .F. ) ;
#4873 = EDGE_CURVE ( 'NONE', #1002, #8718, #3604, .T. ) ;
#4874 = CARTESIAN_POINT ( 'NONE',  ( -13.55137439758543394, 16.09799653555527144, -3.505807300554488304 ) ) ;
#4875 = CARTESIAN_POINT ( 'NONE',  ( -20.50000000000000000, 5.500000000000000000, 0.000000000000000000 ) ) ;
#4876 = EDGE_LOOP ( 'NONE', ( #806, #6155, #9036, #8979, #7329, #5641 ) ) ;
#4877 = CARTESIAN_POINT ( 'NONE',  ( 19.14577477334596622, -12.17617861066651308, -5.926499726680613200 ) ) ;
#4878 = CARTESIAN_POINT ( 'NONE',  ( -18.67082039324989751, -12.84164078649989982, -5.971999999999999531 ) ) ;
#4879 = PLANE ( 'NONE',  #4926 ) ;
#4880 = ADVANCED_FACE ( 'NONE', ( #5074 ), #9568, .T. ) ;
#4881 = CARTESIAN_POINT ( 'NONE',  ( 0.8895204845357345125, 14.98648885491895300, -5.966470136284411474 ) ) ;
#4882 = DIRECTION ( 'NONE',  ( -7.153498870007452406E-17, -1.000000000000000000, 0.000000000000000000 ) ) ;
#4883 = ORIENTED_EDGE ( 'NONE', *, *, #9669, .F. ) ;
#4884 = DIRECTION ( 'NONE',  ( -0.000000000000000000, 1.000000000000000000, 0.000000000000000000 ) ) ;
#4885 = CARTESIAN_POINT ( 'NONE',  ( 18.50000000000000000, 14.00000000000000000, -7.422552296971610453 ) ) ;
#4886 = CARTESIAN_POINT ( 'NONE',  ( -18.44941982382804468, -14.00000000000000000, -7.852063020671653071 ) ) ;
#4887 = PLANE ( 'NONE',  #9099 ) ;
#4888 = DIRECTION ( 'NONE',  ( 0.000000000000000000, -2.906723457586479957E-16, 1.000000000000000000 ) ) ;
#4889 = CARTESIAN_POINT ( 'NONE',  ( 18.71557031607943600, -13.99979867293827063, -7.772983467852742301 ) ) ;
#4890 = ORIENTED_EDGE ( 'NONE', *, *, #9187, .T. ) ;
#4891 = ORIENTED_EDGE ( 'NONE', *, *, #2111, .F. ) ;
#4892 = EDGE_CURVE ( 'NONE', #9303, #4364, #1846, .T. ) ;
#4893 = CARTESIAN_POINT ( 'NONE',  ( -20.49987766251501853, 11.96711373904456188, -7.521745137158730721 ) ) ;
#4894 = ORIENTED_EDGE ( 'NONE', *, *, #3096, .F. ) ;
#4895 = CARTESIAN_POINT ( 'NONE',  ( 0.4641916833496684269, 14.81003072516344332, -0.08912687085009685095 ) ) ;
#4896 = CIRCLE ( 'NONE', #1010, 12.00000000000000000 ) ;
#4897 = EDGE_CURVE ( 'NONE', #5270, #982, #1076, .T. ) ;
#4898 = CARTESIAN_POINT ( 'NONE',  ( 25.50000000000000000, -14.00000000000000533, -9.500000000000000000 ) ) ;
#4899 = DIRECTION ( 'NONE',  ( 5.782411586589356653E-16, 1.184965211890880193E-16, 1.000000000000000000 ) ) ;
#4900 = CARTESIAN_POINT ( 'NONE',  ( -18.81544929354677365, 12.76932633635147063, -5.972000000000014630 ) ) ;
#4901 = DIRECTION ( 'NONE',  ( -8.673617379884035472E-17, -1.000000000000000000, -0.000000000000000000 ) ) ;
#4902 = ORIENTED_EDGE ( 'NONE', *, *, #351, .T. ) ;
#4903 = CYLINDRICAL_SURFACE ( 'NONE', #5708, 1.700000000000000178 ) ;
#4904 = EDGE_CURVE ( 'NONE', #940, #3273, #7255, .T. ) ;
#4905 = CARTESIAN_POINT ( 'NONE',  ( 18.11676308431226801, -12.99999999999999822, -5.971999999999998643 ) ) ;
#4906 = ORIENTED_EDGE ( 'NONE', *, *, #6231, .F. ) ;
#4907 = FACE_OUTER_BOUND ( 'NONE', #6604, .T. ) ;
#4908 = CIRCLE ( 'NONE', #7318, 0.6750000000000002665 ) ;
#4909 = DIRECTION ( 'NONE',  ( 1.000000000000000000, -5.426742037195429582E-32, -4.579663590744439848E-16 ) ) ;
#4910 = CARTESIAN_POINT ( 'NONE',  ( 13.96530766091942866, -15.08846935270307199, -2.583332295648969268 ) ) ;
#4911 = AXIS2_PLACEMENT_3D ( 'NONE', #8149, #1218, #3365 ) ;
#4912 = CYLINDRICAL_SURFACE ( 'NONE', #1433, 12.00000000000000000 ) ;
#4913 = EDGE_LOOP ( 'NONE', ( #3122, #57, #949, #4954 ) ) ;
#4914 = CARTESIAN_POINT ( 'NONE',  ( -20.55346307255046767, 9.499999999999998224, -7.500000000000000000 ) ) ;
#4915 = CARTESIAN_POINT ( 'NONE',  ( 18.94378481804830017, 14.00000000000000000, -7.435617578605340228 ) ) ;
#4916 = ORIENTED_EDGE ( 'NONE', *, *, #273, .F. ) ;
#4917 = DIRECTION ( 'NONE',  ( -1.000000000000000000, 0.000000000000000000, 0.000000000000000000 ) ) ;
#4918 = ORIENTED_EDGE ( 'NONE', *, *, #7137, .F. ) ;
#4919 = CARTESIAN_POINT ( 'NONE',  ( 25.50000000000000000, -5.947284263024439757E-15, -7.721999999999999531 ) ) ;
#4920 = AXIS2_PLACEMENT_3D ( 'NONE', #8452, #1574, #6894 ) ;
#4921 = VECTOR ( 'NONE', #5978, 1000.000000000000000 ) ;
#4922 = EDGE_CURVE ( 'NONE', #6457, #636, #5746, .T. ) ;
#4923 = CARTESIAN_POINT ( 'NONE',  ( -13.76939198077823789, 15.63974422907539541, -3.189138333154815097 ) ) ;
#4924 = CARTESIAN_POINT ( 'NONE',  ( -23.00000000000000000, -9.499999999999998224, -7.500000000000000000 ) ) ;
#4925 = VERTEX_POINT ( 'NONE', #3653 ) ;
#4926 = AXIS2_PLACEMENT_3D ( 'NONE', #6592, #9655, #1116 ) ;
#4927 = CARTESIAN_POINT ( 'NONE',  ( 19.14764577469405893, -11.99135285514784321, -5.890634930070389963 ) ) ;
#4928 = VECTOR ( 'NONE', #9957, 1000.000000000000000 ) ;
#4929 = CARTESIAN_POINT ( 'NONE',  ( -18.52354566093340082, -14.00017324730147728, -7.136968106162173697 ) ) ;
#4930 = CARTESIAN_POINT ( 'NONE',  ( 14.60528093752084722, 14.78571357092261884, -1.606855277999870379 ) ) ;
#4931 = EDGE_CURVE ( 'NONE', #293, #5704, #8963, .T. ) ;
#4932 = CARTESIAN_POINT ( 'NONE',  ( 19.04784176676900032, -12.17885771937481998, -5.903749590020919591 ) ) ;
#4933 = ORIENTED_EDGE ( 'NONE', *, *, #9656, .F. ) ;
#4934 = CARTESIAN_POINT ( 'NONE',  ( 6.444999999999989626, -16.50000000000000000, -2.985999999999998877 ) ) ;
#4935 = CARTESIAN_POINT ( 'NONE',  ( 20.50000000000000000, -12.00000000000000000, -7.422552296971640651 ) ) ;
#4936 = AXIS2_PLACEMENT_3D ( 'NONE', #852, #3785, #2979 ) ;
#4937 = DIRECTION ( 'NONE',  ( 0.000000000000000000, 1.000000000000000000, 0.000000000000000000 ) ) ;
#4938 = CARTESIAN_POINT ( 'NONE',  ( -3.270000000000001350, 13.99999999999999822, -2.985999999999998877 ) ) ;
#4939 = PLANE ( 'NONE',  #6758 ) ;
#4940 = EDGE_LOOP ( 'NONE', ( #9751, #6762 ) ) ;
#4941 = ORIENTED_EDGE ( 'NONE', *, *, #2146, .T. ) ;
#4942 = CARTESIAN_POINT ( 'NONE',  ( 1.232989586387283065, 15.24242144802721022, -5.988557755682875516 ) ) ;
#4943 = VERTEX_POINT ( 'NONE', #2847 ) ;
#4944 = CARTESIAN_POINT ( 'NONE',  ( -2.146049661002233873E-16, -14.00000000000000000, -1.485999999999999543 ) ) ;
#4945 = EDGE_CURVE ( 'NONE', #1379, #1008, #2897, .T. ) ;
#4946 = VECTOR ( 'NONE', #9332, 1000.000000000000000 ) ;
#4947 = DIRECTION ( 'NONE',  ( -1.000000000000000000, 0.000000000000000000, 0.000000000000000000 ) ) ;
#4948 = LINE ( 'NONE', #8165, #2092 ) ;
#4949 =( LENGTH_UNIT ( ) NAMED_UNIT ( * ) SI_UNIT ( .MILLI., .METRE. ) );
#4950 = CARTESIAN_POINT ( 'NONE',  ( 20.50000000000000000, -6.500000000000000000, 0.000000000000000000 ) ) ;
#4951 = VERTEX_POINT ( 'NONE', #9859 ) ;
#4952 = CARTESIAN_POINT ( 'NONE',  ( 18.00000000000000711, -13.00000000000000000, -5.971999999999999531 ) ) ;
#4953 = AXIS2_PLACEMENT_3D ( 'NONE', #1346, #1496, #4588 ) ;
#4954 = ORIENTED_EDGE ( 'NONE', *, *, #6506, .F. ) ;
#4955 = CARTESIAN_POINT ( 'NONE',  ( 20.50000000000000000, -12.00000000000000000, -8.972000000000001307 ) ) ;
#4956 = LINE ( 'NONE', #1098, #9105 ) ;
#4957 = ADVANCED_FACE ( 'NONE', ( #9811 ), #2141, .F. ) ;
#4958 = EDGE_CURVE ( 'NONE', #2217, #6436, #3500, .T. ) ;
#4959 = VECTOR ( 'NONE', #5702, 1000.000000000000000 ) ;
#4960 = CARTESIAN_POINT ( 'NONE',  ( -19.50000000000000000, -11.50000000000000000, -1.442730506605519022E-17 ) ) ;
#4961 = FACE_OUTER_BOUND ( 'NONE', #443, .T. ) ;
#4962 = ORIENTED_EDGE ( 'NONE', *, *, #5299, .T. ) ;
#4963 = FACE_OUTER_BOUND ( 'NONE', #844, .T. ) ;
#4964 = CARTESIAN_POINT ( 'NONE',  ( 18.67123523785105377, 12.74515830484442169, -5.949223991072660311 ) ) ;
#4965 = VERTEX_POINT ( 'NONE', #6798 ) ;
#4966 = FACE_OUTER_BOUND ( 'NONE', #5714, .T. ) ;
#4967 = CARTESIAN_POINT ( 'NONE',  ( -20.50000000000000000, 1.500000000000000000, 0.000000000000000000 ) ) ;
#4968 = LINE ( 'NONE', #2689, #9893 ) ;
#4969 = CARTESIAN_POINT ( 'NONE',  ( 25.50000000000000000, 10.00000000000000000, 1.027999999999990255 ) ) ;
#4970 = ORIENTED_EDGE ( 'NONE', *, *, #930, .T. ) ;
#4971 = LINE ( 'NONE', #5642, #5507 ) ;
#4972 = CARTESIAN_POINT ( 'NONE',  ( -18.45426911362893918, -13.99974677552718916, -7.630348618777353487 ) ) ;
#4973 = CARTESIAN_POINT ( 'NONE',  ( 16.74999999999998934, 16.39697432625439077, -1.715921262283384152 ) ) ;
#4974 = CARTESIAN_POINT ( 'NONE',  ( 18.75029827940288030, -12.18806325511916810, -5.833527165197297748 ) ) ;
#4975 = ORIENTED_EDGE ( 'NONE', *, *, #2783, .T. ) ;
#4976 = PLANE ( 'NONE',  #8299 ) ;
#4977 = EDGE_CURVE ( 'NONE', #2064, #367, #8437, .T. ) ;
#4978 = DIRECTION ( 'NONE',  ( 0.000000000000000000, -1.000000000000000000, 0.000000000000000000 ) ) ;
#4979 = VECTOR ( 'NONE', #5407, 1000.000000000000000 ) ;
#4980 = CARTESIAN_POINT ( 'NONE',  ( 25.50000000000000000, -9.500000000000000000, -0.3905608506924069800 ) ) ;
#4981 = ORIENTED_EDGE ( 'NONE', *, *, #4369, .F. ) ;
#4982 = LINE ( 'NONE', #3460, #3242 ) ;
#4983 = VECTOR ( 'NONE', #5763, 1000.000000000000000 ) ;
#4984 = CARTESIAN_POINT ( 'NONE',  ( 18.22538792687539200, -14.00044672149612168, -8.384174955047972944 ) ) ;
#4985 = CARTESIAN_POINT ( 'NONE',  ( -17.99999999999999645, -13.91226120474740036, -6.870203082022145580 ) ) ;
#4986 = ORIENTED_EDGE ( 'NONE', *, *, #2518, .T. ) ;
#4987 = ORIENTED_EDGE ( 'NONE', *, *, #8439, .T. ) ;
#4988 = CARTESIAN_POINT ( 'NONE',  ( 11.67999999999998906, -13.99999999999999822, -2.986000000000040178 ) ) ;
#4989 = EDGE_LOOP ( 'NONE', ( #7123, #2843, #1532, #7667, #8872, #9042, #975 ) ) ;
#4990 = CARTESIAN_POINT ( 'NONE',  ( -13.79500000000000171, 15.60670553567148744, -2.986000000000068155 ) ) ;
#4991 = ADVANCED_FACE ( 'NONE', ( #5940 ), #4460, .F. ) ;
#4992 = AXIS2_PLACEMENT_3D ( 'NONE', #6665, #2818, #4233 ) ;
#4993 = VECTOR ( 'NONE', #1465, 1000.000000000000000 ) ;
#4994 = ADVANCED_FACE ( 'NONE', ( #6747 ), #7538, .F. ) ;
#4995 = DIRECTION ( 'NONE',  ( -1.000000000000000000, 0.000000000000000000, 0.000000000000000000 ) ) ;
#4996 = FACE_OUTER_BOUND ( 'NONE', #2913, .T. ) ;
#4997 = DIRECTION ( 'NONE',  ( 0.000000000000000000, -2.906723457586479957E-16, 1.000000000000000000 ) ) ;
#4998 = ORIENTED_EDGE ( 'NONE', *, *, #6987, .T. ) ;
#4999 = CARTESIAN_POINT ( 'NONE',  ( 20.50000000000000000, 9.500000000000000000, -9.500000000000000000 ) ) ;
#5000 = LINE ( 'NONE', #7314, #1295 ) ;
#5001 = ORIENTED_EDGE ( 'NONE', *, *, #1320, .F. ) ;
#5002 = CARTESIAN_POINT ( 'NONE',  ( 25.50000000000000000, -1.500000000000000222, -9.500000000000000000 ) ) ;
#5003 = CARTESIAN_POINT ( 'NONE',  ( 20.49808217334063087, -11.79175244885978735, -8.982717005858638970 ) ) ;
#5004 = ADVANCED_FACE ( 'NONE', ( #3750 ), #9014, .T. ) ;
#5005 = DIRECTION ( 'NONE',  ( 1.000000000000000000, 0.000000000000000000, 0.000000000000000000 ) ) ;
#5006 = EDGE_CURVE ( 'NONE', #2195, #7448, #2096, .T. ) ;
#5007 = DIRECTION ( 'NONE',  ( -1.000000000000000000, 0.000000000000000000, -0.000000000000000000 ) ) ;
#5008 = DIRECTION ( 'NONE',  ( 0.000000000000000000, 1.000000000000000000, 7.283754679713121818E-18 ) ) ;
#5009 = ORIENTED_EDGE ( 'NONE', *, *, #8508, .F. ) ;
#5010 = ORIENTED_EDGE ( 'NONE', *, *, #133, .F. ) ;
#5011 = DIRECTION ( 'NONE',  ( -0.000000000000000000, -0.000000000000000000, -1.000000000000000000 ) ) ;
#5012 = CARTESIAN_POINT ( 'NONE',  ( 18.44315495423828821, 13.99963286952238839, -7.721361769162129463 ) ) ;
#5013 = ORIENTED_EDGE ( 'NONE', *, *, #6528, .T. ) ;
#5014 = FACE_OUTER_BOUND ( 'NONE', #8519, .T. ) ;
#5015 = EDGE_CURVE ( 'NONE', #9673, #8417, #6380, .T. ) ;
#5016 = CARTESIAN_POINT ( 'NONE',  ( -13.25000000000001243, -16.50000000000000000, -3.648363193421924056 ) ) ;
#5017 = VECTOR ( 'NONE', #3045, 1000.000000000000000 ) ;
#5018 = CARTESIAN_POINT ( 'NONE',  ( -13.50000000000001243, 16.50000000000000000, -3.543875434124921231 ) ) ;
#5019 = CARTESIAN_POINT ( 'NONE',  ( -18.00000000000000000, 14.00000000000000000, -7.386213562373100672 ) ) ;
#5020 = VERTEX_POINT ( 'NONE', #9064 ) ;
#5021 = CARTESIAN_POINT ( 'NONE',  ( 20.50000000000000000, -11.96471150499631619, -7.722210941413527152 ) ) ;
#5022 = CARTESIAN_POINT ( 'NONE',  ( -18.96871042756539794, -13.77298752017360073, -6.467840909451969544 ) ) ;
#5023 = CARTESIAN_POINT ( 'NONE',  ( 18.94753097291301103, -12.18160187612799383, -5.880447086111039390 ) ) ;
#5024 = EDGE_LOOP ( 'NONE', ( #7639, #8959, #402, #5555, #7260 ) ) ;
#5025 = LINE ( 'NONE', #230, #2180 ) ;
#5026 = CARTESIAN_POINT ( 'NONE',  ( -20.50000000000000000, 9.185353341053369647, -2.778495045355449991E-17 ) ) ;
#5027 = FACE_OUTER_BOUND ( 'NONE', #9157, .T. ) ;
#5028 = EDGE_CURVE ( 'NONE', #9980, #4079, #6041, .T. ) ;
#5029 = ORIENTED_EDGE ( 'NONE', *, *, #3319, .F. ) ;
#5030 = CARTESIAN_POINT ( 'NONE',  ( -20.50000000000000000, 10.50000000000000178, -9.500000000000000000 ) ) ;
#5031 = FACE_OUTER_BOUND ( 'NONE', #9605, .T. ) ;
#5032 = FACE_OUTER_BOUND ( 'NONE', #1102, .T. ) ;
#5033 = ORIENTED_EDGE ( 'NONE', *, *, #2276, .F. ) ;
#5034 = ORIENTED_EDGE ( 'NONE', *, *, #2822, .T. ) ;
#5035 = CARTESIAN_POINT ( 'NONE',  ( 1.749999999999993561, 16.29933633223735967, -5.944039891549809163 ) ) ;
#5036 = ORIENTED_EDGE ( 'NONE', *, *, #1267, .T. ) ;
#5037 = DIRECTION ( 'NONE',  ( -1.000000000000000000, 0.000000000000000000, 0.000000000000000000 ) ) ;
#5038 = EDGE_CURVE ( 'NONE', #5114, #3976, #1425, .T. ) ;
#5039 = CARTESIAN_POINT ( 'NONE',  ( 25.50000000000000000, -11.50000000000000000, 5.028000000000000469 ) ) ;
#5040 = EDGE_CURVE ( 'NONE', #8964, #4726, #9873, .T. ) ;
#5041 = DIRECTION ( 'NONE',  ( 0.000000000000000000, 0.000000000000000000, 1.000000000000000000 ) ) ;
#5042 = FACE_OUTER_BOUND ( 'NONE', #9496, .T. ) ;
#5043 = ORIENTED_EDGE ( 'NONE', *, *, #5732, .F. ) ;
#5044 = LINE ( 'NONE', #7313, #9345 ) ;
#5045 = ORIENTED_EDGE ( 'NONE', *, *, #6823, .T. ) ;
#5046 = CARTESIAN_POINT ( 'NONE',  ( 18.38818667288148845, -13.99948210115417346, -8.275809731545818337 ) ) ;
#5047 = EDGE_CURVE ( 'NONE', #5154, #4565, #9706, .T. ) ;
#5048 = FACE_OUTER_BOUND ( 'NONE', #2720, .T. ) ;
#5049 = VECTOR ( 'NONE', #1971, 1000.000000000000000 ) ;
#5050 = DIRECTION ( 'NONE',  ( -7.153498870007452406E-17, -1.000000000000000000, -0.000000000000000000 ) ) ;
#5051 = CARTESIAN_POINT ( 'NONE',  ( 0.3818052514567012445, 14.78700017227644636, -0.1109905841438858232 ) ) ;
#5052 = VERTEX_POINT ( 'NONE', #9160 ) ;
#5053 = CARTESIAN_POINT ( 'NONE',  ( -18.50000000000000000, 14.00000000000000000, -11.00000000000000000 ) ) ;
#5054 = VECTOR ( 'NONE', #2926, 1000.000000000000000 ) ;
#5055 = CARTESIAN_POINT ( 'NONE',  ( 20.49987857384116552, 11.96588554498925383, -7.621942030333984874 ) ) ;
#5056 = ORIENTED_EDGE ( 'NONE', *, *, #719, .T. ) ;
#5057 = CARTESIAN_POINT ( 'NONE',  ( 25.50000000000000000, -5.947284263024439757E-15, -7.721999999999999531 ) ) ;
#5058 = CARTESIAN_POINT ( 'NONE',  ( 19.42895981468447886, 11.95615112409902814, -5.972005574010979423 ) ) ;
#5059 = DIRECTION ( 'NONE',  ( 0.000000000000000000, 0.000000000000000000, -1.000000000000000000 ) ) ;
#5060 = CIRCLE ( 'NONE', #2483, 12.00000000000002487 ) ;
#5061 = DIRECTION ( 'NONE',  ( 1.000000000000000000, 6.938893903907232322E-16, -0.000000000000000000 ) ) ;
#5062 = CARTESIAN_POINT ( 'NONE',  ( -18.36402149490000113, 13.99987576302270043, -7.130293530686920178 ) ) ;
#5063 = VERTEX_POINT ( 'NONE', #4563 ) ;
#5064 = CARTESIAN_POINT ( 'NONE',  ( 20.49997763800944384, -11.81793728893261886, -7.595430243833460437 ) ) ;
#5065 = CARTESIAN_POINT ( 'NONE',  ( -20.26284508525790073, -12.59175051905799769, -6.466903959866900031 ) ) ;
#5066 = VECTOR ( 'NONE', #2026, 1000.000000000000000 ) ;
#5067 = VECTOR ( 'NONE', #4787, 1000.000000000000000 ) ;
#5068 = CARTESIAN_POINT ( 'NONE',  ( 19.05248752297236337, -12.17530962307885822, -5.903516238062093358 ) ) ;
#5069 = ORIENTED_EDGE ( 'NONE', *, *, #8583, .F. ) ;
#5070 = FACE_OUTER_BOUND ( 'NONE', #9082, .T. ) ;
#5071 = PLANE ( 'NONE',  #4419 ) ;
#5072 = VECTOR ( 'NONE', #3900, 1000.000000000000000 ) ;
#5073 = VECTOR ( 'NONE', #4320, 1000.000000000000000 ) ;
#5074 = FACE_OUTER_BOUND ( 'NONE', #2902, .T. ) ;
#5075 = ORIENTED_EDGE ( 'NONE', *, *, #1229, .T. ) ;
#5076 = CARTESIAN_POINT ( 'NONE',  ( 25.50000000000000000, 6.500000000000000000, 2.365120500916019886 ) ) ;
#5077 = PLANE ( 'NONE',  #691 ) ;
#5078 = DIRECTION ( 'NONE',  ( 0.000000000000000000, 1.000000000000000000, 2.906723457586479957E-16 ) ) ;
#5079 = VERTEX_POINT ( 'NONE', #2241 ) ;
#5080 = ORIENTED_EDGE ( 'NONE', *, *, #2970, .T. ) ;
#5081 = CARTESIAN_POINT ( 'NONE',  ( 25.50000000000000000, -6.500000000000000000, 2.365120500916009671 ) ) ;
#5082 = VERTEX_POINT ( 'NONE', #5328 ) ;
#5083 = CARTESIAN_POINT ( 'NONE',  ( 0.001468061740072039998, 14.74759552005547825, -0.2563415811872865602 ) ) ;
#5084 = AXIS2_PLACEMENT_3D ( 'NONE', #1072, #1120, #8861 ) ;
#5085 = CARTESIAN_POINT ( 'NONE',  ( -13.25000000000001421, -16.35463365792331558, -2.323636806578211811 ) ) ;
#5086 = CARTESIAN_POINT ( 'NONE',  ( -23.00000000000000000, -6.500000000000000888, -7.500000000000000000 ) ) ;
#5087 = DIRECTION ( 'NONE',  ( 0.000000000000000000, 2.906723457586479957E-16, -1.000000000000000000 ) ) ;
#5088 = CARTESIAN_POINT ( 'NONE',  ( 19.48458031110944688, -11.87323367535664254, -5.982358372278800296 ) ) ;
#5089 = CARTESIAN_POINT ( 'NONE',  ( 25.50000000000000000, -6.500000000000000000, 2.365120500916009671 ) ) ;
#5090 = EDGE_LOOP ( 'NONE', ( #6142, #8710, #7854, #7940 ) ) ;
#5091 = FACE_OUTER_BOUND ( 'NONE', #32, .T. ) ;
#5092 = CARTESIAN_POINT ( 'NONE',  ( -18.75725879689706588, 12.62115342698077214, -5.937144958024162200 ) ) ;
#5093 = ORIENTED_EDGE ( 'NONE', *, *, #260, .T. ) ;
#5094 = CARTESIAN_POINT ( 'NONE',  ( 18.34905332502649244, -13.99928234316401543, -8.605035967768017713 ) ) ;
#5095 = EDGE_LOOP ( 'NONE', ( #5684, #5949, #8340, #1864, #8420, #5305 ) ) ;
#5096 = VECTOR ( 'NONE', #2756, 1000.000000000000000 ) ;
#5097 = PLANE ( 'NONE',  #9436 ) ;
#5098 = ADVANCED_FACE ( 'NONE', ( #8405 ), #5432, .F. ) ;
#5099 = LINE ( 'NONE', #2826, #8011 ) ;
#5100 = EDGE_CURVE ( 'NONE', #6058, #8130, #541, .T. ) ;
#5101 = VECTOR ( 'NONE', #6164, 1000.000000000000000 ) ;
#5102 = CARTESIAN_POINT ( 'NONE',  ( -18.23123540633620365, 12.98655009982975805, -5.972390518856839137 ) ) ;
#5103 = ORIENTED_EDGE ( 'NONE', *, *, #7382, .F. ) ;
#5104 = CARTESIAN_POINT ( 'NONE',  ( 19.50000000000000000, 11.49999999999999645, 1.500000000000000000 ) ) ;
#5105 = CARTESIAN_POINT ( 'NONE',  ( 18.92206406703686383, 14.00778918976545562, -7.740227325813144432 ) ) ;
#5106 = EDGE_LOOP ( 'NONE', ( #7145, #160, #6985, #120 ) ) ;
#5107 = FACE_OUTER_BOUND ( 'NONE', #7578, .T. ) ;
#5108 = CARTESIAN_POINT ( 'NONE',  ( 20.50000000000000000, -14.00000000000000000, -7.500000000000000000 ) ) ;
#5109 = VECTOR ( 'NONE', #2526, 1000.000000000000000 ) ;
#5110 = CARTESIAN_POINT ( 'NONE',  ( 15.00000000000000000, 16.50000000000000000, 5.028000000000001357 ) ) ;
#5111 = ADVANCED_FACE ( 'NONE', ( #7109 ), #8512, .F. ) ;
#5112 = LINE ( 'NONE', #1358, #7904 ) ;
#5113 = CARTESIAN_POINT ( 'NONE',  ( -18.51306730428075653, 12.32431374560623993, -5.788817742208926198 ) ) ;
#5114 = VERTEX_POINT ( 'NONE', #6298 ) ;
#5115 = DIRECTION ( 'NONE',  ( 1.000000000000000000, 0.000000000000000000, -0.000000000000000000 ) ) ;
#5116 = EDGE_CURVE ( 'NONE', #1819, #5503, #7973, .T. ) ;
#5117 = CARTESIAN_POINT ( 'NONE',  ( -19.99514460001459426, -13.63763357633014905, -7.466800398259565874 ) ) ;
#5118 = DIRECTION ( 'NONE',  ( 0.000000000000000000, 1.000000000000000000, 0.000000000000000000 ) ) ;
#5119 = ORIENTED_EDGE ( 'NONE', *, *, #8161, .T. ) ;
#5120 = PLANE ( 'NONE',  #7823 ) ;
#5121 = EDGE_CURVE ( 'NONE', #3783, #9355, #2444, .T. ) ;
#5122 = LINE ( 'NONE', #6697, #6860 ) ;
#5123 = DIRECTION ( 'NONE',  ( -1.000000000000000000, 0.000000000000000000, -0.000000000000000000 ) ) ;
#5124 = ORIENTED_EDGE ( 'NONE', *, *, #5287, .F. ) ;
#5125 = CARTESIAN_POINT ( 'NONE',  ( 19.90769310058572472, 13.42071153860786659, -7.443201380286044611 ) ) ;
#5126 = FACE_BOUND ( 'NONE', #9228, .T. ) ;
#5127 = DIRECTION ( 'NONE',  ( 1.000000000000000000, -0.000000000000000000, -0.000000000000000000 ) ) ;
#5128 = DIRECTION ( 'NONE',  ( -0.000000000000000000, -0.000000000000000000, 1.000000000000000000 ) ) ;
#5129 = EDGE_LOOP ( 'NONE', ( #8087, #2597, #8970, #151 ) ) ;
#5130 = ORIENTED_EDGE ( 'NONE', *, *, #4958, .F. ) ;
#5131 = CARTESIAN_POINT ( 'NONE',  ( 0.7373217743939604052, 14.90991224423070172, -5.943318028351438187 ) ) ;
#5132 = EDGE_LOOP ( 'NONE', ( #9367, #6209, #9382, #1341 ) ) ;
#5133 = CARTESIAN_POINT ( 'NONE',  ( 11.24086771844658195, 13.50000000000000888, -3.498628363727310564 ) ) ;
#5134 = VECTOR ( 'NONE', #3444, 1000.000000000000000 ) ;
#5135 = EDGE_CURVE ( 'NONE', #2681, #3857, #3450, .T. ) ;
#5136 = FACE_OUTER_BOUND ( 'NONE', #4530, .T. ) ;
#5137 = VECTOR ( 'NONE', #4642, 1000.000000000000000 ) ;
#5138 = DIRECTION ( 'NONE',  ( -7.153498870007452406E-17, -1.000000000000000000, 0.000000000000000000 ) ) ;
#5139 = LINE ( 'NONE', #7600, #5326 ) ;
#5140 = FACE_OUTER_BOUND ( 'NONE', #6824, .T. ) ;
#5141 = ORIENTED_EDGE ( 'NONE', *, *, #3559, .F. ) ;
#5142 = DIRECTION ( 'NONE',  ( 0.000000000000000000, 2.906723457586479957E-16, -1.000000000000000000 ) ) ;
#5143 = ORIENTED_EDGE ( 'NONE', *, *, #7550, .F. ) ;
#5144 = CARTESIAN_POINT ( 'NONE',  ( -19.60904516345628323, -12.44584262575188127, -6.028200684360093042 ) ) ;
#5145 = CARTESIAN_POINT ( 'NONE',  ( 20.49831469200520218, -11.81445906832268911, -8.793486707778594536 ) ) ;
#5146 = ORIENTED_EDGE ( 'NONE', *, *, #1841, .T. ) ;
#5147 = DIRECTION ( 'NONE',  ( -0.000000000000000000, 0.000000000000000000, 1.000000000000000000 ) ) ;
#5148 = VECTOR ( 'NONE', #2232, 1000.000000000000000 ) ;
#5149 = AXIS2_PLACEMENT_3D ( 'NONE', #7646, #6902, #3809 ) ;
#5150 = CARTESIAN_POINT ( 'NONE',  ( 16.74999999999998224, -16.29406731766107441, -1.715921262283381488 ) ) ;
#5151 = VECTOR ( 'NONE', #8784, 1000.000000000000000 ) ;
#5152 = CARTESIAN_POINT ( 'NONE',  ( -1.349245169028439273, 15.37087552735458651, -1.470023799518176411 ) ) ;
#5153 = EDGE_CURVE ( 'NONE', #1629, #6942, #5379, .T. ) ;
#5154 = VERTEX_POINT ( 'NONE', #1577 ) ;
#5155 = VECTOR ( 'NONE', #1883, 1000.000000000000000 ) ;
#5156 = CARTESIAN_POINT ( 'NONE',  ( 19.45321423865400234, 11.87171007058380034, -5.971999999999999531 ) ) ;
#5157 = CARTESIAN_POINT ( 'NONE',  ( -1.155687484110092826E-15, -16.50000000000000000, 0.000000000000000000 ) ) ;
#5158 = ORIENTED_EDGE ( 'NONE', *, *, #5920, .T. ) ;
#5159 = DIRECTION ( 'NONE',  ( 1.000000000000000000, 0.000000000000000000, -0.000000000000000000 ) ) ;
#5160 = DIRECTION ( 'NONE',  ( 0.000000000000000000, 0.000000000000000000, 1.000000000000000000 ) ) ;
#5161 = CARTESIAN_POINT ( 'NONE',  ( -20.55346307255046767, -11.00000000000000000, -7.500000000000000000 ) ) ;
#5162 = CARTESIAN_POINT ( 'NONE',  ( 20.50000000000000000, 12.00000000000000000, -7.721999999999999531 ) ) ;
#5163 = CARTESIAN_POINT ( 'NONE',  ( -18.95202997645922238, 12.38291913308576397, -5.927120028591295053 ) ) ;
#5164 = ORIENTED_EDGE ( 'NONE', *, *, #3166, .F. ) ;
#5165 = DIRECTION ( 'NONE',  ( 1.000000000000000000, 0.000000000000000000, 0.000000000000000000 ) ) ;
#5166 = B_SPLINE_CURVE_WITH_KNOTS ( 'NONE', 3,
 ( #38, #1602, #4690, #3279, #6215 ),
 .UNSPECIFIED., .F., .F.,
 ( 4, 1, 4 ),
 ( 7.138929204730803946E-16, 0.4285714285712560190, 0.6830386991407623176 ),
 .UNSPECIFIED. ) ;
#5167 = VECTOR ( 'NONE', #7763, 1000.000000000000000 ) ;
#5168 = CARTESIAN_POINT ( 'NONE',  ( -20.52411796132567900, -12.55828487712872565, -8.144686388037015945 ) ) ;
#5169 = CARTESIAN_POINT ( 'NONE',  ( 18.51350114314768902, -14.00034618621179838, -7.136773447657790648 ) ) ;
#5170 = VERTEX_POINT ( 'NONE', #817 ) ;
#5171 = DIRECTION ( 'NONE',  ( -7.153498870007452406E-17, -1.000000000000000000, -0.000000000000000000 ) ) ;
#5172 = EDGE_CURVE ( 'NONE', #3760, #6653, #7906, .T. ) ;
#5173 = CARTESIAN_POINT ( 'NONE',  ( 3.848076211353310683, -16.50000000000000000, -4.485999999999997989 ) ) ;
#5174 = VECTOR ( 'NONE', #6898, 1000.000000000000000 ) ;
#5175 = DIRECTION ( 'NONE',  ( 0.000000000000000000, 0.000000000000000000, -1.000000000000000000 ) ) ;
#5176 = EDGE_LOOP ( 'NONE', ( #8254, #2529, #459, #8125 ) ) ;
#5177 = DIRECTION ( 'NONE',  ( -0.000000000000000000, -0.000000000000000000, 1.000000000000000000 ) ) ;
#5178 = EDGE_CURVE ( 'NONE', #4517, #1952, #2054, .T. ) ;
#5179 = CARTESIAN_POINT ( 'NONE',  ( -18.67534918055403637, -12.55243572776443806, -5.903518839686613617 ) ) ;
#5180 = VERTEX_POINT ( 'NONE', #6345 ) ;
#5181 = DIRECTION ( 'NONE',  ( 1.000000000000000000, 1.992221491941909864E-18, -4.579663590744439848E-16 ) ) ;
#5182 = LINE ( 'NONE', #6000, #3482 ) ;
#5183 = ORIENTED_EDGE ( 'NONE', *, *, #6443, .T. ) ;
#5184 = AXIS2_PLACEMENT_3D ( 'NONE', #8342, #2790, #659 ) ;
#5185 = LINE ( 'NONE', #5133, #9112 ) ;
#5186 = CARTESIAN_POINT ( 'NONE',  ( -18.24095327253345999, 14.00000000000000178, -7.396297227447109712 ) ) ;
#5187 = EDGE_CURVE ( 'NONE', #6236, #5821, #1836, .T. ) ;
#5188 = CARTESIAN_POINT ( 'NONE',  ( 19.50292495387702019, -11.14128839563740314, -5.978376803684837704 ) ) ;
#5189 = ORIENTED_EDGE ( 'NONE', *, *, #2207, .F. ) ;
#5190 = CARTESIAN_POINT ( 'NONE',  ( 25.50000000000000000, -5.947284263024439757E-15, -7.721999999999999531 ) ) ;
#5191 = DIRECTION ( 'NONE',  ( 0.000000000000000000, -2.906723457586479957E-16, 1.000000000000000000 ) ) ;
#5192 = VERTEX_POINT ( 'NONE', #2394 ) ;
#5193 = DIRECTION ( 'NONE',  ( -0.000000000000000000, -0.000000000000000000, -1.000000000000000000 ) ) ;
#5194 = CARTESIAN_POINT ( 'NONE',  ( 18.41883646149103981, -14.00000000000000000, -8.111767179187944876 ) ) ;
#5195 = ORIENTED_EDGE ( 'NONE', *, *, #823, .T. ) ;
#5196 = CARTESIAN_POINT ( 'NONE',  ( -18.50000000000000000, 14.00000000000000355, -7.422552296971629993 ) ) ;
#5197 = B_SPLINE_SURFACE_WITH_KNOTS ( 'NONE', 3, 3, ( 
 ( #4594, #3074, #697, #1607 ),
 ( #898, #3832, #9193, #6273 ),
 ( #6168, #8590, #846, #3882 ),
 ( #1458, #4698, #5517, #152 ),
 ( #6328, #8488, #9242, #6925 ),
 ( #3990, #4542, #101, #6977 ),
 ( #7669, #5360, #747, #9992 ),
 ( #9342, #2272, #2321, #5463 ),
 ( #7614, #8430, #7777, #3933 ),
 ( #5410, #1555, #9393, #7082 ),
 ( #2474, #4645, #1656, #6223 ),
 ( #3781, #4749, #7827, #7725 ),
 ( #797, #3236, #7031, #6878 ),
 ( #9943, #43, #3125, #9293 ) ),
 .UNSPECIFIED., .F., .F., .F.,
 ( 4, 3, 3, 1, 3, 4 ),
 ( 4, 4 ),
 ( -0.6884744928035485545, -0.1499999999999999944, 0.000000000000000000, 0.5714285714285709528, 1.000000000000000000, 1.149999999999999911 ),
 ( -1.509206164145669993, -1.459076966445310042 ),
 .UNSPECIFIED. ) ;
#5198 = DIRECTION ( 'NONE',  ( 1.000000000000000000, 0.000000000000000000, 0.000000000000000000 ) ) ;
#5199 = EDGE_CURVE ( 'NONE', #1734, #1633, #67, .T. ) ;
#5200 = CARTESIAN_POINT ( 'NONE',  ( 11.24086771844660149, 13.50000000000000888, -2.473371636272753804 ) ) ;
#5201 = EDGE_LOOP ( 'NONE', ( #1159, #2020, #2915, #2260 ) ) ;
#5202 = EDGE_LOOP ( 'NONE', ( #2602, #4544, #2243, #4808 ) ) ;
#5203 = CARTESIAN_POINT ( 'NONE',  ( 25.50000000000000000, -5.947284263024439757E-15, -7.721999999999999531 ) ) ;
#5204 = CARTESIAN_POINT ( 'NONE',  ( 20.50693863764776026, 12.58154814666180066, -7.644193084632704860 ) ) ;
#5205 = ORIENTED_EDGE ( 'NONE', *, *, #1023, .F. ) ;
#5206 = DIRECTION ( 'NONE',  ( 1.000000000000000000, -0.000000000000000000, -0.000000000000000000 ) ) ;
#5207 = CARTESIAN_POINT ( 'NONE',  ( -20.50000000000000000, -11.99625217924800147, -7.422111238351130069 ) ) ;
#5208 = DIRECTION ( 'NONE',  ( 1.000000000000000000, 0.000000000000000000, 0.000000000000000000 ) ) ;
#5209 = CIRCLE ( 'NONE', #4732, 1.249999999999987121 ) ;
#5210 = CARTESIAN_POINT ( 'NONE',  ( -18.69809280874669710, 11.84471608616555649, -5.740411346033722495 ) ) ;
#5211 = VERTEX_POINT ( 'NONE', #4718 ) ;
#5212 = CARTESIAN_POINT ( 'NONE',  ( -23.00000000000000000, 6.500000000000000000, -9.500000000000001776 ) ) ;
#5213 = CARTESIAN_POINT ( 'NONE',  ( -18.36066591740929610, -14.00000000000000000, -8.605732886267194459 ) ) ;
#5214 = LINE ( 'NONE', #4507, #8467 ) ;
#5215 = CARTESIAN_POINT ( 'NONE',  ( 18.66061426483699748, -13.21471890679310057, -6.058667187275020183 ) ) ;
#5216 = VERTEX_POINT ( 'NONE', #5829 ) ;
#5217 = DIRECTION ( 'NONE',  ( 0.000000000000000000, 0.000000000000000000, 1.000000000000000000 ) ) ;
#5218 = LINE ( 'NONE', #8296, #1508 ) ;
#5219 = VECTOR ( 'NONE', #5520, 1000.000000000000000 ) ;
#5220 = ADVANCED_FACE ( 'NONE', ( #4157 ), #5687, .F. ) ;
#5221 = CARTESIAN_POINT ( 'NONE',  ( -23.00000000000000000, 6.500000000000000000, 2.365120500916039425 ) ) ;
#5222 = VERTEX_POINT ( 'NONE', #4205 ) ;
#5223 = VECTOR ( 'NONE', #9547, 1000.000000000000000 ) ;
#5224 = PLANE ( 'NONE',  #2429 ) ;
#5225 = EDGE_CURVE ( 'NONE', #8751, #7786, #3774, .T. ) ;
#5226 = CARTESIAN_POINT ( 'NONE',  ( -18.59498604276132028, -12.08602917329141313, -5.858679171141761621 ) ) ;
#5227 = LINE ( 'NONE', #7447, #7363 ) ;
#5228 = ORIENTED_EDGE ( 'NONE', *, *, #2015, .T. ) ;
#5229 = ORIENTED_EDGE ( 'NONE', *, *, #28, .F. ) ;
#5230 = DIRECTION ( 'NONE',  ( -7.153498870007452406E-17, -1.000000000000000000, 0.000000000000000000 ) ) ;
#5231 = ORIENTED_EDGE ( 'NONE', *, *, #1614, .T. ) ;
#5232 = CARTESIAN_POINT ( 'NONE',  ( -20.50000000000000000, -5.500000000000000000, -9.500000000000001776 ) ) ;
#5233 = AXIS2_PLACEMENT_3D ( 'NONE', #7588, #667, #6035 ) ;
#5234 = CARTESIAN_POINT ( 'NONE',  ( -18.36402149490000113, -13.99987576302270043, -7.130293530686920178 ) ) ;
#5235 = VECTOR ( 'NONE', #7500, 1000.000000000000000 ) ;
#5236 = CARTESIAN_POINT ( 'NONE',  ( -19.50000000000000000, -6.036934230161829382E-15, -7.721999999999999531 ) ) ;
#5237 = CARTESIAN_POINT ( 'NONE',  ( -18.35282725638854728, 14.00000000000000888, -7.406326013722715373 ) ) ;
#5238 = CARTESIAN_POINT ( 'NONE',  ( 19.49788849264438184, -12.15045425878933649, -5.973378599386824028 ) ) ;
#5239 = VERTEX_POINT ( 'NONE', #8902 ) ;
#5240 = ADVANCED_FACE ( 'NONE', ( #318 ), #1979, .F. ) ;
#5241 = AXIS2_PLACEMENT_3D ( 'NONE', #581, #526, #6003 ) ;
#5242 = ORIENTED_EDGE ( 'NONE', *, *, #3864, .T. ) ;
#5243 = CARTESIAN_POINT ( 'NONE',  ( -18.79000643506019941, 12.78204776559469913, -5.971999999999999531 ) ) ;
#5244 = ORIENTED_EDGE ( 'NONE', *, *, #7395, .T. ) ;
#5245 = CARTESIAN_POINT ( 'NONE',  ( -20.50000000000000000, -11.98823716833210540, -7.522438511785602522 ) ) ;
#5246 = CARTESIAN_POINT ( 'NONE',  ( 20.49464868012328722, -11.61706082921925365, -10.32386356880929412 ) ) ;
#5247 = ORIENTED_EDGE ( 'NONE', *, *, #7456, .T. ) ;
#5248 = EDGE_CURVE ( 'NONE', #7263, #7555, #1934, .T. ) ;
#5249 = AXIS2_PLACEMENT_3D ( 'NONE', #8186, #7525, #3588 ) ;
#5250 = CARTESIAN_POINT ( 'NONE',  ( 18.95882694810072522, -12.69763750907444688, -5.971999999999964892 ) ) ;
#5251 = DIRECTION ( 'NONE',  ( -1.000000000000000000, 0.000000000000000000, 0.000000000000000000 ) ) ;
#5252 = EDGE_LOOP ( 'NONE', ( #2102, #2789, #9445, #9760, #373, #962, #8432, #6425, #8104, #2659 ) ) ;
#5253 = VERTEX_POINT ( 'NONE', #8716 ) ;
#5254 = DIRECTION ( 'NONE',  ( 1.000000000000000000, 0.000000000000000000, 0.000000000000000000 ) ) ;
#5255 = CYLINDRICAL_SURFACE ( 'NONE', #1923, 1.749999999999986011 ) ;
#5256 = VECTOR ( 'NONE', #6857, 1000.000000000000000 ) ;
#5257 = ORIENTED_EDGE ( 'NONE', *, *, #2095, .F. ) ;
#5258 = CYLINDRICAL_SURFACE ( 'NONE', #6036, 2.000000000000002665 ) ;
#5259 = CARTESIAN_POINT ( 'NONE',  ( 19.36311546940946471, 12.12787102743076595, -5.971999999999999531 ) ) ;
#5260 = EDGE_CURVE ( 'NONE', #5154, #9533, #3984, .T. ) ;
#5261 = CARTESIAN_POINT ( 'NONE',  ( -19.34164078649990159, 12.17082039324990106, -5.971999999999999531 ) ) ;
#5262 = VECTOR ( 'NONE', #7822, 1000.000000000000000 ) ;
#5263 = DIRECTION ( 'NONE',  ( 1.000000000000000000, 0.000000000000000000, 0.000000000000000000 ) ) ;
#5264 = ORIENTED_EDGE ( 'NONE', *, *, #3608, .T. ) ;
#5265 = LINE ( 'NONE', #6081, #6002 ) ;
#5266 = CARTESIAN_POINT ( 'NONE',  ( -18.42778307694341322, -13.99947852562255690, -7.851121295600867356 ) ) ;
#5267 = DIRECTION ( 'NONE',  ( 1.000000000000000000, 0.000000000000000000, 0.000000000000000000 ) ) ;
#5268 = CARTESIAN_POINT ( 'NONE',  ( 20.49008766050319963, -12.60932971484620069, -7.148320353254160153 ) ) ;
#5269 = AXIS2_PLACEMENT_3D ( 'NONE', #6194, #3098, #9319 ) ;
#5270 = VERTEX_POINT ( 'NONE', #6402 ) ;
#5271 = CARTESIAN_POINT ( 'NONE',  ( -23.00000000000000000, 10.50000000000000000, -1.912524980688840026 ) ) ;
#5272 = CYLINDRICAL_SURFACE ( 'NONE', #2501, 3.000000000000000000 ) ;
#5273 = PRODUCT_DEFINITION_FORMATION_WITH_SPECIFIED_SOURCE ( 'ä»', '', #1397, .NOT_KNOWN. ) ;
#5274 = DIRECTION ( 'NONE',  ( 1.000000000000000000, -0.000000000000000000, -0.000000000000000000 ) ) ;
#5275 = LINE ( 'NONE', #5433, #5493 ) ;
#5276 = ORIENTED_EDGE ( 'NONE', *, *, #6242, .T. ) ;
#5277 = DIRECTION ( 'NONE',  ( 0.000000000000000000, 0.000000000000000000, 1.000000000000000000 ) ) ;
#5278 = CARTESIAN_POINT ( 'NONE',  ( -18.68433839077127701, -12.34749953121838573, -5.857209476561812345 ) ) ;
#5279 = CARTESIAN_POINT ( 'NONE',  ( 25.50000000000000355, -4.525326008755383821E-15, 4.278000000000000469 ) ) ;
#5280 = EDGE_CURVE ( 'NONE', #9395, #2684, #7324, .T. ) ;
#5281 = CARTESIAN_POINT ( 'NONE',  ( -23.00000000000000000, 2.500000000000000000, 4.014694594305530551 ) ) ;
#5282 = CARTESIAN_POINT ( 'NONE',  ( -23.00000000000000000, 1.500000000000000000, -4.000000000000000000 ) ) ;
#5283 = ORIENTED_EDGE ( 'NONE', *, *, #7695, .T. ) ;
#5284 = CARTESIAN_POINT ( 'NONE',  ( 19.49999999999999645, -6.500000000000000888, -5.599999999999999645 ) ) ;
#5285 = B_SPLINE_SURFACE_WITH_KNOTS ( 'NONE', 3, 3, ( 
 ( #9477, #2557, #4728, #5651 ),
 ( #9528, #1203, #5698, #4299 ),
 ( #2181, #6682, #4344, #2981 ),
 ( #5261, #9049, #4548, #9748 ),
 ( #2835, #5926, #1357, #1410 ),
 ( #4392, #7526, #9097, #9696 ),
 ( #608, #3689, #3589, #7430 ),
 ( #8389, #9149, #655, #3736 ),
 ( #8338, #8187, #8998, #6024 ),
 ( #4498, #7575, #2080, #2227 ),
 ( #9891, #6784, #2785, #558 ) ),
 .UNSPECIFIED., .F., .F., .F.,
 ( 4, 3, 1, 3, 4 ),
 ( 4, 4 ),
 ( -0.1110918545057628382, 0.000000000000000000, 0.5714285714285709528, 1.000000000000000000, 1.013205793520810305 ),
 ( -1.459050246436060183, -1.434511829153240159 ),
 .UNSPECIFIED. ) ;
#5286 = CARTESIAN_POINT ( 'NONE',  ( -18.00000000000000000, -14.00000000000000000, -7.570857474974220125 ) ) ;
#5287 = EDGE_CURVE ( 'NONE', #9827, #4269, #4968, .T. ) ;
#5288 = CARTESIAN_POINT ( 'NONE',  ( -2.146049661002233873E-16, -14.00000000000000000, -4.485999999999998877 ) ) ;
#5289 = CARTESIAN_POINT ( 'NONE',  ( -18.50000000000000000, 12.00000000000000000, -5.971999999999999531 ) ) ;
#5290 = CARTESIAN_POINT ( 'NONE',  ( 18.27009787931199014, -12.05616549078002997, -5.638304109106339723 ) ) ;
#5291 = VERTEX_POINT ( 'NONE', #8045 ) ;
#5292 = VERTEX_POINT ( 'NONE', #7289 ) ;
#5293 = CARTESIAN_POINT ( 'NONE',  ( -19.71594123059240644, 12.15574454666237614, -6.058765716609882723 ) ) ;
#5294 = VERTEX_POINT ( 'NONE', #7333 ) ;
#5295 = CARTESIAN_POINT ( 'NONE',  ( -19.71471890679310235, -12.16061426483730123, -6.058667187275020183 ) ) ;
#5296 = CARTESIAN_POINT ( 'NONE',  ( 20.49597229262134235, -11.70400096970277204, -9.606015033602416153 ) ) ;
#5297 = VERTEX_POINT ( 'NONE', #412 ) ;
#5298 = EDGE_CURVE ( 'NONE', #3568, #4738, #6638, .T. ) ;
#5299 = EDGE_CURVE ( 'NONE', #2064, #2217, #182, .T. ) ;
#5300 = VECTOR ( 'NONE', #7611, 1000.000000000000000 ) ;
#5301 = ADVANCED_FACE ( 'NONE', ( #5136 ), #597, .T. ) ;
#5302 = CARTESIAN_POINT ( 'NONE',  ( 25.50000000000000000, -16.50000000000000000, -11.00000000000000000 ) ) ;
#5303 = CARTESIAN_POINT ( 'NONE',  ( -19.50000000000000000, 9.500000000000000000, -4.000000000000000000 ) ) ;
#5304 = ORIENTED_EDGE ( 'NONE', *, *, #2712, .T. ) ;
#5305 = ORIENTED_EDGE ( 'NONE', *, *, #9349, .F. ) ;
#5306 = DIRECTION ( 'NONE',  ( -1.000000000000000000, 5.426742037195429582E-32, 4.579663590744439848E-16 ) ) ;
#5307 = ADVANCED_FACE ( 'NONE', ( #3364 ), #8136, .T. ) ;
#5308 = DIRECTION ( 'NONE',  ( -0.000000000000000000, -0.000000000000000000, -1.000000000000000000 ) ) ;
#5309 = ORIENTED_EDGE ( 'NONE', *, *, #5780, .T. ) ;
#5310 = VECTOR ( 'NONE', #8182, 1000.000000000000000 ) ;
#5311 = CARTESIAN_POINT ( 'NONE',  ( 20.55346307255046767, -11.00000000000000000, -7.500000000000000000 ) ) ;
#5312 = DIRECTION ( 'NONE',  ( -1.000000000000000000, 5.426742037195429582E-32, 4.579663590744439848E-16 ) ) ;
#5313 = CARTESIAN_POINT ( 'NONE',  ( -2.146049661002233873E-16, 13.50000000000000355, -1.485999999999999543 ) ) ;
#5314 = VECTOR ( 'NONE', #1710, 1000.000000000000000 ) ;
#5315 = VECTOR ( 'NONE', #5731, 1000.000000000000000 ) ;
#5316 = CARTESIAN_POINT ( 'NONE',  ( -19.50000000000000000, 11.50000000000000000, -4.294172699799495341 ) ) ;
#5317 = EDGE_LOOP ( 'NONE', ( #1164, #4429, #8514, #5130, #7134, #664, #9182 ) ) ;
#5318 = CARTESIAN_POINT ( 'NONE',  ( 25.50000000000000000, 10.00000000000000000, 2.277999999999982705 ) ) ;
#5319 = EDGE_CURVE ( 'NONE', #3499, #7845, #233, .T. ) ;
#5320 = CARTESIAN_POINT ( 'NONE',  ( 18.76957860126966082, 12.68215792469713143, -5.950347696479442838 ) ) ;
#5321 = CARTESIAN_POINT ( 'NONE',  ( -20.00557562724900862, -13.65847507932310201, -8.511688680326603418 ) ) ;
#5322 = CARTESIAN_POINT ( 'NONE',  ( -8.505000000000002558, 13.99999999999999822, -2.986000000000040178 ) ) ;
#5323 = CARTESIAN_POINT ( 'NONE',  ( 18.66248479587726550, -12.84580858518616076, -5.971999999999999531 ) ) ;
#5324 = EDGE_LOOP ( 'NONE', ( #3780, #7042, #3213, #2801 ) ) ;
#5325 = CARTESIAN_POINT ( 'NONE',  ( -3.945000000000000728, 33.50000000000000000, -2.985999999999998877 ) ) ;
#5326 = VECTOR ( 'NONE', #6812, 1000.000000000000000 ) ;
#5327 = LINE ( 'NONE', #9857, #5573 ) ;
#5328 = CARTESIAN_POINT ( 'NONE',  ( -20.50000000000000355, -12.00000000000000000, -11.00000000000000000 ) ) ;
#5329 = DIRECTION ( 'NONE',  ( -0.000000000000000000, 1.000000000000000000, -0.000000000000000000 ) ) ;
#5330 = ORIENTED_EDGE ( 'NONE', *, *, #3431, .F. ) ;
#5331 = CARTESIAN_POINT ( 'NONE',  ( -9.180000000000001492, 33.50000000000000000, -2.986000000000040178 ) ) ;
#5332 = EDGE_CURVE ( 'NONE', #7931, #5821, #285, .T. ) ;
#5333 = CARTESIAN_POINT ( 'NONE',  ( -18.00000000000000000, -11.50000000000000000, 1.500000000000000000 ) ) ;
#5334 = CARTESIAN_POINT ( 'NONE',  ( -3.270000000000000018, 33.50000000000000000, -2.985999999999998877 ) ) ;
#5335 = CARTESIAN_POINT ( 'NONE',  ( 25.50000000000000000, 5.500000000000000000, 2.943364503850800062 ) ) ;
#5336 = DIRECTION ( 'NONE',  ( 0.000000000000000000, 0.000000000000000000, 1.000000000000000000 ) ) ;
#5337 = VERTEX_POINT ( 'NONE', #7917 ) ;
#5338 = FACE_OUTER_BOUND ( 'NONE', #2473, .T. ) ;
#5339 = VECTOR ( 'NONE', #7540, 1000.000000000000000 ) ;
#5340 = CARTESIAN_POINT ( 'NONE',  ( -18.50000000000000000, -14.00000000000000000, -7.422552296971629993 ) ) ;
#5341 = EDGE_CURVE ( 'NONE', #1852, #6452, #4589, .T. ) ;
#5342 = SHAPE_DEFINITION_REPRESENTATION ( #7609, #1296 ) ;
#5343 = LINE ( 'NONE', #2107, #9666 ) ;
#5344 = VECTOR ( 'NONE', #508, 1000.000000000000000 ) ;
#5345 = CARTESIAN_POINT ( 'NONE',  ( 18.96174610584861497, -11.86147631866604613, -5.854240179764769181 ) ) ;
#5346 = EDGE_LOOP ( 'NONE', ( #2706, #1741, #2396, #6787 ) ) ;
#5347 = VERTEX_POINT ( 'NONE', #3971 ) ;
#5348 = CARTESIAN_POINT ( 'NONE',  ( -19.25639452347610003, 12.16634191855203539, -5.951118309401109308 ) ) ;
#5349 = ORIENTED_EDGE ( 'NONE', *, *, #8080, .T. ) ;
#5350 = CARTESIAN_POINT ( 'NONE',  ( -20.50000000000000000, -11.74041513960379213, -7.586141500223803291 ) ) ;
#5352 = EDGE_CURVE ( 'NONE', #7507, #940, #2502, .T. ) ;
#5351 = CARTESIAN_POINT ( 'NONE',  ( 20.02424563117491729, -13.68072107543655314, -9.731783520423961775 ) ) ;
#5353 = VERTEX_POINT ( 'NONE', #8571 ) ;
#5354 = B_SPLINE_CURVE_WITH_KNOTS ( 'NONE', 3,
 ( #356, #7473, #555, #5207 ),
 .UNSPECIFIED., .F., .F.,
 ( 4, 4 ),
 ( 0.5008483175673051901, 1.000000000000000000 ),
 .UNSPECIFIED. ) ;
#5355 = EDGE_CURVE ( 'NONE', #2423, #8076, #6698, .T. ) ;
#5356 = DIRECTION ( 'NONE',  ( 0.000000000000000000, 2.906723457586479957E-16, -1.000000000000000000 ) ) ;
#5357 = LINE ( 'NONE', #6165, #7088 ) ;
#5358 = ORIENTED_EDGE ( 'NONE', *, *, #7371, .F. ) ;
#5359 = EDGE_LOOP ( 'NONE', ( #8051, #512, #6544, #7740 ) ) ;
#5360 = CARTESIAN_POINT ( 'NONE',  ( 18.49260188961780216, 12.93075003831589953, -5.971999999999999531 ) ) ;
#5361 = EDGE_CURVE ( 'NONE', #9333, #3722, #3269, .T. ) ;
#5362 = CARTESIAN_POINT ( 'NONE',  ( 25.50000000000000000, -5.947284263024439757E-15, -7.721999999999999531 ) ) ;
#5363 = VERTEX_POINT ( 'NONE', #6462 ) ;
#5364 = DIRECTION ( 'NONE',  ( -1.000000000000000000, 0.000000000000000000, -0.000000000000000000 ) ) ;
#5365 = CARTESIAN_POINT ( 'NONE',  ( -23.00000000000000000, -1.500000000000000000, 4.183880899790690222 ) ) ;
#5366 = CARTESIAN_POINT ( 'NONE',  ( -18.81109026570200271, -12.10112491981190175, -5.819670799110904014 ) ) ;
#5367 = FACE_OUTER_BOUND ( 'NONE', #7924, .T. ) ;
#5368 = ORIENTED_EDGE ( 'NONE', *, *, #6809, .F. ) ;
#5369 = DIRECTION ( 'NONE',  ( 0.000000000000000000, 0.000000000000000000, -1.000000000000000000 ) ) ;
#5370 = DIRECTION ( 'NONE',  ( 0.000000000000000000, 0.000000000000000000, 1.000000000000000000 ) ) ;
#5371 = CARTESIAN_POINT ( 'NONE',  ( -18.32581997791610462, -13.99784522832436551, -8.603447847692562434 ) ) ;
#5372 = DIRECTION ( 'NONE',  ( 1.000000000000000000, -5.426742037195429582E-32, -4.579663590744439848E-16 ) ) ;
#5373 = CARTESIAN_POINT ( 'NONE',  ( 18.60379594675286796, -13.80306813313452174, -6.470619731115602846 ) ) ;
#5374 = ORIENTED_EDGE ( 'NONE', *, *, #7997, .T. ) ;
#5375 = CARTESIAN_POINT ( 'NONE',  ( 18.50000000000000000, -12.00000000000000000, -11.00000000000000000 ) ) ;
#5376 = DIRECTION ( 'NONE',  ( 0.000000000000000000, 0.000000000000000000, -1.000000000000000000 ) ) ;
#5377 = B_SPLINE_CURVE_WITH_KNOTS ( 'NONE', 3,
 ( #4145, #261, #7784, #9399 ),
 .UNSPECIFIED., .F., .F.,
 ( 4, 4 ),
 ( 0.000000000000000000, 1.000000000000000000 ),
 .UNSPECIFIED. ) ;
#5378 = CIRCLE ( 'NONE', #9086, 0.6750000000000002665 ) ;
#5379 = LINE ( 'NONE', #8454, #3127 ) ;
#5380 = CARTESIAN_POINT ( 'NONE',  ( -20.50000000000000000, 14.00000000000000000, -7.500000000000000000 ) ) ;
#5381 = ORIENTED_EDGE ( 'NONE', *, *, #3350, .T. ) ;
#5382 = DIRECTION ( 'NONE',  ( -7.153498870007452406E-17, -1.000000000000000000, 0.000000000000000000 ) ) ;
#5383 = DIRECTION ( 'NONE',  ( 5.782411586589356653E-16, 1.184965211890880193E-16, 1.000000000000000000 ) ) ;
#5384 = CARTESIAN_POINT ( 'NONE',  ( 1.749999999999988010, 16.50000000000000000, -5.944039891549809163 ) ) ;
#5385 = CYLINDRICAL_SURFACE ( 'NONE', #147, 1.700000000000000178 ) ;
#5386 = CARTESIAN_POINT ( 'NONE',  ( -20.50000000000000000, -1.500000000000000222, -9.500000000000001776 ) ) ;
#5387 = ORIENTED_EDGE ( 'NONE', *, *, #4585, .T. ) ;
#5388 = CARTESIAN_POINT ( 'NONE',  ( 23.49999999999999645, -16.50000000000000000, 0.000000000000000000 ) ) ;
#5389 = CARTESIAN_POINT ( 'NONE',  ( 20.50000000000000000, 11.83738497999630113, -7.403824462434450027 ) ) ;
#5390 = CARTESIAN_POINT ( 'NONE',  ( -18.67163729733943001, -12.81177941009364751, -5.965063111020135089 ) ) ;
#5391 = AXIS2_PLACEMENT_3D ( 'NONE', #3042, #3959, #6140 ) ;
#5392 = CARTESIAN_POINT ( 'NONE',  ( -19.91358298853750242, 13.41360105884578147, -7.443204760834670530 ) ) ;
#5393 = CARTESIAN_POINT ( 'NONE',  ( 25.50000000000000000, -10.00000000000000000, 1.027999999999990255 ) ) ;
#5394 = CARTESIAN_POINT ( 'NONE',  ( 19.49649934127060646, -12.42880131248949027, -5.971999999999999531 ) ) ;
#5395 = ORIENTED_EDGE ( 'NONE', *, *, #9349, .T. ) ;
#5396 = ORIENTED_EDGE ( 'NONE', *, *, #9225, .F. ) ;
#5397 = CARTESIAN_POINT ( 'NONE',  ( -20.30307476344250972, 12.10371551309145666, -6.470620343614624126 ) ) ;
#5398 = ORIENTED_EDGE ( 'NONE', *, *, #3210, .T. ) ;
#5399 = CARTESIAN_POINT ( 'NONE',  ( 20.49999999999999289, -11.98821440803507166, -7.100580939490376053 ) ) ;
#5400 = AXIS2_PLACEMENT_3D ( 'NONE', #1522, #5376, #7104 ) ;
#5401 = CARTESIAN_POINT ( 'NONE',  ( 20.58352290570564946, -12.45528656273994983, -9.897833918437962453 ) ) ;
#5402 = VECTOR ( 'NONE', #6258, 1000.000000000000000 ) ;
#5403 = CARTESIAN_POINT ( 'NONE',  ( 18.00035053057701973, -13.99999999999998401, -7.386212789276854984 ) ) ;
#5404 = PLANE ( 'NONE',  #6296 ) ;
#5405 = LINE ( 'NONE', #692, #418 ) ;
#5406 = AXIS2_PLACEMENT_3D ( 'NONE', #5313, #2129, #5208 ) ;
#5407 = DIRECTION ( 'NONE',  ( 0.000000000000000000, -1.000000000000000000, 0.000000000000000000 ) ) ;
#5408 = VERTEX_POINT ( 'NONE', #6357 ) ;
#5409 = VERTEX_POINT ( 'NONE', #6414 ) ;
#5410 = CARTESIAN_POINT ( 'NONE',  ( 18.53360809047959989, 14.00000000000000000, -7.137163111788879633 ) ) ;
#5411 = DIRECTION ( 'NONE',  ( -0.000000000000000000, 1.000000000000000000, -0.000000000000000000 ) ) ;
#5412 = ORIENTED_EDGE ( 'NONE', *, *, #4681, .F. ) ;
#5413 = CARTESIAN_POINT ( 'NONE',  ( 18.00000000000000355, -13.49986223184806988, -6.269073203967603369 ) ) ;
#5414 = ADVANCED_FACE ( 'NONE', ( #2510 ), #5285, .F. ) ;
#5415 = DIRECTION ( 'NONE',  ( -7.153498870007452406E-17, -1.000000000000000000, -0.000000000000000000 ) ) ;
#5416 = VECTOR ( 'NONE', #4559, 1000.000000000000000 ) ;
#5417 = CARTESIAN_POINT ( 'NONE',  ( -18.86677002920264457, -11.99990691305564994, -5.808178886026452936 ) ) ;
#5418 = EDGE_CURVE ( 'NONE', #3373, #293, #3943, .T. ) ;
#5419 = CARTESIAN_POINT ( 'NONE',  ( -18.31272904815764946, 14.00008696588410828, -7.593870772700914706 ) ) ;
#5420 = ORIENTED_EDGE ( 'NONE', *, *, #9502, .T. ) ;
#5421 = CARTESIAN_POINT ( 'NONE',  ( 15.61999999999999034, 16.50000000000000000, -2.986000000000068155 ) ) ;
#5422 = CARTESIAN_POINT ( 'NONE',  ( -23.00000000000000000, 2.500000000000003553, -7.500000000000000888 ) ) ;
#5423 = ORIENTED_EDGE ( 'NONE', *, *, #8042, .F. ) ;
#5424 = CARTESIAN_POINT ( 'NONE',  ( -18.31606850027939615, -14.00000000000000000, -8.984439928361286576 ) ) ;
#5425 = DIRECTION ( 'NONE',  ( -1.000000000000000000, -1.992221491941909864E-18, 4.579663590744439848E-16 ) ) ;
#5426 = CARTESIAN_POINT ( 'NONE',  ( 20.49987735957957824, -11.96577965707250257, -7.621938203371329656 ) ) ;
#5427 = ORIENTED_EDGE ( 'NONE', *, *, #3938, .T. ) ;
#5428 = CARTESIAN_POINT ( 'NONE',  ( 20.50000000000000000, 10.00000000000000000, 2.277999999999982705 ) ) ;
#5429 = VECTOR ( 'NONE', #4177, 1000.000000000000000 ) ;
#5430 = ADVANCED_FACE ( 'NONE', ( #7621 ), #6076, .F. ) ;
#5431 = EDGE_CURVE ( 'NONE', #4103, #4176, #8233, .T. ) ;
#5432 = PLANE ( 'NONE',  #5391 ) ;
#5433 = CARTESIAN_POINT ( 'NONE',  ( -19.50000000000000000, 11.50000000000000000, -5.600000000000000533 ) ) ;
#5434 = ORIENTED_EDGE ( 'NONE', *, *, #2041, .F. ) ;
#5435 = DIRECTION ( 'NONE',  ( -0.000000000000000000, -0.000000000000000000, 1.000000000000000000 ) ) ;
#5436 = AXIS2_PLACEMENT_3D ( 'NONE', #9289, #9338, #6323 ) ;
#5437 = CARTESIAN_POINT ( 'NONE',  ( -18.67677295594190667, -12.62404888384446089, -5.921452736166502362 ) ) ;
#5438 = ADVANCED_FACE ( 'NONE', ( #6831 ), #2880, .F. ) ;
#5439 = LINE ( 'NONE', #3907, #5971 ) ;
#5440 = ORIENTED_EDGE ( 'NONE', *, *, #290, .F. ) ;
#5441 = CARTESIAN_POINT ( 'NONE',  ( 18.66752295848145593, 12.94816279659623426, -5.999998921176729283 ) ) ;
#5442 = CARTESIAN_POINT ( 'NONE',  ( 19.42566224813715436, 11.87241806049062021, -5.963295963356693541 ) ) ;
#5443 = CARTESIAN_POINT ( 'NONE',  ( -18.68163476097453568, -12.44632888959534966, -5.880167838483416176 ) ) ;
#5444 = VECTOR ( 'NONE', #9622, 1000.000000000000000 ) ;
#5445 = DIRECTION ( 'NONE',  ( 0.000000000000000000, 1.000000000000000000, 0.000000000000000000 ) ) ;
#5446 = DIRECTION ( 'NONE',  ( -7.153498870007452406E-17, -1.000000000000000000, -0.000000000000000000 ) ) ;
#5447 = CARTESIAN_POINT ( 'NONE',  ( 11.67999999999999261, 33.50000000000000000, -2.986000000000040178 ) ) ;
#5448 = CARTESIAN_POINT ( 'NONE',  ( 18.94631169967583162, -13.99942286242303879, -7.971439820153320532 ) ) ;
#5449 = ORIENTED_EDGE ( 'NONE', *, *, #7441, .F. ) ;
#5450 = ORIENTED_EDGE ( 'NONE', *, *, #5040, .F. ) ;
#5451 = EDGE_CURVE ( 'NONE', #636, #998, #2027, .T. ) ;
#5452 = VECTOR ( 'NONE', #4182, 1000.000000000000000 ) ;
#5453 = CARTESIAN_POINT ( 'NONE',  ( -19.25205645743349336, 12.17327111098561154, -5.951189286635180764 ) ) ;
#5454 = ORIENTED_EDGE ( 'NONE', *, *, #8890, .F. ) ;
#5455 = CARTESIAN_POINT ( 'NONE',  ( 20.49677448201409646, -11.75669196393521077, -9.170955315295220345 ) ) ;
#5456 = LINE ( 'NONE', #994, #1886 ) ;
#5457 = DIRECTION ( 'NONE',  ( 0.000000000000000000, 0.000000000000000000, 1.000000000000000000 ) ) ;
#5458 = FACE_OUTER_BOUND ( 'NONE', #3544, .T. ) ;
#5459 = DIRECTION ( 'NONE',  ( 1.000000000000000000, -0.000000000000000000, -0.000000000000000000 ) ) ;
#5460 = ORIENTED_EDGE ( 'NONE', *, *, #8014, .F. ) ;
#5461 = EDGE_LOOP ( 'NONE', ( #5856, #1334, #9240, #6828 ) ) ;
#5462 = B_SPLINE_CURVE_WITH_KNOTS ( 'NONE', 3,
 ( #5196, #5818, #1966, #2774, #8940 ),
 .UNSPECIFIED., .F., .F.,
 ( 4, 1, 4 ),
 ( 0.000000000000000000, 0.4285714285714304350, 0.9178321261495013816 ),
 .UNSPECIFIED. ) ;
#5463 = CARTESIAN_POINT ( 'NONE',  ( 18.00000000000000000, 13.33158847671130154, -6.089234230222939637 ) ) ;
#5464 = CARTESIAN_POINT ( 'NONE',  ( 15.00000000000000000, -16.50000000000000000, -11.00000000000000000 ) ) ;
#5465 = ORIENTED_EDGE ( 'NONE', *, *, #2504, .T. ) ;
#5466 = CYLINDRICAL_SURFACE ( 'NONE', #5716, 12.00000000000000000 ) ;
#5467 = CARTESIAN_POINT ( 'NONE',  ( 15.00000000000000000, -16.50000000000000000, 5.028000000000001357 ) ) ;
#5468 = CARTESIAN_POINT ( 'NONE',  ( -19.45321423865400234, -11.87171007058380034, -5.971999999999999531 ) ) ;
#5469 = EDGE_CURVE ( 'NONE', #982, #5347, #2009, .T. ) ;
#5470 = CARTESIAN_POINT ( 'NONE',  ( 20.50000000000000000, -6.500000000000000000, -7.500000000000000000 ) ) ;
#5471 = VECTOR ( 'NONE', #8015, 1000.000000000000000 ) ;
#5472 = LINE ( 'NONE', #2332, #4993 ) ;
#5473 = ORIENTED_EDGE ( 'NONE', *, *, #6474, .T. ) ;
#5474 = CARTESIAN_POINT ( 'NONE',  ( 25.50000000000000000, 14.49999999999999645, 5.028000000000000469 ) ) ;
#5475 = CARTESIAN_POINT ( 'NONE',  ( -19.50000000000000000, 11.50000000000000000, 1.500000000000000000 ) ) ;
#5476 = ORIENTED_EDGE ( 'NONE', *, *, #3059, .T. ) ;
#5477 = CARTESIAN_POINT ( 'NONE',  ( -18.30405273766276153, -13.99905184628080868, -8.983532117954828422 ) ) ;
#5478 = DIRECTION ( 'NONE',  ( 5.782411586589356653E-16, 1.184965211890880193E-16, 1.000000000000000000 ) ) ;
#5479 = EDGE_CURVE ( 'NONE', #998, #9340, #9847, .T. ) ;
#5480 = CARTESIAN_POINT ( 'NONE',  ( 18.92930431737401165, -14.00519279317697041, -7.638690743410543327 ) ) ;
#5481 = ORIENTED_EDGE ( 'NONE', *, *, #7419, .F. ) ;
#5482 = CARTESIAN_POINT ( 'NONE',  ( -18.49999999999998579, -14.00000000000000178, -11.00000000000000000 ) ) ;
#5483 = ADVANCED_FACE ( 'NONE', ( #2931 ), #8281, .T. ) ;
#5484 = CARTESIAN_POINT ( 'NONE',  ( -23.00000000000000000, 10.50000000000000000, -1.912524980688840026 ) ) ;
#5485 = VECTOR ( 'NONE', #6381, 1000.000000000000000 ) ;
#5486 = ADVANCED_FACE ( 'NONE', ( #6125 ), #4470, .T. ) ;
#5487 = DIRECTION ( 'NONE',  ( -0.000000000000000000, 1.000000000000000000, -0.000000000000000000 ) ) ;
#5488 = DIRECTION ( 'NONE',  ( -0.000000000000000000, 1.000000000000000000, -0.000000000000000000 ) ) ;
#5489 = ORIENTED_EDGE ( 'NONE', *, *, #6312, .F. ) ;
#5490 = AXIS2_PLACEMENT_3D ( 'NONE', #7552, #4577, #3056 ) ;
#5491 = CARTESIAN_POINT ( 'NONE',  ( -19.16671807503985647, -12.17560567428980001, -5.931364919655842449 ) ) ;
#5492 = DIRECTION ( 'NONE',  ( 1.000000000000000000, -0.000000000000000000, -0.000000000000000000 ) ) ;
#5493 = VECTOR ( 'NONE', #6896, 1000.000000000000000 ) ;
#5494 = EDGE_CURVE ( 'NONE', #6221, #7062, #5962, .T. ) ;
#5495 = DIRECTION ( 'NONE',  ( 0.000000000000000000, -2.906723457586479957E-16, 1.000000000000000000 ) ) ;
#5496 = VERTEX_POINT ( 'NONE', #4481 ) ;
#5497 = CARTESIAN_POINT ( 'NONE',  ( 14.19662361069054768, 14.93920917986204877, -3.936041022671839418 ) ) ;
#5498 = CARTESIAN_POINT ( 'NONE',  ( 19.34025295288981638, 11.98555437534101920, -5.947190424221937555 ) ) ;
#5499 = DIRECTION ( 'NONE',  ( -1.000000000000000000, 0.000000000000000000, 0.000000000000000000 ) ) ;
#5500 = PLANE ( 'NONE',  #8782 ) ;
#5501 = DIRECTION ( 'NONE',  ( 1.000000000000000000, -0.000000000000000000, -0.000000000000000000 ) ) ;
#5502 = CARTESIAN_POINT ( 'NONE',  ( 18.00000000000000000, -14.00000000000000000, -7.663179431274779851 ) ) ;
#5503 = VERTEX_POINT ( 'NONE', #4534 ) ;
#5504 = VERTEX_POINT ( 'NONE', #3723 ) ;
#5505 = CARTESIAN_POINT ( 'NONE',  ( -1.163884672892648187, 15.18533125362787040, -4.776239093441320804 ) ) ;
#5506 = ORIENTED_EDGE ( 'NONE', *, *, #1398, .T. ) ;
#5507 = VECTOR ( 'NONE', #8719, 1000.000000000000000 ) ;
#5508 = PRESENTATION_STYLE_ASSIGNMENT (( #9285 ) ) ;
#5509 = EDGE_CURVE ( 'NONE', #8475, #7459, #8788, .T. ) ;
#5510 = CARTESIAN_POINT ( 'NONE',  ( 20.49788565782883154, -11.58024951171091210, -10.86501119351324007 ) ) ;
#5511 = VECTOR ( 'NONE', #9644, 1000.000000000000000 ) ;
#5512 = CARTESIAN_POINT ( 'NONE',  ( 18.00000000000001421, -13.82573806781597092, -6.676215671337462965 ) ) ;
#5513 = DIRECTION ( 'NONE',  ( -1.000000000000000000, 1.387778780781446464E-15, -0.000000000000000000 ) ) ;
#5514 = CARTESIAN_POINT ( 'NONE',  ( -20.50000000000000000, -2.500000000000000000, -9.500000000000001776 ) ) ;
#5515 = EDGE_LOOP ( 'NONE', ( #8287, #8331, #6820, #9876 ) ) ;
#5516 = VERTEX_POINT ( 'NONE', #9083 ) ;
#5517 = CARTESIAN_POINT ( 'NONE',  ( 18.25602764486104945, 12.73887407458984633, -5.879678043699434475 ) ) ;
#5518 = LINE ( 'NONE', #2621, #2408 ) ;
#5519 = ORIENTED_EDGE ( 'NONE', *, *, #9550, .T. ) ;
#5520 = DIRECTION ( 'NONE',  ( 0.000000000000000000, 0.000000000000000000, 1.000000000000000000 ) ) ;
#5521 = LINE ( 'NONE', #904, #7321 ) ;
#5522 = CARTESIAN_POINT ( 'NONE',  ( -19.39769767678264145, -13.01629934758104135, -5.967267678530237873 ) ) ;
#5523 = EDGE_CURVE ( 'NONE', #4078, #2383, #2215, .T. ) ;
#5524 = CARTESIAN_POINT ( 'NONE',  ( -23.00000000000000000, -10.50000000000000000, -9.500000000000000000 ) ) ;
#5525 = DIRECTION ( 'NONE',  ( 0.000000000000000000, 1.000000000000000000, 0.000000000000000000 ) ) ;
#5526 = ORIENTED_EDGE ( 'NONE', *, *, #8301, .F. ) ;
#5527 = CARTESIAN_POINT ( 'NONE',  ( -23.00000000000000000, -6.043907005383619683E-15, -7.721999999999999531 ) ) ;
#5528 = CARTESIAN_POINT ( 'NONE',  ( 18.66897097374394576, 12.74660882976590948, -5.949198118805014701 ) ) ;
#5529 = ORIENTED_EDGE ( 'NONE', *, *, #7032, .F. ) ;
#5530 = CARTESIAN_POINT ( 'NONE',  ( -18.26812627686475210, -14.00000000000000000, -9.391549998612433114 ) ) ;
#5531 = CARTESIAN_POINT ( 'NONE',  ( -23.00000000000000000, -9.500000000000000000, -9.500000000000001776 ) ) ;
#5532 = CARTESIAN_POINT ( 'NONE',  ( 18.45534227089723345, -13.99975766965174095, -7.621560979148360282 ) ) ;
#5533 = ORIENTED_EDGE ( 'NONE', *, *, #7550, .T. ) ;
#5534 = DIRECTION ( 'NONE',  ( 0.000000000000000000, 0.000000000000000000, 1.000000000000000000 ) ) ;
#5535 = CARTESIAN_POINT ( 'NONE',  ( 19.50000000000000000, -5.959237591976089288E-15, -7.721999999999999531 ) ) ;
#5536 = CARTESIAN_POINT ( 'NONE',  ( -18.53548757039273909, 11.66353617184947034, -5.589239555674454074 ) ) ;
#5537 = VERTEX_POINT ( 'NONE', #6112 ) ;
#5538 = CARTESIAN_POINT ( 'NONE',  ( -23.00000000000000000, -6.043907005383619683E-15, -7.721999999999999531 ) ) ;
#5539 = CARTESIAN_POINT ( 'NONE',  ( -18.58714715211170443, -13.80444052577953862, -6.470746511587655014 ) ) ;
#5540 = CARTESIAN_POINT ( 'NONE',  ( -1.627925062647250565, 15.83556756194931481, -3.861791386024285622 ) ) ;
#5541 = CARTESIAN_POINT ( 'NONE',  ( 19.41127615944849083, -12.00823183860537391, -5.972008881176321893 ) ) ;
#5542 = ORIENTED_EDGE ( 'NONE', *, *, #5187, .F. ) ;
#5543 = CARTESIAN_POINT ( 'NONE',  ( -20.50000000000000000, -2.500000000000000000, 0.000000000000000000 ) ) ;
#5544 = EDGE_CURVE ( 'NONE', #7283, #7950, #8421, .T. ) ;
#5545 = CARTESIAN_POINT ( 'NONE',  ( 19.71471890679310235, 12.16061426483730123, -6.058667187275020183 ) ) ;
#5546 = CARTESIAN_POINT ( 'NONE',  ( -18.00000000000000000, -14.00000000000000000, -7.783197974465507762 ) ) ;
#5547 = EDGE_CURVE ( 'NONE', #6514, #5239, #1705, .T. ) ;
#5548 = CARTESIAN_POINT ( 'NONE',  ( -18.50000000000000000, -12.00000000000000000, -11.00000000000000000 ) ) ;
#5549 = DIRECTION ( 'NONE',  ( 0.000000000000000000, 1.000000000000000000, 0.000000000000000000 ) ) ;
#5550 = AXIS2_PLACEMENT_3D ( 'NONE', #8227, #1500, #3024 ) ;
#5551 = CARTESIAN_POINT ( 'NONE',  ( 19.05706808616818293, -14.00038348011758060, -7.158367328323350876 ) ) ;
#5552 = EDGE_LOOP ( 'NONE', ( #2266, #1809, #989, #6469, #7426, #1712, #809, #5542, #9626, #1738, #4592, #4986, #7388, #4761, #104, #595, #569, #9191, #8418, #9874 ) ) ;
#5553 = ORIENTED_EDGE ( 'NONE', *, *, #1252, .T. ) ;
#5554 = CARTESIAN_POINT ( 'NONE',  ( -20.49975532503002995, 11.95513781156992650, -7.621553589653567329 ) ) ;
#5555 = ORIENTED_EDGE ( 'NONE', *, *, #660, .F. ) ;
#5556 = CARTESIAN_POINT ( 'NONE',  ( 20.40854626929429827, -11.96807775006031171, -6.808408845047257074 ) ) ;
#5557 = CARTESIAN_POINT ( 'NONE',  ( 18.11464212554084341, -13.99808578031808715, -10.57712169937875046 ) ) ;
#5558 = AXIS2_PLACEMENT_3D ( 'NONE', #4494, #8230, #1462 ) ;
#5559 = DIRECTION ( 'NONE',  ( 1.000000000000000000, 1.992221491941909864E-18, -4.579663590744439848E-16 ) ) ;
#5560 = PRESENTATION_STYLE_ASSIGNMENT (( #7078 ) ) ;
#5561 = ADVANCED_FACE ( 'NONE', ( #2465 ), #7074, .F. ) ;
#5562 = LINE ( 'NONE', #3178, #773 ) ;
#5563 = ORIENTED_EDGE ( 'NONE', *, *, #51, .F. ) ;
#5564 = ORIENTED_EDGE ( 'NONE', *, *, #6832, .F. ) ;
#5565 = AXIS2_PLACEMENT_3D ( 'NONE', #9409, #7902, #1062 ) ;
#5566 = LINE ( 'NONE', #8541, #3288 ) ;
#5567 = AXIS2_PLACEMENT_3D ( 'NONE', #7209, #1636, #134 ) ;
#5568 = CARTESIAN_POINT ( 'NONE',  ( 19.50000000000000000, -11.50000000000000000, -4.294172699799460702 ) ) ;
#5569 = ORIENTED_EDGE ( 'NONE', *, *, #2055, .F. ) ;
#5570 = CYLINDRICAL_SURFACE ( 'NONE', #3763, 2.000000000000000000 ) ;
#5571 = ADVANCED_FACE ( 'NONE', ( #6265 ), #3114, .T. ) ;
#5572 = CARTESIAN_POINT ( 'NONE',  ( -19.50000000000000000, 5.500000000000000000, 0.000000000000000000 ) ) ;
#5573 = VECTOR ( 'NONE', #9758, 1000.000000000000000 ) ;
#5574 = AXIS2_PLACEMENT_3D ( 'NONE', #381, #7354, #6564 ) ;
#5575 = DIRECTION ( 'NONE',  ( 1.000000000000000000, -5.426742037195429582E-32, -4.579663590744439848E-16 ) ) ;
#5576 = LINE ( 'NONE', #8598, #6934 ) ;
#5577 = EDGE_LOOP ( 'NONE', ( #4902, #6114, #2038, #4231 ) ) ;
#5578 = DIRECTION ( 'NONE',  ( -7.153498870007453638E-17, -1.000000000000000000, -0.000000000000000000 ) ) ;
#5579 = CARTESIAN_POINT ( 'NONE',  ( 19.71471890679310235, 12.16061426483730123, -6.058667187275020183 ) ) ;
#5580 = ORIENTED_EDGE ( 'NONE', *, *, #5903, .T. ) ;
#5581 = CARTESIAN_POINT ( 'NONE',  ( -18.20445324937657716, -13.99601755119723379, -9.605859768733354898 ) ) ;
#5582 = LINE ( 'NONE', #7150, #9542 ) ;
#5583 = VECTOR ( 'NONE', #713, 1000.000000000000000 ) ;
#5584 = VECTOR ( 'NONE', #3053, 1000.000000000000000 ) ;
#5585 = CARTESIAN_POINT ( 'NONE',  ( 20.50000000000000000, -11.96855683166614881, -7.421626591915879700 ) ) ;
#5586 = ORIENTED_EDGE ( 'NONE', *, *, #6609, .F. ) ;
#5587 = CARTESIAN_POINT ( 'NONE',  ( 19.44816279659883307, -12.16752295846655585, -5.999998921175866862 ) ) ;
#5588 = DIRECTION ( 'NONE',  ( 0.000000000000000000, -1.000000000000000000, -2.906723457586479957E-16 ) ) ;
#5589 = B_SPLINE_CURVE_WITH_KNOTS ( 'NONE', 3,
 ( #9927, #6863, #2305, #6106, #584, #3817, #5186, #1385, #9077, #9176, #5237, #6908, #8259, #2909, #4475, #1486 ),
 .UNSPECIFIED., .F., .F.,
 ( 4, 1, 1, 2, 2, 1, 1, 2, 2, 4 ),
 ( 0.000000000000000000, 0.2499999999999291678, 0.3749999999998938627, 0.4374999999998862577, 0.4999999999998786526, 0.6249999999998629985, 0.6874999999998654410, 0.7187499999998766542, 0.7499999999998877565, 1.000000000000000000 ),
 .UNSPECIFIED. ) ;
#5590 = DIRECTION ( 'NONE',  ( -0.000000000000000000, -0.000000000000000000, 1.000000000000000000 ) ) ;
#5591 = CARTESIAN_POINT ( 'NONE',  ( 25.50000000000000000, -6.500000000000000000, -4.000000000000000000 ) ) ;
#5592 = ORIENTED_EDGE ( 'NONE', *, *, #9461, .T. ) ;
#5593 = CARTESIAN_POINT ( 'NONE',  ( 20.50000000000000000, -1.500000000000000000, 0.000000000000000000 ) ) ;
#5594 = CARTESIAN_POINT ( 'NONE',  ( -18.59546784659200114, -13.80375463469155939, -6.470683149547313384 ) ) ;
#5595 = CARTESIAN_POINT ( 'NONE',  ( -1.222178957506347974, 15.23137590888700466, -4.704003582067103117 ) ) ;
#5596 = CIRCLE ( 'NONE', #1204, 1.749999999999985345 ) ;
#5597 = CARTESIAN_POINT ( 'NONE',  ( 20.50000000000000000, -9.185353341053369647, 6.938574612190291103E-17 ) ) ;
#5598 = VERTEX_POINT ( 'NONE', #6159 ) ;
#5599 = CARTESIAN_POINT ( 'NONE',  ( -1.749999999999986455, -16.50000000000000000, -11.00000000000000000 ) ) ;
#5600 = CARTESIAN_POINT ( 'NONE',  ( 19.28191795089129101, 12.17245420369396314, -5.958126202806482752 ) ) ;
#5601 = CARTESIAN_POINT ( 'NONE',  ( -18.43412814265978028, -14.00000000000000000, -7.981915099929799418 ) ) ;
#5602 = AXIS2_PLACEMENT_3D ( 'NONE', #3432, #1869, #5007 ) ;
#5603 = FACE_OUTER_BOUND ( 'NONE', #7251, .T. ) ;
#5604 = ADVANCED_FACE ( 'NONE', ( #941 ), #6210, .T. ) ;
#5605 = LINE ( 'NONE', #8679, #803 ) ;
#5606 = CARTESIAN_POINT ( 'NONE',  ( 18.99737901560344255, -13.99986578195884768, -7.596550108351474151 ) ) ;
#5607 = ORIENTED_EDGE ( 'NONE', *, *, #708, .T. ) ;
#5608 = ORIENTED_EDGE ( 'NONE', *, *, #4873, .T. ) ;
#5609 = CARTESIAN_POINT ( 'NONE',  ( -0.8030989293185388789, 14.93723304293764897, -5.181542342804228873 ) ) ;
#5610 = EDGE_LOOP ( 'NONE', ( #2446, #5075, #5080, #7286, #1916, #7510, #533, #1667, #1128, #7081 ) ) ;
#5611 = CARTESIAN_POINT ( 'NONE',  ( 4.249999999999994671, -13.99999999999999822, -2.985999999999998877 ) ) ;
#5612 = CARTESIAN_POINT ( 'NONE',  ( 18.67326131484004037, -14.09701132807955659, -11.22941346911823501 ) ) ;
#5613 = VECTOR ( 'NONE', #8671, 1000.000000000000000 ) ;
#5614 = LINE ( 'NONE', #9287, #2042 ) ;
#5615 = EDGE_CURVE ( 'NONE', #5504, #9303, #90, .T. ) ;
#5616 = DIRECTION ( 'NONE',  ( -0.000000000000000000, -0.000000000000000000, 1.000000000000000000 ) ) ;
#5617 = CARTESIAN_POINT ( 'NONE',  ( 16.74999999999998224, -16.50000000000000000, 5.028000000000001357 ) ) ;
#5618 = CARTESIAN_POINT ( 'NONE',  ( 19.50000000000000000, 2.500000000000000000, 0.000000000000000000 ) ) ;
#5619 = EDGE_LOOP ( 'NONE', ( #2622, #4109, #4267, #8692 ) ) ;
#5620 = ORIENTED_EDGE ( 'NONE', *, *, #6307, .F. ) ;
#5621 = LINE ( 'NONE', #5668, #8434 ) ;
#5622 = CARTESIAN_POINT ( 'NONE',  ( -23.00000000000000000, -6.500000000000000888, -5.599999999999999645 ) ) ;
#5623 = ORIENTED_EDGE ( 'NONE', *, *, #3166, .T. ) ;
#5624 = LINE ( 'NONE', #8697, #1828 ) ;
#5625 = EDGE_CURVE ( 'NONE', #4353, #6744, #9336, .T. ) ;
#5626 = CARTESIAN_POINT ( 'NONE',  ( 25.50000000000000000, 6.500000000000000000, -9.500000000000000000 ) ) ;
#5627 = EDGE_CURVE ( 'NONE', #302, #3528, #2817, .T. ) ;
#5628 = CARTESIAN_POINT ( 'NONE',  ( -20.50000000000000000, -6.038926451653769130E-15, -7.721999999999999531 ) ) ;
#5629 = CARTESIAN_POINT ( 'NONE',  ( 25.50000000000000000, -5.947284263024439757E-15, -7.721999999999999531 ) ) ;
#5630 = ORIENTED_EDGE ( 'NONE', *, *, #9040, .T. ) ;
#5631 = CYLINDRICAL_SURFACE ( 'NONE', #370, 0.6750000000000020428 ) ;
#5632 = CARTESIAN_POINT ( 'NONE',  ( 18.60371281386487752, 13.80307498594075533, -6.470620364172063432 ) ) ;
#5633 = VERTEX_POINT ( 'NONE', #5611 ) ;
#5634 = CARTESIAN_POINT ( 'NONE',  ( -18.22980625780223107, -13.99867251706574400, -9.608157621455474029 ) ) ;
#5635 = ORIENTED_EDGE ( 'NONE', *, *, #583, .F. ) ;
#5636 = CARTESIAN_POINT ( 'NONE',  ( 19.50000000000000000, 6.500000000000000000, 0.000000000000000000 ) ) ;
#5637 = CARTESIAN_POINT ( 'NONE',  ( -13.70830733150177494, -15.31811465691077068, -2.649561965780161454 ) ) ;
#5638 = VECTOR ( 'NONE', #6773, 1000.000000000000000 ) ;
#5639 = EDGE_CURVE ( 'NONE', #6510, #6121, #7020, .T. ) ;
#5640 = DIRECTION ( 'NONE',  ( 0.000000000000000000, 0.000000000000000000, -1.000000000000000000 ) ) ;
#5641 = ORIENTED_EDGE ( 'NONE', *, *, #6612, .T. ) ;
#5642 = CARTESIAN_POINT ( 'NONE',  ( -23.00000000000000000, 9.500000000000000000, -9.500000000000001776 ) ) ;
#5643 = CARTESIAN_POINT ( 'NONE',  ( -18.67163729916183712, -12.81177934347680925, -5.965063095544841154 ) ) ;
#5644 = FACE_OUTER_BOUND ( 'NONE', #729, .T. ) ;
#5645 = MANIFOLD_SOLID_BREP ( '\X2\52079664\X0\-\X2\62c94f38\X0\22[3]', #6742 ) ;
#5646 = CARTESIAN_POINT ( 'NONE',  ( -1.749999999999994671, 16.41623162032506755, -3.095678637042716730 ) ) ;
#5647 = VERTEX_POINT ( 'NONE', #6916 ) ;
#5648 = AXIS2_PLACEMENT_3D ( 'NONE', #450, #3543, #8947 ) ;
#5649 = DIRECTION ( 'NONE',  ( 0.000000000000000000, 7.283754679713117196E-18, -1.000000000000000000 ) ) ;
#5650 = PRODUCT_DEFINITION_CONTEXT ( 'detailed design', #4163, 'design' ) ;
#5651 = CARTESIAN_POINT ( 'NONE',  ( -19.25245115558786324, 11.87686898047765993, -5.908576298160297391 ) ) ;
#5652 = EDGE_CURVE ( 'NONE', #8540, #222, #1878, .T. ) ;
#5653 = LINE ( 'NONE', #4310, #6530 ) ;
#5654 = VECTOR ( 'NONE', #4042, 1000.000000000000000 ) ;
#5655 = VECTOR ( 'NONE', #6935, 1000.000000000000000 ) ;
#5656 = FACE_OUTER_BOUND ( 'NONE', #2500, .T. ) ;
#5657 = CARTESIAN_POINT ( 'NONE',  ( 19.14969703630799103, -13.99861084327405258, -8.344327618220013676 ) ) ;
#5658 = ORIENTED_EDGE ( 'NONE', *, *, #355, .F. ) ;
#5659 = ORIENTED_EDGE ( 'NONE', *, *, #3388, .T. ) ;
#5660 = CARTESIAN_POINT ( 'NONE',  ( -20.50349535671387002, 12.59176371940480799, -7.542249215410513408 ) ) ;
#5661 = VERTEX_POINT ( 'NONE', #3467 ) ;
#5662 = CARTESIAN_POINT ( 'NONE',  ( 1.714999401053493466, 16.09952980590574967, -0.02150170461645231276 ) ) ;
#5663 = DIRECTION ( 'NONE',  ( 1.000000000000000000, 1.992221491941909864E-18, -4.579663590744439848E-16 ) ) ;
#5664 = PLANE ( 'NONE',  #6885 ) ;
#5665 = CARTESIAN_POINT ( 'NONE',  ( 4.249999999999996447, 33.50000000000000000, -2.985999999999998877 ) ) ;
#5666 = EDGE_LOOP ( 'NONE', ( #8602, #9408 ) ) ;
#5667 = ORIENTED_EDGE ( 'NONE', *, *, #9918, .F. ) ;
#5668 = CARTESIAN_POINT ( 'NONE',  ( -18.00000000000000000, -13.00000000000000000, 0.000000000000000000 ) ) ;
#5669 = CARTESIAN_POINT ( 'NONE',  ( -20.50000000000000000, -5.500000000000000000, -9.500000000000001776 ) ) ;
#5670 = ORIENTED_EDGE ( 'NONE', *, *, #2168, .F. ) ;
#5671 = DIRECTION ( 'NONE',  ( -1.000000000000000000, 7.153498870007452406E-17, -0.000000000000000000 ) ) ;
#5672 = CARTESIAN_POINT ( 'NONE',  ( -19.50000000000000000, 11.50000000000000000, -5.600000000000000533 ) ) ;
#5673 = EDGE_CURVE ( 'NONE', #5712, #2684, #6515, .T. ) ;
#5674 = CIRCLE ( 'NONE', #1453, 2.000000000000001776 ) ;
#5675 = CARTESIAN_POINT ( 'NONE',  ( 13.91999999999999105, -15.12301053017827535, -2.884572652884782151 ) ) ;
#5676 = ADVANCED_FACE ( 'NONE', ( #6608 ), #1040, .T. ) ;
#5677 = CARTESIAN_POINT ( 'NONE',  ( 20.50000000000000000, -10.50000000000000000, -9.500000000000000000 ) ) ;
#5678 = EDGE_LOOP ( 'NONE', ( #8320, #6006, #3246, #8580 ) ) ;
#5679 = CARTESIAN_POINT ( 'NONE',  ( 25.50000000000000000, 16.50000000000000000, -11.00000000000000000 ) ) ;
#5680 = CARTESIAN_POINT ( 'NONE',  ( 19.71593212516058102, 12.15578082255537673, -6.058764982637302232 ) ) ;
#5681 = ORIENTED_EDGE ( 'NONE', *, *, #6244, .T. ) ;
#5682 = VECTOR ( 'NONE', #9402, 1000.000000000000000 ) ;
#5683 = DIRECTION ( 'NONE',  ( -1.000000000000000000, 0.000000000000000000, 0.000000000000000000 ) ) ;
#5684 = ORIENTED_EDGE ( 'NONE', *, *, #8298, .F. ) ;
#5685 = DIRECTION ( 'NONE',  ( -7.153498870007452406E-17, -1.000000000000000000, 0.000000000000000000 ) ) ;
#5686 = VECTOR ( 'NONE', #3196, 1000.000000000000000 ) ;
#5687 = CYLINDRICAL_SURFACE ( 'NONE', #65, 1.249999999999992450 ) ;
#5688 = DIRECTION ( 'NONE',  ( 1.000000000000000000, 0.000000000000000000, 0.000000000000000000 ) ) ;
#5689 = ORIENTED_EDGE ( 'NONE', *, *, #3758, .T. ) ;
#5690 = CARTESIAN_POINT ( 'NONE',  ( 19.29016180995937901, -12.08657280279455826, -5.946783309561006092 ) ) ;
#5691 = ADVANCED_FACE ( 'NONE', ( #5757 ), #4225, .T. ) ;
#5692 = CARTESIAN_POINT ( 'NONE',  ( -18.47821726057929581, -13.99998932174925770, -7.430730360675242174 ) ) ;
#5693 = CARTESIAN_POINT ( 'NONE',  ( 14.87187558293157963, 14.75240038665841169, -1.456054382802853375 ) ) ;
#5694 = CARTESIAN_POINT ( 'NONE',  ( 18.67535230326451767, -12.55243163899389636, -5.903519045061700332 ) ) ;
#5695 = EDGE_LOOP ( 'NONE', ( #1727, #8938, #8703, #3592, #7491, #2852 ) ) ;
#5696 = CARTESIAN_POINT ( 'NONE',  ( -18.50000000000000000, -12.00000000000000000, -5.971999999999999531 ) ) ;
#5697 = CARTESIAN_POINT ( 'NONE',  ( 18.47690786467802937, 13.99999999999999467, -7.419832913709870859 ) ) ;
#5698 = CARTESIAN_POINT ( 'NONE',  ( -19.28790233721629122, 11.98722705488732387, -5.931828518160495278 ) ) ;
#5699 = FACE_BOUND ( 'NONE', #649, .T. ) ;
#5700 = CARTESIAN_POINT ( 'NONE',  ( -20.31862392775806825, 12.10565866812302360, -6.525327815210681059 ) ) ;
#5701 = CARTESIAN_POINT ( 'NONE',  ( 18.59340889122021778, -13.99919670502369051, -8.730482340514962303 ) ) ;
#5702 = DIRECTION ( 'NONE',  ( -1.000000000000000000, 0.000000000000000000, 0.000000000000000000 ) ) ;
#5703 = ORIENTED_EDGE ( 'NONE', *, *, #9258, .F. ) ;
#5704 = VERTEX_POINT ( 'NONE', #9486 ) ;
#5705 = LINE ( 'NONE', #3977, #1870 ) ;
#5706 = ORIENTED_EDGE ( 'NONE', *, *, #1229, .F. ) ;
#5707 = CARTESIAN_POINT ( 'NONE',  ( 0.7373217743939617375, 14.90991224423070172, -0.02868197164856432779 ) ) ;
#5708 = AXIS2_PLACEMENT_3D ( 'NONE', #7446, #3284, #473 ) ;
#5709 = LINE ( 'NONE', #2569, #8511 ) ;
#5710 = DIRECTION ( 'NONE',  ( 1.000000000000000000, 0.000000000000000000, -0.000000000000000000 ) ) ;
#5711 = CARTESIAN_POINT ( 'NONE',  ( 18.00000000000000000, -11.95810755761349853, -5.603635394360743760 ) ) ;
#5712 = VERTEX_POINT ( 'NONE', #9627 ) ;
#5713 = LINE ( 'NONE', #7083, #7734 ) ;
#5714 = EDGE_LOOP ( 'NONE', ( #9322, #2709, #5309, #5398 ) ) ;
#5715 = LINE ( 'NONE', #8791, #7634 ) ;
#5716 = AXIS2_PLACEMENT_3D ( 'NONE', #1917, #1094, #6482 ) ;
#5717 = DIRECTION ( 'NONE',  ( 1.000000000000000000, 0.000000000000000000, 0.000000000000000000 ) ) ;
#5718 = AXIS2_PLACEMENT_3D ( 'NONE', #217, #4104, #272 ) ;
#5719 = LINE ( 'NONE', #1922, #274 ) ;
#5720 = VECTOR ( 'NONE', #286, 1000.000000000000000 ) ;
#5721 = LINE ( 'NONE', #908, #6465 ) ;
#5722 = EDGE_CURVE ( 'NONE', #7539, #3988, #4082, .T. ) ;
#5723 = VERTEX_POINT ( 'NONE', #1177 ) ;
#5724 = CARTESIAN_POINT ( 'NONE',  ( 13.25000000000001421, 16.50000000000000000, -11.00000000000000000 ) ) ;
#5725 = CARTESIAN_POINT ( 'NONE',  ( 18.65087169651109988, 13.21716434053368339, -6.058864309314225594 ) ) ;
#5726 = ORIENTED_EDGE ( 'NONE', *, *, #1583, .F. ) ;
#5727 = CARTESIAN_POINT ( 'NONE',  ( -19.50000000000000000, 1.499999999999999556, -5.600000000000000533 ) ) ;
#5728 = CARTESIAN_POINT ( 'NONE',  ( -20.55346307255046767, -1.500000000000000000, 4.183880899790690222 ) ) ;
#5729 = VECTOR ( 'NONE', #4459, 1000.000000000000000 ) ;
#5730 = STYLED_ITEM ( 'NONE', ( #5508 ), #5645 ) ;
#5731 = DIRECTION ( 'NONE',  ( 1.000000000000000000, -7.153498870007452406E-17, -0.000000000000000000 ) ) ;
#5732 = EDGE_CURVE ( 'NONE', #7467, #2584, #8105, .T. ) ;
#5733 = ORIENTED_EDGE ( 'NONE', *, *, #3350, .F. ) ;
#5734 = VECTOR ( 'NONE', #3554, 1000.000000000000000 ) ;
#5735 = FACE_OUTER_BOUND ( 'NONE', #639, .T. ) ;
#5736 = AXIS2_PLACEMENT_3D ( 'NONE', #1676, #4716, #8401 ) ;
#5737 = CARTESIAN_POINT ( 'NONE',  ( -20.50411089786899765, -12.59076444673120498, -7.560230691567975114 ) ) ;
#5738 = CARTESIAN_POINT ( 'NONE',  ( 18.66648960871235019, -12.17516376239424680, -5.840509042413508212 ) ) ;
#5739 = DIRECTION ( 'NONE',  ( -1.000000000000000000, 0.000000000000000000, 0.000000000000000000 ) ) ;
#5740 = ORIENTED_EDGE ( 'NONE', *, *, #2028, .F. ) ;
#5741 = FACE_OUTER_BOUND ( 'NONE', #5252, .T. ) ;
#5742 = EDGE_CURVE ( 'NONE', #8935, #9214, #7174, .T. ) ;
#5743 = CARTESIAN_POINT ( 'NONE',  ( 20.55346307255046767, -10.50000000000000000, -9.500000000000000000 ) ) ;
#5744 = EDGE_CURVE ( 'NONE', #4925, #4029, #2710, .T. ) ;
#5745 = CIRCLE ( 'NONE', #1861, 1.499999999999999556 ) ;
#5746 = LINE ( 'NONE', #4980, #8284 ) ;
#5747 = ORIENTED_EDGE ( 'NONE', *, *, #6371, .F. ) ;
#5748 = CARTESIAN_POINT ( 'NONE',  ( -19.80866018872984924, 12.15244011836142413, -6.128074586152128411 ) ) ;
#5749 = EDGE_CURVE ( 'NONE', #7931, #5154, #8975, .T. ) ;
#5750 = VECTOR ( 'NONE', #5899, 1000.000000000000000 ) ;
#5751 = DIRECTION ( 'NONE',  ( -0.000000000000000000, -0.000000000000000000, 1.000000000000000000 ) ) ;
#5752 = CARTESIAN_POINT ( 'NONE',  ( -18.00000000000000355, -14.00000000000000000, -7.386213562373100672 ) ) ;
#5753 = EDGE_LOOP ( 'NONE', ( #3936, #5912 ) ) ;
#5754 = ORIENTED_EDGE ( 'NONE', *, *, #2405, .F. ) ;
#5755 = LINE ( 'NONE', #3610, #8316 ) ;
#5756 = ORIENTED_EDGE ( 'NONE', *, *, #694, .T. ) ;
#5757 = FACE_OUTER_BOUND ( 'NONE', #1936, .T. ) ;
#5758 = EDGE_CURVE ( 'NONE', #7462, #8238, #1043, .T. ) ;
#5759 = CIRCLE ( 'NONE', #7052, 1.700000000000000178 ) ;
#5760 = DIRECTION ( 'NONE',  ( -1.000000000000000000, 0.000000000000000000, -0.000000000000000000 ) ) ;
#5761 = CYLINDRICAL_SURFACE ( 'NONE', #4838, 2.000000000000000000 ) ;
#5762 = ADVANCED_FACE ( 'NONE', ( #2662 ), #7307, .F. ) ;
#5763 = DIRECTION ( 'NONE',  ( 1.000000000000000000, 1.992221491941909864E-18, -4.579663590744439848E-16 ) ) ;
#5764 = ORIENTED_EDGE ( 'NONE', *, *, #9844, .F. ) ;
#5765 = CARTESIAN_POINT ( 'NONE',  ( 18.50074720379181414, -14.00000000000000178, -7.422640289418239057 ) ) ;
#5766 = DIRECTION ( 'NONE',  ( -0.000000000000000000, 1.000000000000000000, -0.000000000000000000 ) ) ;
#5767 = VERTEX_POINT ( 'NONE', #433 ) ;
#5768 = CARTESIAN_POINT ( 'NONE',  ( -13.79500000000000171, 13.99999999999999822, -2.986000000000068155 ) ) ;
#5769 = CARTESIAN_POINT ( 'NONE',  ( 20.50000000000000000, -11.94941982382805357, -7.852063020671677052 ) ) ;
#5770 = CYLINDRICAL_SURFACE ( 'NONE', #543, 0.6750000000000020428 ) ;
#5771 = CIRCLE ( 'NONE', #1390, 12.00000000000000000 ) ;
#5772 = CARTESIAN_POINT ( 'NONE',  ( 15.61999999999998856, -16.50000000000000000, -2.986000000000068155 ) ) ;
#5773 = CARTESIAN_POINT ( 'NONE',  ( 1.617124386377982503, 15.81663149548261060, -0.007840759951020898413 ) ) ;
#5774 = ORIENTED_EDGE ( 'NONE', *, *, #5479, .F. ) ;
#5775 = CARTESIAN_POINT ( 'NONE',  ( 20.50000000000000000, 1.499999999999999556, -7.500000000000000000 ) ) ;
#5776 = LINE ( 'NONE', #8848, #456 ) ;
#5777 = VERTEX_POINT ( 'NONE', #2000 ) ;
#5778 = CARTESIAN_POINT ( 'NONE',  ( -23.00000000000000000, 6.500000000000000000, 2.365120500916039425 ) ) ;
#5779 = CARTESIAN_POINT ( 'NONE',  ( -20.50000000000000000, 12.00000000000000000, -7.721999999999999531 ) ) ;
#5780 = EDGE_CURVE ( 'NONE', #4311, #6330, #4469, .T. ) ;
#5781 = CARTESIAN_POINT ( 'NONE',  ( -20.55346307255046767, -11.00000000000000000, -7.500000000000000000 ) ) ;
#5782 = CARTESIAN_POINT ( 'NONE',  ( -19.31879808401225418, 14.00057522017627321, -7.168969436590617583 ) ) ;
#5783 = ORIENTED_EDGE ( 'NONE', *, *, #3226, .F. ) ;
#5784 = CARTESIAN_POINT ( 'NONE',  ( 19.33237874370615472, -11.98579143007281544, -5.944878310023463008 ) ) ;
#5785 = B_SPLINE_CURVE_WITH_KNOTS ( 'NONE', 3,
 ( #3926, #6268, #6971, #1649, #5512, #7927, #893, #5403 ),
 .UNSPECIFIED., .F., .F.,
 ( 4, 2, 2, 4 ),
 ( 0.000000000000000000, 0.2500000000000004996, 0.5000000000000009992, 1.000000000000000000 ),
 .UNSPECIFIED. ) ;
#5786 = CARTESIAN_POINT ( 'NONE',  ( -20.50729848400529676, -12.58558970302121161, -7.653347948849668292 ) ) ;
#5787 = ADVANCED_FACE ( 'NONE', ( #9821 ), #8210, .T. ) ;
#5788 = CARTESIAN_POINT ( 'NONE',  ( 18.95072538484845381, -12.18034929960250956, -5.880238403098012157 ) ) ;
#5789 = CARTESIAN_POINT ( 'NONE',  ( 25.50000000000000000, 16.50000000000000000, -11.00000000000000000 ) ) ;
#5790 = VERTEX_POINT ( 'NONE', #1280 ) ;
#5791 = DIRECTION ( 'NONE',  ( 0.000000000000000000, 2.906723457586479957E-16, -1.000000000000000000 ) ) ;
#5792 = CARTESIAN_POINT ( 'NONE',  ( 19.44816276486134043, 12.16752316909997589, -5.999998975844357929 ) ) ;
#5793 = AXIS2_PLACEMENT_3D ( 'NONE', #6974, #7565, #2269 ) ;
#5794 = EDGE_CURVE ( 'NONE', #7901, #1119, #7597, .T. ) ;
#5795 = LINE ( 'NONE', #372, #383 ) ;
#5796 = VERTEX_POINT ( 'NONE', #2052 ) ;
#5797 = LINE ( 'NONE', #9569, #4046 ) ;
#5798 = ADVANCED_FACE ( 'NONE', ( #677 ), #6756, .T. ) ;
#5799 = VECTOR ( 'NONE', #9153, 1000.000000000000000 ) ;
#5800 = CARTESIAN_POINT ( 'NONE',  ( 18.20753988519921407, -14.00052016111951048, -8.545477323172766759 ) ) ;
#5801 = CARTESIAN_POINT ( 'NONE',  ( -19.45321423865399879, 11.87171007058375949, -5.971999999999974662 ) ) ;
#5802 = ORIENTED_EDGE ( 'NONE', *, *, #9908, .F. ) ;
#5803 = VECTOR ( 'NONE', #2551, 1000.000000000000000 ) ;
#5804 = ORIENTED_EDGE ( 'NONE', *, *, #4288, .F. ) ;
#5805 = DIRECTION ( 'NONE',  ( 1.000000000000000000, -7.153498870007452406E-17, -0.000000000000000000 ) ) ;
#5806 = ORIENTED_EDGE ( 'NONE', *, *, #8346, .F. ) ;
#5807 = CARTESIAN_POINT ( 'NONE',  ( -13.65445185301460107, 15.83044598734998232, -2.570181411198237509 ) ) ;
#5808 = AXIS2_PLACEMENT_3D ( 'NONE', #6684, #7720, #4449 ) ;
#5809 = VECTOR ( 'NONE', #2229, 1000.000000000000000 ) ;
#5810 = CARTESIAN_POINT ( 'NONE',  ( -19.34164107335546490, 12.17081981921157841, -5.971999999961506767 ) ) ;
#5811 = FACE_OUTER_BOUND ( 'NONE', #7471, .T. ) ;
#5812 = CARTESIAN_POINT ( 'NONE',  ( 18.00000000000000711, 12.99999999999999645, -5.971999999999999531 ) ) ;
#5813 = ORIENTED_EDGE ( 'NONE', *, *, #6312, .T. ) ;
#5814 = CARTESIAN_POINT ( 'NONE',  ( 1.749999999999985345, -16.50000000000000000, 5.028000000000001357 ) ) ;
#5815 = CARTESIAN_POINT ( 'NONE',  ( -18.72897970252984834, 12.48221375254841981, -5.907046023368237364 ) ) ;
#5816 = VERTEX_POINT ( 'NONE', #5284 ) ;
#5817 = CARTESIAN_POINT ( 'NONE',  ( 18.83056321403668321, -14.04060193677149826, -9.023426589365818984 ) ) ;
#5818 = CARTESIAN_POINT ( 'NONE',  ( -18.53360809047959989, 14.00000000000000000, -7.137163111788890291 ) ) ;
#5819 = CARTESIAN_POINT ( 'NONE',  ( 16.48266605967834053, -15.55019623814219898, -1.514831937399270467 ) ) ;
#5820 = CARTESIAN_POINT ( 'NONE',  ( -1.719160615645483947, 16.16201690440858485, -2.542740294629361575 ) ) ;
#5821 = VERTEX_POINT ( 'NONE', #2252 ) ;
#5822 = DIRECTION ( 'NONE',  ( 0.000000000000000000, 0.000000000000000000, 1.000000000000000000 ) ) ;
#5823 = CARTESIAN_POINT ( 'NONE',  ( 18.92930431737401165, 14.00519279317697041, -7.638690743410543327 ) ) ;
#5824 = ORIENTED_EDGE ( 'NONE', *, *, #7089, .F. ) ;
#5825 = DIRECTION ( 'NONE',  ( -0.7071067811865456854, -0.7071067811865493491, 0.000000000000000000 ) ) ;
#5826 = DIRECTION ( 'NONE',  ( 0.000000000000000000, 0.000000000000000000, 1.000000000000000000 ) ) ;
#5827 = VECTOR ( 'NONE', #1020, 1000.000000000000000 ) ;
#5828 = EDGE_CURVE ( 'NONE', #9023, #5598, #873, .T. ) ;
#5829 = CARTESIAN_POINT ( 'NONE',  ( 25.50000000000000000, -5.500000000000000000, -9.500000000000000000 ) ) ;
#5830 = CARTESIAN_POINT ( 'NONE',  ( -18.00000000000000000, 13.33158847671130154, -6.089234230222939637 ) ) ;
#5831 = ORIENTED_EDGE ( 'NONE', *, *, #6428, .F. ) ;
#5832 = CARTESIAN_POINT ( 'NONE',  ( 19.34164078649990159, -12.17082039324990106, -5.971999999999999531 ) ) ;
#5833 = CARTESIAN_POINT ( 'NONE',  ( -20.30238285251550323, -12.11210923555279884, -6.470556425466629236 ) ) ;
#5834 = CARTESIAN_POINT ( 'NONE',  ( 18.75199272650380777, -12.18854978786158227, -5.833369708650306684 ) ) ;
#5835 = ORIENTED_EDGE ( 'NONE', *, *, #971, .T. ) ;
#5836 = LINE ( 'NONE', #8912, #5902 ) ;
#5837 = CARTESIAN_POINT ( 'NONE',  ( -20.55346307255046767, -11.00000000000000000, -5.599999999999999645 ) ) ;
#5838 = DIRECTION ( 'NONE',  ( -1.000000000000000000, -0.000000000000000000, 0.000000000000000000 ) ) ;
#5839 = EDGE_LOOP ( 'NONE', ( #5620, #2220, #3708, #1991 ) ) ;
#5840 = DIRECTION ( 'NONE',  ( 0.000000000000000000, -2.906723457586479957E-16, 1.000000000000000000 ) ) ;
#5841 = CARTESIAN_POINT ( 'NONE',  ( 18.00000000000000000, -14.00000000000000000, -8.023235060846962696 ) ) ;
#5842 = CARTESIAN_POINT ( 'NONE',  ( -19.50000000000000000, 11.50000000000000000, -4.294172699799495341 ) ) ;
#5843 = CARTESIAN_POINT ( 'NONE',  ( -23.00000000000000000, -6.043907005383619683E-15, -7.721999999999999531 ) ) ;
#5844 = ORIENTED_EDGE ( 'NONE', *, *, #8080, .F. ) ;
#5845 = EDGE_CURVE ( 'NONE', #9945, #5192, #7819, .T. ) ;
#5846 = ORIENTED_EDGE ( 'NONE', *, *, #6912, .T. ) ;
#5847 = LINE ( 'NONE', #9625, #3161 ) ;
#5848 = ORIENTED_EDGE ( 'NONE', *, *, #3673, .T. ) ;
#5849 = CARTESIAN_POINT ( 'NONE',  ( -3.945000000000000728, 33.50000000000000000, -2.985999999999998877 ) ) ;
#5850 = ADVANCED_FACE ( 'NONE', ( #5338 ), #7452, .T. ) ;
#5851 = DIRECTION ( 'NONE',  ( 1.000000000000000000, 0.000000000000000000, 0.000000000000000000 ) ) ;
#5852 = B_SPLINE_CURVE_WITH_KNOTS ( 'NONE', 3,
 ( #7861, #7007, #77, #8520, #2402, #7700, #5497, #878, #9420, #3969, #6905, #9222, #6198, #2351, #7649, #7063, #730, #928, #131, #9970, #3214, #6305, #2508, #4018 ),
 .UNSPECIFIED., .F., .F.,
 ( 4, 2, 2, 2, 2, 2, 2, 2, 2, 2, 2, 4 ),
 ( 0.004854231274411717825, 0.005156688145657134341, 0.005459145016902550857, 0.006064058759393383888, 0.006366515630638800403, 0.006668972501884216919, 0.007273886244375056889, 0.007576343115620476007, 0.007878799986865896859, 0.008483713729356735095, 0.009088627471847575065, 0.009693541214338413300 ),
 .UNSPECIFIED. ) ;
#5853 = DIRECTION ( 'NONE',  ( -7.153498870007452406E-17, -1.000000000000000000, 0.000000000000000000 ) ) ;
#5854 = CARTESIAN_POINT ( 'NONE',  ( -20.55346307255046767, 5.499999999999998224, -5.599999999999999645 ) ) ;
#5855 = DIRECTION ( 'NONE',  ( 1.000000000000000000, 0.000000000000000000, -0.000000000000000000 ) ) ;
#5856 = ORIENTED_EDGE ( 'NONE', *, *, #2992, .T. ) ;
#5857 = PLANE ( 'NONE',  #4992 ) ;
#5858 = CARTESIAN_POINT ( 'NONE',  ( -19.02952204535048608, 12.26593428891413318, -5.922969351376737634 ) ) ;
#5859 = ORIENTED_EDGE ( 'NONE', *, *, #694, .F. ) ;
#5860 = CARTESIAN_POINT ( 'NONE',  ( 20.50000000000000000, -11.86065836792348449, -8.605796994089203622 ) ) ;
#5861 = ORIENTED_EDGE ( 'NONE', *, *, #481, .F. ) ;
#5862 = FACE_OUTER_BOUND ( 'NONE', #1083, .T. ) ;
#5863 = EDGE_CURVE ( 'NONE', #1690, #6493, #6048, .T. ) ;
#5864 = EDGE_CURVE ( 'NONE', #9201, #1929, #7405, .T. ) ;
#5865 = CARTESIAN_POINT ( 'NONE',  ( 3.848076211353312015, 16.50000000000000000, -4.485999999999998877 ) ) ;
#5866 = DIRECTION ( 'NONE',  ( 1.000000000000000000, -7.153498870007452406E-17, 0.000000000000000000 ) ) ;
#5867 = ORIENTED_EDGE ( 'NONE', *, *, #6349, .F. ) ;
#5868 = DIRECTION ( 'NONE',  ( 5.782411586589356653E-16, 1.184965211890880193E-16, 1.000000000000000000 ) ) ;
#5869 = CIRCLE ( 'NONE', #4083, 12.00000000000000000 ) ;
#5870 = CARTESIAN_POINT ( 'NONE',  ( 18.46580264345164579, 13.99987762317412887, -7.621939034136693714 ) ) ;
#5871 = ORIENTED_EDGE ( 'NONE', *, *, #7645, .T. ) ;
#5872 = CARTESIAN_POINT ( 'NONE',  ( -17.99999999999999645, -13.00000000000000000, -5.971999999999999531 ) ) ;
#5873 = CARTESIAN_POINT ( 'NONE',  ( 19.91421356237309581, -13.41421356237309759, -5.971999999999999531 ) ) ;
#5874 = DIRECTION ( 'NONE',  ( -1.000000000000000000, 0.000000000000000000, -0.000000000000000000 ) ) ;
#5875 = VECTOR ( 'NONE', #9450, 1000.000000000000000 ) ;
#5876 = DIRECTION ( 'NONE',  ( 1.000000000000000000, 0.000000000000000000, 0.000000000000000000 ) ) ;
#5877 = CARTESIAN_POINT ( 'NONE',  ( -18.00000000000000000, 12.42640818516076173, -5.769204669047039324 ) ) ;
#5878 = ORIENTED_EDGE ( 'NONE', *, *, #2590, .T. ) ;
#5879 = DIRECTION ( 'NONE',  ( 0.000000000000000000, 1.000000000000000000, 0.000000000000000000 ) ) ;
#5880 = ADVANCED_FACE ( 'NONE', ( #6657 ), #1327, .F. ) ;
#5881 = CARTESIAN_POINT ( 'NONE',  ( -18.46518885479673600, -13.99985737038748113, -7.539327809720209217 ) ) ;
#5882 = DIRECTION ( 'NONE',  ( -1.000000000000000000, 0.000000000000000000, 0.000000000000000000 ) ) ;
#5883 = VECTOR ( 'NONE', #8350, 1000.000000000000000 ) ;
#5884 = AXIS2_PLACEMENT_3D ( 'NONE', #4122, #1122, #8866 ) ;
#5885 = CARTESIAN_POINT ( 'NONE',  ( 18.67652077530130583, -12.55090168158559827, -5.903595893381440085 ) ) ;
#5886 = ORIENTED_EDGE ( 'NONE', *, *, #4922, .T. ) ;
#5887 = FACE_OUTER_BOUND ( 'NONE', #2298, .T. ) ;
#5888 = CARTESIAN_POINT ( 'NONE',  ( -12.44500000000000206, -16.50000000000000000, -2.986000000000068155 ) ) ;
#5889 = CIRCLE ( 'NONE', #7656, 0.6750000000000011546 ) ;
#5890 = AXIS2_PLACEMENT_3D ( 'NONE', #2759, #4130, #294 ) ;
#5891 = CARTESIAN_POINT ( 'NONE',  ( -18.66752260462322255, -12.94816285411536683, -5.999998899881569869 ) ) ;
#5892 = ORIENTED_EDGE ( 'NONE', *, *, #5509, .F. ) ;
#5893 = CARTESIAN_POINT ( 'NONE',  ( 19.91366506563886674, 13.41366994811417790, -7.443206413569818380 ) ) ;
#5894 = FACE_OUTER_BOUND ( 'NONE', #5552, .T. ) ;
#5895 = LINE ( 'NONE', #4805, #7960 ) ;
#5896 = DIRECTION ( 'NONE',  ( 0.7071067811865475727, -0.7071067811865475727, 0.000000000000000000 ) ) ;
#5897 = VERTEX_POINT ( 'NONE', #8359 ) ;
#5898 = ORIENTED_EDGE ( 'NONE', *, *, #371, .F. ) ;
#5899 = DIRECTION ( 'NONE',  ( 1.000000000000000000, 1.992221491941909864E-18, -4.579663590744439848E-16 ) ) ;
#5900 = ORIENTED_EDGE ( 'NONE', *, *, #2907, .T. ) ;
#5901 = DIRECTION ( 'NONE',  ( 1.000000000000000000, 0.000000000000000000, 0.000000000000000000 ) ) ;
#5902 = VECTOR ( 'NONE', #1987, 1000.000000000000000 ) ;
#5903 = EDGE_CURVE ( 'NONE', #4489, #772, #3612, .T. ) ;
#5904 = CARTESIAN_POINT ( 'NONE',  ( 1.099615614179529546E-15, 16.50000000000000000, 0.000000000000000000 ) ) ;
#5905 = LINE ( 'NONE', #1090, #4171 ) ;
#5906 = EDGE_LOOP ( 'NONE', ( #9990, #9070, #2288, #4188 ) ) ;
#5907 = CARTESIAN_POINT ( 'NONE',  ( 18.65244046860552629, -13.30866016922108308, -6.128074623634780949 ) ) ;
#5908 = CARTESIAN_POINT ( 'NONE',  ( 19.49999999999999645, 5.499999999999999112, -5.599999999999999645 ) ) ;
#5909 = ORIENTED_EDGE ( 'NONE', *, *, #7834, .F. ) ;
#5910 = CARTESIAN_POINT ( 'NONE',  ( -20.49996642781544764, -11.80827915037066056, -7.691242374231385348 ) ) ;
#5911 = CARTESIAN_POINT ( 'NONE',  ( 18.84429028161934383, -14.03567932915685823, -8.830919498609233642 ) ) ;
#5912 = ORIENTED_EDGE ( 'NONE', *, *, #583, .T. ) ;
#5913 = AXIS2_PLACEMENT_3D ( 'NONE', #771, #3858, #6953 ) ;
#5914 = LINE ( 'NONE', #2824, #2169 ) ;
#5915 = EDGE_CURVE ( 'NONE', #8840, #4869, #6708, .T. ) ;
#5916 = LINE ( 'NONE', #5302, #6416 ) ;
#5917 = CARTESIAN_POINT ( 'NONE',  ( -18.67082039324989751, 12.84164078649989982, -5.971999999999999531 ) ) ;
#5918 = ORIENTED_EDGE ( 'NONE', *, *, #8589, .T. ) ;
#5919 = DIRECTION ( 'NONE',  ( -0.000000000000000000, 1.000000000000000000, -0.000000000000000000 ) ) ;
#5920 = EDGE_CURVE ( 'NONE', #334, #9395, #7547, .T. ) ;
#5921 = CARTESIAN_POINT ( 'NONE',  ( 25.50000000000000000, -5.500000000000000000, 2.221682251925400031 ) ) ;
#5922 = ORIENTED_EDGE ( 'NONE', *, *, #8574, .T. ) ;
#5923 = DIRECTION ( 'NONE',  ( 0.000000000000000000, 0.000000000000000000, -1.000000000000000000 ) ) ;
#5924 = CARTESIAN_POINT ( 'NONE',  ( -1.741789028247902937, -16.30440220144065577, -2.729902539955864071 ) ) ;
#5925 = AXIS2_PLACEMENT_3D ( 'NONE', #8640, #4800, #4848 ) ;
#5926 = CARTESIAN_POINT ( 'NONE',  ( -19.74732746978699893, 12.07259914697699976, -6.068068471341760528 ) ) ;
#5927 = EDGE_CURVE ( 'NONE', #9962, #9681, #5185, .T. ) ;
#5928 = LINE ( 'NONE', #3069, #7406 ) ;
#5929 = CARTESIAN_POINT ( 'NONE',  ( -18.25256733582485680, 12.91295802486328270, -5.941226014566478142 ) ) ;
#5930 = ORIENTED_EDGE ( 'NONE', *, *, #371, .T. ) ;
#5931 = CARTESIAN_POINT ( 'NONE',  ( 20.55346307255046767, 1.499999999999999556, -7.500000000000000000 ) ) ;
#5932 =( GEOMETRIC_REPRESENTATION_CONTEXT ( 3 ) GLOBAL_UNCERTAINTY_ASSIGNED_CONTEXT ( ( #9171 ) ) GLOBAL_UNIT_ASSIGNED_CONTEXT ( ( #9773, #2208, #8213 ) ) REPRESENTATION_CONTEXT ( 'NONE', 'WORKASPACE' ) );
#5933 = CARTESIAN_POINT ( 'NONE',  ( -18.90365731196660803, -14.01455277332403426, -8.004242311984615554 ) ) ;
#5934 = CARTESIAN_POINT ( 'NONE',  ( -19.50000000000000000, -2.500000000000000444, -5.600000000000000533 ) ) ;
#5935 = CARTESIAN_POINT ( 'NONE',  ( 20.30446372527882559, -12.08686571387046271, -6.470748654741083961 ) ) ;
#5936 = EDGE_LOOP ( 'NONE', ( #5982, #8423, #9136, #7199 ) ) ;
#5937 = FACE_OUTER_BOUND ( 'NONE', #7183, .T. ) ;
#5938 = CARTESIAN_POINT ( 'NONE',  ( 19.49999999071058809, -12.16535434727840581, -6.018415457461522955 ) ) ;
#5939 = EDGE_CURVE ( 'NONE', #2309, #1629, #2810, .T. ) ;
#5940 = FACE_OUTER_BOUND ( 'NONE', #9930, .T. ) ;
#5941 = ORIENTED_EDGE ( 'NONE', *, *, #9398, .F. ) ;
#5942 = B_SPLINE_CURVE_WITH_KNOTS ( 'NONE', 3,
 ( #6139, #9959, #9362, #8608 ),
 .UNSPECIFIED., .F., .F.,
 ( 4, 4 ),
 ( 0.000000000000000000, 0.5002550468461087751 ),
 .UNSPECIFIED. ) ;
#5943 = CARTESIAN_POINT ( 'NONE',  ( 19.69611793687334256, 13.60450410683643163, -7.442543425774266197 ) ) ;
#5944 = CARTESIAN_POINT ( 'NONE',  ( -18.73425617957518696, -12.50813792088675314, -5.912662056743956285 ) ) ;
#5945 = CARTESIAN_POINT ( 'NONE',  ( 20.50000000000000000, 6.500000000000000000, 0.000000000000000000 ) ) ;
#5946 = ORIENTED_EDGE ( 'NONE', *, *, #4124, .F. ) ;
#5947 = CARTESIAN_POINT ( 'NONE',  ( 25.50000000000000000, 5.500000000000000000, 2.943364503850780078 ) ) ;
#5948 = LINE ( 'NONE', #1175, #7836 ) ;
#5949 = ORIENTED_EDGE ( 'NONE', *, *, #218, .F. ) ;
#5950 = CARTESIAN_POINT ( 'NONE',  ( 0.000000000000000000, 0.000000000000000000, -9.500000000000001776 ) ) ;
#5951 = CIRCLE ( 'NONE', #8038, 1.499999999999987566 ) ;
#5952 = UNCERTAINTY_MEASURE_WITH_UNIT (LENGTH_MEASURE( 1.000000000000000082E-05 ), #4949, 'distance_accuracy_value', 'NONE');
#5953 = EDGE_CURVE ( 'NONE', #4796, #7799, #7027, .T. ) ;
#5954 = AXIS2_PLACEMENT_3D ( 'NONE', #3424, #2668, #1139 ) ;
#5955 = CARTESIAN_POINT ( 'NONE',  ( 0.000000000000000000, 0.000000000000000000, 0.000000000000000000 ) ) ;
#5956 = PLANE ( 'NONE',  #2893 ) ;
#5957 = CARTESIAN_POINT ( 'NONE',  ( 19.49411819922962508, -12.90591553061012320, -5.969636945102161363 ) ) ;
#5958 = ORIENTED_EDGE ( 'NONE', *, *, #5006, .T. ) ;
#5959 = CARTESIAN_POINT ( 'NONE',  ( -13.25000000000001243, -16.50000000000000000, -11.00000000000000000 ) ) ;
#5960 = CARTESIAN_POINT ( 'NONE',  ( -19.11893702529794936, 12.17388265954666515, -5.919443593705386419 ) ) ;
#5961 = ORIENTED_EDGE ( 'NONE', *, *, #6789, .F. ) ;
#5962 = LINE ( 'NONE', #1393, #2330 ) ;
#5963 = CARTESIAN_POINT ( 'NONE',  ( 20.49782081600465133, -11.82541934771664849, -8.603486117503221564 ) ) ;
#5964 = ORIENTED_EDGE ( 'NONE', *, *, #9734, .T. ) ;
#5965 = DIRECTION ( 'NONE',  ( -1.000000000000000000, 0.000000000000000000, 0.000000000000000000 ) ) ;
#5966 = AXIS2_PLACEMENT_3D ( 'NONE', #7271, #1910, #5087 ) ;
#5967 = FACE_OUTER_BOUND ( 'NONE', #2903, .T. ) ;
#5968 = DIRECTION ( 'NONE',  ( 0.000000000000000000, 7.283754679713117196E-18, -1.000000000000000000 ) ) ;
#5969 = EDGE_LOOP ( 'NONE', ( #4091, #3719, #2855, #5368, #3062 ) ) ;
#5970 = VERTEX_POINT ( 'NONE', #2151 ) ;
#5971 = VECTOR ( 'NONE', #2036, 1000.000000000000000 ) ;
#5972 = LINE ( 'NONE', #9840, #2306 ) ;
#5973 = CARTESIAN_POINT ( 'NONE',  ( 19.50000000000000000, 10.50000000000000178, -5.599999999999999645 ) ) ;
#5974 = ORIENTED_EDGE ( 'NONE', *, *, #6222, .F. ) ;
#5975 = DIRECTION ( 'NONE',  ( 0.000000000000000000, 0.000000000000000000, -1.000000000000000000 ) ) ;
#5976 = EDGE_CURVE ( 'NONE', #626, #5222, #6867, .T. ) ;
#5977 = DIRECTION ( 'NONE',  ( 0.000000000000000000, 1.000000000000000000, 7.283754679713121818E-18 ) ) ;
#5978 = DIRECTION ( 'NONE',  ( 1.000000000000000000, 0.000000000000000000, 0.000000000000000000 ) ) ;
#5979 = EDGE_CURVE ( 'NONE', #2928, #8922, #1250, .T. ) ;
#5980 = CARTESIAN_POINT ( 'NONE',  ( 20.50000000000000000, -1.500000000000000222, -9.500000000000000000 ) ) ;
#5981 = CARTESIAN_POINT ( 'NONE',  ( -18.26259991355107459, 12.42640818516076173, -5.769204669047039324 ) ) ;
#5982 = ORIENTED_EDGE ( 'NONE', *, *, #6785, .F. ) ;
#5983 = LINE ( 'NONE', #1414, #7429 ) ;
#5984 = CARTESIAN_POINT ( 'NONE',  ( -20.50000000000000000, -11.88005609876973878, -8.441077650574122515 ) ) ;
#5985 = DIRECTION ( 'NONE',  ( -0.000000000000000000, 1.000000000000000000, -0.000000000000000000 ) ) ;
#5986 = CARTESIAN_POINT ( 'NONE',  ( 20.50052560180182226, -12.00308045134766921, -7.136571499060193169 ) ) ;
#5987 = ORIENTED_EDGE ( 'NONE', *, *, #3084, .T. ) ;
#5988 = DIRECTION ( 'NONE',  ( -1.000000000000000000, 0.000000000000000000, 0.000000000000000000 ) ) ;
#5989 = LINE ( 'NONE', #1422, #5729 ) ;
#5990 = AXIS2_PLACEMENT_3D ( 'NONE', #6888, #4398, #6688 ) ;
#5991 = ADVANCED_FACE ( 'NONE', ( #23 ), #4785, .F. ) ;
#5992 = CARTESIAN_POINT ( 'NONE',  ( -18.94418015242819919, -14.00000000000000000, -7.435629217478060049 ) ) ;
#5993 = ORIENTED_EDGE ( 'NONE', *, *, #5178, .F. ) ;
#5994 = CYLINDRICAL_SURFACE ( 'NONE', #4204, 1.249999999999987121 ) ;
#5995 = CARTESIAN_POINT ( 'NONE',  ( -18.68707872646947266, -12.24732841344308198, -5.833939419832255169 ) ) ;
#5996 = DIRECTION ( 'NONE',  ( 0.000000000000000000, 0.000000000000000000, -1.000000000000000000 ) ) ;
#5997 = ORIENTED_EDGE ( 'NONE', *, *, #7337, .F. ) ;
#5998 = EDGE_CURVE ( 'NONE', #591, #3871, #5852, .T. ) ;
#5999 = CARTESIAN_POINT ( 'NONE',  ( 15.61999999999999211, 43.50000000000000711, -2.986000000000068155 ) ) ;
#6000 = CARTESIAN_POINT ( 'NONE',  ( -33.99999999999999289, 3.500000000000023981, -11.00000000000000000 ) ) ;
#6001 = ORIENTED_EDGE ( 'NONE', *, *, #8364, .F. ) ;
#6002 = VECTOR ( 'NONE', #5879, 1000.000000000000000 ) ;
#6003 = DIRECTION ( 'NONE',  ( 5.782411586589356653E-16, 1.184965211890880193E-16, 1.000000000000000000 ) ) ;
#6004 = LINE ( 'NONE', #8470, #4189 ) ;
#6005 = CARTESIAN_POINT ( 'NONE',  ( 18.95491177786757930, -12.22825933217421124, -5.905503884695396444 ) ) ;
#6006 = ORIENTED_EDGE ( 'NONE', *, *, #8242, .T. ) ;
#6007 = ADVANCED_FACE ( 'NONE', ( #9374 ), #1484, .T. ) ;
#6008 = ORIENTED_EDGE ( 'NONE', *, *, #3756, .T. ) ;
#6009 = CARTESIAN_POINT ( 'NONE',  ( -19.23079957890791292, 12.32250514797374308, -5.965513744650273509 ) ) ;
#6010 = EDGE_LOOP ( 'NONE', ( #1091, #9732, #4136, #2270, #163 ) ) ;
#6011 = CARTESIAN_POINT ( 'NONE',  ( -20.50000000000000000, -11.77774138617019872, -7.127252164735660145 ) ) ;
#6012 = CARTESIAN_POINT ( 'NONE',  ( 18.17415905595980519, -13.99838958725137061, -10.07640974736431616 ) ) ;
#6013 = ORIENTED_EDGE ( 'NONE', *, *, #7821, .F. ) ;
#6014 = CARTESIAN_POINT ( 'NONE',  ( 19.34164078649990159, 12.17082039324990106, -5.971999999999999531 ) ) ;
#6015 = CARTESIAN_POINT ( 'NONE',  ( 20.50000000000000000, -5.500000000000000000, 0.000000000000000000 ) ) ;
#6016 = CARTESIAN_POINT ( 'NONE',  ( -20.50000000000000000, 14.00000000000000000, -7.500000000000000000 ) ) ;
#6017 = VERTEX_POINT ( 'NONE', #2452 ) ;
#6018 = ORIENTED_EDGE ( 'NONE', *, *, #9111, .T. ) ;
#6019 = CARTESIAN_POINT ( 'NONE',  ( -20.55346307255046767, -9.500000000000000000, -0.3905608506923829992 ) ) ;
#6020 = DIRECTION ( 'NONE',  ( 0.000000000000000000, 0.000000000000000000, 1.000000000000000000 ) ) ;
#6021 = ORIENTED_EDGE ( 'NONE', *, *, #8561, .T. ) ;
#6022 = FACE_OUTER_BOUND ( 'NONE', #9434, .T. ) ;
#6023 = DIRECTION ( 'NONE',  ( -1.000000000000000000, 5.426742037195429582E-32, 4.579663590744439848E-16 ) ) ;
#6024 = CARTESIAN_POINT ( 'NONE',  ( -20.50000000000000000, 11.75510820996732342, -7.405504712021520497 ) ) ;
#6025 = EDGE_CURVE ( 'NONE', #1544, #9536, #181, .T. ) ;
#6026 = CIRCLE ( 'NONE', #1821, 1.699999999999999734 ) ;
#6027 = CARTESIAN_POINT ( 'NONE',  ( 13.91999999999998927, 15.12301053017827002, -2.986000000000068155 ) ) ;
#6028 = ORIENTED_EDGE ( 'NONE', *, *, #8831, .F. ) ;
#6029 = FACE_OUTER_BOUND ( 'NONE', #1323, .T. ) ;
#6030 = CARTESIAN_POINT ( 'NONE',  ( -18.91306439993090649, -14.01117445094524072, -7.872242843617021535 ) ) ;
#6031 = EDGE_CURVE ( 'NONE', #2122, #652, #8621, .T. ) ;
#6032 = CARTESIAN_POINT ( 'NONE',  ( 18.86731656312339922, -13.16283558839320023, -6.054484965792600093 ) ) ;
#6033 = VERTEX_POINT ( 'NONE', #3267 ) ;
#6034 = CARTESIAN_POINT ( 'NONE',  ( 16.74999999999998224, 16.50000000000000000, -11.00000000000000000 ) ) ;
#6035 = DIRECTION ( 'NONE',  ( 0.000000000000000000, 0.000000000000000000, -1.000000000000000000 ) ) ;
#6036 = AXIS2_PLACEMENT_3D ( 'NONE', #8335, #9889, #1354 ) ;
#6037 = DIRECTION ( 'NONE',  ( 1.000000000000000000, 0.000000000000000000, 0.000000000000000000 ) ) ;
#6038 = ORIENTED_EDGE ( 'NONE', *, *, #2636, .F. ) ;
#6039 = AXIS2_PLACEMENT_3D ( 'NONE', #1251, #6023, #8280 ) ;
#6040 = CARTESIAN_POINT ( 'NONE',  ( 19.63865259748553171, 13.64569459268654050, -7.442197534209114451 ) ) ;
#6041 = CIRCLE ( 'NONE', #868, 1.249999999999987121 ) ;
#6042 = CARTESIAN_POINT ( 'NONE',  ( -18.84749953121843546, -12.18433839077117398, -5.857209476561812345 ) ) ;
#6043 = CARTESIAN_POINT ( 'NONE',  ( 14.19607533499690888, -14.93949111464766411, -3.935238994487348041 ) ) ;
#6044 = EDGE_CURVE ( 'NONE', #7789, #2462, #6149, .T. ) ;
#6045 = ORIENTED_EDGE ( 'NONE', *, *, #6978, .T. ) ;
#6046 = DIRECTION ( 'NONE',  ( 1.000000000000000000, -7.153498870007452406E-17, 0.000000000000000000 ) ) ;
#6047 = ORIENTED_EDGE ( 'NONE', *, *, #1967, .F. ) ;
#6048 = LINE ( 'NONE', #3571, #5073 ) ;
#6049 = VECTOR ( 'NONE', #3201, 1000.000000000000000 ) ;
#6050 = CARTESIAN_POINT ( 'NONE',  ( -18.16718169640239822, -14.00000000000000000, -7.386213562373100672 ) ) ;
#6051 = AXIS2_PLACEMENT_3D ( 'NONE', #4739, #9435, #3228 ) ;
#6052 = EDGE_CURVE ( 'NONE', #3859, #3373, #3953, .T. ) ;
#6053 = CARTESIAN_POINT ( 'NONE',  ( 25.50000000000000000, -9.500000000000000000, -0.3905608506924069800 ) ) ;
#6054 = CARTESIAN_POINT ( 'NONE',  ( 18.27110833834394654, -12.00713652419676336, -5.620969751733541742 ) ) ;
#6055 = ORIENTED_EDGE ( 'NONE', *, *, #6439, .F. ) ;
#6056 = CIRCLE ( 'NONE', #4425, 0.6750000000000020428 ) ;
#6057 = VECTOR ( 'NONE', #7486, 1000.000000000000000 ) ;
#6058 = VERTEX_POINT ( 'NONE', #1028 ) ;
#6059 = CARTESIAN_POINT ( 'NONE',  ( -19.31319648935773614, 12.16899711180759525, -5.965055209185718965 ) ) ;
#6060 = ORIENTED_EDGE ( 'NONE', *, *, #8962, .T. ) ;
#6061 = CARTESIAN_POINT ( 'NONE',  ( -20.50000000000000000, -11.74809995507334648, -7.491664284093891624 ) ) ;
#6062 = CARTESIAN_POINT ( 'NONE',  ( 20.49637338731771408, -11.73034646681898963, -9.388485174448819137 ) ) ;
#6063 = ORIENTED_EDGE ( 'NONE', *, *, #9937, .F. ) ;
#6064 = VECTOR ( 'NONE', #8662, 1000.000000000000000 ) ;
#6065 = EDGE_CURVE ( 'NONE', #3282, #4682, #3410, .T. ) ;
#6066 = CARTESIAN_POINT ( 'NONE',  ( -20.50000000000000000, 6.500000000000000000, 0.000000000000000000 ) ) ;
#6067 = CARTESIAN_POINT ( 'NONE',  ( -20.50000000000000000, -9.500000000000000000, -9.500000000000001776 ) ) ;
#6068 = ORIENTED_EDGE ( 'NONE', *, *, #2190, .F. ) ;
#6069 = ORIENTED_EDGE ( 'NONE', *, *, #3433, .T. ) ;
#6070 = LINE ( 'NONE', #7373, #8440 ) ;
#6071 = FACE_OUTER_BOUND ( 'NONE', #5936, .T. ) ;
#6072 = VECTOR ( 'NONE', #5766, 1000.000000000000000 ) ;
#6073 = EDGE_LOOP ( 'NONE', ( #2707, #6136, #4178, #8371 ) ) ;
#6074 = CARTESIAN_POINT ( 'NONE',  ( -23.00000000000000000, -2.500000000000000000, -4.000000000000000000 ) ) ;
#6075 = LINE ( 'NONE', #8386, #4436 ) ;
#6076 = PLANE ( 'NONE',  #715 ) ;
#6077 = ADVANCED_FACE ( 'NONE', ( #3453 ), #4976, .F. ) ;
#6078 = AXIS2_PLACEMENT_3D ( 'NONE', #960, #7188, #208 ) ;
#6079 = CARTESIAN_POINT ( 'NONE',  ( -18.16172960827420013, 14.00000000000000000, -7.478535518673660398 ) ) ;
#6080 = EDGE_LOOP ( 'NONE', ( #9781, #9114, #6626, #9080 ) ) ;
#6081 = CARTESIAN_POINT ( 'NONE',  ( -20.50000000000000000, -9.500000000000000000, -9.500000000000001776 ) ) ;
#6082 = CARTESIAN_POINT ( 'NONE',  ( 18.98544488524252927, 12.51338046849828878, -5.953336356616178549 ) ) ;
#6083 = CARTESIAN_POINT ( 'NONE',  ( -18.88232183367697914, -14.02221488130491700, -8.303619951726883386 ) ) ;
#6084 = CARTESIAN_POINT ( 'NONE',  ( 19.34304696773634902, -12.16800803077700088, -5.971999999999999531 ) ) ;
#6085 = CIRCLE ( 'NONE', #3006, 2.999999999999995559 ) ;
#6086 = ORIENTED_EDGE ( 'NONE', *, *, #6692, .F. ) ;
#6087 = LINE ( 'NONE', #7795, #1356 ) ;
#6088 = EDGE_CURVE ( 'NONE', #7365, #2202, #5025, .T. ) ;
#6089 = DIRECTION ( 'NONE',  ( 1.000000000000000000, 1.992221491941909864E-18, -4.579663590744439848E-16 ) ) ;
#6090 = DIRECTION ( 'NONE',  ( 0.000000000000000000, -1.000000000000000000, 0.000000000000000000 ) ) ;
#6091 = CARTESIAN_POINT ( 'NONE',  ( 18.02657757425716767, -14.00000000000000000, -11.44270454011890692 ) ) ;
#6092 = ORIENTED_EDGE ( 'NONE', *, *, #3029, .F. ) ;
#6093 = EDGE_CURVE ( 'NONE', #4221, #4586, #8816, .T. ) ;
#6094 = CARTESIAN_POINT ( 'NONE',  ( 18.72881386494023204, 14.00000000000005507, -7.429288709452537276 ) ) ;
#6095 = CARTESIAN_POINT ( 'NONE',  ( -18.66655829604582451, -12.17552748523470463, -5.840607621540528704 ) ) ;
#6096 = FACE_OUTER_BOUND ( 'NONE', #3831, .T. ) ;
#6097 = ORIENTED_EDGE ( 'NONE', *, *, #1576, .F. ) ;
#6098 = DIRECTION ( 'NONE',  ( 0.7071067811865482389, 0.7071067811865469066, 0.000000000000000000 ) ) ;
#6099 = ORIENTED_EDGE ( 'NONE', *, *, #8234, .T. ) ;
#6100 = CARTESIAN_POINT ( 'NONE',  ( 20.50000000000000000, -10.00000000000000000, 2.277999999999982705 ) ) ;
#6101 = ADVANCED_FACE ( 'NONE', ( #5741 ), #1894, .F. ) ;
#6102 = CLOSED_SHELL ( 'NONE', ( #5676, #3401, #3737, #3547, #5098 ) ) ;
#6103 = CARTESIAN_POINT ( 'NONE',  ( -18.21915555654080165, -13.83424441322330090, -6.506461368959409519 ) ) ;
#6104 = ADVANCED_FACE ( 'NONE', ( #4214 ), #7343, .F. ) ;
#6105 = CARTESIAN_POINT ( 'NONE',  ( -19.50000000000000355, -12.16535439362619364, -6.018415525445186098 ) ) ;
#6106 = CARTESIAN_POINT ( 'NONE',  ( -18.17239126426729001, 14.00000000000000178, -7.391516736716862823 ) ) ;
#6107 = CARTESIAN_POINT ( 'NONE',  ( 18.00000000000000000, -12.21001521414529911, -5.692698200443968126 ) ) ;
#6108 = EDGE_LOOP ( 'NONE', ( #612, #5747 ) ) ;
#6109 = ORIENTED_EDGE ( 'NONE', *, *, #2130, .F. ) ;
#6110 = CARTESIAN_POINT ( 'NONE',  ( -19.64487183254119884, 12.43888387483300129, -6.053036939568640307 ) ) ;
#6111 = EDGE_LOOP ( 'NONE', ( #6166, #8400, #1047, #6637, #1642, #3609, #4734, #3820, #1353, #7347 ) ) ;
#6112 = CARTESIAN_POINT ( 'NONE',  ( 20.50000000000000000, -2.499999999999996447, 4.014694594305529662 ) ) ;
#6113 = CARTESIAN_POINT ( 'NONE',  ( 20.49892482733803334, -11.78139969485855865, -9.172939292582150017 ) ) ;
#6114 = ORIENTED_EDGE ( 'NONE', *, *, #1972, .F. ) ;
#6115 = CARTESIAN_POINT ( 'NONE',  ( 13.25000000000001421, -16.50000000000000000, -11.00000000000000000 ) ) ;
#6116 = CARTESIAN_POINT ( 'NONE',  ( -22.99999999999999645, -16.49999999999999645, 5.028000000000000469 ) ) ;
#6117 = VERTEX_POINT ( 'NONE', #983 ) ;
#6118 = VERTEX_POINT ( 'NONE', #1840 ) ;
#6119 = DIRECTION ( 'NONE',  ( 1.000000000000000000, 1.992221491941909864E-18, -4.579663590744439848E-16 ) ) ;
#6120 = CARTESIAN_POINT ( 'NONE',  ( -20.55346307255046767, 2.500000000000002220, -5.599999999999999645 ) ) ;
#6121 = VERTEX_POINT ( 'NONE', #7252 ) ;
#6122 = VECTOR ( 'NONE', #8112, 1000.000000000000000 ) ;
#6123 = CARTESIAN_POINT ( 'NONE',  ( 19.45321423865399879, -11.87171007058377370, -5.972000000000010189 ) ) ;
#6124 = CARTESIAN_POINT ( 'NONE',  ( -19.50000000000000000, 9.185353341053369647, -2.778495045355449991E-17 ) ) ;
#6125 = FACE_OUTER_BOUND ( 'NONE', #6010, .T. ) ;
#6126 = CIRCLE ( 'NONE', #2578, 1.699999999999998401 ) ;
#6127 = AXIS2_PLACEMENT_3D ( 'NONE', #68, #5329, #8406 ) ;
#6128 = LINE ( 'NONE', #7893, #6297 ) ;
#6129 = ORIENTED_EDGE ( 'NONE', *, *, #1210, .T. ) ;
#6130 = DIRECTION ( 'NONE',  ( 1.000000000000000000, -0.000000000000000000, -0.000000000000000000 ) ) ;
#6131 = DIRECTION ( 'NONE',  ( 1.000000000000000000, 0.000000000000000000, 0.000000000000000000 ) ) ;
#6132 = CARTESIAN_POINT ( 'NONE',  ( -18.85846505302631471, -14.03078245250909717, -8.638376294476231010 ) ) ;
#6133 = CARTESIAN_POINT ( 'NONE',  ( 25.50000000000000000, 2.500000000000000000, 4.014694594305510122 ) ) ;
#6134 = EDGE_CURVE ( 'NONE', #4746, #3439, #2554, .T. ) ;
#6135 = CARTESIAN_POINT ( 'NONE',  ( 19.06257964725430298, -12.59773577473040085, -5.971999999999999531 ) ) ;
#6136 = ORIENTED_EDGE ( 'NONE', *, *, #8891, .F. ) ;
#6137 = FACE_OUTER_BOUND ( 'NONE', #7116, .T. ) ;
#6138 = AXIS2_PLACEMENT_3D ( 'NONE', #7706, #733, #8415 ) ;
#6139 = CARTESIAN_POINT ( 'NONE',  ( 20.50000000000000000, -12.00000000000000000, -7.422552296971640651 ) ) ;
#6140 = DIRECTION ( 'NONE',  ( 0.000000000000000000, -0.000000000000000000, 1.000000000000000000 ) ) ;
#6141 = LINE ( 'NONE', #5380, #763 ) ;
#6142 = ORIENTED_EDGE ( 'NONE', *, *, #4351, .F. ) ;
#6143 = DIRECTION ( 'NONE',  ( -7.153498870007452406E-17, -1.000000000000000000, -0.000000000000000000 ) ) ;
#6144 = CARTESIAN_POINT ( 'NONE',  ( -19.07324413912749606, -12.17816279823049896, -5.909650638736117401 ) ) ;
#6145 = DIRECTION ( 'NONE',  ( 1.000000000000000000, 0.000000000000000000, 0.000000000000000000 ) ) ;
#6146 = DIRECTION ( 'NONE',  ( 1.000000000000000000, 0.000000000000000000, 0.000000000000000000 ) ) ;
#6147 = LINE ( 'NONE', #9167, #8813 ) ;
#6148 = EDGE_LOOP ( 'NONE', ( #3091, #6720, #5844, #8898, #6904, #4970 ) ) ;
#6149 = LINE ( 'NONE', #6354, #7489 ) ;
#6150 = VECTOR ( 'NONE', #8099, 1000.000000000000000 ) ;
#6151 = CARTESIAN_POINT ( 'NONE',  ( -18.48059274673309815, -13.28141475582539854, -6.077896081935030281 ) ) ;
#6152 = EDGE_CURVE ( 'NONE', #2202, #3282, #283, .T. ) ;
#6153 = FACE_OUTER_BOUND ( 'NONE', #213, .T. ) ;
#6154 = CARTESIAN_POINT ( 'NONE',  ( 18.00000000000000000, -12.00713652419676336, -5.620969751733541742 ) ) ;
#6155 = ORIENTED_EDGE ( 'NONE', *, *, #8466, .F. ) ;
#6156 = VERTEX_POINT ( 'NONE', #4934 ) ;
#6157 = CARTESIAN_POINT ( 'NONE',  ( -19.18546382862930244, 12.17320023411848062, -5.935334417761342962 ) ) ;
#6158 = ORIENTED_EDGE ( 'NONE', *, *, #1614, .F. ) ;
#6159 = CARTESIAN_POINT ( 'NONE',  ( -23.00000000000000000, -2.500000000000000000, 4.014694594305530551 ) ) ;
#6160 = CARTESIAN_POINT ( 'NONE',  ( 20.56839439287663751, -12.48022836920507395, -9.452648045009809152 ) ) ;
#6161 = ADVANCED_FACE ( 'NONE', ( #2603 ), #8008, .T. ) ;
#6162 = CARTESIAN_POINT ( 'NONE',  ( -18.50000000000000000, -12.00000000000000000, -11.00000000000000000 ) ) ;
#6163 = CARTESIAN_POINT ( 'NONE',  ( -20.50000000000000000, -11.86754886233890005, -9.500000000000000000 ) ) ;
#6164 = DIRECTION ( 'NONE',  ( -0.000000000000000000, -0.000000000000000000, 1.000000000000000000 ) ) ;
#6165 = CARTESIAN_POINT ( 'NONE',  ( 20.50000000000000000, 6.500000000000000000, 0.000000000000000000 ) ) ;
#6166 = ORIENTED_EDGE ( 'NONE', *, *, #4741, .F. ) ;
#6167 = VERTEX_POINT ( 'NONE', #4068 ) ;
#6168 = CARTESIAN_POINT ( 'NONE',  ( 18.68847526406069548, 12.19627892646727929, -5.822080468027304612 ) ) ;
#6169 = DIRECTION ( 'NONE',  ( -0.000000000000000000, 1.000000000000000000, -0.000000000000000000 ) ) ;
#6170 = ORIENTED_EDGE ( 'NONE', *, *, #6692, .T. ) ;
#6171 = CARTESIAN_POINT ( 'NONE',  ( -23.00000000000000000, -6.500000000000000000, -9.500000000000000000 ) ) ;
#6172 = EDGE_CURVE ( 'NONE', #3072, #3693, #9660, .T. ) ;
#6173 = DIRECTION ( 'NONE',  ( -0.000000000000000000, -0.000000000000000000, -1.000000000000000000 ) ) ;
#6174 = EDGE_CURVE ( 'NONE', #4869, #3464, #8675, .T. ) ;
#6175 = CARTESIAN_POINT ( 'NONE',  ( -19.09308705901462133, -12.45534721428699498, -5.957247320355472553 ) ) ;
#6176 = EDGE_CURVE ( 'NONE', #6498, #4943, #7915, .T. ) ;
#6177 = DIRECTION ( 'NONE',  ( 0.000000000000000000, 1.000000000000000000, -0.000000000000000000 ) ) ;
#6178 = EDGE_LOOP ( 'NONE', ( #1839, #8916, #4427, #1825, #2104 ) ) ;
#6179 = CARTESIAN_POINT ( 'NONE',  ( -19.50000000000000000, -1.499999999999997113, -5.599999999999999645 ) ) ;
#6180 = LINE ( 'NONE', #5, #146 ) ;
#6181 = EDGE_LOOP ( 'NONE', ( #6264, #3459, #430, #487 ) ) ;
#6182 = CARTESIAN_POINT ( 'NONE',  ( -20.50000000000000000, -11.74248276201422847, -9.609306547816546029 ) ) ;
#6183 = CARTESIAN_POINT ( 'NONE',  ( 9.619999999999988560, -16.50000000000000000, -2.986000000000001986 ) ) ;
#6184 = CARTESIAN_POINT ( 'NONE',  ( 18.47647433666371697, -14.00000000000000000, -7.622324726599539524 ) ) ;
#6185 = ORIENTED_EDGE ( 'NONE', *, *, #4275, .F. ) ;
#6186 = DIRECTION ( 'NONE',  ( -1.000000000000000000, 0.000000000000000000, -0.000000000000000000 ) ) ;
#6187 = DIRECTION ( 'NONE',  ( -0.000000000000000000, -0.000000000000000000, 1.000000000000000000 ) ) ;
#6188 = EDGE_CURVE ( 'NONE', #4746, #1734, #1791, .T. ) ;
#6189 = CARTESIAN_POINT ( 'NONE',  ( -20.55346307255046767, -11.00000000000000000, -7.500000000000000000 ) ) ;
#6190 = CARTESIAN_POINT ( 'NONE',  ( -19.45321423865399879, 11.87171007058375949, -5.971999999999974662 ) ) ;
#6191 = ORIENTED_EDGE ( 'NONE', *, *, #5355, .T. ) ;
#6192 = LINE ( 'NONE', #5593, #6484 ) ;
#6193 = CARTESIAN_POINT ( 'NONE',  ( -18.79000643506019941, -12.78204776559469913, -5.971999999999999531 ) ) ;
#6194 = CARTESIAN_POINT ( 'NONE',  ( -20.99999999999999645, -16.50000000000000000, 0.000000000000000000 ) ) ;
#6195 = CIRCLE ( 'NONE', #1501, 12.00000000000000000 ) ;
#6196 = DIRECTION ( 'NONE',  ( -1.000000000000000000, 0.000000000000000000, 0.000000000000000000 ) ) ;
#6197 = ORIENTED_EDGE ( 'NONE', *, *, #1440, .F. ) ;
#6198 = CARTESIAN_POINT ( 'NONE',  ( 15.15551155387175619, 14.74545580553286150, -4.633338121319020786 ) ) ;
#6199 = CARTESIAN_POINT ( 'NONE',  ( 20.49993929033490048, 11.95073787218299977, -7.133806220971069756 ) ) ;
#6200 = CARTESIAN_POINT ( 'NONE',  ( -18.27023426108759097, -12.05616529529611469, -5.638304039992353189 ) ) ;
#6201 = VECTOR ( 'NONE', #3901, 1000.000000000000000 ) ;
#6202 = DIRECTION ( 'NONE',  ( 0.000000000000000000, 0.000000000000000000, -1.000000000000000000 ) ) ;
#6203 = LINE ( 'NONE', #9278, #7574 ) ;
#6204 = CARTESIAN_POINT ( 'NONE',  ( 20.55346307255046767, -1.500000000000000000, 4.183880899790690222 ) ) ;
#6205 = CARTESIAN_POINT ( 'NONE',  ( 18.24381213915649624, -13.33158847671130154, -6.089234230222939637 ) ) ;
#6206 = ORIENTED_EDGE ( 'NONE', *, *, #3202, .F. ) ;
#6207 = ORIENTED_EDGE ( 'NONE', *, *, #1697, .F. ) ;
#6208 = CARTESIAN_POINT ( 'NONE',  ( -19.35400880484599639, 12.92034256838470085, -6.043136869661740462 ) ) ;
#6209 = ORIENTED_EDGE ( 'NONE', *, *, #3734, .T. ) ;
#6210 = PLANE ( 'NONE',  #7652 ) ;
#6211 = CIRCLE ( 'NONE', #4920, 12.00000000000002487 ) ;
#6212 = CARTESIAN_POINT ( 'NONE',  ( 18.20446359333397623, -13.99602074206701552, -9.606056965238543910 ) ) ;
#6213 = VECTOR ( 'NONE', #3374, 1000.000000000000000 ) ;
#6214 = ADVANCED_FACE ( 'NONE', ( #5937 ), #1366, .T. ) ;
#6215 = CARTESIAN_POINT ( 'NONE',  ( -17.99999999999999645, 13.49986223184792777, -6.269073203967477248 ) ) ;
#6216 = AXIS2_PLACEMENT_3D ( 'NONE', #6991, #6238, #9 ) ;
#6217 = DIRECTION ( 'NONE',  ( 0.000000000000000000, 2.906723457586479957E-16, -1.000000000000000000 ) ) ;
#6218 = VECTOR ( 'NONE', #3813, 1000.000000000000000 ) ;
#6219 = DIRECTION ( 'NONE',  ( -7.153498870007453638E-17, -1.000000000000000000, -0.000000000000000000 ) ) ;
#6220 = ORIENTED_EDGE ( 'NONE', *, *, #4574, .F. ) ;
#6221 = VERTEX_POINT ( 'NONE', #9061 ) ;
#6222 = EDGE_CURVE ( 'NONE', #1905, #4596, #2796, .T. ) ;
#6223 = CARTESIAN_POINT ( 'NONE',  ( 18.00000000000000000, 14.00000000000000000, -7.386213562373100672 ) ) ;
#6224 = FACE_OUTER_BOUND ( 'NONE', #8776, .T. ) ;
#6225 = ORIENTED_EDGE ( 'NONE', *, *, #9138, .T. ) ;
#6226 = LINE ( 'NONE', #7085, #2315 ) ;
#6227 = CARTESIAN_POINT ( 'NONE',  ( 19.50000000000000000, 11.87403512806227290, -5.987846091737221599 ) ) ;
#6228 = ADVANCED_FACE ( 'NONE', ( #5887 ), #5120, .F. ) ;
#6229 = VECTOR ( 'NONE', #4057, 1000.000000000000000 ) ;
#6230 = CARTESIAN_POINT ( 'NONE',  ( -19.14761575049447728, -11.99145093889883817, -5.890638648584090475 ) ) ;
#6231 = EDGE_CURVE ( 'NONE', #4165, #9652, #6696, .T. ) ;
#6232 = PLANE ( 'NONE',  #1110 ) ;
#6233 = VERTEX_POINT ( 'NONE', #4308 ) ;
#6234 = CARTESIAN_POINT ( 'NONE',  ( -20.50000000000000000, 2.500000000000000444, -7.500000000000000000 ) ) ;
#6235 = CARTESIAN_POINT ( 'NONE',  ( 18.83117536121898539, 12.34466985603406464, -5.916009069848535695 ) ) ;
#6236 = VERTEX_POINT ( 'NONE', #8196 ) ;
#6237 = CARTESIAN_POINT ( 'NONE',  ( -20.01548076751777572, -13.67826584450068950, -9.503898245739913264 ) ) ;
#6238 = DIRECTION ( 'NONE',  ( -0.000000000000000000, -0.000000000000000000, -1.000000000000000000 ) ) ;
#6239 = CARTESIAN_POINT ( 'NONE',  ( 20.00148280400221168, -13.63724067914861138, -7.552811438189345417 ) ) ;
#6240 = ORIENTED_EDGE ( 'NONE', *, *, #2811, .T. ) ;
#6241 = LINE ( 'NONE', #2341, #9443 ) ;
#6242 = EDGE_CURVE ( 'NONE', #870, #4596, #9010, .T. ) ;
#6243 = DIRECTION ( 'NONE',  ( 1.000000000000000000, 0.000000000000000000, 0.000000000000000000 ) ) ;
#6244 = EDGE_CURVE ( 'NONE', #9652, #5297, #3318, .T. ) ;
#6245 = VECTOR ( 'NONE', #6574, 1000.000000000000000 ) ;
#6246 = CARTESIAN_POINT ( 'NONE',  ( 19.50000000000000000, -11.66417469264724716, -4.844961523184135643 ) ) ;
#6247 = FACE_BOUND ( 'NONE', #1872, .T. ) ;
#6248 = ORIENTED_EDGE ( 'NONE', *, *, #3498, .T. ) ;
#6249 = CARTESIAN_POINT ( 'NONE',  ( -19.50000922609139309, 11.87404863354417195, -5.987935500866645278 ) ) ;
#6250 = AXIS2_PLACEMENT_3D ( 'NONE', #3828, #6921, #4641 ) ;
#6251 = CARTESIAN_POINT ( 'NONE',  ( -18.95752132618909158, -12.48452584330823711, -5.946782489452934861 ) ) ;
#6252 = CARTESIAN_POINT ( 'NONE',  ( -19.91421356237309226, 13.41421356237309759, -5.971999999999999531 ) ) ;
#6253 = CARTESIAN_POINT ( 'NONE',  ( 19.34164089442334600, -12.17082017597097376, -5.971999999831365535 ) ) ;
#6254 = ORIENTED_EDGE ( 'NONE', *, *, #4383, .T. ) ;
#6255 = CARTESIAN_POINT ( 'NONE',  ( 20.50000000000000000, 11.99689297225949858, -7.448936185569479562 ) ) ;
#6256 = CARTESIAN_POINT ( 'NONE',  ( -19.50000000000000000, 11.50000000000000000, -5.600000000000000533 ) ) ;
#6257 = AXIS2_PLACEMENT_3D ( 'NONE', #7060, #5492, #8615 ) ;
#6258 = DIRECTION ( 'NONE',  ( -1.000000000000000000, 0.000000000000000000, 0.000000000000000000 ) ) ;
#6259 = DIRECTION ( 'NONE',  ( 1.000000000000000000, 0.000000000000000000, 0.000000000000000000 ) ) ;
#6260 = CARTESIAN_POINT ( 'NONE',  ( 18.31283277011725730, -14.00008691079690948, -7.593888796424717036 ) ) ;
#6261 = EDGE_LOOP ( 'NONE', ( #7139, #7567, #7922, #6063, #9884, #2545, #3570 ) ) ;
#6262 = VERTEX_POINT ( 'NONE', #1263 ) ;
#6263 = CARTESIAN_POINT ( 'NONE',  ( -18.48823716833213737, 14.00000000000000000, -7.522438511785589199 ) ) ;
#6264 = ORIENTED_EDGE ( 'NONE', *, *, #8441, .F. ) ;
#6265 = FACE_OUTER_BOUND ( 'NONE', #7019, .T. ) ;
#6266 = CARTESIAN_POINT ( 'NONE',  ( 20.50000000000000000, -11.62833142352119786, -10.57864330617038284 ) ) ;
#6267 = ADVANCED_FACE ( 'NONE', ( #465 ), #4354, .F. ) ;
#6268 = CARTESIAN_POINT ( 'NONE',  ( 18.00000000000000711, -13.57975613613888477, -6.340948568710103039 ) ) ;
#6269 = CARTESIAN_POINT ( 'NONE',  ( -23.00000000000000000, -10.49999999999999822, -9.500000000000000000 ) ) ;
#6270 = DIRECTION ( 'NONE',  ( 0.000000000000000000, 2.906723457586479957E-16, -1.000000000000000000 ) ) ;
#6271 = EDGE_LOOP ( 'NONE', ( #7897, #3168, #6793, #1420 ) ) ;
#6272 = ORIENTED_EDGE ( 'NONE', *, *, #4474, .T. ) ;
#6273 = CARTESIAN_POINT ( 'NONE',  ( 18.00000000000000000, 12.11394229573167181, -5.658731294394643285 ) ) ;
#6274 = LINE ( 'NONE', #4751, #1264 ) ;
#6275 = VERTEX_POINT ( 'NONE', #9704 ) ;
#6276 = DIRECTION ( 'NONE',  ( 0.000000000000000000, 1.000000000000000000, 2.906723457586479957E-16 ) ) ;
#6277 = DIRECTION ( 'NONE',  ( 0.000000000000000000, -1.000000000000000000, -2.906723457586479957E-16 ) ) ;
#6278 = CIRCLE ( 'NONE', #1575, 3.000000000000000888 ) ;
#6279 = CARTESIAN_POINT ( 'NONE',  ( -19.33235221439676010, -11.98588871506508013, -5.944879549528029550 ) ) ;
#6280 = CARTESIAN_POINT ( 'NONE',  ( -13.12000000000000099, 13.99999999999999822, -2.986000000000068155 ) ) ;
#6281 = AXIS2_PLACEMENT_3D ( 'NONE', #5362, #9195, #1502 ) ;
#6282 = CARTESIAN_POINT ( 'NONE',  ( 15.00000000000000000, 16.50000000000000000, -11.00000000000000000 ) ) ;
#6283 = EDGE_CURVE ( 'NONE', #2549, #9829, #4630, .T. ) ;
#6284 = ORIENTED_EDGE ( 'NONE', *, *, #9908, .T. ) ;
#6285 = VECTOR ( 'NONE', #6146, 1000.000000000000000 ) ;
#6286 = LINE ( 'NONE', #4709, #13 ) ;
#6287 = CARTESIAN_POINT ( 'NONE',  ( 19.06084592773186870, 12.27382613548575563, -5.929433587549087115 ) ) ;
#6288 = ORIENTED_EDGE ( 'NONE', *, *, #8831, .T. ) ;
#6289 = CARTESIAN_POINT ( 'NONE',  ( -18.21712975358940412, -13.99734503413148801, -9.607008695094414463 ) ) ;
#6290 = LINE ( 'NONE', #8604, #3887 ) ;
#6291 = CARTESIAN_POINT ( 'NONE',  ( 20.49896982046843519, -11.90089053709038147, -7.980334573913018481 ) ) ;
#6292 = VERTEX_POINT ( 'NONE', #2138 ) ;
#6293 = DIRECTION ( 'NONE',  ( 7.153498870007452406E-17, -1.000000000000000000, 0.000000000000000000 ) ) ;
#6294 = EDGE_CURVE ( 'NONE', #5192, #9945, #4121, .T. ) ;
#6295 = CARTESIAN_POINT ( 'NONE',  ( -20.55346307255046767, -11.00000000000000000, -5.599999999999999645 ) ) ;
#6296 = AXIS2_PLACEMENT_3D ( 'NONE', #6972, #8483, #3119 ) ;
#6297 = VECTOR ( 'NONE', #112, 1000.000000000000000 ) ;
#6298 = CARTESIAN_POINT ( 'NONE',  ( -20.55346307255046767, -6.500000000000000888, -7.500000000000000000 ) ) ;
#6299 = CARTESIAN_POINT ( 'NONE',  ( -8.505000000000002558, -13.99999999999999822, -2.986000000000040178 ) ) ;
#6300 = EDGE_LOOP ( 'NONE', ( #1785, #7602, #6129, #9581 ) ) ;
#6301 = CARTESIAN_POINT ( 'NONE',  ( -19.35400880484599639, -12.92034256838470085, -6.043136869661740462 ) ) ;
#6302 = PLANE ( 'NONE',  #906 ) ;
#6303 = CARTESIAN_POINT ( 'NONE',  ( -13.78267205876515611, -15.24240647664137249, -3.131700890018049854 ) ) ;
#6304 = ORIENTED_EDGE ( 'NONE', *, *, #4857, .T. ) ;
#6305 = CARTESIAN_POINT ( 'NONE',  ( 16.71338887930936323, 16.09322370476452235, -4.290401832169256302 ) ) ;
#6306 = CARTESIAN_POINT ( 'NONE',  ( 20.49999704665820133, 11.83481652890688274, -7.429129784097446176 ) ) ;
#6307 = EDGE_CURVE ( 'NONE', #6033, #8238, #9856, .T. ) ;
#6308 = CARTESIAN_POINT ( 'NONE',  ( -18.12034825938117066, -14.00000000000000000, -8.179259166994908625 ) ) ;
#6309 = AXIS2_PLACEMENT_3D ( 'NONE', #3222, #1639, #4731 ) ;
#6310 = CARTESIAN_POINT ( 'NONE',  ( -20.25156254373706588, 12.97503679677122435, -7.441257682714689459 ) ) ;
#6311 = CARTESIAN_POINT ( 'NONE',  ( -20.50000000000000000, 14.00000000000000000, -5.971999999999999531 ) ) ;
#6312 = EDGE_CURVE ( 'NONE', #6167, #2749, #2941, .T. ) ;
#6313 = CARTESIAN_POINT ( 'NONE',  ( 18.43458378107199991, -13.82096135211660126, -6.493517186538199759 ) ) ;
#6314 = ORIENTED_EDGE ( 'NONE', *, *, #6506, .T. ) ;
#6315 = ORIENTED_EDGE ( 'NONE', *, *, #7733, .T. ) ;
#6316 = CARTESIAN_POINT ( 'NONE',  ( -18.47647433666427474, 14.00000000000000000, -7.622324726599547517 ) ) ;
#6317 = ORIENTED_EDGE ( 'NONE', *, *, #170, .F. ) ;
#6318 = B_SPLINE_CURVE_WITH_KNOTS ( 'NONE', 3,
 ( #6984, #2, #7577, #5316 ),
 .UNSPECIFIED., .F., .F.,
 ( 4, 4 ),
 ( 0.000000000000000000, 0.001719145640525037355 ),
 .UNSPECIFIED. ) ;
#6319 = CIRCLE ( 'NONE', #3067, 12.00000000000002842 ) ;
#6320 = CARTESIAN_POINT ( 'NONE',  ( 19.50000922647105384, -11.87404863312534964, -5.987935503898992984 ) ) ;
#6321 = CARTESIAN_POINT ( 'NONE',  ( 18.06642630733364996, -13.99582218266289857, -10.86339842608758310 ) ) ;
#6322 = CARTESIAN_POINT ( 'NONE',  ( 17.31999999999998963, -16.50000000000000000, -2.986000000000068155 ) ) ;
#6323 = DIRECTION ( 'NONE',  ( -1.000000000000000000, 7.153498870007452406E-17, 0.000000000000000000 ) ) ;
#6324 = EDGE_CURVE ( 'NONE', #6870, #8683, #3747, .T. ) ;
#6325 = CARTESIAN_POINT ( 'NONE',  ( 25.50000000000000000, -10.00000000000000000, 3.527999999999975156 ) ) ;
#6326 = ORIENTED_EDGE ( 'NONE', *, *, #2887, .T. ) ;
#6327 = ORIENTED_EDGE ( 'NONE', *, *, #9864, .F. ) ;
#6328 = CARTESIAN_POINT ( 'NONE',  ( 18.67617861066646512, 12.64577477334596800, -5.926499726680607871 ) ) ;
#6329 = DIRECTION ( 'NONE',  ( -7.153498870007453638E-17, -1.000000000000000000, -0.000000000000000000 ) ) ;
#6330 = VERTEX_POINT ( 'NONE', #1314 ) ;
#6331 = CARTESIAN_POINT ( 'NONE',  ( -18.50000000000000000, -12.00000000000000000, -9.500000000000000000 ) ) ;
#6332 = DIRECTION ( 'NONE',  ( -0.000000000000000000, 0.000000000000000000, -1.000000000000000000 ) ) ;
#6333 = FACE_OUTER_BOUND ( 'NONE', #7148, .T. ) ;
#6334 = ORIENTED_EDGE ( 'NONE', *, *, #3066, .F. ) ;
#6335 = CYLINDRICAL_SURFACE ( 'NONE', #3412, 1.700000000000000178 ) ;
#6336 = CARTESIAN_POINT ( 'NONE',  ( 18.67349950195815822, 12.74370777992293391, -5.949249863340306810 ) ) ;
#6337 = ORIENTED_EDGE ( 'NONE', *, *, #5135, .T. ) ;
#6338 = DIRECTION ( 'NONE',  ( 0.000000000000000000, -2.906723457586479957E-16, 1.000000000000000000 ) ) ;
#6339 = DIRECTION ( 'NONE',  ( 0.000000000000000000, 1.000000000000000000, 7.283754679713117196E-18 ) ) ;
#6340 = CARTESIAN_POINT ( 'NONE',  ( 20.51491807094268083, -12.56839275702153991, -7.879003407432545458 ) ) ;
#6341 = VERTEX_POINT ( 'NONE', #6034 ) ;
#6342 = FACE_OUTER_BOUND ( 'NONE', #498, .T. ) ;
#6343 = DIRECTION ( 'NONE',  ( -1.000000000000000000, 5.426742037195429582E-32, 4.579663590744439848E-16 ) ) ;
#6344 = EDGE_CURVE ( 'NONE', #1289, #9979, #3541, .T. ) ;
#6345 = CARTESIAN_POINT ( 'NONE',  ( 19.50000000000000000, 6.500000000000000000, 0.000000000000000000 ) ) ;
#6346 = CARTESIAN_POINT ( 'NONE',  ( -18.97350888827350701, 11.23019423841121700, -5.766008562982359642 ) ) ;
#6347 = ORIENTED_EDGE ( 'NONE', *, *, #8747, .T. ) ;
#6348 = CARTESIAN_POINT ( 'NONE',  ( 25.50000000000000000, 1.500000000000000000, 4.183880899790660024 ) ) ;
#6349 = EDGE_CURVE ( 'NONE', #8501, #1326, #5836, .T. ) ;
#6350 = CARTESIAN_POINT ( 'NONE',  ( -18.67014101722384822, -12.67114110544182282, -5.931227535010429541 ) ) ;
#6351 = CARTESIAN_POINT ( 'NONE',  ( -1.743835525034326261, 16.33067684936328945, -3.207696771407955616 ) ) ;
#6352 = CARTESIAN_POINT ( 'NONE',  ( 20.55346307255046767, 6.500000000000002665, -7.500000000000000000 ) ) ;
#6353 = ORIENTED_EDGE ( 'NONE', *, *, #7677, .F. ) ;
#6354 = CARTESIAN_POINT ( 'NONE',  ( -20.99999999999999645, 16.50000000000000000, 5.028000000000000469 ) ) ;
#6355 = CARTESIAN_POINT ( 'NONE',  ( 20.50000561253587605, 11.91585704891188691, -7.438801341546353640 ) ) ;
#6356 = ADVANCED_FACE ( 'NONE', ( #5070 ), #8146, .F. ) ;
#6357 = CARTESIAN_POINT ( 'NONE',  ( 13.91999999999998749, -15.12301053017827179, -2.986000000000068155 ) ) ;
#6358 = CARTESIAN_POINT ( 'NONE',  ( 20.50000000000000000, -14.00000000000000000, -7.500000000000000000 ) ) ;
#6359 = DIRECTION ( 'NONE',  ( 1.000000000000000000, 0.000000000000000000, 0.000000000000000000 ) ) ;
#6360 = DIRECTION ( 'NONE',  ( 0.000000000000000000, -1.000000000000000000, 1.441138904616591607E-17 ) ) ;
#6361 = EDGE_CURVE ( 'NONE', #8827, #7216, #7745, .T. ) ;
#6362 = AXIS2_PLACEMENT_3D ( 'NONE', #7842, #4658, #7741 ) ;
#6363 = ADVANCED_FACE ( 'NONE', ( #1473 ), #9210, .T. ) ;
#6364 = CARTESIAN_POINT ( 'NONE',  ( 18.79533808832389141, -14.00019174005879030, -7.147765220056115254 ) ) ;
#6365 = ORIENTED_EDGE ( 'NONE', *, *, #1381, .F. ) ;
#6366 = ORIENTED_EDGE ( 'NONE', *, *, #5998, .T. ) ;
#6367 = DIRECTION ( 'NONE',  ( 1.000000000000000000, -8.673617379884035472E-17, 0.000000000000000000 ) ) ;
#6368 = ORIENTED_EDGE ( 'NONE', *, *, #6172, .F. ) ;
#6369 = FILL_AREA_STYLE ('',( #35 ) ) ;
#6370 = CARTESIAN_POINT ( 'NONE',  ( 18.13097588862813225, -13.99647536756945776, -10.32534067215203422 ) ) ;
#6371 = EDGE_CURVE ( 'NONE', #1690, #8310, #1695, .T. ) ;
#6372 = VECTOR ( 'NONE', #6383, 1000.000000000000000 ) ;
#6373 = LINE ( 'NONE', #2468, #4628 ) ;
#6374 = FACE_BOUND ( 'NONE', #690, .T. ) ;
#6375 = DIRECTION ( 'NONE',  ( -1.000000000000000000, 0.000000000000000000, 0.000000000000000000 ) ) ;
#6376 = ORIENTED_EDGE ( 'NONE', *, *, #6422, .T. ) ;
#6377 = ORIENTED_EDGE ( 'NONE', *, *, #9958, .F. ) ;
#6378 = AXIS2_PLACEMENT_3D ( 'NONE', #9663, #2604, #1792 ) ;
#6379 = DIRECTION ( 'NONE',  ( -1.000000000000000000, -0.000000000000000000, -0.000000000000000000 ) ) ;
#6380 = CIRCLE ( 'NONE', #8943, 1.700000000000000178 ) ;
#6381 = DIRECTION ( 'NONE',  ( 0.000000000000000000, -1.000000000000000000, 0.000000000000000000 ) ) ;
#6382 = ORIENTED_EDGE ( 'NONE', *, *, #5615, .T. ) ;
#6383 = DIRECTION ( 'NONE',  ( 0.000000000000000000, -1.000000000000000000, 0.000000000000000000 ) ) ;
#6384 = CARTESIAN_POINT ( 'NONE',  ( -19.45321423865400234, -11.87171007058380034, -5.971999999999999531 ) ) ;
#6385 = ADVANCED_FACE ( 'NONE', ( #6137 ), #718, .F. ) ;
#6386 = VECTOR ( 'NONE', #1868, 1000.000000000000000 ) ;
#6387 = AXIS2_PLACEMENT_3D ( 'NONE', #2115, #5193, #9134 ) ;
#6388 = FACE_OUTER_BOUND ( 'NONE', #8175, .T. ) ;
#6389 = PLANE ( 'NONE',  #2556 ) ;
#6390 = VERTEX_POINT ( 'NONE', #4771 ) ;
#6391 = CARTESIAN_POINT ( 'NONE',  ( -23.00000000000000000, -2.500000000000000000, -9.500000000000001776 ) ) ;
#6392 = CARTESIAN_POINT ( 'NONE',  ( 18.66801407546771330, 12.84304394539094041, -5.971999999999999531 ) ) ;
#6393 = ORIENTED_EDGE ( 'NONE', *, *, #1195, .F. ) ;
#6394 = FACE_BOUND ( 'NONE', #9280, .T. ) ;
#6395 = CARTESIAN_POINT ( 'NONE',  ( -19.05093128721597395, 12.17649816463838519, -5.903594406318512178 ) ) ;
#6396 = VECTOR ( 'NONE', #8560, 1000.000000000000000 ) ;
#6397 = AXIS2_PLACEMENT_3D ( 'NONE', #9613, #4261, #5791 ) ;
#6398 = ORIENTED_EDGE ( 'NONE', *, *, #6785, .T. ) ;
#6399 = CARTESIAN_POINT ( 'NONE',  ( 19.34164089442334600, -12.17082017597097376, -5.971999999831365535 ) ) ;
#6400 = B_SPLINE_CURVE_WITH_KNOTS ( 'NONE', 3,
 ( #7718, #7771, #7025, #3068 ),
 .UNSPECIFIED., .F., .F.,
 ( 4, 4 ),
 ( 0.9726019828156798885, 1.000000000000000000 ),
 .UNSPECIFIED. ) ;
#6401 = EDGE_CURVE ( 'NONE', #7786, #8751, #7338, .T. ) ;
#6402 = CARTESIAN_POINT ( 'NONE',  ( 16.74999999999998579, 16.50000000000000000, -1.715921262283383264 ) ) ;
#6403 = CARTESIAN_POINT ( 'NONE',  ( -18.00000000000000000, 13.18392625112444705, -6.037027749704158452 ) ) ;
#6404 = ORIENTED_EDGE ( 'NONE', *, *, #4603, .T. ) ;
#6405 = DIRECTION ( 'NONE',  ( -1.000000000000000000, -0.000000000000000000, -0.000000000000000000 ) ) ;
#6406 = CARTESIAN_POINT ( 'NONE',  ( -18.66378564843848409, -12.81599379229457369, -5.965039642308110679 ) ) ;
#6407 = DIRECTION ( 'NONE',  ( 0.000000000000000000, 1.000000000000000000, 2.906723457586479957E-16 ) ) ;
#6408 = EDGE_CURVE ( 'NONE', #1730, #293, #3899, .T. ) ;
#6409 = CARTESIAN_POINT ( 'NONE',  ( -13.25000000000001243, -16.50000000000000000, -3.648363193421924056 ) ) ;
#6410 = AXIS2_PLACEMENT_3D ( 'NONE', #141, #7125, #3325 ) ;
#6411 = ORIENTED_EDGE ( 'NONE', *, *, #9138, .F. ) ;
#6412 = DIRECTION ( 'NONE',  ( -0.000000000000000000, -1.000000000000000000, -0.000000000000000000 ) ) ;
#6413 = CARTESIAN_POINT ( 'NONE',  ( 18.16008605685587440, 14.00000000000000178, -7.389825783511278168 ) ) ;
#6414 = CARTESIAN_POINT ( 'NONE',  ( -1.749999999999986011, 16.50000000000000000, -11.00000000000000178 ) ) ;
#6415 = ADVANCED_FACE ( 'NONE', ( #62 ), #6994, .F. ) ;
#6416 = VECTOR ( 'NONE', #2218, 1000.000000000000000 ) ;
#6417 = LINE ( 'NONE', #6358, #3302 ) ;
#6418 = DIRECTION ( 'NONE',  ( 1.000000000000000000, 0.000000000000000000, 0.000000000000000000 ) ) ;
#6419 = DIRECTION ( 'NONE',  ( -0.000000000000000000, 1.000000000000000000, -0.000000000000000000 ) ) ;
#6420 = CARTESIAN_POINT ( 'NONE',  ( 19.17222733695381720, -13.99887256845430450, -8.187727919057083525 ) ) ;
#6421 = VERTEX_POINT ( 'NONE', #7632 ) ;
#6422 = EDGE_CURVE ( 'NONE', #5297, #5292, #6241, .T. ) ;
#6423 = ORIENTED_EDGE ( 'NONE', *, *, #8161, .F. ) ;
#6424 = CARTESIAN_POINT ( 'NONE',  ( -20.49963298754504137, 11.94446954902278435, -7.621168021180568353 ) ) ;
#6425 = ORIENTED_EDGE ( 'NONE', *, *, #8004, .F. ) ;
#6426 = CARTESIAN_POINT ( 'NONE',  ( 1.232989586387282843, 15.24242144802720134, 0.01655775568287141605 ) ) ;
#6427 = VECTOR ( 'NONE', #3164, 1000.000000000000000 ) ;
#6428 = EDGE_CURVE ( 'NONE', #7093, #2960, #6087, .T. ) ;
#6429 = CARTESIAN_POINT ( 'NONE',  ( -20.55346307255046767, 9.500000000000000000, -9.500000000000000000 ) ) ;
#6430 = FILL_AREA_STYLE ('',( #3985 ) ) ;
#6431 = DIRECTION ( 'NONE',  ( -0.000000000000000000, 1.000000000000000000, -0.000000000000000000 ) ) ;
#6432 = ORIENTED_EDGE ( 'NONE', *, *, #4603, .F. ) ;
#6433 = EDGE_LOOP ( 'NONE', ( #7206, #3351 ) ) ;
#6434 = DIRECTION ( 'NONE',  ( 1.000000000000000000, 1.992221491941909864E-18, -4.579663590744439848E-16 ) ) ;
#6435 = CARTESIAN_POINT ( 'NONE',  ( 19.92642697192280821, 13.40190080788926785, -7.443213002083299834 ) ) ;
#6436 = VERTEX_POINT ( 'NONE', #121 ) ;
#6437 = DIRECTION ( 'NONE',  ( -0.000000000000000000, -0.000000000000000000, 1.000000000000000000 ) ) ;
#6438 = DIRECTION ( 'NONE',  ( 1.000000000000000000, 0.000000000000000000, 0.000000000000000000 ) ) ;
#6439 = EDGE_CURVE ( 'NONE', #7560, #4738, #2825, .T. ) ;
#6440 = CARTESIAN_POINT ( 'NONE',  ( -23.00000000000000355, -10.00000000000000000, 3.527999999999990255 ) ) ;
#6441 = LINE ( 'NONE', #2539, #6611 ) ;
#6442 = EDGE_LOOP ( 'NONE', ( #2142, #2488, #9565, #717 ) ) ;
#6443 = EDGE_CURVE ( 'NONE', #1823, #4269, #1573, .T. ) ;
#6444 = CARTESIAN_POINT ( 'NONE',  ( 20.50000000000000000, 11.97924543344300297, -7.421941270532193435 ) ) ;
#6445 = ORIENTED_EDGE ( 'NONE', *, *, #3536, .T. ) ;
#6446 = AXIS2_PLACEMENT_3D ( 'NONE', #7226, #5459, #895 ) ;
#6447 = CARTESIAN_POINT ( 'NONE',  ( -23.00000000000000000, -2.500000000000000444, -7.500000000000000000 ) ) ;
#6448 = EDGE_LOOP ( 'NONE', ( #1606, #9413, #343, #1389 ) ) ;
#6449 = DIRECTION ( 'NONE',  ( 1.000000000000000000, -5.426742037195429582E-32, -4.579663590744439848E-16 ) ) ;
#6450 = CARTESIAN_POINT ( 'NONE',  ( -13.79499999999999993, 15.60670553567144836, -3.089311435497979375 ) ) ;
#6451 = DIRECTION ( 'NONE',  ( -1.000000000000000000, -0.000000000000000000, -0.000000000000000000 ) ) ;
#6452 = VERTEX_POINT ( 'NONE', #5482 ) ;
#6453 = DIRECTION ( 'NONE',  ( -1.000000000000000000, 0.000000000000000000, 0.000000000000000000 ) ) ;
#6454 = EDGE_CURVE ( 'NONE', #1945, #8156, #6893, .T. ) ;
#6455 = CARTESIAN_POINT ( 'NONE',  ( -18.51348323138720176, -14.00034649460295455, -7.136773100535456216 ) ) ;
#6456 = CARTESIAN_POINT ( 'NONE',  ( 18.68805155007759922, -12.25025751426535336, -5.833530953298909694 ) ) ;
#6457 = VERTEX_POINT ( 'NONE', #3039 ) ;
#6458 = DIRECTION ( 'NONE',  ( 0.000000000000000000, 0.000000000000000000, 1.000000000000000000 ) ) ;
#6459 = CIRCLE ( 'NONE', #8203, 0.6750000000000002665 ) ;
#6460 = VECTOR ( 'NONE', #5181, 1000.000000000000000 ) ;
#6461 = CARTESIAN_POINT ( 'NONE',  ( 18.35348897001240687, 13.99999999999999822, -7.406351461973795125 ) ) ;
#6462 = CARTESIAN_POINT ( 'NONE',  ( 23.49999999999999645, -16.50000000000000000, -11.00000000000000000 ) ) ;
#6463 = FACE_OUTER_BOUND ( 'NONE', #8180, .T. ) ;
#6464 = AXIS2_PLACEMENT_3D ( 'NONE', #1141, #9031, #9778 ) ;
#6465 = VECTOR ( 'NONE', #8797, 1000.000000000000000 ) ;
#6466 = DIRECTION ( 'NONE',  ( 0.000000000000000000, 0.000000000000000000, 1.000000000000000000 ) ) ;
#6467 = CARTESIAN_POINT ( 'NONE',  ( 18.35919890493570250, -14.00000000000000000, -8.618190288294725221 ) ) ;
#6468 = VERTEX_POINT ( 'NONE', #2289 ) ;
#6469 = ORIENTED_EDGE ( 'NONE', *, *, #5469, .T. ) ;
#6470 = CARTESIAN_POINT ( 'NONE',  ( -0.9348240773533570414, 15.01370077410954984, -5.049574320621548651 ) ) ;
#6471 = EDGE_LOOP ( 'NONE', ( #1542, #5205, #9557, #965 ) ) ;
#6472 = CARTESIAN_POINT ( 'NONE',  ( 1.582401449856715159, 15.72695085960651795, -0.003721699363853310516 ) ) ;
#6473 = VECTOR ( 'NONE', #2958, 1000.000000000000000 ) ;
#6474 = EDGE_CURVE ( 'NONE', #3355, #7554, #1045, .T. ) ;
#6475 = CARTESIAN_POINT ( 'NONE',  ( -20.55346307255046767, -11.00000000000000000, -5.599999999999999645 ) ) ;
#6476 = DIRECTION ( 'NONE',  ( 1.000000000000000000, 0.000000000000000000, -0.000000000000000000 ) ) ;
#6477 = VERTEX_POINT ( 'NONE', #3200 ) ;
#6478 = CARTESIAN_POINT ( 'NONE',  ( -19.37864325152600031, 12.09105226928060972, -5.972004898209940293 ) ) ;
#6479 = EDGE_CURVE ( 'NONE', #3517, #1270, #7687, .T. ) ;
#6480 = CARTESIAN_POINT ( 'NONE',  ( -18.50000000000000000, -14.00000000000000000, -8.972000000000001307 ) ) ;
#6481 = VERTEX_POINT ( 'NONE', #7846 ) ;
#6482 = DIRECTION ( 'NONE',  ( 5.782411586589356653E-16, 1.184965211890880193E-16, 1.000000000000000000 ) ) ;
#6483 = DIRECTION ( 'NONE',  ( 0.000000000000000000, 2.906723457586479957E-16, -1.000000000000000000 ) ) ;
#6484 = VECTOR ( 'NONE', #6405, 1000.000000000000000 ) ;
#6485 = CARTESIAN_POINT ( 'NONE',  ( 11.67999999999999083, 13.99999999999999822, -2.986000000000040178 ) ) ;
#6486 = CYLINDRICAL_SURFACE ( 'NONE', #9515, 1.500000000000001332 ) ;
#6487 = VERTEX_POINT ( 'NONE', #761 ) ;
#6488 = CARTESIAN_POINT ( 'NONE',  ( 18.67082017598600885, 12.84164089441581780, -5.971999999831375305 ) ) ;
#6489 = EDGE_CURVE ( 'NONE', #7539, #8475, #12, .T. ) ;
#6490 = CARTESIAN_POINT ( 'NONE',  ( 19.82956974212509849, 13.44035484904580002, -6.454442320164659463 ) ) ;
#6491 = ORIENTED_EDGE ( 'NONE', *, *, #6669, .F. ) ;
#6492 = LINE ( 'NONE', #3349, #9714 ) ;
#6493 = VERTEX_POINT ( 'NONE', #9261 ) ;
#6494 = LINE ( 'NONE', #4967, #3957 ) ;
#6495 = VECTOR ( 'NONE', #4006, 1000.000000000000000 ) ;
#6496 = EDGE_CURVE ( 'NONE', #3492, #3898, #8607, .T. ) ;
#6497 = DIRECTION ( 'NONE',  ( -0.000000000000000000, 0.000000000000000000, -1.000000000000000000 ) ) ;
#6498 = VERTEX_POINT ( 'NONE', #1932 ) ;
#6499 = CARTESIAN_POINT ( 'NONE',  ( 19.27249614374117925, -11.87635389430679744, -5.914908773895378502 ) ) ;
#6500 = CARTESIAN_POINT ( 'NONE',  ( -18.93566961401272408, -14.00305634883969397, -7.555048377863117004 ) ) ;
#6501 = CARTESIAN_POINT ( 'NONE',  ( -19.50000000000000000, -2.500000000000000000, 0.000000000000000000 ) ) ;
#6502 = CARTESIAN_POINT ( 'NONE',  ( 0.000000000000000000, -16.50000000000000000, 5.028000000000001357 ) ) ;
#6503 = ORIENTED_EDGE ( 'NONE', *, *, #1320, .T. ) ;
#6504 = CARTESIAN_POINT ( 'NONE',  ( -23.00000000000000000, 16.50000000000000000, -9.500000000000000000 ) ) ;
#6505 = DIRECTION ( 'NONE',  ( 1.000000000000000000, -7.153498870007452406E-17, 0.000000000000000000 ) ) ;
#6506 = EDGE_CURVE ( 'NONE', #5180, #2386, #8711, .T. ) ;
#6507 = DIRECTION ( 'NONE',  ( -7.153498870007452406E-17, -1.000000000000000000, -0.000000000000000000 ) ) ;
#6508 = DIRECTION ( 'NONE',  ( 5.782411586589356653E-16, 1.184965211890880193E-16, 1.000000000000000000 ) ) ;
#6509 = CARTESIAN_POINT ( 'NONE',  ( -20.50000000000000000, -2.500000000000000000, -9.500000000000001776 ) ) ;
#6510 = VERTEX_POINT ( 'NONE', #6538 ) ;
#6511 = VECTOR ( 'NONE', #1776, 1000.000000000000000 ) ;
#6512 = VERTEX_POINT ( 'NONE', #1781 ) ;
#6513 = LINE ( 'NONE', #9573, #575 ) ;
#6514 = VERTEX_POINT ( 'NONE', #2592 ) ;
#6515 = LINE ( 'NONE', #5849, #2652 ) ;
#6516 = FACE_OUTER_BOUND ( 'NONE', #5906, .T. ) ;
#6517 = PLANE ( 'NONE',  #2881 ) ;
#6518 = CARTESIAN_POINT ( 'NONE',  ( -20.18034493142356212, -11.93583456269144705, -6.480954819123541100 ) ) ;
#6519 = CARTESIAN_POINT ( 'NONE',  ( 5.769999999999989804, -13.99999999999999822, -2.985999999999998877 ) ) ;
#6520 = ORIENTED_EDGE ( 'NONE', *, *, #5828, .T. ) ;
#6521 = CARTESIAN_POINT ( 'NONE',  ( 18.66535424041538249, -12.99999999066997525, -6.018415444729835251 ) ) ;
#6522 = ORIENTED_EDGE ( 'NONE', *, *, #247, .F. ) ;
#6523 = CARTESIAN_POINT ( 'NONE',  ( -8.504999999999999005, 33.50000000000000000, -2.986000000000040178 ) ) ;
#6524 = EDGE_CURVE ( 'NONE', #3881, #2122, #7037, .T. ) ;
#6525 = CARTESIAN_POINT ( 'NONE',  ( 20.50000000000000000, -11.98823716833210540, -7.522438511785602522 ) ) ;
#6526 = LINE ( 'NONE', #9500, #3771 ) ;
#6527 = AXIS2_PLACEMENT_3D ( 'NONE', #2677, #7280, #6438 ) ;
#6528 = EDGE_CURVE ( 'NONE', #1119, #8840, #1108, .T. ) ;
#6529 = CARTESIAN_POINT ( 'NONE',  ( 15.73768362519719233, -14.90981064907246179, -1.287432790961309248 ) ) ;
#6530 = VECTOR ( 'NONE', #1944, 1000.000000000000000 ) ;
#6531 = DIRECTION ( 'NONE',  ( -1.000000000000000000, -0.000000000000000000, 0.000000000000000000 ) ) ;
#6532 = VERTEX_POINT ( 'NONE', #5779 ) ;
#6533 = CARTESIAN_POINT ( 'NONE',  ( -20.50000000000000000, 10.00000000000000000, 3.527999999999990255 ) ) ;
#6534 = CARTESIAN_POINT ( 'NONE',  ( 19.34581756244975637, 12.16246684135020217, -5.971999999999999531 ) ) ;
#6535 = VERTEX_POINT ( 'NONE', #5016 ) ;
#6536 = FACE_BOUND ( 'NONE', #7192, .T. ) ;
#6537 = EDGE_CURVE ( 'NONE', #8683, #7263, #9463, .T. ) ;
#6538 = CARTESIAN_POINT ( 'NONE',  ( -19.50000000000000000, 10.50000000000000178, -5.599999999999999645 ) ) ;
#6539 = VECTOR ( 'NONE', #8402, 1000.000000000000000 ) ;
#6540 = AXIS2_PLACEMENT_3D ( 'NONE', #3217, #7863, #186 ) ;
#6541 = EDGE_CURVE ( 'NONE', #9533, #6233, #3124, .T. ) ;
#6542 = CARTESIAN_POINT ( 'NONE',  ( -13.79500000000000171, 15.60670553567148744, -2.986000000000068155 ) ) ;
#6543 = CARTESIAN_POINT ( 'NONE',  ( -18.79533808832388431, 14.00019174005875833, -7.147765220056132129 ) ) ;
#6544 = ORIENTED_EDGE ( 'NONE', *, *, #8863, .T. ) ;
#6545 = CARTESIAN_POINT ( 'NONE',  ( 20.49996645701416398, -11.80821344340072798, -7.691233134532965643 ) ) ;
#6546 = AXIS2_PLACEMENT_3D ( 'NONE', #7163, #368, #3313 ) ;
#6547 = CARTESIAN_POINT ( 'NONE',  ( -20.50061554115513118, -12.59643882677799809, -7.458122696207550639 ) ) ;
#6548 = CARTESIAN_POINT ( 'NONE',  ( 18.95232259081617343, -12.17972301133976742, -5.880134061591498096 ) ) ;
#6549 = CARTESIAN_POINT ( 'NONE',  ( -18.00000000000000000, 13.00000000000000000, 1.500000000000000000 ) ) ;
#6550 = ORIENTED_EDGE ( 'NONE', *, *, #9949, .F. ) ;
#6551 = DIRECTION ( 'NONE',  ( 0.000000000000000000, 1.000000000000000000, 2.906723457586479957E-16 ) ) ;
#6552 = DIRECTION ( 'NONE',  ( -1.000000000000000000, 0.000000000000000000, 0.000000000000000000 ) ) ;
#6553 = CIRCLE ( 'NONE', #2185, 12.00000000000000000 ) ;
#6554 = DIRECTION ( 'NONE',  ( 0.000000000000000000, 0.000000000000000000, -1.000000000000000000 ) ) ;
#6555 = VERTEX_POINT ( 'NONE', #4153 ) ;
#6556 = DIRECTION ( 'NONE',  ( -1.000000000000000000, 0.000000000000000000, 0.000000000000000000 ) ) ;
#6557 = VECTOR ( 'NONE', #7018, 1000.000000000000000 ) ;
#6558 = LINE ( 'NONE', #5076, #1586 ) ;
#6559 = CARTESIAN_POINT ( 'NONE',  ( 20.50000000000000000, -2.500000000000000000, 0.000000000000000000 ) ) ;
#6560 = ORIENTED_EDGE ( 'NONE', *, *, #6439, .T. ) ;
#6561 = ORIENTED_EDGE ( 'NONE', *, *, #4175, .F. ) ;
#6562 = DIRECTION ( 'NONE',  ( 0.000000000000000000, -1.000000000000000000, -0.000000000000000000 ) ) ;
#6563 = ORIENTED_EDGE ( 'NONE', *, *, #3413, .F. ) ;
#6564 = DIRECTION ( 'NONE',  ( -1.000000000000000000, 0.000000000000000000, 0.000000000000000000 ) ) ;
#6565 = MECHANICAL_DESIGN_GEOMETRIC_PRESENTATION_REPRESENTATION (  '', ( #8664 ), #9936 ) ;
#6566 = FACE_OUTER_BOUND ( 'NONE', #9618, .T. ) ;
#6567 = LINE ( 'NONE', #1182, #1591 ) ;
#6568 = CARTESIAN_POINT ( 'NONE',  ( -19.50000000000000000, -2.500000000000000000, -4.000000000000000000 ) ) ;
#6569 = EDGE_LOOP ( 'NONE', ( #9449, #8073, #5056, #4439 ) ) ;
#6570 = EDGE_CURVE ( 'NONE', #9079, #749, #316, .T. ) ;
#6571 = DIRECTION ( 'NONE',  ( 1.000000000000000000, 0.000000000000000000, 0.000000000000000000 ) ) ;
#6572 = EDGE_CURVE ( 'NONE', #2309, #9935, #3352, .T. ) ;
#6573 = VECTOR ( 'NONE', #832, 1000.000000000000000 ) ;
#6574 = DIRECTION ( 'NONE',  ( 0.000000000000000000, 0.000000000000000000, 1.000000000000000000 ) ) ;
#6575 = ORIENTED_EDGE ( 'NONE', *, *, #1523, .T. ) ;
#6576 = DIRECTION ( 'NONE',  ( -7.153498870007452406E-17, -1.000000000000000000, -0.000000000000000000 ) ) ;
#6577 = CARTESIAN_POINT ( 'NONE',  ( 20.01742955470354701, -13.66770135236545514, -9.079314465117500177 ) ) ;
#6578 = FACE_OUTER_BOUND ( 'NONE', #1173, .T. ) ;
#6579 = CARTESIAN_POINT ( 'NONE',  ( -18.00000000000000000, -13.49986223184804146, -6.269073203967578500 ) ) ;
#6580 = CARTESIAN_POINT ( 'NONE',  ( 1.225049603040824220, 15.24246090729697656, 0.01531597890148980387 ) ) ;
#6581 = ORIENTED_EDGE ( 'NONE', *, *, #1192, .F. ) ;
#6582 = DIRECTION ( 'NONE',  ( 1.000000000000000000, -0.000000000000000000, -0.000000000000000000 ) ) ;
#6583 = DIRECTION ( 'NONE',  ( 0.000000000000000000, 0.000000000000000000, 1.000000000000000000 ) ) ;
#6584 = ORIENTED_EDGE ( 'NONE', *, *, #9548, .T. ) ;
#6585 = DIRECTION ( 'NONE',  ( 0.000000000000000000, 0.000000000000000000, 1.000000000000000000 ) ) ;
#6586 = LINE ( 'NONE', #9649, #2667 ) ;
#6587 = EDGE_CURVE ( 'NONE', #7829, #1730, #3932, .T. ) ;
#6588 = CARTESIAN_POINT ( 'NONE',  ( -19.50061831307035831, 11.60347465164818459, -5.976087684110308551 ) ) ;
#6589 = ORIENTED_EDGE ( 'NONE', *, *, #2196, .F. ) ;
#6590 = CARTESIAN_POINT ( 'NONE',  ( 19.04784176676900032, -12.17885771937481998, -5.903749590020919591 ) ) ;
#6591 = CARTESIAN_POINT ( 'NONE',  ( -18.43266830619350571, -13.99945427100034934, -7.720948671044992828 ) ) ;
#6592 = CARTESIAN_POINT ( 'NONE',  ( -23.00000000000000000, -5.500000000000000000, 2.943364503850800062 ) ) ;
#6593 = EDGE_CURVE ( 'NONE', #2436, #1499, #3441, .T. ) ;
#6594 = CARTESIAN_POINT ( 'NONE',  ( 18.68160187612810574, -12.44753097291301280, -5.880447086111039390 ) ) ;
#6595 = EDGE_LOOP ( 'NONE', ( #6411, #8846, #8667 ) ) ;
#6596 = CARTESIAN_POINT ( 'NONE',  ( 18.27033005537095889, 14.00000000000000533, -7.398677953182159150 ) ) ;
#6597 = AXIS2_PLACEMENT_3D ( 'NONE', #3233, #3333, #7929 ) ;
#6598 = LINE ( 'NONE', #7392, #706 ) ;
#6599 = ORIENTED_EDGE ( 'NONE', *, *, #4723, .T. ) ;
#6600 = DIRECTION ( 'NONE',  ( -7.153498870007452406E-17, -1.000000000000000000, -0.000000000000000000 ) ) ;
#6601 = VECTOR ( 'NONE', #2876, 1000.000000000000000 ) ;
#6602 = LINE ( 'NONE', #1035, #5471 ) ;
#6603 = FACE_OUTER_BOUND ( 'NONE', #1401, .T. ) ;
#6604 = EDGE_LOOP ( 'NONE', ( #3950, #7523, #5878, #6805 ) ) ;
#6605 = ORIENTED_EDGE ( 'NONE', *, *, #3065, .F. ) ;
#6606 = CARTESIAN_POINT ( 'NONE',  ( 25.50000000000000000, 16.50000000000000000, 5.028000000000000469 ) ) ;
#6607 = ORIENTED_EDGE ( 'NONE', *, *, #9713, .T. ) ;
#6608 = FACE_OUTER_BOUND ( 'NONE', #8632, .T. ) ;
#6609 = EDGE_CURVE ( 'NONE', #1702, #5723, #2546, .T. ) ;
#6610 = AXIS2_PLACEMENT_3D ( 'NONE', #2767, #7413, #488 ) ;
#6611 = VECTOR ( 'NONE', #209, 1000.000000000000000 ) ;
#6612 = EDGE_CURVE ( 'NONE', #9726, #8330, #7996, .T. ) ;
#6613 = DIRECTION ( 'NONE',  ( -0.000000000000000000, -1.000000000000000000, -0.000000000000000000 ) ) ;
#6614 = FACE_BOUND ( 'NONE', #4358, .T. ) ;
#6615 = CARTESIAN_POINT ( 'NONE',  ( -19.50000000000000000, -6.500000000000000000, 0.000000000000000000 ) ) ;
#6616 = ORIENTED_EDGE ( 'NONE', *, *, #9067, .F. ) ;
#6617 = CARTESIAN_POINT ( 'NONE',  ( -20.55346307255046767, -10.50000000000000000, -9.500000000000000000 ) ) ;
#6618 = DIRECTION ( 'NONE',  ( 0.000000000000000000, 1.000000000000000000, 2.906723457586479957E-16 ) ) ;
#6619 = ORIENTED_EDGE ( 'NONE', *, *, #2793, .F. ) ;
#6620 = VECTOR ( 'NONE', #680, 1000.000000000000114 ) ;
#6621 = CARTESIAN_POINT ( 'NONE',  ( 20.54767490791516593, -12.51438779979861238, -8.842936957488641170 ) ) ;
#6622 = CARTESIAN_POINT ( 'NONE',  ( -20.55346307255046767, -11.00000000000000000, -5.599999999999999645 ) ) ;
#6623 = EDGE_CURVE ( 'NONE', #7518, #9245, #7762, .T. ) ;
#6624 = CARTESIAN_POINT ( 'NONE',  ( 20.50000000000000000, -5.957245370484149540E-15, -7.721999999999999531 ) ) ;
#6625 = LINE ( 'NONE', #497, #9327 ) ;
#6626 = ORIENTED_EDGE ( 'NONE', *, *, #7773, .F. ) ;
#6627 = PLANE ( 'NONE',  #8108 ) ;
#6628 = CARTESIAN_POINT ( 'NONE',  ( 25.50000000000000000, 6.500000000000000000, -9.500000000000000000 ) ) ;
#6629 = ORIENTED_EDGE ( 'NONE', *, *, #2971, .F. ) ;
#6630 = CARTESIAN_POINT ( 'NONE',  ( 20.55346307255046767, -9.499999999999998224, -7.500000000000000000 ) ) ;
#6631 = DIRECTION ( 'NONE',  ( 1.000000000000000000, 0.000000000000000000, -0.000000000000000000 ) ) ;
#6632 = VECTOR ( 'NONE', #2447, 1000.000000000000000 ) ;
#6633 = DIRECTION ( 'NONE',  ( 0.000000000000000000, 2.906723457586479957E-16, -1.000000000000000000 ) ) ;
#6634 = CARTESIAN_POINT ( 'NONE',  ( -19.50000922609139309, 11.87404863354417195, -5.987935500866645278 ) ) ;
#6635 = AXIS2_PLACEMENT_3D ( 'NONE', #5527, #4655, #4002 ) ;
#6636 = CARTESIAN_POINT ( 'NONE',  ( -18.61210951790379653, 13.80238642397210036, -6.470554027830959676 ) ) ;
#6637 = ORIENTED_EDGE ( 'NONE', *, *, #3143, .F. ) ;
#6638 = B_SPLINE_CURVE_WITH_KNOTS ( 'NONE', 3,
 ( #3496, #4059, #2735, #7903, #5637, #8712, #4871, #4155, #8043, #7948, #357, #1179, #5085, #8162 ),
 .UNSPECIFIED., .F., .F.,
 ( 4, 2, 2, 2, 2, 2, 4 ),
 ( 0.001722725447505796779, 0.001937456916690496675, 0.002152188385875196570, 0.002366919855059896466, 0.002581651324244596361, 0.003011114262613994418, 0.003440577200983392040 ),
 .UNSPECIFIED. ) ;
#6639 = CARTESIAN_POINT ( 'NONE',  ( -23.00000000000000000, -9.499999999999998224, -7.500000000000000000 ) ) ;
#6640 = CARTESIAN_POINT ( 'NONE',  ( -18.47610859596452926, -13.99996796524777132, -7.448307000663065836 ) ) ;
#6641 = CARTESIAN_POINT ( 'NONE',  ( 16.70640158402958875, 16.09910699702034975, -1.678235305321050364 ) ) ;
#6642 = DIRECTION ( 'NONE',  ( 0.000000000000000000, 0.000000000000000000, -1.000000000000000000 ) ) ;
#6643 = ORIENTED_EDGE ( 'NONE', *, *, #1136, .F. ) ;
#6644 = CARTESIAN_POINT ( 'NONE',  ( 1.665334536937730077E-15, 16.50000000000000000, -11.00000000000000000 ) ) ;
#6645 = ADVANCED_FACE ( 'NONE', ( #4823, #1156, #168 ), #7196, .F. ) ;
#6646 = LINE ( 'NONE', #2094, #2968 ) ;
#6647 = ADVANCED_FACE ( 'NONE', ( #6342 ), #7243, .T. ) ;
#6648 = CARTESIAN_POINT ( 'NONE',  ( 19.50000000000000000, -11.50000000000000000, -5.600000000000000533 ) ) ;
#6649 = ORIENTED_EDGE ( 'NONE', *, *, #3515, .T. ) ;
#6650 = DIRECTION ( 'NONE',  ( 0.000000000000000000, -1.000000000000000000, -2.906723457586479957E-16 ) ) ;
#6651 = DIRECTION ( 'NONE',  ( -1.000000000000000000, 0.000000000000000000, 0.000000000000000000 ) ) ;
#6652 = CARTESIAN_POINT ( 'NONE',  ( -20.50000000000000000, 9.185353341053369647, -2.778495045355449991E-17 ) ) ;
#6653 = VERTEX_POINT ( 'NONE', #3400 ) ;
#6654 = ORIENTED_EDGE ( 'NONE', *, *, #8404, .T. ) ;
#6655 = LINE ( 'NONE', #9716, #7349 ) ;
#6656 = ORIENTED_EDGE ( 'NONE', *, *, #111, .T. ) ;
#6657 = FACE_OUTER_BOUND ( 'NONE', #7195, .T. ) ;
#6658 = EDGE_CURVE ( 'NONE', #9303, #7467, #6494, .T. ) ;
#6659 = EDGE_CURVE ( 'NONE', #367, #1289, #5354, .T. ) ;
#6660 = EDGE_CURVE ( 'NONE', #9492, #5082, #7288, .T. ) ;
#6661 = DIRECTION ( 'NONE',  ( -0.000000000000000000, -0.000000000000000000, -1.000000000000000000 ) ) ;
#6662 = DIRECTION ( 'NONE',  ( 0.000000000000000000, 1.000000000000000000, 0.000000000000000000 ) ) ;
#6663 = LINE ( 'NONE', #5089, #8044 ) ;
#6664 = ORIENTED_EDGE ( 'NONE', *, *, #1228, .F. ) ;
#6665 = CARTESIAN_POINT ( 'NONE',  ( 19.50000000000000000, -11.50000000000000000, 1.500000000000000000 ) ) ;
#6666 = CARTESIAN_POINT ( 'NONE',  ( -19.11591333032388107, 12.17699551657841717, -5.919562822225673315 ) ) ;
#6667 = ORIENTED_EDGE ( 'NONE', *, *, #3390, .F. ) ;
#6668 = CARTESIAN_POINT ( 'NONE',  ( 18.89382709072200228, -14.01791513646054632, -8.136219997183291142 ) ) ;
#6669 = EDGE_CURVE ( 'NONE', #8924, #8648, #6586, .T. ) ;
#6670 = ORIENTED_EDGE ( 'NONE', *, *, #6587, .F. ) ;
#6671 = CARTESIAN_POINT ( 'NONE',  ( -23.00000000000000000, -6.500000000000000000, -9.500000000000001776 ) ) ;
#6672 = AXIS2_PLACEMENT_3D ( 'NONE', #2589, #4917, #3398 ) ;
#6673 = CARTESIAN_POINT ( 'NONE',  ( 14.69225269145727708, -14.77498766703951460, -1.557875921853152601 ) ) ;
#6674 = CARTESIAN_POINT ( 'NONE',  ( -18.56638397633485482, 12.89385899495742116, -5.971999999999997755 ) ) ;
#6675 = ORIENTED_EDGE ( 'NONE', *, *, #6770, .F. ) ;
#6676 = DIRECTION ( 'NONE',  ( 1.000000000000000000, 0.000000000000000000, 0.000000000000000000 ) ) ;
#6677 = AXIS2_PLACEMENT_3D ( 'NONE', #2878, #8949, #5975 ) ;
#6678 = LINE ( 'NONE', #1302, #7728 ) ;
#6679 = ORIENTED_EDGE ( 'NONE', *, *, #6231, .T. ) ;
#6680 = DIRECTION ( 'NONE',  ( -1.000000000000000000, 0.000000000000000000, 0.000000000000000000 ) ) ;
#6681 = CARTESIAN_POINT ( 'NONE',  ( -1.749999999999986233, -16.50000000000000000, -2.985999999999998877 ) ) ;
#6682 = CARTESIAN_POINT ( 'NONE',  ( -19.31484057163511991, 12.08577638769860485, -5.953323256878443104 ) ) ;
#6683 = VECTOR ( 'NONE', #5175, 1000.000000000000000 ) ;
#6684 = CARTESIAN_POINT ( 'NONE',  ( -19.50000000000000000, 11.50000000000000000, 1.500000000000000000 ) ) ;
#6685 = CARTESIAN_POINT ( 'NONE',  ( -18.67617861066656459, 12.64577477334596800, -5.926499726680613200 ) ) ;
#6686 = EDGE_CURVE ( 'NONE', #7971, #9969, #5745, .T. ) ;
#6687 = EDGE_LOOP ( 'NONE', ( #5164, #7914, #5774, #536, #8757, #475, #4533, #4468 ) ) ;
#6688 = DIRECTION ( 'NONE',  ( -1.000000000000000000, 0.000000000000000000, -0.000000000000000000 ) ) ;
#6689 = CARTESIAN_POINT ( 'NONE',  ( -18.29203697504612691, -13.99810369256161913, -8.982624307548372045 ) ) ;
#6690 = CARTESIAN_POINT ( 'NONE',  ( -3.270000000000003570, -16.50000000000000000, -2.985999999999998877 ) ) ;
#6691 = AXIS2_PLACEMENT_3D ( 'NONE', #9012, #1315, #7391 ) ;
#6692 = EDGE_CURVE ( 'NONE', #9740, #6804, #8481, .T. ) ;
#6693 = VECTOR ( 'NONE', #6633, 1000.000000000000000 ) ;
#6694 = CARTESIAN_POINT ( 'NONE',  ( 18.76957860126966082, -12.68215792469713143, -5.950347696479442838 ) ) ;
#6695 = EDGE_LOOP ( 'NONE', ( #6607, #3326 ) ) ;
#6696 = LINE ( 'NONE', #7536, #4426 ) ;
#6697 = CARTESIAN_POINT ( 'NONE',  ( -19.50000000000000000, -14.00000000000000000, 0.000000000000000000 ) ) ;
#6698 = CIRCLE ( 'NONE', #9582, 1.249999999999987121 ) ;
#6699 = CARTESIAN_POINT ( 'NONE',  ( 15.61999999999998856, -16.50000000000000000, -2.986000000000068155 ) ) ;
#6700 = ORIENTED_EDGE ( 'NONE', *, *, #7851, .F. ) ;
#6701 = CARTESIAN_POINT ( 'NONE',  ( -20.55346307255046767, 6.500000000000000000, 2.365120500916039425 ) ) ;
#6702 = CARTESIAN_POINT ( 'NONE',  ( 20.50000000000000000, 14.00000000000000000, 5.028000000000000469 ) ) ;
#6703 = CARTESIAN_POINT ( 'NONE',  ( 16.74999999999998934, -16.39697432625437301, -4.256078737716752158 ) ) ;
#6704 = ORIENTED_EDGE ( 'NONE', *, *, #5015, .T. ) ;
#6705 = ORIENTED_EDGE ( 'NONE', *, *, #8709, .T. ) ;
#6706 = DIRECTION ( 'NONE',  ( 0.000000000000000000, 1.000000000000000000, 0.000000000000000000 ) ) ;
#6707 = ORIENTED_EDGE ( 'NONE', *, *, #3673, .F. ) ;
#6708 = LINE ( 'NONE', #9718, #881 ) ;
#6709 = VECTOR ( 'NONE', #1742, 1000.000000000000000 ) ;
#6710 = ADVANCED_FACE ( 'NONE', ( #1305 ), #3546, .T. ) ;
#6711 = DIRECTION ( 'NONE',  ( -1.000000000000000000, 0.000000000000000000, 0.000000000000000000 ) ) ;
#6712 = CARTESIAN_POINT ( 'NONE',  ( 18.49260188961780216, -12.93075003831589953, -5.971999999999999531 ) ) ;
#6713 = VERTEX_POINT ( 'NONE', #3637 ) ;
#6714 = DIRECTION ( 'NONE',  ( 0.000000000000000000, -2.906723457586479957E-16, 1.000000000000000000 ) ) ;
#6715 = CARTESIAN_POINT ( 'NONE',  ( -19.12044887278498351, 12.17232623103079092, -5.919383979445242083 ) ) ;
#6716 = ORIENTED_EDGE ( 'NONE', *, *, #514, .T. ) ;
#6717 = CARTESIAN_POINT ( 'NONE',  ( -20.49979331523666204, -12.22224615319767516, -7.774334622771941206 ) ) ;
#6718 = CARTESIAN_POINT ( 'NONE',  ( 18.88189051021533871, -14.02219566482110302, -8.303617467406409602 ) ) ;
#6719 = EDGE_CURVE ( 'NONE', #9284, #9776, #2079, .T. ) ;
#6720 = ORIENTED_EDGE ( 'NONE', *, *, #2647, .F. ) ;
#6721 = AXIS2_PLACEMENT_3D ( 'NONE', #3244, #7835, #2431 ) ;
#6722 = DIRECTION ( 'NONE',  ( 1.000000000000000000, 1.992221491941909864E-18, -4.579663590744439848E-16 ) ) ;
#6723 = CARTESIAN_POINT ( 'NONE',  ( 20.50000000000000000, 2.500000000000000000, 4.014694594305530551 ) ) ;
#6724 = PRESENTATION_LAYER_ASSIGNMENT (  '', '', ( #8664 ) ) ;
#6725 = CARTESIAN_POINT ( 'NONE',  ( -1.749999999999995115, 16.50000000000000000, -2.985999999999998877 ) ) ;
#6726 = ORIENTED_EDGE ( 'NONE', *, *, #8177, .T. ) ;
#6727 = ORIENTED_EDGE ( 'NONE', *, *, #1005, .T. ) ;
#6728 = CARTESIAN_POINT ( 'NONE',  ( 25.49999999999999645, -10.49999999999999822, -9.500000000000000000 ) ) ;
#6729 = CARTESIAN_POINT ( 'NONE',  ( 20.49981786076174828, 11.95401695912312867, -7.721789653625019234 ) ) ;
#6730 = EDGE_LOOP ( 'NONE', ( #8558, #8645, #6563 ) ) ;
#6731 = DIRECTION ( 'NONE',  ( 1.000000000000000000, 0.000000000000000000, 0.000000000000000000 ) ) ;
#6732 = LINE ( 'NONE', #2734, #7501 ) ;
#6733 = EDGE_CURVE ( 'NONE', #2699, #2757, #6732, .T. ) ;
#6734 = DIRECTION ( 'NONE',  ( 0.000000000000000000, 0.000000000000000000, -1.000000000000000000 ) ) ;
#6735 = CARTESIAN_POINT ( 'NONE',  ( -19.34164078633386552, -12.17082039325444320, -5.971999999961432160 ) ) ;
#6736 = CARTESIAN_POINT ( 'NONE',  ( -19.49774944084210304, 12.17831634797604679, -5.973240603821365013 ) ) ;
#6737 = ORIENTED_EDGE ( 'NONE', *, *, #3126, .F. ) ;
#6738 = CARTESIAN_POINT ( 'NONE',  ( 1.749999999999988010, 16.50000000000000000, -11.00000000000000000 ) ) ;
#6739 = CIRCLE ( 'NONE', #8337, 0.6750000000000002665 ) ;
#6740 = CARTESIAN_POINT ( 'NONE',  ( -18.92247148789520494, -14.00779612856644718, -7.740243375249428404 ) ) ;
#6741 = CARTESIAN_POINT ( 'NONE',  ( 9.619999999999990337, 16.50000000000000000, -2.986000000000001986 ) ) ;
#6742 = CLOSED_SHELL ( 'NONE', ( #6415, #66, #8766, #9516, #1983, #1724, #2834, #7266, #9298, #9088, #3677, #4156, #7635, #8759, #4345, #5220, #5991, #9664, #3366, #9370, #6104, #2353, #4512, #7024, #6951, #37, #2291, #2053, #1459, #2997, #7961, #9632, #9974, #7232, #6356, #1134, #9165, #6918, #4994, #6077, #100, #4226, #1524, #8173, #6228, #6647, #1719, #2923, #6267, #2461, #358, #7513, #8688, #1509, #3626, #840, #4107, #6645, #1572, #1505, #5691, #2154, #689, #7818, #2363, #9050, #9363, #8536, #4432, #2871, #422, #6101, #9614, #4820, #4497, #4547, #4704, #5798, #5486, #3204, #6214, #554, #3839, #8188, #1601, #5414, #7320, #2512, #1283, #5301, #1404, #4058, #248, #2607, #4249, #1744, #4363, #9810, #4251, #1804, #7576, #7210, #5561, #5571, #8805, #7699, #4154, #2003, #3789, #5880, #92, #678, #8522, #7421, #7598, #7660, #4420, #1409, #4735, #4688, #5307, #1205, #1396, #4227, #6161, #5483, #3257, #5850, #4199, #2327, #407, #4957, #829, #7569, #7390, #3332, #9848, #6385, #7053, #5004, #9174, #1660, #3263, #4665, #3011, #3510, #3697, #9148, #9772, #1843, #8067, #5762, #9593, #7241, #784, #3329, #1017, #4049, #2644, #6007, #2747, #6895, #2586, #9562, #8988, #4868, #2932, #1243, #7256, #4632, #4777, #2163, #9822, #4806, #2392, #5240, #9235, #7344, #3989, #7279, #7268, #4872, #2481, #6835, #2670, #4991, #9798, #8909, #8270, #4071, #7688, #5111, #5430, #1123, #8882, #6710, #9792, #8537, #5787, #4300, #4194, #3613, #5604, #2594, #8937, #4880, #802, #4483, #6363, #3878, #199, #1890, #2773, #3508, #9188, #3914, #1921 ) ) ;
#6743 = CARTESIAN_POINT ( 'NONE',  ( 18.66677396500635311, -12.74801626978873870, -5.949173015020567945 ) ) ;
#6744 = VERTEX_POINT ( 'NONE', #8336 ) ;
#6745 = CARTESIAN_POINT ( 'NONE',  ( -19.39528725204346316, 12.16935224403965421, -5.984462182501768091 ) ) ;
#6746 = DIRECTION ( 'NONE',  ( -7.153498870007452406E-17, -1.000000000000000000, -0.000000000000000000 ) ) ;
#6747 = FACE_OUTER_BOUND ( 'NONE', #6111, .T. ) ;
#6748 = EDGE_LOOP ( 'NONE', ( #2340, #5667, #6654, #1964 ) ) ;
#6749 = CARTESIAN_POINT ( 'NONE',  ( -22.99999999999999645, -16.49999999999999645, 5.028000000000000469 ) ) ;
#6750 = CARTESIAN_POINT ( 'NONE',  ( -18.85663103995387502, -12.21734171861528928, -5.886425069473798288 ) ) ;
#6751 = CARTESIAN_POINT ( 'NONE',  ( 16.74999999999998579, -16.50000000000000000, -4.256078737716749494 ) ) ;
#6752 = ORIENTED_EDGE ( 'NONE', *, *, #9777, .F. ) ;
#6753 = DIRECTION ( 'NONE',  ( 1.000000000000000000, 1.992221491941909864E-18, -4.579663590744439848E-16 ) ) ;
#6754 = DIRECTION ( 'NONE',  ( -1.000000000000000000, 0.000000000000000000, 0.000000000000000000 ) ) ;
#6755 = ORIENTED_EDGE ( 'NONE', *, *, #9062, .F. ) ;
#6756 = PLANE ( 'NONE',  #2171 ) ;
#6757 = VECTOR ( 'NONE', #1969, 1000.000000000000000 ) ;
#6758 = AXIS2_PLACEMENT_3D ( 'NONE', #2047, #9532, #8774 ) ;
#6759 = FACE_OUTER_BOUND ( 'NONE', #2977, .T. ) ;
#6760 = CARTESIAN_POINT ( 'NONE',  ( 18.69987115007035072, -11.77971002201733874, -5.725310238707653987 ) ) ;
#6761 = ORIENTED_EDGE ( 'NONE', *, *, #9067, .T. ) ;
#6762 = ORIENTED_EDGE ( 'NONE', *, *, #4119, .F. ) ;
#6763 = CARTESIAN_POINT ( 'NONE',  ( -19.99496128742569923, 13.63726731231949962, -7.448437760353909809 ) ) ;
#6764 = ORIENTED_EDGE ( 'NONE', *, *, #3633, .F. ) ;
#6765 = CARTESIAN_POINT ( 'NONE',  ( -20.50039368526352135, -12.57099836692735906, -7.158931613449349918 ) ) ;
#6766 = CARTESIAN_POINT ( 'NONE',  ( 20.00970646410358000, -13.65294909697528070, -8.340021464375000804 ) ) ;
#6767 = ORIENTED_EDGE ( 'NONE', *, *, #1298, .T. ) ;
#6768 = CYLINDRICAL_SURFACE ( 'NONE', #4264, 12.00000000000000000 ) ;
#6769 = VECTOR ( 'NONE', #2576, 1000.000000000000000 ) ;
#6770 = EDGE_CURVE ( 'NONE', #573, #4851, #3150, .T. ) ;
#6771 = DIRECTION ( 'NONE',  ( -7.153498870007452406E-17, -1.000000000000000000, -0.000000000000000000 ) ) ;
#6772 = AXIS2_PLACEMENT_3D ( 'NONE', #6311, #6418, #5549 ) ;
#6773 = DIRECTION ( 'NONE',  ( 0.000000000000000000, 2.906723457586479957E-16, -1.000000000000000000 ) ) ;
#6774 = EDGE_LOOP ( 'NONE', ( #7945, #4291, #9698 ) ) ;
#6775 = ORIENTED_EDGE ( 'NONE', *, *, #4351, .T. ) ;
#6776 = VECTOR ( 'NONE', #3031, 1000.000000000000000 ) ;
#6777 = CARTESIAN_POINT ( 'NONE',  ( 25.50000000000000000, -14.49999999999998934, -11.00000000000000000 ) ) ;
#6778 = CARTESIAN_POINT ( 'NONE',  ( 19.50000000000000000, 2.500000000000000000, 0.000000000000000000 ) ) ;
#6779 = ORIENTED_EDGE ( 'NONE', *, *, #269, .T. ) ;
#6780 = CARTESIAN_POINT ( 'NONE',  ( 0.000000000000000000, -16.50000000000000000, -1.485999999999999543 ) ) ;
#6781 = CARTESIAN_POINT ( 'NONE',  ( 19.42005418527622851, 11.98404930493547838, -5.972007990380250320 ) ) ;
#6782 = EDGE_CURVE ( 'NONE', #4925, #1326, #4343, .T. ) ;
#6783 = VECTOR ( 'NONE', #8151, 1000.000000000000000 ) ;
#6784 = CARTESIAN_POINT ( 'NONE',  ( -20.50000561495492946, 11.91581515124172874, -7.438793765805973734 ) ) ;
#6785 = EDGE_CURVE ( 'NONE', #7554, #4965, #1202, .T. ) ;
#6786 = CARTESIAN_POINT ( 'NONE',  ( -18.00000000000000000, 14.00000000000000000, -7.478535518673660398 ) ) ;
#6787 = ORIENTED_EDGE ( 'NONE', *, *, #7142, .T. ) ;
#6788 = CARTESIAN_POINT ( 'NONE',  ( 25.50000000000000000, -14.00000000000000533, -11.00000000000000000 ) ) ;
#6789 = EDGE_CURVE ( 'NONE', #42, #8840, #1355, .T. ) ;
#6790 = AXIS2_PLACEMENT_3D ( 'NONE', #622, #724, #2947 ) ;
#6791 = CARTESIAN_POINT ( 'NONE',  ( -18.43860145038581067, -13.99973926281127845, -7.851592158136260657 ) ) ;
#6792 = CARTESIAN_POINT ( 'NONE',  ( 18.74925684682482441, -12.58221504412666114, -5.928695392958885257 ) ) ;
#6793 = ORIENTED_EDGE ( 'NONE', *, *, #3377, .F. ) ;
#6794 = DIRECTION ( 'NONE',  ( -0.000000000000000000, -0.000000000000000000, 1.000000000000000000 ) ) ;
#6795 = EDGE_CURVE ( 'NONE', #8875, #7555, #409, .T. ) ;
#6796 = PLANE ( 'NONE',  #7332 ) ;
#6797 = AXIS2_PLACEMENT_3D ( 'NONE', #8752, #6582, #3436 ) ;
#6798 = CARTESIAN_POINT ( 'NONE',  ( 19.91366097911397759, -13.41367403801326752, -7.443206410670352824 ) ) ;
#6799 = EDGE_LOOP ( 'NONE', ( #8034, #5009, #6877, #6670, #4579 ) ) ;
#6800 = ADVANCED_FACE ( 'NONE', ( #4446 ), #2930, .F. ) ;
#6801 = DIRECTION ( 'NONE',  ( -1.000000000000000000, 0.000000000000000000, 0.000000000000000000 ) ) ;
#6802 = CARTESIAN_POINT ( 'NONE',  ( -19.01177816701192924, -12.26094721249819308, -5.919218795987413628 ) ) ;
#6803 = CARTESIAN_POINT ( 'NONE',  ( 16.70640158402959230, -16.09910699702032488, -4.293764694679091498 ) ) ;
#6804 = VERTEX_POINT ( 'NONE', #606 ) ;
#6805 = ORIENTED_EDGE ( 'NONE', *, *, #4371, .T. ) ;
#6806 = CARTESIAN_POINT ( 'NONE',  ( 25.50000000000000000, 10.00000000000000000, 3.527999999999969827 ) ) ;
#6807 = ORIENTED_EDGE ( 'NONE', *, *, #3758, .F. ) ;
#6808 = DIRECTION ( 'NONE',  ( 1.000000000000000000, -0.000000000000000000, -0.000000000000000000 ) ) ;
#6809 = EDGE_CURVE ( 'NONE', #3072, #8475, #9917, .T. ) ;
#6810 = CARTESIAN_POINT ( 'NONE',  ( -18.25186706703483708, -12.94691895462928599, -5.953233016432949221 ) ) ;
#6811 = CARTESIAN_POINT ( 'NONE',  ( 19.50000000000000000, -5.500000000000000000, 0.000000000000000000 ) ) ;
#6812 = DIRECTION ( 'NONE',  ( -0.000000000000000000, 1.000000000000000000, -0.000000000000000000 ) ) ;
#6813 = CARTESIAN_POINT ( 'NONE',  ( 18.51342060957995628, -12.31709363620097442, -5.786682914810694633 ) ) ;
#6814 = ORIENTED_EDGE ( 'NONE', *, *, #8709, .F. ) ;
#6815 = ORIENTED_EDGE ( 'NONE', *, *, #7704, .T. ) ;
#6816 = CARTESIAN_POINT ( 'NONE',  ( -19.31461363523770913, 12.16635692445338712, -5.965047322826377396 ) ) ;
#6817 = ORIENTED_EDGE ( 'NONE', *, *, #2382, .T. ) ;
#6818 = CARTESIAN_POINT ( 'NONE',  ( -20.50000000000000000, -11.75578477054290083, -7.397187067963979956 ) ) ;
#6819 = CARTESIAN_POINT ( 'NONE',  ( 20.50000000000000000, -11.71681303157649623, -9.827285711432484305 ) ) ;
#6820 = ORIENTED_EDGE ( 'NONE', *, *, #410, .F. ) ;
#6821 = DIRECTION ( 'NONE',  ( -7.153498870007452406E-17, -1.000000000000000000, -0.000000000000000000 ) ) ;
#6822 = CARTESIAN_POINT ( 'NONE',  ( 25.50000000000000000, -6.500000000000000000, 2.365120500916029656 ) ) ;
#6823 = EDGE_CURVE ( 'NONE', #3779, #1466, #3494, .T. ) ;
#6824 = EDGE_LOOP ( 'NONE', ( #9833, #7451, #253, #5304 ) ) ;
#6825 = VERTEX_POINT ( 'NONE', #3131 ) ;
#6826 = FACE_OUTER_BOUND ( 'NONE', #3323, .T. ) ;
#6827 = DIRECTION ( 'NONE',  ( 0.000000000000000000, 7.283754679713117196E-18, -1.000000000000000000 ) ) ;
#6828 = ORIENTED_EDGE ( 'NONE', *, *, #7048, .T. ) ;
#6829 = DIRECTION ( 'NONE',  ( 1.000000000000000000, 0.000000000000000000, 0.000000000000000000 ) ) ;
#6830 = CARTESIAN_POINT ( 'NONE',  ( 25.50000000000000000, -2.500000000000000000, -9.500000000000000000 ) ) ;
#6831 = FACE_OUTER_BOUND ( 'NONE', #6947, .T. ) ;
#6832 = EDGE_CURVE ( 'NONE', #4407, #5647, #7401, .T. ) ;
#6833 = VECTOR ( 'NONE', #7568, 1000.000000000000000 ) ;
#6834 = DIRECTION ( 'NONE',  ( 0.000000000000000000, 0.000000000000000000, 1.000000000000000000 ) ) ;
#6835 = ADVANCED_FACE ( 'NONE', ( #1463 ), #3735, .F. ) ;
#6836 = ORIENTED_EDGE ( 'NONE', *, *, #290, .T. ) ;
#6837 = DIRECTION ( 'NONE',  ( 0.000000000000000000, 0.000000000000000000, 1.000000000000000000 ) ) ;
#6838 = CARTESIAN_POINT ( 'NONE',  ( -13.25000000000001421, -16.50000000000000000, 5.028000000000001357 ) ) ;
#6839 = CARTESIAN_POINT ( 'NONE',  ( -18.36564499138273021, -13.99844495830865831, -8.274518587301818329 ) ) ;
#6840 = CARTESIAN_POINT ( 'NONE',  ( 19.50000000000000000, -5.500000000000000000, 0.000000000000000000 ) ) ;
#6841 = CARTESIAN_POINT ( 'NONE',  ( 19.24806872779694800, -12.16669207824708643, -5.949172079354030807 ) ) ;
#6842 = ORIENTED_EDGE ( 'NONE', *, *, #9314, .T. ) ;
#6843 = DIRECTION ( 'NONE',  ( 0.000000000000000000, -1.000000000000000000, -2.906723457586479957E-16 ) ) ;
#6844 = B_SPLINE_CURVE_WITH_KNOTS ( 'NONE', 3,
 ( #6409, #980, #1788, #2399, #7115, #9471, #7004, #3157, #7061, #6303, #178, #7858 ),
 .UNSPECIFIED., .F., .F.,
 ( 4, 2, 2, 2, 2, 4 ),
 ( 0.000000000000000000, 0.0004306813618764496828, 0.0008613627237528993655, 0.001292044085629349102, 0.001507384766567572941, 0.001722725447505796779 ),
 .UNSPECIFIED. ) ;
#6845 = EDGE_CURVE ( 'NONE', #3720, #8527, #6075, .T. ) ;
#6846 = CYLINDRICAL_SURFACE ( 'NONE', #871, 12.00000000000000000 ) ;
#6847 = CIRCLE ( 'NONE', #2637, 1.249999999999987121 ) ;
#6848 = CARTESIAN_POINT ( 'NONE',  ( -17.99999999999999645, -13.35100470500502112, -6.136392863783322937 ) ) ;
#6849 = LINE ( 'NONE', #9213, #3540 ) ;
#6850 = ORIENTED_EDGE ( 'NONE', *, *, #1167, .T. ) ;
#6851 = VECTOR ( 'NONE', #8133, 1000.000000000000000 ) ;
#6852 = CARTESIAN_POINT ( 'NONE',  ( 19.89130019515604175, 13.43681290194077960, -7.443184567424041553 ) ) ;
#6853 = VECTOR ( 'NONE', #7065, 1000.000000000000000 ) ;
#6854 = CARTESIAN_POINT ( 'NONE',  ( -18.68035791118151678, -12.45082931276379590, -5.880273250005101815 ) ) ;
#6855 = LINE ( 'NONE', #5279, #2846 ) ;
#6856 = ORIENTED_EDGE ( 'NONE', *, *, #2907, .F. ) ;
#6857 = DIRECTION ( 'NONE',  ( -0.000000000000000000, -0.000000000000000000, 1.000000000000000000 ) ) ;
#6858 = VERTEX_POINT ( 'NONE', #4496 ) ;
#6859 = DIRECTION ( 'NONE',  ( 1.000000000000000000, -5.426742037195429582E-32, -4.579663590744439848E-16 ) ) ;
#6860 = VECTOR ( 'NONE', #2845, 1000.000000000000000 ) ;
#6861 = CARTESIAN_POINT ( 'NONE',  ( -18.00000000000000000, -13.83424441322330090, -6.506461368959409519 ) ) ;
#6862 = AXIS2_PLACEMENT_3D ( 'NONE', #1437, #4524, #2954 ) ;
#6863 = CARTESIAN_POINT ( 'NONE',  ( -18.03794751672670316, 14.00000000000001066, -7.386213562373099784 ) ) ;
#6864 = EDGE_CURVE ( 'NONE', #9133, #9229, #2643, .T. ) ;
#6865 = CARTESIAN_POINT ( 'NONE',  ( 18.00000000000000000, -12.10519445736329658, -5.655638466479137705 ) ) ;
#6866 = VERTEX_POINT ( 'NONE', #4598 ) ;
#6867 = CIRCLE ( 'NONE', #4768, 3.000000000000000888 ) ;
#6868 = VERTEX_POINT ( 'NONE', #5365 ) ;
#6869 = CARTESIAN_POINT ( 'NONE',  ( -18.77139834408067287, 12.69062326419694742, -5.952194425352124618 ) ) ;
#6870 = VERTEX_POINT ( 'NONE', #6830 ) ;
#6871 = CARTESIAN_POINT ( 'NONE',  ( -19.79743918134510139, -11.86286469206380190, -6.080745192580230274 ) ) ;
#6872 = CARTESIAN_POINT ( 'NONE',  ( 18.17812650035579480, -13.99562447215403260, -9.823589891206422564 ) ) ;
#6873 = ORIENTED_EDGE ( 'NONE', *, *, #762, .T. ) ;
#6874 = FACE_OUTER_BOUND ( 'NONE', #3012, .T. ) ;
#6875 = LINE ( 'NONE', #5303, #1248 ) ;
#6876 = ORIENTED_EDGE ( 'NONE', *, *, #3048, .F. ) ;
#6877 = ORIENTED_EDGE ( 'NONE', *, *, #1949, .T. ) ;
#6878 = CARTESIAN_POINT ( 'NONE',  ( 18.00000000000000000, 14.00000000000000000, -7.570857474974220125 ) ) ;
#6879 = DIRECTION ( 'NONE',  ( -1.000000000000000000, 8.673617379884035472E-17, 0.000000000000000000 ) ) ;
#6880 = AXIS2_PLACEMENT_3D ( 'NONE', #4365, #3520, #2854 ) ;
#6881 = ORIENTED_EDGE ( 'NONE', *, *, #3536, .F. ) ;
#6882 = CARTESIAN_POINT ( 'NONE',  ( -20.50000000000000000, 10.50000000000000178, -9.500000000000000000 ) ) ;
#6883 = PLANE ( 'NONE',  #4748 ) ;
#6884 = CARTESIAN_POINT ( 'NONE',  ( -19.00375511329909983, -12.09525470481526810, -5.870787652249211064 ) ) ;
#6885 = AXIS2_PLACEMENT_3D ( 'NONE', #1806, #3120, #4323 ) ;
#6886 = CARTESIAN_POINT ( 'NONE',  ( -19.23461893874172191, 13.99959734587661764, -7.754067213682754200 ) ) ;
#6887 = ORIENTED_EDGE ( 'NONE', *, *, #6524, .F. ) ;
#6888 = CARTESIAN_POINT ( 'NONE',  ( 20.50000000000000000, -5.500000000000000000, 0.000000000000000000 ) ) ;
#6889 = DIRECTION ( 'NONE',  ( -1.000000000000000000, 0.000000000000000000, 0.000000000000000000 ) ) ;
#6890 = CARTESIAN_POINT ( 'NONE',  ( -18.44941982382820811, -14.00000000000000000, -7.852063020671653071 ) ) ;
#6891 = CARTESIAN_POINT ( 'NONE',  ( 18.65096815758363036, -13.21714012831842844, -6.058862357610865779 ) ) ;
#6892 = ORIENTED_EDGE ( 'NONE', *, *, #8404, .F. ) ;
#6893 = LINE ( 'NONE', #6943, #4928 ) ;
#6894 = DIRECTION ( 'NONE',  ( 0.000000000000000000, 0.000000000000000000, 1.000000000000000000 ) ) ;
#6895 = ADVANCED_FACE ( 'NONE', ( #3939 ), #9147, .F. ) ;
#6896 = DIRECTION ( 'NONE',  ( 0.000000000000000000, -1.000000000000000000, 0.000000000000000000 ) ) ;
#6897 = ORIENTED_EDGE ( 'NONE', *, *, #1933, .T. ) ;
#6898 = DIRECTION ( 'NONE',  ( 0.000000000000000000, 2.906723457586479957E-16, -1.000000000000000000 ) ) ;
#6899 = EDGE_CURVE ( 'NONE', #5216, #6870, #1408, .T. ) ;
#6900 = CARTESIAN_POINT ( 'NONE',  ( -18.67554510710114712, -12.57628242931205165, -5.909510105895750876 ) ) ;
#6901 = CARTESIAN_POINT ( 'NONE',  ( 13.95787185008154019, -15.09170413457011861, -3.393636594262633199 ) ) ;
#6902 = DIRECTION ( 'NONE',  ( -1.000000000000000000, -0.000000000000000000, 0.000000000000000000 ) ) ;
#6903 = LINE ( 'NONE', #3051, #9125 ) ;
#6904 = ORIENTED_EDGE ( 'NONE', *, *, #6931, .T. ) ;
#6905 = CARTESIAN_POINT ( 'NONE',  ( 14.69281598750204765, 14.77488467374334746, -4.414492550753290168 ) ) ;
#6906 = B_SPLINE_SURFACE_WITH_KNOTS ( 'NONE', 3, 3, ( 
 ( #5834, #4974, #1261, #4306, #417, #8767, #5738, #4212, #365, #6456, #8812 ),
 ( #8005, #7294, #9523, #2697, #8910, #7203, #3451, #9564, #7341, #2646, #1891 ),
 ( #6548, #5788, #8859, #5023, #8094, #9702, #4259, #6594, #9657, #2741, #1985 ),
 ( #5068, #281, #8144, #4932, #1212, #7387, #463, #3555, #2794, #5885, #5694 ),
 ( #8958, #3359, #4557, #9059, #1471, #3745, #6792, #7437, #8448, #2987, #9008 ),
 ( #6841, #9904, #4400, #9854, #4508, #568, #6694, #4455, #3647, #7484, #6743 ),
 ( #2287, #2236, #6084, #3037, #8292, #6135, #9156, #1364, #9755, #9208, #5323 ),
 ( #2939, #2890, #3796, #663, #8399, #7630, #6032, #5215, #716, #6891, #7534 ),
 ( #5935, #9107, #615, #9955, #1312, #3698, #9805, #2187, #5373, #4352, #511 ),
 ( #5986, #1419, #3596, #2136, #5268, #8347, #7585, #2841, #2089, #5169, #8243 ),
 ( #5585, #6941, #60, #812, #3954, #3897, #2491, #7049, #4714, #4821, #8557 ),
 ( #345, #3090, #8660, #6525, #1623, #6239, #6992, #7793, #7844, #8605, #4769 ),
 ( #2675, #4660, #5426, #3145, #9358, #1519, #5480, #6184, #2389, #5532, #7101 ),
 ( #8504, #1673, #916, #1570, #7743, #9309, #9587, #7278, #1733, #7900, #1095 ),
 ( #9259, #863, #4007, #5769, #6340, #9407, #119, #3429, #3198, #4192, #166 ),
 ( #6291, #4609, #7684, #3252, #2339, #2439, #759, #3847, #10, #7366, #3578 ),
 ( #593, #3623, #4237, #2721, #8889, #3672, #6668, #5194, #8221, #7416, #7509 ),
 ( #2865, #3532, #8936, #8117, #1291, #6766, #6718, #9783, #5046, #9832, #2012 ),
 ( #2066, #4380, #2917, #8842, #444, #7317, #9685, #1190, #4330, #491, #7461 ),
 ( #5963, #2770, #9638, #5860, #1145, #1238, #538, #1918, #5094, #1965, #8985 ),
 ( #4285, #5145, #8174, #9731, #6621, #2821, #5911, #8266, #9035, #2116, #1340 ),
 ( #4431, #5003, #8078, #396, #3481, #6577, #5817, #9184, #4482, #7559, #4584 ),
 ( #5455, #2965, #6113, #2216, #3824, #7022, #2362, #6969, #7770, #8373, #3064 ),
 ( #6062, #9135, #3017, #2264, #6160, #6917, #8532, #2313, #3724, #36, #1394 ),
 ( #5296, #8422, #1449, #3115, #1493, #5351, #9286, #7664, #9984, #7607, #6212 ),
 ( #2165, #642, #8479, #6819, #5401, #9234, #1546, #1599, #4687, #4639, #6872 ),
 ( #839, #7715, #9934, #788, #3924, #91, #9084, #4535, #6012, #688, #9878 ),
 ( #5246, #740, #8325, #3772, #3873, #8582, #4798, #4847, #9386, #6370, #1706 ),
 ( #7926, #3172, #890, #6266, #7817, #4740, #1756, #2523, #5557, #9334, #1647 ),
 ( #8687, #2417, #5510, #3980, #2466, #7875, #7075, #144, #3229, #6321, #3278 ),
 ( #8637, #942, #4033, #7129, #196, #9437, #5612, #7590, #3043, #4564, #7691 ),
 ( #1426, #722, #6946, #1476, #3960, #6997, #669, #6091, #2242, #7055, #14 ) ),
 .UNSPECIFIED., .F., .F., .F.,
 ( 4, 3, 3, 1, 3, 3, 3, 3, 3, 3, 3, 4 ),
 ( 4, 3, 1, 3, 4 ),
 ( -0.3036419599920404666, -0.1499999999999999944, 0.000000000000000000, 0.5714285714285709528, 1.000000000000000000, 1.149999999999999911, 1.344999999999999973, 1.592296293998806123, 1.876687032097433150, 2.203736380910854109, 2.579843132046288456, 3.012365895852037845 ),
 ( -0.4374648059596754623, -0.4366749960777499551, -0.3919898542432090349, -0.3584759978673039971, -0.3576940078851995608 ),
 .UNSPECIFIED. ) ;
#6907 = CARTESIAN_POINT ( 'NONE',  ( -18.49534545885866521, -12.84661789498682793, -5.946572059384314102 ) ) ;
#6908 = CARTESIAN_POINT ( 'NONE',  ( -18.36396728733944528, 14.00000000000000355, -7.407452665298012384 ) ) ;
#6909 = EDGE_CURVE ( 'NONE', #201, #8047, #7674, .T. ) ;
#6910 = CARTESIAN_POINT ( 'NONE',  ( 18.69513573209534485, -11.95281002286784222, -5.765521897807974305 ) ) ;
#6911 = ORIENTED_EDGE ( 'NONE', *, *, #2028, .T. ) ;
#6912 = EDGE_CURVE ( 'NONE', #636, #6858, #6553, .T. ) ;
#6913 = ORIENTED_EDGE ( 'NONE', *, *, #2022, .F. ) ;
#6914 = CARTESIAN_POINT ( 'NONE',  ( -18.67245420507372344, 12.78191790045561405, -5.958126191090120649 ) ) ;
#6915 = ORIENTED_EDGE ( 'NONE', *, *, #8132, .T. ) ;
#6916 = CARTESIAN_POINT ( 'NONE',  ( 20.50000000000000000, 12.00000000000000000, -7.422552296971640651 ) ) ;
#6917 = CARTESIAN_POINT ( 'NONE',  ( 20.02187033179853159, -13.67618389921480571, -9.504407940544437494 ) ) ;
#6918 = ADVANCED_FACE ( 'NONE', ( #4546 ), #6883, .F. ) ;
#6919 = CIRCLE ( 'NONE', #935, 12.00000000000000000 ) ;
#6920 = DIRECTION ( 'NONE',  ( -7.153498870007452406E-17, -1.000000000000000000, 0.000000000000000000 ) ) ;
#6921 = DIRECTION ( 'NONE',  ( -0.000000000000000000, -0.000000000000000000, -1.000000000000000000 ) ) ;
#6922 = CYLINDRICAL_SURFACE ( 'NONE', #2560, 1.500000000000001332 ) ;
#6923 = VERTEX_POINT ( 'NONE', #9347 ) ;
#6924 = ORIENTED_EDGE ( 'NONE', *, *, #1674, .F. ) ;
#6925 = CARTESIAN_POINT ( 'NONE',  ( 18.00000000000000000, 12.82591604972656540, -5.910452029132956753 ) ) ;
#6926 = DIRECTION ( 'NONE',  ( -1.000000000000000000, 0.000000000000000000, 0.000000000000000000 ) ) ;
#6927 = ORIENTED_EDGE ( 'NONE', *, *, #7891, .F. ) ;
#6928 = AXIS2_PLACEMENT_3D ( 'NONE', #3025, #3883, #4595 ) ;
#6929 = LINE ( 'NONE', #206, #9416 ) ;
#6930 = CARTESIAN_POINT ( 'NONE',  ( -23.00000000000000000, -10.50000000000000178, -5.599999999999999645 ) ) ;
#6931 = EDGE_CURVE ( 'NONE', #241, #377, #3028, .T. ) ;
#6932 = CARTESIAN_POINT ( 'NONE',  ( -19.23998398244561869, -11.98866982698195827, -5.917759099056060457 ) ) ;
#6933 = CIRCLE ( 'NONE', #9814, 2.000000000000001776 ) ;
#6934 = VECTOR ( 'NONE', #1666, 1000.000000000000000 ) ;
#6935 = DIRECTION ( 'NONE',  ( 0.000000000000000000, 0.000000000000000000, 1.000000000000000000 ) ) ;
#6936 = EDGE_LOOP ( 'NONE', ( #4667, #3668, #2795, #8384, #670, #479, #9534, #6060, #9381 ) ) ;
#6937 = DIRECTION ( 'NONE',  ( -0.000000000000000000, 0.000000000000000000, 1.000000000000000000 ) ) ;
#6938 = CARTESIAN_POINT ( 'NONE',  ( 20.50000000000000000, -14.00000000000000000, -5.971999999999999531 ) ) ;
#6939 = CARTESIAN_POINT ( 'NONE',  ( -20.01123815871491374, -13.66978898579101731, -9.078911125690643402 ) ) ;
#6940 = CARTESIAN_POINT ( 'NONE',  ( 20.50000000000000000, -5.957245370484149540E-15, -7.721999999999999531 ) ) ;
#6941 = CARTESIAN_POINT ( 'NONE',  ( 20.50000000000000000, -11.97903788777743372, -7.421935160267800313 ) ) ;
#6942 = VERTEX_POINT ( 'NONE', #751 ) ;
#6943 = CARTESIAN_POINT ( 'NONE',  ( 19.50000000000000000, -11.50000000000000000, -5.600000000000000533 ) ) ;
#6944 = DIRECTION ( 'NONE',  ( 5.782411586589356653E-16, 1.184965211890880193E-16, 1.000000000000000000 ) ) ;
#6945 = DIRECTION ( 'NONE',  ( 0.000000000000000000, 0.000000000000000000, 1.000000000000000000 ) ) ;
#6946 = CARTESIAN_POINT ( 'NONE',  ( 20.49753202600485835, -11.51179763208073759, -11.44082723442192417 ) ) ;
#6947 = EDGE_LOOP ( 'NONE', ( #5412, #5247, #4975, #4531, #1564 ) ) ;
#6948 = CARTESIAN_POINT ( 'NONE',  ( -20.50000000000000000, 11.99625217924800147, -7.422111238351120299 ) ) ;
#6949 = FACE_OUTER_BOUND ( 'NONE', #5317, .T. ) ;
#6950 = DIRECTION ( 'NONE',  ( 5.782411586589356653E-16, 1.184965211890880193E-16, 1.000000000000000000 ) ) ;
#6951 = ADVANCED_FACE ( 'NONE', ( #3836 ), #3079, .F. ) ;
#6952 = CARTESIAN_POINT ( 'NONE',  ( -18.00000000000000355, 14.00000000000000000, -7.386213562373100672 ) ) ;
#6953 = DIRECTION ( 'NONE',  ( 0.000000000000000000, 0.000000000000000000, -1.000000000000000000 ) ) ;
#6954 = ORIENTED_EDGE ( 'NONE', *, *, #476, .T. ) ;
#6955 = CARTESIAN_POINT ( 'NONE',  ( 20.50000000000000000, 11.77774138617019872, -7.127252164735660145 ) ) ;
#6956 = AXIS2_PLACEMENT_3D ( 'NONE', #2086, #2839, #4348 ) ;
#6957 = EDGE_CURVE ( 'NONE', #5337, #4353, #3886, .T. ) ;
#6958 = CARTESIAN_POINT ( 'NONE',  ( -18.25241432825045607, -12.92037843194392899, -5.943849524649423621 ) ) ;
#6959 = CYLINDRICAL_SURFACE ( 'NONE', #1342, 0.6750000000000020428 ) ;
#6960 = DIRECTION ( 'NONE',  ( 0.7071067811865491270, 0.7071067811865460184, -0.000000000000000000 ) ) ;
#6961 = AXIS2_PLACEMENT_3D ( 'NONE', #9952, #6937, #3843 ) ;
#6962 = CARTESIAN_POINT ( 'NONE',  ( 18.21904495642319688, -13.83424441322330090, -6.506461368959409519 ) ) ;
#6963 = EDGE_LOOP ( 'NONE', ( #3129, #3153 ) ) ;
#6964 = EDGE_CURVE ( 'NONE', #6236, #8018, #2428, .T. ) ;
#6965 = ORIENTED_EDGE ( 'NONE', *, *, #4574, .T. ) ;
#6966 = CARTESIAN_POINT ( 'NONE',  ( -20.50052430350708121, 12.00315585800165685, -7.136572960409240274 ) ) ;
#6967 = ORIENTED_EDGE ( 'NONE', *, *, #9438, .F. ) ;
#6968 = CARTESIAN_POINT ( 'NONE',  ( -9.180000000000003268, -13.99999999999999822, -2.986000000000040178 ) ) ;
#6969 = CARTESIAN_POINT ( 'NONE',  ( 18.29375356031976096, -14.00000000000000000, -9.173931281225570444 ) ) ;
#6970 = EDGE_CURVE ( 'NONE', #2195, #8837, #5521, .T. ) ;
#6971 = CARTESIAN_POINT ( 'NONE',  ( 18.00000000000000711, -13.65062380612760684, -6.418796487271203333 ) ) ;
#6972 = CARTESIAN_POINT ( 'NONE',  ( -17.99999999999999645, -13.50000000000000000, -21.50000000000000000 ) ) ;
#6973 = CYLINDRICAL_SURFACE ( 'NONE', #8974, 1.700000000000000178 ) ;
#6974 = CARTESIAN_POINT ( 'NONE',  ( 1.249999999999993117, -13.99999999999999822, -2.985999999999998877 ) ) ;
#6975 = ORIENTED_EDGE ( 'NONE', *, *, #269, .F. ) ;
#6976 = EDGE_LOOP ( 'NONE', ( #360, #6097, #2013, #3513 ) ) ;
#6977 = CARTESIAN_POINT ( 'NONE',  ( 18.00000000000000000, 12.91295802486328270, -5.941226014566478142 ) ) ;
#6978 = EDGE_CURVE ( 'NONE', #2145, #6555, #9397, .T. ) ;
#6979 = LINE ( 'NONE', #9093, #9809 ) ;
#6980 = ORIENTED_EDGE ( 'NONE', *, *, #1452, .T. ) ;
#6981 = CARTESIAN_POINT ( 'NONE',  ( -19.69615175488607761, 13.60448187341659576, -7.442536800784780304 ) ) ;
#6982 = CARTESIAN_POINT ( 'NONE',  ( 20.50000000000000000, -12.00000000000000000, -8.972000000000001307 ) ) ;
#6983 = CARTESIAN_POINT ( 'NONE',  ( -19.38523519975099774, -12.08363156674760042, -5.971999999999999531 ) ) ;
#6984 = CARTESIAN_POINT ( 'NONE',  ( -19.45321423865399879, 11.87171007058375949, -5.971999999999974662 ) ) ;
#6985 = ORIENTED_EDGE ( 'NONE', *, *, #4892, .F. ) ;
#6986 = CARTESIAN_POINT ( 'NONE',  ( -20.50000000000000000, -10.00000000000000000, 1.028000000000015790 ) ) ;
#6987 = EDGE_CURVE ( 'NONE', #5291, #7845, #7936, .T. ) ;
#6988 = DIRECTION ( 'NONE',  ( 0.000000000000000000, -2.906723457586479957E-16, 1.000000000000000000 ) ) ;
#6989 = ORIENTED_EDGE ( 'NONE', *, *, #9650, .T. ) ;
#6990 = FACE_BOUND ( 'NONE', #1151, .T. ) ;
#6991 = CARTESIAN_POINT ( 'NONE',  ( 1.665334536937730077E-15, 16.50000000000000000, 5.028000000000001357 ) ) ;
#6992 = CARTESIAN_POINT ( 'NONE',  ( 18.93654456771115591, -14.00259639658848521, -7.537154161007942221 ) ) ;
#6993 = ORIENTED_EDGE ( 'NONE', *, *, #5722, .T. ) ;
#6994 = CYLINDRICAL_SURFACE ( 'NONE', #7194, 1.700000000000000178 ) ;
#6995 = CARTESIAN_POINT ( 'NONE',  ( 20.50000000000000000, 1.499999999999999778, -9.500000000000000000 ) ) ;
#6996 = VECTOR ( 'NONE', #7228, 1000.000000000000000 ) ;
#6997 = CARTESIAN_POINT ( 'NONE',  ( 20.04423971367565116, -13.71891275628309970, -11.64571746405986374 ) ) ;
#6998 = ORIENTED_EDGE ( 'NONE', *, *, #1709, .F. ) ;
#6999 = CARTESIAN_POINT ( 'NONE',  ( -20.40854629326705094, 11.96807775582278133, -6.808408927041248226 ) ) ;
#7000 = EDGE_CURVE ( 'NONE', #61, #1466, #3994, .T. ) ;
#7001 = CARTESIAN_POINT ( 'NONE',  ( -19.12557854320430550, -12.29293183059603578, -5.943272985612225945 ) ) ;
#7002 = DIRECTION ( 'NONE',  ( -1.000000000000000000, 5.426742037195429582E-32, 4.579663590744439848E-16 ) ) ;
#7003 = VECTOR ( 'NONE', #3386, 1000.000000000000000 ) ;
#7004 = CARTESIAN_POINT ( 'NONE',  ( -13.60495734214415897, -15.43814592533637153, -3.470788251013926295 ) ) ;
#7005 = CARTESIAN_POINT ( 'NONE',  ( 19.37885706989341017, -12.09055328362887671, -5.972006113909583469 ) ) ;
#7006 = ORIENTED_EDGE ( 'NONE', *, *, #5100, .T. ) ;
#7007 = CARTESIAN_POINT ( 'NONE',  ( 13.91999999999998749, 15.12301053017826824, -3.087466848335344238 ) ) ;
#7008 = CARTESIAN_POINT ( 'NONE',  ( 20.50000000000000000, 12.03360809047969937, -7.137163111788890291 ) ) ;
#7009 = CARTESIAN_POINT ( 'NONE',  ( -18.25801731679043272, -12.64865034267509714, -5.847779137369000679 ) ) ;
#7010 = VECTOR ( 'NONE', #6293, 1000.000000000000000 ) ;
#7011 = AXIS2_PLACEMENT_3D ( 'NONE', #3561, #1168, #7212 ) ;
#7012 = DIRECTION ( 'NONE',  ( -0.000000000000000000, -0.000000000000000000, 1.000000000000000000 ) ) ;
#7013 = DIRECTION ( 'NONE',  ( -7.153498870007453638E-17, -1.000000000000000000, -0.000000000000000000 ) ) ;
#7014 = CARTESIAN_POINT ( 'NONE',  ( 20.55346307255046767, -11.00000000000000000, -7.500000000000000000 ) ) ;
#7015 = CARTESIAN_POINT ( 'NONE',  ( 18.50000000000000000, -14.00000000000000000, -7.422552296971621111 ) ) ;
#7016 = ORIENTED_EDGE ( 'NONE', *, *, #6524, .T. ) ;
#7017 = ORIENTED_EDGE ( 'NONE', *, *, #9735, .T. ) ;
#7018 = DIRECTION ( 'NONE',  ( 0.000000000000000000, -1.000000000000000000, 0.000000000000000000 ) ) ;
#7019 = EDGE_LOOP ( 'NONE', ( #464, #3227, #6887, #5871, #586, #6377, #2024 ) ) ;
#7020 = LINE ( 'NONE', #4638, #545 ) ;
#7021 = VECTOR ( 'NONE', #8892, 1000.000000000000000 ) ;
#7022 = CARTESIAN_POINT ( 'NONE',  ( 20.01949503242214234, -13.67164672299306005, -9.277032360664911437 ) ) ;
#7023 = VECTOR ( 'NONE', #2616, 1000.000000000000000 ) ;
#7024 = ADVANCED_FACE ( 'NONE', ( #2480 ), #9452, .F. ) ;
#7025 = CARTESIAN_POINT ( 'NONE',  ( 19.46884597428422481, 11.87245172646634295, -5.977031270634140192 ) ) ;
#7026 = CARTESIAN_POINT ( 'NONE',  ( -19.17574803249731019, 12.44536920638259758, -5.972092596512847962 ) ) ;
#7027 = CIRCLE ( 'NONE', #398, 12.00000000000000000 ) ;
#7028 = CARTESIAN_POINT ( 'NONE',  ( -23.00000000000000000, -5.499999999999997335, -7.500000000000000000 ) ) ;
#7029 = ORIENTED_EDGE ( 'NONE', *, *, #3812, .T. ) ;
#7030 = ORIENTED_EDGE ( 'NONE', *, *, #6152, .T. ) ;
#7031 = CARTESIAN_POINT ( 'NONE',  ( 18.15619865236658015, 14.00000000000000000, -7.570857474974220125 ) ) ;
#7032 = EDGE_CURVE ( 'NONE', #8540, #2699, #408, .T. ) ;
#7033 = DIRECTION ( 'NONE',  ( 0.000000000000000000, 0.000000000000000000, 1.000000000000000000 ) ) ;
#7034 = ORIENTED_EDGE ( 'NONE', *, *, #9786, .T. ) ;
#7035 = DIRECTION ( 'NONE',  ( 1.000000000000000000, -0.000000000000000000, -0.000000000000000000 ) ) ;
#7036 = DIRECTION ( 'NONE',  ( 5.782411586589356653E-16, 1.184965211890880193E-16, 1.000000000000000000 ) ) ;
#7037 = CIRCLE ( 'NONE', #5718, 12.00000000000000000 ) ;
#7038 = CARTESIAN_POINT ( 'NONE',  ( -18.53990713697464443, -13.02018341357097064, -5.975726703157415720 ) ) ;
#7039 = CYLINDRICAL_SURFACE ( 'NONE', #6721, 1.249999999999987121 ) ;
#7040 = VECTOR ( 'NONE', #3298, 1000.000000000000000 ) ;
#7041 = CARTESIAN_POINT ( 'NONE',  ( -18.67081981922670408, -12.84164107351133310, -5.972000000000003084 ) ) ;
#7042 = ORIENTED_EDGE ( 'NONE', *, *, #848, .T. ) ;
#7043 = CARTESIAN_POINT ( 'NONE',  ( -1.749999999999986233, -16.50000000000000000, -2.985999999999998877 ) ) ;
#7044 = PLANE ( 'NONE',  #8701 ) ;
#7045 = ORIENTED_EDGE ( 'NONE', *, *, #2152, .T. ) ;
#7046 = CARTESIAN_POINT ( 'NONE',  ( -20.55465573431580850, -12.50870969956780954, -9.036770097382932576 ) ) ;
#7047 = CARTESIAN_POINT ( 'NONE',  ( -20.50000000000000000, 10.00000000000000000, 3.527999999999990255 ) ) ;
#7048 = EDGE_CURVE ( 'NONE', #6118, #4004, #1004, .T. ) ;
#7049 = CARTESIAN_POINT ( 'NONE',  ( 18.49999999999950262, -14.00000000000000000, -7.422552296971621111 ) ) ;
#7050 = ORIENTED_EDGE ( 'NONE', *, *, #2041, .T. ) ;
#7051 = DIRECTION ( 'NONE',  ( 1.000000000000000000, 0.000000000000000000, 0.000000000000000000 ) ) ;
#7052 = AXIS2_PLACEMENT_3D ( 'NONE', #5772, #8081, #1297 ) ;
#7053 = ADVANCED_FACE ( 'NONE', ( #3241, #1769, #4810 ), #207, .F. ) ;
#7054 = DIRECTION ( 'NONE',  ( -0.000000000000000000, 0.000000000000000000, -1.000000000000000000 ) ) ;
#7055 = CARTESIAN_POINT ( 'NONE',  ( 17.99737326687908734, -13.99512342671634535, -11.43899509308839946 ) ) ;
#7056 = ORIENTED_EDGE ( 'NONE', *, *, #9489, .F. ) ;
#7057 = LINE ( 'NONE', #126, #4859 ) ;
#7058 = AXIS2_PLACEMENT_3D ( 'NONE', #7399, #4173, #5896 ) ;
#7059 = CARTESIAN_POINT ( 'NONE',  ( -19.31177934347681102, -12.17163729916183001, -5.965063095544841154 ) ) ;
#7060 = CARTESIAN_POINT ( 'NONE',  ( 20.50000000000000000, -5.957245370484149540E-15, -7.721999999999999531 ) ) ;
#7061 = CARTESIAN_POINT ( 'NONE',  ( -13.73962186916475758, -15.28555537227220462, -3.262462919887801682 ) ) ;
#7062 = VERTEX_POINT ( 'NONE', #5572 ) ;
#7063 = CARTESIAN_POINT ( 'NONE',  ( 15.73868795943286436, 14.91027480149418771, -4.684497822240789588 ) ) ;
#7064 = FACE_OUTER_BOUND ( 'NONE', #9850, .T. ) ;
#7065 = DIRECTION ( 'NONE',  ( 0.000000000000000000, -1.000000000000000000, 0.000000000000000000 ) ) ;
#7066 = MECHANICAL_DESIGN_GEOMETRIC_PRESENTATION_REPRESENTATION (  '', ( #8505 ), #2206 ) ;
#7067 = CARTESIAN_POINT ( 'NONE',  ( -13.79500000000000526, -13.99999999999999822, -2.986000000000068155 ) ) ;
#7068 = CARTESIAN_POINT ( 'NONE',  ( -3.945000000000003837, -16.50000000000000000, -2.985999999999998877 ) ) ;
#7069 = CARTESIAN_POINT ( 'NONE',  ( 18.00000000000000000, -14.00000000000000000, -7.783197974465507762 ) ) ;
#7070 = ORIENTED_EDGE ( 'NONE', *, *, #7847, .F. ) ;
#7071 = ORIENTED_EDGE ( 'NONE', *, *, #5418, .F. ) ;
#7072 = CARTESIAN_POINT ( 'NONE',  ( -1.348076211353315790, 15.38411894523508927, -4.486000000000000654 ) ) ;
#7073 = ORIENTED_EDGE ( 'NONE', *, *, #8301, .T. ) ;
#7074 = CYLINDRICAL_SURFACE ( 'NONE', #6051, 12.00000000000000000 ) ;
#7075 = CARTESIAN_POINT ( 'NONE',  ( 18.69413846874982355, -14.08952465722364167, -10.93663424746381096 ) ) ;
#7076 = CYLINDRICAL_SURFACE ( 'NONE', #3815, 1.749999999999987566 ) ;
#7077 = CIRCLE ( 'NONE', #944, 0.6750000000000002665 ) ;
#7078 = SURFACE_STYLE_USAGE ( .BOTH. , #9441 ) ;
#7079 = DIRECTION ( 'NONE',  ( 1.000000000000000000, -0.000000000000000000, -0.000000000000000000 ) ) ;
#7080 = EDGE_LOOP ( 'NONE', ( #6911, #4117, #2728, #324 ) ) ;
#7081 = ORIENTED_EDGE ( 'NONE', *, *, #1662, .T. ) ;
#7082 = CARTESIAN_POINT ( 'NONE',  ( 18.00000000000000000, 14.00000000000000000, -7.122436544371499423 ) ) ;
#7083 = CARTESIAN_POINT ( 'NONE',  ( 20.55346307255046767, -11.00000000000000000, -5.599999999999999645 ) ) ;
#7084 = ORIENTED_EDGE ( 'NONE', *, *, #7821, .T. ) ;
#7085 = CARTESIAN_POINT ( 'NONE',  ( 6.444999999999993179, 33.50000000000000000, -2.985999999999998877 ) ) ;
#7086 = EDGE_CURVE ( 'NONE', #1595, #8992, #1721, .T. ) ;
#7087 = CARTESIAN_POINT ( 'NONE',  ( -19.50000000000000000, -10.50000000000000000, -4.000000000000000000 ) ) ;
#7088 = VECTOR ( 'NONE', #5251, 1000.000000000000000 ) ;
#7089 = EDGE_CURVE ( 'NONE', #652, #9827, #6526, .T. ) ;
#7090 = CARTESIAN_POINT ( 'NONE',  ( 20.50000000000000000, -14.00000000000000000, -7.500000000000000000 ) ) ;
#7091 = VECTOR ( 'NONE', #3616, 1000.000000000000000 ) ;
#7092 = DIRECTION ( 'NONE',  ( -1.000000000000000000, 0.000000000000000000, -0.000000000000000000 ) ) ;
#7093 = VERTEX_POINT ( 'NONE', #4094 ) ;
#7094 = VECTOR ( 'NONE', #5495, 1000.000000000000000 ) ;
#7095 = CARTESIAN_POINT ( 'NONE',  ( -20.50000000000000000, -6.038926451653769130E-15, -7.721999999999999531 ) ) ;
#7096 = CARTESIAN_POINT ( 'NONE',  ( 18.67082039324979803, 12.84164078649989982, -5.971999999999999531 ) ) ;
#7097 = ORIENTED_EDGE ( 'NONE', *, *, #2775, .T. ) ;
#7098 = LINE ( 'NONE', #4818, #1989 ) ;
#7099 = CARTESIAN_POINT ( 'NONE',  ( -20.50000000000000000, 9.185353341053369647, -2.778495045355449991E-17 ) ) ;
#7100 = EDGE_CURVE ( 'NONE', #3739, #7829, #2001, .T. ) ;
#7101 = CARTESIAN_POINT ( 'NONE',  ( 18.44477623801399346, -13.99963650447761054, -7.621179105422769773 ) ) ;
#7102 = ORIENTED_EDGE ( 'NONE', *, *, #847, .F. ) ;
#7103 = CARTESIAN_POINT ( 'NONE',  ( 25.50000000000000000, 2.500000000000000000, -9.500000000000000000 ) ) ;
#7104 = DIRECTION ( 'NONE',  ( -1.000000000000000000, 0.000000000000000000, -0.000000000000000000 ) ) ;
#7105 = AXIS2_PLACEMENT_3D ( 'NONE', #2366, #8138, #2787 ) ;
#7106 = VECTOR ( 'NONE', #3292, 1000.000000000000000 ) ;
#7107 = EDGE_CURVE ( 'NONE', #1379, #3111, #1052, .T. ) ;
#7108 = EDGE_CURVE ( 'NONE', #6341, #6167, #9588, .T. ) ;
#7109 = FACE_OUTER_BOUND ( 'NONE', #1129, .T. ) ;
#7110 = CARTESIAN_POINT ( 'NONE',  ( -18.52427743733674959, 11.99392495872785602, -5.689028648941690136 ) ) ;
#7111 = ORIENTED_EDGE ( 'NONE', *, *, #9426, .F. ) ;
#7112 = CARTESIAN_POINT ( 'NONE',  ( -19.78404046615378675, 11.89212405469453238, -6.113840788335901166 ) ) ;
#7113 = CARTESIAN_POINT ( 'NONE',  ( -18.77139834408007957, -12.69062326419404840, -5.952194425351494900 ) ) ;
#7114 = EDGE_CURVE ( 'NONE', #7438, #1812, #26, .T. ) ;
#7115 = CARTESIAN_POINT ( 'NONE',  ( -13.39144294089973464, -15.79672632228969498, -3.608702097701894207 ) ) ;
#7116 = EDGE_LOOP ( 'NONE', ( #600, #6327, #3179, #3180 ) ) ;
#7117 = DIRECTION ( 'NONE',  ( 0.000000000000000000, 0.000000000000000000, -1.000000000000000000 ) ) ;
#7118 = CARTESIAN_POINT ( 'NONE',  ( 20.50000000000000000, 11.99792864817299964, -7.440141556036866888 ) ) ;
#7119 = DIRECTION ( 'NONE',  ( -0.000000000000000000, -0.000000000000000000, 1.000000000000000000 ) ) ;
#7120 = FACE_OUTER_BOUND ( 'NONE', #3139, .T. ) ;
#7121 = CARTESIAN_POINT ( 'NONE',  ( 19.50000000000000000, 9.500000000000000000, -4.000000000000000000 ) ) ;
#7122 = CARTESIAN_POINT ( 'NONE',  ( 18.00000000000000000, -14.00000000000000000, -7.122436544371499423 ) ) ;
#7123 = ORIENTED_EDGE ( 'NONE', *, *, #930, .F. ) ;
#7124 = ORIENTED_EDGE ( 'NONE', *, *, #1736, .F. ) ;
#7125 = DIRECTION ( 'NONE',  ( 0.000000000000000000, -1.000000000000000000, -0.000000000000000000 ) ) ;
#7126 = ORIENTED_EDGE ( 'NONE', *, *, #1333, .F. ) ;
#7127 = VECTOR ( 'NONE', #5840, 1000.000000000000000 ) ;
#7128 = CARTESIAN_POINT ( 'NONE',  ( 20.02595907340281300, -11.91580033615549539, -6.299856221157614122 ) ) ;
#7129 = CARTESIAN_POINT ( 'NONE',  ( 20.50000000000000000, -11.56049552401213454, -11.15468412880277249 ) ) ;
#7130 = CIRCLE ( 'NONE', #1793, 12.00000000000000000 ) ;
#7131 = CARTESIAN_POINT ( 'NONE',  ( -20.55346307255046767, 9.499999999999998224, -5.599999999999999645 ) ) ;
#7132 = CARTESIAN_POINT ( 'NONE',  ( 1.249999999999993117, -13.99999999999999822, -2.985999999999998877 ) ) ;
#7133 = CARTESIAN_POINT ( 'NONE',  ( -23.00000000000000000, 1.499999999999999778, -9.500000000000001776 ) ) ;
#7134 = ORIENTED_EDGE ( 'NONE', *, *, #5299, .F. ) ;
#7135 = ORIENTED_EDGE ( 'NONE', *, *, #4904, .T. ) ;
#7136 = DIRECTION ( 'NONE',  ( 0.000000000000000000, 0.000000000000000000, 1.000000000000000000 ) ) ;
#7137 = EDGE_CURVE ( 'NONE', #3499, #2436, #3389, .T. ) ;
#7138 = CARTESIAN_POINT ( 'NONE',  ( -2.146049661002233873E-16, -13.50000000000000355, -4.485999999999998877 ) ) ;
#7139 = ORIENTED_EDGE ( 'NONE', *, *, #8929, .F. ) ;
#7140 = DIRECTION ( 'NONE',  ( 0.000000000000000000, 0.000000000000000000, -1.000000000000000000 ) ) ;
#7141 = CARTESIAN_POINT ( 'NONE',  ( -19.46884642638827856, -11.87245174791665292, -5.977031416149513277 ) ) ;
#7142 = EDGE_CURVE ( 'NONE', #1629, #9142, #346, .T. ) ;
#7143 = CARTESIAN_POINT ( 'NONE',  ( 20.50000000000000000, 1.500000000000000000, 0.000000000000000000 ) ) ;
#7144 = DIRECTION ( 'NONE',  ( 1.000000000000000000, 0.000000000000000000, 0.000000000000000000 ) ) ;
#7145 = ORIENTED_EDGE ( 'NONE', *, *, #5732, .T. ) ;
#7146 = DIRECTION ( 'NONE',  ( -1.000000000000000000, 0.000000000000000000, 0.000000000000000000 ) ) ;
#7147 = CARTESIAN_POINT ( 'NONE',  ( 18.96839304122909908, 13.77301368294459927, -6.467843326349939304 ) ) ;
#7148 = EDGE_LOOP ( 'NONE', ( #1349, #5045, #835, #9482, #4001, #643, #4708, #1645 ) ) ;
#7149 = CARTESIAN_POINT ( 'NONE',  ( -20.50000000000000000, -11.71683924716445269, -9.827063097020646509 ) ) ;
#7150 = CARTESIAN_POINT ( 'NONE',  ( -18.50000000000000000, 14.00000000000000000, -8.972000000000001307 ) ) ;
#7151 = ORIENTED_EDGE ( 'NONE', *, *, #8962, .F. ) ;
#7152 = CARTESIAN_POINT ( 'NONE',  ( 19.39528713479803201, -12.16935259977447714, -5.984462189668913190 ) ) ;
#7153 = EDGE_CURVE ( 'NONE', #4943, #5661, #4956, .T. ) ;
#7154 = EDGE_CURVE ( 'NONE', #7261, #2064, #866, .T. ) ;
#7155 = DIRECTION ( 'NONE',  ( 0.000000000000000000, 0.000000000000000000, -1.000000000000000000 ) ) ;
#7156 = DIRECTION ( 'NONE',  ( 1.000000000000000000, -1.156482317317870344E-15, 0.000000000000000000 ) ) ;
#7157 = EDGE_LOOP ( 'NONE', ( #1370, #5283, #9768, #388, #7992, #4401, #2613 ) ) ;
#7158 = DIRECTION ( 'NONE',  ( 0.000000000000000000, 0.000000000000000000, 1.000000000000000000 ) ) ;
#7159 = CARTESIAN_POINT ( 'NONE',  ( -18.67560567428984086, -12.66671807503985114, -5.931364919655842449 ) ) ;
#7160 = EDGE_CURVE ( 'NONE', #9311, #3722, #3430, .T. ) ;
#7161 = CARTESIAN_POINT ( 'NONE',  ( -1.349955589689836088, 15.37145975218782290, -4.501086978796648097 ) ) ;
#7162 = ORIENTED_EDGE ( 'NONE', *, *, #4143, .T. ) ;
#7163 = CARTESIAN_POINT ( 'NONE',  ( 20.50000000000000000, -5.957245370484149540E-15, -7.721999999999999531 ) ) ;
#7164 = CARTESIAN_POINT ( 'NONE',  ( 19.39811025762030283, 11.87312605039744007, -5.954591926713386663 ) ) ;
#7165 = CARTESIAN_POINT ( 'NONE',  ( -23.00000000000000000, -5.499999999999997335, -5.599999999999998757 ) ) ;
#7166 = DIRECTION ( 'NONE',  ( 1.000000000000000000, 0.000000000000000000, -0.000000000000000000 ) ) ;
#7167 = LINE ( 'NONE', #136, #5167 ) ;
#7168 = CIRCLE ( 'NONE', #2798, 0.6750000000000011546 ) ;
#7169 = CARTESIAN_POINT ( 'NONE',  ( 19.23461893874229034, -13.99959734587653948, -7.754067213682825255 ) ) ;
#7170 = ORIENTED_EDGE ( 'NONE', *, *, #1955, .T. ) ;
#7171 = ORIENTED_EDGE ( 'NONE', *, *, #656, .T. ) ;
#7172 = CARTESIAN_POINT ( 'NONE',  ( -20.50000000000000000, 12.59743809945159931, -7.440141220050089821 ) ) ;
#7173 = ORIENTED_EDGE ( 'NONE', *, *, #5845, .T. ) ;
#7174 = LINE ( 'NONE', #8737, #3134 ) ;
#7175 = VECTOR ( 'NONE', #6202, 1000.000000000000000 ) ;
#7176 = DIRECTION ( 'NONE',  ( -7.153498870007452406E-17, -1.000000000000000000, 0.000000000000000000 ) ) ;
#7177 = DIRECTION ( 'NONE',  ( 1.000000000000000000, -0.000000000000000000, -0.000000000000000000 ) ) ;
#7178 = ORIENTED_EDGE ( 'NONE', *, *, #6899, .F. ) ;
#7179 = ORIENTED_EDGE ( 'NONE', *, *, #5749, .F. ) ;
#7180 = AXIS2_PLACEMENT_3D ( 'NONE', #9639, #542, #445 ) ;
#7181 = CARTESIAN_POINT ( 'NONE',  ( 1.749999999999987788, 16.50000000000000000, -11.00000000000000000 ) ) ;
#7182 = CARTESIAN_POINT ( 'NONE',  ( 20.13982480494270533, 13.14701690697585867, -7.442489658141631104 ) ) ;
#7183 = EDGE_LOOP ( 'NONE', ( #7711, #9684 ) ) ;
#7184 = DIRECTION ( 'NONE',  ( 1.000000000000000000, 0.000000000000000000, 0.000000000000000000 ) ) ;
#7185 = CARTESIAN_POINT ( 'NONE',  ( -18.16718169640239822, -14.00000000000000000, -7.386213562373100672 ) ) ;
#7186 = VECTOR ( 'NONE', #171, 1000.000000000000000 ) ;
#7187 = VECTOR ( 'NONE', #3016, 1000.000000000000000 ) ;
#7188 = DIRECTION ( 'NONE',  ( 0.000000000000000000, -1.000000000000000000, -0.000000000000000000 ) ) ;
#7189 = CARTESIAN_POINT ( 'NONE',  ( 19.50000000000000000, -9.185353341053369647, 6.938574612190291103E-17 ) ) ;
#7190 = ORIENTED_EDGE ( 'NONE', *, *, #7809, .T. ) ;
#7191 = CARTESIAN_POINT ( 'NONE',  ( 20.50000000000000000, 11.98962271672150237, -7.422246783751917043 ) ) ;
#7192 = EDGE_LOOP ( 'NONE', ( #2085, #523 ) ) ;
#7193 = DIRECTION ( 'NONE',  ( 1.000000000000000000, -7.153498870007452406E-17, -0.000000000000000000 ) ) ;
#7194 = AXIS2_PLACEMENT_3D ( 'NONE', #3147, #2989, #7051 ) ;
#7195 = EDGE_LOOP ( 'NONE', ( #1553, #6954, #7612, #113, #5228, #4213 ) ) ;
#7196 = PLANE ( 'NONE',  #1178 ) ;
#7197 = CARTESIAN_POINT ( 'NONE',  ( 20.50000000000000000, 10.00000000000000000, 2.277999999999982705 ) ) ;
#7198 = CARTESIAN_POINT ( 'NONE',  ( -20.55346307255046767, -11.00000000000000000, -5.599999999999999645 ) ) ;
#7199 = ORIENTED_EDGE ( 'NONE', *, *, #2624, .F. ) ;
#7200 = LINE ( 'NONE', #8001, #172 ) ;
#7201 = CARTESIAN_POINT ( 'NONE',  ( -19.23079957890694303, -12.32250514797346952, -5.965513744650067451 ) ) ;
#7202 = CARTESIAN_POINT ( 'NONE',  ( 15.74723510018525729, 14.90484710720239825, -1.281888172228470291 ) ) ;
#7203 = CARTESIAN_POINT ( 'NONE',  ( 18.67316021429887130, -12.17186299489765844, -5.877775486514098979 ) ) ;
#7204 = CIRCLE ( 'NONE', #2192, 0.6750000000000011546 ) ;
#7205 = DIRECTION ( 'NONE',  ( -0.000000000000000000, -0.000000000000000000, -1.000000000000000000 ) ) ;
#7206 = ORIENTED_EDGE ( 'NONE', *, *, #5627, .F. ) ;
#7207 = EDGE_CURVE ( 'NONE', #492, #1620, #7512, .T. ) ;
#7208 = DIRECTION ( 'NONE',  ( 0.000000000000000000, 1.000000000000000000, 7.283754679713117196E-18 ) ) ;
#7209 = CARTESIAN_POINT ( 'NONE',  ( 0.000000000000000000, 0.000000000000000000, -9.500000000000000000 ) ) ;
#7210 = ADVANCED_FACE ( 'NONE', ( #493 ), #6768, .F. ) ;
#7211 = VECTOR ( 'NONE', #2120, 1000.000000000000000 ) ;
#7212 = DIRECTION ( 'NONE',  ( 0.000000000000000000, 0.000000000000000000, 1.000000000000000000 ) ) ;
#7213 = DIRECTION ( 'NONE',  ( 1.000000000000000000, -7.153498870007452406E-17, -0.000000000000000000 ) ) ;
#7214 = FACE_OUTER_BOUND ( 'NONE', #9485, .T. ) ;
#7215 = ORIENTED_EDGE ( 'NONE', *, *, #2524, .T. ) ;
#7216 = VERTEX_POINT ( 'NONE', #2722 ) ;
#7217 = DIRECTION ( 'NONE',  ( -1.000000000000000000, 0.000000000000000000, 0.000000000000000000 ) ) ;
#7218 = ORIENTED_EDGE ( 'NONE', *, *, #3488, .T. ) ;
#7219 = CARTESIAN_POINT ( 'NONE',  ( 0.5559681468073873756, 14.83779607455088190, -0.06591632473022993044 ) ) ;
#7220 = AXIS2_PLACEMENT_3D ( 'NONE', #5843, #4220, #8871 ) ;
#7221 = EDGE_CURVE ( 'NONE', #139, #1226, #5462, .T. ) ;
#7222 = CARTESIAN_POINT ( 'NONE',  ( 20.50000000000000000, -1.500000000000000000, 0.000000000000000000 ) ) ;
#7223 = LINE ( 'NONE', #1650, #5314 ) ;
#7224 = CARTESIAN_POINT ( 'NONE',  ( -19.50000000000000000, -11.87403512810171868, -5.987846092007224286 ) ) ;
#7225 = ADVANCED_FACE ( 'NONE', ( #4238 ), #3675, .F. ) ;
#7226 = CARTESIAN_POINT ( 'NONE',  ( -23.00000000000000355, -10.00000000000000000, 2.278000000000003133 ) ) ;
#7227 = ORIENTED_EDGE ( 'NONE', *, *, #4263, .T. ) ;
#7228 = DIRECTION ( 'NONE',  ( 1.000000000000000000, 0.000000000000000000, 0.000000000000000000 ) ) ;
#7229 = CARTESIAN_POINT ( 'NONE',  ( 19.99926398239638559, 13.32453297375904810, -7.443171144744709977 ) ) ;
#7230 = ORIENTED_EDGE ( 'NONE', *, *, #6052, .F. ) ;
#7231 = LINE ( 'NONE', #8030, #1171 ) ;
#7232 = ADVANCED_FACE ( 'NONE', ( #1919 ), #4332, .F. ) ;
#7233 = DIRECTION ( 'NONE',  ( 0.000000000000000000, 2.906723457586479957E-16, -1.000000000000000000 ) ) ;
#7234 = DIRECTION ( 'NONE',  ( 1.000000000000000000, -0.000000000000000000, -0.000000000000000000 ) ) ;
#7235 = CARTESIAN_POINT ( 'NONE',  ( -19.19740980676456132, -12.45928235272061180, -5.971999999999981767 ) ) ;
#7236 = ORIENTED_EDGE ( 'NONE', *, *, #1841, .F. ) ;
#7237 = DIRECTION ( 'NONE',  ( -1.000000000000000000, 7.153498870007452406E-17, 0.000000000000000000 ) ) ;
#7238 = CARTESIAN_POINT ( 'NONE',  ( 18.52345408207678901, 14.00017482403695901, -7.136966331402680552 ) ) ;
#7239 = ORIENTED_EDGE ( 'NONE', *, *, #8480, .F. ) ;
#7240 = PLANE ( 'NONE',  #52 ) ;
#7241 = ADVANCED_FACE ( 'NONE', ( #5048 ), #8268, .T. ) ;
#7242 = EDGE_LOOP ( 'NONE', ( #8634, #8000, #7485, #1451 ) ) ;
#7243 = PLANE ( 'NONE',  #5565 ) ;
#7244 = VECTOR ( 'NONE', #3076, 1000.000000000000000 ) ;
#7245 = DIRECTION ( 'NONE',  ( -0.000000000000000000, 1.000000000000000000, -0.000000000000000000 ) ) ;
#7246 = ORIENTED_EDGE ( 'NONE', *, *, #3958, .F. ) ;
#7247 = CARTESIAN_POINT ( 'NONE',  ( 20.31146900514169928, -12.02530477217710114, -6.481782321757459719 ) ) ;
#7248 = CARTESIAN_POINT ( 'NONE',  ( -18.94354299397596009, -14.00022881965877275, -7.444569771375360467 ) ) ;
#7249 = CARTESIAN_POINT ( 'NONE',  ( 16.74999999999998579, 16.50000000000000000, -1.715921262283383264 ) ) ;
#7250 = DIRECTION ( 'NONE',  ( -1.000000000000000000, -1.992221491941909864E-18, 4.579663590744439848E-16 ) ) ;
#7251 = EDGE_LOOP ( 'NONE', ( #3521, #795, #6207, #3086, #4492 ) ) ;
#7252 = CARTESIAN_POINT ( 'NONE',  ( -20.55346307255046767, 10.50000000000000178, -5.599999999999999645 ) ) ;
#7253 = CIRCLE ( 'NONE', #2726, 12.00000000000000000 ) ;
#7254 = CARTESIAN_POINT ( 'NONE',  ( 18.07662121869788763, 14.00000000000000178, -7.386213562373103336 ) ) ;
#7255 = LINE ( 'NONE', #3414, #2645 ) ;
#7256 = ADVANCED_FACE ( 'NONE', ( #3483 ), #5770, .F. ) ;
#7257 = AXIS2_PLACEMENT_3D ( 'NONE', #3310, #20, #6196 ) ;
#7258 = CARTESIAN_POINT ( 'NONE',  ( 20.50000000000000000, -5.957245370484149540E-15, -7.721999999999999531 ) ) ;
#7259 = CARTESIAN_POINT ( 'NONE',  ( 19.12040764546841132, -13.99827060053972794, -8.547907227131821273 ) ) ;
#7260 = ORIENTED_EDGE ( 'NONE', *, *, #7781, .T. ) ;
#7261 = VERTEX_POINT ( 'NONE', #8079 ) ;
#7262 = LINE ( 'NONE', #5081, #5750 ) ;
#7263 = VERTEX_POINT ( 'NONE', #7319 ) ;
#7264 = CARTESIAN_POINT ( 'NONE',  ( 11.67999999999999083, 13.99999999999999822, -2.986000000000040178 ) ) ;
#7265 = PRODUCT_RELATED_PRODUCT_CATEGORY ( 'part', '', ( #1397 ) ) ;
#7266 = ADVANCED_FACE ( 'NONE', ( #6578 ), #4287, .F. ) ;
#7267 = CIRCLE ( 'NONE', #3232, 0.6750000000000002665 ) ;
#7268 = ADVANCED_FACE ( 'NONE', ( #3625 ), #3533, .F. ) ;
#7269 = PLANE ( 'NONE',  #4471 ) ;
#7270 = EDGE_CURVE ( 'NONE', #6058, #8992, #7418, .T. ) ;
#7271 = CARTESIAN_POINT ( 'NONE',  ( -23.00000000000000000, -2.500000000000000000, -9.500000000000000000 ) ) ;
#7272 = CARTESIAN_POINT ( 'NONE',  ( 25.50000000000000000, -2.500000000000000000, 4.014694594305510122 ) ) ;
#7273 = VERTEX_POINT ( 'NONE', #9686 ) ;
#7274 = ORIENTED_EDGE ( 'NONE', *, *, #2314, .F. ) ;
#7275 = CARTESIAN_POINT ( 'NONE',  ( -19.50000000000000000, 10.50000000000000000, -1.912524980688840026 ) ) ;
#7276 = ORIENTED_EDGE ( 'NONE', *, *, #4474, .F. ) ;
#7277 = DIRECTION ( 'NONE',  ( 0.000000000000000000, 2.906723457586479957E-16, -1.000000000000000000 ) ) ;
#7278 = CARTESIAN_POINT ( 'NONE',  ( 18.46471150499582592, -14.00000000000000000, -7.722210941413499619 ) ) ;
#7279 = ADVANCED_FACE ( 'NONE', ( #5862 ), #5097, .F. ) ;
#7280 = DIRECTION ( 'NONE',  ( -7.153498870007452406E-17, -1.000000000000000000, -0.000000000000000000 ) ) ;
#7281 = LINE ( 'NONE', #9591, #4788 ) ;
#7282 = CARTESIAN_POINT ( 'NONE',  ( -0.2658754092645270739, 14.75512856468707668, -0.3830511557432613179 ) ) ;
#7283 = VERTEX_POINT ( 'NONE', #6671 ) ;
#7284 = DIRECTION ( 'NONE',  ( -1.000000000000000000, 0.000000000000000000, 0.000000000000000000 ) ) ;
#7285 = CARTESIAN_POINT ( 'NONE',  ( 20.50034693188239032, 12.01345783362687314, -7.136772608337604851 ) ) ;
#7286 = ORIENTED_EDGE ( 'NONE', *, *, #8877, .T. ) ;
#7287 = CYLINDRICAL_SURFACE ( 'NONE', #2147, 12.00000000000000000 ) ;
#7288 = LINE ( 'NONE', #503, #6851 ) ;
#7289 = CARTESIAN_POINT ( 'NONE',  ( 18.50000000000000000, 14.00000000000000000, -7.422552296971610453 ) ) ;
#7290 = DIRECTION ( 'NONE',  ( -0.000000000000000000, -0.000000000000000000, 1.000000000000000000 ) ) ;
#7291 = ORIENTED_EDGE ( 'NONE', *, *, #2744, .F. ) ;
#7292 = CARTESIAN_POINT ( 'NONE',  ( 20.30238642397209858, -12.11210951790389956, -6.470554027830959676 ) ) ;
#7293 = CARTESIAN_POINT ( 'NONE',  ( -18.47543860446509001, -14.00000000000000000, -7.631119834092336518 ) ) ;
#7294 = CARTESIAN_POINT ( 'NONE',  ( 18.85051183212566528, -12.18420627736083972, -5.856882784147654952 ) ) ;
#7295 = VERTEX_POINT ( 'NONE', #9733 ) ;
#7296 = CARTESIAN_POINT ( 'NONE',  ( -23.00000000000000000, 6.500000000000000000, 1.932560250458019935 ) ) ;
#7297 = LINE ( 'NONE', #1217, #8941 ) ;
#7298 = EDGE_CURVE ( 'NONE', #1620, #749, #5914, .T. ) ;
#7299 = FACE_BOUND ( 'NONE', #746, .T. ) ;
#7300 = ORIENTED_EDGE ( 'NONE', *, *, #247, .T. ) ;
#7301 = DIRECTION ( 'NONE',  ( 0.000000000000000000, 0.000000000000000000, 1.000000000000000000 ) ) ;
#7302 = CARTESIAN_POINT ( 'NONE',  ( 18.00000000000000000, -14.00000000000000000, -8.491307379290800483 ) ) ;
#7303 = ORIENTED_EDGE ( 'NONE', *, *, #5280, .F. ) ;
#7304 = VERTEX_POINT ( 'NONE', #4382 ) ;
#7305 = CARTESIAN_POINT ( 'NONE',  ( 1.079679830075715330, 15.10869537465064916, -5.985956335319559507 ) ) ;
#7306 = ORIENTED_EDGE ( 'NONE', *, *, #3470, .F. ) ;
#7307 = CYLINDRICAL_SURFACE ( 'NONE', #5574, 1.749999999999986011 ) ;
#7308 = AXIS2_PLACEMENT_3D ( 'NONE', #4151, #9598, #2685 ) ;
#7309 = LINE ( 'NONE', #3524, #3187 ) ;
#7310 = CARTESIAN_POINT ( 'NONE',  ( -20.55346307255046767, -1.499999999999997780, -5.599999999999999645 ) ) ;
#7311 = LINE ( 'NONE', #6568, #7091 ) ;
#7312 = VERTEX_POINT ( 'NONE', #2068 ) ;
#7313 = CARTESIAN_POINT ( 'NONE',  ( -20.50000000000000000, 14.00000000000000000, -7.500000000000000000 ) ) ;
#7314 = CARTESIAN_POINT ( 'NONE',  ( -17.99999999999999645, -13.50000000000000000, 0.000000000000000000 ) ) ;
#7315 = VERTEX_POINT ( 'NONE', #3911 ) ;
#7316 = DIRECTION ( 'NONE',  ( 0.000000000000000000, -1.000000000000000000, -0.000000000000000000 ) ) ;
#7317 = CARTESIAN_POINT ( 'NONE',  ( 20.01150253168496818, -13.65637985404276300, -8.511950069198839230 ) ) ;
#7318 = AXIS2_PLACEMENT_3D ( 'NONE', #3636, #9146, #1407 ) ;
#7319 = CARTESIAN_POINT ( 'NONE',  ( 20.50000000000000000, -5.500000000000000000, -9.500000000000000000 ) ) ;
#7320 = ADVANCED_FACE ( 'NONE', ( #7064 ), #3741, .F. ) ;
#7321 = VECTOR ( 'NONE', #1663, 1000.000000000000000 ) ;
#7322 = CARTESIAN_POINT ( 'NONE',  ( 20.55346307255046767, -11.00000000000000000, -7.500000000000000000 ) ) ;
#7323 = EDGE_CURVE ( 'NONE', #5063, #3476, #9423, .T. ) ;
#7324 = CIRCLE ( 'NONE', #2967, 0.6750000000000002665 ) ;
#7325 = CARTESIAN_POINT ( 'NONE',  ( 1.119869879344371766, 15.14810327448755167, 0.01333722604738693529 ) ) ;
#7326 = EDGE_LOOP ( 'NONE', ( #1873, #6913, #8855, #7571 ) ) ;
#7327 = DIRECTION ( 'NONE',  ( 1.000000000000000000, -0.000000000000000000, -0.000000000000000000 ) ) ;
#7328 = FACE_OUTER_BOUND ( 'NONE', #5461, .T. ) ;
#7329 = ORIENTED_EDGE ( 'NONE', *, *, #3999, .T. ) ;
#7330 = CARTESIAN_POINT ( 'NONE',  ( -3.270000000000001350, 13.99999999999999822, -2.985999999999998877 ) ) ;
#7331 = CARTESIAN_POINT ( 'NONE',  ( 19.41032703683759664, 12.01169841498631108, -5.972009596509373353 ) ) ;
#7332 = AXIS2_PLACEMENT_3D ( 'NONE', #9808, #3558, #7440 ) ;
#7333 = CARTESIAN_POINT ( 'NONE',  ( 20.50000000000000000, -6.500000000000000000, 0.000000000000000000 ) ) ;
#7334 = CARTESIAN_POINT ( 'NONE',  ( -18.00000000000000000, 12.82591604972656540, -5.910452029132956753 ) ) ;
#7335 = ORIENTED_EDGE ( 'NONE', *, *, #3756, .F. ) ;
#7336 = CARTESIAN_POINT ( 'NONE',  ( 19.79743918134510139, -11.86286469206380190, -6.080745192580230274 ) ) ;
#7337 = EDGE_CURVE ( 'NONE', #8156, #2386, #984, .T. ) ;
#7338 = CIRCLE ( 'NONE', #2980, 1.249999999999992450 ) ;
#7339 = CARTESIAN_POINT ( 'NONE',  ( -18.94290583552372098, -14.00045763931754550, -7.453510325272659998 ) ) ;
#7340 = CARTESIAN_POINT ( 'NONE',  ( -23.00000000000000000, -6.500000000000000888, -7.500000000000000000 ) ) ;
#7341 = CARTESIAN_POINT ( 'NONE',  ( 18.68427699568341893, -12.34884620788122866, -5.857015257763789506 ) ) ;
#7342 = VERTEX_POINT ( 'NONE', #1165 ) ;
#7343 = CYLINDRICAL_SURFACE ( 'NONE', #4274, 2.000000000000002665 ) ;
#7344 = ADVANCED_FACE ( 'NONE', ( #1988 ), #4215, .F. ) ;
#7345 = CARTESIAN_POINT ( 'NONE',  ( 16.74999999999998579, -16.50000000000000000, -11.00000000000000000 ) ) ;
#7346 = DIRECTION ( 'NONE',  ( 0.000000000000000000, 0.000000000000000000, -1.000000000000000000 ) ) ;
#7347 = ORIENTED_EDGE ( 'NONE', *, *, #6572, .T. ) ;
#7348 = CARTESIAN_POINT ( 'NONE',  ( -23.00000000000000000, -9.499999999999998224, -5.599999999999999645 ) ) ;
#7349 = VECTOR ( 'NONE', #3100, 1000.000000000000000 ) ;
#7350 = CARTESIAN_POINT ( 'NONE',  ( 18.85377153323734944, -13.99862023853693138, -8.650785419115461394 ) ) ;
#7351 = ORIENTED_EDGE ( 'NONE', *, *, #3202, .T. ) ;
#7352 = ORIENTED_EDGE ( 'NONE', *, *, #1023, .T. ) ;
#7353 = EDGE_LOOP ( 'NONE', ( #8116, #3418, #7135, #3961 ) ) ;
#7354 = DIRECTION ( 'NONE',  ( -0.000000000000000000, -0.000000000000000000, -1.000000000000000000 ) ) ;
#7355 = EDGE_CURVE ( 'NONE', #9229, #8417, #4118, .T. ) ;
#7356 = CARTESIAN_POINT ( 'NONE',  ( -18.66535397701946408, -12.99999999063657086, -6.018415413375783451 ) ) ;
#7357 = VECTOR ( 'NONE', #9787, 1000.000000000000000 ) ;
#7358 = LINE ( 'NONE', #1135, #8343 ) ;
#7359 = LINE ( 'NONE', #2665, #466 ) ;
#7360 = CARTESIAN_POINT ( 'NONE',  ( -20.55346307255046767, -6.500000000000000888, -5.599999999999999645 ) ) ;
#7361 = ORIENTED_EDGE ( 'NONE', *, *, #3197, .T. ) ;
#7362 = CARTESIAN_POINT ( 'NONE',  ( -13.12000000000000099, 16.50000000000000000, -2.986000000000068155 ) ) ;
#7363 = VECTOR ( 'NONE', #9916, 1000.000000000000000 ) ;
#7364 = CARTESIAN_POINT ( 'NONE',  ( -18.88418088558509211, 12.40391045856020824, -5.928959296845246030 ) ) ;
#7365 = VERTEX_POINT ( 'NONE', #8096 ) ;
#7366 = CARTESIAN_POINT ( 'NONE',  ( 18.41223628322925876, -13.99932147502487823, -7.980874090723722780 ) ) ;
#7367 = DIRECTION ( 'NONE',  ( 0.000000000000000000, 1.000000000000000000, 2.906723457586479957E-16 ) ) ;
#7368 = VECTOR ( 'NONE', #8164, 1000.000000000000000 ) ;
#7369 = DIRECTION ( 'NONE',  ( -1.000000000000000000, 0.000000000000000000, 0.000000000000000000 ) ) ;
#7370 = CARTESIAN_POINT ( 'NONE',  ( -1.700530497789455975, 16.07796060614136380, -2.431944109415007826 ) ) ;
#7371 = EDGE_CURVE ( 'NONE', #5777, #2807, #8769, .T. ) ;
#7372 = ORIENTED_EDGE ( 'NONE', *, *, #8877, .F. ) ;
#7373 = CARTESIAN_POINT ( 'NONE',  ( -9.855000000000002203, 33.50000000000000000, -2.986000000000040178 ) ) ;
#7374 = CARTESIAN_POINT ( 'NONE',  ( -23.00000000000000000, -10.50000000000000000, -4.000000000000000000 ) ) ;
#7375 = ORIENTED_EDGE ( 'NONE', *, *, #3340, .T. ) ;
#7376 = FACE_OUTER_BOUND ( 'NONE', #5346, .T. ) ;
#7377 = B_SPLINE_CURVE_WITH_KNOTS ( 'NONE', 3,
 ( #4026, #1797, #9326, #8628, #8525 ),
 .UNSPECIFIED., .F., .F.,
 ( 4, 1, 4 ),
 ( 0.5002550468461087751, 0.5714285714285778361, 1.000000000000000000 ),
 .UNSPECIFIED. ) ;
#7378 = CARTESIAN_POINT ( 'NONE',  ( 19.43786544410260575, 11.92825294323165508, -5.972003157641704973 ) ) ;
#7379 = CARTESIAN_POINT ( 'NONE',  ( -18.22529051247568788, -14.00044700464432168, -8.384133624087121817 ) ) ;
#7380 = DIRECTION ( 'NONE',  ( -7.153498870007452406E-17, -1.000000000000000000, 0.000000000000000000 ) ) ;
#7381 = CARTESIAN_POINT ( 'NONE',  ( -18.18275909105440036, 14.00000000000000000, -7.122436544371499423 ) ) ;
#7382 = EDGE_CURVE ( 'NONE', #8076, #2423, #3301, .T. ) ;
#7383 = ORIENTED_EDGE ( 'NONE', *, *, #440, .T. ) ;
#7384 = CARTESIAN_POINT ( 'NONE',  ( 20.50000000000000000, -11.74041513960379213, -7.586141500223803291 ) ) ;
#7385 = B_SPLINE_CURVE_WITH_KNOTS ( 'NONE', 3,
 ( #1242, #8944, #546, #4336, #5773, #2071, #3434, #6580, #7325, #447, #3487, #8991, #5051, #9039, #7282, #8124, #2019, #9642, #5152, #2727, #4196, #7370, #5820, #8894, #8845, #6725 ),
 .UNSPECIFIED., .F., .F.,
 ( 4, 2, 2, 2, 2, 2, 2, 2, 2, 2, 2, 2, 4 ),
 ( 0.006613483706512554051, 0.007026964478336476458, 0.007440445250160399732, 0.007853926021984323005, 0.008267406793808244544, 0.008680887565632167818, 0.009094368337456091092, 0.009921329881103935905, 0.01074829142475178245, 0.01157525296839962900, 0.01240221451204747381, 0.01281569528387139188, 0.01322917605569531169 ),
 .UNSPECIFIED. ) ;
#7386 = CARTESIAN_POINT ( 'NONE',  ( -18.46890738933003107, -14.00000000000000000, -7.421636912536181185 ) ) ;
#7387 = CARTESIAN_POINT ( 'NONE',  ( 18.83117536121898539, -12.34466985603406464, -5.916009069848535695 ) ) ;
#7388 = ORIENTED_EDGE ( 'NONE', *, *, #2992, .F. ) ;
#7389 = CARTESIAN_POINT ( 'NONE',  ( 20.50000000000000000, -14.00000000000000000, -5.971999999999999531 ) ) ;
#7390 = ADVANCED_FACE ( 'NONE', ( #9526 ), #5071, .F. ) ;
#7391 = DIRECTION ( 'NONE',  ( -1.000000000000000000, 7.153498870007452406E-17, 0.000000000000000000 ) ) ;
#7392 = CARTESIAN_POINT ( 'NONE',  ( -2.594999999999999751, 33.50000000000000000, -2.985999999999998877 ) ) ;
#7393 = ORIENTED_EDGE ( 'NONE', *, *, #1949, .F. ) ;
#7394 = CARTESIAN_POINT ( 'NONE',  ( -20.50000000000000000, 11.99625217924800147, -7.422111238351120299 ) ) ;
#7395 = EDGE_CURVE ( 'NONE', #7315, #5777, #7297, .T. ) ;
#7396 = VECTOR ( 'NONE', #6651, 1000.000000000000000 ) ;
#7397 = CARTESIAN_POINT ( 'NONE',  ( 18.39895727597307129, -14.00000000000000000, -8.280574882223538324 ) ) ;
#7398 = CARTESIAN_POINT ( 'NONE',  ( -20.50000000000000000, 10.00000000000000000, 1.028000000000015790 ) ) ;
#7399 = CARTESIAN_POINT ( 'NONE',  ( 18.50000000000000000, -12.00000000000000000, -5.971999999999999531 ) ) ;
#7400 = EDGE_LOOP ( 'NONE', ( #6705, #6055, #89, #7050, #6240, #8685, #4673, #7029 ) ) ;
#7401 = B_SPLINE_CURVE_WITH_KNOTS ( 'NONE', 3,
 ( #6227, #9299, #7620, #106, #1506, #7782, #4649, #7573, #8435, #3186 ),
 .UNSPECIFIED., .F., .F.,
 ( 4, 2, 2, 2, 4 ),
 ( 0.02524119081618409963, 0.2689308931121408563, 0.3907757442601171860, 0.5126205954080935712, 1.000000000000000000 ),
 .UNSPECIFIED. ) ;
#7402 = ORIENTED_EDGE ( 'NONE', *, *, #2762, .F. ) ;
#7403 = CARTESIAN_POINT ( 'NONE',  ( 20.50000000000000000, 10.50000000000000000, -9.500000000000000000 ) ) ;
#7404 = EDGE_LOOP ( 'NONE', ( #3225, #7479, #202, #9585, #2300, #5069, #6491 ) ) ;
#7405 = LINE ( 'NONE', #5232, #9106 ) ;
#7406 = VECTOR ( 'NONE', #1549, 1000.000000000000000 ) ;
#7407 = VECTOR ( 'NONE', #1940, 1000.000000000000000 ) ;
#7408 = CARTESIAN_POINT ( 'NONE',  ( 5.769999999999989804, -16.50000000000000000, -2.985999999999998877 ) ) ;
#7409 = LINE ( 'NONE', #3472, #1439 ) ;
#7410 = EDGE_CURVE ( 'NONE', #5292, #2485, #633, .T. ) ;
#7411 = DIRECTION ( 'NONE',  ( 1.000000000000000000, 1.992221491941909864E-18, -4.579663590744439848E-16 ) ) ;
#7412 = ORIENTED_EDGE ( 'NONE', *, *, #8374, .F. ) ;
#7413 = DIRECTION ( 'NONE',  ( 0.000000000000000000, 0.000000000000000000, -1.000000000000000000 ) ) ;
#7414 = LINE ( 'NONE', #442, #2608 ) ;
#7415 = ORIENTED_EDGE ( 'NONE', *, *, #8497, .F. ) ;
#7416 = CARTESIAN_POINT ( 'NONE',  ( 18.39667023212692598, -13.99916396029850674, -8.110626047681494200 ) ) ;
#7417 = ORIENTED_EDGE ( 'NONE', *, *, #823, .F. ) ;
#7418 = LINE ( 'NONE', #1293, #9266 ) ;
#7419 = EDGE_CURVE ( 'NONE', #1143, #7950, #231, .T. ) ;
#7420 = DIRECTION ( 'NONE',  ( -0.000000000000000000, 1.000000000000000000, -0.000000000000000000 ) ) ;
#7421 = ADVANCED_FACE ( 'NONE', ( #3315 ), #369, .F. ) ;
#7422 = CARTESIAN_POINT ( 'NONE',  ( -9.180000000000003268, -16.50000000000000000, -2.986000000000040178 ) ) ;
#7423 = ORIENTED_EDGE ( 'NONE', *, *, #991, .F. ) ;
#7424 = CARTESIAN_POINT ( 'NONE',  ( 0.000000000000000000, 16.50000000000000000, 0.000000000000000000 ) ) ;
#7425 = CARTESIAN_POINT ( 'NONE',  ( 20.50000000000000000, 12.00000000000000000, -8.972000000000001307 ) ) ;
#7426 = ORIENTED_EDGE ( 'NONE', *, *, #9461, .F. ) ;
#7427 = CARTESIAN_POINT ( 'NONE',  ( 20.50000000000000000, -12.00000000000000000, -7.422552296971640651 ) ) ;
#7428 = CARTESIAN_POINT ( 'NONE',  ( 25.50000000000000000, 5.500000000000000000, -4.000000000000000000 ) ) ;
#7429 = VECTOR ( 'NONE', #7530, 1000.000000000000000 ) ;
#7430 = CARTESIAN_POINT ( 'NONE',  ( -20.50000000000000000, 11.77774138617019872, -7.127252164735660145 ) ) ;
#7431 = CARTESIAN_POINT ( 'NONE',  ( -18.50000000000000000, 14.00000000000000000, -7.422552296971629993 ) ) ;
#7432 = ORIENTED_EDGE ( 'NONE', *, *, #3944, .T. ) ;
#7433 = CARTESIAN_POINT ( 'NONE',  ( 20.50000000000000000, 9.185353341053360765, 6.938574612190291103E-17 ) ) ;
#7434 = CARTESIAN_POINT ( 'NONE',  ( -20.54802961376134718, -12.51946657771781979, -8.843204764222969416 ) ) ;
#7435 = CARTESIAN_POINT ( 'NONE',  ( 13.91999999999998927, 15.12301053017827002, -2.782440585695412416 ) ) ;
#7436 = EDGE_CURVE ( 'NONE', #7518, #4353, #1338, .T. ) ;
#7437 = CARTESIAN_POINT ( 'NONE',  ( 18.67617861066651841, -12.64577477334596800, -5.926499726680613200 ) ) ;
#7438 = VERTEX_POINT ( 'NONE', #8009 ) ;
#7439 = CARTESIAN_POINT ( 'NONE',  ( -19.49999999063664546, 12.16535397700496191, -6.018415413374089695 ) ) ;
#7440 = DIRECTION ( 'NONE',  ( -1.000000000000000000, 0.000000000000000000, -0.000000000000000000 ) ) ;
#7441 = EDGE_CURVE ( 'NONE', #8095, #6804, #1834, .T. ) ;
#7442 = DIRECTION ( 'NONE',  ( -1.000000000000000000, 0.000000000000000000, 0.000000000000000000 ) ) ;
#7443 = ORIENTED_EDGE ( 'NONE', *, *, #2882, .T. ) ;
#7444 = CARTESIAN_POINT ( 'NONE',  ( 19.77991248673998825, 13.53724003110390761, -7.442907854096403319 ) ) ;
#7445 = EDGE_CURVE ( 'NONE', #2148, #2309, #8817, .T. ) ;
#7446 = CARTESIAN_POINT ( 'NONE',  ( 15.61999999999999211, 43.50000000000000711, -2.986000000000068155 ) ) ;
#7447 = CARTESIAN_POINT ( 'NONE',  ( 1.749999999999988010, 16.50000000000000000, -11.00000000000000000 ) ) ;
#7448 = VERTEX_POINT ( 'NONE', #8054 ) ;
#7449 = EDGE_LOOP ( 'NONE', ( #4661, #6629, #5630, #6726 ) ) ;
#7450 = CARTESIAN_POINT ( 'NONE',  ( 0.5559681468073853772, 14.83779607455088190, -5.906083675269773181 ) ) ;
#7451 = ORIENTED_EDGE ( 'NONE', *, *, #1583, .T. ) ;
#7452 = PLANE ( 'NONE',  #3457 ) ;
#7453 = CARTESIAN_POINT ( 'NONE',  ( -20.55346307255046767, 2.500000000000000000, 4.014694594305530551 ) ) ;
#7454 = CARTESIAN_POINT ( 'NONE',  ( 20.50000000000000000, -9.500000000000000000, -7.500000000000000000 ) ) ;
#7455 = ORIENTED_EDGE ( 'NONE', *, *, #8364, .T. ) ;
#7456 = EDGE_CURVE ( 'NONE', #11, #9872, #1121, .T. ) ;
#7457 = CARTESIAN_POINT ( 'NONE',  ( -1.750000000000003997, 33.50000000000000000, -2.985999999999998433 ) ) ;
#7458 = CARTESIAN_POINT ( 'NONE',  ( -18.67885771937490702, 12.54784176676900564, -5.903749590020919591 ) ) ;
#7459 = VERTEX_POINT ( 'NONE', #1942 ) ;
#7460 = CARTESIAN_POINT ( 'NONE',  ( -20.50000000000000000, -11.83745601180550011, -7.403830240190909961 ) ) ;
#7461 = CARTESIAN_POINT ( 'NONE',  ( 18.34575786530394481, -13.99814666647728245, -8.439027770726573507 ) ) ;
#7462 = VERTEX_POINT ( 'NONE', #2990 ) ;
#7463 = DIRECTION ( 'NONE',  ( 7.153498870007452406E-17, 1.000000000000000000, 0.000000000000000000 ) ) ;
#7464 = VECTOR ( 'NONE', #9763, 1000.000000000000000 ) ;
#7465 = DIRECTION ( 'NONE',  ( 5.782411586589356653E-16, 1.184965211890880193E-16, 1.000000000000000000 ) ) ;
#7466 = DIRECTION ( 'NONE',  ( 0.000000000000000000, 0.000000000000000000, -1.000000000000000000 ) ) ;
#7467 = VERTEX_POINT ( 'NONE', #1367 ) ;
#7468 = DIRECTION ( 'NONE',  ( 0.000000000000000000, 0.000000000000000000, -1.000000000000000000 ) ) ;
#7469 = VECTOR ( 'NONE', #7572, 1000.000000000000000 ) ;
#7470 = LINE ( 'NONE', #4246, #2403 ) ;
#7471 = EDGE_LOOP ( 'NONE', ( #7361, #4998, #8657, #9073, #6092, #8798, #6185, #6197, #501, #1080 ) ) ;
#7472 = LINE ( 'NONE', #6074, #3925 ) ;
#7473 = CARTESIAN_POINT ( 'NONE',  ( -20.27979468533740004, -13.04126298564354869, -7.443477256583276969 ) ) ;
#7474 = DIRECTION ( 'NONE',  ( -0.000000000000000000, -0.000000000000000000, -1.000000000000000000 ) ) ;
#7475 = VECTOR ( 'NONE', #1735, 1000.000000000000000 ) ;
#7476 = VECTOR ( 'NONE', #2043, 1000.000000000000000 ) ;
#7477 = DIRECTION ( 'NONE',  ( 7.153498870007452406E-17, -1.000000000000000000, 0.000000000000000000 ) ) ;
#7478 = CARTESIAN_POINT ( 'NONE',  ( -19.21628355443208491, 13.00884998933805647, -5.999313692493114303 ) ) ;
#7479 = ORIENTED_EDGE ( 'NONE', *, *, #3938, .F. ) ;
#7480 = LINE ( 'NONE', #1467, #5344 ) ;
#7481 = CARTESIAN_POINT ( 'NONE',  ( -18.45403043872878612, -13.99981809033345037, -7.721790184624001796 ) ) ;
#7482 = CARTESIAN_POINT ( 'NONE',  ( 13.95787185008154196, 15.09170413457011861, -2.578363405737500447 ) ) ;
#7483 = AXIS2_PLACEMENT_3D ( 'NONE', #5837, #8865, #3362 ) ;
#7484 = CARTESIAN_POINT ( 'NONE',  ( 18.66901581065695481, -12.74658010650013651, -5.949198631127146975 ) ) ;
#7485 = ORIENTED_EDGE ( 'NONE', *, *, #3218, .F. ) ;
#7486 = DIRECTION ( 'NONE',  ( -0.000000000000000000, 1.000000000000000000, 0.000000000000000000 ) ) ;
#7487 = CARTESIAN_POINT ( 'NONE',  ( -19.34164078633386552, -12.17082039325444320, -5.971999999961432160 ) ) ;
#7488 = AXIS2_PLACEMENT_3D ( 'NONE', #9901, #3595, #566 ) ;
#7489 = VECTOR ( 'NONE', #7957, 1000.000000000000000 ) ;
#7490 = DIRECTION ( 'NONE',  ( -7.153498870007452406E-17, -1.000000000000000000, 0.000000000000000000 ) ) ;
#7491 = ORIENTED_EDGE ( 'NONE', *, *, #9451, .T. ) ;
#7492 = CARTESIAN_POINT ( 'NONE',  ( 19.86815622112792923, 13.45901848489854657, -7.443151459274502280 ) ) ;
#7493 = CARTESIAN_POINT ( 'NONE',  ( -18.74732841344314593, -12.18707872646935009, -5.833939419832255169 ) ) ;
#7494 = CARTESIAN_POINT ( 'NONE',  ( -20.50000000000000000, 12.00000000000000000, -11.00000000000000000 ) ) ;
#7495 = ORIENTED_EDGE ( 'NONE', *, *, #1900, .T. ) ;
#7496 = EDGE_CURVE ( 'NONE', #3305, #4842, #9902, .T. ) ;
#7497 = CARTESIAN_POINT ( 'NONE',  ( 1.249999999999996447, 33.50000000000000000, -2.985999999999998877 ) ) ;
#7498 = CARTESIAN_POINT ( 'NONE',  ( -1.348076211353323783, -15.38411894523510171, -1.485999999999999099 ) ) ;
#7499 = ORIENTED_EDGE ( 'NONE', *, *, #5979, .F. ) ;
#7500 = DIRECTION ( 'NONE',  ( 1.000000000000000000, 0.000000000000000000, 0.000000000000000000 ) ) ;
#7501 = VECTOR ( 'NONE', #8901, 1000.000000000000000 ) ;
#7502 = CARTESIAN_POINT ( 'NONE',  ( -19.50000000000000000, 9.500000000000000000, -5.600000000000000533 ) ) ;
#7503 = CARTESIAN_POINT ( 'NONE',  ( 19.23473732353842891, -11.37248349180466711, -5.898292844446478611 ) ) ;
#7504 = ORIENTED_EDGE ( 'NONE', *, *, #5280, .T. ) ;
#7505 = ORIENTED_EDGE ( 'NONE', *, *, #9669, .T. ) ;
#7506 = CARTESIAN_POINT ( 'NONE',  ( -20.50017476783569492, 12.02345734632035246, -7.136966394662340285 ) ) ;
#7507 = VERTEX_POINT ( 'NONE', #9705 ) ;
#7508 = CARTESIAN_POINT ( 'NONE',  ( -20.50000000000000000, -11.96471150499631619, -7.722210941413527152 ) ) ;
#7509 = CARTESIAN_POINT ( 'NONE',  ( 18.38558711744486729, -13.99874594044776188, -8.110055481928267085 ) ) ;
#7510 = ORIENTED_EDGE ( 'NONE', *, *, #3243, .F. ) ;
#7511 = CIRCLE ( 'NONE', #3966, 0.6750000000000011546 ) ;
#7512 = LINE ( 'NONE', #9785, #8636 ) ;
#7513 = ADVANCED_FACE ( 'NONE', ( #571 ), #2040, .F. ) ;
#7514 = EDGE_CURVE ( 'NONE', #5767, #9883, #5122, .T. ) ;
#7515 = DIRECTION ( 'NONE',  ( 0.000000000000000000, 1.000000000000000000, 2.906723457586479957E-16 ) ) ;
#7516 = AXIS2_PLACEMENT_3D ( 'NONE', #7322, #1968, #400 ) ;
#7517 = LINE ( 'NONE', #3778, #5137 ) ;
#7518 = VERTEX_POINT ( 'NONE', #5938 ) ;
#7519 = ORIENTED_EDGE ( 'NONE', *, *, #3827, .F. ) ;
#7520 = DIRECTION ( 'NONE',  ( -7.153498870007452406E-17, -1.000000000000000000, -0.000000000000000000 ) ) ;
#7521 = EDGE_CURVE ( 'NONE', #8091, #3409, #4511, .T. ) ;
#7522 = CARTESIAN_POINT ( 'NONE',  ( 5.094999999999989093, -13.99999999999999822, -2.985999999999998877 ) ) ;
#7523 = ORIENTED_EDGE ( 'NONE', *, *, #6294, .F. ) ;
#7524 = CARTESIAN_POINT ( 'NONE',  ( 20.50000000000000000, -14.00000000000000000, -5.971999999999999531 ) ) ;
#7525 = DIRECTION ( 'NONE',  ( -0.000000000000000000, 1.000000000000000000, 0.000000000000000000 ) ) ;
#7526 = CARTESIAN_POINT ( 'NONE',  ( -20.31147373058890082, 12.02525960976930008, -6.481788163566969629 ) ) ;
#7527 = CARTESIAN_POINT ( 'NONE',  ( 19.49999999999999645, -1.499999999999997113, -5.599999999999999645 ) ) ;
#7528 = CARTESIAN_POINT ( 'NONE',  ( -18.25615691826737574, 12.73887407458984633, -5.879678043699434475 ) ) ;
#7529 = ORIENTED_EDGE ( 'NONE', *, *, #3390, .T. ) ;
#7530 = DIRECTION ( 'NONE',  ( -0.000000000000000000, 1.000000000000000000, -0.000000000000000000 ) ) ;
#7531 = B_SPLINE_SURFACE_WITH_KNOTS ( 'NONE', 3, 3, ( 
 ( #1831, #4927, #3446, #6590 ),
 ( #6499, #9606, #4255, #4877 ),
 ( #2692, #5784, #5690, #2598 ),
 ( #460, #1209, #2738, #5832 ),
 ( #7336, #278, #1067, #8092 ),
 ( #8856, #3552, #7247, #7292 ),
 ( #4111, #415, #9653, #8905 ),
 ( #1982, #1937, #3356, #321 ),
 ( #8808, #8763, #3405, #361 ),
 ( #7384, #5064, #9561, #2640 ),
 ( #9699, #6545, #8141, #5021 ) ),
 .UNSPECIFIED., .F., .F., .F.,
 ( 4, 3, 1, 3, 4 ),
 ( 4, 4 ),
 ( -0.1499999999999999944, 0.000000000000000000, 0.5714285714285709528, 1.000000000000000000, 1.149999999999999911 ),
 ( -1.483557860574799880, -1.459032203397679917 ),
 .UNSPECIFIED. ) ;
#7532 = EDGE_CURVE ( 'NONE', #8825, #3859, #2797, .T. ) ;
#7533 = CARTESIAN_POINT ( 'NONE',  ( -20.00729154587503800, -13.66190353582853056, -8.683574269830858228 ) ) ;
#7534 = CARTESIAN_POINT ( 'NONE',  ( 18.64614510395694680, -13.21835073908109415, -6.058959942778789021 ) ) ;
#7535 = EDGE_LOOP ( 'NONE', ( #922, #8790, #7744, #8273, #331 ) ) ;
#7536 = CARTESIAN_POINT ( 'NONE',  ( 19.91421356237309581, 13.41421356237309404, -5.971999999999999531 ) ) ;
#7537 = DIRECTION ( 'NONE',  ( 0.000000000000000000, 1.000000000000000000, 0.000000000000000000 ) ) ;
#7538 = PLANE ( 'NONE',  #2497 ) ;
#7539 = VERTEX_POINT ( 'NONE', #2239 ) ;
#7540 = DIRECTION ( 'NONE',  ( -0.000000000000000000, 1.000000000000000000, -0.000000000000000000 ) ) ;
#7541 = CARTESIAN_POINT ( 'NONE',  ( -18.98567396050620459, -12.25361039074268987, -5.913701103038556006 ) ) ;
#7542 = CARTESIAN_POINT ( 'NONE',  ( -20.55346307255046767, -9.499999999999998224, -7.500000000000000000 ) ) ;
#7543 = ORIENTED_EDGE ( 'NONE', *, *, #4601, .T. ) ;
#7544 = PLANE ( 'NONE',  #4495 ) ;
#7545 = FACE_BOUND ( 'NONE', #4940, .T. ) ;
#7546 = ORIENTED_EDGE ( 'NONE', *, *, #5673, .T. ) ;
#7547 = LINE ( 'NONE', #2203, #3144 ) ;
#7548 = VECTOR ( 'NONE', #7774, 1000.000000000000000 ) ;
#7549 = CARTESIAN_POINT ( 'NONE',  ( -18.68999841643058346, -12.14060112190955820, -5.809146343906425258 ) ) ;
#7550 = EDGE_CURVE ( 'NONE', #3857, #378, #5989, .T. ) ;
#7551 = VECTOR ( 'NONE', #4997, 1000.000000000000000 ) ;
#7552 = CARTESIAN_POINT ( 'NONE',  ( -13.11999999999999922, 33.50000000000000000, -2.986000000000068155 ) ) ;
#7553 = CARTESIAN_POINT ( 'NONE',  ( 18.95934431217300542, -11.99037518401310187, -5.872255827043093568 ) ) ;
#7554 = VERTEX_POINT ( 'NONE', #1474 ) ;
#7555 = VERTEX_POINT ( 'NONE', #515 ) ;
#7556 = CARTESIAN_POINT ( 'NONE',  ( -18.77760104107384720, 12.72109809799619740, -5.958796283568083219 ) ) ;
#7557 = ORIENTED_EDGE ( 'NONE', *, *, #9216, .T. ) ;
#7558 = CARTESIAN_POINT ( 'NONE',  ( -20.49993110507888971, -12.24958271556552525, -7.560480436378296254 ) ) ;
#7559 = CARTESIAN_POINT ( 'NONE',  ( 18.29204478713232973, -13.99810524295066472, -8.982739093333657721 ) ) ;
#7560 = VERTEX_POINT ( 'NONE', #5888 ) ;
#7561 = VECTOR ( 'NONE', #8262, 1000.000000000000000 ) ;
#7562 = EDGE_CURVE ( 'NONE', #2145, #3183, #6646, .T. ) ;
#7563 = CARTESIAN_POINT ( 'NONE',  ( 19.19763765730053962, -12.45882676826613000, -5.972000013733019586 ) ) ;
#7564 = VECTOR ( 'NONE', #6711, 1000.000000000000000 ) ;
#7565 = DIRECTION ( 'NONE',  ( -0.000000000000000000, 1.000000000000000000, -0.000000000000000000 ) ) ;
#7566 = VERTEX_POINT ( 'NONE', #5173 ) ;
#7567 = ORIENTED_EDGE ( 'NONE', *, *, #3564, .T. ) ;
#7568 = DIRECTION ( 'NONE',  ( 0.000000000000000000, -2.906723457586479957E-16, 1.000000000000000000 ) ) ;
#7569 = ADVANCED_FACE ( 'NONE', ( #3748 ), #3599, .F. ) ;
#7570 = DIRECTION ( 'NONE',  ( -0.000000000000000000, -0.000000000000000000, -1.000000000000000000 ) ) ;
#7571 = ORIENTED_EDGE ( 'NONE', *, *, #2970, .F. ) ;
#7572 = DIRECTION ( 'NONE',  ( 0.000000000000000000, -1.000000000000000000, 0.000000000000000000 ) ) ;
#7573 = CARTESIAN_POINT ( 'NONE',  ( 20.40867046672205021, 11.96810051384202112, -6.808759936790022671 ) ) ;
#7574 = VECTOR ( 'NONE', #5446, 1000.000000000000000 ) ;
#7575 = CARTESIAN_POINT ( 'NONE',  ( -20.50000374330328512, 11.91679896986425291, -7.430191198788199003 ) ) ;
#7576 = ADVANCED_FACE ( 'NONE', ( #3701 ), #6846, .F. ) ;
#7577 = CARTESIAN_POINT ( 'NONE',  ( -19.50000000000000000, 11.66417469264724538, -4.844961523184159624 ) ) ;
#7578 = EDGE_LOOP ( 'NONE', ( #3728, #1483, #2150, #1670 ) ) ;
#7579 = CARTESIAN_POINT ( 'NONE',  ( -18.66935281556190418, 12.89528709615627378, -5.984462201648138802 ) ) ;
#7580 = CARTESIAN_POINT ( 'NONE',  ( 19.24370777992293569, 12.17349950195820618, -5.949249863340306810 ) ) ;
#7581 = VECTOR ( 'NONE', #7158, 1000.000000000000000 ) ;
#7582 = CARTESIAN_POINT ( 'NONE',  ( -18.46471150499642633, -14.00000000000000000, -7.722210941413506724 ) ) ;
#7583 = DIRECTION ( 'NONE',  ( 0.000000000000000000, 0.000000000000000000, -1.000000000000000000 ) ) ;
#7584 = B_SPLINE_CURVE_WITH_KNOTS ( 'NONE', 3,
 ( #5812, #1960, #438, #8167 ),
 .UNSPECIFIED., .F., .F.,
 ( 4, 4 ),
 ( -3.752874160174896597E-16, 0.3169613008592360726 ),
 .UNSPECIFIED. ) ;
#7585 = CARTESIAN_POINT ( 'NONE',  ( 18.96447124758299907, -13.99258172403290068, -7.145513057455049832 ) ) ;
#7586 = VERTEX_POINT ( 'NONE', #1266 ) ;
#7587 = CARTESIAN_POINT ( 'NONE',  ( -20.50000000000000000, 14.00000000000000000, -7.500000000000000000 ) ) ;
#7588 = CARTESIAN_POINT ( 'NONE',  ( 20.50000000000000000, -5.957245370484149540E-15, -7.721999999999999531 ) ) ;
#7589 = DIRECTION ( 'NONE',  ( -0.000000000000000000, 1.000000000000000000, -0.000000000000000000 ) ) ;
#7590 = CARTESIAN_POINT ( 'NONE',  ( 18.06049552401169578, -14.00000000000000000, -11.15468412880271565 ) ) ;
#7591 = ORIENTED_EDGE ( 'NONE', *, *, #8508, .T. ) ;
#7592 = FACE_OUTER_BOUND ( 'NONE', #3191, .T. ) ;
#7593 = CARTESIAN_POINT ( 'NONE',  ( -18.67358114889227494, -12.17242045575273401, -5.877779352474967745 ) ) ;
#7594 = EDGE_LOOP ( 'NONE', ( #6815, #5349, #9672, #5580, #5146, #850, #194, #2464, #8348, #6897, #5608, #2885, #3360, #1279, #745, #7215, #6382, #9982, #700, #2183, #2067, #3704, #621 ) ) ;
#7595 = LINE ( 'NONE', #1378, #5256 ) ;
#7596 = ORIENTED_EDGE ( 'NONE', *, *, #3559, .T. ) ;
#7597 = LINE ( 'NONE', #9868, #5235 ) ;
#7598 = ADVANCED_FACE ( 'NONE', ( #468 ), #6796, .F. ) ;
#7599 = CARTESIAN_POINT ( 'NONE',  ( -18.69836207188663124, -11.83487335422376674, -5.738124849329434340 ) ) ;
#7600 = CARTESIAN_POINT ( 'NONE',  ( 20.55346307255046767, -11.00000000000000000, -7.500000000000000000 ) ) ;
#7601 = CARTESIAN_POINT ( 'NONE',  ( 18.00000000000000000, -12.41965672770930773, -5.766817668373629857 ) ) ;
#7602 = ORIENTED_EDGE ( 'NONE', *, *, #9527, .F. ) ;
#7603 = ORIENTED_EDGE ( 'NONE', *, *, #3644, .T. ) ;
#7604 = CARTESIAN_POINT ( 'NONE',  ( -20.26284508525790073, 12.59175051905799769, -6.466903959866900031 ) ) ;
#7605 = ORIENTED_EDGE ( 'NONE', *, *, #6789, .T. ) ;
#7606 = CARTESIAN_POINT ( 'NONE',  ( 25.50000000000000000, 9.500000000000000000, -0.3905608506924039824 ) ) ;
#7607 = CARTESIAN_POINT ( 'NONE',  ( 18.21712902038618864, -13.99734716137801094, -9.607204943946856091 ) ) ;
#7608 = ORIENTED_EDGE ( 'NONE', *, *, #1440, .T. ) ;
#7609 = PRODUCT_DEFINITION_SHAPE ( 'NONE', 'NONE',  #4232 ) ;
#7610 = DIRECTION ( 'NONE',  ( 0.000000000000000000, 2.906723457586479957E-16, -1.000000000000000000 ) ) ;
#7611 = DIRECTION ( 'NONE',  ( 7.153498870007453638E-17, 1.000000000000000000, 0.000000000000000000 ) ) ;
#7612 = ORIENTED_EDGE ( 'NONE', *, *, #7657, .T. ) ;
#7613 = ORIENTED_EDGE ( 'NONE', *, *, #7153, .F. ) ;
#7614 = CARTESIAN_POINT ( 'NONE',  ( 18.61210951790379653, 13.80238642397210036, -6.470554027830970334 ) ) ;
#7615 = CARTESIAN_POINT ( 'NONE',  ( 18.50000000000000000, -12.00000000000000000, -5.971999999999999531 ) ) ;
#7616 = VERTEX_POINT ( 'NONE', #9159 ) ;
#7617 = CARTESIAN_POINT ( 'NONE',  ( 20.50000000000000000, -14.00000000000000000, -7.500000000000000000 ) ) ;
#7618 = EDGE_CURVE ( 'NONE', #3348, #4176, #5327, .T. ) ;
#7619 = VECTOR ( 'NONE', #3490, 1000.000000000000000 ) ;
#7620 = CARTESIAN_POINT ( 'NONE',  ( 19.78418022859426273, 11.89213582416548043, -6.113922116494062031 ) ) ;
#7621 = FACE_OUTER_BOUND ( 'NONE', #864, .T. ) ;
#7622 = EDGE_CURVE ( 'NONE', #4364, #9151, #2943, .T. ) ;
#7623 = VECTOR ( 'NONE', #5127, 1000.000000000000000 ) ;
#7624 = CARTESIAN_POINT ( 'NONE',  ( -1.749999999999986455, -16.50000000000000000, -11.00000000000000000 ) ) ;
#7625 = VERTEX_POINT ( 'NONE', #7487 ) ;
#7626 = CARTESIAN_POINT ( 'NONE',  ( -23.00000000000000000, -11.86754886233890005, -9.500000000000000000 ) ) ;
#7627 = CARTESIAN_POINT ( 'NONE',  ( 25.49999999999999645, -11.86754886233890005, -9.500000000000000000 ) ) ;
#7628 = CARTESIAN_POINT ( 'NONE',  ( -18.38005609877012247, -14.00000000000000000, -8.441077650574111857 ) ) ;
#7629 = LINE ( 'NONE', #4556, #2008 ) ;
#7630 = CARTESIAN_POINT ( 'NONE',  ( 19.35642635968009984, -12.91908932228129991, -6.043099593843130002 ) ) ;
#7631 = ORIENTED_EDGE ( 'NONE', *, *, #7207, .T. ) ;
#7632 = CARTESIAN_POINT ( 'NONE',  ( 18.00000000000000711, 14.00000000000000000, 0.000000000000000000 ) ) ;
#7633 = LINE ( 'NONE', #4010, #2329 ) ;
#7634 = VECTOR ( 'NONE', #1867, 1000.000000000000000 ) ;
#7635 = ADVANCED_FACE ( 'NONE', ( #2191 ), #5272, .F. ) ;
#7636 = EDGE_CURVE ( 'NONE', #2114, #5211, #5218, .T. ) ;
#7637 = CARTESIAN_POINT ( 'NONE',  ( -20.50000000000000000, 1.500000000000000000, 0.000000000000000000 ) ) ;
#7638 = CARTESIAN_POINT ( 'NONE',  ( 20.50000000000000000, 1.499999999999999778, -9.500000000000000000 ) ) ;
#7639 = ORIENTED_EDGE ( 'NONE', *, *, #6176, .F. ) ;
#7640 = VECTOR ( 'NONE', #957, 1000.000000000000000 ) ;
#7641 = CARTESIAN_POINT ( 'NONE',  ( 19.46298713675067305, 13.75841334591321541, -7.440851041462486215 ) ) ;
#7642 = AXIS2_PLACEMENT_3D ( 'NONE', #3801, #7054, #7797 ) ;
#7643 = CARTESIAN_POINT ( 'NONE',  ( -16.74999999999998579, -16.49999999999999645, 5.028000000000000469 ) ) ;
#7644 = CARTESIAN_POINT ( 'NONE',  ( 18.00000000000000711, 14.00000000000000000, -7.386213562373100672 ) ) ;
#7645 = EDGE_CURVE ( 'NONE', #3881, #377, #7633, .T. ) ;
#7646 = CARTESIAN_POINT ( 'NONE',  ( -20.50000000000000000, -6.038926451653769130E-15, -7.721999999999999531 ) ) ;
#7647 = CARTESIAN_POINT ( 'NONE',  ( -19.47463121023807631, -11.78797962979692748, -5.403986561655048426 ) ) ;
#7648 = ORIENTED_EDGE ( 'NONE', *, *, #1770, .T. ) ;
#7649 = CARTESIAN_POINT ( 'NONE',  ( 15.54916323987009008, 14.83527604566078217, -4.687165435013698200 ) ) ;
#7650 = CIRCLE ( 'NONE', #3306, 12.00000000000000000 ) ;
#7651 = CARTESIAN_POINT ( 'NONE',  ( -18.00000000000000000, -12.92037843194392899, -5.943849524649423621 ) ) ;
#7652 = AXIS2_PLACEMENT_3D ( 'NONE', #9385, #4846, #4797 ) ;
#7653 = DIRECTION ( 'NONE',  ( -0.7071067811865474617, 0.7071067811865474617, 0.000000000000000000 ) ) ;
#7654 = CARTESIAN_POINT ( 'NONE',  ( 18.52470135023393638, -11.98458045885381651, -5.686267808571047411 ) ) ;
#7655 = EDGE_LOOP ( 'NONE', ( #4319, #5195, #2158, #451, #125, #3658, #4478, #1701 ) ) ;
#7656 = AXIS2_PLACEMENT_3D ( 'NONE', #2889, #5985, #7583 ) ;
#7657 = EDGE_CURVE ( 'NONE', #1406, #4078, #8134, .T. ) ;
#7658 = VECTOR ( 'NONE', #5988, 1000.000000000000000 ) ;
#7659 = ORIENTED_EDGE ( 'NONE', *, *, #4897, .T. ) ;
#7660 = ADVANCED_FACE ( 'NONE', ( #122 ), #4561, .F. ) ;
#7661 = CARTESIAN_POINT ( 'NONE',  ( -19.20011310347922873, 12.31388043837088553, -5.959027489300546598 ) ) ;
#7662 = EDGE_LOOP ( 'NONE', ( #8588, #9094, #3299, #5867 ) ) ;
#7663 = CARTESIAN_POINT ( 'NONE',  ( -20.50003197350909900, -11.86524349888629892, -7.130104398247599562 ) ) ;
#7664 = CARTESIAN_POINT ( 'NONE',  ( 18.24245987449060991, -14.00000000000000000, -9.609500901363480452 ) ) ;
#7665 = FACE_OUTER_BOUND ( 'NONE', #4386, .T. ) ;
#7666 = DIRECTION ( 'NONE',  ( -1.000000000000000000, 0.000000000000000000, 0.000000000000000000 ) ) ;
#7667 = ORIENTED_EDGE ( 'NONE', *, *, #3944, .F. ) ;
#7668 = ORIENTED_EDGE ( 'NONE', *, *, #3488, .F. ) ;
#7669 = CARTESIAN_POINT ( 'NONE',  ( 18.67082039324979803, 12.84164078649989982, -5.971999999999999531 ) ) ;
#7670 = CARTESIAN_POINT ( 'NONE',  ( 17.31999999999998963, 13.99999999999999822, -2.986000000000068155 ) ) ;
#7671 = VECTOR ( 'NONE', #7234, 1000.000000000000000 ) ;
#7672 = ORIENTED_EDGE ( 'NONE', *, *, #5028, .T. ) ;
#7673 = FACE_OUTER_BOUND ( 'NONE', #6936, .T. ) ;
#7674 = LINE ( 'NONE', #9996, #2164 ) ;
#7675 = CARTESIAN_POINT ( 'NONE',  ( -19.20036547676982153, -12.45337101271039160, -5.971999999999999531 ) ) ;
#7676 = CIRCLE ( 'NONE', #4456, 0.6750000000000011546 ) ;
#7677 = EDGE_CURVE ( 'NONE', #31, #7283, #64, .T. ) ;
#7678 = LINE ( 'NONE', #8496, #4191 ) ;
#7679 = ORIENTED_EDGE ( 'NONE', *, *, #8451, .T. ) ;
#7680 = LINE ( 'NONE', #7738, #8236 ) ;
#7681 = CARTESIAN_POINT ( 'NONE',  ( 19.14726102814421438, 12.17446977898217675, -5.926448384115414747 ) ) ;
#7682 = CARTESIAN_POINT ( 'NONE',  ( -18.17811895922177001, -13.99562097974511943, -9.823364242166730875 ) ) ;
#7683 = DIRECTION ( 'NONE',  ( 0.000000000000000000, 2.906723457586479957E-16, -1.000000000000000000 ) ) ;
#7684 = CARTESIAN_POINT ( 'NONE',  ( 20.49965660682281055, -11.92304894080332112, -7.981388257924224128 ) ) ;
#7685 = CIRCLE ( 'NONE', #3342, 2.000000000000005329 ) ;
#7686 = EDGE_LOOP ( 'NONE', ( #2044, #3670, #7162, #1489 ) ) ;
#7687 = LINE ( 'NONE', #8559, #564 ) ;
#7688 = ADVANCED_FACE ( 'NONE', ( #4663 ), #8663, .F. ) ;
#7689 = AXIS2_PLACEMENT_3D ( 'NONE', #5236, #9722, #2057 ) ;
#7690 = DIRECTION ( 'NONE',  ( 0.000000000000000000, -1.000000000000000000, -0.000000000000000000 ) ) ;
#7691 = CARTESIAN_POINT ( 'NONE',  ( 18.01760191865371397, -13.99320920703443072, -11.14945307498062732 ) ) ;
#7692 = EDGE_LOOP ( 'NONE', ( #3667, #2940, #2214, #1036, #4572, #1239, #2476, #4159, #3729, #9329 ) ) ;
#7693 = DIRECTION ( 'NONE',  ( 1.000000000000000000, 1.992221491941909864E-18, -4.579663590744439848E-16 ) ) ;
#7694 = CARTESIAN_POINT ( 'NONE',  ( -18.67746787708623302, -12.59864651148597403, -5.915551687451309881 ) ) ;
#7695 = EDGE_CURVE ( 'NONE', #4353, #4965, #5942, .T. ) ;
#7696 = ORIENTED_EDGE ( 'NONE', *, *, #6065, .F. ) ;
#7697 = CARTESIAN_POINT ( 'NONE',  ( 20.50000000000000000, -11.86754886233890005, -9.500000000000000000 ) ) ;
#7698 = ORIENTED_EDGE ( 'NONE', *, *, #7695, .F. ) ;
#7699 = ADVANCED_FACE ( 'NONE', ( #3850 ), #720, .F. ) ;
#7700 = CARTESIAN_POINT ( 'NONE',  ( 14.09630086605081267, 14.99904958137429212, -3.765908726599217271 ) ) ;
#7701 = B_SPLINE_SURFACE_WITH_KNOTS ( 'NONE', 3, 3, ( 
 ( #2435, #56, #2984, #9254, #3138, #6235, #1468, #757, #8500, #2284, #661 ),
 ( #8445, #1514, #7681, #2335, #6287, #9305, #4710, #859, #3949, #1566, #4656 ),
 ( #115, #9354, #4505, #7580, #3742, #6082, #5320, #6336, #4964, #5528, #4149 ),
 ( #6534, #8656, #9403, #1729, #4816, #3347, #3396, #7096, #6392, #9509, #1058 ),
 ( #2487, #2587, #5680, #5579, #7896, #964, #352, #1104, #2632, #5725, #8800 ),
 ( #162, #4052, #7991, #3438, #312, #6490, #7147, #4200, #5632, #1875, #8753 ),
 ( #2542, #7285, #9554, #911, #9458, #212, #1011, #4100, #7238, #3295, #8036 ),
 ( #8706, #6444, #7191, #1777, #9596, #1822, #4915, #8601, #7942, #1669, #4003 ),
 ( #4763, #3248, #4865, #267, #7840, #2125, #9645, #2780, #8897, #500, #3684 ),
 ( #3634, #4442, #5055, #9743, #5204, #2731, #5823, #9691, #5870, #2830, #3585 ),
 ( #8994, #404, #6729, #8086, #1199, #1973, #5105, #8128, #9793, #5012, #4293 ) ),
 .UNSPECIFIED., .F., .F., .F.,
 ( 4, 3, 1, 3, 4 ),
 ( 4, 3, 1, 3, 4 ),
 ( -0.1499999999999999944, 0.000000000000000000, 0.5714285714285709528, 1.000000000000000000, 1.149999999999999911 ),
 ( -0.4374569860598543913, -0.4366749960777499551, -0.3919898542432090349, -0.3584759978673039971, -0.3576861879853784898 ),
 .UNSPECIFIED. ) ;
#7702 = CARTESIAN_POINT ( 'NONE',  ( 19.39658113643807269, 11.98385860347047327, -5.963730141407312502 ) ) ;
#7703 = CARTESIAN_POINT ( 'NONE',  ( -18.67245420142895895, -12.78191803368739521, -5.958126222040270648 ) ) ;
#7704 = EDGE_CURVE ( 'NONE', #2173, #3919, #6211, .T. ) ;
#7705 = DIRECTION ( 'NONE',  ( 0.000000000000000000, 1.000000000000000000, -0.000000000000000000 ) ) ;
#7706 = CARTESIAN_POINT ( 'NONE',  ( -20.50000000000000000, -6.038926451653769130E-15, -7.721999999999999531 ) ) ;
#7707 = LINE ( 'NONE', #6204, #6573 ) ;
#7708 = VECTOR ( 'NONE', #7177, 1000.000000000000000 ) ;
#7709 = CARTESIAN_POINT ( 'NONE',  ( 18.00000000000000000, -12.05616549078002997, -5.638304109106339723 ) ) ;
#7710 = EDGE_LOOP ( 'NONE', ( #9867, #6365, #7274, #6550 ) ) ;
#7711 = ORIENTED_EDGE ( 'NONE', *, *, #7947, .F. ) ;
#7712 = CARTESIAN_POINT ( 'NONE',  ( -19.71838587819122068, 12.14600511031252594, -6.058962775279606028 ) ) ;
#7713 = ORIENTED_EDGE ( 'NONE', *, *, #7792, .F. ) ;
#7714 =( LENGTH_UNIT ( ) NAMED_UNIT ( * ) SI_UNIT ( .MILLI., .METRE. ) );
#7715 = CARTESIAN_POINT ( 'NONE',  ( 20.49673995934941573, -11.66067848801018059, -10.07504890152569743 ) ) ;
#7716 = CIRCLE ( 'NONE', #9013, 0.6750000000000002665 ) ;
#7717 = EDGE_CURVE ( 'NONE', #7062, #6555, #7746, .T. ) ;
#7718 = CARTESIAN_POINT ( 'NONE',  ( 19.50000000000000000, 11.87403512806227290, -5.987846091737221599 ) ) ;
#7719 = B_SPLINE_CURVE_WITH_KNOTS ( 'NONE', 3,
 ( #1763, #4853, #4089, #6478, #8968, #255, #9494, #2752, #4314, #7883 ),
 .UNSPECIFIED., .F., .F.,
 ( 4, 3, 3, 4 ),
 ( 0.000000000000000000, 8.793192379540015703E-05, 0.0001758638475969025291, 0.0003198707313243461187 ),
 .UNSPECIFIED. ) ;
#7720 = DIRECTION ( 'NONE',  ( 1.000000000000000000, 0.000000000000000000, 0.000000000000000000 ) ) ;
#7721 = CARTESIAN_POINT ( 'NONE',  ( -9.855000000000002203, 16.50000000000000000, -2.986000000000040178 ) ) ;
#7722 = DIRECTION ( 'NONE',  ( 1.000000000000000000, 0.000000000000000000, 0.000000000000000000 ) ) ;
#7723 = ORIENTED_EDGE ( 'NONE', *, *, #1265, .T. ) ;
#7724 = ORIENTED_EDGE ( 'NONE', *, *, #5418, .T. ) ;
#7725 = CARTESIAN_POINT ( 'NONE',  ( 18.00000000000000000, 14.00000000000000000, -7.478535518673660398 ) ) ;
#7726 = FACE_OUTER_BOUND ( 'NONE', #5095, .T. ) ;
#7727 = ORIENTED_EDGE ( 'NONE', *, *, #6660, .F. ) ;
#7728 = VECTOR ( 'NONE', #4388, 1000.000000000000000 ) ;
#7729 = CARTESIAN_POINT ( 'NONE',  ( -19.90278515097723044, 13.42564189414238385, -7.443196338957082325 ) ) ;
#7730 = CARTESIAN_POINT ( 'NONE',  ( -13.11999999999999922, 33.50000000000000000, -2.986000000000068155 ) ) ;
#7731 = EDGE_CURVE ( 'NONE', #9108, #5294, #1678, .T. ) ;
#7732 = CARTESIAN_POINT ( 'NONE',  ( -18.70921868023943091, -12.73974151550558709, -5.951734332111916714 ) ) ;
#7733 = EDGE_CURVE ( 'NONE', #8047, #3630, #4772, .T. ) ;
#7734 = VECTOR ( 'NONE', #8744, 1000.000000000000000 ) ;
#7735 = AXIS2_PLACEMENT_3D ( 'NONE', #6282, #9400, #1774 ) ;
#7736 = CARTESIAN_POINT ( 'NONE',  ( -18.15082543201780396, 14.00000000000000000, -7.663179431274779851 ) ) ;
#7737 = ORIENTED_EDGE ( 'NONE', *, *, #5494, .F. ) ;
#7738 = CARTESIAN_POINT ( 'NONE',  ( -23.00000000000000000, -2.500000000000001332, -5.599999999999999645 ) ) ;
#7739 = FACE_OUTER_BOUND ( 'NONE', #4657, .T. ) ;
#7740 = ORIENTED_EDGE ( 'NONE', *, *, #972, .T. ) ;
#7741 = DIRECTION ( 'NONE',  ( 1.000000000000000000, 0.000000000000000000, 0.000000000000000000 ) ) ;
#7742 = LINE ( 'NONE', #7791, #9058 ) ;
#7743 = CARTESIAN_POINT ( 'NONE',  ( 20.51040795647163861, -12.57582841203560164, -7.746284529328288038 ) ) ;
#7744 = ORIENTED_EDGE ( 'NONE', *, *, #8694, .F. ) ;
#7745 = LINE ( 'NONE', #5325, #3628 ) ;
#7746 = LINE ( 'NONE', #815, #3775 ) ;
#7747 = CARTESIAN_POINT ( 'NONE',  ( 1.249999999999995115, 14.00000000000000000, -2.985999999999998877 ) ) ;
#7748 = VECTOR ( 'NONE', #4677, 1000.000000000000000 ) ;
#7749 = DIRECTION ( 'NONE',  ( 0.000000000000000000, -1.000000000000000000, 0.000000000000000000 ) ) ;
#7750 = ORIENTED_EDGE ( 'NONE', *, *, #8424, .T. ) ;
#7751 = CARTESIAN_POINT ( 'NONE',  ( 20.50000000000000000, 12.00000000000000000, -8.972000000000001307 ) ) ;
#7752 = CARTESIAN_POINT ( 'NONE',  ( -18.66247737032317389, -12.84581229796326163, -5.971999999999999531 ) ) ;
#7753 = DIRECTION ( 'NONE',  ( -7.153498870007452406E-17, -1.000000000000000000, -0.000000000000000000 ) ) ;
#7754 = ORIENTED_EDGE ( 'NONE', *, *, #4034, .T. ) ;
#7755 = CARTESIAN_POINT ( 'NONE',  ( 18.66935259978946959, 12.89528713479297295, -5.984462189669200960 ) ) ;
#7756 = EDGE_CURVE ( 'NONE', #8576, #5790, #7848, .T. ) ;
#7757 = CARTESIAN_POINT ( 'NONE',  ( 20.50000000000000000, 11.75443152865247320, -7.413823840449195401 ) ) ;
#7758 = VECTOR ( 'NONE', #4160, 1000.000000000000000 ) ;
#7759 = CARTESIAN_POINT ( 'NONE',  ( -18.32328925778107376, -14.00004348294205414, -7.498428399345092643 ) ) ;
#7760 = EDGE_CURVE ( 'NONE', #3001, #3868, #3040, .T. ) ;
#7761 = LINE ( 'NONE', #986, #2167 ) ;
#7762 = B_SPLINE_CURVE_WITH_KNOTS ( 'NONE', 3,
 ( #1879, #5587, #7152, #6399 ),
 .UNSPECIFIED., .F., .F.,
 ( 4, 4 ),
 ( 0.9178322322663995392, 1.000000000370622644 ),
 .UNSPECIFIED. ) ;
#7763 = DIRECTION ( 'NONE',  ( 1.000000000000000000, -8.673617379884035472E-17, 0.000000000000000000 ) ) ;
#7764 = CARTESIAN_POINT ( 'NONE',  ( 18.15619865236658015, -14.00000000000000000, -7.570857474974220125 ) ) ;
#7765 = ORIENTED_EDGE ( 'NONE', *, *, #920, .F. ) ;
#7766 = VERTEX_POINT ( 'NONE', #3256 ) ;
#7767 = PLANE ( 'NONE',  #411 ) ;
#7768 = ORIENTED_EDGE ( 'NONE', *, *, #3218, .T. ) ;
#7769 = DIRECTION ( 'NONE',  ( -1.000000000000000000, -1.992221491941909864E-18, 4.579663590744439848E-16 ) ) ;
#7770 = CARTESIAN_POINT ( 'NONE',  ( 18.28154829997662745, -13.99893776063099082, -9.172951225251310348 ) ) ;
#7771 = CARTESIAN_POINT ( 'NONE',  ( 19.48443112042753711, 11.87323282484477538, -5.982347446191625728 ) ) ;
#7772 = FACE_BOUND ( 'NONE', #6433, .T. ) ;
#7773 = EDGE_CURVE ( 'NONE', #9827, #8102, #2496, .T. ) ;
#7774 = DIRECTION ( 'NONE',  ( -7.153498870007452406E-17, -1.000000000000000000, -0.000000000000000000 ) ) ;
#7775 = ORIENTED_EDGE ( 'NONE', *, *, #6294, .T. ) ;
#7776 = ORIENTED_EDGE ( 'NONE', *, *, #5352, .T. ) ;
#7777 = CARTESIAN_POINT ( 'NONE',  ( 18.21904495642319688, 13.83424441322330090, -6.506461368959409519 ) ) ;
#7778 = CARTESIAN_POINT ( 'NONE',  ( 20.50000000000000000, 12.00000000000000000, -7.422552296971640651 ) ) ;
#7779 = ORIENTED_EDGE ( 'NONE', *, *, #594, .T. ) ;
#7780 = CARTESIAN_POINT ( 'NONE',  ( -19.86163393890149109, 13.46502165985562804, -7.443134233332027172 ) ) ;
#7781 = EDGE_CURVE ( 'NONE', #6487, #4943, #8641, .T. ) ;
#7782 = CARTESIAN_POINT ( 'NONE',  ( 20.12972855652493465, 11.92911795048521562, -6.418392580239739686 ) ) ;
#7783 = CARTESIAN_POINT ( 'NONE',  ( -18.28456738539957271, -13.02133958911608147, -5.978244713262011345 ) ) ;
#7784 = CARTESIAN_POINT ( 'NONE',  ( 18.16709732566789981, -14.00000000000000533, -7.386213562373103336 ) ) ;
#7785 = DIRECTION ( 'NONE',  ( 0.000000000000000000, 2.906723457586479957E-16, -1.000000000000000000 ) ) ;
#7786 = VERTEX_POINT ( 'NONE', #2695 ) ;
#7787 = LINE ( 'NONE', #114, #4528 ) ;
#7788 = PLANE ( 'NONE',  #3041 ) ;
#7789 = VERTEX_POINT ( 'NONE', #1022 ) ;
#7790 = DIRECTION ( 'NONE',  ( -0.000000000000000000, 1.000000000000000000, -0.000000000000000000 ) ) ;
#7791 = CARTESIAN_POINT ( 'NONE',  ( 20.50000000000000000, -9.500000000000000000, -9.500000000000000000 ) ) ;
#7792 = EDGE_CURVE ( 'NONE', #6866, #6868, #1889, .T. ) ;
#7793 = CARTESIAN_POINT ( 'NONE',  ( 18.48823716833161157, -14.00000000000000000, -7.522438511785580317 ) ) ;
#7794 = ORIENTED_EDGE ( 'NONE', *, *, #2800, .F. ) ;
#7795 = CARTESIAN_POINT ( 'NONE',  ( -19.50000000000000000, -14.00000000000000000, 0.000000000000000000 ) ) ;
#7796 = VECTOR ( 'NONE', #5825, 1000.000000000000000 ) ;
#7797 = DIRECTION ( 'NONE',  ( 1.000000000000000000, 0.000000000000000000, 0.000000000000000000 ) ) ;
#7798 = DIRECTION ( 'NONE',  ( -0.000000000000000000, -0.000000000000000000, -1.000000000000000000 ) ) ;
#7799 = VERTEX_POINT ( 'NONE', #8721 ) ;
#7800 = DIRECTION ( 'NONE',  ( 0.000000000000000000, 0.000000000000000000, -1.000000000000000000 ) ) ;
#7801 = CARTESIAN_POINT ( 'NONE',  ( -19.08173045836097970, -12.28060793242486781, -5.934004737274248598 ) ) ;
#7802 = CARTESIAN_POINT ( 'NONE',  ( 0.3788303364433334153, 14.78644154941058275, -5.860044864516354757 ) ) ;
#7803 = EDGE_LOOP ( 'NONE', ( #4174, #9291, #3260, #909 ) ) ;
#7804 = CARTESIAN_POINT ( 'NONE',  ( 19.74731051316319963, 12.07264491529999972, -6.068063582624739105 ) ) ;
#7805 = CARTESIAN_POINT ( 'NONE',  ( -18.46471150499630909, -14.00000000000000000, -7.722210941413506724 ) ) ;
#7806 = VECTOR ( 'NONE', #8041, 1000.000000000000000 ) ;
#7807 = AXIS2_PLACEMENT_3D ( 'NONE', #4357, #7442, #2193 ) ;
#7808 = CARTESIAN_POINT ( 'NONE',  ( 0.000000000000000000, 0.000000000000000000, 0.000000000000000000 ) ) ;
#7809 = EDGE_CURVE ( 'NONE', #8875, #6477, #8765, .T. ) ;
#7810 = CARTESIAN_POINT ( 'NONE',  ( 23.50000000000000355, 16.50000000000000000, 0.000000000000000000 ) ) ;
#7811 = CARTESIAN_POINT ( 'NONE',  ( 18.69786576175201276, -13.99971143121151940, -7.911751420412484137 ) ) ;
#7812 = ORIENTED_EDGE ( 'NONE', *, *, #3255, .T. ) ;
#7813 = ORIENTED_EDGE ( 'NONE', *, *, #145, .F. ) ;
#7814 = CARTESIAN_POINT ( 'NONE',  ( 19.50000000000000000, -11.50000000000000000, -5.600000000000000533 ) ) ;
#7815 = EDGE_LOOP ( 'NONE', ( #3617, #5001, #9524, #313 ) ) ;
#7816 = AXIS2_PLACEMENT_3D ( 'NONE', #4435, #9834, #8119 ) ;
#7817 = CARTESIAN_POINT ( 'NONE',  ( 20.60961959033569357, -12.41226194658760917, -10.66577955010152934 ) ) ;
#7818 = ADVANCED_FACE ( 'NONE', ( #1833 ), #4879, .F. ) ;
#7819 = CIRCLE ( 'NONE', #9903, 1.249999999999992450 ) ;
#7820 = CARTESIAN_POINT ( 'NONE',  ( 20.50000000000000000, 10.50000000000000000, -9.500000000000000000 ) ) ;
#7821 = EDGE_CURVE ( 'NONE', #5270, #591, #8393, .T. ) ;
#7822 = DIRECTION ( 'NONE',  ( -1.000000000000000000, -1.992221491941909864E-18, 4.579663590744439848E-16 ) ) ;
#7823 = AXIS2_PLACEMENT_3D ( 'NONE', #5271, #6843, #4458 ) ;
#7824 = PLANE ( 'NONE',  #2069 ) ;
#7825 = ORIENTED_EDGE ( 'NONE', *, *, #3126, .T. ) ;
#7826 = ORIENTED_EDGE ( 'NONE', *, *, #6658, .F. ) ;
#7827 = CARTESIAN_POINT ( 'NONE',  ( 18.16164798901723998, 14.00000000000000000, -7.478535518673660398 ) ) ;
#7828 = CARTESIAN_POINT ( 'NONE',  ( -20.50000000000000000, -5.500000000000000000, 0.000000000000000000 ) ) ;
#7829 = VERTEX_POINT ( 'NONE', #8193 ) ;
#7830 = FACE_OUTER_BOUND ( 'NONE', #7242, .T. ) ;
#7831 = EDGE_CURVE ( 'NONE', #3898, #5796, #1260, .T. ) ;
#7832 = CARTESIAN_POINT ( 'NONE',  ( 20.50000000000000000, -5.957245370484149540E-15, -7.721999999999999531 ) ) ;
#7833 = CARTESIAN_POINT ( 'NONE',  ( -19.50337142011946057, -12.73107098666646131, -5.997734181445165902 ) ) ;
#7834 = EDGE_CURVE ( 'NONE', #5063, #1379, #5214, .T. ) ;
#7835 = DIRECTION ( 'NONE',  ( 1.000000000000000000, -0.000000000000000000, -0.000000000000000000 ) ) ;
#7836 = VECTOR ( 'NONE', #1278, 1000.000000000000114 ) ;
#7837 = DIRECTION ( 'NONE',  ( 1.000000000000000000, 0.000000000000000000, -0.000000000000000000 ) ) ;
#7838 = ORIENTED_EDGE ( 'NONE', *, *, #2636, .T. ) ;
#7839 = FACE_OUTER_BOUND ( 'NONE', #3371, .T. ) ;
#7840 = CARTESIAN_POINT ( 'NONE',  ( 20.50346931882388191, 12.58726788128799967, -7.542101639937122570 ) ) ;
#7841 = ORIENTED_EDGE ( 'NONE', *, *, #9894, .T. ) ;
#7842 = CARTESIAN_POINT ( 'NONE',  ( -20.55346307255046767, -11.00000000000000000, -5.599999999999999645 ) ) ;
#7843 = DIRECTION ( 'NONE',  ( -1.000000000000000000, 0.000000000000000000, 0.000000000000000000 ) ) ;
#7844 = CARTESIAN_POINT ( 'NONE',  ( 18.47777666234608773, -13.99993941741293568, -7.522095146637059138 ) ) ;
#7845 = VERTEX_POINT ( 'NONE', #5934 ) ;
#7846 = CARTESIAN_POINT ( 'NONE',  ( 12.35499999999999154, -13.99999999999999822, -2.986000000000040178 ) ) ;
#7847 = EDGE_CURVE ( 'NONE', #8564, #2101, #6056, .T. ) ;
#7848 = LINE ( 'NONE', #3148, #6396 ) ;
#7849 = VECTOR ( 'NONE', #7369, 1000.000000000000000 ) ;
#7850 = B_SPLINE_CURVE_WITH_KNOTS ( 'NONE', 3,
 ( #3294, #3395, #1198, #1927, #2541, #6488 ),
 .UNSPECIFIED., .F., .F.,
 ( 4, 2, 4 ),
 ( 0.000000000000000000, 0.0004834245571326041416, 0.0009668491142652082832 ),
 .UNSPECIFIED. ) ;
#7851 = EDGE_CURVE ( 'NONE', #9991, #1292, #9853, .T. ) ;
#7852 = DIRECTION ( 'NONE',  ( -0.000000000000000000, -0.000000000000000000, -1.000000000000000000 ) ) ;
#7853 = CARTESIAN_POINT ( 'NONE',  ( -18.26904290883477699, 12.11394229573167536, -5.658731294394643285 ) ) ;
#7854 = ORIENTED_EDGE ( 'NONE', *, *, #3066, .T. ) ;
#7855 = LINE ( 'NONE', #9414, #8883 ) ;
#7856 = VECTOR ( 'NONE', #4075, 1000.000000000000000 ) ;
#7857 = CARTESIAN_POINT ( 'NONE',  ( -18.66640286534626725, -12.81458897602198554, -5.965047460053686912 ) ) ;
#7858 = CARTESIAN_POINT ( 'NONE',  ( -13.79500000000000526, -15.23095508353724448, -2.986000000000068155 ) ) ;
#7859 = FACE_BOUND ( 'NONE', #6963, .T. ) ;
#7860 = ORIENTED_EDGE ( 'NONE', *, *, #7889, .T. ) ;
#7861 = CARTESIAN_POINT ( 'NONE',  ( 13.91999999999998927, 15.12301053017827002, -2.986000000000068155 ) ) ;
#7862 = CARTESIAN_POINT ( 'NONE',  ( 19.21952152720670881, 11.98918902042750645, -5.911739899983480484 ) ) ;
#7863 = DIRECTION ( 'NONE',  ( -7.153498870007452406E-17, -1.000000000000000000, 0.000000000000000000 ) ) ;
#7864 = AXIS2_PLACEMENT_3D ( 'NONE', #6475, #9577, #2664 ) ;
#7865 = ADVANCED_FACE ( 'NONE', ( #8290 ), #510, .T. ) ;
#7866 = FACE_OUTER_BOUND ( 'NONE', #8168, .T. ) ;
#7867 = LINE ( 'NONE', #82, #2420 ) ;
#7868 = CARTESIAN_POINT ( 'NONE',  ( -19.50000000000000000, 2.500000000000000000, 2.757347297152759946 ) ) ;
#7869 = CARTESIAN_POINT ( 'NONE',  ( 18.44941982382819390, -14.00000000000000000, -7.852063020671647742 ) ) ;
#7870 = ORIENTED_EDGE ( 'NONE', *, *, #238, .T. ) ;
#7871 = ORIENTED_EDGE ( 'NONE', *, *, #1344, .T. ) ;
#7872 = CARTESIAN_POINT ( 'NONE',  ( -19.99704317222895256, 13.64142698014349087, -7.656982612807287758 ) ) ;
#7873 = ORIENTED_EDGE ( 'NONE', *, *, #457, .T. ) ;
#7874 = CARTESIAN_POINT ( 'NONE',  ( 20.13418507717721795, -11.92931444813677722, -6.414773831753129762 ) ) ;
#7875 = CARTESIAN_POINT ( 'NONE',  ( 20.03795704682510959, -13.70691192517658230, -11.04430905527851969 ) ) ;
#7876 = EDGE_CURVE ( 'NONE', #2684, #9395, #1041, .T. ) ;
#7877 = DIRECTION ( 'NONE',  ( 5.782411586589356653E-16, 1.184965211890880193E-16, 1.000000000000000000 ) ) ;
#7878 = FACE_BOUND ( 'NONE', #9391, .T. ) ;
#7879 = DIRECTION ( 'NONE',  ( -7.153498870007452406E-17, -1.000000000000000000, 0.000000000000000000 ) ) ;
#7880 = ORIENTED_EDGE ( 'NONE', *, *, #9498, .F. ) ;
#7881 = VERTEX_POINT ( 'NONE', #2938 ) ;
#7882 = EDGE_CURVE ( 'NONE', #2912, #5052, #1693, .T. ) ;
#7883 = CARTESIAN_POINT ( 'NONE',  ( -19.45321423865399879, 11.87171007058375949, -5.971999999999974662 ) ) ;
#7884 = DIRECTION ( 'NONE',  ( -1.000000000000000000, 0.000000000000000000, 0.000000000000000000 ) ) ;
#7885 = EDGE_LOOP ( 'NONE', ( #7171, #7178, #5231, #580 ) ) ;
#7886 = FACE_OUTER_BOUND ( 'NONE', #2966, .T. ) ;
#7887 = CARTESIAN_POINT ( 'NONE',  ( -19.50000000000000000, -6.500000000000000000, -4.000000000000000000 ) ) ;
#7888 = VECTOR ( 'NONE', #149, 1000.000000000000000 ) ;
#7889 = EDGE_CURVE ( 'NONE', #7342, #4433, #2016, .T. ) ;
#7890 = FACE_OUTER_BOUND ( 'NONE', #2333, .T. ) ;
#7891 = EDGE_CURVE ( 'NONE', #4715, #5170, #5889, .T. ) ;
#7892 = VECTOR ( 'NONE', #4230, 1000.000000000000000 ) ;
#7893 = CARTESIAN_POINT ( 'NONE',  ( 25.50000000000000000, -16.50000000000000000, -11.00000000000000000 ) ) ;
#7894 = VERTEX_POINT ( 'NONE', #9155 ) ;
#7895 = CARTESIAN_POINT ( 'NONE',  ( -23.00000000000000000, -6.500000000000000000, 2.365120500916029656 ) ) ;
#7896 = CARTESIAN_POINT ( 'NONE',  ( 19.64539214293709790, 12.43681096666160002, -6.053078880858879351 ) ) ;
#7897 = ORIENTED_EDGE ( 'NONE', *, *, #9548, .F. ) ;
#7898 = DIRECTION ( 'NONE',  ( -0.000000000000000000, 1.000000000000000000, -0.000000000000000000 ) ) ;
#7899 = FACE_OUTER_BOUND ( 'NONE', #604, .T. ) ;
#7900 = CARTESIAN_POINT ( 'NONE',  ( 18.44336838543391011, -13.99963650447761410, -7.721370176808182606 ) ) ;
#7901 = VERTEX_POINT ( 'NONE', #2234 ) ;
#7902 = DIRECTION ( 'NONE',  ( 0.000000000000000000, -0.000000000000000000, 1.000000000000000000 ) ) ;
#7903 = CARTESIAN_POINT ( 'NONE',  ( -13.73924696175068760, -15.28593264771844851, -2.708443339701990915 ) ) ;
#7904 = VECTOR ( 'NONE', #9749, 1000.000000000000000 ) ;
#7905 = AXIS2_PLACEMENT_3D ( 'NONE', #3946, #4000, #7092 ) ;
#7906 = LINE ( 'NONE', #3205, #6201 ) ;
#7907 = DIRECTION ( 'NONE',  ( 0.000000000000000000, 2.906723457586479957E-16, -1.000000000000000000 ) ) ;
#7908 = EDGE_LOOP ( 'NONE', ( #6575, #9545, #6347, #857 ) ) ;
#7909 = LINE ( 'NONE', #3095, #9205 ) ;
#7910 = AXIS2_PLACEMENT_3D ( 'NONE', #5289, #9870, #9127 ) ;
#7911 = CARTESIAN_POINT ( 'NONE',  ( -18.66803938560765630, -12.84303129032102042, -5.971999999999999531 ) ) ;
#7912 = PLANE ( 'NONE',  #7257 ) ;
#7913 = CARTESIAN_POINT ( 'NONE',  ( -1.155687484110092826E-15, -16.50000000000000000, 0.000000000000000000 ) ) ;
#7914 = ORIENTED_EDGE ( 'NONE', *, *, #4591, .F. ) ;
#7915 = LINE ( 'NONE', #4832, #8794 ) ;
#7916 = CARTESIAN_POINT ( 'NONE',  ( 19.21543820456180285, 12.08884939673843384, -5.926959345928575651 ) ) ;
#7917 = CARTESIAN_POINT ( 'NONE',  ( 20.50000000000000000, -12.00000000000000000, -7.721999999999999531 ) ) ;
#7918 = DIRECTION ( 'NONE',  ( -1.000000000000000000, 0.000000000000000000, -0.000000000000000000 ) ) ;
#7919 = CARTESIAN_POINT ( 'NONE',  ( 19.50000000000000000, -2.500000000000000000, 0.000000000000000000 ) ) ;
#7920 = CARTESIAN_POINT ( 'NONE',  ( 18.00000000000000000, -14.00000000000000000, -7.478535518673660398 ) ) ;
#7921 = ORIENTED_EDGE ( 'NONE', *, *, #223, .T. ) ;
#7922 = ORIENTED_EDGE ( 'NONE', *, *, #3237, .F. ) ;
#7923 = CARTESIAN_POINT ( 'NONE',  ( -20.49981649377252779, 11.95655202440078924, -7.521398449845293932 ) ) ;
#7924 = EDGE_LOOP ( 'NONE', ( #3283, #4764, #3769 ) ) ;
#7925 = VECTOR ( 'NONE', #3154, 1000.000000000000000 ) ;
#7926 = CARTESIAN_POINT ( 'NONE',  ( 20.49418742122245263, -11.58676350753560413, -10.57402290683593371 ) ) ;
#7927 = CARTESIAN_POINT ( 'NONE',  ( 18.00000000000001421, -13.95643451695399584, -6.968951279119985465 ) ) ;
#7928 = CARTESIAN_POINT ( 'NONE',  ( 25.50000000000000000, -11.86754886233890005, -9.500000000000000000 ) ) ;
#7929 = DIRECTION ( 'NONE',  ( 5.782411586589356653E-16, 1.184965211890880193E-16, 1.000000000000000000 ) ) ;
#7930 = VERTEX_POINT ( 'NONE', #5322 ) ;
#7931 = VERTEX_POINT ( 'NONE', #1470 ) ;
#7932 = PLANE ( 'NONE',  #522 ) ;
#7933 = LINE ( 'NONE', #951, #5485 ) ;
#7934 = EDGE_LOOP ( 'NONE', ( #1477, #5553, #8696, #3235 ) ) ;
#7935 = LINE ( 'NONE', #4955, #855 ) ;
#7936 = LINE ( 'NONE', #1815, #867 ) ;
#7937 = DIRECTION ( 'NONE',  ( 1.000000000000000000, -0.000000000000000000, -0.000000000000000000 ) ) ;
#7938 = FACE_OUTER_BOUND ( 'NONE', #3293, .T. ) ;
#7939 = EDGE_CURVE ( 'NONE', #7950, #1019, #7629, .T. ) ;
#7940 = ORIENTED_EDGE ( 'NONE', *, *, #2744, .T. ) ;
#7941 = CARTESIAN_POINT ( 'NONE',  ( -9.855000000000005755, -13.99999999999999822, -2.986000000000040178 ) ) ;
#7942 = CARTESIAN_POINT ( 'NONE',  ( 18.48954147112081969, 14.00000000000000000, -7.422244391834452948 ) ) ;
#7943 = ORIENTED_EDGE ( 'NONE', *, *, #5479, .T. ) ;
#7944 = DIRECTION ( 'NONE',  ( 0.000000000000000000, 2.906723457586479957E-16, -1.000000000000000000 ) ) ;
#7945 = ORIENTED_EDGE ( 'NONE', *, *, #8242, .F. ) ;
#7946 = DIRECTION ( 'NONE',  ( 0.000000000000000000, -1.000000000000000000, 0.000000000000000000 ) ) ;
#7947 = EDGE_CURVE ( 'NONE', #5337, #4353, #7650, .T. ) ;
#7948 = CARTESIAN_POINT ( 'NONE',  ( -13.39129100068918454, -15.79692930870676904, -2.363176267306818179 ) ) ;
#7949 = LINE ( 'NONE', #2548, #1926 ) ;
#7950 = VERTEX_POINT ( 'NONE', #5531 ) ;
#7951 = LINE ( 'NONE', #1160, #7758 ) ;
#7952 = CARTESIAN_POINT ( 'NONE',  ( -18.75367220380395850, -12.60353192644029541, -5.933327557447439560 ) ) ;
#7953 = CARTESIAN_POINT ( 'NONE',  ( 16.00380347358625599, 15.06299900904575750, -1.327614831611654278 ) ) ;
#7954 = CARTESIAN_POINT ( 'NONE',  ( 25.50000000000000000, 10.00000000000000000, 2.277999999999982705 ) ) ;
#7955 = DIRECTION ( 'NONE',  ( 1.009293658750139934E-16, 1.000000000000000000, 0.000000000000000000 ) ) ;
#7956 = EDGE_LOOP ( 'NONE', ( #1997, #8551 ) ) ;
#7957 = DIRECTION ( 'NONE',  ( 0.000000000000000000, 0.000000000000000000, 1.000000000000000000 ) ) ;
#7958 = EDGE_CURVE ( 'NONE', #9023, #1948, #165, .T. ) ;
#7959 = CARTESIAN_POINT ( 'NONE',  ( 20.31862062946854053, -12.10565896491153204, -6.525330066462738721 ) ) ;
#7960 = VECTOR ( 'NONE', #8743, 1000.000000000000000 ) ;
#7961 = ADVANCED_FACE ( 'NONE', ( #7899 ), #1672, .T. ) ;
#7962 = CARTESIAN_POINT ( 'NONE',  ( -18.13665000288448326, -14.00000000000000000, -7.903216517656234785 ) ) ;
#7963 = CARTESIAN_POINT ( 'NONE',  ( -20.55346307255046767, -11.00000000000000000, -7.500000000000000000 ) ) ;
#7964 = CARTESIAN_POINT ( 'NONE',  ( 3.848076211353312015, 16.50000000000000000, -1.485999999999999543 ) ) ;
#7965 = EDGE_CURVE ( 'NONE', #154, #3783, #556, .T. ) ;
#7966 = AXIS2_PLACEMENT_3D ( 'NONE', #3687, #2929, #9095 ) ;
#7967 = CARTESIAN_POINT ( 'NONE',  ( 18.00000000000000000, -13.83424441322330090, -6.506461368959409519 ) ) ;
#7968 = ORIENTED_EDGE ( 'NONE', *, *, #705, .F. ) ;
#7969 = ORIENTED_EDGE ( 'NONE', *, *, #8303, .F. ) ;
#7970 = CARTESIAN_POINT ( 'NONE',  ( -20.49987766251501498, 11.96580607411706865, -7.621939158126566305 ) ) ;
#7971 = VERTEX_POINT ( 'NONE', #8659 ) ;
#7972 = CARTESIAN_POINT ( 'NONE',  ( 1.249999999999995115, 13.50000000000000355, -2.985999999999998877 ) ) ;
#7973 = CIRCLE ( 'NONE', #9262, 1.699999999999999289 ) ;
#7974 = CARTESIAN_POINT ( 'NONE',  ( 25.50000000000000000, -5.947284263024439757E-15, -7.721999999999999531 ) ) ;
#7975 = CARTESIAN_POINT ( 'NONE',  ( -19.26932668938099269, 12.31544874219231467, -5.972000018218423634 ) ) ;
#7976 = DIRECTION ( 'NONE',  ( 1.000000000000000000, 0.000000000000000000, 0.000000000000000000 ) ) ;
#7977 = ORIENTED_EDGE ( 'NONE', *, *, #1450, .F. ) ;
#7978 = VECTOR ( 'NONE', #8792, 1000.000000000000000 ) ;
#7979 = LINE ( 'NONE', #1048, #6996 ) ;
#7980 = VECTOR ( 'NONE', #3063, 1000.000000000000000 ) ;
#7981 = CARTESIAN_POINT ( 'NONE',  ( 18.45576594047136609, -12.93372885154665219, -5.972425027082659099 ) ) ;
#7982 = EDGE_LOOP ( 'NONE', ( #4129, #3345, #5034, #4013 ) ) ;
#7983 = CYLINDRICAL_SURFACE ( 'NONE', #3291, 1.249999999999992450 ) ;
#7984 = DIRECTION ( 'NONE',  ( 5.782411586589356653E-16, 1.184965211890880193E-16, 1.000000000000000000 ) ) ;
#7985 = CIRCLE ( 'NONE', #3142, 12.00000000000000000 ) ;
#7986 = VECTOR ( 'NONE', #9474, 1000.000000000000000 ) ;
#7987 = CARTESIAN_POINT ( 'NONE',  ( 13.99176971565912098, -15.06901250656897773, -2.487163971769016602 ) ) ;
#7988 = DIRECTION ( 'NONE',  ( 5.782411586589356653E-16, 1.184965211890880193E-16, 1.000000000000000000 ) ) ;
#7989 = ORIENTED_EDGE ( 'NONE', *, *, #9179, .T. ) ;
#7990 = FACE_BOUND ( 'NONE', #4235, .T. ) ;
#7991 = CARTESIAN_POINT ( 'NONE',  ( 20.30306960920025361, 12.10377804027783455, -6.470619867473309306 ) ) ;
#7992 = ORIENTED_EDGE ( 'NONE', *, *, #295, .T. ) ;
#7993 = DIRECTION ( 'NONE',  ( 0.000000000000000000, 0.000000000000000000, 1.000000000000000000 ) ) ;
#7994 = VECTOR ( 'NONE', #5171, 1000.000000000000000 ) ;
#7995 = ORIENTED_EDGE ( 'NONE', *, *, #3864, .F. ) ;
#7996 = LINE ( 'NONE', #3300, #86 ) ;
#7997 = EDGE_CURVE ( 'NONE', #61, #8648, #7985, .T. ) ;
#7998 = DIRECTION ( 'NONE',  ( -7.153498870007452406E-17, -1.000000000000000000, 0.000000000000000000 ) ) ;
#7999 = LINE ( 'NONE', #4924, #3049 ) ;
#8000 = ORIENTED_EDGE ( 'NONE', *, *, #133, .T. ) ;
#8001 = CARTESIAN_POINT ( 'NONE',  ( 20.50000000000000000, 5.500000000000000000, 0.000000000000000000 ) ) ;
#8002 = CARTESIAN_POINT ( 'NONE',  ( -18.49792853560161277, -14.00000000000000000, -7.440142511957207994 ) ) ;
#8003 = CARTESIAN_POINT ( 'NONE',  ( 14.45018554152126278, 14.83291064741218079, -1.736940252432527698 ) ) ;
#8004 = EDGE_CURVE ( 'NONE', #9151, #630, #1516, .T. ) ;
#8005 = CARTESIAN_POINT ( 'NONE',  ( 18.85215765865998705, -12.18413639960067663, -5.856751885120901946 ) ) ;
#8006 = CIRCLE ( 'NONE', #3639, 0.6750000000000011546 ) ;
#8007 = ORIENTED_EDGE ( 'NONE', *, *, #3511, .T. ) ;
#8008 = PLANE ( 'NONE',  #5084 ) ;
#8009 = CARTESIAN_POINT ( 'NONE',  ( -19.50000000000000000, -11.87403512810171868, -5.987846092007224286 ) ) ;
#8010 = EDGE_CURVE ( 'NONE', #2807, #5970, #3088, .T. ) ;
#8011 = VECTOR ( 'NONE', #7420, 1000.000000000000000 ) ;
#8012 = CARTESIAN_POINT ( 'NONE',  ( 20.50000000000000000, 6.500000000000000000, 2.365120500916039425 ) ) ;
#8013 = DIRECTION ( 'NONE',  ( -1.000000000000000000, 5.426742037195429582E-32, 4.579663590744439848E-16 ) ) ;
#8014 = EDGE_CURVE ( 'NONE', #2101, #9681, #2119, .T. ) ;
#8015 = DIRECTION ( 'NONE',  ( 0.000000000000000000, -1.000000000000000000, 0.000000000000000000 ) ) ;
#8016 = DIRECTION ( 'NONE',  ( 0.000000000000000000, 2.906723457586479957E-16, -1.000000000000000000 ) ) ;
#8017 = ORIENTED_EDGE ( 'NONE', *, *, #96, .T. ) ;
#8018 = VERTEX_POINT ( 'NONE', #3141 ) ;
#8019 = LINE ( 'NONE', #524, #5096 ) ;
#8020 = CARTESIAN_POINT ( 'NONE',  ( -13.58150756940441184, 16.00332946931129641, -2.490465293479609876 ) ) ;
#8021 = EDGE_CURVE ( 'NONE', #2928, #5292, #553, .T. ) ;
#8022 = EDGE_CURVE ( 'NONE', #2691, #9446, #2338, .T. ) ;
#8023 = PLANE ( 'NONE',  #7864 ) ;
#8024 = CARTESIAN_POINT ( 'NONE',  ( -20.55346307255046767, -11.00000000000000000, -5.599999999999999645 ) ) ;
#8025 = CARTESIAN_POINT ( 'NONE',  ( -20.50000000000000000, 6.500000000000000000, -9.500000000000001776 ) ) ;
#8026 = CYLINDRICAL_SURFACE ( 'NONE', #5954, 2.000000000000000000 ) ;
#8027 = ORIENTED_EDGE ( 'NONE', *, *, #5998, .F. ) ;
#8028 = CYLINDRICAL_SURFACE ( 'NONE', #3385, 1.700000000000000178 ) ;
#8029 = ORIENTED_EDGE ( 'NONE', *, *, #6324, .F. ) ;
#8030 = CARTESIAN_POINT ( 'NONE',  ( 20.55346307255046767, -9.500000000000000000, -0.3905608506923829992 ) ) ;
#8031 = DIRECTION ( 'NONE',  ( 1.000000000000000000, -0.000000000000000000, 0.000000000000000000 ) ) ;
#8032 = CARTESIAN_POINT ( 'NONE',  ( -23.00000000000000000, 5.500000000000000000, -9.500000000000001776 ) ) ;
#8033 = CARTESIAN_POINT ( 'NONE',  ( -20.50000000000000000, -1.500000000000000222, -9.500000000000001776 ) ) ;
#8034 = ORIENTED_EDGE ( 'NONE', *, *, #1097, .T. ) ;
#8035 = DIRECTION ( 'NONE',  ( 0.000000000000000000, 0.000000000000000000, -1.000000000000000000 ) ) ;
#8036 = CARTESIAN_POINT ( 'NONE',  ( 18.50314606527196304, 14.00052447211087703, -7.136572770630281504 ) ) ;
#8037 = ORIENTED_EDGE ( 'NONE', *, *, #4124, .T. ) ;
#8038 = AXIS2_PLACEMENT_3D ( 'NONE', #3727, #9140, #8379 ) ;
#8039 = EDGE_CURVE ( 'NONE', #3239, #8501, #4055, .T. ) ;
#8040 = CARTESIAN_POINT ( 'NONE',  ( -2.146049661002233873E-16, 14.00000000000000000, -4.485999999999998877 ) ) ;
#8041 = DIRECTION ( 'NONE',  ( -1.000000000000000000, 0.000000000000000000, 0.000000000000000000 ) ) ;
#8042 = EDGE_CURVE ( 'NONE', #1019, #2123, #6290, .T. ) ;
#8043 = CARTESIAN_POINT ( 'NONE',  ( -13.49090988230758192, -15.61113258748119570, -2.420737528689758555 ) ) ;
#8044 = VECTOR ( 'NONE', #7411, 1000.000000000000000 ) ;
#8045 = CARTESIAN_POINT ( 'NONE',  ( -20.55346307255046767, -2.500000000000000444, -5.599999999999999645 ) ) ;
#8046 = CARTESIAN_POINT ( 'NONE',  ( 25.50000000000000000, -14.00000000000000533, -9.500000000000000000 ) ) ;
#8047 = VERTEX_POINT ( 'NONE', #4659 ) ;
#8048 = CARTESIAN_POINT ( 'NONE',  ( -18.50000000000000000, 12.00000000000000000, -11.00000000000000000 ) ) ;
#8049 = CARTESIAN_POINT ( 'NONE',  ( -18.50342080184100269, -14.00051974190443183, -7.136578094908739622 ) ) ;
#8050 = CARTESIAN_POINT ( 'NONE',  ( 17.31999999999998963, 16.50000000000000000, -2.986000000000068155 ) ) ;
#8051 = ORIENTED_EDGE ( 'NONE', *, *, #4284, .F. ) ;
#8052 = DIRECTION ( 'NONE',  ( -0.7071067811865475727, -0.7071067811865475727, 0.000000000000000000 ) ) ;
#8053 = VECTOR ( 'NONE', #7033, 1000.000000000000000 ) ;
#8054 = CARTESIAN_POINT ( 'NONE',  ( 19.50000000000000000, -2.500000000000000444, -5.600000000000000533 ) ) ;
#8055 = DIRECTION ( 'NONE',  ( -1.000000000000000000, -1.992221491941909864E-18, 4.579663590744439848E-16 ) ) ;
#8056 = EDGE_LOOP ( 'NONE', ( #180, #8888, #353, #2422, #2061, #4270, #6584, #8742 ) ) ;
#8057 = CARTESIAN_POINT ( 'NONE',  ( -19.49999999063664546, 12.16535397700496191, -6.018415413374089695 ) ) ;
#8058 = CARTESIAN_POINT ( 'NONE',  ( 19.50000000000000000, 9.185353341053360765, 6.938574612190291103E-17 ) ) ;
#8059 = CARTESIAN_POINT ( 'NONE',  ( -17.99999999999999645, -13.66016459889089774, -6.412821750414172683 ) ) ;
#8060 = ORIENTED_EDGE ( 'NONE', *, *, #2524, .F. ) ;
#8061 = EDGE_CURVE ( 'NONE', #8801, #1303, #7742, .T. ) ;
#8062 = ORIENTED_EDGE ( 'NONE', *, *, #8295, .T. ) ;
#8063 = DIRECTION ( 'NONE',  ( -0.000000000000000000, 1.000000000000000000, -0.000000000000000000 ) ) ;
#8064 = ORIENTED_EDGE ( 'NONE', *, *, #9620, .T. ) ;
#8065 = CARTESIAN_POINT ( 'NONE',  ( 0.1847685396962403803, 14.75736285955066762, -0.1797304084907783150 ) ) ;
#8066 = B_SPLINE_CURVE_WITH_KNOTS ( 'NONE', 3,
 ( #4722, #978, #4780, #769 ),
 .UNSPECIFIED., .F., .F.,
 ( 4, 4 ),
 ( 0.000000000000000000, 0.0003192422596571518087 ),
 .UNSPECIFIED. ) ;
#8067 = ADVANCED_FACE ( 'NONE', ( #1622 ), #4766, .F. ) ;
#8068 = CARTESIAN_POINT ( 'NONE',  ( -18.00000000000000355, 14.00000000000000000, -15.00000000000000000 ) ) ;
#8069 = CARTESIAN_POINT ( 'NONE',  ( -20.50000000000000000, 10.00000000000000000, 1.028000000000015790 ) ) ;
#8070 = FILL_AREA_STYLE ('',( #1959 ) ) ;
#8071 = VECTOR ( 'NONE', #2704, 1000.000000000000000 ) ;
#8072 = LINE ( 'NONE', #3573, #7551 ) ;
#8073 = ORIENTED_EDGE ( 'NONE', *, *, #1896, .F. ) ;
#8074 = CYLINDRICAL_SURFACE ( 'NONE', #6464, 0.6750000000000020428 ) ;
#8075 = LINE ( 'NONE', #8839, #8241 ) ;
#8076 = VERTEX_POINT ( 'NONE', #7047 ) ;
#8077 = DIRECTION ( 'NONE',  ( 0.000000000000000000, 0.000000000000000000, -1.000000000000000000 ) ) ;
#8078 = CARTESIAN_POINT ( 'NONE',  ( 20.49904108667031721, -11.80390380585721921, -8.983635095686057781 ) ) ;
#8079 = CARTESIAN_POINT ( 'NONE',  ( -18.00000000000000355, -14.00000000000000000, -7.386213562373100672 ) ) ;
#8080 = EDGE_CURVE ( 'NONE', #3919, #3732, #9357, .T. ) ;
#8081 = DIRECTION ( 'NONE',  ( -7.153498870007452406E-17, -1.000000000000000000, 0.000000000000000000 ) ) ;
#8082 = CARTESIAN_POINT ( 'NONE',  ( -20.50000000000000000, 10.50000000000000178, -7.500000000000000000 ) ) ;
#8083 = ORIENTED_EDGE ( 'NONE', *, *, #2647, .T. ) ;
#8084 = ORIENTED_EDGE ( 'NONE', *, *, #2724, .T. ) ;
#8085 = CARTESIAN_POINT ( 'NONE',  ( -20.50000000000000000, 14.00000000000000000, -7.500000000000000000 ) ) ;
#8086 = CARTESIAN_POINT ( 'NONE',  ( 20.50000000000000000, 11.96471150499631619, -7.722210941413527152 ) ) ;
#8087 = ORIENTED_EDGE ( 'NONE', *, *, #8185, .T. ) ;
#8088 = PLANE ( 'NONE',  #529 ) ;
#8089 = CARTESIAN_POINT ( 'NONE',  ( 20.50000000000000000, 12.00000000000000000, -11.00000000000000000 ) ) ;
#8090 = CARTESIAN_POINT ( 'NONE',  ( -19.16042244331657329, 13.74501517531817996, -6.399629118844814890 ) ) ;
#8091 = VERTEX_POINT ( 'NONE', #3251 ) ;
#8092 = CARTESIAN_POINT ( 'NONE',  ( 19.71471890679310235, -12.16061426483730123, -6.058667187275020183 ) ) ;
#8093 = CARTESIAN_POINT ( 'NONE',  ( -19.99496128742569923, -13.63726731231949962, -7.448437760353909809 ) ) ;
#8094 = CARTESIAN_POINT ( 'NONE',  ( 18.85716571307024836, -12.21703544120535589, -5.886350424527670988 ) ) ;
#8095 = VERTEX_POINT ( 'NONE', #2490 ) ;
#8096 = CARTESIAN_POINT ( 'NONE',  ( -20.50000000000000000, -10.50000000000000178, -9.500000000000000000 ) ) ;
#8097 = PLANE ( 'NONE',  #5884 ) ;
#8098 = ORIENTED_EDGE ( 'NONE', *, *, #8705, .T. ) ;
#8099 = DIRECTION ( 'NONE',  ( -0.000000000000000000, -0.000000000000000000, 1.000000000000000000 ) ) ;
#8100 = CARTESIAN_POINT ( 'NONE',  ( 18.00000000000000000, -14.00000000000000000, -8.335283273142854554 ) ) ;
#8101 = LINE ( 'NONE', #9671, #743 ) ;
#8102 = VERTEX_POINT ( 'NONE', #4819 ) ;
#8103 = ORIENTED_EDGE ( 'NONE', *, *, #1136, .T. ) ;
#8104 = ORIENTED_EDGE ( 'NONE', *, *, #7622, .F. ) ;
#8105 = LINE ( 'NONE', #1084, #9747 ) ;
#8106 = EDGE_CURVE ( 'NONE', #760, #139, #5582, .T. ) ;
#8107 = EDGE_CURVE ( 'NONE', #7295, #1008, #2286, .T. ) ;
#8108 = AXIS2_PLACEMENT_3D ( 'NONE', #7424, #8993, #2124 ) ;
#8109 = LINE ( 'NONE', #5086, #7368 ) ;
#8110 = FACE_OUTER_BOUND ( 'NONE', #8456, .T. ) ;
#8111 = CARTESIAN_POINT ( 'NONE',  ( -19.64910897909322429, -11.88178455601475214, -6.040907691002555424 ) ) ;
#8112 = DIRECTION ( 'NONE',  ( 0.000000000000000000, 2.906723457586479957E-16, -1.000000000000000000 ) ) ;
#8113 = ORIENTED_EDGE ( 'NONE', *, *, #483, .F. ) ;
#8114 = CARTESIAN_POINT ( 'NONE',  ( 20.50000000000000000, -14.00000000000000000, -7.500000000000000000 ) ) ;
#8115 = LINE ( 'NONE', #1335, #9295 ) ;
#8116 = ORIENTED_EDGE ( 'NONE', *, *, #2760, .F. ) ;
#8117 = CARTESIAN_POINT ( 'NONE',  ( 20.50000000000000000, -11.89944376363551370, -8.276443784155052441 ) ) ;
#8118 = AXIS2_PLACEMENT_3D ( 'NONE', #1249, #3733, #6731 ) ;
#8119 = DIRECTION ( 'NONE',  ( 0.000000000000000000, 0.000000000000000000, -1.000000000000000000 ) ) ;
#8120 = EDGE_CURVE ( 'NONE', #2050, #8837, #7414, .T. ) ;
#8121 = AXIS2_PLACEMENT_3D ( 'NONE', #9600, #5685, #8758 ) ;
#8122 = DIRECTION ( 'NONE',  ( 1.000000000000000000, 0.000000000000000000, 0.000000000000000000 ) ) ;
#8123 = VECTOR ( 'NONE', #668, 1000.000000000000000 ) ;
#8124 = CARTESIAN_POINT ( 'NONE',  ( -0.7071808164580647427, 14.88285394850796450, -0.6963135162387547039 ) ) ;
#8125 = ORIENTED_EDGE ( 'NONE', *, *, #9421, .F. ) ;
#8126 = DIRECTION ( 'NONE',  ( 1.000000000000000000, -0.000000000000000000, -0.000000000000000000 ) ) ;
#8127 = EDGE_CURVE ( 'NONE', #4317, #2960, #5000, .T. ) ;
#8128 = CARTESIAN_POINT ( 'NONE',  ( 18.46471150499582592, 14.00000000000000000, -7.722210941413499619 ) ) ;
#8129 = EDGE_CURVE ( 'NONE', #7799, #492, #8075, .T. ) ;
#8130 = VERTEX_POINT ( 'NONE', #392 ) ;
#8131 = CARTESIAN_POINT ( 'NONE',  ( 20.50000000000000000, 6.500000000000000000, 0.000000000000000000 ) ) ;
#8132 = EDGE_CURVE ( 'NONE', #6330, #9726, #1236, .T. ) ;
#8133 = DIRECTION ( 'NONE',  ( -0.000000000000000000, -1.000000000000000000, -0.000000000000000000 ) ) ;
#8134 = CIRCLE ( 'NONE', #4757, 12.00000000000000000 ) ;
#8135 = VECTOR ( 'NONE', #7769, 1000.000000000000000 ) ;
#8136 = PLANE ( 'NONE',  #5567 ) ;
#8137 = EDGE_CURVE ( 'NONE', #6341, #3871, #489, .T. ) ;
#8138 = DIRECTION ( 'NONE',  ( -1.000000000000000000, 5.426742037195429582E-32, 4.579663590744439848E-16 ) ) ;
#8139 = CARTESIAN_POINT ( 'NONE',  ( -18.16718169640239822, 14.00000000000000000, -7.386213562373100672 ) ) ;
#8140 = ORIENTED_EDGE ( 'NONE', *, *, #3447, .T. ) ;
#8141 = CARTESIAN_POINT ( 'NONE',  ( 20.50006374514835983, -11.88528337445223393, -7.706135098429736097 ) ) ;
#8142 = CARTESIAN_POINT ( 'NONE',  ( -18.48754573193676265, -13.99998932174925770, -7.439830596313180777 ) ) ;
#8143 = CARTESIAN_POINT ( 'NONE',  ( 16.68045260901730131, 16.00164021315103469, -1.656639229165473681 ) ) ;
#8144 = CARTESIAN_POINT ( 'NONE',  ( 19.04939035217012133, -12.17767502060949880, -5.903671806034644476 ) ) ;
#8145 = ORIENTED_EDGE ( 'NONE', *, *, #762, .F. ) ;
#8146 = PLANE ( 'NONE',  #9590 ) ;
#8147 = CARTESIAN_POINT ( 'NONE',  ( 18.41370199778063821, 13.99999999999999645, -7.412719986608001577 ) ) ;
#8148 = EDGE_CURVE ( 'NONE', #9756, #6262, #1142, .T. ) ;
#8149 = CARTESIAN_POINT ( 'NONE',  ( 20.55346307255046767, -11.00000000000000000, -5.599999999999999645 ) ) ;
#8150 = ORIENTED_EDGE ( 'NONE', *, *, #872, .T. ) ;
#8151 = DIRECTION ( 'NONE',  ( -1.000000000000000000, 0.000000000000000000, 0.000000000000000000 ) ) ;
#8152 = VECTOR ( 'NONE', #6706, 1000.000000000000000 ) ;
#8153 = CARTESIAN_POINT ( 'NONE',  ( 19.09111825462882805, -13.99793035780539618, -8.751486836043627093 ) ) ;
#8154 = CARTESIAN_POINT ( 'NONE',  ( 25.50000000000000000, -10.50000000000000000, -1.912524980688870002 ) ) ;
#8155 = EDGE_LOOP ( 'NONE', ( #3880, #1112, #9255, #7372 ) ) ;
#8156 = VERTEX_POINT ( 'NONE', #5908 ) ;
#8157 = CARTESIAN_POINT ( 'NONE',  ( -13.12000000000000099, 13.99999999999999822, -2.986000000000068155 ) ) ;
#8158 = ORIENTED_EDGE ( 'NONE', *, *, #4799, .T. ) ;
#8159 = DIRECTION ( 'NONE',  ( -7.153498870007452406E-17, -1.000000000000000000, -0.000000000000000000 ) ) ;
#8160 = EDGE_CURVE ( 'NONE', #5537, #2633, #8115, .T. ) ;
#8161 = EDGE_CURVE ( 'NONE', #1852, #367, #4234, .T. ) ;
#8162 = CARTESIAN_POINT ( 'NONE',  ( -13.25000000000001243, -16.50000000000000000, -2.323636806578210923 ) ) ;
#8163 = AXIS2_PLACEMENT_3D ( 'NONE', #5524, #4047, #2538 ) ;
#8164 = DIRECTION ( 'NONE',  ( -1.000000000000000000, 0.000000000000000000, 0.000000000000000000 ) ) ;
#8165 = CARTESIAN_POINT ( 'NONE',  ( 20.50000000000000000, 9.500000000000000000, -9.500000000000000000 ) ) ;
#8166 = CARTESIAN_POINT ( 'NONE',  ( 19.46897273875571344, -11.87245774087305072, -5.977072071372976581 ) ) ;
#8167 = CARTESIAN_POINT ( 'NONE',  ( 18.00000000000000355, 13.49986223184804146, -6.269073203967579389 ) ) ;
#8168 = EDGE_LOOP ( 'NONE', ( #3253, #5813, #2543, #4831, #2336, #2308, #7613, #9432, #4604, #7124, #8302, #2988, #271, #1554, #6761, #2563, #8380, #2873, #1332, #8145 ) ) ;
#8169 = CARTESIAN_POINT ( 'NONE',  ( 19.50000000000000000, 2.500000000000000000, 2.757347297152770160 ) ) ;
#8170 = CIRCLE ( 'NONE', #6257, 12.00000000000001066 ) ;
#8171 = CARTESIAN_POINT ( 'NONE',  ( -19.50000000000000000, -1.500000000000000000, 0.000000000000000000 ) ) ;
#8172 = EDGE_LOOP ( 'NONE', ( #6045, #7415, #3435, #5706 ) ) ;
#8173 = ADVANCED_FACE ( 'NONE', ( #9636 ), #2862, .F. ) ;
#8174 = CARTESIAN_POINT ( 'NONE',  ( 20.49915734600260109, -11.82640791685587800, -8.794330898789967321 ) ) ;
#8175 = EDGE_LOOP ( 'NONE', ( #3286, #4523, #616, #3094 ) ) ;
#8176 = DIRECTION ( 'NONE',  ( 1.000000000000000000, 0.000000000000000000, 0.000000000000000000 ) ) ;
#8177 = EDGE_CURVE ( 'NONE', #7930, #7304, #1707, .T. ) ;
#8178 = DIRECTION ( 'NONE',  ( -1.000000000000000000, 0.000000000000000000, 0.000000000000000000 ) ) ;
#8179 = DIRECTION ( 'NONE',  ( -7.153498870007452406E-17, -1.000000000000000000, 0.000000000000000000 ) ) ;
#8180 = EDGE_LOOP ( 'NONE', ( #8986, #7529, #7841, #6018 ) ) ;
#8181 = DIRECTION ( 'NONE',  ( 0.000000000000000000, 0.000000000000000000, -1.000000000000000000 ) ) ;
#8182 = DIRECTION ( 'NONE',  ( 1.000000000000000000, -0.000000000000000000, -0.000000000000000000 ) ) ;
#8183 = VERTEX_POINT ( 'NONE', #8171 ) ;
#8184 = LINE ( 'NONE', #8996, #8617 ) ;
#8185 = EDGE_CURVE ( 'NONE', #7062, #3183, #2719, .T. ) ;
#8186 = CARTESIAN_POINT ( 'NONE',  ( -18.00000000000000355, 14.00000000000000000, -15.00000000000000000 ) ) ;
#8187 = CARTESIAN_POINT ( 'NONE',  ( -20.50000187165164434, 11.91778278848677530, -7.421588631770424271 ) ) ;
#8188 = ADVANCED_FACE ( 'NONE', ( #4377 ), #2936, .F. ) ;
#8189 = CARTESIAN_POINT ( 'NONE',  ( -18.00000000000000000, 12.73887407458984633, -5.879678043699434475 ) ) ;
#8190 = ORIENTED_EDGE ( 'NONE', *, *, #7108, .F. ) ;
#8191 = CARTESIAN_POINT ( 'NONE',  ( -13.25000000000001243, -16.50000000000000000, -11.00000000000000178 ) ) ;
#8192 = CARTESIAN_POINT ( 'NONE',  ( -18.94226867707148543, -14.00068645897631825, -7.462450879169960416 ) ) ;
#8193 = CARTESIAN_POINT ( 'NONE',  ( 25.50000000000000355, -4.530306562485238318E-15, 4.278000000000000469 ) ) ;
#8194 = DIRECTION ( 'NONE',  ( -0.000000000000000000, 1.000000000000000000, -0.000000000000000000 ) ) ;
#8195 = VERTEX_POINT ( 'NONE', #2520 ) ;
#8196 = CARTESIAN_POINT ( 'NONE',  ( -16.49999999999998579, 16.50000000000000000, 5.028000000000002245 ) ) ;
#8197 = B_SPLINE_CURVE_WITH_KNOTS ( 'NONE', 3,
 ( #8444, #756, #3083, #1565, #2283, #7043 ),
 .UNSPECIFIED., .F., .F.,
 ( 4, 2, 4 ),
 ( 0.004749152944121520954, 0.005713004210439455617, 0.006676855476757391147 ),
 .UNSPECIFIED. ) ;
#8198 = DIRECTION ( 'NONE',  ( 0.000000000000000000, 0.000000000000000000, -1.000000000000000000 ) ) ;
#8199 = AXIS2_PLACEMENT_3D ( 'NONE', #693, #9190, #8272 ) ;
#8200 = CARTESIAN_POINT ( 'NONE',  ( -18.67081981922670408, -12.84164107351133310, -5.972000000000003084 ) ) ;
#8201 = ORIENTED_EDGE ( 'NONE', *, *, #3999, .F. ) ;
#8202 = CARTESIAN_POINT ( 'NONE',  ( 19.90114585937717706, 13.42716902366900555, -7.443195137669447625 ) ) ;
#8203 = AXIS2_PLACEMENT_3D ( 'NONE', #4135, #97, #9339 ) ;
#8204 = CARTESIAN_POINT ( 'NONE',  ( -23.00000000000000000, -6.043907005383619683E-15, -7.721999999999999531 ) ) ;
#8205 = DIRECTION ( 'NONE',  ( -7.153498870007452406E-17, -1.000000000000000000, 0.000000000000000000 ) ) ;
#8206 = ORIENTED_EDGE ( 'NONE', *, *, #3340, .F. ) ;
#8207 = ORIENTED_EDGE ( 'NONE', *, *, #6025, .F. ) ;
#8208 = CARTESIAN_POINT ( 'NONE',  ( 6.444999999999989626, -13.99999999999999822, -2.985999999999998877 ) ) ;
#8209 = ORIENTED_EDGE ( 'NONE', *, *, #8106, .F. ) ;
#8210 = PLANE ( 'NONE',  #8638 ) ;
#8211 = CARTESIAN_POINT ( 'NONE',  ( -18.00000000000000000, -11.95810755761347188, -5.603635394360751754 ) ) ;
#8212 = VECTOR ( 'NONE', #8695, 1000.000000000000000 ) ;
#8213 =( NAMED_UNIT ( * ) SI_UNIT ( $, .STERADIAN. ) SOLID_ANGLE_UNIT ( ) );
#8214 = DIRECTION ( 'NONE',  ( -1.000000000000000000, 0.000000000000000000, 0.000000000000000000 ) ) ;
#8215 = CARTESIAN_POINT ( 'NONE',  ( 18.52997781525420962, -11.82905040964272025, -5.639299545419525828 ) ) ;
#8216 = ORIENTED_EDGE ( 'NONE', *, *, #7532, .T. ) ;
#8217 = LINE ( 'NONE', #5959, #4335 ) ;
#8218 = CARTESIAN_POINT ( 'NONE',  ( -23.00000000000000000, 9.500000000000000000, -4.000000000000000000 ) ) ;
#8219 = VERTEX_POINT ( 'NONE', #4128 ) ;
#8220 = CARTESIAN_POINT ( 'NONE',  ( -20.50000000000000000, -11.97647433666421080, -7.622324726599565281 ) ) ;
#8221 = CARTESIAN_POINT ( 'NONE',  ( 18.40775334680898467, -13.99958198014925337, -8.111196613434719538 ) ) ;
#8222 = ORIENTED_EDGE ( 'NONE', *, *, #1862, .T. ) ;
#8223 = CARTESIAN_POINT ( 'NONE',  ( -23.00000000000000000, -2.500000000000000000, -9.500000000000000000 ) ) ;
#8224 = CARTESIAN_POINT ( 'NONE',  ( 16.57970031405825395, -15.72174597693767595, -1.580310291631407349 ) ) ;
#8225 = DIRECTION ( 'NONE',  ( -7.153498870007452406E-17, -1.000000000000000000, 0.000000000000000000 ) ) ;
#8226 = ORIENTED_EDGE ( 'NONE', *, *, #767, .F. ) ;
#8227 = CARTESIAN_POINT ( 'NONE',  ( 25.50000000000000000, -5.947284263024439757E-15, -7.721999999999999531 ) ) ;
#8228 = LINE ( 'NONE', #4340, #5310 ) ;
#8229 = ORIENTED_EDGE ( 'NONE', *, *, #8926, .F. ) ;
#8230 = DIRECTION ( 'NONE',  ( 1.000000000000000000, 1.992221491941909864E-18, -4.579663590744439848E-16 ) ) ;
#8231 = CARTESIAN_POINT ( 'NONE',  ( -1.684624027853482975, -16.01571886205520201, -2.349684568049023259 ) ) ;
#8232 = VECTOR ( 'NONE', #7213, 1000.000000000000000 ) ;
#8233 = LINE ( 'NONE', #9797, #4112 ) ;
#8234 = EDGE_CURVE ( 'NONE', #2188, #4616, #836, .T. ) ;
#8235 = LINE ( 'NONE', #1307, #8376 ) ;
#8236 = VECTOR ( 'NONE', #3192, 1000.000000000000000 ) ;
#8237 = CARTESIAN_POINT ( 'NONE',  ( -19.22258276135696065, 12.45027514679618186, -5.964830155720556526 ) ) ;
#8238 = VERTEX_POINT ( 'NONE', #3372 ) ;
#8239 = CARTESIAN_POINT ( 'NONE',  ( 0.000000000000000000, 0.000000000000000000, -9.500000000000001776 ) ) ;
#8240 = CARTESIAN_POINT ( 'NONE',  ( -20.00079056487482632, -13.64891438222665521, -8.032363347223393291 ) ) ;
#8241 = VECTOR ( 'NONE', #8982, 1000.000000000000000 ) ;
#8242 = EDGE_CURVE ( 'NONE', #948, #7462, #2676, .T. ) ;
#8243 = CARTESIAN_POINT ( 'NONE',  ( 18.50344766948193609, -14.00051927931769669, -7.136578615592246599 ) ) ;
#8244 = ORIENTED_EDGE ( 'NONE', *, *, #107, .F. ) ;
#8245 = CARTESIAN_POINT ( 'NONE',  ( 12.35499999999999510, 33.50000000000000000, -2.986000000000040178 ) ) ;
#8246 = DIRECTION ( 'NONE',  ( -0.000000000000000000, 1.000000000000000000, -0.000000000000000000 ) ) ;
#8247 = CARTESIAN_POINT ( 'NONE',  ( -18.66535397701946408, -12.99999999063657086, -6.018415413375783451 ) ) ;
#8248 = ORIENTED_EDGE ( 'NONE', *, *, #2688, .F. ) ;
#8249 = CARTESIAN_POINT ( 'NONE',  ( -12.44500000000000206, 13.99999999999999822, -2.986000000000068155 ) ) ;
#8250 = CARTESIAN_POINT ( 'NONE',  ( -18.67768820643460259, -12.54937308710080934, -5.903672673242821745 ) ) ;
#8251 = LINE ( 'NONE', #1322, #2687 ) ;
#8252 = ORIENTED_EDGE ( 'NONE', *, *, #6283, .T. ) ;
#8253 = EDGE_CURVE ( 'NONE', #6117, #8825, #8778, .T. ) ;
#8254 = ORIENTED_EDGE ( 'NONE', *, *, #619, .T. ) ;
#8255 = LINE ( 'NONE', #2400, #2991 ) ;
#8256 = ORIENTED_EDGE ( 'NONE', *, *, #7298, .F. ) ;
#8257 = DIRECTION ( 'NONE',  ( 0.000000000000000000, 0.000000000000000000, 1.000000000000000000 ) ) ;
#8258 = FACE_OUTER_BOUND ( 'NONE', #2359, .T. ) ;
#8259 = CARTESIAN_POINT ( 'NONE',  ( -18.37081858069343099, 14.00000000000000355, -7.408156070252434056 ) ) ;
#8260 = CARTESIAN_POINT ( 'NONE',  ( 18.00000000000000000, -12.61310448513953730, -5.835211778915753378 ) ) ;
#8261 = ORIENTED_EDGE ( 'NONE', *, *, #5451, .T. ) ;
#8262 = DIRECTION ( 'NONE',  ( 1.000000000000000000, 0.000000000000000000, 0.000000000000000000 ) ) ;
#8263 = CARTESIAN_POINT ( 'NONE',  ( -19.91421356237309581, -13.41421356237309759, -5.971999999999999531 ) ) ;
#8264 = ORIENTED_EDGE ( 'NONE', *, *, #2276, .T. ) ;
#8265 = CARTESIAN_POINT ( 'NONE',  ( -20.27293741981859654, -12.39356181320312622, -6.434147848981550233 ) ) ;
#8266 = CARTESIAN_POINT ( 'NONE',  ( 18.33835676538858905, -14.00000000000000000, -8.795175089801301027 ) ) ;
#8267 = ORIENTED_EDGE ( 'NONE', *, *, #1862, .F. ) ;
#8268 = PLANE ( 'NONE',  #7816 ) ;
#8269 = VECTOR ( 'NONE', #5011, 1000.000000000000000 ) ;
#8270 = ADVANCED_FACE ( 'NONE', ( #4795 ), #7767, .F. ) ;
#8271 = LINE ( 'NONE', #3070, #1547 ) ;
#8272 = DIRECTION ( 'NONE',  ( 0.000000000000000000, 0.000000000000000000, -1.000000000000000000 ) ) ;
#8273 = ORIENTED_EDGE ( 'NONE', *, *, #5652, .F. ) ;
#8274 = ORIENTED_EDGE ( 'NONE', *, *, #6987, .F. ) ;
#8275 = CARTESIAN_POINT ( 'NONE',  ( 19.47463121023807986, 11.78797962979691505, -5.403986561655058196 ) ) ;
#8276 = VECTOR ( 'NONE', #6576, 1000.000000000000000 ) ;
#8277 = DIRECTION ( 'NONE',  ( -1.000000000000000000, 7.153498870007452406E-17, 0.000000000000000000 ) ) ;
#8278 = ORIENTED_EDGE ( 'NONE', *, *, #5199, .T. ) ;
#8279 = CARTESIAN_POINT ( 'NONE',  ( 19.50000000000000000, -1.500000000000000000, 0.000000000000000000 ) ) ;
#8280 = DIRECTION ( 'NONE',  ( 5.782411586589356653E-16, 1.184965211890880193E-16, 1.000000000000000000 ) ) ;
#8281 = PLANE ( 'NONE',  #390 ) ;
#8282 = APPLICATION_CONTEXT ( 'automotive_design' ) ;
#8283 = AXIS2_PLACEMENT_3D ( 'NONE', #7730, #801, #8545 ) ;
#8284 = VECTOR ( 'NONE', #8055, 1000.000000000000000 ) ;
#8285 = DIRECTION ( 'NONE',  ( -0.000000000000000000, 1.000000000000000000, -0.000000000000000000 ) ) ;
#8286 = CARTESIAN_POINT ( 'NONE',  ( -18.21915555654080165, 13.83424441322330090, -6.506461368959409519 ) ) ;
#8287 = ORIENTED_EDGE ( 'NONE', *, *, #3314, .T. ) ;
#8288 = PLANE ( 'NONE',  #2908 ) ;
#8289 = CARTESIAN_POINT ( 'NONE',  ( -18.84474740415218363, -14.03570880595149895, -8.830861191557106693 ) ) ;
#8290 = FACE_OUTER_BOUND ( 'NONE', #7535, .T. ) ;
#8291 = VECTOR ( 'NONE', #9769, 1000.000000000000000 ) ;
#8292 = CARTESIAN_POINT ( 'NONE',  ( 19.26208314935989918, -12.32993566752989878, -5.971999999999999531 ) ) ;
#8293 = ORIENTED_EDGE ( 'NONE', *, *, #3927, .T. ) ;
#8294 = CARTESIAN_POINT ( 'NONE',  ( -19.34164107335546490, 12.17081981921157841, -5.971999999961506767 ) ) ;
#8295 = EDGE_CURVE ( 'NONE', #9333, #5816, #1703, .T. ) ;
#8296 = CARTESIAN_POINT ( 'NONE',  ( -20.50000000000000000, 2.500000000000000000, -9.500000000000001776 ) ) ;
#8297 = VECTOR ( 'NONE', #8503, 1000.000000000000000 ) ;
#8298 = EDGE_CURVE ( 'NONE', #6421, #5796, #5705, .T. ) ;
#8299 = AXIS2_PLACEMENT_3D ( 'NONE', #4166, #6551, #2649 ) ;
#8300 = CARTESIAN_POINT ( 'NONE',  ( 20.50000000000000000, -1.500000000000000000, 4.183880899790690222 ) ) ;
#8301 = EDGE_CURVE ( 'NONE', #3752, #8945, #2498, .T. ) ;
#8302 = ORIENTED_EDGE ( 'NONE', *, *, #9005, .F. ) ;
#8303 = EDGE_CURVE ( 'NONE', #243, #8885, #8490, .T. ) ;
#8304 = DIRECTION ( 'NONE',  ( 1.000000000000000000, 0.000000000000000000, 0.000000000000000000 ) ) ;
#8305 = DIRECTION ( 'NONE',  ( 0.000000000000000000, -2.906723457586479957E-16, 1.000000000000000000 ) ) ;
#8306 = LINE ( 'NONE', #5945, #4298 ) ;
#8307 = ORIENTED_EDGE ( 'NONE', *, *, #9313, .T. ) ;
#8308 = CARTESIAN_POINT ( 'NONE',  ( 19.50000000000000000, 5.500000000000000000, 0.000000000000000000 ) ) ;
#8309 = DIRECTION ( 'NONE',  ( 0.000000000000000000, -1.000000000000000000, -2.906723457586479957E-16 ) ) ;
#8310 = VERTEX_POINT ( 'NONE', #8208 ) ;
#8311 = DIRECTION ( 'NONE',  ( 1.000000000000000000, 0.000000000000000000, -0.000000000000000000 ) ) ;
#8312 = EDGE_CURVE ( 'NONE', #3399, #9341, #7262, .T. ) ;
#8313 = VECTOR ( 'NONE', #9513, 1000.000000000000000 ) ;
#8314 = CARTESIAN_POINT ( 'NONE',  ( -18.52459128829616475, -11.98467503839207282, -5.686234846004801113 ) ) ;
#8315 = EDGE_CURVE ( 'NONE', #6221, #9091, #1951, .T. ) ;
#8316 = VECTOR ( 'NONE', #1082, 1000.000000000000000 ) ;
#8317 = DIRECTION ( 'NONE',  ( -1.000000000000000000, 0.000000000000000000, 0.000000000000000000 ) ) ;
#8318 = DIRECTION ( 'NONE',  ( 0.000000000000000000, 2.906723457586479957E-16, -1.000000000000000000 ) ) ;
#8319 = CARTESIAN_POINT ( 'NONE',  ( 18.69836206286124991, -11.83487368413919505, -5.738124925969758650 ) ) ;
#8320 = ORIENTED_EDGE ( 'NONE', *, *, #972, .F. ) ;
#8321 = ORIENTED_EDGE ( 'NONE', *, *, #145, .T. ) ;
#8322 = CARTESIAN_POINT ( 'NONE',  ( -18.94418015242819919, 14.00000000000000000, -7.435629217478060049 ) ) ;
#8323 = ORIENTED_EDGE ( 'NONE', *, *, #2590, .F. ) ;
#8324 = CARTESIAN_POINT ( 'NONE',  ( -20.49972442031554820, -12.49535453209898961, -7.712490332550673067 ) ) ;
#8325 = CARTESIAN_POINT ( 'NONE',  ( 20.49821622670776478, -11.64423713832172780, -10.32674837266382006 ) ) ;
#8326 = ORIENTED_EDGE ( 'NONE', *, *, #4897, .F. ) ;
#8327 = LINE ( 'NONE', #742, #9301 ) ;
#8328 = AXIS2_PLACEMENT_3D ( 'NONE', #74, #3906, #6950 ) ;
#8329 = DIRECTION ( 'NONE',  ( -1.000000000000000000, 7.153498870007452406E-17, -0.000000000000000000 ) ) ;
#8330 = VERTEX_POINT ( 'NONE', #8826 ) ;
#8331 = ORIENTED_EDGE ( 'NONE', *, *, #6593, .F. ) ;
#8332 = LINE ( 'NONE', #4292, #6833 ) ;
#8333 = CARTESIAN_POINT ( 'NONE',  ( 20.31266103540045975, 12.85522199130731558, -7.439979946250988796 ) ) ;
#8334 = ORIENTED_EDGE ( 'NONE', *, *, #395, .F. ) ;
#8335 = CARTESIAN_POINT ( 'NONE',  ( -18.50000000000000000, -12.00000000000000000, -5.971999999999999531 ) ) ;
#8336 = CARTESIAN_POINT ( 'NONE',  ( 19.50000922647105384, -11.87404863312534964, -5.987935503898992984 ) ) ;
#8337 = AXIS2_PLACEMENT_3D ( 'NONE', #7408, #5138, #8317 ) ;
#8338 = CARTESIAN_POINT ( 'NONE',  ( -20.50000000000000000, 11.99896441649182499, -7.431346141827697593 ) ) ;
#8339 = LINE ( 'NONE', #707, #9186 ) ;
#8340 = ORIENTED_EDGE ( 'NONE', *, *, #6686, .T. ) ;
#8341 = B_SPLINE_CURVE_WITH_KNOTS ( 'NONE', 3,
 ( #9708, #2750, #8917, #1992 ),
 .UNSPECIFIED., .F., .F.,
 ( 4, 4 ),
 ( 0.000000000000000000, 1.000000000000000000 ),
 .UNSPECIFIED. ) ;
#8342 = CARTESIAN_POINT ( 'NONE',  ( 25.50000000000000000, -5.947284263024439757E-15, -7.721999999999999531 ) ) ;
#8343 = VECTOR ( 'NONE', #338, 1000.000000000000000 ) ;
#8344 = FACE_OUTER_BOUND ( 'NONE', #1456, .T. ) ;
#8345 = CARTESIAN_POINT ( 'NONE',  ( -18.37691208763213524, -13.99896330553910673, -8.275153196494889229 ) ) ;
#8346 = EDGE_CURVE ( 'NONE', #1624, #6713, #5948, .T. ) ;
#8347 = CARTESIAN_POINT ( 'NONE',  ( 19.99728074593830129, -13.62921412126730125, -7.150569346742150501 ) ) ;
#8348 = ORIENTED_EDGE ( 'NONE', *, *, #7323, .T. ) ;
#8349 = CARTESIAN_POINT ( 'NONE',  ( -20.31862063336070534, -12.10565896336731306, -6.525330079576256992 ) ) ;
#8350 = DIRECTION ( 'NONE',  ( 0.000000000000000000, 0.000000000000000000, 1.000000000000000000 ) ) ;
#8351 = DIRECTION ( 'NONE',  ( 0.000000000000000000, 0.000000000000000000, -1.000000000000000000 ) ) ;
#8352 = CARTESIAN_POINT ( 'NONE',  ( 18.66535424041538249, -12.99999999066997525, -6.018415444729835251 ) ) ;
#8353 = ORIENTED_EDGE ( 'NONE', *, *, #3633, .T. ) ;
#8354 = LINE ( 'NONE', #3804, #7 ) ;
#8355 = CARTESIAN_POINT ( 'NONE',  ( -18.67685395266585147, -12.57476328421976852, -5.909580372315934582 ) ) ;
#8356 = DIRECTION ( 'NONE',  ( 0.000000000000000000, -1.000000000000000000, -2.906723457586479957E-16 ) ) ;
#8357 = CARTESIAN_POINT ( 'NONE',  ( 20.55346307255046767, 10.50000000000000178, -5.599999999999999645 ) ) ;
#8358 = ORIENTED_EDGE ( 'NONE', *, *, #5319, .T. ) ;
#8359 = CARTESIAN_POINT ( 'NONE',  ( 19.50000000000000000, -10.50000000000000000, -1.912524980688870002 ) ) ;
#8360 = AXIS2_PLACEMENT_3D ( 'NONE', #8426, #1497, #7722 ) ;
#8361 = CARTESIAN_POINT ( 'NONE',  ( -18.00000000000000000, -12.37692225340626706, -5.751708750088577737 ) ) ;
#8362 = VECTOR ( 'NONE', #2656, 1000.000000000000000 ) ;
#8363 = DIRECTION ( 'NONE',  ( 0.000000000000000000, 0.000000000000000000, 1.000000000000000000 ) ) ;
#8364 = EDGE_CURVE ( 'NONE', #6390, #4746, #8971, .T. ) ;
#8365 = CIRCLE ( 'NONE', #4020, 1.249999999999987121 ) ;
#8366 = CYLINDRICAL_SURFACE ( 'NONE', #7910, 2.000000000000000000 ) ;
#8367 = CARTESIAN_POINT ( 'NONE',  ( 18.51718085646461631, -12.20625591041858904, -5.753211212730812818 ) ) ;
#8368 = ORIENTED_EDGE ( 'NONE', *, *, #2771, .T. ) ;
#8369 = ORIENTED_EDGE ( 'NONE', *, *, #6570, .F. ) ;
#8370 = CARTESIAN_POINT ( 'NONE',  ( -18.67163729916181225, 12.81177934347775782, -5.965063095545060534 ) ) ;
#8371 = ORIENTED_EDGE ( 'NONE', *, *, #399, .F. ) ;
#8372 = CARTESIAN_POINT ( 'NONE',  ( -20.49993925874910161, -11.95069475681459892, -7.133804474462040801 ) ) ;
#8373 = CARTESIAN_POINT ( 'NONE',  ( 18.26934303963349393, -13.99787552126197987, -9.171971169277052027 ) ) ;
#8374 = EDGE_CURVE ( 'NONE', #7467, #4176, #8019, .T. ) ;
#8375 = ORIENTED_EDGE ( 'NONE', *, *, #8451, .F. ) ;
#8376 = VECTOR ( 'NONE', #7477, 1000.000000000000000 ) ;
#8377 = VECTOR ( 'NONE', #3393, 1000.000000000000000 ) ;
#8378 = LINE ( 'NONE', #3726, #5101 ) ;
#8379 = DIRECTION ( 'NONE',  ( -1.000000000000000000, 0.000000000000000000, 0.000000000000000000 ) ) ;
#8380 = ORIENTED_EDGE ( 'NONE', *, *, #8756, .T. ) ;
#8381 = ORIENTED_EDGE ( 'NONE', *, *, #3808, .F. ) ;
#8382 = DIRECTION ( 'NONE',  ( 5.782411586589356653E-16, 1.184965211890880193E-16, 1.000000000000000000 ) ) ;
#8383 = CARTESIAN_POINT ( 'NONE',  ( -20.55346307255046767, 1.499999999999999556, -7.500000000000000000 ) ) ;
#8384 = ORIENTED_EDGE ( 'NONE', *, *, #2190, .T. ) ;
#8385 = DIRECTION ( 'NONE',  ( 0.000000000000000000, 0.000000000000000000, 1.000000000000000000 ) ) ;
#8386 = CARTESIAN_POINT ( 'NONE',  ( -20.55346307255046767, -11.00000000000000000, -7.500000000000000000 ) ) ;
#8387 = B_SPLINE_CURVE_WITH_KNOTS ( 'NONE', 3,
 ( #3093, #3851, #3206, #6190 ),
 .UNSPECIFIED., .F., .F.,
 ( 4, 4 ),
 ( 0.9747242236551199035, 1.000000000000000000 ),
 .UNSPECIFIED. ) ;
#8388 = EDGE_CURVE ( 'NONE', #2749, #3746, #5755, .T. ) ;
#8389 = CARTESIAN_POINT ( 'NONE',  ( -20.50000000000000000, 12.00000000000000000, -7.422552296971640651 ) ) ;
#8390 = EDGE_CURVE ( 'NONE', #5082, #5496, #3465, .T. ) ;
#8391 = CARTESIAN_POINT ( 'NONE',  ( 19.50000000000000000, -9.500000000000000000, -0.3905608506923829992 ) ) ;
#8392 = VERTEX_POINT ( 'NONE', #3419 ) ;
#8393 = B_SPLINE_CURVE_WITH_KNOTS ( 'NONE', 3,
 ( #7249, #4973, #4114, #6641, #8143, #4305, #4211, #2642, #9701, #2792, #7953, #7202, #363, #3358, #9522, #2600, #5693, #4930, #8003, #4162, #2035, #7482, #7435, #3744 ),
 .UNSPECIFIED., .F., .F.,
 ( 4, 2, 2, 2, 2, 2, 2, 2, 2, 2, 2, 4 ),
 ( 0.000000000000000000, 0.0003033894546507343699, 0.0006067789093014687397, 0.001213557818602924686, 0.001516947273253657809, 0.001820336727904390932, 0.002427115637205854576, 0.002730505091856589000, 0.003033894546507322990, 0.003640673455808788369, 0.004247452365110253314, 0.004854231274411717825 ),
 .UNSPECIFIED. ) ;
#8394 = CARTESIAN_POINT ( 'NONE',  ( 18.00000000000000000, 11.49999999999999645, 1.500000000000000000 ) ) ;
#8395 = LINE ( 'NONE', #4606, #5148 ) ;
#8396 = AXIS2_PLACEMENT_3D ( 'NONE', #5331, #6143, #8304 ) ;
#8397 = CARTESIAN_POINT ( 'NONE',  ( -18.33743529108050296, -13.99856348554957641, -8.604209527217440368 ) ) ;
#8398 = CARTESIAN_POINT ( 'NONE',  ( 11.67999999999998906, -16.50000000000000000, -2.986000000000040178 ) ) ;
#8399 = CARTESIAN_POINT ( 'NONE',  ( 19.64539214293709790, -12.43681096666160002, -6.053078880858879351 ) ) ;
#8400 = ORIENTED_EDGE ( 'NONE', *, *, #9116, .F. ) ;
#8401 = DIRECTION ( 'NONE',  ( 1.000000000000000000, 0.000000000000000000, -0.000000000000000000 ) ) ;
#8402 = DIRECTION ( 'NONE',  ( 0.000000000000000000, 0.000000000000000000, 1.000000000000000000 ) ) ;
#8403 = VECTOR ( 'NONE', #4762, 1000.000000000000000 ) ;
#8404 = EDGE_CURVE ( 'NONE', #6477, #9311, #6513, .T. ) ;
#8405 = FACE_OUTER_BOUND ( 'NONE', #8427, .T. ) ;
#8406 = DIRECTION ( 'NONE',  ( 0.000000000000000000, 0.000000000000000000, -1.000000000000000000 ) ) ;
#8407 = ORIENTED_EDGE ( 'NONE', *, *, #306, .T. ) ;
#8408 = CARTESIAN_POINT ( 'NONE',  ( 11.24086771844660149, 16.50000000000000000, -2.473371636272753804 ) ) ;
#8409 = CARTESIAN_POINT ( 'NONE',  ( 20.55346307255046767, -2.500000000000000000, -9.500000000000000000 ) ) ;
#8410 = DIRECTION ( 'NONE',  ( -7.153498870007452406E-17, -1.000000000000000000, -0.000000000000000000 ) ) ;
#8411 = ORIENTED_EDGE ( 'NONE', *, *, #2800, .T. ) ;
#8412 = LINE ( 'NONE', #5282, #4614 ) ;
#8413 = EDGE_LOOP ( 'NONE', ( #6998, #1751, #3766, #98, #6619, #5124, #5824, #3417 ) ) ;
#8414 = CARTESIAN_POINT ( 'NONE',  ( -18.31272904815764946, -14.00008696588410828, -7.593870772700914706 ) ) ;
#8415 = DIRECTION ( 'NONE',  ( 0.000000000000000000, 0.000000000000000000, 1.000000000000000000 ) ) ;
#8416 = CARTESIAN_POINT ( 'NONE',  ( 18.00000000000000000, -12.31483597092730342, -5.729757934408798548 ) ) ;
#8417 = VERTEX_POINT ( 'NONE', #1904 ) ;
#8418 = ORIENTED_EDGE ( 'NONE', *, *, #4626, .F. ) ;
#8419 = CARTESIAN_POINT ( 'NONE',  ( -20.30445858529652625, 12.08692806816877408, -6.470748179910613906 ) ) ;
#8420 = ORIENTED_EDGE ( 'NONE', *, *, #476, .F. ) ;
#8421 = LINE ( 'NONE', #1492, #7980 ) ;
#8422 = CARTESIAN_POINT ( 'NONE',  ( 20.49731486174756157, -11.71682060463220587, -9.607176989522786315 ) ) ;
#8423 = ORIENTED_EDGE ( 'NONE', *, *, #6474, .F. ) ;
#8424 = EDGE_CURVE ( 'NONE', #8392, #6481, #7204, .T. ) ;
#8425 = CARTESIAN_POINT ( 'NONE',  ( 20.50000000000000000, -6.499999999999995559, 2.365120500916027435 ) ) ;
#8426 = CARTESIAN_POINT ( 'NONE',  ( 5.769999999999992468, 16.50000000000000000, -2.985999999999998877 ) ) ;
#8427 = EDGE_LOOP ( 'NONE', ( #8037, #1200 ) ) ;
#8428 = ORIENTED_EDGE ( 'NONE', *, *, #2111, .T. ) ;
#8429 = B_SPLINE_CURVE_WITH_KNOTS ( 'NONE', 3,
 ( #9741, #3682, #8275, #5156 ),
 .UNSPECIFIED., .F., .F.,
 ( 4, 4 ),
 ( 0.000000000000000000, 0.001719145640525051883 ),
 .UNSPECIFIED. ) ;
#8430 = CARTESIAN_POINT ( 'NONE',  ( 18.43458378107199991, 13.82096135211660126, -6.493517186538210417 ) ) ;
#8431 = CYLINDRICAL_SURFACE ( 'NONE', #6281, 12.00000000000000000 ) ;
#8432 = ORIENTED_EDGE ( 'NONE', *, *, #619, .F. ) ;
#8433 = CARTESIAN_POINT ( 'NONE',  ( -18.72858796087434641, 14.00000000000002309, -7.429282058706223602 ) ) ;
#8434 = VECTOR ( 'NONE', #8693, 1000.000000000000000 ) ;
#8435 = CARTESIAN_POINT ( 'NONE',  ( 20.49999999999999645, 11.98821874151008871, -7.100754288634059108 ) ) ;
#8436 = EDGE_CURVE ( 'NONE', #2462, #6236, #4223, .T. ) ;
#8437 = B_SPLINE_CURVE_WITH_KNOTS ( 'NONE', 3,
 ( #572, #5992, #1268, #1317, #1369 ),
 .UNSPECIFIED., .F., .F.,
 ( 4, 1, 4 ),
 ( 0.000000000000000000, 0.4285714285708829840, 0.5008483175673051901 ),
 .UNSPECIFIED. ) ;
#8438 = CARTESIAN_POINT ( 'NONE',  ( -19.36285519119758902, -11.87403198244529889, -5.943454386947689017 ) ) ;
#8439 = EDGE_CURVE ( 'NONE', #2924, #4565, #7511, .T. ) ;
#8440 = VECTOR ( 'NONE', #1351, 1000.000000000000000 ) ;
#8441 = EDGE_CURVE ( 'NONE', #6481, #8564, #5847, .T. ) ;
#8442 = CARTESIAN_POINT ( 'NONE',  ( -18.00000000000000000, 14.00000000000000000, -7.663179431274779851 ) ) ;
#8443 = ORIENTED_EDGE ( 'NONE', *, *, #2868, .F. ) ;
#8444 = CARTESIAN_POINT ( 'NONE',  ( -1.348076211353323561, -15.38411894523510171, -4.485999999999998877 ) ) ;
#8445 = CARTESIAN_POINT ( 'NONE',  ( 19.15023353774070713, 12.17105211561350053, -5.926345698985017840 ) ) ;
#8446 = CARTESIAN_POINT ( 'NONE',  ( -18.42317246204283876, -13.99966043528910653, -7.981394131648521295 ) ) ;
#8447 = CARTESIAN_POINT ( 'NONE',  ( -23.00000000000000000, -5.500000000000000000, 2.221682251925400031 ) ) ;
#8448 = CARTESIAN_POINT ( 'NONE',  ( 18.67447345182282703, -12.64725783369441814, -5.926448494467454253 ) ) ;
#8449 = ORIENTED_EDGE ( 'NONE', *, *, #848, .F. ) ;
#8450 = DIRECTION ( 'NONE',  ( -7.153498870007452406E-17, -1.000000000000000000, 0.000000000000000000 ) ) ;
#8451 = EDGE_CURVE ( 'NONE', #9756, #8219, #4318, .T. ) ;
#8452 = CARTESIAN_POINT ( 'NONE',  ( -20.50000000000000000, -6.038926451653769130E-15, -7.721999999999999531 ) ) ;
#8453 = AXIS2_PLACEMENT_3D ( 'NONE', #105, #4753, #4044 ) ;
#8454 = CARTESIAN_POINT ( 'NONE',  ( 25.50000000000000000, 6.500000000000000000, 1.932560250458019935 ) ) ;
#8455 = DIRECTION ( 'NONE',  ( -0.000000000000000000, 1.000000000000000000, 0.000000000000000000 ) ) ;
#8456 = EDGE_LOOP ( 'NONE', ( #9951, #6679, #2874, #1066, #9541 ) ) ;
#8457 = AXIS2_PLACEMENT_3D ( 'NONE', #8650, #4909, #7984 ) ;
#8458 = CARTESIAN_POINT ( 'NONE',  ( 25.50000000000000000, 9.500000000000000000, -9.500000000000000000 ) ) ;
#8459 = VECTOR ( 'NONE', #4937, 1000.000000000000000 ) ;
#8460 = CARTESIAN_POINT ( 'NONE',  ( -18.68736543154049201, -12.27775624100594420, -5.862753755483095297 ) ) ;
#8461 = LINE ( 'NONE', #5947, #6460 ) ;
#8462 = FACE_BOUND ( 'NONE', #5666, .T. ) ;
#8463 = VERTEX_POINT ( 'NONE', #3569 ) ;
#8464 = CARTESIAN_POINT ( 'NONE',  ( 18.67082017598600885, 12.84164089441581780, -5.971999999831375305 ) ) ;
#8465 = CARTESIAN_POINT ( 'NONE',  ( 19.25976533576774585, 11.98797747206534403, -5.923556741396299508 ) ) ;
#8466 = EDGE_CURVE ( 'NONE', #3919, #241, #6655, .T. ) ;
#8467 = VECTOR ( 'NONE', #3696, 1000.000000000000000 ) ;
#8468 = CARTESIAN_POINT ( 'NONE',  ( -18.48823716833210185, -14.00000000000000000, -7.522438511785589199 ) ) ;
#8469 = CARTESIAN_POINT ( 'NONE',  ( -19.96353918810330441, 13.36321918179723056, -7.443206831254932432 ) ) ;
#8470 = CARTESIAN_POINT ( 'NONE',  ( 16.74999999999998579, -16.50000000000000000, -11.00000000000000000 ) ) ;
#8471 = CARTESIAN_POINT ( 'NONE',  ( 19.50000000000000000, -5.500000000000000000, -5.600000000000000533 ) ) ;
#8472 = CARTESIAN_POINT ( 'NONE',  ( 18.94604670925673418, -12.70402762849642997, -5.971999999999999531 ) ) ;
#8473 = EDGE_LOOP ( 'NONE', ( #2075, #22, #7190, #3922 ) ) ;
#8474 = VECTOR ( 'NONE', #6794, 1000.000000000000000 ) ;
#8475 = VERTEX_POINT ( 'NONE', #7498 ) ;
#8476 = CARTESIAN_POINT ( 'NONE',  ( -20.49001326653179689, 12.61365061387100184, -7.148404090448879700 ) ) ;
#8477 = ORIENTED_EDGE ( 'NONE', *, *, #1256, .F. ) ;
#8478 = CARTESIAN_POINT ( 'NONE',  ( 20.50000000000000000, -12.00000000000000000, -7.422552296971640651 ) ) ;
#8479 = CARTESIAN_POINT ( 'NONE',  ( 20.49852373264165450, -11.70376051191318290, -9.826038771873662370 ) ) ;
#8480 = EDGE_CURVE ( 'NONE', #3409, #7789, #5182, .T. ) ;
#8481 = B_SPLINE_CURVE_WITH_KNOTS ( 'NONE', 3,
 ( #9845, #9047, #7378, #5058, #6781, #7331, #2128, #9746, #5259, #454 ),
 .UNSPECIFIED., .F., .F.,
 ( 4, 3, 3, 4 ),
 ( 0.000000000000000000, 8.785538476339759375E-05, 0.0001757107694931406847, 0.0003198718357376840820 ),
 .UNSPECIFIED. ) ;
#8482 = CYLINDRICAL_SURFACE ( 'NONE', #423, 12.00000000000000000 ) ;
#8483 = DIRECTION ( 'NONE',  ( -1.000000000000000000, 0.000000000000000000, 0.000000000000000000 ) ) ;
#8484 = CARTESIAN_POINT ( 'NONE',  ( -20.50000000000000000, -10.50000000000000178, -9.500000000000000000 ) ) ;
#8485 = DIRECTION ( 'NONE',  ( 0.000000000000000000, 2.906723457586479957E-16, -1.000000000000000000 ) ) ;
#8486 = ORIENTED_EDGE ( 'NONE', *, *, #3627, .F. ) ;
#8487 = EDGE_LOOP ( 'NONE', ( #7045, #8084, #2925, #540, #6206 ) ) ;
#8488 = CARTESIAN_POINT ( 'NONE',  ( 18.49884682289038551, 12.74667324154511050, -5.916410951615627134 ) ) ;
#8489 = LINE ( 'NONE', #1556, #3215 ) ;
#8490 = CIRCLE ( 'NONE', #6880, 1.249999999999987121 ) ;
#8491 = VERTEX_POINT ( 'NONE', #2250 ) ;
#8492 = DIRECTION ( 'NONE',  ( 0.000000000000000000, 2.906723457586479957E-16, -1.000000000000000000 ) ) ;
#8493 = CARTESIAN_POINT ( 'NONE',  ( 19.50000000000000000, -5.959237591976089288E-15, -7.721999999999999531 ) ) ;
#8494 = CARTESIAN_POINT ( 'NONE',  ( -18.41223726118710857, -13.02076150134352694, -5.976985708209713977 ) ) ;
#8495 = VECTOR ( 'NONE', #8796, 1000.000000000000000 ) ;
#8496 = CARTESIAN_POINT ( 'NONE',  ( -20.50000000000000000, 6.500000000000000000, -9.500000000000001776 ) ) ;
#8497 = EDGE_CURVE ( 'NONE', #9284, #6555, #6903, .T. ) ;
#8498 = ORIENTED_EDGE ( 'NONE', *, *, #9398, .T. ) ;
#8499 = LINE ( 'NONE', #9304, #8403 ) ;
#8500 = CARTESIAN_POINT ( 'NONE',  ( 18.67767756261772760, 12.54938702375138249, -5.903671973217982760 ) ) ;
#8501 = VERTEX_POINT ( 'NONE', #21 ) ;
#8502 = CARTESIAN_POINT ( 'NONE',  ( -18.78576151399341754, -14.05689212575382996, -9.658546249004865913 ) ) ;
#8503 = DIRECTION ( 'NONE',  ( -1.000000000000000000, 0.000000000000000000, 0.000000000000000000 ) ) ;
#8504 = CARTESIAN_POINT ( 'NONE',  ( 20.49944811810809497, -11.93230703100056012, -7.720934439414348205 ) ) ;
#8505 = STYLED_ITEM ( 'NONE', ( #1088 ), #9249 ) ;
#8506 = EDGE_LOOP ( 'NONE', ( #3955, #1174, #8530, #2703 ) ) ;
#8507 = DIRECTION ( 'NONE',  ( 1.000000000000000000, -0.000000000000000000, -0.000000000000000000 ) ) ;
#8508 = EDGE_CURVE ( 'NONE', #4616, #201, #6147, .T. ) ;
#8509 = CARTESIAN_POINT ( 'NONE',  ( -20.50000000000000000, -6.500000000000000000, -9.500000000000001776 ) ) ;
#8510 = B_SPLINE_CURVE_WITH_KNOTS ( 'NONE', 3,
 ( #3002, #9968, #7647, #9819 ),
 .UNSPECIFIED., .F., .F.,
 ( 4, 4 ),
 ( 0.000000000000000000, 0.001719145640525073350 ),
 .UNSPECIFIED. ) ;
#8511 = VECTOR ( 'NONE', #2004, 1000.000000000000000 ) ;
#8512 = PLANE ( 'NONE',  #2322 ) ;
#8513 = PLANE ( 'NONE',  #8864 ) ;
#8514 = ORIENTED_EDGE ( 'NONE', *, *, #781, .T. ) ;
#8515 = LINE ( 'NONE', #9467, #6632 ) ;
#8516 = CARTESIAN_POINT ( 'NONE',  ( -19.12404888384446622, -12.17677295594185516, -5.921452736166502362 ) ) ;
#8517 = LINE ( 'NONE', #822, #5613 ) ;
#8518 = CARTESIAN_POINT ( 'NONE',  ( -0.8933740221277626237, 14.99140986187673263, -5.089080936974242242 ) ) ;
#8519 = EDGE_LOOP ( 'NONE', ( #2072, #9166, #8620, #5519 ) ) ;
#8520 = CARTESIAN_POINT ( 'NONE',  ( 13.96534235719416195, 15.08844365086793538, -3.388819797852810289 ) ) ;
#8521 = CARTESIAN_POINT ( 'NONE',  ( 20.50000000000000000, 11.75510814959768702, -7.405505454206582350 ) ) ;
#8522 = ADVANCED_FACE ( 'NONE', ( #579, #1482, #9866, #1435, #3759, #9072, #7545, #8462 ), #1531, .T. ) ;
#8523 = CARTESIAN_POINT ( 'NONE',  ( -18.49344110513082384, -12.90274364432320908, -5.963524019794771647 ) ) ;
#8524 = CARTESIAN_POINT ( 'NONE',  ( -19.99948138382036689, 13.32428533184483044, -7.443171562897417104 ) ) ;
#8525 = CARTESIAN_POINT ( 'NONE',  ( 18.50074720379181414, -14.00000000000000178, -7.422640289418239057 ) ) ;
#8526 = CARTESIAN_POINT ( 'NONE',  ( 19.31879808401247445, -14.00057522017637091, -7.168969436590586497 ) ) ;
#8527 = VERTEX_POINT ( 'NONE', #4467 ) ;
#8528 = EDGE_LOOP ( 'NONE', ( #7071, #5420, #709, #1986 ) ) ;
#8529 = CARTESIAN_POINT ( 'NONE',  ( -19.71471890679299932, 12.16061426483730123, -6.058667187275020183 ) ) ;
#8530 = ORIENTED_EDGE ( 'NONE', *, *, #7323, .F. ) ;
#8531 = CARTESIAN_POINT ( 'NONE',  ( -1.163884672892645078, 15.18533125362786684, -1.195760906558682279 ) ) ;
#8532 = CARTESIAN_POINT ( 'NONE',  ( 18.80105001873395665, -14.05118554314297441, -9.437316834492479600 ) ) ;
#8533 = CIRCLE ( 'NONE', #943, 1.749999999999987566 ) ;
#8534 = CARTESIAN_POINT ( 'NONE',  ( 1.249999999999995115, 14.00000000000000000, -2.985999999999998877 ) ) ;
#8535 = DIRECTION ( 'NONE',  ( -7.153498870007453638E-17, -1.000000000000000000, -0.000000000000000000 ) ) ;
#8536 = ADVANCED_FACE ( 'NONE', ( #629 ), #2952, .F. ) ;
#8537 = ADVANCED_FACE ( 'NONE', ( #2201 ), #4416, .T. ) ;
#8538 = DIRECTION ( 'NONE',  ( 1.000000000000000000, 1.992221491941909864E-18, -4.579663590744439848E-16 ) ) ;
#8539 = VERTEX_POINT ( 'NONE', #7697 ) ;
#8540 = VERTEX_POINT ( 'NONE', #3660 ) ;
#8541 = CARTESIAN_POINT ( 'NONE',  ( 25.50000000000000000, 11.86754886233879880, -9.500000000000000000 ) ) ;
#8542 = DIRECTION ( 'NONE',  ( -0.000000000000000000, -0.000000000000000000, -1.000000000000000000 ) ) ;
#8543 = VERTEX_POINT ( 'NONE', #9120 ) ;
#8544 = CARTESIAN_POINT ( 'NONE',  ( 20.55346307255046767, -11.00000000000000000, -7.500000000000000000 ) ) ;
#8545 = DIRECTION ( 'NONE',  ( 1.000000000000000000, 0.000000000000000000, 0.000000000000000000 ) ) ;
#8546 = DIRECTION ( 'NONE',  ( 0.000000000000000000, 0.000000000000000000, 1.000000000000000000 ) ) ;
#8547 = VECTOR ( 'NONE', #3665, 1000.000000000000000 ) ;
#8548 = AXIS2_PLACEMENT_3D ( 'NONE', #8717, #2499, #276 ) ;
#8549 = DIRECTION ( 'NONE',  ( -0.000000000000000000, -0.000000000000000000, 1.000000000000000000 ) ) ;
#8550 = CARTESIAN_POINT ( 'NONE',  ( -18.98190407138255154, 13.99973156391774509, -7.710153051321685602 ) ) ;
#8551 = ORIENTED_EDGE ( 'NONE', *, *, #9925, .T. ) ;
#8552 = LINE ( 'NONE', #6986, #5682 ) ;
#8553 = LINE ( 'NONE', #5422, #2082 ) ;
#8554 = ORIENTED_EDGE ( 'NONE', *, *, #4945, .F. ) ;
#8555 = CARTESIAN_POINT ( 'NONE',  ( -18.21683924716536751, -14.00000000000000000, -9.827063097020637628 ) ) ;
#8556 = DIRECTION ( 'NONE',  ( -0.000000000000000000, -0.000000000000000000, 1.000000000000000000 ) ) ;
#8557 = CARTESIAN_POINT ( 'NONE',  ( 18.46893506273609020, -14.00000000000000000, -7.421637727257261119 ) ) ;
#8558 = ORIENTED_EDGE ( 'NONE', *, *, #7089, .T. ) ;
#8559 = CARTESIAN_POINT ( 'NONE',  ( 20.55346307255046767, 5.500000000000000000, -9.500000000000000000 ) ) ;
#8560 = DIRECTION ( 'NONE',  ( 0.000000000000000000, 2.906723457586479957E-16, -1.000000000000000000 ) ) ;
#8561 = EDGE_CURVE ( 'NONE', #2188, #3296, #7595, .T. ) ;
#8562 = VECTOR ( 'NONE', #5165, 1000.000000000000000 ) ;
#8563 = CARTESIAN_POINT ( 'NONE',  ( -19.91358380419293184, -13.41360021050130769, -7.443204761449202067 ) ) ;
#8564 = VERTEX_POINT ( 'NONE', #2103 ) ;
#8565 = CARTESIAN_POINT ( 'NONE',  ( -19.50000000000000000, -6.500000000000000888, -5.599999999999999645 ) ) ;
#8566 = CARTESIAN_POINT ( 'NONE',  ( -18.66754735272712296, -12.78475615790183006, -5.958094920107376069 ) ) ;
#8567 = CARTESIAN_POINT ( 'NONE',  ( 18.00000000000000711, 12.99999999999999645, -5.971999999999999531 ) ) ;
#8568 = ORIENTED_EDGE ( 'NONE', *, *, #4560, .T. ) ;
#8569 = CARTESIAN_POINT ( 'NONE',  ( 19.33118909302434218, 11.87484569054676520, -5.933450649516020192 ) ) ;
#8570 = VECTOR ( 'NONE', #5177, 1000.000000000000000 ) ;
#8571 = CARTESIAN_POINT ( 'NONE',  ( 17.31999999999998963, -13.99999999999999822, -2.986000000000068155 ) ) ;
#8572 = CARTESIAN_POINT ( 'NONE',  ( -20.13990639124588000, 13.14689757732374531, -7.442492766723694864 ) ) ;
#8573 = LINE ( 'NONE', #4840, #327 ) ;
#8574 = EDGE_CURVE ( 'NONE', #1223, #4851, #8412, .T. ) ;
#8575 = CARTESIAN_POINT ( 'NONE',  ( 19.16042244331722699, -13.74501517531813377, -6.399629118844822884 ) ) ;
#8576 = VERTEX_POINT ( 'NONE', #8357 ) ;
#8577 = EDGE_CURVE ( 'NONE', #9536, #6866, #4571, .T. ) ;
#8578 = ORIENTED_EDGE ( 'NONE', *, *, #4326, .T. ) ;
#8579 = CARTESIAN_POINT ( 'NONE',  ( -18.92247148789525824, 14.00779612856644718, -7.740243375249421298 ) ) ;
#8580 = ORIENTED_EDGE ( 'NONE', *, *, #7882, .F. ) ;
#8581 =( NAMED_UNIT ( * ) PLANE_ANGLE_UNIT ( ) SI_UNIT ( $, .RADIAN. ) );
#8582 = CARTESIAN_POINT ( 'NONE',  ( 20.03208411911699116, -13.69569375696831415, -10.48212293402639439 ) ) ;
#8583 = EDGE_CURVE ( 'NONE', #8648, #1812, #8510, .T. ) ;
#8584 = DIRECTION ( 'NONE',  ( 7.153498870007452406E-17, 1.000000000000000000, 0.000000000000000000 ) ) ;
#8585 = DIRECTION ( 'NONE',  ( 0.000000000000000000, -1.000000000000000000, 1.441138904616591607E-17 ) ) ;
#8586 = LINE ( 'NONE', #5665, #7548 ) ;
#8587 = EDGE_LOOP ( 'NONE', ( #5848, #7672 ) ) ;
#8588 = ORIENTED_EDGE ( 'NONE', *, *, #2942, .T. ) ;
#8589 = EDGE_CURVE ( 'NONE', #870, #6390, #2299, .T. ) ;
#8590 = CARTESIAN_POINT ( 'NONE',  ( 18.51317841378184070, 12.32423264389953843, -5.788838811976083853 ) ) ;
#8591 = LINE ( 'NONE', #7828, #8053 ) ;
#8592 = VERTEX_POINT ( 'NONE', #2904 ) ;
#8593 = CARTESIAN_POINT ( 'NONE',  ( -19.88823552899043534, 13.43983942280491206, -7.443179225258147902 ) ) ;
#8594 = CARTESIAN_POINT ( 'NONE',  ( -19.48443156711647717, -11.87323284774478616, -5.982347605989812855 ) ) ;
#8595 = EDGE_CURVE ( 'NONE', #3968, #6468, #4782, .T. ) ;
#8596 = CARTESIAN_POINT ( 'NONE',  ( -19.24370777992293569, -12.17349950195820618, -5.949249863340306810 ) ) ;
#8597 = DIRECTION ( 'NONE',  ( 5.782411586589356653E-16, 1.184965211890880193E-16, 1.000000000000000000 ) ) ;
#8598 = CARTESIAN_POINT ( 'NONE',  ( -23.00000000000000000, 5.499999999999999112, -5.599999999999999645 ) ) ;
#8599 = VERTEX_POINT ( 'NONE', #9022 ) ;
#8600 = DIRECTION ( 'NONE',  ( 0.000000000000000000, -1.000000000000000000, -1.441138904616592224E-17 ) ) ;
#8601 = CARTESIAN_POINT ( 'NONE',  ( 18.49999999999950262, 14.00000000000000000, -7.422552296971621111 ) ) ;
#8602 = ORIENTED_EDGE ( 'NONE', *, *, #8439, .F. ) ;
#8603 = CARTESIAN_POINT ( 'NONE',  ( -20.02001937228363104, -13.68733411195755068, -9.958535629978666037 ) ) ;
#8604 = CARTESIAN_POINT ( 'NONE',  ( -20.50000000000000000, -9.500000000000000000, -9.500000000000001776 ) ) ;
#8605 = CARTESIAN_POINT ( 'NONE',  ( 18.46731615636056745, -13.99987883482586959, -7.521751781488537070 ) ) ;
#8606 = VERTEX_POINT ( 'NONE', #6806 ) ;
#8607 = LINE ( 'NONE', #2635, #6229 ) ;
#8608 = CARTESIAN_POINT ( 'NONE',  ( 19.91366097911397759, -13.41367403801326752, -7.443206410670352824 ) ) ;
#8609 = AXIS2_PLACEMENT_3D ( 'NONE', #5333, #4519, #725 ) ;
#8610 = DIRECTION ( 'NONE',  ( 0.000000000000000000, -2.906723457586479957E-16, 1.000000000000000000 ) ) ;
#8611 = CARTESIAN_POINT ( 'NONE',  ( -19.50510595795532609, 10.70427622350598007, -5.980541240866832808 ) ) ;
#8612 = ORIENTED_EDGE ( 'NONE', *, *, #6401, .T. ) ;
#8613 = LINE ( 'NONE', #6348, #2108 ) ;
#8614 = CARTESIAN_POINT ( 'NONE',  ( -18.67443839263777505, -12.70938726623524140, -5.941277103145182537 ) ) ;
#8615 = DIRECTION ( 'NONE',  ( 0.000000000000000000, 0.000000000000000000, -1.000000000000000000 ) ) ;
#8616 = EDGE_CURVE ( 'NONE', #5114, #1350, #8255, .T. ) ;
#8617 = VECTOR ( 'NONE', #4342, 1000.000000000000000 ) ;
#8618 = CARTESIAN_POINT ( 'NONE',  ( -0.9818658125092971645, 15.04789922925221468, -4.994625468183496508 ) ) ;
#8619 = CARTESIAN_POINT ( 'NONE',  ( -19.50000000000000000, -11.50000000000000000, -4.294172699799460702 ) ) ;
#8620 = ORIENTED_EDGE ( 'NONE', *, *, #8160, .T. ) ;
#8621 = LINE ( 'NONE', #1691, #5584 ) ;
#8622 = CARTESIAN_POINT ( 'NONE',  ( 19.16671828102366248, 12.17560566865480176, -5.931364967506508989 ) ) ;
#8623 = CARTESIAN_POINT ( 'NONE',  ( -18.00000000000000000, -14.00000000000000000, -8.491307379290800483 ) ) ;
#8624 = AXIS2_PLACEMENT_3D ( 'NONE', #304, #2625, #5717 ) ;
#8625 = EDGE_CURVE ( 'NONE', #9245, #4517, #2478, .T. ) ;
#8626 = AXIS2_PLACEMENT_3D ( 'NONE', #5781, #8853, #275 ) ;
#8627 = CARTESIAN_POINT ( 'NONE',  ( -13.25000000000001243, -16.50000000000000000, -2.323636806578210923 ) ) ;
#8628 = CARTESIAN_POINT ( 'NONE',  ( 18.94378481804830017, -14.00000000000000000, -7.435617578605340228 ) ) ;
#8629 = CARTESIAN_POINT ( 'NONE',  ( 18.48823716833213737, -14.00000000000000000, -7.522438511785580317 ) ) ;
#8630 = ORIENTED_EDGE ( 'NONE', *, *, #6782, .F. ) ;
#8631 = EDGE_CURVE ( 'NONE', #7263, #5216, #9372, .T. ) ;
#8632 = EDGE_LOOP ( 'NONE', ( #9030, #7006, #5964, #7073, #6254 ) ) ;
#8633 = CARTESIAN_POINT ( 'NONE',  ( -18.92970770940623737, 14.00519741904429871, -7.638705322658966956 ) ) ;
#8634 = ORIENTED_EDGE ( 'NONE', *, *, #4434, .T. ) ;
#8635 = DIRECTION ( 'NONE',  ( -1.000000000000000000, 0.000000000000000000, 0.000000000000000000 ) ) ;
#8636 = VECTOR ( 'NONE', #1147, 1000.000000000000000 ) ;
#8637 = CARTESIAN_POINT ( 'NONE',  ( 20.49312652575052240, -11.51707966766320546, -11.14938938429720316 ) ) ;
#8638 = AXIS2_PLACEMENT_3D ( 'NONE', #4368, #8257, #4418 ) ;
#8639 = EDGE_CURVE ( 'NONE', #6535, #7560, #8966, .T. ) ;
#8640 = CARTESIAN_POINT ( 'NONE',  ( 1.249999999999993117, -13.99999999999999822, -2.985999999999998877 ) ) ;
#8641 = CIRCLE ( 'NONE', #4767, 1.749999999999987566 ) ;
#8642 = VECTOR ( 'NONE', #3700, 1000.000000000000000 ) ;
#8643 = DIRECTION ( 'NONE',  ( 0.000000000000000000, 0.000000000000000000, 1.000000000000000000 ) ) ;
#8644 = ORIENTED_EDGE ( 'NONE', *, *, #7153, .T. ) ;
#8645 = ORIENTED_EDGE ( 'NONE', *, *, #7773, .T. ) ;
#8646 = FACE_OUTER_BOUND ( 'NONE', #6073, .T. ) ;
#8647 = DIRECTION ( 'NONE',  ( -0.000000000000000000, -0.000000000000000000, 1.000000000000000000 ) ) ;
#8648 = VERTEX_POINT ( 'NONE', #8619 ) ;
#8649 = CARTESIAN_POINT ( 'NONE',  ( -18.50000000000000000, 12.00000000000000000, -5.971999999999999531 ) ) ;
#8650 = CARTESIAN_POINT ( 'NONE',  ( 25.50000000000000000, -5.947284263024439757E-15, -7.721999999999999531 ) ) ;
#8651 = DIRECTION ( 'NONE',  ( -1.000000000000000000, 0.000000000000000000, 0.000000000000000000 ) ) ;
#8652 = VECTOR ( 'NONE', #3967, 1000.000000000000000 ) ;
#8653 = CARTESIAN_POINT ( 'NONE',  ( -18.95928182181924981, -12.69741022648904760, -5.972000036335273876 ) ) ;
#8654 = ORIENTED_EDGE ( 'NONE', *, *, #4626, .T. ) ;
#8655 = DIRECTION ( 'NONE',  ( 1.000000000000000000, 0.000000000000000000, 0.000000000000000000 ) ) ;
#8656 = CARTESIAN_POINT ( 'NONE',  ( 19.34442530379980241, 12.16525135865010121, -5.971999999999999531 ) ) ;
#8657 = ORIENTED_EDGE ( 'NONE', *, *, #1344, .F. ) ;
#8658 = CARTESIAN_POINT ( 'NONE',  ( -23.00000000000000355, 10.00000000000000000, 1.028000000000015790 ) ) ;
#8659 = CARTESIAN_POINT ( 'NONE',  ( 18.00000000000000711, 12.99999999999999645, 0.000000000000000000 ) ) ;
#8660 = CARTESIAN_POINT ( 'NONE',  ( 20.49993867978978912, -11.97764930048061061, -7.522090965995523959 ) ) ;
#8661 = ORIENTED_EDGE ( 'NONE', *, *, #3237, .T. ) ;
#8662 = DIRECTION ( 'NONE',  ( 0.000000000000000000, -1.000000000000000000, 0.000000000000000000 ) ) ;
#8663 = PLANE ( 'NONE',  #1683 ) ;
#8664 = STYLED_ITEM ( 'NONE', ( #5560 ), #9233 ) ;
#8665 = DIRECTION ( 'NONE',  ( 1.000000000000000000, 0.000000000000000000, 0.000000000000000000 ) ) ;
#8666 = LINE ( 'NONE', #7198, #627 ) ;
#8667 = ORIENTED_EDGE ( 'NONE', *, *, #1637, .T. ) ;
#8668 = DIRECTION ( 'NONE',  ( 1.000000000000000000, -0.000000000000000000, -0.000000000000000000 ) ) ;
#8669 = AXIS2_PLACEMENT_3D ( 'NONE', #8689, #6920, #9987 ) ;
#8670 = CARTESIAN_POINT ( 'NONE',  ( -18.74480913366589974, -12.55998625756341980, -5.923894123495411890 ) ) ;
#8671 = DIRECTION ( 'NONE',  ( -0.000000000000000000, -0.000000000000000000, -1.000000000000000000 ) ) ;
#8672 = CARTESIAN_POINT ( 'NONE',  ( 1.749999999999988454, 16.22067917592710273, -5.944039891549809163 ) ) ;
#8673 = CARTESIAN_POINT ( 'NONE',  ( 20.50000000000000000, -5.500000000000000000, -9.500000000000000000 ) ) ;
#8674 = VERTEX_POINT ( 'NONE', #6352 ) ;
#8675 = LINE ( 'NONE', #8725, #6709 ) ;
#8676 = CARTESIAN_POINT ( 'NONE',  ( 19.36841704466394631, 11.98470648940574712, -5.955460282814625472 ) ) ;
#8677 = CARTESIAN_POINT ( 'NONE',  ( -18.41883646149151588, -14.00000000000000000, -8.111767179187946653 ) ) ;
#8678 = CARTESIAN_POINT ( 'NONE',  ( 18.00000000000000711, -13.50000000000000000, -21.50000000000000000 ) ) ;
#8679 = CARTESIAN_POINT ( 'NONE',  ( 20.50000000000000000, -6.500000000000000000, -9.500000000000000000 ) ) ;
#8680 = LINE ( 'NONE', #7868, #7856 ) ;
#8681 = CARTESIAN_POINT ( 'NONE',  ( 19.21728793824548376, -13.99939601881481011, -7.874528520731227665 ) ) ;
#8682 = ORIENTED_EDGE ( 'NONE', *, *, #1452, .F. ) ;
#8683 = VERTEX_POINT ( 'NONE', #9472 ) ;
#8684 = CARTESIAN_POINT ( 'NONE',  ( -0.08776445105842380079, 14.75002207789765940, -5.673030680564876249 ) ) ;
#8685 = ORIENTED_EDGE ( 'NONE', *, *, #660, .T. ) ;
#8686 = SURFACE_SIDE_STYLE ('',( #2522 ) ) ;
#8687 = CARTESIAN_POINT ( 'NONE',  ( 20.49365697348648752, -11.55192158759940391, -10.86170614556656844 ) ) ;
#8688 = ADVANCED_FACE ( 'NONE', ( #7859, #9271, #9418 ), #2349, .F. ) ;
#8689 = CARTESIAN_POINT ( 'NONE',  ( 1.249999999999993117, -16.50000000000000000, -2.985999999999998877 ) ) ;
#8690 = LINE ( 'NONE', #6325, #1908 ) ;
#8691 = VERTEX_POINT ( 'NONE', #5597 ) ;
#8692 = ORIENTED_EDGE ( 'NONE', *, *, #2467, .F. ) ;
#8693 = DIRECTION ( 'NONE',  ( -0.000000000000000000, -0.000000000000000000, 1.000000000000000000 ) ) ;
#8694 = EDGE_CURVE ( 'NONE', #222, #2757, #3799, .T. ) ;
#8695 = DIRECTION ( 'NONE',  ( 1.000000000000000000, -0.000000000000000000, 0.000000000000000000 ) ) ;
#8696 = ORIENTED_EDGE ( 'NONE', *, *, #8867, .T. ) ;
#8697 = CARTESIAN_POINT ( 'NONE',  ( 20.50000000000000000, -2.500000000000000000, -9.500000000000000000 ) ) ;
#8698 = CARTESIAN_POINT ( 'NONE',  ( -18.00000000000000355, -14.00000000000000000, -7.386213562373100672 ) ) ;
#8699 = CIRCLE ( 'NONE', #137, 1.499999999999999556 ) ;
#8700 = CARTESIAN_POINT ( 'NONE',  ( -3.945000000000001616, 16.50000000000000000, -2.985999999999998877 ) ) ;
#8701 = AXIS2_PLACEMENT_3D ( 'NONE', #5475, #808, #9204 ) ;
#8702 = CARTESIAN_POINT ( 'NONE',  ( 19.50000000000001421, 12.16535419343582092, -6.018415383382384576 ) ) ;
#8703 = ORIENTED_EDGE ( 'NONE', *, *, #107, .T. ) ;
#8704 = CARTESIAN_POINT ( 'NONE',  ( -13.11999999999999922, 33.50000000000000000, -2.986000000000068155 ) ) ;
#8705 = EDGE_CURVE ( 'NONE', #8195, #3930, #228, .T. ) ;
#8706 = CARTESIAN_POINT ( 'NONE',  ( 20.50000000000000000, 11.96886815016450534, -7.421635757312469828 ) ) ;
#8707 = ORIENTED_EDGE ( 'NONE', *, *, #9130, .F. ) ;
#8708 = CARTESIAN_POINT ( 'NONE',  ( -20.01775006990070338, -13.68279997822912009, -9.731216937859288763 ) ) ;
#8709 = EDGE_CURVE ( 'NONE', #1527, #4738, #1026, .T. ) ;
#8710 = ORIENTED_EDGE ( 'NONE', *, *, #9225, .T. ) ;
#8711 = LINE ( 'NONE', #5636, #1339 ) ;
#8712 = CARTESIAN_POINT ( 'NONE',  ( -13.63898694305844828, -15.39865247405925430, -2.550169046414453966 ) ) ;
#8713 = VECTOR ( 'NONE', #2083, 1000.000000000000000 ) ;
#8714 = VECTOR ( 'NONE', #7785, 1000.000000000000000 ) ;
#8715 = EDGE_CURVE ( 'NONE', #4951, #2110, #9658, .T. ) ;
#8716 = CARTESIAN_POINT ( 'NONE',  ( 5.094999999999990870, 13.99999999999999822, -2.985999999999998877 ) ) ;
#8717 = CARTESIAN_POINT ( 'NONE',  ( -23.00000000000000000, 9.500000000000000000, -9.500000000000000000 ) ) ;
#8718 = VERTEX_POINT ( 'NONE', #3408 ) ;
#8719 = DIRECTION ( 'NONE',  ( 0.000000000000000000, -1.000000000000000000, 0.000000000000000000 ) ) ;
#8720 = CARTESIAN_POINT ( 'NONE',  ( -19.01442947517205084, -12.54707894890423603, -5.960612306834957685 ) ) ;
#8721 = CARTESIAN_POINT ( 'NONE',  ( 25.50000000000000000, 10.50000000000000000, -1.912524980688840026 ) ) ;
#8722 = CARTESIAN_POINT ( 'NONE',  ( -0.2589917630557935779, 14.76485869446646682, -5.582587477675551746 ) ) ;
#8723 = CARTESIAN_POINT ( 'NONE',  ( 19.42740608848131245, -11.96344168071191483, -5.972007485235087287 ) ) ;
#8724 = EDGE_LOOP ( 'NONE', ( #1445, #8411, #8252, #7432, #5440 ) ) ;
#8725 = CARTESIAN_POINT ( 'NONE',  ( 20.50000000000000000, 5.500000000000000000, -9.500000000000000000 ) ) ;
#8726 = DIRECTION ( 'NONE',  ( 0.000000000000000000, 2.906723457586479957E-16, -1.000000000000000000 ) ) ;
#8727 = CARTESIAN_POINT ( 'NONE',  ( -18.50000000000000000, -12.00000000000000000, -11.00000000000000000 ) ) ;
#8728 = EDGE_CURVE ( 'NONE', #3693, #2117, #5596, .T. ) ;
#8729 = CARTESIAN_POINT ( 'NONE',  ( -3.270000000000000018, 33.50000000000000000, -2.985999999999998877 ) ) ;
#8730 = DIRECTION ( 'NONE',  ( 0.000000000000000000, 0.000000000000000000, 1.000000000000000000 ) ) ;
#8731 = CARTESIAN_POINT ( 'NONE',  ( 18.98190407138295299, -13.99973156391769358, -7.710153051321730011 ) ) ;
#8732 = ORIENTED_EDGE ( 'NONE', *, *, #7445, .F. ) ;
#8733 = ORIENTED_EDGE ( 'NONE', *, *, #4815, .F. ) ;
#8734 = CARTESIAN_POINT ( 'NONE',  ( -20.50000000000000000, 11.98823716833210540, -7.522438511785602522 ) ) ;
#8735 = ORIENTED_EDGE ( 'NONE', *, *, #1697, .T. ) ;
#8736 = VECTOR ( 'NONE', #4014, 1000.000000000000000 ) ;
#8737 = CARTESIAN_POINT ( 'NONE',  ( -23.00000000000000000, 5.500000000000000000, -9.500000000000001776 ) ) ;
#8738 = DIRECTION ( 'NONE',  ( -7.153498870007452406E-17, -1.000000000000000000, 0.000000000000000000 ) ) ;
#8739 = DIRECTION ( 'NONE',  ( -0.000000000000000000, 1.000000000000000000, -0.000000000000000000 ) ) ;
#8740 = LINE ( 'NONE', #4086, #7708 ) ;
#8741 = ORIENTED_EDGE ( 'NONE', *, *, #4085, .F. ) ;
#8742 = ORIENTED_EDGE ( 'NONE', *, *, #8756, .F. ) ;
#8743 = DIRECTION ( 'NONE',  ( 0.000000000000000000, 0.000000000000000000, 1.000000000000000000 ) ) ;
#8744 = DIRECTION ( 'NONE',  ( -0.000000000000000000, 1.000000000000000000, -0.000000000000000000 ) ) ;
#8745 = ORIENTED_EDGE ( 'NONE', *, *, #5469, .F. ) ;
#8746 = FACE_OUTER_BOUND ( 'NONE', #8954, .T. ) ;
#8747 = EDGE_CURVE ( 'NONE', #5211, #8935, #8814, .T. ) ;
#8748 = DIRECTION ( 'NONE',  ( 1.000000000000000000, 0.000000000000000000, -0.000000000000000000 ) ) ;
#8749 = LINE ( 'NONE', #854, #4139 ) ;
#8750 = DIRECTION ( 'NONE',  ( 1.000000000000000000, 1.992221491941909864E-18, -4.579663590744439848E-16 ) ) ;
#8751 = VERTEX_POINT ( 'NONE', #9611 ) ;
#8752 = CARTESIAN_POINT ( 'NONE',  ( -20.50000000000000000, -10.00000000000000000, 2.278000000000003133 ) ) ;
#8753 = CARTESIAN_POINT ( 'NONE',  ( 18.58691997049063005, 13.80445925279966524, -6.470748241577232385 ) ) ;
#8754 = EDGE_LOOP ( 'NONE', ( #1675, #3577, #6008, #885 ) ) ;
#8755 = FACE_OUTER_BOUND ( 'NONE', #6569, .T. ) ;
#8756 = EDGE_CURVE ( 'NONE', #2416, #5409, #2698, .T. ) ;
#8757 = ORIENTED_EDGE ( 'NONE', *, *, #4922, .F. ) ;
#8758 = DIRECTION ( 'NONE',  ( 1.000000000000000000, 0.000000000000000000, 0.000000000000000000 ) ) ;
#8759 = ADVANCED_FACE ( 'NONE', ( #7890 ), #7039, .F. ) ;
#8760 = DIRECTION ( 'NONE',  ( 1.000000000000000000, -0.000000000000000000, -0.000000000000000000 ) ) ;
#8761 = CARTESIAN_POINT ( 'NONE',  ( -18.00000000000000000, 13.35420522620550798, -6.139339637307648090 ) ) ;
#8762 = ORIENTED_EDGE ( 'NONE', *, *, #1562, .T. ) ;
#8763 = CARTESIAN_POINT ( 'NONE',  ( 20.49998881900472014, -11.82766113446450795, -7.499627353133955232 ) ) ;
#8764 = CARTESIAN_POINT ( 'NONE',  ( -18.47716292827191253, -13.99997864349851717, -7.439518680669153561 ) ) ;
#8765 = LINE ( 'NONE', #7340, #9589 ) ;
#8766 = ADVANCED_FACE ( 'NONE', ( #4811 ), #110, .F. ) ;
#8767 = CARTESIAN_POINT ( 'NONE',  ( 18.59415264083881425, -12.08545956432945445, -5.858658694846880621 ) ) ;
#8768 = ORIENTED_EDGE ( 'NONE', *, *, #9864, .T. ) ;
#8769 = LINE ( 'NONE', #5743, #1345 ) ;
#8770 = CARTESIAN_POINT ( 'NONE',  ( -18.14373771745114539, -14.00000000000000000, -7.783197974465507762 ) ) ;
#8771 = CARTESIAN_POINT ( 'NONE',  ( -23.00000000000000000, 1.500000000000000000, 4.183880899790690222 ) ) ;
#8772 = CARTESIAN_POINT ( 'NONE',  ( 25.50000000000000000, -16.50000000000000000, -11.00000000000000000 ) ) ;
#8773 = VECTOR ( 'NONE', #3078, 1000.000000000000000 ) ;
#8774 = DIRECTION ( 'NONE',  ( -1.000000000000000000, 0.000000000000000000, -0.000000000000000000 ) ) ;
#8775 = ORIENTED_EDGE ( 'NONE', *, *, #4553, .F. ) ;
#8776 = EDGE_LOOP ( 'NONE', ( #1309, #3, #8661, #5465, #6727, #4378 ) ) ;
#8777 = EDGE_CURVE ( 'NONE', #4565, #2924, #8006, .T. ) ;
#8778 = LINE ( 'NONE', #4844, #4946 ) ;
#8779 = ORIENTED_EDGE ( 'NONE', *, *, #8441, .T. ) ;
#8780 = CARTESIAN_POINT ( 'NONE',  ( -13.51059890777355577, 16.29581720722172378, -2.434908078925999586 ) ) ;
#8781 = VECTOR ( 'NONE', #5160, 1000.000000000000000 ) ;
#8782 = AXIS2_PLACEMENT_3D ( 'NONE', #5548, #3219, #7918 ) ;
#8783 = LINE ( 'NONE', #6429, #9628 ) ;
#8784 = DIRECTION ( 'NONE',  ( -0.000000000000000000, 1.000000000000000000, -0.000000000000000000 ) ) ;
#8785 = CARTESIAN_POINT ( 'NONE',  ( 19.50362910942978445, -11.00019533179728448, -5.979075610475537594 ) ) ;
#8786 = ORIENTED_EDGE ( 'NONE', *, *, #1720, .T. ) ;
#8787 = EDGE_CURVE ( 'NONE', #5503, #1819, #2842, .T. ) ;
#8788 = CIRCLE ( 'NONE', #6387, 1.749999999999991118 ) ;
#8789 = DIRECTION ( 'NONE',  ( -0.7071067811865482389, -0.7071067811865469066, 0.000000000000000000 ) ) ;
#8790 = ORIENTED_EDGE ( 'NONE', *, *, #4681, .T. ) ;
#8791 = CARTESIAN_POINT ( 'NONE',  ( -12.44499999999999851, 33.50000000000000000, -2.986000000000068155 ) ) ;
#8792 = DIRECTION ( 'NONE',  ( 0.000000000000000000, 2.906723457586479957E-16, -1.000000000000000000 ) ) ;
#8793 = VECTOR ( 'NONE', #5425, 1000.000000000000000 ) ;
#8794 = VECTOR ( 'NONE', #9525, 1000.000000000000000 ) ;
#8795 = B_SPLINE_CURVE_WITH_KNOTS ( 'NONE', 3,
 ( #5752, #1127, #3462, #8823, #4985, #474, #8059, #9711 ),
 .UNSPECIFIED., .F., .F.,
 ( 4, 2, 2, 4 ),
 ( 0.000000000000000000, 0.2500000000000000000, 0.5000000000000000000, 1.000000000000000000 ),
 .UNSPECIFIED. ) ;
#8796 = DIRECTION ( 'NONE',  ( -1.000000000000000000, 0.000000000000000000, 0.000000000000000000 ) ) ;
#8797 = DIRECTION ( 'NONE',  ( 1.000000000000000000, -0.000000000000000000, 0.000000000000000000 ) ) ;
#8798 = ORIENTED_EDGE ( 'NONE', *, *, #1272, .F. ) ;
#8799 = CARTESIAN_POINT ( 'NONE',  ( -23.00000000000000355, 10.00000000000000000, 2.278000000000003133 ) ) ;
#8800 = CARTESIAN_POINT ( 'NONE',  ( 18.64600041234814753, 13.21838705740397302, -6.058962870333828299 ) ) ;
#8801 = VERTEX_POINT ( 'NONE', #3998 ) ;
#8802 = CARTESIAN_POINT ( 'NONE',  ( 25.50000000000000000, 16.50000000000000000, 5.028000000000000469 ) ) ;
#8803 = VECTOR ( 'NONE', #9796, 1000.000000000000000 ) ;
#8804 = CARTESIAN_POINT ( 'NONE',  ( -23.00000000000000000, 9.499999999999998224, -5.599999999999999645 ) ) ;
#8805 = ADVANCED_FACE ( 'NONE', ( #6333 ), #1772, .F. ) ;
#8806 = LINE ( 'NONE', #5591, #9662 ) ;
#8807 = EDGE_LOOP ( 'NONE', ( #7443, #7505, #6779, #1540, #5533 ) ) ;
#8808 = CARTESIAN_POINT ( 'NONE',  ( 20.50000000000000000, -11.74809995507334648, -7.491664284093891624 ) ) ;
#8809 = CARTESIAN_POINT ( 'NONE',  ( -20.50000000000000000, -11.98616570393370928, -7.540028726771176970 ) ) ;
#8810 = DIRECTION ( 'NONE',  ( -0.000000000000000000, 1.000000000000000000, -0.000000000000000000 ) ) ;
#8811 = EDGE_CURVE ( 'NONE', #5020, #268, #5377, .T. ) ;
#8812 = CARTESIAN_POINT ( 'NONE',  ( 18.68853223029911703, -12.25193157879751205, -5.833375390802724603 ) ) ;
#8813 = VECTOR ( 'NONE', #9220, 1000.000000000000000 ) ;
#8814 = LINE ( 'NONE', #1892, #2029 ) ;
#8815 = ORIENTED_EDGE ( 'NONE', *, *, #3982, .T. ) ;
#8816 = LINE ( 'NONE', #7296, #7986 ) ;
#8817 = LINE ( 'NONE', #1895, #3942 ) ;
#8818 = AXIS2_PLACEMENT_3D ( 'NONE', #4486, #7515, #6217 ) ;
#8819 = CARTESIAN_POINT ( 'NONE',  ( -20.50000000000000000, 1.500000000000000000, 0.000000000000000000 ) ) ;
#8820 = ORIENTED_EDGE ( 'NONE', *, *, #9972, .T. ) ;
#8821 = LINE ( 'NONE', #8772, #8232 ) ;
#8822 = DIRECTION ( 'NONE',  ( -1.000000000000000000, 0.000000000000000000, 0.000000000000000000 ) ) ;
#8823 = CARTESIAN_POINT ( 'NONE',  ( -18.00000000000000000, -13.94554314619248103, -6.971488671170837925 ) ) ;
#8824 = ORIENTED_EDGE ( 'NONE', *, *, #4977, .F. ) ;
#8825 = VERTEX_POINT ( 'NONE', #7143 ) ;
#8826 = CARTESIAN_POINT ( 'NONE',  ( -19.50000000000000000, 9.500000000000000000, -0.3905608506923790024 ) ) ;
#8827 = VERTEX_POINT ( 'NONE', #8700 ) ;
#8828 = CARTESIAN_POINT ( 'NONE',  ( -13.69769720598987917, 15.75266131646255907, -2.626335219066608051 ) ) ;
#8829 = EDGE_CURVE ( 'NONE', #6275, #8219, #4759, .T. ) ;
#8830 = VECTOR ( 'NONE', #6360, 1000.000000000000000 ) ;
#8831 = EDGE_CURVE ( 'NONE', #7901, #7616, #8749, .T. ) ;
#8832 = CARTESIAN_POINT ( 'NONE',  ( 18.00000000000000711, -13.50000000000000000, -21.50000000000000000 ) ) ;
#8833 = CARTESIAN_POINT ( 'NONE',  ( 18.50000000000000000, 12.00000000000000000, -5.971999999999999531 ) ) ;
#8834 =( NAMED_UNIT ( * ) SI_UNIT ( $, .STERADIAN. ) SOLID_ANGLE_UNIT ( ) );
#8835 = AXIS2_PLACEMENT_3D ( 'NONE', #7222, #1909, #5760 ) ;
#8836 = CARTESIAN_POINT ( 'NONE',  ( 3.848076211353312015, -13.50000000000000355, -1.485999999999999543 ) ) ;
#8837 = VERTEX_POINT ( 'NONE', #907 ) ;
#8838 = DIRECTION ( 'NONE',  ( -7.153498870007452406E-17, -1.000000000000000000, -0.000000000000000000 ) ) ;
#8839 = CARTESIAN_POINT ( 'NONE',  ( 25.50000000000000000, 10.50000000000000000, -1.912524980688870002 ) ) ;
#8840 = VERTEX_POINT ( 'NONE', #2380 ) ;
#8841 = DIRECTION ( 'NONE',  ( -7.153498870007452406E-17, -1.000000000000000000, -0.000000000000000000 ) ) ;
#8842 = CARTESIAN_POINT ( 'NONE',  ( 20.50000000000000000, -11.88005106577949910, -8.441120389122128032 ) ) ;
#8843 = CARTESIAN_POINT ( 'NONE',  ( 11.67999999999999261, 33.50000000000000000, -2.986000000000040178 ) ) ;
#8844 = CARTESIAN_POINT ( 'NONE',  ( 15.44883673063706020, -14.80557890040339331, -1.291725742732696247 ) ) ;
#8845 = CARTESIAN_POINT ( 'NONE',  ( -1.749999999999994893, 16.41634221427920437, -2.876466164543840964 ) ) ;
#8846 = ORIENTED_EDGE ( 'NONE', *, *, #6065, .T. ) ;
#8847 = DIRECTION ( 'NONE',  ( -0.000000000000000000, 1.000000000000000000, 0.000000000000000000 ) ) ;
#8848 = CARTESIAN_POINT ( 'NONE',  ( -19.50000000000000000, 10.50000000000000000, -0.2062624903444220115 ) ) ;
#8849 = VERTEX_POINT ( 'NONE', #3290 ) ;
#8850 = PLANE ( 'NONE',  #9721 ) ;
#8851 = CARTESIAN_POINT ( 'NONE',  ( 20.50000000000000000, -2.500000000000000000, -9.500000000000000000 ) ) ;
#8852 = VECTOR ( 'NONE', #8931, 1000.000000000000000 ) ;
#8853 = DIRECTION ( 'NONE',  ( 0.000000000000000000, 0.000000000000000000, -1.000000000000000000 ) ) ;
#8854 = CARTESIAN_POINT ( 'NONE',  ( -18.49873442357214515, 12.74673719465354971, -5.916404556984108609 ) ) ;
#8855 = ORIENTED_EDGE ( 'NONE', *, *, #6845, .T. ) ;
#8856 = CARTESIAN_POINT ( 'NONE',  ( 20.32504018742969976, -11.82901836320630018, -6.496852376851790289 ) ) ;
#8857 = CARTESIAN_POINT ( 'NONE',  ( -20.50000000000000000, -11.97543860446501007, -7.631119834092347176 ) ) ;
#8858 = DIRECTION ( 'NONE',  ( -1.000000000000000000, 0.000000000000000000, 0.000000000000000000 ) ) ;
#8859 = CARTESIAN_POINT ( 'NONE',  ( 18.94912817888073064, -12.18097558786525170, -5.880342744604526217 ) ) ;
#8860 = ORIENTED_EDGE ( 'NONE', *, *, #51, .T. ) ;
#8861 = DIRECTION ( 'NONE',  ( 1.000000000000000000, 0.000000000000000000, -0.000000000000000000 ) ) ;
#8862 = AXIS2_PLACEMENT_3D ( 'NONE', #153, #900, #3238 ) ;
#8863 = EDGE_CURVE ( 'NONE', #8238, #948, #1372, .T. ) ;
#8864 = AXIS2_PLACEMENT_3D ( 'NONE', #9316, #1578, #4666 ) ;
#8865 = DIRECTION ( 'NONE',  ( -0.000000000000000000, 0.000000000000000000, 1.000000000000000000 ) ) ;
#8866 = DIRECTION ( 'NONE',  ( 0.000000000000000000, 1.000000000000000000, 0.000000000000000000 ) ) ;
#8867 = EDGE_CURVE ( 'NONE', #8606, #1413, #3805, .T. ) ;
#8868 = ORIENTED_EDGE ( 'NONE', *, *, #3714, .T. ) ;
#8869 = PLANE ( 'NONE',  #2595 ) ;
#8870 = DIRECTION ( 'NONE',  ( 0.000000000000000000, 0.000000000000000000, 1.000000000000000000 ) ) ;
#8871 = DIRECTION ( 'NONE',  ( 5.782411586589356653E-16, 1.184965211890880193E-16, 1.000000000000000000 ) ) ;
#8872 = ORIENTED_EDGE ( 'NONE', *, *, #9179, .F. ) ;
#8873 = ORIENTED_EDGE ( 'NONE', *, *, #9527, .T. ) ;
#8874 = DIRECTION ( 'NONE',  ( 0.000000000000000000, 0.000000000000000000, 1.000000000000000000 ) ) ;
#8875 = VERTEX_POINT ( 'NONE', #5470 ) ;
#8876 = CARTESIAN_POINT ( 'NONE',  ( 1.749999999999992450, 16.29933633223735256, -0.02796010845019481980 ) ) ;
#8877 = EDGE_CURVE ( 'NONE', #8527, #2778, #2582, .T. ) ;
#8878 = AXIS2_PLACEMENT_3D ( 'NONE', #2610, #7301, #3415 ) ;
#8879 = EDGE_CURVE ( 'NONE', #6532, #7766, #9137, .T. ) ;
#8880 = CARTESIAN_POINT ( 'NONE',  ( 20.50000000000000000, -14.00000000000000533, 0.000000000000000000 ) ) ;
#8881 = CARTESIAN_POINT ( 'NONE',  ( 20.50000000000000000, -2.500000000000000000, 0.000000000000000000 ) ) ;
#8882 = ADVANCED_FACE ( 'NONE', ( #6388 ), #4706, .T. ) ;
#8883 = VECTOR ( 'NONE', #8668, 1000.000000000000000 ) ;
#8884 = LINE ( 'NONE', #4374, #6122 ) ;
#8885 = VERTEX_POINT ( 'NONE', #6440 ) ;
#8886 = DIRECTION ( 'NONE',  ( -7.153498870007452406E-17, -1.000000000000000000, 0.000000000000000000 ) ) ;
#8887 = CARTESIAN_POINT ( 'NONE',  ( -18.67699551657848289, 12.61591333032382778, -5.919562822225673315 ) ) ;
#8888 = ORIENTED_EDGE ( 'NONE', *, *, #6541, .T. ) ;
#8889 = CARTESIAN_POINT ( 'NONE',  ( 20.52393829988476881, -12.55352144699341999, -8.144441163641062076 ) ) ;
#8890 = EDGE_CURVE ( 'NONE', #5408, #8417, #4393, .T. ) ;
#8891 = EDGE_CURVE ( 'NONE', #1780, #2691, #5719, .T. ) ;
#8892 = DIRECTION ( 'NONE',  ( -0.000000000000000000, 1.000000000000000000, -0.000000000000000000 ) ) ;
#8893 = CARTESIAN_POINT ( 'NONE',  ( 16.74999999999998579, -16.50000000000000000, -1.715921262283386373 ) ) ;
#8894 = CARTESIAN_POINT ( 'NONE',  ( -1.743847089301060693, 16.33046202658892199, -2.764023573798707112 ) ) ;
#8895 = ORIENTED_EDGE ( 'NONE', *, *, #2207, .T. ) ;
#8896 = PLANE ( 'NONE',  #2944 ) ;
#8897 = CARTESIAN_POINT ( 'NONE',  ( 18.47767205728623097, 13.99993881158706444, -7.522091712985573331 ) ) ;
#8898 = ORIENTED_EDGE ( 'NONE', *, *, #8466, .T. ) ;
#8899 = DIRECTION ( 'NONE',  ( -7.153498870007452406E-17, -1.000000000000000000, -0.000000000000000000 ) ) ;
#8900 = EDGE_CURVE ( 'NONE', #3348, #1790, #2070, .T. ) ;
#8901 = DIRECTION ( 'NONE',  ( 1.000000000000000000, -0.000000000000000000, 0.000000000000000000 ) ) ;
#8902 = CARTESIAN_POINT ( 'NONE',  ( 20.50000000000000000, -5.500000000000000000, 2.943364503850800062 ) ) ;
#8903 = CARTESIAN_POINT ( 'NONE',  ( -18.24393524471310002, 13.33158847671130154, -6.089234230222939637 ) ) ;
#8904 = ORIENTED_EDGE ( 'NONE', *, *, #3084, .F. ) ;
#8905 = CARTESIAN_POINT ( 'NONE',  ( 20.50000000000000000, -12.03360809047969937, -7.137163111788890291 ) ) ;
#8906 = B_SPLINE_CURVE_WITH_KNOTS ( 'NONE', 3,
 ( #7224, #8111, #2059, #9724, #2814, #8977, #6518, #1183, #3379, #4184 ),
 .UNSPECIFIED., .F., .F.,
 ( 4, 2, 2, 2, 4 ),
 ( 0.02524126370179650969, 0.2689309477763470735, 0.3907757898136224872, 0.5126206318508977899, 1.000000000000000000 ),
 .UNSPECIFIED. ) ;
#8907 = CARTESIAN_POINT ( 'NONE',  ( -18.47927159288668619, -14.00000000000000000, -7.421942040681330788 ) ) ;
#8908 = CARTESIAN_POINT ( 'NONE',  ( 0.000000000000000000, -16.50000000000000000, -11.00000000000000178 ) ) ;
#8909 = ADVANCED_FACE ( 'NONE', ( #1241 ), #3581, .F. ) ;
#8910 = CARTESIAN_POINT ( 'NONE',  ( 18.75410410922263793, -12.18829951294702774, -5.864550467731711514 ) ) ;
#8911 = ORIENTED_EDGE ( 'NONE', *, *, #7419, .T. ) ;
#8912 = CARTESIAN_POINT ( 'NONE',  ( 20.55346307255046767, -11.00000000000000000, -5.599999999999999645 ) ) ;
#8913 = CARTESIAN_POINT ( 'NONE',  ( 18.32149764413425785, 14.00000000000000000, -7.403199393584852572 ) ) ;
#8914 = DIRECTION ( 'NONE',  ( 0.000000000000000000, 0.000000000000000000, 1.000000000000000000 ) ) ;
#8915 = EDGE_CURVE ( 'NONE', #8801, #5079, #7281, .T. ) ;
#8916 = ORIENTED_EDGE ( 'NONE', *, *, #5047, .T. ) ;
#8917 = CARTESIAN_POINT ( 'NONE',  ( 18.00000000000000711, -13.35100470500502290, -6.136392863783322937 ) ) ;
#8918 = DIRECTION ( 'NONE',  ( 1.000000000000000000, 0.000000000000000000, 0.000000000000000000 ) ) ;
#8919 = DIRECTION ( 'NONE',  ( 0.000000000000000000, 0.000000000000000000, -1.000000000000000000 ) ) ;
#8920 = ORIENTED_EDGE ( 'NONE', *, *, #1096, .F. ) ;
#8921 = VECTOR ( 'NONE', #8847, 1000.000000000000000 ) ;
#8922 = VERTEX_POINT ( 'NONE', #2678 ) ;
#8923 = CARTESIAN_POINT ( 'NONE',  ( 1.714999401053491912, 16.09952980590574256, -5.950498295383551017 ) ) ;
#8924 = VERTEX_POINT ( 'NONE', #4960 ) ;
#8925 = CARTESIAN_POINT ( 'NONE',  ( -13.55089989131476358, 16.09985614911571616, -2.465812441621431095 ) ) ;
#8926 = EDGE_CURVE ( 'NONE', #2769, #9673, #5759, .T. ) ;
#8927 = CIRCLE ( 'NONE', #4569, 0.6750000000000002665 ) ;
#8928 = PLANE ( 'NONE',  #752 ) ;
#8929 = EDGE_CURVE ( 'NONE', #4570, #1466, #1100, .T. ) ;
#8930 = DIRECTION ( 'NONE',  ( 1.000000000000000000, -7.153498870007452406E-17, 0.000000000000000000 ) ) ;
#8931 = DIRECTION ( 'NONE',  ( 7.153498870007452406E-17, -1.000000000000000000, 0.000000000000000000 ) ) ;
#8932 = EDGE_LOOP ( 'NONE', ( #2426, #5119, #8824, #8267 ) ) ;
#8933 = LINE ( 'NONE', #6617, #1766 ) ;
#8934 = CARTESIAN_POINT ( 'NONE',  ( -18.67513331378205876, 12.68398489387864991, -5.935376054430427040 ) ) ;
#8935 = VERTEX_POINT ( 'NONE', #8032 ) ;
#8936 = CARTESIAN_POINT ( 'NONE',  ( 20.49947579547798426, -11.88804961220003520, -8.275802011639806111 ) ) ;
#8937 = ADVANCED_FACE ( 'NONE', ( #4240 ), #2725, .T. ) ;
#8938 = ORIENTED_EDGE ( 'NONE', *, *, #5979, .T. ) ;
#8939 = VECTOR ( 'NONE', #2355, 1000.000000000000000 ) ;
#8940 = CARTESIAN_POINT ( 'NONE',  ( -18.66535425885899357, 13.00000000936332967, -6.018415453662087522 ) ) ;
#8941 = VECTOR ( 'NONE', #1029, 1000.000000000000000 ) ;
#8942 = DIRECTION ( 'NONE',  ( 1.000000000000000000, 0.000000000000000000, 0.000000000000000000 ) ) ;
#8943 = AXIS2_PLACEMENT_3D ( 'NONE', #6699, #7490, #6037 ) ;
#8944 = CARTESIAN_POINT ( 'NONE',  ( 1.749999999999988232, 16.36052397254116642, -0.02796010845018929297 ) ) ;
#8945 = VERTEX_POINT ( 'NONE', #3535 ) ;
#8946 = CARTESIAN_POINT ( 'NONE',  ( -1.348076211353315790, 15.38411894523508927, -4.486000000000000654 ) ) ;
#8947 = DIRECTION ( 'NONE',  ( 1.000000000000000000, 0.000000000000000000, 0.000000000000000000 ) ) ;
#8948 = ORIENTED_EDGE ( 'NONE', *, *, #5845, .F. ) ;
#8949 = DIRECTION ( 'NONE',  ( 1.000000000000000000, -0.000000000000000000, -0.000000000000000000 ) ) ;
#8950 = DIRECTION ( 'NONE',  ( 0.000000000000000000, 2.906723457586479957E-16, -1.000000000000000000 ) ) ;
#8951 = PRESENTATION_LAYER_ASSIGNMENT (  '', '', ( #5730 ) ) ;
#8952 = DIRECTION ( 'NONE',  ( 1.000000000000000000, -0.000000000000000000, -0.000000000000000000 ) ) ;
#8953 = CARTESIAN_POINT ( 'NONE',  ( -19.22990396340050623, 11.80107607658788282, -5.924751945415979826 ) ) ;
#8954 = EDGE_LOOP ( 'NONE', ( #4098, #3466, #5158, #7504 ) ) ;
#8955 = CARTESIAN_POINT ( 'NONE',  ( 20.50000000000000000, -4.530306562485235162E-15, 4.278000000000031555 ) ) ;
#8956 = VECTOR ( 'NONE', #2700, 1000.000000000000000 ) ;
#8957 = CARTESIAN_POINT ( 'NONE',  ( -18.94418015242819919, -14.00000000000000000, -7.435629217478060049 ) ) ;
#8958 = CARTESIAN_POINT ( 'NONE',  ( 19.15027812538464858, -12.17100085066297233, -5.926344158708062082 ) ) ;
#8959 = ORIENTED_EDGE ( 'NONE', *, *, #3683, .F. ) ;
#8960 = DIRECTION ( 'NONE',  ( -0.000000000000000000, -0.000000000000000000, 1.000000000000000000 ) ) ;
#8961 = CARTESIAN_POINT ( 'NONE',  ( -20.50000000000000000, -6.500000000000000000, 0.000000000000000000 ) ) ;
#8962 = EDGE_CURVE ( 'NONE', #5647, #2262, #3648, .T. ) ;
#8963 = LINE ( 'NONE', #8300, #6683 ) ;
#8964 = VERTEX_POINT ( 'NONE', #6579 ) ;
#8965 = DIRECTION ( 'NONE',  ( -1.000000000000000000, 0.000000000000000000, 0.000000000000000000 ) ) ;
#8966 = CIRCLE ( 'NONE', #93, 0.6750000000000020428 ) ;
#8967 = CARTESIAN_POINT ( 'NONE',  ( 18.12949690277834591, -14.00000000000000000, -8.023235060846962696 ) ) ;
#8968 = CARTESIAN_POINT ( 'NONE',  ( -19.39019266551499499, 12.06411299084015809, -5.972006838071032497 ) ) ;
#8969 = EDGE_LOOP ( 'NONE', ( #1643, #912, #8554, #3023 ) ) ;
#8970 = ORIENTED_EDGE ( 'NONE', *, *, #8315, .F. ) ;
#8971 = LINE ( 'NONE', #1853, #9762 ) ;
#8972 = EDGE_LOOP ( 'NONE', ( #7605, #9675, #1898, #1585 ) ) ;
#8973 = DIRECTION ( 'NONE',  ( 5.782411586589356653E-16, 1.184965211890880193E-16, 1.000000000000000000 ) ) ;
#8974 = AXIS2_PLACEMENT_3D ( 'NONE', #946, #8535, #3176 ) ;
#8975 = B_SPLINE_CURVE_WITH_KNOTS ( 'NONE', 3,
 ( #1803, #1855, #8780, #8925, #8020, #5807, #8828, #4179, #1954, #4990 ),
 .UNSPECIFIED., .F., .F.,
 ( 4, 2, 2, 2, 4 ),
 ( 0.002439975062920470960, 0.002744967219091890964, 0.003049959375263310967, 0.003354951531434730971, 0.003659943687606150974 ),
 .UNSPECIFIED. ) ;
#8976 = LINE ( 'NONE', #8024, #5151 ) ;
#8977 = CARTESIAN_POINT ( 'NONE',  ( -20.12972710684395850, -11.92911776740497309, -6.418390915410035369 ) ) ;
#8978 = DIRECTION ( 'NONE',  ( 0.000000000000000000, 0.000000000000000000, -1.000000000000000000 ) ) ;
#8979 = ORIENTED_EDGE ( 'NONE', *, *, #644, .T. ) ;
#8980 = CARTESIAN_POINT ( 'NONE',  ( 25.50000000000000000, -5.947284263024439757E-15, -7.721999999999999531 ) ) ;
#8981 = PRESENTATION_LAYER_ASSIGNMENT (  '', '', ( #8505 ) ) ;
#8982 = DIRECTION ( 'NONE',  ( -1.000000000000000000, -1.992221491941909864E-18, 4.579663590744439848E-16 ) ) ;
#8983 = ORIENTED_EDGE ( 'NONE', *, *, #9641, .F. ) ;
#8984 = CARTESIAN_POINT ( 'NONE',  ( -20.31936238860090072, -11.93014980113969870, -6.490798392498030367 ) ) ;
#8985 = CARTESIAN_POINT ( 'NONE',  ( 18.32584323923347114, -13.99784702949204274, -8.603513915125720501 ) ) ;
#8986 = ORIENTED_EDGE ( 'NONE', *, *, #8388, .F. ) ;
#8987 = DIRECTION ( 'NONE',  ( 0.000000000000000000, -1.000000000000000000, 0.000000000000000000 ) ) ;
#8988 = ADVANCED_FACE ( 'NONE', ( #4334 ), #9640, .F. ) ;
#8989 = CARTESIAN_POINT ( 'NONE',  ( 16.08836495171340886, -15.11461466123809139, -1.342346417844729300 ) ) ;
#8990 = EDGE_CURVE ( 'NONE', #7273, #3621, #1194, .T. ) ;
#8991 = CARTESIAN_POINT ( 'NONE',  ( 0.5132110024789795499, 14.82135334359619527, -0.07497450961685371562 ) ) ;
#8992 = VERTEX_POINT ( 'NONE', #5865 ) ;
#8993 = DIRECTION ( 'NONE',  ( 0.000000000000000000, 1.000000000000000000, -0.000000000000000000 ) ) ;
#8994 = CARTESIAN_POINT ( 'NONE',  ( 20.49945358228523773, 11.93262786737675540, -7.720947078048003398 ) ) ;
#8995 = ORIENTED_EDGE ( 'NONE', *, *, #2518, .F. ) ;
#8996 = CARTESIAN_POINT ( 'NONE',  ( 4.249999999999996447, 33.50000000000000000, -2.985999999999998877 ) ) ;
#8997 = CARTESIAN_POINT ( 'NONE',  ( -1.709097473600817096, -16.11131845495657799, -2.475970941695621264 ) ) ;
#8998 = CARTESIAN_POINT ( 'NONE',  ( -20.49999901478369679, 11.83659978156618209, -7.412264696407597775 ) ) ;
#8999 = EDGE_CURVE ( 'NONE', #9079, #8576, #5099, .T. ) ;
#9000 = CARTESIAN_POINT ( 'NONE',  ( 25.50000000000000000, 11.86754886233879880, -9.500000000000000000 ) ) ;
#9001 = VECTOR ( 'NONE', #1807, 1000.000000000000000 ) ;
#9002 = CARTESIAN_POINT ( 'NONE',  ( -18.95003555405840956, 12.48995529822266093, -5.942080019060863805 ) ) ;
#9003 = EDGE_LOOP ( 'NONE', ( #4488, #845, #3397, #6767, #6334 ) ) ;
#9004 = DIRECTION ( 'NONE',  ( 0.000000000000000000, 0.000000000000000000, -1.000000000000000000 ) ) ;
#9005 = EDGE_CURVE ( 'NONE', #8543, #6118, #5916, .T. ) ;
#9006 = CARTESIAN_POINT ( 'NONE',  ( -20.51048607014159941, -12.58041495931121823, -7.746465206131362358 ) ) ;
#9007 = DIRECTION ( 'NONE',  ( -7.153498870007452406E-17, -1.000000000000000000, 0.000000000000000000 ) ) ;
#9008 = CARTESIAN_POINT ( 'NONE',  ( 18.67106313413544072, -12.65022395439131841, -5.926346030041135471 ) ) ;
#9009 = EDGE_LOOP ( 'NONE', ( #8017, #9624, #877, #4775 ) ) ;
#9010 = LINE ( 'NONE', #3557, #8474 ) ;
#9011 = EDGE_CURVE ( 'NONE', #5661, #9133, #9836, .T. ) ;
#9012 = CARTESIAN_POINT ( 'NONE',  ( -1.155687484110092826E-15, -16.50000000000000000, 0.000000000000000000 ) ) ;
#9013 = AXIS2_PLACEMENT_3D ( 'NONE', #6519, #340, #8978 ) ;
#9014 = PLANE ( 'NONE',  #9738 ) ;
#9015 = EDGE_LOOP ( 'NONE', ( #2772, #686, #5922, #6675, #2995 ) ) ;
#9016 = FACE_OUTER_BOUND ( 'NONE', #5024, .T. ) ;
#9017 = CIRCLE ( 'NONE', #623, 0.6750000000000002665 ) ;
#9018 = CARTESIAN_POINT ( 'NONE',  ( -18.67816279823055936, -12.57324413912748540, -5.909650638736117401 ) ) ;
#9019 = CARTESIAN_POINT ( 'NONE',  ( 15.74723510018524308, -14.90484710720239292, -4.690111827771668018 ) ) ;
#9020 = ORIENTED_EDGE ( 'NONE', *, *, #9844, .T. ) ;
#9021 = FACE_OUTER_BOUND ( 'NONE', #1208, .T. ) ;
#9022 = CARTESIAN_POINT ( 'NONE',  ( -1.750000000000005329, 14.00000000000000178, -2.985999999999998433 ) ) ;
#9023 = VERTEX_POINT ( 'NONE', #9988 ) ;
#9024 = DIRECTION ( 'NONE',  ( -7.153498870007452406E-17, -1.000000000000000000, -0.000000000000000000 ) ) ;
#9025 = EDGE_CURVE ( 'NONE', #8463, #9245, #2045, .T. ) ;
#9026 = CIRCLE ( 'NONE', #8862, 1.749999999999987566 ) ;
#9027 = VECTOR ( 'NONE', #7250, 1000.000000000000000 ) ;
#9028 = DIRECTION ( 'NONE',  ( 1.000000000000000000, 0.000000000000000000, -0.000000000000000000 ) ) ;
#9029 = CARTESIAN_POINT ( 'NONE',  ( 18.26260653227801356, -12.41965672770930773, -5.766817668373629857 ) ) ;
#9030 = ORIENTED_EDGE ( 'NONE', *, *, #7270, .F. ) ;
#9031 = DIRECTION ( 'NONE',  ( -7.153498870007452406E-17, -1.000000000000000000, -0.000000000000000000 ) ) ;
#9032 = DIRECTION ( 'NONE',  ( 0.000000000000000000, 2.906723457586479957E-16, -1.000000000000000000 ) ) ;
#9033 = ORIENTED_EDGE ( 'NONE', *, *, #5920, .F. ) ;
#9034 = CARTESIAN_POINT ( 'NONE',  ( -20.50000000000000000, -12.52650199349889704, -7.484554389391306906 ) ) ;
#9035 = CARTESIAN_POINT ( 'NONE',  ( 18.32655165000987196, -13.99916748231967389, -8.794341053595783109 ) ) ;
#9036 = ORIENTED_EDGE ( 'NONE', *, *, #7704, .F. ) ;
#9037 = DIRECTION ( 'NONE',  ( 0.000000000000000000, 2.906723457586479957E-16, -1.000000000000000000 ) ) ;
#9038 = CARTESIAN_POINT ( 'NONE',  ( 20.50000000000000000, -2.500000000000000444, -7.500000000000000000 ) ) ;
#9039 = CARTESIAN_POINT ( 'NONE',  ( -0.01258465068432803452, 14.72999540513290739, -0.2503748336999481738 ) ) ;
#9040 = EDGE_CURVE ( 'NONE', #8491, #7930, #2921, .T. ) ;
#9041 = VERTEX_POINT ( 'NONE', #9038 ) ;
#9042 = ORIENTED_EDGE ( 'NONE', *, *, #872, .F. ) ;
#9043 = CARTESIAN_POINT ( 'NONE',  ( -22.99999999999999645, -16.49999999999999645, 5.028000000000000469 ) ) ;
#9044 = CARTESIAN_POINT ( 'NONE',  ( -20.55346307255046767, 2.500000000000003997, -7.500000000000000000 ) ) ;
#9045 = ORIENTED_EDGE ( 'NONE', *, *, #483, .T. ) ;
#9046 = CARTESIAN_POINT ( 'NONE',  ( 20.55346307255046767, 9.500000000000000000, -9.500000000000000000 ) ) ;
#9047 = CARTESIAN_POINT ( 'NONE',  ( 19.44595718726034761, 11.90008178082393897, -5.972000000000004860 ) ) ;
#9048 = AXIS2_PLACEMENT_3D ( 'NONE', #5318, #9752, #9004 ) ;
#9049 = CARTESIAN_POINT ( 'NONE',  ( -19.38523519975099774, 12.08363156674760042, -5.971999999999999531 ) ) ;
#9050 = ADVANCED_FACE ( 'NONE', ( #6874 ), #2268, .F. ) ;
#9051 = DIRECTION ( 'NONE',  ( 1.000000000000000000, -5.426742037195429582E-32, -4.579663590744439848E-16 ) ) ;
#9052 = CARTESIAN_POINT ( 'NONE',  ( -18.43447125882190107, 13.82097312557969992, -6.493531741420979664 ) ) ;
#9053 = EDGE_CURVE ( 'NONE', #9493, #3976, #8271, .T. ) ;
#9054 = ORIENTED_EDGE ( 'NONE', *, *, #9320, .T. ) ;
#9055 = DIRECTION ( 'NONE',  ( 1.000000000000000000, -7.153498870007452406E-17, -0.000000000000000000 ) ) ;
#9056 = CARTESIAN_POINT ( 'NONE',  ( -20.50000000000000000, -11.93412814265978206, -7.981915099929810076 ) ) ;
#9057 = CARTESIAN_POINT ( 'NONE',  ( 20.50000000000000000, 14.00000000000000000, 5.028000000000000469 ) ) ;
#9058 = VECTOR ( 'NONE', #8556, 1000.000000000000000 ) ;
#9059 = CARTESIAN_POINT ( 'NONE',  ( 19.14577477334596622, -12.17617861066651308, -5.926499726680613200 ) ) ;
#9060 = ORIENTED_EDGE ( 'NONE', *, *, #3860, .T. ) ;
#9061 = CARTESIAN_POINT ( 'NONE',  ( -20.50000000000000000, 5.500000000000000000, 0.000000000000000000 ) ) ;
#9062 = EDGE_CURVE ( 'NONE', #5211, #4461, #8378, .T. ) ;
#9063 = DIRECTION ( 'NONE',  ( 1.000000000000000000, 0.000000000000000000, 0.000000000000000000 ) ) ;
#9064 = CARTESIAN_POINT ( 'NONE',  ( 18.50074720379181414, -14.00000000000000178, -7.422640289418239057 ) ) ;
#9065 = VERTEX_POINT ( 'NONE', #7721 ) ;
#9066 = CARTESIAN_POINT ( 'NONE',  ( 19.82120800110409675, 13.50223994748645318, -7.443051466001076477 ) ) ;
#9067 = EDGE_CURVE ( 'NONE', #7789, #8018, #9938, .T. ) ;
#9068 = CARTESIAN_POINT ( 'NONE',  ( -18.65075361186066871, -12.15947801787149452, -5.842908388241995432 ) ) ;
#9069 = CARTESIAN_POINT ( 'NONE',  ( 16.08510733129399739, -15.12348720110560940, -4.622996353148423054 ) ) ;
#9070 = ORIENTED_EDGE ( 'NONE', *, *, #2454, .F. ) ;
#9071 = CARTESIAN_POINT ( 'NONE',  ( 5.769999999999989804, -16.50000000000000000, -2.985999999999998877 ) ) ;
#9072 = FACE_BOUND ( 'NONE', #257, .T. ) ;
#9073 = ORIENTED_EDGE ( 'NONE', *, *, #2626, .F. ) ;
#9074 = DIRECTION ( 'NONE',  ( 0.000000000000000000, 0.000000000000000000, -1.000000000000000000 ) ) ;
#9075 = CARTESIAN_POINT ( 'NONE',  ( -18.67327110551848790, -12.75205665728114290, -5.951189333060406206 ) ) ;
#9076 = DIRECTION ( 'NONE',  ( 0.000000000000000000, 2.906723457586479957E-16, -1.000000000000000000 ) ) ;
#9077 = CARTESIAN_POINT ( 'NONE',  ( -18.29901657051832231, 14.00000000000000355, -7.401111589061269314 ) ) ;
#9078 = CARTESIAN_POINT ( 'NONE',  ( 18.50648103625923824, -12.52164577023928338, -5.848455276540462933 ) ) ;
#9079 = VERTEX_POINT ( 'NONE', #2317 ) ;
#9080 = ORIENTED_EDGE ( 'NONE', *, *, #5287, .T. ) ;
#9081 = CARTESIAN_POINT ( 'NONE',  ( -19.31603078111767857, 12.16371673709917900, -5.965039436467034939 ) ) ;
#9082 = EDGE_LOOP ( 'NONE', ( #4696, #4389, #1039, #3404, #6605, #3556, #9637, #7393, #736, #6021 ) ) ;
#9083 = CARTESIAN_POINT ( 'NONE',  ( 13.25000000000001243, 16.50000000000000000, -11.00000000000000178 ) ) ;
#9084 = CARTESIAN_POINT ( 'NONE',  ( 18.75132371641575446, -14.06901768922700491, -10.13467377075821396 ) ) ;
#9085 = VERTEX_POINT ( 'NONE', #1454 ) ;
#9086 = AXIS2_PLACEMENT_3D ( 'NONE', #7330, #314, #7993 ) ;
#9087 = CARTESIAN_POINT ( 'NONE',  ( -8.504999999999999005, 33.50000000000000000, -2.986000000000040178 ) ) ;
#9088 = ADVANCED_FACE ( 'NONE', ( #793 ), #646, .F. ) ;
#9089 = DIRECTION ( 'NONE',  ( 7.153498870007453638E-17, 1.000000000000000000, 0.000000000000000000 ) ) ;
#9090 = ORIENTED_EDGE ( 'NONE', *, *, #3075, .T. ) ;
#9091 = VERTEX_POINT ( 'NONE', #6066 ) ;
#9092 = CARTESIAN_POINT ( 'NONE',  ( 23.49999999999999645, -16.50000000000000000, 5.028000000000000469 ) ) ;
#9093 = CARTESIAN_POINT ( 'NONE',  ( 19.50000000000000000, 14.00000000000000000, 5.028000000000000469 ) ) ;
#9094 = ORIENTED_EDGE ( 'NONE', *, *, #5744, .F. ) ;
#9095 = DIRECTION ( 'NONE',  ( -1.807003620809173794E-15, 0.000000000000000000, 1.000000000000000000 ) ) ;
#9096 = CARTESIAN_POINT ( 'NONE',  ( -1.484966381438203920, -15.54949354414198837, -1.723100729643756379 ) ) ;
#9097 = CARTESIAN_POINT ( 'NONE',  ( -20.31936238860090072, 11.93014980113969870, -6.490798392498030367 ) ) ;
#9098 = AXIS2_PLACEMENT_3D ( 'NONE', #5467, #6173, #2376 ) ;
#9099 = AXIS2_PLACEMENT_3D ( 'NONE', #7963, #7346, #3458 ) ;
#9100 = CARTESIAN_POINT ( 'NONE',  ( -18.15627752014600205, 14.00000000000000000, -7.570857474974220125 ) ) ;
#9101 = EDGE_LOOP ( 'NONE', ( #8948, #3022, #4150, #8323 ) ) ;
#9102 = FACE_OUTER_BOUND ( 'NONE', #7815, .T. ) ;
#9103 = CARTESIAN_POINT ( 'NONE',  ( -18.41221678142568763, -13.99932087057821128, -7.980873163367243173 ) ) ;
#9104 = DIRECTION ( 'NONE',  ( -7.153498870007452406E-17, -1.000000000000000000, 0.000000000000000000 ) ) ;
#9105 = VECTOR ( 'NONE', #4193, 1000.000000000000000 ) ;
#9106 = VECTOR ( 'NONE', #1227, 1000.000000000000000 ) ;
#9107 = CARTESIAN_POINT ( 'NONE',  ( 20.30377010102298385, -12.09528022109777545, -6.470684578317215774 ) ) ;
#9108 = VERTEX_POINT ( 'NONE', #6015 ) ;
#9109 = CARTESIAN_POINT ( 'NONE',  ( -20.50000000000000000, -11.99625217924800147, -7.422111238351130069 ) ) ;
#9110 = DIRECTION ( 'NONE',  ( 5.782411586589356653E-16, 1.184965211890880193E-16, 1.000000000000000000 ) ) ;
#9111 = EDGE_CURVE ( 'NONE', #6653, #3746, #5405, .T. ) ;
#9112 = VECTOR ( 'NONE', #3761, 1000.000000000000000 ) ;
#9113 = CARTESIAN_POINT ( 'NONE',  ( -23.00000000000000355, 10.00000000000000000, 2.278000000000003133 ) ) ;
#9114 = ORIENTED_EDGE ( 'NONE', *, *, #3837, .F. ) ;
#9115 = CARTESIAN_POINT ( 'NONE',  ( 18.50000000000000000, 14.00000000000000000, -7.422552296971610453 ) ) ;
#9116 = EDGE_CURVE ( 'NONE', #8592, #8674, #8327, .T. ) ;
#9117 = FACE_OUTER_BOUND ( 'NONE', #7404, .T. ) ;
#9118 = CARTESIAN_POINT ( 'NONE',  ( 14.09521015059529070, -14.99977213268998355, -3.763080108409559976 ) ) ;
#9119 = ORIENTED_EDGE ( 'NONE', *, *, #1316, .F. ) ;
#9120 = CARTESIAN_POINT ( 'NONE',  ( -20.99999999999998579, -16.49999999999999645, -11.00000000000000000 ) ) ;
#9121 = VERTEX_POINT ( 'NONE', #6723 ) ;
#9122 = CARTESIAN_POINT ( 'NONE',  ( -20.50000000000000000, 12.99999999999999822, 5.028000000000000469 ) ) ;
#9123 = AXIS2_PLACEMENT_3D ( 'NONE', #5375, #1521, #4611 ) ;
#9124 = CARTESIAN_POINT ( 'NONE',  ( -18.00000000000000000, -12.64865034267509714, -5.847779137369000679 ) ) ;
#9125 = VECTOR ( 'NONE', #728, 1000.000000000000000 ) ;
#9126 = LINE ( 'NONE', #5288, #434 ) ;
#9127 = DIRECTION ( 'NONE',  ( -0.7071067811865467956, 0.7071067811865484609, 0.000000000000000000 ) ) ;
#9128 = CARTESIAN_POINT ( 'NONE',  ( 18.96767311059803518, -11.54338730258400680, -5.809782228165166096 ) ) ;
#9129 = EDGE_LOOP ( 'NONE', ( #8326, #7084, #6366, #648, #6873, #4152, #8745 ) ) ;
#9130 = EDGE_CURVE ( 'NONE', #7365, #1780, #3020, .T. ) ;
#9131 = VERTEX_POINT ( 'NONE', #8425 ) ;
#9132 = CARTESIAN_POINT ( 'NONE',  ( -18.67082039324989751, 12.84164078649989982, -5.971999999999999531 ) ) ;
#9133 = VERTEX_POINT ( 'NONE', #9189 ) ;
#9134 = DIRECTION ( 'NONE',  ( 1.000000000000000000, 0.000000000000000000, 0.000000000000000000 ) ) ;
#9135 = CARTESIAN_POINT ( 'NONE',  ( 20.49758225821181057, -11.74293321701454396, -9.389562146730735748 ) ) ;
#9136 = ORIENTED_EDGE ( 'NONE', *, *, #395, .T. ) ;
#9137 = CIRCLE ( 'NONE', #582, 12.00000000000000000 ) ;
#9138 = EDGE_CURVE ( 'NONE', #3282, #6292, #3486, .T. ) ;
#9139 = CARTESIAN_POINT ( 'NONE',  ( 18.67082039327990017, -12.84164078539943077, -5.971999999744355136 ) ) ;
#9140 = DIRECTION ( 'NONE',  ( 0.000000000000000000, 0.000000000000000000, -1.000000000000000000 ) ) ;
#9141 = ORIENTED_EDGE ( 'NONE', *, *, #6088, .T. ) ;
#9142 = VERTEX_POINT ( 'NONE', #1399 ) ;
#9143 = CARTESIAN_POINT ( 'NONE',  ( 25.50000000000000000, 1.500000000000000000, 4.183880899790690222 ) ) ;
#9144 = PLANE ( 'NONE',  #4333 ) ;
#9145 = EDGE_LOOP ( 'NONE', ( #1071, #8578, #1765, #676, #5900, #696, #4700, #766, #5387, #3699, #2460, #4916, #6315, #9060, #6028, #6047, #1778, #8428, #9703, #8732, #1494, #1704, #8375, #4866, #3334, #6876, #5586, #6404, #1799, #3791 ) ) ;
#9146 = DIRECTION ( 'NONE',  ( -7.153498870007452406E-17, -1.000000000000000000, 0.000000000000000000 ) ) ;
#9147 = CYLINDRICAL_SURFACE ( 'NONE', #8283, 0.6750000000000020428 ) ;
#9148 = ADVANCED_FACE ( 'NONE', ( #7665 ), #1550, .F. ) ;
#9149 = CARTESIAN_POINT ( 'NONE',  ( -20.50000000000000000, 11.91876660710929947, -7.412986064752649540 ) ) ;
#9150 = CARTESIAN_POINT ( 'NONE',  ( -19.21728793824484782, 13.99939601881492379, -7.874528520731134407 ) ) ;
#9151 = VERTEX_POINT ( 'NONE', #3678 ) ;
#9152 = LINE ( 'NONE', #2935, #4689 ) ;
#9153 = DIRECTION ( 'NONE',  ( 0.000000000000000000, 1.000000000000000000, 0.000000000000000000 ) ) ;
#9154 = CARTESIAN_POINT ( 'NONE',  ( -18.35717368935631910, -13.99876339554433891, -8.439681361856166575 ) ) ;
#9155 = CARTESIAN_POINT ( 'NONE',  ( 18.66535424041538249, -12.99999999066997525, -6.018415444729835251 ) ) ;
#9156 = CARTESIAN_POINT ( 'NONE',  ( 18.78990035571449724, -12.78210080526759995, -5.971999999999999531 ) ) ;
#9157 = EDGE_LOOP ( 'NONE', ( #2755, #9692, #2866, #8368 ) ) ;
#9158 = DIRECTION ( 'NONE',  ( 1.000000000000000000, 0.000000000000000000, 0.000000000000000000 ) ) ;
#9159 = CARTESIAN_POINT ( 'NONE',  ( 20.50000000000000000, 2.500000000000000000, -7.500000000000000000 ) ) ;
#9160 = CARTESIAN_POINT ( 'NONE',  ( 11.24086771844658195, 16.50000000000000000, -3.498628363727310564 ) ) ;
#9161 = CARTESIAN_POINT ( 'NONE',  ( 18.66752316887825813, -12.94816277126430926, -5.999998977725780946 ) ) ;
#9162 = EDGE_LOOP ( 'NONE', ( #1214, #2390, #69, #5909, #7880, #76, #2973, #6353, #897, #6284 ) ) ;
#9163 = DIRECTION ( 'NONE',  ( 0.000000000000000000, 0.000000000000000000, -1.000000000000000000 ) ) ;
#9164 = CARTESIAN_POINT ( 'NONE',  ( -18.68419712886871409, -12.35075421809496810, -5.856950743545485949 ) ) ;
#9165 = ADVANCED_FACE ( 'NONE', ( #5967 ), #4437, .F. ) ;
#9166 = ORIENTED_EDGE ( 'NONE', *, *, #4409, .F. ) ;
#9167 = CARTESIAN_POINT ( 'NONE',  ( 25.50000000000000000, -1.500000000000000222, -9.500000000000000000 ) ) ;
#9168 = ORIENTED_EDGE ( 'NONE', *, *, #9243, .F. ) ;
#9169 = DIRECTION ( 'NONE',  ( 0.000000000000000000, -1.000000000000000000, 0.000000000000000000 ) ) ;
#9170 = CIRCLE ( 'NONE', #6446, 1.249999999999987121 ) ;
#9171 = UNCERTAINTY_MEASURE_WITH_UNIT (LENGTH_MEASURE( 1.000000000000000082E-05 ), #9773, 'distance_accuracy_value', 'NONE');
#9172 = B_SPLINE_CURVE_WITH_KNOTS ( 'NONE', 3,
 ( #5392, #932, #3972, #8469, #8524, #81, #2407, #8572, #6310, #2513, #3104, #1696, #4789 ),
 .UNSPECIFIED., .F., .F.,
 ( 4, 2, 1, 2, 2, 2, 4 ),
 ( 0.5008522415427144603, 0.5164506089945042344, 0.5320489764462940085, 0.5632457113498726686, 0.6256391811570332084, 0.7504261207713545101, 1.000000000000000000 ),
 .UNSPECIFIED. ) ;
#9173 = CARTESIAN_POINT ( 'NONE',  ( -18.00000000000000000, -12.94691895462928599, -5.953233016432949221 ) ) ;
#9174 = ADVANCED_FACE ( 'NONE', ( #5458, #995, #7772, #6374, #7878, #4693, #842, #1603 ), #3928, .T. ) ;
#9175 = VECTOR ( 'NONE', #6988, 1000.000000000000000 ) ;
#9176 = CARTESIAN_POINT ( 'NONE',  ( -18.33630006178970007, 14.00000000000000000, -7.404676568606384457 ) ) ;
#9177 = CARTESIAN_POINT ( 'NONE',  ( 19.23316006695310776, -11.51234488377013321, -5.906927167164913506 ) ) ;
#9178 = ORIENTED_EDGE ( 'NONE', *, *, #3149, .T. ) ;
#9179 = EDGE_CURVE ( 'NONE', #1247, #9829, #1541, .T. ) ;
#9180 = EDGE_LOOP ( 'NONE', ( #3725, #3445, #8321, #6560, #3052 ) ) ;
#9181 = CARTESIAN_POINT ( 'NONE',  ( -19.18694276337992122, 12.17126715445494689, -5.935292781092259773 ) ) ;
#9182 = ORIENTED_EDGE ( 'NONE', *, *, #6659, .T. ) ;
#9183 = CARTESIAN_POINT ( 'NONE',  ( -20.49998880927181588, -11.82773039132722026, -7.499634284871068424 ) ) ;
#9184 = CARTESIAN_POINT ( 'NONE',  ( 18.31605516285417679, -14.00000000000000000, -8.984553185513435736 ) ) ;
#9185 = ORIENTED_EDGE ( 'NONE', *, *, #3498, .F. ) ;
#9186 = VECTOR ( 'NONE', #5263, 1000.000000000000000 ) ;
#9187 = EDGE_CURVE ( 'NONE', #5170, #4715, #7676, .T. ) ;
#9188 = ADVANCED_FACE ( 'NONE', ( #3877 ), #6973, .F. ) ;
#9189 = CARTESIAN_POINT ( 'NONE',  ( 13.25000000000001599, -16.50000000000000000, 5.028000000000001357 ) ) ;
#9190 = DIRECTION ( 'NONE',  ( -0.000000000000000000, 1.000000000000000000, -0.000000000000000000 ) ) ;
#9191 = ORIENTED_EDGE ( 'NONE', *, *, #6864, .T. ) ;
#9192 = ORIENTED_EDGE ( 'NONE', *, *, #7371, .T. ) ;
#9193 = CARTESIAN_POINT ( 'NONE',  ( 18.26890713232124952, 12.11394229573167181, -5.658731294394643285 ) ) ;
#9194 = EDGE_CURVE ( 'NONE', #7365, #4682, #198, .T. ) ;
#9195 = DIRECTION ( 'NONE',  ( 1.000000000000000000, 1.992221491941909864E-18, -4.579663590744439848E-16 ) ) ;
#9196 = ORIENTED_EDGE ( 'NONE', *, *, #9361, .F. ) ;
#9197 = CARTESIAN_POINT ( 'NONE',  ( 19.50000000000000000, 11.87403512806227290, -5.987846091737221599 ) ) ;
#9198 = DIRECTION ( 'NONE',  ( 0.000000000000000000, 1.000000000000000000, 7.283754679713117196E-18 ) ) ;
#9199 = CARTESIAN_POINT ( 'NONE',  ( -19.27249614374117925, -11.87635389430679744, -5.914908773895378502 ) ) ;
#9200 = LINE ( 'NONE', #3889, #5655 ) ;
#9201 = VERTEX_POINT ( 'NONE', #4744 ) ;
#9202 = DIRECTION ( 'NONE',  ( 5.782411586589356653E-16, 1.184965211890880193E-16, 1.000000000000000000 ) ) ;
#9203 = EDGE_CURVE ( 'NONE', #9969, #1406, #4037, .T. ) ;
#9204 = DIRECTION ( 'NONE',  ( 0.000000000000000000, 1.000000000000000000, 0.000000000000000000 ) ) ;
#9205 = VECTOR ( 'NONE', #1580, 1000.000000000000000 ) ;
#9206 = CARTESIAN_POINT ( 'NONE',  ( -18.31473613306331671, -13.99833358905559599, -8.793416917382906206 ) ) ;
#9207 = DIRECTION ( 'NONE',  ( 0.000000000000000000, 0.000000000000000000, 1.000000000000000000 ) ) ;
#9208 = CARTESIAN_POINT ( 'NONE',  ( 18.66526332833477753, -12.84441931895740652, -5.971999999999999531 ) ) ;
#9209 = EDGE_LOOP ( 'NONE', ( #4424, #5918, #429, #6304 ) ) ;
#9210 = PLANE ( 'NONE',  #5736 ) ;
#9211 = DIRECTION ( 'NONE',  ( -0.000000000000000000, 0.000000000000000000, 1.000000000000000000 ) ) ;
#9212 = DIRECTION ( 'NONE',  ( -1.000000000000000000, 0.000000000000000000, 0.000000000000000000 ) ) ;
#9213 = CARTESIAN_POINT ( 'NONE',  ( 18.00000000000000711, -14.00000000000000000, -15.00000000000000000 ) ) ;
#9214 = VERTEX_POINT ( 'NONE', #250 ) ;
#9215 = CARTESIAN_POINT ( 'NONE',  ( 25.50000000000000000, 10.50000000000000000, -9.500000000000000000 ) ) ;
#9216 = EDGE_CURVE ( 'NONE', #1579, #8539, #1651, .T. ) ;
#9217 = CARTESIAN_POINT ( 'NONE',  ( -18.67312334251882788, -12.60316742104423504, -5.915360839264525161 ) ) ;
#9218 = CARTESIAN_POINT ( 'NONE',  ( 18.00000000000000355, 13.49986223184804146, -6.269073203967579389 ) ) ;
#9219 = FACE_OUTER_BOUND ( 'NONE', #174, .T. ) ;
#9220 = DIRECTION ( 'NONE',  ( 0.000000000000000000, 1.000000000000000000, 0.000000000000000000 ) ) ;
#9221 = ORIENTED_EDGE ( 'NONE', *, *, #3564, .F. ) ;
#9222 = CARTESIAN_POINT ( 'NONE',  ( 14.95711115914985356, 14.74153471088848555, -4.564487575824820453 ) ) ;
#9223 = CARTESIAN_POINT ( 'NONE',  ( -20.50000000000000000, -6.500000000000000000, 0.000000000000000000 ) ) ;
#9224 = CARTESIAN_POINT ( 'NONE',  ( -18.00000000000000000, -14.00000000000000000, -7.478535518673660398 ) ) ;
#9225 = EDGE_CURVE ( 'NONE', #5633, #8849, #4618, .T. ) ;
#9226 = LINE ( 'NONE', #5393, #6473 ) ;
#9227 = CARTESIAN_POINT ( 'NONE',  ( 18.49954146293852020, -12.72619790427759234, -5.910227638270231232 ) ) ;
#9228 = EDGE_LOOP ( 'NONE', ( #5835, #2742, #1567, #1169 ) ) ;
#9229 = VERTEX_POINT ( 'NONE', #5617 ) ;
#9230 = CARTESIAN_POINT ( 'NONE',  ( -18.99099993444690426, 12.52132533432989980, -5.954918460252977219 ) ) ;
#9231 = ORIENTED_EDGE ( 'NONE', *, *, #7514, .T. ) ;
#9232 = CARTESIAN_POINT ( 'NONE',  ( -19.50000000000000000, 11.50000000000000000, 1.500000000000000000 ) ) ;
#9233 = MANIFOLD_SOLID_BREP ( '\X2\52079664\X0\-\X2\62c94f38\X0\22[1]', #6102 ) ;
#9234 = CARTESIAN_POINT ( 'NONE',  ( 20.02662093055130299, -13.68525825165829879, -9.959159100303486056 ) ) ;
#9235 = ADVANCED_FACE ( 'NONE', ( #2570 ), #5664, .F. ) ;
#9236 = B_SPLINE_SURFACE_WITH_KNOTS ( 'NONE', 3, 3, ( 
 ( #1737, #2445, #5536, #4774, #6346, #4825, #8611 ),
 ( #1681, #7853, #7110, #5210, #3497, #560, #1207 ),
 ( #5877, #5981, #5113, #2031, #3550, #8953, #6588 ),
 ( #8189, #7528, #506, #1158, #5163, #4396, #2837 ),
 ( #7334, #3591, #8854, #6685, #9002, #9800, #6736 ),
 ( #3641, #5929, #1255, #9604, #611, #8237, #4253 ),
 ( #2084, #1308, #9651, #4346, #9750, #2736, #1935 ),
 ( #5830, #8903, #1980, #4301, #4450, #7478, #2884 ),
 ( #458, #8286, #9052, #6636, #1359, #8090, #2132 ),
 ( #9697, #7381, #5062, #413, #6543, #2690, #5782 ),
 ( #5019, #8139, #2788, #7431, #2982, #1511, #1563 ),
 ( #6786, #6079, #3692, #657, #4502, #3135, #4653 ),
 ( #2381, #9100, #5419, #1412, #754, #8550, #6886 ),
 ( #8442, #7736, #805, #4602, #3841, #1616, #9150 ) ),
 .UNSPECIFIED., .F., .F., .F.,
 ( 4, 3, 3, 1, 3, 4 ),
 ( 4, 3, 4 ),
 ( -0.6884744928035475553, -0.1499999999999999944, 0.000000000000000000, 0.5714285714285709528, 1.000000000000000000, 1.149999999999999911 ),
 ( -1.459076966445310042, -1.408922457524580008, -1.331516932242190032 ),
 .UNSPECIFIED. ) ;
#9237 = DIRECTION ( 'NONE',  ( 0.000000000000000000, -2.906723457586479957E-16, 1.000000000000000000 ) ) ;
#9238 = CARTESIAN_POINT ( 'NONE',  ( 25.50000000000000000, 16.50000000000000000, -11.00000000000000000 ) ) ;
#9239 = LINE ( 'NONE', #6116, #610 ) ;
#9240 = ORIENTED_EDGE ( 'NONE', *, *, #9005, .T. ) ;
#9241 = ORIENTED_EDGE ( 'NONE', *, *, #2405, .T. ) ;
#9242 = CARTESIAN_POINT ( 'NONE',  ( 18.25423375940793491, 12.82591604972656540, -5.910452029132956753 ) ) ;
#9243 = EDGE_CURVE ( 'NONE', #6744, #4517, #3484, .T. ) ;
#9244 = CARTESIAN_POINT ( 'NONE',  ( 15.00000000000000000, -16.50000000000000000, -11.00000000000000178 ) ) ;
#9245 = VERTEX_POINT ( 'NONE', #386 ) ;
#9246 = CARTESIAN_POINT ( 'NONE',  ( 23.49999999999999645, -16.50000000000000000, 5.028000000000000469 ) ) ;
#9247 = VECTOR ( 'NONE', #9690, 1000.000000000000000 ) ;
#9248 = DIRECTION ( 'NONE',  ( 0.000000000000000000, 2.906723457586479957E-16, -1.000000000000000000 ) ) ;
#9249 = MANIFOLD_SOLID_BREP ( '\X2\52079664\X0\-\X2\62c94f38\X0\22[2]', #2379 ) ;
#9250 = CARTESIAN_POINT ( 'NONE',  ( -18.99897923401914213, -11.88338232338923639, -5.828501180101791412 ) ) ;
#9251 = CARTESIAN_POINT ( 'NONE',  ( 4.249999999999995559, 16.50000000000000000, -2.985999999999998877 ) ) ;
#9252 = ORIENTED_EDGE ( 'NONE', *, *, #2168, .T. ) ;
#9253 = PLANE ( 'NONE',  #6961 ) ;
#9254 = CARTESIAN_POINT ( 'NONE',  ( 19.04784176676900032, 12.17885771937481998, -5.903749590020919591 ) ) ;
#9255 = ORIENTED_EDGE ( 'NONE', *, *, #355, .T. ) ;
#9256 = CARTESIAN_POINT ( 'NONE',  ( -18.19102572186963584, -13.99708065316341177, -9.824597193784699201 ) ) ;
#9257 = CARTESIAN_POINT ( 'NONE',  ( 18.65244063552621157, 13.30865966014782842, -6.128075040434406873 ) ) ;
#9258 = EDGE_CURVE ( 'NONE', #2137, #4311, #437, .T. ) ;
#9259 = CARTESIAN_POINT ( 'NONE',  ( 20.49920896928826508, -11.91659878404546724, -7.850634506663682011 ) ) ;
#9260 = ORIENTED_EDGE ( 'NONE', *, *, #5976, .T. ) ;
#9261 = CARTESIAN_POINT ( 'NONE',  ( 5.094999999999989093, -16.50000000000000000, -2.985999999999998877 ) ) ;
#9262 = AXIS2_PLACEMENT_3D ( 'NONE', #764, #7690, #3258 ) ;
#9263 = B_SPLINE_CURVE_WITH_KNOTS ( 'NONE', 3,
 ( #6751, #6703, #9816, #6803, #3000, #2297, #625, #2901, #4520, #9069, #1374, #9019, #4464, #2100, #1432, #2199, #3707, #3807, #2949, #6043, #9118, #6901, #673, #3755 ),
 .UNSPECIFIED., .F., .F.,
 ( 4, 2, 2, 2, 2, 2, 2, 2, 2, 2, 2, 4 ),
 ( 1.440969542111313559E-17, 0.0003033894546507486813, 0.0006067789093014829428, 0.001213557818602950490, 0.001516947273253681011, 0.001820336727904411315, 0.002427115637205872790, 0.002730505091856601577, 0.003033894546507330363, 0.003640673455808787502, 0.004247452365110244640, 0.004854231274411702213 ),
 .UNSPECIFIED. ) ;
#9264 = CARTESIAN_POINT ( 'NONE',  ( 18.66935281573847050, -12.89528708969791104, -5.984462200147841138 ) ) ;
#9265 = ORIENTED_EDGE ( 'NONE', *, *, #9053, .F. ) ;
#9266 = VECTOR ( 'NONE', #7463, 1000.000000000000000 ) ;
#9267 = DIRECTION ( 'NONE',  ( -1.000000000000000000, 5.426742037195429582E-32, 4.579663590744439848E-16 ) ) ;
#9268 =( GEOMETRIC_REPRESENTATION_CONTEXT ( 3 ) GLOBAL_UNCERTAINTY_ASSIGNED_CONTEXT ( ( #3316 ) ) GLOBAL_UNIT_ASSIGNED_CONTEXT ( ( #7714, #8581, #3979 ) ) REPRESENTATION_CONTEXT ( 'NONE', 'WORKASPACE' ) );
#9269 = CARTESIAN_POINT ( 'NONE',  ( -19.16942662804763131, -12.30525572876720553, -5.952541233950203292 ) ) ;
#9270 = CARTESIAN_POINT ( 'NONE',  ( 18.23228766273766865, 13.00000000000000000, -5.971999999999999531 ) ) ;
#9271 = FACE_BOUND ( 'NONE', #3711, .T. ) ;
#9272 = EDGE_LOOP ( 'NONE', ( #3234, #3276, #1244, #937 ) ) ;
#9273 = CARTESIAN_POINT ( 'NONE',  ( 20.30238642397209858, 12.11210951790389956, -6.470554027830959676 ) ) ;
#9274 = CARTESIAN_POINT ( 'NONE',  ( -18.00000000000000000, -13.00000000000000000, -5.971999999999999531 ) ) ;
#9275 = AXIS2_PLACEMENT_3D ( 'NONE', #5388, #2301, #7117 ) ;
#9276 = EDGE_CURVE ( 'NONE', #7438, #1289, #8906, .T. ) ;
#9277 = DIRECTION ( 'NONE',  ( 1.000000000000000000, 0.000000000000000000, 0.000000000000000000 ) ) ;
#9278 = CARTESIAN_POINT ( 'NONE',  ( 5.094999999999992646, 33.50000000000000000, -2.985999999999998877 ) ) ;
#9279 = CARTESIAN_POINT ( 'NONE',  ( 19.26928093973589284, -14.00000000000000000, -7.513144599586017769 ) ) ;
#9280 = EDGE_LOOP ( 'NONE', ( #8911, #4329, #210, #9794 ) ) ;
#9281 = VECTOR ( 'NONE', #4702, 1000.000000000000000 ) ;
#9282 = ORIENTED_EDGE ( 'NONE', *, *, #3431, .T. ) ;
#9283 = CARTESIAN_POINT ( 'NONE',  ( -18.61210923555260166, 13.80238285251559915, -6.470556425466629236 ) ) ;
#9284 = VERTEX_POINT ( 'NONE', #5854 ) ;
#9285 = SURFACE_STYLE_USAGE ( .BOTH. , #8686 ) ;
#9286 = CARTESIAN_POINT ( 'NONE',  ( 18.78526389101389071, -14.05684654189980876, -9.658699988862554875 ) ) ;
#9287 = CARTESIAN_POINT ( 'NONE',  ( -1.348076211353316012, 13.50000000000000355, -4.485999999999998877 ) ) ;
#9288 = FACE_OUTER_BOUND ( 'NONE', #3551, .T. ) ;
#9289 = CARTESIAN_POINT ( 'NONE',  ( -1.001489841801043657E-15, -14.00000000000000355, 0.000000000000000000 ) ) ;
#9290 = CARTESIAN_POINT ( 'NONE',  ( 11.24086771844660149, 13.50000000000000888, -2.473371636272753804 ) ) ;
#9291 = ORIENTED_EDGE ( 'NONE', *, *, #6371, .T. ) ;
#9292 = ORIENTED_EDGE ( 'NONE', *, *, #2812, .F. ) ;
#9293 = CARTESIAN_POINT ( 'NONE',  ( 18.00000000000000000, 14.00000000000000000, -7.663179431274779851 ) ) ;
#9294 = DIRECTION ( 'NONE',  ( 0.000000000000000000, 1.035037873494514913E-15, -1.000000000000000000 ) ) ;
#9295 = VECTOR ( 'NONE', #2063, 1000.000000000000000 ) ;
#9296 = ORIENTED_EDGE ( 'NONE', *, *, #1887, .F. ) ;
#9297 = PLANE ( 'NONE',  #4252 ) ;
#9298 = ADVANCED_FACE ( 'NONE', ( #1138 ), #1911, .F. ) ;
#9299 = CARTESIAN_POINT ( 'NONE',  ( 19.64910941994589777, 11.88178457863880411, -6.040907845904733620 ) ) ;
#9300 = CARTESIAN_POINT ( 'NONE',  ( -18.79184561719799618, -13.01904263894457081, -5.973242234385804927 ) ) ;
#9301 = VECTOR ( 'NONE', #7610, 1000.000000000000000 ) ;
#9302 = LINE ( 'NONE', #9895, #5809 ) ;
#9303 = VERTEX_POINT ( 'NONE', #3106 ) ;
#9304 = CARTESIAN_POINT ( 'NONE',  ( 25.50000000000000000, 2.500000000000000000, 4.014694594305510122 ) ) ;
#9305 = CARTESIAN_POINT ( 'NONE',  ( 18.90831012323075555, 12.42902516226617671, -5.934672713232356678 ) ) ;
#9306 = ORIENTED_EDGE ( 'NONE', *, *, #5341, .T. ) ;
#9307 = CARTESIAN_POINT ( 'NONE',  ( -18.20393248451750168, -13.99854032658170588, -9.825830145402667526 ) ) ;
#9308 = CARTESIAN_POINT ( 'NONE',  ( 18.53360809047920199, 14.00000000000000000, -7.137163111788879633 ) ) ;
#9309 = CARTESIAN_POINT ( 'NONE',  ( 20.00366164892423981, -13.64140259805003019, -7.761381411532335406 ) ) ;
#9310 = AXIS2_PLACEMENT_3D ( 'NONE', #5334, #8410, #6145 ) ;
#9311 = VERTEX_POINT ( 'NONE', #4791 ) ;
#9312 = CARTESIAN_POINT ( 'NONE',  ( -20.50000000000000000, -12.00000000000000000, -9.500000000000000000 ) ) ;
#9313 = EDGE_CURVE ( 'NONE', #8837, #85, #7707, .T. ) ;
#9314 = EDGE_CURVE ( 'NONE', #3348, #2584, #8680, .T. ) ;
#9315 = CARTESIAN_POINT ( 'NONE',  ( -20.55346307255046767, -11.00000000000000000, -7.500000000000000000 ) ) ;
#9316 = CARTESIAN_POINT ( 'NONE',  ( 1.099615614179529546E-15, 16.50000000000000000, 0.000000000000000000 ) ) ;
#9317 = ORIENTED_EDGE ( 'NONE', *, *, #9937, .T. ) ;
#9318 = CARTESIAN_POINT ( 'NONE',  ( -19.03788237351765389, -12.26828403425369807, -5.924736488936270362 ) ) ;
#9319 = DIRECTION ( 'NONE',  ( 0.000000000000000000, -0.000000000000000000, 1.000000000000000000 ) ) ;
#9320 = EDGE_CURVE ( 'NONE', #1360, #5790, #3916, .T. ) ;
#9321 = CARTESIAN_POINT ( 'NONE',  ( -12.44499999999999851, 33.50000000000000000, -2.986000000000068155 ) ) ;
#9322 = ORIENTED_EDGE ( 'NONE', *, *, #3243, .T. ) ;
#9323 = CARTESIAN_POINT ( 'NONE',  ( 19.50000000000000000, 5.500000000000000000, -4.000000000000000000 ) ) ;
#9324 = CARTESIAN_POINT ( 'NONE',  ( -18.00000000000000000, -14.00000000000000000, -7.903216517656234785 ) ) ;
#9325 = DIRECTION ( 'NONE',  ( -7.153498870007452406E-17, -1.000000000000000000, -0.000000000000000000 ) ) ;
#9326 = CARTESIAN_POINT ( 'NONE',  ( 19.47181961511306270, -13.81767291121177621, -7.442068722694272331 ) ) ;
#9327 = VECTOR ( 'NONE', #9788, 1000.000000000000000 ) ;
#9328 = CARTESIAN_POINT ( 'NONE',  ( 18.46471150499641567, -14.00000000000000000, -7.722210941413499619 ) ) ;
#9329 = ORIENTED_EDGE ( 'NONE', *, *, #4537, .T. ) ;
#9330 = ORIENTED_EDGE ( 'NONE', *, *, #4326, .F. ) ;
#9331 = EDGE_CURVE ( 'NONE', #8091, #8195, #934, .T. ) ;
#9332 = DIRECTION ( 'NONE',  ( 0.000000000000000000, -1.000000000000000000, 0.000000000000000000 ) ) ;
#9333 = VERTEX_POINT ( 'NONE', #8471 ) ;
#9334 = CARTESIAN_POINT ( 'NONE',  ( 18.10095282756093482, -13.99617156063617252, -10.57560009258717315 ) ) ;
#9335 = VECTOR ( 'NONE', #5411, 1000.000000000000000 ) ;
#9336 = B_SPLINE_CURVE_WITH_KNOTS ( 'NONE', 3,
 ( #8478, #5399, #5556, #7874, #7128, #195, #3277, #6320 ),
 .UNSPECIFIED., .F., .F.,
 ( 4, 2, 2, 4 ),
 ( 0.000000000000000000, 0.4873620873077481042, 0.7310431309616221007, 0.9747241746154962083 ),
 .UNSPECIFIED. ) ;
#9337 = CARTESIAN_POINT ( 'NONE',  ( -23.00000000000000000, 9.500000000000000000, -0.3905608506923790024 ) ) ;
#9338 = DIRECTION ( 'NONE',  ( 7.153498870007452406E-17, 1.000000000000000000, 0.000000000000000000 ) ) ;
#9339 = DIRECTION ( 'NONE',  ( 1.000000000000000000, 0.000000000000000000, 0.000000000000000000 ) ) ;
#9340 = VERTEX_POINT ( 'NONE', #780 ) ;
#9341 = VERTEX_POINT ( 'NONE', #2410 ) ;
#9342 = CARTESIAN_POINT ( 'NONE',  ( 18.66061426483710051, 13.21471890679310057, -6.058667187275030841 ) ) ;
#9343 = CARTESIAN_POINT ( 'NONE',  ( 20.25156306794328387, 12.97504847171436460, -7.441252808317218026 ) ) ;
#9344 = ORIENTED_EDGE ( 'NONE', *, *, #4755, .F. ) ;
#9345 = VECTOR ( 'NONE', #2861, 1000.000000000000000 ) ;
#9346 = CARTESIAN_POINT ( 'NONE',  ( -18.50000000000000000, 14.00000000000000355, -7.422552296971629993 ) ) ;
#9347 = CARTESIAN_POINT ( 'NONE',  ( 4.249999999999995559, 14.00000000000000178, -2.985999999999998877 ) ) ;
#9348 = CARTESIAN_POINT ( 'NONE',  ( -18.59102038245975663, -12.74103199994033631, -5.944887911245656298 ) ) ;
#9349 = EDGE_CURVE ( 'NONE', #5796, #3305, #1640, .T. ) ;
#9350 = DIRECTION ( 'NONE',  ( 0.000000000000000000, -1.000000000000000000, -0.000000000000000000 ) ) ;
#9351 = CARTESIAN_POINT ( 'NONE',  ( -20.50000000000000000, -14.00000000000000178, 5.028000000000000469 ) ) ;
#9352 = ORIENTED_EDGE ( 'NONE', *, *, #2411, .T. ) ;
#9353 = LINE ( 'NONE', #5474, #2920 ) ;
#9354 = CARTESIAN_POINT ( 'NONE',  ( 19.24658629337113425, 12.16900615297397081, -5.949198520775109245 ) ) ;
#9355 = VERTEX_POINT ( 'NONE', #2515 ) ;
#9356 = CARTESIAN_POINT ( 'NONE',  ( -18.25712182968617725, -13.99681069410145717, -9.170850821866597613 ) ) ;
#9357 = LINE ( 'NONE', #7099, #15 ) ;
#9358 = CARTESIAN_POINT ( 'NONE',  ( 20.50693863764776026, -12.58154814666180066, -7.644193084632704860 ) ) ;
#9359 = ORIENTED_EDGE ( 'NONE', *, *, #3608, .F. ) ;
#9360 = DIRECTION ( 'NONE',  ( -7.153498870007452406E-17, -1.000000000000000000, -0.000000000000000000 ) ) ;
#9361 = EDGE_CURVE ( 'NONE', #2737, #4381, #1749, .T. ) ;
#9362 = CARTESIAN_POINT ( 'NONE',  ( 20.28119905713969473, -13.04020380240034527, -7.443469024275694679 ) ) ;
#9363 = ADVANCED_FACE ( 'NONE', ( #5032 ), #2657, .F. ) ;
#9364 = DIRECTION ( 'NONE',  ( 0.000000000000000000, 0.000000000000000000, 1.000000000000000000 ) ) ;
#9365 = CIRCLE ( 'NONE', #9679, 2.000000000000001776 ) ;
#9366 = FACE_OUTER_BOUND ( 'NONE', #2629, .T. ) ;
#9367 = ORIENTED_EDGE ( 'NONE', *, *, #5927, .F. ) ;
#9368 = CARTESIAN_POINT ( 'NONE',  ( -20.13418517306820377, 11.92931446064697454, -6.414773947053779679 ) ) ;
#9369 = CARTESIAN_POINT ( 'NONE',  ( -19.64487183254119884, -12.43888387483300129, -6.053036939568640307 ) ) ;
#9370 = ADVANCED_FACE ( 'NONE', ( #6603 ), #1079, .F. ) ;
#9371 = LINE ( 'NONE', #2449, #7094 ) ;
#9372 = LINE ( 'NONE', #8673, #8652 ) ;
#9373 = ORIENTED_EDGE ( 'NONE', *, *, #6479, .T. ) ;
#9374 = FACE_OUTER_BOUND ( 'NONE', #2831, .T. ) ;
#9375 = CARTESIAN_POINT ( 'NONE',  ( 19.20938740705532410, 12.17443838878539886, -5.941277135858116232 ) ) ;
#9376 = CARTESIAN_POINT ( 'NONE',  ( -18.37907809045402985, -14.00000000000000000, -8.449382585259126444 ) ) ;
#9377 = LINE ( 'NONE', #1747, #8939 ) ;
#9378 = CYLINDRICAL_SURFACE ( 'NONE', #1938, 3.000000000000000000 ) ;
#9379 = DIRECTION ( 'NONE',  ( -7.153498870007452406E-17, -1.000000000000000000, -0.000000000000000000 ) ) ;
#9380 = CARTESIAN_POINT ( 'NONE',  ( 18.18266685895549983, -14.00000000000000000, -7.122436544371499423 ) ) ;
#9381 = ORIENTED_EDGE ( 'NONE', *, *, #3749, .T. ) ;
#9382 = ORIENTED_EDGE ( 'NONE', *, *, #1042, .F. ) ;
#9383 = CARTESIAN_POINT ( 'NONE',  ( -20.50000000000000000, 11.97647433666421080, -7.622324726599565281 ) ) ;
#9384 = ORIENTED_EDGE ( 'NONE', *, *, #2793, .T. ) ;
#9385 = CARTESIAN_POINT ( 'NONE',  ( 20.55346307255046767, -11.00000000000000000, -5.599999999999999645 ) ) ;
#9386 = CARTESIAN_POINT ( 'NONE',  ( 18.14440059075032252, -13.99823768378472799, -10.32676572337153331 ) ) ;
#9387 = VECTOR ( 'NONE', #3478, 1000.000000000000000 ) ;
#9388 = FACE_OUTER_BOUND ( 'NONE', #8528, .T. ) ;
#9389 = CARTESIAN_POINT ( 'NONE',  ( -18.67082039324989751, 12.84164078649989982, -5.971999999999999531 ) ) ;
#9390 = CARTESIAN_POINT ( 'NONE',  ( -23.00000000000000000, -9.500000000000000000, -0.3905608506923829992 ) ) ;
#9391 = EDGE_LOOP ( 'NONE', ( #349, #7246, #1392 ) ) ;
#9392 = ORIENTED_EDGE ( 'NONE', *, *, #7100, .T. ) ;
#9393 = CARTESIAN_POINT ( 'NONE',  ( 18.18266685895549983, 14.00000000000000000, -7.122436544371499423 ) ) ;
#9394 = DIRECTION ( 'NONE',  ( 1.000000000000000000, 0.000000000000000000, 0.000000000000000000 ) ) ;
#9395 = VERTEX_POINT ( 'NONE', #428 ) ;
#9396 = CARTESIAN_POINT ( 'NONE',  ( -19.91358298853750242, 13.41360105884578147, -7.443204760834670530 ) ) ;
#9397 = LINE ( 'NONE', #5672, #5223 ) ;
#9398 = EDGE_CURVE ( 'NONE', #7261, #8964, #8795, .T. ) ;
#9399 = CARTESIAN_POINT ( 'NONE',  ( 18.00035053057701973, -13.99999999999998401, -7.386212789276854984 ) ) ;
#9400 = DIRECTION ( 'NONE',  ( 0.000000000000000000, 0.000000000000000000, -1.000000000000000000 ) ) ;
#9401 = ORIENTED_EDGE ( 'NONE', *, *, #5523, .F. ) ;
#9402 = DIRECTION ( 'NONE',  ( 1.000000000000000000, -0.000000000000000000, -0.000000000000000000 ) ) ;
#9403 = CARTESIAN_POINT ( 'NONE',  ( 19.34303304514985200, 12.16803587595000025, -5.971999999999999531 ) ) ;
#9404 = ORIENTED_EDGE ( 'NONE', *, *, #3927, .F. ) ;
#9405 = CARTESIAN_POINT ( 'NONE',  ( -18.81731210640391794, -14.04556151283630427, -9.215830985718854507 ) ) ;
#9406 = CARTESIAN_POINT ( 'NONE',  ( 18.50000000000000000, 14.00000000000000000, -7.422552296971610453 ) ) ;
#9407 = CARTESIAN_POINT ( 'NONE',  ( 20.00507789812355952, -13.64410784533595233, -7.896951894205278322 ) ) ;
#9408 = ORIENTED_EDGE ( 'NONE', *, *, #8777, .F. ) ;
#9409 = CARTESIAN_POINT ( 'NONE',  ( 0.000000000000000000, 0.000000000000000000, 0.000000000000000000 ) ) ;
#9410 = CIRCLE ( 'NONE', #48, 0.6750000000000011546 ) ;
#9411 = CARTESIAN_POINT ( 'NONE',  ( -15.00000000000000000, 16.50000000000000000, 5.028000000000002245 ) ) ;
#9412 = CARTESIAN_POINT ( 'NONE',  ( -17.99999999999999645, 13.49986223184792777, -6.269073203967477248 ) ) ;
#9413 = ORIENTED_EDGE ( 'NONE', *, *, #7142, .F. ) ;
#9414 = CARTESIAN_POINT ( 'NONE',  ( -20.50000000000000000, -1.500000000000000000, 0.000000000000000000 ) ) ;
#9415 = CARTESIAN_POINT ( 'NONE',  ( -19.34164078649990159, -12.17082039324990106, -5.971999999999999531 ) ) ;
#9416 = VECTOR ( 'NONE', #3835, 1000.000000000000000 ) ;
#9417 = CARTESIAN_POINT ( 'NONE',  ( 1.749999999999987121, 16.50000000000000000, 5.028000000000001357 ) ) ;
#9418 = FACE_OUTER_BOUND ( 'NONE', #7400, .T. ) ;
#9419 = EDGE_LOOP ( 'NONE', ( #727, #9572, #6314, #8860 ) ) ;
#9420 = CARTESIAN_POINT ( 'NONE',  ( 14.45682679391560477, 14.83455714839890938, -4.229715382980118399 ) ) ;
#9421 = EDGE_CURVE ( 'NONE', #630, #1800, #2693, .T. ) ;
#9422 = B_SPLINE_CURVE_WITH_KNOTS ( 'NONE', 3,
 ( #6521, #5907, #9583, #2671, #5765 ),
 .UNSPECIFIED., .F., .F.,
 ( 4, 1, 4 ),
 ( 0.08216776776058994092, 0.5714285714285709528, 1.000000000000000000 ),
 .UNSPECIFIED. ) ;
#9423 = LINE ( 'NONE', #9223, #1844 ) ;
#9424 = CARTESIAN_POINT ( 'NONE',  ( -18.24313726673927505, -14.00037351847224976, -8.222836013115783160 ) ) ;
#9425 = VECTOR ( 'NONE', #2277, 1000.000000000000000 ) ;
#9426 = EDGE_CURVE ( 'NONE', #2521, #5537, #2806, .T. ) ;
#9427 = VECTOR ( 'NONE', #6090, 1000.000000000000000 ) ;
#9428 = LINE ( 'NONE', #882, #5402 ) ;
#9429 = PLANE ( 'NONE',  #1612 ) ;
#9430 = CARTESIAN_POINT ( 'NONE',  ( 18.53360809047959989, -14.00000000000000000, -7.137163111788879633 ) ) ;
#9431 = VERTEX_POINT ( 'NONE', #5801 ) ;
#9432 = ORIENTED_EDGE ( 'NONE', *, *, #7781, .F. ) ;
#9433 = CARTESIAN_POINT ( 'NONE',  ( -20.50000000000000000, 11.96471150499631619, -7.722210941413527152 ) ) ;
#9434 = EDGE_LOOP ( 'NONE', ( #7151, #6924 ) ) ;
#9435 = DIRECTION ( 'NONE',  ( 1.000000000000000000, 1.992221491941909864E-18, -4.579663590744439848E-16 ) ) ;
#9436 = AXIS2_PLACEMENT_3D ( 'NONE', #2014, #3580, #1240 ) ;
#9437 = CARTESIAN_POINT ( 'NONE',  ( 20.04109838025037860, -13.71291234072984011, -11.34501325966919083 ) ) ;
#9438 = EDGE_CURVE ( 'NONE', #1952, #2681, #8101, .T. ) ;
#9439 = LINE ( 'NONE', #3118, #3495 ) ;
#9440 = CARTESIAN_POINT ( 'NONE',  ( 19.50000000000000000, -11.50000000000000000, 1.500000000000000000 ) ) ;
#9441 = SURFACE_SIDE_STYLE ('',( #3280 ) ) ;
#9442 = EDGE_CURVE ( 'NONE', #9681, #8564, #4144, .T. ) ;
#9443 = VECTOR ( 'NONE', #5534, 1000.000000000000000 ) ;
#9444 = PLANE ( 'NONE',  #9501 ) ;
#9445 = ORIENTED_EDGE ( 'NONE', *, *, #2342, .T. ) ;
#9446 = VERTEX_POINT ( 'NONE', #7542 ) ;
#9447 = CARTESIAN_POINT ( 'NONE',  ( 20.50000000000000000, -14.00000000000000000, -7.500000000000000000 ) ) ;
#9448 = CARTESIAN_POINT ( 'NONE',  ( 19.92017776203624635, 13.40823112648711479, -7.443210251707435887 ) ) ;
#9449 = ORIENTED_EDGE ( 'NONE', *, *, #561, .T. ) ;
#9450 = DIRECTION ( 'NONE',  ( -7.153498870007452406E-17, -1.000000000000000000, -0.000000000000000000 ) ) ;
#9451 = EDGE_CURVE ( 'NONE', #4695, #2485, #4697, .T. ) ;
#9452 = CYLINDRICAL_SURFACE ( 'NONE', #6527, 3.000000000000000000 ) ;
#9453 = CARTESIAN_POINT ( 'NONE',  ( 13.91999999999998749, -15.12301053017827179, -2.986000000000068155 ) ) ;
#9454 = AXIS2_PLACEMENT_3D ( 'NONE', #4282, #3530, #9584 ) ;
#9455 = LINE ( 'NONE', #7189, #8377 ) ;
#9456 = ORIENTED_EDGE ( 'NONE', *, *, #4383, .F. ) ;
#9457 = FACE_OUTER_BOUND ( 'NONE', #6178, .T. ) ;
#9458 = CARTESIAN_POINT ( 'NONE',  ( 20.49008766050319963, 12.60932971484620069, -7.148320353254160153 ) ) ;
#9459 = ORIENTED_EDGE ( 'NONE', *, *, #8390, .F. ) ;
#9460 = CARTESIAN_POINT ( 'NONE',  ( -18.24323378530917239, -13.99760941509956602, -9.389420196404126173 ) ) ;
#9461 = EDGE_CURVE ( 'NONE', #154, #5347, #4413, .T. ) ;
#9462 = EDGE_LOOP ( 'NONE', ( #3519, #1050, #8098, #7825 ) ) ;
#9463 = LINE ( 'NONE', #8851, #6064 ) ;
#9464 = VECTOR ( 'NONE', #4095, 1000.000000000000000 ) ;
#9465 = DIRECTION ( 'NONE',  ( -0.000000000000000000, -1.000000000000000000, -0.000000000000000000 ) ) ;
#9466 = VERTEX_POINT ( 'NONE', #5384 ) ;
#9467 = CARTESIAN_POINT ( 'NONE',  ( 3.848076211353312015, -13.50000000000000355, -4.485999999999998877 ) ) ;
#9468 = VECTOR ( 'NONE', #6662, 1000.000000000000000 ) ;
#9469 = CARTESIAN_POINT ( 'NONE',  ( -18.66902008225405396, -12.81318415974939739, -5.965055277799264033 ) ) ;
#9470 = CARTESIAN_POINT ( 'NONE',  ( -23.00000000000000000, 5.500000000000000000, -9.500000000000000000 ) ) ;
#9471 = CARTESIAN_POINT ( 'NONE',  ( -13.52351575943047912, -15.55024004849050989, -3.532456040810122211 ) ) ;
#9472 = CARTESIAN_POINT ( 'NONE',  ( 20.50000000000000000, -2.500000000000000000, -9.500000000000000000 ) ) ;
#9473 = ORIENTED_EDGE ( 'NONE', *, *, #5652, .T. ) ;
#9474 = DIRECTION ( 'NONE',  ( 0.000000000000000000, 2.906723457586479957E-16, -1.000000000000000000 ) ) ;
#9475 = CARTESIAN_POINT ( 'NONE',  ( 1.099615614179529546E-15, 16.50000000000000000, 0.000000000000000000 ) ) ;
#9476 = UNCERTAINTY_MEASURE_WITH_UNIT (LENGTH_MEASURE( 1.000000000000000082E-05 ), #3231, 'distance_accuracy_value', 'NONE');
#9477 = CARTESIAN_POINT ( 'NONE',  ( -19.12404960014076138, 12.17677293634646851, -5.921452902564304566 ) ) ;
#9478 = CARTESIAN_POINT ( 'NONE',  ( 20.55346307255046767, 2.500000000000002220, -7.500000000000000000 ) ) ;
#9479 = EDGE_CURVE ( 'NONE', #5222, #154, #5227, .T. ) ;
#9480 = CARTESIAN_POINT ( 'NONE',  ( 25.50000000000000000, -6.500000000000000000, -9.500000000000000000 ) ) ;
#9481 = CARTESIAN_POINT ( 'NONE',  ( 18.13658104042420405, -14.00000000000000000, -7.903216517656234785 ) ) ;
#9482 = ORIENTED_EDGE ( 'NONE', *, *, #3447, .F. ) ;
#9483 = EDGE_LOOP ( 'NONE', ( #3109, #9594 ) ) ;
#9484 = CARTESIAN_POINT ( 'NONE',  ( -20.50000000000000000, 11.98954483325959863, -7.422244490817767826 ) ) ;
#9485 = EDGE_LOOP ( 'NONE', ( #8261, #3158, #3170, #4813, #130, #8226, #4558 ) ) ;
#9486 = CARTESIAN_POINT ( 'NONE',  ( 20.50000000000000000, -1.500000000000000000, 0.000000000000000000 ) ) ;
#9487 = CIRCLE ( 'NONE', #6127, 0.6750000000000002665 ) ;
#9488 = DIRECTION ( 'NONE',  ( -0.000000000000000000, 1.000000000000000000, -0.000000000000000000 ) ) ;
#9489 = EDGE_CURVE ( 'NONE', #4127, #4842, #8306, .T. ) ;
#9490 = CARTESIAN_POINT ( 'NONE',  ( -19.34164107335546490, 12.17081981921157841, -5.971999999961506767 ) ) ;
#9491 = CARTESIAN_POINT ( 'NONE',  ( 0.000000000000000000, 0.000000000000000000, -9.500000000000000000 ) ) ;
#9492 = VERTEX_POINT ( 'NONE', #7494 ) ;
#9493 = VERTEX_POINT ( 'NONE', #9764 ) ;
#9494 = CARTESIAN_POINT ( 'NONE',  ( -19.41090778438939068, 12.00925359493021638, -5.972007117551323852 ) ) ;
#9495 = CARTESIAN_POINT ( 'NONE',  ( 20.09924134841217835, 13.20303784626086596, -7.442789867537282333 ) ) ;
#9496 = EDGE_LOOP ( 'NONE', ( #4906, #6326, #4316, #2440 ) ) ;
#9497 = LINE ( 'NONE', #3287, #1993 ) ;
#9498 = EDGE_CURVE ( 'NONE', #9341, #5063, #8251, .T. ) ;
#9499 = EDGE_CURVE ( 'NONE', #2769, #5408, #9263, .T. ) ;
#9500 = CARTESIAN_POINT ( 'NONE',  ( -23.00000000000000000, 10.50000000000000000, -0.2062624903444180147 ) ) ;
#9501 = AXIS2_PLACEMENT_3D ( 'NONE', #2528, #2421, #6270 ) ;
#9502 = EDGE_CURVE ( 'NONE', #3373, #7829, #6855, .T. ) ;
#9503 = CARTESIAN_POINT ( 'NONE',  ( 25.50000000000000000, 10.00000000000000000, 2.277999999999982705 ) ) ;
#9504 = VECTOR ( 'NONE', #6169, 1000.000000000000000 ) ;
#9505 = FACE_OUTER_BOUND ( 'NONE', #3579, .T. ) ;
#9506 = ORIENTED_EDGE ( 'NONE', *, *, #5248, .T. ) ;
#9507 = CIRCLE ( 'NONE', #5149, 12.00000000000003197 ) ;
#9508 = CYLINDRICAL_SURFACE ( 'NONE', #1648, 1.749999999999991118 ) ;
#9509 = CARTESIAN_POINT ( 'NONE',  ( 18.66520775768562501, 12.84444710428198277, -5.971999999999999531 ) ) ;
#9510 = ORIENTED_EDGE ( 'NONE', *, *, #5135, .F. ) ;
#9511 = CYLINDRICAL_SURFACE ( 'NONE', #1661, 0.6750000000000020428 ) ;
#9512 = ORIENTED_EDGE ( 'NONE', *, *, #9243, .T. ) ;
#9513 = DIRECTION ( 'NONE',  ( 0.000000000000000000, 2.906723457586479957E-16, -1.000000000000000000 ) ) ;
#9514 = AXIS2_PLACEMENT_3D ( 'NONE', #9799, #9051, #4899 ) ;
#9515 = AXIS2_PLACEMENT_3D ( 'NONE', #4812, #4760, #7144 ) ;
#9516 = ADVANCED_FACE ( 'NONE', ( #6096 ), #2247, .F. ) ;
#9517 = CARTESIAN_POINT ( 'NONE',  ( -3.270000000000003570, -16.50000000000000000, -2.985999999999998877 ) ) ;
#9518 = LINE ( 'NONE', #4108, #5155 ) ;
#9519 = ORIENTED_EDGE ( 'NONE', *, *, #2467, .T. ) ;
#9520 = CARTESIAN_POINT ( 'NONE',  ( 17.31999999999999318, 43.50000000000000711, -2.986000000000068155 ) ) ;
#9521 = CARTESIAN_POINT ( 'NONE',  ( -20.49001326653179689, -12.61365061387100184, -7.148404090448879700 ) ) ;
#9522 = CARTESIAN_POINT ( 'NONE',  ( 15.15731090268437953, 14.75443471527996664, -1.347015314476613046 ) ) ;
#9523 = CARTESIAN_POINT ( 'NONE',  ( 18.84886600559134351, -12.18427615512100282, -5.857013683174407070 ) ) ;
#9524 = ORIENTED_EDGE ( 'NONE', *, *, #7731, .F. ) ;
#9525 = DIRECTION ( 'NONE',  ( -0.000000000000000000, -0.000000000000000000, -1.000000000000000000 ) ) ;
#9526 = FACE_OUTER_BOUND ( 'NONE', #6148, .T. ) ;
#9527 = EDGE_CURVE ( 'NONE', #6825, #9121, #1068, .T. ) ;
#9528 = CARTESIAN_POINT ( 'NONE',  ( -19.19657999559380812, 12.17478875531427818, -5.938301935042869850 ) ) ;
#9529 = EDGE_CURVE ( 'NONE', #1812, #7625, #8066, .T. ) ;
#9530 = FACE_BOUND ( 'NONE', #819, .T. ) ;
#9531 = LINE ( 'NONE', #7348, #6783 ) ;
#9532 = DIRECTION ( 'NONE',  ( 0.000000000000000000, 0.000000000000000000, -1.000000000000000000 ) ) ;
#9533 = VERTEX_POINT ( 'NONE', #2851 ) ;
#9534 = ORIENTED_EDGE ( 'NONE', *, *, #6832, .T. ) ;
#9535 = CARTESIAN_POINT ( 'NONE',  ( -20.51048607014161007, 12.58041495931122356, -7.746465206131359693 ) ) ;
#9536 = VERTEX_POINT ( 'NONE', #128 ) ;
#9537 = DIRECTION ( 'NONE',  ( 0.000000000000000000, -1.000000000000000000, 0.000000000000000000 ) ) ;
#9538 = B_SPLINE_CURVE_WITH_KNOTS ( 'NONE', 3,
 ( #9346, #8433, #3130, #954, #903, #1504, #6981, #1558, #4701, #7780, #8593, #7729, #9396 ),
 .UNSPECIFIED., .F., .F.,
 ( 4, 2, 2, 2, 1, 2, 4 ),
 ( 0.000000000000000000, 0.2504261207713563975, 0.3756391811570345962, 0.4382457113498750556, 0.4695489764462947302, 0.4852006089945046230, 0.5008522415427144603 ),
 .UNSPECIFIED. ) ;
#9539 = FACE_OUTER_BOUND ( 'NONE', #8807, .T. ) ;
#9540 = CARTESIAN_POINT ( 'NONE',  ( 18.96991994539442317, -11.42280473180815825, -5.792928914079258362 ) ) ;
#9541 = ORIENTED_EDGE ( 'NONE', *, *, #1674, .T. ) ;
#9542 = VECTOR ( 'NONE', #9207, 1000.000000000000000 ) ;
#9543 = DIRECTION ( 'NONE',  ( -1.000000000000000000, 0.000000000000000000, -0.000000000000000000 ) ) ;
#9544 = CARTESIAN_POINT ( 'NONE',  ( -20.50000000000000000, -5.500000000000000000, -7.500000000000000000 ) ) ;
#9545 = ORIENTED_EDGE ( 'NONE', *, *, #7636, .T. ) ;
#9546 = CARTESIAN_POINT ( 'NONE',  ( -19.50000000000000000, -9.499999999999998224, -5.600000000000000533 ) ) ;
#9547 = DIRECTION ( 'NONE',  ( 0.000000000000000000, -1.000000000000000000, 0.000000000000000000 ) ) ;
#9548 = EDGE_CURVE ( 'NONE', #9355, #5409, #8517, .T. ) ;
#9549 = CARTESIAN_POINT ( 'NONE',  ( 15.54817514945064083, -14.83495246067501228, -1.284876491813539801 ) ) ;
#9550 = EDGE_CURVE ( 'NONE', #2633, #6514, #3652, .T. ) ;
#9551 = CARTESIAN_POINT ( 'NONE',  ( 20.55346307255046767, -11.00000000000000000, -7.500000000000000000 ) ) ;
#9552 = EDGE_LOOP ( 'NONE', ( #9766, #6993, #1903, #4325, #5892 ) ) ;
#9553 = LINE ( 'NONE', #5724, #8269 ) ;
#9554 = CARTESIAN_POINT ( 'NONE',  ( 20.50017346594119516, 12.02353296205328625, -7.136967860063247571 ) ) ;
#9555 = ORIENTED_EDGE ( 'NONE', *, *, #232, .T. ) ;
#9556 = DIRECTION ( 'NONE',  ( 5.782411586589356653E-16, 1.184965211890880193E-16, 1.000000000000000000 ) ) ;
#9557 = ORIENTED_EDGE ( 'NONE', *, *, #4275, .T. ) ;
#9558 = DIRECTION ( 'NONE',  ( 1.000000000000000000, -0.000000000000000000, -0.000000000000000000 ) ) ;
#9559 = LINE ( 'NONE', #4012, #5315 ) ;
#9560 = EDGE_LOOP ( 'NONE', ( #8815, #9519, #9352, #3531 ) ) ;
#9561 = CARTESIAN_POINT ( 'NONE',  ( 20.50004249676557322, -11.89645853260138786, -7.608420412034353930 ) ) ;
#9562 = ADVANCED_FACE ( 'NONE', ( #3855 ), #177, .F. ) ;
#9563 = CARTESIAN_POINT ( 'NONE',  ( -18.48859076419005021, -13.99999466087462885, -7.431038882569830584 ) ) ;
#9564 = CARTESIAN_POINT ( 'NONE',  ( 18.68434603288133289, -12.34722017905702351, -5.857144582201159189 ) ) ;
#9565 = ORIENTED_EDGE ( 'NONE', *, *, #7618, .T. ) ;
#9566 = CARTESIAN_POINT ( 'NONE',  ( 19.39528708644976973, 12.16935281582745887, -5.984462199393287385 ) ) ;
#9567 = AXIS2_PLACEMENT_3D ( 'NONE', #5203, #3632, #5868 ) ;
#9568 = PLANE ( 'NONE',  #4911 ) ;
#9569 = CARTESIAN_POINT ( 'NONE',  ( -1.348076211353316012, 13.50000000000000355, -1.485999999999999543 ) ) ;
#9570 = CARTESIAN_POINT ( 'NONE',  ( 18.37907809045438867, -14.00000000000000000, -8.449382585259131773 ) ) ;
#9571 = ORIENTED_EDGE ( 'NONE', *, *, #3800, .F. ) ;
#9572 = ORIENTED_EDGE ( 'NONE', *, *, #1073, .T. ) ;
#9573 = CARTESIAN_POINT ( 'NONE',  ( 20.55346307255046767, -6.500000000000000000, -9.500000000000000000 ) ) ;
#9574 = ORIENTED_EDGE ( 'NONE', *, *, #185, .F. ) ;
#9575 = CARTESIAN_POINT ( 'NONE',  ( -0.08776445105842203831, 14.75002207789765940, -0.2989693194351243366 ) ) ;
#9576 = VECTOR ( 'NONE', #7852, 1000.000000000000000 ) ;
#9577 = DIRECTION ( 'NONE',  ( -0.000000000000000000, 0.000000000000000000, 1.000000000000000000 ) ) ;
#9578 = CARTESIAN_POINT ( 'NONE',  ( -23.00000000000000000, 2.500000000000003553, -7.500000000000000888 ) ) ;
#9579 = SURFACE_STYLE_FILL_AREA ( #8070 ) ;
#9580 = DIRECTION ( 'NONE',  ( 1.000000000000000000, 0.000000000000000000, 0.000000000000000000 ) ) ;
#9581 = ORIENTED_EDGE ( 'NONE', *, *, #4244, .T. ) ;
#9582 = AXIS2_PLACEMENT_3D ( 'NONE', #1977, #931, #5059 ) ;
#9583 = CARTESIAN_POINT ( 'NONE',  ( 18.60565901521341914, -13.81862391116676214, -6.525327833237181352 ) ) ;
#9584 = DIRECTION ( 'NONE',  ( 0.000000000000000000, 0.000000000000000000, 1.000000000000000000 ) ) ;
#9585 = ORIENTED_EDGE ( 'NONE', *, *, #781, .F. ) ;
#9586 = DIRECTION ( 'NONE',  ( 0.000000000000000000, 0.000000000000000000, 1.000000000000000000 ) ) ;
#9587 = CARTESIAN_POINT ( 'NONE',  ( 18.92206406703686383, -14.00778918976545562, -7.740227325813144432 ) ) ;
#9588 = LINE ( 'NONE', #3289, #7640 ) ;
#9589 = VECTOR ( 'NONE', #3504, 1000.000000000000000 ) ;
#9590 = AXIS2_PLACEMENT_3D ( 'NONE', #1215, #3849, #3092 ) ;
#9591 = CARTESIAN_POINT ( 'NONE',  ( 20.50000000000000000, -9.500000000000000000, -9.500000000000000000 ) ) ;
#9592 = DIRECTION ( 'NONE',  ( 0.000000000000000000, 0.000000000000000000, 1.000000000000000000 ) ) ;
#9593 = ADVANCED_FACE ( 'NONE', ( #5644 ), #225, .T. ) ;
#9594 = ORIENTED_EDGE ( 'NONE', *, *, #4296, .F. ) ;
#9595 = FACE_OUTER_BOUND ( 'NONE', #3113, .T. ) ;
#9596 = CARTESIAN_POINT ( 'NONE',  ( 20.50000000000000000, 12.59298761591420046, -7.440010195241539392 ) ) ;
#9597 = ORIENTED_EDGE ( 'NONE', *, *, #7882, .T. ) ;
#9598 = DIRECTION ( 'NONE',  ( -0.000000000000000000, 0.000000000000000000, -1.000000000000000000 ) ) ;
#9599 = VECTOR ( 'NONE', #2784, 1000.000000000000000 ) ;
#9600 = CARTESIAN_POINT ( 'NONE',  ( -13.12000000000000099, 16.50000000000000000, -2.986000000000068155 ) ) ;
#9601 = EDGE_CURVE ( 'NONE', #4715, #3568, #1582, .T. ) ;
#9602 = AXIS2_PLACEMENT_3D ( 'NONE', #2149, #5230, #6046 ) ;
#9603 = CARTESIAN_POINT ( 'NONE',  ( -13.58165021614063406, 16.00287898733560965, -3.481426637977532490 ) ) ;
#9604 = CARTESIAN_POINT ( 'NONE',  ( -18.67349950195823283, 12.74370777992293391, -5.949249863340306810 ) ) ;
#9605 = EDGE_LOOP ( 'NONE', ( #4053, #6842, #5043, #2251 ) ) ;
#9606 = CARTESIAN_POINT ( 'NONE',  ( 19.24001225920010683, -11.98857214261032844, -5.917756620046926486 ) ) ;
#9607 = CARTESIAN_POINT ( 'NONE',  ( -19.82520522069560087, -13.44224904131850096, -6.454473762875389653 ) ) ;
#9608 = DIRECTION ( 'NONE',  ( -0.000000000000000000, -0.000000000000000000, -1.000000000000000000 ) ) ;
#9609 = CARTESIAN_POINT ( 'NONE',  ( 25.50000000000000000, -5.500000000000000000, 2.943364503850780078 ) ) ;
#9610 = VECTOR ( 'NONE', #5513, 1000.000000000000000 ) ;
#9611 = CARTESIAN_POINT ( 'NONE',  ( 20.50000000000000000, 10.00000000000000000, 1.027999999999990255 ) ) ;
#9612 = ORIENTED_EDGE ( 'NONE', *, *, #462, .T. ) ;
#9613 = CARTESIAN_POINT ( 'NONE',  ( -23.00000000000000000, 2.500000000000000000, 4.014694594305530551 ) ) ;
#9614 = ADVANCED_FACE ( 'NONE', ( #875 ), #3309, .F. ) ;
#9615 = CARTESIAN_POINT ( 'NONE',  ( -2.146049661002233873E-16, 14.00000000000000000, -1.485999999999999543 ) ) ;
#9616 = AXIS2_PLACEMENT_3D ( 'NONE', #2753, #8205, #1275 ) ;
#9617 = DIRECTION ( 'NONE',  ( -7.153498870007452406E-17, -1.000000000000000000, -0.000000000000000000 ) ) ;
#9618 = EDGE_LOOP ( 'NONE', ( #7943, #4509, #4101, #8775 ) ) ;
#9619 = CARTESIAN_POINT ( 'NONE',  ( 20.55346307255046767, -10.50000000000000178, -5.599999999999999645 ) ) ;
#9620 = EDGE_CURVE ( 'NONE', #1952, #5897, #5771, .T. ) ;
#9621 = CARTESIAN_POINT ( 'NONE',  ( -19.91421356237309226, 13.41421356237309759, -11.00000000000000000 ) ) ;
#9622 = DIRECTION ( 'NONE',  ( 0.000000000000000000, 0.000000000000000000, 1.000000000000000000 ) ) ;
#9623 = ORIENTED_EDGE ( 'NONE', *, *, #3627, .T. ) ;
#9624 = ORIENTED_EDGE ( 'NONE', *, *, #2895, .F. ) ;
#9625 = CARTESIAN_POINT ( 'NONE',  ( 12.35499999999999510, 33.50000000000000000, -2.986000000000040178 ) ) ;
#9626 = ORIENTED_EDGE ( 'NONE', *, *, #8436, .F. ) ;
#9627 = CARTESIAN_POINT ( 'NONE',  ( -3.945000000000003837, -13.99999999999999822, -2.985999999999998877 ) ) ;
#9628 = VECTOR ( 'NONE', #1858, 1000.000000000000000 ) ;
#9629 = EDGE_CURVE ( 'NONE', #9131, #8691, #8170, .T. ) ;
#9630 = DIRECTION ( 'NONE',  ( -0.000000000000000000, 0.000000000000000000, -1.000000000000000000 ) ) ;
#9631 = CARTESIAN_POINT ( 'NONE',  ( -20.50000000000000000, -10.00000000000000000, 3.527999999999990255 ) ) ;
#9632 = ADVANCED_FACE ( 'NONE', ( #3209 ), #6302, .T. ) ;
#9633 = CARTESIAN_POINT ( 'NONE',  ( 20.55346307255046767, 9.499999999999998224, -7.500000000000000000 ) ) ;
#9634 = ORIENTED_EDGE ( 'NONE', *, *, #8021, .T. ) ;
#9635 = LINE ( 'NONE', #8114, #4664 ) ;
#9636 = FACE_OUTER_BOUND ( 'NONE', #1185, .T. ) ;
#9637 = ORIENTED_EDGE ( 'NONE', *, *, #6408, .F. ) ;
#9638 = CARTESIAN_POINT ( 'NONE',  ( 20.49927360533488496, -11.84891202785454034, -8.605026701893876862 ) ) ;
#9639 = CARTESIAN_POINT ( 'NONE',  ( -3.270000000000000018, 33.50000000000000000, -2.985999999999998877 ) ) ;
#9640 = CYLINDRICAL_SURFACE ( 'NONE', #1383, 0.6750000000000020428 ) ;
#9641 = EDGE_CURVE ( 'NONE', #6017, #8543, #6373, .T. ) ;
#9642 = CARTESIAN_POINT ( 'NONE',  ( -1.218629701956884581, 15.22819936679300667, -1.263176040160960856 ) ) ;
#9643 = VERTEX_POINT ( 'NONE', #1708 ) ;
#9644 = DIRECTION ( 'NONE',  ( 1.000000000000000000, -0.000000000000000000, -0.000000000000000000 ) ) ;
#9645 = CARTESIAN_POINT ( 'NONE',  ( 18.93654456771115591, 14.00259639658848521, -7.537154161007942221 ) ) ;
#9646 = ORIENTED_EDGE ( 'NONE', *, *, #7270, .T. ) ;
#9647 = AXIS2_PLACEMENT_3D ( 'NONE', #1101, #6531, #9592 ) ;
#9648 = DIRECTION ( 'NONE',  ( -1.000000000000000000, 0.000000000000000000, 0.000000000000000000 ) ) ;
#9649 = CARTESIAN_POINT ( 'NONE',  ( -19.50000000000000000, -11.50000000000000000, -6.256677610998243821 ) ) ;
#9650 = EDGE_CURVE ( 'NONE', #85, #3296, #9439, .T. ) ;
#9651 = CARTESIAN_POINT ( 'NONE',  ( -18.49248892826690138, 12.93080651899139966, -5.971999999999999531 ) ) ;
#9652 = VERTEX_POINT ( 'NONE', #2365 ) ;
#9653 = CARTESIAN_POINT ( 'NONE',  ( 20.49993929033490048, -11.95073787218299977, -7.133806220971069756 ) ) ;
#9654 = CARTESIAN_POINT ( 'NONE',  ( -18.44334937246114592, -13.99963618066689897, -7.721369427834497756 ) ) ;
#9655 = DIRECTION ( 'NONE',  ( 0.000000000000000000, -1.000000000000000000, -2.906723457586479957E-16 ) ) ;
#9656 = EDGE_CURVE ( 'NONE', #4029, #2877, #5456, .T. ) ;
#9657 = CARTESIAN_POINT ( 'NONE',  ( 18.68098312151075291, -12.44910896602926442, -5.880343999732485116 ) ) ;
#9658 = LINE ( 'NONE', #6549, #732 ) ;
#9659 = ORIENTED_EDGE ( 'NONE', *, *, #5625, .F. ) ;
#9660 = LINE ( 'NONE', #5599, #9910 ) ;
#9661 = CIRCLE ( 'NONE', #6610, 1.749999999999986455 ) ;
#9662 = VECTOR ( 'NONE', #7907, 1000.000000000000000 ) ;
#9663 = CARTESIAN_POINT ( 'NONE',  ( -20.50000000000000000, 10.00000000000000000, 2.278000000000003133 ) ) ;
#9664 = ADVANCED_FACE ( 'NONE', ( #9388 ), #8482, .F. ) ;
#9665 = DIRECTION ( 'NONE',  ( 1.000000000000000000, 0.000000000000000000, 0.000000000000000000 ) ) ;
#9666 = VECTOR ( 'NONE', #7653, 1000.000000000000114 ) ;
#9667 = ORIENTED_EDGE ( 'NONE', *, *, #9734, .F. ) ;
#9668 = CARTESIAN_POINT ( 'NONE',  ( -23.00000000000000000, 6.500000000000000000, 2.365120500916039425 ) ) ;
#9669 = EDGE_CURVE ( 'NONE', #4417, #268, #5785, .T. ) ;
#9670 = PLANE ( 'NONE',  #4493 ) ;
#9671 = CARTESIAN_POINT ( 'NONE',  ( 19.50000000000000000, -11.50000000000000000, 0.000000000000000000 ) ) ;
#9672 = ORIENTED_EDGE ( 'NONE', *, *, #4729, .F. ) ;
#9673 = VERTEX_POINT ( 'NONE', #6322 ) ;
#9674 = CARTESIAN_POINT ( 'NONE',  ( -20.50000000000000000, 5.500000000000000000, 0.000000000000000000 ) ) ;
#9675 = ORIENTED_EDGE ( 'NONE', *, *, #6528, .F. ) ;
#9676 = DIRECTION ( 'NONE',  ( 7.153498870007452406E-17, 1.000000000000000000, 0.000000000000000000 ) ) ;
#9677 = CARTESIAN_POINT ( 'NONE',  ( -9.180000000000003268, 16.50000000000000000, -2.986000000000040178 ) ) ;
#9678 = FACE_OUTER_BOUND ( 'NONE', #310, .T. ) ;
#9679 = AXIS2_PLACEMENT_3D ( 'NONE', #923, #5435, #1630 ) ;
#9680 = CARTESIAN_POINT ( 'NONE',  ( 0.000000000000000000, 0.000000000000000000, -9.500000000000000000 ) ) ;
#9681 = VERTEX_POINT ( 'NONE', #4640 ) ;
#9682 = FACE_OUTER_BOUND ( 'NONE', #548, .T. ) ;
#9683 = DIRECTION ( 'NONE',  ( -0.000000000000000000, 1.000000000000000000, -0.000000000000000000 ) ) ;
#9684 = ORIENTED_EDGE ( 'NONE', *, *, #6957, .T. ) ;
#9685 = CARTESIAN_POINT ( 'NONE',  ( 18.86995392970867158, -14.02647619318166150, -8.471014937629528063 ) ) ;
#9686 = CARTESIAN_POINT ( 'NONE',  ( -20.50000000000000000, 9.500000000000000000, -7.500000000000000000 ) ) ;
#9687 = DIRECTION ( 'NONE',  ( -1.000000000000000000, 5.426742037195429582E-32, 4.579663590744439848E-16 ) ) ;
#9688 = DIRECTION ( 'NONE',  ( -7.153498870007453638E-17, -1.000000000000000000, -0.000000000000000000 ) ) ;
#9689 = ORIENTED_EDGE ( 'NONE', *, *, #4723, .F. ) ;
#9690 = DIRECTION ( 'NONE',  ( 0.000000000000000000, 2.906723457586479957E-16, -1.000000000000000000 ) ) ;
#9691 = CARTESIAN_POINT ( 'NONE',  ( 18.47647433666371697, 14.00000000000000000, -7.622324726599539524 ) ) ;
#9692 = ORIENTED_EDGE ( 'NONE', *, *, #1267, .F. ) ;
#9693 = FACE_OUTER_BOUND ( 'NONE', #3324, .T. ) ;
#9694 = CARTESIAN_POINT ( 'NONE',  ( -20.55346307255046767, -11.00000000000000000, -5.599999999999999645 ) ) ;
#9695 = EDGE_CURVE ( 'NONE', #1948, #9201, #197, .T. ) ;
#9696 = CARTESIAN_POINT ( 'NONE',  ( -20.32504018742969976, 11.82901836320630018, -6.496852376851790289 ) ) ;
#9697 = CARTESIAN_POINT ( 'NONE',  ( -18.00000000000000000, 14.00000000000000000, -7.122436544371499423 ) ) ;
#9698 = ORIENTED_EDGE ( 'NONE', *, *, #5758, .F. ) ;
#9699 = CARTESIAN_POINT ( 'NONE',  ( 20.50000000000000000, -11.73273032413423955, -7.680618716353714959 ) ) ;
#9700 = CARTESIAN_POINT ( 'NONE',  ( -20.50030777057756737, -12.59693846311479781, -7.449131958128820230 ) ) ;
#9701 = CARTESIAN_POINT ( 'NONE',  ( 16.23303086837476528, 15.25425512901596470, -1.398462584924721863 ) ) ;
#9702 = CARTESIAN_POINT ( 'NONE',  ( 18.75216778775892834, -12.25826642546586065, -5.896892278181317337 ) ) ;
#9703 = ORIENTED_EDGE ( 'NONE', *, *, #6572, .F. ) ;
#9704 = CARTESIAN_POINT ( 'NONE',  ( 20.50000000000000000, 9.500000000000000000, -7.500000000000000000 ) ) ;
#9705 = CARTESIAN_POINT ( 'NONE',  ( 5.094999999999991758, 16.50000000000000000, -2.985999999999998877 ) ) ;
#9706 = LINE ( 'NONE', #2993, #8123 ) ;
#9707 = EDGE_LOOP ( 'NONE', ( #9838, #3884, #291, #3842, #4451, #9839, #1961 ) ) ;
#9708 = CARTESIAN_POINT ( 'NONE',  ( 18.00000000000000711, -13.00000000000000000, -5.971999999999999531 ) ) ;
#9709 = CARTESIAN_POINT ( 'NONE',  ( 18.87992418896996227, -13.99884706702648529, -8.458796445495726957 ) ) ;
#9710 = CARTESIAN_POINT ( 'NONE',  ( -19.50000000000000000, -9.185353341053380305, -2.778495045355449991E-17 ) ) ;
#9711 = CARTESIAN_POINT ( 'NONE',  ( -18.00000000000000000, -13.49986223184804146, -6.269073203967578500 ) ) ;
#9712 = VERTEX_POINT ( 'NONE', #7131 ) ;
#9713 = EDGE_CURVE ( 'NONE', #11, #9872, #6085, .T. ) ;
#9714 = VECTOR ( 'NONE', #1779, 1000.000000000000000 ) ;
#9715 = ORIENTED_EDGE ( 'NONE', *, *, #4585, .F. ) ;
#9716 = CARTESIAN_POINT ( 'NONE',  ( -20.50000000000000000, 9.185353341053369647, -2.778495045355449991E-17 ) ) ;
#9717 = EDGE_LOOP ( 'NONE', ( #6317, #2374, #2612, #6664, #6643 ) ) ;
#9718 = CARTESIAN_POINT ( 'NONE',  ( 25.50000000000000000, 5.500000000000000000, -9.500000000000000000 ) ) ;
#9719 = EDGE_CURVE ( 'NONE', #34, #2032, #5166, .T. ) ;
#9720 = CARTESIAN_POINT ( 'NONE',  ( -18.53360754460514670, -13.99999999960010122, -7.137163089676707095 ) ) ;
#9721 = AXIS2_PLACEMENT_3D ( 'NONE', #1931, #406, #7944 ) ;
#9722 = DIRECTION ( 'NONE',  ( 1.000000000000000000, -5.426742037195429582E-32, -4.579663590744439848E-16 ) ) ;
#9723 = PLANE ( 'NONE',  #789 ) ;
#9724 = CARTESIAN_POINT ( 'NONE',  ( -19.96572734749432954, -11.90990935647502980, -6.253578623824865623 ) ) ;
#9725 = CARTESIAN_POINT ( 'NONE',  ( 19.23695056630029399, -11.17622676584268859, -5.886176963975072063 ) ) ;
#9726 = VERTEX_POINT ( 'NONE', #9337 ) ;
#9727 = DIRECTION ( 'NONE',  ( 1.000000000000000000, -5.426742037195429582E-32, -4.579663590744439848E-16 ) ) ;
#9728 = DIRECTION ( 'NONE',  ( -0.000000000000000000, -1.000000000000000000, -0.000000000000000000 ) ) ;
#9729 = ORIENTED_EDGE ( 'NONE', *, *, #1107, .T. ) ;
#9730 = CARTESIAN_POINT ( 'NONE',  ( -20.49997761854363176, -11.81800477084894041, -7.595438329551226886 ) ) ;
#9731 = CARTESIAN_POINT ( 'NONE',  ( 20.50000000000000000, -11.83835676538906689, -8.795175089801340107 ) ) ;
#9732 = ORIENTED_EDGE ( 'NONE', *, *, #7114, .T. ) ;
#9733 = CARTESIAN_POINT ( 'NONE',  ( -19.50000000000000000, -5.500000000000001776, -5.600000000000000533 ) ) ;
#9734 = EDGE_CURVE ( 'NONE', #8130, #3752, #5614, .T. ) ;
#9735 = EDGE_CURVE ( 'NONE', #938, #9085, #1723, .T. ) ;
#9736 = VECTOR ( 'NONE', #4754, 1000.000000000000000 ) ;
#9737 = CARTESIAN_POINT ( 'NONE',  ( -23.00000000000000000, 2.500000000000002665, -5.599999999999999645 ) ) ;
#9738 = AXIS2_PLACEMENT_3D ( 'NONE', #4406, #2799, #3601 ) ;
#9739 = LINE ( 'NONE', #1299, #6757 ) ;
#9740 = VERTEX_POINT ( 'NONE', #4743 ) ;
#9741 = CARTESIAN_POINT ( 'NONE',  ( 19.50000000000000000, 11.49999999999999645, -4.294172699799482906 ) ) ;
#9742 = EDGE_CURVE ( 'NONE', #4407, #9740, #6400, .T. ) ;
#9743 = CARTESIAN_POINT ( 'NONE',  ( 20.50000000000000000, 11.97647433666421080, -7.622324726599565281 ) ) ;
#9744 = ORIENTED_EDGE ( 'NONE', *, *, #9203, .F. ) ;
#9745 = LINE ( 'NONE', #9046, #3600 ) ;
#9746 = CARTESIAN_POINT ( 'NONE',  ( 19.38254773022687161, 12.08383866236662740, -5.972008240848891703 ) ) ;
#9747 = VECTOR ( 'NONE', #4273, 1000.000000000000000 ) ;
#9748 = CARTESIAN_POINT ( 'NONE',  ( -19.45321423865400234, 11.87171007058380034, -5.971999999999999531 ) ) ;
#9749 = DIRECTION ( 'NONE',  ( -0.000000000000000000, -1.000000000000000000, -0.000000000000000000 ) ) ;
#9750 = CARTESIAN_POINT ( 'NONE',  ( -18.94604670925678747, 12.70402762849645484, -5.971999999999999531 ) ) ;
#9751 = ORIENTED_EDGE ( 'NONE', *, *, #2771, .F. ) ;
#9752 = DIRECTION ( 'NONE',  ( 1.000000000000000000, -0.000000000000000000, -0.000000000000000000 ) ) ;
#9753 = AXIS2_PLACEMENT_3D ( 'NONE', #2238, #8450, #4662 ) ;
#9754 = CARTESIAN_POINT ( 'NONE',  ( -18.39665048590795493, -13.99916321553386922, -8.110625031133615437 ) ) ;
#9755 = CARTESIAN_POINT ( 'NONE',  ( 18.66804186079228955, -12.84303005272865228, -5.971999999999999531 ) ) ;
#9756 = VERTEX_POINT ( 'NONE', #7820 ) ;
#9757 = DIRECTION ( 'NONE',  ( 1.000000000000000000, -0.000000000000000000, -0.000000000000000000 ) ) ;
#9758 = DIRECTION ( 'NONE',  ( 0.000000000000000000, -1.000000000000000000, 0.000000000000000000 ) ) ;
#9759 = CARTESIAN_POINT ( 'NONE',  ( -18.00000000000000000, -13.49986223184804146, -6.269073203967578500 ) ) ;
#9760 = ORIENTED_EDGE ( 'NONE', *, *, #1576, .T. ) ;
#9761 = CARTESIAN_POINT ( 'NONE',  ( 20.50000000000000000, 5.500000000000000000, 0.000000000000000000 ) ) ;
#9762 = VECTOR ( 'NONE', #1998, 1000.000000000000000 ) ;
#9763 = DIRECTION ( 'NONE',  ( 0.000000000000000000, 1.000000000000000000, -0.000000000000000000 ) ) ;
#9764 = CARTESIAN_POINT ( 'NONE',  ( -20.55346307255046767, -5.499999999999997335, -5.599999999999999645 ) ) ;
#9765 = ORIENTED_EDGE ( 'NONE', *, *, #4409, .T. ) ;
#9766 = ORIENTED_EDGE ( 'NONE', *, *, #6489, .F. ) ;
#9767 = CARTESIAN_POINT ( 'NONE',  ( 0.4641916833496667616, 14.81003072516344865, -5.882873129149905900 ) ) ;
#9768 = ORIENTED_EDGE ( 'NONE', *, *, #2624, .T. ) ;
#9769 = DIRECTION ( 'NONE',  ( -1.000000000000000000, 0.000000000000000000, 0.000000000000000000 ) ) ;
#9770 = B_SPLINE_CURVE_WITH_KNOTS ( 'NONE', 3,
 ( #1201, #453, #1013, #5872 ),
 .UNSPECIFIED., .F., .F.,
 ( 4, 4 ),
 ( 0.000000000000000000, 0.0006950192063050978503 ),
 .UNSPECIFIED. ) ;
#9771 = VECTOR ( 'NONE', #9881, 1000.000000000000000 ) ;
#9772 = ADVANCED_FACE ( 'NONE', ( #3174 ), #7076, .F. ) ;
#9773 =( LENGTH_UNIT ( ) NAMED_UNIT ( * ) SI_UNIT ( .MILLI., .METRE. ) );
#9774 = CARTESIAN_POINT ( 'NONE',  ( 20.55346307255046767, -11.00000000000000000, -7.500000000000000000 ) ) ;
#9775 = CARTESIAN_POINT ( 'NONE',  ( 19.50141951488697245, -11.44293623280515604, -5.976882800001926732 ) ) ;
#9776 = VERTEX_POINT ( 'NONE', #3875 ) ;
#9777 = EDGE_CURVE ( 'NONE', #3602, #7539, #2537, .T. ) ;
#9778 = DIRECTION ( 'NONE',  ( 1.000000000000000000, 0.000000000000000000, 0.000000000000000000 ) ) ;
#9779 = VECTOR ( 'NONE', #3657, 1000.000000000000000 ) ;
#9780 = CARTESIAN_POINT ( 'NONE',  ( 16.74999999999998579, 16.50000000000000000, -11.00000000000000000 ) ) ;
#9781 = ORIENTED_EDGE ( 'NONE', *, *, #6443, .F. ) ;
#9782 = CARTESIAN_POINT ( 'NONE',  ( -20.50000000000000000, -12.26325099674944852, -7.453553343181473778 ) ) ;
#9783 = CARTESIAN_POINT ( 'NONE',  ( 18.39944376363502698, -14.00000000000000000, -8.276443784155018690 ) ) ;
#9784 = ORIENTED_EDGE ( 'NONE', *, *, #1195, .T. ) ;
#9785 = CARTESIAN_POINT ( 'NONE',  ( 19.50000000000000000, 10.50000000000000000, -0.2062624903444180147 ) ) ;
#9786 = EDGE_CURVE ( 'NONE', #5082, #1852, #7685, .T. ) ;
#9787 = DIRECTION ( 'NONE',  ( -0.000000000000000000, -0.000000000000000000, 1.000000000000000000 ) ) ;
#9788 = DIRECTION ( 'NONE',  ( -1.000000000000000000, 0.000000000000000000, 0.000000000000000000 ) ) ;
#9789 = ORIENTED_EDGE ( 'NONE', *, *, #6909, .T. ) ;
#9790 = VERTEX_POINT ( 'NONE', #3471 ) ;
#9791 = DIRECTION ( 'NONE',  ( -0.000000000000000000, -0.000000000000000000, 1.000000000000000000 ) ) ;
#9792 = ADVANCED_FACE ( 'NONE', ( #6566 ), #7269, .T. ) ;
#9793 = CARTESIAN_POINT ( 'NONE',  ( 18.45393322961705707, 13.99981643476119331, -7.721786355287814096 ) ) ;
#9794 = ORIENTED_EDGE ( 'NONE', *, *, #1005, .F. ) ;
#9795 = CARTESIAN_POINT ( 'NONE',  ( -17.99999999999999645, -13.00000000000000000, 0.000000000000000000 ) ) ;
#9796 = DIRECTION ( 'NONE',  ( 1.000000000000000000, 0.000000000000000000, 0.000000000000000000 ) ) ;
#9797 = CARTESIAN_POINT ( 'NONE',  ( -23.00000000000000000, 1.499999999999998890, -5.599999999999999645 ) ) ;
#9798 = ADVANCED_FACE ( 'NONE', ( #1044 ), #8023, .F. ) ;
#9799 = CARTESIAN_POINT ( 'NONE',  ( 25.50000000000000000, -5.947284263024439757E-15, -7.721999999999999531 ) ) ;
#9800 = CARTESIAN_POINT ( 'NONE',  ( -19.22389249745025808, 12.33413582309935386, -5.957660311441114409 ) ) ;
#9801 = ORIENTED_EDGE ( 'NONE', *, *, #6609, .T. ) ;
#9802 = DIRECTION ( 'NONE',  ( 0.000000000000000000, 0.000000000000000000, -1.000000000000000000 ) ) ;
#9803 = CARTESIAN_POINT ( 'NONE',  ( -20.51957399759765366, -12.56566157118955651, -8.011945994068463861 ) ) ;
#9804 = CARTESIAN_POINT ( 'NONE',  ( -9.180000000000003268, -16.50000000000000000, -2.986000000000040178 ) ) ;
#9805 = CARTESIAN_POINT ( 'NONE',  ( 18.96839304122909908, -13.77301368294459927, -6.467843326349939304 ) ) ;
#9806 = ORIENTED_EDGE ( 'NONE', *, *, #1773, .T. ) ;
#9807 = DIRECTION ( 'NONE',  ( -0.000000000000000000, -0.000000000000000000, -1.000000000000000000 ) ) ;
#9808 = CARTESIAN_POINT ( 'NONE',  ( -18.50000000000000000, -12.00000000000000000, -9.500000000000000000 ) ) ;
#9809 = VECTOR ( 'NONE', #6879, 1000.000000000000000 ) ;
#9810 = ADVANCED_FACE ( 'NONE', ( #3376 ), #2763, .F. ) ;
#9811 = FACE_OUTER_BOUND ( 'NONE', #5106, .T. ) ;
#9812 = ORIENTED_EDGE ( 'NONE', *, *, #1294, .F. ) ;
#9813 = CARTESIAN_POINT ( 'NONE',  ( 19.50000000000000000, -11.50000000000000000, 1.500000000000000000 ) ) ;
#9814 = AXIS2_PLACEMENT_3D ( 'NONE', #1764, #8647, #7884 ) ;
#9815 = CARTESIAN_POINT ( 'NONE',  ( -19.04784176676901097, -12.17885771937481998, -5.903749590020924920 ) ) ;
#9816 = CARTESIAN_POINT ( 'NONE',  ( 16.74098625120051764, -16.29631288958913871, -4.264243608648406791 ) ) ;
#9817 = ORIENTED_EDGE ( 'NONE', *, *, #364, .F. ) ;
#9818 = CARTESIAN_POINT ( 'NONE',  ( -19.50000000000000000, -10.50000000000000000, -1.912524980688850018 ) ) ;
#9819 = CARTESIAN_POINT ( 'NONE',  ( -19.45321423865400234, -11.87171007058380034, -5.971999999999999531 ) ) ;
#9820 = ORIENTED_EDGE ( 'NONE', *, *, #5509, .T. ) ;
#9821 = FACE_OUTER_BOUND ( 'NONE', #2863, .T. ) ;
#9822 = ADVANCED_FACE ( 'NONE', ( #9539 ), #8928, .F. ) ;
#9823 = VECTOR ( 'NONE', #3738, 1000.000000000000000 ) ;
#9824 = LINE ( 'NONE', #6053, #8547 ) ;
#9825 = CARTESIAN_POINT ( 'NONE',  ( 19.23621281871300681, -11.24164567449668439, -5.890215590798875134 ) ) ;
#9826 = ORIENTED_EDGE ( 'NONE', *, *, #1900, .F. ) ;
#9827 = VERTEX_POINT ( 'NONE', #4133 ) ;
#9828 = CARTESIAN_POINT ( 'NONE',  ( -19.28334948440271646, 12.16997924599100678, -5.958110418371438399 ) ) ;
#9829 = VERTEX_POINT ( 'NONE', #5810 ) ;
#9830 = CIRCLE ( 'NONE', #6309, 3.000000000000000000 ) ;
#9831 = CARTESIAN_POINT ( 'NONE',  ( -20.50006377831344295, -11.88524204991873390, -7.706126734557787294 ) ) ;
#9832 = CARTESIAN_POINT ( 'NONE',  ( 18.37692958212794636, -13.99896420230834870, -8.275175678936619761 ) ) ;
#9833 = ORIENTED_EDGE ( 'NONE', *, *, #8915, .T. ) ;
#9834 = DIRECTION ( 'NONE',  ( -0.7071067811865469066, 0.7071067811865481278, 0.000000000000000000 ) ) ;
#9835 = CIRCLE ( 'NONE', #3713, 12.00000000000000000 ) ;
#9836 = LINE ( 'NONE', #6115, #9771 ) ;
#9837 = CARTESIAN_POINT ( 'NONE',  ( -18.00000000000000000, 11.50000000000000000, 1.500000000000000000 ) ) ;
#9838 = ORIENTED_EDGE ( 'NONE', *, *, #2593, .F. ) ;
#9839 = ORIENTED_EDGE ( 'NONE', *, *, #9011, .F. ) ;
#9840 = CARTESIAN_POINT ( 'NONE',  ( -23.00000000000000000, 9.500000000000000000, -7.500000000000000000 ) ) ;
#9841 = CARTESIAN_POINT ( 'NONE',  ( -20.50000000000000000, 9.185353341053369647, -2.778495045355449991E-17 ) ) ;
#9842 = ORIENTED_EDGE ( 'NONE', *, *, #4860, .F. ) ;
#9843 = DIRECTION ( 'NONE',  ( 0.000000000000000000, 0.000000000000000000, 1.000000000000000000 ) ) ;
#9844 = EDGE_CURVE ( 'NONE', #8827, #9790, #123, .T. ) ;
#9845 = CARTESIAN_POINT ( 'NONE',  ( 19.45321423865400234, 11.87171007058380034, -5.971999999999999531 ) ) ;
#9846 = VECTOR ( 'NONE', #8126, 1000.000000000000000 ) ;
#9847 = LINE ( 'NONE', #1253, #4921 ) ;
#9848 = ADVANCED_FACE ( 'NONE', ( #6516 ), #3422, .F. ) ;
#9849 = CARTESIAN_POINT ( 'NONE',  ( 0.000000000000000000, 16.50000000000000000, 0.000000000000000000 ) ) ;
#9850 = EDGE_LOOP ( 'NONE', ( #5564, #9967, #6170, #5449, #5756 ) ) ;
#9851 = CYLINDRICAL_SURFACE ( 'NONE', #9048, 1.249999999999992450 ) ;
#9852 = CARTESIAN_POINT ( 'NONE',  ( -20.50000000000000000, -11.94941982382804646, -7.852063020671663729 ) ) ;
#9853 = LINE ( 'NONE', #6840, #5583 ) ;
#9854 = CARTESIAN_POINT ( 'NONE',  ( 19.24370777992293569, -12.17349950195820618, -5.949249863340306810 ) ) ;
#9855 = ORIENTED_EDGE ( 'NONE', *, *, #2504, .F. ) ;
#9856 = LINE ( 'NONE', #8245, #7994 ) ;
#9857 = CARTESIAN_POINT ( 'NONE',  ( -19.50000000000000000, 11.50000000000000000, -5.600000000000000533 ) ) ;
#9858 = EDGE_CURVE ( 'NONE', #34, #341, #296, .T. ) ;
#9859 = CARTESIAN_POINT ( 'NONE',  ( -17.99999999999999645, 13.00000000000000000, 0.000000000000000000 ) ) ;
#9860 = ORIENTED_EDGE ( 'NONE', *, *, #8298, .T. ) ;
#9861 = CARTESIAN_POINT ( 'NONE',  ( 18.97515023214286956, 13.96029880464916673, -7.434378092327214915 ) ) ;
#9862 = CARTESIAN_POINT ( 'NONE',  ( -19.09864651148598114, -12.17746787708617795, -5.915551687451309881 ) ) ;
#9863 = DIRECTION ( 'NONE',  ( -0.000000000000000000, -0.000000000000000000, 1.000000000000000000 ) ) ;
#9864 = EDGE_CURVE ( 'NONE', #8825, #2877, #7358, .T. ) ;
#9865 = DIRECTION ( 'NONE',  ( 1.000000000000000000, 0.000000000000000000, 0.000000000000000000 ) ) ;
#9866 = FACE_BOUND ( 'NONE', #9921, .T. ) ;
#9867 = ORIENTED_EDGE ( 'NONE', *, *, #1818, .T. ) ;
#9868 = CARTESIAN_POINT ( 'NONE',  ( 20.50000000000000000, 2.500000000000000000, -9.500000000000000000 ) ) ;
#9869 = CARTESIAN_POINT ( 'NONE',  ( -18.67082039324989751, -12.84164078649989982, -5.971999999999999531 ) ) ;
#9870 = DIRECTION ( 'NONE',  ( 0.000000000000000000, 0.000000000000000000, -1.000000000000000000 ) ) ;
#9871 = CARTESIAN_POINT ( 'NONE',  ( 19.22709471094287537, -12.05018326863169698, -5.940130541734522041 ) ) ;
#9872 = VERTEX_POINT ( 'NONE', #1956 ) ;
#9873 = B_SPLINE_CURVE_WITH_KNOTS ( 'NONE', 3,
 ( #9759, #6848, #1475, #9911 ),
 .UNSPECIFIED., .F., .F.,
 ( 4, 4 ),
 ( 0.000000000000000000, 1.000000000000000000 ),
 .UNSPECIFIED. ) ;
#9874 = ORIENTED_EDGE ( 'NONE', *, *, #5172, .T. ) ;
#9875 = CARTESIAN_POINT ( 'NONE',  ( -19.26148605433660066, 12.33112985757660063, -5.971999999999999531 ) ) ;
#9876 = ORIENTED_EDGE ( 'NONE', *, *, #3197, .F. ) ;
#9877 = CARTESIAN_POINT ( 'NONE',  ( -20.50000000000000000, -12.78975299024834555, -7.515555435601139145 ) ) ;
#9878 = CARTESIAN_POINT ( 'NONE',  ( 18.14783884343086839, -13.99516876175411184, -10.07375275606948151 ) ) ;
#9879 = ORIENTED_EDGE ( 'NONE', *, *, #3433, .F. ) ;
#9880 = VECTOR ( 'NONE', #8181, 1000.000000000000000 ) ;
#9881 = DIRECTION ( 'NONE',  ( 0.000000000000000000, 0.000000000000000000, 1.000000000000000000 ) ) ;
#9882 = CARTESIAN_POINT ( 'NONE',  ( 19.50000000000000000, -9.500000000000000000, -5.600000000000000533 ) ) ;
#9883 = VERTEX_POINT ( 'NONE', #8880 ) ;
#9884 = ORIENTED_EDGE ( 'NONE', *, *, #6669, .T. ) ;
#9885 = CARTESIAN_POINT ( 'NONE',  ( 1.665334536937730077E-15, -16.50000000000000000, -4.486000000000000654 ) ) ;
#9886 = AXIS2_PLACEMENT_3D ( 'NONE', #8544, #1659, #800 ) ;
#9887 = FACE_OUTER_BOUND ( 'NONE', #3597, .T. ) ;
#9888 = ORIENTED_EDGE ( 'NONE', *, *, #3511, .F. ) ;
#9889 = DIRECTION ( 'NONE',  ( 0.000000000000000000, 0.000000000000000000, 1.000000000000000000 ) ) ;
#9890 = DIRECTION ( 'NONE',  ( -1.000000000000000000, 0.000000000000000000, 0.000000000000000000 ) ) ;
#9891 = CARTESIAN_POINT ( 'NONE',  ( -20.50000000000000000, 11.99689324947547320, -7.448933831539810591 ) ) ;
#9892 = VECTOR ( 'NONE', #8031, 1000.000000000000000 ) ;
#9893 = VECTOR ( 'NONE', #5061, 1000.000000000000000 ) ;
#9894 = EDGE_CURVE ( 'NONE', #1624, #6653, #4228, .T. ) ;
#9895 = CARTESIAN_POINT ( 'NONE',  ( -23.00000000000000000, 2.500000000000000000, 2.757347297152770160 ) ) ;
#9896 = ORIENTED_EDGE ( 'NONE', *, *, #4591, .T. ) ;
#9897 = CARTESIAN_POINT ( 'NONE',  ( 6.444999999999991402, 13.99999999999999822, -2.985999999999998877 ) ) ;
#9898 = CARTESIAN_POINT ( 'NONE',  ( 25.50000000000000000, -9.500000000000000000, -9.500000000000000000 ) ) ;
#9899 = B_SPLINE_CURVE_WITH_KNOTS ( 'NONE', 3,
 ( #3538, #2121, #5102, #2680, #6674, #5917 ),
 .UNSPECIFIED., .F., .F.,
 ( 4, 2, 4 ),
 ( 0.000000000000000000, 0.0003453173668351883522, 0.0006906347336703767045 ),
 .UNSPECIFIED. ) ;
#9900 = CARTESIAN_POINT ( 'NONE',  ( -20.50000000000000000, -11.89944628013062733, -8.276422414881039913 ) ) ;
#9901 = CARTESIAN_POINT ( 'NONE',  ( 1.249999999999995115, 13.50000000000000355, -2.985999999999998877 ) ) ;
#9902 = CIRCLE ( 'NONE', #5233, 12.00000000000002132 ) ;
#9903 = AXIS2_PLACEMENT_3D ( 'NONE', #6100, #6808, #9074 ) ;
#9904 = CARTESIAN_POINT ( 'NONE',  ( 19.24661507850560938, -12.16896121948412635, -5.949198007349456141 ) ) ;
#9905 = ORIENTED_EDGE ( 'NONE', *, *, #3827, .T. ) ;
#9906 = CARTESIAN_POINT ( 'NONE',  ( 5.769999999999989804, -13.99999999999999822, -2.985999999999998877 ) ) ;
#9907 = CARTESIAN_POINT ( 'NONE',  ( 25.50000000000000000, -5.947284263024439757E-15, -7.721999999999999531 ) ) ;
#9908 = EDGE_CURVE ( 'NONE', #3199, #5114, #8109, .T. ) ;
#9909 = VECTOR ( 'NONE', #2290, 1000.000000000000000 ) ;
#9910 = VECTOR ( 'NONE', #6458, 1000.000000000000000 ) ;
#9911 = CARTESIAN_POINT ( 'NONE',  ( -17.99999999999999645, -13.00000000000000000, -5.971999999999999531 ) ) ;
#9912 = DIRECTION ( 'NONE',  ( 0.000000000000000000, 2.906723457586479957E-16, -1.000000000000000000 ) ) ;
#9913 = ORIENTED_EDGE ( 'NONE', *, *, #8185, .F. ) ;
#9914 = CARTESIAN_POINT ( 'NONE',  ( -9.180000000000003268, 16.50000000000000000, -2.986000000000040178 ) ) ;
#9915 = CARTESIAN_POINT ( 'NONE',  ( -18.68097798312729907, -12.44924998087874357, -5.880376391648234780 ) ) ;
#9916 = DIRECTION ( 'NONE',  ( 0.000000000000000000, 0.000000000000000000, 1.000000000000000000 ) ) ;
#9917 = B_SPLINE_CURVE_WITH_KNOTS ( 'NONE', 3,
 ( #6681, #2833, #5924, #8997, #8231, #4391, #9096, #2179 ),
 .UNSPECIFIED., .F., .F.,
 ( 4, 2, 2, 4 ),
 ( -1.095445843287719906E-05, 0.0004697814371123304423, 0.0009505173326575380244, 0.001911989123747959369 ),
 .UNSPECIFIED. ) ;
#9918 = EDGE_CURVE ( 'NONE', #6477, #3819, #7309, .T. ) ;
#9919 = CARTESIAN_POINT ( 'NONE',  ( 3.848076211353312015, 14.00000000000000000, -1.485999999999999543 ) ) ;
#9920 = DIRECTION ( 'NONE',  ( 0.000000000000000000, 0.000000000000000000, 1.000000000000000000 ) ) ;
#9921 = EDGE_LOOP ( 'NONE', ( #2221, #9842 ) ) ;
#9922 = CARTESIAN_POINT ( 'NONE',  ( 1.249999999999995337, 16.50000000000000000, -2.985999999999998877 ) ) ;
#9923 = EDGE_CURVE ( 'NONE', #3803, #1579, #4084, .T. ) ;
#9924 = CARTESIAN_POINT ( 'NONE',  ( -18.15627752014600205, -14.00000000000000000, -7.570857474974220125 ) ) ;
#9925 = EDGE_CURVE ( 'NONE', #9065, #8491, #1230, .T. ) ;
#9926 = VECTOR ( 'NONE', #7205, 1000.000000000000000 ) ;
#9927 = CARTESIAN_POINT ( 'NONE',  ( -18.00000000000000355, 14.00000000000000000, -7.386213562373100672 ) ) ;
#9928 = CARTESIAN_POINT ( 'NONE',  ( 19.50217223438199099, -11.29211231422127781, -5.977629801843382218 ) ) ;
#9929 = ORIENTED_EDGE ( 'NONE', *, *, #5361, .F. ) ;
#9930 = EDGE_LOOP ( 'NONE', ( #8278, #1913, #9817, #3822 ) ) ;
#9931 = CARTESIAN_POINT ( 'NONE',  ( -19.01442947517353588, 12.54707894890586672, -5.960612306835318286 ) ) ;
#9932 = ORIENTED_EDGE ( 'NONE', *, *, #8436, .T. ) ;
#9933 = CARTESIAN_POINT ( 'NONE',  ( -20.49958663047332053, -12.75479462981637901, -7.757573135526227404 ) ) ;
#9934 = CARTESIAN_POINT ( 'NONE',  ( 20.49836997967470964, -11.67399882511745446, -10.07639357226874033 ) ) ;
#9935 = VERTEX_POINT ( 'NONE', #249 ) ;
#9936 =( GEOMETRIC_REPRESENTATION_CONTEXT ( 3 ) GLOBAL_UNCERTAINTY_ASSIGNED_CONTEXT ( ( #9476 ) ) GLOBAL_UNIT_ASSIGNED_CONTEXT ( ( #3231, #2527, #4849 ) ) REPRESENTATION_CONTEXT ( 'NONE', 'WORKASPACE' ) );
#9937 = EDGE_CURVE ( 'NONE', #8924, #3868, #5709, .T. ) ;
#9938 = LINE ( 'NONE', #9238, #7211 ) ;
#9939 = AXIS2_PLACEMENT_3D ( 'NONE', #1850, #5078, #8016 ) ;
#9940 = LINE ( 'NONE', #4590, #4321 ) ;
#9941 = ORIENTED_EDGE ( 'NONE', *, *, #6570, .T. ) ;
#9942 = ORIENTED_EDGE ( 'NONE', *, *, #1272, .T. ) ;
#9943 = CARTESIAN_POINT ( 'NONE',  ( 18.46471150499641567, 14.00000000000000000, -7.722210941413499619 ) ) ;
#9944 = LINE ( 'NONE', #1405, #7244 ) ;
#9945 = VERTEX_POINT ( 'NONE', #3330 ) ;
#9946 = PLANE ( 'NONE',  #2956 ) ;
#9947 = CARTESIAN_POINT ( 'NONE',  ( -23.00000000000000000, -9.500000000000000000, -0.3905608506923829992 ) ) ;
#9948 = CARTESIAN_POINT ( 'NONE',  ( -18.90740030288633022, -11.88573558199970748, -5.799570189731153569 ) ) ;
#9949 = EDGE_CURVE ( 'NONE', #3621, #9712, #8783, .T. ) ;
#9950 = LINE ( 'NONE', #3081, #9823 ) ;
#9951 = ORIENTED_EDGE ( 'NONE', *, *, #1848, .T. ) ;
#9952 = CARTESIAN_POINT ( 'NONE',  ( -2.146049661002233873E-16, 13.50000000000000355, -4.485999999999998877 ) ) ;
#9953 = CARTESIAN_POINT ( 'NONE',  ( -20.50000000000000000, -2.500000000000000000, 0.000000000000000000 ) ) ;
#9954 = CARTESIAN_POINT ( 'NONE',  ( -18.40774347369986330, -13.99958160776693461, -8.111196105160781045 ) ) ;
#9955 = CARTESIAN_POINT ( 'NONE',  ( 20.30238285251130037, -12.11210923555239916, -6.470556425469479400 ) ) ;
#9956 = ORIENTED_EDGE ( 'NONE', *, *, #1827, .F. ) ;
#9957 = DIRECTION ( 'NONE',  ( 0.000000000000000000, -1.000000000000000000, 0.000000000000000000 ) ) ;
#9958 = EDGE_CURVE ( 'NONE', #8330, #241, #3996, .T. ) ;
#9959 = CARTESIAN_POINT ( 'NONE',  ( 20.50000000000000000, -12.51912883326205339, -7.437835749976115629 ) ) ;
#9960 = CARTESIAN_POINT ( 'NONE',  ( 19.50000000000000000, -11.50000000000000000, -4.294172699799460702 ) ) ;
#9961 = CARTESIAN_POINT ( 'NONE',  ( 18.00035053057701973, -13.99999999999998401, -7.386212789276854984 ) ) ;
#9962 = VERTEX_POINT ( 'NONE', #2106 ) ;
#9963 = EDGE_CURVE ( 'NONE', #6493, #6156, #6739, .T. ) ;
#9964 = CYLINDRICAL_SURFACE ( 'NONE', #8396, 0.6750000000000020428 ) ;
#9965 = CARTESIAN_POINT ( 'NONE',  ( -18.85070227732876447, -12.36711096754018513, -5.920823326045565160 ) ) ;
#9966 = CARTESIAN_POINT ( 'NONE',  ( 18.00000000000000000, 13.61638692194097544, -6.373691058939386700 ) ) ;
#9967 = ORIENTED_EDGE ( 'NONE', *, *, #9742, .T. ) ;
#9968 = CARTESIAN_POINT ( 'NONE',  ( -19.50000000000000000, -11.66417469264724360, -4.844961523184136531 ) ) ;
#9969 = VERTEX_POINT ( 'NONE', #4473 ) ;
#9970 = CARTESIAN_POINT ( 'NONE',  ( 16.48344398668564992, 15.55139946280951335, -4.456706752069470312 ) ) ;
#9971 = CIRCLE ( 'NONE', #5793, 3.000000000000000888 ) ;
#9972 = EDGE_CURVE ( 'NONE', #3602, #8849, #9126, .T. ) ;
#9973 = CARTESIAN_POINT ( 'NONE',  ( -18.61210951790379653, -13.80238642397210036, -6.470554027830970334 ) ) ;
#9974 = ADVANCED_FACE ( 'NONE', ( #8258 ), #1329, .F. ) ;
#9975 = AXIS2_PLACEMENT_3D ( 'NONE', #2804, #8918, #1994 ) ;
#9976 = AXIS2_PLACEMENT_3D ( 'NONE', #7497, #1377, #9865 ) ;
#9977 = CARTESIAN_POINT ( 'NONE',  ( -19.50000000000000000, 2.500000000000000000, 0.000000000000000000 ) ) ;
#9978 = CARTESIAN_POINT ( 'NONE',  ( 18.96414789952422808, -11.73257745331898683, -5.836224532486443906 ) ) ;
#9979 = VERTEX_POINT ( 'NONE', #6105 ) ;
#9980 = VERTEX_POINT ( 'NONE', #530 ) ;
#9981 = CARTESIAN_POINT ( 'NONE',  ( -19.99198716627820005, 13.63132492971379861, -7.150516542563368994 ) ) ;
#9982 = ORIENTED_EDGE ( 'NONE', *, *, #4892, .T. ) ;
#9983 = CARTESIAN_POINT ( 'NONE',  ( -1.262705609681081587, 15.28098422780994525, -1.338133780430965203 ) ) ;
#9984 = CARTESIAN_POINT ( 'NONE',  ( 18.22979444743840105, -13.99867358068900458, -9.608352922655168271 ) ) ;
#9985 = CIRCLE ( 'NONE', #9514, 12.00000000000000000 ) ;
#9986 = VECTOR ( 'NONE', #6451, 1000.000000000000000 ) ;
#9987 = DIRECTION ( 'NONE',  ( 1.000000000000000000, 0.000000000000000000, 0.000000000000000000 ) ) ;
#9988 = CARTESIAN_POINT ( 'NONE',  ( -23.00000000000000000, -5.500000000000000000, 2.943364503850800062 ) ) ;
#9989 = LINE ( 'NONE', #4539, #4979 ) ;
#9990 = ORIENTED_EDGE ( 'NONE', *, *, #4288, .T. ) ;
#9991 = VERTEX_POINT ( 'NONE', #6811 ) ;
#9992 = CARTESIAN_POINT ( 'NONE',  ( 18.00000000000000000, 13.00000000000000000, -5.971999999999999531 ) ) ;
#9993 = CARTESIAN_POINT ( 'NONE',  ( -20.55346307255046767, -11.00000000000000000, -7.500000000000000000 ) ) ;
#9994 = ORIENTED_EDGE ( 'NONE', *, *, #4501, .F. ) ;
#9995 = CARTESIAN_POINT ( 'NONE',  ( -20.50000000000000000, -5.500000000000000000, 0.000000000000000000 ) ) ;
#9996 = CARTESIAN_POINT ( 'NONE',  ( 25.50000000000000000, 1.499999999999999778, -9.500000000000000000 ) ) ;
ENDSEC;
END-ISO-10303-21;
