ISO-10303-21;
HEADER;
FILE_DESCRIPTION (( 'STEP AP214' ),
    '1' );
FILE_NAME ('Mirrorthigh.STEP',
    '2026-04-30T14:18:30',
    ( '' ),
    ( '' ),
    'SwSTEP 2.0',
    'SolidWorks 2025',
    '' );
FILE_SCHEMA (( 'AUTOMOTIVE_DESIGN' ));
ENDSEC;

DATA;
#1 = CARTESIAN_POINT ( 'NONE',  ( -7.999999999999958256, -43.49999999999999289, 5.000000000000000000 ) ) ;
#2 = CARTESIAN_POINT ( 'NONE',  ( -17.73201039154588798, 9.229718588505949839, -27.00000000000001066 ) ) ;
#3 = DIRECTION ( 'NONE',  ( -0.000000000000000000, -0.000000000000000000, -1.000000000000000000 ) ) ;
#4 = EDGE_CURVE ( 'NONE', #2693, #3838, #356, .T. ) ;
#5 = ORIENTED_EDGE ( 'NONE', *, *, #159, .T. ) ;
#6 = ORIENTED_EDGE ( 'NONE', *, *, #3657, .F. ) ;
#7 = CARTESIAN_POINT ( 'NONE',  ( 11.49999999999999645, -19.00000000000000355, 26.99999999999999645 ) ) ;
#8 = CARTESIAN_POINT ( 'NONE',  ( 18.80000000000003979, -105.3000000000000256, -8.850000000000004974 ) ) ;
#9 = CIRCLE ( 'NONE', #1176, 1.249999999999267253 ) ;
#10 = LINE ( 'NONE', #3159, #4514 ) ;
#11 = ORIENTED_EDGE ( 'NONE', *, *, #3794, .T. ) ;
#12 = EDGE_CURVE ( 'NONE', #4971, #2960, #580, .T. ) ;
#13 = EDGE_CURVE ( 'NONE', #602, #4034, #2194, .T. ) ;
#14 = VERTEX_POINT ( 'NONE', #1392 ) ;
#15 = DIRECTION ( 'NONE',  ( 0.000000000000000000, 0.000000000000000000, 1.000000000000000000 ) ) ;
#16 = FACE_BOUND ( 'NONE', #1274, .T. ) ;
#17 = EDGE_CURVE ( 'NONE', #4508, #1030, #4601, .T. ) ;
#18 = VECTOR ( 'NONE', #775, 1000.000000000000114 ) ;
#19 = ORIENTED_EDGE ( 'NONE', *, *, #4076, .F. ) ;
#20 = DIRECTION ( 'NONE',  ( 0.000000000000000000, 1.000000000000000000, 3.469446951953670987E-15 ) ) ;
#21 = CARTESIAN_POINT ( 'NONE',  ( 17.00000000000003908, -105.3000000000000256, -8.850000000000004974 ) ) ;
#22 = CIRCLE ( 'NONE', #1696, 1.249999999999267253 ) ;
#23 = ORIENTED_EDGE ( 'NONE', *, *, #428, .F. ) ;
#24 = DIRECTION ( 'NONE',  ( 1.000000000000000000, 0.000000000000000000, 0.000000000000000000 ) ) ;
#25 = CARTESIAN_POINT ( 'NONE',  ( 18.80000000000003979, -97.00000000000000000, 8.850000000000003197 ) ) ;
#26 = PLANE ( 'NONE',  #2936 ) ;
#27 = FACE_OUTER_BOUND ( 'NONE', #2326, .T. ) ;
#28 = LINE ( 'NONE', #4016, #2688 ) ;
#29 = CARTESIAN_POINT ( 'NONE',  ( 18.80000000000003979, -46.69999999999996021, -10.84999999999994991 ) ) ;
#30 = VERTEX_POINT ( 'NONE', #2906 ) ;
#31 = EDGE_LOOP ( 'NONE', ( #1933, #868 ) ) ;
#32 = CARTESIAN_POINT ( 'NONE',  ( -2.020281411496603674, 26.48201039154662340, 50.00000000000000000 ) ) ;
#33 = DIRECTION ( 'NONE',  ( -0.7071067811865493491, -0.7071067811865457964, 0.000000000000000000 ) ) ;
#34 = ADVANCED_FACE ( 'NONE', ( #1765 ), #4501, .F. ) ;
#35 = CYLINDRICAL_SURFACE ( 'NONE', #357, 2.150000000000004352 ) ;
#36 = ORIENTED_EDGE ( 'NONE', *, *, #3471, .F. ) ;
#37 = EDGE_LOOP ( 'NONE', ( #2162, #4342 ) ) ;
#38 = CARTESIAN_POINT ( 'NONE',  ( 18.80000000000003979, -46.69999999999985363, 0.9999999999999861222 ) ) ;
#39 = ADVANCED_FACE ( 'NONE', ( #972 ), #4945, .F. ) ;
#40 = LINE ( 'NONE', #1272, #5079 ) ;
#41 = CIRCLE ( 'NONE', #537, 1.650000000000000355 ) ;
#42 = EDGE_LOOP ( 'NONE', ( #534, #4056, #4176, #1118 ) ) ;
#43 = DIRECTION ( 'NONE',  ( -1.000000000000000000, -0.000000000000000000, 0.000000000000000000 ) ) ;
#44 = LINE ( 'NONE', #1303, #1862 ) ;
#45 = ORIENTED_EDGE ( 'NONE', *, *, #1638, .T. ) ;
#46 = EDGE_CURVE ( 'NONE', #1794, #4751, #2090, .T. ) ;
#47 = ADVANCED_FACE ( 'NONE', ( #4553 ), #2145, .F. ) ;
#48 = CARTESIAN_POINT ( 'NONE',  ( 18.80000000000003979, -105.3000000000000256, 8.850000000000008527 ) ) ;
#49 = CYLINDRICAL_SURFACE ( 'NONE', #709, 4.000000000000000000 ) ;
#50 = DIRECTION ( 'NONE',  ( 0.000000000000000000, 0.000000000000000000, 1.000000000000000000 ) ) ;
#51 = CYLINDRICAL_SURFACE ( 'NONE', #4538, 1.650000000000000355 ) ;
#52 = PLANE ( 'NONE',  #663 ) ;
#53 = DIRECTION ( 'NONE',  ( 1.000000000000000000, 0.000000000000000000, 0.000000000000000000 ) ) ;
#54 = VERTEX_POINT ( 'NONE', #3683 ) ;
#55 = ORIENTED_EDGE ( 'NONE', *, *, #638, .F. ) ;
#56 = ORIENTED_EDGE ( 'NONE', *, *, #3580, .F. ) ;
#57 = DIRECTION ( 'NONE',  ( 1.000000000000000000, 0.000000000000000000, 0.000000000000000000 ) ) ;
#58 = DIRECTION ( 'NONE',  ( 1.000000000000000000, 0.000000000000000000, 0.000000000000000000 ) ) ;
#59 = DIRECTION ( 'NONE',  ( 0.000000000000000000, 0.000000000000000000, 1.000000000000000000 ) ) ;
#60 = VERTEX_POINT ( 'NONE', #2562 ) ;
#61 = EDGE_LOOP ( 'NONE', ( #144, #3602, #1662, #4496 ) ) ;
#62 = CARTESIAN_POINT ( 'NONE',  ( -17.00000000000000355, -10.99999999999995737, 40.00000000000000711 ) ) ;
#63 = CIRCLE ( 'NONE', #5183, 1.150000000002567413 ) ;
#64 = DIRECTION ( 'NONE',  ( -1.000000000000000000, -1.734723475976807341E-16, -0.000000000000000000 ) ) ;
#65 = EDGE_CURVE ( 'NONE', #1561, #5178, #4158, .T. ) ;
#66 = VERTEX_POINT ( 'NONE', #3289 ) ;
#67 = LINE ( 'NONE', #4455, #18 ) ;
#68 = CARTESIAN_POINT ( 'NONE',  ( 20.00000000000000000, -50.84999999999999432, 16.92499999999999716 ) ) ;
#69 = ORIENTED_EDGE ( 'NONE', *, *, #4820, .F. ) ;
#70 = DIRECTION ( 'NONE',  ( 0.000000000000000000, 0.000000000000000000, -1.000000000000000000 ) ) ;
#71 = CARTESIAN_POINT ( 'NONE',  ( -17.00000000000000000, -30.99999999999995737, -30.00000000000000000 ) ) ;
#72 = EDGE_CURVE ( 'NONE', #883, #2856, #2120, .T. ) ;
#73 = EDGE_CURVE ( 'NONE', #327, #1728, #2536, .T. ) ;
#74 = AXIS2_PLACEMENT_3D ( 'NONE', #1846, #1420, #290 ) ;
#75 = CIRCLE ( 'NONE', #2854, 4.000000000000000000 ) ;
#76 = CARTESIAN_POINT ( 'NONE',  ( -17.00000000000000000, -30.99999999999995737, 30.00000000000000000 ) ) ;
#77 = DIRECTION ( 'NONE',  ( 0.000000000000000000, 1.000000000000000000, 0.000000000000000000 ) ) ;
#78 = AXIS2_PLACEMENT_3D ( 'NONE', #2817, #3670, #491 ) ;
#79 = CARTESIAN_POINT ( 'NONE',  ( 0.7702814114940549350, -6.482010391546610961, -30.00000000000000000 ) ) ;
#80 = AXIS2_PLACEMENT_3D ( 'NONE', #4983, #4934, #2991 ) ;
#81 = LINE ( 'NONE', #4415, #529 ) ;
#82 = ORIENTED_EDGE ( 'NONE', *, *, #1033, .T. ) ;
#83 = EDGE_LOOP ( 'NONE', ( #623, #1013, #3956, #3900 ) ) ;
#84 = VERTEX_POINT ( 'NONE', #189 ) ;
#85 = CYLINDRICAL_SURFACE ( 'NONE', #4295, 2.150000000000002576 ) ;
#86 = AXIS2_PLACEMENT_3D ( 'NONE', #1463, #204, #4648 ) ;
#87 = CARTESIAN_POINT ( 'NONE',  ( 20.00000000000000000, -117.0000000000000000, 6.649999999999999467 ) ) ;
#88 = DIRECTION ( 'NONE',  ( 0.000000000000000000, 0.000000000000000000, -1.000000000000000000 ) ) ;
#89 = DIRECTION ( 'NONE',  ( 0.000000000000000000, 0.000000000000000000, -1.000000000000000000 ) ) ;
#90 = VERTEX_POINT ( 'NONE', #1368 ) ;
#91 = DIRECTION ( 'NONE',  ( 1.000000000000000000, 0.000000000000000000, 0.000000000000000000 ) ) ;
#92 = DIRECTION ( 'NONE',  ( -0.7071067811865482389, -0.7071067811865469066, -0.000000000000000000 ) ) ;
#93 = AXIS2_PLACEMENT_3D ( 'NONE', #1410, #5039, #1809 ) ;
#94 = VECTOR ( 'NONE', #3481, 1000.000000000000000 ) ;
#95 = ORIENTED_EDGE ( 'NONE', *, *, #3157, .T. ) ;
#96 = LINE ( 'NONE', #1671, #3454 ) ;
#97 = VERTEX_POINT ( 'NONE', #4577 ) ;
#98 = EDGE_CURVE ( 'NONE', #2645, #4554, #4900, .T. ) ;
#99 = DIRECTION ( 'NONE',  ( 0.000000000000000000, 1.045014142154684459E-15, -1.000000000000000000 ) ) ;
#100 = CARTESIAN_POINT ( 'NONE',  ( -13.99999999999999467, 4.857225732735054342E-15, -30.00000000000000000 ) ) ;
#101 = VECTOR ( 'NONE', #4235, 1000.000000000000000 ) ;
#102 = VECTOR ( 'NONE', #855, 1000.000000000000000 ) ;
#103 = CYLINDRICAL_SURFACE ( 'NONE', #78, 1.649999999999999467 ) ;
#104 = DIRECTION ( 'NONE',  ( 0.000000000000000000, 1.000000000000000000, 0.000000000000000000 ) ) ;
#105 = ADVANCED_FACE ( 'NONE', ( #3317 ), #4104, .F. ) ;
#106 = DIRECTION ( 'NONE',  ( 0.000000000000000000, 1.000000000000000000, -4.180056568618783592E-15 ) ) ;
#107 = DIRECTION ( 'NONE',  ( 0.000000000000000000, 0.000000000000000000, -1.000000000000000000 ) ) ;
#108 = AXIS2_PLACEMENT_3D ( 'NONE', #3363, #2118, #140 ) ;
#109 = VERTEX_POINT ( 'NONE', #3340 ) ;
#110 = EDGE_LOOP ( 'NONE', ( #741, #4799, #5069, #4709 ) ) ;
#111 = VERTEX_POINT ( 'NONE', #4233 ) ;
#112 = CARTESIAN_POINT ( 'NONE',  ( 2.020281411491510859, -6.482010391546610961, 50.00000000000000000 ) ) ;
#113 = EDGE_CURVE ( 'NONE', #4417, #1728, #265, .T. ) ;
#114 = EDGE_CURVE ( 'NONE', #2850, #2067, #3131, .T. ) ;
#115 = CARTESIAN_POINT ( 'NONE',  ( 18.80000000000003979, -54.99999999999999289, 0.9999999999999861222 ) ) ;
#116 = CARTESIAN_POINT ( 'NONE',  ( 18.80000000000003979, -105.3000000000000256, -10.84999999999999609 ) ) ;
#117 = ORIENTED_EDGE ( 'NONE', *, *, #4025, .T. ) ;
#118 = ORIENTED_EDGE ( 'NONE', *, *, #4076, .T. ) ;
#119 = ORIENTED_EDGE ( 'NONE', *, *, #3247, .F. ) ;
#120 = CARTESIAN_POINT ( 'NONE',  ( 0.000000000000000000, 10.00000000000000533, 49.99999999999998579 ) ) ;
#121 = ORIENTED_EDGE ( 'NONE', *, *, #1024, .T. ) ;
#122 = CIRCLE ( 'NONE', #1722, 2.150000000000004352 ) ;
#123 = LINE ( 'NONE', #590, #313 ) ;
#124 = DIRECTION ( 'NONE',  ( -1.000000000000000000, 0.000000000000000000, 0.000000000000000000 ) ) ;
#125 = DIRECTION ( 'NONE',  ( 0.000000000000000000, 0.000000000000000000, -1.000000000000000000 ) ) ;
#126 = AXIS2_PLACEMENT_3D ( 'NONE', #3579, #715, #2379 ) ;
#127 = EDGE_CURVE ( 'NONE', #2567, #3866, #633, .T. ) ;
#128 = CARTESIAN_POINT ( 'NONE',  ( 18.80000000000003979, -54.99999999999999289, -1.000000000000029532 ) ) ;
#129 = AXIS2_PLACEMENT_3D ( 'NONE', #3455, #1035, #4244 ) ;
#130 = DIRECTION ( 'NONE',  ( 0.000000000000000000, 0.000000000000000000, -1.000000000000000000 ) ) ;
#131 = LINE ( 'NONE', #231, #4679 ) ;
#132 = DIRECTION ( 'NONE',  ( 0.000000000000000000, -1.000000000000000000, 0.000000000000000000 ) ) ;
#133 = ORIENTED_EDGE ( 'NONE', *, *, #3338, .F. ) ;
#134 = ORIENTED_EDGE ( 'NONE', *, *, #2302, .F. ) ;
#135 = EDGE_CURVE ( 'NONE', #194, #3543, #1050, .T. ) ;
#136 = ORIENTED_EDGE ( 'NONE', *, *, #4116, .T. ) ;
#137 = LINE ( 'NONE', #4869, #4451 ) ;
#138 = DIRECTION ( 'NONE',  ( 0.7071067811865492381, 0.7071067811865457964, 0.000000000000000000 ) ) ;
#139 = CARTESIAN_POINT ( 'NONE',  ( 0.000000000000000000, 10.00000000000000533, 30.00000000000000000 ) ) ;
#140 = DIRECTION ( 'NONE',  ( 1.000000000000000000, 0.000000000000000000, 0.000000000000000000 ) ) ;
#141 = ORIENTED_EDGE ( 'NONE', *, *, #4411, .T. ) ;
#142 = EDGE_CURVE ( 'NONE', #3611, #2645, #573, .T. ) ;
#143 = EDGE_CURVE ( 'NONE', #4391, #2856, #4733, .T. ) ;
#144 = ORIENTED_EDGE ( 'NONE', *, *, #2328, .F. ) ;
#145 = VECTOR ( 'NONE', #3197, 1000.000000000000000 ) ;
#146 = ORIENTED_EDGE ( 'NONE', *, *, #4479, .F. ) ;
#147 = DIRECTION ( 'NONE',  ( 0.000000000000000000, 1.000000000000000000, 0.000000000000000000 ) ) ;
#148 = EDGE_LOOP ( 'NONE', ( #3437, #4723, #3365, #4602 ) ) ;
#149 = CARTESIAN_POINT ( 'NONE',  ( 10.48855206734722323, 10.49017908004249833, -27.00000000000001066 ) ) ;
#150 = DIRECTION ( 'NONE',  ( -1.000000000000000000, -0.000000000000000000, -0.000000000000000000 ) ) ;
#151 = CARTESIAN_POINT ( 'NONE',  ( 17.00000000000003908, -54.99999999999999289, -1.000000000000029532 ) ) ;
#152 = CARTESIAN_POINT ( 'NONE',  ( -19.99999999999999645, -19.00000000000000355, -27.00000000000000355 ) ) ;
#153 = CARTESIAN_POINT ( 'NONE',  ( -10.99999999999995737, -43.49999999999999289, 27.00000000000001421 ) ) ;
#154 = CARTESIAN_POINT ( 'NONE',  ( 17.00000000000000000, -97.00000000000000000, -54.86198126479881410 ) ) ;
#155 = LINE ( 'NONE', #1043, #1885 ) ;
#156 = EDGE_LOOP ( 'NONE', ( #3515, #2204, #4764, #4477 ) ) ;
#157 = EDGE_LOOP ( 'NONE', ( #4482, #395 ) ) ;
#158 = PLANE ( 'NONE',  #4187 ) ;
#159 = EDGE_CURVE ( 'NONE', #408, #3807, #1923, .T. ) ;
#160 = DIRECTION ( 'NONE',  ( 0.000000000000000000, 0.000000000000000000, -1.000000000000000000 ) ) ;
#161 = EDGE_LOOP ( 'NONE', ( #133, #5065, #1712, #2748 ) ) ;
#162 = CIRCLE ( 'NONE', #4529, 1.249999999997455591 ) ;
#163 = ORIENTED_EDGE ( 'NONE', *, *, #1609, .T. ) ;
#164 = CARTESIAN_POINT ( 'NONE',  ( -16.48201039154661984, 9.229718588505949839, -30.00000000000000000 ) ) ;
#165 = ADVANCED_FACE ( 'NONE', ( #2246 ), #607, .T. ) ;
#166 = ORIENTED_EDGE ( 'NONE', *, *, #4512, .T. ) ;
#167 = ORIENTED_EDGE ( 'NONE', *, *, #2129, .T. ) ;
#168 = LINE ( 'NONE', #614, #2540 ) ;
#169 = VERTEX_POINT ( 'NONE', #215 ) ;
#170 = EDGE_CURVE ( 'NONE', #2579, #1561, #316, .T. ) ;
#171 = CARTESIAN_POINT ( 'NONE',  ( -11.50000000000000533, -19.00000000000000355, -35.00000000000000000 ) ) ;
#172 = EDGE_CURVE ( 'NONE', #3978, #2019, #5075, .T. ) ;
#173 = VECTOR ( 'NONE', #3047, 1000.000000000000000 ) ;
#174 = LINE ( 'NONE', #1779, #2402 ) ;
#175 = FACE_OUTER_BOUND ( 'NONE', #61, .T. ) ;
#176 = LINE ( 'NONE', #1782, #1080 ) ;
#177 = CARTESIAN_POINT ( 'NONE',  ( 17.00000000000003908, -105.3000000000000256, -8.850000000000004974 ) ) ;
#178 = VERTEX_POINT ( 'NONE', #4207 ) ;
#179 = CARTESIAN_POINT ( 'NONE',  ( 0.5508402964949227210, -56.61321960076969617, 30.00000000000000000 ) ) ;
#180 = LINE ( 'NONE', #5092, #3779 ) ;
#181 = VECTOR ( 'NONE', #610, 1000.000000000000000 ) ;
#182 = DIRECTION ( 'NONE',  ( 1.000000000000000000, 0.000000000000000000, 0.000000000000000000 ) ) ;
#183 = EDGE_LOOP ( 'NONE', ( #953, #4442, #735, #2837 ) ) ;
#184 = ORIENTED_EDGE ( 'NONE', *, *, #643, .F. ) ;
#185 = AXIS2_PLACEMENT_3D ( 'NONE', #5053, #3057, #4660 ) ;
#186 = FACE_OUTER_BOUND ( 'NONE', #2777, .T. ) ;
#187 = AXIS2_PLACEMENT_3D ( 'NONE', #1773, #3373, #147 ) ;
#188 = CYLINDRICAL_SURFACE ( 'NONE', #2799, 1.250000000000733191 ) ;
#189 = CARTESIAN_POINT ( 'NONE',  ( 11.63855206734794834, 10.49017908004249833, -30.00000000000000000 ) ) ;
#190 = ORIENTED_EDGE ( 'NONE', *, *, #2750, .T. ) ;
#191 = AXIS2_PLACEMENT_3D ( 'NONE', #139, #4871, #2880 ) ;
#192 = CARTESIAN_POINT ( 'NONE',  ( -15.35000000000000142, -30.99999999999995737, -27.00000000000001066 ) ) ;
#193 = EDGE_CURVE ( 'NONE', #3080, #1180, #3079, .T. ) ;
#194 = VERTEX_POINT ( 'NONE', #2718 ) ;
#195 = ADVANCED_FACE ( 'NONE', ( #4682 ), #5021, .F. ) ;
#196 = CYLINDRICAL_SURFACE ( 'NONE', #3710, 4.000000000000000000 ) ;
#197 = VERTEX_POINT ( 'NONE', #2691 ) ;
#198 = PLANE ( 'NONE',  #1655 ) ;
#199 = DIRECTION ( 'NONE',  ( 0.000000000000000000, 0.000000000000000000, 1.000000000000000000 ) ) ;
#200 = LINE ( 'NONE', #1781, #2823 ) ;
#201 = ADVANCED_FACE ( 'NONE', ( #4284, #686, #4630 ), #4260, .F. ) ;
#202 = DIRECTION ( 'NONE',  ( 1.000000000000000000, 0.000000000000000000, 0.000000000000000000 ) ) ;
#203 = EDGE_CURVE ( 'NONE', #4511, #1277, #3495, .T. ) ;
#204 = DIRECTION ( 'NONE',  ( 0.000000000000000000, 1.000000000000000000, 0.000000000000000000 ) ) ;
#205 = EDGE_LOOP ( 'NONE', ( #3035, #1692, #4323, #229 ) ) ;
#206 = FACE_BOUND ( 'NONE', #2696, .T. ) ;
#207 = DIRECTION ( 'NONE',  ( 1.000000000000000000, 0.000000000000000000, 0.000000000000000000 ) ) ;
#208 = DIRECTION ( 'NONE',  ( 0.000000000000000000, 0.000000000000000000, 1.000000000000000000 ) ) ;
#209 = AXIS2_PLACEMENT_3D ( 'NONE', #4434, #831, #1280 ) ;
#210 = ORIENTED_EDGE ( 'NONE', *, *, #4541, .F. ) ;
#211 = ORIENTED_EDGE ( 'NONE', *, *, #4781, .T. ) ;
#212 = APPLICATION_PROTOCOL_DEFINITION ( 'draft international standard', 'automotive_design', 1998, #895 ) ;
#213 = CARTESIAN_POINT ( 'NONE',  ( 0.000000000000000000, 0.000000000000000000, 30.00000000000000000 ) ) ;
#214 = DIRECTION ( 'NONE',  ( 1.000000000000000000, 0.000000000000000000, 0.000000000000000000 ) ) ;
#215 = CARTESIAN_POINT ( 'NONE',  ( -17.73201039154588798, 9.229718588505949839, 30.00000000000000000 ) ) ;
#216 = ORIENTED_EDGE ( 'NONE', *, *, #1901, .F. ) ;
#217 = CARTESIAN_POINT ( 'NONE',  ( -0.7702814114940569334, 26.48201039154662340, 30.00000000000000000 ) ) ;
#218 = ORIENTED_EDGE ( 'NONE', *, *, #2878, .F. ) ;
#219 = VERTEX_POINT ( 'NONE', #1500 ) ;
#220 = DIRECTION ( 'NONE',  ( 0.000000000000000000, 0.000000000000000000, -1.000000000000000000 ) ) ;
#221 = CARTESIAN_POINT ( 'NONE',  ( -17.00000000000000355, -0.9999999999999574785, 27.00000000000000000 ) ) ;
#222 = PLANE ( 'NONE',  #1980 ) ;
#223 = EDGE_CURVE ( 'NONE', #60, #97, #710, .T. ) ;
#224 = VECTOR ( 'NONE', #3964, 1000.000000000000000 ) ;
#225 = AXIS2_PLACEMENT_3D ( 'NONE', #914, #1679, #4491 ) ;
#226 = CARTESIAN_POINT ( 'NONE',  ( 20.00000000000000000, -117.0000000000000000, -3.350000000000000533 ) ) ;
#227 = DIRECTION ( 'NONE',  ( 0.000000000000000000, -1.000000000000000000, 6.938893903907258354E-15 ) ) ;
#228 = FACE_OUTER_BOUND ( 'NONE', #372, .T. ) ;
#229 = ORIENTED_EDGE ( 'NONE', *, *, #2462, .F. ) ;
#230 = VECTOR ( 'NONE', #4790, 1000.000000000000000 ) ;
#231 = CARTESIAN_POINT ( 'NONE',  ( -14.75000000000002309, -55.24999999999996447, -27.00000000000000355 ) ) ;
#232 = DIRECTION ( 'NONE',  ( 0.000000000000000000, 0.000000000000000000, -1.000000000000000000 ) ) ;
#233 = LINE ( 'NONE', #2973, #2549 ) ;
#234 = EDGE_CURVE ( 'NONE', #1347, #3211, #2320, .T. ) ;
#235 = EDGE_CURVE ( 'NONE', #4546, #3858, #3524, .T. ) ;
#236 = ORIENTED_EDGE ( 'NONE', *, *, #2037, .F. ) ;
#237 = VECTOR ( 'NONE', #3285, 1000.000000000000000 ) ;
#238 = VERTEX_POINT ( 'NONE', #734 ) ;
#239 = FACE_BOUND ( 'NONE', #4654, .T. ) ;
#240 = CARTESIAN_POINT ( 'NONE',  ( -17.00000000000000000, -40.99999999999996447, 27.00000000000000000 ) ) ;
#241 = EDGE_CURVE ( 'NONE', #2697, #4255, #3258, .T. ) ;
#242 = CARTESIAN_POINT ( 'NONE',  ( 11.63855206734794834, 10.49017908004249833, 50.00000000000000000 ) ) ;
#243 = EDGE_LOOP ( 'NONE', ( #345, #2070, #1051, #952 ) ) ;
#244 = CYLINDRICAL_SURFACE ( 'NONE', #185, 1.650000000000000355 ) ;
#245 = CIRCLE ( 'NONE', #4018, 1.649999999999998579 ) ;
#246 = EDGE_LOOP ( 'NONE', ( #5082, #1684, #801, #2881 ) ) ;
#247 = CIRCLE ( 'NONE', #832, 2.150000000000002132 ) ;
#248 = ORIENTED_EDGE ( 'NONE', *, *, #3319, .F. ) ;
#249 = CARTESIAN_POINT ( 'NONE',  ( -18.64999999999999858, -30.99999999999995737, -27.00000000000001066 ) ) ;
#250 = CYLINDRICAL_SURFACE ( 'NONE', #5163, 1.650000000000000355 ) ;
#251 = CARTESIAN_POINT ( 'NONE',  ( 18.80000000000003979, -105.3000000000000256, -8.850000000000004974 ) ) ;
#252 = CARTESIAN_POINT ( 'NONE',  ( -19.99999999999999645, -49.99999999999997868, 27.00000000000000000 ) ) ;
#253 = FACE_OUTER_BOUND ( 'NONE', #2769, .T. ) ;
#254 = ORIENTED_EDGE ( 'NONE', *, *, #4667, .F. ) ;
#255 = EDGE_CURVE ( 'NONE', #1560, #2341, #1128, .T. ) ;
#256 = AXIS2_PLACEMENT_3D ( 'NONE', #3992, #5150, #2764 ) ;
#257 = DIRECTION ( 'NONE',  ( -0.000000000000000000, -0.000000000000000000, -1.000000000000000000 ) ) ;
#258 = LINE ( 'NONE', #3072, #3951 ) ;
#259 = DIRECTION ( 'NONE',  ( -0.000000000000000000, -0.000000000000000000, 1.000000000000000000 ) ) ;
#260 = EDGE_LOOP ( 'NONE', ( #4209, #1891, #1919, #4581 ) ) ;
#261 = ORIENTED_EDGE ( 'NONE', *, *, #1901, .T. ) ;
#262 = DIRECTION ( 'NONE',  ( 0.000000000000000000, -2.717036769602217933E-15, 1.000000000000000000 ) ) ;
#263 = ADVANCED_FACE ( 'NONE', ( #2632 ), #1492, .F. ) ;
#264 = CARTESIAN_POINT ( 'NONE',  ( -1.640179080045057747, 20.48855206734722501, 50.00000000000000000 ) ) ;
#265 = LINE ( 'NONE', #2610, #3512 ) ;
#266 = VECTOR ( 'NONE', #1854, 1000.000000000000000 ) ;
#267 = ORIENTED_EDGE ( 'NONE', *, *, #1776, .F. ) ;
#268 = ORIENTED_EDGE ( 'NONE', *, *, #2525, .T. ) ;
#269 = LINE ( 'NONE', #294, #181 ) ;
#270 = EDGE_CURVE ( 'NONE', #637, #4048, #3855, .T. ) ;
#271 = ORIENTED_EDGE ( 'NONE', *, *, #2321, .T. ) ;
#272 = VECTOR ( 'NONE', #4644, 1000.000000000000000 ) ;
#273 = ORIENTED_EDGE ( 'NONE', *, *, #114, .T. ) ;
#274 = ORIENTED_EDGE ( 'NONE', *, *, #4926, .T. ) ;
#275 = CARTESIAN_POINT ( 'NONE',  ( -17.00000000000000355, -10.99999999999995737, -30.00000000000000000 ) ) ;
#276 = AXIS2_PLACEMENT_3D ( 'NONE', #496, #889, #917 ) ;
#277 = CARTESIAN_POINT ( 'NONE',  ( 0.6598209199600770791, 20.48855206734722501, 30.00000000000000000 ) ) ;
#278 = CARTESIAN_POINT ( 'NONE',  ( -17.00000000000000000, -40.99999999999996447, 27.00000000000000000 ) ) ;
#279 = FACE_OUTER_BOUND ( 'NONE', #4881, .T. ) ;
#280 = VERTEX_POINT ( 'NONE', #4275 ) ;
#281 = DIRECTION ( 'NONE',  ( 0.7071067811865489050, 0.7071067811865462405, -0.000000000000000000 ) ) ;
#282 = DIRECTION ( 'NONE',  ( 0.000000000000000000, 0.000000000000000000, -1.000000000000000000 ) ) ;
#283 = DIRECTION ( 'NONE',  ( 1.000000000000000000, 0.000000000000000000, 0.000000000000000000 ) ) ;
#284 = EDGE_CURVE ( 'NONE', #525, #4735, #4987, .T. ) ;
#285 = VERTEX_POINT ( 'NONE', #3880 ) ;
#286 = ORIENTED_EDGE ( 'NONE', *, *, #1974, .T. ) ;
#287 = FACE_OUTER_BOUND ( 'NONE', #3007, .T. ) ;
#288 = LINE ( 'NONE', #2319, #1962 ) ;
#289 = CIRCLE ( 'NONE', #792, 1.649999999999998579 ) ;
#290 = DIRECTION ( 'NONE',  ( -1.000000000000000000, 0.000000000000000000, 0.000000000000000000 ) ) ;
#291 = ADVANCED_FACE ( 'NONE', ( #626 ), #2682, .F. ) ;
#292 = ORIENTED_EDGE ( 'NONE', *, *, #4237, .F. ) ;
#293 = ORIENTED_EDGE ( 'NONE', *, *, #1450, .F. ) ;
#294 = CARTESIAN_POINT ( 'NONE',  ( 18.80000000000003979, -105.3000000000000256, -8.850000000000004974 ) ) ;
#295 = CIRCLE ( 'NONE', #4829, 1.650000000000000355 ) ;
#296 = ORIENTED_EDGE ( 'NONE', *, *, #2766, .F. ) ;
#297 = ADVANCED_FACE ( 'NONE', ( #2187 ), #1384, .F. ) ;
#298 = ADVANCED_FACE ( 'NONE', ( #1836 ), #1466, .F. ) ;
#299 = VERTEX_POINT ( 'NONE', #4651 ) ;
#300 = ORIENTED_EDGE ( 'NONE', *, *, #391, .T. ) ;
#301 = DIRECTION ( 'NONE',  ( 0.000000000000000000, 0.000000000000000000, -1.000000000000000000 ) ) ;
#302 = VERTEX_POINT ( 'NONE', #1437 ) ;
#303 = DIRECTION ( 'NONE',  ( -0.000000000000000000, -0.000000000000000000, 1.000000000000000000 ) ) ;
#304 = DIRECTION ( 'NONE',  ( -0.000000000000000000, -0.000000000000000000, 1.000000000000000000 ) ) ;
#305 = FACE_BOUND ( 'NONE', #630, .T. ) ;
#306 = ORIENTED_EDGE ( 'NONE', *, *, #4724, .T. ) ;
#307 = LINE ( 'NONE', #1041, #1651 ) ;
#308 = DIRECTION ( 'NONE',  ( -0.000000000000000000, -1.000000000000000000, 0.000000000000000000 ) ) ;
#309 = CIRCLE ( 'NONE', #5004, 2.150000000000002576 ) ;
#310 = DIRECTION ( 'NONE',  ( 0.000000000000000000, 0.000000000000000000, 1.000000000000000000 ) ) ;
#311 = VERTEX_POINT ( 'NONE', #3406 ) ;
#312 = ORIENTED_EDGE ( 'NONE', *, *, #3310, .T. ) ;
#313 = VECTOR ( 'NONE', #1729, 1000.000000000000000 ) ;
#314 = DIRECTION ( 'NONE',  ( -0.000000000000000000, -0.000000000000000000, 1.000000000000000000 ) ) ;
#315 = DIRECTION ( 'NONE',  ( -0.000000000000000000, -1.000000000000000000, 0.000000000000000000 ) ) ;
#316 = LINE ( 'NONE', #5099, #4603 ) ;
#317 = EDGE_LOOP ( 'NONE', ( #3963, #3741 ) ) ;
#318 = VERTEX_POINT ( 'NONE', #2240 ) ;
#319 = PLANE ( 'NONE',  #4636 ) ;
#320 = DIRECTION ( 'NONE',  ( 0.000000000000000000, -1.000000000000000000, 0.000000000000000000 ) ) ;
#321 = EDGE_CURVE ( 'NONE', #548, #4313, #180, .T. ) ;
#322 = DIRECTION ( 'NONE',  ( 0.7071067811865521247, -0.7071067811865430208, -0.000000000000000000 ) ) ;
#323 = ORIENTED_EDGE ( 'NONE', *, *, #1573, .T. ) ;
#324 = VECTOR ( 'NONE', #2346, 1000.000000000000000 ) ;
#325 = VERTEX_POINT ( 'NONE', #4594 ) ;
#326 = AXIS2_PLACEMENT_3D ( 'NONE', #968, #578, #4655 ) ;
#327 = VERTEX_POINT ( 'NONE', #4620 ) ;
#328 = DIRECTION ( 'NONE',  ( -0.000000000000000000, -0.000000000000000000, 1.000000000000000000 ) ) ;
#329 = EDGE_CURVE ( 'NONE', #1277, #4406, #987, .T. ) ;
#330 = AXIS2_PLACEMENT_3D ( 'NONE', #2704, #3093, #2284 ) ;
#331 = ORIENTED_EDGE ( 'NONE', *, *, #3829, .T. ) ;
#332 = DIRECTION ( 'NONE',  ( 1.000000000000000000, 0.000000000000000000, 0.000000000000000000 ) ) ;
#333 = CARTESIAN_POINT ( 'NONE',  ( 20.00000000000000000, -100.2699999999999960, 2.774999999999996358 ) ) ;
#334 = FACE_BOUND ( 'NONE', #945, .T. ) ;
#335 = ORIENTED_EDGE ( 'NONE', *, *, #2129, .F. ) ;
#336 = EDGE_CURVE ( 'NONE', #109, #3889, #5067, .T. ) ;
#337 = CARTESIAN_POINT ( 'NONE',  ( 3.000000000000039080, -54.99999999999999289, 27.00000000000000000 ) ) ;
#338 = CARTESIAN_POINT ( 'NONE',  ( 0.7702814114940549350, -6.482010391546610961, -30.00000000000000000 ) ) ;
#339 = ORIENTED_EDGE ( 'NONE', *, *, #2994, .F. ) ;
#340 = DIRECTION ( 'NONE',  ( 0.000000000000000000, -1.000000000000000000, 0.000000000000000000 ) ) ;
#341 = CARTESIAN_POINT ( 'NONE',  ( -9.999999999999998224, -117.0000000000000000, -5.000000000000000000 ) ) ;
#342 = AXIS2_PLACEMENT_3D ( 'NONE', #4252, #571, #3385 ) ;
#343 = CIRCLE ( 'NONE', #4120, 1.649999999999998579 ) ;
#344 = EDGE_LOOP ( 'NONE', ( #979, #331, #3706, #3410 ) ) ;
#345 = ORIENTED_EDGE ( 'NONE', *, *, #2974, .F. ) ;
#346 = CARTESIAN_POINT ( 'NONE',  ( 0.000000000000000000, 10.00000000000000533, 27.00000000000000000 ) ) ;
#347 = CARTESIAN_POINT ( 'NONE',  ( 17.00000000000000000, -120.0000000000000000, -54.86198126479881410 ) ) ;
#348 = LINE ( 'NONE', #3819, #1398 ) ;
#349 = EDGE_LOOP ( 'NONE', ( #4696, #2891, #4377, #4637 ) ) ;
#350 = AXIS2_PLACEMENT_3D ( 'NONE', #1486, #3957, #4693 ) ;
#351 = ORIENTED_EDGE ( 'NONE', *, *, #513, .F. ) ;
#352 = EDGE_CURVE ( 'NONE', #30, #1560, #4199, .T. ) ;
#353 = VERTEX_POINT ( 'NONE', #3462 ) ;
#354 = DIRECTION ( 'NONE',  ( 1.000000000000000000, 0.000000000000000000, 0.000000000000000000 ) ) ;
#355 = VECTOR ( 'NONE', #3578, 1000.000000000000000 ) ;
#356 = CIRCLE ( 'NONE', #2627, 1.249999999999269029 ) ;
#357 = AXIS2_PLACEMENT_3D ( 'NONE', #3260, #4447, #452 ) ;
#358 = ADVANCED_FACE ( 'NONE', ( #650 ), #1786, .F. ) ;
#359 = VERTEX_POINT ( 'NONE', #964 ) ;
#360 = DIRECTION ( 'NONE',  ( 1.000000000000000000, 0.000000000000000000, 0.000000000000000000 ) ) ;
#361 = DIRECTION ( 'NONE',  ( -1.000000000000000000, 0.000000000000000000, 0.000000000000000000 ) ) ;
#362 = AXIS2_PLACEMENT_3D ( 'NONE', #1710, #4836, #53 ) ;
#363 = LINE ( 'NONE', #1543, #750 ) ;
#364 = ORIENTED_EDGE ( 'NONE', *, *, #3896, .T. ) ;
#365 = CARTESIAN_POINT ( 'NONE',  ( -9.000000000000017764, -54.99999999999999289, -47.22374841615668828 ) ) ;
#366 = DIRECTION ( 'NONE',  ( 1.000000000000000000, 0.000000000000000000, 0.000000000000000000 ) ) ;
#367 = EDGE_CURVE ( 'NONE', #4255, #891, #258, .T. ) ;
#368 = EDGE_CURVE ( 'NONE', #654, #97, #2447, .T. ) ;
#369 = CYLINDRICAL_SURFACE ( 'NONE', #505, 1.150000000000725109 ) ;
#370 = CARTESIAN_POINT ( 'NONE',  ( -11.50000000000000533, -19.00000000000000355, -30.00000000000000000 ) ) ;
#371 = ORIENTED_EDGE ( 'NONE', *, *, #4123, .F. ) ;
#372 = EDGE_LOOP ( 'NONE', ( #4422, #3717, #966, #3178 ) ) ;
#373 = CARTESIAN_POINT ( 'NONE',  ( -15.35000000000000142, -30.99999999999995737, 30.00000000000000000 ) ) ;
#374 = CARTESIAN_POINT ( 'NONE',  ( -7.999999999999958256, -113.4999999999999858, 3.349999999999999645 ) ) ;
#375 = AXIS2_PLACEMENT_3D ( 'NONE', #3173, #783, #2683 ) ;
#376 = DIRECTION ( 'NONE',  ( 1.000000000000000000, 0.000000000000000000, 0.000000000000000000 ) ) ;
#377 = ORIENTED_EDGE ( 'NONE', *, *, #2266, .F. ) ;
#378 = VECTOR ( 'NONE', #3689, 1000.000000000000000 ) ;
#379 = VERTEX_POINT ( 'NONE', #1859 ) ;
#380 = DIRECTION ( 'NONE',  ( 0.000000000000000000, 0.000000000000000000, -1.000000000000000000 ) ) ;
#381 = VERTEX_POINT ( 'NONE', #4675 ) ;
#382 = CARTESIAN_POINT ( 'NONE',  ( 17.00000000000003908, -97.00000000000000000, -8.850000000000003197 ) ) ;
#383 = DIRECTION ( 'NONE',  ( 0.000000000000000000, 1.000000000000000000, 0.000000000000000000 ) ) ;
#384 = DIRECTION ( 'NONE',  ( -1.000000000000000000, 0.000000000000000000, 0.000000000000000000 ) ) ;
#385 = ORIENTED_EDGE ( 'NONE', *, *, #2257, .T. ) ;
#386 = EDGE_CURVE ( 'NONE', #589, #3728, #2577, .T. ) ;
#387 = DIRECTION ( 'NONE',  ( 0.000000000000000000, 0.000000000000000000, -1.000000000000000000 ) ) ;
#388 = CARTESIAN_POINT ( 'NONE',  ( -17.00000000000000000, -30.99999999999995737, 30.00000000000000000 ) ) ;
#389 = DIRECTION ( 'NONE',  ( -1.000000000000000000, -0.000000000000000000, 0.000000000000000000 ) ) ;
#390 = EDGE_CURVE ( 'NONE', #1290, #788, #1689, .T. ) ;
#391 = EDGE_CURVE ( 'NONE', #1070, #4583, #4876, .T. ) ;
#392 = CARTESIAN_POINT ( 'NONE',  ( -15.35000000000000142, -40.99999999999996447, 27.00000000000000000 ) ) ;
#393 = CARTESIAN_POINT ( 'NONE',  ( -17.00000000000000355, -10.99999999999995737, 30.00000000000000000 ) ) ;
#394 = AXIS2_PLACEMENT_3D ( 'NONE', #2576, #518, #4198 ) ;
#395 = ORIENTED_EDGE ( 'NONE', *, *, #1507, .T. ) ;
#396 = EDGE_LOOP ( 'NONE', ( #2663, #4892, #1389, #5054 ) ) ;
#397 = CARTESIAN_POINT ( 'NONE',  ( 17.00000000000003908, -46.69999999999996021, 8.849999999999981881 ) ) ;
#398 = CARTESIAN_POINT ( 'NONE',  ( 9.000000000000017764, 30.00000000000000711, -30.00000000000000000 ) ) ;
#399 = EDGE_CURVE ( 'NONE', #379, #2218, #3636, .T. ) ;
#400 = DIRECTION ( 'NONE',  ( -0.000000000000000000, -0.000000000000000000, 1.000000000000000000 ) ) ;
#401 = EDGE_LOOP ( 'NONE', ( #274, #293, #4547, #3520, #254, #4976, #3754, #4521, #3253 ) ) ;
#402 = EDGE_LOOP ( 'NONE', ( #577, #2888, #1963, #2874 ) ) ;
#403 = CYLINDRICAL_SURFACE ( 'NONE', #1430, 2.149999999999999023 ) ;
#404 = CARTESIAN_POINT ( 'NONE',  ( 17.00000000000004974, -50.84999999999999432, 4.924999999999998934 ) ) ;
#405 = EDGE_LOOP ( 'NONE', ( #601, #5134, #584, #5185 ) ) ;
#406 = LINE ( 'NONE', #3218, #4884 ) ;
#407 = DIRECTION ( 'NONE',  ( -0.000000000000000000, -0.000000000000000000, 1.000000000000000000 ) ) ;
#408 = VERTEX_POINT ( 'NONE', #4796 ) ;
#409 = DIRECTION ( 'NONE',  ( -0.000000000000000000, -0.000000000000000000, 1.000000000000000000 ) ) ;
#410 = VECTOR ( 'NONE', #2948, 1000.000000000000000 ) ;
#411 = LINE ( 'NONE', #25, #4990 ) ;
#412 = AXIS2_PLACEMENT_3D ( 'NONE', #4271, #1487, #2283 ) ;
#413 = EDGE_CURVE ( 'NONE', #3807, #408, #1516, .T. ) ;
#414 = DIRECTION ( 'NONE',  ( 0.000000000000000000, 0.000000000000000000, 1.000000000000000000 ) ) ;
#415 = CARTESIAN_POINT ( 'NONE',  ( 2.020281411491510859, -6.482010391546610961, 30.00000000000000000 ) ) ;
#416 = DIRECTION ( 'NONE',  ( -1.000000000000000000, -0.000000000000000000, 0.000000000000000000 ) ) ;
#417 = LINE ( 'NONE', #2027, #1873 ) ;
#418 = ORIENTED_EDGE ( 'NONE', *, *, #1879, .F. ) ;
#419 = EDGE_CURVE ( 'NONE', #2606, #4022, #40, .T. ) ;
#420 = ORIENTED_EDGE ( 'NONE', *, *, #3031, .F. ) ;
#421 = ORIENTED_EDGE ( 'NONE', *, *, #1408, .T. ) ;
#422 = CARTESIAN_POINT ( 'NONE',  ( 0.5508402964949227210, -56.61321960076969617, 30.00000000000000000 ) ) ;
#423 = FACE_OUTER_BOUND ( 'NONE', #462, .T. ) ;
#424 = VECTOR ( 'NONE', #798, 1000.000000000000000 ) ;
#425 = FACE_OUTER_BOUND ( 'NONE', #487, .T. ) ;
#426 = ORIENTED_EDGE ( 'NONE', *, *, #1745, .T. ) ;
#427 = ORIENTED_EDGE ( 'NONE', *, *, #3844, .T. ) ;
#428 = EDGE_CURVE ( 'NONE', #4125, #2382, #851, .T. ) ;
#429 = EDGE_CURVE ( 'NONE', #3492, #504, #2489, .T. ) ;
#430 = LINE ( 'NONE', #3188, #4372 ) ;
#431 = VECTOR ( 'NONE', #2835, 1000.000000000000000 ) ;
#432 = CARTESIAN_POINT ( 'NONE',  ( 17.00000000000003908, -46.69999999999996021, -10.84999999999994991 ) ) ;
#433 = VECTOR ( 'NONE', #3917, 1000.000000000000000 ) ;
#434 = ORIENTED_EDGE ( 'NONE', *, *, #4470, .T. ) ;
#435 = CARTESIAN_POINT ( 'NONE',  ( -17.00000000000000000, -30.99999999999995737, 27.00000000000000000 ) ) ;
#436 = CARTESIAN_POINT ( 'NONE',  ( 20.00000000000004974, -54.99999999999999289, -47.22374841615668828 ) ) ;
#437 = VECTOR ( 'NONE', #4929, 1000.000000000000000 ) ;
#438 = ORIENTED_EDGE ( 'NONE', *, *, #1424, .F. ) ;
#439 = CARTESIAN_POINT ( 'NONE',  ( -4.000000000000000000, 10.00000000000000533, 49.99999999999998579 ) ) ;
#440 = PLANE ( 'NONE',  #3897 ) ;
#441 = CIRCLE ( 'NONE', #3548, 1.650000000000002132 ) ;
#442 = DIRECTION ( 'NONE',  ( 0.000000000000000000, 2.090028284309398107E-15, -1.000000000000000000 ) ) ;
#443 = CARTESIAN_POINT ( 'NONE',  ( 0.7702814114940549350, -6.482010391546610961, 27.00000000000000000 ) ) ;
#444 = DIRECTION ( 'NONE',  ( 0.000000000000000000, -1.000000000000000000, 0.000000000000000000 ) ) ;
#445 = CARTESIAN_POINT ( 'NONE',  ( 8.550840296494985893, -120.0000000000000000, 27.00000000000000000 ) ) ;
#446 = ORIENTED_EDGE ( 'NONE', *, *, #2841, .T. ) ;
#447 = VERTEX_POINT ( 'NONE', #2066 ) ;
#448 = ORIENTED_EDGE ( 'NONE', *, *, #2065, .T. ) ;
#449 = LINE ( 'NONE', #2165, #852 ) ;
#450 = CARTESIAN_POINT ( 'NONE',  ( 18.80000000000003979, -105.3000000000000256, 8.850000000000008527 ) ) ;
#451 = EDGE_CURVE ( 'NONE', #704, #3503, #795, .T. ) ;
#452 = DIRECTION ( 'NONE',  ( 0.000000000000000000, 0.000000000000000000, 1.000000000000000000 ) ) ;
#453 = ORIENTED_EDGE ( 'NONE', *, *, #336, .F. ) ;
#454 = ORIENTED_EDGE ( 'NONE', *, *, #3176, .F. ) ;
#455 = CARTESIAN_POINT ( 'NONE',  ( 10.00000000000000000, -50.84999999999999432, 4.924999999999998934 ) ) ;
#456 = EDGE_CURVE ( 'NONE', #2252, #634, #2015, .T. ) ;
#457 = CARTESIAN_POINT ( 'NONE',  ( -31.24999999999999289, -38.74999999999997868, -27.00000000000000355 ) ) ;
#458 = EDGE_CURVE ( 'NONE', #178, #766, #2465, .T. ) ;
#459 = ORIENTED_EDGE ( 'NONE', *, *, #135, .F. ) ;
#460 = FACE_BOUND ( 'NONE', #794, .T. ) ;
#461 = CARTESIAN_POINT ( 'NONE',  ( -8.999999999999962697, 30.00000000000000711, -27.00000000000000355 ) ) ;
#462 = EDGE_LOOP ( 'NONE', ( #273, #4107, #2127, #4867 ) ) ;
#463 = CARTESIAN_POINT ( 'NONE',  ( -7.999999999999958256, -43.49999999999999289, 6.650000000000001243 ) ) ;
#464 = CYLINDRICAL_SURFACE ( 'NONE', #2060, 1.250000000000733191 ) ;
#465 = DIRECTION ( 'NONE',  ( -1.000000000000000000, -0.000000000000000000, 0.000000000000000000 ) ) ;
#466 = LINE ( 'NONE', #3672, #4367 ) ;
#467 = CARTESIAN_POINT ( 'NONE',  ( 17.00000000000000000, 0.000000000000000000, -30.00000000000000000 ) ) ;
#468 = CARTESIAN_POINT ( 'NONE',  ( 0.4901790800424890016, -0.4885520673472143471, 50.00000000000000000 ) ) ;
#469 = ORIENTED_EDGE ( 'NONE', *, *, #2303, .T. ) ;
#470 = EDGE_LOOP ( 'NONE', ( #1522, #1481, #929, #1365 ) ) ;
#471 = ORIENTED_EDGE ( 'NONE', *, *, #2490, .T. ) ;
#472 = DIRECTION ( 'NONE',  ( 0.000000000000000000, 1.000000000000000000, 0.000000000000000000 ) ) ;
#473 = CARTESIAN_POINT ( 'NONE',  ( 17.00000000000004974, -50.84999999999999432, 2.774999999999999467 ) ) ;
#474 = CARTESIAN_POINT ( 'NONE',  ( -15.35000000000000497, -10.99999999999995737, 30.00000000000000000 ) ) ;
#475 = DIRECTION ( 'NONE',  ( 0.000000000000000000, 1.000000000000000000, 2.090028284309402051E-16 ) ) ;
#476 = AXIS2_PLACEMENT_3D ( 'NONE', #4882, #4458, #2394 ) ;
#477 = VECTOR ( 'NONE', #3250, 1000.000000000000000 ) ;
#478 = VERTEX_POINT ( 'NONE', #1640 ) ;
#479 = ADVANCED_FACE ( 'NONE', ( #3237, #5188, #3659, #3610, #1695, #1092, #1917, #2886, #16, #2314, #4847, #1591, #482, #4032, #2708, #877 ), #3189, .F. ) ;
#480 = DIRECTION ( 'NONE',  ( 0.000000000000000000, 3.469446951953601961E-15, -1.000000000000000000 ) ) ;
#481 = VECTOR ( 'NONE', #3977, 1000.000000000000000 ) ;
#482 = FACE_BOUND ( 'NONE', #4273, .T. ) ;
#483 = CIRCLE ( 'NONE', #1153, 1.649999999999999467 ) ;
#484 = ORIENTED_EDGE ( 'NONE', *, *, #2265, .T. ) ;
#485 = EDGE_CURVE ( 'NONE', #1568, #4264, #4426, .T. ) ;
#486 = DIRECTION ( 'NONE',  ( -0.000000000000000000, -0.000000000000000000, 1.000000000000000000 ) ) ;
#487 = EDGE_LOOP ( 'NONE', ( #4160, #892, #95, #4844 ) ) ;
#488 = FACE_OUTER_BOUND ( 'NONE', #110, .T. ) ;
#489 = CARTESIAN_POINT ( 'NONE',  ( 17.73201039154735170, 10.77028141149406260, 27.00000000000000000 ) ) ;
#490 = EDGE_CURVE ( 'NONE', #5154, #4714, #541, .T. ) ;
#491 = DIRECTION ( 'NONE',  ( 0.000000000000000000, 0.000000000000000000, 1.000000000000000000 ) ) ;
#492 = DIRECTION ( 'NONE',  ( 0.000000000000000000, -1.000000000000000000, 0.000000000000000000 ) ) ;
#493 = VECTOR ( 'NONE', #4412, 1000.000000000000000 ) ;
#494 = CARTESIAN_POINT ( 'NONE',  ( 18.80000000000003979, -105.3000000000000540, 10.85000000000000142 ) ) ;
#495 = VECTOR ( 'NONE', #1142, 1000.000000000000000 ) ;
#496 = CARTESIAN_POINT ( 'NONE',  ( -0.4901790800424903338, 20.48855206734722501, 30.00000000000000000 ) ) ;
#497 = ORIENTED_EDGE ( 'NONE', *, *, #4026, .T. ) ;
#498 = ORIENTED_EDGE ( 'NONE', *, *, #3002, .F. ) ;
#499 = ORIENTED_EDGE ( 'NONE', *, *, #485, .F. ) ;
#500 = DIRECTION ( 'NONE',  ( 0.000000000000000000, 0.000000000000000000, 1.000000000000000000 ) ) ;
#501 = CARTESIAN_POINT ( 'NONE',  ( 17.00000000000004974, -54.99999999999999289, 27.00000000000000000 ) ) ;
#502 = CARTESIAN_POINT ( 'NONE',  ( 13.99999999999999645, -26.50000000000000355, -35.00000000000000000 ) ) ;
#503 = CARTESIAN_POINT ( 'NONE',  ( 17.00000000000003908, -105.2999999999999972, -1.000000000000039080 ) ) ;
#504 = VERTEX_POINT ( 'NONE', #3265 ) ;
#505 = AXIS2_PLACEMENT_3D ( 'NONE', #1976, #1550, #3938 ) ;
#506 = VERTEX_POINT ( 'NONE', #4481 ) ;
#507 = EDGE_CURVE ( 'NONE', #2725, #3341, #4082, .T. ) ;
#508 = AXIS2_PLACEMENT_3D ( 'NONE', #62, #3236, #2779 ) ;
#509 = VERTEX_POINT ( 'NONE', #3999 ) ;
#510 = DIRECTION ( 'NONE',  ( -1.000000000000000000, 0.000000000000000000, 0.000000000000000000 ) ) ;
#511 = ORIENTED_EDGE ( 'NONE', *, *, #1826, .T. ) ;
#512 = DIRECTION ( 'NONE',  ( 0.000000000000000000, -6.938893903907085594E-15, -1.000000000000000000 ) ) ;
#513 = EDGE_CURVE ( 'NONE', #2067, #1849, #4365, .T. ) ;
#514 = AXIS2_PLACEMENT_3D ( 'NONE', #2677, #1968, #697 ) ;
#515 = AXIS2_PLACEMENT_3D ( 'NONE', #3818, #4610, #220 ) ;
#516 = LINE ( 'NONE', #2133, #3014 ) ;
#517 = CARTESIAN_POINT ( 'NONE',  ( -20.00000000000000000, 30.00000000000000711, -30.00000000000000000 ) ) ;
#518 = DIRECTION ( 'NONE',  ( -0.000000000000000000, -0.000000000000000000, -1.000000000000000000 ) ) ;
#519 = FACE_OUTER_BOUND ( 'NONE', #3705, .T. ) ;
#520 = EDGE_CURVE ( 'NONE', #3334, #3213, #5157, .T. ) ;
#521 = VECTOR ( 'NONE', #1691, 1000.000000000000114 ) ;
#522 = ADVANCED_FACE ( 'NONE', ( #423 ), #5130, .F. ) ;
#523 = CIRCLE ( 'NONE', #2628, 1.649999999999999467 ) ;
#524 = EDGE_LOOP ( 'NONE', ( #3024, #4234, #3675, #4002 ) ) ;
#525 = VERTEX_POINT ( 'NONE', #3556 ) ;
#526 = ORIENTED_EDGE ( 'NONE', *, *, #2774, .F. ) ;
#527 = LINE ( 'NONE', #893, #4614 ) ;
#528 = FACE_OUTER_BOUND ( 'NONE', #3280, .T. ) ;
#529 = VECTOR ( 'NONE', #2081, 1000.000000000000000 ) ;
#530 = PLANE ( 'NONE',  #4721 ) ;
#531 = CARTESIAN_POINT ( 'NONE',  ( -10.99999999999995737, -46.49999999999999289, -27.00000000000001066 ) ) ;
#532 = ORIENTED_EDGE ( 'NONE', *, *, #2588, .T. ) ;
#533 = EDGE_LOOP ( 'NONE', ( #3631, #563, #2196, #5117 ) ) ;
#534 = ORIENTED_EDGE ( 'NONE', *, *, #1871, .T. ) ;
#535 = DIRECTION ( 'NONE',  ( 1.000000000000000000, 0.000000000000000000, -0.000000000000000000 ) ) ;
#536 = ORIENTED_EDGE ( 'NONE', *, *, #4108, .T. ) ;
#537 = AXIS2_PLACEMENT_3D ( 'NONE', #4676, #2710, #3881 ) ;
#538 = PRESENTATION_STYLE_ASSIGNMENT (( #1352 ) ) ;
#539 = CARTESIAN_POINT ( 'NONE',  ( -0.4797185885034007113, -6.482010391546610961, -30.00000000000000000 ) ) ;
#540 = FACE_BOUND ( 'NONE', #1006, .T. ) ;
#541 = CIRCLE ( 'NONE', #3987, 1.650000000000002132 ) ;
#542 = LINE ( 'NONE', #1831, #1842 ) ;
#543 = VECTOR ( 'NONE', #5006, 1000.000000000000000 ) ;
#544 = LINE ( 'NONE', #4196, #2251 ) ;
#545 = EDGE_CURVE ( 'NONE', #280, #589, #3135, .T. ) ;
#546 = LINE ( 'NONE', #1383, #4188 ) ;
#547 = PLANE ( 'NONE',  #4136 ) ;
#548 = VERTEX_POINT ( 'NONE', #1183 ) ;
#549 = ORIENTED_EDGE ( 'NONE', *, *, #3367, .F. ) ;
#550 = DIRECTION ( 'NONE',  ( 1.000000000000000000, 0.000000000000000000, 0.000000000000000000 ) ) ;
#551 = CARTESIAN_POINT ( 'NONE',  ( 10.00000000000000000, -50.84999999999999432, -14.77499999999999858 ) ) ;
#552 = EDGE_CURVE ( 'NONE', #299, #4530, #3604, .T. ) ;
#553 = FACE_OUTER_BOUND ( 'NONE', #2146, .T. ) ;
#554 = ORIENTED_EDGE ( 'NONE', *, *, #3092, .F. ) ;
#555 = ORIENTED_EDGE ( 'NONE', *, *, #1001, .F. ) ;
#556 = CARTESIAN_POINT ( 'NONE',  ( 20.00000000000000000, -100.2699999999999960, -12.62499999999999467 ) ) ;
#557 = ADVANCED_FACE ( 'NONE', ( #2798 ), #3207, .F. ) ;
#558 = CIRCLE ( 'NONE', #394, 1.249999999999269029 ) ;
#559 = ORIENTED_EDGE ( 'NONE', *, *, #748, .F. ) ;
#560 = AXIS2_PLACEMENT_3D ( 'NONE', #2048, #4487, #3642 ) ;
#561 = ORIENTED_EDGE ( 'NONE', *, *, #143, .T. ) ;
#562 = CARTESIAN_POINT ( 'NONE',  ( 17.00000000000003908, -46.69999999999996021, 10.84999999999994813 ) ) ;
#563 = ORIENTED_EDGE ( 'NONE', *, *, #2109, .T. ) ;
#564 = LINE ( 'NONE', #2546, #3832 ) ;
#565 = CARTESIAN_POINT ( 'NONE',  ( -19.99999999999999645, -43.99999999999997158, -27.00000000000000355 ) ) ;
#566 = FACE_BOUND ( 'NONE', #4217, .T. ) ;
#567 = LINE ( 'NONE', #4144, #3848 ) ;
#568 = CARTESIAN_POINT ( 'NONE',  ( -20.00000000000000000, 19.00000000000002487, -30.00000000000000000 ) ) ;
#569 = ORIENTED_EDGE ( 'NONE', *, *, #1667, .F. ) ;
#570 = DIRECTION ( 'NONE',  ( 0.000000000000000000, 0.000000000000000000, -1.000000000000000000 ) ) ;
#571 = DIRECTION ( 'NONE',  ( -1.000000000000000000, 3.469446951953611231E-16, 0.000000000000000000 ) ) ;
#572 = CARTESIAN_POINT ( 'NONE',  ( 20.00000000000000000, -100.2699999999999960, 14.77499999999999858 ) ) ;
#573 = CIRCLE ( 'NONE', #3680, 1.149999999997434852 ) ;
#574 = AXIS2_PLACEMENT_3D ( 'NONE', #5071, #3077, #3886 ) ;
#575 = EDGE_CURVE ( 'NONE', #3349, #2382, #4737, .T. ) ;
#576 = ORIENTED_EDGE ( 'NONE', *, *, #575, .T. ) ;
#577 = ORIENTED_EDGE ( 'NONE', *, *, #2205, .F. ) ;
#578 = DIRECTION ( 'NONE',  ( 0.000000000000000000, 0.000000000000000000, 1.000000000000000000 ) ) ;
#579 = PLANE ( 'NONE',  #3796 ) ;
#580 = LINE ( 'NONE', #531, #1446 ) ;
#581 = ADVANCED_FACE ( 'NONE', ( #4339 ), #2033, .F. ) ;
#582 = EDGE_LOOP ( 'NONE', ( #2671, #121 ) ) ;
#583 = PLANE ( 'NONE',  #5048 ) ;
#584 = ORIENTED_EDGE ( 'NONE', *, *, #12, .T. ) ;
#585 = EDGE_CURVE ( 'NONE', #736, #3577, #2722, .T. ) ;
#586 = EDGE_CURVE ( 'NONE', #4766, #5016, #4420, .T. ) ;
#587 = CIRCLE ( 'NONE', #4031, 1.249999999999267253 ) ;
#588 = CARTESIAN_POINT ( 'NONE',  ( 18.80000000000003979, 0.000000000000000000, 0.000000000000000000 ) ) ;
#589 = VERTEX_POINT ( 'NONE', #1931 ) ;
#590 = CARTESIAN_POINT ( 'NONE',  ( -9.338552067347947627, 9.509820919957515883, 50.00000000000000000 ) ) ;
#591 = CIRCLE ( 'NONE', #1345, 1.650000000000000355 ) ;
#592 = DIRECTION ( 'NONE',  ( 1.000000000000000000, 0.000000000000000000, 0.000000000000000000 ) ) ;
#593 = DIRECTION ( 'NONE',  ( 0.000000000000000000, 0.000000000000000000, 1.000000000000000000 ) ) ;
#594 = DIRECTION ( 'NONE',  ( -1.000000000000000000, 0.000000000000000000, 0.000000000000000000 ) ) ;
#595 = CARTESIAN_POINT ( 'NONE',  ( 0.7702814114940549350, -6.482010391546610961, 30.00000000000000000 ) ) ;
#596 = ORIENTED_EDGE ( 'NONE', *, *, #4302, .T. ) ;
#597 = CARTESIAN_POINT ( 'NONE',  ( 3.000000000000039080, -46.49999999999999289, 27.00000000000001421 ) ) ;
#598 = DIRECTION ( 'NONE',  ( 0.000000000000000000, 0.000000000000000000, -1.000000000000000000 ) ) ;
#599 = CIRCLE ( 'NONE', #1187, 1.650000000000000355 ) ;
#600 = PLANE ( 'NONE',  #876 ) ;
#601 = ORIENTED_EDGE ( 'NONE', *, *, #4865, .F. ) ;
#602 = VERTEX_POINT ( 'NONE', #3976 ) ;
#603 = VECTOR ( 'NONE', #737, 1000.000000000000000 ) ;
#604 = FACE_BOUND ( 'NONE', #3473, .T. ) ;
#605 = AXIS2_PLACEMENT_3D ( 'NONE', #4053, #2855, #2484 ) ;
#606 = DIRECTION ( 'NONE',  ( 0.000000000000000000, 0.000000000000000000, -1.000000000000000000 ) ) ;
#607 = PLANE ( 'NONE',  #5023 ) ;
#608 = ORIENTED_EDGE ( 'NONE', *, *, #352, .T. ) ;
#609 = CIRCLE ( 'NONE', #5060, 1.649999999999999467 ) ;
#610 = DIRECTION ( 'NONE',  ( -1.000000000000000000, -0.000000000000000000, 0.000000000000000000 ) ) ;
#611 = EDGE_CURVE ( 'NONE', #197, #4471, #483, .T. ) ;
#612 = ORIENTED_EDGE ( 'NONE', *, *, #3574, .F. ) ;
#613 = EDGE_LOOP ( 'NONE', ( #4028, #2736 ) ) ;
#614 = CARTESIAN_POINT ( 'NONE',  ( 18.80000000000003979, -105.3000000000000256, -10.84999999999999609 ) ) ;
#615 = ORIENTED_EDGE ( 'NONE', *, *, #5113, .F. ) ;
#616 = ADVANCED_FACE ( 'NONE', ( #1582 ), #2352, .F. ) ;
#617 = EDGE_CURVE ( 'NONE', #2979, #359, #2827, .T. ) ;
#618 = DIRECTION ( 'NONE',  ( -0.7071067811865473507, 0.7071067811865477948, 0.000000000000000000 ) ) ;
#619 = DIRECTION ( 'NONE',  ( -1.000000000000000000, -0.000000000000000000, 0.000000000000000000 ) ) ;
#620 = FACE_BOUND ( 'NONE', #37, .T. ) ;
#621 = CARTESIAN_POINT ( 'NONE',  ( 20.00000000000000000, -120.0000000000000000, 30.00000000000000000 ) ) ;
#622 = LINE ( 'NONE', #3748, #2921 ) ;
#623 = ORIENTED_EDGE ( 'NONE', *, *, #904, .F. ) ;
#624 = EDGE_CURVE ( 'NONE', #2409, #602, #738, .T. ) ;
#625 = DIRECTION ( 'NONE',  ( 0.000000000000000000, 0.000000000000000000, -1.000000000000000000 ) ) ;
#626 = FACE_OUTER_BOUND ( 'NONE', #183, .T. ) ;
#627 = CARTESIAN_POINT ( 'NONE',  ( -15.35000000000000142, -40.99999999999996447, -30.00000000000000000 ) ) ;
#628 = VECTOR ( 'NONE', #2654, 1000.000000000000000 ) ;
#629 = ORIENTED_EDGE ( 'NONE', *, *, #4943, .T. ) ;
#630 = EDGE_LOOP ( 'NONE', ( #718, #2796 ) ) ;
#631 = LINE ( 'NONE', #3833, #825 ) ;
#632 = DIRECTION ( 'NONE',  ( 1.000000000000000000, 0.000000000000000000, -0.000000000000000000 ) ) ;
#633 = LINE ( 'NONE', #242, #1244 ) ;
#634 = VERTEX_POINT ( 'NONE', #819 ) ;
#635 = CARTESIAN_POINT ( 'NONE',  ( 8.550840296494985893, -120.0000000000000000, 37.00000000000000000 ) ) ;
#636 = ORIENTED_EDGE ( 'NONE', *, *, #3569, .F. ) ;
#637 = VERTEX_POINT ( 'NONE', #1985 ) ;
#638 = EDGE_CURVE ( 'NONE', #666, #2606, #2431, .T. ) ;
#639 = DIRECTION ( 'NONE',  ( -0.000000000000000000, -0.000000000000000000, 1.000000000000000000 ) ) ;
#640 = DIRECTION ( 'NONE',  ( -0.000000000000000000, -0.000000000000000000, -1.000000000000000000 ) ) ;
#641 = FACE_OUTER_BOUND ( 'NONE', #2719, .T. ) ;
#642 = VECTOR ( 'NONE', #1491, 1000.000000000000000 ) ;
#643 = EDGE_CURVE ( 'NONE', #90, #4382, #3421, .T. ) ;
#644 = AXIS2_PLACEMENT_3D ( 'NONE', #2918, #1707, #1733 ) ;
#645 = LINE ( 'NONE', #5112, #4376 ) ;
#646 = DIRECTION ( 'NONE',  ( 0.000000000000000000, 6.938893903907258354E-15, 1.000000000000000000 ) ) ;
#647 = DIRECTION ( 'NONE',  ( 1.000000000000000000, 0.000000000000000000, 0.000000000000000000 ) ) ;
#648 = ORIENTED_EDGE ( 'NONE', *, *, #1721, .F. ) ;
#649 = CARTESIAN_POINT ( 'NONE',  ( 17.00000000000000000, -100.2699999999999960, -12.62499999999999467 ) ) ;
#650 = FACE_OUTER_BOUND ( 'NONE', #3891, .T. ) ;
#651 = CARTESIAN_POINT ( 'NONE',  ( -7.999999999999958256, -46.49999999999998579, -6.650000000000000355 ) ) ;
#652 = EDGE_CURVE ( 'NONE', #2727, #54, #3732, .T. ) ;
#653 = EDGE_CURVE ( 'NONE', #3309, #302, #1292, .T. ) ;
#654 = VERTEX_POINT ( 'NONE', #1340 ) ;
#655 = ORIENTED_EDGE ( 'NONE', *, *, #2742, .F. ) ;
#656 = SHAPE_DEFINITION_REPRESENTATION ( #2124, #1905 ) ;
#657 = CARTESIAN_POINT ( 'NONE',  ( -5.250000000000018652, -35.24999999999997868, 27.00000000000000000 ) ) ;
#658 = CARTESIAN_POINT ( 'NONE',  ( 20.00000000000000000, -50.84999999999999432, 4.924999999999998934 ) ) ;
#659 = DIRECTION ( 'NONE',  ( -0.000000000000000000, -0.000000000000000000, 1.000000000000000000 ) ) ;
#660 = VERTEX_POINT ( 'NONE', #1741 ) ;
#661 = VERTEX_POINT ( 'NONE', #87 ) ;
#662 = DIRECTION ( 'NONE',  ( 0.7071067811865469066, -0.7071067811865482389, 0.000000000000000000 ) ) ;
#663 = AXIS2_PLACEMENT_3D ( 'NONE', #3993, #4439, #1285 ) ;
#664 = ORIENTED_EDGE ( 'NONE', *, *, #3919, .F. ) ;
#665 = CIRCLE ( 'NONE', #3767, 4.000000000000000000 ) ;
#666 = VERTEX_POINT ( 'NONE', #2456 ) ;
#667 = ORIENTED_EDGE ( 'NONE', *, *, #865, .F. ) ;
#668 = LINE ( 'NONE', #3843, #4957 ) ;
#669 = ADVANCED_FACE ( 'NONE', ( #2560 ), #3653, .F. ) ;
#670 = DIRECTION ( 'NONE',  ( -0.000000000000000000, -3.469446951953601961E-15, 1.000000000000000000 ) ) ;
#671 = LINE ( 'NONE', #3457, #4269 ) ;
#672 = CARTESIAN_POINT ( 'NONE',  ( -7.999999999999958256, -113.4999999999999858, 5.000000000000000000 ) ) ;
#673 = EDGE_LOOP ( 'NONE', ( #459, #615, #3857, #3655 ) ) ;
#674 = VECTOR ( 'NONE', #810, 1000.000000000000000 ) ;
#675 = EDGE_CURVE ( 'NONE', #839, #3606, #3709, .T. ) ;
#676 = LINE ( 'NONE', #2287, #1997 ) ;
#677 = DIRECTION ( 'NONE',  ( 0.000000000000000000, 0.000000000000000000, -1.000000000000000000 ) ) ;
#678 = CARTESIAN_POINT ( 'NONE',  ( 8.550840296494985893, -120.0000000000000000, 27.00000000000000000 ) ) ;
#679 = ORIENTED_EDGE ( 'NONE', *, *, #1251, .T. ) ;
#680 = ORIENTED_EDGE ( 'NONE', *, *, #4531, .F. ) ;
#681 = CARTESIAN_POINT ( 'NONE',  ( -11.50000000000000355, -28.99999999999999645, 30.00000000000000000 ) ) ;
#682 = AXIS2_PLACEMENT_3D ( 'NONE', #3142, #2728, #3116 ) ;
#683 = EDGE_CURVE ( 'NONE', #1260, #2056, #1237, .T. ) ;
#684 = EDGE_CURVE ( 'NONE', #3009, #4554, #1577, .T. ) ;
#685 = CARTESIAN_POINT ( 'NONE',  ( 16.48201039154661984, 10.77028141149406260, 27.00000000000000000 ) ) ;
#686 = FACE_BOUND ( 'NONE', #4917, .T. ) ;
#687 = AXIS2_PLACEMENT_3D ( 'NONE', #881, #2390, #3983 ) ;
#688 = ORIENTED_EDGE ( 'NONE', *, *, #4768, .F. ) ;
#689 = CIRCLE ( 'NONE', #4969, 1.650000000000000355 ) ;
#690 = ORIENTED_EDGE ( 'NONE', *, *, #3821, .F. ) ;
#691 = FACE_OUTER_BOUND ( 'NONE', #2292, .T. ) ;
#692 = VERTEX_POINT ( 'NONE', #2903 ) ;
#693 = VECTOR ( 'NONE', #2117, 1000.000000000000000 ) ;
#694 = VERTEX_POINT ( 'NONE', #4942 ) ;
#695 = ORIENTED_EDGE ( 'NONE', *, *, #1490, .F. ) ;
#696 = CARTESIAN_POINT ( 'NONE',  ( -18.65000000000000568, -0.9999999999999577005, 40.00000000000000711 ) ) ;
#697 = DIRECTION ( 'NONE',  ( 0.000000000000000000, 0.000000000000000000, 1.000000000000000000 ) ) ;
#698 = DIRECTION ( 'NONE',  ( -0.000000000000000000, -0.000000000000000000, -1.000000000000000000 ) ) ;
#699 = FACE_BOUND ( 'NONE', #5043, .T. ) ;
#700 = ORIENTED_EDGE ( 'NONE', *, *, #3821, .T. ) ;
#701 = DIRECTION ( 'NONE',  ( -0.000000000000000000, -0.000000000000000000, 1.000000000000000000 ) ) ;
#702 = DIRECTION ( 'NONE',  ( -1.000000000000000000, -0.000000000000000000, 0.000000000000000000 ) ) ;
#703 = DIRECTION ( 'NONE',  ( -1.000000000000000000, -0.000000000000000000, 0.000000000000000000 ) ) ;
#704 = VERTEX_POINT ( 'NONE', #473 ) ;
#705 = ORIENTED_EDGE ( 'NONE', *, *, #5050, .F. ) ;
#706 = ADVANCED_FACE ( 'NONE', ( #2534 ), #1263, .F. ) ;
#707 = DIRECTION ( 'NONE',  ( -1.000000000000000000, -0.000000000000000000, 0.000000000000000000 ) ) ;
#708 = DIRECTION ( 'NONE',  ( -0.7071067811865482389, 0.7071067811865469066, 0.000000000000000000 ) ) ;
#709 = AXIS2_PLACEMENT_3D ( 'NONE', #2420, #2472, #3668 ) ;
#710 = LINE ( 'NONE', #1926, #4857 ) ;
#711 = ORIENTED_EDGE ( 'NONE', *, *, #3995, .F. ) ;
#712 = EDGE_CURVE ( 'NONE', #2589, #789, #4517, .T. ) ;
#713 = ORIENTED_EDGE ( 'NONE', *, *, #46, .T. ) ;
#714 = CARTESIAN_POINT ( 'NONE',  ( -18.65000000000000568, -0.9999999999999577005, 40.00000000000000711 ) ) ;
#715 = DIRECTION ( 'NONE',  ( 0.000000000000000000, 0.000000000000000000, -1.000000000000000000 ) ) ;
#716 = EDGE_LOOP ( 'NONE', ( #1149, #2999, #69, #4663 ) ) ;
#717 = ORIENTED_EDGE ( 'NONE', *, *, #4278, .T. ) ;
#718 = ORIENTED_EDGE ( 'NONE', *, *, #4954, .F. ) ;
#719 = EDGE_CURVE ( 'NONE', #4939, #5154, #1659, .T. ) ;
#720 = CARTESIAN_POINT ( 'NONE',  ( 11.49999999999999645, -19.00000000000000355, 30.00000000000000000 ) ) ;
#721 = ORIENTED_EDGE ( 'NONE', *, *, #3092, .T. ) ;
#722 = DIRECTION ( 'NONE',  ( -0.000000000000000000, -0.000000000000000000, 1.000000000000000000 ) ) ;
#723 = DIRECTION ( 'NONE',  ( 0.7071067811865483499, -0.7071067811865467956, 0.000000000000000000 ) ) ;
#724 = FACE_BOUND ( 'NONE', #3333, .T. ) ;
#725 = EDGE_LOOP ( 'NONE', ( #1645, #717, #119, #5155 ) ) ;
#726 = DIRECTION ( 'NONE',  ( 0.000000000000000000, 2.299031112740337917E-15, 1.000000000000000000 ) ) ;
#727 = CIRCLE ( 'NONE', #814, 1.650000000000000355 ) ;
#728 = FACE_OUTER_BOUND ( 'NONE', #533, .T. ) ;
#729 = EDGE_LOOP ( 'NONE', ( #1181, #1523, #4495, #3530 ) ) ;
#730 = VECTOR ( 'NONE', #4421, 1000.000000000000000 ) ;
#731 = DIRECTION ( 'NONE',  ( 0.000000000000000000, 0.000000000000000000, -1.000000000000000000 ) ) ;
#732 = EDGE_CURVE ( 'NONE', #744, #2530, #4895, .T. ) ;
#733 = DIRECTION ( 'NONE',  ( 0.000000000000000000, 1.000000000000000000, 3.553048083325977965E-15 ) ) ;
#734 = CARTESIAN_POINT ( 'NONE',  ( -10.99999999999995737, -43.49999999999999289, -27.00000000000000355 ) ) ;
#735 = ORIENTED_EDGE ( 'NONE', *, *, #2488, .F. ) ;
#736 = VERTEX_POINT ( 'NONE', #3313 ) ;
#737 = DIRECTION ( 'NONE',  ( 1.000000000000000000, 0.000000000000000000, 0.000000000000000000 ) ) ;
#738 = LINE ( 'NONE', #764, #4347 ) ;
#739 = ADVANCED_FACE ( 'NONE', ( #4498 ), #4051, .F. ) ;
#740 = DIRECTION ( 'NONE',  ( -1.000000000000000000, 0.000000000000000000, 0.000000000000000000 ) ) ;
#741 = ORIENTED_EDGE ( 'NONE', *, *, #3663, .F. ) ;
#742 = VECTOR ( 'NONE', #1474, 1000.000000000000000 ) ;
#743 = ORIENTED_EDGE ( 'NONE', *, *, #3409, .F. ) ;
#744 = VERTEX_POINT ( 'NONE', #450 ) ;
#745 = CARTESIAN_POINT ( 'NONE',  ( 10.00000000000000000, -100.2699999999999960, 2.774999999999996358 ) ) ;
#746 = VECTOR ( 'NONE', #465, 1000.000000000000000 ) ;
#747 = AXIS2_PLACEMENT_3D ( 'NONE', #3823, #227, #646 ) ;
#748 = EDGE_CURVE ( 'NONE', #3743, #4838, #1245, .T. ) ;
#749 = EDGE_CURVE ( 'NONE', #4583, #1070, #75, .T. ) ;
#750 = VECTOR ( 'NONE', #780, 1000.000000000000000 ) ;
#751 = ORIENTED_EDGE ( 'NONE', *, *, #2611, .T. ) ;
#752 = PLANE ( 'NONE',  #514 ) ;
#753 = CARTESIAN_POINT ( 'NONE',  ( 10.00000000000000000, -100.2699999999999960, 12.62499999999999645 ) ) ;
#754 = CYLINDRICAL_SURFACE ( 'NONE', #2590, 1.249999999999267253 ) ;
#755 = VERTEX_POINT ( 'NONE', #841 ) ;
#756 = PLANE ( 'NONE',  #1744 ) ;
#757 = DIRECTION ( 'NONE',  ( 0.000000000000000000, 0.000000000000000000, 1.000000000000000000 ) ) ;
#758 = DIRECTION ( 'NONE',  ( 0.000000000000000000, 1.000000000000000000, 0.000000000000000000 ) ) ;
#759 = DIRECTION ( 'NONE',  ( 0.000000000000000000, 0.000000000000000000, -1.000000000000000000 ) ) ;
#760 = VECTOR ( 'NONE', #4911, 1000.000000000000000 ) ;
#761 = EDGE_LOOP ( 'NONE', ( #1104, #2011, #2743, #1812 ) ) ;
#762 = ORIENTED_EDGE ( 'NONE', *, *, #2417, .F. ) ;
#763 = CARTESIAN_POINT ( 'NONE',  ( -0.7702814114940569334, 26.48201039154662340, 50.00000000000000000 ) ) ;
#764 = CARTESIAN_POINT ( 'NONE',  ( 17.00000000000003908, -105.2999999999999829, 1.000000000000002220 ) ) ;
#765 = CARTESIAN_POINT ( 'NONE',  ( 11.49999999999999645, -28.99999999999999645, -35.00000000000000000 ) ) ;
#766 = VERTEX_POINT ( 'NONE', #501 ) ;
#767 = AXIS2_PLACEMENT_3D ( 'NONE', #435, #2468, #3760 ) ;
#768 = CIRCLE ( 'NONE', #515, 2.150000000000002576 ) ;
#769 = ORIENTED_EDGE ( 'NONE', *, *, #4343, .T. ) ;
#770 = ORIENTED_EDGE ( 'NONE', *, *, #4757, .F. ) ;
#771 = ADVANCED_FACE ( 'NONE', ( #4920 ), #158, .F. ) ;
#772 = DIRECTION ( 'NONE',  ( -1.000000000000000000, -0.000000000000000000, -0.000000000000000000 ) ) ;
#773 = VECTOR ( 'NONE', #924, 1000.000000000000000 ) ;
#774 = ORIENTED_EDGE ( 'NONE', *, *, #2541, .F. ) ;
#775 = DIRECTION ( 'NONE',  ( 0.7071067811865457964, -0.7071067811865492381, -0.000000000000000000 ) ) ;
#776 = ADVANCED_FACE ( 'NONE', ( #528 ), #2142, .F. ) ;
#777 = CARTESIAN_POINT ( 'NONE',  ( 18.80000000000003979, -46.69999999999996021, -8.849999999999981881 ) ) ;
#778 = ADVANCED_FACE ( 'NONE', ( #4598 ), #3783, .F. ) ;
#779 = VECTOR ( 'NONE', #2822, 1000.000000000000000 ) ;
#780 = DIRECTION ( 'NONE',  ( -1.000000000000000000, 0.000000000000000000, 0.000000000000000000 ) ) ;
#781 = VERTEX_POINT ( 'NONE', #2664 ) ;
#782 = DIRECTION ( 'NONE',  ( 0.000000000000000000, -6.270084852928195306E-16, -1.000000000000000000 ) ) ;
#783 = DIRECTION ( 'NONE',  ( -1.000000000000000000, -0.000000000000000000, -0.000000000000000000 ) ) ;
#784 = EDGE_CURVE ( 'NONE', #2705, #4536, #3761, .T. ) ;
#785 = DIRECTION ( 'NONE',  ( 0.000000000000000000, 0.000000000000000000, -1.000000000000000000 ) ) ;
#786 = CARTESIAN_POINT ( 'NONE',  ( -14.00000000000000178, -21.50000000000000000, 30.00000000000000000 ) ) ;
#787 = DIRECTION ( 'NONE',  ( 0.7071067811865477948, 0.7071067811865473507, 0.000000000000000000 ) ) ;
#788 = VERTEX_POINT ( 'NONE', #3389 ) ;
#789 = VERTEX_POINT ( 'NONE', #2582 ) ;
#790 = DIRECTION ( 'NONE',  ( 1.000000000000000000, 0.000000000000000000, 0.000000000000000000 ) ) ;
#791 = DIRECTION ( 'NONE',  ( 0.000000000000000000, 0.000000000000000000, 1.000000000000000000 ) ) ;
#792 = AXIS2_PLACEMENT_3D ( 'NONE', #388, #1253, #3246 ) ;
#793 = DIRECTION ( 'NONE',  ( -0.7071067811865482389, -0.7071067811865469066, -0.000000000000000000 ) ) ;
#794 = EDGE_LOOP ( 'NONE', ( #2641, #3948 ) ) ;
#795 = CIRCLE ( 'NONE', #3314, 2.149999999999999023 ) ;
#796 = VERTEX_POINT ( 'NONE', #3000 ) ;
#797 = AXIS2_PLACEMENT_3D ( 'NONE', #2547, #1353, #2155 ) ;
#798 = DIRECTION ( 'NONE',  ( 0.000000000000000000, 0.000000000000000000, 1.000000000000000000 ) ) ;
#799 = DIRECTION ( 'NONE',  ( 1.000000000000000000, 0.000000000000000000, 0.000000000000000000 ) ) ;
#800 = EDGE_CURVE ( 'NONE', #1564, #3149, #1048, .T. ) ;
#801 = ORIENTED_EDGE ( 'NONE', *, *, #1682, .T. ) ;
#802 = FACE_BOUND ( 'NONE', #2586, .T. ) ;
#803 = CARTESIAN_POINT ( 'NONE',  ( 9.000000000000017764, 30.00000000000000711, 30.00000000000000000 ) ) ;
#804 = CARTESIAN_POINT ( 'NONE',  ( 18.80000000000003979, -97.00000000000000000, 10.84999999999996767 ) ) ;
#805 = EDGE_LOOP ( 'NONE', ( #300, #4561, #3099, #1208 ) ) ;
#806 = DIRECTION ( 'NONE',  ( 0.000000000000000000, 0.000000000000000000, -1.000000000000000000 ) ) ;
#807 = LINE ( 'NONE', #1647, #2312 ) ;
#808 = EDGE_CURVE ( 'NONE', #666, #1111, #631, .T. ) ;
#809 = CARTESIAN_POINT ( 'NONE',  ( -15.23201039154735170, 9.229718588505949839, -30.00000000000000000 ) ) ;
#810 = DIRECTION ( 'NONE',  ( -1.000000000000000000, 0.000000000000000000, 0.000000000000000000 ) ) ;
#811 = FACE_OUTER_BOUND ( 'NONE', #4395, .T. ) ;
#812 = DIRECTION ( 'NONE',  ( 0.000000000000000000, 1.000000000000000000, 0.000000000000000000 ) ) ;
#813 = ADVANCED_FACE ( 'NONE', ( #1791, #994, #1763, #2294, #3026, #2608, #1472, #4178, #4204, #3859, #604, #2244, #239, #3808, #1866, #2191 ), #2220, .T. ) ;
#814 = AXIS2_PLACEMENT_3D ( 'NONE', #1252, #4776, #70 ) ;
#815 = ORIENTED_EDGE ( 'NONE', *, *, #2396, .T. ) ;
#816 = ORIENTED_EDGE ( 'NONE', *, *, #3277, .F. ) ;
#817 = VERTEX_POINT ( 'NONE', #1445 ) ;
#818 = FACE_OUTER_BOUND ( 'NONE', #3691, .T. ) ;
#819 = CARTESIAN_POINT ( 'NONE',  ( -19.99999999999999645, -46.61321960076966064, 27.00000000000000000 ) ) ;
#820 = CARTESIAN_POINT ( 'NONE',  ( 2.020281411491510859, -6.482010391546610961, -27.00000000000001066 ) ) ;
#821 = ORIENTED_EDGE ( 'NONE', *, *, #2327, .T. ) ;
#822 = VERTEX_POINT ( 'NONE', #1022 ) ;
#823 = CARTESIAN_POINT ( 'NONE',  ( -20.24999999999998934, -20.25000000000002842, -30.00000000000000000 ) ) ;
#824 = DIRECTION ( 'NONE',  ( -0.7071067811865477948, -0.7071067811865473507, -0.000000000000000000 ) ) ;
#825 = VECTOR ( 'NONE', #4281, 1000.000000000000000 ) ;
#826 = ORIENTED_EDGE ( 'NONE', *, *, #552, .T. ) ;
#827 = DIRECTION ( 'NONE',  ( 1.000000000000000000, 0.000000000000000000, 0.000000000000000000 ) ) ;
#828 = DIRECTION ( 'NONE',  ( 0.7071067811865482389, -0.7071067811865469066, 0.000000000000000000 ) ) ;
#829 = ORIENTED_EDGE ( 'NONE', *, *, #3248, .F. ) ;
#830 = DIRECTION ( 'NONE',  ( -0.000000000000000000, -0.000000000000000000, -1.000000000000000000 ) ) ;
#831 = DIRECTION ( 'NONE',  ( 0.000000000000000000, 0.000000000000000000, -1.000000000000000000 ) ) ;
#832 = AXIS2_PLACEMENT_3D ( 'NONE', #2309, #1542, #4773 ) ;
#833 = DIRECTION ( 'NONE',  ( -1.000000000000000000, -0.000000000000000000, 0.000000000000000000 ) ) ;
#834 = DIRECTION ( 'NONE',  ( -1.000000000000000000, -0.000000000000000000, -0.000000000000000000 ) ) ;
#835 = ADVANCED_FACE ( 'NONE', ( #186 ), #4628, .F. ) ;
#836 = LINE ( 'NONE', #1680, #3847 ) ;
#837 = LINE ( 'NONE', #3727, #1452 ) ;
#838 = EDGE_LOOP ( 'NONE', ( #3343, #2825, #2544, #1892 ) ) ;
#839 = VERTEX_POINT ( 'NONE', #1840 ) ;
#840 = DIRECTION ( 'NONE',  ( 0.000000000000000000, 0.000000000000000000, 1.000000000000000000 ) ) ;
#841 = CARTESIAN_POINT ( 'NONE',  ( 17.00000000000004974, -50.84999999999999432, -16.92499999999999716 ) ) ;
#842 = EDGE_CURVE ( 'NONE', #919, #30, #3440, .T. ) ;
#843 = EDGE_CURVE ( 'NONE', #2856, #883, #4858, .T. ) ;
#844 = AXIS2_PLACEMENT_3D ( 'NONE', #3435, #282, #1068 ) ;
#845 = AXIS2_PLACEMENT_3D ( 'NONE', #2040, #1693, #4480 ) ;
#846 = DIRECTION ( 'NONE',  ( 0.000000000000000000, 0.000000000000000000, -1.000000000000000000 ) ) ;
#847 = ORIENTED_EDGE ( 'NONE', *, *, #936, .T. ) ;
#848 = VERTEX_POINT ( 'NONE', #4680 ) ;
#849 = DIRECTION ( 'NONE',  ( -0.000000000000000000, -0.000000000000000000, -1.000000000000000000 ) ) ;
#850 = VECTOR ( 'NONE', #5024, 1000.000000000000000 ) ;
#851 = LINE ( 'NONE', #457, #2400 ) ;
#852 = VECTOR ( 'NONE', #500, 1000.000000000000000 ) ;
#853 = EDGE_LOOP ( 'NONE', ( #690, #5057 ) ) ;
#854 = CARTESIAN_POINT ( 'NONE',  ( 20.00000000000000000, -108.9999999999999858, -30.00000000000000000 ) ) ;
#855 = DIRECTION ( 'NONE',  ( 0.000000000000000000, -1.000000000000000000, -2.090028284309402297E-16 ) ) ;
#856 = AXIS2_PLACEMENT_3D ( 'NONE', #436, #383, #4456 ) ;
#857 = ORIENTED_EDGE ( 'NONE', *, *, #719, .F. ) ;
#858 = CARTESIAN_POINT ( 'NONE',  ( -10.48855206734722323, 9.509820919957515883, 27.00000000000000000 ) ) ;
#859 = DIRECTION ( 'NONE',  ( 1.000000000000000000, 0.000000000000000000, 0.000000000000000000 ) ) ;
#860 = AXIS2_PLACEMENT_3D ( 'NONE', #1267, #88, #2955 ) ;
#861 = LINE ( 'NONE', #1732, #4356 ) ;
#862 = CARTESIAN_POINT ( 'NONE',  ( -18.64999999999999858, -30.99999999999995737, -30.00000000000000000 ) ) ;
#863 = CARTESIAN_POINT ( 'NONE',  ( 17.00000000000003908, -105.3000000000000540, 10.85000000000000142 ) ) ;
#864 = LINE ( 'NONE', #2476, #1197 ) ;
#865 = EDGE_CURVE ( 'NONE', #1111, #4684, #1072, .T. ) ;
#866 = ORIENTED_EDGE ( 'NONE', *, *, #1871, .F. ) ;
#867 = ORIENTED_EDGE ( 'NONE', *, *, #1119, .F. ) ;
#868 = ORIENTED_EDGE ( 'NONE', *, *, #1826, .F. ) ;
#869 = CARTESIAN_POINT ( 'NONE',  ( 8.550840296494985893, -120.0000000000000000, 30.00000000000000000 ) ) ;
#870 = DIRECTION ( 'NONE',  ( 1.000000000000000000, 0.000000000000000000, 0.000000000000000000 ) ) ;
#871 = DIRECTION ( 'NONE',  ( -1.000000000000000000, -0.000000000000000000, -0.000000000000000000 ) ) ;
#872 = VERTEX_POINT ( 'NONE', #681 ) ;
#873 = EDGE_CURVE ( 'NONE', #3543, #325, #2594, .T. ) ;
#874 = EDGE_LOOP ( 'NONE', ( #1686, #3491 ) ) ;
#875 = DIRECTION ( 'NONE',  ( 0.000000000000000000, 0.000000000000000000, -1.000000000000000000 ) ) ;
#876 = AXIS2_PLACEMENT_3D ( 'NONE', #2216, #4174, #3386 ) ;
#877 = FACE_BOUND ( 'NONE', #4201, .T. ) ;
#878 = EDGE_CURVE ( 'NONE', #4665, #781, #3513, .T. ) ;
#879 = AXIS2_PLACEMENT_3D ( 'NONE', #2554, #1362, #4699 ) ;
#880 = EDGE_LOOP ( 'NONE', ( #1637, #5189, #5186, #4718 ) ) ;
#881 = CARTESIAN_POINT ( 'NONE',  ( 16.48201039154661984, 10.77028141149406260, -30.00000000000000000 ) ) ;
#882 = DIRECTION ( 'NONE',  ( 1.000000000000000000, 0.000000000000000000, 0.000000000000000000 ) ) ;
#883 = VERTEX_POINT ( 'NONE', #1922 ) ;
#884 = LINE ( 'NONE', #5002, #2919 ) ;
#885 = DIRECTION ( 'NONE',  ( 0.000000000000000000, 0.000000000000000000, 1.000000000000000000 ) ) ;
#886 = LINE ( 'NONE', #2075, #1757 ) ;
#887 = LINE ( 'NONE', #2498, #4510 ) ;
#888 = DIRECTION ( 'NONE',  ( 1.000000000000000000, 0.000000000000000000, 0.000000000000000000 ) ) ;
#889 = DIRECTION ( 'NONE',  ( -0.000000000000000000, -0.000000000000000000, -1.000000000000000000 ) ) ;
#890 = ORIENTED_EDGE ( 'NONE', *, *, #1545, .F. ) ;
#891 = VERTEX_POINT ( 'NONE', #3199 ) ;
#892 = ORIENTED_EDGE ( 'NONE', *, *, #390, .T. ) ;
#893 = CARTESIAN_POINT ( 'NONE',  ( 18.80000000000003979, -54.99999999999999289, 10.84999999999996767 ) ) ;
#894 = CARTESIAN_POINT ( 'NONE',  ( 16.48201039154661984, 10.77028141149406260, 30.00000000000000000 ) ) ;
#895 = APPLICATION_CONTEXT ( 'automotive_design' ) ;
#896 = ADVANCED_FACE ( 'NONE', ( #287 ), #1951, .F. ) ;
#897 = DIRECTION ( 'NONE',  ( -1.000000000000000000, -1.734723475976807341E-16, -0.000000000000000000 ) ) ;
#898 = DIRECTION ( 'NONE',  ( 0.7071067811865482389, -0.7071067811865469066, 0.000000000000000000 ) ) ;
#899 = AXIS2_PLACEMENT_3D ( 'NONE', #858, #1597, #2471 ) ;
#900 = AXIS2_PLACEMENT_3D ( 'NONE', #4834, #834, #3304 ) ;
#901 = ORIENTED_EDGE ( 'NONE', *, *, #3130, .F. ) ;
#902 = DIRECTION ( 'NONE',  ( 0.000000000000000000, -1.000000000000000000, -2.717036769602218328E-15 ) ) ;
#903 = VECTOR ( 'NONE', #322, 1000.000000000000000 ) ;
#904 = EDGE_CURVE ( 'NONE', #3730, #1250, #4780, .T. ) ;
#905 = EDGE_LOOP ( 'NONE', ( #4828, #4904, #82, #4262 ) ) ;
#906 = AXIS2_PLACEMENT_3D ( 'NONE', #2166, #2087, #4525 ) ;
#907 = ORIENTED_EDGE ( 'NONE', *, *, #5181, .T. ) ;
#908 = DIRECTION ( 'NONE',  ( 0.000000000000000000, -1.000000000000000000, 2.717036769602215961E-15 ) ) ;
#909 = ORIENTED_EDGE ( 'NONE', *, *, #1676, .T. ) ;
#910 = ADVANCED_FACE ( 'NONE', ( #2372 ), #369, .F. ) ;
#911 = EDGE_CURVE ( 'NONE', #3080, #1934, #2714, .T. ) ;
#912 = CARTESIAN_POINT ( 'NONE',  ( -17.00000000000000000, -40.99999999999996447, 30.00000000000000000 ) ) ;
#913 = CARTESIAN_POINT ( 'NONE',  ( -0.4901790800424903338, 20.48855206734722501, 30.00000000000000000 ) ) ;
#914 = CARTESIAN_POINT ( 'NONE',  ( -10.48855206734722323, 9.509820919957515883, 50.00000000000000000 ) ) ;
#915 = CARTESIAN_POINT ( 'NONE',  ( 1.640179080039923853, -0.4885520673472143471, -27.00000000000001066 ) ) ;
#916 = AXIS2_PLACEMENT_3D ( 'NONE', #3928, #4298, #1942 ) ;
#917 = DIRECTION ( 'NONE',  ( -1.000000000000000000, 0.000000000000000000, 0.000000000000000000 ) ) ;
#918 = EDGE_LOOP ( 'NONE', ( #901, #3125, #4596, #1114 ) ) ;
#919 = VERTEX_POINT ( 'NONE', #2398 ) ;
#920 = ORIENTED_EDGE ( 'NONE', *, *, #5170, .F. ) ;
#921 = CARTESIAN_POINT ( 'NONE',  ( -16.48201039154661984, 9.229718588505949839, -27.00000000000001066 ) ) ;
#922 = CARTESIAN_POINT ( 'NONE',  ( 10.00000000000000000, -100.2699999999999960, -4.924999999999998934 ) ) ;
#923 = DIRECTION ( 'NONE',  ( 0.000000000000000000, 0.000000000000000000, 1.000000000000000000 ) ) ;
#924 = DIRECTION ( 'NONE',  ( 0.000000000000000000, 1.000000000000000000, 2.377407173401953017E-15 ) ) ;
#925 = ORIENTED_EDGE ( 'NONE', *, *, #878, .T. ) ;
#926 = CIRCLE ( 'NONE', #3864, 1.650000000000000355 ) ;
#927 = EDGE_LOOP ( 'NONE', ( #857, #1337, #3160, #1790 ) ) ;
#928 = EDGE_CURVE ( 'NONE', #755, #2735, #5037, .T. ) ;
#929 = ORIENTED_EDGE ( 'NONE', *, *, #712, .T. ) ;
#930 = CARTESIAN_POINT ( 'NONE',  ( -7.999999999999958256, -46.49999999999998579, -5.000000000000000000 ) ) ;
#931 = VERTEX_POINT ( 'NONE', #3522 ) ;
#932 = CARTESIAN_POINT ( 'NONE',  ( 18.80000000000003979, -54.99999999999999289, 8.850000000000003197 ) ) ;
#933 = LINE ( 'NONE', #5031, #1890 ) ;
#934 = VECTOR ( 'NONE', #360, 1000.000000000000000 ) ;
#935 = ADVANCED_FACE ( 'NONE', ( #4308 ), #3150, .F. ) ;
#936 = EDGE_CURVE ( 'NONE', #4978, #2047, #1524, .T. ) ;
#937 = AXIS2_PLACEMENT_3D ( 'NONE', #930, #1349, #2543 ) ;
#938 = DIRECTION ( 'NONE',  ( 0.000000000000000000, 1.000000000000000000, 0.000000000000000000 ) ) ;
#939 = DIRECTION ( 'NONE',  ( -0.000000000000000000, -0.000000000000000000, 1.000000000000000000 ) ) ;
#940 = CARTESIAN_POINT ( 'NONE',  ( 18.80000000000003979, -97.00000000000000000, 0.9999999999999781286 ) ) ;
#941 = CYLINDRICAL_SURFACE ( 'NONE', #995, 2.150000000000004352 ) ;
#942 = DIRECTION ( 'NONE',  ( -1.000000000000000000, -0.000000000000000000, -0.000000000000000000 ) ) ;
#943 = CIRCLE ( 'NONE', #4052, 2.150000000000004352 ) ;
#944 = EDGE_CURVE ( 'NONE', #1136, #666, #2791, .T. ) ;
#945 = EDGE_LOOP ( 'NONE', ( #2348, #1915 ) ) ;
#946 = ORIENTED_EDGE ( 'NONE', *, *, #142, .F. ) ;
#947 = FACE_OUTER_BOUND ( 'NONE', #1529, .T. ) ;
#948 = DIRECTION ( 'NONE',  ( 1.000000000000000000, 0.000000000000000000, 0.000000000000000000 ) ) ;
#949 = AXIS2_PLACEMENT_3D ( 'NONE', #4227, #4621, #4569 ) ;
#950 = LINE ( 'NONE', #3809, #4474 ) ;
#951 = DIRECTION ( 'NONE',  ( 0.000000000000000000, -1.000000000000000000, -3.553048083325977965E-15 ) ) ;
#952 = ORIENTED_EDGE ( 'NONE', *, *, #1683, .F. ) ;
#953 = ORIENTED_EDGE ( 'NONE', *, *, #2846, .T. ) ;
#954 = ORIENTED_EDGE ( 'NONE', *, *, #4, .F. ) ;
#955 = DIRECTION ( 'NONE',  ( 0.000000000000000000, 0.000000000000000000, 1.000000000000000000 ) ) ;
#956 = ORIENTED_EDGE ( 'NONE', *, *, #4668, .F. ) ;
#957 = ADVANCED_FACE ( 'NONE', ( #4387 ), #3970, .F. ) ;
#958 = FACE_OUTER_BOUND ( 'NONE', #5160, .T. ) ;
#959 = CARTESIAN_POINT ( 'NONE',  ( 15.23201039154588621, 10.77028141149406260, 50.00000000000000000 ) ) ;
#960 = DIRECTION ( 'NONE',  ( 0.000000000000000000, 0.000000000000000000, 1.000000000000000000 ) ) ;
#961 = CARTESIAN_POINT ( 'NONE',  ( 18.80000000000003979, -46.69999999999996021, -10.84999999999994991 ) ) ;
#962 = EDGE_CURVE ( 'NONE', #2427, #694, #9, .T. ) ;
#963 = FACE_OUTER_BOUND ( 'NONE', #1738, .T. ) ;
#964 = CARTESIAN_POINT ( 'NONE',  ( -7.999999999999958256, -43.49999999999999289, 3.349999999999999645 ) ) ;
#965 = DIRECTION ( 'NONE',  ( 0.000000000000000000, 0.000000000000000000, 1.000000000000000000 ) ) ;
#966 = ORIENTED_EDGE ( 'NONE', *, *, #1834, .F. ) ;
#967 = ORIENTED_EDGE ( 'NONE', *, *, #3501, .F. ) ;
#968 = CARTESIAN_POINT ( 'NONE',  ( 18.80000000000003979, -46.69999999999985363, 0.9999999999999861222 ) ) ;
#969 = EDGE_CURVE ( 'NONE', #3812, #817, #2422, .T. ) ;
#970 = EDGE_CURVE ( 'NONE', #1382, #3915, #1497, .T. ) ;
#971 = FACE_BOUND ( 'NONE', #4370, .T. ) ;
#972 = FACE_OUTER_BOUND ( 'NONE', #2674, .T. ) ;
#973 = ORIENTED_EDGE ( 'NONE', *, *, #2649, .T. ) ;
#974 = CARTESIAN_POINT ( 'NONE',  ( 13.00000000000000178, -115.9999999999999858, 27.00000000000000000 ) ) ;
#975 = CIRCLE ( 'NONE', #4755, 1.149999999997434852 ) ;
#976 = ORIENTED_EDGE ( 'NONE', *, *, #944, .F. ) ;
#977 = AXIS2_PLACEMENT_3D ( 'NONE', #171, #618, #3720 ) ;
#978 = DIRECTION ( 'NONE',  ( 0.000000000000000000, 0.000000000000000000, -1.000000000000000000 ) ) ;
#979 = ORIENTED_EDGE ( 'NONE', *, *, #936, .F. ) ;
#980 = CARTESIAN_POINT ( 'NONE',  ( -10.99999999999995737, 0.000000000000000000, 0.000000000000000000 ) ) ;
#981 = DIRECTION ( 'NONE',  ( 0.000000000000000000, 0.000000000000000000, 1.000000000000000000 ) ) ;
#982 = CARTESIAN_POINT ( 'NONE',  ( -15.23201039154735170, 9.229718588505949839, 50.00000000000000000 ) ) ;
#983 = LINE ( 'NONE', #4168, #4692 ) ;
#984 = DIRECTION ( 'NONE',  ( -0.000000000000000000, -0.000000000000000000, -1.000000000000000000 ) ) ;
#985 = ORIENTED_EDGE ( 'NONE', *, *, #223, .T. ) ;
#986 = CARTESIAN_POINT ( 'NONE',  ( -19.99999999999999645, -49.99999999999997868, -27.00000000000000355 ) ) ;
#987 = LINE ( 'NONE', #2215, #3534 ) ;
#988 = DIRECTION ( 'NONE',  ( 0.000000000000000000, 0.000000000000000000, 1.000000000000000000 ) ) ;
#989 = AXIS2_PLACEMENT_3D ( 'NONE', #2740, #4333, #3940 ) ;
#990 = VECTOR ( 'NONE', #3910, 1000.000000000000000 ) ;
#991 = ORIENTED_EDGE ( 'NONE', *, *, #4668, .T. ) ;
#992 = EDGE_LOOP ( 'NONE', ( #4354, #2151, #3504, #2713 ) ) ;
#993 = ADVANCED_FACE ( 'NONE', ( #3596 ), #5173, .F. ) ;
#994 = FACE_BOUND ( 'NONE', #613, .T. ) ;
#995 = AXIS2_PLACEMENT_3D ( 'NONE', #4147, #4593, #2920 ) ;
#996 = FACE_OUTER_BOUND ( 'NONE', #3802, .T. ) ;
#997 = DIRECTION ( 'NONE',  ( 1.000000000000000000, 0.000000000000000000, 0.000000000000000000 ) ) ;
#998 = AXIS2_PLACEMENT_3D ( 'NONE', #672, #3486, #3118 ) ;
#999 = ORIENTED_EDGE ( 'NONE', *, *, #3795, .T. ) ;
#1000 = EDGE_CURVE ( 'NONE', #169, #2693, #1124, .T. ) ;
#1001 = EDGE_CURVE ( 'NONE', #1071, #4735, #2342, .T. ) ;
#1002 = DIRECTION ( 'NONE',  ( 1.000000000000000000, 0.000000000000000000, 0.000000000000000000 ) ) ;
#1003 = EDGE_LOOP ( 'NONE', ( #4060, #2170, #1669, #2612, #23, #1821, #6, #2226 ) ) ;
#1004 = EDGE_LOOP ( 'NONE', ( #3539, #3034, #664, #3526 ) ) ;
#1005 = LINE ( 'NONE', #2938, #3621 ) ;
#1006 = EDGE_LOOP ( 'NONE', ( #1711, #1874 ) ) ;
#1007 = FILL_AREA_STYLE ('',( #4612 ) ) ;
#1008 = AXIS2_PLACEMENT_3D ( 'NONE', #3584, #2410, #1588 ) ;
#1009 = CARTESIAN_POINT ( 'NONE',  ( -18.64999999999999858, -40.99999999999996447, 39.99999999999999289 ) ) ;
#1010 = CARTESIAN_POINT ( 'NONE',  ( -10.99999999999995737, -46.49999999999999289, 27.00000000000000000 ) ) ;
#1011 = DIRECTION ( 'NONE',  ( -0.000000000000000000, -0.000000000000000000, -1.000000000000000000 ) ) ;
#1012 = CARTESIAN_POINT ( 'NONE',  ( -9.000000000000017764, -54.99999999999999289, -30.00000000000000000 ) ) ;
#1013 = ORIENTED_EDGE ( 'NONE', *, *, #2397, .F. ) ;
#1014 = CARTESIAN_POINT ( 'NONE',  ( 17.00000000000004619, -34.99999999999999289, -47.22374841615668828 ) ) ;
#1015 = CARTESIAN_POINT ( 'NONE',  ( 18.80000000000003979, -46.69999999999996021, 10.84999999999994813 ) ) ;
#1016 = VECTOR ( 'NONE', #2572, 1000.000000000000000 ) ;
#1017 = CARTESIAN_POINT ( 'NONE',  ( -18.64999999999999858, -40.99999999999996447, -27.00000000000001066 ) ) ;
#1018 = VECTOR ( 'NONE', #3718, 1000.000000000000000 ) ;
#1019 = VERTEX_POINT ( 'NONE', #3174 ) ;
#1020 = EDGE_LOOP ( 'NONE', ( #11, #286, #4842, #427 ) ) ;
#1021 = VECTOR ( 'NONE', #2324, 1000.000000000000000 ) ;
#1022 = CARTESIAN_POINT ( 'NONE',  ( -7.999999999999958256, -46.49999999999998579, 6.650000000000001243 ) ) ;
#1023 = VECTOR ( 'NONE', #4500, 1000.000000000000000 ) ;
#1024 = EDGE_CURVE ( 'NONE', #2986, #359, #926, .T. ) ;
#1025 = FACE_BOUND ( 'NONE', #4739, .T. ) ;
#1026 = CARTESIAN_POINT ( 'NONE',  ( -18.64999999999999858, -40.99999999999996447, 39.99999999999999289 ) ) ;
#1027 = VERTEX_POINT ( 'NONE', #862 ) ;
#1028 = DIRECTION ( 'NONE',  ( -0.000000000000000000, -0.000000000000000000, -1.000000000000000000 ) ) ;
#1029 = ADVANCED_FACE ( 'NONE', ( #2076 ), #51, .F. ) ;
#1030 = VERTEX_POINT ( 'NONE', #2134 ) ;
#1031 = VERTEX_POINT ( 'NONE', #2024 ) ;
#1032 = DIRECTION ( 'NONE',  ( 0.000000000000000000, 0.000000000000000000, 1.000000000000000000 ) ) ;
#1033 = EDGE_CURVE ( 'NONE', #1295, #1713, #4285, .T. ) ;
#1034 = DIRECTION ( 'NONE',  ( -1.000000000000000000, -0.000000000000000000, -0.000000000000000000 ) ) ;
#1035 = DIRECTION ( 'NONE',  ( 0.000000000000000000, 1.000000000000000000, 0.000000000000000000 ) ) ;
#1036 = DIRECTION ( 'NONE',  ( -0.000000000000000000, -1.000000000000000000, 0.000000000000000000 ) ) ;
#1037 = LINE ( 'NONE', #2946, #4609 ) ;
#1038 = DIRECTION ( 'NONE',  ( 1.000000000000000000, 0.000000000000000000, 0.000000000000000000 ) ) ;
#1039 = ORIENTED_EDGE ( 'NONE', *, *, #3025, .F. ) ;
#1040 = AXIS2_PLACEMENT_3D ( 'NONE', #3571, #1093, #310 ) ;
#1041 = CARTESIAN_POINT ( 'NONE',  ( 10.00000000000000000, -50.84999999999999432, -2.775000000000000355 ) ) ;
#1042 = DIRECTION ( 'NONE',  ( 0.7071067811865477948, 0.7071067811865473507, 0.000000000000000000 ) ) ;
#1043 = CARTESIAN_POINT ( 'NONE',  ( 20.00000000000000000, -29.99999999999999289, -30.00000000000000000 ) ) ;
#1044 = AXIS2_PLACEMENT_3D ( 'NONE', #2806, #4399, #799 ) ;
#1045 = VECTOR ( 'NONE', #2969, 1000.000000000000000 ) ;
#1046 = ORIENTED_EDGE ( 'NONE', *, *, #142, .T. ) ;
#1047 = ORIENTED_EDGE ( 'NONE', *, *, #65, .T. ) ;
#1048 = LINE ( 'NONE', #5045, #1498 ) ;
#1049 = CARTESIAN_POINT ( 'NONE',  ( 13.99999999999999645, -26.50000000000000355, -35.00000000000000000 ) ) ;
#1050 = LINE ( 'NONE', #2639, #2765 ) ;
#1051 = ORIENTED_EDGE ( 'NONE', *, *, #1579, .T. ) ;
#1052 = VERTEX_POINT ( 'NONE', #2474 ) ;
#1053 = DIRECTION ( 'NONE',  ( 0.000000000000000000, 1.000000000000000000, 0.000000000000000000 ) ) ;
#1054 = EDGE_CURVE ( 'NONE', #796, #2621, #466, .T. ) ;
#1055 = ORIENTED_EDGE ( 'NONE', *, *, #2388, .F. ) ;
#1056 = VERTEX_POINT ( 'NONE', #3329 ) ;
#1057 = EDGE_LOOP ( 'NONE', ( #1630, #4928 ) ) ;
#1058 = EDGE_CURVE ( 'NONE', #2960, #3411, #4886, .T. ) ;
#1059 = DIRECTION ( 'NONE',  ( -0.000000000000000000, -0.000000000000000000, 1.000000000000000000 ) ) ;
#1060 = AXIS2_PLACEMENT_3D ( 'NONE', #1224, #806, #3271 ) ;
#1061 = CARTESIAN_POINT ( 'NONE',  ( -4.000000000000000000, 10.00000000000000533, -26.99999999999999645 ) ) ;
#1062 = EDGE_CURVE ( 'NONE', #4406, #1372, #2895, .T. ) ;
#1063 = CARTESIAN_POINT ( 'NONE',  ( 17.00000000000000000, -97.00000000000000000, -30.00000000000000000 ) ) ;
#1064 = EDGE_CURVE ( 'NONE', #1052, #1019, #1572, .T. ) ;
#1065 = DIRECTION ( 'NONE',  ( 1.000000000000000000, 0.000000000000000000, 0.000000000000000000 ) ) ;
#1066 = VERTEX_POINT ( 'NONE', #3226 ) ;
#1067 = FACE_OUTER_BOUND ( 'NONE', #4559, .T. ) ;
#1068 = DIRECTION ( 'NONE',  ( 1.000000000000000000, 0.000000000000000000, 0.000000000000000000 ) ) ;
#1069 = LINE ( 'NONE', #4305, #2818 ) ;
#1070 = VERTEX_POINT ( 'NONE', #4014 ) ;
#1071 = VERTEX_POINT ( 'NONE', #1229 ) ;
#1072 = LINE ( 'NONE', #2687, #3011 ) ;
#1073 = DIRECTION ( 'NONE',  ( 0.000000000000000000, 0.000000000000000000, -1.000000000000000000 ) ) ;
#1074 = DIRECTION ( 'NONE',  ( 0.000000000000000000, 0.000000000000000000, 1.000000000000000000 ) ) ;
#1075 = EDGE_LOOP ( 'NONE', ( #2338, #4573 ) ) ;
#1076 = ORIENTED_EDGE ( 'NONE', *, *, #4268, .T. ) ;
#1077 = DIRECTION ( 'NONE',  ( -0.000000000000000000, -0.000000000000000000, 1.000000000000000000 ) ) ;
#1078 = CIRCLE ( 'NONE', #2347, 1.249999999997455813 ) ;
#1079 = ORIENTED_EDGE ( 'NONE', *, *, #2716, .T. ) ;
#1080 = VECTOR ( 'NONE', #4616, 1000.000000000000000 ) ;
#1081 = ORIENTED_EDGE ( 'NONE', *, *, #1879, .T. ) ;
#1082 = VERTEX_POINT ( 'NONE', #4042 ) ;
#1083 = DIRECTION ( 'NONE',  ( 0.000000000000000000, 0.000000000000000000, 1.000000000000000000 ) ) ;
#1084 = ADVANCED_FACE ( 'NONE', ( #27 ), #2843, .F. ) ;
#1085 = VECTOR ( 'NONE', #1291, 1000.000000000000000 ) ;
#1086 = FACE_OUTER_BOUND ( 'NONE', #5135, .T. ) ;
#1087 = PLANE ( 'NONE',  #3685 ) ;
#1088 = CARTESIAN_POINT ( 'NONE',  ( -18.64999999999999858, -40.99999999999996447, 30.00000000000000000 ) ) ;
#1089 = ORIENTED_EDGE ( 'NONE', *, *, #5174, .F. ) ;
#1090 = AXIS2_PLACEMENT_3D ( 'NONE', #1989, #380, #2064 ) ;
#1091 = CYLINDRICAL_SURFACE ( 'NONE', #2670, 1.650000000000000355 ) ;
#1092 = FACE_OUTER_BOUND ( 'NONE', #401, .T. ) ;
#1093 = DIRECTION ( 'NONE',  ( 1.000000000000000000, 0.000000000000000000, 0.000000000000000000 ) ) ;
#1094 = EDGE_CURVE ( 'NONE', #4590, #789, #887, .T. ) ;
#1095 = ORIENTED_EDGE ( 'NONE', *, *, #2841, .F. ) ;
#1096 = EDGE_LOOP ( 'NONE', ( #261, #2901, #3932, #1775 ) ) ;
#1097 = DIRECTION ( 'NONE',  ( 0.000000000000000000, 0.000000000000000000, -1.000000000000000000 ) ) ;
#1098 = VECTOR ( 'NONE', #2258, 1000.000000000000000 ) ;
#1099 = CARTESIAN_POINT ( 'NONE',  ( 11.49999999999999645, -28.99999999999999645, -27.00000000000000355 ) ) ;
#1100 = ADVANCED_FACE ( 'NONE', ( #1650 ), #3275, .F. ) ;
#1101 = CARTESIAN_POINT ( 'NONE',  ( 17.00000000000003908, -46.69999999999996021, -8.849999999999981881 ) ) ;
#1102 = EDGE_CURVE ( 'NONE', #5016, #353, #2754, .T. ) ;
#1103 = CIRCLE ( 'NONE', #5137, 1.250000000000733191 ) ;
#1104 = ORIENTED_EDGE ( 'NONE', *, *, #234, .F. ) ;
#1105 = CIRCLE ( 'NONE', #937, 1.650000000000000355 ) ;
#1106 = EDGE_LOOP ( 'NONE', ( #2242, #1055, #1223, #3554 ) ) ;
#1107 = DIRECTION ( 'NONE',  ( 0.000000000000000000, 0.000000000000000000, -1.000000000000000000 ) ) ;
#1108 = DIRECTION ( 'NONE',  ( 0.000000000000000000, 0.000000000000000000, -1.000000000000000000 ) ) ;
#1109 = VERTEX_POINT ( 'NONE', #415 ) ;
#1110 = VECTOR ( 'NONE', #5151, 999.9999999999998863 ) ;
#1111 = VERTEX_POINT ( 'NONE', #1307 ) ;
#1112 = ORIENTED_EDGE ( 'NONE', *, *, #3733, .T. ) ;
#1113 = CARTESIAN_POINT ( 'NONE',  ( 9.000000000000017764, 30.00000000000000711, 27.00000000000000000 ) ) ;
#1114 = ORIENTED_EDGE ( 'NONE', *, *, #611, .F. ) ;
#1115 = CARTESIAN_POINT ( 'NONE',  ( 18.80000000000003979, -97.00000000000000000, -10.84999999999996767 ) ) ;
#1116 = CARTESIAN_POINT ( 'NONE',  ( 13.99999999999999645, -21.50000000000000000, -35.00000000000000000 ) ) ;
#1117 = CARTESIAN_POINT ( 'NONE',  ( 20.00000000000004974, -54.99999999999999289, -47.22374841615668828 ) ) ;
#1118 = ORIENTED_EDGE ( 'NONE', *, *, #4411, .F. ) ;
#1119 = EDGE_CURVE ( 'NONE', #506, #4649, #2448, .T. ) ;
#1120 = LINE ( 'NONE', #4650, #2332 ) ;
#1121 = LINE ( 'NONE', #2734, #3062 ) ;
#1122 = EDGE_LOOP ( 'NONE', ( #3974, #1234, #146, #3922 ) ) ;
#1123 = ORIENTED_EDGE ( 'NONE', *, *, #1941, .T. ) ;
#1124 = LINE ( 'NONE', #4331, #4788 ) ;
#1125 = EDGE_CURVE ( 'NONE', #1435, #1071, #4518, .T. ) ;
#1126 = CARTESIAN_POINT ( 'NONE',  ( 9.540979117872435864E-15, -54.99999999999999289, -30.00000000000000000 ) ) ;
#1127 = AXIS2_PLACEMENT_3D ( 'NONE', #2315, #1949, #366 ) ;
#1128 = LINE ( 'NONE', #2263, #3929 ) ;
#1129 = VERTEX_POINT ( 'NONE', #1255 ) ;
#1130 = ORIENTED_EDGE ( 'NONE', *, *, #4701, .T. ) ;
#1131 = FACE_OUTER_BOUND ( 'NONE', #156, .T. ) ;
#1132 = DIRECTION ( 'NONE',  ( 0.000000000000000000, 1.000000000000000000, 0.000000000000000000 ) ) ;
#1133 = ADVANCED_FACE ( 'NONE', ( #4860 ), #4096, .F. ) ;
#1134 = ADVANCED_FACE ( 'NONE', ( #1331 ), #4119, .F. ) ;
#1135 = DIRECTION ( 'NONE',  ( 0.000000000000000000, 0.000000000000000000, -1.000000000000000000 ) ) ;
#1136 = VERTEX_POINT ( 'NONE', #4145 ) ;
#1137 = ORIENTED_EDGE ( 'NONE', *, *, #4410, .F. ) ;
#1138 = ORIENTED_EDGE ( 'NONE', *, *, #1618, .T. ) ;
#1139 = CARTESIAN_POINT ( 'NONE',  ( 20.00000000000004263, -34.99999999999999289, -47.22374841615668828 ) ) ;
#1140 = VERTEX_POINT ( 'NONE', #2260 ) ;
#1141 = LINE ( 'NONE', #1881, #1271 ) ;
#1142 = DIRECTION ( 'NONE',  ( 0.000000000000000000, 1.000000000000000000, 3.553048083325977965E-15 ) ) ;
#1143 = LINE ( 'NONE', #1117, #3688 ) ;
#1144 = VERTEX_POINT ( 'NONE', #568 ) ;
#1145 = LINE ( 'NONE', #2762, #3502 ) ;
#1146 = AXIS2_PLACEMENT_3D ( 'NONE', #3488, #701, #2313 ) ;
#1147 = DIRECTION ( 'NONE',  ( -1.000000000000000000, 0.000000000000000000, 0.000000000000000000 ) ) ;
#1148 = AXIS2_PLACEMENT_3D ( 'NONE', #595, #984, #1783 ) ;
#1149 = ORIENTED_EDGE ( 'NONE', *, *, #3433, .F. ) ;
#1150 = VECTOR ( 'NONE', #1376, 1000.000000000000000 ) ;
#1151 = CARTESIAN_POINT ( 'NONE',  ( 8.550840296494985893, -56.61321960076969617, 27.00000000000000000 ) ) ;
#1152 = DIRECTION ( 'NONE',  ( -0.7071067811865483499, -0.7071067811865467956, -0.000000000000000000 ) ) ;
#1153 = AXIS2_PLACEMENT_3D ( 'NONE', #4393, #4816, #4315 ) ;
#1154 = EDGE_CURVE ( 'NONE', #3650, #4264, #1856, .T. ) ;
#1155 = ORIENTED_EDGE ( 'NONE', *, *, #586, .T. ) ;
#1156 = ORIENTED_EDGE ( 'NONE', *, *, #223, .F. ) ;
#1157 = DIRECTION ( 'NONE',  ( -0.7071067811865482389, 0.7071067811865469066, 0.000000000000000000 ) ) ;
#1158 = DIRECTION ( 'NONE',  ( 0.000000000000000000, -1.000000000000000000, -2.090028284309402297E-16 ) ) ;
#1159 = LINE ( 'NONE', #2254, #730 ) ;
#1160 = ORIENTED_EDGE ( 'NONE', *, *, #4541, .T. ) ;
#1161 = EDGE_CURVE ( 'NONE', #285, #2850, #2237, .T. ) ;
#1162 = EDGE_CURVE ( 'NONE', #704, #1726, #2552, .T. ) ;
#1163 = EDGE_LOOP ( 'NONE', ( #1903, #1123, #3778, #774 ) ) ;
#1164 = VERTEX_POINT ( 'NONE', #177 ) ;
#1165 = PLANE ( 'NONE',  #3535 ) ;
#1166 = AXIS2_PLACEMENT_3D ( 'NONE', #3620, #4862, #2475 ) ;
#1167 = AXIS2_PLACEMENT_3D ( 'NONE', #5142, #3068, #4670 ) ;
#1168 = EDGE_CURVE ( 'NONE', #1109, #1310, #3834, .T. ) ;
#1169 = EDGE_LOOP ( 'NONE', ( #1807, #4578 ) ) ;
#1170 = CARTESIAN_POINT ( 'NONE',  ( -20.00000000000000000, -43.99999999999997158, -30.00000000000000000 ) ) ;
#1171 = CARTESIAN_POINT ( 'NONE',  ( -11.50000000000000533, -19.00000000000000355, -35.00000000000000000 ) ) ;
#1172 = CARTESIAN_POINT ( 'NONE',  ( 10.00000000000000000, -100.2699999999999960, -7.075000000000001066 ) ) ;
#1173 = EDGE_LOOP ( 'NONE', ( #866, #3582 ) ) ;
#1174 = PLANE ( 'NONE',  #5176 ) ;
#1175 = CARTESIAN_POINT ( 'NONE',  ( 3.000000000000035527, -46.49999999999999289, 27.00000000000001066 ) ) ;
#1176 = AXIS2_PLACEMENT_3D ( 'NONE', #3493, #4359, #2819 ) ;
#1177 = DIRECTION ( 'NONE',  ( -0.000000000000000000, -0.000000000000000000, 1.000000000000000000 ) ) ;
#1178 = CYLINDRICAL_SURFACE ( 'NONE', #4557, 1.649999999999999467 ) ;
#1179 = CIRCLE ( 'NONE', #4202, 1.650000000000002132 ) ;
#1180 = VERTEX_POINT ( 'NONE', #5064 ) ;
#1181 = ORIENTED_EDGE ( 'NONE', *, *, #3476, .F. ) ;
#1182 = CARTESIAN_POINT ( 'NONE',  ( 13.99999999999999645, -21.50000000000000000, -35.00000000000000000 ) ) ;
#1183 = CARTESIAN_POINT ( 'NONE',  ( -9.000000000000017764, -55.00000000000000000, -27.00000000000000355 ) ) ;
#1184 = EDGE_CURVE ( 'NONE', #3625, #4125, #2159, .T. ) ;
#1185 = DIRECTION ( 'NONE',  ( 0.000000000000000000, 0.000000000000000000, -1.000000000000000000 ) ) ;
#1186 = ORIENTED_EDGE ( 'NONE', *, *, #4923, .T. ) ;
#1187 = AXIS2_PLACEMENT_3D ( 'NONE', #1593, #4800, #2413 ) ;
#1188 = AXIS2_PLACEMENT_3D ( 'NONE', #3037, #978, #2202 ) ;
#1189 = ORIENTED_EDGE ( 'NONE', *, *, #65, .F. ) ;
#1190 = DIRECTION ( 'NONE',  ( -1.000000000000000000, 0.000000000000000000, 0.000000000000000000 ) ) ;
#1191 = EDGE_CURVE ( 'NONE', #4891, #1789, #544, .T. ) ;
#1192 = CARTESIAN_POINT ( 'NONE',  ( 13.99999999999999645, -26.50000000000000355, 30.00000000000000000 ) ) ;
#1193 = VECTOR ( 'NONE', #3598, 1000.000000000000000 ) ;
#1194 = EDGE_LOOP ( 'NONE', ( #3558, #3651, #3141, #5000 ) ) ;
#1195 = DIRECTION ( 'NONE',  ( -0.000000000000000000, -0.000000000000000000, -1.000000000000000000 ) ) ;
#1196 = DIRECTION ( 'NONE',  ( 0.000000000000000000, 1.000000000000000000, 0.000000000000000000 ) ) ;
#1197 = VECTOR ( 'NONE', #4070, 1000.000000000000000 ) ;
#1198 = LINE ( 'NONE', #804, #3428 ) ;
#1199 = ORIENTED_EDGE ( 'NONE', *, *, #2028, .T. ) ;
#1200 = EDGE_CURVE ( 'NONE', #3153, #1425, #622, .T. ) ;
#1201 = CARTESIAN_POINT ( 'NONE',  ( 0.000000000000000000, -97.00000000000000000, -30.00000000000000000 ) ) ;
#1202 = PLANE ( 'NONE',  #3480 ) ;
#1203 = LINE ( 'NONE', #2497, #760 ) ;
#1204 = DIRECTION ( 'NONE',  ( 1.000000000000000000, 0.000000000000000000, 0.000000000000000000 ) ) ;
#1205 = CARTESIAN_POINT ( 'NONE',  ( 20.00000000000000000, -50.84999999999999432, 4.924999999999998934 ) ) ;
#1206 = DIRECTION ( 'NONE',  ( 0.000000000000000000, 1.000000000000000000, -6.270084852928196292E-16 ) ) ;
#1207 = ORIENTED_EDGE ( 'NONE', *, *, #3898, .F. ) ;
#1208 = ORIENTED_EDGE ( 'NONE', *, *, #1579, .F. ) ;
#1209 = CARTESIAN_POINT ( 'NONE',  ( -2.020281411496603674, 26.48201039154662340, 50.00000000000000000 ) ) ;
#1210 = CARTESIAN_POINT ( 'NONE',  ( 0.7702814114940549350, -6.482010391546610961, 50.00000000000000000 ) ) ;
#1211 = VECTOR ( 'NONE', #4488, 1000.000000000000114 ) ;
#1212 = CARTESIAN_POINT ( 'NONE',  ( 11.49999999999999645, -28.99999999999999645, 30.00000000000000000 ) ) ;
#1213 = ORIENTED_EDGE ( 'NONE', *, *, #2059, .F. ) ;
#1214 = AXIS2_PLACEMENT_3D ( 'NONE', #4452, #4875, #4822 ) ;
#1215 = ORIENTED_EDGE ( 'NONE', *, *, #3408, .F. ) ;
#1216 = CIRCLE ( 'NONE', #4238, 1.649999999999999467 ) ;
#1217 = FACE_OUTER_BOUND ( 'NONE', #1935, .T. ) ;
#1218 = DIRECTION ( 'NONE',  ( -0.000000000000000000, -1.000000000000000000, 4.180056568618783592E-15 ) ) ;
#1219 = EDGE_CURVE ( 'NONE', #509, #1839, #4258, .T. ) ;
#1220 = ORIENTED_EDGE ( 'NONE', *, *, #3702, .F. ) ;
#1221 = CARTESIAN_POINT ( 'NONE',  ( 16.48201039154661984, 10.77028141149406260, -27.00000000000001066 ) ) ;
#1222 = DIRECTION ( 'NONE',  ( 0.000000000000000000, -2.717036769602215961E-15, -1.000000000000000000 ) ) ;
#1223 = ORIENTED_EDGE ( 'NONE', *, *, #1521, .T. ) ;
#1224 = CARTESIAN_POINT ( 'NONE',  ( -0.4901790800424903338, 20.48855206734722501, 50.00000000000000000 ) ) ;
#1225 = CYLINDRICAL_SURFACE ( 'NONE', #209, 1.649999999999998579 ) ;
#1226 = EDGE_CURVE ( 'NONE', #5178, #1506, #2656, .T. ) ;
#1227 = ADVANCED_FACE ( 'NONE', ( #1360, #2574, #1406 ), #5035, .F. ) ;
#1228 = DIRECTION ( 'NONE',  ( 0.000000000000000000, -1.000000000000000000, -2.090028284309398107E-15 ) ) ;
#1229 = CARTESIAN_POINT ( 'NONE',  ( 18.80000000000003979, -97.00000000000000000, 0.9999999999999781286 ) ) ;
#1230 = CIRCLE ( 'NONE', #2078, 2.150000000000004352 ) ;
#1231 = CARTESIAN_POINT ( 'NONE',  ( 20.00000000000000000, -100.2699999999999960, 12.62499999999999645 ) ) ;
#1232 = FACE_OUTER_BOUND ( 'NONE', #402, .T. ) ;
#1233 = VECTOR ( 'NONE', #1534, 1000.000000000000000 ) ;
#1234 = ORIENTED_EDGE ( 'NONE', *, *, #2616, .F. ) ;
#1235 = EDGE_LOOP ( 'NONE', ( #4363, #1606 ) ) ;
#1236 = DIRECTION ( 'NONE',  ( 1.000000000000000000, 0.000000000000000000, 0.000000000000000000 ) ) ;
#1237 = LINE ( 'NONE', #4075, #237 ) ;
#1238 = CARTESIAN_POINT ( 'NONE',  ( -18.65000000000000568, -10.99999999999995737, -30.00000000000000000 ) ) ;
#1239 = ORIENTED_EDGE ( 'NONE', *, *, #72, .T. ) ;
#1240 = ORIENTED_EDGE ( 'NONE', *, *, #4916, .F. ) ;
#1241 = AXIS2_PLACEMENT_3D ( 'NONE', #2629, #4169, #2184 ) ;
#1242 = CYLINDRICAL_SURFACE ( 'NONE', #1090, 1.149999999999274936 ) ;
#1243 = CARTESIAN_POINT ( 'NONE',  ( -17.00000000000000355, -10.99999999999995737, 27.00000000000000000 ) ) ;
#1244 = VECTOR ( 'NONE', #4311, 1000.000000000000000 ) ;
#1245 = CIRCLE ( 'NONE', #4605, 1.250000000000733191 ) ;
#1246 = VECTOR ( 'NONE', #2820, 1000.000000000000000 ) ;
#1247 = VERTEX_POINT ( 'NONE', #3017 ) ;
#1248 = PLANE ( 'NONE',  #1694 ) ;
#1249 = DIRECTION ( 'NONE',  ( -0.000000000000000000, -0.000000000000000000, 1.000000000000000000 ) ) ;
#1250 = VERTEX_POINT ( 'NONE', #4984 ) ;
#1251 = EDGE_CURVE ( 'NONE', #744, #1661, #4567, .T. ) ;
#1252 = CARTESIAN_POINT ( 'NONE',  ( -7.999999999999958256, -46.49999999999998579, 5.000000000000000000 ) ) ;
#1253 = DIRECTION ( 'NONE',  ( -0.000000000000000000, -0.000000000000000000, -1.000000000000000000 ) ) ;
#1254 = CARTESIAN_POINT ( 'NONE',  ( 18.80000000000003979, -97.00000000000000000, -8.850000000000003197 ) ) ;
#1255 = CARTESIAN_POINT ( 'NONE',  ( 11.49999999999999645, -28.99999999999999645, 30.00000000000000000 ) ) ;
#1256 = ADVANCED_FACE ( 'NONE', ( #253 ), #5008, .F. ) ;
#1257 = CARTESIAN_POINT ( 'NONE',  ( -0.4797185885034007113, -6.482010391546610961, 50.00000000000000000 ) ) ;
#1258 = DIRECTION ( 'NONE',  ( -1.000000000000000000, -0.000000000000000000, -0.000000000000000000 ) ) ;
#1259 = VERTEX_POINT ( 'NONE', #3773 ) ;
#1260 = VERTEX_POINT ( 'NONE', #4617 ) ;
#1261 = ORIENTED_EDGE ( 'NONE', *, *, #2548, .F. ) ;
#1262 = DIRECTION ( 'NONE',  ( -0.000000000000000000, -0.000000000000000000, 1.000000000000000000 ) ) ;
#1263 = CYLINDRICAL_SURFACE ( 'NONE', #906, 1.249999999999267253 ) ;
#1264 = EDGE_CURVE ( 'NONE', #4522, #3790, #3431, .T. ) ;
#1265 = VECTOR ( 'NONE', #2660, 1000.000000000000000 ) ;
#1266 = VECTOR ( 'NONE', #354, 1000.000000000000000 ) ;
#1267 = CARTESIAN_POINT ( 'NONE',  ( 16.48201039154661984, 10.77028141149406260, 50.00000000000000000 ) ) ;
#1268 = ORIENTED_EDGE ( 'NONE', *, *, #429, .F. ) ;
#1269 = EDGE_LOOP ( 'NONE', ( #1321, #1904, #1369, #3392, #3479, #3996, #1813, #3591 ) ) ;
#1270 = DIRECTION ( 'NONE',  ( 0.000000000000000000, 0.000000000000000000, -1.000000000000000000 ) ) ;
#1271 = VECTOR ( 'NONE', #2757, 1000.000000000000000 ) ;
#1272 = CARTESIAN_POINT ( 'NONE',  ( -19.99999999999999645, -120.0000000000000000, 27.00000000000000000 ) ) ;
#1273 = AXIS2_PLACEMENT_3D ( 'NONE', #1687, #1740, #2876 ) ;
#1274 = EDGE_LOOP ( 'NONE', ( #3098, #1955 ) ) ;
#1275 = CARTESIAN_POINT ( 'NONE',  ( 18.80000000000003979, -105.2999999999999972, -1.000000000000039080 ) ) ;
#1276 = DIRECTION ( 'NONE',  ( 1.000000000000000000, 0.000000000000000000, 0.000000000000000000 ) ) ;
#1277 = VERTEX_POINT ( 'NONE', #3824 ) ;
#1278 = AXIS2_PLACEMENT_3D ( 'NONE', #3682, #846, #1341 ) ;
#1279 = CARTESIAN_POINT ( 'NONE',  ( -17.00000000000000355, -0.9999999999999574785, 30.00000000000000000 ) ) ;
#1280 = DIRECTION ( 'NONE',  ( 1.000000000000000000, 0.000000000000000000, 0.000000000000000000 ) ) ;
#1281 = CIRCLE ( 'NONE', #4218, 2.150000000000002576 ) ;
#1282 = ADVANCED_FACE ( 'NONE', ( #228 ), #1832, .F. ) ;
#1283 = CARTESIAN_POINT ( 'NONE',  ( -14.00000000000000178, -21.50000000000000000, -27.00000000000000355 ) ) ;
#1284 = DIRECTION ( 'NONE',  ( 0.000000000000000000, 0.000000000000000000, -1.000000000000000000 ) ) ;
#1285 = DIRECTION ( 'NONE',  ( 0.000000000000000000, 0.000000000000000000, -1.000000000000000000 ) ) ;
#1286 = CARTESIAN_POINT ( 'NONE',  ( 11.49999999999999645, -28.99999999999998934, -30.00000000000000000 ) ) ;
#1287 = ORIENTED_EDGE ( 'NONE', *, *, #458, .T. ) ;
#1288 = EDGE_LOOP ( 'NONE', ( #1723, #2824 ) ) ;
#1289 = EDGE_CURVE ( 'NONE', #4938, #1870, #1806, .T. ) ;
#1290 = VERTEX_POINT ( 'NONE', #2759 ) ;
#1291 = DIRECTION ( 'NONE',  ( 1.000000000000000000, 0.000000000000000000, 0.000000000000000000 ) ) ;
#1292 = LINE ( 'NONE', #112, #4769 ) ;
#1293 = DIRECTION ( 'NONE',  ( -0.000000000000000000, -0.000000000000000000, 1.000000000000000000 ) ) ;
#1294 = DIRECTION ( 'NONE',  ( 0.000000000000000000, -1.000000000000000000, 0.000000000000000000 ) ) ;
#1295 = VERTEX_POINT ( 'NONE', #3877 ) ;
#1296 = EDGE_CURVE ( 'NONE', #3740, #1425, #3264, .T. ) ;
#1297 = EDGE_CURVE ( 'NONE', #1082, #54, #1143, .T. ) ;
#1298 = CARTESIAN_POINT ( 'NONE',  ( -17.00000000000000000, -30.99999999999995737, -27.00000000000001066 ) ) ;
#1299 = CIRCLE ( 'NONE', #1549, 1.649999999999998579 ) ;
#1300 = ORIENTED_EDGE ( 'NONE', *, *, #2228, .T. ) ;
#1301 = VECTOR ( 'NONE', #1329, 1000.000000000000000 ) ;
#1302 = ORIENTED_EDGE ( 'NONE', *, *, #3635, .T. ) ;
#1303 = CARTESIAN_POINT ( 'NONE',  ( -15.35000000000000497, -10.99999999999995737, 40.00000000000000711 ) ) ;
#1304 = ORIENTED_EDGE ( 'NONE', *, *, #1545, .T. ) ;
#1305 = DIRECTION ( 'NONE',  ( -0.000000000000000000, -0.000000000000000000, -1.000000000000000000 ) ) ;
#1306 = CYLINDRICAL_SURFACE ( 'NONE', #5195, 2.150000000000002132 ) ;
#1307 = CARTESIAN_POINT ( 'NONE',  ( 17.00000000000000000, -108.9999999999999716, -30.00000000000000000 ) ) ;
#1308 = CARTESIAN_POINT ( 'NONE',  ( 18.80000000000003979, -54.99999999999999289, -10.84999999999996767 ) ) ;
#1309 = FACE_OUTER_BOUND ( 'NONE', #4727, .T. ) ;
#1310 = VERTEX_POINT ( 'NONE', #5116 ) ;
#1311 = ORIENTED_EDGE ( 'NONE', *, *, #3752, .T. ) ;
#1312 = ORIENTED_EDGE ( 'NONE', *, *, #944, .T. ) ;
#1313 = CARTESIAN_POINT ( 'NONE',  ( 13.99999999999999645, -21.50000000000000000, -35.00000000000000000 ) ) ;
#1314 = ADVANCED_FACE ( 'NONE', ( #279 ), #754, .F. ) ;
#1315 = FACE_BOUND ( 'NONE', #1751, .T. ) ;
#1316 = CARTESIAN_POINT ( 'NONE',  ( -20.00000000000000000, 19.00000000000002487, 26.99999999999999645 ) ) ;
#1317 = VECTOR ( 'NONE', #3905, 1000.000000000000000 ) ;
#1318 = AXIS2_PLACEMENT_3D ( 'NONE', #1627, #4437, #104 ) ;
#1319 = ORIENTED_EDGE ( 'NONE', *, *, #4117, .F. ) ;
#1320 = EDGE_CURVE ( 'NONE', #4684, #1136, #3903, .T. ) ;
#1321 = ORIENTED_EDGE ( 'NONE', *, *, #1843, .F. ) ;
#1322 = ADVANCED_FACE ( 'NONE', ( #3962 ), #4353, .F. ) ;
#1323 = ORIENTED_EDGE ( 'NONE', *, *, #2517, .F. ) ;
#1324 = CARTESIAN_POINT ( 'NONE',  ( -17.00000000000000355, -10.99999999999995737, -26.99999999999999645 ) ) ;
#1325 = ORIENTED_EDGE ( 'NONE', *, *, #3695, .F. ) ;
#1326 = EDGE_CURVE ( 'NONE', #2542, #353, #5144, .T. ) ;
#1327 = CARTESIAN_POINT ( 'NONE',  ( 9.338552067346498120, 10.49017908004249833, 27.00000000000000000 ) ) ;
#1328 = DIRECTION ( 'NONE',  ( -0.000000000000000000, -0.000000000000000000, 1.000000000000000000 ) ) ;
#1329 = DIRECTION ( 'NONE',  ( -1.000000000000000000, -0.000000000000000000, 0.000000000000000000 ) ) ;
#1330 = CYLINDRICAL_SURFACE ( 'NONE', #3936, 2.149999999999997247 ) ;
#1331 = FACE_OUTER_BOUND ( 'NONE', #2756, .T. ) ;
#1332 = CIRCLE ( 'NONE', #2515, 2.149999999999999023 ) ;
#1333 = DIRECTION ( 'NONE',  ( 1.284980352575412453E-16, 0.000000000000000000, -1.000000000000000000 ) ) ;
#1334 = VECTOR ( 'NONE', #2729, 1000.000000000000000 ) ;
#1335 = LINE ( 'NONE', #1439, #4908 ) ;
#1336 = ORIENTED_EDGE ( 'NONE', *, *, #3764, .T. ) ;
#1337 = ORIENTED_EDGE ( 'NONE', *, *, #2286, .F. ) ;
#1338 = ORIENTED_EDGE ( 'NONE', *, *, #3622, .T. ) ;
#1339 = LINE ( 'NONE', #3312, #4109 ) ;
#1340 = CARTESIAN_POINT ( 'NONE',  ( 1.640179080039923853, -0.4885520673472143471, 27.00000000000000000 ) ) ;
#1341 = DIRECTION ( 'NONE',  ( 1.000000000000000000, 0.000000000000000000, 0.000000000000000000 ) ) ;
#1342 = CARTESIAN_POINT ( 'NONE',  ( -16.48201039154661984, 9.229718588505949839, 27.00000000000000000 ) ) ;
#1343 = ORIENTED_EDGE ( 'NONE', *, *, #1770, .T. ) ;
#1344 = EDGE_CURVE ( 'NONE', #3908, #4471, #4774, .T. ) ;
#1345 = AXIS2_PLACEMENT_3D ( 'NONE', #3561, #3140, #1509 ) ;
#1346 = ORIENTED_EDGE ( 'NONE', *, *, #1708, .F. ) ;
#1347 = VERTEX_POINT ( 'NONE', #1088 ) ;
#1348 = ADVANCED_FACE ( 'NONE', ( #1514 ), #4300, .F. ) ;
#1349 = DIRECTION ( 'NONE',  ( -0.000000000000000000, -1.000000000000000000, -0.000000000000000000 ) ) ;
#1350 = AXIS2_PLACEMENT_3D ( 'NONE', #5166, #4669, #3874 ) ;
#1351 = ORIENTED_EDGE ( 'NONE', *, *, #2512, .F. ) ;
#1352 = SURFACE_STYLE_USAGE ( .BOTH. , #4141 ) ;
#1353 = DIRECTION ( 'NONE',  ( -0.000000000000000000, -0.000000000000000000, -1.000000000000000000 ) ) ;
#1354 = CIRCLE ( 'NONE', #2036, 4.000000000000000000 ) ;
#1355 = VECTOR ( 'NONE', #2913, 1000.000000000000000 ) ;
#1356 = LINE ( 'NONE', #3353, #1045 ) ;
#1357 = ADVANCED_FACE ( 'NONE', ( #1970, #699, #2679, #305, #4722, #2310, #2337, #1595, #334, #1914, #5168, #4326, #1567, #724, #3169 ), #3195, .F. ) ;
#1358 = LINE ( 'NONE', #152, #4443 ) ;
#1359 = EDGE_CURVE ( 'NONE', #285, #178, #363, .T. ) ;
#1360 = FACE_BOUND ( 'NONE', #582, .T. ) ;
#1361 = DIRECTION ( 'NONE',  ( 0.000000000000000000, 0.000000000000000000, -1.000000000000000000 ) ) ;
#1362 = DIRECTION ( 'NONE',  ( -0.000000000000000000, -0.000000000000000000, 1.000000000000000000 ) ) ;
#1363 = CIRCLE ( 'NONE', #191, 4.000000000000000000 ) ;
#1364 = VERTEX_POINT ( 'NONE', #2392 ) ;
#1365 = ORIENTED_EDGE ( 'NONE', *, *, #1094, .F. ) ;
#1366 = DIRECTION ( 'NONE',  ( -0.000000000000000000, -0.000000000000000000, -1.000000000000000000 ) ) ;
#1367 = DIRECTION ( 'NONE',  ( -1.000000000000000000, 0.000000000000000000, 0.000000000000000000 ) ) ;
#1368 = CARTESIAN_POINT ( 'NONE',  ( -18.65000000000000568, -0.9999999999999577005, 27.00000000000000000 ) ) ;
#1369 = ORIENTED_EDGE ( 'NONE', *, *, #3601, .F. ) ;
#1370 = CARTESIAN_POINT ( 'NONE',  ( 17.00000000000003908, -97.00000000000000000, 0.9999999999999781286 ) ) ;
#1371 = ORIENTED_EDGE ( 'NONE', *, *, #2929, .F. ) ;
#1372 = VERTEX_POINT ( 'NONE', #3144 ) ;
#1373 = FACE_OUTER_BOUND ( 'NONE', #1388, .T. ) ;
#1374 = ORIENTED_EDGE ( 'NONE', *, *, #2328, .T. ) ;
#1375 = CIRCLE ( 'NONE', #2482, 2.149999999999999023 ) ;
#1376 = DIRECTION ( 'NONE',  ( -1.000000000000000000, -0.000000000000000000, 0.000000000000000000 ) ) ;
#1377 = CYLINDRICAL_SURFACE ( 'NONE', #4407, 2.150000000000004352 ) ;
#1378 = EDGE_CURVE ( 'NONE', #3866, #3051, #5103, .T. ) ;
#1379 = LINE ( 'NONE', #4646, #2150 ) ;
#1380 = FACE_OUTER_BOUND ( 'NONE', #42, .T. ) ;
#1381 = DIRECTION ( 'NONE',  ( 0.000000000000000000, 0.000000000000000000, 1.000000000000000000 ) ) ;
#1382 = VERTEX_POINT ( 'NONE', #4272 ) ;
#1383 = CARTESIAN_POINT ( 'NONE',  ( -10.99999999999995737, -46.49999999999999289, 27.00000000000001066 ) ) ;
#1384 = CYLINDRICAL_SURFACE ( 'NONE', #4453, 1.250000000002546852 ) ;
#1385 = FACE_OUTER_BOUND ( 'NONE', #725, .T. ) ;
#1386 = EDGE_CURVE ( 'NONE', #1347, #2376, #1920, .T. ) ;
#1387 = EDGE_CURVE ( 'NONE', #2530, #2435, #1198, .T. ) ;
#1388 = EDGE_LOOP ( 'NONE', ( #5161, #2807, #3943, #3266 ) ) ;
#1389 = ORIENTED_EDGE ( 'NONE', *, *, #2008, .F. ) ;
#1390 = DIRECTION ( 'NONE',  ( 1.000000000000000000, 0.000000000000000000, 0.000000000000000000 ) ) ;
#1391 = PLANE ( 'NONE',  #4134 ) ;
#1392 = CARTESIAN_POINT ( 'NONE',  ( 9.338552067346498120, 10.49017908004249833, -30.00000000000000000 ) ) ;
#1393 = ORIENTED_EDGE ( 'NONE', *, *, #552, .F. ) ;
#1394 = LINE ( 'NONE', #3082, #4127 ) ;
#1395 = AXIS2_PLACEMENT_3D ( 'NONE', #1279, #830, #2892 ) ;
#1396 = ORIENTED_EDGE ( 'NONE', *, *, #3238, .T. ) ;
#1397 = VECTOR ( 'NONE', #1038, 1000.000000000000000 ) ;
#1398 = VECTOR ( 'NONE', #376, 1000.000000000000000 ) ;
#1399 = FACE_OUTER_BOUND ( 'NONE', #3061, .T. ) ;
#1400 = ORIENTED_EDGE ( 'NONE', *, *, #1450, .T. ) ;
#1401 = CARTESIAN_POINT ( 'NONE',  ( 17.00000000000000000, -100.2699999999999960, -14.77499999999999858 ) ) ;
#1402 = VECTOR ( 'NONE', #1715, 1000.000000000000000 ) ;
#1403 = DIRECTION ( 'NONE',  ( -1.000000000000000000, 0.000000000000000000, 0.000000000000000000 ) ) ;
#1404 = CARTESIAN_POINT ( 'NONE',  ( -10.48855206734722323, 9.509820919957515883, 50.00000000000000000 ) ) ;
#1405 = LINE ( 'NONE', #1755, #2437 ) ;
#1406 = FACE_OUTER_BOUND ( 'NONE', #148, .T. ) ;
#1407 = EDGE_LOOP ( 'NONE', ( #2933, #4110, #1580, #1160 ) ) ;
#1408 = EDGE_CURVE ( 'NONE', #2477, #654, #4405, .T. ) ;
#1409 = PLANE ( 'NONE',  #3914 ) ;
#1410 = CARTESIAN_POINT ( 'NONE',  ( 10.00000000000000000, -100.2699999999999960, 4.924999999999998934 ) ) ;
#1411 = CARTESIAN_POINT ( 'NONE',  ( 18.80000000000003979, 0.000000000000000000, 0.000000000000000000 ) ) ;
#1412 = VECTOR ( 'NONE', #3028, 1000.000000000000000 ) ;
#1413 = ORIENTED_EDGE ( 'NONE', *, *, #1616, .T. ) ;
#1414 = ORIENTED_EDGE ( 'NONE', *, *, #1811, .T. ) ;
#1415 = DIRECTION ( 'NONE',  ( -1.000000000000000000, 0.000000000000000000, 0.000000000000000000 ) ) ;
#1416 = AXIS2_PLACEMENT_3D ( 'NONE', #913, #3696, #3303 ) ;
#1417 = EDGE_CURVE ( 'NONE', #1850, #4125, #1358, .T. ) ;
#1418 = CIRCLE ( 'NONE', #4358, 1.649999999999998579 ) ;
#1419 = DIRECTION ( 'NONE',  ( 1.000000000000000000, 0.000000000000000000, 0.000000000000000000 ) ) ;
#1420 = DIRECTION ( 'NONE',  ( -0.000000000000000000, -0.000000000000000000, -1.000000000000000000 ) ) ;
#1421 = ORIENTED_EDGE ( 'NONE', *, *, #5153, .F. ) ;
#1422 = LINE ( 'NONE', #2224, #3038 ) ;
#1423 = EDGE_CURVE ( 'NONE', #1771, #2727, #1037, .T. ) ;
#1424 = EDGE_CURVE ( 'NONE', #4703, #1066, #4195, .T. ) ;
#1425 = VERTEX_POINT ( 'NONE', #3328 ) ;
#1426 = ORIENTED_EDGE ( 'NONE', *, *, #683, .F. ) ;
#1427 = AXIS2_PLACEMENT_3D ( 'NONE', #443, #2106, #3618 ) ;
#1428 = CARTESIAN_POINT ( 'NONE',  ( -17.00000000000000000, -40.99999999999996447, -30.00000000000000000 ) ) ;
#1429 = CARTESIAN_POINT ( 'NONE',  ( 17.00000000000000000, -100.2699999999999960, -4.924999999999998934 ) ) ;
#1430 = AXIS2_PLACEMENT_3D ( 'NONE', #455, #91, #15 ) ;
#1431 = DIRECTION ( 'NONE',  ( 0.000000000000000000, 0.000000000000000000, 1.000000000000000000 ) ) ;
#1432 = CARTESIAN_POINT ( 'NONE',  ( 17.00000000000004974, -50.84999999999999432, -4.924999999999998934 ) ) ;
#1433 = DIRECTION ( 'NONE',  ( 0.000000000000000000, 1.000000000000000000, 1.045014142154684459E-15 ) ) ;
#1434 = DIRECTION ( 'NONE',  ( -1.000000000000000000, -0.000000000000000000, 0.000000000000000000 ) ) ;
#1435 = VERTEX_POINT ( 'NONE', #4247 ) ;
#1436 = FACE_OUTER_BOUND ( 'NONE', #4824, .T. ) ;
#1437 = CARTESIAN_POINT ( 'NONE',  ( 2.020281411491510859, -6.482010391546610961, -30.00000000000000000 ) ) ;
#1438 = CIRCLE ( 'NONE', #2620, 1.649999999999998579 ) ;
#1439 = CARTESIAN_POINT ( 'NONE',  ( 10.00000000000000000, -50.84999999999999432, -16.92499999999999716 ) ) ;
#1440 = CIRCLE ( 'NONE', #2961, 1.250000000002546852 ) ;
#1441 = ADVANCED_FACE ( 'NONE', ( #1380 ), #4566, .F. ) ;
#1442 = ORIENTED_EDGE ( 'NONE', *, *, #1064, .T. ) ;
#1443 = ORIENTED_EDGE ( 'NONE', *, *, #5019, .F. ) ;
#1444 = APPLICATION_PROTOCOL_DEFINITION ( 'draft international standard', 'automotive_design', 1998, #3949 ) ;
#1445 = CARTESIAN_POINT ( 'NONE',  ( -7.999999999999958256, -43.49999999999999289, -6.650000000000001243 ) ) ;
#1446 = VECTOR ( 'NONE', #997, 1000.000000000000000 ) ;
#1447 = VECTOR ( 'NONE', #733, 1000.000000000000000 ) ;
#1448 = CARTESIAN_POINT ( 'NONE',  ( 17.00000000000000000, -97.00000000000000000, -54.86198126479881410 ) ) ;
#1449 = CARTESIAN_POINT ( 'NONE',  ( 18.80000000000003979, -46.69999999999996021, 8.849999999999981881 ) ) ;
#1450 = EDGE_CURVE ( 'NONE', #2091, #3419, #2970, .T. ) ;
#1451 = ORIENTED_EDGE ( 'NONE', *, *, #428, .T. ) ;
#1452 = VECTOR ( 'NONE', #4017, 1000.000000000000000 ) ;
#1453 = CYLINDRICAL_SURFACE ( 'NONE', #2875, 1.149999999997434852 ) ;
#1454 = ORIENTED_EDGE ( 'NONE', *, *, #2879, .T. ) ;
#1455 = ADVANCED_FACE ( 'NONE', ( #2599 ), #3800, .F. ) ;
#1456 = EDGE_CURVE ( 'NONE', #3743, #4088, #176, .T. ) ;
#1457 = EDGE_LOOP ( 'NONE', ( #2111, #4597 ) ) ;
#1458 = ORIENTED_EDGE ( 'NONE', *, *, #1219, .T. ) ;
#1459 = LINE ( 'NONE', #696, #4033 ) ;
#1460 = CARTESIAN_POINT ( 'NONE',  ( -15.35000000000000497, -0.9999999999999574785, -26.99999999999999645 ) ) ;
#1461 = CYLINDRICAL_SURFACE ( 'NONE', #2957, 2.149999999999998135 ) ;
#1462 = DIRECTION ( 'NONE',  ( 1.000000000000000000, 0.000000000000000000, 0.000000000000000000 ) ) ;
#1463 = CARTESIAN_POINT ( 'NONE',  ( -7.999999999999958256, -113.4999999999999858, 5.000000000000000000 ) ) ;
#1464 = ORIENTED_EDGE ( 'NONE', *, *, #5072, .T. ) ;
#1465 = CARTESIAN_POINT ( 'NONE',  ( -15.35000000000000142, -30.99999999999995737, 27.00000000000000000 ) ) ;
#1466 = CYLINDRICAL_SURFACE ( 'NONE', #844, 1.650000000000000355 ) ;
#1467 = CARTESIAN_POINT ( 'NONE',  ( -17.00000000000000355, -0.9999999999999574785, 40.00000000000000711 ) ) ;
#1468 = VECTOR ( 'NONE', #3528, 1000.000000000000000 ) ;
#1469 = VECTOR ( 'NONE', #1328, 1000.000000000000000 ) ;
#1470 = ORIENTED_EDGE ( 'NONE', *, *, #5139, .T. ) ;
#1471 = ORIENTED_EDGE ( 'NONE', *, *, #1191, .T. ) ;
#1472 = FACE_BOUND ( 'NONE', #4771, .T. ) ;
#1473 = CYLINDRICAL_SURFACE ( 'NONE', #5143, 1.650000000000000355 ) ;
#1474 = DIRECTION ( 'NONE',  ( 0.000000000000000000, 1.000000000000000000, 0.000000000000000000 ) ) ;
#1475 = ORIENTED_EDGE ( 'NONE', *, *, #2488, .T. ) ;
#1476 = ORIENTED_EDGE ( 'NONE', *, *, #684, .F. ) ;
#1477 = FACE_OUTER_BOUND ( 'NONE', #2238, .T. ) ;
#1478 = ADVANCED_FACE ( 'NONE', ( #4960 ), #1330, .F. ) ;
#1479 = VERTEX_POINT ( 'NONE', #4588 ) ;
#1480 = ORIENTED_EDGE ( 'NONE', *, *, #4599, .T. ) ;
#1481 = ORIENTED_EDGE ( 'NONE', *, *, #3476, .T. ) ;
#1482 = DIRECTION ( 'NONE',  ( 1.000000000000000000, 0.000000000000000000, 0.000000000000000000 ) ) ;
#1483 = EDGE_CURVE ( 'NONE', #3419, #1568, #983, .T. ) ;
#1484 = EDGE_CURVE ( 'NONE', #2341, #4978, #3402, .T. ) ;
#1485 = CIRCLE ( 'NONE', #1570, 1.150000000000725109 ) ;
#1486 = CARTESIAN_POINT ( 'NONE',  ( 18.80000000000003979, -105.2999999999999829, 1.000000000000002220 ) ) ;
#1487 = DIRECTION ( 'NONE',  ( -0.000000000000000000, -0.000000000000000000, 1.000000000000000000 ) ) ;
#1488 = DIRECTION ( 'NONE',  ( 0.000000000000000000, 0.000000000000000000, -1.000000000000000000 ) ) ;
#1489 = EDGE_LOOP ( 'NONE', ( #5169, #2330 ) ) ;
#1490 = EDGE_CURVE ( 'NONE', #1372, #3322, #567, .T. ) ;
#1491 = DIRECTION ( 'NONE',  ( 0.7071067811865477948, 0.7071067811865473507, 0.000000000000000000 ) ) ;
#1492 = PLANE ( 'NONE',  #342 ) ;
#1493 = CARTESIAN_POINT ( 'NONE',  ( -20.00000000000000000, -29.99999999999999289, 30.00000000000000000 ) ) ;
#1494 = ORIENTED_EDGE ( 'NONE', *, *, #2962, .F. ) ;
#1495 = VECTOR ( 'NONE', #3514, 1000.000000000000000 ) ;
#1496 = ORIENTED_EDGE ( 'NONE', *, *, #270, .T. ) ;
#1497 = LINE ( 'NONE', #1151, #4114 ) ;
#1498 = VECTOR ( 'NONE', #4993, 1000.000000000000000 ) ;
#1499 = CARTESIAN_POINT ( 'NONE',  ( -11.50000000000000355, -28.99999999999999645, 30.00000000000000000 ) ) ;
#1500 = CARTESIAN_POINT ( 'NONE',  ( 20.00000000000000000, 18.99999999999996803, 30.00000000000000000 ) ) ;
#1501 = ORIENTED_EDGE ( 'NONE', *, *, #5109, .F. ) ;
#1502 = ORIENTED_EDGE ( 'NONE', *, *, #1803, .T. ) ;
#1503 = LINE ( 'NONE', #5179, #3789 ) ;
#1504 = ORIENTED_EDGE ( 'NONE', *, *, #4504, .T. ) ;
#1505 = VECTOR ( 'NONE', #1805, 1000.000000000000000 ) ;
#1506 = VERTEX_POINT ( 'NONE', #621 ) ;
#1507 = EDGE_CURVE ( 'NONE', #4546, #111, #2014, .T. ) ;
#1508 = VERTEX_POINT ( 'NONE', #3772 ) ;
#1509 = DIRECTION ( 'NONE',  ( 1.000000000000000000, 0.000000000000000000, 0.000000000000000000 ) ) ;
#1510 = EDGE_CURVE ( 'NONE', #3126, #1934, #1405, .T. ) ;
#1511 = EDGE_LOOP ( 'NONE', ( #1698, #4919 ) ) ;
#1512 = DIRECTION ( 'NONE',  ( -1.000000000000000000, 0.000000000000000000, 0.000000000000000000 ) ) ;
#1513 = LINE ( 'NONE', #753, #3179 ) ;
#1514 = FACE_OUTER_BOUND ( 'NONE', #4664, .T. ) ;
#1515 = ORIENTED_EDGE ( 'NONE', *, *, #2523, .T. ) ;
#1516 = CIRCLE ( 'NONE', #1214, 1.250000000002546852 ) ;
#1517 = CIRCLE ( 'NONE', #2116, 1.649999999999999467 ) ;
#1518 = DIRECTION ( 'NONE',  ( -0.000000000000000000, -0.000000000000000000, 1.000000000000000000 ) ) ;
#1519 = CARTESIAN_POINT ( 'NONE',  ( 18.80000000000003979, -54.99999999999999289, 10.84999999999996412 ) ) ;
#1520 = ADVANCED_FACE ( 'NONE', ( #3354 ), #2626, .F. ) ;
#1521 = EDGE_CURVE ( 'NONE', #4712, #848, #542, .T. ) ;
#1522 = ORIENTED_EDGE ( 'NONE', *, *, #2396, .F. ) ;
#1523 = ORIENTED_EDGE ( 'NONE', *, *, #3733, .F. ) ;
#1524 = LINE ( 'NONE', #2738, #2529 ) ;
#1525 = CIRCLE ( 'NONE', #1860, 1.649999999999998579 ) ;
#1526 = DIRECTION ( 'NONE',  ( -0.000000000000000000, -0.000000000000000000, -1.000000000000000000 ) ) ;
#1527 = CARTESIAN_POINT ( 'NONE',  ( -4.000000000000000000, 10.00000000000000533, 49.99999999999998579 ) ) ;
#1528 = AXIS2_PLACEMENT_3D ( 'NONE', #4710, #3527, #5156 ) ;
#1529 = EDGE_LOOP ( 'NONE', ( #1213, #4965, #4454, #1531 ) ) ;
#1530 = CIRCLE ( 'NONE', #5052, 1.650000000000000355 ) ;
#1531 = ORIENTED_EDGE ( 'NONE', *, *, #3739, .F. ) ;
#1532 = CARTESIAN_POINT ( 'NONE',  ( -17.00000000000000000, -40.99999999999996447, -30.00000000000000000 ) ) ;
#1533 = CARTESIAN_POINT ( 'NONE',  ( 9.000000000000017764, 30.00000000000000711, -30.00000000000000000 ) ) ;
#1534 = DIRECTION ( 'NONE',  ( -1.000000000000000000, -0.000000000000000000, 0.000000000000000000 ) ) ;
#1535 = ORIENTED_EDGE ( 'NONE', *, *, #4025, .F. ) ;
#1536 = CIRCLE ( 'NONE', #4386, 1.250000000000733191 ) ;
#1537 = ORIENTED_EDGE ( 'NONE', *, *, #2911, .T. ) ;
#1538 = ORIENTED_EDGE ( 'NONE', *, *, #3501, .T. ) ;
#1539 = DIRECTION ( 'NONE',  ( 1.000000000000000000, 0.000000000000000000, 0.000000000000000000 ) ) ;
#1540 = VERTEX_POINT ( 'NONE', #3042 ) ;
#1541 = CARTESIAN_POINT ( 'NONE',  ( 1.640179080039923853, -0.4885520673472143471, -30.00000000000000000 ) ) ;
#1542 = DIRECTION ( 'NONE',  ( -1.000000000000000000, -0.000000000000000000, -0.000000000000000000 ) ) ;
#1543 = CARTESIAN_POINT ( 'NONE',  ( 20.00000000000004263, -34.99999999999999289, 27.00000000000000000 ) ) ;
#1544 = ORIENTED_EDGE ( 'NONE', *, *, #1424, .T. ) ;
#1545 = EDGE_CURVE ( 'NONE', #634, #1030, #2259, .T. ) ;
#1546 = FACE_OUTER_BOUND ( 'NONE', #524, .T. ) ;
#1547 = LINE ( 'NONE', #3519, #4572 ) ;
#1548 = ORIENTED_EDGE ( 'NONE', *, *, #284, .T. ) ;
#1549 = AXIS2_PLACEMENT_3D ( 'NONE', #71, #4459, #4855 ) ;
#1550 = DIRECTION ( 'NONE',  ( 0.000000000000000000, 0.000000000000000000, -1.000000000000000000 ) ) ;
#1551 = ADVANCED_FACE ( 'NONE', ( #3747 ), #1087, .F. ) ;
#1552 = EDGE_CURVE ( 'NONE', #4072, #3341, #2519, .T. ) ;
#1553 = DIRECTION ( 'NONE',  ( -1.000000000000000000, -0.000000000000000000, -0.000000000000000000 ) ) ;
#1554 = VECTOR ( 'NONE', #512, 1000.000000000000000 ) ;
#1555 = EDGE_LOOP ( 'NONE', ( #1956, #1095 ) ) ;
#1556 = EDGE_LOOP ( 'NONE', ( #549, #4992 ) ) ;
#1557 = CARTESIAN_POINT ( 'NONE',  ( 18.80000000000003979, -46.69999999999996021, -10.84999999999994991 ) ) ;
#1558 = CARTESIAN_POINT ( 'NONE',  ( -18.65000000000000568, -10.99999999999995737, 40.00000000000000711 ) ) ;
#1559 = DIRECTION ( 'NONE',  ( 1.000000000000000000, 0.000000000000000000, 0.000000000000000000 ) ) ;
#1560 = VERTEX_POINT ( 'NONE', #3959 ) ;
#1561 = VERTEX_POINT ( 'NONE', #1913 ) ;
#1562 = ORIENTED_EDGE ( 'NONE', *, *, #1408, .F. ) ;
#1563 = FACE_OUTER_BOUND ( 'NONE', #3765, .T. ) ;
#1564 = VERTEX_POINT ( 'NONE', #2391 ) ;
#1565 = PLANE ( 'NONE',  #350 ) ;
#1566 = DIRECTION ( 'NONE',  ( -0.000000000000000000, -0.000000000000000000, -1.000000000000000000 ) ) ;
#1567 = FACE_BOUND ( 'NONE', #4476, .T. ) ;
#1568 = VERTEX_POINT ( 'NONE', #4746 ) ;
#1569 = CARTESIAN_POINT ( 'NONE',  ( -11.50000000000000355, -28.99999999999999645, -35.00000000000000000 ) ) ;
#1570 = AXIS2_PLACEMENT_3D ( 'NONE', #5146, #257, #5091 ) ;
#1571 = CARTESIAN_POINT ( 'NONE',  ( -15.35000000000000497, -10.99999999999995737, -30.00000000000000000 ) ) ;
#1572 = CIRCLE ( 'NONE', #1318, 2.149999999999999023 ) ;
#1573 = EDGE_CURVE ( 'NONE', #3211, #2511, #1418, .T. ) ;
#1574 = AXIS2_PLACEMENT_3D ( 'NONE', #1703, #2595, #4192 ) ;
#1575 = CARTESIAN_POINT ( 'NONE',  ( 18.80000000000003979, -97.00000000000000000, 0.9999999999999781286 ) ) ;
#1576 = DIRECTION ( 'NONE',  ( 1.000000000000000000, 0.000000000000000000, 0.000000000000000000 ) ) ;
#1577 = CIRCLE ( 'NONE', #3171, 1.149999999997434852 ) ;
#1578 = VERTEX_POINT ( 'NONE', #333 ) ;
#1579 = EDGE_CURVE ( 'NONE', #1070, #2285, #4694, .T. ) ;
#1580 = ORIENTED_EDGE ( 'NONE', *, *, #321, .T. ) ;
#1581 = DIRECTION ( 'NONE',  ( 1.000000000000000000, 0.000000000000000000, 0.000000000000000000 ) ) ;
#1582 = FACE_OUTER_BOUND ( 'NONE', #2416, .T. ) ;
#1583 = CARTESIAN_POINT ( 'NONE',  ( -0.4901790800424903338, 20.48855206734722501, -30.00000000000000000 ) ) ;
#1584 = EDGE_LOOP ( 'NONE', ( #1964, #2532 ) ) ;
#1585 = EDGE_LOOP ( 'NONE', ( #312, #4137 ) ) ;
#1586 = EDGE_CURVE ( 'NONE', #2047, #379, #671, .T. ) ;
#1587 = EDGE_CURVE ( 'NONE', #2908, #4511, #1969, .T. ) ;
#1588 = DIRECTION ( 'NONE',  ( 0.000000000000000000, 0.000000000000000000, 1.000000000000000000 ) ) ;
#1589 = AXIS2_PLACEMENT_3D ( 'NONE', #2844, #2450, #3278 ) ;
#1590 = CIRCLE ( 'NONE', #3348, 1.150000000002567413 ) ;
#1591 = FACE_BOUND ( 'NONE', #853, .T. ) ;
#1592 = ORIENTED_EDGE ( 'NONE', *, *, #5044, .T. ) ;
#1593 = CARTESIAN_POINT ( 'NONE',  ( -17.00000000000000000, -30.99999999999995737, -27.00000000000001066 ) ) ;
#1594 = LINE ( 'NONE', #2890, #4380 ) ;
#1595 = FACE_BOUND ( 'NONE', #4804, .T. ) ;
#1596 = ORIENTED_EDGE ( 'NONE', *, *, #1162, .F. ) ;
#1597 = DIRECTION ( 'NONE',  ( -0.000000000000000000, -0.000000000000000000, -1.000000000000000000 ) ) ;
#1598 = CIRCLE ( 'NONE', #2021, 2.149999999999997247 ) ;
#1599 = CYLINDRICAL_SURFACE ( 'NONE', #3562, 4.000000000000000000 ) ;
#1600 = VECTOR ( 'NONE', #77, 1000.000000000000000 ) ;
#1601 = DIRECTION ( 'NONE',  ( -0.000000000000000000, -1.000000000000000000, -0.000000000000000000 ) ) ;
#1602 = CARTESIAN_POINT ( 'NONE',  ( 8.550840296494985893, -64.61321960076965354, 27.00000000000000000 ) ) ;
#1603 = EDGE_CURVE ( 'NONE', #3830, #4878, #2336, .T. ) ;
#1604 = CYLINDRICAL_SURFACE ( 'NONE', #3971, 1.149999999997434852 ) ;
#1605 = ORIENTED_EDGE ( 'NONE', *, *, #1844, .F. ) ;
#1606 = ORIENTED_EDGE ( 'NONE', *, *, #2445, .T. ) ;
#1607 = LINE ( 'NONE', #3975, #603 ) ;
#1608 = DIRECTION ( 'NONE',  ( 1.000000000000000000, 0.000000000000000000, 0.000000000000000000 ) ) ;
#1609 = EDGE_CURVE ( 'NONE', #1713, #1295, #162, .T. ) ;
#1610 = CARTESIAN_POINT ( 'NONE',  ( 20.00000000000000000, -100.2699999999999960, 7.075000000000001066 ) ) ;
#1611 = ORIENTED_EDGE ( 'NONE', *, *, #2517, .T. ) ;
#1612 = VECTOR ( 'NONE', #670, 1000.000000000000000 ) ;
#1613 = CIRCLE ( 'NONE', #4551, 2.149999999999997247 ) ;
#1614 = ORIENTED_EDGE ( 'NONE', *, *, #4701, .F. ) ;
#1615 = DIRECTION ( 'NONE',  ( 0.000000000000000000, 0.000000000000000000, -1.000000000000000000 ) ) ;
#1616 = EDGE_CURVE ( 'NONE', #4181, #3153, #1590, .T. ) ;
#1617 = CARTESIAN_POINT ( 'NONE',  ( -20.00000000000000000, -46.61321960076966064, -30.00000000000000000 ) ) ;
#1618 = EDGE_CURVE ( 'NONE', #4088, #1508, #2270, .T. ) ;
#1619 = ORIENTED_EDGE ( 'NONE', *, *, #1102, .F. ) ;
#1620 = CARTESIAN_POINT ( 'NONE',  ( 0.7702814114940549350, -6.482010391546610961, 50.00000000000000000 ) ) ;
#1621 = CARTESIAN_POINT ( 'NONE',  ( -11.50000000000000355, -28.99999999999999645, -27.00000000000000355 ) ) ;
#1622 = AXIS2_PLACEMENT_3D ( 'NONE', #4310, #3575, #4282 ) ;
#1623 = ORIENTED_EDGE ( 'NONE', *, *, #2716, .F. ) ;
#1624 = LINE ( 'NONE', #439, #5096 ) ;
#1625 = LINE ( 'NONE', #1009, #4232 ) ;
#1626 = CARTESIAN_POINT ( 'NONE',  ( 18.80000000000003979, -46.69999999999996021, -10.84999999999994991 ) ) ;
#1627 = CARTESIAN_POINT ( 'NONE',  ( 17.00000000000004974, -50.84999999999999432, 14.77499999999999858 ) ) ;
#1628 = CARTESIAN_POINT ( 'NONE',  ( 18.80000000000003979, -46.69999999999996021, 8.849999999999981881 ) ) ;
#1629 = DIRECTION ( 'NONE',  ( 0.000000000000000000, 0.000000000000000000, -1.000000000000000000 ) ) ;
#1630 = ORIENTED_EDGE ( 'NONE', *, *, #4248, .F. ) ;
#1631 = ORIENTED_EDGE ( 'NONE', *, *, #1603, .F. ) ;
#1632 = CARTESIAN_POINT ( 'NONE',  ( -10.48855206734722323, 9.509820919957515883, 30.00000000000000000 ) ) ;
#1633 = CARTESIAN_POINT ( 'NONE',  ( 18.80000000000003979, -46.69999999999985363, 0.9999999999999861222 ) ) ;
#1634 = CIRCLE ( 'NONE', #2564, 1.249999999997455813 ) ;
#1635 = DIRECTION ( 'NONE',  ( 0.000000000000000000, 0.000000000000000000, -1.000000000000000000 ) ) ;
#1636 = VERTEX_POINT ( 'NONE', #1063 ) ;
#1637 = ORIENTED_EDGE ( 'NONE', *, *, #4140, .T. ) ;
#1638 = EDGE_CURVE ( 'NONE', #447, #3051, #2678, .T. ) ;
#1639 = CARTESIAN_POINT ( 'NONE',  ( -20.00000000000000000, -46.61321960076966064, 30.00000000000000000 ) ) ;
#1640 = CARTESIAN_POINT ( 'NONE',  ( 15.23201039154588621, 10.77028141149406260, -30.00000000000000000 ) ) ;
#1641 = ORIENTED_EDGE ( 'NONE', *, *, #4277, .T. ) ;
#1642 = DIRECTION ( 'NONE',  ( -0.000000000000000000, -0.000000000000000000, 1.000000000000000000 ) ) ;
#1643 = ADVANCED_FACE ( 'NONE', ( #4351 ), #1882, .F. ) ;
#1644 = PLANE ( 'NONE',  #4296 ) ;
#1645 = ORIENTED_EDGE ( 'NONE', *, *, #113, .T. ) ;
#1646 = CARTESIAN_POINT ( 'NONE',  ( 17.00000000000000000, -100.2699999999999960, 14.77499999999999858 ) ) ;
#1647 = CARTESIAN_POINT ( 'NONE',  ( 10.00000000000000000, -50.84999999999999432, 16.92499999999999716 ) ) ;
#1648 = EDGE_CURVE ( 'NONE', #2477, #60, #4779, .T. ) ;
#1649 = LINE ( 'NONE', #1706, #493 ) ;
#1650 = FACE_OUTER_BOUND ( 'NONE', #396, .T. ) ;
#1651 = VECTOR ( 'NONE', #3517, 1000.000000000000000 ) ;
#1652 = CYLINDRICAL_SURFACE ( 'NONE', #4946, 1.150000000002567413 ) ;
#1653 = DIRECTION ( 'NONE',  ( 0.000000000000000000, 1.000000000000000000, 0.000000000000000000 ) ) ;
#1654 = ORIENTED_EDGE ( 'NONE', *, *, #2303, .F. ) ;
#1655 = AXIS2_PLACEMENT_3D ( 'NONE', #1752, #99, #3351 ) ;
#1656 = ORIENTED_EDGE ( 'NONE', *, *, #451, .T. ) ;
#1657 = EDGE_LOOP ( 'NONE', ( #3423, #4319, #2275, #4653 ) ) ;
#1658 = LINE ( 'NONE', #32, #1938 ) ;
#1659 = LINE ( 'NONE', #2877, #3592 ) ;
#1660 = CARTESIAN_POINT ( 'NONE',  ( -14.00000000000000178, -21.50000000000000000, -30.00000000000000000 ) ) ;
#1661 = VERTEX_POINT ( 'NONE', #5088 ) ;
#1662 = ORIENTED_EDGE ( 'NONE', *, *, #2929, .T. ) ;
#1663 = CARTESIAN_POINT ( 'NONE',  ( 17.00000000000003908, -46.69999999999996021, -10.84999999999994991 ) ) ;
#1664 = DIRECTION ( 'NONE',  ( -1.000000000000000000, 0.000000000000000000, 0.000000000000000000 ) ) ;
#1665 = VECTOR ( 'NONE', #898, 1000.000000000000000 ) ;
#1666 = AXIS2_PLACEMENT_3D ( 'NONE', #3361, #1366, #2977 ) ;
#1667 = EDGE_CURVE ( 'NONE', #4766, #2542, #247, .T. ) ;
#1668 = CIRCLE ( 'NONE', #5025, 1.650000000000000355 ) ;
#1669 = ORIENTED_EDGE ( 'NONE', *, *, #73, .F. ) ;
#1670 = CARTESIAN_POINT ( 'NONE',  ( -15.35000000000000497, -10.99999999999995737, 27.00000000000000000 ) ) ;
#1671 = CARTESIAN_POINT ( 'NONE',  ( -3.750000000000014211, -3.750000000000021316, -30.00000000000000000 ) ) ;
#1672 = AXIS2_PLACEMENT_3D ( 'NONE', #2655, #202, #960 ) ;
#1673 = ORIENTED_EDGE ( 'NONE', *, *, #1603, .T. ) ;
#1674 = CARTESIAN_POINT ( 'NONE',  ( 0.4901790800424890016, -0.4885520673472143471, -30.00000000000000000 ) ) ;
#1675 = FACE_OUTER_BOUND ( 'NONE', #4819, .T. ) ;
#1676 = EDGE_CURVE ( 'NONE', #1290, #2537, #1513, .T. ) ;
#1677 = AXIS2_PLACEMENT_3D ( 'NONE', #1944, #4381, #3542 ) ;
#1678 = DIRECTION ( 'NONE',  ( -1.000000000000000000, 0.000000000000000000, 0.000000000000000000 ) ) ;
#1679 = DIRECTION ( 'NONE',  ( 0.000000000000000000, 0.000000000000000000, -1.000000000000000000 ) ) ;
#1680 = CARTESIAN_POINT ( 'NONE',  ( 17.00000000000003908, -46.69999999999985363, 0.9999999999999861222 ) ) ;
#1681 = CARTESIAN_POINT ( 'NONE',  ( 18.80000000000003979, -105.3000000000000540, 10.85000000000000142 ) ) ;
#1682 = EDGE_CURVE ( 'NONE', #2100, #4382, #3565, .T. ) ;
#1683 = EDGE_CURVE ( 'NONE', #3180, #2285, #665, .T. ) ;
#1684 = ORIENTED_EDGE ( 'NONE', *, *, #2987, .F. ) ;
#1685 = EDGE_LOOP ( 'NONE', ( #4689, #3005, #1592, #3449 ) ) ;
#1686 = ORIENTED_EDGE ( 'NONE', *, *, #3622, .F. ) ;
#1687 = CARTESIAN_POINT ( 'NONE',  ( -17.00000000000000000, -30.99999999999995737, 39.99999999999999289 ) ) ;
#1688 = DIRECTION ( 'NONE',  ( -0.000000000000000000, -0.000000000000000000, 1.000000000000000000 ) ) ;
#1689 = CIRCLE ( 'NONE', #5125, 2.150000000000004352 ) ;
#1690 = CARTESIAN_POINT ( 'NONE',  ( 20.00000000000000000, -100.2699999999999960, -14.77499999999999858 ) ) ;
#1691 = DIRECTION ( 'NONE',  ( -0.7071067811865492381, -0.7071067811865457964, -0.000000000000000000 ) ) ;
#1692 = ORIENTED_EDGE ( 'NONE', *, *, #4571, .T. ) ;
#1693 = DIRECTION ( 'NONE',  ( -0.000000000000000000, -0.000000000000000000, -1.000000000000000000 ) ) ;
#1694 = AXIS2_PLACEMENT_3D ( 'NONE', #4428, #3662, #4085 ) ;
#1695 = FACE_BOUND ( 'NONE', #1003, .T. ) ;
#1696 = AXIS2_PLACEMENT_3D ( 'NONE', #3298, #1249, #3613 ) ;
#1697 = VECTOR ( 'NONE', #2826, 1000.000000000000000 ) ;
#1698 = ORIENTED_EDGE ( 'NONE', *, *, #2987, .T. ) ;
#1699 = DIRECTION ( 'NONE',  ( 0.000000000000000000, 0.000000000000000000, 1.000000000000000000 ) ) ;
#1700 = ORIENTED_EDGE ( 'NONE', *, *, #1423, .F. ) ;
#1701 = AXIS2_PLACEMENT_3D ( 'NONE', #4078, #2585, #475 ) ;
#1702 = AXIS2_PLACEMENT_3D ( 'NONE', #4944, #897, #4921 ) ;
#1703 = CARTESIAN_POINT ( 'NONE',  ( 18.80000000000003979, -105.2999999999999972, -1.000000000000039080 ) ) ;
#1704 = CARTESIAN_POINT ( 'NONE',  ( 3.000000000000039080, -54.99999999999999289, 27.00000000000000000 ) ) ;
#1705 = VECTOR ( 'NONE', #1629, 1000.000000000000000 ) ;
#1706 = CARTESIAN_POINT ( 'NONE',  ( 17.00000000000003908, -105.2999999999999829, 1.000000000000002220 ) ) ;
#1707 = DIRECTION ( 'NONE',  ( 1.000000000000000000, 0.000000000000000000, 0.000000000000000000 ) ) ;
#1708 = EDGE_CURVE ( 'NONE', #2148, #379, #3117, .T. ) ;
#1709 = CARTESIAN_POINT ( 'NONE',  ( -0.4901790800424903338, 20.48855206734722501, 50.00000000000000000 ) ) ;
#1710 = CARTESIAN_POINT ( 'NONE',  ( -10.48855206734722323, 9.509820919957515883, -30.00000000000000000 ) ) ;
#1711 = ORIENTED_EDGE ( 'NONE', *, *, #4887, .T. ) ;
#1712 = ORIENTED_EDGE ( 'NONE', *, *, #1872, .T. ) ;
#1713 = VERTEX_POINT ( 'NONE', #4086 ) ;
#1714 = DIRECTION ( 'NONE',  ( -1.000000000000000000, 0.000000000000000000, 0.000000000000000000 ) ) ;
#1715 = DIRECTION ( 'NONE',  ( 0.000000000000000000, 1.000000000000000000, -6.270084852928196292E-16 ) ) ;
#1716 = ADVANCED_FACE ( 'NONE', ( #2046 ), #2862, .F. ) ;
#1717 = EDGE_CURVE ( 'NONE', #66, #3563, #3961, .T. ) ;
#1718 = FACE_BOUND ( 'NONE', #4580, .T. ) ;
#1719 = DIRECTION ( 'NONE',  ( 1.000000000000000000, 0.000000000000000000, 0.000000000000000000 ) ) ;
#1720 = ORIENTED_EDGE ( 'NONE', *, *, #1908, .F. ) ;
#1721 = EDGE_CURVE ( 'NONE', #4866, #2003, #1992, .T. ) ;
#1722 = AXIS2_PLACEMENT_3D ( 'NONE', #2949, #4988, #4964 ) ;
#1723 = ORIENTED_EDGE ( 'NONE', *, *, #3447, .T. ) ;
#1724 = AXIS2_PLACEMENT_3D ( 'NONE', #1533, #33, #791 ) ;
#1725 = AXIS2_PLACEMENT_3D ( 'NONE', #3013, #3399, #3326 ) ;
#1726 = VERTEX_POINT ( 'NONE', #5191 ) ;
#1727 = PLANE ( 'NONE',  #4130 ) ;
#1728 = VERTEX_POINT ( 'NONE', #1621 ) ;
#1729 = DIRECTION ( 'NONE',  ( 0.000000000000000000, 0.000000000000000000, -1.000000000000000000 ) ) ;
#1730 = LINE ( 'NONE', #3352, #3483 ) ;
#1731 = FACE_BOUND ( 'NONE', #5070, .T. ) ;
#1732 = CARTESIAN_POINT ( 'NONE',  ( -14.00000000000000355, -26.50000000000000355, 30.00000000000000000 ) ) ;
#1733 = DIRECTION ( 'NONE',  ( 0.000000000000000000, 0.000000000000000000, 1.000000000000000000 ) ) ;
#1734 = CARTESIAN_POINT ( 'NONE',  ( -17.00000000000000000, -30.99999999999995737, 39.99999999999999289 ) ) ;
#1735 = DIRECTION ( 'NONE',  ( 0.000000000000000000, 0.000000000000000000, -1.000000000000000000 ) ) ;
#1736 = EDGE_CURVE ( 'NONE', #660, #2485, #22, .T. ) ;
#1737 = VERTEX_POINT ( 'NONE', #68 ) ;
#1738 = EDGE_LOOP ( 'NONE', ( #4159, #2657, #1504, #2607 ) ) ;
#1739 = ORIENTED_EDGE ( 'NONE', *, *, #3725, .F. ) ;
#1740 = DIRECTION ( 'NONE',  ( 0.000000000000000000, 0.000000000000000000, -1.000000000000000000 ) ) ;
#1741 = CARTESIAN_POINT ( 'NONE',  ( -15.23201039154735170, 9.229718588505949839, -27.00000000000001066 ) ) ;
#1742 = FACE_OUTER_BOUND ( 'NONE', #4175, .T. ) ;
#1743 = DIRECTION ( 'NONE',  ( 0.000000000000000000, 0.000000000000000000, 1.000000000000000000 ) ) ;
#1744 = AXIS2_PLACEMENT_3D ( 'NONE', #365, #281, #4674 ) ;
#1745 = EDGE_CURVE ( 'NONE', #4471, #197, #4466, .T. ) ;
#1746 = ORIENTED_EDGE ( 'NONE', *, *, #1024, .F. ) ;
#1747 = ORIENTED_EDGE ( 'NONE', *, *, #3573, .T. ) ;
#1748 = EDGE_CURVE ( 'NONE', #4740, #1164, #4509, .T. ) ;
#1749 = ORIENTED_EDGE ( 'NONE', *, *, #4015, .F. ) ;
#1750 = CARTESIAN_POINT ( 'NONE',  ( -11.50000000000000355, -28.99999999999999645, -35.00000000000000000 ) ) ;
#1751 = EDGE_LOOP ( 'NONE', ( #364, #4502 ) ) ;
#1752 = CARTESIAN_POINT ( 'NONE',  ( 18.80000000000003979, -46.69999999999984652, -1.000000000000020872 ) ) ;
#1753 = DIRECTION ( 'NONE',  ( -0.000000000000000000, -0.000000000000000000, -1.000000000000000000 ) ) ;
#1754 = LINE ( 'NONE', #982, #628 ) ;
#1755 = CARTESIAN_POINT ( 'NONE',  ( 17.00000000000004974, -54.99999999999999289, -47.22374841615668828 ) ) ;
#1756 = CARTESIAN_POINT ( 'NONE',  ( 10.00000000000000000, -50.84999999999999432, 2.774999999999999467 ) ) ;
#1757 = VECTOR ( 'NONE', #2421, 1000.000000000000000 ) ;
#1758 = CARTESIAN_POINT ( 'NONE',  ( -17.73201039154588798, 9.229718588505949839, 27.00000000000000000 ) ) ;
#1759 = VECTOR ( 'NONE', #3380, 1000.000000000000000 ) ;
#1760 = CYLINDRICAL_SURFACE ( 'NONE', #2131, 2.149999999999998135 ) ;
#1761 = ORIENTED_EDGE ( 'NONE', *, *, #5152, .T. ) ;
#1762 = ORIENTED_EDGE ( 'NONE', *, *, #1000, .T. ) ;
#1763 = FACE_BOUND ( 'NONE', #1511, .T. ) ;
#1764 = DIRECTION ( 'NONE',  ( 1.000000000000000000, 0.000000000000000000, 0.000000000000000000 ) ) ;
#1765 = FACE_OUTER_BOUND ( 'NONE', #4948, .T. ) ;
#1766 = PRODUCT_DEFINITION_FORMATION_WITH_SPECIFIED_SOURCE ( 'ไป', '', #2077, .NOT_KNOWN. ) ;
#1767 = ORIENTED_EDGE ( 'NONE', *, *, #2236, .T. ) ;
#1768 = CARTESIAN_POINT ( 'NONE',  ( 17.00000000000000000, -117.0000000000000000, 3.350000000000000533 ) ) ;
#1769 = AXIS2_PLACEMENT_3D ( 'NONE', #3954, #2675, #1539 ) ;
#1770 = EDGE_CURVE ( 'NONE', #781, #4665, #1440, .T. ) ;
#1771 = VERTEX_POINT ( 'NONE', #2469 ) ;
#1772 = ORIENTED_EDGE ( 'NONE', *, *, #1184, .F. ) ;
#1773 = CARTESIAN_POINT ( 'NONE',  ( 17.00000000000004974, -50.84999999999999432, 14.77499999999999858 ) ) ;
#1774 = VECTOR ( 'NONE', #4604, 1000.000000000000114 ) ;
#1775 = ORIENTED_EDGE ( 'NONE', *, *, #969, .F. ) ;
#1776 = EDGE_CURVE ( 'NONE', #3358, #4714, #44, .T. ) ;
#1777 = EDGE_CURVE ( 'NONE', #1849, #3606, #4484, .T. ) ;
#1778 = CARTESIAN_POINT ( 'NONE',  ( -19.99999999999999645, 30.00000000000000711, 27.00000000000000000 ) ) ;
#1779 = CARTESIAN_POINT ( 'NONE',  ( -15.35000000000000142, -40.99999999999996447, 39.99999999999999289 ) ) ;
#1780 = VECTOR ( 'NONE', #3766, 1000.000000000000000 ) ;
#1781 = CARTESIAN_POINT ( 'NONE',  ( -20.00000000000000000, -29.99999999999999289, -30.00000000000000000 ) ) ;
#1782 = CARTESIAN_POINT ( 'NONE',  ( 17.73201039154735170, 10.77028141149406260, 50.00000000000000000 ) ) ;
#1783 = DIRECTION ( 'NONE',  ( -1.000000000000000000, 0.000000000000000000, 0.000000000000000000 ) ) ;
#1784 = ORIENTED_EDGE ( 'NONE', *, *, #1184, .T. ) ;
#1785 = CARTESIAN_POINT ( 'NONE',  ( 11.35000000000000320, -115.9999999999999858, 30.00000000000000000 ) ) ;
#1786 = CYLINDRICAL_SURFACE ( 'NONE', #1946, 1.249999999999267253 ) ;
#1787 = DIRECTION ( 'NONE',  ( 0.000000000000000000, 0.000000000000000000, -1.000000000000000000 ) ) ;
#1788 = VECTOR ( 'NONE', #787, 999.9999999999998863 ) ;
#1789 = VERTEX_POINT ( 'NONE', #4062 ) ;
#1790 = ORIENTED_EDGE ( 'NONE', *, *, #4949, .T. ) ;
#1791 = FACE_OUTER_BOUND ( 'NONE', #3050, .T. ) ;
#1792 = DIRECTION ( 'NONE',  ( 0.000000000000000000, 0.000000000000000000, -1.000000000000000000 ) ) ;
#1793 = DIRECTION ( 'NONE',  ( 0.000000000000000000, 0.000000000000000000, -1.000000000000000000 ) ) ;
#1794 = VERTEX_POINT ( 'NONE', #461 ) ;
#1795 = CARTESIAN_POINT ( 'NONE',  ( 18.80000000000003979, -97.00000000000000000, -10.84999999999999787 ) ) ;
#1796 = ORIENTED_EDGE ( 'NONE', *, *, #1843, .T. ) ;
#1797 = ADVANCED_FACE ( 'NONE', ( #2493 ), #1644, .F. ) ;
#1798 = DIRECTION ( 'NONE',  ( 0.000000000000000000, 0.000000000000000000, -1.000000000000000000 ) ) ;
#1799 = EDGE_LOOP ( 'NONE', ( #4523, #1336, #4019, #3869 ) ) ;
#1800 = AXIS2_PLACEMENT_3D ( 'NONE', #2102, #1305, #4831 ) ;
#1801 = DIRECTION ( 'NONE',  ( -1.000000000000000000, -0.000000000000000000, -0.000000000000000000 ) ) ;
#1802 = CARTESIAN_POINT ( 'NONE',  ( -20.00000000000000000, 30.00000000000000711, -30.00000000000000000 ) ) ;
#1803 = EDGE_CURVE ( 'NONE', #3915, #2016, #1594, .T. ) ;
#1804 = LINE ( 'NONE', #2550, #1301 ) ;
#1805 = DIRECTION ( 'NONE',  ( 0.000000000000000000, 0.000000000000000000, -1.000000000000000000 ) ) ;
#1806 = LINE ( 'NONE', #3069, #3021 ) ;
#1807 = ORIENTED_EDGE ( 'NONE', *, *, #368, .F. ) ;
#1808 = DIRECTION ( 'NONE',  ( 0.000000000000000000, 0.000000000000000000, 1.000000000000000000 ) ) ;
#1809 = DIRECTION ( 'NONE',  ( 0.000000000000000000, 0.000000000000000000, 1.000000000000000000 ) ) ;
#1810 = CARTESIAN_POINT ( 'NONE',  ( -0.4901790800424903338, 20.48855206734722501, 50.00000000000000000 ) ) ;
#1811 = EDGE_CURVE ( 'NONE', #1082, #4371, #3664, .T. ) ;
#1812 = ORIENTED_EDGE ( 'NONE', *, *, #3381, .T. ) ;
#1813 = ORIENTED_EDGE ( 'NONE', *, *, #386, .F. ) ;
#1814 = DIRECTION ( 'NONE',  ( 1.000000000000000000, 0.000000000000000000, 0.000000000000000000 ) ) ;
#1815 = DIRECTION ( 'NONE',  ( -0.000000000000000000, -0.000000000000000000, 1.000000000000000000 ) ) ;
#1816 = LINE ( 'NONE', #4231, #4807 ) ;
#1817 = DIRECTION ( 'NONE',  ( 1.000000000000000000, 0.000000000000000000, 0.000000000000000000 ) ) ;
#1818 = ORIENTED_EDGE ( 'NONE', *, *, #3919, .T. ) ;
#1819 = FACE_OUTER_BOUND ( 'NONE', #2984, .T. ) ;
#1820 = CIRCLE ( 'NONE', #3330, 1.649999999999998579 ) ;
#1821 = ORIENTED_EDGE ( 'NONE', *, *, #1417, .F. ) ;
#1822 = VECTOR ( 'NONE', #4589, 1000.000000000000000 ) ;
#1823 = ORIENTED_EDGE ( 'NONE', *, *, #3344, .F. ) ;
#1824 = AXIS2_PLACEMENT_3D ( 'NONE', #149, #3797, #4584 ) ;
#1825 = FACE_OUTER_BOUND ( 'NONE', #3137, .T. ) ;
#1826 = EDGE_CURVE ( 'NONE', #3713, #4633, #4802, .T. ) ;
#1827 = CARTESIAN_POINT ( 'NONE',  ( -13.03118965213752745, -43.03118965213742797, 27.00000000000000000 ) ) ;
#1828 = VECTOR ( 'NONE', #138, 1000.000000000000114 ) ;
#1829 = DIRECTION ( 'NONE',  ( 0.000000000000000000, -1.000000000000000000, 0.000000000000000000 ) ) ;
#1830 = DIRECTION ( 'NONE',  ( 0.000000000000000000, 0.000000000000000000, -1.000000000000000000 ) ) ;
#1831 = CARTESIAN_POINT ( 'NONE',  ( 18.80000000000003979, -46.69999999999984652, -1.000000000000020872 ) ) ;
#1832 = CYLINDRICAL_SURFACE ( 'NONE', #86, 1.650000000000000355 ) ;
#1833 = ORIENTED_EDGE ( 'NONE', *, *, #5044, .F. ) ;
#1834 = EDGE_CURVE ( 'NONE', #359, #2986, #1530, .T. ) ;
#1835 = DIRECTION ( 'NONE',  ( 0.7071067811865482389, 0.7071067811865469066, 0.000000000000000000 ) ) ;
#1836 = FACE_OUTER_BOUND ( 'NONE', #927, .T. ) ;
#1837 = CARTESIAN_POINT ( 'NONE',  ( 11.63855206734794834, 10.49017908004249833, 27.00000000000000000 ) ) ;
#1838 = ORIENTED_EDGE ( 'NONE', *, *, #2008, .T. ) ;
#1839 = VERTEX_POINT ( 'NONE', #4851 ) ;
#1840 = CARTESIAN_POINT ( 'NONE',  ( -20.00000000000000000, 19.00000000000002487, 30.00000000000000000 ) ) ;
#1841 = AXIS2_PLACEMENT_3D ( 'NONE', #494, #3699, #106 ) ;
#1842 = VECTOR ( 'NONE', #1433, 1000.000000000000000 ) ;
#1843 = EDGE_CURVE ( 'NONE', #5120, #280, #96, .T. ) ;
#1844 = EDGE_CURVE ( 'NONE', #3650, #2908, #2441, .T. ) ;
#1845 = CARTESIAN_POINT ( 'NONE',  ( 10.48855206734722323, 10.49017908004249833, -30.00000000000000000 ) ) ;
#1846 = CARTESIAN_POINT ( 'NONE',  ( -0.7702814114940569334, 26.48201039154662340, 27.00000000000000000 ) ) ;
#1847 = ORIENTED_EDGE ( 'NONE', *, *, #624, .T. ) ;
#1848 = CARTESIAN_POINT ( 'NONE',  ( 20.00000000000004974, -54.99999999999999289, 27.00000000000000000 ) ) ;
#1849 = VERTEX_POINT ( 'NONE', #803 ) ;
#1850 = VERTEX_POINT ( 'NONE', #2414 ) ;
#1851 = LINE ( 'NONE', #3112, #1266 ) ;
#1852 = AXIS2_PLACEMENT_3D ( 'NONE', #1298, #4503, #2894 ) ;
#1853 = CARTESIAN_POINT ( 'NONE',  ( -20.00000000000000000, 19.00000000000002487, -30.00000000000000000 ) ) ;
#1854 = DIRECTION ( 'NONE',  ( -1.000000000000000000, -0.000000000000000000, 0.000000000000000000 ) ) ;
#1855 = DIRECTION ( 'NONE',  ( -1.000000000000000000, 0.000000000000000000, 0.000000000000000000 ) ) ;
#1856 = LINE ( 'NONE', #961, #4087 ) ;
#1857 = ORIENTED_EDGE ( 'NONE', *, *, #4309, .F. ) ;
#1858 = DIRECTION ( 'NONE',  ( 0.000000000000000000, 1.000000000000000000, 0.000000000000000000 ) ) ;
#1859 = CARTESIAN_POINT ( 'NONE',  ( 13.99999999999999645, -21.50000000000000000, 30.00000000000000000 ) ) ;
#1860 = AXIS2_PLACEMENT_3D ( 'NONE', #3446, #3393, #1002 ) ;
#1861 = DIRECTION ( 'NONE',  ( 0.000000000000000000, 0.000000000000000000, 1.000000000000000000 ) ) ;
#1862 = VECTOR ( 'NONE', #3589, 1000.000000000000000 ) ;
#1863 = ORIENTED_EDGE ( 'NONE', *, *, #1326, .T. ) ;
#1864 = ORIENTED_EDGE ( 'NONE', *, *, #2071, .T. ) ;
#1865 = EDGE_CURVE ( 'NONE', #2306, #4391, #689, .T. ) ;
#1866 = FACE_BOUND ( 'NONE', #1075, .T. ) ;
#1867 = VECTOR ( 'NONE', #315, 1000.000000000000000 ) ;
#1868 = DIRECTION ( 'NONE',  ( 0.000000000000000000, 0.000000000000000000, -1.000000000000000000 ) ) ;
#1869 = CARTESIAN_POINT ( 'NONE',  ( 0.4901790800424890016, -0.4885520673472143471, -27.00000000000001066 ) ) ;
#1870 = VERTEX_POINT ( 'NONE', #562 ) ;
#1871 = EDGE_CURVE ( 'NONE', #1884, #2725, #4634, .T. ) ;
#1872 = EDGE_CURVE ( 'NONE', #4530, #3830, #168, .T. ) ;
#1873 = VECTOR ( 'NONE', #4467, 1000.000000000000114 ) ;
#1874 = ORIENTED_EDGE ( 'NONE', *, *, #4795, .T. ) ;
#1875 = CARTESIAN_POINT ( 'NONE',  ( 13.99999999999999645, -26.50000000000000355, -35.00000000000000000 ) ) ;
#1876 = ORIENTED_EDGE ( 'NONE', *, *, #329, .T. ) ;
#1877 = ORIENTED_EDGE ( 'NONE', *, *, #5018, .T. ) ;
#1878 = EDGE_LOOP ( 'NONE', ( #1421, #271, #2004, #5100 ) ) ;
#1879 = EDGE_CURVE ( 'NONE', #2341, #3192, #1005, .T. ) ;
#1880 = LINE ( 'NONE', #3871, #5126 ) ;
#1881 = CARTESIAN_POINT ( 'NONE',  ( 10.00000000000000000, -50.84999999999999432, 12.62500000000000178 ) ) ;
#1882 = CYLINDRICAL_SURFACE ( 'NONE', #916, 1.150000000002567413 ) ;
#1883 = CARTESIAN_POINT ( 'NONE',  ( -16.48201039154661984, 9.229718588505949839, 50.00000000000000000 ) ) ;
#1884 = VERTEX_POINT ( 'NONE', #4111 ) ;
#1885 = VECTOR ( 'NONE', #2661, 1000.000000000000000 ) ;
#1886 = LINE ( 'NONE', #4725, #4843 ) ;
#1887 = DIRECTION ( 'NONE',  ( 0.000000000000000000, 0.000000000000000000, -1.000000000000000000 ) ) ;
#1888 = CYLINDRICAL_SURFACE ( 'NONE', #1127, 1.149999999997434852 ) ;
#1889 = VECTOR ( 'NONE', #2832, 1000.000000000000000 ) ;
#1890 = VECTOR ( 'NONE', #592, 1000.000000000000000 ) ;
#1891 = ORIENTED_EDGE ( 'NONE', *, *, #3123, .T. ) ;
#1892 = ORIENTED_EDGE ( 'NONE', *, *, #653, .F. ) ;
#1893 = DIRECTION ( 'NONE',  ( 0.000000000000000000, 0.000000000000000000, -1.000000000000000000 ) ) ;
#1894 = EDGE_CURVE ( 'NONE', #4878, #299, #2619, .T. ) ;
#1895 = LINE ( 'NONE', #1925, #1193 ) ;
#1896 = DIRECTION ( 'NONE',  ( -0.000000000000000000, -0.000000000000000000, 1.000000000000000000 ) ) ;
#1897 = EDGE_LOOP ( 'NONE', ( #3704, #2958 ) ) ;
#1898 = ORIENTED_EDGE ( 'NONE', *, *, #1908, .T. ) ;
#1899 = ORIENTED_EDGE ( 'NONE', *, *, #5153, .T. ) ;
#1900 = LINE ( 'NONE', #3500, #1774 ) ;
#1901 = EDGE_CURVE ( 'NONE', #3812, #3334, #1105, .T. ) ;
#1902 = ORIENTED_EDGE ( 'NONE', *, *, #4504, .F. ) ;
#1903 = ORIENTED_EDGE ( 'NONE', *, *, #4631, .F. ) ;
#1904 = ORIENTED_EDGE ( 'NONE', *, *, #4923, .F. ) ;
#1905 = ADVANCED_BREP_SHAPE_REPRESENTATION ( 'Mirrorthigh', ( #3075, #4783 ), #2195 ) ;
#1906 = DIRECTION ( 'NONE',  ( 0.000000000000000000, 0.000000000000000000, -1.000000000000000000 ) ) ;
#1907 = CIRCLE ( 'NONE', #2169, 4.000000000000000000 ) ;
#1908 = EDGE_CURVE ( 'NONE', #4633, #1247, #3347, .T. ) ;
#1909 = ADVANCED_FACE ( 'NONE', ( #4190 ), #1727, .F. ) ;
#1910 = AXIS2_PLACEMENT_3D ( 'NONE', #980, #2180, #4562 ) ;
#1911 = ORIENTED_EDGE ( 'NONE', *, *, #419, .T. ) ;
#1912 = CARTESIAN_POINT ( 'NONE',  ( -8.999999999999962697, 30.00000000000000711, 26.99999999999999645 ) ) ;
#1913 = CARTESIAN_POINT ( 'NONE',  ( 8.550840296494985893, -64.61321960076965354, 30.00000000000000000 ) ) ;
#1914 = FACE_BOUND ( 'NONE', #3059, .T. ) ;
#1915 = ORIENTED_EDGE ( 'NONE', *, *, #3409, .T. ) ;
#1916 = CARTESIAN_POINT ( 'NONE',  ( 17.00000000000004974, -50.84999999999999432, -12.62500000000000000 ) ) ;
#1917 = FACE_BOUND ( 'NONE', #1584, .T. ) ;
#1918 = CARTESIAN_POINT ( 'NONE',  ( -10.48855206734722323, 9.509820919957515883, 30.00000000000000000 ) ) ;
#1919 = ORIENTED_EDGE ( 'NONE', *, *, #962, .F. ) ;
#1920 = CIRCLE ( 'NONE', #5027, 1.649999999999998579 ) ;
#1921 = ORIENTED_EDGE ( 'NONE', *, *, #1000, .F. ) ;
#1922 = CARTESIAN_POINT ( 'NONE',  ( -18.65000000000000568, -0.9999999999999577005, -30.00000000000000000 ) ) ;
#1923 = CIRCLE ( 'NONE', #74, 1.250000000002546852 ) ;
#1924 = AXIS2_PLACEMENT_3D ( 'NONE', #213, #3413, #1415 ) ;
#1925 = CARTESIAN_POINT ( 'NONE',  ( -8.999999999999962697, 30.00000000000000711, -30.00000000000000000 ) ) ;
#1926 = CARTESIAN_POINT ( 'NONE',  ( -0.6598209199549457393, -0.4885520673472144582, 50.00000000000000000 ) ) ;
#1927 = VECTOR ( 'NONE', #570, 1000.000000000000000 ) ;
#1928 = ORIENTED_EDGE ( 'NONE', *, *, #490, .T. ) ;
#1929 = EDGE_LOOP ( 'NONE', ( #2813, #3094, #55, #976, #3450, #4814 ) ) ;
#1930 = DIRECTION ( 'NONE',  ( 0.000000000000000000, 0.000000000000000000, -1.000000000000000000 ) ) ;
#1931 = CARTESIAN_POINT ( 'NONE',  ( 13.99999999999999645, -26.50000000000000355, -30.00000000000000000 ) ) ;
#1932 = CARTESIAN_POINT ( 'NONE',  ( -4.000000000000000000, 10.00000000000000533, -30.00000000000000000 ) ) ;
#1933 = ORIENTED_EDGE ( 'NONE', *, *, #4724, .F. ) ;
#1934 = VERTEX_POINT ( 'NONE', #2177 ) ;
#1935 = EDGE_LOOP ( 'NONE', ( #56, #4626, #1928, #267 ) ) ;
#1936 = EDGE_CURVE ( 'NONE', #1109, #1713, #4162, .T. ) ;
#1937 = LINE ( 'NONE', #1139, #2449 ) ;
#1938 = VECTOR ( 'NONE', #2086, 1000.000000000000000 ) ;
#1939 = ORIENTED_EDGE ( 'NONE', *, *, #241, .F. ) ;
#1940 = LINE ( 'NONE', #1115, #266 ) ;
#1941 = EDGE_CURVE ( 'NONE', #1019, #1052, #2460, .T. ) ;
#1942 = DIRECTION ( 'NONE',  ( 1.000000000000000000, 0.000000000000000000, 0.000000000000000000 ) ) ;
#1943 = ADVANCED_FACE ( 'NONE', ( #1399 ), #2568, .F. ) ;
#1944 = CARTESIAN_POINT ( 'NONE',  ( 0.000000000000000000, 0.000000000000000000, -30.00000000000000000 ) ) ;
#1945 = ORIENTED_EDGE ( 'NONE', *, *, #4700, .F. ) ;
#1946 = AXIS2_PLACEMENT_3D ( 'NONE', #4173, #232, #207 ) ;
#1947 = VECTOR ( 'NONE', #3214, 1000.000000000000000 ) ;
#1948 = LINE ( 'NONE', #3147, #224 ) ;
#1949 = DIRECTION ( 'NONE',  ( 0.000000000000000000, 0.000000000000000000, -1.000000000000000000 ) ) ;
#1950 = ORIENTED_EDGE ( 'NONE', *, *, #4864, .F. ) ;
#1951 = PLANE ( 'NONE',  #3259 ) ;
#1952 = CIRCLE ( 'NONE', #4713, 1.149999999999274936 ) ;
#1953 = LINE ( 'NONE', #3078, #1867 ) ;
#1954 = CIRCLE ( 'NONE', #3290, 1.149999999999274936 ) ;
#1955 = ORIENTED_EDGE ( 'NONE', *, *, #4571, .F. ) ;
#1956 = ORIENTED_EDGE ( 'NONE', *, *, #1378, .F. ) ;
#1957 = DIRECTION ( 'NONE',  ( -1.000000000000000000, 0.000000000000000000, 0.000000000000000000 ) ) ;
#1958 = DIRECTION ( 'NONE',  ( 0.000000000000000000, 0.000000000000000000, -1.000000000000000000 ) ) ;
#1959 = AXIS2_PLACEMENT_3D ( 'NONE', #4656, #4180, #3003 ) ;
#1960 = FACE_OUTER_BOUND ( 'NONE', #673, .T. ) ;
#1961 = EDGE_LOOP ( 'NONE', ( #1939, #1994, #5090, #2912 ) ) ;
#1962 = VECTOR ( 'NONE', #1206, 1000.000000000000000 ) ;
#1963 = ORIENTED_EDGE ( 'NONE', *, *, #1844, .T. ) ;
#1964 = ORIENTED_EDGE ( 'NONE', *, *, #391, .F. ) ;
#1965 = CARTESIAN_POINT ( 'NONE',  ( 20.00000000000000000, -50.84999999999999432, 7.074999999999997513 ) ) ;
#1966 = EDGE_CURVE ( 'NONE', #2935, #3889, #3124, .T. ) ;
#1967 = ORIENTED_EDGE ( 'NONE', *, *, #255, .T. ) ;
#1968 = DIRECTION ( 'NONE',  ( 1.000000000000000000, 0.000000000000000000, -0.000000000000000000 ) ) ;
#1969 = LINE ( 'NONE', #777, #2770 ) ;
#1970 = FACE_BOUND ( 'NONE', #3729, .T. ) ;
#1971 = ORIENTED_EDGE ( 'NONE', *, *, #2397, .T. ) ;
#1972 = CARTESIAN_POINT ( 'NONE',  ( 17.00000000000000000, -100.2699999999999960, 4.924999999999998934 ) ) ;
#1973 = DIRECTION ( 'NONE',  ( 1.000000000000000000, 0.000000000000000000, 0.000000000000000000 ) ) ;
#1974 = EDGE_CURVE ( 'NONE', #1794, #4649, #2229, .T. ) ;
#1975 = AXIS2_PLACEMENT_3D ( 'NONE', #2944, #4539, #981 ) ;
#1976 = CARTESIAN_POINT ( 'NONE',  ( 10.48855206734722323, 10.49017908004249833, 50.00000000000000000 ) ) ;
#1977 = VECTOR ( 'NONE', #1158, 1000.000000000000000 ) ;
#1978 = LINE ( 'NONE', #2717, #2383 ) ;
#1979 = ADVANCED_FACE ( 'NONE', ( #1373 ), #2985, .F. ) ;
#1980 = AXIS2_PLACEMENT_3D ( 'NONE', #1802, #1829, #4958 ) ;
#1981 = ADVANCED_FACE ( 'NONE', ( #3792 ), #196, .F. ) ;
#1982 = ORIENTED_EDGE ( 'NONE', *, *, #585, .F. ) ;
#1983 = ORIENTED_EDGE ( 'NONE', *, *, #2462, .T. ) ;
#1984 = DIRECTION ( 'NONE',  ( -0.000000000000000000, -0.000000000000000000, -1.000000000000000000 ) ) ;
#1985 = CARTESIAN_POINT ( 'NONE',  ( 18.80000000000003979, -46.69999999999996021, 10.84999999999994813 ) ) ;
#1986 = DIRECTION ( 'NONE',  ( -0.000000000000000000, -0.000000000000000000, -1.000000000000000000 ) ) ;
#1987 = VERTEX_POINT ( 'NONE', #3008 ) ;
#1988 = ORIENTED_EDGE ( 'NONE', *, *, #1966, .T. ) ;
#1989 = CARTESIAN_POINT ( 'NONE',  ( -10.48855206734722323, 9.509820919957515883, 50.00000000000000000 ) ) ;
#1990 = EDGE_LOOP ( 'NONE', ( #3509, #4047 ) ) ;
#1991 = DIRECTION ( 'NONE',  ( -1.000000000000000000, 0.000000000000000000, 0.000000000000000000 ) ) ;
#1992 = LINE ( 'NONE', #4906, #3791 ) ;
#1993 = CARTESIAN_POINT ( 'NONE',  ( -16.48201039154661984, 9.229718588505949839, 50.00000000000000000 ) ) ;
#1994 = ORIENTED_EDGE ( 'NONE', *, *, #2432, .T. ) ;
#1995 = EDGE_CURVE ( 'NONE', #2537, #2783, #768, .T. ) ;
#1996 = LINE ( 'NONE', #1569, #145 ) ;
#1997 = VECTOR ( 'NONE', #3544, 1000.000000000000000 ) ;
#1998 = FACE_OUTER_BOUND ( 'NONE', #4925, .T. ) ;
#1999 = CARTESIAN_POINT ( 'NONE',  ( 20.00000000000004263, -34.99999999999999289, -47.22374841615668828 ) ) ;
#2000 = ADVANCED_FACE ( 'NONE', ( #1825 ), #3424, .F. ) ;
#2001 = DIRECTION ( 'NONE',  ( 0.000000000000000000, 0.000000000000000000, -1.000000000000000000 ) ) ;
#2002 = LINE ( 'NONE', #3152, #2545 ) ;
#2003 = VERTEX_POINT ( 'NONE', #2126 ) ;
#2004 = ORIENTED_EDGE ( 'NONE', *, *, #1721, .T. ) ;
#2005 = ORIENTED_EDGE ( 'NONE', *, *, #4410, .T. ) ;
#2006 = CARTESIAN_POINT ( 'NONE',  ( 20.00000000000000000, -100.2699999999999960, -2.774999999999996803 ) ) ;
#2007 = CARTESIAN_POINT ( 'NONE',  ( 13.99999999999999645, 0.000000000000000000, -30.00000000000000000 ) ) ;
#2008 = EDGE_CURVE ( 'NONE', #4063, #1987, #1613, .T. ) ;
#2009 = EDGE_CURVE ( 'NONE', #2621, #3411, #4267, .T. ) ;
#2010 = CARTESIAN_POINT ( 'NONE',  ( -10.48855206734722323, 9.509820919957515883, 50.00000000000000000 ) ) ;
#2011 = ORIENTED_EDGE ( 'NONE', *, *, #4344, .F. ) ;
#2012 = ORIENTED_EDGE ( 'NONE', *, *, #17, .F. ) ;
#2013 = CARTESIAN_POINT ( 'NONE',  ( -15.23201039154735170, 9.229718588505949839, 50.00000000000000000 ) ) ;
#2014 = CIRCLE ( 'NONE', #4021, 4.000000000000000000 ) ;
#2015 = LINE ( 'NONE', #1617, #378 ) ;
#2016 = VERTEX_POINT ( 'NONE', #4666 ) ;
#2017 = DIRECTION ( 'NONE',  ( 1.000000000000000000, 0.000000000000000000, 0.000000000000000000 ) ) ;
#2018 = DIRECTION ( 'NONE',  ( -1.000000000000000000, -0.000000000000000000, -0.000000000000000000 ) ) ;
#2019 = VERTEX_POINT ( 'NONE', #4690 ) ;
#2020 = DIRECTION ( 'NONE',  ( 0.000000000000000000, 0.000000000000000000, 1.000000000000000000 ) ) ;
#2021 = AXIS2_PLACEMENT_3D ( 'NONE', #2902, #4497, #2506 ) ;
#2022 = DIRECTION ( 'NONE',  ( 0.000000000000000000, 1.000000000000000000, 0.000000000000000000 ) ) ;
#2023 = FACE_OUTER_BOUND ( 'NONE', #2803, .T. ) ;
#2024 = CARTESIAN_POINT ( 'NONE',  ( 20.00000000000000000, -50.84999999999999432, 12.62500000000000178 ) ) ;
#2025 = VECTOR ( 'NONE', #4716, 1000.000000000000000 ) ;
#2026 = CARTESIAN_POINT ( 'NONE',  ( 1.640179080039923853, -0.4885520673472143471, 30.00000000000000000 ) ) ;
#2027 = CARTESIAN_POINT ( 'NONE',  ( -20.00000000000000000, 19.00000000000002487, -27.00000000000000355 ) ) ;
#2028 = EDGE_CURVE ( 'NONE', #238, #3411, #1851, .T. ) ;
#2029 = ORIENTED_EDGE ( 'NONE', *, *, #1297, .T. ) ;
#2030 = ORIENTED_EDGE ( 'NONE', *, *, #4896, .T. ) ;
#2031 = AXIS2_PLACEMENT_3D ( 'NONE', #974, #3474, #4685 ) ;
#2032 = CARTESIAN_POINT ( 'NONE',  ( 13.99999999999999645, -21.50000000000000000, -35.00000000000000000 ) ) ;
#2033 = CYLINDRICAL_SURFACE ( 'NONE', #2821, 1.649999999999998579 ) ;
#2034 = CARTESIAN_POINT ( 'NONE',  ( 20.00000000000000000, -50.84999999999999432, 14.77499999999999858 ) ) ;
#2035 = ORIENTED_EDGE ( 'NONE', *, *, #413, .F. ) ;
#2036 = AXIS2_PLACEMENT_3D ( 'NONE', #346, #3626, #1957 ) ;
#2037 = EDGE_CURVE ( 'NONE', #1260, #285, #1937, .T. ) ;
#2038 = AXIS2_PLACEMENT_3D ( 'NONE', #3640, #486, #1276 ) ;
#2039 = ORIENTED_EDGE ( 'NONE', *, *, #1386, .F. ) ;
#2040 = CARTESIAN_POINT ( 'NONE',  ( 0.7702814114940549350, -6.482010391546610961, 30.00000000000000000 ) ) ;
#2041 = DIRECTION ( 'NONE',  ( -1.000000000000000000, -0.000000000000000000, -0.000000000000000000 ) ) ;
#2042 = AXIS2_PLACEMENT_3D ( 'NONE', #2381, #1986, #740 ) ;
#2043 = ADVANCED_FACE ( 'NONE', ( #3536 ), #3899, .F. ) ;
#2044 = ORIENTED_EDGE ( 'NONE', *, *, #748, .T. ) ;
#2045 = CARTESIAN_POINT ( 'NONE',  ( -17.00000000000000000, -30.99999999999995737, -30.00000000000000000 ) ) ;
#2046 = FACE_OUTER_BOUND ( 'NONE', #3656, .T. ) ;
#2047 = VERTEX_POINT ( 'NONE', #720 ) ;
#2048 = CARTESIAN_POINT ( 'NONE',  ( 17.00000000000004974, -50.84999999999999432, -14.77499999999999858 ) ) ;
#2049 = DIRECTION ( 'NONE',  ( 0.000000000000000000, 0.000000000000000000, 1.000000000000000000 ) ) ;
#2050 = CYLINDRICAL_SURFACE ( 'NONE', #2096, 2.150000000000004352 ) ;
#2051 = DIRECTION ( 'NONE',  ( 1.000000000000000000, 0.000000000000000000, 0.000000000000000000 ) ) ;
#2052 = DIRECTION ( 'NONE',  ( 0.000000000000000000, 1.387778780781450409E-14, -1.000000000000000000 ) ) ;
#2053 = CARTESIAN_POINT ( 'NONE',  ( -11.50000000000000355, -28.99999999999999645, -35.00000000000000000 ) ) ;
#2054 = ORIENTED_EDGE ( 'NONE', *, *, #1748, .F. ) ;
#2055 = ORIENTED_EDGE ( 'NONE', *, *, #2009, .F. ) ;
#2056 = VERTEX_POINT ( 'NONE', #3452 ) ;
#2057 = DIRECTION ( 'NONE',  ( 0.000000000000000000, 0.000000000000000000, -1.000000000000000000 ) ) ;
#2058 = CARTESIAN_POINT ( 'NONE',  ( 20.00000000000000000, -49.99999999999997868, 27.00000000000000000 ) ) ;
#2059 = EDGE_CURVE ( 'NONE', #3070, #1578, #5085, .T. ) ;
#2060 = AXIS2_PLACEMENT_3D ( 'NONE', #2395, #3272, #4883 ) ;
#2061 = CARTESIAN_POINT ( 'NONE',  ( 17.00000000000003908, -46.69999999999985363, 0.9999999999999861222 ) ) ;
#2062 = ORIENTED_EDGE ( 'NONE', *, *, #127, .T. ) ;
#2063 = ORIENTED_EDGE ( 'NONE', *, *, #3310, .F. ) ;
#2064 = DIRECTION ( 'NONE',  ( 1.000000000000000000, 0.000000000000000000, 0.000000000000000000 ) ) ;
#2065 = EDGE_CURVE ( 'NONE', #3341, #4072, #3448, .T. ) ;
#2066 = CARTESIAN_POINT ( 'NONE',  ( 9.338552067346498120, 10.49017908004249833, 30.00000000000000000 ) ) ;
#2067 = VERTEX_POINT ( 'NONE', #1113 ) ;
#2068 = FACE_OUTER_BOUND ( 'NONE', #2863, .T. ) ;
#2069 = CARTESIAN_POINT ( 'NONE',  ( 16.48201039154661984, 10.77028141149406260, -27.00000000000001066 ) ) ;
#2070 = ORIENTED_EDGE ( 'NONE', *, *, #749, .T. ) ;
#2071 = EDGE_CURVE ( 'NONE', #4536, #3432, #2253, .T. ) ;
#2072 = EDGE_CURVE ( 'NONE', #238, #796, #668, .T. ) ;
#2073 = FACE_OUTER_BOUND ( 'NONE', #3161, .T. ) ;
#2074 = DIRECTION ( 'NONE',  ( 0.000000000000000000, 1.000000000000000000, 0.000000000000000000 ) ) ;
#2075 = CARTESIAN_POINT ( 'NONE',  ( 11.35000000000000320, -115.9999999999999858, 62.00000000000000000 ) ) ;
#2076 = FACE_OUTER_BOUND ( 'NONE', #3878, .T. ) ;
#2077 = PRODUCT ( 'Mirrorthigh', 'Mirrorthigh', '', ( #3782 ) ) ;
#2078 = AXIS2_PLACEMENT_3D ( 'NONE', #1401, #1801, #3376 ) ;
#2079 = FACE_OUTER_BOUND ( 'NONE', #2951, .T. ) ;
#2080 = VECTOR ( 'NONE', #3646, 1000.000000000000000 ) ;
#2081 = DIRECTION ( 'NONE',  ( 0.000000000000000000, 0.000000000000000000, -1.000000000000000000 ) ) ;
#2082 = ORIENTED_EDGE ( 'NONE', *, *, #4177, .F. ) ;
#2083 = PRESENTATION_LAYER_ASSIGNMENT (  '', '', ( #2924 ) ) ;
#2084 = VERTEX_POINT ( 'NONE', #249 ) ;
#2085 = EDGE_LOOP ( 'NONE', ( #3904, #3145, #1654, #1605 ) ) ;
#2086 = DIRECTION ( 'NONE',  ( 0.000000000000000000, 0.000000000000000000, -1.000000000000000000 ) ) ;
#2087 = DIRECTION ( 'NONE',  ( 0.000000000000000000, 0.000000000000000000, -1.000000000000000000 ) ) ;
#2088 = VECTOR ( 'NONE', #2773, 1000.000000000000000 ) ;
#2089 = FACE_OUTER_BOUND ( 'NONE', #2470, .T. ) ;
#2090 = LINE ( 'NONE', #3391, #4639 ) ;
#2091 = VERTEX_POINT ( 'NONE', #5059 ) ;
#2092 = CARTESIAN_POINT ( 'NONE',  ( 13.99999999999999112, -26.50000000000000355, 30.00000000000000000 ) ) ;
#2093 = CARTESIAN_POINT ( 'NONE',  ( 0.000000000000000000, 10.00000000000000533, -26.99999999999999645 ) ) ;
#2094 = AXIS2_PLACEMENT_3D ( 'NONE', #2298, #3888, #3103 ) ;
#2095 = EDGE_CURVE ( 'NONE', #4838, #1508, #1880, .T. ) ;
#2096 = AXIS2_PLACEMENT_3D ( 'NONE', #3224, #4094, #2917 ) ;
#2097 = EDGE_LOOP ( 'NONE', ( #4135, #2350, #1982, #3677 ) ) ;
#2098 = DIRECTION ( 'NONE',  ( 0.000000000000000000, 0.000000000000000000, -1.000000000000000000 ) ) ;
#2099 = VECTOR ( 'NONE', #4720, 1000.000000000000000 ) ;
#2100 = VERTEX_POINT ( 'NONE', #2699 ) ;
#2101 = CARTESIAN_POINT ( 'NONE',  ( 13.00000000000000178, -115.9999999999999858, 30.00000000000000000 ) ) ;
#2102 = CARTESIAN_POINT ( 'NONE',  ( -16.48201039154661984, 9.229718588505949839, 30.00000000000000000 ) ) ;
#2103 = EDGE_CURVE ( 'NONE', #4390, #14, #2359, .T. ) ;
#2104 = ADVANCED_FACE ( 'NONE', ( #1563 ), #4294, .F. ) ;
#2105 = CARTESIAN_POINT ( 'NONE',  ( 11.49999999999999645, -28.99999999999999645, -35.00000000000000000 ) ) ;
#2106 = DIRECTION ( 'NONE',  ( -0.000000000000000000, -0.000000000000000000, -1.000000000000000000 ) ) ;
#2107 = CARTESIAN_POINT ( 'NONE',  ( 17.00000000000000000, -100.2699999999999960, -7.075000000000001066 ) ) ;
#2108 = CARTESIAN_POINT ( 'NONE',  ( 20.00000000000000000, -100.2699999999999960, 4.924999999999998934 ) ) ;
#2109 = EDGE_CURVE ( 'NONE', #2306, #883, #1459, .T. ) ;
#2110 = VECTOR ( 'NONE', #707, 1000.000000000000000 ) ;
#2111 = ORIENTED_EDGE ( 'NONE', *, *, #3320, .F. ) ;
#2112 = ORIENTED_EDGE ( 'NONE', *, *, #2164, .F. ) ;
#2113 = ORIENTED_EDGE ( 'NONE', *, *, #2388, .T. ) ;
#2114 = LINE ( 'NONE', #4941, #3941 ) ;
#2115 = DIRECTION ( 'NONE',  ( 1.000000000000000000, 0.000000000000000000, 0.000000000000000000 ) ) ;
#2116 = AXIS2_PLACEMENT_3D ( 'NONE', #4450, #772, #1270 ) ;
#2117 = DIRECTION ( 'NONE',  ( 0.000000000000000000, 0.000000000000000000, -1.000000000000000000 ) ) ;
#2118 = DIRECTION ( 'NONE',  ( -0.000000000000000000, -0.000000000000000000, 1.000000000000000000 ) ) ;
#2119 = ORIENTED_EDGE ( 'NONE', *, *, #585, .T. ) ;
#2120 = CIRCLE ( 'NONE', #108, 1.650000000000000355 ) ;
#2121 = CIRCLE ( 'NONE', #687, 1.250000000000733191 ) ;
#2122 = VERTEX_POINT ( 'NONE', #1965 ) ;
#2123 = VECTOR ( 'NONE', #1196, 1000.000000000000000 ) ;
#2124 = PRODUCT_DEFINITION_SHAPE ( 'NONE', 'NONE',  #4010 ) ;
#2125 = ORIENTED_EDGE ( 'NONE', *, *, #2143, .F. ) ;
#2126 = CARTESIAN_POINT ( 'NONE',  ( -15.35000000000000142, -30.99999999999995737, -30.00000000000000000 ) ) ;
#2127 = ORIENTED_EDGE ( 'NONE', *, *, #4797, .T. ) ;
#2128 = AXIS2_PLACEMENT_3D ( 'NONE', #658, #4576, #4994 ) ;
#2129 = EDGE_CURVE ( 'NONE', #2980, #3432, #2868, .T. ) ;
#2130 = DIRECTION ( 'NONE',  ( -0.000000000000000000, -0.000000000000000000, -1.000000000000000000 ) ) ;
#2131 = AXIS2_PLACEMENT_3D ( 'NONE', #2241, #5014, #208 ) ;
#2132 = DIRECTION ( 'NONE',  ( 1.000000000000000000, 0.000000000000000000, 0.000000000000000000 ) ) ;
#2133 = CARTESIAN_POINT ( 'NONE',  ( 18.80000000000003979, -105.2999999999999829, 1.000000000000002220 ) ) ;
#2134 = CARTESIAN_POINT ( 'NONE',  ( -19.99999999999999645, 19.00000000000002487, 26.99999999999999645 ) ) ;
#2135 = EDGE_CURVE ( 'NONE', #2725, #1884, #591, .T. ) ;
#2136 = LINE ( 'NONE', #2527, #1927 ) ;
#2137 = CARTESIAN_POINT ( 'NONE',  ( 13.99999999999999645, -26.50000000000000355, -35.00000000000000000 ) ) ;
#2138 = ORIENTED_EDGE ( 'NONE', *, *, #485, .T. ) ;
#2139 = ORIENTED_EDGE ( 'NONE', *, *, #928, .F. ) ;
#2140 = ORIENTED_EDGE ( 'NONE', *, *, #4662, .F. ) ;
#2141 = DIRECTION ( 'NONE',  ( -1.000000000000000000, -0.000000000000000000, 0.000000000000000000 ) ) ;
#2142 = PLANE ( 'NONE',  #2179 ) ;
#2143 = EDGE_CURVE ( 'NONE', #637, #1870, #5164, .T. ) ;
#2144 = DIRECTION ( 'NONE',  ( -1.000000000000000000, -0.000000000000000000, -0.000000000000000000 ) ) ;
#2145 = CYLINDRICAL_SURFACE ( 'NONE', #3703, 1.250000000000733191 ) ;
#2146 = EDGE_LOOP ( 'NONE', ( #1631, #4837, #1393, #3499 ) ) ;
#2147 = AXIS2_PLACEMENT_3D ( 'NONE', #3694, #4065, #885 ) ;
#2148 = VERTEX_POINT ( 'NONE', #4770 ) ;
#2149 = VECTOR ( 'NONE', #3627, 1000.000000000000000 ) ;
#2150 = VECTOR ( 'NONE', #1830, 1000.000000000000000 ) ;
#2151 = ORIENTED_EDGE ( 'NONE', *, *, #2869, .F. ) ;
#2152 = CARTESIAN_POINT ( 'NONE',  ( 2.020281411491510859, -6.482010391546610961, 50.00000000000000000 ) ) ;
#2153 = EDGE_LOOP ( 'NONE', ( #3261, #608, #3467, #2857 ) ) ;
#2154 = DIRECTION ( 'NONE',  ( 0.000000000000000000, 0.000000000000000000, -1.000000000000000000 ) ) ;
#2155 = DIRECTION ( 'NONE',  ( -1.000000000000000000, 0.000000000000000000, 0.000000000000000000 ) ) ;
#2156 = FACE_BOUND ( 'NONE', #880, .T. ) ;
#2157 = PRODUCT_RELATED_PRODUCT_CATEGORY ( 'part', '', ( #2077 ) ) ;
#2158 = DIRECTION ( 'NONE',  ( 0.000000000000000000, 1.000000000000000000, 0.000000000000000000 ) ) ;
#2159 = LINE ( 'NONE', #3355, #1822 ) ;
#2160 = CARTESIAN_POINT ( 'NONE',  ( 9.000000000000017764, 30.00000000000000711, -30.00000000000000000 ) ) ;
#2161 = DIRECTION ( 'NONE',  ( 0.000000000000000000, 0.000000000000000000, 1.000000000000000000 ) ) ;
#2162 = ORIENTED_EDGE ( 'NONE', *, *, #4949, .F. ) ;
#2163 = VERTEX_POINT ( 'NONE', #2647 ) ;
#2164 = EDGE_CURVE ( 'NONE', #4756, #3838, #4242, .T. ) ;
#2165 = CARTESIAN_POINT ( 'NONE',  ( -9.000000000000017764, -54.99999999999999289, -47.22374841615668828 ) ) ;
#2166 = CARTESIAN_POINT ( 'NONE',  ( -16.48201039154661984, 9.229718588505949839, 50.00000000000000000 ) ) ;
#2167 = CARTESIAN_POINT ( 'NONE',  ( -17.00000000000000000, -30.99999999999995737, 39.99999999999999289 ) ) ;
#2168 = CARTESIAN_POINT ( 'NONE',  ( -5.250000000000018652, -35.24999999999997868, -27.00000000000000355 ) ) ;
#2169 = AXIS2_PLACEMENT_3D ( 'NONE', #2814, #3615, #24 ) ;
#2170 = ORIENTED_EDGE ( 'NONE', *, *, #4278, .F. ) ;
#2171 = EDGE_CURVE ( 'NONE', #2735, #4063, #2858, .T. ) ;
#2172 = EDGE_CURVE ( 'NONE', #111, #2219, #5187, .T. ) ;
#2173 = CARTESIAN_POINT ( 'NONE',  ( -1.640179080045057747, 20.48855206734722501, 30.00000000000000000 ) ) ;
#2174 = ORIENTED_EDGE ( 'NONE', *, *, #4366, .F. ) ;
#2175 = AXIS2_PLACEMENT_3D ( 'NONE', #1993, #3985, #1065 ) ;
#2176 = EDGE_LOOP ( 'NONE', ( #134, #946 ) ) ;
#2177 = CARTESIAN_POINT ( 'NONE',  ( 17.00000000000003908, -54.99999999999999289, 8.850000000000003197 ) ) ;
#2178 = ORIENTED_EDGE ( 'NONE', *, *, #1161, .T. ) ;
#2179 = AXIS2_PLACEMENT_3D ( 'NONE', #3052, #262, #5017 ) ;
#2180 = DIRECTION ( 'NONE',  ( 1.000000000000000000, 0.000000000000000000, -0.000000000000000000 ) ) ;
#2181 = CARTESIAN_POINT ( 'NONE',  ( 17.00000000000000000, -117.0000000000000000, 5.000000000000000000 ) ) ;
#2182 = FACE_BOUND ( 'NONE', #2565, .T. ) ;
#2183 = CARTESIAN_POINT ( 'NONE',  ( 0.000000000000000000, 10.00000000000000533, 30.00000000000000000 ) ) ;
#2184 = DIRECTION ( 'NONE',  ( 0.000000000000000000, 0.000000000000000000, 1.000000000000000000 ) ) ;
#2185 = ORIENTED_EDGE ( 'NONE', *, *, #2109, .F. ) ;
#2186 = DIRECTION ( 'NONE',  ( 0.000000000000000000, 0.000000000000000000, -1.000000000000000000 ) ) ;
#2187 = FACE_OUTER_BOUND ( 'NONE', #5177, .T. ) ;
#2188 = FACE_OUTER_BOUND ( 'NONE', #5022, .T. ) ;
#2189 = ORIENTED_EDGE ( 'NONE', *, *, #1510, .F. ) ;
#2190 = ORIENTED_EDGE ( 'NONE', *, *, #5019, .T. ) ;
#2191 = FACE_BOUND ( 'NONE', #157, .T. ) ;
#2192 = ADVANCED_FACE ( 'NONE', ( #4874 ), #1165, .F. ) ;
#2193 = FACE_OUTER_BOUND ( 'NONE', #3521, .T. ) ;
#2194 = LINE ( 'NONE', #503, #773 ) ;
#2195 =( GEOMETRIC_REPRESENTATION_CONTEXT ( 3 ) GLOBAL_UNCERTAINTY_ASSIGNED_CONTEXT ( ( #3418 ) ) GLOBAL_UNIT_ASSIGNED_CONTEXT ( ( #3708, #2927, #3360 ) ) REPRESENTATION_CONTEXT ( 'NONE', 'WORKASPACE' ) );
#2196 = ORIENTED_EDGE ( 'NONE', *, *, #843, .F. ) ;
#2197 = DIRECTION ( 'NONE',  ( 0.000000000000000000, 0.000000000000000000, -1.000000000000000000 ) ) ;
#2198 = AXIS2_PLACEMENT_3D ( 'NONE', #5013, #3489, #3020 ) ;
#2199 = AXIS2_PLACEMENT_3D ( 'NONE', #275, #328, #1482 ) ;
#2200 = ADVANCED_FACE ( 'NONE', ( #2831 ), #1242, .F. ) ;
#2201 = ORIENTED_EDGE ( 'NONE', *, *, #3795, .F. ) ;
#2202 = DIRECTION ( 'NONE',  ( 1.000000000000000000, 0.000000000000000000, 0.000000000000000000 ) ) ;
#2203 = AXIS2_PLACEMENT_3D ( 'NONE', #2276, #4579, #3032 ) ;
#2204 = ORIENTED_EDGE ( 'NONE', *, *, #4896, .F. ) ;
#2205 = EDGE_CURVE ( 'NONE', #4264, #4511, #4821, .T. ) ;
#2206 = CARTESIAN_POINT ( 'NONE',  ( -0.6598209199549457393, -0.4885520673472144582, -30.00000000000000000 ) ) ;
#2207 = PLANE ( 'NONE',  #2230 ) ;
#2208 = VECTOR ( 'NONE', #4736, 1000.000000000000000 ) ;
#2209 = FACE_BOUND ( 'NONE', #4330, .T. ) ;
#2210 = CARTESIAN_POINT ( 'NONE',  ( 17.00000000000004619, -34.99999999999999289, -27.00000000000000355 ) ) ;
#2211 = CIRCLE ( 'NONE', #2296, 1.649999999999998579 ) ;
#2212 = CARTESIAN_POINT ( 'NONE',  ( -0.7702814114940569334, 26.48201039154662340, 30.00000000000000000 ) ) ;
#2213 = ORIENTED_EDGE ( 'NONE', *, *, #4688, .F. ) ;
#2214 = CARTESIAN_POINT ( 'NONE',  ( -11.63855206734649883, 9.509820919957515883, -27.00000000000001066 ) ) ;
#2215 = CARTESIAN_POINT ( 'NONE',  ( 17.00000000000004974, -54.99999999999999289, -47.22374841615668828 ) ) ;
#2216 = CARTESIAN_POINT ( 'NONE',  ( 18.80000000000003979, -105.2999999999999829, 1.000000000000002220 ) ) ;
#2217 = CIRCLE ( 'NONE', #2128, 2.149999999999999023 ) ;
#2218 = VERTEX_POINT ( 'NONE', #2092 ) ;
#2219 = VERTEX_POINT ( 'NONE', #2487 ) ;
#2220 = PLANE ( 'NONE',  #1924 ) ;
#2221 = CARTESIAN_POINT ( 'NONE',  ( 17.00000000000003908, -97.00000000000000000, 10.84999999999996767 ) ) ;
#2222 = DIRECTION ( 'NONE',  ( 0.000000000000000000, 0.000000000000000000, -1.000000000000000000 ) ) ;
#2223 = ORIENTED_EDGE ( 'NONE', *, *, #2095, .F. ) ;
#2224 = CARTESIAN_POINT ( 'NONE',  ( 18.80000000000003979, -105.3000000000000256, -10.84999999999999609 ) ) ;
#2225 = ADVANCED_FACE ( 'NONE', ( #4794 ), #4373, .F. ) ;
#2226 = ORIENTED_EDGE ( 'NONE', *, *, #172, .F. ) ;
#2227 = ORIENTED_EDGE ( 'NONE', *, *, #1484, .T. ) ;
#2228 = EDGE_CURVE ( 'NONE', #4417, #5145, #4080, .T. ) ;
#2229 = LINE ( 'NONE', #4560, #1018 ) ;
#2230 = AXIS2_PLACEMENT_3D ( 'NONE', #1853, #4645, #2653 ) ;
#2231 = CARTESIAN_POINT ( 'NONE',  ( 17.00000000000003908, -54.99999999999999289, 0.9999999999999861222 ) ) ;
#2232 = DIRECTION ( 'NONE',  ( 0.000000000000000000, 0.000000000000000000, -1.000000000000000000 ) ) ;
#2233 = FACE_OUTER_BOUND ( 'NONE', #3291, .T. ) ;
#2234 = EDGE_CURVE ( 'NONE', #2435, #931, #430, .T. ) ;
#2235 = DIRECTION ( 'NONE',  ( -1.000000000000000000, 0.000000000000000000, 0.000000000000000000 ) ) ;
#2236 = EDGE_CURVE ( 'NONE', #1310, #1109, #2788, .T. ) ;
#2237 = LINE ( 'NONE', #3459, #3165 ) ;
#2238 = EDGE_LOOP ( 'NONE', ( #680, #4133, #4213, #4687, #3170, #4416, #3105, #2384, #4346, #2830, #3045, #1215, #1761, #1700, #3166, #3029 ) ) ;
#2239 = CARTESIAN_POINT ( 'NONE',  ( 20.00000000000000000, -50.84999999999999432, -4.924999999999998934 ) ) ;
#2240 = CARTESIAN_POINT ( 'NONE',  ( 18.80000000000003979, -105.2999999999999972, -1.000000000000039080 ) ) ;
#2241 = CARTESIAN_POINT ( 'NONE',  ( 10.00000000000000000, -50.84999999999999432, -4.924999999999998934 ) ) ;
#2242 = ORIENTED_EDGE ( 'NONE', *, *, #1062, .F. ) ;
#2243 = EDGE_LOOP ( 'NONE', ( #1304, #2012, #4972, #2514, #4532, #3531, #1287, #3154, #3269, #4182, #2304, #1911, #4868, #4336, #4009, #3472 ) ) ;
#2244 = FACE_BOUND ( 'NONE', #4203, .T. ) ;
#2245 = DIRECTION ( 'NONE',  ( -0.000000000000000000, -0.000000000000000000, -1.000000000000000000 ) ) ;
#2246 = FACE_OUTER_BOUND ( 'NONE', #5009, .T. ) ;
#2247 = ORIENTED_EDGE ( 'NONE', *, *, #2833, .F. ) ;
#2248 = DIRECTION ( 'NONE',  ( -1.000000000000000000, 0.000000000000000000, 0.000000000000000000 ) ) ;
#2249 = CIRCLE ( 'NONE', #1146, 1.250000000002546852 ) ;
#2250 = EDGE_LOOP ( 'NONE', ( #1346, #2358, #991, #3884 ) ) ;
#2251 = VECTOR ( 'NONE', #3044, 1000.000000000000000 ) ;
#2252 = VERTEX_POINT ( 'NONE', #1639 ) ;
#2253 = LINE ( 'NONE', #2331, #94 ) ;
#2254 = CARTESIAN_POINT ( 'NONE',  ( -9.999999999999998224, -117.0000000000000000, -6.649999999999999467 ) ) ;
#2255 = VECTOR ( 'NONE', #2481, 1000.000000000000000 ) ;
#2256 = FACE_OUTER_BOUND ( 'NONE', #761, .T. ) ;
#2257 = EDGE_CURVE ( 'NONE', #692, #2720, #4707, .T. ) ;
#2258 = DIRECTION ( 'NONE',  ( 1.000000000000000000, 0.000000000000000000, 0.000000000000000000 ) ) ;
#2259 = LINE ( 'NONE', #252, #2689 ) ;
#2260 = CARTESIAN_POINT ( 'NONE',  ( -18.65000000000000568, -0.9999999999999577005, 30.00000000000000000 ) ) ;
#2261 = EDGE_LOOP ( 'NONE', ( #576, #2458, #4345, #4397 ) ) ;
#2262 = DIRECTION ( 'NONE',  ( 1.000000000000000000, 0.000000000000000000, 0.000000000000000000 ) ) ;
#2263 = CARTESIAN_POINT ( 'NONE',  ( -31.24999999999999289, -38.74999999999997868, 27.00000000000000000 ) ) ;
#2264 = CARTESIAN_POINT ( 'NONE',  ( 18.80000000000003979, -105.3000000000000256, -10.84999999999999609 ) ) ;
#2265 = EDGE_CURVE ( 'NONE', #661, #1066, #1517, .T. ) ;
#2266 = EDGE_CURVE ( 'NONE', #1250, #2731, #343, .T. ) ;
#2267 = ORIENTED_EDGE ( 'NONE', *, *, #2423, .T. ) ;
#2268 = EDGE_LOOP ( 'NONE', ( #1442, #3865, #2063, #371 ) ) ;
#2269 = DIRECTION ( 'NONE',  ( -0.7071067811865482389, 0.7071067811865469066, 0.000000000000000000 ) ) ;
#2270 = CIRCLE ( 'NONE', #1167, 1.250000000000733191 ) ;
#2271 = LINE ( 'NONE', #264, #3375 ) ;
#2272 = ADVANCED_FACE ( 'NONE', ( #1217 ), #2805, .F. ) ;
#2273 = CARTESIAN_POINT ( 'NONE',  ( 9.000000000000017764, 30.00000000000000711, 26.99999999999999645 ) ) ;
#2274 = ORIENTED_EDGE ( 'NONE', *, *, #3408, .T. ) ;
#2275 = ORIENTED_EDGE ( 'NONE', *, *, #2266, .T. ) ;
#2276 = CARTESIAN_POINT ( 'NONE',  ( -16.48201039154661984, 9.229718588505949839, 27.00000000000000000 ) ) ;
#2277 = ORIENTED_EDGE ( 'NONE', *, *, #241, .T. ) ;
#2278 = ORIENTED_EDGE ( 'NONE', *, *, #1483, .F. ) ;
#2279 = ORIENTED_EDGE ( 'NONE', *, *, #336, .T. ) ;
#2280 = AXIS2_PLACEMENT_3D ( 'NONE', #4704, #1097, #1204 ) ;
#2281 = DIRECTION ( 'NONE',  ( -1.000000000000000000, -0.000000000000000000, -0.000000000000000000 ) ) ;
#2282 = DIRECTION ( 'NONE',  ( -0.000000000000000000, -0.000000000000000000, 1.000000000000000000 ) ) ;
#2283 = DIRECTION ( 'NONE',  ( 1.000000000000000000, 0.000000000000000000, 0.000000000000000000 ) ) ;
#2284 = DIRECTION ( 'NONE',  ( 1.000000000000000000, 0.000000000000000000, 0.000000000000000000 ) ) ;
#2285 = VERTEX_POINT ( 'NONE', #4398 ) ;
#2286 = EDGE_CURVE ( 'NONE', #3358, #4939, #1179, .T. ) ;
#2287 = CARTESIAN_POINT ( 'NONE',  ( 13.99999999999999822, -49.99999999999997868, 27.00000000000000000 ) ) ;
#2288 = DIRECTION ( 'NONE',  ( 0.000000000000000000, -1.000000000000000000, 2.299031112740338312E-15 ) ) ;
#2289 = AXIS2_PLACEMENT_3D ( 'NONE', #164, #4483, #2017 ) ;
#2290 = CARTESIAN_POINT ( 'NONE',  ( 10.00000000000000000, -50.84999999999999432, 4.924999999999998934 ) ) ;
#2291 = VECTOR ( 'NONE', #4322, 1000.000000000000000 ) ;
#2292 = EDGE_LOOP ( 'NONE', ( #956, #4791, #1374, #2428 ) ) ;
#2293 = ORIENTED_EDGE ( 'NONE', *, *, #2934, .T. ) ;
#2294 = FACE_BOUND ( 'NONE', #3133, .T. ) ;
#2295 = ADVANCED_FACE ( 'NONE', ( #2464 ), #403, .F. ) ;
#2296 = AXIS2_PLACEMENT_3D ( 'NONE', #240, #2245, #3756 ) ;
#2297 = CARTESIAN_POINT ( 'NONE',  ( 17.00000000000003908, -105.3000000000000256, -10.84999999999999609 ) ) ;
#2298 = CARTESIAN_POINT ( 'NONE',  ( -10.99999999999995737, -46.49999999999999289, 27.00000000000001066 ) ) ;
#2299 = ORIENTED_EDGE ( 'NONE', *, *, #5115, .T. ) ;
#2300 = ORIENTED_EDGE ( 'NONE', *, *, #586, .F. ) ;
#2301 = DIRECTION ( 'NONE',  ( 0.7071067811865482389, 0.7071067811865469066, 0.000000000000000000 ) ) ;
#2302 = EDGE_CURVE ( 'NONE', #2645, #3611, #4877, .T. ) ;
#2303 = EDGE_CURVE ( 'NONE', #2908, #3979, #2513, .T. ) ;
#2304 = ORIENTED_EDGE ( 'NONE', *, *, #3537, .T. ) ;
#2305 = ORIENTED_EDGE ( 'NONE', *, *, #3185, .F. ) ;
#2306 = VERTEX_POINT ( 'NONE', #4902 ) ;
#2307 = DIRECTION ( 'NONE',  ( 0.000000000000000000, 0.000000000000000000, -1.000000000000000000 ) ) ;
#2308 = DIRECTION ( 'NONE',  ( 1.000000000000000000, 0.000000000000000000, 0.000000000000000000 ) ) ;
#2309 = CARTESIAN_POINT ( 'NONE',  ( 17.00000000000000000, -100.2699999999999960, -4.924999999999998934 ) ) ;
#2310 = FACE_BOUND ( 'NONE', #4170, .T. ) ;
#2311 = EDGE_LOOP ( 'NONE', ( #4006, #1833 ) ) ;
#2312 = VECTOR ( 'NONE', #859, 1000.000000000000000 ) ;
#2313 = DIRECTION ( 'NONE',  ( 1.000000000000000000, 0.000000000000000000, 0.000000000000000000 ) ) ;
#2314 = FACE_BOUND ( 'NONE', #2467, .T. ) ;
#2315 = CARTESIAN_POINT ( 'NONE',  ( 0.4901790800424890016, -0.4885520673472143471, 50.00000000000000000 ) ) ;
#2316 = ORIENTED_EDGE ( 'NONE', *, *, #270, .F. ) ;
#2317 = ORIENTED_EDGE ( 'NONE', *, *, #386, .T. ) ;
#2318 = CARTESIAN_POINT ( 'NONE',  ( 17.00000000000000000, -120.0000000000000000, -19.00000000000001776 ) ) ;
#2319 = CARTESIAN_POINT ( 'NONE',  ( 17.00000000000003908, -105.3000000000000256, 8.850000000000008527 ) ) ;
#2320 = LINE ( 'NONE', #1026, #2593 ) ;
#2321 = EDGE_CURVE ( 'NONE', #2084, #4866, #3033, .T. ) ;
#2322 = EDGE_LOOP ( 'NONE', ( #1784, #1451, #3868, #4287 ) ) ;
#2323 = EDGE_LOOP ( 'NONE', ( #4608, #385, #2486, #1823 ) ) ;
#2324 = DIRECTION ( 'NONE',  ( 0.000000000000000000, 1.000000000000000000, 2.090028284309398501E-15 ) ) ;
#2325 = DIRECTION ( 'NONE',  ( 1.000000000000000000, 0.000000000000000000, 0.000000000000000000 ) ) ;
#2326 = EDGE_LOOP ( 'NONE', ( #3262, #4659, #1864, #335 ) ) ;
#2327 = EDGE_CURVE ( 'NONE', #4048, #3080, #1203, .T. ) ;
#2328 = EDGE_CURVE ( 'NONE', #4574, #1129, #4118, .T. ) ;
#2329 = EDGE_LOOP ( 'NONE', ( #2030, #1458 ) ) ;
#2330 = ORIENTED_EDGE ( 'NONE', *, *, #5115, .F. ) ;
#2331 = CARTESIAN_POINT ( 'NONE',  ( -9.338552067347947627, 9.509820919957515883, 50.00000000000000000 ) ) ;
#2332 = VECTOR ( 'NONE', #2681, 1000.000000000000000 ) ;
#2333 = VECTOR ( 'NONE', #793, 1000.000000000000000 ) ;
#2334 = ORIENTED_EDGE ( 'NONE', *, *, #4954, .T. ) ;
#2335 = LINE ( 'NONE', #4745, #934 ) ;
#2336 = LINE ( 'NONE', #3143, #495 ) ;
#2337 = FACE_BOUND ( 'NONE', #3487, .T. ) ;
#2338 = ORIENTED_EDGE ( 'NONE', *, *, #1648, .T. ) ;
#2339 = CARTESIAN_POINT ( 'NONE',  ( 20.00000000000000000, -100.2699999999999960, 16.92500000000000426 ) ) ;
#2340 = CARTESIAN_POINT ( 'NONE',  ( 20.00000000000000000, -50.84999999999999432, -12.62500000000000000 ) ) ;
#2341 = VERTEX_POINT ( 'NONE', #4808 ) ;
#2342 = LINE ( 'NONE', #1575, #3191 ) ;
#2343 = AXIS2_PLACEMENT_3D ( 'NONE', #4995, #4527, #1743 ) ;
#2344 = VECTOR ( 'NONE', #2269, 1000.000000000000000 ) ;
#2345 = CARTESIAN_POINT ( 'NONE',  ( -8.999999999999962697, 30.00000000000000711, 30.00000000000000000 ) ) ;
#2346 = DIRECTION ( 'NONE',  ( 0.000000000000000000, 0.000000000000000000, -1.000000000000000000 ) ) ;
#2347 = AXIS2_PLACEMENT_3D ( 'NONE', #79, #4492, #888 ) ;
#2348 = ORIENTED_EDGE ( 'NONE', *, *, #4564, .T. ) ;
#2349 = VECTOR ( 'NONE', #3850, 1000.000000000000000 ) ;
#2350 = ORIENTED_EDGE ( 'NONE', *, *, #3372, .F. ) ;
#2351 = LINE ( 'NONE', #422, #3121 ) ;
#2352 = CYLINDRICAL_SURFACE ( 'NONE', #2508, 1.249999999997455813 ) ;
#2353 = ADVANCED_FACE ( 'NONE', ( #2473 ), #2050, .F. ) ;
#2354 = DIRECTION ( 'NONE',  ( -1.000000000000000000, 0.000000000000000000, 0.000000000000000000 ) ) ;
#2355 = EDGE_LOOP ( 'NONE', ( #1351, #5162, #4996, #1515 ) ) ;
#2356 = VECTOR ( 'NONE', #2730, 1000.000000000000000 ) ;
#2357 = ORIENTED_EDGE ( 'NONE', *, *, #3157, .F. ) ;
#2358 = ORIENTED_EDGE ( 'NONE', *, *, #2833, .T. ) ;
#2359 = LINE ( 'NONE', #5136, #4625 ) ;
#2360 = ADVANCED_FACE ( 'NONE', ( #4885 ), #1306, .F. ) ;
#2361 = ORIENTED_EDGE ( 'NONE', *, *, #3695, .T. ) ;
#2362 = LINE ( 'NONE', #1170, #3200 ) ;
#2363 = DIRECTION ( 'NONE',  ( -0.000000000000000000, -0.000000000000000000, -1.000000000000000000 ) ) ;
#2364 = DIRECTION ( 'NONE',  ( 1.000000000000000000, 0.000000000000000000, 0.000000000000000000 ) ) ;
#2365 = ORIENTED_EDGE ( 'NONE', *, *, #865, .T. ) ;
#2366 = EDGE_CURVE ( 'NONE', #2479, #2409, #516, .T. ) ;
#2367 = EDGE_CURVE ( 'NONE', #299, #4740, #2866, .T. ) ;
#2368 = VECTOR ( 'NONE', #308, 1000.000000000000000 ) ;
#2369 = VECTOR ( 'NONE', #902, 1000.000000000000000 ) ;
#2370 = DIRECTION ( 'NONE',  ( 0.000000000000000000, 0.000000000000000000, -1.000000000000000000 ) ) ;
#2371 = DIRECTION ( 'NONE',  ( 0.000000000000000000, 0.000000000000000000, -1.000000000000000000 ) ) ;
#2372 = FACE_OUTER_BOUND ( 'NONE', #3633, .T. ) ;
#2373 = AXIS2_PLACEMENT_3D ( 'NONE', #1428, #4952, #510 ) ;
#2374 = LINE ( 'NONE', #1499, #1110 ) ;
#2375 = CIRCLE ( 'NONE', #4464, 1.649999999999998579 ) ;
#2376 = VERTEX_POINT ( 'NONE', #4013 ) ;
#2377 = ORIENTED_EDGE ( 'NONE', *, *, #3635, .F. ) ;
#2378 = DIRECTION ( 'NONE',  ( 0.7071067811865469066, 0.7071067811865482389, 0.000000000000000000 ) ) ;
#2379 = DIRECTION ( 'NONE',  ( 1.000000000000000000, 0.000000000000000000, 0.000000000000000000 ) ) ;
#2380 = VECTOR ( 'NONE', #1792, 1000.000000000000000 ) ;
#2381 = CARTESIAN_POINT ( 'NONE',  ( 0.4901790800424890016, -0.4885520673472143471, 30.00000000000000000 ) ) ;
#2382 = VERTEX_POINT ( 'NONE', #1283 ) ;
#2383 = VECTOR ( 'NONE', #1073, 1000.000000000000000 ) ;
#2384 = ORIENTED_EDGE ( 'NONE', *, *, #284, .F. ) ;
#2385 = ADVANCED_FACE ( 'NONE', ( #3644 ), #103, .F. ) ;
#2386 = EDGE_LOOP ( 'NONE', ( #3576, #721, #1155, #5049 ) ) ;
#2387 = DIRECTION ( 'NONE',  ( -0.000000000000000000, -0.000000000000000000, 1.000000000000000000 ) ) ;
#2388 = EDGE_CURVE ( 'NONE', #4712, #4406, #3723, .T. ) ;
#2389 = EDGE_LOOP ( 'NONE', ( #4792, #2138, #2408, #3641, #1876, #4715, #3004, #471, #4784, #5041, #4991, #999, #3374, #4215, #2174, #1400 ) ) ;
#2390 = DIRECTION ( 'NONE',  ( -0.000000000000000000, -0.000000000000000000, 1.000000000000000000 ) ) ;
#2391 = CARTESIAN_POINT ( 'NONE',  ( 17.00000000000000000, -100.2699999999999960, 7.075000000000001066 ) ) ;
#2392 = CARTESIAN_POINT ( 'NONE',  ( 17.00000000000000000, -117.0000000000000000, 6.649999999999999467 ) ) ;
#2393 = ORIENTED_EDGE ( 'NONE', *, *, #2171, .T. ) ;
#2394 = DIRECTION ( 'NONE',  ( 0.000000000000000000, 0.000000000000000000, 1.000000000000000000 ) ) ;
#2395 = CARTESIAN_POINT ( 'NONE',  ( 16.48201039154661984, 10.77028141149406260, 50.00000000000000000 ) ) ;
#2396 = EDGE_CURVE ( 'NONE', #4677, #4590, #3684, .T. ) ;
#2397 = EDGE_CURVE ( 'NONE', #4950, #3730, #245, .T. ) ;
#2398 = CARTESIAN_POINT ( 'NONE',  ( -11.50000000000000355, -28.99999999999999645, 26.99999999999999645 ) ) ;
#2399 = DIRECTION ( 'NONE',  ( 1.000000000000000000, 0.000000000000000000, 0.000000000000000000 ) ) ;
#2400 = VECTOR ( 'NONE', #824, 999.9999999999998863 ) ;
#2401 = CARTESIAN_POINT ( 'NONE',  ( -0.4901790800424903338, 20.48855206734722501, 27.00000000000000000 ) ) ;
#2402 = VECTOR ( 'NONE', #3377, 1000.000000000000000 ) ;
#2403 = ORIENTED_EDGE ( 'NONE', *, *, #2071, .F. ) ;
#2404 = EDGE_LOOP ( 'NONE', ( #4427, #2461, #3982, #4402 ) ) ;
#2405 = DIRECTION ( 'NONE',  ( -3.469446951953611231E-16, -1.000000000000000000, -0.000000000000000000 ) ) ;
#2406 = DIRECTION ( 'NONE',  ( 0.000000000000000000, 0.000000000000000000, -1.000000000000000000 ) ) ;
#2407 = LINE ( 'NONE', #4763, #2333 ) ;
#2408 = ORIENTED_EDGE ( 'NONE', *, *, #2205, .T. ) ;
#2409 = VERTEX_POINT ( 'NONE', #4436 ) ;
#2410 = DIRECTION ( 'NONE',  ( -1.000000000000000000, -0.000000000000000000, -0.000000000000000000 ) ) ;
#2411 = DIRECTION ( 'NONE',  ( 0.000000000000000000, 0.000000000000000000, 1.000000000000000000 ) ) ;
#2412 = EDGE_LOOP ( 'NONE', ( #1220, #1413, #4901, #3205 ) ) ;
#2413 = DIRECTION ( 'NONE',  ( 1.000000000000000000, 0.000000000000000000, 0.000000000000000000 ) ) ;
#2414 = CARTESIAN_POINT ( 'NONE',  ( 11.49999999999999645, -19.00000000000000355, -27.00000000000000355 ) ) ;
#2415 = CARTESIAN_POINT ( 'NONE',  ( 1.640179080039923853, -0.4885520673472143471, 50.00000000000000000 ) ) ;
#2416 = EDGE_LOOP ( 'NONE', ( #3346, #2975, #3676, #163 ) ) ;
#2417 = EDGE_CURVE ( 'NONE', #2563, #1568, #4462, .T. ) ;
#2418 = FACE_OUTER_BOUND ( 'NONE', #729, .T. ) ;
#2419 = AXIS2_PLACEMENT_3D ( 'NONE', #3775, #4121, #2972 ) ;
#2420 = CARTESIAN_POINT ( 'NONE',  ( 0.000000000000000000, 10.00000000000000533, 49.99999999999998579 ) ) ;
#2421 = DIRECTION ( 'NONE',  ( 0.000000000000000000, 0.000000000000000000, -1.000000000000000000 ) ) ;
#2422 = LINE ( 'NONE', #3127, #2782 ) ;
#2423 = EDGE_CURVE ( 'NONE', #3311, #2494, #861, .T. ) ;
#2424 = EDGE_CURVE ( 'NONE', #4735, #2409, #1649, .T. ) ;
#2425 = DIRECTION ( 'NONE',  ( -1.000000000000000000, -0.000000000000000000, -0.000000000000000000 ) ) ;
#2426 = CARTESIAN_POINT ( 'NONE',  ( 17.00000000000003908, -105.3000000000000256, -10.84999999999999609 ) ) ;
#2427 = VERTEX_POINT ( 'NONE', #809 ) ;
#2428 = ORIENTED_EDGE ( 'NONE', *, *, #3608, .F. ) ;
#2429 = VERTEX_POINT ( 'NONE', #4489 ) ;
#2430 = CARTESIAN_POINT ( 'NONE',  ( 18.80000000000003979, -46.69999999999996021, 10.84999999999994813 ) ) ;
#2431 = LINE ( 'NONE', #347, #2088 ) ;
#2432 = EDGE_CURVE ( 'NONE', #2697, #3893, #886, .T. ) ;
#2433 = CARTESIAN_POINT ( 'NONE',  ( 17.00000000000000000, -117.0000000000000000, 5.000000000000000000 ) ) ;
#2434 = EDGE_LOOP ( 'NONE', ( #498, #3282 ) ) ;
#2435 = VERTEX_POINT ( 'NONE', #4041 ) ;
#2436 = CARTESIAN_POINT ( 'NONE',  ( -14.00000000000000355, -26.50000000000000355, -35.00000000000000000 ) ) ;
#2437 = VECTOR ( 'NONE', #3016, 1000.000000000000000 ) ;
#2438 = CARTESIAN_POINT ( 'NONE',  ( 17.00000000000004619, -34.99999999999999289, 27.00000000000000000 ) ) ;
#2439 = ORIENTED_EDGE ( 'NONE', *, *, #3574, .T. ) ;
#2440 = LINE ( 'NONE', #1275, #3453 ) ;
#2441 = LINE ( 'NONE', #4880, #2711 ) ;
#2442 = ORIENTED_EDGE ( 'NONE', *, *, #451, .F. ) ;
#2443 = PLANE ( 'NONE',  #4004 ) ;
#2444 = LINE ( 'NONE', #3643, #1211 ) ;
#2445 = EDGE_CURVE ( 'NONE', #3213, #817, #1668, .T. ) ;
#2446 = DIRECTION ( 'NONE',  ( 3.469446951953611231E-16, 1.000000000000000000, 0.000000000000000000 ) ) ;
#2447 = CIRCLE ( 'NONE', #2198, 1.149999999997434852 ) ;
#2448 = LINE ( 'NONE', #2947, #2080 ) ;
#2449 = VECTOR ( 'NONE', #639, 1000.000000000000000 ) ;
#2450 = DIRECTION ( 'NONE',  ( -1.000000000000000000, -0.000000000000000000, -0.000000000000000000 ) ) ;
#2451 = DIRECTION ( 'NONE',  ( 0.7071067811865482389, -0.7071067811865469066, 0.000000000000000000 ) ) ;
#2452 = ORIENTED_EDGE ( 'NONE', *, *, #12, .F. ) ;
#2453 = ADVANCED_FACE ( 'NONE', ( #2023 ), #26, .F. ) ;
#2454 = ORIENTED_EDGE ( 'NONE', *, *, #127, .F. ) ;
#2455 = CARTESIAN_POINT ( 'NONE',  ( -18.65000000000000568, -10.99999999999995737, 27.00000000000000000 ) ) ;
#2456 = CARTESIAN_POINT ( 'NONE',  ( 17.00000000000000000, -120.0000000000000000, -19.00000000000001776 ) ) ;
#2457 = LINE ( 'NONE', #502, #4214 ) ;
#2458 = ORIENTED_EDGE ( 'NONE', *, *, #4989, .T. ) ;
#2459 = AXIS2_PLACEMENT_3D ( 'NONE', #4364, #3603, #2797 ) ;
#2460 = CIRCLE ( 'NONE', #187, 2.149999999999999023 ) ;
#2461 = ORIENTED_EDGE ( 'NONE', *, *, #1803, .F. ) ;
#2462 = EDGE_CURVE ( 'NONE', #4290, #302, #1078, .T. ) ;
#2463 = ADVANCED_FACE ( 'NONE', ( #2079 ), #52, .F. ) ;
#2464 = FACE_OUTER_BOUND ( 'NONE', #349, .T. ) ;
#2465 = LINE ( 'NONE', #2438, #1889 ) ;
#2466 = AXIS2_PLACEMENT_3D ( 'NONE', #3362, #4970, #1367 ) ;
#2467 = EDGE_LOOP ( 'NONE', ( #19, #420 ) ) ;
#2468 = DIRECTION ( 'NONE',  ( -0.000000000000000000, -0.000000000000000000, -1.000000000000000000 ) ) ;
#2469 = CARTESIAN_POINT ( 'NONE',  ( 20.00000000000000355, -97.00000000000000000, -30.00000000000000000 ) ) ;
#2470 = EDGE_LOOP ( 'NONE', ( #2644, #1537, #5077, #667 ) ) ;
#2471 = DIRECTION ( 'NONE',  ( -1.000000000000000000, 0.000000000000000000, 0.000000000000000000 ) ) ;
#2472 = DIRECTION ( 'NONE',  ( 0.000000000000000000, 0.000000000000000000, -1.000000000000000000 ) ) ;
#2473 = FACE_OUTER_BOUND ( 'NONE', #3230, .T. ) ;
#2474 = CARTESIAN_POINT ( 'NONE',  ( 17.00000000000004974, -50.84999999999999432, 16.92499999999999716 ) ) ;
#2475 = DIRECTION ( 'NONE',  ( 0.000000000000000000, 0.000000000000000000, -1.000000000000000000 ) ) ;
#2476 = CARTESIAN_POINT ( 'NONE',  ( 17.00000000000003908, -46.69999999999996021, 10.84999999999994813 ) ) ;
#2477 = VERTEX_POINT ( 'NONE', #2026 ) ;
#2478 = EDGE_LOOP ( 'NONE', ( #3738, #3719, #351, #4049 ) ) ;
#2479 = VERTEX_POINT ( 'NONE', #3201 ) ;
#2480 = LINE ( 'NONE', #4074, #5032 ) ;
#2481 = DIRECTION ( 'NONE',  ( 0.000000000000000000, 1.000000000000000000, 0.000000000000000000 ) ) ;
#2482 = AXIS2_PLACEMENT_3D ( 'NONE', #3301, #2496, #2022 ) ;
#2483 = EDGE_CURVE ( 'NONE', #2567, #447, #3427, .T. ) ;
#2484 = DIRECTION ( 'NONE',  ( 0.000000000000000000, 0.000000000000000000, 1.000000000000000000 ) ) ;
#2485 = VERTEX_POINT ( 'NONE', #2 ) ;
#2486 = ORIENTED_EDGE ( 'NONE', *, *, #4606, .T. ) ;
#2487 = CARTESIAN_POINT ( 'NONE',  ( 4.000000000000000000, 10.00000000000000533, 27.00000000000000000 ) ) ;
#2488 = EDGE_CURVE ( 'NONE', #3149, #1578, #3518, .T. ) ;
#2489 = LINE ( 'NONE', #4304, #2650 ) ;
#2490 = EDGE_CURVE ( 'NONE', #3322, #3126, #836, .T. ) ;
#2491 = ORIENTED_EDGE ( 'NONE', *, *, #3001, .T. ) ;
#2492 = LINE ( 'NONE', #3612, #431 ) ;
#2493 = FACE_OUTER_BOUND ( 'NONE', #2355, .T. ) ;
#2494 = VERTEX_POINT ( 'NONE', #786 ) ;
#2495 = CARTESIAN_POINT ( 'NONE',  ( -18.64999999999999858, -40.99999999999996447, -30.00000000000000000 ) ) ;
#2496 = DIRECTION ( 'NONE',  ( -1.000000000000000000, -1.734723475976807341E-16, -0.000000000000000000 ) ) ;
#2497 = CARTESIAN_POINT ( 'NONE',  ( 18.80000000000003979, -54.99999999999999289, 10.84999999999996767 ) ) ;
#2498 = CARTESIAN_POINT ( 'NONE',  ( 0.6598209199600770791, 20.48855206734722501, 50.00000000000000000 ) ) ;
#2499 = CARTESIAN_POINT ( 'NONE',  ( 17.00000000000003908, -54.99999999999999289, 10.84999999999996767 ) ) ;
#2500 = AXIS2_PLACEMENT_3D ( 'NONE', #517, #492, #2526 ) ;
#2501 = DIRECTION ( 'NONE',  ( 0.000000000000000000, 0.000000000000000000, -1.000000000000000000 ) ) ;
#2502 = ORIENTED_EDGE ( 'NONE', *, *, #4140, .F. ) ;
#2503 = AXIS2_PLACEMENT_3D ( 'NONE', #221, #640, #2354 ) ;
#2504 = EDGE_LOOP ( 'NONE', ( #4224, #4337, #141, #5028 ) ) ;
#2505 = ORIENTED_EDGE ( 'NONE', *, *, #5182, .T. ) ;
#2506 = DIRECTION ( 'NONE',  ( 0.000000000000000000, 0.000000000000000000, 1.000000000000000000 ) ) ;
#2507 = DIRECTION ( 'NONE',  ( -0.000000000000000000, -0.000000000000000000, -1.000000000000000000 ) ) ;
#2508 = AXIS2_PLACEMENT_3D ( 'NONE', #1210, #1958, #2325 ) ;
#2509 = LINE ( 'NONE', #115, #693 ) ;
#2510 = CARTESIAN_POINT ( 'NONE',  ( 1.640179080039923853, -0.4885520673472143471, 50.00000000000000000 ) ) ;
#2511 = VERTEX_POINT ( 'NONE', #392 ) ;
#2512 = EDGE_CURVE ( 'NONE', #1934, #4938, #28, .T. ) ;
#2513 = LINE ( 'NONE', #2909, #2369 ) ;
#2514 = ORIENTED_EDGE ( 'NONE', *, *, #114, .F. ) ;
#2515 = AXIS2_PLACEMENT_3D ( 'NONE', #1205, #2425, #2870 ) ;
#2516 = ORIENTED_EDGE ( 'NONE', *, *, #2327, .F. ) ;
#2517 = EDGE_CURVE ( 'NONE', #504, #1661, #3227, .T. ) ;
#2518 = CARTESIAN_POINT ( 'NONE',  ( 20.00000000000000000, -29.99999999999999289, -30.00000000000000000 ) ) ;
#2519 = CIRCLE ( 'NONE', #412, 1.650000000000000355 ) ;
#2520 = ORIENTED_EDGE ( 'NONE', *, *, #2523, .F. ) ;
#2521 = PLANE ( 'NONE',  #1910 ) ;
#2522 = LINE ( 'NONE', #3798, #3066 ) ;
#2523 = EDGE_CURVE ( 'NONE', #1180, #4938, #4414, .T. ) ;
#2524 = DIRECTION ( 'NONE',  ( -0.000000000000000000, -0.000000000000000000, -1.000000000000000000 ) ) ;
#2525 = EDGE_CURVE ( 'NONE', #1636, #1111, #4069, .T. ) ;
#2526 = DIRECTION ( 'NONE',  ( 0.000000000000000000, 0.000000000000000000, 1.000000000000000000 ) ) ;
#2527 = CARTESIAN_POINT ( 'NONE',  ( 0.4797185885084898627, 26.48201039154662340, 50.00000000000000000 ) ) ;
#2528 = DIRECTION ( 'NONE',  ( 0.000000000000000000, 0.000000000000000000, -1.000000000000000000 ) ) ;
#2529 = VECTOR ( 'NONE', #1177, 1000.000000000000000 ) ;
#2530 = VERTEX_POINT ( 'NONE', #4835 ) ;
#2531 = ORIENTED_EDGE ( 'NONE', *, *, #4470, .F. ) ;
#2532 = ORIENTED_EDGE ( 'NONE', *, *, #749, .F. ) ;
#2533 = CARTESIAN_POINT ( 'NONE',  ( 10.00000000000000000, -100.2699999999999960, -16.92500000000000426 ) ) ;
#2534 = FACE_OUTER_BOUND ( 'NONE', #260, .T. ) ;
#2535 = CARTESIAN_POINT ( 'NONE',  ( 0.000000000000000000, 0.000000000000000000, -30.00000000000000000 ) ) ;
#2536 = LINE ( 'NONE', #2168, #1665 ) ;
#2537 = VERTEX_POINT ( 'NONE', #1231 ) ;
#2538 = CIRCLE ( 'NONE', #2031, 1.649999999999998579 ) ;
#2539 = VERTEX_POINT ( 'NONE', #2499 ) ;
#2540 = VECTOR ( 'NONE', #4582, 1000.000000000000000 ) ;
#2541 = EDGE_CURVE ( 'NONE', #1031, #1737, #4607, .T. ) ;
#2542 = VERTEX_POINT ( 'NONE', #2107 ) ;
#2543 = DIRECTION ( 'NONE',  ( 0.000000000000000000, 0.000000000000000000, -1.000000000000000000 ) ) ;
#2544 = ORIENTED_EDGE ( 'NONE', *, *, #3958, .F. ) ;
#2545 = VECTOR ( 'NONE', #1152, 999.9999999999998863 ) ;
#2546 = CARTESIAN_POINT ( 'NONE',  ( -19.99999999999999645, -28.99999999999999645, 27.00000000000000000 ) ) ;
#2547 = CARTESIAN_POINT ( 'NONE',  ( 10.48855206734722323, 10.49017908004249833, 30.00000000000000000 ) ) ;
#2548 = EDGE_CURVE ( 'NONE', #109, #3841, #4528, .T. ) ;
#2549 = VECTOR ( 'NONE', #965, 1000.000000000000000 ) ;
#2550 = CARTESIAN_POINT ( 'NONE',  ( 18.80000000000003979, -97.00000000000000000, 10.84999999999996767 ) ) ;
#2551 = DIRECTION ( 'NONE',  ( 1.000000000000000000, 0.000000000000000000, 0.000000000000000000 ) ) ;
#2552 = LINE ( 'NONE', #1756, #3414 ) ;
#2553 = CARTESIAN_POINT ( 'NONE',  ( 17.00000000000000000, -120.0000000000000000, 27.00000000000000000 ) ) ;
#2554 = CARTESIAN_POINT ( 'NONE',  ( 0.7702814114940549350, -6.482010391546610961, -27.00000000000001066 ) ) ;
#2555 = ADVANCED_FACE ( 'NONE', ( #3597 ), #3647, .F. ) ;
#2556 = ADVANCED_FACE ( 'NONE', ( #811 ), #1652, .F. ) ;
#2557 = ORIENTED_EDGE ( 'NONE', *, *, #3320, .T. ) ;
#2558 = ORIENTED_EDGE ( 'NONE', *, *, #2366, .T. ) ;
#2559 = FACE_OUTER_BOUND ( 'NONE', #83, .T. ) ;
#2560 = FACE_OUTER_BOUND ( 'NONE', #4261, .T. ) ;
#2561 = DIRECTION ( 'NONE',  ( -1.000000000000000000, -0.000000000000000000, 0.000000000000000000 ) ) ;
#2562 = CARTESIAN_POINT ( 'NONE',  ( -0.6598209199549457393, -0.4885520673472144582, 30.00000000000000000 ) ) ;
#2563 = VERTEX_POINT ( 'NONE', #1308 ) ;
#2564 = AXIS2_PLACEMENT_3D ( 'NONE', #338, #259, #1973 ) ;
#2565 = EDGE_LOOP ( 'NONE', ( #3753, #2883 ) ) ;
#2566 = CIRCLE ( 'NONE', #797, 1.150000000000725109 ) ;
#2567 = VERTEX_POINT ( 'NONE', #3251 ) ;
#2568 = PLANE ( 'NONE',  #2793 ) ;
#2569 = ORIENTED_EDGE ( 'NONE', *, *, #1378, .T. ) ;
#2570 = DIRECTION ( 'NONE',  ( 1.000000000000000000, 0.000000000000000000, 0.000000000000000000 ) ) ;
#2571 = LINE ( 'NONE', #4932, #1469 ) ;
#2572 = DIRECTION ( 'NONE',  ( -1.000000000000000000, 0.000000000000000000, 0.000000000000000000 ) ) ;
#2573 = CARTESIAN_POINT ( 'NONE',  ( 10.00000000000000000, -50.84999999999999432, 14.77499999999999858 ) ) ;
#2574 = FACE_BOUND ( 'NONE', #1235, .T. ) ;
#2575 = EDGE_CURVE ( 'NONE', #1310, #1295, #4388, .T. ) ;
#2576 = CARTESIAN_POINT ( 'NONE',  ( -16.48201039154661984, 9.229718588505949839, 30.00000000000000000 ) ) ;
#2577 = LINE ( 'NONE', #3586, #4624 ) ;
#2578 = FACE_OUTER_BOUND ( 'NONE', #470, .T. ) ;
#2579 = VERTEX_POINT ( 'NONE', #1602 ) ;
#2580 = ORIENTED_EDGE ( 'NONE', *, *, #2869, .T. ) ;
#2581 = VECTOR ( 'NONE', #1333, 1000.000000000000000 ) ;
#2582 = CARTESIAN_POINT ( 'NONE',  ( 0.6598209199600770791, 20.48855206734722501, 27.00000000000000000 ) ) ;
#2583 = EDGE_CURVE ( 'NONE', #1726, #2122, #1332, .T. ) ;
#2584 = FACE_BOUND ( 'NONE', #3234, .T. ) ;
#2585 = DIRECTION ( 'NONE',  ( 0.000000000000000000, -2.090028284309402051E-16, 1.000000000000000000 ) ) ;
#2586 = EDGE_LOOP ( 'NONE', ( #569, #554 ) ) ;
#2587 = DIRECTION ( 'NONE',  ( 0.000000000000000000, 0.000000000000000000, -1.000000000000000000 ) ) ;
#2588 = EDGE_CURVE ( 'NONE', #2705, #2980, #4465, .T. ) ;
#2589 = VERTEX_POINT ( 'NONE', #4225 ) ;
#2590 = AXIS2_PLACEMENT_3D ( 'NONE', #1883, #1488, #2364 ) ;
#2591 = DIRECTION ( 'NONE',  ( 0.000000000000000000, 0.000000000000000000, -1.000000000000000000 ) ) ;
#2592 = ORIENTED_EDGE ( 'NONE', *, *, #3302, .T. ) ;
#2593 = VECTOR ( 'NONE', #3913, 1000.000000000000000 ) ;
#2594 = CIRCLE ( 'NONE', #1666, 1.149999999999274936 ) ;
#2595 = DIRECTION ( 'NONE',  ( 0.000000000000000000, 2.377407173401953017E-15, -1.000000000000000000 ) ) ;
#2596 = CARTESIAN_POINT ( 'NONE',  ( 18.80000000000003979, -105.2999999999999829, 1.000000000000002220 ) ) ;
#2597 = VECTOR ( 'NONE', #2052, 1000.000000000000000 ) ;
#2598 = FACE_BOUND ( 'NONE', #2636, .T. ) ;
#2599 = FACE_OUTER_BOUND ( 'NONE', #918, .T. ) ;
#2600 = DIRECTION ( 'NONE',  ( 0.000000000000000000, 0.000000000000000000, -1.000000000000000000 ) ) ;
#2601 = ORIENTED_EDGE ( 'NONE', *, *, #1683, .T. ) ;
#2602 = DIRECTION ( 'NONE',  ( 0.000000000000000000, 0.000000000000000000, 1.000000000000000000 ) ) ;
#2603 = CARTESIAN_POINT ( 'NONE',  ( -15.35000000000000142, -40.99999999999996447, 39.99999999999999289 ) ) ;
#2604 = DIRECTION ( 'NONE',  ( 1.000000000000000000, 0.000000000000000000, -0.000000000000000000 ) ) ;
#2605 = EDGE_CURVE ( 'NONE', #1839, #3807, #2136, .T. ) ;
#2606 = VERTEX_POINT ( 'NONE', #2553 ) ;
#2607 = ORIENTED_EDGE ( 'NONE', *, *, #3953, .T. ) ;
#2608 = FACE_BOUND ( 'NONE', #4734, .T. ) ;
#2609 = DIRECTION ( 'NONE',  ( -1.000000000000000000, 0.000000000000000000, 0.000000000000000000 ) ) ;
#2610 = CARTESIAN_POINT ( 'NONE',  ( -11.50000000000000355, -28.99999999999999645, -35.00000000000000000 ) ) ;
#2611 = EDGE_CURVE ( 'NONE', #1540, #1636, #4544, .T. ) ;
#2612 = ORIENTED_EDGE ( 'NONE', *, *, #4989, .F. ) ;
#2613 = PLANE ( 'NONE',  #4291 ) ;
#2614 = VECTOR ( 'NONE', #1887, 1000.000000000000000 ) ;
#2615 = ORIENTED_EDGE ( 'NONE', *, *, #2037, .T. ) ;
#2616 = EDGE_CURVE ( 'NONE', #4494, #4971, #546, .T. ) ;
#2617 = ADVANCED_FACE ( 'NONE', ( #4936 ), #941, .F. ) ;
#2618 = ORIENTED_EDGE ( 'NONE', *, *, #1064, .F. ) ;
#2619 = LINE ( 'NONE', #4999, #437 ) ;
#2620 = AXIS2_PLACEMENT_3D ( 'NONE', #2045, #1195, #2808 ) ;
#2621 = VERTEX_POINT ( 'NONE', #4962 ) ;
#2622 =( LENGTH_UNIT ( ) NAMED_UNIT ( * ) SI_UNIT ( .MILLI., .METRE. ) );
#2623 = CARTESIAN_POINT ( 'NONE',  ( 17.00000000000003908, -46.69999999999996021, -10.84999999999994991 ) ) ;
#2624 = VECTOR ( 'NONE', #3256, 1000.000000000000000 ) ;
#2625 = DIRECTION ( 'NONE',  ( -0.7071067811865457964, 0.7071067811865492381, -0.000000000000000000 ) ) ;
#2626 = PLANE ( 'NONE',  #747 ) ;
#2627 = AXIS2_PLACEMENT_3D ( 'NONE', #1342, #4132, #3712 ) ;
#2628 = AXIS2_PLACEMENT_3D ( 'NONE', #2433, #871, #923 ) ;
#2629 = CARTESIAN_POINT ( 'NONE',  ( -9.999999999999998224, -117.0000000000000000, 5.000000000000000000 ) ) ;
#2630 = ORIENTED_EDGE ( 'NONE', *, *, #1748, .T. ) ;
#2631 = DIRECTION ( 'NONE',  ( 0.000000000000000000, 1.000000000000000000, 0.000000000000000000 ) ) ;
#2632 = FACE_OUTER_BOUND ( 'NONE', #2261, .T. ) ;
#2633 = CARTESIAN_POINT ( 'NONE',  ( -0.4901790800424903338, 20.48855206734722501, -27.00000000000001066 ) ) ;
#2634 = CIRCLE ( 'NONE', #362, 1.149999999999274936 ) ;
#2635 = ORIENTED_EDGE ( 'NONE', *, *, #545, .T. ) ;
#2636 = EDGE_LOOP ( 'NONE', ( #4485, #184 ) ) ;
#2637 = CARTESIAN_POINT ( 'NONE',  ( 18.80000000000003979, -105.3000000000000540, 10.85000000000000142 ) ) ;
#2638 = CARTESIAN_POINT ( 'NONE',  ( 3.000000000000046185, -43.49999999999999289, -27.00000000000000355 ) ) ;
#2639 = CARTESIAN_POINT ( 'NONE',  ( -11.63855206734649883, 9.509820919957515883, 50.00000000000000000 ) ) ;
#2640 = PRODUCT_DEFINITION_CONTEXT ( 'detailed design', #895, 'design' ) ;
#2641 = ORIENTED_EDGE ( 'NONE', *, *, #2907, .F. ) ;
#2642 = CARTESIAN_POINT ( 'NONE',  ( 20.00000000000000355, -97.00000000000000000, -53.00000000000000711 ) ) ;
#2643 = ADVANCED_FACE ( 'NONE', ( #4568 ), #4519, .F. ) ;
#2644 = ORIENTED_EDGE ( 'NONE', *, *, #2525, .F. ) ;
#2645 = VERTEX_POINT ( 'NONE', #915 ) ;
#2646 = CIRCLE ( 'NONE', #2732, 2.150000000000002576 ) ;
#2647 = CARTESIAN_POINT ( 'NONE',  ( 11.63855206734794834, 10.49017908004249833, -27.00000000000001066 ) ) ;
#2648 = EDGE_CURVE ( 'NONE', #4313, #4849, #3384, .T. ) ;
#2649 = EDGE_CURVE ( 'NONE', #2219, #3858, #4507, .T. ) ;
#2650 = VECTOR ( 'NONE', #1218, 1000.000000000000000 ) ;
#2651 = CIRCLE ( 'NONE', #1725, 1.650000000000000355 ) ;
#2652 = DIRECTION ( 'NONE',  ( -1.000000000000000000, -0.000000000000000000, -0.000000000000000000 ) ) ;
#2653 = DIRECTION ( 'NONE',  ( 0.000000000000000000, 0.000000000000000000, 1.000000000000000000 ) ) ;
#2654 = DIRECTION ( 'NONE',  ( 0.000000000000000000, 0.000000000000000000, -1.000000000000000000 ) ) ;
#2655 = CARTESIAN_POINT ( 'NONE',  ( -9.999999999999998224, -117.0000000000000000, -5.000000000000000000 ) ) ;
#2656 = LINE ( 'NONE', #3403, #1397 ) ;
#2657 = ORIENTED_EDGE ( 'NONE', *, *, #4059, .T. ) ;
#2658 = EDGE_CURVE ( 'NONE', #219, #2850, #2995, .T. ) ;
#2659 = CARTESIAN_POINT ( 'NONE',  ( -17.00000000000000000, -40.99999999999996447, 39.99999999999999289 ) ) ;
#2660 = DIRECTION ( 'NONE',  ( 3.469446951953611231E-16, 1.000000000000000000, 0.000000000000000000 ) ) ;
#2661 = DIRECTION ( 'NONE',  ( 0.000000000000000000, 1.000000000000000000, 0.000000000000000000 ) ) ;
#2662 = ORIENTED_EDGE ( 'NONE', *, *, #3663, .T. ) ;
#2663 = ORIENTED_EDGE ( 'NONE', *, *, #2994, .T. ) ;
#2664 = CARTESIAN_POINT ( 'NONE',  ( 0.4797185885084898627, 26.48201039154662340, -27.00000000000001066 ) ) ;
#2665 = FACE_BOUND ( 'NONE', #317, .T. ) ;
#2666 = DIRECTION ( 'NONE',  ( 0.7071067811865457964, -0.7071067811865493491, 0.000000000000000000 ) ) ;
#2667 = ORIENTED_EDGE ( 'NONE', *, *, #2424, .T. ) ;
#2668 = ORIENTED_EDGE ( 'NONE', *, *, #255, .F. ) ;
#2669 = FACE_OUTER_BOUND ( 'NONE', #3895, .T. ) ;
#2670 = AXIS2_PLACEMENT_3D ( 'NONE', #2707, #1858, #4303 ) ;
#2671 = ORIENTED_EDGE ( 'NONE', *, *, #1834, .T. ) ;
#2672 = ORIENTED_EDGE ( 'NONE', *, *, #675, .T. ) ;
#2673 = ADVANCED_FACE ( 'NONE', ( #963 ), #3019, .F. ) ;
#2674 = EDGE_LOOP ( 'NONE', ( #2054, #2680, #826, #211 ) ) ;
#2675 = DIRECTION ( 'NONE',  ( 0.000000000000000000, 0.000000000000000000, -1.000000000000000000 ) ) ;
#2676 = EDGE_CURVE ( 'NONE', #4756, #169, #558, .T. ) ;
#2677 = CARTESIAN_POINT ( 'NONE',  ( -20.00000000000000000, -29.99999999999999289, -30.00000000000000000 ) ) ;
#2678 = LINE ( 'NONE', #3875, #5197 ) ;
#2679 = FACE_BOUND ( 'NONE', #4430, .T. ) ;
#2680 = ORIENTED_EDGE ( 'NONE', *, *, #2367, .F. ) ;
#2681 = DIRECTION ( 'NONE',  ( 0.000000000000000000, 1.000000000000000000, 0.000000000000000000 ) ) ;
#2682 = CYLINDRICAL_SURFACE ( 'NONE', #93, 2.150000000000002576 ) ;
#2683 = DIRECTION ( 'NONE',  ( 0.000000000000000000, 0.000000000000000000, 1.000000000000000000 ) ) ;
#2684 = EDGE_CURVE ( 'NONE', #1789, #1056, #3412, .T. ) ;
#2685 = VERTEX_POINT ( 'NONE', #179 ) ;
#2686 = ORIENTED_EDGE ( 'NONE', *, *, #4757, .T. ) ;
#2687 = CARTESIAN_POINT ( 'NONE',  ( 20.00000000000000000, -108.9999999999999716, -30.00000000000000000 ) ) ;
#2688 = VECTOR ( 'NONE', #3673, 1000.000000000000000 ) ;
#2689 = VECTOR ( 'NONE', #2158, 1000.000000000000000 ) ;
#2690 = CARTESIAN_POINT ( 'NONE',  ( 0.4797185885084898627, 26.48201039154662340, -30.00000000000000000 ) ) ;
#2691 = CARTESIAN_POINT ( 'NONE',  ( 20.00000000000000000, -117.0000000000000000, -6.649999999999999467 ) ) ;
#2692 = ORIENTED_EDGE ( 'NONE', *, *, #3788, .F. ) ;
#2693 = VERTEX_POINT ( 'NONE', #1758 ) ;
#2694 = CARTESIAN_POINT ( 'NONE',  ( 18.80000000000003979, -105.2999999999999972, -1.000000000000039080 ) ) ;
#2695 = ORIENTED_EDGE ( 'NONE', *, *, #2816, .T. ) ;
#2696 = EDGE_LOOP ( 'NONE', ( #2082, #2442 ) ) ;
#2697 = VERTEX_POINT ( 'NONE', #1785 ) ;
#2698 = AXIS2_PLACEMENT_3D ( 'NONE', #3063, #2307, #4743 ) ;
#2699 = CARTESIAN_POINT ( 'NONE',  ( -15.35000000000000497, -0.9999999999999574785, 30.00000000000000000 ) ) ;
#2700 = EDGE_CURVE ( 'NONE', #3973, #2960, #4986, .T. ) ;
#2701 = AXIS2_PLACEMENT_3D ( 'NONE', #1620, #2889, #3639 ) ;
#2702 = DIRECTION ( 'NONE',  ( 1.000000000000000000, 0.000000000000000000, 0.000000000000000000 ) ) ;
#2703 = CARTESIAN_POINT ( 'NONE',  ( 0.7702814114940549350, -6.482010391546610961, 27.00000000000000000 ) ) ;
#2704 = CARTESIAN_POINT ( 'NONE',  ( -0.4901790800424903338, 20.48855206734722501, -30.00000000000000000 ) ) ;
#2705 = VERTEX_POINT ( 'NONE', #2214 ) ;
#2706 = ADVANCED_FACE ( 'NONE', ( #3726, #206, #3405, #5038, #5012 ), #1409, .F. ) ;
#2707 = CARTESIAN_POINT ( 'NONE',  ( -7.999999999999958256, -113.4999999999999858, -5.000000000000000000 ) ) ;
#2708 = FACE_BOUND ( 'NONE', #1489, .T. ) ;
#2709 = CIRCLE ( 'NONE', #2459, 1.650000000000002132 ) ;
#2710 = DIRECTION ( 'NONE',  ( -0.000000000000000000, -1.000000000000000000, -0.000000000000000000 ) ) ;
#2711 = VECTOR ( 'NONE', #1699, 1000.000000000000000 ) ;
#2712 = EDGE_LOOP ( 'NONE', ( #2201, #2125, #1496, #3281 ) ) ;
#2713 = ORIENTED_EDGE ( 'NONE', *, *, #4795, .F. ) ;
#2714 = LINE ( 'NONE', #4413, #2110 ) ;
#2715 = EDGE_CURVE ( 'NONE', #3607, #3978, #131, .T. ) ;
#2716 = EDGE_CURVE ( 'NONE', #2494, #3192, #4697, .T. ) ;
#2717 = CARTESIAN_POINT ( 'NONE',  ( 0.4797185885084898627, 26.48201039154662340, 50.00000000000000000 ) ) ;
#2718 = CARTESIAN_POINT ( 'NONE',  ( -11.63855206734649883, 9.509820919957515883, 30.00000000000000000 ) ) ;
#2719 = EDGE_LOOP ( 'NONE', ( #596, #4228, #1772, #1186 ) ) ;
#2720 = VERTEX_POINT ( 'NONE', #649 ) ;
#2721 = CARTESIAN_POINT ( 'NONE',  ( -14.00000000000001243, -49.99999999999997868, -27.00000000000000355 ) ) ;
#2722 = LINE ( 'NONE', #1633, #4910 ) ;
#2723 = ORIENTED_EDGE ( 'NONE', *, *, #3221, .T. ) ;
#2724 = EDGE_LOOP ( 'NONE', ( #3335, #4872, #3060, #2787, #1414, #3793, #1426, #2615, #2178, #4741, #4785, #2983, #3560 ) ) ;
#2725 = VERTEX_POINT ( 'NONE', #3120 ) ;
#2726 = DIRECTION ( 'NONE',  ( -0.000000000000000000, -0.000000000000000000, 1.000000000000000000 ) ) ;
#2727 = VERTEX_POINT ( 'NONE', #4251 ) ;
#2728 = DIRECTION ( 'NONE',  ( -0.000000000000000000, -0.000000000000000000, -1.000000000000000000 ) ) ;
#2729 = DIRECTION ( 'NONE',  ( -0.000000000000000000, -0.000000000000000000, 1.000000000000000000 ) ) ;
#2730 = DIRECTION ( 'NONE',  ( 1.000000000000000000, 0.000000000000000000, 0.000000000000000000 ) ) ;
#2731 = VERTEX_POINT ( 'NONE', #1465 ) ;
#2732 = AXIS2_PLACEMENT_3D ( 'NONE', #572, #942, #1787 ) ;
#2733 = DIRECTION ( 'NONE',  ( 1.000000000000000000, 0.000000000000000000, 0.000000000000000000 ) ) ;
#2734 = CARTESIAN_POINT ( 'NONE',  ( 20.00000000000000000, 18.99999999999996803, -30.00000000000000000 ) ) ;
#2735 = VERTEX_POINT ( 'NONE', #1916 ) ;
#2736 = ORIENTED_EDGE ( 'NONE', *, *, #3580, .T. ) ;
#2737 = ADVANCED_FACE ( 'NONE', ( #1546 ), #1091, .F. ) ;
#2738 = CARTESIAN_POINT ( 'NONE',  ( 11.49999999999999645, -19.00000000000000355, -35.00000000000000000 ) ) ;
#2739 = FACE_OUTER_BOUND ( 'NONE', #246, .T. ) ;
#2740 = CARTESIAN_POINT ( 'NONE',  ( 13.00000000000000178, -115.9999999999999858, 30.00000000000000000 ) ) ;
#2741 = ORIENTED_EDGE ( 'NONE', *, *, #1386, .T. ) ;
#2742 = EDGE_CURVE ( 'NONE', #1364, #661, #1145, .T. ) ;
#2743 = ORIENTED_EDGE ( 'NONE', *, *, #4374, .T. ) ;
#2744 = CYLINDRICAL_SURFACE ( 'NONE', #3619, 1.250000000002546852 ) ;
#2745 = CARTESIAN_POINT ( 'NONE',  ( 10.00000000000000000, -100.2699999999999960, -2.774999999999996803 ) ) ;
#2746 = DIRECTION ( 'NONE',  ( 1.000000000000000000, 0.000000000000000000, 0.000000000000000000 ) ) ;
#2747 = ORIENTED_EDGE ( 'NONE', *, *, #72, .F. ) ;
#2748 = ORIENTED_EDGE ( 'NONE', *, *, #4864, .T. ) ;
#2749 = ORIENTED_EDGE ( 'NONE', *, *, #2265, .F. ) ;
#2750 = EDGE_CURVE ( 'NONE', #4971, #238, #1120, .T. ) ;
#2751 = ADVANCED_FACE ( 'NONE', ( #1436 ), #3461, .F. ) ;
#2752 = CARTESIAN_POINT ( 'NONE',  ( 20.00000000000000000, -50.84999999999999432, -14.77499999999999858 ) ) ;
#2753 = AXIS2_PLACEMENT_3D ( 'NONE', #1646, #2789, #2020 ) ;
#2754 = CIRCLE ( 'NONE', #900, 2.150000000000002132 ) ;
#2755 = AXIS2_PLACEMENT_3D ( 'NONE', #1429, #1034, #5184 ) ;
#2756 = EDGE_LOOP ( 'NONE', ( #1857, #45, #446, #2454 ) ) ;
#2757 = DIRECTION ( 'NONE',  ( 1.000000000000000000, 0.000000000000000000, 0.000000000000000000 ) ) ;
#2758 = DIRECTION ( 'NONE',  ( -0.000000000000000000, -0.000000000000000000, 1.000000000000000000 ) ) ;
#2759 = CARTESIAN_POINT ( 'NONE',  ( 17.00000000000000000, -100.2699999999999960, 12.62499999999999645 ) ) ;
#2760 = ORIENTED_EDGE ( 'NONE', *, *, #3547, .T. ) ;
#2761 = VECTOR ( 'NONE', #4935, 1000.000000000000000 ) ;
#2762 = CARTESIAN_POINT ( 'NONE',  ( -9.999999999999998224, -117.0000000000000000, 6.649999999999999467 ) ) ;
#2763 = CARTESIAN_POINT ( 'NONE',  ( 18.80000000000003979, -54.99999999999999289, -8.849999999999983658 ) ) ;
#2764 = DIRECTION ( 'NONE',  ( 0.000000000000000000, 1.000000000000000000, 0.000000000000000000 ) ) ;
#2765 = VECTOR ( 'NONE', #5047, 1000.000000000000000 ) ;
#2766 = EDGE_CURVE ( 'NONE', #2429, #1056, #307, .T. ) ;
#2767 = DIRECTION ( 'NONE',  ( 1.000000000000000000, 0.000000000000000000, 0.000000000000000000 ) ) ;
#2768 = VECTOR ( 'NONE', #833, 1000.000000000000000 ) ;
#2769 = EDGE_LOOP ( 'NONE', ( #2557, #1544, #2749, #655 ) ) ;
#2770 = VECTOR ( 'NONE', #3541, 1000.000000000000000 ) ;
#2771 = ORIENTED_EDGE ( 'NONE', *, *, #4046, .F. ) ;
#2772 = DIRECTION ( 'NONE',  ( -0.7071067811865521247, 0.7071067811865430208, -0.000000000000000000 ) ) ;
#2773 = DIRECTION ( 'NONE',  ( -0.000000000000000000, -0.000000000000000000, 1.000000000000000000 ) ) ;
#2774 = EDGE_CURVE ( 'NONE', #3563, #66, #2249, .T. ) ;
#2775 = CARTESIAN_POINT ( 'NONE',  ( 18.80000000000003979, -46.69999999999985363, 0.9999999999999861222 ) ) ;
#2776 = EDGE_LOOP ( 'NONE', ( #2618, #5076 ) ) ;
#2777 = EDGE_LOOP ( 'NONE', ( #1323, #1535, #2361, #679 ) ) ;
#2778 = ORIENTED_EDGE ( 'NONE', *, *, #1387, .F. ) ;
#2779 = DIRECTION ( 'NONE',  ( 1.000000000000000000, 0.000000000000000000, 0.000000000000000000 ) ) ;
#2780 = ADVANCED_FACE ( 'NONE', ( #5118 ), #3879, .F. ) ;
#2781 = EDGE_CURVE ( 'NONE', #1435, #4034, #3071, .T. ) ;
#2782 = VECTOR ( 'NONE', #4729, 1000.000000000000000 ) ;
#2783 = VERTEX_POINT ( 'NONE', #2339 ) ;
#2784 = CARTESIAN_POINT ( 'NONE',  ( 0.7702814114940549350, -6.482010391546610961, -27.00000000000001066 ) ) ;
#2785 = DIRECTION ( 'NONE',  ( -0.7071067811865473507, 0.7071067811865477948, 0.000000000000000000 ) ) ;
#2786 = DIRECTION ( 'NONE',  ( -0.000000000000000000, -0.000000000000000000, 1.000000000000000000 ) ) ;
#2787 = ORIENTED_EDGE ( 'NONE', *, *, #1297, .F. ) ;
#2788 = CIRCLE ( 'NONE', #845, 1.249999999997455591 ) ;
#2789 = DIRECTION ( 'NONE',  ( -1.000000000000000000, -0.000000000000000000, -0.000000000000000000 ) ) ;
#2790 = CYLINDRICAL_SURFACE ( 'NONE', #4742, 2.149999999999999023 ) ;
#2791 = LINE ( 'NONE', #2318, #674 ) ;
#2792 = AXIS2_PLACEMENT_3D ( 'NONE', #2784, #303, #332 ) ;
#2793 = AXIS2_PLACEMENT_3D ( 'NONE', #1750, #4977, #4216 ) ;
#2794 = CARTESIAN_POINT ( 'NONE',  ( 11.24999999999995737, -18.74999999999996803, -27.00000000000000355 ) ) ;
#2795 = ORIENTED_EDGE ( 'NONE', *, *, #1552, .T. ) ;
#2796 = ORIENTED_EDGE ( 'NONE', *, *, #1966, .F. ) ;
#2797 = DIRECTION ( 'NONE',  ( -1.000000000000000000, 0.000000000000000000, 0.000000000000000000 ) ) ;
#2798 = FACE_OUTER_BOUND ( 'NONE', #4250, .T. ) ;
#2799 = AXIS2_PLACEMENT_3D ( 'NONE', #5046, #4552, #1419 ) ;
#2800 = CARTESIAN_POINT ( 'NONE',  ( -17.00000000000000000, -40.99999999999996447, -27.00000000000001066 ) ) ;
#2801 = ORIENTED_EDGE ( 'NONE', *, *, #5148, .F. ) ;
#2802 = CIRCLE ( 'NONE', #3464, 1.150000000002567413 ) ;
#2803 = EDGE_LOOP ( 'NONE', ( #499, #762, #4189, #3321 ) ) ;
#2804 = ADVANCED_FACE ( 'NONE', ( #3933 ), #756, .F. ) ;
#2805 = CYLINDRICAL_SURFACE ( 'NONE', #508, 1.650000000000000355 ) ;
#2806 = CARTESIAN_POINT ( 'NONE',  ( -19.99999999999999645, -49.99999999999997868, -27.00000000000000355 ) ) ;
#2807 = ORIENTED_EDGE ( 'NONE', *, *, #4981, .T. ) ;
#2808 = DIRECTION ( 'NONE',  ( -1.000000000000000000, 0.000000000000000000, 0.000000000000000000 ) ) ;
#2809 = EDGE_CURVE ( 'NONE', #5145, #327, #1886, .T. ) ;
#2810 = CARTESIAN_POINT ( 'NONE',  ( -7.999999999999958256, -43.49999999999999289, 5.000000000000000000 ) ) ;
#2811 = ADVANCED_FACE ( 'NONE', ( #1067 ), #4274, .F. ) ;
#2812 = DIRECTION ( 'NONE',  ( -0.000000000000000000, -0.000000000000000000, 1.000000000000000000 ) ) ;
#2813 = ORIENTED_EDGE ( 'NONE', *, *, #4832, .T. ) ;
#2814 = CARTESIAN_POINT ( 'NONE',  ( 0.000000000000000000, 10.00000000000000533, -30.00000000000000000 ) ) ;
#2815 = DIRECTION ( 'NONE',  ( 1.000000000000000000, 0.000000000000000000, 0.000000000000000000 ) ) ;
#2816 = EDGE_CURVE ( 'NONE', #4034, #4740, #1948, .T. ) ;
#2817 = CARTESIAN_POINT ( 'NONE',  ( -9.999999999999998224, -117.0000000000000000, 5.000000000000000000 ) ) ;
#2818 = VECTOR ( 'NONE', #703, 1000.000000000000000 ) ;
#2819 = DIRECTION ( 'NONE',  ( 1.000000000000000000, 0.000000000000000000, 0.000000000000000000 ) ) ;
#2820 = DIRECTION ( 'NONE',  ( 0.000000000000000000, -1.000000000000000000, 0.000000000000000000 ) ) ;
#2821 = AXIS2_PLACEMENT_3D ( 'NONE', #4761, #1108, #1608 ) ;
#2822 = DIRECTION ( 'NONE',  ( -0.000000000000000000, -0.000000000000000000, 1.000000000000000000 ) ) ;
#2823 = VECTOR ( 'NONE', #1036, 1000.000000000000000 ) ;
#2824 = ORIENTED_EDGE ( 'NONE', *, *, #2583, .T. ) ;
#2825 = ORIENTED_EDGE ( 'NONE', *, *, #3209, .T. ) ;
#2826 = DIRECTION ( 'NONE',  ( 0.000000000000000000, 0.000000000000000000, -1.000000000000000000 ) ) ;
#2827 = LINE ( 'NONE', #374, #2930 ) ;
#2828 = CYLINDRICAL_SURFACE ( 'NONE', #4340, 1.149999999999274936 ) ;
#2829 = ORIENTED_EDGE ( 'NONE', *, *, #3344, .T. ) ;
#2830 = ORIENTED_EDGE ( 'NONE', *, *, #1387, .T. ) ;
#2831 = FACE_OUTER_BOUND ( 'NONE', #3525, .T. ) ;
#2832 = DIRECTION ( 'NONE',  ( 1.734723475976806848E-16, -1.000000000000000000, 0.000000000000000000 ) ) ;
#2833 = EDGE_CURVE ( 'NONE', #2148, #311, #676, .T. ) ;
#2834 = EDGE_LOOP ( 'NONE', ( #3478, #3661, #2005, #210 ) ) ;
#2835 = DIRECTION ( 'NONE',  ( -1.000000000000000000, -0.000000000000000000, 0.000000000000000000 ) ) ;
#2836 = DIRECTION ( 'NONE',  ( -0.000000000000000000, -0.000000000000000000, 1.000000000000000000 ) ) ;
#2837 = ORIENTED_EDGE ( 'NONE', *, *, #800, .F. ) ;
#2838 = CARTESIAN_POINT ( 'NONE',  ( 18.80000000000003979, -46.69999999999996021, -8.849999999999981881 ) ) ;
#2839 = CIRCLE ( 'NONE', #1395, 1.650000000000002132 ) ;
#2840 = DIRECTION ( 'NONE',  ( -1.000000000000000000, 0.000000000000000000, 0.000000000000000000 ) ) ;
#2841 = EDGE_CURVE ( 'NONE', #3051, #3866, #1485, .T. ) ;
#2842 = DIRECTION ( 'NONE',  ( -0.000000000000000000, -0.000000000000000000, 1.000000000000000000 ) ) ;
#2843 = CYLINDRICAL_SURFACE ( 'NONE', #225, 1.149999999999274936 ) ;
#2844 = CARTESIAN_POINT ( 'NONE',  ( 20.00000000000000000, -50.84999999999999432, 14.77499999999999858 ) ) ;
#2845 = DIRECTION ( 'NONE',  ( 0.7071067811865469066, -0.7071067811865482389, 0.000000000000000000 ) ) ;
#2846 = EDGE_CURVE ( 'NONE', #1564, #3070, #309, .T. ) ;
#2847 = ADVANCED_FACE ( 'NONE', ( #488 ), #2443, .F. ) ;
#2848 = AXIS2_PLACEMENT_3D ( 'NONE', #153, #4961, #1381 ) ;
#2849 = ORIENTED_EDGE ( 'NONE', *, *, #4046, .T. ) ;
#2850 = VERTEX_POINT ( 'NONE', #3666 ) ;
#2851 = CARTESIAN_POINT ( 'NONE',  ( 16.48201039154661984, 10.77028141149406260, -30.00000000000000000 ) ) ;
#2852 = DIRECTION ( 'NONE',  ( -1.000000000000000000, 0.000000000000000000, 0.000000000000000000 ) ) ;
#2853 = VECTOR ( 'NONE', #4706, 1000.000000000000000 ) ;
#2854 = AXIS2_PLACEMENT_3D ( 'NONE', #4445, #3755, #58 ) ;
#2855 = DIRECTION ( 'NONE',  ( 1.000000000000000000, 0.000000000000000000, -0.000000000000000000 ) ) ;
#2856 = VERTEX_POINT ( 'NONE', #3244 ) ;
#2857 = ORIENTED_EDGE ( 'NONE', *, *, #2423, .F. ) ;
#2858 = LINE ( 'NONE', #3634, #1947 ) ;
#2859 = DIRECTION ( 'NONE',  ( -0.000000000000000000, -0.000000000000000000, -1.000000000000000000 ) ) ;
#2860 = ORIENTED_EDGE ( 'NONE', *, *, #1456, .T. ) ;
#2861 = FACE_BOUND ( 'NONE', #3084, .T. ) ;
#2862 = PLANE ( 'NONE',  #856 ) ;
#2863 = EDGE_LOOP ( 'NONE', ( #4079, #4161, #2274, #4099, #1611, #2662, #1548, #2667, #1847, #3076, #2695, #2630, #2900, #4197, #751, #268, #4240 ) ) ;
#2864 = DIRECTION ( 'NONE',  ( -0.7071067811865492381, -0.7071067811865457964, -0.000000000000000000 ) ) ;
#2865 = DIRECTION ( 'NONE',  ( 0.000000000000000000, 0.000000000000000000, -1.000000000000000000 ) ) ;
#2866 = LINE ( 'NONE', #1254, #3177 ) ;
#2867 = DIRECTION ( 'NONE',  ( 1.000000000000000000, 0.000000000000000000, 0.000000000000000000 ) ) ;
#2868 = CIRCLE ( 'NONE', #3952, 1.149999999999274936 ) ;
#2869 = EDGE_CURVE ( 'NONE', #4255, #2697, #1820, .T. ) ;
#2870 = DIRECTION ( 'NONE',  ( 0.000000000000000000, 0.000000000000000000, -1.000000000000000000 ) ) ;
#2871 = CARTESIAN_POINT ( 'NONE',  ( -9.000000000000017764, -54.99999999999999289, -30.00000000000000000 ) ) ;
#2872 = ORIENTED_EDGE ( 'NONE', *, *, #4374, .F. ) ;
#2873 = ORIENTED_EDGE ( 'NONE', *, *, #3130, .T. ) ;
#2874 = ORIENTED_EDGE ( 'NONE', *, *, #1587, .T. ) ;
#2875 = AXIS2_PLACEMENT_3D ( 'NONE', #4289, #3892, #3813 ) ;
#2876 = DIRECTION ( 'NONE',  ( 1.000000000000000000, 0.000000000000000000, 0.000000000000000000 ) ) ;
#2877 = CARTESIAN_POINT ( 'NONE',  ( -18.65000000000000568, -10.99999999999995737, 40.00000000000000711 ) ) ;
#2878 = EDGE_CURVE ( 'NONE', #4649, #1144, #5171, .T. ) ;
#2879 = EDGE_CURVE ( 'NONE', #4554, #3009, #975, .T. ) ;
#2880 = DIRECTION ( 'NONE',  ( -1.000000000000000000, 0.000000000000000000, 0.000000000000000000 ) ) ;
#2881 = ORIENTED_EDGE ( 'NONE', *, *, #3113, .T. ) ;
#2882 = AXIS2_PLACEMENT_3D ( 'NONE', #4152, #2057, #1236 ) ;
#2883 = ORIENTED_EDGE ( 'NONE', *, *, #3573, .F. ) ;
#2884 = VECTOR ( 'NONE', #5123, 1000.000000000000000 ) ;
#2885 = DIRECTION ( 'NONE',  ( -3.469446951953611231E-16, -1.000000000000000000, -0.000000000000000000 ) ) ;
#2886 = FACE_BOUND ( 'NONE', #2176, .T. ) ;
#2887 = AXIS2_PLACEMENT_3D ( 'NONE', #2053, #3279, #2451 ) ;
#2888 = ORIENTED_EDGE ( 'NONE', *, *, #1154, .F. ) ;
#2889 = DIRECTION ( 'NONE',  ( 0.000000000000000000, 0.000000000000000000, -1.000000000000000000 ) ) ;
#2890 = CARTESIAN_POINT ( 'NONE',  ( -9.999999999999918288, -56.61321960076969617, 37.00000000000000000 ) ) ;
#2891 = ORIENTED_EDGE ( 'NONE', *, *, #1162, .T. ) ;
#2892 = DIRECTION ( 'NONE',  ( -1.000000000000000000, 0.000000000000000000, 0.000000000000000000 ) ) ;
#2893 = LINE ( 'NONE', #100, #4321 ) ;
#2894 = DIRECTION ( 'NONE',  ( 1.000000000000000000, 0.000000000000000000, 0.000000000000000000 ) ) ;
#2895 = LINE ( 'NONE', #3697, #2761 ) ;
#2896 = DIRECTION ( 'NONE',  ( -1.000000000000000000, 0.000000000000000000, 0.000000000000000000 ) ) ;
#2897 = CARTESIAN_POINT ( 'NONE',  ( -14.00000000000000178, -21.50000000000000000, -35.00000000000000000 ) ) ;
#2898 = ADVANCED_FACE ( 'NONE', ( #2418 ), #3172, .F. ) ;
#2899 = ORIENTED_EDGE ( 'NONE', *, *, #2103, .T. ) ;
#2900 = ORIENTED_EDGE ( 'NONE', *, *, #3338, .T. ) ;
#2901 = ORIENTED_EDGE ( 'NONE', *, *, #520, .T. ) ;
#2902 = CARTESIAN_POINT ( 'NONE',  ( 20.00000000000000000, -50.84999999999999432, -14.77499999999999858 ) ) ;
#2903 = CARTESIAN_POINT ( 'NONE',  ( 17.00000000000000000, -100.2699999999999960, -16.92500000000000426 ) ) ;
#2904 = CIRCLE ( 'NONE', #3568, 2.149999999999999023 ) ;
#2905 = CARTESIAN_POINT ( 'NONE',  ( 17.00000000000003908, -105.3000000000000256, -10.84999999999999609 ) ) ;
#2906 = CARTESIAN_POINT ( 'NONE',  ( -14.00000000000000355, -26.50000000000000355, 26.99999999999999645 ) ) ;
#2907 = EDGE_CURVE ( 'NONE', #788, #1290, #3239, .T. ) ;
#2908 = VERTEX_POINT ( 'NONE', #2838 ) ;
#2909 = CARTESIAN_POINT ( 'NONE',  ( 18.80000000000003979, -46.69999999999996021, -8.849999999999981881 ) ) ;
#2910 = ORIENTED_EDGE ( 'NONE', *, *, #1200, .F. ) ;
#2911 = EDGE_CURVE ( 'NONE', #1636, #1771, #4408, .T. ) ;
#2912 = ORIENTED_EDGE ( 'NONE', *, *, #367, .F. ) ;
#2913 = DIRECTION ( 'NONE',  ( -1.000000000000000000, -0.000000000000000000, 0.000000000000000000 ) ) ;
#2914 = VERTEX_POINT ( 'NONE', #4433 ) ;
#2915 = FACE_OUTER_BOUND ( 'NONE', #2322, .T. ) ;
#2916 = DIRECTION ( 'NONE',  ( -0.7071067811865430208, -0.7071067811865520136, 0.000000000000000000 ) ) ;
#2917 = DIRECTION ( 'NONE',  ( 0.000000000000000000, 0.000000000000000000, 1.000000000000000000 ) ) ;
#2918 = CARTESIAN_POINT ( 'NONE',  ( 10.00000000000000000, -50.84999999999999432, -14.77499999999999858 ) ) ;
#2919 = VECTOR ( 'NONE', #2570, 1000.000000000000000 ) ;
#2920 = DIRECTION ( 'NONE',  ( 0.000000000000000000, 0.000000000000000000, 1.000000000000000000 ) ) ;
#2921 = VECTOR ( 'NONE', #2600, 1000.000000000000000 ) ;
#2922 = PLANE ( 'NONE',  #3212 ) ;
#2923 = ORIENTED_EDGE ( 'NONE', *, *, #98, .T. ) ;
#2924 = STYLED_ITEM ( 'NONE', ( #538 ), #3075 ) ;
#2925 = ORIENTED_EDGE ( 'NONE', *, *, #2490, .F. ) ;
#2926 = ORIENTED_EDGE ( 'NONE', *, *, #3752, .F. ) ;
#2927 =( NAMED_UNIT ( * ) PLANE_ANGLE_UNIT ( ) SI_UNIT ( $, .RADIAN. ) );
#2928 = DIRECTION ( 'NONE',  ( 0.7071067811865469066, 0.7071067811865482389, 0.000000000000000000 ) ) ;
#2929 = EDGE_CURVE ( 'NONE', #919, #872, #1996, .T. ) ;
#2930 = VECTOR ( 'NONE', #1132, 1000.000000000000000 ) ;
#2931 = FACE_OUTER_BOUND ( 'NONE', #905, .T. ) ;
#2932 = CARTESIAN_POINT ( 'NONE',  ( 8.550840296494985893, 0.000000000000000000, 30.00000000000000000 ) ) ;
#2933 = ORIENTED_EDGE ( 'NONE', *, *, #1264, .T. ) ;
#2934 = EDGE_CURVE ( 'NONE', #822, #2979, #727, .T. ) ;
#2935 = VERTEX_POINT ( 'NONE', #2495 ) ;
#2936 = AXIS2_PLACEMENT_3D ( 'NONE', #1626, #442, #1228 ) ;
#2937 = ORIENTED_EDGE ( 'NONE', *, *, #3608, .T. ) ;
#2938 = CARTESIAN_POINT ( 'NONE',  ( -11.50000000000000533, -19.00000000000000355, -35.00000000000000000 ) ) ;
#2939 = VECTOR ( 'NONE', #3168, 1000.000000000000000 ) ;
#2940 = ORIENTED_EDGE ( 'NONE', *, *, #3958, .T. ) ;
#2941 = EDGE_CURVE ( 'NONE', #3070, #1564, #3749, .T. ) ;
#2942 = ADVANCED_FACE ( 'NONE', ( #2073 ), #1174, .F. ) ;
#2943 = CARTESIAN_POINT ( 'NONE',  ( -7.999999999999958256, -113.4999999999999858, -5.000000000000000000 ) ) ;
#2944 = CARTESIAN_POINT ( 'NONE',  ( 0.000000000000000000, -120.0000000000000000, 0.000000000000000000 ) ) ;
#2945 = CARTESIAN_POINT ( 'NONE',  ( 0.000000000000000000, -28.99999999999999645, -30.00000000000000000 ) ) ;
#2946 = CARTESIAN_POINT ( 'NONE',  ( 20.00000000000000355, -97.00000000000000000, -53.00000000000000711 ) ) ;
#2947 = CARTESIAN_POINT ( 'NONE',  ( -20.00000000000000000, 30.00000000000000711, -30.00000000000000000 ) ) ;
#2948 = DIRECTION ( 'NONE',  ( 0.000000000000000000, 0.000000000000000000, -1.000000000000000000 ) ) ;
#2949 = CARTESIAN_POINT ( 'NONE',  ( 20.00000000000000000, -100.2699999999999960, -14.77499999999999858 ) ) ;
#2950 = AXIS2_PLACEMENT_3D ( 'NONE', #5122, #758, #785 ) ;
#2951 = EDGE_LOOP ( 'NONE', ( #1076, #3920, #536, #1502 ) ) ;
#2952 = ORIENTED_EDGE ( 'NONE', *, *, #617, .T. ) ;
#2953 = DIRECTION ( 'NONE',  ( 1.000000000000000000, 0.000000000000000000, 0.000000000000000000 ) ) ;
#2954 = DIRECTION ( 'NONE',  ( -0.000000000000000000, -0.000000000000000000, -1.000000000000000000 ) ) ;
#2955 = DIRECTION ( 'NONE',  ( 1.000000000000000000, 0.000000000000000000, 0.000000000000000000 ) ) ;
#2956 = DIRECTION ( 'NONE',  ( 0.000000000000000000, 3.553048083325977965E-15, -1.000000000000000000 ) ) ;
#2957 = AXIS2_PLACEMENT_3D ( 'NONE', #3067, #2308, #3901 ) ;
#2958 = ORIENTED_EDGE ( 'NONE', *, *, #1296, .T. ) ;
#2959 = CIRCLE ( 'NONE', #767, 1.649999999999998579 ) ;
#2960 = VERTEX_POINT ( 'NONE', #5194 ) ;
#2961 = AXIS2_PLACEMENT_3D ( 'NONE', #4801, #4404, #3268 ) ;
#2962 = EDGE_CURVE ( 'NONE', #325, #3543, #3660, .T. ) ;
#2963 = ORIENTED_EDGE ( 'NONE', *, *, #4015, .T. ) ;
#2964 = DIRECTION ( 'NONE',  ( 1.000000000000000000, 0.000000000000000000, 0.000000000000000000 ) ) ;
#2965 = ORIENTED_EDGE ( 'NONE', *, *, #2172, .T. ) ;
#2966 = AXIS2_PLACEMENT_3D ( 'NONE', #2034, #2144, #4899 ) ;
#2967 = DIRECTION ( 'NONE',  ( 1.000000000000000000, 0.000000000000000000, 0.000000000000000000 ) ) ;
#2968 = EDGE_CURVE ( 'NONE', #2285, #3180, #1907, .T. ) ;
#2969 = DIRECTION ( 'NONE',  ( 0.000000000000000000, -1.000000000000000000, -1.156482317317870344E-15 ) ) ;
#2970 = LINE ( 'NONE', #2210, #4947 ) ;
#2971 = DIRECTION ( 'NONE',  ( 0.000000000000000000, 1.000000000000000000, 0.000000000000000000 ) ) ;
#2972 = DIRECTION ( 'NONE',  ( -1.000000000000000000, 0.000000000000000000, 0.000000000000000000 ) ) ;
#2973 = CARTESIAN_POINT ( 'NONE',  ( -20.00000000000000000, 19.00000000000002487, -30.00000000000000000 ) ) ;
#2974 = EDGE_CURVE ( 'NONE', #4583, #3180, #1624, .T. ) ;
#2975 = ORIENTED_EDGE ( 'NONE', *, *, #1168, .F. ) ;
#2976 = ORIENTED_EDGE ( 'NONE', *, *, #1456, .F. ) ;
#2977 = DIRECTION ( 'NONE',  ( -1.000000000000000000, 0.000000000000000000, 0.000000000000000000 ) ) ;
#2978 = CARTESIAN_POINT ( 'NONE',  ( 17.00000000000004974, -54.99999999999999289, -27.00000000000001066 ) ) ;
#2979 = VERTEX_POINT ( 'NONE', #4064 ) ;
#2980 = VERTEX_POINT ( 'NONE', #3222 ) ;
#2981 = LINE ( 'NONE', #635, #3707 ) ;
#2982 = AXIS2_PLACEMENT_3D ( 'NONE', #1467, #5172, #4385 ) ;
#2983 = ORIENTED_EDGE ( 'NONE', *, *, #3215, .T. ) ;
#2984 = EDGE_LOOP ( 'NONE', ( #1156, #4998, #421, #3466 ) ) ;
#2985 = CYLINDRICAL_SURFACE ( 'NONE', #1188, 1.650000000000000355 ) ;
#2986 = VERTEX_POINT ( 'NONE', #463 ) ;
#2987 = EDGE_CURVE ( 'NONE', #2100, #1140, #2839, .T. ) ;
#2988 = FACE_OUTER_BOUND ( 'NONE', #1122, .T. ) ;
#2989 = CARTESIAN_POINT ( 'NONE',  ( 10.00000000000000000, -100.2699999999999960, -14.77499999999999858 ) ) ;
#2990 = FACE_BOUND ( 'NONE', #4683, .T. ) ;
#2991 = DIRECTION ( 'NONE',  ( 1.000000000000000000, 0.000000000000000000, 0.000000000000000000 ) ) ;
#2992 = DIRECTION ( 'NONE',  ( 0.7071067811865462405, -0.7071067811865489050, -0.000000000000000000 ) ) ;
#2993 = ORIENTED_EDGE ( 'NONE', *, *, #4820, .T. ) ;
#2994 = EDGE_CURVE ( 'NONE', #2735, #755, #4335, .T. ) ;
#2995 = LINE ( 'NONE', #3803, #4927 ) ;
#2996 = CARTESIAN_POINT ( 'NONE',  ( -0.7702814114940569334, 26.48201039154662340, 50.00000000000000000 ) ) ;
#2997 = CARTESIAN_POINT ( 'NONE',  ( 11.49999999999999645, -28.99999999999999645, -35.00000000000000000 ) ) ;
#2998 = ORIENTED_EDGE ( 'NONE', *, *, #1058, .T. ) ;
#2999 = ORIENTED_EDGE ( 'NONE', *, *, #1125, .F. ) ;
#3000 = CARTESIAN_POINT ( 'NONE',  ( -10.99999999999995737, -43.49999999999999289, 27.00000000000000000 ) ) ;
#3001 = EDGE_CURVE ( 'NONE', #3503, #2122, #884, .T. ) ;
#3002 = EDGE_CURVE ( 'NONE', #2720, #692, #1230, .T. ) ;
#3003 = DIRECTION ( 'NONE',  ( 0.000000000000000000, 0.000000000000000000, -1.000000000000000000 ) ) ;
#3004 = ORIENTED_EDGE ( 'NONE', *, *, #1490, .T. ) ;
#3005 = ORIENTED_EDGE ( 'NONE', *, *, #235, .T. ) ;
#3006 = DIRECTION ( 'NONE',  ( 1.000000000000000000, 0.000000000000000000, 0.000000000000000000 ) ) ;
#3007 = EDGE_LOOP ( 'NONE', ( #3950, #4744, #4873, #236 ) ) ;
#3008 = CARTESIAN_POINT ( 'NONE',  ( 20.00000000000000000, -50.84999999999999432, -16.92499999999999716 ) ) ;
#3009 = VERTEX_POINT ( 'NONE', #2206 ) ;
#3010 = VECTOR ( 'NONE', #1793, 1000.000000000000000 ) ;
#3011 = VECTOR ( 'NONE', #4968, 1000.000000000000000 ) ;
#3012 = FACE_OUTER_BOUND ( 'NONE', #4362, .T. ) ;
#3013 = CARTESIAN_POINT ( 'NONE',  ( -17.00000000000000355, -0.9999999999999574785, -26.99999999999999645 ) ) ;
#3014 = VECTOR ( 'NONE', #4066, 1000.000000000000000 ) ;
#3015 = CYLINDRICAL_SURFACE ( 'NONE', #3988, 1.149999999999274936 ) ;
#3016 = DIRECTION ( 'NONE',  ( -0.000000000000000000, -0.000000000000000000, 1.000000000000000000 ) ) ;
#3017 = CARTESIAN_POINT ( 'NONE',  ( 17.73201039154735170, 10.77028141149406260, -30.00000000000000000 ) ) ;
#3018 = EDGE_LOOP ( 'NONE', ( #4191, #1767 ) ) ;
#3019 = PLANE ( 'NONE',  #3585 ) ;
#3020 = DIRECTION ( 'NONE',  ( -1.000000000000000000, 0.000000000000000000, 0.000000000000000000 ) ) ;
#3021 = VECTOR ( 'NONE', #4671, 1000.000000000000000 ) ;
#3022 = LINE ( 'NONE', #3407, #4811 ) ;
#3023 = EDGE_LOOP ( 'NONE', ( #1137, #218, #867, #1902, #4037, #2439, #4907 ) ) ;
#3024 = ORIENTED_EDGE ( 'NONE', *, *, #520, .F. ) ;
#3025 = EDGE_CURVE ( 'NONE', #4574, #919, #564, .T. ) ;
#3026 = FACE_BOUND ( 'NONE', #3104, .T. ) ;
#3027 = CARTESIAN_POINT ( 'NONE',  ( 17.00000000000004974, -50.84999999999999432, 7.074999999999997513 ) ) ;
#3028 = DIRECTION ( 'NONE',  ( 0.000000000000000000, 1.000000000000000000, -2.717036769602215961E-15 ) ) ;
#3029 = ORIENTED_EDGE ( 'NONE', *, *, #2611, .F. ) ;
#3030 = EDGE_CURVE ( 'NONE', #2067, #4508, #3744, .T. ) ;
#3031 = EDGE_CURVE ( 'NONE', #4390, #2163, #4171, .T. ) ;
#3032 = DIRECTION ( 'NONE',  ( -1.000000000000000000, 0.000000000000000000, 0.000000000000000000 ) ) ;
#3033 = CIRCLE ( 'NONE', #1852, 1.650000000000000355 ) ;
#3034 = ORIENTED_EDGE ( 'NONE', *, *, #5051, .T. ) ;
#3035 = ORIENTED_EDGE ( 'NONE', *, *, #3209, .F. ) ;
#3036 = ADVANCED_FACE ( 'NONE', ( #2988 ), #2521, .F. ) ;
#3037 = CARTESIAN_POINT ( 'NONE',  ( -17.00000000000000355, -0.9999999999999574785, 40.00000000000000711 ) ) ;
#3038 = VECTOR ( 'NONE', #4997, 1000.000000000000000 ) ;
#3039 = DIRECTION ( 'NONE',  ( -0.000000000000000000, -0.000000000000000000, 1.000000000000000000 ) ) ;
#3040 = LINE ( 'NONE', #2596, #1554 ) ;
#3041 = LINE ( 'NONE', #959, #543 ) ;
#3042 = CARTESIAN_POINT ( 'NONE',  ( 17.00000000000003908, -97.00000000000000000, -10.84999999999996767 ) ) ;
#3043 = AXIS2_PLACEMENT_3D ( 'NONE', #4782, #759, #1576 ) ;
#3044 = DIRECTION ( 'NONE',  ( 1.000000000000000000, 0.000000000000000000, 0.000000000000000000 ) ) ;
#3045 = ORIENTED_EDGE ( 'NONE', *, *, #4446, .T. ) ;
#3046 = DIRECTION ( 'NONE',  ( 0.000000000000000000, 0.000000000000000000, 1.000000000000000000 ) ) ;
#3047 = DIRECTION ( 'NONE',  ( 0.000000000000000000, 0.000000000000000000, -1.000000000000000000 ) ) ;
#3048 = DIRECTION ( 'NONE',  ( 1.000000000000000000, 0.000000000000000000, 0.000000000000000000 ) ) ;
#3049 = VECTOR ( 'NONE', #4889, 1000.000000000000000 ) ;
#3050 = EDGE_LOOP ( 'NONE', ( #4469, #3369, #1047, #3115, #907, #4748, #5128, #4307, #2849, #3255 ) ) ;
#3051 = VERTEX_POINT ( 'NONE', #1327 ) ;
#3052 = CARTESIAN_POINT ( 'NONE',  ( 18.80000000000003979, -46.69999999999996021, -8.849999999999981881 ) ) ;
#3053 = ADVANCED_FACE ( 'NONE', ( #2915 ), #3769, .F. ) ;
#3054 = FACE_OUTER_BOUND ( 'NONE', #2724, .T. ) ;
#3055 = CARTESIAN_POINT ( 'NONE',  ( 13.99999999999999822, -49.99999999999997868, -27.00000000000000355 ) ) ;
#3056 = ORIENTED_EDGE ( 'NONE', *, *, #808, .T. ) ;
#3057 = DIRECTION ( 'NONE',  ( 0.000000000000000000, 0.000000000000000000, -1.000000000000000000 ) ) ;
#3058 = ADVANCED_FACE ( 'NONE', ( #4979 ), #198, .F. ) ;
#3059 = EDGE_LOOP ( 'NONE', ( #1464, #1130 ) ) ;
#3060 = ORIENTED_EDGE ( 'NONE', *, *, #652, .T. ) ;
#3061 = EDGE_LOOP ( 'NONE', ( #1371, #4320, #1480, #3240 ) ) ;
#3062 = VECTOR ( 'NONE', #4329, 1000.000000000000000 ) ;
#3063 = CARTESIAN_POINT ( 'NONE',  ( -17.00000000000000000, -40.99999999999996447, 39.99999999999999289 ) ) ;
#3064 = VECTOR ( 'NONE', #2406, 1000.000000000000000 ) ;
#3065 = ADVANCED_FACE ( 'NONE', ( #3012 ), #3398, .F. ) ;
#3066 = VECTOR ( 'NONE', #3820, 1000.000000000000000 ) ;
#3067 = CARTESIAN_POINT ( 'NONE',  ( 10.00000000000000000, -50.84999999999999432, -4.924999999999998934 ) ) ;
#3068 = DIRECTION ( 'NONE',  ( -0.000000000000000000, -0.000000000000000000, -1.000000000000000000 ) ) ;
#3069 = CARTESIAN_POINT ( 'NONE',  ( 17.00000000000003908, -46.69999999999996021, 10.84999999999994813 ) ) ;
#3070 = VERTEX_POINT ( 'NONE', #4956 ) ;
#3071 = LINE ( 'NONE', #3854, #1317 ) ;
#3072 = CARTESIAN_POINT ( 'NONE',  ( 14.65000000000000036, -115.9999999999999858, 62.00000000000000000 ) ) ;
#3073 = FACE_OUTER_BOUND ( 'NONE', #1799, .T. ) ;
#3074 = ORIENTED_EDGE ( 'NONE', *, *, #2103, .F. ) ;
#3075 = MANIFOLD_SOLID_BREP ( '<thigh>-<\X2\501289d2\X0\6>', #3967 ) ;
#3076 = ORIENTED_EDGE ( 'NONE', *, *, #13, .T. ) ;
#3077 = DIRECTION ( 'NONE',  ( -0.000000000000000000, -0.000000000000000000, 1.000000000000000000 ) ) ;
#3078 = CARTESIAN_POINT ( 'NONE',  ( 17.00000000000000000, -120.0000000000000000, 27.00000000000000000 ) ) ;
#3079 = LINE ( 'NONE', #1449, #1412 ) ;
#3080 = VERTEX_POINT ( 'NONE', #932 ) ;
#3081 = ORIENTED_EDGE ( 'NONE', *, *, #4531, .T. ) ;
#3082 = CARTESIAN_POINT ( 'NONE',  ( -10.99999999999995737, -46.49999999999999289, 27.00000000000001066 ) ) ;
#3083 = AXIS2_PLACEMENT_3D ( 'NONE', #337, #4328, #4355 ) ;
#3084 = EDGE_LOOP ( 'NONE', ( #3395, #4084 ) ) ;
#3085 = ORIENTED_EDGE ( 'NONE', *, *, #4309, .T. ) ;
#3086 = ORIENTED_EDGE ( 'NONE', *, *, #2234, .F. ) ;
#3087 = EDGE_CURVE ( 'NONE', #2914, #325, #123, .T. ) ;
#3088 = DIRECTION ( 'NONE',  ( 0.000000000000000000, 0.000000000000000000, -1.000000000000000000 ) ) ;
#3089 = CARTESIAN_POINT ( 'NONE',  ( 10.48855206734722323, 10.49017908004249833, -30.00000000000000000 ) ) ;
#3090 = ADVANCED_FACE ( 'NONE', ( #3325 ), #4931, .F. ) ;
#3091 = DIRECTION ( 'NONE',  ( 1.000000000000000000, 0.000000000000000000, 0.000000000000000000 ) ) ;
#3092 = EDGE_CURVE ( 'NONE', #2542, #4766, #3245, .T. ) ;
#3093 = DIRECTION ( 'NONE',  ( -0.000000000000000000, -0.000000000000000000, 1.000000000000000000 ) ) ;
#3094 = ORIENTED_EDGE ( 'NONE', *, *, #419, .F. ) ;
#3095 = CARTESIAN_POINT ( 'NONE',  ( -11.50000000000000533, -19.00000000000000355, 30.00000000000000000 ) ) ;
#3096 = CARTESIAN_POINT ( 'NONE',  ( -14.00000000000001243, -49.99999999999997868, 27.00000000000000000 ) ) ;
#3097 = CYLINDRICAL_SURFACE ( 'NONE', #1040, 2.149999999999997247 ) ;
#3098 = ORIENTED_EDGE ( 'NONE', *, *, #3924, .F. ) ;
#3099 = ORIENTED_EDGE ( 'NONE', *, *, #2968, .F. ) ;
#3100 = DIRECTION ( 'NONE',  ( -1.000000000000000000, 0.000000000000000000, 0.000000000000000000 ) ) ;
#3101 = AXIS2_PLACEMENT_3D ( 'NONE', #3485, #1566, #361 ) ;
#3102 = LINE ( 'NONE', #4705, #1788 ) ;
#3103 = DIRECTION ( 'NONE',  ( 0.000000000000000000, 0.000000000000000000, -1.000000000000000000 ) ) ;
#3104 = EDGE_LOOP ( 'NONE', ( #4448, #2741 ) ) ;
#3105 = ORIENTED_EDGE ( 'NONE', *, *, #1001, .T. ) ;
#3106 = LINE ( 'NONE', #1209, #355 ) ;
#3107 = ORIENTED_EDGE ( 'NONE', *, *, #3829, .F. ) ;
#3108 = ORIENTED_EDGE ( 'NONE', *, *, #5072, .F. ) ;
#3109 = ORIENTED_EDGE ( 'NONE', *, *, #5148, .T. ) ;
#3110 = AXIS2_PLACEMENT_3D ( 'NONE', #2093, #3216, #4005 ) ;
#3111 = VECTOR ( 'NONE', #3163, 1000.000000000000000 ) ;
#3112 = CARTESIAN_POINT ( 'NONE',  ( -10.99999999999995737, -43.49999999999999289, -27.00000000000001066 ) ) ;
#3113 = EDGE_CURVE ( 'NONE', #4382, #90, #4092, .T. ) ;
#3114 = VECTOR ( 'NONE', #1991, 1000.000000000000000 ) ;
#3115 = ORIENTED_EDGE ( 'NONE', *, *, #1226, .T. ) ;
#3116 = DIRECTION ( 'NONE',  ( -1.000000000000000000, 0.000000000000000000, 0.000000000000000000 ) ) ;
#3117 = LINE ( 'NONE', #1116, #1334 ) ;
#3118 = DIRECTION ( 'NONE',  ( 0.000000000000000000, 0.000000000000000000, -1.000000000000000000 ) ) ;
#3119 = ORIENTED_EDGE ( 'NONE', *, *, #3739, .T. ) ;
#3120 = CARTESIAN_POINT ( 'NONE',  ( -18.65000000000000568, -10.99999999999995737, -26.99999999999999645 ) ) ;
#3121 = VECTOR ( 'NONE', #2772, 1000.000000000000000 ) ;
#3122 = CYLINDRICAL_SURFACE ( 'NONE', #3225, 4.000000000000000000 ) ;
#3123 = EDGE_CURVE ( 'NONE', #2485, #694, #3946, .T. ) ;
#3124 = CIRCLE ( 'NONE', #2373, 1.649999999999998579 ) ;
#3125 = ORIENTED_EDGE ( 'NONE', *, *, #4155, .T. ) ;
#3126 = VERTEX_POINT ( 'NONE', #2231 ) ;
#3127 = CARTESIAN_POINT ( 'NONE',  ( -7.999999999999958256, -113.4999999999999858, -6.650000000000000355 ) ) ;
#3128 = CIRCLE ( 'NONE', #3208, 2.150000000000002132 ) ;
#3129 = DIRECTION ( 'NONE',  ( -1.000000000000000000, 0.000000000000000000, 0.000000000000000000 ) ) ;
#3130 = EDGE_CURVE ( 'NONE', #1479, #197, #1159, .T. ) ;
#3131 = LINE ( 'NONE', #2273, #4352 ) ;
#3132 = ORIENTED_EDGE ( 'NONE', *, *, #4446, .F. ) ;
#3133 = EDGE_LOOP ( 'NONE', ( #1971, #4150 ) ) ;
#3134 = LINE ( 'NONE', #714, #1697 ) ;
#3135 = LINE ( 'NONE', #2007, #3482 ) ;
#3136 = CARTESIAN_POINT ( 'NONE',  ( -11.50000000000000533, -19.00000000000000355, 30.00000000000000000 ) ) ;
#3137 = EDGE_LOOP ( 'NONE', ( #3254, #5149, #1189, #3665 ) ) ;
#3138 = ORIENTED_EDGE ( 'NONE', *, *, #2164, .T. ) ;
#3139 = ORIENTED_EDGE ( 'NONE', *, *, #4116, .F. ) ;
#3140 = DIRECTION ( 'NONE',  ( -0.000000000000000000, -0.000000000000000000, 1.000000000000000000 ) ) ;
#3141 = ORIENTED_EDGE ( 'NONE', *, *, #2766, .T. ) ;
#3142 = CARTESIAN_POINT ( 'NONE',  ( 0.4901790800424890016, -0.4885520673472143471, 27.00000000000000000 ) ) ;
#3143 = CARTESIAN_POINT ( 'NONE',  ( 18.80000000000003979, -105.3000000000000256, -10.84999999999999609 ) ) ;
#3144 = CARTESIAN_POINT ( 'NONE',  ( 17.00000000000003908, -46.69999999999984652, -1.000000000000020872 ) ) ;
#3145 = ORIENTED_EDGE ( 'NONE', *, *, #3302, .F. ) ;
#3146 = EDGE_CURVE ( 'NONE', #1066, #661, #3667, .T. ) ;
#3147 = CARTESIAN_POINT ( 'NONE',  ( 17.00000000000000000, -97.00000000000000000, -54.86198126479881410 ) ) ;
#3148 = CARTESIAN_POINT ( 'NONE',  ( 17.00000000000003908, -97.00000000000000000, -1.000000000000019318 ) ) ;
#3149 = VERTEX_POINT ( 'NONE', #1610 ) ;
#3150 = PLANE ( 'NONE',  #2950 ) ;
#3151 = EDGE_CURVE ( 'NONE', #1382, #2579, #3183, .T. ) ;
#3152 = CARTESIAN_POINT ( 'NONE',  ( 13.99999999999999645, -26.50000000000000355, 30.00000000000000000 ) ) ;
#3153 = VERTEX_POINT ( 'NONE', #4341 ) ;
#3154 = ORIENTED_EDGE ( 'NONE', *, *, #4856, .T. ) ;
#3155 = LINE ( 'NONE', #2430, #2208 ) ;
#3156 = DIRECTION ( 'NONE',  ( -0.000000000000000000, -0.000000000000000000, -1.000000000000000000 ) ) ;
#3157 = EDGE_CURVE ( 'NONE', #788, #2783, #10, .T. ) ;
#3158 = EDGE_CURVE ( 'NONE', #2016, #2685, #348, .T. ) ;
#3159 = CARTESIAN_POINT ( 'NONE',  ( 10.00000000000000000, -100.2699999999999960, 16.92500000000000426 ) ) ;
#3160 = ORIENTED_EDGE ( 'NONE', *, *, #1776, .T. ) ;
#3161 = EDGE_LOOP ( 'NONE', ( #418, #2227, #847, #4301 ) ) ;
#3162 = ORIENTED_EDGE ( 'NONE', *, *, #2968, .T. ) ;
#3163 = DIRECTION ( 'NONE',  ( -1.000000000000000000, -0.000000000000000000, 0.000000000000000000 ) ) ;
#3164 = VECTOR ( 'NONE', #4011, 1000.000000000000000 ) ;
#3165 = VECTOR ( 'NONE', #2971, 1000.000000000000000 ) ;
#3166 = ORIENTED_EDGE ( 'NONE', *, *, #2911, .F. ) ;
#3167 = CARTESIAN_POINT ( 'NONE',  ( -4.000000000000000000, 10.00000000000000533, 30.00000000000000000 ) ) ;
#3168 = DIRECTION ( 'NONE',  ( 0.000000000000000000, 0.000000000000000000, -1.000000000000000000 ) ) ;
#3169 = FACE_OUTER_BOUND ( 'NONE', #3023, .T. ) ;
#3170 = ORIENTED_EDGE ( 'NONE', *, *, #2781, .F. ) ;
#3171 = AXIS2_PLACEMENT_3D ( 'NONE', #3337, #1688, #870 ) ;
#3172 = CYLINDRICAL_SURFACE ( 'NONE', #1060, 1.150000000002567413 ) ;
#3173 = CARTESIAN_POINT ( 'NONE',  ( 20.00000000000000000, -50.84999999999999432, -4.924999999999998934 ) ) ;
#3174 = CARTESIAN_POINT ( 'NONE',  ( 17.00000000000004974, -50.84999999999999432, 12.62500000000000178 ) ) ;
#3175 = LINE ( 'NONE', #2794, #3551 ) ;
#3176 = EDGE_CURVE ( 'NONE', #311, #4574, #2407, .T. ) ;
#3177 = VECTOR ( 'NONE', #4859, 1000.000000000000000 ) ;
#3178 = ORIENTED_EDGE ( 'NONE', *, *, #617, .F. ) ;
#3179 = VECTOR ( 'NONE', #3091, 1000.000000000000000 ) ;
#3180 = VERTEX_POINT ( 'NONE', #1932 ) ;
#3181 = CARTESIAN_POINT ( 'NONE',  ( -18.65000000000000568, -10.99999999999995737, 30.00000000000000000 ) ) ;
#3182 = CARTESIAN_POINT ( 'NONE',  ( -17.00000000000000355, -0.9999999999999574785, 27.00000000000000000 ) ) ;
#3183 = LINE ( 'NONE', #1827, #903 ) ;
#3184 = ORIENTED_EDGE ( 'NONE', *, *, #3190, .T. ) ;
#3185 = EDGE_CURVE ( 'NONE', #1425, #3740, #63, .T. ) ;
#3186 = ADVANCED_FACE ( 'NONE', ( #1960 ), #2828, .F. ) ;
#3187 = ORIENTED_EDGE ( 'NONE', *, *, #4826, .T. ) ;
#3188 = CARTESIAN_POINT ( 'NONE',  ( 18.80000000000003979, -105.3000000000000540, 10.85000000000000142 ) ) ;
#3189 = PLANE ( 'NONE',  #1044 ) ;
#3190 = EDGE_CURVE ( 'NONE', #736, #3322, #5131, .T. ) ;
#3191 = VECTOR ( 'NONE', #389, 1000.000000000000000 ) ;
#3192 = VERTEX_POINT ( 'NONE', #3136 ) ;
#3193 = CARTESIAN_POINT ( 'NONE',  ( 9.000000000000017764, 30.00000000000000711, -27.00000000000000355 ) ) ;
#3194 = DIRECTION ( 'NONE',  ( 0.000000000000000000, 0.000000000000000000, 1.000000000000000000 ) ) ;
#3195 = PLANE ( 'NONE',  #1677 ) ;
#3196 = ORIENTED_EDGE ( 'NONE', *, *, #5113, .T. ) ;
#3197 = DIRECTION ( 'NONE',  ( -0.000000000000000000, -0.000000000000000000, 1.000000000000000000 ) ) ;
#3198 = CARTESIAN_POINT ( 'NONE',  ( 0.000000000000000000, 10.00000000000000533, 49.99999999999998579 ) ) ;
#3199 = CARTESIAN_POINT ( 'NONE',  ( 14.65000000000000036, -115.9999999999999858, 27.00000000000000000 ) ) ;
#3200 = VECTOR ( 'NONE', #4719, 1000.000000000000000 ) ;
#3201 = CARTESIAN_POINT ( 'NONE',  ( 18.80000000000003979, -105.2999999999999829, 1.000000000000002220 ) ) ;
#3202 = AXIS2_PLACEMENT_3D ( 'NONE', #5029, #4643, #1032 ) ;
#3203 = LINE ( 'NONE', #3674, #1705 ) ;
#3204 = ORIENTED_EDGE ( 'NONE', *, *, #784, .F. ) ;
#3205 = ORIENTED_EDGE ( 'NONE', *, *, #1296, .F. ) ;
#3206 = CARTESIAN_POINT ( 'NONE',  ( -10.99999999999995737, -46.49999999999999289, -27.00000000000000355 ) ) ;
#3207 = CYLINDRICAL_SURFACE ( 'NONE', #126, 1.149999999997434852 ) ;
#3208 = AXIS2_PLACEMENT_3D ( 'NONE', #3835, #3862, #3390 ) ;
#3209 = EDGE_CURVE ( 'NONE', #1259, #4290, #4817, .T. ) ;
#3210 = DIRECTION ( 'NONE',  ( 1.000000000000000000, 0.000000000000000000, 0.000000000000000000 ) ) ;
#3211 = VERTEX_POINT ( 'NONE', #3425 ) ;
#3212 = AXIS2_PLACEMENT_3D ( 'NONE', #2137, #2845, #4440 ) ;
#3213 = VERTEX_POINT ( 'NONE', #3557 ) ;
#3214 = DIRECTION ( 'NONE',  ( 1.000000000000000000, 0.000000000000000000, 0.000000000000000000 ) ) ;
#3215 = EDGE_CURVE ( 'NONE', #1506, #1136, #5159, .T. ) ;
#3216 = DIRECTION ( 'NONE',  ( -0.000000000000000000, -0.000000000000000000, 1.000000000000000000 ) ) ;
#3217 = ORIENTED_EDGE ( 'NONE', *, *, #962, .T. ) ;
#3218 = CARTESIAN_POINT ( 'NONE',  ( 13.99999999999999645, -26.50000000000000355, -35.00000000000000000 ) ) ;
#3219 = DIRECTION ( 'NONE',  ( 0.000000000000000000, 0.000000000000000000, 1.000000000000000000 ) ) ;
#3220 = ORIENTED_EDGE ( 'NONE', *, *, #2809, .T. ) ;
#3221 = EDGE_CURVE ( 'NONE', #3841, #109, #3934, .T. ) ;
#3222 = CARTESIAN_POINT ( 'NONE',  ( -11.63855206734649883, 9.509820919957515883, -30.00000000000000000 ) ) ;
#3223 = FACE_OUTER_BOUND ( 'NONE', #3308, .T. ) ;
#3224 = CARTESIAN_POINT ( 'NONE',  ( 10.00000000000000000, -100.2699999999999960, 14.77499999999999858 ) ) ;
#3225 = AXIS2_PLACEMENT_3D ( 'NONE', #4357, #2371, #4726 ) ;
#3226 = CARTESIAN_POINT ( 'NONE',  ( 20.00000000000000000, -117.0000000000000000, 3.350000000000000533 ) ) ;
#3227 = LINE ( 'NONE', #863, #2597 ) ;
#3228 = CARTESIAN_POINT ( 'NONE',  ( -1.640179080045057747, 20.48855206734722501, -30.00000000000000000 ) ) ;
#3229 = ORIENTED_EDGE ( 'NONE', *, *, #4283, .F. ) ;
#3230 = EDGE_LOOP ( 'NONE', ( #4922, #909, #4124, #2357 ) ) ;
#3231 = DIRECTION ( 'NONE',  ( 0.000000000000000000, 0.000000000000000000, 1.000000000000000000 ) ) ;
#3232 = CARTESIAN_POINT ( 'NONE',  ( -0.4901790800424903338, 20.48855206734722501, 27.00000000000000000 ) ) ;
#3233 = FACE_BOUND ( 'NONE', #1585, .T. ) ;
#3234 = EDGE_LOOP ( 'NONE', ( #1475, #3119 ) ) ;
#3235 = EDGE_LOOP ( 'NONE', ( #1261, #5104 ) ) ;
#3236 = DIRECTION ( 'NONE',  ( 0.000000000000000000, 0.000000000000000000, -1.000000000000000000 ) ) ;
#3237 = FACE_BOUND ( 'NONE', #1173, .T. ) ;
#3238 = EDGE_CURVE ( 'NONE', #1129, #872, #4394, .T. ) ;
#3239 = CIRCLE ( 'NONE', #2753, 2.150000000000004352 ) ;
#3240 = ORIENTED_EDGE ( 'NONE', *, *, #3595, .F. ) ;
#3241 = CARTESIAN_POINT ( 'NONE',  ( 18.80000000000003979, -46.69999999999996021, 10.84999999999994813 ) ) ;
#3242 = DIRECTION ( 'NONE',  ( 0.000000000000000000, 0.000000000000000000, -1.000000000000000000 ) ) ;
#3243 = EDGE_LOOP ( 'NONE', ( #3638, #1312, #3056, #2365 ) ) ;
#3244 = CARTESIAN_POINT ( 'NONE',  ( -15.35000000000000497, -0.9999999999999574785, -30.00000000000000000 ) ) ;
#3245 = CIRCLE ( 'NONE', #2755, 2.150000000000002132 ) ;
#3246 = DIRECTION ( 'NONE',  ( -1.000000000000000000, 0.000000000000000000, 0.000000000000000000 ) ) ;
#3247 = EDGE_CURVE ( 'NONE', #3728, #3607, #4368, .T. ) ;
#3248 = EDGE_CURVE ( 'NONE', #60, #2477, #4555, .T. ) ;
#3249 = CARTESIAN_POINT ( 'NONE',  ( -7.999999999999958256, -43.49999999999999289, -5.000000000000000000 ) ) ;
#3250 = DIRECTION ( 'NONE',  ( -0.000000000000000000, -0.000000000000000000, 1.000000000000000000 ) ) ;
#3251 = CARTESIAN_POINT ( 'NONE',  ( 11.63855206734794834, 10.49017908004249833, 30.00000000000000000 ) ) ;
#3252 = LINE ( 'NONE', #445, #3716 ) ;
#3253 = ORIENTED_EDGE ( 'NONE', *, *, #321, .F. ) ;
#3254 = ORIENTED_EDGE ( 'NONE', *, *, #3758, .F. ) ;
#3255 = ORIENTED_EDGE ( 'NONE', *, *, #4268, .F. ) ;
#3256 = DIRECTION ( 'NONE',  ( 1.000000000000000000, 0.000000000000000000, 0.000000000000000000 ) ) ;
#3257 = DIRECTION ( 'NONE',  ( -1.000000000000000000, 0.000000000000000000, 0.000000000000000000 ) ) ;
#3258 = CIRCLE ( 'NONE', #989, 1.649999999999998579 ) ;
#3259 = AXIS2_PLACEMENT_3D ( 'NONE', #1999, #340, #5097 ) ;
#3260 = CARTESIAN_POINT ( 'NONE',  ( 10.00000000000000000, -100.2699999999999960, 14.77499999999999858 ) ) ;
#3261 = ORIENTED_EDGE ( 'NONE', *, *, #4599, .F. ) ;
#3262 = ORIENTED_EDGE ( 'NONE', *, *, #2588, .F. ) ;
#3263 = CARTESIAN_POINT ( 'NONE',  ( 0.4901790800424890016, -0.4885520673472143471, -27.00000000000001066 ) ) ;
#3264 = CIRCLE ( 'NONE', #330, 1.150000000002567413 ) ;
#3265 = CARTESIAN_POINT ( 'NONE',  ( 17.00000000000003908, -105.3000000000000540, 10.85000000000000142 ) ) ;
#3266 = ORIENTED_EDGE ( 'NONE', *, *, #1682, .F. ) ;
#3267 = FACE_OUTER_BOUND ( 'NONE', #838, .T. ) ;
#3268 = DIRECTION ( 'NONE',  ( 1.000000000000000000, 0.000000000000000000, 0.000000000000000000 ) ) ;
#3269 = ORIENTED_EDGE ( 'NONE', *, *, #652, .F. ) ;
#3270 = ADVANCED_FACE ( 'NONE', ( #3581 ), #3736, .F. ) ;
#3271 = DIRECTION ( 'NONE',  ( 1.000000000000000000, 0.000000000000000000, 0.000000000000000000 ) ) ;
#3272 = DIRECTION ( 'NONE',  ( 0.000000000000000000, 0.000000000000000000, -1.000000000000000000 ) ) ;
#3273 = DIRECTION ( 'NONE',  ( -0.000000000000000000, -1.000000000000000000, -0.000000000000000000 ) ) ;
#3274 = VECTOR ( 'NONE', #2288, 1000.000000000000000 ) ;
#3275 = CYLINDRICAL_SURFACE ( 'NONE', #644, 2.149999999999997247 ) ;
#3276 = AXIS2_PLACEMENT_3D ( 'NONE', #3263, #2387, #3980 ) ;
#3277 = EDGE_CURVE ( 'NONE', #111, #4546, #1363, .T. ) ;
#3278 = DIRECTION ( 'NONE',  ( 0.000000000000000000, 0.000000000000000000, -1.000000000000000000 ) ) ;
#3279 = DIRECTION ( 'NONE',  ( -0.7071067811865469066, -0.7071067811865482389, 0.000000000000000000 ) ) ;
#3280 = EDGE_LOOP ( 'NONE', ( #5056, #4893, #469, #5084 ) ) ;
#3281 = ORIENTED_EDGE ( 'NONE', *, *, #5170, .T. ) ;
#3282 = ORIENTED_EDGE ( 'NONE', *, *, #2257, .F. ) ;
#3283 = CIRCLE ( 'NONE', #2289, 1.249999999999267253 ) ;
#3284 = LINE ( 'NONE', #4128, #1085 ) ;
#3285 = DIRECTION ( 'NONE',  ( 0.000000000000000000, 1.000000000000000000, 0.000000000000000000 ) ) ;
#3286 = ADVANCED_FACE ( 'NONE', ( #2931 ), #3288, .F. ) ;
#3287 = ADVANCED_FACE ( 'NONE', ( #425 ), #35, .F. ) ;
#3288 = CYLINDRICAL_SURFACE ( 'NONE', #1278, 1.249999999997455813 ) ;
#3289 = CARTESIAN_POINT ( 'NONE',  ( -2.020281411496603674, 26.48201039154662340, -30.00000000000000000 ) ) ;
#3290 = AXIS2_PLACEMENT_3D ( 'NONE', #1632, #4444, #1714 ) ;
#3291 = EDGE_LOOP ( 'NONE', ( #3187, #532, #2926, #2403 ) ) ;
#3292 = AXIS2_PLACEMENT_3D ( 'NONE', #116, #2956, #951 ) ;
#3293 = CIRCLE ( 'NONE', #5138, 1.150000000000725109 ) ;
#3294 = CARTESIAN_POINT ( 'NONE',  ( -17.00000000000000000, -30.99999999999995737, 27.00000000000000000 ) ) ;
#3295 = ORIENTED_EDGE ( 'NONE', *, *, #2934, .F. ) ;
#3296 = VECTOR ( 'NONE', #2528, 1000.000000000000000 ) ;
#3297 = ORIENTED_EDGE ( 'NONE', *, *, #113, .F. ) ;
#3298 = CARTESIAN_POINT ( 'NONE',  ( -16.48201039154661984, 9.229718588505949839, -27.00000000000001066 ) ) ;
#3299 = ORIENTED_EDGE ( 'NONE', *, *, #842, .F. ) ;
#3300 =( NAMED_UNIT ( * ) PLANE_ANGLE_UNIT ( ) SI_UNIT ( $, .RADIAN. ) );
#3301 = CARTESIAN_POINT ( 'NONE',  ( 17.00000000000004974, -50.84999999999999432, 4.924999999999998934 ) ) ;
#3302 = EDGE_CURVE ( 'NONE', #3979, #2563, #4526, .T. ) ;
#3303 = DIRECTION ( 'NONE',  ( -1.000000000000000000, 0.000000000000000000, 0.000000000000000000 ) ) ;
#3304 = DIRECTION ( 'NONE',  ( 0.000000000000000000, 0.000000000000000000, 1.000000000000000000 ) ) ;
#3305 = DIRECTION ( 'NONE',  ( 0.000000000000000000, 0.000000000000000000, -1.000000000000000000 ) ) ;
#3306 = PLANE ( 'NONE',  #2887 ) ;
#3307 = AXIS2_PLACEMENT_3D ( 'NONE', #3935, #4778, #5147 ) ;
#3308 = EDGE_LOOP ( 'NONE', ( #2531, #511, #1898, #1614 ) ) ;
#3309 = VERTEX_POINT ( 'NONE', #820 ) ;
#3310 = EDGE_CURVE ( 'NONE', #1737, #1031, #4641, .T. ) ;
#3311 = VERTEX_POINT ( 'NONE', #3711 ) ;
#3312 = CARTESIAN_POINT ( 'NONE',  ( -18.64999999999999858, -30.99999999999995737, 39.99999999999999289 ) ) ;
#3313 = CARTESIAN_POINT ( 'NONE',  ( 18.80000000000003979, -46.69999999999985363, 0.9999999999999861222 ) ) ;
#3314 = AXIS2_PLACEMENT_3D ( 'NONE', #404, #64, #4698 ) ;
#3315 = CIRCLE ( 'NONE', #4156, 1.650000000000002132 ) ;
#3316 = FACE_BOUND ( 'NONE', #5015, .T. ) ;
#3317 = FACE_OUTER_BOUND ( 'NONE', #2250, .T. ) ;
#3318 = ORIENTED_EDGE ( 'NONE', *, *, #4, .T. ) ;
#3319 = EDGE_CURVE ( 'NONE', #589, #3978, #2457, .T. ) ;
#3320 = EDGE_CURVE ( 'NONE', #1364, #4703, #523, .T. ) ;
#3321 = ORIENTED_EDGE ( 'NONE', *, *, #1154, .T. ) ;
#3322 = VERTEX_POINT ( 'NONE', #2061 ) ;
#3323 = DIRECTION ( 'NONE',  ( -0.000000000000000000, -0.000000000000000000, 1.000000000000000000 ) ) ;
#3324 = ORIENTED_EDGE ( 'NONE', *, *, #1119, .T. ) ;
#3325 = FACE_OUTER_BOUND ( 'NONE', #1096, .T. ) ;
#3326 = DIRECTION ( 'NONE',  ( 1.000000000000000000, 0.000000000000000000, 0.000000000000000000 ) ) ;
#3327 = CARTESIAN_POINT ( 'NONE',  ( 9.000000000000017764, 30.00000000000000711, -30.00000000000000000 ) ) ;
#3328 = CARTESIAN_POINT ( 'NONE',  ( 0.6598209199600770791, 20.48855206734722501, -30.00000000000000000 ) ) ;
#3329 = CARTESIAN_POINT ( 'NONE',  ( 20.00000000000000000, -50.84999999999999432, -2.775000000000000355 ) ) ;
#3330 = AXIS2_PLACEMENT_3D ( 'NONE', #2101, #4830, #4854 ) ;
#3331 = DIRECTION ( 'NONE',  ( -1.000000000000000000, -0.000000000000000000, -0.000000000000000000 ) ) ;
#3332 = FACE_OUTER_BOUND ( 'NONE', #4318, .T. ) ;
#3333 = EDGE_LOOP ( 'NONE', ( #3217, #4279 ) ) ;
#3334 = VERTEX_POINT ( 'NONE', #3654 ) ;
#3335 = ORIENTED_EDGE ( 'NONE', *, *, #3911, .T. ) ;
#3336 = CARTESIAN_POINT ( 'NONE',  ( 11.49999999999999645, -19.00000000000000355, -30.00000000000000000 ) ) ;
#3337 = CARTESIAN_POINT ( 'NONE',  ( 0.4901790800424890016, -0.4885520673472143471, -30.00000000000000000 ) ) ;
#3338 = EDGE_CURVE ( 'NONE', #1164, #3786, #4027, .T. ) ;
#3339 = CYLINDRICAL_SURFACE ( 'NONE', #860, 1.250000000000733191 ) ;
#3340 = CARTESIAN_POINT ( 'NONE',  ( -15.35000000000000142, -40.99999999999996447, -27.00000000000001066 ) ) ;
#3341 = VERTEX_POINT ( 'NONE', #1238 ) ;
#3342 = ADVANCED_FACE ( 'NONE', ( #2089 ), #530, .F. ) ;
#3343 = ORIENTED_EDGE ( 'NONE', *, *, #3924, .T. ) ;
#3344 = EDGE_CURVE ( 'NONE', #4940, #4672, #943, .T. ) ;
#3345 = VECTOR ( 'NONE', #625, 1000.000000000000000 ) ;
#3346 = ORIENTED_EDGE ( 'NONE', *, *, #2575, .F. ) ;
#3347 = LINE ( 'NONE', #4138, #4044 ) ;
#3348 = AXIS2_PLACEMENT_3D ( 'NONE', #5063, #2758, #1462 ) ;
#3349 = VERTEX_POINT ( 'NONE', #1660 ) ;
#3350 = ADVANCED_FACE ( 'NONE', ( #1742 ), #3339, .F. ) ;
#3351 = DIRECTION ( 'NONE',  ( 0.000000000000000000, -1.000000000000000000, -1.045014142154684459E-15 ) ) ;
#3352 = CARTESIAN_POINT ( 'NONE',  ( -33.30660980038478414, -33.30660980038492625, 30.00000000000000000 ) ) ;
#3353 = CARTESIAN_POINT ( 'NONE',  ( -10.99999999999995737, -46.49999999999999289, 27.00000000000001066 ) ) ;
#3354 = FACE_OUTER_BOUND ( 'NONE', #161, .T. ) ;
#3355 = CARTESIAN_POINT ( 'NONE',  ( -11.50000000000000533, -19.00000000000000355, -35.00000000000000000 ) ) ;
#3356 = CARTESIAN_POINT ( 'NONE',  ( -11.63855206734649883, 9.509820919957515883, 50.00000000000000000 ) ) ;
#3357 = DIRECTION ( 'NONE',  ( 0.7071067811865482389, -0.7071067811865469066, 0.000000000000000000 ) ) ;
#3358 = VERTEX_POINT ( 'NONE', #474 ) ;
#3359 = EDGE_LOOP ( 'NONE', ( #1207, #4505, #2393, #4029 ) ) ;
#3360 =( NAMED_UNIT ( * ) SI_UNIT ( $, .STERADIAN. ) SOLID_ANGLE_UNIT ( ) );
#3361 = CARTESIAN_POINT ( 'NONE',  ( -10.48855206734722323, 9.509820919957515883, 27.00000000000000000 ) ) ;
#3362 = CARTESIAN_POINT ( 'NONE',  ( 16.48201039154661984, 10.77028141149406260, 30.00000000000000000 ) ) ;
#3363 = CARTESIAN_POINT ( 'NONE',  ( -17.00000000000000355, -0.9999999999999574785, -30.00000000000000000 ) ) ;
#3364 = CIRCLE ( 'NONE', #682, 1.149999999997434852 ) ;
#3365 = ORIENTED_EDGE ( 'NONE', *, *, #1054, .T. ) ;
#3366 = LINE ( 'NONE', #4973, #3114 ) ;
#3367 = EDGE_CURVE ( 'NONE', #2429, #4891, #5055, .T. ) ;
#3368 = AXIS2_PLACEMENT_3D ( 'NONE', #1182, #2378, #1157 ) ;
#3369 = ORIENTED_EDGE ( 'NONE', *, *, #4943, .F. ) ;
#3370 = AXIS2_PLACEMENT_3D ( 'NONE', #3692, #2018, #3219 ) ;
#3371 = EDGE_LOOP ( 'NONE', ( #438, #3388, #3460, #4642 ) ) ;
#3372 = EDGE_CURVE ( 'NONE', #3577, #4712, #2509, .T. ) ;
#3373 = DIRECTION ( 'NONE',  ( -1.000000000000000000, -1.734723475976807341E-16, -0.000000000000000000 ) ) ;
#3374 = ORIENTED_EDGE ( 'NONE', *, *, #5174, .T. ) ;
#3375 = VECTOR ( 'NONE', #1868, 1000.000000000000000 ) ;
#3376 = DIRECTION ( 'NONE',  ( 0.000000000000000000, 0.000000000000000000, 1.000000000000000000 ) ) ;
#3377 = DIRECTION ( 'NONE',  ( 0.000000000000000000, 0.000000000000000000, -1.000000000000000000 ) ) ;
#3378 = FACE_BOUND ( 'NONE', #3762, .T. ) ;
#3379 = ADVANCED_FACE ( 'NONE', ( #4103, #1718, #3316, #1315, #4131, #3233, #1025, #971, #2665, #2584, #3054 ), #5020, .F. ) ;
#3380 = DIRECTION ( 'NONE',  ( 1.000000000000000000, 0.000000000000000000, 0.000000000000000000 ) ) ;
#3381 = EDGE_CURVE ( 'NONE', #2511, #3211, #2211, .T. ) ;
#3382 = CARTESIAN_POINT ( 'NONE',  ( 18.80000000000003979, -105.3000000000000256, 8.850000000000008527 ) ) ;
#3383 = ORIENTED_EDGE ( 'NONE', *, *, #4237, .T. ) ;
#3384 = LINE ( 'NONE', #986, #3496 ) ;
#3385 = DIRECTION ( 'NONE',  ( -3.469446951953611231E-16, -1.000000000000000000, -0.000000000000000000 ) ) ;
#3386 = DIRECTION ( 'NONE',  ( 0.000000000000000000, 1.000000000000000000, -2.899914244479310235E-15 ) ) ;
#3387 = EDGE_LOOP ( 'NONE', ( #3614, #3383, #1988, #453 ) ) ;
#3388 = ORIENTED_EDGE ( 'NONE', *, *, #4317, .T. ) ;
#3389 = CARTESIAN_POINT ( 'NONE',  ( 17.00000000000000000, -100.2699999999999960, 16.92500000000000426 ) ) ;
#3390 = DIRECTION ( 'NONE',  ( 0.000000000000000000, 0.000000000000000000, 1.000000000000000000 ) ) ;
#3391 = CARTESIAN_POINT ( 'NONE',  ( -19.99999999999999645, 30.00000000000000711, -27.00000000000000355 ) ) ;
#3392 = ORIENTED_EDGE ( 'NONE', *, *, #4205, .F. ) ;
#3393 = DIRECTION ( 'NONE',  ( -0.000000000000000000, -0.000000000000000000, 1.000000000000000000 ) ) ;
#3394 = CIRCLE ( 'NONE', #879, 1.249999999997455813 ) ;
#3395 = ORIENTED_EDGE ( 'NONE', *, *, #2846, .F. ) ;
#3396 = DIRECTION ( 'NONE',  ( 1.000000000000000000, 0.000000000000000000, 0.000000000000000000 ) ) ;
#3397 = ORIENTED_EDGE ( 'NONE', *, *, #2417, .T. ) ;
#3398 = PLANE ( 'NONE',  #1574 ) ;
#3399 = DIRECTION ( 'NONE',  ( -0.000000000000000000, -0.000000000000000000, 1.000000000000000000 ) ) ;
#3400 = EDGE_CURVE ( 'NONE', #353, #5016, #3128, .T. ) ;
#3401 = DIRECTION ( 'NONE',  ( 0.000000000000000000, 0.000000000000000000, 1.000000000000000000 ) ) ;
#3402 = LINE ( 'NONE', #5007, #2349 ) ;
#3403 = CARTESIAN_POINT ( 'NONE',  ( -19.99999999999999645, -120.0000000000000000, 30.00000000000000000 ) ) ;
#3404 = ORIENTED_EDGE ( 'NONE', *, *, #3657, .T. ) ;
#3405 = FACE_BOUND ( 'NONE', #2776, .T. ) ;
#3406 = CARTESIAN_POINT ( 'NONE',  ( 13.99999999999999645, -26.50000000000000355, 26.99999999999999645 ) ) ;
#3407 = CARTESIAN_POINT ( 'NONE',  ( 11.24999999999995737, -18.74999999999996803, 27.00000000000000000 ) ) ;
#3408 = EDGE_CURVE ( 'NONE', #381, #3492, #4259, .T. ) ;
#3409 = EDGE_CURVE ( 'NONE', #14, #84, #3293, .T. ) ;
#3410 = ORIENTED_EDGE ( 'NONE', *, *, #1586, .F. ) ;
#3411 = VERTEX_POINT ( 'NONE', #2638 ) ;
#3412 = CIRCLE ( 'NONE', #4586, 2.149999999999998135 ) ;
#3413 = DIRECTION ( 'NONE',  ( 0.000000000000000000, 0.000000000000000000, 1.000000000000000000 ) ) ;
#3414 = VECTOR ( 'NONE', #3851, 1000.000000000000000 ) ;
#3415 = DIRECTION ( 'NONE',  ( -0.000000000000000000, -0.000000000000000000, 1.000000000000000000 ) ) ;
#3416 = DIRECTION ( 'NONE',  ( -1.000000000000000000, 0.000000000000000000, -0.000000000000000000 ) ) ;
#3417 = VECTOR ( 'NONE', #1135, 1000.000000000000000 ) ;
#3418 = UNCERTAINTY_MEASURE_WITH_UNIT (LENGTH_MEASURE( 1.000000000000000082E-05 ), #3708, 'distance_accuracy_value', 'NONE');
#3419 = VERTEX_POINT ( 'NONE', #2978 ) ;
#3420 = LINE ( 'NONE', #2694, #850 ) ;
#3421 = CIRCLE ( 'NONE', #4095, 1.650000000000002132 ) ;
#3422 = ORIENTED_EDGE ( 'NONE', *, *, #2366, .F. ) ;
#3423 = ORIENTED_EDGE ( 'NONE', *, *, #4081, .F. ) ;
#3424 = PLANE ( 'NONE',  #3202 ) ;
#3425 = CARTESIAN_POINT ( 'NONE',  ( -18.64999999999999858, -40.99999999999996447, 27.00000000000000000 ) ) ;
#3426 = FACE_OUTER_BOUND ( 'NONE', #1929, .T. ) ;
#3427 = CIRCLE ( 'NONE', #4861, 1.150000000000725109 ) ;
#3428 = VECTOR ( 'NONE', #2812, 1000.000000000000000 ) ;
#3429 = PLANE ( 'NONE',  #4912 ) ;
#3430 = DIRECTION ( 'NONE',  ( 1.734723475976807341E-16, -1.000000000000000000, 0.000000000000000000 ) ) ;
#3431 = LINE ( 'NONE', #1012, #4431 ) ;
#3432 = VERTEX_POINT ( 'NONE', #4600 ) ;
#3433 = EDGE_CURVE ( 'NONE', #1071, #2479, #1816, .T. ) ;
#3434 = DIRECTION ( 'NONE',  ( 1.000000000000000000, 0.000000000000000000, 0.000000000000000000 ) ) ;
#3435 = CARTESIAN_POINT ( 'NONE',  ( -17.00000000000000355, -10.99999999999995737, 40.00000000000000711 ) ) ;
#3436 = FACE_OUTER_BOUND ( 'NONE', #2085, .T. ) ;
#3437 = ORIENTED_EDGE ( 'NONE', *, *, #2028, .F. ) ;
#3438 = ORIENTED_EDGE ( 'NONE', *, *, #159, .F. ) ;
#3439 = CARTESIAN_POINT ( 'NONE',  ( 0.000000000000000000, 0.000000000000000000, 0.000000000000000000 ) ) ;
#3440 = LINE ( 'NONE', #657, #2344 ) ;
#3441 = ADVANCED_FACE ( 'NONE', ( #996 ), #579, .F. ) ;
#3442 = LINE ( 'NONE', #4206, #3628 ) ;
#3443 = DIRECTION ( 'NONE',  ( 0.000000000000000000, 0.000000000000000000, 1.000000000000000000 ) ) ;
#3444 = AXIS2_PLACEMENT_3D ( 'NONE', #3550, #1893, #4753 ) ;
#3445 = ORIENTED_EDGE ( 'NONE', *, *, #73, .T. ) ;
#3446 = CARTESIAN_POINT ( 'NONE',  ( 13.00000000000000178, -115.9999999999999858, 27.00000000000000000 ) ) ;
#3447 = EDGE_CURVE ( 'NONE', #2122, #1726, #2217, .T. ) ;
#3448 = CIRCLE ( 'NONE', #2199, 1.650000000000000355 ) ;
#3449 = ORIENTED_EDGE ( 'NONE', *, *, #2172, .F. ) ;
#3450 = ORIENTED_EDGE ( 'NONE', *, *, #3215, .F. ) ;
#3451 = ORIENTED_EDGE ( 'NONE', *, *, #2605, .F. ) ;
#3452 = CARTESIAN_POINT ( 'NONE',  ( 20.00000000000001066, 18.99999999999994671, -27.00000000000000355 ) ) ;
#3453 = VECTOR ( 'NONE', #43, 1000.000000000000000 ) ;
#3454 = VECTOR ( 'NONE', #828, 1000.000000000000000 ) ;
#3455 = CARTESIAN_POINT ( 'NONE',  ( 11.49999999999999645, -19.00000000000000355, -35.00000000000000000 ) ) ;
#3456 = CYLINDRICAL_SURFACE ( 'NONE', #1350, 1.650000000000000355 ) ;
#3457 = CARTESIAN_POINT ( 'NONE',  ( 13.99999999999999645, -21.50000000000000000, 30.00000000000000000 ) ) ;
#3458 = CIRCLE ( 'NONE', #2466, 1.250000000000733191 ) ;
#3459 = CARTESIAN_POINT ( 'NONE',  ( 20.00000000000000000, -49.99999999999997868, 27.00000000000000000 ) ) ;
#3460 = ORIENTED_EDGE ( 'NONE', *, *, #2742, .T. ) ;
#3461 = PLANE ( 'NONE',  #3083 ) ;
#3462 = CARTESIAN_POINT ( 'NONE',  ( 20.00000000000000000, -100.2699999999999960, -7.075000000000001066 ) ) ;
#3463 = FACE_OUTER_BOUND ( 'NONE', #5026, .T. ) ;
#3464 = AXIS2_PLACEMENT_3D ( 'NONE', #2633, #3777, #182 ) ;
#3465 = ADVANCED_FACE ( 'NONE', ( #2193 ), #188, .F. ) ;
#3466 = ORIENTED_EDGE ( 'NONE', *, *, #368, .T. ) ;
#3467 = ORIENTED_EDGE ( 'NONE', *, *, #3725, .T. ) ;
#3468 = DIRECTION ( 'NONE',  ( 0.000000000000000000, -1.387778780781450251E-14, 1.000000000000000000 ) ) ;
#3469 = DIRECTION ( 'NONE',  ( 0.000000000000000000, 0.000000000000000000, -1.000000000000000000 ) ) ;
#3470 = CARTESIAN_POINT ( 'NONE',  ( -15.35000000000000497, -0.9999999999999574785, 40.00000000000000711 ) ) ;
#3471 = EDGE_CURVE ( 'NONE', #3979, #1277, #3442, .T. ) ;
#3472 = ORIENTED_EDGE ( 'NONE', *, *, #4108, .F. ) ;
#3473 = EDGE_LOOP ( 'NONE', ( #1112, #815 ) ) ;
#3474 = DIRECTION ( 'NONE',  ( -0.000000000000000000, -0.000000000000000000, 1.000000000000000000 ) ) ;
#3475 = ORIENTED_EDGE ( 'NONE', *, *, #2143, .T. ) ;
#3476 = EDGE_CURVE ( 'NONE', #4677, #2589, #2271, .T. ) ;
#3477 = ADVANCED_FACE ( 'NONE', ( #553 ), #1391, .T. ) ;
#3478 = ORIENTED_EDGE ( 'NONE', *, *, #2648, .T. ) ;
#3479 = ORIENTED_EDGE ( 'NONE', *, *, #2228, .F. ) ;
#3480 = AXIS2_PLACEMENT_3D ( 'NONE', #4093, #2840, #2865 ) ;
#3481 = DIRECTION ( 'NONE',  ( 0.000000000000000000, 0.000000000000000000, -1.000000000000000000 ) ) ;
#3482 = VECTOR ( 'NONE', #4787, 1000.000000000000000 ) ;
#3483 = VECTOR ( 'NONE', #4142, 1000.000000000000114 ) ;
#3484 = FACE_OUTER_BOUND ( 'NONE', #4101, .T. ) ;
#3485 = CARTESIAN_POINT ( 'NONE',  ( 0.4901790800424890016, -0.4885520673472143471, 30.00000000000000000 ) ) ;
#3486 = DIRECTION ( 'NONE',  ( 0.000000000000000000, 1.000000000000000000, 0.000000000000000000 ) ) ;
#3487 = EDGE_LOOP ( 'NONE', ( #1454, #4306 ) ) ;
#3488 = CARTESIAN_POINT ( 'NONE',  ( -0.7702814114940569334, 26.48201039154662340, -30.00000000000000000 ) ) ;
#3489 = DIRECTION ( 'NONE',  ( -0.000000000000000000, -0.000000000000000000, -1.000000000000000000 ) ) ;
#3490 = DIRECTION ( 'NONE',  ( 0.000000000000000000, 0.000000000000000000, -1.000000000000000000 ) ) ;
#3491 = ORIENTED_EDGE ( 'NONE', *, *, #4155, .F. ) ;
#3492 = VERTEX_POINT ( 'NONE', #2221 ) ;
#3493 = CARTESIAN_POINT ( 'NONE',  ( -16.48201039154661984, 9.229718588505949839, -30.00000000000000000 ) ) ;
#3494 = DIRECTION ( 'NONE',  ( -1.000000000000000000, 0.000000000000000000, 0.000000000000000000 ) ) ;
#3495 = LINE ( 'NONE', #1101, #2853 ) ;
#3496 = VECTOR ( 'NONE', #2631, 1000.000000000000000 ) ;
#3497 = ORIENTED_EDGE ( 'NONE', *, *, #2424, .F. ) ;
#3498 = ORIENTED_EDGE ( 'NONE', *, *, #3546, .F. ) ;
#3499 = ORIENTED_EDGE ( 'NONE', *, *, #1894, .F. ) ;
#3500 = CARTESIAN_POINT ( 'NONE',  ( 19.50000000000003553, 19.49999999999993605, 30.00000000000000000 ) ) ;
#3501 = EDGE_CURVE ( 'NONE', #2163, #84, #950, .T. ) ;
#3502 = VECTOR ( 'NONE', #2262, 1000.000000000000000 ) ;
#3503 = VERTEX_POINT ( 'NONE', #3027 ) ;
#3504 = ORIENTED_EDGE ( 'NONE', *, *, #367, .T. ) ;
#3505 = ORIENTED_EDGE ( 'NONE', *, *, #3702, .T. ) ;
#3506 = CARTESIAN_POINT ( 'NONE',  ( -10.48855206734722323, 9.509820919957515883, -30.00000000000000000 ) ) ;
#3507 = ADVANCED_FACE ( 'NONE', ( #5073 ), #1473, .F. ) ;
#3508 = AXIS2_PLACEMENT_3D ( 'NONE', #4747, #3566, #384 ) ;
#3509 = ORIENTED_EDGE ( 'NONE', *, *, #3381, .F. ) ;
#3510 = PLANE ( 'NONE',  #4548 ) ;
#3511 = DIRECTION ( 'NONE',  ( 1.000000000000000000, 0.000000000000000000, 0.000000000000000000 ) ) ;
#3512 = VECTOR ( 'NONE', #659, 1000.000000000000000 ) ;
#3513 = CIRCLE ( 'NONE', #3930, 1.250000000002546852 ) ;
#3514 = DIRECTION ( 'NONE',  ( 0.000000000000000000, -0.7071067811865489050, 0.7071067811865462405 ) ) ;
#3515 = ORIENTED_EDGE ( 'NONE', *, *, #5139, .F. ) ;
#3516 = EDGE_CURVE ( 'NONE', #4838, #3743, #3458, .T. ) ;
#3517 = DIRECTION ( 'NONE',  ( 1.000000000000000000, 0.000000000000000000, 0.000000000000000000 ) ) ;
#3518 = CIRCLE ( 'NONE', #1166, 2.150000000000002576 ) ;
#3519 = CARTESIAN_POINT ( 'NONE',  ( 9.000000000000017764, 30.00000000000000711, -30.00000000000000000 ) ) ;
#3520 = ORIENTED_EDGE ( 'NONE', *, *, #683, .T. ) ;
#3521 = EDGE_LOOP ( 'NONE', ( #306, #434, #3108, #1720 ) ) ;
#3522 = CARTESIAN_POINT ( 'NONE',  ( 18.80000000000003979, -105.3000000000000540, 10.85000000000000142 ) ) ;
#3523 = CARTESIAN_POINT ( 'NONE',  ( -11.63855206734649883, 9.509820919957515883, 27.00000000000000000 ) ) ;
#3524 = LINE ( 'NONE', #1527, #324 ) ;
#3525 = EDGE_LOOP ( 'NONE', ( #1749, #4468, #4618, #4327 ) ) ;
#3526 = ORIENTED_EDGE ( 'NONE', *, *, #4606, .F. ) ;
#3527 = DIRECTION ( 'NONE',  ( -0.000000000000000000, -1.000000000000000000, -0.000000000000000000 ) ) ;
#3528 = DIRECTION ( 'NONE',  ( -0.000000000000000000, -0.000000000000000000, 1.000000000000000000 ) ) ;
#3529 = DIRECTION ( 'NONE',  ( 0.000000000000000000, 0.000000000000000000, -1.000000000000000000 ) ) ;
#3530 = ORIENTED_EDGE ( 'NONE', *, *, #3569, .T. ) ;
#3531 = ORIENTED_EDGE ( 'NONE', *, *, #1359, .T. ) ;
#3532 = ADVANCED_FACE ( 'NONE', ( #2739 ), #3912, .F. ) ;
#3533 = ORIENTED_EDGE ( 'NONE', *, *, #3372, .T. ) ;
#3534 = VECTOR ( 'NONE', #3804, 1000.000000000000000 ) ;
#3535 = AXIS2_PLACEMENT_3D ( 'NONE', #38, #4057, #480 ) ;
#3536 = FACE_OUTER_BOUND ( 'NONE', #3387, .T. ) ;
#3537 = EDGE_CURVE ( 'NONE', #381, #2606, #1953, .T. ) ;
#3538 = CIRCLE ( 'NONE', #2203, 1.249999999999269029 ) ;
#3539 = ORIENTED_EDGE ( 'NONE', *, *, #3002, .T. ) ;
#3540 = CARTESIAN_POINT ( 'NONE',  ( -20.00000000000000000, -43.99999999999997158, -30.00000000000000000 ) ) ;
#3541 = DIRECTION ( 'NONE',  ( -1.000000000000000000, -0.000000000000000000, 0.000000000000000000 ) ) ;
#3542 = DIRECTION ( 'NONE',  ( -1.000000000000000000, 0.000000000000000000, 0.000000000000000000 ) ) ;
#3543 = VERTEX_POINT ( 'NONE', #3523 ) ;
#3544 = DIRECTION ( 'NONE',  ( 0.000000000000000000, -1.000000000000000000, 0.000000000000000000 ) ) ;
#3545 = CYLINDRICAL_SURFACE ( 'NONE', #2982, 1.650000000000000355 ) ;
#3546 = EDGE_CURVE ( 'NONE', #3786, #1540, #4332, .T. ) ;
#3547 = EDGE_CURVE ( 'NONE', #3606, #4508, #1895, .T. ) ;
#3548 = AXIS2_PLACEMENT_3D ( 'NONE', #393, #1526, #3129 ) ;
#3549 = ORIENTED_EDGE ( 'NONE', *, *, #234, .T. ) ;
#3550 = CARTESIAN_POINT ( 'NONE',  ( -0.7702814114940569334, 26.48201039154662340, 50.00000000000000000 ) ) ;
#3551 = VECTOR ( 'NONE', #708, 1000.000000000000000 ) ;
#3552 = CARTESIAN_POINT ( 'NONE',  ( 18.80000000000003979, -54.99999999999999289, 0.9999999999999870104 ) ) ;
#3553 = ORIENTED_EDGE ( 'NONE', *, *, #4768, .T. ) ;
#3554 = ORIENTED_EDGE ( 'NONE', *, *, #4730, .T. ) ;
#3555 = LINE ( 'NONE', #1557, #1021 ) ;
#3556 = CARTESIAN_POINT ( 'NONE',  ( 17.00000000000003908, -97.00000000000000000, 8.850000000000003197 ) ) ;
#3557 = CARTESIAN_POINT ( 'NONE',  ( -7.999999999999958256, -43.49999999999999289, -3.349999999999999201 ) ) ;
#3558 = ORIENTED_EDGE ( 'NONE', *, *, #1191, .F. ) ;
#3559 = ORIENTED_EDGE ( 'NONE', *, *, #1974, .F. ) ;
#3560 = ORIENTED_EDGE ( 'NONE', *, *, #1320, .F. ) ;
#3561 = CARTESIAN_POINT ( 'NONE',  ( -17.00000000000000355, -10.99999999999995737, -26.99999999999999645 ) ) ;
#3562 = AXIS2_PLACEMENT_3D ( 'NONE', #3198, #4806, #2815 ) ;
#3563 = VERTEX_POINT ( 'NONE', #2690 ) ;
#3564 = CARTESIAN_POINT ( 'NONE',  ( 11.49999999999999645, -19.00000000000000355, 30.00000000000000000 ) ) ;
#3565 = LINE ( 'NONE', #3902, #2939 ) ;
#3566 = DIRECTION ( 'NONE',  ( -0.000000000000000000, -0.000000000000000000, -1.000000000000000000 ) ) ;
#3567 = EDGE_LOOP ( 'NONE', ( #1494, #3870 ) ) ;
#3568 = AXIS2_PLACEMENT_3D ( 'NONE', #1432, #4565, #938 ) ;
#3569 = EDGE_CURVE ( 'NONE', #789, #2589, #4890, .T. ) ;
#3570 = DIRECTION ( 'NONE',  ( -1.000000000000000000, -0.000000000000000000, -0.000000000000000000 ) ) ;
#3571 = CARTESIAN_POINT ( 'NONE',  ( 10.00000000000000000, -50.84999999999999432, 14.77499999999999858 ) ) ;
#3572 = CARTESIAN_POINT ( 'NONE',  ( -18.64999999999999858, -30.99999999999995737, 39.99999999999999289 ) ) ;
#3573 = EDGE_CURVE ( 'NONE', #1508, #4088, #1536, .T. ) ;
#3574 = EDGE_CURVE ( 'NONE', #1082, #3790, #5098, .T. ) ;
#3575 = DIRECTION ( 'NONE',  ( 0.000000000000000000, 0.000000000000000000, -1.000000000000000000 ) ) ;
#3576 = ORIENTED_EDGE ( 'NONE', *, *, #1326, .F. ) ;
#3577 = VERTEX_POINT ( 'NONE', #3552 ) ;
#3578 = DIRECTION ( 'NONE',  ( 0.000000000000000000, 0.000000000000000000, -1.000000000000000000 ) ) ;
#3579 = CARTESIAN_POINT ( 'NONE',  ( 0.4901790800424890016, -0.4885520673472143471, 50.00000000000000000 ) ) ;
#3580 = EDGE_CURVE ( 'NONE', #4939, #3358, #441, .T. ) ;
#3581 = FACE_OUTER_BOUND ( 'NONE', #2834, .T. ) ;
#3582 = ORIENTED_EDGE ( 'NONE', *, *, #2135, .F. ) ;
#3583 = EDGE_LOOP ( 'NONE', ( #1739, #1967, #1081, #1623 ) ) ;
#3584 = CARTESIAN_POINT ( 'NONE',  ( 17.00000000000000000, -100.2699999999999960, -14.77499999999999858 ) ) ;
#3585 = AXIS2_PLACEMENT_3D ( 'NONE', #2160, #3750, #2602 ) ;
#3586 = CARTESIAN_POINT ( 'NONE',  ( 20.24999999999998224, -20.25000000000002132, -30.00000000000000000 ) ) ;
#3587 = ORIENTED_EDGE ( 'NONE', *, *, #2583, .F. ) ;
#3588 = FACE_BOUND ( 'NONE', #1457, .T. ) ;
#3589 = DIRECTION ( 'NONE',  ( 0.000000000000000000, 0.000000000000000000, -1.000000000000000000 ) ) ;
#3590 = CARTESIAN_POINT ( 'NONE',  ( -17.00000000000000000, -40.99999999999996447, 30.00000000000000000 ) ) ;
#3591 = ORIENTED_EDGE ( 'NONE', *, *, #545, .F. ) ;
#3592 = VECTOR ( 'NONE', #4153, 1000.000000000000000 ) ;
#3593 = DIRECTION ( 'NONE',  ( 0.000000000000000000, 1.000000000000000000, 0.000000000000000000 ) ) ;
#3594 = CARTESIAN_POINT ( 'NONE',  ( -1.640179080045057747, 20.48855206734722501, -27.00000000000001066 ) ) ;
#3595 = EDGE_CURVE ( 'NONE', #872, #3311, #2374, .T. ) ;
#3596 = FACE_OUTER_BOUND ( 'NONE', #3816, .T. ) ;
#3597 = FACE_OUTER_BOUND ( 'NONE', #4702, .T. ) ;
#3598 = DIRECTION ( 'NONE',  ( 0.000000000000000000, 0.000000000000000000, -1.000000000000000000 ) ) ;
#3599 = VECTOR ( 'NONE', #416, 1000.000000000000000 ) ;
#3600 = ORIENTED_EDGE ( 'NONE', *, *, #3319, .T. ) ;
#3601 = EDGE_CURVE ( 'NONE', #3349, #3625, #3102, .T. ) ;
#3602 = ORIENTED_EDGE ( 'NONE', *, *, #3025, .T. ) ;
#3603 = DIRECTION ( 'NONE',  ( -0.000000000000000000, -0.000000000000000000, -1.000000000000000000 ) ) ;
#3604 = LINE ( 'NONE', #8, #1977 ) ;
#3605 = CARTESIAN_POINT ( 'NONE',  ( 20.00000000000000000, -117.0000000000000000, 5.000000000000000000 ) ) ;
#3606 = VERTEX_POINT ( 'NONE', #2345 ) ;
#3607 = VERTEX_POINT ( 'NONE', #1099 ) ;
#3608 = EDGE_CURVE ( 'NONE', #2218, #1129, #2002, .T. ) ;
#3609 = DIRECTION ( 'NONE',  ( -1.000000000000000000, 3.469446951953611231E-16, 0.000000000000000000 ) ) ;
#3610 = FACE_BOUND ( 'NONE', #3235, .T. ) ;
#3611 = VERTEX_POINT ( 'NONE', #4732 ) ;
#3612 = CARTESIAN_POINT ( 'NONE',  ( 18.80000000000003979, -46.69999999999984652, -1.000000000000020872 ) ) ;
#3613 = DIRECTION ( 'NONE',  ( 1.000000000000000000, 0.000000000000000000, 0.000000000000000000 ) ) ;
#3614 = ORIENTED_EDGE ( 'NONE', *, *, #2548, .T. ) ;
#3615 = DIRECTION ( 'NONE',  ( -0.000000000000000000, -0.000000000000000000, 1.000000000000000000 ) ) ;
#3616 = DIRECTION ( 'NONE',  ( -1.000000000000000000, -0.000000000000000000, 0.000000000000000000 ) ) ;
#3617 = CARTESIAN_POINT ( 'NONE',  ( 10.00000000000000000, -100.2699999999999960, -4.924999999999998934 ) ) ;
#3618 = DIRECTION ( 'NONE',  ( -1.000000000000000000, 0.000000000000000000, 0.000000000000000000 ) ) ;
#3619 = AXIS2_PLACEMENT_3D ( 'NONE', #4338, #1107, #4023 ) ;
#3620 = CARTESIAN_POINT ( 'NONE',  ( 20.00000000000000000, -100.2699999999999960, 4.924999999999998934 ) ) ;
#3621 = VECTOR ( 'NONE', #3323, 1000.000000000000000 ) ;
#3622 = EDGE_CURVE ( 'NONE', #3908, #1479, #609, .T. ) ;
#3623 = CARTESIAN_POINT ( 'NONE',  ( -0.6598209199549457393, -0.4885520673472144582, 50.00000000000000000 ) ) ;
#3624 = ORIENTED_EDGE ( 'NONE', *, *, #3146, .T. ) ;
#3625 = VERTEX_POINT ( 'NONE', #370 ) ;
#3626 = DIRECTION ( 'NONE',  ( -0.000000000000000000, -0.000000000000000000, -1.000000000000000000 ) ) ;
#3627 = DIRECTION ( 'NONE',  ( 1.000000000000000000, 0.000000000000000000, 0.000000000000000000 ) ) ;
#3628 = VECTOR ( 'NONE', #2561, 1000.000000000000000 ) ;
#3629 = ADVANCED_FACE ( 'NONE', ( #4754 ), #1178, .F. ) ;
#3630 = DIRECTION ( 'NONE',  ( -1.000000000000000000, -0.000000000000000000, -0.000000000000000000 ) ) ;
#3631 = ORIENTED_EDGE ( 'NONE', *, *, #4248, .T. ) ;
#3632 = UNCERTAINTY_MEASURE_WITH_UNIT (LENGTH_MEASURE( 1.000000000000000082E-05 ), #2622, 'distance_accuracy_value', 'NONE');
#3633 = EDGE_LOOP ( 'NONE', ( #3937, #4073, #2062, #2569 ) ) ;
#3634 = CARTESIAN_POINT ( 'NONE',  ( 10.00000000000000000, -50.84999999999999432, -12.62500000000000000 ) ) ;
#3635 = EDGE_CURVE ( 'NONE', #781, #3563, #1978, .T. ) ;
#3636 = LINE ( 'NONE', #1192, #2368 ) ;
#3637 = ADVANCED_FACE ( 'NONE', ( #4389 ), #5175, .F. ) ;
#3638 = ORIENTED_EDGE ( 'NONE', *, *, #1320, .T. ) ;
#3639 = DIRECTION ( 'NONE',  ( 1.000000000000000000, 0.000000000000000000, 0.000000000000000000 ) ) ;
#3640 = CARTESIAN_POINT ( 'NONE',  ( -0.7702814114940569334, 26.48201039154662340, -30.00000000000000000 ) ) ;
#3641 = ORIENTED_EDGE ( 'NONE', *, *, #203, .T. ) ;
#3642 = DIRECTION ( 'NONE',  ( 0.000000000000000000, 1.000000000000000000, 0.000000000000000000 ) ) ;
#3643 = CARTESIAN_POINT ( 'NONE',  ( -20.00000000000000000, -46.61321960076966064, 26.99999999999999645 ) ) ;
#3644 = FACE_OUTER_BOUND ( 'NONE', #3371, .T. ) ;
#3645 = CIRCLE ( 'NONE', #2147, 1.649999999999999467 ) ;
#3646 = DIRECTION ( 'NONE',  ( -1.000000000000000000, -0.000000000000000000, 0.000000000000000000 ) ) ;
#3647 = PLANE ( 'NONE',  #1841 ) ;
#3648 = CARTESIAN_POINT ( 'NONE',  ( -18.64999999999999858, -30.99999999999995737, 30.00000000000000000 ) ) ;
#3649 = ORIENTED_EDGE ( 'NONE', *, *, #878, .F. ) ;
#3650 = VERTEX_POINT ( 'NONE', #3887 ) ;
#3651 = ORIENTED_EDGE ( 'NONE', *, *, #4432, .T. ) ;
#3652 = CYLINDRICAL_SURFACE ( 'NONE', #1273, 1.650000000000000355 ) ;
#3653 = CYLINDRICAL_SURFACE ( 'NONE', #3671, 2.150000000000002132 ) ;
#3654 = CARTESIAN_POINT ( 'NONE',  ( -7.999999999999958256, -46.49999999999998579, -3.349999999999999201 ) ) ;
#3655 = ORIENTED_EDGE ( 'NONE', *, *, #2962, .T. ) ;
#3656 = EDGE_LOOP ( 'NONE', ( #612, #2029, #4457, #1089, #920, #821, #4361, #2189, #4349, #3533, #2113, #4292, #36, #2592, #3397, #2278, #4623, #1501 ) ) ;
#3657 = EDGE_CURVE ( 'NONE', #2019, #1850, #3175, .T. ) ;
#3658 = DIRECTION ( 'NONE',  ( -0.000000000000000000, -1.000000000000000000, 4.180056568618783592E-15 ) ) ;
#3659 = FACE_BOUND ( 'NONE', #4678, .T. ) ;
#3660 = CIRCLE ( 'NONE', #899, 1.149999999999274936 ) ;
#3661 = ORIENTED_EDGE ( 'NONE', *, *, #3844, .F. ) ;
#3662 = DIRECTION ( 'NONE',  ( 1.000000000000000000, 0.000000000000000000, -0.000000000000000000 ) ) ;
#3663 = EDGE_CURVE ( 'NONE', #1661, #525, #288, .T. ) ;
#3664 = LINE ( 'NONE', #2518, #2123 ) ;
#3665 = ORIENTED_EDGE ( 'NONE', *, *, #170, .F. ) ;
#3666 = CARTESIAN_POINT ( 'NONE',  ( 20.00000000000001066, 18.99999999999994671, 26.99999999999999645 ) ) ;
#3667 = CIRCLE ( 'NONE', #4592, 1.649999999999999467 ) ;
#3668 = DIRECTION ( 'NONE',  ( 1.000000000000000000, 0.000000000000000000, 0.000000000000000000 ) ) ;
#3669 = ADVANCED_FACE ( 'NONE', ( #1232 ), #4812, .F. ) ;
#3670 = DIRECTION ( 'NONE',  ( 1.000000000000000000, 0.000000000000000000, 0.000000000000000000 ) ) ;
#3671 = AXIS2_PLACEMENT_3D ( 'NONE', #922, #2115, #4102 ) ;
#3672 = CARTESIAN_POINT ( 'NONE',  ( -10.99999999999995737, -43.49999999999999289, 27.00000000000001421 ) ) ;
#3673 = DIRECTION ( 'NONE',  ( 0.000000000000000000, 1.000000000000000000, -2.717036769602215961E-15 ) ) ;
#3674 = CARTESIAN_POINT ( 'NONE',  ( -1.640179080045057747, 20.48855206734722501, 50.00000000000000000 ) ) ;
#3675 = ORIENTED_EDGE ( 'NONE', *, *, #969, .T. ) ;
#3676 = ORIENTED_EDGE ( 'NONE', *, *, #1936, .T. ) ;
#3677 = ORIENTED_EDGE ( 'NONE', *, *, #4534, .F. ) ;
#3678 = CARTESIAN_POINT ( 'NONE',  ( -14.00000000000000355, -26.50000000000000355, -30.00000000000000000 ) ) ;
#3679 = DIRECTION ( 'NONE',  ( 0.000000000000000000, 0.000000000000000000, -1.000000000000000000 ) ) ;
#3680 = AXIS2_PLACEMENT_3D ( 'NONE', #1869, #1896, #1817 ) ;
#3681 = AXIS2_PLACEMENT_3D ( 'NONE', #4230, #1815, #1390 ) ;
#3682 = CARTESIAN_POINT ( 'NONE',  ( 0.7702814114940549350, -6.482010391546610961, 50.00000000000000000 ) ) ;
#3683 = CARTESIAN_POINT ( 'NONE',  ( 20.00000000000000000, -54.99999999999999289, 27.00000000000000000 ) ) ;
#3684 = CIRCLE ( 'NONE', #1416, 1.150000000002567413 ) ;
#3685 = AXIS2_PLACEMENT_3D ( 'NONE', #1171, #2785, #4379 ) ;
#3686 = ORIENTED_EDGE ( 'NONE', *, *, #2715, .T. ) ;
#3687 = DIRECTION ( 'NONE',  ( -0.000000000000000000, -0.000000000000000000, -1.000000000000000000 ) ) ;
#3688 = VECTOR ( 'NONE', #2786, 1000.000000000000000 ) ;
#3689 = DIRECTION ( 'NONE',  ( 0.000000000000000000, 0.000000000000000000, -1.000000000000000000 ) ) ;
#3690 = ADVANCED_FACE ( 'NONE', ( #3700 ), #1604, .F. ) ;
#3691 = EDGE_LOOP ( 'NONE', ( #3947, #1470, #5, #3451 ) ) ;
#3692 = CARTESIAN_POINT ( 'NONE',  ( 20.00000000000000000, -117.0000000000000000, -5.000000000000000000 ) ) ;
#3693 = ORIENTED_EDGE ( 'NONE', *, *, #4558, .T. ) ;
#3694 = CARTESIAN_POINT ( 'NONE',  ( 17.00000000000000000, -117.0000000000000000, -5.000000000000000000 ) ) ;
#3695 = EDGE_CURVE ( 'NONE', #931, #744, #4122, .T. ) ;
#3696 = DIRECTION ( 'NONE',  ( -0.000000000000000000, -0.000000000000000000, -1.000000000000000000 ) ) ;
#3697 = CARTESIAN_POINT ( 'NONE',  ( 17.00000000000003908, -46.69999999999984652, -1.000000000000020872 ) ) ;
#3698 = AXIS2_PLACEMENT_3D ( 'NONE', #2436, #3609, #2885 ) ;
#3699 = DIRECTION ( 'NONE',  ( 0.000000000000000000, 4.180056568618783592E-15, 1.000000000000000000 ) ) ;
#3700 = FACE_OUTER_BOUND ( 'NONE', #4775, .T. ) ;
#3701 = EDGE_CURVE ( 'NONE', #4950, #2731, #81, .T. ) ;
#3702 = EDGE_CURVE ( 'NONE', #4181, #3740, #3203, .T. ) ;
#3703 = AXIS2_PLACEMENT_3D ( 'NONE', #3737, #89, #1719 ) ;
#3704 = ORIENTED_EDGE ( 'NONE', *, *, #3185, .T. ) ;
#3705 = EDGE_LOOP ( 'NONE', ( #3220, #3445, #3297, #1300 ) ) ;
#3706 = ORIENTED_EDGE ( 'NONE', *, *, #1708, .T. ) ;
#3707 = VECTOR ( 'NONE', #2587, 1000.000000000000000 ) ;
#3708 =( LENGTH_UNIT ( ) NAMED_UNIT ( * ) SI_UNIT ( .MILLI., .METRE. ) );
#3709 = LINE ( 'NONE', #4870, #1828 ) ;
#3710 = AXIS2_PLACEMENT_3D ( 'NONE', #120, #1798, #3396 ) ;
#3711 = CARTESIAN_POINT ( 'NONE',  ( -14.00000000000000355, -26.50000000000000355, 30.00000000000000000 ) ) ;
#3712 = DIRECTION ( 'NONE',  ( -1.000000000000000000, 0.000000000000000000, 0.000000000000000000 ) ) ;
#3713 = VERTEX_POINT ( 'NONE', #4045 ) ;
#3714 = AXIS2_PLACEMENT_3D ( 'NONE', #2401, #3, #3494 ) ;
#3715 = ORIENTED_EDGE ( 'NONE', *, *, #2774, .T. ) ;
#3716 = VECTOR ( 'NONE', #812, 1000.000000000000000 ) ;
#3717 = ORIENTED_EDGE ( 'NONE', *, *, #3788, .T. ) ;
#3718 = DIRECTION ( 'NONE',  ( 0.000000000000000000, 0.000000000000000000, -1.000000000000000000 ) ) ;
#3719 = ORIENTED_EDGE ( 'NONE', *, *, #1777, .F. ) ;
#3720 = DIRECTION ( 'NONE',  ( -0.7071067811865477948, -0.7071067811865473507, -0.000000000000000000 ) ) ;
#3721 = CARTESIAN_POINT ( 'NONE',  ( 14.65000000000000036, -115.9999999999999858, 30.00000000000000000 ) ) ;
#3722 = LINE ( 'NONE', #3327, #3872 ) ;
#3723 = LINE ( 'NONE', #128, #746 ) ;
#3724 = CARTESIAN_POINT ( 'NONE',  ( 10.48855206734722323, 10.49017908004249833, 50.00000000000000000 ) ) ;
#3725 = EDGE_CURVE ( 'NONE', #1560, #2494, #4520, .T. ) ;
#3726 = FACE_BOUND ( 'NONE', #3842, .T. ) ;
#3727 = CARTESIAN_POINT ( 'NONE',  ( -7.999999999999958256, -113.4999999999999858, 6.650000000000000355 ) ) ;
#3728 = VERTEX_POINT ( 'NONE', #1286 ) ;
#3729 = EDGE_LOOP ( 'NONE', ( #2795, #448 ) ) ;
#3730 = VERTEX_POINT ( 'NONE', #3648 ) ;
#3731 = CARTESIAN_POINT ( 'NONE',  ( 10.00000000000000000, -100.2699999999999960, 4.924999999999998934 ) ) ;
#3732 = LINE ( 'NONE', #2058, #2255 ) ;
#3733 = EDGE_CURVE ( 'NONE', #4590, #4677, #4898, .T. ) ;
#3734 = ADVANCED_FACE ( 'NONE', ( #519 ), #3306, .F. ) ;
#3735 = VECTOR ( 'NONE', #4711, 1000.000000000000000 ) ;
#3736 = PLANE ( 'NONE',  #605 ) ;
#3737 = CARTESIAN_POINT ( 'NONE',  ( 16.48201039154661984, 10.77028141149406260, 50.00000000000000000 ) ) ;
#3738 = ORIENTED_EDGE ( 'NONE', *, *, #3547, .F. ) ;
#3739 = EDGE_CURVE ( 'NONE', #1578, #3149, #1281, .T. ) ;
#3740 = VERTEX_POINT ( 'NONE', #3228 ) ;
#3741 = ORIENTED_EDGE ( 'NONE', *, *, #3400, .T. ) ;
#3742 = DIRECTION ( 'NONE',  ( -0.000000000000000000, -0.000000000000000000, 1.000000000000000000 ) ) ;
#3743 = VERTEX_POINT ( 'NONE', #4915 ) ;
#3744 = LINE ( 'NONE', #1778, #1150 ) ;
#3745 = FACE_OUTER_BOUND ( 'NONE', #1004, .T. ) ;
#3746 = CARTESIAN_POINT ( 'NONE',  ( -11.50000000000000355, -28.99999999999999645, -30.00000000000000000 ) ) ;
#3747 = FACE_OUTER_BOUND ( 'NONE', #3583, .T. ) ;
#3748 = CARTESIAN_POINT ( 'NONE',  ( 0.6598209199600770791, 20.48855206734722501, 50.00000000000000000 ) ) ;
#3749 = CIRCLE ( 'NONE', #476, 2.150000000000002576 ) ;
#3750 = DIRECTION ( 'NONE',  ( -0.7071067811865493491, -0.7071067811865457964, 0.000000000000000000 ) ) ;
#3751 = CYLINDRICAL_SURFACE ( 'NONE', #4400, 1.150000000002567413 ) ;
#3752 = EDGE_CURVE ( 'NONE', #3432, #2980, #2634, .T. ) ;
#3753 = ORIENTED_EDGE ( 'NONE', *, *, #1618, .F. ) ;
#3754 = ORIENTED_EDGE ( 'NONE', *, *, #3794, .F. ) ;
#3755 = DIRECTION ( 'NONE',  ( -0.000000000000000000, -0.000000000000000000, 1.000000000000000000 ) ) ;
#3756 = DIRECTION ( 'NONE',  ( -1.000000000000000000, 0.000000000000000000, 0.000000000000000000 ) ) ;
#3757 = ORIENTED_EDGE ( 'NONE', *, *, #13, .F. ) ;
#3758 = EDGE_CURVE ( 'NONE', #4022, #2579, #3252, .T. ) ;
#3759 = ORIENTED_EDGE ( 'NONE', *, *, #4534, .T. ) ;
#3760 = DIRECTION ( 'NONE',  ( -1.000000000000000000, 0.000000000000000000, 0.000000000000000000 ) ) ;
#3761 = CIRCLE ( 'NONE', #3681, 1.149999999999274936 ) ;
#3762 = EDGE_LOOP ( 'NONE', ( #2035, #3438 ) ) ;
#3763 = ADVANCED_FACE ( 'NONE', ( #1309 ), #2922, .F. ) ;
#3764 = EDGE_CURVE ( 'NONE', #3611, #3009, #4863, .T. ) ;
#3765 = EDGE_LOOP ( 'NONE', ( #3074, #4239, #1538, #743 ) ) ;
#3766 = DIRECTION ( 'NONE',  ( 0.000000000000000000, 0.000000000000000000, -1.000000000000000000 ) ) ;
#3767 = AXIS2_PLACEMENT_3D ( 'NONE', #5114, #304, #3511 ) ;
#3768 = EDGE_LOOP ( 'NONE', ( #1338, #2873, #4312, #5083 ) ) ;
#3769 = PLANE ( 'NONE',  #977 ) ;
#3770 = PLANE ( 'NONE',  #1975 ) ;
#3771 = FACE_BOUND ( 'NONE', #4054, .T. ) ;
#3772 = CARTESIAN_POINT ( 'NONE',  ( 15.23201039154588621, 10.77028141149406260, 27.00000000000000000 ) ) ;
#3773 = CARTESIAN_POINT ( 'NONE',  ( -0.4797185885034007113, -6.482010391546610961, -27.00000000000001066 ) ) ;
#3774 = ORIENTED_EDGE ( 'NONE', *, *, #3190, .F. ) ;
#3775 = CARTESIAN_POINT ( 'NONE',  ( 0.000000000000000000, 10.00000000000000533, 27.00000000000000000 ) ) ;
#3776 = DIRECTION ( 'NONE',  ( 1.000000000000000000, 0.000000000000000000, 0.000000000000000000 ) ) ;
#3777 = DIRECTION ( 'NONE',  ( -0.000000000000000000, -0.000000000000000000, 1.000000000000000000 ) ) ;
#3778 = ORIENTED_EDGE ( 'NONE', *, *, #4123, .T. ) ;
#3779 = VECTOR ( 'NONE', #3827, 1000.000000000000000 ) ;
#3780 = VECTOR ( 'NONE', #4030, 1000.000000000000000 ) ;
#3781 = EDGE_LOOP ( 'NONE', ( #4293, #3109, #2672, #2760 ) ) ;
#3782 = PRODUCT_CONTEXT ( 'NONE', #3949, 'mechanical' ) ;
#3783 = PLANE ( 'NONE',  #326 ) ;
#3784 = CARTESIAN_POINT ( 'NONE',  ( 18.80000000000003979, 0.000000000000000000, 0.000000000000000000 ) ) ;
#3785 = DIRECTION ( 'NONE',  ( 1.000000000000000000, 0.000000000000000000, 0.000000000000000000 ) ) ;
#3786 = VERTEX_POINT ( 'NONE', #2426 ) ;
#3787 = DIRECTION ( 'NONE',  ( 1.000000000000000000, 0.000000000000000000, 0.000000000000000000 ) ) ;
#3788 = EDGE_CURVE ( 'NONE', #822, #2986, #837, .T. ) ;
#3789 = VECTOR ( 'NONE', #4392, 1000.000000000000000 ) ;
#3790 = VERTEX_POINT ( 'NONE', #2871 ) ;
#3791 = VECTOR ( 'NONE', #2098, 1000.000000000000000 ) ;
#3792 = FACE_OUTER_BOUND ( 'NONE', #243, .T. ) ;
#3793 = ORIENTED_EDGE ( 'NONE', *, *, #4059, .F. ) ;
#3794 = EDGE_CURVE ( 'NONE', #4849, #1794, #417, .T. ) ;
#3795 = EDGE_CURVE ( 'NONE', #1870, #2539, #864, .T. ) ;
#3796 = AXIS2_PLACEMENT_3D ( 'NONE', #1049, #632, #4629 ) ;
#3797 = DIRECTION ( 'NONE',  ( -0.000000000000000000, -0.000000000000000000, 1.000000000000000000 ) ) ;
#3798 = CARTESIAN_POINT ( 'NONE',  ( 11.49999999999999645, -19.00000000000000355, -35.00000000000000000 ) ) ;
#3799 = DIRECTION ( 'NONE',  ( 1.000000000000000000, 0.000000000000000000, 0.000000000000000000 ) ) ;
#3800 = CYLINDRICAL_SURFACE ( 'NONE', #1672, 1.649999999999999467 ) ;
#3801 = DIRECTION ( 'NONE',  ( -1.000000000000000000, 0.000000000000000000, 0.000000000000000000 ) ) ;
#3802 = EDGE_LOOP ( 'NONE', ( #3600, #4163, #1443, #2635 ) ) ;
#3803 = CARTESIAN_POINT ( 'NONE',  ( 20.00000000000000000, 18.99999999999996803, -30.00000000000000000 ) ) ;
#3804 = DIRECTION ( 'NONE',  ( -0.000000000000000000, -0.000000000000000000, 1.000000000000000000 ) ) ;
#3805 = CARTESIAN_POINT ( 'NONE',  ( 0.4797185885084898627, 26.48201039154662340, 27.00000000000000000 ) ) ;
#3806 = ORIENTED_EDGE ( 'NONE', *, *, #1033, .F. ) ;
#3807 = VERTEX_POINT ( 'NONE', #3805 ) ;
#3808 = FACE_BOUND ( 'NONE', #3018, .T. ) ;
#3809 = CARTESIAN_POINT ( 'NONE',  ( 11.63855206734794834, 10.49017908004249833, 50.00000000000000000 ) ) ;
#3810 = CIRCLE ( 'NONE', #1800, 1.249999999999269029 ) ;
#3811 = DIRECTION ( 'NONE',  ( 0.000000000000000000, 0.000000000000000000, -1.000000000000000000 ) ) ;
#3812 = VERTEX_POINT ( 'NONE', #651 ) ;
#3813 = DIRECTION ( 'NONE',  ( 1.000000000000000000, 0.000000000000000000, 0.000000000000000000 ) ) ;
#3814 = VECTOR ( 'NONE', #5119, 1000.000000000000000 ) ;
#3815 = ORIENTED_EDGE ( 'NONE', *, *, #235, .F. ) ;
#3816 = EDGE_LOOP ( 'NONE', ( #118, #2899, #4951, #967 ) ) ;
#3817 = ADVANCED_FACE ( 'NONE', ( #3828 ), #1760, .F. ) ;
#3818 = CARTESIAN_POINT ( 'NONE',  ( 20.00000000000000000, -100.2699999999999960, 14.77499999999999858 ) ) ;
#3819 = CARTESIAN_POINT ( 'NONE',  ( 0.000000000000000000, -56.61321960076969617, 30.00000000000000000 ) ) ;
#3820 = DIRECTION ( 'NONE',  ( -0.000000000000000000, -0.000000000000000000, 1.000000000000000000 ) ) ;
#3821 = EDGE_CURVE ( 'NONE', #3153, #4181, #2802, .T. ) ;
#3822 = LINE ( 'NONE', #2945, #1016 ) ;
#3823 = CARTESIAN_POINT ( 'NONE',  ( 18.80000000000003979, -105.3000000000000256, -10.84999999999999609 ) ) ;
#3824 = CARTESIAN_POINT ( 'NONE',  ( 17.00000000000003908, -54.99999999999999289, -8.850000000000003197 ) ) ;
#3825 = ORIENTED_EDGE ( 'NONE', *, *, #1609, .F. ) ;
#3826 = DIRECTION ( 'NONE',  ( -1.734723475976807341E-16, 1.000000000000000000, 0.000000000000000000 ) ) ;
#3827 = DIRECTION ( 'NONE',  ( -0.7071067811865462405, 0.7071067811865489050, -0.000000000000000000 ) ) ;
#3828 = FACE_OUTER_BOUND ( 'NONE', #3997, .T. ) ;
#3829 = EDGE_CURVE ( 'NONE', #4978, #2148, #3022, .T. ) ;
#3830 = VERTEX_POINT ( 'NONE', #2264 ) ;
#3831 = ORIENTED_EDGE ( 'NONE', *, *, #611, .T. ) ;
#3832 = VECTOR ( 'NONE', #4164, 1000.000000000000000 ) ;
#3833 = CARTESIAN_POINT ( 'NONE',  ( 17.00000000000000000, -120.0000000000000000, -19.00000000000001776 ) ) ;
#3834 = CIRCLE ( 'NONE', #1148, 1.249999999997455591 ) ;
#3835 = CARTESIAN_POINT ( 'NONE',  ( 20.00000000000000000, -100.2699999999999960, -4.924999999999998934 ) ) ;
#3836 = CARTESIAN_POINT ( 'NONE',  ( 18.80000000000003979, 0.000000000000000000, 0.000000000000000000 ) ) ;
#3837 = AXIS2_PLACEMENT_3D ( 'NONE', #2943, #4537, #2154 ) ;
#3838 = VERTEX_POINT ( 'NONE', #4148 ) ;
#3839 = FACE_OUTER_BOUND ( 'NONE', #4905, .T. ) ;
#3840 = AXIS2_PLACEMENT_3D ( 'NONE', #3232, #2954, #4550 ) ;
#3841 = VERTEX_POINT ( 'NONE', #1017 ) ;
#3842 = EDGE_LOOP ( 'NONE', ( #339, #2139 ) ) ;
#3843 = CARTESIAN_POINT ( 'NONE',  ( -10.99999999999995737, -43.49999999999999289, 27.00000000000001421 ) ) ;
#3844 = EDGE_CURVE ( 'NONE', #1144, #4849, #233, .T. ) ;
#3845 = DIRECTION ( 'NONE',  ( 1.000000000000000000, 0.000000000000000000, 0.000000000000000000 ) ) ;
#3846 = CARTESIAN_POINT ( 'NONE',  ( 9.338552067346498120, 10.49017908004249833, -27.00000000000001066 ) ) ;
#3847 = VECTOR ( 'NONE', #444, 1000.000000000000000 ) ;
#3848 = VECTOR ( 'NONE', #5034, 1000.000000000000000 ) ;
#3849 = LINE ( 'NONE', #3564, #1098 ) ;
#3850 = DIRECTION ( 'NONE',  ( 1.000000000000000000, 0.000000000000000000, 0.000000000000000000 ) ) ;
#3851 = DIRECTION ( 'NONE',  ( 1.000000000000000000, 0.000000000000000000, 0.000000000000000000 ) ) ;
#3852 = ORIENTED_EDGE ( 'NONE', *, *, #2676, .F. ) ;
#3853 = ADVANCED_FACE ( 'NONE', ( #1385 ), #547, .F. ) ;
#3854 = CARTESIAN_POINT ( 'NONE',  ( 18.80000000000003979, -97.00000000000000000, -1.000000000000019318 ) ) ;
#3855 = LINE ( 'NONE', #1015, #3274 ) ;
#3856 = CARTESIAN_POINT ( 'NONE',  ( 0.5508402964949227210, -56.61321960076969617, 27.00000000000000000 ) ) ;
#3857 = ORIENTED_EDGE ( 'NONE', *, *, #3087, .T. ) ;
#3858 = VERTEX_POINT ( 'NONE', #4937 ) ;
#3859 = FACE_BOUND ( 'NONE', #2329, .T. ) ;
#3860 = ADVANCED_FACE ( 'NONE', ( #2188 ), #4200, .F. ) ;
#3861 = ADVANCED_FACE ( 'NONE', ( #2578 ), #3751, .F. ) ;
#3862 = DIRECTION ( 'NONE',  ( -1.000000000000000000, -0.000000000000000000, -0.000000000000000000 ) ) ;
#3863 = DIRECTION ( 'NONE',  ( -0.7071067811865457964, 0.7071067811865492381, -0.000000000000000000 ) ) ;
#3864 = AXIS2_PLACEMENT_3D ( 'NONE', #1, #1601, #4463 ) ;
#3865 = ORIENTED_EDGE ( 'NONE', *, *, #4631, .T. ) ;
#3866 = VERTEX_POINT ( 'NONE', #1837 ) ;
#3867 = CARTESIAN_POINT ( 'NONE',  ( -20.00000000000000000, 19.00000000000002487, -27.00000000000000355 ) ) ;
#3868 = ORIENTED_EDGE ( 'NONE', *, *, #575, .F. ) ;
#3869 = ORIENTED_EDGE ( 'NONE', *, *, #98, .F. ) ;
#3870 = ORIENTED_EDGE ( 'NONE', *, *, #873, .F. ) ;
#3871 = CARTESIAN_POINT ( 'NONE',  ( 15.23201039154588621, 10.77028141149406260, 50.00000000000000000 ) ) ;
#3872 = VECTOR ( 'NONE', #2625, 1000.000000000000114 ) ;
#3873 = AXIS2_PLACEMENT_3D ( 'NONE', #1324, #3742, #4535 ) ;
#3874 = DIRECTION ( 'NONE',  ( 1.000000000000000000, 0.000000000000000000, 0.000000000000000000 ) ) ;
#3875 = CARTESIAN_POINT ( 'NONE',  ( 9.338552067346498120, 10.49017908004249833, 50.00000000000000000 ) ) ;
#3876 = VECTOR ( 'NONE', #1635, 1000.000000000000000 ) ;
#3877 = CARTESIAN_POINT ( 'NONE',  ( -0.4797185885034007113, -6.482010391546610961, 27.00000000000000000 ) ) ;
#3878 = EDGE_LOOP ( 'NONE', ( #2185, #4254, #561, #2747 ) ) ;
#3879 = PLANE ( 'NONE',  #4083 ) ;
#3880 = CARTESIAN_POINT ( 'NONE',  ( 20.00000000000000000, -34.99999999999999289, 27.00000000000000000 ) ) ;
#3881 = DIRECTION ( 'NONE',  ( 0.000000000000000000, 0.000000000000000000, 1.000000000000000000 ) ) ;
#3882 = AXIS2_PLACEMENT_3D ( 'NONE', #29, #1653, #2501 ) ;
#3883 = ORIENTED_EDGE ( 'NONE', *, *, #732, .F. ) ;
#3884 = ORIENTED_EDGE ( 'NONE', *, *, #399, .F. ) ;
#3885 = ADVANCED_FACE ( 'NONE', ( #3436 ), #5040, .F. ) ;
#3886 = DIRECTION ( 'NONE',  ( 1.000000000000000000, 0.000000000000000000, 0.000000000000000000 ) ) ;
#3887 = CARTESIAN_POINT ( 'NONE',  ( 18.80000000000003979, -46.69999999999996021, -10.84999999999994991 ) ) ;
#3888 = DIRECTION ( 'NONE',  ( 0.000000000000000000, 1.000000000000000000, 0.000000000000000000 ) ) ;
#3889 = VERTEX_POINT ( 'NONE', #627 ) ;
#3890 = ADVANCED_FACE ( 'NONE', ( #3332 ), #600, .F. ) ;
#3891 = EDGE_LOOP ( 'NONE', ( #3139, #1762, #3318, #2112 ) ) ;
#3892 = DIRECTION ( 'NONE',  ( 0.000000000000000000, 0.000000000000000000, -1.000000000000000000 ) ) ;
#3893 = VERTEX_POINT ( 'NONE', #4545 ) ;
#3894 = ORIENTED_EDGE ( 'NONE', *, *, #3595, .T. ) ;
#3895 = EDGE_LOOP ( 'NONE', ( #2190, #3404, #4728, #1796 ) ) ;
#3896 = EDGE_CURVE ( 'NONE', #2783, #2537, #2646, .T. ) ;
#3897 = AXIS2_PLACEMENT_3D ( 'NONE', #4039, #2916, #2049 ) ;
#3898 = EDGE_CURVE ( 'NONE', #755, #1987, #1335, .T. ) ;
#3899 = CYLINDRICAL_SURFACE ( 'NONE', #2698, 1.650000000000000355 ) ;
#3900 = ORIENTED_EDGE ( 'NONE', *, *, #4688, .T. ) ;
#3901 = DIRECTION ( 'NONE',  ( 0.000000000000000000, 0.000000000000000000, 1.000000000000000000 ) ) ;
#3902 = CARTESIAN_POINT ( 'NONE',  ( -15.35000000000000497, -0.9999999999999574785, 40.00000000000000711 ) ) ;
#3903 = LINE ( 'NONE', #3931, #1495 ) ;
#3904 = ORIENTED_EDGE ( 'NONE', *, *, #5011, .F. ) ;
#3905 = DIRECTION ( 'NONE',  ( -1.000000000000000000, -0.000000000000000000, 0.000000000000000000 ) ) ;
#3906 = CARTESIAN_POINT ( 'NONE',  ( 17.00000000000000000, -100.2699999999999960, 14.77499999999999858 ) ) ;
#3907 = LINE ( 'NONE', #3856, #4067 ) ;
#3908 = VERTEX_POINT ( 'NONE', #4652 ) ;
#3909 = ORIENTED_EDGE ( 'NONE', *, *, #456, .F. ) ;
#3910 = DIRECTION ( 'NONE',  ( 0.000000000000000000, 0.000000000000000000, -1.000000000000000000 ) ) ;
#3911 = EDGE_CURVE ( 'NONE', #4684, #1771, #155, .T. ) ;
#3912 = CYLINDRICAL_SURFACE ( 'NONE', #3043, 1.650000000000000355 ) ;
#3913 = DIRECTION ( 'NONE',  ( 0.000000000000000000, 0.000000000000000000, -1.000000000000000000 ) ) ;
#3914 = AXIS2_PLACEMENT_3D ( 'NONE', #1014, #4619, #3826 ) ;
#3915 = VERTEX_POINT ( 'NONE', #4253 ) ;
#3916 = ORIENTED_EDGE ( 'NONE', *, *, #3516, .F. ) ;
#3917 = DIRECTION ( 'NONE',  ( -0.000000000000000000, -0.000000000000000000, 1.000000000000000000 ) ) ;
#3918 = CARTESIAN_POINT ( 'NONE',  ( -7.999999999999958256, -113.4999999999999858, -3.349999999999999645 ) ) ;
#3919 = EDGE_CURVE ( 'NONE', #4672, #4940, #122, .T. ) ;
#3920 = ORIENTED_EDGE ( 'NONE', *, *, #456, .T. ) ;
#3921 = ORIENTED_EDGE ( 'NONE', *, *, #1484, .F. ) ;
#3922 = ORIENTED_EDGE ( 'NONE', *, *, #2072, .F. ) ;
#3923 = CARTESIAN_POINT ( 'NONE',  ( 18.80000000000003979, -46.69999999999996021, 10.84999999999994813 ) ) ;
#3924 = EDGE_CURVE ( 'NONE', #3309, #1259, #3394, .T. ) ;
#3925 = ADVANCED_FACE ( 'NONE', ( #3966 ), #3097, .F. ) ;
#3926 = EDGE_LOOP ( 'NONE', ( #3229, #3295 ) ) ;
#3927 = CARTESIAN_POINT ( 'NONE',  ( 18.80000000000003979, -46.69999999999985363, 0.9999999999999861222 ) ) ;
#3928 = CARTESIAN_POINT ( 'NONE',  ( -0.4901790800424903338, 20.48855206734722501, 50.00000000000000000 ) ) ;
#3929 = VECTOR ( 'NONE', #1042, 999.9999999999998863 ) ;
#3930 = AXIS2_PLACEMENT_3D ( 'NONE', #4575, #314, #4809 ) ;
#3931 = CARTESIAN_POINT ( 'NONE',  ( 20.00000000000000000, -120.0000000000000000, -19.00000000000001776 ) ) ;
#3932 = ORIENTED_EDGE ( 'NONE', *, *, #3981, .F. ) ;
#3933 = FACE_OUTER_BOUND ( 'NONE', #1407, .T. ) ;
#3934 = CIRCLE ( 'NONE', #4299, 1.650000000000000355 ) ;
#3935 = CARTESIAN_POINT ( 'NONE',  ( 10.48855206734722323, 10.49017908004249833, -27.00000000000001066 ) ) ;
#3936 = AXIS2_PLACEMENT_3D ( 'NONE', #2573, #2551, #4542 ) ;
#3937 = ORIENTED_EDGE ( 'NONE', *, *, #1638, .F. ) ;
#3938 = DIRECTION ( 'NONE',  ( 1.000000000000000000, 0.000000000000000000, 0.000000000000000000 ) ) ;
#3939 = CARTESIAN_POINT ( 'NONE',  ( 17.00000000000000000, -117.0000000000000000, -5.000000000000000000 ) ) ;
#3940 = DIRECTION ( 'NONE',  ( -1.000000000000000000, 0.000000000000000000, 0.000000000000000000 ) ) ;
#3941 = VECTOR ( 'NONE', #840, 1000.000000000000000 ) ;
#3942 = ORIENTED_EDGE ( 'NONE', *, *, #4662, .T. ) ;
#3943 = ORIENTED_EDGE ( 'NONE', *, *, #643, .T. ) ;
#3944 = LINE ( 'NONE', #2032, #433 ) ;
#3945 = DIRECTION ( 'NONE',  ( 0.000000000000000000, -6.938893903907085594E-15, -1.000000000000000000 ) ) ;
#3946 = LINE ( 'NONE', #4243, #230 ) ;
#3947 = ORIENTED_EDGE ( 'NONE', *, *, #1219, .F. ) ;
#3948 = ORIENTED_EDGE ( 'NONE', *, *, #390, .F. ) ;
#3949 = APPLICATION_CONTEXT ( 'automotive_design' ) ;
#3950 = ORIENTED_EDGE ( 'NONE', *, *, #4752, .T. ) ;
#3951 = VECTOR ( 'NONE', #677, 1000.000000000000000 ) ;
#3952 = AXIS2_PLACEMENT_3D ( 'NONE', #3506, #2726, #5110 ) ;
#3953 = EDGE_CURVE ( 'NONE', #506, #4751, #1547, .T. ) ;
#3954 = CARTESIAN_POINT ( 'NONE',  ( 10.48855206734722323, 10.49017908004249833, 50.00000000000000000 ) ) ;
#3955 = AXIS2_PLACEMENT_3D ( 'NONE', #1221, #1642, #827 ) ;
#3956 = ORIENTED_EDGE ( 'NONE', *, *, #3701, .T. ) ;
#3957 = DIRECTION ( 'NONE',  ( 0.000000000000000000, -1.000000000000000000, 6.938893903907085594E-15 ) ) ;
#3958 = EDGE_CURVE ( 'NONE', #302, #4290, #1634, .T. ) ;
#3959 = CARTESIAN_POINT ( 'NONE',  ( -14.00000000000000178, -21.50000000000000000, 26.99999999999999645 ) ) ;
#3960 = ADVANCED_FACE ( 'NONE', ( #3463 ), #2790, .F. ) ;
#3961 = CIRCLE ( 'NONE', #2038, 1.250000000002546852 ) ;
#3962 = FACE_OUTER_BOUND ( 'NONE', #4001, .T. ) ;
#3963 = ORIENTED_EDGE ( 'NONE', *, *, #1102, .T. ) ;
#3964 = DIRECTION ( 'NONE',  ( 0.000000000000000000, 0.000000000000000000, -1.000000000000000000 ) ) ;
#3965 = VECTOR ( 'NONE', #2405, 1000.000000000000000 ) ;
#3966 = FACE_OUTER_BOUND ( 'NONE', #2268, .T. ) ;
#3967 = CLOSED_SHELL ( 'NONE', ( #3629, #1256, #1282, #3090, #1441, #3991, #2272, #1979, #3507, #2043, #2643, #4897, #4184, #3817, #3925, #2295, #1100, #291, #669, #4316, #2353, #358, #2200, #5001, #3861, #3350, #1134, #3286, #3690, #4055, #706, #4478, #297, #2556, #3465, #993, #4691, #3969, #4212, #479, #4506, #2706, #3379, #3270, #1357, #3342, #4731, #4334, #2673, #195, #1981, #557, #3637, #2104, #4183, #1643, #957, #1084, #1348, #4241, #896, #1716, #813, #522, #4383, #4622, #1133, #4146, #4789, #616, #910, #47, #2898, #4955, #3186, #1314, #3287, #2617, #2360, #5058, #739, #3960, #1478, #4638, #4848, #3890, #3065, #4591, #1909, #2555, #2847, #835, #3860, #34, #1520, #39, #3477, #3058, #778, #2192, #4090, #2453, #776, #3669, #3885, #1797, #2780, #4640, #165, #1227, #201, #3036, #2751, #4975, #2804, #581, #4767, #4461, #1943, #2225, #1551, #2942, #771, #105, #3441, #4903, #4396, #3053, #263, #3734, #3853, #3763, #935, #2000, #4401, #5086, #2811, #4570, #3532, #298, #1029, #5081, #2737, #1322, #2385, #1455, #2463, #4089 ) ) ;
#3968 = VECTOR ( 'NONE', #4000, 1000.000000000000000 ) ;
#3969 = ADVANCED_FACE ( 'NONE', ( #3073 ), #1888, .F. ) ;
#3970 = CYLINDRICAL_SURFACE ( 'NONE', #3444, 1.250000000002546852 ) ;
#3971 = AXIS2_PLACEMENT_3D ( 'NONE', #468, #4098, #4493 ) ;
#3972 = DIRECTION ( 'NONE',  ( 0.000000000000000000, 0.000000000000000000, 1.000000000000000000 ) ) ;
#3973 = VERTEX_POINT ( 'NONE', #1175 ) ;
#3974 = ORIENTED_EDGE ( 'NONE', *, *, #2750, .F. ) ;
#3975 = CARTESIAN_POINT ( 'NONE',  ( 0.000000000000000000, -19.00000000000000355, -30.00000000000000000 ) ) ;
#3976 = CARTESIAN_POINT ( 'NONE',  ( 17.00000000000003908, -105.2999999999999972, -1.000000000000039080 ) ) ;
#3977 = DIRECTION ( 'NONE',  ( 0.000000000000000000, 0.000000000000000000, -1.000000000000000000 ) ) ;
#3978 = VERTEX_POINT ( 'NONE', #5068 ) ;
#3979 = VERTEX_POINT ( 'NONE', #2763 ) ;
#3980 = DIRECTION ( 'NONE',  ( 1.000000000000000000, 0.000000000000000000, 0.000000000000000000 ) ) ;
#3981 = EDGE_CURVE ( 'NONE', #817, #3213, #41, .T. ) ;
#3982 = ORIENTED_EDGE ( 'NONE', *, *, #970, .F. ) ;
#3983 = DIRECTION ( 'NONE',  ( 1.000000000000000000, 0.000000000000000000, 0.000000000000000000 ) ) ;
#3984 = CARTESIAN_POINT ( 'NONE',  ( 4.000000000000000000, 10.00000000000000533, 49.99999999999998579 ) ) ;
#3985 = DIRECTION ( 'NONE',  ( 0.000000000000000000, 0.000000000000000000, -1.000000000000000000 ) ) ;
#3986 = EDGE_LOOP ( 'NONE', ( #2686, #1899, #4818, #648 ) ) ;
#3987 = AXIS2_PLACEMENT_3D ( 'NONE', #1243, #2859, #1664 ) ;
#3988 = AXIS2_PLACEMENT_3D ( 'NONE', #1404, #4615, #2132 ) ;
#3989 = CARTESIAN_POINT ( 'NONE',  ( 11.49999999999999645, -19.00000000000000355, -35.00000000000000000 ) ) ;
#3990 = FACE_OUTER_BOUND ( 'NONE', #805, .T. ) ;
#3991 = ADVANCED_FACE ( 'NONE', ( #728 ), #3545, .F. ) ;
#3992 = CARTESIAN_POINT ( 'NONE',  ( 17.00000000000004974, -50.84999999999999432, -14.77499999999999858 ) ) ;
#3993 = CARTESIAN_POINT ( 'NONE',  ( -20.00000000000000000, -46.61321960076966064, -30.00000000000000000 ) ) ;
#3994 = DIRECTION ( 'NONE',  ( -0.000000000000000000, -0.000000000000000000, -1.000000000000000000 ) ) ;
#3995 = EDGE_CURVE ( 'NONE', #1056, #1789, #5158, .T. ) ;
#3996 = ORIENTED_EDGE ( 'NONE', *, *, #4499, .F. ) ;
#3997 = EDGE_LOOP ( 'NONE', ( #4985, #1471, #711, #296 ) ) ;
#3998 = FACE_OUTER_BOUND ( 'NONE', #3243, .T. ) ;
#3999 = CARTESIAN_POINT ( 'NONE',  ( -2.020281411496603674, 26.48201039154662340, 30.00000000000000000 ) ) ;
#4000 = DIRECTION ( 'NONE',  ( -1.000000000000000000, 0.000000000000000000, 0.000000000000000000 ) ) ;
#4001 = EDGE_LOOP ( 'NONE', ( #2692, #2293, #2952, #1746 ) ) ;
#4002 = ORIENTED_EDGE ( 'NONE', *, *, #2445, .F. ) ;
#4003 = DIRECTION ( 'NONE',  ( -1.000000000000000000, 0.000000000000000000, 0.000000000000000000 ) ) ;
#4004 = AXIS2_PLACEMENT_3D ( 'NONE', #48, #782, #4384 ) ;
#4005 = DIRECTION ( 'NONE',  ( 1.000000000000000000, 0.000000000000000000, 0.000000000000000000 ) ) ;
#4006 = ORIENTED_EDGE ( 'NONE', *, *, #2649, .F. ) ;
#4007 = CYLINDRICAL_SURFACE ( 'NONE', #2701, 1.249999999997455813 ) ;
#4008 = CARTESIAN_POINT ( 'NONE',  ( -17.00000000000000355, -0.9999999999999574785, -26.99999999999999645 ) ) ;
#4009 = ORIENTED_EDGE ( 'NONE', *, *, #970, .T. ) ;
#4010 = PRODUCT_DEFINITION ( 'ๆ', '', #1766, #2640 ) ;
#4011 = DIRECTION ( 'NONE',  ( 1.000000000000000000, 0.000000000000000000, 0.000000000000000000 ) ) ;
#4012 = LINE ( 'NONE', #1704, #4486 ) ;
#4013 = CARTESIAN_POINT ( 'NONE',  ( -15.35000000000000142, -40.99999999999996447, 30.00000000000000000 ) ) ;
#4014 = CARTESIAN_POINT ( 'NONE',  ( 4.000000000000000000, 10.00000000000000533, -26.99999999999999645 ) ) ;
#4015 = EDGE_CURVE ( 'NONE', #194, #2914, #4657, .T. ) ;
#4016 = CARTESIAN_POINT ( 'NONE',  ( 17.00000000000003908, -46.69999999999996021, 8.849999999999981881 ) ) ;
#4017 = DIRECTION ( 'NONE',  ( 0.000000000000000000, 1.000000000000000000, 0.000000000000000000 ) ) ;
#4018 = AXIS2_PLACEMENT_3D ( 'NONE', #76, #2524, #1678 ) ;
#4019 = ORIENTED_EDGE ( 'NONE', *, *, #2879, .F. ) ;
#4020 = ORIENTED_EDGE ( 'NONE', *, *, #1667, .T. ) ;
#4021 = AXIS2_PLACEMENT_3D ( 'NONE', #2183, #1011, #2235 ) ;
#4022 = VERTEX_POINT ( 'NONE', #678 ) ;
#4023 = DIRECTION ( 'NONE',  ( 1.000000000000000000, 0.000000000000000000, 0.000000000000000000 ) ) ;
#4024 = DIRECTION ( 'NONE',  ( 0.000000000000000000, 0.000000000000000000, 1.000000000000000000 ) ) ;
#4025 = EDGE_CURVE ( 'NONE', #931, #504, #1069, .T. ) ;
#4026 = EDGE_CURVE ( 'NONE', #2685, #1382, #3907, .T. ) ;
#4027 = LINE ( 'NONE', #2905, #1023 ) ;
#4028 = ORIENTED_EDGE ( 'NONE', *, *, #2286, .T. ) ;
#4029 = ORIENTED_EDGE ( 'NONE', *, *, #5182, .F. ) ;
#4030 = DIRECTION ( 'NONE',  ( -0.7071067811865482389, 0.7071067811865469066, 0.000000000000000000 ) ) ;
#4031 = AXIS2_PLACEMENT_3D ( 'NONE', #921, #4894, #57 ) ;
#4032 = FACE_BOUND ( 'NONE', #5165, .T. ) ;
#4033 = VECTOR ( 'NONE', #301, 1000.000000000000000 ) ;
#4034 = VERTEX_POINT ( 'NONE', #3148 ) ;
#4035 = CARTESIAN_POINT ( 'NONE',  ( -8.999999999999962697, 30.00000000000000711, -30.00000000000000000 ) ) ;
#4036 = CARTESIAN_POINT ( 'NONE',  ( 18.80000000000003979, -46.69999999999996021, 8.849999999999981881 ) ) ;
#4037 = ORIENTED_EDGE ( 'NONE', *, *, #1811, .F. ) ;
#4038 = DIRECTION ( 'NONE',  ( 1.000000000000000000, 0.000000000000000000, 0.000000000000000000 ) ) ;
#4039 = CARTESIAN_POINT ( 'NONE',  ( 0.5508402964949227210, -56.61321960076969617, 37.00000000000000000 ) ) ;
#4040 = AXIS2_PLACEMENT_3D ( 'NONE', #3089, #2282, #2702 ) ;
#4041 = CARTESIAN_POINT ( 'NONE',  ( 18.80000000000003979, -97.00000000000000000, 10.84999999999996767 ) ) ;
#4042 = CARTESIAN_POINT ( 'NONE',  ( 20.00000000000000000, -54.99999999999999289, -30.00000000000000000 ) ) ;
#4043 = DIRECTION ( 'NONE',  ( -0.000000000000000000, -0.000000000000000000, -1.000000000000000000 ) ) ;
#4044 = VECTOR ( 'NONE', #2591, 1000.000000000000000 ) ;
#4045 = CARTESIAN_POINT ( 'NONE',  ( 15.23201039154588621, 10.77028141149406260, -27.00000000000001066 ) ) ;
#4046 = EDGE_CURVE ( 'NONE', #839, #2252, #5093, .T. ) ;
#4047 = ORIENTED_EDGE ( 'NONE', *, *, #1573, .F. ) ;
#4048 = VERTEX_POINT ( 'NONE', #1519 ) ;
#4049 = ORIENTED_EDGE ( 'NONE', *, *, #3030, .T. ) ;
#4050 = CYLINDRICAL_SURFACE ( 'NONE', #2882, 1.650000000000000355 ) ;
#4051 = CYLINDRICAL_SURFACE ( 'NONE', #5107, 2.149999999999997247 ) ;
#4052 = AXIS2_PLACEMENT_3D ( 'NONE', #1690, #3630, #4077 ) ;
#4053 = CARTESIAN_POINT ( 'NONE',  ( -20.00000000000000000, -29.99999999999999289, -30.00000000000000000 ) ) ;
#4054 = EDGE_LOOP ( 'NONE', ( #636, #4229 ) ) ;
#4055 = ADVANCED_FACE ( 'NONE', ( #4750 ), #3122, .F. ) ;
#4056 = ORIENTED_EDGE ( 'NONE', *, *, #507, .T. ) ;
#4057 = DIRECTION ( 'NONE',  ( 0.000000000000000000, 1.000000000000000000, 3.469446951953601961E-15 ) ) ;
#4058 = DIRECTION ( 'NONE',  ( 0.000000000000000000, 1.000000000000000000, 2.090028284309398501E-15 ) ) ;
#4059 = EDGE_CURVE ( 'NONE', #2056, #4371, #1121, .T. ) ;
#4060 = ORIENTED_EDGE ( 'NONE', *, *, #2715, .F. ) ;
#4061 = FACE_BOUND ( 'NONE', #2434, .T. ) ;
#4062 = CARTESIAN_POINT ( 'NONE',  ( 20.00000000000000000, -50.84999999999999432, -7.074999999999997513 ) ) ;
#4063 = VERTEX_POINT ( 'NONE', #2340 ) ;
#4064 = CARTESIAN_POINT ( 'NONE',  ( -7.999999999999958256, -46.49999999999998579, 3.349999999999999645 ) ) ;
#4065 = DIRECTION ( 'NONE',  ( -1.000000000000000000, -0.000000000000000000, -0.000000000000000000 ) ) ;
#4066 = DIRECTION ( 'NONE',  ( -1.000000000000000000, -0.000000000000000000, 0.000000000000000000 ) ) ;
#4067 = VECTOR ( 'NONE', #3490, 1000.000000000000000 ) ;
#4068 = CARTESIAN_POINT ( 'NONE',  ( -17.00000000000000355, -0.9999999999999574785, 40.00000000000000711 ) ) ;
#4069 = LINE ( 'NONE', #467, #1246 ) ;
#4070 = DIRECTION ( 'NONE',  ( 0.000000000000000000, -1.000000000000000000, 2.299031112740338312E-15 ) ) ;
#4071 = ORIENTED_EDGE ( 'NONE', *, *, #1586, .T. ) ;
#4072 = VERTEX_POINT ( 'NONE', #1571 ) ;
#4073 = ORIENTED_EDGE ( 'NONE', *, *, #2483, .F. ) ;
#4074 = CARTESIAN_POINT ( 'NONE',  ( 20.00000000000000000, -29.99999999999999289, 30.00000000000000000 ) ) ;
#4075 = CARTESIAN_POINT ( 'NONE',  ( 20.00000000000000000, -49.99999999999997868, -27.00000000000000355 ) ) ;
#4076 = EDGE_CURVE ( 'NONE', #2163, #4390, #4823, .T. ) ;
#4077 = DIRECTION ( 'NONE',  ( 0.000000000000000000, 0.000000000000000000, 1.000000000000000000 ) ) ;
#4078 = CARTESIAN_POINT ( 'NONE',  ( 18.80000000000003979, -105.3000000000000256, -8.850000000000004974 ) ) ;
#4079 = ORIENTED_EDGE ( 'NONE', *, *, #638, .T. ) ;
#4080 = LINE ( 'NONE', #823, #3780 ) ;
#4081 = EDGE_CURVE ( 'NONE', #3730, #4950, #289, .T. ) ;
#4082 = LINE ( 'NONE', #1558, #3064 ) ;
#4083 = AXIS2_PLACEMENT_3D ( 'NONE', #5066, #726, #4749 ) ;
#4084 = ORIENTED_EDGE ( 'NONE', *, *, #2941, .F. ) ;
#4085 = DIRECTION ( 'NONE',  ( 0.000000000000000000, 0.000000000000000000, 1.000000000000000000 ) ) ;
#4086 = CARTESIAN_POINT ( 'NONE',  ( 2.020281411491510859, -6.482010391546610961, 27.00000000000000000 ) ) ;
#4087 = VECTOR ( 'NONE', #4223, 1000.000000000000000 ) ;
#4088 = VERTEX_POINT ( 'NONE', #489 ) ;
#4089 = ADVANCED_FACE ( 'NONE', ( #1998 ), #440, .T. ) ;
#4090 = ADVANCED_FACE ( 'NONE', ( #4409 ), #1202, .T. ) ;
#4091 = DIRECTION ( 'NONE',  ( 0.000000000000000000, 0.000000000000000000, -1.000000000000000000 ) ) ;
#4092 = CIRCLE ( 'NONE', #2503, 1.650000000000002132 ) ;
#4093 = CARTESIAN_POINT ( 'NONE',  ( 18.80000000000003979, 0.000000000000000000, 0.000000000000000000 ) ) ;
#4094 = DIRECTION ( 'NONE',  ( 1.000000000000000000, 0.000000000000000000, 0.000000000000000000 ) ) ;
#4095 = AXIS2_PLACEMENT_3D ( 'NONE', #3182, #3156, #3257 ) ;
#4096 = PLANE ( 'NONE',  #2500 ) ;
#4097 = DIRECTION ( 'NONE',  ( -0.000000000000000000, -0.000000000000000000, 1.000000000000000000 ) ) ;
#4098 = DIRECTION ( 'NONE',  ( 0.000000000000000000, 0.000000000000000000, -1.000000000000000000 ) ) ;
#4099 = ORIENTED_EDGE ( 'NONE', *, *, #429, .T. ) ;
#4100 = ORIENTED_EDGE ( 'NONE', *, *, #352, .F. ) ;
#4101 = EDGE_LOOP ( 'NONE', ( #4966, #2520, #1877, #3475 ) ) ;
#4102 = DIRECTION ( 'NONE',  ( 0.000000000000000000, 0.000000000000000000, 1.000000000000000000 ) ) ;
#4103 = FACE_BOUND ( 'NONE', #5036, .T. ) ;
#4104 = PLANE ( 'NONE',  #2343 ) ;
#4105 = AXIS2_PLACEMENT_3D ( 'NONE', #4888, #4097, #2399 ) ;
#4106 = ORIENTED_EDGE ( 'NONE', *, *, #3433, .T. ) ;
#4107 = ORIENTED_EDGE ( 'NONE', *, *, #513, .T. ) ;
#4108 = EDGE_CURVE ( 'NONE', #634, #3915, #2444, .T. ) ;
#4109 = VECTOR ( 'NONE', #4472, 1000.000000000000000 ) ;
#4110 = ORIENTED_EDGE ( 'NONE', *, *, #5109, .T. ) ;
#4111 = CARTESIAN_POINT ( 'NONE',  ( -15.35000000000000497, -10.99999999999995737, -26.99999999999999645 ) ) ;
#4112 = ORIENTED_EDGE ( 'NONE', *, *, #1058, .F. ) ;
#4113 = SURFACE_STYLE_FILL_AREA ( #1007 ) ;
#4114 = VECTOR ( 'NONE', #3100, 1000.000000000000000 ) ;
#4115 = CARTESIAN_POINT ( 'NONE',  ( -7.999999999999958256, -46.49999999999998579, 5.000000000000000000 ) ) ;
#4116 = EDGE_CURVE ( 'NONE', #169, #4756, #3810, .T. ) ;
#4117 = EDGE_CURVE ( 'NONE', #1027, #2003, #1299, .T. ) ;
#4118 = LINE ( 'NONE', #2105, #4793 ) ;
#4119 = CYLINDRICAL_SURFACE ( 'NONE', #5005, 1.150000000000725109 ) ;
#4120 = AXIS2_PLACEMENT_3D ( 'NONE', #3294, #3687, #1190 ) ;
#4121 = DIRECTION ( 'NONE',  ( -0.000000000000000000, -0.000000000000000000, -1.000000000000000000 ) ) ;
#4122 = LINE ( 'NONE', #1681, #3049 ) ;
#4123 = EDGE_CURVE ( 'NONE', #1052, #1737, #807, .T. ) ;
#4124 = ORIENTED_EDGE ( 'NONE', *, *, #3896, .F. ) ;
#4125 = VERTEX_POINT ( 'NONE', #4515 ) ;
#4126 = ORIENTED_EDGE ( 'NONE', *, *, #4826, .F. ) ;
#4127 = VECTOR ( 'NONE', #3787, 1000.000000000000000 ) ;
#4128 = CARTESIAN_POINT ( 'NONE',  ( 20.00000000000000355, -97.00000000000000000, 27.00000000000000000 ) ) ;
#4129 = DIRECTION ( 'NONE',  ( -0.7071067811865482389, 0.7071067811865469066, 0.000000000000000000 ) ) ;
#4130 = AXIS2_PLACEMENT_3D ( 'NONE', #588, #535, #955 ) ;
#4131 = FACE_BOUND ( 'NONE', #1288, .T. ) ;
#4132 = DIRECTION ( 'NONE',  ( -0.000000000000000000, -0.000000000000000000, -1.000000000000000000 ) ) ;
#4133 = ORIENTED_EDGE ( 'NONE', *, *, #1894, .T. ) ;
#4134 = AXIS2_PLACEMENT_3D ( 'NONE', #3784, #2609, #606 ) ;
#4135 = ORIENTED_EDGE ( 'NONE', *, *, #1521, .F. ) ;
#4136 = AXIS2_PLACEMENT_3D ( 'NONE', #2997, #132, #988 ) ;
#4137 = ORIENTED_EDGE ( 'NONE', *, *, #2541, .T. ) ;
#4138 = CARTESIAN_POINT ( 'NONE',  ( 17.73201039154735170, 10.77028141149406260, 50.00000000000000000 ) ) ;
#4139 = EDGE_LOOP ( 'NONE', ( #2771, #2801, #890, #3909 ) ) ;
#4140 = EDGE_CURVE ( 'NONE', #3973, #2621, #4012, .T. ) ;
#4141 = SURFACE_SIDE_STYLE ('',( #4113 ) ) ;
#4142 = DIRECTION ( 'NONE',  ( -0.7071067811865489050, 0.7071067811865460184, -0.000000000000000000 ) ) ;
#4143 = DIRECTION ( 'NONE',  ( 0.000000000000000000, -1.000000000000000000, 0.000000000000000000 ) ) ;
#4144 = CARTESIAN_POINT ( 'NONE',  ( 17.00000000000003908, -46.69999999999985363, 0.9999999999999861222 ) ) ;
#4145 = CARTESIAN_POINT ( 'NONE',  ( 20.00000000000000000, -120.0000000000000000, -19.00000000000001776 ) ) ;
#4146 = ADVANCED_FACE ( 'NONE', ( #1675 ), #49, .F. ) ;
#4147 = CARTESIAN_POINT ( 'NONE',  ( 10.00000000000000000, -100.2699999999999960, -14.77499999999999858 ) ) ;
#4148 = CARTESIAN_POINT ( 'NONE',  ( -15.23201039154735170, 9.229718588505949839, 27.00000000000000000 ) ) ;
#4149 = AXIS2_PLACEMENT_3D ( 'NONE', #1411, #2604, #2161 ) ;
#4150 = ORIENTED_EDGE ( 'NONE', *, *, #4081, .T. ) ;
#4151 = ORIENTED_EDGE ( 'NONE', *, *, #3953, .F. ) ;
#4152 = CARTESIAN_POINT ( 'NONE',  ( -17.00000000000000355, -10.99999999999995737, 40.00000000000000711 ) ) ;
#4153 = DIRECTION ( 'NONE',  ( 0.000000000000000000, 0.000000000000000000, -1.000000000000000000 ) ) ;
#4154 = VECTOR ( 'NONE', #4058, 1000.000000000000000 ) ;
#4155 = EDGE_CURVE ( 'NONE', #1479, #3908, #3645, .T. ) ;
#4156 = AXIS2_PLACEMENT_3D ( 'NONE', #4980, #1753, #1403 ) ;
#4157 = DIRECTION ( 'NONE',  ( -0.000000000000000000, -1.000000000000000000, 2.899914244479310235E-15 ) ) ;
#4158 = LINE ( 'NONE', #2932, #4375 ) ;
#4159 = ORIENTED_EDGE ( 'NONE', *, *, #4667, .T. ) ;
#4160 = ORIENTED_EDGE ( 'NONE', *, *, #1676, .F. ) ;
#4161 = ORIENTED_EDGE ( 'NONE', *, *, #3537, .F. ) ;
#4162 = LINE ( 'NONE', #2152, #1780 ) ;
#4163 = ORIENTED_EDGE ( 'NONE', *, *, #172, .T. ) ;
#4164 = DIRECTION ( 'NONE',  ( -1.000000000000000000, 0.000000000000000000, 0.000000000000000000 ) ) ;
#4165 = DIRECTION ( 'NONE',  ( 0.000000000000000000, 0.000000000000000000, -1.000000000000000000 ) ) ;
#4166 = VECTOR ( 'NONE', #2864, 1000.000000000000114 ) ;
#4167 = FACE_BOUND ( 'NONE', #1555, .T. ) ;
#4168 = CARTESIAN_POINT ( 'NONE',  ( 17.00000000000004974, -54.99999999999999289, -47.22374841615668828 ) ) ;
#4169 = DIRECTION ( 'NONE',  ( 1.000000000000000000, 0.000000000000000000, 0.000000000000000000 ) ) ;
#4170 = EDGE_LOOP ( 'NONE', ( #3162, #2601 ) ) ;
#4171 = CIRCLE ( 'NONE', #1824, 1.150000000000725109 ) ;
#4172 = DIRECTION ( 'NONE',  ( 0.000000000000000000, 0.000000000000000000, -1.000000000000000000 ) ) ;
#4173 = CARTESIAN_POINT ( 'NONE',  ( -16.48201039154661984, 9.229718588505949839, 50.00000000000000000 ) ) ;
#4174 = DIRECTION ( 'NONE',  ( 0.000000000000000000, 2.899914244479310235E-15, 1.000000000000000000 ) ) ;
#4175 = EDGE_LOOP ( 'NONE', ( #3916, #4708, #1747, #2976 ) ) ;
#4176 = ORIENTED_EDGE ( 'NONE', *, *, #1552, .F. ) ;
#4177 = EDGE_CURVE ( 'NONE', #3503, #704, #1375, .T. ) ;
#4178 = FACE_BOUND ( 'NONE', #5140, .T. ) ;
#4179 = VECTOR ( 'NONE', #1434, 1000.000000000000000 ) ;
#4180 = DIRECTION ( 'NONE',  ( -1.000000000000000000, 0.000000000000000000, 0.000000000000000000 ) ) ;
#4181 = VERTEX_POINT ( 'NONE', #3594 ) ;
#4182 = ORIENTED_EDGE ( 'NONE', *, *, #5152, .F. ) ;
#4183 = ADVANCED_FACE ( 'NONE', ( #3223 ), #464, .F. ) ;
#4184 = ADVANCED_FACE ( 'NONE', ( #5196 ), #1225, .F. ) ;
#4185 = VECTOR ( 'NONE', #5124, 1000.000000000000000 ) ;
#4186 = CARTESIAN_POINT ( 'NONE',  ( 17.00000000000000000, -100.2699999999999960, -2.774999999999996803 ) ) ;
#4187 = AXIS2_PLACEMENT_3D ( 'NONE', #1313, #2928, #4129 ) ;
#4188 = VECTOR ( 'NONE', #1361, 1000.000000000000000 ) ;
#4189 = ORIENTED_EDGE ( 'NONE', *, *, #5011, .T. ) ;
#4190 = FACE_OUTER_BOUND ( 'NONE', #716, .T. ) ;
#4191 = ORIENTED_EDGE ( 'NONE', *, *, #1168, .T. ) ;
#4192 = DIRECTION ( 'NONE',  ( 0.000000000000000000, -1.000000000000000000, -2.377407173401953017E-15 ) ) ;
#4193 = FACE_OUTER_BOUND ( 'NONE', #3781, .T. ) ;
#4194 = PLANE ( 'NONE',  #5133 ) ;
#4195 = LINE ( 'NONE', #4222, #1759 ) ;
#4196 = CARTESIAN_POINT ( 'NONE',  ( 10.00000000000000000, -50.84999999999999432, -7.074999999999997513 ) ) ;
#4197 = ORIENTED_EDGE ( 'NONE', *, *, #3546, .T. ) ;
#4198 = DIRECTION ( 'NONE',  ( -1.000000000000000000, 0.000000000000000000, 0.000000000000000000 ) ) ;
#4199 = LINE ( 'NONE', #3096, #1265 ) ;
#4200 = PLANE ( 'NONE',  #949 ) ;
#4201 = EDGE_LOOP ( 'NONE', ( #2452, #190, #1199, #4112 ) ) ;
#4202 = AXIS2_PLACEMENT_3D ( 'NONE', #4845, #849, #4003 ) ;
#4203 = EDGE_LOOP ( 'NONE', ( #2044, #4265 ) ) ;
#4204 = FACE_BOUND ( 'NONE', #4280, .T. ) ;
#4205 = EDGE_CURVE ( 'NONE', #5145, #3349, #2893, .T. ) ;
#4206 = CARTESIAN_POINT ( 'NONE',  ( 18.80000000000003979, -54.99999999999999289, -8.850000000000003197 ) ) ;
#4207 = CARTESIAN_POINT ( 'NONE',  ( 17.00000000000004619, -34.99999999999999289, 27.00000000000000000 ) ) ;
#4208 = CIRCLE ( 'NONE', #2792, 1.249999999997455813 ) ;
#4209 = ORIENTED_EDGE ( 'NONE', *, *, #1736, .T. ) ;
#4210 = CARTESIAN_POINT ( 'NONE',  ( 17.00000000000004974, -50.84999999999999432, -7.074999999999997513 ) ) ;
#4211 = AXIS2_PLACEMENT_3D ( 'NONE', #763, #1930, #1581 ) ;
#4212 = ADVANCED_FACE ( 'NONE', ( #3990 ), #1599, .F. ) ;
#4213 = ORIENTED_EDGE ( 'NONE', *, *, #2367, .T. ) ;
#4214 = VECTOR ( 'NONE', #1293, 1000.000000000000000 ) ;
#4215 = ORIENTED_EDGE ( 'NONE', *, *, #458, .F. ) ;
#4216 = DIRECTION ( 'NONE',  ( 0.7071067811865482389, -0.7071067811865469066, 0.000000000000000000 ) ) ;
#4217 = EDGE_LOOP ( 'NONE', ( #3825, #3806 ) ) ;
#4218 = AXIS2_PLACEMENT_3D ( 'NONE', #2108, #1258, #107 ) ;
#4219 = EDGE_CURVE ( 'NONE', #2530, #525, #411, .T. ) ;
#4220 = LINE ( 'NONE', #5003, #4661 ) ;
#4221 = FACE_BOUND ( 'NONE', #1990, .T. ) ;
#4222 = CARTESIAN_POINT ( 'NONE',  ( -9.999999999999998224, -117.0000000000000000, 3.350000000000000533 ) ) ;
#4223 = DIRECTION ( 'NONE',  ( -1.000000000000000000, -0.000000000000000000, 0.000000000000000000 ) ) ;
#4224 = ORIENTED_EDGE ( 'NONE', *, *, #507, .F. ) ;
#4225 = CARTESIAN_POINT ( 'NONE',  ( -1.640179080045057747, 20.48855206734722501, 27.00000000000000000 ) ) ;
#4226 = CARTESIAN_POINT ( 'NONE',  ( 17.00000000000000000, -97.00000000000000000, -54.86198126479881410 ) ) ;
#4227 = CARTESIAN_POINT ( 'NONE',  ( 18.80000000000003979, 0.000000000000000000, 0.000000000000000000 ) ) ;
#4228 = ORIENTED_EDGE ( 'NONE', *, *, #1417, .T. ) ;
#4229 = ORIENTED_EDGE ( 'NONE', *, *, #712, .F. ) ;
#4230 = CARTESIAN_POINT ( 'NONE',  ( -10.48855206734722323, 9.509820919957515883, -27.00000000000001066 ) ) ;
#4231 = CARTESIAN_POINT ( 'NONE',  ( 18.80000000000003979, -105.2999999999999829, 1.000000000000002220 ) ) ;
#4232 = VECTOR ( 'NONE', #4165, 1000.000000000000000 ) ;
#4233 = CARTESIAN_POINT ( 'NONE',  ( 4.000000000000000000, 10.00000000000000533, 30.00000000000000000 ) ) ;
#4234 = ORIENTED_EDGE ( 'NONE', *, *, #5050, .T. ) ;
#4235 = DIRECTION ( 'NONE',  ( 1.000000000000000000, 0.000000000000000000, 0.000000000000000000 ) ) ;
#4236 = VECTOR ( 'NONE', #4024, 1000.000000000000000 ) ;
#4237 = EDGE_CURVE ( 'NONE', #3841, #2935, #1625, .T. ) ;
#4238 = AXIS2_PLACEMENT_3D ( 'NONE', #2181, #150, #199 ) ;
#4239 = ORIENTED_EDGE ( 'NONE', *, *, #3031, .T. ) ;
#4240 = ORIENTED_EDGE ( 'NONE', *, *, #808, .F. ) ;
#4241 = ADVANCED_FACE ( 'NONE', ( #3426 ), #3770, .T. ) ;
#4242 = LINE ( 'NONE', #2013, #5042 ) ;
#4243 = CARTESIAN_POINT ( 'NONE',  ( -17.73201039154588798, 9.229718588505949839, 50.00000000000000000 ) ) ;
#4244 = DIRECTION ( 'NONE',  ( 0.000000000000000000, 0.000000000000000000, -1.000000000000000000 ) ) ;
#4245 = CARTESIAN_POINT ( 'NONE',  ( 11.49999999999999645, -28.99999999999999645, -35.00000000000000000 ) ) ;
#4246 = EDGE_CURVE ( 'NONE', #1140, #2100, #3315, .T. ) ;
#4247 = CARTESIAN_POINT ( 'NONE',  ( 18.80000000000003979, -97.00000000000000000, -1.000000000000035527 ) ) ;
#4248 = EDGE_CURVE ( 'NONE', #4391, #2306, #2651, .T. ) ;
#4249 = DIRECTION ( 'NONE',  ( -0.000000000000000000, -0.000000000000000000, -1.000000000000000000 ) ) ;
#4250 = EDGE_LOOP ( 'NONE', ( #5111, #1046, #2923, #1476 ) ) ;
#4251 = CARTESIAN_POINT ( 'NONE',  ( 20.00000000000000355, -97.00000000000000000, 27.00000000000000000 ) ) ;
#4252 = CARTESIAN_POINT ( 'NONE',  ( -14.00000000000000355, -26.50000000000000355, -35.00000000000000000 ) ) ;
#4253 = CARTESIAN_POINT ( 'NONE',  ( -9.999999999999918288, -56.61321960076969617, 27.00000000000000000 ) ) ;
#4254 = ORIENTED_EDGE ( 'NONE', *, *, #1865, .T. ) ;
#4255 = VERTEX_POINT ( 'NONE', #3721 ) ;
#4256 = AXIS2_PLACEMENT_3D ( 'NONE', #2659, #2370, #2733 ) ;
#4257 = DIRECTION ( 'NONE',  ( 0.000000000000000000, -1.000000000000000000, -1.387778780781450251E-14 ) ) ;
#4258 = CIRCLE ( 'NONE', #4760, 1.250000000002546852 ) ;
#4259 = LINE ( 'NONE', #1448, #2380 ) ;
#4260 = PLANE ( 'NONE',  #2094 ) ;
#4261 = EDGE_LOOP ( 'NONE', ( #4020, #1863, #1619, #2300 ) ) ;
#4262 = ORIENTED_EDGE ( 'NONE', *, *, #1936, .F. ) ;
#4263 = PLANE ( 'NONE',  #3368 ) ;
#4264 = VERTEX_POINT ( 'NONE', #2623 ) ;
#4265 = ORIENTED_EDGE ( 'NONE', *, *, #3516, .T. ) ;
#4266 = ORIENTED_EDGE ( 'NONE', *, *, #5018, .F. ) ;
#4267 = LINE ( 'NONE', #4348, #2291 ) ;
#4268 = EDGE_CURVE ( 'NONE', #2016, #2252, #1730, .T. ) ;
#4269 = VECTOR ( 'NONE', #723, 999.9999999999998863 ) ;
#4270 = CARTESIAN_POINT ( 'NONE',  ( 17.00000000000003908, -46.69999999999996021, -8.849999999999981881 ) ) ;
#4271 = CARTESIAN_POINT ( 'NONE',  ( -17.00000000000000355, -10.99999999999995737, -30.00000000000000000 ) ) ;
#4272 = CARTESIAN_POINT ( 'NONE',  ( 0.5508402964949227210, -56.61321960076969617, 27.00000000000000000 ) ) ;
#4273 = EDGE_LOOP ( 'NONE', ( #4533, #3649 ) ) ;
#4274 = CYLINDRICAL_SURFACE ( 'NONE', #4256, 1.650000000000000355 ) ;
#4275 = CARTESIAN_POINT ( 'NONE',  ( 13.99999999999999645, -21.50000000000000000, -30.00000000000000000 ) ) ;
#4276 = DIRECTION ( 'NONE',  ( -0.000000000000000000, -0.000000000000000000, -1.000000000000000000 ) ) ;
#4277 = EDGE_CURVE ( 'NONE', #3577, #3126, #4220, .T. ) ;
#4278 = EDGE_CURVE ( 'NONE', #1728, #3607, #933, .T. ) ;
#4279 = ORIENTED_EDGE ( 'NONE', *, *, #4700, .T. ) ;
#4280 = EDGE_LOOP ( 'NONE', ( #3196, #2963 ) ) ;
#4281 = DIRECTION ( 'NONE',  ( 0.000000000000000000, 0.7071067811865489050, -0.7071067811865462405 ) ) ;
#4282 = DIRECTION ( 'NONE',  ( 1.000000000000000000, 0.000000000000000000, 0.000000000000000000 ) ) ;
#4283 = EDGE_CURVE ( 'NONE', #2979, #822, #295, .T. ) ;
#4284 = FACE_BOUND ( 'NONE', #3926, .T. ) ;
#4285 = CIRCLE ( 'NONE', #1427, 1.249999999997455591 ) ;
#4286 = VECTOR ( 'NONE', #1615, 1000.000000000000000 ) ;
#4287 = ORIENTED_EDGE ( 'NONE', *, *, #3601, .T. ) ;
#4288 = EDGE_LOOP ( 'NONE', ( #695, #5094, #3759, #3184 ) ) ;
#4289 = CARTESIAN_POINT ( 'NONE',  ( 0.4901790800424890016, -0.4885520673472143471, 50.00000000000000000 ) ) ;
#4290 = VERTEX_POINT ( 'NONE', #539 ) ;
#4291 = AXIS2_PLACEMENT_3D ( 'NONE', #1875, #662, #2301 ) ;
#4292 = ORIENTED_EDGE ( 'NONE', *, *, #329, .F. ) ;
#4293 = ORIENTED_EDGE ( 'NONE', *, *, #17, .T. ) ;
#4294 = CYLINDRICAL_SURFACE ( 'NONE', #1769, 1.150000000000725109 ) ;
#4295 = AXIS2_PLACEMENT_3D ( 'NONE', #3731, #2953, #3231 ) ;
#4296 = AXIS2_PLACEMENT_3D ( 'NONE', #4036, #1222, #908 ) ;
#4297 = CARTESIAN_POINT ( 'NONE',  ( 11.50000000000000000, -28.99999999999999289, 27.00000000000000000 ) ) ;
#4298 = DIRECTION ( 'NONE',  ( 0.000000000000000000, 0.000000000000000000, -1.000000000000000000 ) ) ;
#4299 = AXIS2_PLACEMENT_3D ( 'NONE', #2800, #3039, #1559 ) ;
#4300 = CYLINDRICAL_SURFACE ( 'NONE', #2175, 1.249999999999267253 ) ;
#4301 = ORIENTED_EDGE ( 'NONE', *, *, #4512, .F. ) ;
#4302 = EDGE_CURVE ( 'NONE', #5120, #1850, #2522, .T. ) ;
#4303 = DIRECTION ( 'NONE',  ( 0.000000000000000000, 0.000000000000000000, -1.000000000000000000 ) ) ;
#4304 = CARTESIAN_POINT ( 'NONE',  ( 17.00000000000003908, -105.3000000000000540, 10.85000000000000142 ) ) ;
#4305 = CARTESIAN_POINT ( 'NONE',  ( 18.80000000000003979, -105.3000000000000540, 10.85000000000000142 ) ) ;
#4306 = ORIENTED_EDGE ( 'NONE', *, *, #684, .T. ) ;
#4307 = ORIENTED_EDGE ( 'NONE', *, *, #675, .F. ) ;
#4308 = FACE_OUTER_BOUND ( 'NONE', #2404, .T. ) ;
#4309 = EDGE_CURVE ( 'NONE', #447, #2567, #2566, .T. ) ;
#4310 = CARTESIAN_POINT ( 'NONE',  ( 0.7702814114940549350, -6.482010391546610961, 50.00000000000000000 ) ) ;
#4311 = DIRECTION ( 'NONE',  ( 0.000000000000000000, 0.000000000000000000, -1.000000000000000000 ) ) ;
#4312 = ORIENTED_EDGE ( 'NONE', *, *, #1745, .F. ) ;
#4313 = VERTEX_POINT ( 'NONE', #565 ) ;
#4314 = CARTESIAN_POINT ( 'NONE',  ( 20.00000000000000000, -100.2699999999999960, -16.92500000000000426 ) ) ;
#4315 = DIRECTION ( 'NONE',  ( 0.000000000000000000, 0.000000000000000000, 1.000000000000000000 ) ) ;
#4316 = ADVANCED_FACE ( 'NONE', ( #3745 ), #1377, .F. ) ;
#4317 = EDGE_CURVE ( 'NONE', #4703, #1364, #1216, .T. ) ;
#4318 = EDGE_LOOP ( 'NONE', ( #3497, #555, #4106, #2558 ) ) ;
#4319 = ORIENTED_EDGE ( 'NONE', *, *, #904, .T. ) ;
#4320 = ORIENTED_EDGE ( 'NONE', *, *, #842, .T. ) ;
#4321 = VECTOR ( 'NONE', #4909, 1000.000000000000000 ) ;
#4322 = DIRECTION ( 'NONE',  ( 1.284980352575412453E-16, 0.000000000000000000, -1.000000000000000000 ) ) ;
#4323 = ORIENTED_EDGE ( 'NONE', *, *, #653, .T. ) ;
#4324 = FACE_OUTER_BOUND ( 'NONE', #1878, .T. ) ;
#4325 = DIRECTION ( 'NONE',  ( -1.000000000000000000, 0.000000000000000000, 0.000000000000000000 ) ) ;
#4326 = FACE_BOUND ( 'NONE', #4449, .T. ) ;
#4327 = ORIENTED_EDGE ( 'NONE', *, *, #3087, .F. ) ;
#4328 = DIRECTION ( 'NONE',  ( -1.000000000000000000, 0.000000000000000000, -1.284980352575412453E-16 ) ) ;
#4329 = DIRECTION ( 'NONE',  ( 0.000000000000000000, 0.000000000000000000, -1.000000000000000000 ) ) ;
#4330 = EDGE_LOOP ( 'NONE', ( #2213, #377 ) ) ;
#4331 = CARTESIAN_POINT ( 'NONE',  ( -17.73201039154588798, 9.229718588505949839, 50.00000000000000000 ) ) ;
#4332 = LINE ( 'NONE', #2297, #1447 ) ;
#4333 = DIRECTION ( 'NONE',  ( -0.000000000000000000, -0.000000000000000000, -1.000000000000000000 ) ) ;
#4334 = ADVANCED_FACE ( 'NONE', ( #958 ), #222, .F. ) ;
#4335 = CIRCLE ( 'NONE', #560, 2.149999999999999023 ) ;
#4336 = ORIENTED_EDGE ( 'NONE', *, *, #3151, .F. ) ;
#4337 = ORIENTED_EDGE ( 'NONE', *, *, #2135, .T. ) ;
#4338 = CARTESIAN_POINT ( 'NONE',  ( -0.7702814114940569334, 26.48201039154662340, 50.00000000000000000 ) ) ;
#4339 = FACE_OUTER_BOUND ( 'NONE', #992, .T. ) ;
#4340 = AXIS2_PLACEMENT_3D ( 'NONE', #2010, #3529, #2746 ) ;
#4341 = CARTESIAN_POINT ( 'NONE',  ( 0.6598209199600770791, 20.48855206734722501, -27.00000000000001066 ) ) ;
#4342 = ORIENTED_EDGE ( 'NONE', *, *, #490, .F. ) ;
#4343 = EDGE_CURVE ( 'NONE', #2479, #318, #3040, .T. ) ;
#4344 = EDGE_CURVE ( 'NONE', #2376, #1347, #5080, .T. ) ;
#4345 = ORIENTED_EDGE ( 'NONE', *, *, #2809, .F. ) ;
#4346 = ORIENTED_EDGE ( 'NONE', *, *, #4219, .F. ) ;
#4347 = VECTOR ( 'NONE', #3945, 1000.000000000000000 ) ;
#4348 = CARTESIAN_POINT ( 'NONE',  ( 3.000000000000039080, -43.49999999999999289, 27.00000000000000000 ) ) ;
#4349 = ORIENTED_EDGE ( 'NONE', *, *, #4277, .F. ) ;
#4350 = CARTESIAN_POINT ( 'NONE',  ( 17.73201039154735170, 10.77028141149406260, -27.00000000000001066 ) ) ;
#4351 = FACE_OUTER_BOUND ( 'NONE', #2412, .T. ) ;
#4352 = VECTOR ( 'NONE', #3863, 1000.000000000000114 ) ;
#4353 = CYLINDRICAL_SURFACE ( 'NONE', #998, 1.650000000000000355 ) ;
#4354 = ORIENTED_EDGE ( 'NONE', *, *, #2432, .F. ) ;
#4355 = DIRECTION ( 'NONE',  ( 1.284980352575412453E-16, 0.000000000000000000, -1.000000000000000000 ) ) ;
#4356 = VECTOR ( 'NONE', #2446, 1000.000000000000000 ) ;
#4357 = CARTESIAN_POINT ( 'NONE',  ( 0.000000000000000000, 10.00000000000000533, 49.99999999999998579 ) ) ;
#4358 = AXIS2_PLACEMENT_3D ( 'NONE', #278, #698, #4325 ) ;
#4359 = DIRECTION ( 'NONE',  ( -0.000000000000000000, -0.000000000000000000, 1.000000000000000000 ) ) ;
#4360 = DIRECTION ( 'NONE',  ( 0.000000000000000000, 0.000000000000000000, 1.000000000000000000 ) ) ;
#4361 = ORIENTED_EDGE ( 'NONE', *, *, #911, .T. ) ;
#4362 = EDGE_LOOP ( 'NONE', ( #3757, #2140, #2993, #5127 ) ) ;
#4363 = ORIENTED_EDGE ( 'NONE', *, *, #3981, .T. ) ;
#4364 = CARTESIAN_POINT ( 'NONE',  ( -17.00000000000000355, -10.99999999999995737, 27.00000000000000000 ) ) ;
#4365 = LINE ( 'NONE', #398, #4236 ) ;
#4366 = EDGE_CURVE ( 'NONE', #2091, #178, #2571, .T. ) ;
#4367 = VECTOR ( 'NONE', #2051, 1000.000000000000000 ) ;
#4368 = LINE ( 'NONE', #765, #272 ) ;
#4369 = ORIENTED_EDGE ( 'NONE', *, *, #3123, .F. ) ;
#4370 = EDGE_LOOP ( 'NONE', ( #1818, #2829 ) ) ;
#4371 = VERTEX_POINT ( 'NONE', #4563 ) ;
#4372 = VECTOR ( 'NONE', #3658, 1000.000000000000000 ) ;
#4373 = PLANE ( 'NONE',  #3698 ) ;
#4374 = EDGE_CURVE ( 'NONE', #2376, #2511, #174, .T. ) ;
#4375 = VECTOR ( 'NONE', #1294, 1000.000000000000000 ) ;
#4376 = VECTOR ( 'NONE', #722, 1000.000000000000000 ) ;
#4377 = ORIENTED_EDGE ( 'NONE', *, *, #3447, .F. ) ;
#4378 = DIRECTION ( 'NONE',  ( -0.000000000000000000, -0.000000000000000000, 1.000000000000000000 ) ) ;
#4379 = DIRECTION ( 'NONE',  ( -0.7071067811865477948, -0.7071067811865473507, -0.000000000000000000 ) ) ;
#4380 = VECTOR ( 'NONE', #3194, 1000.000000000000000 ) ;
#4381 = DIRECTION ( 'NONE',  ( 0.000000000000000000, 0.000000000000000000, 1.000000000000000000 ) ) ;
#4382 = VERTEX_POINT ( 'NONE', #4585 ) ;
#4383 = ADVANCED_FACE ( 'NONE', ( #4193 ), #2207, .F. ) ;
#4384 = DIRECTION ( 'NONE',  ( 0.000000000000000000, -1.000000000000000000, 6.270084852928195306E-16 ) ) ;
#4385 = DIRECTION ( 'NONE',  ( 1.000000000000000000, 0.000000000000000000, 0.000000000000000000 ) ) ;
#4386 = AXIS2_PLACEMENT_3D ( 'NONE', #685, #3994, #4681 ) ;
#4387 = FACE_OUTER_BOUND ( 'NONE', #4765, .T. ) ;
#4388 = LINE ( 'NONE', #1257, #4777 ) ;
#4389 = FACE_OUTER_BOUND ( 'NONE', #205, .T. ) ;
#4390 = VERTEX_POINT ( 'NONE', #3846 ) ;
#4391 = VERTEX_POINT ( 'NONE', #1460 ) ;
#4392 = DIRECTION ( 'NONE',  ( 1.000000000000000000, 1.734723475976806848E-16, 0.000000000000000000 ) ) ;
#4393 = CARTESIAN_POINT ( 'NONE',  ( 20.00000000000000000, -117.0000000000000000, -5.000000000000000000 ) ) ;
#4394 = LINE ( 'NONE', #1212, #3968 ) ;
#4395 = EDGE_LOOP ( 'NONE', ( #700, #3505, #2305, #2910 ) ) ;
#4396 = ADVANCED_FACE ( 'NONE', ( #641 ), #5061, .F. ) ;
#4397 = ORIENTED_EDGE ( 'NONE', *, *, #4205, .T. ) ;
#4398 = CARTESIAN_POINT ( 'NONE',  ( 4.000000000000000000, 10.00000000000000533, -30.00000000000000000 ) ) ;
#4399 = DIRECTION ( 'NONE',  ( 0.000000000000000000, 0.000000000000000000, -1.000000000000000000 ) ) ;
#4400 = AXIS2_PLACEMENT_3D ( 'NONE', #1810, #1735, #4595 ) ;
#4401 = ADVANCED_FACE ( 'NONE', ( #2256 ), #250, .F. ) ;
#4402 = ORIENTED_EDGE ( 'NONE', *, *, #4026, .F. ) ;
#4403 = CARTESIAN_POINT ( 'NONE',  ( 18.80000000000003979, -54.99999999999999289, -1.000000000000029532 ) ) ;
#4404 = DIRECTION ( 'NONE',  ( -0.000000000000000000, -0.000000000000000000, 1.000000000000000000 ) ) ;
#4405 = LINE ( 'NONE', #2415, #1505 ) ;
#4406 = VERTEX_POINT ( 'NONE', #151 ) ;
#4407 = AXIS2_PLACEMENT_3D ( 'NONE', #2989, #2967, #1431 ) ;
#4408 = LINE ( 'NONE', #1201, #3164 ) ;
#4409 = FACE_OUTER_BOUND ( 'NONE', #2097, .T. ) ;
#4410 = EDGE_CURVE ( 'NONE', #1144, #4522, #200, .T. ) ;
#4411 = EDGE_CURVE ( 'NONE', #1884, #4072, #1379, .T. ) ;
#4412 = DIRECTION ( 'NONE',  ( -0.000000000000000000, -1.000000000000000000, 2.899914244479310235E-15 ) ) ;
#4413 = CARTESIAN_POINT ( 'NONE',  ( 18.80000000000003979, -54.99999999999999289, 8.850000000000003197 ) ) ;
#4414 = LINE ( 'NONE', #1628, #3599 ) ;
#4415 = CARTESIAN_POINT ( 'NONE',  ( -15.35000000000000142, -30.99999999999995737, 39.99999999999999289 ) ) ;
#4416 = ORIENTED_EDGE ( 'NONE', *, *, #1125, .T. ) ;
#4417 = VERTEX_POINT ( 'NONE', #3746 ) ;
#4418 = ORIENTED_EDGE ( 'NONE', *, *, #843, .T. ) ;
#4419 = LINE ( 'NONE', #2721, #3965 ) ;
#4420 = LINE ( 'NONE', #2745, #2149 ) ;
#4421 = DIRECTION ( 'NONE',  ( 1.000000000000000000, 0.000000000000000000, 0.000000000000000000 ) ) ;
#4422 = ORIENTED_EDGE ( 'NONE', *, *, #4283, .T. ) ;
#4423 = ORIENTED_EDGE ( 'NONE', *, *, #624, .F. ) ;
#4424 = CARTESIAN_POINT ( 'NONE',  ( 4.000000000000000000, 10.00000000000000533, 49.99999999999998579 ) ) ;
#4425 = AXIS2_PLACEMENT_3D ( 'NONE', #1734, #4172, #3434 ) ;
#4426 = LINE ( 'NONE', #432, #4154 ) ;
#4427 = ORIENTED_EDGE ( 'NONE', *, *, #3158, .F. ) ;
#4428 = CARTESIAN_POINT ( 'NONE',  ( 17.00000000000000000, -120.0000000000000000, -54.86198126479881410 ) ) ;
#4429 = DIRECTION ( 'NONE',  ( -0.000000000000000000, -1.000000000000000000, -0.000000000000000000 ) ) ;
#4430 = EDGE_LOOP ( 'NONE', ( #4953, #1319 ) ) ;
#4431 = VECTOR ( 'NONE', #2992, 1000.000000000000000 ) ;
#4432 = EDGE_CURVE ( 'NONE', #4891, #2429, #2904, .T. ) ;
#4433 = CARTESIAN_POINT ( 'NONE',  ( -9.338552067347947627, 9.509820919957515883, 30.00000000000000000 ) ) ;
#4434 = CARTESIAN_POINT ( 'NONE',  ( 13.00000000000000178, -115.9999999999999858, 62.00000000000000000 ) ) ;
#4435 = AXIS2_PLACEMENT_3D ( 'NONE', #2637, #4257, #3468 ) ;
#4436 = CARTESIAN_POINT ( 'NONE',  ( 17.00000000000003908, -105.2999999999999829, 1.000000000000002220 ) ) ;
#4437 = DIRECTION ( 'NONE',  ( -1.000000000000000000, -1.734723475976807341E-16, -0.000000000000000000 ) ) ;
#4438 = EDGE_CURVE ( 'NONE', #660, #2427, #1754, .T. ) ;
#4439 = DIRECTION ( 'NONE',  ( 0.7071067811865461294, 0.7071067811865490160, 0.000000000000000000 ) ) ;
#4440 = DIRECTION ( 'NONE',  ( 0.7071067811865482389, 0.7071067811865469066, 0.000000000000000000 ) ) ;
#4441 = ORIENTED_EDGE ( 'NONE', *, *, #2684, .T. ) ;
#4442 = ORIENTED_EDGE ( 'NONE', *, *, #2059, .T. ) ;
#4443 = VECTOR ( 'NONE', #594, 1000.000000000000000 ) ;
#4444 = DIRECTION ( 'NONE',  ( -0.000000000000000000, -0.000000000000000000, -1.000000000000000000 ) ) ;
#4445 = CARTESIAN_POINT ( 'NONE',  ( 0.000000000000000000, 10.00000000000000533, -26.99999999999999645 ) ) ;
#4446 = EDGE_CURVE ( 'NONE', #2435, #3492, #1804, .T. ) ;
#4447 = DIRECTION ( 'NONE',  ( 1.000000000000000000, 0.000000000000000000, 0.000000000000000000 ) ) ;
#4448 = ORIENTED_EDGE ( 'NONE', *, *, #4344, .T. ) ;
#4449 = EDGE_LOOP ( 'NONE', ( #3715, #4852 ) ) ;
#4450 = CARTESIAN_POINT ( 'NONE',  ( 20.00000000000000000, -117.0000000000000000, 5.000000000000000000 ) ) ;
#4451 = VECTOR ( 'NONE', #1262, 1000.000000000000000 ) ;
#4452 = CARTESIAN_POINT ( 'NONE',  ( -0.7702814114940569334, 26.48201039154662340, 27.00000000000000000 ) ) ;
#4453 = AXIS2_PLACEMENT_3D ( 'NONE', #2996, #598, #3776 ) ;
#4454 = ORIENTED_EDGE ( 'NONE', *, *, #800, .T. ) ;
#4455 = CARTESIAN_POINT ( 'NONE',  ( 9.000000000000017764, 30.00000000000000711, -27.00000000000000355 ) ) ;
#4456 = DIRECTION ( 'NONE',  ( 0.000000000000000000, 0.000000000000000000, -1.000000000000000000 ) ) ;
#4457 = ORIENTED_EDGE ( 'NONE', *, *, #4856, .F. ) ;
#4458 = DIRECTION ( 'NONE',  ( -1.000000000000000000, -0.000000000000000000, -0.000000000000000000 ) ) ;
#4459 = DIRECTION ( 'NONE',  ( -0.000000000000000000, -0.000000000000000000, -1.000000000000000000 ) ) ;
#4460 = CIRCLE ( 'NONE', #4798, 1.250000000002546852 ) ;
#4461 = ADVANCED_FACE ( 'NONE', ( #175 ), #3429, .F. ) ;
#4462 = LINE ( 'NONE', #4833, #2768 ) ;
#4463 = DIRECTION ( 'NONE',  ( 0.000000000000000000, 0.000000000000000000, -1.000000000000000000 ) ) ;
#4464 = AXIS2_PLACEMENT_3D ( 'NONE', #1532, #1984, #4815 ) ;
#4465 = LINE ( 'NONE', #3356, #410 ) ;
#4466 = CIRCLE ( 'NONE', #3370, 1.649999999999999467 ) ;
#4467 = DIRECTION ( 'NONE',  ( 0.7071067811865492381, 0.7071067811865457964, 0.000000000000000000 ) ) ;
#4468 = ORIENTED_EDGE ( 'NONE', *, *, #135, .T. ) ;
#4469 = ORIENTED_EDGE ( 'NONE', *, *, #3158, .T. ) ;
#4470 = EDGE_CURVE ( 'NONE', #3713, #478, #3041, .T. ) ;
#4471 = VERTEX_POINT ( 'NONE', #226 ) ;
#4472 = DIRECTION ( 'NONE',  ( 0.000000000000000000, 0.000000000000000000, -1.000000000000000000 ) ) ;
#4473 = CARTESIAN_POINT ( 'NONE',  ( 18.80000000000003979, -105.3000000000000256, 8.850000000000008527 ) ) ;
#4474 = VECTOR ( 'NONE', #3469, 1000.000000000000000 ) ;
#4475 = DIRECTION ( 'NONE',  ( -1.000000000000000000, 0.000000000000000000, 0.000000000000000000 ) ) ;
#4476 = EDGE_LOOP ( 'NONE', ( #1311, #167 ) ) ;
#4477 = ORIENTED_EDGE ( 'NONE', *, *, #413, .T. ) ;
#4478 = ADVANCED_FACE ( 'NONE', ( #2233 ), #3015, .F. ) ;
#4479 = EDGE_CURVE ( 'NONE', #796, #4494, #1356, .T. ) ;
#4480 = DIRECTION ( 'NONE',  ( -1.000000000000000000, 0.000000000000000000, 0.000000000000000000 ) ) ;
#4481 = CARTESIAN_POINT ( 'NONE',  ( 9.000000000000017764, 30.00000000000000711, -30.00000000000000000 ) ) ;
#4482 = ORIENTED_EDGE ( 'NONE', *, *, #3277, .T. ) ;
#4483 = DIRECTION ( 'NONE',  ( -0.000000000000000000, -0.000000000000000000, 1.000000000000000000 ) ) ;
#4484 = LINE ( 'NONE', #4827, #1355 ) ;
#4485 = ORIENTED_EDGE ( 'NONE', *, *, #3113, .F. ) ;
#4486 = VECTOR ( 'NONE', #2074, 1000.000000000000000 ) ;
#4487 = DIRECTION ( 'NONE',  ( -1.000000000000000000, -1.734723475976807341E-16, -0.000000000000000000 ) ) ;
#4488 = DIRECTION ( 'NONE',  ( 0.7071067811865489050, -0.7071067811865460184, -0.000000000000000000 ) ) ;
#4489 = CARTESIAN_POINT ( 'NONE',  ( 17.00000000000004974, -50.84999999999999432, -2.775000000000000355 ) ) ;
#4490 = AXIS2_PLACEMENT_3D ( 'NONE', #912, #2130, #124 ) ;
#4491 = DIRECTION ( 'NONE',  ( 1.000000000000000000, 0.000000000000000000, 0.000000000000000000 ) ) ;
#4492 = DIRECTION ( 'NONE',  ( -0.000000000000000000, -0.000000000000000000, 1.000000000000000000 ) ) ;
#4493 = DIRECTION ( 'NONE',  ( 1.000000000000000000, 0.000000000000000000, 0.000000000000000000 ) ) ;
#4494 = VERTEX_POINT ( 'NONE', #1010 ) ;
#4495 = ORIENTED_EDGE ( 'NONE', *, *, #1094, .T. ) ;
#4496 = ORIENTED_EDGE ( 'NONE', *, *, #3238, .F. ) ;
#4497 = DIRECTION ( 'NONE',  ( -1.000000000000000000, -0.000000000000000000, -0.000000000000000000 ) ) ;
#4498 = FACE_OUTER_BOUND ( 'NONE', #3359, .T. ) ;
#4499 = EDGE_CURVE ( 'NONE', #3728, #4417, #3822, .T. ) ;
#4500 = DIRECTION ( 'NONE',  ( 0.000000000000000000, -6.938893903907258354E-15, -1.000000000000000000 ) ) ;
#4501 = PLANE ( 'NONE',  #3292 ) ;
#4502 = ORIENTED_EDGE ( 'NONE', *, *, #1995, .T. ) ;
#4503 = DIRECTION ( 'NONE',  ( -0.000000000000000000, -0.000000000000000000, 1.000000000000000000 ) ) ;
#4504 = EDGE_CURVE ( 'NONE', #4371, #506, #3722, .T. ) ;
#4505 = ORIENTED_EDGE ( 'NONE', *, *, #928, .T. ) ;
#4506 = ADVANCED_FACE ( 'NONE', ( #4959, #620, #2598, #2209, #4221, #1731, #540, #2156, #4933, #4540, #566, #4167, #2182, #3771, #3378, #4982, #2990 ), #4194, .F. ) ;
#4507 = CIRCLE ( 'NONE', #2419, 4.000000000000000000 ) ;
#4508 = VERTEX_POINT ( 'NONE', #1912 ) ;
#4509 = LINE ( 'NONE', #21, #102 ) ;
#4510 = VECTOR ( 'NONE', #4543, 1000.000000000000000 ) ;
#4511 = VERTEX_POINT ( 'NONE', #4270 ) ;
#4512 = EDGE_CURVE ( 'NONE', #3192, #2047, #3849, .T. ) ;
#4513 =( NAMED_UNIT ( * ) SI_UNIT ( $, .STERADIAN. ) SOLID_ANGLE_UNIT ( ) );
#4514 = VECTOR ( 'NONE', #3210, 1000.000000000000000 ) ;
#4515 = CARTESIAN_POINT ( 'NONE',  ( -11.50000000000000533, -19.00000000000000355, -27.00000000000000355 ) ) ;
#4516 = DIRECTION ( 'NONE',  ( 1.000000000000000000, 0.000000000000000000, 0.000000000000000000 ) ) ;
#4517 = CIRCLE ( 'NONE', #3840, 1.150000000002567413 ) ;
#4518 = LINE ( 'NONE', #940, #477 ) ;
#4519 = CYLINDRICAL_SURFACE ( 'NONE', #4425, 1.650000000000000355 ) ;
#4520 = LINE ( 'NONE', #2897, #779 ) ;
#4521 = ORIENTED_EDGE ( 'NONE', *, *, #2648, .F. ) ;
#4522 = VERTEX_POINT ( 'NONE', #3540 ) ;
#4523 = ORIENTED_EDGE ( 'NONE', *, *, #2302, .T. ) ;
#4524 = FACE_OUTER_BOUND ( 'NONE', #2504, .T. ) ;
#4525 = DIRECTION ( 'NONE',  ( 1.000000000000000000, 0.000000000000000000, 0.000000000000000000 ) ) ;
#4526 = LINE ( 'NONE', #4841, #3876 ) ;
#4527 = DIRECTION ( 'NONE',  ( 1.000000000000000000, 0.000000000000000000, -0.000000000000000000 ) ) ;
#4528 = CIRCLE ( 'NONE', #4105, 1.650000000000000355 ) ;
#4529 = AXIS2_PLACEMENT_3D ( 'NONE', #2703, #2363, #1855 ) ;
#4530 = VERTEX_POINT ( 'NONE', #251 ) ;
#4531 = EDGE_CURVE ( 'NONE', #4878, #1540, #1940, .T. ) ;
#4532 = ORIENTED_EDGE ( 'NONE', *, *, #1161, .F. ) ;
#4533 = ORIENTED_EDGE ( 'NONE', *, *, #1770, .F. ) ;
#4534 = EDGE_CURVE ( 'NONE', #848, #736, #5141, .T. ) ;
#4535 = DIRECTION ( 'NONE',  ( 1.000000000000000000, 0.000000000000000000, 0.000000000000000000 ) ) ;
#4536 = VERTEX_POINT ( 'NONE', #5087 ) ;
#4537 = DIRECTION ( 'NONE',  ( 0.000000000000000000, 1.000000000000000000, 0.000000000000000000 ) ) ;
#4538 = AXIS2_PLACEMENT_3D ( 'NONE', #4068, #1284, #2867 ) ;
#4539 = DIRECTION ( 'NONE',  ( 0.000000000000000000, -1.000000000000000000, 0.000000000000000000 ) ) ;
#4540 = FACE_BOUND ( 'NONE', #1169, .T. ) ;
#4541 = EDGE_CURVE ( 'NONE', #4313, #4522, #2362, .T. ) ;
#4542 = DIRECTION ( 'NONE',  ( 0.000000000000000000, 0.000000000000000000, 1.000000000000000000 ) ) ;
#4543 = DIRECTION ( 'NONE',  ( 0.000000000000000000, 0.000000000000000000, -1.000000000000000000 ) ) ;
#4544 = LINE ( 'NONE', #154, #3345 ) ;
#4545 = CARTESIAN_POINT ( 'NONE',  ( 11.35000000000000320, -115.9999999999999858, 27.00000000000000000 ) ) ;
#4546 = VERTEX_POINT ( 'NONE', #3167 ) ;
#4547 = ORIENTED_EDGE ( 'NONE', *, *, #4752, .F. ) ;
#4548 = AXIS2_PLACEMENT_3D ( 'NONE', #3241, #20, #4879 ) ;
#4549 = DIRECTION ( 'NONE',  ( -0.000000000000000000, -0.000000000000000000, 1.000000000000000000 ) ) ;
#4550 = DIRECTION ( 'NONE',  ( -1.000000000000000000, 0.000000000000000000, 0.000000000000000000 ) ) ;
#4551 = AXIS2_PLACEMENT_3D ( 'NONE', #2752, #2281, #1083 ) ;
#4552 = DIRECTION ( 'NONE',  ( 0.000000000000000000, 0.000000000000000000, -1.000000000000000000 ) ) ;
#4553 = FACE_OUTER_BOUND ( 'NONE', #5132, .T. ) ;
#4554 = VERTEX_POINT ( 'NONE', #1541 ) ;
#4555 = CIRCLE ( 'NONE', #2042, 1.149999999997434852 ) ;
#4556 = ORIENTED_EDGE ( 'NONE', *, *, #399, .T. ) ;
#4557 = AXIS2_PLACEMENT_3D ( 'NONE', #341, #2767, #4360 ) ;
#4558 = EDGE_CURVE ( 'NONE', #97, #654, #3364, .T. ) ;
#4559 = EDGE_LOOP ( 'NONE', ( #292, #2723, #2279, #2334 ) ) ;
#4560 = CARTESIAN_POINT ( 'NONE',  ( -8.999999999999962697, 30.00000000000000711, -30.00000000000000000 ) ) ;
#4561 = ORIENTED_EDGE ( 'NONE', *, *, #2974, .T. ) ;
#4562 = DIRECTION ( 'NONE',  ( 0.000000000000000000, 0.000000000000000000, 1.000000000000000000 ) ) ;
#4563 = CARTESIAN_POINT ( 'NONE',  ( 20.00000000000000000, 18.99999999999996803, -30.00000000000000000 ) ) ;
#4564 = EDGE_CURVE ( 'NONE', #84, #14, #4963, .T. ) ;
#4565 = DIRECTION ( 'NONE',  ( -1.000000000000000000, -1.734723475976807341E-16, -0.000000000000000000 ) ) ;
#4566 = CYLINDRICAL_SURFACE ( 'NONE', #80, 1.650000000000000355 ) ;
#4567 = LINE ( 'NONE', #3382, #4179 ) ;
#4568 = FACE_OUTER_BOUND ( 'NONE', #1657, .T. ) ;
#4569 = DIRECTION ( 'NONE',  ( 0.000000000000000000, 0.000000000000000000, 1.000000000000000000 ) ) ;
#4570 = ADVANCED_FACE ( 'NONE', ( #4324 ), #3456, .F. ) ;
#4571 = EDGE_CURVE ( 'NONE', #1259, #3309, #4208, .T. ) ;
#4572 = VECTOR ( 'NONE', #1861, 1000.000000000000000 ) ;
#4573 = ORIENTED_EDGE ( 'NONE', *, *, #3248, .T. ) ;
#4574 = VERTEX_POINT ( 'NONE', #4297 ) ;
#4575 = CARTESIAN_POINT ( 'NONE',  ( -0.7702814114940569334, 26.48201039154662340, -27.00000000000001066 ) ) ;
#4576 = DIRECTION ( 'NONE',  ( -1.000000000000000000, -0.000000000000000000, -0.000000000000000000 ) ) ;
#4577 = CARTESIAN_POINT ( 'NONE',  ( -0.6598209199549457393, -0.4885520673472144582, 27.00000000000000000 ) ) ;
#4578 = ORIENTED_EDGE ( 'NONE', *, *, #4558, .F. ) ;
#4579 = DIRECTION ( 'NONE',  ( -0.000000000000000000, -0.000000000000000000, -1.000000000000000000 ) ) ;
#4580 = EDGE_LOOP ( 'NONE', ( #484, #3624 ) ) ;
#4581 = ORIENTED_EDGE ( 'NONE', *, *, #4438, .F. ) ;
#4582 = DIRECTION ( 'NONE',  ( 0.000000000000000000, -6.938893903907258354E-15, -1.000000000000000000 ) ) ;
#4583 = VERTEX_POINT ( 'NONE', #1061 ) ;
#4584 = DIRECTION ( 'NONE',  ( 1.000000000000000000, 0.000000000000000000, 0.000000000000000000 ) ) ;
#4585 = CARTESIAN_POINT ( 'NONE',  ( -15.35000000000000497, -0.9999999999999574785, 27.00000000000000000 ) ) ;
#4586 = AXIS2_PLACEMENT_3D ( 'NONE', #2239, #3331, #1808 ) ;
#4587 = CARTESIAN_POINT ( 'NONE',  ( -19.99999999999999645, -49.99999999999997868, 27.00000000000000000 ) ) ;
#4588 = CARTESIAN_POINT ( 'NONE',  ( 17.00000000000000000, -117.0000000000000000, -6.649999999999999467 ) ) ;
#4589 = DIRECTION ( 'NONE',  ( -0.000000000000000000, -0.000000000000000000, 1.000000000000000000 ) ) ;
#4590 = VERTEX_POINT ( 'NONE', #277 ) ;
#4591 = ADVANCED_FACE ( 'NONE', ( #1086 ), #1565, .F. ) ;
#4592 = AXIS2_PLACEMENT_3D ( 'NONE', #3605, #2652, #1185 ) ;
#4593 = DIRECTION ( 'NONE',  ( 1.000000000000000000, 0.000000000000000000, 0.000000000000000000 ) ) ;
#4594 = CARTESIAN_POINT ( 'NONE',  ( -9.338552067347947627, 9.509820919957515883, 27.00000000000000000 ) ) ;
#4595 = DIRECTION ( 'NONE',  ( 1.000000000000000000, 0.000000000000000000, 0.000000000000000000 ) ) ;
#4596 = ORIENTED_EDGE ( 'NONE', *, *, #1344, .T. ) ;
#4597 = ORIENTED_EDGE ( 'NONE', *, *, #4317, .F. ) ;
#4598 = FACE_OUTER_BOUND ( 'NONE', #5101, .T. ) ;
#4599 = EDGE_CURVE ( 'NONE', #30, #3311, #645, .T. ) ;
#4600 = CARTESIAN_POINT ( 'NONE',  ( -9.338552067347947627, 9.509820919957515883, -30.00000000000000000 ) ) ;
#4601 = LINE ( 'NONE', #1316, #521 ) ;
#4602 = ORIENTED_EDGE ( 'NONE', *, *, #2009, .T. ) ;
#4603 = VECTOR ( 'NONE', #3443, 1000.000000000000000 ) ;
#4604 = DIRECTION ( 'NONE',  ( 0.7071067811865457964, -0.7071067811865492381, -0.000000000000000000 ) ) ;
#4605 = AXIS2_PLACEMENT_3D ( 'NONE', #894, #2507, #2852 ) ;
#4606 = EDGE_CURVE ( 'NONE', #2720, #4672, #2335, .T. ) ;
#4607 = CIRCLE ( 'NONE', #1589, 2.149999999999995470 ) ;
#4608 = ORIENTED_EDGE ( 'NONE', *, *, #5051, .F. ) ;
#4609 = VECTOR ( 'NONE', #4647, 1000.000000000000000 ) ;
#4610 = DIRECTION ( 'NONE',  ( -1.000000000000000000, -0.000000000000000000, -0.000000000000000000 ) ) ;
#4611 = ORIENTED_EDGE ( 'NONE', *, *, #1717, .F. ) ;
#4612 = FILL_AREA_STYLE_COLOUR ( '', #4762 ) ;
#4613 = DIRECTION ( 'NONE',  ( -0.000000000000000000, -1.000000000000000000, -0.000000000000000000 ) ) ;
#4614 = VECTOR ( 'NONE', #2141, 1000.000000000000000 ) ;
#4615 = DIRECTION ( 'NONE',  ( 0.000000000000000000, 0.000000000000000000, -1.000000000000000000 ) ) ;
#4616 = DIRECTION ( 'NONE',  ( 0.000000000000000000, 0.000000000000000000, -1.000000000000000000 ) ) ;
#4617 = CARTESIAN_POINT ( 'NONE',  ( 20.00000000000004263, -34.99999999999999289, -27.00000000000001066 ) ) ;
#4618 = ORIENTED_EDGE ( 'NONE', *, *, #873, .T. ) ;
#4619 = DIRECTION ( 'NONE',  ( 1.000000000000000000, 1.734723475976807341E-16, 0.000000000000000000 ) ) ;
#4620 = CARTESIAN_POINT ( 'NONE',  ( -14.00000000000000355, -26.50000000000000355, -27.00000000000000355 ) ) ;
#4621 = DIRECTION ( 'NONE',  ( 1.000000000000000000, 0.000000000000000000, -0.000000000000000000 ) ) ;
#4622 = ADVANCED_FACE ( 'NONE', ( #4772 ), #752, .F. ) ;
#4623 = ORIENTED_EDGE ( 'NONE', *, *, #4926, .F. ) ;
#4624 = VECTOR ( 'NONE', #92, 1000.000000000000000 ) ;
#4625 = VECTOR ( 'NONE', #1906, 1000.000000000000000 ) ;
#4626 = ORIENTED_EDGE ( 'NONE', *, *, #719, .T. ) ;
#4627 = DIRECTION ( 'NONE',  ( 0.000000000000000000, 0.000000000000000000, 1.000000000000000000 ) ) ;
#4628 = PLANE ( 'NONE',  #4435 ) ;
#4629 = DIRECTION ( 'NONE',  ( 0.000000000000000000, 0.000000000000000000, 1.000000000000000000 ) ) ;
#4630 = FACE_OUTER_BOUND ( 'NONE', #405, .T. ) ;
#4631 = EDGE_CURVE ( 'NONE', #1019, #1031, #1141, .T. ) ;
#4632 = CIRCLE ( 'NONE', #3955, 1.250000000000733191 ) ;
#4633 = VERTEX_POINT ( 'NONE', #4350 ) ;
#4634 = CIRCLE ( 'NONE', #3873, 1.650000000000000355 ) ;
#4635 = CARTESIAN_POINT ( 'NONE',  ( 15.23201039154588621, 10.77028141149406260, 30.00000000000000000 ) ) ;
#4636 = AXIS2_PLACEMENT_3D ( 'NONE', #5129, #4786, #790 ) ;
#4637 = ORIENTED_EDGE ( 'NONE', *, *, #3001, .F. ) ;
#4638 = ADVANCED_FACE ( 'NONE', ( #5062 ), #1461, .F. ) ;
#4639 = VECTOR ( 'NONE', #3785, 1000.000000000000000 ) ;
#4640 = ADVANCED_FACE ( 'NONE', ( #3484 ), #3510, .F. ) ;
#4641 = CIRCLE ( 'NONE', #2966, 2.149999999999995470 ) ;
#4642 = ORIENTED_EDGE ( 'NONE', *, *, #3146, .F. ) ;
#4643 = DIRECTION ( 'NONE',  ( 1.000000000000000000, 0.000000000000000000, -0.000000000000000000 ) ) ;
#4644 = DIRECTION ( 'NONE',  ( -0.000000000000000000, -0.000000000000000000, 1.000000000000000000 ) ) ;
#4645 = DIRECTION ( 'NONE',  ( 0.7071067811865457964, -0.7071067811865493491, 0.000000000000000000 ) ) ;
#4646 = CARTESIAN_POINT ( 'NONE',  ( -15.35000000000000497, -10.99999999999995737, 40.00000000000000711 ) ) ;
#4647 = DIRECTION ( 'NONE',  ( 0.000000000000000000, 0.000000000000000000, 1.000000000000000000 ) ) ;
#4648 = DIRECTION ( 'NONE',  ( 0.000000000000000000, 0.000000000000000000, -1.000000000000000000 ) ) ;
#4649 = VERTEX_POINT ( 'NONE', #4035 ) ;
#4650 = CARTESIAN_POINT ( 'NONE',  ( -10.99999999999995737, -46.49999999999999289, -27.00000000000001066 ) ) ;
#4651 = CARTESIAN_POINT ( 'NONE',  ( 18.80000000000003979, -97.00000000000000000, -8.850000000000003197 ) ) ;
#4652 = CARTESIAN_POINT ( 'NONE',  ( 17.00000000000000000, -117.0000000000000000, -3.350000000000000533 ) ) ;
#4653 = ORIENTED_EDGE ( 'NONE', *, *, #3701, .F. ) ;
#4654 = EDGE_LOOP ( 'NONE', ( #4813, #3085 ) ) ;
#4655 = DIRECTION ( 'NONE',  ( -1.000000000000000000, 0.000000000000000000, 0.000000000000000000 ) ) ;
#4656 = CARTESIAN_POINT ( 'NONE',  ( 20.00000000000000000, -29.99999999999999289, -30.00000000000000000 ) ) ;
#4657 = CIRCLE ( 'NONE', #5074, 1.149999999999274936 ) ;
#4658 = CARTESIAN_POINT ( 'NONE',  ( -20.00000000000000000, 19.00000000000002487, -30.00000000000000000 ) ) ;
#4659 = ORIENTED_EDGE ( 'NONE', *, *, #784, .T. ) ;
#4660 = DIRECTION ( 'NONE',  ( 1.000000000000000000, 0.000000000000000000, 0.000000000000000000 ) ) ;
#4661 = VECTOR ( 'NONE', #619, 1000.000000000000000 ) ;
#4662 = EDGE_CURVE ( 'NONE', #318, #602, #2440, .T. ) ;
#4663 = ORIENTED_EDGE ( 'NONE', *, *, #4343, .F. ) ;
#4664 = EDGE_LOOP ( 'NONE', ( #4369, #2299, #5121, #1945 ) ) ;
#4665 = VERTEX_POINT ( 'NONE', #4825 ) ;
#4666 = CARTESIAN_POINT ( 'NONE',  ( -9.999999999999920064, -56.61321960076969617, 30.00000000000000000 ) ) ;
#4667 = EDGE_CURVE ( 'NONE', #4751, #2056, #67, .T. ) ;
#4668 = EDGE_CURVE ( 'NONE', #311, #2218, #406, .T. ) ;
#4669 = DIRECTION ( 'NONE',  ( 0.000000000000000000, 0.000000000000000000, -1.000000000000000000 ) ) ;
#4670 = DIRECTION ( 'NONE',  ( -1.000000000000000000, 0.000000000000000000, 0.000000000000000000 ) ) ;
#4671 = DIRECTION ( 'NONE',  ( -0.000000000000000000, -3.469446951953671381E-15, 1.000000000000000000 ) ) ;
#4672 = VERTEX_POINT ( 'NONE', #556 ) ;
#4673 = EDGE_CURVE ( 'NONE', #2003, #1027, #1438, .T. ) ;
#4674 = DIRECTION ( 'NONE',  ( 0.000000000000000000, 0.000000000000000000, 1.000000000000000000 ) ) ;
#4675 = CARTESIAN_POINT ( 'NONE',  ( 17.00000000000000000, -97.00000000000000000, 27.00000000000000000 ) ) ;
#4676 = CARTESIAN_POINT ( 'NONE',  ( -7.999999999999958256, -43.49999999999999289, -5.000000000000000000 ) ) ;
#4677 = VERTEX_POINT ( 'NONE', #2173 ) ;
#4678 = EDGE_LOOP ( 'NONE', ( #770, #4686 ) ) ;
#4679 = VECTOR ( 'NONE', #1835, 1000.000000000000000 ) ;
#4680 = CARTESIAN_POINT ( 'NONE',  ( 18.80000000000003979, -46.69999999999984652, -1.000000000000020872 ) ) ;
#4681 = DIRECTION ( 'NONE',  ( -1.000000000000000000, 0.000000000000000000, 0.000000000000000000 ) ) ;
#4682 = FACE_OUTER_BOUND ( 'NONE', #1020, .T. ) ;
#4683 = EDGE_LOOP ( 'NONE', ( #688, #954 ) ) ;
#4684 = VERTEX_POINT ( 'NONE', #854 ) ;
#4685 = DIRECTION ( 'NONE',  ( 1.000000000000000000, 0.000000000000000000, 0.000000000000000000 ) ) ;
#4686 = ORIENTED_EDGE ( 'NONE', *, *, #2321, .F. ) ;
#4687 = ORIENTED_EDGE ( 'NONE', *, *, #2816, .F. ) ;
#4688 = EDGE_CURVE ( 'NONE', #2731, #1250, #2959, .T. ) ;
#4689 = ORIENTED_EDGE ( 'NONE', *, *, #1507, .F. ) ;
#4690 = CARTESIAN_POINT ( 'NONE',  ( 13.99999999999999645, -21.50000000000000000, -27.00000000000000355 ) ) ;
#4691 = ADVANCED_FACE ( 'NONE', ( #3267 ), #4007, .F. ) ;
#4692 = VECTOR ( 'NONE', #939, 1000.000000000000000 ) ;
#4693 = DIRECTION ( 'NONE',  ( 0.000000000000000000, 6.938893903907085594E-15, 1.000000000000000000 ) ) ;
#4694 = LINE ( 'NONE', #3984, #2099 ) ;
#4695 = CARTESIAN_POINT ( 'NONE',  ( -9.999999999999998224, -117.0000000000000000, -3.350000000000000533 ) ) ;
#4696 = ORIENTED_EDGE ( 'NONE', *, *, #4177, .T. ) ;
#4697 = LINE ( 'NONE', #3095, #642 ) ;
#4698 = DIRECTION ( 'NONE',  ( 0.000000000000000000, 1.000000000000000000, 0.000000000000000000 ) ) ;
#4699 = DIRECTION ( 'NONE',  ( 1.000000000000000000, 0.000000000000000000, 0.000000000000000000 ) ) ;
#4700 = EDGE_CURVE ( 'NONE', #694, #2427, #3283, .T. ) ;
#4701 = EDGE_CURVE ( 'NONE', #478, #1247, #2121, .T. ) ;
#4702 = EDGE_LOOP ( 'NONE', ( #1268, #3132, #4974, #117 ) ) ;
#4703 = VERTEX_POINT ( 'NONE', #1768 ) ;
#4704 = CARTESIAN_POINT ( 'NONE',  ( 10.48855206734722323, 10.49017908004249833, 50.00000000000000000 ) ) ;
#4705 = CARTESIAN_POINT ( 'NONE',  ( 3.750000000000001776, -3.750000000000003553, -30.00000000000000000 ) ) ;
#4706 = DIRECTION ( 'NONE',  ( 0.000000000000000000, -1.000000000000000000, -2.717036769602218328E-15 ) ) ;
#4707 = CIRCLE ( 'NONE', #1008, 2.150000000000004352 ) ;
#4708 = ORIENTED_EDGE ( 'NONE', *, *, #2095, .T. ) ;
#4709 = ORIENTED_EDGE ( 'NONE', *, *, #4219, .T. ) ;
#4710 = CARTESIAN_POINT ( 'NONE',  ( -7.999999999999958256, -46.49999999999998579, -5.000000000000000000 ) ) ;
#4711 = DIRECTION ( 'NONE',  ( 0.000000000000000000, 1.000000000000000000, 0.000000000000000000 ) ) ;
#4712 = VERTEX_POINT ( 'NONE', #4403 ) ;
#4713 = AXIS2_PLACEMENT_3D ( 'NONE', #5102, #1077, #3006 ) ;
#4714 = VERTEX_POINT ( 'NONE', #1670 ) ;
#4715 = ORIENTED_EDGE ( 'NONE', *, *, #1062, .T. ) ;
#4716 = DIRECTION ( 'NONE',  ( 1.000000000000000000, 0.000000000000000000, 0.000000000000000000 ) ) ;
#4717 = AXIS2_PLACEMENT_3D ( 'NONE', #2069, #2836, #882 ) ;
#4718 = ORIENTED_EDGE ( 'NONE', *, *, #4865, .T. ) ;
#4719 = DIRECTION ( 'NONE',  ( 0.000000000000000000, 0.000000000000000000, -1.000000000000000000 ) ) ;
#4720 = DIRECTION ( 'NONE',  ( 0.000000000000000000, 0.000000000000000000, -1.000000000000000000 ) ) ;
#4721 = AXIS2_PLACEMENT_3D ( 'NONE', #2535, #59, #4475 ) ;
#4722 = FACE_BOUND ( 'NONE', #1269, .T. ) ;
#4723 = ORIENTED_EDGE ( 'NONE', *, *, #2072, .T. ) ;
#4724 = EDGE_CURVE ( 'NONE', #4633, #3713, #4632, .T. ) ;
#4725 = CARTESIAN_POINT ( 'NONE',  ( -14.00000000000000355, -26.50000000000000355, -35.00000000000000000 ) ) ;
#4726 = DIRECTION ( 'NONE',  ( 1.000000000000000000, 0.000000000000000000, 0.000000000000000000 ) ) ;
#4727 = EDGE_LOOP ( 'NONE', ( #5106, #3686, #248, #2317 ) ) ;
#4728 = ORIENTED_EDGE ( 'NONE', *, *, #4302, .F. ) ;
#4729 = DIRECTION ( 'NONE',  ( 0.000000000000000000, 1.000000000000000000, 0.000000000000000000 ) ) ;
#4730 = EDGE_CURVE ( 'NONE', #848, #1372, #2492, .T. ) ;
#4731 = ADVANCED_FACE ( 'NONE', ( #4850, #3588, #460, #4061, #802, #2861, #2068 ), #1248, .F. ) ;
#4732 = CARTESIAN_POINT ( 'NONE',  ( -0.6598209199549457393, -0.4885520673472144582, -27.00000000000001066 ) ) ;
#4733 = LINE ( 'NONE', #3470, #4185 ) ;
#4734 = EDGE_LOOP ( 'NONE', ( #4556, #2937, #1396, #3894, #2267, #1079, #166, #4071 ) ) ;
#4735 = VERTEX_POINT ( 'NONE', #1370 ) ;
#4736 = DIRECTION ( 'NONE',  ( -0.000000000000000000, -3.469446951953671381E-15, 1.000000000000000000 ) ) ;
#4737 = LINE ( 'NONE', #5180, #1468 ) ;
#4738 = CARTESIAN_POINT ( 'NONE',  ( -0.4797185885034007113, -6.482010391546610961, 50.00000000000000000 ) ) ;
#4739 = EDGE_LOOP ( 'NONE', ( #5108, #4441 ) ) ;
#4740 = VERTEX_POINT ( 'NONE', #382 ) ;
#4741 = ORIENTED_EDGE ( 'NONE', *, *, #2658, .F. ) ;
#4742 = AXIS2_PLACEMENT_3D ( 'NONE', #2290, #283, #757 ) ;
#4743 = DIRECTION ( 'NONE',  ( 1.000000000000000000, 0.000000000000000000, 0.000000000000000000 ) ) ;
#4744 = ORIENTED_EDGE ( 'NONE', *, *, #4366, .T. ) ;
#4745 = CARTESIAN_POINT ( 'NONE',  ( 10.00000000000000000, -100.2699999999999960, -12.62499999999999467 ) ) ;
#4746 = CARTESIAN_POINT ( 'NONE',  ( 17.00000000000003908, -54.99999999999999289, -10.84999999999996767 ) ) ;
#4747 = CARTESIAN_POINT ( 'NONE',  ( 10.48855206734722323, 10.49017908004249833, 27.00000000000000000 ) ) ;
#4748 = ORIENTED_EDGE ( 'NONE', *, *, #4797, .F. ) ;
#4749 = DIRECTION ( 'NONE',  ( 0.000000000000000000, 1.000000000000000000, -2.299031112740337917E-15 ) ) ;
#4750 = FACE_OUTER_BOUND ( 'NONE', #1685, .T. ) ;
#4751 = VERTEX_POINT ( 'NONE', #3193 ) ;
#4752 = EDGE_CURVE ( 'NONE', #1260, #2091, #3366, .T. ) ;
#4753 = DIRECTION ( 'NONE',  ( 1.000000000000000000, 0.000000000000000000, 0.000000000000000000 ) ) ;
#4754 = FACE_OUTER_BOUND ( 'NONE', #3768, .T. ) ;
#4755 = AXIS2_PLACEMENT_3D ( 'NONE', #1674, #409, #4038 ) ;
#4756 = VERTEX_POINT ( 'NONE', #5190 ) ;
#4757 = EDGE_CURVE ( 'NONE', #4866, #2084, #599, .T. ) ;
#4758 = ORIENTED_EDGE ( 'NONE', *, *, #2676, .T. ) ;
#4759 = CYLINDRICAL_SURFACE ( 'NONE', #4211, 1.250000000002546852 ) ;
#4760 = AXIS2_PLACEMENT_3D ( 'NONE', #2212, #4249, #3801 ) ;
#4761 = CARTESIAN_POINT ( 'NONE',  ( 13.00000000000000178, -115.9999999999999858, 62.00000000000000000 ) ) ;
#4762 = COLOUR_RGB ( '',0.7921568627450980005, 0.8196078431372548767, 0.9333333333333333481 ) ;
#4763 = CARTESIAN_POINT ( 'NONE',  ( -14.75000000000002309, -55.24999999999996447, 27.00000000000000000 ) ) ;
#4764 = ORIENTED_EDGE ( 'NONE', *, *, #2605, .T. ) ;
#4765 = EDGE_LOOP ( 'NONE', ( #1240, #925, #1302, #4611 ) ) ;
#4766 = VERTEX_POINT ( 'NONE', #4186 ) ;
#4767 = ADVANCED_FACE ( 'NONE', ( #691 ), #2613, .F. ) ;
#4768 = EDGE_CURVE ( 'NONE', #3838, #2693, #3538, .T. ) ;
#4769 = VECTOR ( 'NONE', #3679, 1000.000000000000000 ) ;
#4770 = CARTESIAN_POINT ( 'NONE',  ( 13.99999999999999645, -21.50000000000000000, 26.99999999999999645 ) ) ;
#4771 = EDGE_LOOP ( 'NONE', ( #2580, #2277 ) ) ;
#4772 = FACE_OUTER_BOUND ( 'NONE', #4139, .T. ) ;
#4773 = DIRECTION ( 'NONE',  ( 0.000000000000000000, 0.000000000000000000, 1.000000000000000000 ) ) ;
#4774 = LINE ( 'NONE', #4695, #2356 ) ;
#4775 = EDGE_LOOP ( 'NONE', ( #829, #985, #3693, #1562 ) ) ;
#4776 = DIRECTION ( 'NONE',  ( -0.000000000000000000, -1.000000000000000000, -0.000000000000000000 ) ) ;
#4777 = VECTOR ( 'NONE', #2001, 1000.000000000000000 ) ;
#4778 = DIRECTION ( 'NONE',  ( -0.000000000000000000, -0.000000000000000000, 1.000000000000000000 ) ) ;
#4779 = CIRCLE ( 'NONE', #3101, 1.149999999997434852 ) ;
#4780 = LINE ( 'NONE', #3572, #990 ) ;
#4781 = EDGE_CURVE ( 'NONE', #4530, #1164, #269, .T. ) ;
#4782 = CARTESIAN_POINT ( 'NONE',  ( -17.00000000000000355, -0.9999999999999574785, 40.00000000000000711 ) ) ;
#4783 = AXIS2_PLACEMENT_3D ( 'NONE', #3439, #4627, #1814 ) ;
#4784 = ORIENTED_EDGE ( 'NONE', *, *, #1510, .T. ) ;
#4785 = ORIENTED_EDGE ( 'NONE', *, *, #5181, .F. ) ;
#4786 = DIRECTION ( 'NONE',  ( 0.000000000000000000, -0.7071067811865462405, -0.7071067811865489050 ) ) ;
#4787 = DIRECTION ( 'NONE',  ( 0.000000000000000000, -1.000000000000000000, 0.000000000000000000 ) ) ;
#4788 = VECTOR ( 'NONE', #731, 1000.000000000000000 ) ;
#4789 = ADVANCED_FACE ( 'NONE', ( #1819 ), #1453, .F. ) ;
#4790 = DIRECTION ( 'NONE',  ( 0.000000000000000000, 0.000000000000000000, -1.000000000000000000 ) ) ;
#4791 = ORIENTED_EDGE ( 'NONE', *, *, #3176, .T. ) ;
#4792 = ORIENTED_EDGE ( 'NONE', *, *, #1483, .T. ) ;
#4793 = VECTOR ( 'NONE', #2842, 1000.000000000000000 ) ;
#4794 = FACE_OUTER_BOUND ( 'NONE', #2153, .T. ) ;
#4795 = EDGE_CURVE ( 'NONE', #3893, #891, #2538, .T. ) ;
#4796 = CARTESIAN_POINT ( 'NONE',  ( -2.020281411496603674, 26.48201039154662340, 27.00000000000000000 ) ) ;
#4797 = EDGE_CURVE ( 'NONE', #1849, #219, #1900, .T. ) ;
#4798 = AXIS2_PLACEMENT_3D ( 'NONE', #217, #1028, #2248 ) ;
#4799 = ORIENTED_EDGE ( 'NONE', *, *, #1251, .F. ) ;
#4800 = DIRECTION ( 'NONE',  ( -0.000000000000000000, -0.000000000000000000, 1.000000000000000000 ) ) ;
#4801 = CARTESIAN_POINT ( 'NONE',  ( -0.7702814114940569334, 26.48201039154662340, -27.00000000000001066 ) ) ;
#4802 = CIRCLE ( 'NONE', #4717, 1.250000000000733191 ) ;
#4803 = DIRECTION ( 'NONE',  ( -1.000000000000000000, 0.000000000000000000, 0.000000000000000000 ) ) ;
#4804 = EDGE_LOOP ( 'NONE', ( #2940, #1983 ) ) ;
#4805 = CARTESIAN_POINT ( 'NONE',  ( -20.00000000000000000, 19.00000000000002487, -30.00000000000000000 ) ) ;
#4806 = DIRECTION ( 'NONE',  ( 0.000000000000000000, 0.000000000000000000, -1.000000000000000000 ) ) ;
#4807 = VECTOR ( 'NONE', #4157, 1000.000000000000000 ) ;
#4808 = CARTESIAN_POINT ( 'NONE',  ( -11.50000000000000533, -19.00000000000000355, 26.99999999999999645 ) ) ;
#4809 = DIRECTION ( 'NONE',  ( 1.000000000000000000, 0.000000000000000000, 0.000000000000000000 ) ) ;
#4810 = CARTESIAN_POINT ( 'NONE',  ( 10.48855206734722323, 10.49017908004249833, 30.00000000000000000 ) ) ;
#4811 = VECTOR ( 'NONE', #3357, 1000.000000000000000 ) ;
#4812 = PLANE ( 'NONE',  #3882 ) ;
#4813 = ORIENTED_EDGE ( 'NONE', *, *, #2483, .T. ) ;
#4814 = ORIENTED_EDGE ( 'NONE', *, *, #1226, .F. ) ;
#4815 = DIRECTION ( 'NONE',  ( -1.000000000000000000, 0.000000000000000000, 0.000000000000000000 ) ) ;
#4816 = DIRECTION ( 'NONE',  ( -1.000000000000000000, -0.000000000000000000, -0.000000000000000000 ) ) ;
#4817 = LINE ( 'NONE', #4738, #481 ) ;
#4818 = ORIENTED_EDGE ( 'NONE', *, *, #4117, .T. ) ;
#4819 = EDGE_LOOP ( 'NONE', ( #3815, #816, #2965, #973 ) ) ;
#4820 = EDGE_CURVE ( 'NONE', #318, #1435, #3420, .T. ) ;
#4821 = LINE ( 'NONE', #1663, #424 ) ;
#4822 = DIRECTION ( 'NONE',  ( -1.000000000000000000, 0.000000000000000000, 0.000000000000000000 ) ) ;
#4823 = CIRCLE ( 'NONE', #3307, 1.150000000000725109 ) ;
#4824 = EDGE_LOOP ( 'NONE', ( #2502, #5193, #2998, #2055 ) ) ;
#4825 = CARTESIAN_POINT ( 'NONE',  ( -2.020281411496603674, 26.48201039154662340, -27.00000000000001066 ) ) ;
#4826 = EDGE_CURVE ( 'NONE', #4536, #2705, #1952, .T. ) ;
#4827 = CARTESIAN_POINT ( 'NONE',  ( -20.00000000000000000, 30.00000000000000711, 30.00000000000000000 ) ) ;
#4828 = ORIENTED_EDGE ( 'NONE', *, *, #2236, .F. ) ;
#4829 = AXIS2_PLACEMENT_3D ( 'NONE', #4115, #4613, #2232 ) ;
#4830 = DIRECTION ( 'NONE',  ( -0.000000000000000000, -0.000000000000000000, -1.000000000000000000 ) ) ;
#4831 = DIRECTION ( 'NONE',  ( -1.000000000000000000, 0.000000000000000000, 0.000000000000000000 ) ) ;
#4832 = EDGE_CURVE ( 'NONE', #5178, #4022, #2981, .T. ) ;
#4833 = CARTESIAN_POINT ( 'NONE',  ( 18.80000000000003979, -54.99999999999999289, -10.84999999999996767 ) ) ;
#4834 = CARTESIAN_POINT ( 'NONE',  ( 20.00000000000000000, -100.2699999999999960, -4.924999999999998934 ) ) ;
#4835 = CARTESIAN_POINT ( 'NONE',  ( 18.80000000000003979, -97.00000000000000000, 8.850000000000003197 ) ) ;
#4836 = DIRECTION ( 'NONE',  ( -0.000000000000000000, -0.000000000000000000, 1.000000000000000000 ) ) ;
#4837 = ORIENTED_EDGE ( 'NONE', *, *, #1872, .F. ) ;
#4838 = VERTEX_POINT ( 'NONE', #4635 ) ;
#4839 = LINE ( 'NONE', #2533, #2624 ) ;
#4840 = DIRECTION ( 'NONE',  ( 0.000000000000000000, 0.000000000000000000, 1.000000000000000000 ) ) ;
#4841 = CARTESIAN_POINT ( 'NONE',  ( 18.80000000000003979, -54.99999999999999289, -10.84999999999996767 ) ) ;
#4842 = ORIENTED_EDGE ( 'NONE', *, *, #2878, .T. ) ;
#4843 = VECTOR ( 'NONE', #1518, 1000.000000000000000 ) ;
#4844 = ORIENTED_EDGE ( 'NONE', *, *, #1995, .F. ) ;
#4845 = CARTESIAN_POINT ( 'NONE',  ( -17.00000000000000355, -10.99999999999995737, 30.00000000000000000 ) ) ;
#4846 =( GEOMETRIC_REPRESENTATION_CONTEXT ( 3 ) GLOBAL_UNCERTAINTY_ASSIGNED_CONTEXT ( ( #3632 ) ) GLOBAL_UNIT_ASSIGNED_CONTEXT ( ( #2622, #3300, #4513 ) ) REPRESENTATION_CONTEXT ( 'NONE', 'WORKASPACE' ) );
#4847 = FACE_BOUND ( 'NONE', #31, .T. ) ;
#4848 = ADVANCED_FACE ( 'NONE', ( #1477 ), #583, .T. ) ;
#4849 = VERTEX_POINT ( 'NONE', #3867 ) ;
#4850 = FACE_BOUND ( 'NONE', #874, .T. ) ;
#4851 = CARTESIAN_POINT ( 'NONE',  ( 0.4797185885084898627, 26.48201039154662340, 30.00000000000000000 ) ) ;
#4852 = ORIENTED_EDGE ( 'NONE', *, *, #1717, .T. ) ;
#4853 = VECTOR ( 'NONE', #5089, 1000.000000000000000 ) ;
#4854 = DIRECTION ( 'NONE',  ( -1.000000000000000000, 0.000000000000000000, 0.000000000000000000 ) ) ;
#4855 = DIRECTION ( 'NONE',  ( -1.000000000000000000, 0.000000000000000000, 0.000000000000000000 ) ) ;
#4856 = EDGE_CURVE ( 'NONE', #766, #54, #5078, .T. ) ;
#4857 = VECTOR ( 'NONE', #3811, 1000.000000000000000 ) ;
#4858 = CIRCLE ( 'NONE', #574, 1.650000000000000355 ) ;
#4859 = DIRECTION ( 'NONE',  ( -1.000000000000000000, -0.000000000000000000, 0.000000000000000000 ) ) ;
#4860 = FACE_OUTER_BOUND ( 'NONE', #2478, .T. ) ;
#4861 = AXIS2_PLACEMENT_3D ( 'NONE', #4810, #4043, #2896 ) ;
#4862 = DIRECTION ( 'NONE',  ( -1.000000000000000000, -0.000000000000000000, -0.000000000000000000 ) ) ;
#4863 = LINE ( 'NONE', #3623, #3296 ) ;
#4864 = EDGE_CURVE ( 'NONE', #3830, #3786, #1422, .T. ) ;
#4865 = EDGE_CURVE ( 'NONE', #4494, #3973, #1394, .T. ) ;
#4866 = VERTEX_POINT ( 'NONE', #192 ) ;
#4867 = ORIENTED_EDGE ( 'NONE', *, *, #2658, .T. ) ;
#4868 = ORIENTED_EDGE ( 'NONE', *, *, #3758, .T. ) ;
#4869 = CARTESIAN_POINT ( 'NONE',  ( 17.00000000000004974, -54.99999999999999289, -47.22374841615668828 ) ) ;
#4870 = CARTESIAN_POINT ( 'NONE',  ( -19.49999999999996092, 19.50000000000006040, 30.00000000000000000 ) ) ;
#4871 = DIRECTION ( 'NONE',  ( -0.000000000000000000, -0.000000000000000000, -1.000000000000000000 ) ) ;
#4872 = ORIENTED_EDGE ( 'NONE', *, *, #1423, .T. ) ;
#4873 = ORIENTED_EDGE ( 'NONE', *, *, #1359, .F. ) ;
#4874 = FACE_OUTER_BOUND ( 'NONE', #4288, .T. ) ;
#4875 = DIRECTION ( 'NONE',  ( -0.000000000000000000, -0.000000000000000000, -1.000000000000000000 ) ) ;
#4876 = CIRCLE ( 'NONE', #3110, 4.000000000000000000 ) ;
#4877 = CIRCLE ( 'NONE', #3276, 1.149999999997434852 ) ;
#4878 = VERTEX_POINT ( 'NONE', #1795 ) ;
#4879 = DIRECTION ( 'NONE',  ( 0.000000000000000000, 3.469446951953670987E-15, -1.000000000000000000 ) ) ;
#4880 = CARTESIAN_POINT ( 'NONE',  ( 18.80000000000003979, -46.69999999999996021, -10.84999999999994991 ) ) ;
#4881 = EDGE_LOOP ( 'NONE', ( #1921, #3852, #3138, #3553 ) ) ;
#4882 = CARTESIAN_POINT ( 'NONE',  ( 17.00000000000000000, -100.2699999999999960, 4.924999999999998934 ) ) ;
#4883 = DIRECTION ( 'NONE',  ( 1.000000000000000000, 0.000000000000000000, 0.000000000000000000 ) ) ;
#4884 = VECTOR ( 'NONE', #4378, 1000.000000000000000 ) ;
#4885 = FACE_OUTER_BOUND ( 'NONE', #2386, .T. ) ;
#4886 = LINE ( 'NONE', #4913, #1600 ) ;
#4887 = EDGE_CURVE ( 'NONE', #891, #3893, #1525, .T. ) ;
#4888 = CARTESIAN_POINT ( 'NONE',  ( -17.00000000000000000, -40.99999999999996447, -27.00000000000001066 ) ) ;
#4889 = DIRECTION ( 'NONE',  ( 0.000000000000000000, 1.387778780781450409E-14, -1.000000000000000000 ) ) ;
#4890 = CIRCLE ( 'NONE', #3714, 1.150000000002567413 ) ;
#4891 = VERTEX_POINT ( 'NONE', #4210 ) ;
#4892 = ORIENTED_EDGE ( 'NONE', *, *, #3898, .T. ) ;
#4893 = ORIENTED_EDGE ( 'NONE', *, *, #1587, .F. ) ;
#4894 = DIRECTION ( 'NONE',  ( -0.000000000000000000, -0.000000000000000000, 1.000000000000000000 ) ) ;
#4895 = LINE ( 'NONE', #4473, #1402 ) ;
#4896 = EDGE_CURVE ( 'NONE', #1839, #509, #4460, .T. ) ;
#4897 = ADVANCED_FACE ( 'NONE', ( #3839 ), #244, .F. ) ;
#4898 = CIRCLE ( 'NONE', #276, 1.150000000002567413 ) ;
#4899 = DIRECTION ( 'NONE',  ( 0.000000000000000000, 0.000000000000000000, -1.000000000000000000 ) ) ;
#4900 = LINE ( 'NONE', #2510, #3010 ) ;
#4901 = ORIENTED_EDGE ( 'NONE', *, *, #1200, .T. ) ;
#4902 = CARTESIAN_POINT ( 'NONE',  ( -18.65000000000000568, -0.9999999999999577005, -26.99999999999999645 ) ) ;
#4903 = ADVANCED_FACE ( 'NONE', ( #2669 ), #4263, .F. ) ;
#4904 = ORIENTED_EDGE ( 'NONE', *, *, #2575, .T. ) ;
#4905 = EDGE_LOOP ( 'NONE', ( #2039, #3549, #323, #2872 ) ) ;
#4906 = CARTESIAN_POINT ( 'NONE',  ( -15.35000000000000142, -30.99999999999995737, 39.99999999999999289 ) ) ;
#4907 = ORIENTED_EDGE ( 'NONE', *, *, #1264, .F. ) ;
#4908 = VECTOR ( 'NONE', #3048, 1000.000000000000000 ) ;
#4909 = DIRECTION ( 'NONE',  ( 3.469446951953611231E-16, 1.000000000000000000, 0.000000000000000000 ) ) ;
#4910 = VECTOR ( 'NONE', #320, 1000.000000000000000 ) ;
#4911 = DIRECTION ( 'NONE',  ( 0.000000000000000000, 0.000000000000000000, -1.000000000000000000 ) ) ;
#4912 = AXIS2_PLACEMENT_3D ( 'NONE', #4245, #4143, #3401 ) ;
#4913 = CARTESIAN_POINT ( 'NONE',  ( 3.000000000000046185, -54.99999999999999289, -27.00000000000000355 ) ) ;
#4914 = DIRECTION ( 'NONE',  ( 1.000000000000000000, 0.000000000000000000, 0.000000000000000000 ) ) ;
#4915 = CARTESIAN_POINT ( 'NONE',  ( 17.73201039154735170, 10.77028141149406260, 30.00000000000000000 ) ) ;
#4916 = EDGE_CURVE ( 'NONE', #4665, #66, #3106, .T. ) ;
#4917 = EDGE_LOOP ( 'NONE', ( #216, #705 ) ) ;
#4918 = ORIENTED_EDGE ( 'NONE', *, *, #193, .F. ) ;
#4919 = ORIENTED_EDGE ( 'NONE', *, *, #4246, .T. ) ;
#4920 = FACE_OUTER_BOUND ( 'NONE', #344, .T. ) ;
#4921 = DIRECTION ( 'NONE',  ( 0.000000000000000000, 1.000000000000000000, 0.000000000000000000 ) ) ;
#4922 = ORIENTED_EDGE ( 'NONE', *, *, #2907, .T. ) ;
#4923 = EDGE_CURVE ( 'NONE', #3625, #5120, #1607, .T. ) ;
#4924 = ORIENTED_EDGE ( 'NONE', *, *, #4916, .T. ) ;
#4925 = EDGE_LOOP ( 'NONE', ( #629, #497, #4930, #5095 ) ) ;
#4926 = EDGE_CURVE ( 'NONE', #548, #3419, #1503, .T. ) ;
#4927 = VECTOR ( 'NONE', #2186, 1000.000000000000000 ) ;
#4928 = ORIENTED_EDGE ( 'NONE', *, *, #1865, .F. ) ;
#4929 = DIRECTION ( 'NONE',  ( 0.000000000000000000, 0.000000000000000000, 1.000000000000000000 ) ) ;
#4930 = ORIENTED_EDGE ( 'NONE', *, *, #3151, .T. ) ;
#4931 = CYLINDRICAL_SURFACE ( 'NONE', #3837, 1.650000000000000355 ) ;
#4932 = CARTESIAN_POINT ( 'NONE',  ( 17.00000000000004619, -34.99999999999999289, -47.22374841615668828 ) ) ;
#4933 = FACE_BOUND ( 'NONE', #2311, .T. ) ;
#4934 = DIRECTION ( 'NONE',  ( 0.000000000000000000, 0.000000000000000000, -1.000000000000000000 ) ) ;
#4935 = DIRECTION ( 'NONE',  ( 0.000000000000000000, 1.000000000000000000, 1.045014142154684459E-15 ) ) ;
#4936 = FACE_OUTER_BOUND ( 'NONE', #2323, .T. ) ;
#4937 = CARTESIAN_POINT ( 'NONE',  ( -4.000000000000000000, 10.00000000000000533, 27.00000000000000000 ) ) ;
#4938 = VERTEX_POINT ( 'NONE', #397 ) ;
#4939 = VERTEX_POINT ( 'NONE', #3181 ) ;
#4940 = VERTEX_POINT ( 'NONE', #4314 ) ;
#4941 = CARTESIAN_POINT ( 'NONE',  ( -20.00000000000000000, 19.00000000000002487, -30.00000000000000000 ) ) ;
#4942 = CARTESIAN_POINT ( 'NONE',  ( -17.73201039154588798, 9.229718588505949839, -30.00000000000000000 ) ) ;
#4943 = EDGE_CURVE ( 'NONE', #1561, #2685, #2351, .T. ) ;
#4944 = CARTESIAN_POINT ( 'NONE',  ( 17.00000000000004974, -50.84999999999999432, -4.924999999999998934 ) ) ;
#4945 = PLANE ( 'NONE',  #1701 ) ;
#4946 = AXIS2_PLACEMENT_3D ( 'NONE', #1709, #3305, #4914 ) ;
#4947 = VECTOR ( 'NONE', #3430, 1000.000000000000000 ) ;
#4948 = EDGE_LOOP ( 'NONE', ( #3498, #1950, #1673, #3081 ) ) ;
#4949 = EDGE_CURVE ( 'NONE', #4714, #5154, #2709, .T. ) ;
#4950 = VERTEX_POINT ( 'NONE', #373 ) ;
#4951 = ORIENTED_EDGE ( 'NONE', *, *, #4564, .F. ) ;
#4952 = DIRECTION ( 'NONE',  ( -0.000000000000000000, -0.000000000000000000, -1.000000000000000000 ) ) ;
#4953 = ORIENTED_EDGE ( 'NONE', *, *, #4673, .F. ) ;
#4954 = EDGE_CURVE ( 'NONE', #3889, #2935, #2375, .T. ) ;
#4955 = ADVANCED_FACE ( 'NONE', ( #1131 ), #4759, .F. ) ;
#4956 = CARTESIAN_POINT ( 'NONE',  ( 17.00000000000000000, -100.2699999999999960, 2.774999999999996358 ) ) ;
#4957 = VECTOR ( 'NONE', #1059, 1000.000000000000000 ) ;
#4958 = DIRECTION ( 'NONE',  ( 0.000000000000000000, 0.000000000000000000, 1.000000000000000000 ) ) ;
#4959 = FACE_OUTER_BOUND ( 'NONE', #2243, .T. ) ;
#4960 = FACE_OUTER_BOUND ( 'NONE', #1163, .T. ) ;
#4961 = DIRECTION ( 'NONE',  ( 0.000000000000000000, -1.000000000000000000, 0.000000000000000000 ) ) ;
#4962 = CARTESIAN_POINT ( 'NONE',  ( 3.000000000000039080, -43.49999999999999289, 27.00000000000000000 ) ) ;
#4963 = CIRCLE ( 'NONE', #4040, 1.150000000000725109 ) ;
#4964 = DIRECTION ( 'NONE',  ( 0.000000000000000000, 0.000000000000000000, 1.000000000000000000 ) ) ;
#4965 = ORIENTED_EDGE ( 'NONE', *, *, #2941, .T. ) ;
#4966 = ORIENTED_EDGE ( 'NONE', *, *, #1289, .F. ) ;
#4967 = CIRCLE ( 'NONE', #1528, 1.650000000000000355 ) ;
#4968 = DIRECTION ( 'NONE',  ( 1.000000000000000000, 0.000000000000000000, 0.000000000000000000 ) ) ;
#4969 = AXIS2_PLACEMENT_3D ( 'NONE', #4008, #407, #2964 ) ;
#4970 = DIRECTION ( 'NONE',  ( -0.000000000000000000, -0.000000000000000000, -1.000000000000000000 ) ) ;
#4971 = VERTEX_POINT ( 'NONE', #3206 ) ;
#4972 = ORIENTED_EDGE ( 'NONE', *, *, #3030, .F. ) ;
#4973 = CARTESIAN_POINT ( 'NONE',  ( 20.00000000000004263, -34.99999999999999289, -27.00000000000000355 ) ) ;
#4974 = ORIENTED_EDGE ( 'NONE', *, *, #2234, .T. ) ;
#4975 = ADVANCED_FACE ( 'NONE', ( #3998 ), #319, .T. ) ;
#4976 = ORIENTED_EDGE ( 'NONE', *, *, #46, .F. ) ;
#4977 = DIRECTION ( 'NONE',  ( -0.7071067811865469066, -0.7071067811865482389, 0.000000000000000000 ) ) ;
#4978 = VERTEX_POINT ( 'NONE', #7 ) ;
#4979 = FACE_OUTER_BOUND ( 'NONE', #1106, .T. ) ;
#4980 = CARTESIAN_POINT ( 'NONE',  ( -17.00000000000000355, -0.9999999999999574785, 30.00000000000000000 ) ) ;
#4981 = EDGE_CURVE ( 'NONE', #1140, #90, #3134, .T. ) ;
#4982 = FACE_BOUND ( 'NONE', #3567, .T. ) ;
#4983 = CARTESIAN_POINT ( 'NONE',  ( -17.00000000000000355, -10.99999999999995737, 40.00000000000000711 ) ) ;
#4984 = CARTESIAN_POINT ( 'NONE',  ( -18.64999999999999858, -30.99999999999995737, 27.00000000000000000 ) ) ;
#4985 = ORIENTED_EDGE ( 'NONE', *, *, #3367, .T. ) ;
#4986 = LINE ( 'NONE', #597, #2581 ) ;
#4987 = LINE ( 'NONE', #4226, #173 ) ;
#4988 = DIRECTION ( 'NONE',  ( -1.000000000000000000, -0.000000000000000000, -0.000000000000000000 ) ) ;
#4989 = EDGE_CURVE ( 'NONE', #2382, #327, #4419, .T. ) ;
#4990 = VECTOR ( 'NONE', #3616, 1000.000000000000000 ) ;
#4991 = ORIENTED_EDGE ( 'NONE', *, *, #1289, .T. ) ;
#4992 = ORIENTED_EDGE ( 'NONE', *, *, #4432, .F. ) ;
#4993 = DIRECTION ( 'NONE',  ( 1.000000000000000000, 0.000000000000000000, 0.000000000000000000 ) ) ;
#4994 = DIRECTION ( 'NONE',  ( 0.000000000000000000, 0.000000000000000000, -1.000000000000000000 ) ) ;
#4995 = CARTESIAN_POINT ( 'NONE',  ( 13.99999999999999645, -26.50000000000000355, -35.00000000000000000 ) ) ;
#4996 = ORIENTED_EDGE ( 'NONE', *, *, #193, .T. ) ;
#4997 = DIRECTION ( 'NONE',  ( -1.000000000000000000, -0.000000000000000000, 0.000000000000000000 ) ) ;
#4998 = ORIENTED_EDGE ( 'NONE', *, *, #1648, .F. ) ;
#4999 = CARTESIAN_POINT ( 'NONE',  ( 18.80000000000003979, -97.00000000000000000, -10.84999999999996767 ) ) ;
#5000 = ORIENTED_EDGE ( 'NONE', *, *, #2684, .F. ) ;
#5001 = ADVANCED_FACE ( 'NONE', ( #818 ), #2744, .F. ) ;
#5002 = CARTESIAN_POINT ( 'NONE',  ( 10.00000000000000000, -50.84999999999999432, 7.074999999999997513 ) ) ;
#5003 = CARTESIAN_POINT ( 'NONE',  ( 18.80000000000003979, -54.99999999999999289, 0.9999999999999861222 ) ) ;
#5004 = AXIS2_PLACEMENT_3D ( 'NONE', #1972, #3570, #3046 ) ;
#5005 = AXIS2_PLACEMENT_3D ( 'NONE', #3724, #130, #647 ) ;
#5006 = DIRECTION ( 'NONE',  ( 0.000000000000000000, 0.000000000000000000, -1.000000000000000000 ) ) ;
#5007 = CARTESIAN_POINT ( 'NONE',  ( -19.99999999999999645, -19.00000000000000355, 27.00000000000000000 ) ) ;
#5008 = CYLINDRICAL_SURFACE ( 'NONE', #1241, 1.649999999999999467 ) ;
#5009 = EDGE_LOOP ( 'NONE', ( #4918, #2516, #2316, #4266 ) ) ;
#5010 = MECHANICAL_DESIGN_GEOMETRIC_PRESENTATION_REPRESENTATION (  '', ( #2924 ), #4846 ) ;
#5011 = EDGE_CURVE ( 'NONE', #2563, #3650, #3555, .T. ) ;
#5012 = FACE_OUTER_BOUND ( 'NONE', #2389, .T. ) ;
#5013 = CARTESIAN_POINT ( 'NONE',  ( 0.4901790800424890016, -0.4885520673472143471, 27.00000000000000000 ) ) ;
#5014 = DIRECTION ( 'NONE',  ( 1.000000000000000000, 0.000000000000000000, 0.000000000000000000 ) ) ;
#5015 = EDGE_LOOP ( 'NONE', ( #1838, #2505 ) ) ;
#5016 = VERTEX_POINT ( 'NONE', #2006 ) ;
#5017 = DIRECTION ( 'NONE',  ( 0.000000000000000000, 1.000000000000000000, 2.717036769602217933E-15 ) ) ;
#5018 = EDGE_CURVE ( 'NONE', #1180, #637, #3155, .T. ) ;
#5019 = EDGE_CURVE ( 'NONE', #280, #2019, #3944, .T. ) ;
#5020 = PLANE ( 'NONE',  #1959 ) ;
#5021 = PLANE ( 'NONE',  #5105 ) ;
#5022 = EDGE_LOOP ( 'NONE', ( #3086, #2778, #3883, #1325 ) ) ;
#5023 = AXIS2_PLACEMENT_3D ( 'NONE', #3836, #3416, #2222 ) ;
#5024 = DIRECTION ( 'NONE',  ( 0.000000000000000000, 1.000000000000000000, 2.377407173401953017E-15 ) ) ;
#5025 = AXIS2_PLACEMENT_3D ( 'NONE', #3249, #3273, #414 ) ;
#5026 = EDGE_LOOP ( 'NONE', ( #1596, #1656, #2491, #3587 ) ) ;
#5027 = AXIS2_PLACEMENT_3D ( 'NONE', #3590, #5192, #4803 ) ;
#5028 = ORIENTED_EDGE ( 'NONE', *, *, #2065, .F. ) ;
#5029 = CARTESIAN_POINT ( 'NONE',  ( 8.550840296494985893, -120.0000000000000000, 37.00000000000000000 ) ) ;
#5030 = CARTESIAN_POINT ( 'NONE',  ( 20.00000000000000000, -120.0000000000000000, -30.00000000000000000 ) ) ;
#5031 = CARTESIAN_POINT ( 'NONE',  ( -19.99999999999999645, -28.99999999999999645, -27.00000000000000355 ) ) ;
#5032 = VECTOR ( 'NONE', #472, 1000.000000000000000 ) ;
#5033 = CARTESIAN_POINT ( 'NONE',  ( -17.00000000000000000, -40.99999999999996447, 39.99999999999999289 ) ) ;
#5034 = DIRECTION ( 'NONE',  ( -0.000000000000000000, -3.469446951953601961E-15, 1.000000000000000000 ) ) ;
#5035 = PLANE ( 'NONE',  #2848 ) ;
#5036 = EDGE_LOOP ( 'NONE', ( #426, #3831 ) ) ;
#5037 = CIRCLE ( 'NONE', #256, 2.149999999999999023 ) ;
#5038 = FACE_BOUND ( 'NONE', #1556, .T. ) ;
#5039 = DIRECTION ( 'NONE',  ( 1.000000000000000000, 0.000000000000000000, 0.000000000000000000 ) ) ;
#5040 = PLANE ( 'NONE',  #4149 ) ;
#5041 = ORIENTED_EDGE ( 'NONE', *, *, #2512, .T. ) ;
#5042 = VECTOR ( 'NONE', #875, 1000.000000000000000 ) ;
#5043 = EDGE_LOOP ( 'NONE', ( #4418, #1239 ) ) ;
#5044 = EDGE_CURVE ( 'NONE', #3858, #2219, #1354, .T. ) ;
#5045 = CARTESIAN_POINT ( 'NONE',  ( 10.00000000000000000, -100.2699999999999960, 7.075000000000001066 ) ) ;
#5046 = CARTESIAN_POINT ( 'NONE',  ( 16.48201039154661984, 10.77028141149406260, 50.00000000000000000 ) ) ;
#5047 = DIRECTION ( 'NONE',  ( 0.000000000000000000, 0.000000000000000000, -1.000000000000000000 ) ) ;
#5048 = AXIS2_PLACEMENT_3D ( 'NONE', #2642, #1053, #2197 ) ;
#5049 = ORIENTED_EDGE ( 'NONE', *, *, #3400, .F. ) ;
#5050 = EDGE_CURVE ( 'NONE', #3334, #3812, #4967, .T. ) ;
#5051 = EDGE_CURVE ( 'NONE', #692, #4940, #4839, .T. ) ;
#5052 = AXIS2_PLACEMENT_3D ( 'NONE', #2810, #4429, #3242 ) ;
#5053 = CARTESIAN_POINT ( 'NONE',  ( -17.00000000000000000, -40.99999999999996447, 39.99999999999999289 ) ) ;
#5054 = ORIENTED_EDGE ( 'NONE', *, *, #2171, .F. ) ;
#5055 = CIRCLE ( 'NONE', #1702, 2.149999999999999023 ) ;
#5056 = ORIENTED_EDGE ( 'NONE', *, *, #203, .F. ) ;
#5057 = ORIENTED_EDGE ( 'NONE', *, *, #1616, .F. ) ;
#5058 = ADVANCED_FACE ( 'NONE', ( #947 ), #85, .F. ) ;
#5059 = CARTESIAN_POINT ( 'NONE',  ( 17.00000000000004619, -34.99999999999999289, -27.00000000000001066 ) ) ;
#5060 = AXIS2_PLACEMENT_3D ( 'NONE', #3939, #1553, #3972 ) ;
#5061 = PLANE ( 'NONE',  #129 ) ;
#5062 = FACE_OUTER_BOUND ( 'NONE', #1194, .T. ) ;
#5063 = CARTESIAN_POINT ( 'NONE',  ( -0.4901790800424903338, 20.48855206734722501, -27.00000000000001066 ) ) ;
#5064 = CARTESIAN_POINT ( 'NONE',  ( 18.80000000000003979, -46.69999999999996021, 8.849999999999981881 ) ) ;
#5065 = ORIENTED_EDGE ( 'NONE', *, *, #4781, .F. ) ;
#5066 = CARTESIAN_POINT ( 'NONE',  ( 18.80000000000003979, -46.69999999999996021, 10.84999999999994813 ) ) ;
#5067 = LINE ( 'NONE', #2603, #2614 ) ;
#5068 = CARTESIAN_POINT ( 'NONE',  ( 13.99999999999999822, -26.50000000000000000, -27.00000000000000355 ) ) ;
#5069 = ORIENTED_EDGE ( 'NONE', *, *, #732, .T. ) ;
#5070 = EDGE_LOOP ( 'NONE', ( #3107, #3921, #2668, #4100, #3299, #1039, #454, #2247 ) ) ;
#5071 = CARTESIAN_POINT ( 'NONE',  ( -17.00000000000000355, -0.9999999999999574785, -30.00000000000000000 ) ) ;
#5072 = EDGE_CURVE ( 'NONE', #1247, #478, #1103, .T. ) ;
#5073 = FACE_OUTER_BOUND ( 'NONE', #3986, .T. ) ;
#5074 = AXIS2_PLACEMENT_3D ( 'NONE', #1918, #4276, #1147 ) ;
#5075 = LINE ( 'NONE', #3055, #742 ) ;
#5076 = ORIENTED_EDGE ( 'NONE', *, *, #1941, .F. ) ;
#5077 = ORIENTED_EDGE ( 'NONE', *, *, #3911, .F. ) ;
#5078 = LINE ( 'NONE', #1848, #101 ) ;
#5079 = VECTOR ( 'NONE', #702, 1000.000000000000000 ) ;
#5080 = CIRCLE ( 'NONE', #4490, 1.649999999999998579 ) ;
#5081 = ADVANCED_FACE ( 'NONE', ( #4524 ), #4050, .F. ) ;
#5082 = ORIENTED_EDGE ( 'NONE', *, *, #4981, .F. ) ;
#5083 = ORIENTED_EDGE ( 'NONE', *, *, #1344, .F. ) ;
#5084 = ORIENTED_EDGE ( 'NONE', *, *, #3471, .T. ) ;
#5085 = LINE ( 'NONE', #745, #2025 ) ;
#5086 = ADVANCED_FACE ( 'NONE', ( #2559 ), #3652, .F. ) ;
#5087 = CARTESIAN_POINT ( 'NONE',  ( -9.338552067347947627, 9.509820919957515883, -27.00000000000001066 ) ) ;
#5088 = CARTESIAN_POINT ( 'NONE',  ( 17.00000000000003908, -105.3000000000000256, 8.850000000000008527 ) ) ;
#5089 = DIRECTION ( 'NONE',  ( 1.000000000000000000, 0.000000000000000000, 0.000000000000000000 ) ) ;
#5090 = ORIENTED_EDGE ( 'NONE', *, *, #4887, .F. ) ;
#5091 = DIRECTION ( 'NONE',  ( -1.000000000000000000, 0.000000000000000000, 0.000000000000000000 ) ) ;
#5092 = CARTESIAN_POINT ( 'NONE',  ( -9.000000000000017764, -54.99999999999999289, -27.00000000000000355 ) ) ;
#5093 = LINE ( 'NONE', #1493, #3814 ) ;
#5094 = ORIENTED_EDGE ( 'NONE', *, *, #4730, .F. ) ;
#5095 = ORIENTED_EDGE ( 'NONE', *, *, #170, .T. ) ;
#5096 = VECTOR ( 'NONE', #4091, 1000.000000000000000 ) ;
#5097 = DIRECTION ( 'NONE',  ( 0.000000000000000000, 0.000000000000000000, 1.000000000000000000 ) ) ;
#5098 = LINE ( 'NONE', #1126, #2884 ) ;
#5099 = CARTESIAN_POINT ( 'NONE',  ( 8.550840296494985893, -64.61321960076965354, 30.00000000000000000 ) ) ;
#5100 = ORIENTED_EDGE ( 'NONE', *, *, #4673, .T. ) ;
#5101 = EDGE_LOOP ( 'NONE', ( #2925, #3774, #2119, #1641 ) ) ;
#5102 = CARTESIAN_POINT ( 'NONE',  ( -10.48855206734722323, 9.509820919957515883, -27.00000000000001066 ) ) ;
#5103 = CIRCLE ( 'NONE', #3508, 1.150000000000725109 ) ;
#5104 = ORIENTED_EDGE ( 'NONE', *, *, #3221, .F. ) ;
#5105 = AXIS2_PLACEMENT_3D ( 'NONE', #4658, #2666, #1074 ) ;
#5106 = ORIENTED_EDGE ( 'NONE', *, *, #3247, .T. ) ;
#5107 = AXIS2_PLACEMENT_3D ( 'NONE', #551, #948, #4840 ) ;
#5108 = ORIENTED_EDGE ( 'NONE', *, *, #3995, .T. ) ;
#5109 = EDGE_CURVE ( 'NONE', #3790, #548, #449, .T. ) ;
#5110 = DIRECTION ( 'NONE',  ( 1.000000000000000000, 0.000000000000000000, 0.000000000000000000 ) ) ;
#5111 = ORIENTED_EDGE ( 'NONE', *, *, #3764, .F. ) ;
#5112 = CARTESIAN_POINT ( 'NONE',  ( -14.00000000000000355, -26.50000000000000355, -35.00000000000000000 ) ) ;
#5113 = EDGE_CURVE ( 'NONE', #2914, #194, #1954, .T. ) ;
#5114 = CARTESIAN_POINT ( 'NONE',  ( 0.000000000000000000, 10.00000000000000533, -30.00000000000000000 ) ) ;
#5115 = EDGE_CURVE ( 'NONE', #2485, #660, #587, .T. ) ;
#5116 = CARTESIAN_POINT ( 'NONE',  ( -0.4797185885034007113, -6.482010391546610961, 30.00000000000000000 ) ) ;
#5117 = ORIENTED_EDGE ( 'NONE', *, *, #143, .F. ) ;
#5118 = FACE_OUTER_BOUND ( 'NONE', #2712, .T. ) ;
#5119 = DIRECTION ( 'NONE',  ( -0.000000000000000000, -1.000000000000000000, 0.000000000000000000 ) ) ;
#5120 = VERTEX_POINT ( 'NONE', #3336 ) ;
#5121 = ORIENTED_EDGE ( 'NONE', *, *, #4438, .T. ) ;
#5122 = CARTESIAN_POINT ( 'NONE',  ( 8.550840296494985893, -56.61321960076969617, 37.00000000000000000 ) ) ;
#5123 = DIRECTION ( 'NONE',  ( -1.000000000000000000, -1.734723475976806848E-16, -0.000000000000000000 ) ) ;
#5124 = DIRECTION ( 'NONE',  ( 0.000000000000000000, 0.000000000000000000, -1.000000000000000000 ) ) ;
#5125 = AXIS2_PLACEMENT_3D ( 'NONE', #3906, #2041, #2411 ) ;
#5126 = VECTOR ( 'NONE', #3088, 1000.000000000000000 ) ;
#5127 = ORIENTED_EDGE ( 'NONE', *, *, #2781, .T. ) ;
#5128 = ORIENTED_EDGE ( 'NONE', *, *, #1777, .T. ) ;
#5129 = CARTESIAN_POINT ( 'NONE',  ( 0.000000000000000000, -120.0000000000000000, -19.00000000000001776 ) ) ;
#5130 = PLANE ( 'NONE',  #1724 ) ;
#5131 = LINE ( 'NONE', #2775, #1233 ) ;
#5132 = EDGE_LOOP ( 'NONE', ( #2223, #559, #2860, #1138 ) ) ;
#5133 = AXIS2_PLACEMENT_3D ( 'NONE', #4587, #593, #1512 ) ;
#5134 = ORIENTED_EDGE ( 'NONE', *, *, #2616, .T. ) ;
#5135 = EDGE_LOOP ( 'NONE', ( #4423, #3422, #769, #3942 ) ) ;
#5136 = CARTESIAN_POINT ( 'NONE',  ( 9.338552067346498120, 10.49017908004249833, 50.00000000000000000 ) ) ;
#5137 = AXIS2_PLACEMENT_3D ( 'NONE', #2851, #4549, #550 ) ;
#5138 = AXIS2_PLACEMENT_3D ( 'NONE', #1845, #3415, #214 ) ;
#5139 = EDGE_CURVE ( 'NONE', #509, #408, #1658, .T. ) ;
#5140 = EDGE_LOOP ( 'NONE', ( #4758, #136 ) ) ;
#5141 = LINE ( 'NONE', #3927, #1612 ) ;
#5142 = CARTESIAN_POINT ( 'NONE',  ( 16.48201039154661984, 10.77028141149406260, 27.00000000000000000 ) ) ;
#5143 = AXIS2_PLACEMENT_3D ( 'NONE', #2167, #160, #1764 ) ;
#5144 = LINE ( 'NONE', #1172, #4853 ) ;
#5145 = VERTEX_POINT ( 'NONE', #3678 ) ;
#5146 = CARTESIAN_POINT ( 'NONE',  ( 10.48855206734722323, 10.49017908004249833, 27.00000000000000000 ) ) ;
#5147 = DIRECTION ( 'NONE',  ( 1.000000000000000000, 0.000000000000000000, 0.000000000000000000 ) ) ;
#5148 = EDGE_CURVE ( 'NONE', #1030, #839, #2114, .T. ) ;
#5149 = ORIENTED_EDGE ( 'NONE', *, *, #4832, .F. ) ;
#5150 = DIRECTION ( 'NONE',  ( -1.000000000000000000, -1.734723475976807341E-16, -0.000000000000000000 ) ) ;
#5151 = DIRECTION ( 'NONE',  ( -0.7071067811865483499, 0.7071067811865467956, 0.000000000000000000 ) ) ;
#5152 = EDGE_CURVE ( 'NONE', #381, #2727, #3284, .T. ) ;
#5153 = EDGE_CURVE ( 'NONE', #2084, #1027, #1339, .T. ) ;
#5154 = VERTEX_POINT ( 'NONE', #2455 ) ;
#5155 = ORIENTED_EDGE ( 'NONE', *, *, #4499, .T. ) ;
#5156 = DIRECTION ( 'NONE',  ( 0.000000000000000000, 0.000000000000000000, -1.000000000000000000 ) ) ;
#5157 = LINE ( 'NONE', #3918, #3735 ) ;
#5158 = CIRCLE ( 'NONE', #375, 2.149999999999998135 ) ;
#5159 = LINE ( 'NONE', #5030, #3417 ) ;
#5160 = EDGE_LOOP ( 'NONE', ( #4151, #3324, #3559, #713 ) ) ;
#5161 = ORIENTED_EDGE ( 'NONE', *, *, #4246, .F. ) ;
#5162 = ORIENTED_EDGE ( 'NONE', *, *, #911, .F. ) ;
#5163 = AXIS2_PLACEMENT_3D ( 'NONE', #5033, #125, #3799 ) ;
#5164 = LINE ( 'NONE', #3923, #3111 ) ;
#5165 = EDGE_LOOP ( 'NONE', ( #4126, #3204 ) ) ;
#5166 = CARTESIAN_POINT ( 'NONE',  ( -17.00000000000000000, -30.99999999999995737, 39.99999999999999289 ) ) ;
#5167 = DIRECTION ( 'NONE',  ( 0.000000000000000000, 0.000000000000000000, -1.000000000000000000 ) ) ;
#5168 = FACE_BOUND ( 'NONE', #1897, .T. ) ;
#5169 = ORIENTED_EDGE ( 'NONE', *, *, #1736, .F. ) ;
#5170 = EDGE_CURVE ( 'NONE', #4048, #2539, #527, .T. ) ;
#5171 = LINE ( 'NONE', #4805, #4166 ) ;
#5172 = DIRECTION ( 'NONE',  ( 0.000000000000000000, 0.000000000000000000, -1.000000000000000000 ) ) ;
#5173 = CYLINDRICAL_SURFACE ( 'NONE', #2280, 1.150000000000725109 ) ;
#5174 = EDGE_CURVE ( 'NONE', #2539, #766, #137, .T. ) ;
#5175 = CYLINDRICAL_SURFACE ( 'NONE', #1622, 1.249999999997455813 ) ;
#5176 = AXIS2_PLACEMENT_3D ( 'NONE', #3989, #3593, #387 ) ;
#5177 = EDGE_LOOP ( 'NONE', ( #1343, #4924, #526, #2377 ) ) ;
#5178 = VERTEX_POINT ( 'NONE', #869 ) ;
#5179 = CARTESIAN_POINT ( 'NONE',  ( -19.99999999999999645, -55.00000000000000000, -27.00000000000000355 ) ) ;
#5180 = CARTESIAN_POINT ( 'NONE',  ( -14.00000000000000178, -21.50000000000000000, -35.00000000000000000 ) ) ;
#5181 = EDGE_CURVE ( 'NONE', #1506, #219, #2480, .T. ) ;
#5182 = EDGE_CURVE ( 'NONE', #1987, #4063, #1598, .T. ) ;
#5183 = AXIS2_PLACEMENT_3D ( 'NONE', #1583, #400, #3845 ) ;
#5184 = DIRECTION ( 'NONE',  ( 0.000000000000000000, 0.000000000000000000, 1.000000000000000000 ) ) ;
#5185 = ORIENTED_EDGE ( 'NONE', *, *, #2700, .F. ) ;
#5186 = ORIENTED_EDGE ( 'NONE', *, *, #4479, .T. ) ;
#5187 = LINE ( 'NONE', #4424, #4286 ) ;
#5188 = FACE_BOUND ( 'NONE', #1057, .T. ) ;
#5189 = ORIENTED_EDGE ( 'NONE', *, *, #1054, .F. ) ;
#5190 = CARTESIAN_POINT ( 'NONE',  ( -15.23201039154735170, 9.229718588505949839, 30.00000000000000000 ) ) ;
#5191 = CARTESIAN_POINT ( 'NONE',  ( 20.00000000000000000, -50.84999999999999432, 2.774999999999999467 ) ) ;
#5192 = DIRECTION ( 'NONE',  ( -0.000000000000000000, -0.000000000000000000, -1.000000000000000000 ) ) ;
#5193 = ORIENTED_EDGE ( 'NONE', *, *, #2700, .T. ) ;
#5194 = CARTESIAN_POINT ( 'NONE',  ( 3.000000000000046185, -46.49999999999999289, -27.00000000000000355 ) ) ;
#5195 = AXIS2_PLACEMENT_3D ( 'NONE', #3617, #4516, #50 ) ;
#5196 = FACE_OUTER_BOUND ( 'NONE', #1961, .T. ) ;
#5197 = VECTOR ( 'NONE', #5167, 1000.000000000000000 ) ;
ENDSEC;
END-ISO-10303-21;
