ISO-10303-21;
HEADER;
FILE_DESCRIPTION (( 'STEP AP214' ),
    '1' );
FILE_NAME ('thigh.STEP',
    '2026-04-30T14:11:52',
    ( '' ),
    ( '' ),
    'SwSTEP 2.0',
    'SolidWorks 2025',
    '' );
FILE_SCHEMA (( 'AUTOMOTIVE_DESIGN' ));
ENDSEC;

DATA;
#1 = VERTEX_POINT ( 'NONE', #3843 ) ;
#2 = CARTESIAN_POINT ( 'NONE',  ( -10.99999999999995737, -46.49999999999999289, -27.00000000000001066 ) ) ;
#3 = LINE ( 'NONE', #710, #102 ) ;
#4 = CARTESIAN_POINT ( 'NONE',  ( 20.00000000000000000, -49.99999999999997868, -27.00000000000000000 ) ) ;
#5 = CARTESIAN_POINT ( 'NONE',  ( -17.00000000000000355, -10.99999999999995737, -27.00000000000000000 ) ) ;
#6 = ORIENTED_EDGE ( 'NONE', *, *, #4756, .T. ) ;
#7 =( LENGTH_UNIT ( ) NAMED_UNIT ( * ) SI_UNIT ( .MILLI., .METRE. ) );
#8 = DIRECTION ( 'NONE',  ( 1.000000000000000000, 0.000000000000000000, 0.000000000000000000 ) ) ;
#9 = ORIENTED_EDGE ( 'NONE', *, *, #3208, .F. ) ;
#10 = DIRECTION ( 'NONE',  ( -0.000000000000000000, -0.000000000000000000, 1.000000000000000000 ) ) ;
#11 = EDGE_CURVE ( 'NONE', #4465, #1910, #3767, .T. ) ;
#12 = VERTEX_POINT ( 'NONE', #4679 ) ;
#13 = CARTESIAN_POINT ( 'NONE',  ( 9.000000000000017764, 30.00000000000000711, -27.00000000000000000 ) ) ;
#14 = ORIENTED_EDGE ( 'NONE', *, *, #2552, .F. ) ;
#15 = DIRECTION ( 'NONE',  ( -0.000000000000000000, -0.000000000000000000, 1.000000000000000000 ) ) ;
#16 = CARTESIAN_POINT ( 'NONE',  ( -2.020281411496603674, 26.48201039154662340, -50.00000000000000000 ) ) ;
#17 = AXIS2_PLACEMENT_3D ( 'NONE', #4455, #3278, #4159 ) ;
#18 = CIRCLE ( 'NONE', #186, 1.649999999999998579 ) ;
#19 = ORIENTED_EDGE ( 'NONE', *, *, #1315, .T. ) ;
#20 = AXIS2_PLACEMENT_3D ( 'NONE', #2144, #325, #3394 ) ;
#21 = CARTESIAN_POINT ( 'NONE',  ( 20.00000000000000000, -117.0000000000000000, -3.350000000000000533 ) ) ;
#22 = ORIENTED_EDGE ( 'NONE', *, *, #3911, .T. ) ;
#23 = CARTESIAN_POINT ( 'NONE',  ( -14.00000000000000355, -26.50000000000000355, 35.00000000000000000 ) ) ;
#24 = EDGE_CURVE ( 'NONE', #4108, #2688, #18, .T. ) ;
#25 = ORIENTED_EDGE ( 'NONE', *, *, #2937, .T. ) ;
#26 = EDGE_CURVE ( 'NONE', #1834, #2833, #3007, .T. ) ;
#27 = FACE_BOUND ( 'NONE', #4797, .T. ) ;
#28 = CARTESIAN_POINT ( 'NONE',  ( 0.7702814114940549350, -6.482010391546610961, -30.00000000000000000 ) ) ;
#29 = CARTESIAN_POINT ( 'NONE',  ( 17.73201039154735170, 10.77028141149406260, -50.00000000000000000 ) ) ;
#30 = FACE_BOUND ( 'NONE', #367, .T. ) ;
#31 = LINE ( 'NONE', #473, #3372 ) ;
#32 = ORIENTED_EDGE ( 'NONE', *, *, #366, .F. ) ;
#33 = CARTESIAN_POINT ( 'NONE',  ( -7.999999999999958256, -113.4999999999999858, -6.650000000000000355 ) ) ;
#34 = LINE ( 'NONE', #108, #2395 ) ;
#35 = ORIENTED_EDGE ( 'NONE', *, *, #5097, .T. ) ;
#36 = DIRECTION ( 'NONE',  ( 0.000000000000000000, 0.000000000000000000, -1.000000000000000000 ) ) ;
#37 = VERTEX_POINT ( 'NONE', #1806 ) ;
#38 = DIRECTION ( 'NONE',  ( 0.000000000000000000, 0.000000000000000000, 1.000000000000000000 ) ) ;
#39 = VERTEX_POINT ( 'NONE', #4990 ) ;
#40 = CARTESIAN_POINT ( 'NONE',  ( 20.00000000000000000, -100.2699999999999960, -14.77499999999999858 ) ) ;
#41 = AXIS2_PLACEMENT_3D ( 'NONE', #3464, #1427, #2618 ) ;
#42 = ORIENTED_EDGE ( 'NONE', *, *, #24, .T. ) ;
#43 = CARTESIAN_POINT ( 'NONE',  ( 20.00000000000000000, 18.99999999999996803, 30.00000000000000000 ) ) ;
#44 = EDGE_LOOP ( 'NONE', ( #527, #763, #4817, #4368 ) ) ;
#45 = DIRECTION ( 'NONE',  ( 0.000000000000000000, 0.000000000000000000, -1.000000000000000000 ) ) ;
#46 = CIRCLE ( 'NONE', #376, 4.000000000000000000 ) ;
#47 = ORIENTED_EDGE ( 'NONE', *, *, #74, .F. ) ;
#48 = ADVANCED_FACE ( 'NONE', ( #968 ), #2581, .F. ) ;
#49 = AXIS2_PLACEMENT_3D ( 'NONE', #3003, #3892, #3396 ) ;
#50 = FACE_OUTER_BOUND ( 'NONE', #1474, .T. ) ;
#51 = LINE ( 'NONE', #1305, #989 ) ;
#52 = LINE ( 'NONE', #127, #4663 ) ;
#53 = EDGE_CURVE ( 'NONE', #1252, #3268, #2797, .T. ) ;
#54 = VECTOR ( 'NONE', #1293, 1000.000000000000000 ) ;
#55 = CARTESIAN_POINT ( 'NONE',  ( 0.5508402964949227210, -56.61321960076969617, -27.00000000000000000 ) ) ;
#56 = ORIENTED_EDGE ( 'NONE', *, *, #1405, .F. ) ;
#57 = DIRECTION ( 'NONE',  ( -0.000000000000000000, -0.000000000000000000, 1.000000000000000000 ) ) ;
#58 = VERTEX_POINT ( 'NONE', #623 ) ;
#59 = DIRECTION ( 'NONE',  ( -0.000000000000000000, -0.000000000000000000, 1.000000000000000000 ) ) ;
#60 = CIRCLE ( 'NONE', #3004, 1.250000000000733191 ) ;
#61 = CIRCLE ( 'NONE', #4594, 1.249999999999267253 ) ;
#62 = EDGE_LOOP ( 'NONE', ( #3986, #3958, #4994, #4543 ) ) ;
#63 = DIRECTION ( 'NONE',  ( 1.000000000000000000, -0.000000000000000000, -0.000000000000000000 ) ) ;
#64 = ORIENTED_EDGE ( 'NONE', *, *, #3179, .T. ) ;
#65 = LINE ( 'NONE', #1737, #3000 ) ;
#66 = ORIENTED_EDGE ( 'NONE', *, *, #4059, .F. ) ;
#67 = FACE_OUTER_BOUND ( 'NONE', #1814, .T. ) ;
#68 = VERTEX_POINT ( 'NONE', #994 ) ;
#69 = CIRCLE ( 'NONE', #4107, 1.650000000000000355 ) ;
#70 = CARTESIAN_POINT ( 'NONE',  ( -0.4901790800424903338, 20.48855206734722501, -30.00000000000000000 ) ) ;
#71 = EDGE_CURVE ( 'NONE', #3393, #374, #571, .T. ) ;
#72 = AXIS2_PLACEMENT_3D ( 'NONE', #408, #111, #4918 ) ;
#73 = ORIENTED_EDGE ( 'NONE', *, *, #5019, .F. ) ;
#74 = EDGE_CURVE ( 'NONE', #2833, #1, #650, .T. ) ;
#75 = LINE ( 'NONE', #4906, #4552 ) ;
#76 = DIRECTION ( 'NONE',  ( 1.000000000000000000, 0.000000000000000000, 0.000000000000000000 ) ) ;
#77 = AXIS2_PLACEMENT_3D ( 'NONE', #3382, #2586, #170 ) ;
#78 = FACE_OUTER_BOUND ( 'NONE', #2542, .T. ) ;
#79 = EDGE_CURVE ( 'NONE', #5024, #562, #4647, .T. ) ;
#80 = CIRCLE ( 'NONE', #3365, 1.649999999999998579 ) ;
#81 = CARTESIAN_POINT ( 'NONE',  ( 20.00000000000000000, -49.99999999999997868, 27.00000000000000355 ) ) ;
#82 = ORIENTED_EDGE ( 'NONE', *, *, #2929, .F. ) ;
#83 = CARTESIAN_POINT ( 'NONE',  ( 0.000000000000000000, 0.000000000000000000, 0.000000000000000000 ) ) ;
#84 = CARTESIAN_POINT ( 'NONE',  ( 18.80000000000003979, -105.2999999999999972, 1.000000000000039080 ) ) ;
#85 = ORIENTED_EDGE ( 'NONE', *, *, #2154, .F. ) ;
#86 = DIRECTION ( 'NONE',  ( -0.7071067811865482389, -0.7071067811865469066, 0.000000000000000000 ) ) ;
#87 = ORIENTED_EDGE ( 'NONE', *, *, #908, .T. ) ;
#88 = FACE_BOUND ( 'NONE', #3206, .T. ) ;
#89 = DIRECTION ( 'NONE',  ( 0.000000000000000000, 0.000000000000000000, -1.000000000000000000 ) ) ;
#90 = VERTEX_POINT ( 'NONE', #2659 ) ;
#91 = EDGE_CURVE ( 'NONE', #3893, #3384, #1781, .T. ) ;
#92 = AXIS2_PLACEMENT_3D ( 'NONE', #730, #1123, #3835 ) ;
#93 = EDGE_CURVE ( 'NONE', #3136, #380, #1107, .T. ) ;
#94 = CARTESIAN_POINT ( 'NONE',  ( 18.80000000000003979, -46.69999999999984652, 1.000000000000020872 ) ) ;
#95 = VERTEX_POINT ( 'NONE', #4210 ) ;
#96 = CARTESIAN_POINT ( 'NONE',  ( 13.99999999999999645, -26.50000000000000355, 35.00000000000000000 ) ) ;
#97 = ORIENTED_EDGE ( 'NONE', *, *, #53, .F. ) ;
#98 = CARTESIAN_POINT ( 'NONE',  ( -19.99999999999999645, -49.99999999999997868, 27.00000000000000355 ) ) ;
#99 = EDGE_CURVE ( 'NONE', #4566, #2243, #598, .T. ) ;
#100 = VECTOR ( 'NONE', #597, 1000.000000000000000 ) ;
#101 = EDGE_LOOP ( 'NONE', ( #1934, #1655 ) ) ;
#102 = VECTOR ( 'NONE', #2793, 1000.000000000000000 ) ;
#103 = DIRECTION ( 'NONE',  ( -0.7071067811865489050, 0.7071067811865460184, -0.000000000000000000 ) ) ;
#104 = DIRECTION ( 'NONE',  ( -1.000000000000000000, 0.000000000000000000, 0.000000000000000000 ) ) ;
#105 = CYLINDRICAL_SURFACE ( 'NONE', #2997, 1.249999999997455813 ) ;
#106 = ORIENTED_EDGE ( 'NONE', *, *, #1725, .F. ) ;
#107 = SHAPE_DEFINITION_REPRESENTATION ( #1593, #2443 ) ;
#108 = CARTESIAN_POINT ( 'NONE',  ( -1.640179080045057747, 20.48855206734722501, -50.00000000000000000 ) ) ;
#109 = VERTEX_POINT ( 'NONE', #2390 ) ;
#110 = CARTESIAN_POINT ( 'NONE',  ( -9.000000000000017764, -54.99999999999999289, 27.00000000000000355 ) ) ;
#111 = DIRECTION ( 'NONE',  ( 1.000000000000000000, 0.000000000000000000, 0.000000000000000000 ) ) ;
#112 = ORIENTED_EDGE ( 'NONE', *, *, #2438, .F. ) ;
#113 = CARTESIAN_POINT ( 'NONE',  ( -9.338552067347947627, 9.509820919957515883, 30.00000000000000000 ) ) ;
#114 = ADVANCED_FACE ( 'NONE', ( #1912 ), #1967, .F. ) ;
#115 = DIRECTION ( 'NONE',  ( 1.000000000000000000, -0.000000000000000000, -0.000000000000000000 ) ) ;
#116 = EDGE_LOOP ( 'NONE', ( #3240, #1284, #688, #323 ) ) ;
#117 = CYLINDRICAL_SURFACE ( 'NONE', #3418, 1.649999999999999467 ) ;
#118 = ORIENTED_EDGE ( 'NONE', *, *, #1550, .T. ) ;
#119 = CARTESIAN_POINT ( 'NONE',  ( -11.50000000000000533, -19.00000000000000355, 35.00000000000000000 ) ) ;
#120 = ORIENTED_EDGE ( 'NONE', *, *, #334, .F. ) ;
#121 = PLANE ( 'NONE',  #1657 ) ;
#122 = EDGE_CURVE ( 'NONE', #4320, #2316, #1522, .T. ) ;
#123 = ORIENTED_EDGE ( 'NONE', *, *, #797, .F. ) ;
#124 = AXIS2_PLACEMENT_3D ( 'NONE', #2191, #2543, #1714 ) ;
#125 = DIRECTION ( 'NONE',  ( 0.000000000000000000, 0.000000000000000000, -1.000000000000000000 ) ) ;
#126 = CARTESIAN_POINT ( 'NONE',  ( -17.00000000000000355, -10.99999999999995737, 30.00000000000000000 ) ) ;
#127 = CARTESIAN_POINT ( 'NONE',  ( 17.00000000000004619, -34.99999999999999289, -27.00000000000000000 ) ) ;
#128 = AXIS2_PLACEMENT_3D ( 'NONE', #2826, #3255, #4038 ) ;
#129 = EDGE_CURVE ( 'NONE', #2860, #4897, #1772, .T. ) ;
#130 = ORIENTED_EDGE ( 'NONE', *, *, #776, .F. ) ;
#131 = AXIS2_PLACEMENT_3D ( 'NONE', #4367, #2305, #785 ) ;
#132 = AXIS2_PLACEMENT_3D ( 'NONE', #778, #2433, #1637 ) ;
#133 = ORIENTED_EDGE ( 'NONE', *, *, #2320, .T. ) ;
#134 = CARTESIAN_POINT ( 'NONE',  ( 13.99999999999999645, -21.50000000000000000, 27.00000000000000355 ) ) ;
#135 = ORIENTED_EDGE ( 'NONE', *, *, #1837, .T. ) ;
#136 = LINE ( 'NONE', #3324, #1235 ) ;
#137 = CARTESIAN_POINT ( 'NONE',  ( -14.00000000000000178, -21.50000000000000000, 30.00000000000000000 ) ) ;
#138 = VECTOR ( 'NONE', #3290, 1000.000000000000000 ) ;
#139 = VERTEX_POINT ( 'NONE', #4289 ) ;
#140 = EDGE_CURVE ( 'NONE', #4048, #481, #1526, .T. ) ;
#141 = CARTESIAN_POINT ( 'NONE',  ( -4.000000000000000000, 10.00000000000000533, 30.00000000000000000 ) ) ;
#142 = VECTOR ( 'NONE', #3180, 1000.000000000000000 ) ;
#143 = CARTESIAN_POINT ( 'NONE',  ( -15.35000000000000142, -40.99999999999996447, 27.00000000000001066 ) ) ;
#144 = EDGE_LOOP ( 'NONE', ( #3672, #2387 ) ) ;
#145 = CARTESIAN_POINT ( 'NONE',  ( 11.49999999999999645, -28.99999999999999645, 35.00000000000000000 ) ) ;
#146 = VECTOR ( 'NONE', #3437, 1000.000000000000000 ) ;
#147 = AXIS2_PLACEMENT_3D ( 'NONE', #2364, #3615, #1131 ) ;
#148 = VERTEX_POINT ( 'NONE', #3170 ) ;
#149 = CARTESIAN_POINT ( 'NONE',  ( 0.000000000000000000, 10.00000000000000533, 26.99999999999999645 ) ) ;
#150 = ORIENTED_EDGE ( 'NONE', *, *, #3550, .T. ) ;
#151 = CARTESIAN_POINT ( 'NONE',  ( -10.48855206734722323, 9.509820919957515883, -27.00000000000000000 ) ) ;
#152 = ORIENTED_EDGE ( 'NONE', *, *, #2513, .F. ) ;
#153 = DIRECTION ( 'NONE',  ( -1.000000000000000000, -0.000000000000000000, -0.000000000000000000 ) ) ;
#154 = DIRECTION ( 'NONE',  ( 0.000000000000000000, 0.000000000000000000, -1.000000000000000000 ) ) ;
#155 = EDGE_CURVE ( 'NONE', #5056, #4640, #2740, .T. ) ;
#156 = CYLINDRICAL_SURFACE ( 'NONE', #4912, 2.150000000000004352 ) ;
#157 = AXIS2_PLACEMENT_3D ( 'NONE', #377, #2328, #4695 ) ;
#158 = EDGE_CURVE ( 'NONE', #1292, #2901, #4371, .T. ) ;
#159 = ORIENTED_EDGE ( 'NONE', *, *, #4114, .F. ) ;
#160 = ORIENTED_EDGE ( 'NONE', *, *, #4958, .T. ) ;
#161 = VECTOR ( 'NONE', #2836, 1000.000000000000000 ) ;
#162 = CARTESIAN_POINT ( 'NONE',  ( -0.4901790800424903338, 20.48855206734722501, 27.00000000000001066 ) ) ;
#163 = DIRECTION ( 'NONE',  ( 0.000000000000000000, 0.000000000000000000, -1.000000000000000000 ) ) ;
#164 = EDGE_CURVE ( 'NONE', #1587, #3480, #3636, .T. ) ;
#165 = LINE ( 'NONE', #1269, #813 ) ;
#166 = FACE_BOUND ( 'NONE', #4914, .T. ) ;
#167 = ADVANCED_FACE ( 'NONE', ( #1208, #5148, #1886, #337, #3976 ), #1576, .F. ) ;
#168 = ADVANCED_FACE ( 'NONE', ( #1994 ), #363, .F. ) ;
#169 = ORIENTED_EDGE ( 'NONE', *, *, #4075, .F. ) ;
#170 = DIRECTION ( 'NONE',  ( 1.000000000000000000, 0.000000000000000000, 0.000000000000000000 ) ) ;
#171 = LINE ( 'NONE', #4118, #3169 ) ;
#172 = ORIENTED_EDGE ( 'NONE', *, *, #3421, .T. ) ;
#173 = DIRECTION ( 'NONE',  ( 1.000000000000000000, -0.000000000000000000, -0.000000000000000000 ) ) ;
#174 = VECTOR ( 'NONE', #3498, 1000.000000000000000 ) ;
#175 = ORIENTED_EDGE ( 'NONE', *, *, #4140, .F. ) ;
#176 = DIRECTION ( 'NONE',  ( -0.000000000000000000, -1.000000000000000000, -4.180056568618783592E-15 ) ) ;
#177 = VERTEX_POINT ( 'NONE', #4003 ) ;
#178 = CARTESIAN_POINT ( 'NONE',  ( -17.00000000000000355, -10.99999999999995737, 26.99999999999999645 ) ) ;
#179 = VERTEX_POINT ( 'NONE', #3561 ) ;
#180 = EDGE_CURVE ( 'NONE', #4794, #4461, #3051, .T. ) ;
#181 = LINE ( 'NONE', #2172, #2459 ) ;
#182 = LINE ( 'NONE', #2224, #3737 ) ;
#183 = CARTESIAN_POINT ( 'NONE',  ( -13.03118965213752745, -43.03118965213742797, -27.00000000000000000 ) ) ;
#184 = AXIS2_PLACEMENT_3D ( 'NONE', #4393, #3921, #309 ) ;
#185 = ORIENTED_EDGE ( 'NONE', *, *, #1693, .F. ) ;
#186 = AXIS2_PLACEMENT_3D ( 'NONE', #234, #163, #4623 ) ;
#187 = LINE ( 'NONE', #2629, #775 ) ;
#188 = DIRECTION ( 'NONE',  ( -0.000000000000000000, -0.000000000000000000, 1.000000000000000000 ) ) ;
#189 = DIRECTION ( 'NONE',  ( -0.000000000000000000, -1.000000000000000000, -2.899914244479310235E-15 ) ) ;
#190 = CARTESIAN_POINT ( 'NONE',  ( -17.00000000000000355, -10.99999999999995737, -30.00000000000000000 ) ) ;
#191 = VERTEX_POINT ( 'NONE', #1547 ) ;
#192 = LINE ( 'NONE', #4559, #414 ) ;
#193 = CARTESIAN_POINT ( 'NONE',  ( 11.49999999999999645, -28.99999999999999645, 35.00000000000000000 ) ) ;
#194 = ORIENTED_EDGE ( 'NONE', *, *, #2947, .T. ) ;
#195 = FACE_OUTER_BOUND ( 'NONE', #4558, .T. ) ;
#196 = ADVANCED_FACE ( 'NONE', ( #766 ), #4394, .F. ) ;
#197 = CARTESIAN_POINT ( 'NONE',  ( 17.00000000000000000, 0.000000000000000000, 30.00000000000000000 ) ) ;
#198 = ORIENTED_EDGE ( 'NONE', *, *, #595, .F. ) ;
#199 = CARTESIAN_POINT ( 'NONE',  ( 18.80000000000003979, -97.00000000000000000, -10.84999999999996767 ) ) ;
#200 = ORIENTED_EDGE ( 'NONE', *, *, #938, .T. ) ;
#201 = FACE_OUTER_BOUND ( 'NONE', #4441, .T. ) ;
#202 = EDGE_CURVE ( 'NONE', #12, #955, #3138, .T. ) ;
#203 = EDGE_LOOP ( 'NONE', ( #1167, #2301, #200, #2215, #2399, #524, #2782, #1173, #1962, #169, #4669, #2591, #5194, #1528, #4957, #2040 ) ) ;
#204 = CARTESIAN_POINT ( 'NONE',  ( 20.00000000000000000, -50.84999999999999432, 2.775000000000000355 ) ) ;
#205 = DIRECTION ( 'NONE',  ( -0.000000000000000000, -0.000000000000000000, 1.000000000000000000 ) ) ;
#206 = EDGE_CURVE ( 'NONE', #3708, #139, #4313, .T. ) ;
#207 = VERTEX_POINT ( 'NONE', #1185 ) ;
#208 = AXIS2_PLACEMENT_3D ( 'NONE', #2695, #1482, #1090 ) ;
#209 = DIRECTION ( 'NONE',  ( 0.000000000000000000, -1.000000000000000000, 1.387778780781450251E-14 ) ) ;
#210 = AXIS2_PLACEMENT_3D ( 'NONE', #3148, #746, #822 ) ;
#211 = ORIENTED_EDGE ( 'NONE', *, *, #3985, .T. ) ;
#212 = DIRECTION ( 'NONE',  ( 0.000000000000000000, 0.000000000000000000, -1.000000000000000000 ) ) ;
#213 = DIRECTION ( 'NONE',  ( -1.000000000000000000, 0.000000000000000000, 0.000000000000000000 ) ) ;
#214 = EDGE_CURVE ( 'NONE', #3681, #191, #3, .T. ) ;
#215 = CIRCLE ( 'NONE', #1141, 1.150000000000725109 ) ;
#216 = EDGE_LOOP ( 'NONE', ( #757, #97 ) ) ;
#217 = FACE_OUTER_BOUND ( 'NONE', #4261, .T. ) ;
#218 = DIRECTION ( 'NONE',  ( -1.000000000000000000, 0.000000000000000000, 0.000000000000000000 ) ) ;
#219 = ORIENTED_EDGE ( 'NONE', *, *, #3347, .T. ) ;
#220 = DIRECTION ( 'NONE',  ( 0.000000000000000000, 0.000000000000000000, -1.000000000000000000 ) ) ;
#221 = AXIS2_PLACEMENT_3D ( 'NONE', #1322, #3333, #4486 ) ;
#222 = VERTEX_POINT ( 'NONE', #1601 ) ;
#223 = FACE_BOUND ( 'NONE', #1142, .T. ) ;
#224 = ORIENTED_EDGE ( 'NONE', *, *, #1555, .T. ) ;
#225 = CARTESIAN_POINT ( 'NONE',  ( -19.99999999999999645, -49.99999999999997868, -27.00000000000000000 ) ) ;
#226 = VECTOR ( 'NONE', #3534, 1000.000000000000000 ) ;
#227 = ORIENTED_EDGE ( 'NONE', *, *, #4557, .T. ) ;
#228 = DIRECTION ( 'NONE',  ( 0.000000000000000000, 0.000000000000000000, -1.000000000000000000 ) ) ;
#229 = AXIS2_PLACEMENT_3D ( 'NONE', #2145, #154, #4181 ) ;
#230 = DIRECTION ( 'NONE',  ( 1.000000000000000000, 0.000000000000000000, 0.000000000000000000 ) ) ;
#231 = DIRECTION ( 'NONE',  ( -1.000000000000000000, 0.000000000000000000, 0.000000000000000000 ) ) ;
#232 = VERTEX_POINT ( 'NONE', #2309 ) ;
#233 = LINE ( 'NONE', #1833, #680 ) ;
#234 = CARTESIAN_POINT ( 'NONE',  ( -17.00000000000000000, -40.99999999999996447, 30.00000000000000000 ) ) ;
#235 = VECTOR ( 'NONE', #5145, 1000.000000000000000 ) ;
#236 = CARTESIAN_POINT ( 'NONE',  ( -20.00000000000000000, -43.99999999999997158, 30.00000000000000000 ) ) ;
#237 = CARTESIAN_POINT ( 'NONE',  ( 18.80000000000003979, 0.000000000000000000, 0.000000000000000000 ) ) ;
#238 = VECTOR ( 'NONE', #970, 1000.000000000000000 ) ;
#239 = EDGE_LOOP ( 'NONE', ( #412, #684, #3855, #1686 ) ) ;
#240 = CARTESIAN_POINT ( 'NONE',  ( -8.999999999999962697, 30.00000000000000711, 30.00000000000000000 ) ) ;
#241 = CARTESIAN_POINT ( 'NONE',  ( 20.00000000000000000, -117.0000000000000000, 5.000000000000000000 ) ) ;
#242 = ORIENTED_EDGE ( 'NONE', *, *, #4299, .F. ) ;
#243 = DIRECTION ( 'NONE',  ( -0.000000000000000000, -0.000000000000000000, -1.000000000000000000 ) ) ;
#244 = ADVANCED_FACE ( 'NONE', ( #3922 ), #1723, .F. ) ;
#245 = VECTOR ( 'NONE', #2030, 1000.000000000000000 ) ;
#246 = CARTESIAN_POINT ( 'NONE',  ( -2.020281411496603674, 26.48201039154662340, 27.00000000000001066 ) ) ;
#247 = VERTEX_POINT ( 'NONE', #2118 ) ;
#248 = FACE_BOUND ( 'NONE', #859, .T. ) ;
#249 = ORIENTED_EDGE ( 'NONE', *, *, #2267, .F. ) ;
#250 = CARTESIAN_POINT ( 'NONE',  ( 0.6598209199600770791, 20.48855206734722501, 30.00000000000000000 ) ) ;
#251 = AXIS2_PLACEMENT_3D ( 'NONE', #4281, #672, #2276 ) ;
#252 = ORIENTED_EDGE ( 'NONE', *, *, #1211, .F. ) ;
#253 = FACE_OUTER_BOUND ( 'NONE', #2565, .T. ) ;
#254 = ORIENTED_EDGE ( 'NONE', *, *, #1978, .T. ) ;
#255 = CYLINDRICAL_SURFACE ( 'NONE', #3188, 1.150000000002567413 ) ;
#256 = EDGE_CURVE ( 'NONE', #2648, #4889, #2110, .T. ) ;
#257 = DIRECTION ( 'NONE',  ( 1.000000000000000000, 0.000000000000000000, 0.000000000000000000 ) ) ;
#258 = VERTEX_POINT ( 'NONE', #4935 ) ;
#259 = DIRECTION ( 'NONE',  ( -0.000000000000000000, -0.000000000000000000, 1.000000000000000000 ) ) ;
#260 = DIRECTION ( 'NONE',  ( 0.7071067811865477948, 0.7071067811865473507, 0.000000000000000000 ) ) ;
#261 = FACE_OUTER_BOUND ( 'NONE', #3652, .T. ) ;
#262 = CIRCLE ( 'NONE', #1435, 1.250000000000733191 ) ;
#263 = PLANE ( 'NONE',  #2854 ) ;
#264 = VECTOR ( 'NONE', #4836, 1000.000000000000000 ) ;
#265 = VERTEX_POINT ( 'NONE', #3690 ) ;
#266 = CARTESIAN_POINT ( 'NONE',  ( 18.80000000000003979, -46.69999999999996021, -10.84999999999994813 ) ) ;
#267 = CARTESIAN_POINT ( 'NONE',  ( -0.7702814114940569334, 26.48201039154662340, -27.00000000000000000 ) ) ;
#268 = ORIENTED_EDGE ( 'NONE', *, *, #4598, .F. ) ;
#269 = FACE_OUTER_BOUND ( 'NONE', #1066, .T. ) ;
#270 = DIRECTION ( 'NONE',  ( 1.000000000000000000, 0.000000000000000000, 0.000000000000000000 ) ) ;
#271 = ORIENTED_EDGE ( 'NONE', *, *, #2386, .T. ) ;
#272 = DIRECTION ( 'NONE',  ( 0.7071067811865489050, -0.7071067811865460184, -0.000000000000000000 ) ) ;
#273 = ORIENTED_EDGE ( 'NONE', *, *, #3166, .F. ) ;
#274 = CYLINDRICAL_SURFACE ( 'NONE', #4721, 1.649999999999999467 ) ;
#275 = DIRECTION ( 'NONE',  ( 1.000000000000000000, 0.000000000000000000, -0.000000000000000000 ) ) ;
#276 = ORIENTED_EDGE ( 'NONE', *, *, #2092, .F. ) ;
#277 = CYLINDRICAL_SURFACE ( 'NONE', #2018, 1.150000000000725109 ) ;
#278 =( GEOMETRIC_REPRESENTATION_CONTEXT ( 3 ) GLOBAL_UNCERTAINTY_ASSIGNED_CONTEXT ( ( #2683 ) ) GLOBAL_UNIT_ASSIGNED_CONTEXT ( ( #2163, #3776, #2590 ) ) REPRESENTATION_CONTEXT ( 'NONE', 'WORKASPACE' ) );
#279 = ORIENTED_EDGE ( 'NONE', *, *, #3714, .F. ) ;
#280 = LINE ( 'NONE', #357, #1456 ) ;
#281 = CYLINDRICAL_SURFACE ( 'NONE', #1300, 1.650000000000000355 ) ;
#282 = EDGE_CURVE ( 'NONE', #1910, #2572, #2472, .T. ) ;
#283 = VERTEX_POINT ( 'NONE', #3712 ) ;
#284 = DIRECTION ( 'NONE',  ( 0.000000000000000000, 1.000000000000000000, 0.000000000000000000 ) ) ;
#285 = DIRECTION ( 'NONE',  ( -0.000000000000000000, -0.000000000000000000, 1.000000000000000000 ) ) ;
#286 = CARTESIAN_POINT ( 'NONE',  ( -14.00000000000000178, -21.50000000000000000, 35.00000000000000000 ) ) ;
#287 = DIRECTION ( 'NONE',  ( 1.000000000000000000, 0.000000000000000000, 0.000000000000000000 ) ) ;
#288 = ORIENTED_EDGE ( 'NONE', *, *, #3604, .F. ) ;
#289 = DIRECTION ( 'NONE',  ( 0.000000000000000000, 1.000000000000000000, -3.469446951953601961E-15 ) ) ;
#290 = CYLINDRICAL_SURFACE ( 'NONE', #3668, 2.149999999999999023 ) ;
#291 = VERTEX_POINT ( 'NONE', #893 ) ;
#292 = DIRECTION ( 'NONE',  ( 0.000000000000000000, -1.000000000000000000, 2.717036769602218328E-15 ) ) ;
#293 = EDGE_CURVE ( 'NONE', #2113, #4276, #1281, .T. ) ;
#294 = CARTESIAN_POINT ( 'NONE',  ( 10.00000000000000000, -50.84999999999999432, 2.775000000000000355 ) ) ;
#295 = VERTEX_POINT ( 'NONE', #4861 ) ;
#296 = AXIS2_PLACEMENT_3D ( 'NONE', #3199, #1209, #4788 ) ;
#297 = CARTESIAN_POINT ( 'NONE',  ( 0.000000000000000000, 0.000000000000000000, 30.00000000000000000 ) ) ;
#298 = VERTEX_POINT ( 'NONE', #2499 ) ;
#299 = PLANE ( 'NONE',  #3387 ) ;
#300 = CARTESIAN_POINT ( 'NONE',  ( 10.00000000000000000, -50.84999999999999432, -14.77499999999999858 ) ) ;
#301 = CIRCLE ( 'NONE', #1389, 1.649999999999999467 ) ;
#302 = ORIENTED_EDGE ( 'NONE', *, *, #5038, .T. ) ;
#303 = DIRECTION ( 'NONE',  ( 0.000000000000000000, 0.000000000000000000, -1.000000000000000000 ) ) ;
#304 = ORIENTED_EDGE ( 'NONE', *, *, #3445, .T. ) ;
#305 = AXIS2_PLACEMENT_3D ( 'NONE', #4505, #4186, #2054 ) ;
#306 = PLANE ( 'NONE',  #4825 ) ;
#307 = FACE_OUTER_BOUND ( 'NONE', #3547, .T. ) ;
#308 = ORIENTED_EDGE ( 'NONE', *, *, #2614, .T. ) ;
#309 = DIRECTION ( 'NONE',  ( 1.000000000000000000, 0.000000000000000000, 0.000000000000000000 ) ) ;
#310 = DIRECTION ( 'NONE',  ( 0.000000000000000000, 1.000000000000000000, 0.000000000000000000 ) ) ;
#311 = DIRECTION ( 'NONE',  ( -0.7071067811865482389, 0.7071067811865469066, 0.000000000000000000 ) ) ;
#312 = DIRECTION ( 'NONE',  ( 1.000000000000000000, 0.000000000000000000, 0.000000000000000000 ) ) ;
#313 = ORIENTED_EDGE ( 'NONE', *, *, #4121, .T. ) ;
#314 = FACE_OUTER_BOUND ( 'NONE', #2634, .T. ) ;
#315 = CARTESIAN_POINT ( 'NONE',  ( 20.00000000000004263, -34.99999999999999289, 27.00000000000001066 ) ) ;
#316 = ORIENTED_EDGE ( 'NONE', *, *, #4787, .F. ) ;
#317 = LINE ( 'NONE', #3434, #1232 ) ;
#318 = EDGE_CURVE ( 'NONE', #729, #2441, #515, .T. ) ;
#319 = AXIS2_PLACEMENT_3D ( 'NONE', #4448, #3319, #2046 ) ;
#320 = DIRECTION ( 'NONE',  ( -0.000000000000000000, -0.000000000000000000, 1.000000000000000000 ) ) ;
#321 = ORIENTED_EDGE ( 'NONE', *, *, #2141, .F. ) ;
#322 = DIRECTION ( 'NONE',  ( -1.000000000000000000, 0.000000000000000000, 0.000000000000000000 ) ) ;
#323 = ORIENTED_EDGE ( 'NONE', *, *, #4213, .F. ) ;
#324 = AXIS2_PLACEMENT_3D ( 'NONE', #326, #4748, #2755 ) ;
#325 = DIRECTION ( 'NONE',  ( 1.000000000000000000, 0.000000000000000000, 0.000000000000000000 ) ) ;
#326 = CARTESIAN_POINT ( 'NONE',  ( 16.48201039154661984, 10.77028141149406260, -27.00000000000000000 ) ) ;
#327 = AXIS2_PLACEMENT_3D ( 'NONE', #1500, #1392, #1082 ) ;
#328 = ORIENTED_EDGE ( 'NONE', *, *, #1477, .T. ) ;
#329 = CARTESIAN_POINT ( 'NONE',  ( -20.00000000000000000, 19.00000000000002487, 27.00000000000000355 ) ) ;
#330 = EDGE_LOOP ( 'NONE', ( #3773, #747 ) ) ;
#331 = LINE ( 'NONE', #674, #3486 ) ;
#332 = CARTESIAN_POINT ( 'NONE',  ( -8.999999999999962697, 30.00000000000000711, -26.99999999999999645 ) ) ;
#333 = EDGE_LOOP ( 'NONE', ( #4062, #1989, #4479, #5136 ) ) ;
#334 = EDGE_CURVE ( 'NONE', #298, #341, #4105, .T. ) ;
#335 = CIRCLE ( 'NONE', #1095, 1.649999999999998579 ) ;
#336 = DIRECTION ( 'NONE',  ( 1.000000000000000000, 0.000000000000000000, 0.000000000000000000 ) ) ;
#337 = FACE_BOUND ( 'NONE', #3474, .T. ) ;
#338 = DIRECTION ( 'NONE',  ( 1.000000000000000000, 0.000000000000000000, 0.000000000000000000 ) ) ;
#339 = CYLINDRICAL_SURFACE ( 'NONE', #4779, 1.650000000000000355 ) ;
#340 = EDGE_CURVE ( 'NONE', #629, #4894, #3345, .T. ) ;
#341 = VERTEX_POINT ( 'NONE', #2844 ) ;
#342 = DIRECTION ( 'NONE',  ( -0.000000000000000000, -0.000000000000000000, -1.000000000000000000 ) ) ;
#343 = CARTESIAN_POINT ( 'NONE',  ( 9.338552067346498120, 10.49017908004249833, 30.00000000000000000 ) ) ;
#344 = EDGE_LOOP ( 'NONE', ( #837, #1632, #3113, #2468 ) ) ;
#345 = LINE ( 'NONE', #3596, #732 ) ;
#346 = EDGE_CURVE ( 'NONE', #4453, #4215, #867, .T. ) ;
#347 = AXIS2_PLACEMENT_3D ( 'NONE', #5063, #4262, #1414 ) ;
#348 = ORIENTED_EDGE ( 'NONE', *, *, #4365, .T. ) ;
#349 = AXIS2_PLACEMENT_3D ( 'NONE', #2710, #788, #5174 ) ;
#350 = LINE ( 'NONE', #3546, #2134 ) ;
#351 = ORIENTED_EDGE ( 'NONE', *, *, #2947, .F. ) ;
#352 = CARTESIAN_POINT ( 'NONE',  ( -0.6598209199549457393, -0.4885520673472142361, -30.00000000000000000 ) ) ;
#353 = CARTESIAN_POINT ( 'NONE',  ( -20.00000000000000000, -46.61321960076966064, 30.00000000000000000 ) ) ;
#354 = ORIENTED_EDGE ( 'NONE', *, *, #2241, .T. ) ;
#355 = CARTESIAN_POINT ( 'NONE',  ( -7.999999999999958256, -43.49999999999999289, 3.349999999999999201 ) ) ;
#356 = ORIENTED_EDGE ( 'NONE', *, *, #669, .T. ) ;
#357 = CARTESIAN_POINT ( 'NONE',  ( 2.020281411491510859, -6.482010391546610961, -50.00000000000000000 ) ) ;
#358 = CARTESIAN_POINT ( 'NONE',  ( -10.99999999999995737, -46.49999999999999289, 27.00000000000001066 ) ) ;
#359 = EDGE_CURVE ( 'NONE', #4156, #2798, #3363, .T. ) ;
#360 = ORIENTED_EDGE ( 'NONE', *, *, #2020, .T. ) ;
#361 = EDGE_CURVE ( 'NONE', #1242, #68, #1080, .T. ) ;
#362 = CARTESIAN_POINT ( 'NONE',  ( -10.99999999999995737, -46.49999999999999289, -27.00000000000001066 ) ) ;
#363 = CYLINDRICAL_SURFACE ( 'NONE', #2458, 2.150000000000002132 ) ;
#364 = CARTESIAN_POINT ( 'NONE',  ( -17.00000000000000355, -10.99999999999995737, 26.99999999999999645 ) ) ;
#365 = DIRECTION ( 'NONE',  ( 0.000000000000000000, 0.000000000000000000, -1.000000000000000000 ) ) ;
#366 = EDGE_CURVE ( 'NONE', #3214, #3336, #4886, .T. ) ;
#367 = EDGE_LOOP ( 'NONE', ( #4920, #5092 ) ) ;
#368 = DIRECTION ( 'NONE',  ( 1.000000000000000000, 0.000000000000000000, 0.000000000000000000 ) ) ;
#369 = CARTESIAN_POINT ( 'NONE',  ( -9.999999999999920064, -56.61321960076969617, -30.00000000000000000 ) ) ;
#370 = ORIENTED_EDGE ( 'NONE', *, *, #1316, .F. ) ;
#371 = CARTESIAN_POINT ( 'NONE',  ( -17.00000000000000000, -40.99999999999996447, -30.00000000000000000 ) ) ;
#372 = ORIENTED_EDGE ( 'NONE', *, *, #3479, .F. ) ;
#373 = CARTESIAN_POINT ( 'NONE',  ( -18.65000000000000568, -0.9999999999999572564, -27.00000000000000000 ) ) ;
#374 = VERTEX_POINT ( 'NONE', #418 ) ;
#375 = CARTESIAN_POINT ( 'NONE',  ( 20.24999999999998224, -20.25000000000002132, 30.00000000000000000 ) ) ;
#376 = AXIS2_PLACEMENT_3D ( 'NONE', #3620, #5129, #4319 ) ;
#377 = CARTESIAN_POINT ( 'NONE',  ( -9.999999999999998224, -117.0000000000000000, -5.000000000000000000 ) ) ;
#378 = AXIS2_PLACEMENT_3D ( 'NONE', #4081, #1263, #918 ) ;
#379 = VECTOR ( 'NONE', #63, 1000.000000000000000 ) ;
#380 = VERTEX_POINT ( 'NONE', #1626 ) ;
#381 = LINE ( 'NONE', #1202, #670 ) ;
#382 = ORIENTED_EDGE ( 'NONE', *, *, #155, .F. ) ;
#383 = EDGE_CURVE ( 'NONE', #1089, #957, #4123, .T. ) ;
#384 = DIRECTION ( 'NONE',  ( -0.000000000000000000, 2.090028284309398107E-15, 1.000000000000000000 ) ) ;
#385 = VECTOR ( 'NONE', #4095, 1000.000000000000000 ) ;
#386 = EDGE_CURVE ( 'NONE', #1499, #2909, #2095, .T. ) ;
#387 = ADVANCED_FACE ( 'NONE', ( #3248 ), #4837, .F. ) ;
#388 = EDGE_LOOP ( 'NONE', ( #1423, #1483, #1799, #4134 ) ) ;
#389 = AXIS2_PLACEMENT_3D ( 'NONE', #4970, #2877, #4088 ) ;
#390 = EDGE_CURVE ( 'NONE', #3306, #3451, #841, .T. ) ;
#391 = DIRECTION ( 'NONE',  ( 1.000000000000000000, -0.000000000000000000, -0.000000000000000000 ) ) ;
#392 = CARTESIAN_POINT ( 'NONE',  ( -20.00000000000000000, -46.61321960076966064, 30.00000000000000000 ) ) ;
#393 = CARTESIAN_POINT ( 'NONE',  ( -17.00000000000000355, -0.9999999999999574785, -27.00000000000000000 ) ) ;
#394 = VECTOR ( 'NONE', #3527, 1000.000000000000000 ) ;
#395 = CARTESIAN_POINT ( 'NONE',  ( -19.99999999999999645, -49.99999999999997868, 27.00000000000000355 ) ) ;
#396 = CIRCLE ( 'NONE', #3343, 1.150000000000725109 ) ;
#397 = ORIENTED_EDGE ( 'NONE', *, *, #4899, .F. ) ;
#398 = CARTESIAN_POINT ( 'NONE',  ( 9.000000000000017764, 30.00000000000000711, 30.00000000000000000 ) ) ;
#399 = LINE ( 'NONE', #2001, #4328 ) ;
#400 = ORIENTED_EDGE ( 'NONE', *, *, #660, .F. ) ;
#401 = CARTESIAN_POINT ( 'NONE',  ( 20.00000000000000000, -117.0000000000000000, -5.000000000000000000 ) ) ;
#402 = ORIENTED_EDGE ( 'NONE', *, *, #3241, .F. ) ;
#403 = EDGE_CURVE ( 'NONE', #1701, #1148, #51, .T. ) ;
#404 = CARTESIAN_POINT ( 'NONE',  ( -16.48201039154661984, 9.229718588505949839, -50.00000000000000000 ) ) ;
#405 = ORIENTED_EDGE ( 'NONE', *, *, #2513, .T. ) ;
#406 = LINE ( 'NONE', #802, #5001 ) ;
#407 = CIRCLE ( 'NONE', #4272, 1.149999999997434852 ) ;
#408 = CARTESIAN_POINT ( 'NONE',  ( 17.00000000000000000, -120.0000000000000000, 54.86198126479881410 ) ) ;
#409 = ORIENTED_EDGE ( 'NONE', *, *, #2622, .T. ) ;
#410 = CIRCLE ( 'NONE', #4195, 1.650000000000002132 ) ;
#411 = DIRECTION ( 'NONE',  ( -1.000000000000000000, 0.000000000000000000, 0.000000000000000000 ) ) ;
#412 = ORIENTED_EDGE ( 'NONE', *, *, #3408, .F. ) ;
#413 = LINE ( 'NONE', #3528, #4000 ) ;
#414 = VECTOR ( 'NONE', #3702, 1000.000000000000000 ) ;
#415 = EDGE_CURVE ( 'NONE', #1089, #4286, #2918, .T. ) ;
#416 = ORIENTED_EDGE ( 'NONE', *, *, #3353, .T. ) ;
#417 = DIRECTION ( 'NONE',  ( 0.000000000000000000, 0.000000000000000000, -1.000000000000000000 ) ) ;
#418 = CARTESIAN_POINT ( 'NONE',  ( 20.00000000000000000, -100.2699999999999960, 7.075000000000001066 ) ) ;
#419 = FACE_OUTER_BOUND ( 'NONE', #1288, .T. ) ;
#420 = CARTESIAN_POINT ( 'NONE',  ( -17.00000000000000000, -40.99999999999996447, -39.99999999999999289 ) ) ;
#421 = VECTOR ( 'NONE', #1933, 1000.000000000000000 ) ;
#422 = CARTESIAN_POINT ( 'NONE',  ( 11.49999999999999645, -19.00000000000000355, 35.00000000000000000 ) ) ;
#423 = EDGE_LOOP ( 'NONE', ( #308, #3518, #1865, #932, #2811, #2960, #3751 ) ) ;
#424 = CARTESIAN_POINT ( 'NONE',  ( 17.00000000000004974, -50.84999999999999432, 7.074999999999997513 ) ) ;
#425 = DIRECTION ( 'NONE',  ( 1.000000000000000000, -0.000000000000000000, -0.000000000000000000 ) ) ;
#426 = ORIENTED_EDGE ( 'NONE', *, *, #3037, .F. ) ;
#427 = DIRECTION ( 'NONE',  ( -1.000000000000000000, 0.000000000000000000, 0.000000000000000000 ) ) ;
#428 = ADVANCED_FACE ( 'NONE', ( #5011 ), #4258, .F. ) ;
#429 = ORIENTED_EDGE ( 'NONE', *, *, #2657, .T. ) ;
#430 = DIRECTION ( 'NONE',  ( 0.7071067811865457964, -0.7071067811865492381, -0.000000000000000000 ) ) ;
#431 = VERTEX_POINT ( 'NONE', #1800 ) ;
#432 = DIRECTION ( 'NONE',  ( 1.000000000000000000, -0.000000000000000000, -0.000000000000000000 ) ) ;
#433 = LINE ( 'NONE', #573, #3614 ) ;
#434 = VECTOR ( 'NONE', #391, 1000.000000000000000 ) ;
#435 = AXIS2_PLACEMENT_3D ( 'NONE', #4185, #5041, #1385 ) ;
#436 = EDGE_LOOP ( 'NONE', ( #530, #753, #4065, #19 ) ) ;
#437 = AXIS2_PLACEMENT_3D ( 'NONE', #589, #3761, #4304 ) ;
#438 = LINE ( 'NONE', #43, #2820 ) ;
#439 = EDGE_LOOP ( 'NONE', ( #2044, #2081, #4644, #1965 ) ) ;
#440 = EDGE_CURVE ( 'NONE', #4889, #2648, #737, .T. ) ;
#441 = CARTESIAN_POINT ( 'NONE',  ( -0.7702814114940569334, 26.48201039154662340, -30.00000000000000000 ) ) ;
#442 = EDGE_LOOP ( 'NONE', ( #1690, #1068 ) ) ;
#443 = FACE_BOUND ( 'NONE', #2554, .T. ) ;
#444 = DIRECTION ( 'NONE',  ( 0.000000000000000000, 0.000000000000000000, -1.000000000000000000 ) ) ;
#445 = DIRECTION ( 'NONE',  ( 0.000000000000000000, 0.000000000000000000, -1.000000000000000000 ) ) ;
#446 = CARTESIAN_POINT ( 'NONE',  ( 9.000000000000017764, 30.00000000000000711, 30.00000000000000000 ) ) ;
#447 = ORIENTED_EDGE ( 'NONE', *, *, #2101, .T. ) ;
#448 = PLANE ( 'NONE',  #1750 ) ;
#449 = DIRECTION ( 'NONE',  ( 0.000000000000000000, 0.000000000000000000, -1.000000000000000000 ) ) ;
#450 = CIRCLE ( 'NONE', #1124, 1.150000000002567413 ) ;
#451 = ORIENTED_EDGE ( 'NONE', *, *, #2737, .F. ) ;
#452 = CARTESIAN_POINT ( 'NONE',  ( -18.65000000000000568, -0.9999999999999572564, 30.00000000000000000 ) ) ;
#453 = ORIENTED_EDGE ( 'NONE', *, *, #1010, .F. ) ;
#454 = LINE ( 'NONE', #2058, #4913 ) ;
#455 = ORIENTED_EDGE ( 'NONE', *, *, #510, .T. ) ;
#456 = CARTESIAN_POINT ( 'NONE',  ( 13.99999999999999645, -26.50000000000000355, 35.00000000000000000 ) ) ;
#457 = ADVANCED_FACE ( 'NONE', ( #1776 ), #1330, .F. ) ;
#458 = CIRCLE ( 'NONE', #2899, 1.149999999999274936 ) ;
#459 = ORIENTED_EDGE ( 'NONE', *, *, #1675, .F. ) ;
#461 = LINE ( 'NONE', #4363, #4287 ) ;
#460 = AXIS2_PLACEMENT_3D ( 'NONE', #2345, #4738, #4399 ) ;
#462 = ORIENTED_EDGE ( 'NONE', *, *, #1219, .T. ) ;
#463 = ADVANCED_FACE ( 'NONE', ( #4597 ), #255, .F. ) ;
#464 = DIRECTION ( 'NONE',  ( 0.000000000000000000, -1.000000000000000000, 0.000000000000000000 ) ) ;
#465 = EDGE_CURVE ( 'NONE', #2331, #5184, #1854, .T. ) ;
#466 = VERTEX_POINT ( 'NONE', #1353 ) ;
#467 = VECTOR ( 'NONE', #1598, 1000.000000000000000 ) ;
#468 = FACE_BOUND ( 'NONE', #1462, .T. ) ;
#469 = DIRECTION ( 'NONE',  ( -0.000000000000000000, -0.000000000000000000, 1.000000000000000000 ) ) ;
#470 = FACE_OUTER_BOUND ( 'NONE', #2840, .T. ) ;
#471 = VECTOR ( 'NONE', #2060, 1000.000000000000000 ) ;
#472 = EDGE_CURVE ( 'NONE', #3857, #3161, #986, .T. ) ;
#473 = CARTESIAN_POINT ( 'NONE',  ( -15.23201039154735170, 9.229718588505949839, -50.00000000000000000 ) ) ;
#474 = EDGE_LOOP ( 'NONE', ( #1763, #862, #4039, #160 ) ) ;
#475 = CARTESIAN_POINT ( 'NONE',  ( -17.00000000000000000, -40.99999999999996447, 27.00000000000001066 ) ) ;
#476 = ORIENTED_EDGE ( 'NONE', *, *, #1770, .T. ) ;
#477 = CARTESIAN_POINT ( 'NONE',  ( 0.4797185885084898627, 26.48201039154662340, 30.00000000000000000 ) ) ;
#478 = VECTOR ( 'NONE', #4138, 1000.000000000000000 ) ;
#479 = EDGE_CURVE ( 'NONE', #3064, #2951, #4100, .T. ) ;
#480 = AXIS2_PLACEMENT_3D ( 'NONE', #3762, #2599, #2944 ) ;
#481 = VERTEX_POINT ( 'NONE', #204 ) ;
#482 = LINE ( 'NONE', #3796, #1259 ) ;
#483 = DIRECTION ( 'NONE',  ( 0.000000000000000000, 0.000000000000000000, 1.000000000000000000 ) ) ;
#484 = ORIENTED_EDGE ( 'NONE', *, *, #844, .F. ) ;
#485 = DIRECTION ( 'NONE',  ( 0.000000000000000000, 0.000000000000000000, -1.000000000000000000 ) ) ;
#486 = EDGE_LOOP ( 'NONE', ( #2597, #4503, #2880, #3308 ) ) ;
#487 = CARTESIAN_POINT ( 'NONE',  ( 10.00000000000000000, -50.84999999999999432, 12.62500000000000000 ) ) ;
#488 = VERTEX_POINT ( 'NONE', #2549 ) ;
#489 = VECTOR ( 'NONE', #4442, 1000.000000000000000 ) ;
#490 = PLANE ( 'NONE',  #3277 ) ;
#491 = CIRCLE ( 'NONE', #655, 1.249999999999269029 ) ;
#492 = ORIENTED_EDGE ( 'NONE', *, *, #3874, .T. ) ;
#493 = FACE_BOUND ( 'NONE', #865, .T. ) ;
#494 = CARTESIAN_POINT ( 'NONE',  ( 18.80000000000003979, -97.00000000000000000, 10.84999999999996767 ) ) ;
#495 = CIRCLE ( 'NONE', #4451, 1.649999999999998579 ) ;
#496 = CARTESIAN_POINT ( 'NONE',  ( -31.24999999999999289, -38.74999999999997868, -27.00000000000000000 ) ) ;
#497 = ORIENTED_EDGE ( 'NONE', *, *, #3109, .T. ) ;
#498 = FACE_OUTER_BOUND ( 'NONE', #2156, .T. ) ;
#499 = ORIENTED_EDGE ( 'NONE', *, *, #164, .F. ) ;
#500 = DIRECTION ( 'NONE',  ( -0.000000000000000000, -0.000000000000000000, 1.000000000000000000 ) ) ;
#501 = ORIENTED_EDGE ( 'NONE', *, *, #4256, .T. ) ;
#502 = FACE_BOUND ( 'NONE', #2103, .T. ) ;
#503 = DIRECTION ( 'NONE',  ( 1.000000000000000000, 0.000000000000000000, 0.000000000000000000 ) ) ;
#504 = ORIENTED_EDGE ( 'NONE', *, *, #4026, .T. ) ;
#505 = CARTESIAN_POINT ( 'NONE',  ( 18.80000000000003979, 0.000000000000000000, 0.000000000000000000 ) ) ;
#506 = EDGE_CURVE ( 'NONE', #5024, #5108, #4769, .T. ) ;
#507 = ORIENTED_EDGE ( 'NONE', *, *, #158, .T. ) ;
#508 = DIRECTION ( 'NONE',  ( -0.7071067811865477948, -0.7071067811865473507, 0.000000000000000000 ) ) ;
#509 = ORIENTED_EDGE ( 'NONE', *, *, #1014, .T. ) ;
#510 = EDGE_CURVE ( 'NONE', #1834, #3342, #646, .T. ) ;
#511 = FACE_OUTER_BOUND ( 'NONE', #2377, .T. ) ;
#512 = VECTOR ( 'NONE', #3222, 1000.000000000000000 ) ;
#513 = ORIENTED_EDGE ( 'NONE', *, *, #704, .T. ) ;
#514 = FACE_BOUND ( 'NONE', #1920, .T. ) ;
#515 = LINE ( 'NONE', #2868, #4278 ) ;
#516 = PLANE ( 'NONE',  #378 ) ;
#517 = EDGE_CURVE ( 'NONE', #2413, #1229, #2756, .T. ) ;
#518 = ORIENTED_EDGE ( 'NONE', *, *, #2386, .F. ) ;
#519 = ORIENTED_EDGE ( 'NONE', *, *, #74, .T. ) ;
#520 = CARTESIAN_POINT ( 'NONE',  ( -20.00000000000000000, -29.99999999999999289, -30.00000000000000000 ) ) ;
#521 = ORIENTED_EDGE ( 'NONE', *, *, #850, .T. ) ;
#522 = DIRECTION ( 'NONE',  ( -0.000000000000000000, -0.000000000000000000, -1.000000000000000000 ) ) ;
#523 = DIRECTION ( 'NONE',  ( 0.000000000000000000, 0.000000000000000000, 1.000000000000000000 ) ) ;
#524 = ORIENTED_EDGE ( 'NONE', *, *, #2713, .F. ) ;
#525 = CARTESIAN_POINT ( 'NONE',  ( -17.00000000000000000, -30.99999999999995737, -27.00000000000000000 ) ) ;
#526 = CARTESIAN_POINT ( 'NONE',  ( -1.640179080045057747, 20.48855206734722501, -50.00000000000000000 ) ) ;
#527 = ORIENTED_EDGE ( 'NONE', *, *, #2027, .F. ) ;
#528 = FACE_OUTER_BOUND ( 'NONE', #3647, .T. ) ;
#529 = ADVANCED_FACE ( 'NONE', ( #4547 ), #3419, .F. ) ;
#530 = ORIENTED_EDGE ( 'NONE', *, *, #5132, .F. ) ;
#531 = DIRECTION ( 'NONE',  ( -0.000000000000000000, -0.000000000000000000, -1.000000000000000000 ) ) ;
#532 = EDGE_LOOP ( 'NONE', ( #1671, #4691, #4821, #4487 ) ) ;
#533 = EDGE_CURVE ( 'NONE', #68, #1242, #1157, .T. ) ;
#534 = CARTESIAN_POINT ( 'NONE',  ( 20.00000000000000000, 18.99999999999996803, -30.00000000000000000 ) ) ;
#535 = EDGE_CURVE ( 'NONE', #4709, #1343, #1749, .T. ) ;
#536 = ORIENTED_EDGE ( 'NONE', *, *, #4759, .T. ) ;
#537 = VECTOR ( 'NONE', #430, 1000.000000000000114 ) ;
#538 = CARTESIAN_POINT ( 'NONE',  ( -11.50000000000000533, -19.00000000000000355, -30.00000000000000000 ) ) ;
#539 = DIRECTION ( 'NONE',  ( 0.000000000000000000, 0.000000000000000000, -1.000000000000000000 ) ) ;
#540 = LINE ( 'NONE', #4936, #5170 ) ;
#541 = AXIS2_PLACEMENT_3D ( 'NONE', #4110, #2950, #3696 ) ;
#542 = VERTEX_POINT ( 'NONE', #4986 ) ;
#543 = VECTOR ( 'NONE', #1627, 1000.000000000000000 ) ;
#544 = ORIENTED_EDGE ( 'NONE', *, *, #1065, .T. ) ;
#545 = DIRECTION ( 'NONE',  ( 1.000000000000000000, 0.000000000000000000, 0.000000000000000000 ) ) ;
#546 = ORIENTED_EDGE ( 'NONE', *, *, #256, .F. ) ;
#547 = CARTESIAN_POINT ( 'NONE',  ( -10.48855206734722323, 9.509820919957515883, -50.00000000000000000 ) ) ;
#548 = DIRECTION ( 'NONE',  ( -0.000000000000000000, 1.000000000000000000, -0.000000000000000000 ) ) ;
#549 = VECTOR ( 'NONE', #3097, 1000.000000000000000 ) ;
#550 = EDGE_LOOP ( 'NONE', ( #1302, #1177, #3489, #242 ) ) ;
#551 = FACE_OUTER_BOUND ( 'NONE', #1544, .T. ) ;
#552 = VECTOR ( 'NONE', #1140, 1000.000000000000000 ) ;
#553 = LINE ( 'NONE', #4950, #4500 ) ;
#554 = EDGE_LOOP ( 'NONE', ( #4878, #2928, #1727, #4339 ) ) ;
#555 = LINE ( 'NONE', #4194, #2067 ) ;
#556 = DIRECTION ( 'NONE',  ( 0.000000000000000000, 0.000000000000000000, 1.000000000000000000 ) ) ;
#557 = ADVANCED_FACE ( 'NONE', ( #1013 ), #3371, .F. ) ;
#558 = ORIENTED_EDGE ( 'NONE', *, *, #1447, .F. ) ;
#559 = CARTESIAN_POINT ( 'NONE',  ( 13.99999999999999645, -26.50000000000000355, -26.99999999999999645 ) ) ;
#560 = ORIENTED_EDGE ( 'NONE', *, *, #2726, .T. ) ;
#561 = CARTESIAN_POINT ( 'NONE',  ( 18.80000000000003979, -105.2999999999999829, -1.000000000000002220 ) ) ;
#562 = VERTEX_POINT ( 'NONE', #2626 ) ;
#563 = DIRECTION ( 'NONE',  ( 0.7071067811865483499, -0.7071067811865467956, -0.000000000000000000 ) ) ;
#564 = DIRECTION ( 'NONE',  ( 0.7071067811865482389, -0.7071067811865469066, 0.000000000000000000 ) ) ;
#565 = CARTESIAN_POINT ( 'NONE',  ( 17.00000000000003908, -97.00000000000000000, -8.850000000000003197 ) ) ;
#566 = EDGE_CURVE ( 'NONE', #2801, #729, #5036, .T. ) ;
#567 = AXIS2_PLACEMENT_3D ( 'NONE', #3972, #1964, #3581 ) ;
#568 = EDGE_CURVE ( 'NONE', #2481, #1025, #182, .T. ) ;
#569 = VECTOR ( 'NONE', #2606, 1000.000000000000000 ) ;
#570 = FACE_OUTER_BOUND ( 'NONE', #333, .T. ) ;
#571 = LINE ( 'NONE', #3426, #3385 ) ;
#572 = CARTESIAN_POINT ( 'NONE',  ( 18.80000000000003979, -97.00000000000000000, 8.850000000000003197 ) ) ;
#573 = CARTESIAN_POINT ( 'NONE',  ( 20.00000000000000000, -29.99999999999999289, 30.00000000000000000 ) ) ;
#574 = VERTEX_POINT ( 'NONE', #1126 ) ;
#575 = DIRECTION ( 'NONE',  ( 0.000000000000000000, 0.000000000000000000, 1.000000000000000000 ) ) ;
#576 = LINE ( 'NONE', #193, #4909 ) ;
#577 = ORIENTED_EDGE ( 'NONE', *, *, #1289, .F. ) ;
#578 = CARTESIAN_POINT ( 'NONE',  ( 20.00000000000000355, -97.00000000000000000, 30.00000000000000000 ) ) ;
#579 = ADVANCED_FACE ( 'NONE', ( #1152 ), #3110, .F. ) ;
#580 = DIRECTION ( 'NONE',  ( -1.000000000000000000, 0.000000000000000000, 0.000000000000000000 ) ) ;
#581 = CIRCLE ( 'NONE', #3542, 4.000000000000000000 ) ;
#582 = ORIENTED_EDGE ( 'NONE', *, *, #4972, .T. ) ;
#583 = DIRECTION ( 'NONE',  ( -0.000000000000000000, 1.000000000000000000, 2.717036769602215961E-15 ) ) ;
#584 = VERTEX_POINT ( 'NONE', #1963 ) ;
#585 = FACE_OUTER_BOUND ( 'NONE', #1006, .T. ) ;
#586 = EDGE_CURVE ( 'NONE', #1242, #380, #280, .T. ) ;
#587 = ORIENTED_EDGE ( 'NONE', *, *, #978, .T. ) ;
#588 = EDGE_CURVE ( 'NONE', #854, #2396, #331, .T. ) ;
#589 = CARTESIAN_POINT ( 'NONE',  ( 0.7702814114940549350, -6.482010391546610961, -50.00000000000000000 ) ) ;
#590 = CARTESIAN_POINT ( 'NONE',  ( -0.4901790800424903338, 20.48855206734722501, -50.00000000000000000 ) ) ;
#591 = CARTESIAN_POINT ( 'NONE',  ( -15.35000000000000142, -30.99999999999995737, 30.00000000000000000 ) ) ;
#592 = AXIS2_PLACEMENT_3D ( 'NONE', #475, #4868, #3742 ) ;
#593 = ORIENTED_EDGE ( 'NONE', *, *, #3158, .F. ) ;
#594 = AXIS2_PLACEMENT_3D ( 'NONE', #2604, #2259, #4601 ) ;
#595 = EDGE_CURVE ( 'NONE', #2721, #1895, #3661, .T. ) ;
#596 = AXIS2_PLACEMENT_3D ( 'NONE', #916, #892, #1722 ) ;
#597 = DIRECTION ( 'NONE',  ( -0.000000000000000000, 1.000000000000000000, -0.000000000000000000 ) ) ;
#598 = LINE ( 'NONE', #3871, #4054 ) ;
#599 = CARTESIAN_POINT ( 'NONE',  ( 18.80000000000003979, -54.99999999999999289, 8.849999999999983658 ) ) ;
#600 = FACE_BOUND ( 'NONE', #3499, .T. ) ;
#601 = ORIENTED_EDGE ( 'NONE', *, *, #2771, .T. ) ;
#602 = DIRECTION ( 'NONE',  ( -1.000000000000000000, 0.000000000000000000, 0.000000000000000000 ) ) ;
#603 = CARTESIAN_POINT ( 'NONE',  ( -13.99999999999999467, 4.857225732735054342E-15, 30.00000000000000000 ) ) ;
#604 = ORIENTED_EDGE ( 'NONE', *, *, #2980, .F. ) ;
#605 = CARTESIAN_POINT ( 'NONE',  ( 17.00000000000003908, -105.2999999999999829, -1.000000000000002220 ) ) ;
#606 = CARTESIAN_POINT ( 'NONE',  ( 0.000000000000000000, 10.00000000000000533, -49.99999999999998579 ) ) ;
#607 = ORIENTED_EDGE ( 'NONE', *, *, #3985, .F. ) ;
#608 = ADVANCED_FACE ( 'NONE', ( #2332 ), #5118, .F. ) ;
#609 = CARTESIAN_POINT ( 'NONE',  ( 18.80000000000003979, -46.69999999999996021, -10.84999999999994813 ) ) ;
#610 = ORIENTED_EDGE ( 'NONE', *, *, #805, .T. ) ;
#611 = ADVANCED_FACE ( 'NONE', ( #1936 ), #2760, .F. ) ;
#612 = CYLINDRICAL_SURFACE ( 'NONE', #3692, 1.250000000002546852 ) ;
#613 = EDGE_LOOP ( 'NONE', ( #87, #3748 ) ) ;
#614 = CARTESIAN_POINT ( 'NONE',  ( -9.999999999999918288, -56.61321960076969617, -37.00000000000000000 ) ) ;
#615 = CARTESIAN_POINT ( 'NONE',  ( 20.00000000000000000, -120.0000000000000000, 30.00000000000000000 ) ) ;
#616 = CARTESIAN_POINT ( 'NONE',  ( -0.4797185885034007113, -6.482010391546610961, -50.00000000000000000 ) ) ;
#617 = EDGE_CURVE ( 'NONE', #4306, #1395, #2300, .T. ) ;
#618 = ORIENTED_EDGE ( 'NONE', *, *, #1651, .T. ) ;
#619 = VECTOR ( 'NONE', #4879, 1000.000000000000000 ) ;
#620 = ADVANCED_FACE ( 'NONE', ( #1070 ), #5168, .F. ) ;
#621 = LINE ( 'NONE', #2203, #1189 ) ;
#622 = VECTOR ( 'NONE', #5069, 1000.000000000000000 ) ;
#623 = CARTESIAN_POINT ( 'NONE',  ( 8.550840296494985893, -64.61321960076965354, -27.00000000000000000 ) ) ;
#624 = DIRECTION ( 'NONE',  ( -0.000000000000000000, 1.000000000000000000, -0.000000000000000000 ) ) ;
#625 = CARTESIAN_POINT ( 'NONE',  ( 0.000000000000000000, 10.00000000000000533, -49.99999999999998579 ) ) ;
#626 = ADVANCED_FACE ( 'NONE', ( #1542 ), #306, .F. ) ;
#627 = CIRCLE ( 'NONE', #4246, 1.249999999997455813 ) ;
#628 = AXIS2_PLACEMENT_3D ( 'NONE', #5185, #2856, #3210 ) ;
#629 = VERTEX_POINT ( 'NONE', #5059 ) ;
#630 = CYLINDRICAL_SURFACE ( 'NONE', #1831, 2.149999999999997247 ) ;
#631 = LINE ( 'NONE', #3513, #2992 ) ;
#632 = ORIENTED_EDGE ( 'NONE', *, *, #479, .T. ) ;
#633 = DIRECTION ( 'NONE',  ( -0.000000000000000000, -0.000000000000000000, 1.000000000000000000 ) ) ;
#634 = AXIS2_PLACEMENT_3D ( 'NONE', #4599, #987, #3472 ) ;
#636 = CARTESIAN_POINT ( 'NONE',  ( 8.550840296494985893, -120.0000000000000000, -27.00000000000000000 ) ) ;
#635 = AXIS2_PLACEMENT_3D ( 'NONE', #3654, #15, #2378 ) ;
#637 = VERTEX_POINT ( 'NONE', #1460 ) ;
#638 = EDGE_CURVE ( 'NONE', #4193, #729, #3137, .T. ) ;
#639 = FACE_OUTER_BOUND ( 'NONE', #4519, .T. ) ;
#640 = ORIENTED_EDGE ( 'NONE', *, *, #1449, .F. ) ;
#641 = CARTESIAN_POINT ( 'NONE',  ( -11.50000000000000355, -28.99999999999999645, 30.00000000000000000 ) ) ;
#642 = AXIS2_PLACEMENT_3D ( 'NONE', #547, #4707, #4603 ) ;
#643 = ORIENTED_EDGE ( 'NONE', *, *, #5026, .T. ) ;
#644 = DIRECTION ( 'NONE',  ( -1.000000000000000000, -0.000000000000000000, -0.000000000000000000 ) ) ;
#645 = VERTEX_POINT ( 'NONE', #3945 ) ;
#646 = LINE ( 'NONE', #3002, #2501 ) ;
#647 = FACE_OUTER_BOUND ( 'NONE', #2029, .T. ) ;
#648 = ORIENTED_EDGE ( 'NONE', *, *, #4196, .F. ) ;
#649 = CARTESIAN_POINT ( 'NONE',  ( -14.00000000000000178, -21.50000000000000000, 35.00000000000000000 ) ) ;
#650 = LINE ( 'NONE', #2178, #1945 ) ;
#651 = VECTOR ( 'NONE', #1404, 1000.000000000000000 ) ;
#652 = LINE ( 'NONE', #3477, #1812 ) ;
#653 = FACE_OUTER_BOUND ( 'NONE', #2677, .T. ) ;
#654 = EDGE_CURVE ( 'NONE', #3794, #1536, #4013, .T. ) ;
#655 = AXIS2_PLACEMENT_3D ( 'NONE', #3769, #3379, #4187 ) ;
#656 = ORIENTED_EDGE ( 'NONE', *, *, #2853, .F. ) ;
#657 = DIRECTION ( 'NONE',  ( -0.7071067811865483499, 0.7071067811865467956, 0.000000000000000000 ) ) ;
#658 = DIRECTION ( 'NONE',  ( -0.000000000000000000, 0.000000000000000000, 1.000000000000000000 ) ) ;
#659 = EDGE_LOOP ( 'NONE', ( #279, #2274, #1323, #4595 ) ) ;
#660 = EDGE_CURVE ( 'NONE', #1148, #4168, #61, .T. ) ;
#661 = CARTESIAN_POINT ( 'NONE',  ( 11.24999999999995737, -18.74999999999996803, -27.00000000000000000 ) ) ;
#662 = AXIS2_PLACEMENT_3D ( 'NONE', #398, #3176, #4426 ) ;
#663 = CARTESIAN_POINT ( 'NONE',  ( 20.00000000000000000, -120.0000000000000000, 19.00000000000001776 ) ) ;
#664 = ORIENTED_EDGE ( 'NONE', *, *, #3574, .F. ) ;
#665 = DIRECTION ( 'NONE',  ( 0.000000000000000000, 0.000000000000000000, -1.000000000000000000 ) ) ;
#666 = VERTEX_POINT ( 'NONE', #5088 ) ;
#667 = EDGE_CURVE ( 'NONE', #232, #4320, #1489, .T. ) ;
#668 = LINE ( 'NONE', #3549, #4358 ) ;
#669 = EDGE_CURVE ( 'NONE', #823, #37, #1845, .T. ) ;
#670 = VECTOR ( 'NONE', #758, 1000.000000000000000 ) ;
#671 = ORIENTED_EDGE ( 'NONE', *, *, #4522, .T. ) ;
#672 = DIRECTION ( 'NONE',  ( 0.000000000000000000, 0.000000000000000000, 1.000000000000000000 ) ) ;
#673 = ORIENTED_EDGE ( 'NONE', *, *, #506, .T. ) ;
#674 = CARTESIAN_POINT ( 'NONE',  ( 9.000000000000017764, 30.00000000000000711, 30.00000000000000000 ) ) ;
#675 = LINE ( 'NONE', #3502, #2570 ) ;
#676 = ORIENTED_EDGE ( 'NONE', *, *, #3462, .F. ) ;
#677 = CARTESIAN_POINT ( 'NONE',  ( 18.80000000000003979, -105.3000000000000540, -10.85000000000000142 ) ) ;
#678 = DIRECTION ( 'NONE',  ( -1.000000000000000000, 0.000000000000000000, 0.000000000000000000 ) ) ;
#679 = FACE_OUTER_BOUND ( 'NONE', #2528, .T. ) ;
#680 = VECTOR ( 'NONE', #3452, 1000.000000000000000 ) ;
#681 = DIRECTION ( 'NONE',  ( -0.000000000000000000, -0.000000000000000000, 1.000000000000000000 ) ) ;
#682 = EDGE_CURVE ( 'NONE', #4685, #3794, #4273, .T. ) ;
#683 = AXIS2_PLACEMENT_3D ( 'NONE', #740, #2338, #678 ) ;
#684 = ORIENTED_EDGE ( 'NONE', *, *, #1663, .T. ) ;
#685 = DIRECTION ( 'NONE',  ( 1.000000000000000000, -0.000000000000000000, -0.000000000000000000 ) ) ;
#686 = EDGE_CURVE ( 'NONE', #4253, #3306, #4221, .T. ) ;
#687 = DIRECTION ( 'NONE',  ( 0.000000000000000000, 0.000000000000000000, -1.000000000000000000 ) ) ;
#688 = ORIENTED_EDGE ( 'NONE', *, *, #517, .T. ) ;
#689 = CARTESIAN_POINT ( 'NONE',  ( 17.00000000000003908, -46.69999999999996021, 8.849999999999981881 ) ) ;
#690 = LINE ( 'NONE', #294, #4045 ) ;
#691 = EDGE_LOOP ( 'NONE', ( #2303, #743, #4119, #4916 ) ) ;
#692 = DIRECTION ( 'NONE',  ( 0.000000000000000000, -0.000000000000000000, 1.000000000000000000 ) ) ;
#693 = ORIENTED_EDGE ( 'NONE', *, *, #5132, .T. ) ;
#694 = DIRECTION ( 'NONE',  ( 0.000000000000000000, 1.000000000000000000, 6.270084852928196292E-16 ) ) ;
#695 = LINE ( 'NONE', #1199, #4362 ) ;
#696 = EDGE_CURVE ( 'NONE', #2757, #3659, #3880, .T. ) ;
#697 = VERTEX_POINT ( 'NONE', #1059 ) ;
#698 = CARTESIAN_POINT ( 'NONE',  ( 11.35000000000000320, -115.9999999999999858, -62.00000000000000000 ) ) ;
#699 = STYLED_ITEM ( 'NONE', ( #1479 ), #749 ) ;
#700 = ADVANCED_FACE ( 'NONE', ( #4563 ), #2990, .F. ) ;
#701 = ORIENTED_EDGE ( 'NONE', *, *, #3574, .T. ) ;
#702 = DIRECTION ( 'NONE',  ( 1.000000000000000000, 0.000000000000000000, 0.000000000000000000 ) ) ;
#703 = DIRECTION ( 'NONE',  ( 1.000000000000000000, 1.734723475976806848E-16, 0.000000000000000000 ) ) ;
#704 = EDGE_CURVE ( 'NONE', #2326, #3393, #1239, .T. ) ;
#705 = ORIENTED_EDGE ( 'NONE', *, *, #3739, .T. ) ;
#706 = EDGE_CURVE ( 'NONE', #3099, #1570, #872, .T. ) ;
#707 = AXIS2_PLACEMENT_3D ( 'NONE', #2278, #3916, #3891 ) ;
#708 = EDGE_CURVE ( 'NONE', #4292, #4141, #450, .T. ) ;
#709 = DIRECTION ( 'NONE',  ( -0.000000000000000000, -0.000000000000000000, 1.000000000000000000 ) ) ;
#710 = CARTESIAN_POINT ( 'NONE',  ( 10.00000000000000000, -50.84999999999999432, 16.92499999999999716 ) ) ;
#711 = CARTESIAN_POINT ( 'NONE',  ( 11.24999999999995737, -18.74999999999996803, 27.00000000000000355 ) ) ;
#712 = FACE_BOUND ( 'NONE', #1787, .T. ) ;
#713 = AXIS2_PLACEMENT_3D ( 'NONE', #149, #1740, #3366 ) ;
#714 = CIRCLE ( 'NONE', #5162, 1.650000000000000355 ) ;
#715 = ORIENTED_EDGE ( 'NONE', *, *, #3091, .F. ) ;
#716 = LINE ( 'NONE', #2263, #2858 ) ;
#717 = DIRECTION ( 'NONE',  ( 1.000000000000000000, 0.000000000000000000, 0.000000000000000000 ) ) ;
#718 = VERTEX_POINT ( 'NONE', #3045 ) ;
#719 = DIRECTION ( 'NONE',  ( 0.000000000000000000, 0.000000000000000000, -1.000000000000000000 ) ) ;
#720 = AXIS2_PLACEMENT_3D ( 'NONE', #1342, #2959, #4560 ) ;
#721 = FACE_OUTER_BOUND ( 'NONE', #62, .T. ) ;
#722 = VERTEX_POINT ( 'NONE', #1817 ) ;
#723 = AXIS2_PLACEMENT_3D ( 'NONE', #1040, #2601, #5037 ) ;
#724 = DIRECTION ( 'NONE',  ( 1.000000000000000000, 0.000000000000000000, 0.000000000000000000 ) ) ;
#725 = ORIENTED_EDGE ( 'NONE', *, *, #1794, .F. ) ;
#726 = CARTESIAN_POINT ( 'NONE',  ( 18.80000000000003979, -105.2999999999999972, 1.000000000000039080 ) ) ;
#727 = CARTESIAN_POINT ( 'NONE',  ( 10.00000000000000000, -100.2699999999999960, 14.77499999999999858 ) ) ;
#728 = CIRCLE ( 'NONE', #221, 1.649999999999998579 ) ;
#729 = VERTEX_POINT ( 'NONE', #663 ) ;
#730 = CARTESIAN_POINT ( 'NONE',  ( -0.4901790800424903338, 20.48855206734722501, -50.00000000000000000 ) ) ;
#731 = VERTEX_POINT ( 'NONE', #2269 ) ;
#732 = VECTOR ( 'NONE', #2803, 1000.000000000000000 ) ;
#733 = DIRECTION ( 'NONE',  ( 1.000000000000000000, 0.000000000000000000, -0.000000000000000000 ) ) ;
#734 = EDGE_CURVE ( 'NONE', #731, #4036, #2242, .T. ) ;
#735 = CARTESIAN_POINT ( 'NONE',  ( 18.80000000000003979, -46.69999999999996021, 8.849999999999981881 ) ) ;
#736 = AXIS2_PLACEMENT_3D ( 'NONE', #3802, #270, #4978 ) ;
#737 = CIRCLE ( 'NONE', #5010, 1.149999999999274936 ) ;
#738 = EDGE_LOOP ( 'NONE', ( #4662, #356, #1220, #1820 ) ) ;
#739 = CARTESIAN_POINT ( 'NONE',  ( 11.49999999999999645, -19.00000000000000355, 27.00000000000000355 ) ) ;
#740 = CARTESIAN_POINT ( 'NONE',  ( -10.48855206734722323, 9.509820919957515883, -30.00000000000000000 ) ) ;
#741 = CARTESIAN_POINT ( 'NONE',  ( -7.999999999999958256, -43.49999999999999289, -3.349999999999999645 ) ) ;
#742 = DIRECTION ( 'NONE',  ( -0.000000000000000000, -0.000000000000000000, 1.000000000000000000 ) ) ;
#743 = ORIENTED_EDGE ( 'NONE', *, *, #2615, .F. ) ;
#744 = VECTOR ( 'NONE', #3392, 1000.000000000000000 ) ;
#745 = DIRECTION ( 'NONE',  ( 0.000000000000000000, 0.000000000000000000, 1.000000000000000000 ) ) ;
#746 = DIRECTION ( 'NONE',  ( -0.7071067811865430208, -0.7071067811865520136, -0.000000000000000000 ) ) ;
#747 = ORIENTED_EDGE ( 'NONE', *, *, #1978, .F. ) ;
#748 = LINE ( 'NONE', #4796, #552 ) ;
#749 = MANIFOLD_SOLID_BREP ( '\X2\501289d2\X0\6', #3722 ) ;
#750 = AXIS2_PLACEMENT_3D ( 'NONE', #237, #3035, #2206 ) ;
#751 = ORIENTED_EDGE ( 'NONE', *, *, #3979, .F. ) ;
#752 = DIRECTION ( 'NONE',  ( 0.000000000000000000, 0.000000000000000000, -1.000000000000000000 ) ) ;
#753 = ORIENTED_EDGE ( 'NONE', *, *, #4360, .F. ) ;
#754 = LINE ( 'NONE', #1564, #4340 ) ;
#755 = LINE ( 'NONE', #1930, #835 ) ;
#756 = ADVANCED_FACE ( 'NONE', ( #1399 ), #2214, .F. ) ;
#757 = ORIENTED_EDGE ( 'NONE', *, *, #3960, .F. ) ;
#758 = DIRECTION ( 'NONE',  ( -1.000000000000000000, -0.000000000000000000, -0.000000000000000000 ) ) ;
#759 = ORIENTED_EDGE ( 'NONE', *, *, #3516, .T. ) ;
#760 = EDGE_CURVE ( 'NONE', #4613, #58, #4244, .T. ) ;
#761 = DIRECTION ( 'NONE',  ( 1.000000000000000000, 0.000000000000000000, 0.000000000000000000 ) ) ;
#762 = CARTESIAN_POINT ( 'NONE',  ( 17.00000000000000000, -108.9999999999999716, 30.00000000000000000 ) ) ;
#763 = ORIENTED_EDGE ( 'NONE', *, *, #3132, .T. ) ;
#764 = VECTOR ( 'NONE', #1852, 1000.000000000000000 ) ;
#765 = DIRECTION ( 'NONE',  ( -0.000000000000000000, 1.000000000000000000, -0.000000000000000000 ) ) ;
#766 = FACE_OUTER_BOUND ( 'NONE', #1768, .T. ) ;
#767 = LINE ( 'NONE', #4838, #2415 ) ;
#768 = CYLINDRICAL_SURFACE ( 'NONE', #2175, 1.650000000000000355 ) ;
#769 = VERTEX_POINT ( 'NONE', #246 ) ;
#770 = DIRECTION ( 'NONE',  ( -0.000000000000000000, 1.000000000000000000, -0.000000000000000000 ) ) ;
#771 = DIRECTION ( 'NONE',  ( -0.000000000000000000, -1.000000000000000000, -0.000000000000000000 ) ) ;
#772 = EDGE_LOOP ( 'NONE', ( #4582, #3867 ) ) ;
#773 = EDGE_CURVE ( 'NONE', #4432, #1644, #1450, .T. ) ;
#774 = LINE ( 'NONE', #4820, #4096 ) ;
#775 = VECTOR ( 'NONE', #3895, 1000.000000000000000 ) ;
#776 = EDGE_CURVE ( 'NONE', #1834, #1539, #3227, .T. ) ;
#777 = VERTEX_POINT ( 'NONE', #4688 ) ;
#778 = CARTESIAN_POINT ( 'NONE',  ( -0.4901790800424903338, 20.48855206734722501, -27.00000000000000000 ) ) ;
#779 = EDGE_LOOP ( 'NONE', ( #4651, #1981 ) ) ;
#780 = FACE_OUTER_BOUND ( 'NONE', #4434, .T. ) ;
#781 = CARTESIAN_POINT ( 'NONE',  ( -20.00000000000000000, -43.99999999999997158, 30.00000000000000000 ) ) ;
#782 = ORIENTED_EDGE ( 'NONE', *, *, #1041, .T. ) ;
#783 = DIRECTION ( 'NONE',  ( -0.000000000000000000, -0.000000000000000000, 1.000000000000000000 ) ) ;
#784 = ORIENTED_EDGE ( 'NONE', *, *, #440, .T. ) ;
#785 = DIRECTION ( 'NONE',  ( -1.000000000000000000, 0.000000000000000000, 0.000000000000000000 ) ) ;
#786 = ORIENTED_EDGE ( 'NONE', *, *, #3158, .T. ) ;
#787 = FACE_BOUND ( 'NONE', #442, .T. ) ;
#788 = DIRECTION ( 'NONE',  ( 0.000000000000000000, 0.000000000000000000, 1.000000000000000000 ) ) ;
#789 = CARTESIAN_POINT ( 'NONE',  ( 13.99999999999999645, -26.50000000000000355, 35.00000000000000000 ) ) ;
#790 = DIRECTION ( 'NONE',  ( -0.000000000000000000, -0.000000000000000000, 1.000000000000000000 ) ) ;
#791 = VECTOR ( 'NONE', #3785, 1000.000000000000000 ) ;
#792 = VERTEX_POINT ( 'NONE', #1898 ) ;
#793 = DIRECTION ( 'NONE',  ( -0.000000000000000000, 1.000000000000000000, -0.000000000000000000 ) ) ;
#794 = LINE ( 'NONE', #1582, #2308 ) ;
#795 = VERTEX_POINT ( 'NONE', #1265 ) ;
#796 = CARTESIAN_POINT ( 'NONE',  ( -17.00000000000000000, -40.99999999999996447, 30.00000000000000000 ) ) ;
#797 = EDGE_CURVE ( 'NONE', #3414, #179, #4816, .T. ) ;
#798 = ORIENTED_EDGE ( 'NONE', *, *, #5126, .F. ) ;
#799 = VECTOR ( 'NONE', #4098, 1000.000000000000000 ) ;
#800 = CARTESIAN_POINT ( 'NONE',  ( 11.49999999999999645, -28.99999999999999645, 35.00000000000000000 ) ) ;
#801 = ORIENTED_EDGE ( 'NONE', *, *, #826, .T. ) ;
#802 = CARTESIAN_POINT ( 'NONE',  ( -10.99999999999995737, -46.49999999999999289, -27.00000000000001066 ) ) ;
#803 = VECTOR ( 'NONE', #2076, 1000.000000000000000 ) ;
#804 = LINE ( 'NONE', #2012, #161 ) ;
#805 = EDGE_CURVE ( 'NONE', #4897, #3099, #819, .T. ) ;
#806 = AXIS2_PLACEMENT_3D ( 'NONE', #2096, #1674, #2869 ) ;
#807 = EDGE_LOOP ( 'NONE', ( #302, #577, #2875, #497 ) ) ;
#808 = DIRECTION ( 'NONE',  ( 0.000000000000000000, 1.000000000000000000, -2.377407173401953017E-15 ) ) ;
#809 = EDGE_LOOP ( 'NONE', ( #4400, #4203 ) ) ;
#810 = DIRECTION ( 'NONE',  ( 1.000000000000000000, 0.000000000000000000, 0.000000000000000000 ) ) ;
#811 = VECTOR ( 'NONE', #4898, 1000.000000000000000 ) ;
#812 = ORIENTED_EDGE ( 'NONE', *, *, #3889, .F. ) ;
#813 = VECTOR ( 'NONE', #500, 1000.000000000000000 ) ;
#814 = LINE ( 'NONE', #1207, #4297 ) ;
#815 = DIRECTION ( 'NONE',  ( 0.000000000000000000, 0.000000000000000000, -1.000000000000000000 ) ) ;
#816 = LINE ( 'NONE', #4, #1064 ) ;
#817 = DIRECTION ( 'NONE',  ( 0.000000000000000000, 0.000000000000000000, -1.000000000000000000 ) ) ;
#818 = VECTOR ( 'NONE', #311, 1000.000000000000000 ) ;
#819 = LINE ( 'NONE', #4716, #1860 ) ;
#820 = ORIENTED_EDGE ( 'NONE', *, *, #3151, .T. ) ;
#821 = PLANE ( 'NONE',  #662 ) ;
#822 = DIRECTION ( 'NONE',  ( 0.000000000000000000, 0.000000000000000000, -1.000000000000000000 ) ) ;
#823 = VERTEX_POINT ( 'NONE', #4298 ) ;
#824 = DIRECTION ( 'NONE',  ( 1.000000000000000000, 1.734723475976807341E-16, -0.000000000000000000 ) ) ;
#825 = ADVANCED_FACE ( 'NONE', ( #1088 ), #4476, .F. ) ;
#826 = EDGE_CURVE ( 'NONE', #3841, #4392, #3544, .T. ) ;
#827 = ORIENTED_EDGE ( 'NONE', *, *, #2465, .T. ) ;
#828 = CARTESIAN_POINT ( 'NONE',  ( 16.48201039154661984, 10.77028141149406260, 27.00000000000001066 ) ) ;
#829 = ORIENTED_EDGE ( 'NONE', *, *, #4403, .T. ) ;
#830 = DIRECTION ( 'NONE',  ( 0.000000000000000000, -6.270084852928195306E-16, 1.000000000000000000 ) ) ;
#831 = VECTOR ( 'NONE', #1959, 1000.000000000000000 ) ;
#832 = LINE ( 'NONE', #2437, #1327 ) ;
#833 = VECTOR ( 'NONE', #3517, 1000.000000000000000 ) ;
#834 = ORIENTED_EDGE ( 'NONE', *, *, #71, .T. ) ;
#835 = VECTOR ( 'NONE', #3103, 1000.000000000000000 ) ;
#836 = PLANE ( 'NONE',  #4462 ) ;
#837 = ORIENTED_EDGE ( 'NONE', *, *, #1635, .F. ) ;
#838 = CARTESIAN_POINT ( 'NONE',  ( 10.00000000000000000, -100.2699999999999960, 12.62499999999999467 ) ) ;
#839 = ORIENTED_EDGE ( 'NONE', *, *, #3104, .F. ) ;
#840 = FACE_BOUND ( 'NONE', #4349, .T. ) ;
#841 = LINE ( 'NONE', #2449, #3280 ) ;
#842 = FACE_OUTER_BOUND ( 'NONE', #2127, .T. ) ;
#843 = VECTOR ( 'NONE', #3658, 1000.000000000000000 ) ;
#844 = EDGE_CURVE ( 'NONE', #3554, #4274, #1953, .T. ) ;
#845 = LINE ( 'NONE', #3933, #4875 ) ;
#846 = VERTEX_POINT ( 'NONE', #55 ) ;
#847 = CARTESIAN_POINT ( 'NONE',  ( 18.80000000000003979, -46.69999999999996021, 10.84999999999994991 ) ) ;
#848 = CARTESIAN_POINT ( 'NONE',  ( -0.6598209199549457393, -0.4885520673472142361, -50.00000000000000000 ) ) ;
#849 = VERTEX_POINT ( 'NONE', #4061 ) ;
#850 = EDGE_CURVE ( 'NONE', #265, #481, #690, .T. ) ;
#851 = CARTESIAN_POINT ( 'NONE',  ( -18.65000000000000568, -0.9999999999999572564, -40.00000000000000711 ) ) ;
#852 = ORIENTED_EDGE ( 'NONE', *, *, #984, .T. ) ;
#853 = DIRECTION ( 'NONE',  ( 0.7071067811865492381, 0.7071067811865457964, -0.000000000000000000 ) ) ;
#854 = VERTEX_POINT ( 'NONE', #869 ) ;
#855 = CYLINDRICAL_SURFACE ( 'NONE', #635, 1.650000000000000355 ) ;
#856 = AXIS2_PLACEMENT_3D ( 'NONE', #1437, #967, #4989 ) ;
#857 = VECTOR ( 'NONE', #2363, 1000.000000000000000 ) ;
#858 = ADVANCED_FACE ( 'NONE', ( #2475 ), #1506, .F. ) ;
#859 = EDGE_LOOP ( 'NONE', ( #42, #820 ) ) ;
#860 = AXIS2_PLACEMENT_3D ( 'NONE', #4746, #3492, #3548 ) ;
#861 = FACE_OUTER_BOUND ( 'NONE', #2969, .T. ) ;
#862 = ORIENTED_EDGE ( 'NONE', *, *, #1952, .F. ) ;
#863 = DIRECTION ( 'NONE',  ( 0.000000000000000000, -0.000000000000000000, -1.000000000000000000 ) ) ;
#864 = EDGE_CURVE ( 'NONE', #2441, #4036, #2424, .T. ) ;
#865 = EDGE_LOOP ( 'NONE', ( #2456, #1247 ) ) ;
#866 = DIRECTION ( 'NONE',  ( 1.000000000000000000, 1.734723475976807341E-16, -0.000000000000000000 ) ) ;
#867 = LINE ( 'NONE', #3736, #4694 ) ;
#868 = FACE_BOUND ( 'NONE', #3315, .T. ) ;
#869 = CARTESIAN_POINT ( 'NONE',  ( 20.00000000000000000, 18.99999999999996803, 30.00000000000000000 ) ) ;
#870 = ORIENTED_EDGE ( 'NONE', *, *, #4365, .F. ) ;
#871 = CARTESIAN_POINT ( 'NONE',  ( -20.00000000000000000, 19.00000000000002487, -26.99999999999999645 ) ) ;
#872 = CIRCLE ( 'NONE', #2208, 1.149999999999274936 ) ;
#873 = VERTEX_POINT ( 'NONE', #4424 ) ;
#874 = CARTESIAN_POINT ( 'NONE',  ( -15.35000000000000142, -40.99999999999996447, -27.00000000000000000 ) ) ;
#875 = ORIENTED_EDGE ( 'NONE', *, *, #990, .F. ) ;
#876 = FACE_BOUND ( 'NONE', #2171, .T. ) ;
#877 = CARTESIAN_POINT ( 'NONE',  ( -17.00000000000000355, -0.9999999999999574785, 30.00000000000000000 ) ) ;
#878 = VERTEX_POINT ( 'NONE', #4322 ) ;
#879 = CARTESIAN_POINT ( 'NONE',  ( 17.00000000000004974, -50.84999999999999432, -2.774999999999999467 ) ) ;
#880 = EDGE_CURVE ( 'NONE', #979, #1579, #31, .T. ) ;
#881 = CIRCLE ( 'NONE', #4078, 1.650000000000000355 ) ;
#882 = EDGE_LOOP ( 'NONE', ( #5064, #618, #4607, #2262 ) ) ;
#884 = CARTESIAN_POINT ( 'NONE',  ( -17.00000000000000000, -30.99999999999995737, 27.00000000000001066 ) ) ;
#883 = CIRCLE ( 'NONE', #720, 1.250000000000733191 ) ;
#885 = ORIENTED_EDGE ( 'NONE', *, *, #3109, .F. ) ;
#886 = DIRECTION ( 'NONE',  ( -1.000000000000000000, 0.000000000000000000, 0.000000000000000000 ) ) ;
#887 = EDGE_CURVE ( 'NONE', #1328, #952, #845, .T. ) ;
#888 = AXIS2_PLACEMENT_3D ( 'NONE', #3772, #503, #89 ) ;
#889 = ORIENTED_EDGE ( 'NONE', *, *, #4926, .T. ) ;
#890 = EDGE_CURVE ( 'NONE', #3336, #4849, #3670, .T. ) ;
#891 = CIRCLE ( 'NONE', #296, 1.250000000000733191 ) ;
#892 = DIRECTION ( 'NONE',  ( 0.000000000000000000, 0.000000000000000000, -1.000000000000000000 ) ) ;
#893 = CARTESIAN_POINT ( 'NONE',  ( 0.6598209199600770791, 20.48855206734722501, -27.00000000000000000 ) ) ;
#894 = DIRECTION ( 'NONE',  ( 1.000000000000000000, -0.000000000000000000, -0.000000000000000000 ) ) ;
#895 = AXIS2_PLACEMENT_3D ( 'NONE', #5072, #633, #3015 ) ;
#896 = VERTEX_POINT ( 'NONE', #1241 ) ;
#897 = CARTESIAN_POINT ( 'NONE',  ( -0.6598209199549457393, -0.4885520673472142361, -50.00000000000000000 ) ) ;
#898 = ORIENTED_EDGE ( 'NONE', *, *, #91, .F. ) ;
#899 = CARTESIAN_POINT ( 'NONE',  ( 13.99999999999999645, -21.50000000000000000, 35.00000000000000000 ) ) ;
#900 = VECTOR ( 'NONE', #1533, 1000.000000000000000 ) ;
#901 = ORIENTED_EDGE ( 'NONE', *, *, #1382, .T. ) ;
#902 = LINE ( 'NONE', #2185, #2772 ) ;
#903 = CARTESIAN_POINT ( 'NONE',  ( 10.00000000000000000, -100.2699999999999960, -12.62499999999999645 ) ) ;
#904 = ORIENTED_EDGE ( 'NONE', *, *, #1315, .F. ) ;
#905 = CARTESIAN_POINT ( 'NONE',  ( -18.65000000000000568, -10.99999999999995737, -27.00000000000000000 ) ) ;
#906 = EDGE_LOOP ( 'NONE', ( #2985, #4425 ) ) ;
#907 = ADVANCED_FACE ( 'NONE', ( #721 ), #3643, .F. ) ;
#908 = EDGE_CURVE ( 'NONE', #795, #4938, #335, .T. ) ;
#909 = DIRECTION ( 'NONE',  ( -0.000000000000000000, 0.000000000000000000, 1.000000000000000000 ) ) ;
#910 = EDGE_LOOP ( 'NONE', ( #1850, #3321, #3878, #4467, #3726, #3076, #4928, #544 ) ) ;
#911 = CIRCLE ( 'NONE', #1251, 1.150000000002567413 ) ;
#912 = ADVANCED_FACE ( 'NONE', ( #2846 ), #4452, .F. ) ;
#913 = DIRECTION ( 'NONE',  ( 0.000000000000000000, 1.000000000000000000, -0.000000000000000000 ) ) ;
#914 = AXIS2_PLACEMENT_3D ( 'NONE', #395, #3616, #3563 ) ;
#915 = ORIENTED_EDGE ( 'NONE', *, *, #1633, .F. ) ;
#916 = CARTESIAN_POINT ( 'NONE',  ( -0.7702814114940569334, 26.48201039154662340, -30.00000000000000000 ) ) ;
#917 = DIRECTION ( 'NONE',  ( -0.000000000000000000, -3.469446951953601961E-15, -1.000000000000000000 ) ) ;
#918 = DIRECTION ( 'NONE',  ( 1.284980352575412453E-16, 0.000000000000000000, 1.000000000000000000 ) ) ;
#919 = ORIENTED_EDGE ( 'NONE', *, *, #1890, .T. ) ;
#920 = ORIENTED_EDGE ( 'NONE', *, *, #1574, .T. ) ;
#921 = DIRECTION ( 'NONE',  ( -0.000000000000000000, 0.000000000000000000, 1.000000000000000000 ) ) ;
#922 = VERTEX_POINT ( 'NONE', #3863 ) ;
#923 = CARTESIAN_POINT ( 'NONE',  ( -4.000000000000000000, 10.00000000000000533, -30.00000000000000000 ) ) ;
#924 = DIRECTION ( 'NONE',  ( -0.000000000000000000, -3.469446951953671381E-15, -1.000000000000000000 ) ) ;
#925 = ORIENTED_EDGE ( 'NONE', *, *, #890, .F. ) ;
#926 = CARTESIAN_POINT ( 'NONE',  ( 13.00000000000000178, -115.9999999999999858, -27.00000000000000000 ) ) ;
#927 = DIRECTION ( 'NONE',  ( -0.000000000000000000, 1.000000000000000000, -2.090028284309398501E-15 ) ) ;
#928 = ORIENTED_EDGE ( 'NONE', *, *, #4201, .F. ) ;
#929 = DIRECTION ( 'NONE',  ( 0.000000000000000000, 0.000000000000000000, 1.000000000000000000 ) ) ;
#930 = EDGE_CURVE ( 'NONE', #1910, #3302, #5142, .T. ) ;
#931 = ADVANCED_FACE ( 'NONE', ( #253 ), #277, .F. ) ;
#932 = ORIENTED_EDGE ( 'NONE', *, *, #2154, .T. ) ;
#933 = ADVANCED_FACE ( 'NONE', ( #2625 ), #4227, .F. ) ;
#934 = DIRECTION ( 'NONE',  ( -0.7071067811865473507, 0.7071067811865477948, 0.000000000000000000 ) ) ;
#935 = EDGE_LOOP ( 'NONE', ( #2579, #1183 ) ) ;
#936 = CIRCLE ( 'NONE', #3304, 1.149999999997434852 ) ;
#937 = CARTESIAN_POINT ( 'NONE',  ( 17.00000000000004974, -50.84999999999999432, 12.62500000000000000 ) ) ;
#938 = EDGE_CURVE ( 'NONE', #3342, #1, #5035, .T. ) ;
#939 = EDGE_LOOP ( 'NONE', ( #328, #1873 ) ) ;
#940 = CYLINDRICAL_SURFACE ( 'NONE', #5137, 2.150000000000004352 ) ;
#941 = DIRECTION ( 'NONE',  ( 0.000000000000000000, 1.000000000000000000, 4.180056568618783592E-15 ) ) ;
#942 = CARTESIAN_POINT ( 'NONE',  ( 0.7702814114940549350, -6.482010391546610961, 27.00000000000001066 ) ) ;
#943 = EDGE_LOOP ( 'NONE', ( #2887, #705 ) ) ;
#944 = CARTESIAN_POINT ( 'NONE',  ( -0.7702814114940569334, 26.48201039154662340, 27.00000000000001066 ) ) ;
#945 = ORIENTED_EDGE ( 'NONE', *, *, #3271, .T. ) ;
#946 = CARTESIAN_POINT ( 'NONE',  ( -4.000000000000000000, 10.00000000000000533, -49.99999999999998579 ) ) ;
#947 = CARTESIAN_POINT ( 'NONE',  ( 17.00000000000003908, -105.3000000000000256, 10.84999999999999609 ) ) ;
#948 = EDGE_CURVE ( 'NONE', #4960, #1883, #5057, .T. ) ;
#949 = EDGE_LOOP ( 'NONE', ( #2568, #5186, #915, #4010 ) ) ;
#950 = CARTESIAN_POINT ( 'NONE',  ( -9.338552067347947627, 9.509820919957515883, -30.00000000000000000 ) ) ;
#951 = DIRECTION ( 'NONE',  ( 1.000000000000000000, -0.000000000000000000, -0.000000000000000000 ) ) ;
#952 = VERTEX_POINT ( 'NONE', #3447 ) ;
#953 = LINE ( 'NONE', #2589, #4839 ) ;
#954 = DIRECTION ( 'NONE',  ( 1.000000000000000000, 0.000000000000000000, 0.000000000000000000 ) ) ;
#955 = VERTEX_POINT ( 'NONE', #3914 ) ;
#956 = DIRECTION ( 'NONE',  ( 0.000000000000000000, 0.000000000000000000, 1.000000000000000000 ) ) ;
#957 = VERTEX_POINT ( 'NONE', #3077 ) ;
#958 = ADVANCED_FACE ( 'NONE', ( #2222 ), #1458, .F. ) ;
#959 = CARTESIAN_POINT ( 'NONE',  ( 9.000000000000017764, 30.00000000000000711, -30.00000000000000000 ) ) ;
#960 = ORIENTED_EDGE ( 'NONE', *, *, #3040, .F. ) ;
#961 = DIRECTION ( 'NONE',  ( 1.000000000000000000, 0.000000000000000000, 0.000000000000000000 ) ) ;
#962 = DIRECTION ( 'NONE',  ( -0.7071067811865469066, -0.7071067811865482389, 0.000000000000000000 ) ) ;
#963 = LINE ( 'NONE', #1410, #4170 ) ;
#964 = CIRCLE ( 'NONE', #2900, 1.249999999997455813 ) ;
#965 = VERTEX_POINT ( 'NONE', #3054 ) ;
#966 = VECTOR ( 'NONE', #4314, 1000.000000000000000 ) ;
#967 = DIRECTION ( 'NONE',  ( 1.000000000000000000, -0.000000000000000000, -0.000000000000000000 ) ) ;
#968 = FACE_OUTER_BOUND ( 'NONE', #5191, .T. ) ;
#969 = CARTESIAN_POINT ( 'NONE',  ( 17.00000000000000000, -120.0000000000000000, -27.00000000000000000 ) ) ;
#970 = DIRECTION ( 'NONE',  ( -0.000000000000000000, -0.000000000000000000, 1.000000000000000000 ) ) ;
#971 = VERTEX_POINT ( 'NONE', #329 ) ;
#972 = DIRECTION ( 'NONE',  ( 0.000000000000000000, 0.000000000000000000, -1.000000000000000000 ) ) ;
#973 = VECTOR ( 'NONE', #1047, 1000.000000000000000 ) ;
#974 = EDGE_CURVE ( 'NONE', #3520, #2593, #1825, .T. ) ;
#975 = LINE ( 'NONE', #4167, #2487 ) ;
#976 = EDGE_LOOP ( 'NONE', ( #4356, #1028, #1200, #3969 ) ) ;
#977 = DIRECTION ( 'NONE',  ( 1.000000000000000000, 0.000000000000000000, -0.000000000000000000 ) ) ;
#978 = EDGE_CURVE ( 'NONE', #2694, #4179, #2268, .T. ) ;
#979 = VERTEX_POINT ( 'NONE', #5115 ) ;
#980 = LINE ( 'NONE', #1369, #3163 ) ;
#981 = EDGE_LOOP ( 'NONE', ( #2991, #360 ) ) ;
#982 = LINE ( 'NONE', #225, #3355 ) ;
#983 = VERTEX_POINT ( 'NONE', #3553 ) ;
#984 = EDGE_CURVE ( 'NONE', #148, #2672, #1540, .T. ) ;
#985 = LINE ( 'NONE', #4569, #1108 ) ;
#986 = LINE ( 'NONE', #2252, #3931 ) ;
#987 = DIRECTION ( 'NONE',  ( 1.000000000000000000, -0.000000000000000000, -0.000000000000000000 ) ) ;
#988 = AXIS2_PLACEMENT_3D ( 'NONE', #178, #1849, #1743 ) ;
#989 = VECTOR ( 'NONE', #1649, 1000.000000000000000 ) ;
#990 = EDGE_CURVE ( 'NONE', #4306, #1245, #2649, .T. ) ;
#991 = ORIENTED_EDGE ( 'NONE', *, *, #4612, .T. ) ;
#992 = AXIS2_PLACEMENT_3D ( 'NONE', #1864, #681, #5043 ) ;
#993 = CARTESIAN_POINT ( 'NONE',  ( -11.50000000000000533, -19.00000000000000355, -30.00000000000000000 ) ) ;
#994 = CARTESIAN_POINT ( 'NONE',  ( -0.4797185885034007113, -6.482010391546610961, -30.00000000000000000 ) ) ;
#995 = PLANE ( 'NONE',  #2147 ) ;
#996 = CARTESIAN_POINT ( 'NONE',  ( 17.00000000000004974, -50.84999999999999432, -7.074999999999997513 ) ) ;
#997 = VECTOR ( 'NONE', #2210, 1000.000000000000000 ) ;
#998 = ORIENTED_EDGE ( 'NONE', *, *, #1931, .T. ) ;
#999 = EDGE_CURVE ( 'NONE', #4465, #4810, #2676, .T. ) ;
#1000 = FACE_BOUND ( 'NONE', #3809, .T. ) ;
#1001 = DIRECTION ( 'NONE',  ( -0.000000000000000000, -0.000000000000000000, 1.000000000000000000 ) ) ;
#1002 = ORIENTED_EDGE ( 'NONE', *, *, #4809, .F. ) ;
#1003 = CYLINDRICAL_SURFACE ( 'NONE', #4092, 2.150000000000004352 ) ;
#1004 = SURFACE_STYLE_USAGE ( .BOTH. , #3410 ) ;
#1005 = AXIS2_PLACEMENT_3D ( 'NONE', #3126, #1213, #1115 ) ;
#1006 = EDGE_LOOP ( 'NONE', ( #219, #2547, #5067, #4308 ) ) ;
#1007 = FACE_OUTER_BOUND ( 'NONE', #423, .T. ) ;
#1008 = ORIENTED_EDGE ( 'NONE', *, *, #1206, .T. ) ;
#1009 = LINE ( 'NONE', #4983, #3436 ) ;
#1010 = EDGE_CURVE ( 'NONE', #2798, #4156, #2444, .T. ) ;
#1011 = ORIENTED_EDGE ( 'NONE', *, *, #2835, .T. ) ;
#1012 = DIRECTION ( 'NONE',  ( -1.000000000000000000, -0.000000000000000000, -0.000000000000000000 ) ) ;
#1013 = FACE_OUTER_BOUND ( 'NONE', #2617, .T. ) ;
#1014 = EDGE_CURVE ( 'NONE', #4697, #1279, #2250, .T. ) ;
#1015 = ADVANCED_FACE ( 'NONE', ( #1487 ), #1515, .F. ) ;
#1016 = DIRECTION ( 'NONE',  ( 0.000000000000000000, 0.000000000000000000, -1.000000000000000000 ) ) ;
#1017 = EDGE_CURVE ( 'NONE', #222, #955, #2702, .T. ) ;
#1018 = ORIENTED_EDGE ( 'NONE', *, *, #3040, .T. ) ;
#1019 = CARTESIAN_POINT ( 'NONE',  ( 18.80000000000003979, -97.00000000000000000, -0.9999999999999781286 ) ) ;
#1020 = DIRECTION ( 'NONE',  ( 0.000000000000000000, 0.000000000000000000, 1.000000000000000000 ) ) ;
#1021 = ADVANCED_FACE ( 'NONE', ( #4725 ), #2729, .F. ) ;
#1022 = CARTESIAN_POINT ( 'NONE',  ( 0.7702814114940549350, -6.482010391546610961, -50.00000000000000000 ) ) ;
#1023 = FACE_OUTER_BOUND ( 'NONE', #1358, .T. ) ;
#1024 = EDGE_CURVE ( 'NONE', #4894, #1438, #3215, .T. ) ;
#1025 = VERTEX_POINT ( 'NONE', #3994 ) ;
#1026 = DIRECTION ( 'NONE',  ( -0.000000000000000000, -0.000000000000000000, 1.000000000000000000 ) ) ;
#1027 = DIRECTION ( 'NONE',  ( 1.000000000000000000, 0.000000000000000000, 0.000000000000000000 ) ) ;
#1028 = ORIENTED_EDGE ( 'NONE', *, *, #1024, .T. ) ;
#1029 = LINE ( 'NONE', #661, #2143 ) ;
#1030 = CARTESIAN_POINT ( 'NONE',  ( -16.48201039154661984, 9.229718588505949839, -50.00000000000000000 ) ) ;
#1031 = EDGE_LOOP ( 'NONE', ( #3966, #4489, #4682, #3211 ) ) ;
#1032 = FACE_BOUND ( 'NONE', #4531, .T. ) ;
#1033 = ORIENTED_EDGE ( 'NONE', *, *, #4852, .F. ) ;
#1034 = EDGE_CURVE ( 'NONE', #792, #3601, #461, .T. ) ;
#1035 = LINE ( 'NONE', #1771, #744 ) ;
#1036 = ORIENTED_EDGE ( 'NONE', *, *, #99, .F. ) ;
#1037 = DIRECTION ( 'NONE',  ( -0.000000000000000000, -0.000000000000000000, 1.000000000000000000 ) ) ;
#1038 = ORIENTED_EDGE ( 'NONE', *, *, #4085, .T. ) ;
#1039 = DIRECTION ( 'NONE',  ( 0.000000000000000000, 0.000000000000000000, 1.000000000000000000 ) ) ;
#1040 = CARTESIAN_POINT ( 'NONE',  ( 20.00000000000000000, -100.2699999999999960, -14.77499999999999858 ) ) ;
#1041 = EDGE_CURVE ( 'NONE', #3214, #1753, #381, .T. ) ;
#1042 = ORIENTED_EDGE ( 'NONE', *, *, #4190, .F. ) ;
#1043 = VECTOR ( 'NONE', #4488, 1000.000000000000000 ) ;
#1044 = DIRECTION ( 'NONE',  ( 1.000000000000000000, 0.000000000000000000, 0.000000000000000000 ) ) ;
#1045 = VECTOR ( 'NONE', #2398, 1000.000000000000000 ) ;
#1046 = CARTESIAN_POINT ( 'NONE',  ( -18.64999999999999858, -40.99999999999996447, -39.99999999999999289 ) ) ;
#1047 = DIRECTION ( 'NONE',  ( -0.000000000000000000, -1.000000000000000000, -2.899914244479310235E-15 ) ) ;
#1048 = DIRECTION ( 'NONE',  ( -0.000000000000000000, -0.000000000000000000, 1.000000000000000000 ) ) ;
#1049 = AXIS2_PLACEMENT_3D ( 'NONE', #364, #1968, #4813 ) ;
#1050 = AXIS2_PLACEMENT_3D ( 'NONE', #877, #483, #4873 ) ;
#1051 = EDGE_CURVE ( 'NONE', #3285, #2974, #2467, .T. ) ;
#1052 = ORIENTED_EDGE ( 'NONE', *, *, #214, .T. ) ;
#1053 = CYLINDRICAL_SURFACE ( 'NONE', #3444, 1.650000000000000355 ) ;
#1054 = CARTESIAN_POINT ( 'NONE',  ( 20.00000000000000000, -117.0000000000000000, 5.000000000000000000 ) ) ;
#1055 = ORIENTED_EDGE ( 'NONE', *, *, #2576, .T. ) ;
#1056 = CARTESIAN_POINT ( 'NONE',  ( 4.000000000000000000, 10.00000000000000533, 30.00000000000000000 ) ) ;
#1057 = CIRCLE ( 'NONE', #2404, 1.649999999999998579 ) ;
#1058 = EDGE_CURVE ( 'NONE', #2624, #283, #2865, .T. ) ;
#1059 = CARTESIAN_POINT ( 'NONE',  ( -7.999999999999958256, -46.49999999999998579, -3.349999999999999645 ) ) ;
#1060 = ORIENTED_EDGE ( 'NONE', *, *, #4040, .T. ) ;
#1061 = PLANE ( 'NONE',  #41 ) ;
#1062 = ORIENTED_EDGE ( 'NONE', *, *, #366, .T. ) ;
#1063 = CARTESIAN_POINT ( 'NONE',  ( 18.80000000000003979, -97.00000000000000000, 8.850000000000003197 ) ) ;
#1064 = VECTOR ( 'NONE', #3249, 1000.000000000000000 ) ;
#1065 = EDGE_CURVE ( 'NONE', #2243, #3123, #2015, .T. ) ;
#1066 = EDGE_LOOP ( 'NONE', ( #4160, #1973, #1308, #751 ) ) ;
#1067 = DIRECTION ( 'NONE',  ( 1.000000000000000000, -0.000000000000000000, -0.000000000000000000 ) ) ;
#1068 = ORIENTED_EDGE ( 'NONE', *, *, #1815, .T. ) ;
#1069 = ADVANCED_FACE ( 'NONE', ( #1988 ), #2861, .T. ) ;
#1070 = FACE_OUTER_BOUND ( 'NONE', #976, .T. ) ;
#1071 = CARTESIAN_POINT ( 'NONE',  ( 10.48855206734722323, 10.49017908004249833, 30.00000000000000000 ) ) ;
#1072 = EDGE_LOOP ( 'NONE', ( #2667, #4799, #2708, #2685 ) ) ;
#1073 = DIRECTION ( 'NONE',  ( 0.000000000000000000, 1.000000000000000000, -3.553048083325977965E-15 ) ) ;
#1074 = ORIENTED_EDGE ( 'NONE', *, *, #4271, .F. ) ;
#1075 = VECTOR ( 'NONE', #3244, 1000.000000000000000 ) ;
#1076 = CARTESIAN_POINT ( 'NONE',  ( 9.000000000000017764, 30.00000000000000711, 27.00000000000000355 ) ) ;
#1077 = FACE_OUTER_BOUND ( 'NONE', #1810, .T. ) ;
#1078 = ADVANCED_FACE ( 'NONE', ( #861 ), #1254, .F. ) ;
#1079 = VECTOR ( 'NONE', #1337, 1000.000000000000000 ) ;
#1080 = CIRCLE ( 'NONE', #3944, 1.249999999997455591 ) ;
#1081 = ORIENTED_EDGE ( 'NONE', *, *, #844, .T. ) ;
#1082 = DIRECTION ( 'NONE',  ( -1.000000000000000000, 0.000000000000000000, -0.000000000000000000 ) ) ;
#1083 = CARTESIAN_POINT ( 'NONE',  ( 11.63855206734794834, 10.49017908004249833, -50.00000000000000000 ) ) ;
#1084 = EDGE_LOOP ( 'NONE', ( #2904, #4017, #133, #715 ) ) ;
#1085 = DIRECTION ( 'NONE',  ( 0.000000000000000000, -0.000000000000000000, -1.000000000000000000 ) ) ;
#1086 = CIRCLE ( 'NONE', #3289, 1.249999999999267253 ) ;
#1087 = ADVANCED_FACE ( 'NONE', ( #3576 ), #836, .F. ) ;
#1088 = FACE_OUTER_BOUND ( 'NONE', #1755, .T. ) ;
#1089 = VERTEX_POINT ( 'NONE', #2812 ) ;
#1090 = DIRECTION ( 'NONE',  ( 1.000000000000000000, 0.000000000000000000, 0.000000000000000000 ) ) ;
#1091 = ORIENTED_EDGE ( 'NONE', *, *, #4101, .T. ) ;
#1092 = DIRECTION ( 'NONE',  ( -0.000000000000000000, -0.000000000000000000, 1.000000000000000000 ) ) ;
#1093 = DIRECTION ( 'NONE',  ( 0.000000000000000000, 0.000000000000000000, -1.000000000000000000 ) ) ;
#1094 = EDGE_CURVE ( 'NONE', #2593, #2974, #581, .T. ) ;
#1095 = AXIS2_PLACEMENT_3D ( 'NONE', #4840, #5133, #1604 ) ;
#1096 = VERTEX_POINT ( 'NONE', #355 ) ;
#1097 = CARTESIAN_POINT ( 'NONE',  ( 0.4901790800424890016, -0.4885520673472143471, -27.00000000000000000 ) ) ;
#1098 = VERTEX_POINT ( 'NONE', #3606 ) ;
#1099 = DIRECTION ( 'NONE',  ( -0.7071067811865457964, 0.7071067811865492381, -0.000000000000000000 ) ) ;
#1100 = LINE ( 'NONE', #1543, #2848 ) ;
#1101 = ORIENTED_EDGE ( 'NONE', *, *, #1419, .T. ) ;
#1102 = CARTESIAN_POINT ( 'NONE',  ( -9.000000000000017764, -54.99999999999999289, 30.00000000000000000 ) ) ;
#1103 = DIRECTION ( 'NONE',  ( 0.000000000000000000, -2.717036769602217933E-15, -1.000000000000000000 ) ) ;
#1104 = CARTESIAN_POINT ( 'NONE',  ( 17.00000000000003908, -46.69999999999984652, 1.000000000000020872 ) ) ;
#1105 = AXIS2_PLACEMENT_3D ( 'NONE', #4370, #3949, #1600 ) ;
#1106 = CARTESIAN_POINT ( 'NONE',  ( 18.80000000000003979, -97.00000000000000000, -0.9999999999999781286 ) ) ;
#1107 = CIRCLE ( 'NONE', #594, 1.249999999997455591 ) ;
#1108 = VECTOR ( 'NONE', #4961, 1000.000000000000000 ) ;
#1109 = ORIENTED_EDGE ( 'NONE', *, *, #4572, .F. ) ;
#1110 = CARTESIAN_POINT ( 'NONE',  ( -17.00000000000000355, -0.9999999999999574785, -40.00000000000000711 ) ) ;
#1111 = CARTESIAN_POINT ( 'NONE',  ( 1.640179080039923853, -0.4885520673472143471, -30.00000000000000000 ) ) ;
#1112 = ORIENTED_EDGE ( 'NONE', *, *, #1219, .F. ) ;
#1113 = CARTESIAN_POINT ( 'NONE',  ( 17.00000000000000000, -100.2699999999999960, -14.77499999999999858 ) ) ;
#1114 = ADVANCED_FACE ( 'NONE', ( #67 ), #2787, .F. ) ;
#1115 = DIRECTION ( 'NONE',  ( 1.000000000000000000, 0.000000000000000000, 0.000000000000000000 ) ) ;
#1116 = EDGE_CURVE ( 'NONE', #1266, #1573, #4388, .T. ) ;
#1117 = ORIENTED_EDGE ( 'NONE', *, *, #2168, .T. ) ;
#1118 = CARTESIAN_POINT ( 'NONE',  ( 17.00000000000000000, -100.2699999999999960, 4.924999999999998934 ) ) ;
#1119 = ORIENTED_EDGE ( 'NONE', *, *, #2438, .T. ) ;
#1120 = DIRECTION ( 'NONE',  ( -0.000000000000000000, -0.000000000000000000, 1.000000000000000000 ) ) ;
#1121 = LINE ( 'NONE', #4801, #2515 ) ;
#1122 = ORIENTED_EDGE ( 'NONE', *, *, #5097, .F. ) ;
#1123 = DIRECTION ( 'NONE',  ( -0.000000000000000000, -0.000000000000000000, 1.000000000000000000 ) ) ;
#1124 = AXIS2_PLACEMENT_3D ( 'NONE', #3488, #556, #954 ) ;
#1125 = EDGE_LOOP ( 'NONE', ( #3834, #1436 ) ) ;
#1126 = CARTESIAN_POINT ( 'NONE',  ( -11.50000000000000355, -28.99999999999999645, -30.00000000000000000 ) ) ;
#1127 = DIRECTION ( 'NONE',  ( 0.000000000000000000, 0.000000000000000000, -1.000000000000000000 ) ) ;
#1128 = ORIENTED_EDGE ( 'NONE', *, *, #4572, .T. ) ;
#1129 = LINE ( 'NONE', #3196, #1524 ) ;
#1130 = DIRECTION ( 'NONE',  ( 1.000000000000000000, 0.000000000000000000, 0.000000000000000000 ) ) ;
#1131 = DIRECTION ( 'NONE',  ( 1.000000000000000000, 0.000000000000000000, 0.000000000000000000 ) ) ;
#1132 = DIRECTION ( 'NONE',  ( -0.000000000000000000, -0.000000000000000000, -1.000000000000000000 ) ) ;
#1133 = VECTOR ( 'NONE', #808, 1000.000000000000000 ) ;
#1134 = EDGE_CURVE ( 'NONE', #1361, #2801, #2412, .T. ) ;
#1135 = VECTOR ( 'NONE', #2716, 1000.000000000000000 ) ;
#1136 = VERTEX_POINT ( 'NONE', #21 ) ;
#1137 = CARTESIAN_POINT ( 'NONE',  ( 13.99999999999999645, -21.50000000000000000, 35.00000000000000000 ) ) ;
#1138 = FACE_OUTER_BOUND ( 'NONE', #1793, .T. ) ;
#1139 = ORIENTED_EDGE ( 'NONE', *, *, #999, .T. ) ;
#1140 = DIRECTION ( 'NONE',  ( -0.000000000000000000, -0.000000000000000000, 1.000000000000000000 ) ) ;
#1141 = AXIS2_PLACEMENT_3D ( 'NONE', #4016, #2781, #3184 ) ;
#1142 = EDGE_LOOP ( 'NONE', ( #3067, #4689 ) ) ;
#1143 = CIRCLE ( 'NONE', #3753, 1.149999999999274936 ) ;
#1144 = DIRECTION ( 'NONE',  ( 0.000000000000000000, -0.000000000000000000, -1.000000000000000000 ) ) ;
#1145 = ORIENTED_EDGE ( 'NONE', *, *, #734, .F. ) ;
#1146 = DIRECTION ( 'NONE',  ( 1.000000000000000000, 0.000000000000000000, 0.000000000000000000 ) ) ;
#1147 = CARTESIAN_POINT ( 'NONE',  ( -15.35000000000000497, -0.9999999999999574785, 26.99999999999999645 ) ) ;
#1148 = VERTEX_POINT ( 'NONE', #3632 ) ;
#1149 = CARTESIAN_POINT ( 'NONE',  ( 13.99999999999999645, -26.50000000000000355, -30.00000000000000000 ) ) ;
#1150 = ORIENTED_EDGE ( 'NONE', *, *, #2417, .F. ) ;
#1151 = VECTOR ( 'NONE', #624, 1000.000000000000000 ) ;
#1152 = FACE_OUTER_BOUND ( 'NONE', #3129, .T. ) ;
#1153 = LINE ( 'NONE', #358, #1804 ) ;
#1154 = ADVANCED_FACE ( 'NONE', ( #1621 ), #3242, .F. ) ;
#1155 = EDGE_CURVE ( 'NONE', #4111, #1222, #438, .T. ) ;
#1156 = ADVANCED_FACE ( 'NONE', ( #2089 ), #4901, .F. ) ;
#1157 = CIRCLE ( 'NONE', #229, 1.249999999997455591 ) ;
#1158 = EDGE_LOOP ( 'NONE', ( #904, #499 ) ) ;
#1159 = FACE_BOUND ( 'NONE', #4323, .T. ) ;
#1160 = DIRECTION ( 'NONE',  ( 1.000000000000000000, 1.734723475976807341E-16, -0.000000000000000000 ) ) ;
#1161 = LINE ( 'NONE', #29, #966 ) ;
#1162 = DIRECTION ( 'NONE',  ( 0.000000000000000000, 0.000000000000000000, -1.000000000000000000 ) ) ;
#1163 = ORIENTED_EDGE ( 'NONE', *, *, #1234, .T. ) ;
#1164 = AXIS2_PLACEMENT_3D ( 'NONE', #2169, #3024, #3368 ) ;
#1165 = DIRECTION ( 'NONE',  ( 0.000000000000000000, 0.000000000000000000, -1.000000000000000000 ) ) ;
#1166 = CARTESIAN_POINT ( 'NONE',  ( 20.00000000000000000, 18.99999999999996803, 30.00000000000000000 ) ) ;
#1167 = ORIENTED_EDGE ( 'NONE', *, *, #3218, .F. ) ;
#1168 = DIRECTION ( 'NONE',  ( 0.000000000000000000, 0.000000000000000000, -1.000000000000000000 ) ) ;
#1169 = EDGE_CURVE ( 'NONE', #1275, #4894, #2112, .T. ) ;
#1170 = VECTOR ( 'NONE', #817, 1000.000000000000000 ) ;
#1171 = ORIENTED_EDGE ( 'NONE', *, *, #4632, .F. ) ;
#1172 = PLANE ( 'NONE',  #1980 ) ;
#1173 = ORIENTED_EDGE ( 'NONE', *, *, #1311, .F. ) ;
#1174 = AXIS2_PLACEMENT_3D ( 'NONE', #1578, #2423, #1162 ) ;
#1175 = DIRECTION ( 'NONE',  ( 0.000000000000000000, 0.000000000000000000, -1.000000000000000000 ) ) ;
#1176 = DIRECTION ( 'NONE',  ( 1.000000000000000000, 0.000000000000000000, 0.000000000000000000 ) ) ;
#1177 = ORIENTED_EDGE ( 'NONE', *, *, #340, .T. ) ;
#1178 = DIRECTION ( 'NONE',  ( 0.000000000000000000, 0.000000000000000000, -1.000000000000000000 ) ) ;
#1179 = ORIENTED_EDGE ( 'NONE', *, *, #654, .F. ) ;
#1180 = EDGE_CURVE ( 'NONE', #645, #2331, #3390, .T. ) ;
#1181 = DIRECTION ( 'NONE',  ( 0.000000000000000000, 0.000000000000000000, 1.000000000000000000 ) ) ;
#1182 = VECTOR ( 'NONE', #815, 1000.000000000000000 ) ;
#1183 = ORIENTED_EDGE ( 'NONE', *, *, #4803, .F. ) ;
#1184 = LINE ( 'NONE', #3532, #2620 ) ;
#1185 = CARTESIAN_POINT ( 'NONE',  ( 11.63855206734794834, 10.49017908004249833, 27.00000000000001066 ) ) ;
#1186 = FACE_OUTER_BOUND ( 'NONE', #4830, .T. ) ;
#1187 = CARTESIAN_POINT ( 'NONE',  ( 17.00000000000003908, -54.99999999999999289, 1.000000000000029532 ) ) ;
#1188 = ORIENTED_EDGE ( 'NONE', *, *, #2737, .T. ) ;
#1189 = VECTOR ( 'NONE', #1073, 1000.000000000000000 ) ;
#1190 = CYLINDRICAL_SURFACE ( 'NONE', #4033, 2.149999999999998135 ) ;
#1191 = DIRECTION ( 'NONE',  ( -0.000000000000000000, -0.000000000000000000, 1.000000000000000000 ) ) ;
#1192 = VERTEX_POINT ( 'NONE', #1324 ) ;
#1193 = CARTESIAN_POINT ( 'NONE',  ( -0.4797185885034007113, -6.482010391546610961, -27.00000000000000000 ) ) ;
#1194 = CIRCLE ( 'NONE', #1606, 1.150000000000725109 ) ;
#1195 = EDGE_LOOP ( 'NONE', ( #150, #4561 ) ) ;
#1196 = DIRECTION ( 'NONE',  ( -1.000000000000000000, -0.000000000000000000, -0.000000000000000000 ) ) ;
#1197 = ORIENTED_EDGE ( 'NONE', *, *, #1760, .T. ) ;
#1198 = DIRECTION ( 'NONE',  ( 0.000000000000000000, 0.000000000000000000, 1.000000000000000000 ) ) ;
#1199 = CARTESIAN_POINT ( 'NONE',  ( 8.550840296494985893, -64.61321960076965354, -30.00000000000000000 ) ) ;
#1200 = ORIENTED_EDGE ( 'NONE', *, *, #4795, .F. ) ;
#1201 = EDGE_CURVE ( 'NONE', #5181, #3890, #1294, .T. ) ;
#1202 = CARTESIAN_POINT ( 'NONE',  ( 18.80000000000003979, -97.00000000000000000, 10.84999999999996767 ) ) ;
#1203 = ORIENTED_EDGE ( 'NONE', *, *, #4059, .T. ) ;
#1204 = LINE ( 'NONE', #2017, #1913 ) ;
#1205 = ORIENTED_EDGE ( 'NONE', *, *, #1969, .F. ) ;
#1206 = EDGE_CURVE ( 'NONE', #5114, #1292, #3326, .T. ) ;
#1207 = CARTESIAN_POINT ( 'NONE',  ( 17.00000000000000000, -97.00000000000000000, 54.86198126479881410 ) ) ;
#1208 = FACE_BOUND ( 'NONE', #4077, .T. ) ;
#1209 = DIRECTION ( 'NONE',  ( -0.000000000000000000, 0.000000000000000000, 1.000000000000000000 ) ) ;
#1210 = FACE_BOUND ( 'NONE', #939, .T. ) ;
#1211 = EDGE_CURVE ( 'NONE', #3332, #2813, #980, .T. ) ;
#1212 = AXIS2_PLACEMENT_3D ( 'NONE', #2704, #2731, #3579 ) ;
#1213 = DIRECTION ( 'NONE',  ( -0.000000000000000000, -0.000000000000000000, 1.000000000000000000 ) ) ;
#1214 = ORIENTED_EDGE ( 'NONE', *, *, #974, .F. ) ;
#1215 = DIRECTION ( 'NONE',  ( 0.000000000000000000, 0.000000000000000000, 1.000000000000000000 ) ) ;
#1216 = CARTESIAN_POINT ( 'NONE',  ( -7.999999999999958256, -46.49999999999998579, 5.000000000000000000 ) ) ;
#1217 = ORIENTED_EDGE ( 'NONE', *, *, #3578, .F. ) ;
#1218 = CARTESIAN_POINT ( 'NONE',  ( -15.35000000000000142, -40.99999999999996447, -39.99999999999999289 ) ) ;
#1219 = EDGE_CURVE ( 'NONE', #4144, #3476, #2592, .T. ) ;
#1220 = ORIENTED_EDGE ( 'NONE', *, *, #4980, .F. ) ;
#1221 = CARTESIAN_POINT ( 'NONE',  ( -11.50000000000000355, -28.99999999999999645, 35.00000000000000000 ) ) ;
#1222 = VERTEX_POINT ( 'NONE', #2886 ) ;
#1223 = CARTESIAN_POINT ( 'NONE',  ( 1.640179080039923853, -0.4885520673472143471, -27.00000000000000000 ) ) ;
#1224 = CARTESIAN_POINT ( 'NONE',  ( -8.999999999999962697, 30.00000000000000711, -30.00000000000000000 ) ) ;
#1225 = EDGE_CURVE ( 'NONE', #90, #4810, #3707, .T. ) ;
#1226 = VECTOR ( 'NONE', #231, 1000.000000000000000 ) ;
#1227 = ORIENTED_EDGE ( 'NONE', *, *, #2003, .T. ) ;
#1228 = DIRECTION ( 'NONE',  ( 0.000000000000000000, -1.000000000000000000, 0.000000000000000000 ) ) ;
#1229 = VERTEX_POINT ( 'NONE', #4590 ) ;
#1230 = DIRECTION ( 'NONE',  ( 0.000000000000000000, 0.000000000000000000, 1.000000000000000000 ) ) ;
#1231 = APPLICATION_CONTEXT ( 'automotive_design' ) ;
#1232 = VECTOR ( 'NONE', #2266, 1000.000000000000114 ) ;
#1233 = ORIENTED_EDGE ( 'NONE', *, *, #2321, .F. ) ;
#1234 = EDGE_CURVE ( 'NONE', #2316, #3930, #4518, .T. ) ;
#1235 = VECTOR ( 'NONE', #1336, 1000.000000000000000 ) ;
#1236 = CARTESIAN_POINT ( 'NONE',  ( 3.000000000000039080, -46.49999999999999289, -27.00000000000001421 ) ) ;
#1237 = DIRECTION ( 'NONE',  ( 0.000000000000000000, 0.000000000000000000, -1.000000000000000000 ) ) ;
#1238 = CARTESIAN_POINT ( 'NONE',  ( 18.80000000000003979, -46.69999999999996021, -10.84999999999994813 ) ) ;
#1239 = CIRCLE ( 'NONE', #736, 2.150000000000002132 ) ;
#1240 = EDGE_CURVE ( 'NONE', #3999, #1295, #458, .T. ) ;
#1241 = CARTESIAN_POINT ( 'NONE',  ( -10.99999999999995737, -43.49999999999999289, -27.00000000000000000 ) ) ;
#1242 = VERTEX_POINT ( 'NONE', #3779 ) ;
#1243 = LINE ( 'NONE', #4766, #4783 ) ;
#1244 = CARTESIAN_POINT ( 'NONE',  ( 10.48855206734722323, 10.49017908004249833, -30.00000000000000000 ) ) ;
#1245 = VERTEX_POINT ( 'NONE', #4147 ) ;
#1246 = DIRECTION ( 'NONE',  ( 0.000000000000000000, 0.000000000000000000, -1.000000000000000000 ) ) ;
#1247 = ORIENTED_EDGE ( 'NONE', *, *, #2821, .F. ) ;
#1248 = PLANE ( 'NONE',  #3587 ) ;
#1249 = ORIENTED_EDGE ( 'NONE', *, *, #3339, .T. ) ;
#1250 = CARTESIAN_POINT ( 'NONE',  ( 18.80000000000003979, -54.99999999999999289, -8.850000000000003197 ) ) ;
#1251 = AXIS2_PLACEMENT_3D ( 'NONE', #70, #45, #2841 ) ;
#1252 = VERTEX_POINT ( 'NONE', #2910 ) ;
#1253 = VECTOR ( 'NONE', #924, 1000.000000000000000 ) ;
#1254 = CYLINDRICAL_SURFACE ( 'NONE', #1513, 1.649999999999998579 ) ;
#1255 = ORIENTED_EDGE ( 'NONE', *, *, #1425, .F. ) ;
#1256 = EDGE_CURVE ( 'NONE', #295, #965, #3996, .T. ) ;
#1257 = CARTESIAN_POINT ( 'NONE',  ( -15.35000000000000142, -40.99999999999996447, 30.00000000000000000 ) ) ;
#1258 = EDGE_CURVE ( 'NONE', #4274, #3554, #1711, .T. ) ;
#1259 = VECTOR ( 'NONE', #4535, 1000.000000000000000 ) ;
#1260 = VERTEX_POINT ( 'NONE', #3337 ) ;
#1261 = CARTESIAN_POINT ( 'NONE',  ( 17.00000000000004974, -50.84999999999999432, -14.77499999999999858 ) ) ;
#1262 = CARTESIAN_POINT ( 'NONE',  ( -15.35000000000000497, -0.9999999999999574785, -40.00000000000000711 ) ) ;
#1263 = DIRECTION ( 'NONE',  ( -1.000000000000000000, 0.000000000000000000, 1.284980352575412453E-16 ) ) ;
#1264 = VECTOR ( 'NONE', #1037, 1000.000000000000000 ) ;
#1265 = CARTESIAN_POINT ( 'NONE',  ( -15.35000000000000142, -30.99999999999995737, -27.00000000000000000 ) ) ;
#1266 = VERTEX_POINT ( 'NONE', #4929 ) ;
#1267 = CARTESIAN_POINT ( 'NONE',  ( -11.63855206734649883, 9.509820919957515883, -50.00000000000000000 ) ) ;
#1268 = ORIENTED_EDGE ( 'NONE', *, *, #155, .T. ) ;
#1269 = CARTESIAN_POINT ( 'NONE',  ( 0.6598209199600770791, 20.48855206734722501, -50.00000000000000000 ) ) ;
#1270 = ORIENTED_EDGE ( 'NONE', *, *, #2220, .F. ) ;
#1271 = CARTESIAN_POINT ( 'NONE',  ( 20.00000000000000000, -50.84999999999999432, -2.774999999999999467 ) ) ;
#1272 = EDGE_LOOP ( 'NONE', ( #2084, #6 ) ) ;
#1273 = DIRECTION ( 'NONE',  ( 0.000000000000000000, 0.000000000000000000, 1.000000000000000000 ) ) ;
#1274 = AXIS2_PLACEMENT_3D ( 'NONE', #677, #209, #1805 ) ;
#1275 = VERTEX_POINT ( 'NONE', #559 ) ;
#1276 = CARTESIAN_POINT ( 'NONE',  ( -17.00000000000000355, -10.99999999999995737, -30.00000000000000000 ) ) ;
#1277 = ORIENTED_EDGE ( 'NONE', *, *, #2432, .F. ) ;
#1278 = CARTESIAN_POINT ( 'NONE',  ( -2.020281411496603674, 26.48201039154662340, -27.00000000000000000 ) ) ;
#1279 = VERTEX_POINT ( 'NONE', #2491 ) ;
#1280 = LINE ( 'NONE', #2892, #4805 ) ;
#1281 = LINE ( 'NONE', #2421, #2255 ) ;
#1282 = DIRECTION ( 'NONE',  ( 0.000000000000000000, 2.299031112740337917E-15, -1.000000000000000000 ) ) ;
#1283 = ORIENTED_EDGE ( 'NONE', *, *, #3825, .T. ) ;
#1284 = ORIENTED_EDGE ( 'NONE', *, *, #1635, .T. ) ;
#1285 = DIRECTION ( 'NONE',  ( 0.000000000000000000, 0.000000000000000000, 1.000000000000000000 ) ) ;
#1286 = ORIENTED_EDGE ( 'NONE', *, *, #3104, .T. ) ;
#1287 = CARTESIAN_POINT ( 'NONE',  ( 13.99999999999999645, 0.000000000000000000, 30.00000000000000000 ) ) ;
#1288 = EDGE_LOOP ( 'NONE', ( #3216, #671, #5165, #271 ) ) ;
#1289 = EDGE_CURVE ( 'NONE', #1514, #4050, #4542, .T. ) ;
#1290 = DIRECTION ( 'NONE',  ( 1.000000000000000000, 0.000000000000000000, 0.000000000000000000 ) ) ;
#1291 = CARTESIAN_POINT ( 'NONE',  ( 17.00000000000003908, -105.3000000000000540, -10.85000000000000142 ) ) ;
#1292 = VERTEX_POINT ( 'NONE', #2518 ) ;
#1293 = DIRECTION ( 'NONE',  ( 0.000000000000000000, -6.938893903907085594E-15, 1.000000000000000000 ) ) ;
#1294 = CIRCLE ( 'NONE', #124, 2.150000000000004352 ) ;
#1295 = VERTEX_POINT ( 'NONE', #2165 ) ;
#1297 = DIRECTION ( 'NONE',  ( 1.000000000000000000, 0.000000000000000000, 0.000000000000000000 ) ) ;
#1296 = CIRCLE ( 'NONE', #2480, 1.649999999999999467 ) ;
#1298 = EDGE_LOOP ( 'NONE', ( #4534, #1568 ) ) ;
#1299 = FACE_OUTER_BOUND ( 'NONE', #3675, .T. ) ;
#1300 = AXIS2_PLACEMENT_3D ( 'NONE', #2679, #2200, #1777 ) ;
#1301 = AXIS2_PLACEMENT_3D ( 'NONE', #1535, #752, #322 ) ;
#1302 = ORIENTED_EDGE ( 'NONE', *, *, #5126, .T. ) ;
#1303 = VECTOR ( 'NONE', #5110, 1000.000000000000000 ) ;
#1304 = CARTESIAN_POINT ( 'NONE',  ( 18.80000000000003979, -105.2999999999999829, -1.000000000000002220 ) ) ;
#1305 = CARTESIAN_POINT ( 'NONE',  ( -15.23201039154735170, 9.229718588505949839, -50.00000000000000000 ) ) ;
#1306 = CARTESIAN_POINT ( 'NONE',  ( 17.00000000000000000, -117.0000000000000000, -5.000000000000000000 ) ) ;
#1307 = EDGE_LOOP ( 'NONE', ( #1629, #4855, #2728, #1364 ) ) ;
#1308 = ORIENTED_EDGE ( 'NONE', *, *, #3241, .T. ) ;
#1309 = DIRECTION ( 'NONE',  ( -0.000000000000000000, -0.000000000000000000, 1.000000000000000000 ) ) ;
#1310 = ORIENTED_EDGE ( 'NONE', *, *, #1058, .T. ) ;
#1311 = EDGE_CURVE ( 'NONE', #3127, #3183, #4124, .T. ) ;
#1312 = CARTESIAN_POINT ( 'NONE',  ( 0.000000000000000000, 0.000000000000000000, 30.00000000000000000 ) ) ;
#1313 = VECTOR ( 'NONE', #59, 1000.000000000000000 ) ;
#1314 = DIRECTION ( 'NONE',  ( -0.000000000000000000, -0.000000000000000000, -1.000000000000000000 ) ) ;
#1315 = EDGE_CURVE ( 'NONE', #3480, #1587, #881, .T. ) ;
#1316 = EDGE_CURVE ( 'NONE', #5184, #1636, #1767, .T. ) ;
#1317 = ORIENTED_EDGE ( 'NONE', *, *, #2336, .F. ) ;
#1318 = FACE_BOUND ( 'NONE', #2736, .T. ) ;
#1319 = CARTESIAN_POINT ( 'NONE',  ( 18.80000000000003979, -46.69999999999996021, 10.84999999999994991 ) ) ;
#1320 = EDGE_LOOP ( 'NONE', ( #3317, #2233, #852, #1653 ) ) ;
#1321 = ADVANCED_FACE ( 'NONE', ( #2993 ), #3805, .F. ) ;
#1322 = CARTESIAN_POINT ( 'NONE',  ( 13.00000000000000178, -115.9999999999999858, -30.00000000000000000 ) ) ;
#1323 = ORIENTED_EDGE ( 'NONE', *, *, #586, .T. ) ;
#1324 = CARTESIAN_POINT ( 'NONE',  ( -7.999999999999958256, -46.49999999999998579, 3.349999999999999201 ) ) ;
#1325 = ORIENTED_EDGE ( 'NONE', *, *, #5196, .T. ) ;
#1326 = DIRECTION ( 'NONE',  ( 0.000000000000000000, -1.000000000000000000, 0.000000000000000000 ) ) ;
#1327 = VECTOR ( 'NONE', #4047, 1000.000000000000114 ) ;
#1328 = VERTEX_POINT ( 'NONE', #4615 ) ;
#1329 = DIRECTION ( 'NONE',  ( 0.000000000000000000, 1.387778780781450409E-14, 1.000000000000000000 ) ) ;
#1330 = CYLINDRICAL_SURFACE ( 'NONE', #1398, 1.649999999999998579 ) ;
#1331 = CIRCLE ( 'NONE', #3531, 1.650000000000000355 ) ;
#1332 = CARTESIAN_POINT ( 'NONE',  ( -17.00000000000000000, -30.99999999999995737, -39.99999999999999289 ) ) ;
#1333 = ORIENTED_EDGE ( 'NONE', *, *, #4527, .T. ) ;
#1334 = DIRECTION ( 'NONE',  ( -1.000000000000000000, -0.000000000000000000, -0.000000000000000000 ) ) ;
#1335 = VERTEX_POINT ( 'NONE', #609 ) ;
#1336 = DIRECTION ( 'NONE',  ( 1.000000000000000000, -0.000000000000000000, 0.000000000000000000 ) ) ;
#1337 = DIRECTION ( 'NONE',  ( -0.000000000000000000, -6.938893903907258354E-15, 1.000000000000000000 ) ) ;
#1338 = AXIS2_PLACEMENT_3D ( 'NONE', #3107, #4698, #4307 ) ;
#1339 = EDGE_CURVE ( 'NONE', #542, #2384, #3935, .T. ) ;
#1340 = ORIENTED_EDGE ( 'NONE', *, *, #974, .T. ) ;
#1341 = DIRECTION ( 'NONE',  ( 0.000000000000000000, 1.000000000000000000, -0.000000000000000000 ) ) ;
#1342 = CARTESIAN_POINT ( 'NONE',  ( 16.48201039154661984, 10.77028141149406260, -30.00000000000000000 ) ) ;
#1343 = VERTEX_POINT ( 'NONE', #3907 ) ;
#1344 = DIRECTION ( 'NONE',  ( 0.000000000000000000, -0.000000000000000000, -1.000000000000000000 ) ) ;
#1345 = VERTEX_POINT ( 'NONE', #3519 ) ;
#1346 = CARTESIAN_POINT ( 'NONE',  ( 17.00000000000003908, -46.69999999999996021, -8.849999999999981881 ) ) ;
#1347 = ORIENTED_EDGE ( 'NONE', *, *, #3473, .T. ) ;
#1348 = CIRCLE ( 'NONE', #1688, 1.250000000002546852 ) ;
#1349 = DIRECTION ( 'NONE',  ( 1.000000000000000000, 0.000000000000000000, -0.000000000000000000 ) ) ;
#1350 = VECTOR ( 'NONE', #4523, 1000.000000000000000 ) ;
#1351 = ORIENTED_EDGE ( 'NONE', *, *, #1826, .T. ) ;
#1352 = DIRECTION ( 'NONE',  ( 0.000000000000000000, 0.000000000000000000, -1.000000000000000000 ) ) ;
#1353 = CARTESIAN_POINT ( 'NONE',  ( 20.00000000000000000, -100.2699999999999960, -7.075000000000001066 ) ) ;
#1354 = CARTESIAN_POINT ( 'NONE',  ( 20.00000000000000000, -50.84999999999999432, -7.074999999999997513 ) ) ;
#1355 = ORIENTED_EDGE ( 'NONE', *, *, #359, .F. ) ;
#1356 = ORIENTED_EDGE ( 'NONE', *, *, #2445, .T. ) ;
#1357 = LINE ( 'NONE', #2258, #4131 ) ;
#1358 = EDGE_LOOP ( 'NONE', ( #607, #4303, #4236, #1457, #194, #4521, #130, #455, #4506 ) ) ;
#1359 = LINE ( 'NONE', #3676, #478 ) ;
#1360 = LINE ( 'NONE', #4577, #238 ) ;
#1361 = VERTEX_POINT ( 'NONE', #3021 ) ;
#1362 = CARTESIAN_POINT ( 'NONE',  ( -7.999999999999958256, -46.49999999999998579, -5.000000000000000000 ) ) ;
#1363 = CARTESIAN_POINT ( 'NONE',  ( -11.63855206734649883, 9.509820919957515883, -27.00000000000000000 ) ) ;
#1364 = ORIENTED_EDGE ( 'NONE', *, *, #2157, .T. ) ;
#1365 = LINE ( 'NONE', #3407, #3920 ) ;
#1366 = ADVANCED_FACE ( 'NONE', ( #3856, #223, #2244, #248, #2325, #1819, #4302, #3440, #1847, #4248, #3413, #2642, #1032, #3100, #1007 ), #1509, .F. ) ;
#1367 = CARTESIAN_POINT ( 'NONE',  ( 3.000000000000046185, -54.99999999999999289, 27.00000000000000355 ) ) ;
#1368 = ORIENTED_EDGE ( 'NONE', *, *, #864, .F. ) ;
#1369 = CARTESIAN_POINT ( 'NONE',  ( 20.00000000000004974, -54.99999999999999289, -27.00000000000000000 ) ) ;
#1370 = ORIENTED_EDGE ( 'NONE', *, *, #3788, .F. ) ;
#1371 = EDGE_CURVE ( 'NONE', #3520, #3285, #4324, .T. ) ;
#1372 = DIRECTION ( 'NONE',  ( -0.000000000000000000, 1.000000000000000000, -0.000000000000000000 ) ) ;
#1373 = VECTOR ( 'NONE', #583, 1000.000000000000000 ) ;
#1374 = ADVANCED_FACE ( 'NONE', ( #639 ), #1061, .F. ) ;
#1375 = CIRCLE ( 'NONE', #128, 1.650000000000000355 ) ;
#1376 = EDGE_LOOP ( 'NONE', ( #1907, #426, #5085, #1188 ) ) ;
#1377 = CARTESIAN_POINT ( 'NONE',  ( 17.00000000000003908, -46.69999999999985363, -0.9999999999999861222 ) ) ;
#1378 = DIRECTION ( 'NONE',  ( 1.000000000000000000, 0.000000000000000000, 0.000000000000000000 ) ) ;
#1379 = ADVANCED_FACE ( 'NONE', ( #4690 ), #1452, .F. ) ;
#1380 = DIRECTION ( 'NONE',  ( -1.000000000000000000, 0.000000000000000000, 0.000000000000000000 ) ) ;
#1381 = CIRCLE ( 'NONE', #1050, 1.650000000000000355 ) ;
#1382 = EDGE_CURVE ( 'NONE', #3364, #2998, #4275, .T. ) ;
#1383 = CIRCLE ( 'NONE', #3082, 1.150000000000725109 ) ;
#1384 = DIRECTION ( 'NONE',  ( -1.000000000000000000, 0.000000000000000000, 0.000000000000000000 ) ) ;
#1385 = DIRECTION ( 'NONE',  ( 1.000000000000000000, 0.000000000000000000, 0.000000000000000000 ) ) ;
#1386 = CARTESIAN_POINT ( 'NONE',  ( 18.80000000000003979, -105.2999999999999829, -1.000000000000002220 ) ) ;
#1387 = EDGE_CURVE ( 'NONE', #3393, #2326, #3074, .T. ) ;
#1388 = DIRECTION ( 'NONE',  ( 0.000000000000000000, 0.000000000000000000, -1.000000000000000000 ) ) ;
#1389 = AXIS2_PLACEMENT_3D ( 'NONE', #2961, #977, #929 ) ;
#1390 = EDGE_CURVE ( 'NONE', #4640, #4960, #3047, .T. ) ;
#1391 = ORIENTED_EDGE ( 'NONE', *, *, #2374, .F. ) ;
#1392 = DIRECTION ( 'NONE',  ( 0.000000000000000000, 0.000000000000000000, -1.000000000000000000 ) ) ;
#1393 = VECTOR ( 'NONE', #3815, 1000.000000000000000 ) ;
#1394 = CARTESIAN_POINT ( 'NONE',  ( 0.000000000000000000, 10.00000000000000533, 26.99999999999999645 ) ) ;
#1395 = VERTEX_POINT ( 'NONE', #1795 ) ;
#1396 = CARTESIAN_POINT ( 'NONE',  ( -4.000000000000000000, 10.00000000000000533, -27.00000000000000000 ) ) ;
#1397 = EDGE_CURVE ( 'NONE', #4432, #4183, #4413, .T. ) ;
#1398 = AXIS2_PLACEMENT_3D ( 'NONE', #1432, #4229, #2575 ) ;
#1399 = FACE_OUTER_BOUND ( 'NONE', #1616, .T. ) ;
#1400 = ADVANCED_FACE ( 'NONE', ( #3490 ), #5077, .F. ) ;
#1401 = ORIENTED_EDGE ( 'NONE', *, *, #1339, .F. ) ;
#1402 = DIRECTION ( 'NONE',  ( -1.000000000000000000, 0.000000000000000000, -0.000000000000000000 ) ) ;
#1403 = ORIENTED_EDGE ( 'NONE', *, *, #3543, .T. ) ;
#1404 = DIRECTION ( 'NONE',  ( -1.000000000000000000, -0.000000000000000000, -0.000000000000000000 ) ) ;
#1405 = EDGE_CURVE ( 'NONE', #1536, #3794, #1971, .T. ) ;
#1406 = ORIENTED_EDGE ( 'NONE', *, *, #2380, .T. ) ;
#1407 = CIRCLE ( 'NONE', #1824, 1.650000000000000355 ) ;
#1408 = DIRECTION ( 'NONE',  ( 0.000000000000000000, -1.000000000000000000, 0.000000000000000000 ) ) ;
#1409 = EDGE_CURVE ( 'NONE', #4269, #4111, #3962, .T. ) ;
#1410 = CARTESIAN_POINT ( 'NONE',  ( -11.63855206734649883, 9.509820919957515883, -50.00000000000000000 ) ) ;
#1411 = CIRCLE ( 'NONE', #3112, 1.649999999999998579 ) ;
#1412 = ORIENTED_EDGE ( 'NONE', *, *, #1651, .F. ) ;
#1413 = AXIS2_PLACEMENT_3D ( 'NONE', #525, #2082, #3749 ) ;
#1414 = DIRECTION ( 'NONE',  ( 0.000000000000000000, 0.000000000000000000, -1.000000000000000000 ) ) ;
#1415 = CARTESIAN_POINT ( 'NONE',  ( 20.00000000000004263, -34.99999999999999289, 47.22374841615668828 ) ) ;
#1416 = FACE_OUTER_BOUND ( 'NONE', #4015, .T. ) ;
#1417 = CARTESIAN_POINT ( 'NONE',  ( 17.00000000000003908, -105.2999999999999972, 1.000000000000039080 ) ) ;
#1418 = AXIS2_PLACEMENT_3D ( 'NONE', #83, #4109, #3765 ) ;
#1419 = EDGE_CURVE ( 'NONE', #983, #2757, #350, .T. ) ;
#1420 = EDGE_LOOP ( 'NONE', ( #4655, #3633, #3927, #2063, #2190, #4094, #4073, #4982, #135, #85, #1406, #2855, #1599 ) ) ;
#1421 = CARTESIAN_POINT ( 'NONE',  ( -16.48201039154661984, 9.229718588505949839, 27.00000000000001066 ) ) ;
#1422 = DIRECTION ( 'NONE',  ( -1.000000000000000000, 0.000000000000000000, 0.000000000000000000 ) ) ;
#1423 = ORIENTED_EDGE ( 'NONE', *, *, #2019, .F. ) ;
#1424 = DIRECTION ( 'NONE',  ( 1.000000000000000000, 0.000000000000000000, 0.000000000000000000 ) ) ;
#1425 = EDGE_CURVE ( 'NONE', #3883, #1192, #4494, .T. ) ;
#1426 = ORIENTED_EDGE ( 'NONE', *, *, #3550, .F. ) ;
#1427 = DIRECTION ( 'NONE',  ( -0.000000000000000000, 3.553048083325977965E-15, 1.000000000000000000 ) ) ;
#1428 = ORIENTED_EDGE ( 'NONE', *, *, #1705, .F. ) ;
#1429 = DIRECTION ( 'NONE',  ( 0.000000000000000000, -1.000000000000000000, 0.000000000000000000 ) ) ;
#1430 = VERTEX_POINT ( 'NONE', #373 ) ;
#1431 = CARTESIAN_POINT ( 'NONE',  ( 4.000000000000000000, 10.00000000000000533, -49.99999999999998579 ) ) ;
#1432 = CARTESIAN_POINT ( 'NONE',  ( 13.00000000000000178, -115.9999999999999858, -62.00000000000000000 ) ) ;
#1433 = CARTESIAN_POINT ( 'NONE',  ( 13.00000000000000178, -115.9999999999999858, -30.00000000000000000 ) ) ;
#1434 = EDGE_CURVE ( 'NONE', #952, #1453, #1926, .T. ) ;
#1435 = AXIS2_PLACEMENT_3D ( 'NONE', #3006, #1861, #3059 ) ;
#1436 = ORIENTED_EDGE ( 'NONE', *, *, #140, .F. ) ;
#1437 = CARTESIAN_POINT ( 'NONE',  ( 10.00000000000000000, -50.84999999999999432, 4.924999999999998934 ) ) ;
#1438 = VERTEX_POINT ( 'NONE', #2462 ) ;
#1439 = DIRECTION ( 'NONE',  ( -0.000000000000000000, -0.000000000000000000, -1.000000000000000000 ) ) ;
#1440 = CARTESIAN_POINT ( 'NONE',  ( -17.00000000000000355, -0.9999999999999574785, -30.00000000000000000 ) ) ;
#1441 = EDGE_CURVE ( 'NONE', #4215, #4616, #1615, .T. ) ;
#1442 = ORIENTED_EDGE ( 'NONE', *, *, #2954, .T. ) ;
#1443 = FACE_OUTER_BOUND ( 'NONE', #5101, .T. ) ;
#1444 = CARTESIAN_POINT ( 'NONE',  ( 17.00000000000003908, -46.69999999999996021, -10.84999999999994813 ) ) ;
#1445 = ORIENTED_EDGE ( 'NONE', *, *, #1785, .T. ) ;
#1446 = DIRECTION ( 'NONE',  ( 1.000000000000000000, 0.000000000000000000, 0.000000000000000000 ) ) ;
#1447 = EDGE_CURVE ( 'NONE', #488, #1701, #2907, .T. ) ;
#1448 = EDGE_CURVE ( 'NONE', #3285, #3520, #1802, .T. ) ;
#1449 = EDGE_CURVE ( 'NONE', #3694, #291, #4247, .T. ) ;
#1450 = LINE ( 'NONE', #2074, #3840 ) ;
#1451 = EDGE_LOOP ( 'NONE', ( #1954, #1255, #4458, #1091 ) ) ;
#1452 = CYLINDRICAL_SURFACE ( 'NONE', #3822, 1.150000000002567413 ) ;
#1453 = VERTEX_POINT ( 'NONE', #3987 ) ;
#1454 = COLOUR_RGB ( '',0.7921568627450980005, 0.8196078431372548767, 0.9333333333333333481 ) ;
#1455 = PLANE ( 'NONE',  #3941 ) ;
#1456 = VECTOR ( 'NONE', #4700, 1000.000000000000000 ) ;
#1457 = ORIENTED_EDGE ( 'NONE', *, *, #2980, .T. ) ;
#1458 = CYLINDRICAL_SURFACE ( 'NONE', #92, 1.150000000002567413 ) ;
#1459 = ORIENTED_EDGE ( 'NONE', *, *, #1944, .F. ) ;
#1460 = CARTESIAN_POINT ( 'NONE',  ( -0.6598209199549457393, -0.4885520673472142361, 27.00000000000001066 ) ) ;
#1461 = CARTESIAN_POINT ( 'NONE',  ( 18.80000000000003979, 0.000000000000000000, 0.000000000000000000 ) ) ;
#1462 = EDGE_LOOP ( 'NONE', ( #2434, #159 ) ) ;
#1463 = VECTOR ( 'NONE', #4022, 1000.000000000000000 ) ;
#1464 = LINE ( 'NONE', #4622, #4470 ) ;
#1465 = AXIS2_PLACEMENT_3D ( 'NONE', #162, #2529, #4890 ) ;
#1466 = DIRECTION ( 'NONE',  ( -0.000000000000000000, 1.000000000000000000, -1.045014142154684459E-15 ) ) ;
#1467 = LINE ( 'NONE', #1076, #2497 ) ;
#1468 = EDGE_CURVE ( 'NONE', #5146, #265, #4002, .T. ) ;
#1469 = CARTESIAN_POINT ( 'NONE',  ( -17.00000000000000355, -0.9999999999999574785, 26.99999999999999645 ) ) ;
#1470 = AXIS2_PLACEMENT_3D ( 'NONE', #789, #4004, #2818 ) ;
#1471 = ORIENTED_EDGE ( 'NONE', *, *, #1180, .T. ) ;
#1472 = PLANE ( 'NONE',  #4614 ) ;
#1473 = DIRECTION ( 'NONE',  ( -0.000000000000000000, -0.000000000000000000, 1.000000000000000000 ) ) ;
#1474 = EDGE_LOOP ( 'NONE', ( #4804, #2289, #925, #3459 ) ) ;
#1475 = CARTESIAN_POINT ( 'NONE',  ( -5.250000000000018652, -35.24999999999997868, 27.00000000000000355 ) ) ;
#1476 = VECTOR ( 'NONE', #243, 1000.000000000000000 ) ;
#1477 = EDGE_CURVE ( 'NONE', #148, #4697, #4330, .T. ) ;
#1479 = PRESENTATION_STYLE_ASSIGNMENT (( #1004 ) ) ;
#1478 = CIRCLE ( 'NONE', #3090, 1.649999999999998579 ) ;
#1480 = EDGE_LOOP ( 'NONE', ( #1563, #185, #4245, #2138 ) ) ;
#1481 = ADVANCED_FACE ( 'NONE', ( #4744 ), #4355, .F. ) ;
#1482 = DIRECTION ( 'NONE',  ( -0.000000000000000000, -0.000000000000000000, 1.000000000000000000 ) ) ;
#1483 = ORIENTED_EDGE ( 'NONE', *, *, #5038, .F. ) ;
#1484 = CARTESIAN_POINT ( 'NONE',  ( -9.999999999999998224, -117.0000000000000000, 5.000000000000000000 ) ) ;
#1485 = FACE_OUTER_BOUND ( 'NONE', #2277, .T. ) ;
#1486 = EDGE_LOOP ( 'NONE', ( #2885, #4485 ) ) ;
#1487 = FACE_OUTER_BOUND ( 'NONE', #1733, .T. ) ;
#1488 = ORIENTED_EDGE ( 'NONE', *, *, #4759, .F. ) ;
#1489 = LINE ( 'NONE', #2616, #2151 ) ;
#1490 = CARTESIAN_POINT ( 'NONE',  ( -11.63855206734649883, 9.509820919957515883, 27.00000000000001066 ) ) ;
#1491 = VERTEX_POINT ( 'NONE', #2806 ) ;
#1492 = ADVANCED_FACE ( 'NONE', ( #4405 ), #1172, .F. ) ;
#1493 = DIRECTION ( 'NONE',  ( -0.000000000000000000, -0.000000000000000000, 1.000000000000000000 ) ) ;
#1494 = DIRECTION ( 'NONE',  ( 0.000000000000000000, 0.000000000000000000, 1.000000000000000000 ) ) ;
#1495 = LINE ( 'NONE', #2631, #3182 ) ;
#1496 = DIRECTION ( 'NONE',  ( 0.000000000000000000, 0.000000000000000000, -1.000000000000000000 ) ) ;
#1497 = ADVANCED_FACE ( 'NONE', ( #2351 ), #1248, .F. ) ;
#1498 = AXIS2_PLACEMENT_3D ( 'NONE', #190, #1783, #3400 ) ;
#1499 = VERTEX_POINT ( 'NONE', #2036 ) ;
#1500 = CARTESIAN_POINT ( 'NONE',  ( -19.99999999999999645, -49.99999999999997868, -27.00000000000000000 ) ) ;
#1501 = DIRECTION ( 'NONE',  ( 0.000000000000000000, 0.000000000000000000, -1.000000000000000000 ) ) ;
#1502 = ORIENTED_EDGE ( 'NONE', *, *, #2922, .T. ) ;
#1503 = FACE_OUTER_BOUND ( 'NONE', #807, .T. ) ;
#1504 = AXIS2_PLACEMENT_3D ( 'NONE', #2958, #2560, #3330 ) ;
#1505 = EDGE_CURVE ( 'NONE', #258, #207, #215, .T. ) ;
#1506 = CYLINDRICAL_SURFACE ( 'NONE', #1005, 1.150000000002567413 ) ;
#1507 = ORIENTED_EDGE ( 'NONE', *, *, #4438, .T. ) ;
#1508 = ADVANCED_FACE ( 'NONE', ( #4848 ), #4382, .F. ) ;
#1509 = PLANE ( 'NONE',  #3580 ) ;
#1510 = ORIENTED_EDGE ( 'NONE', *, *, #93, .T. ) ;
#1511 = FACE_OUTER_BOUND ( 'NONE', #2452, .T. ) ;
#1512 = CARTESIAN_POINT ( 'NONE',  ( 11.49999999999999645, -19.00000000000000355, -30.00000000000000000 ) ) ;
#1513 = AXIS2_PLACEMENT_3D ( 'NONE', #2440, #783, #3191 ) ;
#1514 = VERTEX_POINT ( 'NONE', #13 ) ;
#1515 = CYLINDRICAL_SURFACE ( 'NONE', #1338, 1.650000000000000355 ) ;
#1516 = EDGE_LOOP ( 'NONE', ( #513, #4151 ) ) ;
#1517 = DIRECTION ( 'NONE',  ( 1.000000000000000000, 0.000000000000000000, 0.000000000000000000 ) ) ;
#1518 = DIRECTION ( 'NONE',  ( 0.000000000000000000, 0.000000000000000000, 1.000000000000000000 ) ) ;
#1519 = ADVANCED_FACE ( 'NONE', ( #3236 ), #4823, .F. ) ;
#1520 = ORIENTED_EDGE ( 'NONE', *, *, #4443, .T. ) ;
#1521 = CARTESIAN_POINT ( 'NONE',  ( 16.48201039154661984, 10.77028141149406260, 30.00000000000000000 ) ) ;
#1522 = LINE ( 'NONE', #3143, #857 ) ;
#1523 = CARTESIAN_POINT ( 'NONE',  ( 0.6598209199600770791, 20.48855206734722501, -30.00000000000000000 ) ) ;
#1524 = VECTOR ( 'NONE', #5173, 1000.000000000000000 ) ;
#1525 = CARTESIAN_POINT ( 'NONE',  ( -7.999999999999958256, -43.49999999999999289, 6.650000000000001243 ) ) ;
#1526 = CIRCLE ( 'NONE', #3799, 2.149999999999998135 ) ;
#1527 = CIRCLE ( 'NONE', #20, 2.149999999999997247 ) ;
#1528 = ORIENTED_EDGE ( 'NONE', *, *, #3030, .F. ) ;
#1529 = CARTESIAN_POINT ( 'NONE',  ( 10.00000000000000000, -50.84999999999999432, 4.924999999999998934 ) ) ;
#1530 = DIRECTION ( 'NONE',  ( 0.000000000000000000, 0.000000000000000000, 1.000000000000000000 ) ) ;
#1531 = EDGE_LOOP ( 'NONE', ( #1459, #4537, #610, #3723 ) ) ;
#1532 = EDGE_CURVE ( 'NONE', #1335, #1667, #975, .T. ) ;
#1533 = DIRECTION ( 'NONE',  ( -1.000000000000000000, -0.000000000000000000, -0.000000000000000000 ) ) ;
#1534 = ORIENTED_EDGE ( 'NONE', *, *, #3229, .F. ) ;
#1535 = CARTESIAN_POINT ( 'NONE',  ( 0.000000000000000000, 10.00000000000000533, -30.00000000000000000 ) ) ;
#1536 = VERTEX_POINT ( 'NONE', #1271 ) ;
#1537 = CARTESIAN_POINT ( 'NONE',  ( -20.00000000000000000, -29.99999999999999289, 30.00000000000000000 ) ) ;
#1538 = CARTESIAN_POINT ( 'NONE',  ( 17.00000000000004974, -50.84999999999999432, 14.77499999999999858 ) ) ;
#1539 = VERTEX_POINT ( 'NONE', #1735 ) ;
#1540 = LINE ( 'NONE', #5084, #1264 ) ;
#1541 = ORIENTED_EDGE ( 'NONE', *, *, #2767, .F. ) ;
#1542 = FACE_OUTER_BOUND ( 'NONE', #3185, .T. ) ;
#1543 = CARTESIAN_POINT ( 'NONE',  ( 20.00000000000000355, -97.00000000000000000, 53.00000000000000711 ) ) ;
#1544 = EDGE_LOOP ( 'NONE', ( #1925, #4554, #3266, #1507 ) ) ;
#1545 = EDGE_CURVE ( 'NONE', #95, #3708, #171, .T. ) ;
#1546 = LINE ( 'NONE', #2, #512 ) ;
#1547 = CARTESIAN_POINT ( 'NONE',  ( 20.00000000000000000, -50.84999999999999432, 16.92499999999999716 ) ) ;
#1548 = CARTESIAN_POINT ( 'NONE',  ( 4.000000000000000000, 10.00000000000000533, -30.00000000000000000 ) ) ;
#1549 = DIRECTION ( 'NONE',  ( 0.000000000000000000, 0.000000000000000000, -1.000000000000000000 ) ) ;
#1550 = EDGE_CURVE ( 'NONE', #374, #4573, #2402, .T. ) ;
#1551 = AXIS2_PLACEMENT_3D ( 'NONE', #1118, #1900, #665 ) ;
#1552 = VECTOR ( 'NONE', #3483, 1000.000000000000000 ) ;
#1553 = ORIENTED_EDGE ( 'NONE', *, *, #4756, .F. ) ;
#1554 = FACE_OUTER_BOUND ( 'NONE', #554, .T. ) ;
#1555 = EDGE_CURVE ( 'NONE', #4276, #3887, #3671, .T. ) ;
#1556 = CYLINDRICAL_SURFACE ( 'NONE', #3327, 1.149999999997434852 ) ;
#1557 = VERTEX_POINT ( 'NONE', #143 ) ;
#1558 = CARTESIAN_POINT ( 'NONE',  ( 9.000000000000017764, 30.00000000000000711, 27.00000000000000355 ) ) ;
#1559 = AXIS2_PLACEMENT_3D ( 'NONE', #4068, #4581, #3358 ) ;
#1560 = ORIENTED_EDGE ( 'NONE', *, *, #1234, .F. ) ;
#1561 = EDGE_CURVE ( 'NONE', #2612, #5157, #2882, .T. ) ;
#1562 = DIRECTION ( 'NONE',  ( 0.7071067811865482389, -0.7071067811865469066, 0.000000000000000000 ) ) ;
#1563 = ORIENTED_EDGE ( 'NONE', *, *, #2183, .T. ) ;
#1564 = CARTESIAN_POINT ( 'NONE',  ( 4.000000000000000000, 10.00000000000000533, -49.99999999999998579 ) ) ;
#1565 = LINE ( 'NONE', #781, #2342 ) ;
#1566 = VECTOR ( 'NONE', #5025, 1000.000000000000000 ) ;
#1567 = EDGE_CURVE ( 'NONE', #3123, #2335, #553, .T. ) ;
#1568 = ORIENTED_EDGE ( 'NONE', *, *, #533, .F. ) ;
#1569 = CARTESIAN_POINT ( 'NONE',  ( 0.000000000000000000, 10.00000000000000533, -27.00000000000000000 ) ) ;
#1570 = VERTEX_POINT ( 'NONE', #1363 ) ;
#1571 = VECTOR ( 'NONE', #1888, 1000.000000000000000 ) ;
#1572 = PLANE ( 'NONE',  #4775 ) ;
#1573 = VERTEX_POINT ( 'NONE', #2130 ) ;
#1574 = EDGE_CURVE ( 'NONE', #5181, #3684, #2561, .T. ) ;
#1575 = PLANE ( 'NONE',  #2534 ) ;
#1576 = PLANE ( 'NONE',  #4718 ) ;
#1577 = CARTESIAN_POINT ( 'NONE',  ( 8.550840296494985893, 0.000000000000000000, -30.00000000000000000 ) ) ;
#1578 = CARTESIAN_POINT ( 'NONE',  ( 17.00000000000000000, -117.0000000000000000, -5.000000000000000000 ) ) ;
#1579 = VERTEX_POINT ( 'NONE', #2105 ) ;
#1580 = CIRCLE ( 'NONE', #3524, 1.650000000000000355 ) ;
#1581 = DIRECTION ( 'NONE',  ( -0.000000000000000000, -0.000000000000000000, 1.000000000000000000 ) ) ;
#1582 = CARTESIAN_POINT ( 'NONE',  ( 10.00000000000000000, -50.84999999999999432, -12.62500000000000178 ) ) ;
#1583 = ORIENTED_EDGE ( 'NONE', *, *, #1387, .F. ) ;
#1584 = LINE ( 'NONE', #3257, #900 ) ;
#1585 = CIRCLE ( 'NONE', #2005, 1.649999999999999467 ) ;
#1586 = EDGE_CURVE ( 'NONE', #718, #849, #454, .T. ) ;
#1587 = VERTEX_POINT ( 'NONE', #1762 ) ;
#1588 = CARTESIAN_POINT ( 'NONE',  ( 19.50000000000003553, 19.49999999999993605, -30.00000000000000000 ) ) ;
#1589 = ORIENTED_EDGE ( 'NONE', *, *, #386, .F. ) ;
#1590 = AXIS2_PLACEMENT_3D ( 'NONE', #1684, #1761, #1788 ) ;
#1591 = CARTESIAN_POINT ( 'NONE',  ( -15.35000000000000497, -10.99999999999995737, 26.99999999999999645 ) ) ;
#1592 = DIRECTION ( 'NONE',  ( 1.000000000000000000, 0.000000000000000000, 0.000000000000000000 ) ) ;
#1593 = PRODUCT_DEFINITION_SHAPE ( 'NONE', 'NONE',  #4910 ) ;
#1594 = EDGE_LOOP ( 'NONE', ( #4824, #2585, #1992, #3740 ) ) ;
#1595 = DIRECTION ( 'NONE',  ( -0.000000000000000000, -0.000000000000000000, 1.000000000000000000 ) ) ;
#1596 = ORIENTED_EDGE ( 'NONE', *, *, #1890, .F. ) ;
#1597 = ADVANCED_FACE ( 'NONE', ( #3286 ), #1685, .F. ) ;
#1598 = DIRECTION ( 'NONE',  ( -0.000000000000000000, -0.000000000000000000, 1.000000000000000000 ) ) ;
#1599 = ORIENTED_EDGE ( 'NONE', *, *, #4040, .F. ) ;
#1600 = DIRECTION ( 'NONE',  ( 1.000000000000000000, 0.000000000000000000, 0.000000000000000000 ) ) ;
#1601 = CARTESIAN_POINT ( 'NONE',  ( 11.35000000000000320, -115.9999999999999858, -30.00000000000000000 ) ) ;
#1602 = DIRECTION ( 'NONE',  ( 0.7071067811865457964, -0.7071067811865493491, 0.000000000000000000 ) ) ;
#1603 = CARTESIAN_POINT ( 'NONE',  ( 11.49999999999999645, -28.99999999999999645, 35.00000000000000000 ) ) ;
#1604 = DIRECTION ( 'NONE',  ( -1.000000000000000000, 0.000000000000000000, 0.000000000000000000 ) ) ;
#1605 = ORIENTED_EDGE ( 'NONE', *, *, #654, .T. ) ;
#1606 = AXIS2_PLACEMENT_3D ( 'NONE', #1244, #449, #2850 ) ;
#1607 = CARTESIAN_POINT ( 'NONE',  ( -7.999999999999958256, -113.4999999999999858, 5.000000000000000000 ) ) ;
#1608 = CARTESIAN_POINT ( 'NONE',  ( 17.00000000000003908, -46.69999999999984652, 1.000000000000020872 ) ) ;
#1609 = EDGE_LOOP ( 'NONE', ( #4361, #1428, #1163, #1857 ) ) ;
#1610 = EDGE_CURVE ( 'NONE', #2326, #4573, #4975, .T. ) ;
#1611 = PLANE ( 'NONE',  #4922 ) ;
#1612 = EDGE_CURVE ( 'NONE', #2059, #3048, #1381, .T. ) ;
#1613 = VECTOR ( 'NONE', #4079, 1000.000000000000000 ) ;
#1614 = ORIENTED_EDGE ( 'NONE', *, *, #4522, .F. ) ;
#1615 = LINE ( 'NONE', #1955, #3335 ) ;
#1616 = EDGE_LOOP ( 'NONE', ( #4618, #2466, #3058, #4676 ) ) ;
#1617 = DIRECTION ( 'NONE',  ( 1.000000000000000000, 0.000000000000000000, -0.000000000000000000 ) ) ;
#1618 = DIRECTION ( 'NONE',  ( 0.000000000000000000, 0.000000000000000000, -1.000000000000000000 ) ) ;
#1619 = ADVANCED_FACE ( 'NONE', ( #1708 ), #4484, .T. ) ;
#1620 = ORIENTED_EDGE ( 'NONE', *, *, #1681, .T. ) ;
#1621 = FACE_OUTER_BOUND ( 'NONE', #2346, .T. ) ;
#1622 = ORIENTED_EDGE ( 'NONE', *, *, #3956, .F. ) ;
#1623 = DIRECTION ( 'NONE',  ( -3.469446951953611231E-16, -1.000000000000000000, 0.000000000000000000 ) ) ;
#1624 = ORIENTED_EDGE ( 'NONE', *, *, #1832, .F. ) ;
#1625 = CARTESIAN_POINT ( 'NONE',  ( 20.00000000000000000, -100.2699999999999960, 16.92500000000000426 ) ) ;
#1626 = CARTESIAN_POINT ( 'NONE',  ( 2.020281411491510859, -6.482010391546610961, -27.00000000000000000 ) ) ;
#1627 = DIRECTION ( 'NONE',  ( 0.000000000000000000, -1.000000000000000000, 0.000000000000000000 ) ) ;
#1628 = CARTESIAN_POINT ( 'NONE',  ( -16.48201039154661984, 9.229718588505949839, -50.00000000000000000 ) ) ;
#1629 = ORIENTED_EDGE ( 'NONE', *, *, #3360, .T. ) ;
#1630 = DIRECTION ( 'NONE',  ( 1.000000000000000000, -0.000000000000000000, -0.000000000000000000 ) ) ;
#1631 = CARTESIAN_POINT ( 'NONE',  ( 0.4901790800424890016, -0.4885520673472143471, -50.00000000000000000 ) ) ;
#1632 = ORIENTED_EDGE ( 'NONE', *, *, #1058, .F. ) ;
#1633 = EDGE_CURVE ( 'NONE', #2331, #1328, #2511, .T. ) ;
#1634 = DIRECTION ( 'NONE',  ( -1.000000000000000000, 0.000000000000000000, 0.000000000000000000 ) ) ;
#1635 = EDGE_CURVE ( 'NONE', #283, #2413, #3703, .T. ) ;
#1636 = VERTEX_POINT ( 'NONE', #1291 ) ;
#1637 = DIRECTION ( 'NONE',  ( -1.000000000000000000, 0.000000000000000000, 0.000000000000000000 ) ) ;
#1638 = ORIENTED_EDGE ( 'NONE', *, *, #1837, .F. ) ;
#1639 = EDGE_CURVE ( 'NONE', #2572, #1499, #2903, .T. ) ;
#1640 = CYLINDRICAL_SURFACE ( 'NONE', #1721, 1.650000000000000355 ) ;
#1641 = VECTOR ( 'NONE', #3750, 1000.000000000000000 ) ;
#1642 = ORIENTED_EDGE ( 'NONE', *, *, #4464, .F. ) ;
#1643 = DIRECTION ( 'NONE',  ( 0.000000000000000000, 0.000000000000000000, 1.000000000000000000 ) ) ;
#1644 = VERTEX_POINT ( 'NONE', #2537 ) ;
#1645 = CARTESIAN_POINT ( 'NONE',  ( -1.640179080045057747, 20.48855206734722501, 30.00000000000000000 ) ) ;
#1646 = ORIENTED_EDGE ( 'NONE', *, *, #3487, .F. ) ;
#1647 = AXIS2_PLACEMENT_3D ( 'NONE', #796, #1246, #4351 ) ;
#1648 = CARTESIAN_POINT ( 'NONE',  ( 17.00000000000000000, -120.0000000000000000, 19.00000000000001776 ) ) ;
#1649 = DIRECTION ( 'NONE',  ( -0.000000000000000000, -0.000000000000000000, 1.000000000000000000 ) ) ;
#1650 = DIRECTION ( 'NONE',  ( 0.000000000000000000, 1.000000000000000000, 2.299031112740337917E-15 ) ) ;
#1651 = EDGE_CURVE ( 'NONE', #3356, #3694, #4143, .T. ) ;
#1652 = DIRECTION ( 'NONE',  ( -0.000000000000000000, -0.000000000000000000, 1.000000000000000000 ) ) ;
#1653 = ORIENTED_EDGE ( 'NONE', *, *, #2122, .T. ) ;
#1654 = CARTESIAN_POINT ( 'NONE',  ( -0.4901790800424903338, 20.48855206734722501, 30.00000000000000000 ) ) ;
#1655 = ORIENTED_EDGE ( 'NONE', *, *, #5196, .F. ) ;
#1656 = CARTESIAN_POINT ( 'NONE',  ( 18.80000000000003979, -97.00000000000000000, 10.84999999999999787 ) ) ;
#1657 = AXIS2_PLACEMENT_3D ( 'NONE', #23, #3316, #1623 ) ;
#1658 = ORIENTED_EDGE ( 'NONE', *, *, #1505, .T. ) ;
#1659 = DIRECTION ( 'NONE',  ( -1.000000000000000000, -0.000000000000000000, -0.000000000000000000 ) ) ;
#1660 = ORIENTED_EDGE ( 'NONE', *, *, #4587, .F. ) ;
#1661 = DIRECTION ( 'NONE',  ( -0.000000000000000000, -0.000000000000000000, 1.000000000000000000 ) ) ;
#1662 = VECTOR ( 'NONE', #4074, 1000.000000000000000 ) ;
#1663 = EDGE_CURVE ( 'NONE', #2951, #3064, #883, .T. ) ;
#1664 = ORIENTED_EDGE ( 'NONE', *, *, #4101, .F. ) ;
#1665 = AXIS2_PLACEMENT_3D ( 'NONE', #353, #2810, #3886 ) ;
#1666 = CARTESIAN_POINT ( 'NONE',  ( -4.000000000000000000, 10.00000000000000533, -49.99999999999998579 ) ) ;
#1667 = VERTEX_POINT ( 'NONE', #1444 ) ;
#1668 = EDGE_CURVE ( 'NONE', #965, #295, #4578, .T. ) ;
#1669 = DIRECTION ( 'NONE',  ( 0.000000000000000000, 0.000000000000000000, -1.000000000000000000 ) ) ;
#1670 = VECTOR ( 'NONE', #3431, 1000.000000000000000 ) ;
#1671 = ORIENTED_EDGE ( 'NONE', *, *, #760, .T. ) ;
#1672 = FACE_BOUND ( 'NONE', #3209, .T. ) ;
#1673 = DIRECTION ( 'NONE',  ( 1.000000000000000000, -0.000000000000000000, -0.000000000000000000 ) ) ;
#1674 = DIRECTION ( 'NONE',  ( -0.000000000000000000, -0.000000000000000000, 1.000000000000000000 ) ) ;
#1675 = EDGE_CURVE ( 'NONE', #247, #2265, #964, .T. ) ;
#1676 = EDGE_CURVE ( 'NONE', #1098, #4226, #1972, .T. ) ;
#1677 = ORIENTED_EDGE ( 'NONE', *, *, #2973, .F. ) ;
#1678 = LINE ( 'NONE', #1267, #803 ) ;
#1679 = ORIENTED_EDGE ( 'NONE', *, *, #3012, .T. ) ;
#1680 = LINE ( 'NONE', #1287, #4515 ) ;
#1681 = EDGE_CURVE ( 'NONE', #1796, #1245, #4747, .T. ) ;
#1682 = EDGE_CURVE ( 'NONE', #2974, #2593, #1885, .T. ) ;
#1683 = ORIENTED_EDGE ( 'NONE', *, *, #1815, .F. ) ;
#1684 = CARTESIAN_POINT ( 'NONE',  ( 10.48855206734722323, 10.49017908004249833, -50.00000000000000000 ) ) ;
#1685 = CYLINDRICAL_SURFACE ( 'NONE', #2739, 1.249999999999267253 ) ;
#1686 = ORIENTED_EDGE ( 'NONE', *, *, #3353, .F. ) ;
#1687 = DIRECTION ( 'NONE',  ( -1.000000000000000000, 0.000000000000000000, 0.000000000000000000 ) ) ;
#1688 = AXIS2_PLACEMENT_3D ( 'NONE', #944, #921, #545 ) ;
#1689 = VECTOR ( 'NONE', #188, 1000.000000000000000 ) ;
#1690 = ORIENTED_EDGE ( 'NONE', *, *, #1425, .T. ) ;
#1691 = DIRECTION ( 'NONE',  ( 1.000000000000000000, -0.000000000000000000, -0.000000000000000000 ) ) ;
#1692 = ORIENTED_EDGE ( 'NONE', *, *, #2174, .F. ) ;
#1693 = EDGE_CURVE ( 'NONE', #645, #3831, #3901, .T. ) ;
#1694 = CARTESIAN_POINT ( 'NONE',  ( -20.00000000000000000, 19.00000000000002487, -30.00000000000000000 ) ) ;
#1695 = ORIENTED_EDGE ( 'NONE', *, *, #4809, .T. ) ;
#1696 = PLANE ( 'NONE',  #3884 ) ;
#1697 = CARTESIAN_POINT ( 'NONE',  ( 18.80000000000003979, -54.99999999999999289, -0.9999999999999861222 ) ) ;
#1698 = CARTESIAN_POINT ( 'NONE',  ( 13.99999999999999822, -49.99999999999997868, 27.00000000000000355 ) ) ;
#1699 = ORIENTED_EDGE ( 'NONE', *, *, #2607, .T. ) ;
#1700 = DIRECTION ( 'NONE',  ( -0.000000000000000000, -0.000000000000000000, 1.000000000000000000 ) ) ;
#1701 = VERTEX_POINT ( 'NONE', #4711 ) ;
#1702 = FACE_OUTER_BOUND ( 'NONE', #5015, .T. ) ;
#1703 = PLANE ( 'NONE',  #2086 ) ;
#1704 = VECTOR ( 'NONE', #4619, 1000.000000000000000 ) ;
#1705 = EDGE_CURVE ( 'NONE', #2316, #4566, #2587, .T. ) ;
#1706 = VERTEX_POINT ( 'NONE', #3013 ) ;
#1707 = FACE_BOUND ( 'NONE', #3430, .T. ) ;
#1708 = FACE_OUTER_BOUND ( 'NONE', #1715, .T. ) ;
#1709 = ORIENTED_EDGE ( 'NONE', *, *, #1876, .T. ) ;
#1710 = DIRECTION ( 'NONE',  ( -1.000000000000000000, -0.000000000000000000, 0.000000000000000000 ) ) ;
#1711 = CIRCLE ( 'NONE', #3406, 1.650000000000000355 ) ;
#1712 = VERTEX_POINT ( 'NONE', #5047 ) ;
#1714 = DIRECTION ( 'NONE',  ( 0.000000000000000000, 0.000000000000000000, -1.000000000000000000 ) ) ;
#1713 = AXIS2_PLACEMENT_3D ( 'NONE', #2428, #2031, #3646 ) ;
#1715 = EDGE_LOOP ( 'NONE', ( #2100, #3764, #4784, #4589 ) ) ;
#1716 = DIRECTION ( 'NONE',  ( 1.000000000000000000, 0.000000000000000000, 0.000000000000000000 ) ) ;
#1717 = EDGE_CURVE ( 'NONE', #4183, #1260, #1840, .T. ) ;
#1718 = VECTOR ( 'NONE', #3164, 1000.000000000000000 ) ;
#1719 = AXIS2_PLACEMENT_3D ( 'NONE', #2483, #4093, #3310 ) ;
#1720 = ORIENTED_EDGE ( 'NONE', *, *, #826, .F. ) ;
#1721 = AXIS2_PLACEMENT_3D ( 'NONE', #3964, #4800, #3628 ) ;
#1722 = DIRECTION ( 'NONE',  ( -1.000000000000000000, 0.000000000000000000, 0.000000000000000000 ) ) ;
#1723 = CYLINDRICAL_SURFACE ( 'NONE', #2034, 1.650000000000000355 ) ;
#1724 = CARTESIAN_POINT ( 'NONE',  ( 20.00000000000000000, -100.2699999999999960, -12.62499999999999645 ) ) ;
#1725 = EDGE_CURVE ( 'NONE', #1706, #3367, #4498, .T. ) ;
#1726 = VECTOR ( 'NONE', #3307, 1000.000000000000000 ) ;
#1727 = ORIENTED_EDGE ( 'NONE', *, *, #1832, .T. ) ;
#1728 = LINE ( 'NONE', #871, #3793 ) ;
#1729 = ORIENTED_EDGE ( 'NONE', *, *, #2027, .T. ) ;
#1730 = FACE_OUTER_BOUND ( 'NONE', #4880, .T. ) ;
#1731 = AXIS2_PLACEMENT_3D ( 'NONE', #393, #5124, #2769 ) ;
#1732 = DIRECTION ( 'NONE',  ( 0.000000000000000000, 1.000000000000000000, 0.000000000000000000 ) ) ;
#1733 = EDGE_LOOP ( 'NONE', ( #4517, #673, #4726, #1109 ) ) ;
#1734 = CYLINDRICAL_SURFACE ( 'NONE', #1590, 1.150000000000725109 ) ;
#1735 = CARTESIAN_POINT ( 'NONE',  ( 20.00000000000001066, 18.99999999999994671, 27.00000000000000355 ) ) ;
#1736 = EDGE_LOOP ( 'NONE', ( #1412, #2403, #64, #640 ) ) ;
#1737 = CARTESIAN_POINT ( 'NONE',  ( 17.00000000000003908, -105.3000000000000256, 10.84999999999999609 ) ) ;
#1738 = ADVANCED_FACE ( 'NONE', ( #2611 ), #3432, .F. ) ;
#1739 = ORIENTED_EDGE ( 'NONE', *, *, #1065, .F. ) ;
#1740 = DIRECTION ( 'NONE',  ( -0.000000000000000000, 0.000000000000000000, 1.000000000000000000 ) ) ;
#1741 = ORIENTED_EDGE ( 'NONE', *, *, #4360, .T. ) ;
#1742 = VECTOR ( 'NONE', #1429, 1000.000000000000000 ) ;
#1743 = DIRECTION ( 'NONE',  ( 1.000000000000000000, 0.000000000000000000, 0.000000000000000000 ) ) ;
#1744 = EDGE_CURVE ( 'NONE', #1557, #4108, #1894, .T. ) ;
#1745 = PRODUCT_DEFINITION_CONTEXT ( 'detailed design', #1231, 'design' ) ;
#1746 = AXIS2_PLACEMENT_3D ( 'NONE', #1538, #4385, #3213 ) ;
#1747 = EDGE_LOOP ( 'NONE', ( #3511, #2866, #3014, #1998 ) ) ;
#1748 = LINE ( 'NONE', #2574, #4058 ) ;
#1749 = LINE ( 'NONE', #3027, #1704 ) ;
#1750 = AXIS2_PLACEMENT_3D ( 'NONE', #4008, #368, #4398 ) ;
#1751 = CARTESIAN_POINT ( 'NONE',  ( 0.7702814114940549350, -6.482010391546610961, -50.00000000000000000 ) ) ;
#1752 = EDGE_LOOP ( 'NONE', ( #3908, #4317, #3031, #827 ) ) ;
#1753 = VERTEX_POINT ( 'NONE', #2291 ) ;
#1754 = DIRECTION ( 'NONE',  ( 0.000000000000000000, 1.000000000000000000, -0.000000000000000000 ) ) ;
#1755 = EDGE_LOOP ( 'NONE', ( #4189, #3803, #3995, #2042 ) ) ;
#1756 = CYLINDRICAL_SURFACE ( 'NONE', #305, 2.150000000000002576 ) ;
#1757 = FACE_OUTER_BOUND ( 'NONE', #1830, .T. ) ;
#1758 = AXIS2_PLACEMENT_3D ( 'NONE', #1628, #320, #1924 ) ;
#1759 = ORIENTED_EDGE ( 'NONE', *, *, #1821, .F. ) ;
#1760 = EDGE_CURVE ( 'NONE', #722, #4226, #631, .T. ) ;
#1761 = DIRECTION ( 'NONE',  ( -0.000000000000000000, -0.000000000000000000, 1.000000000000000000 ) ) ;
#1762 = CARTESIAN_POINT ( 'NONE',  ( -7.999999999999958256, -43.49999999999999289, -6.650000000000001243 ) ) ;
#1763 = ORIENTED_EDGE ( 'NONE', *, *, #1311, .T. ) ;
#1764 = DIRECTION ( 'NONE',  ( 0.000000000000000000, 0.000000000000000000, -1.000000000000000000 ) ) ;
#1765 = CARTESIAN_POINT ( 'NONE',  ( -8.999999999999962697, 30.00000000000000711, 30.00000000000000000 ) ) ;
#1766 = ORIENTED_EDGE ( 'NONE', *, *, #2929, .T. ) ;
#1767 = LINE ( 'NONE', #2567, #4656 ) ;
#1768 = EDGE_LOOP ( 'NONE', ( #4742, #3607, #898, #4900 ) ) ;
#1769 = VECTOR ( 'NONE', #4785, 1000.000000000000000 ) ;
#1770 = EDGE_CURVE ( 'NONE', #232, #3857, #576, .T. ) ;
#1771 = CARTESIAN_POINT ( 'NONE',  ( 11.49999999999999645, -19.00000000000000355, -30.00000000000000000 ) ) ;
#1772 = CIRCLE ( 'NONE', #683, 1.149999999999274936 ) ;
#1773 = VECTOR ( 'NONE', #563, 999.9999999999998863 ) ;
#1774 = ORIENTED_EDGE ( 'NONE', *, *, #1567, .F. ) ;
#1775 = FACE_OUTER_BOUND ( 'NONE', #2098, .T. ) ;
#1776 = FACE_OUTER_BOUND ( 'NONE', #4069, .T. ) ;
#1777 = DIRECTION ( 'NONE',  ( 1.000000000000000000, 0.000000000000000000, 0.000000000000000000 ) ) ;
#1778 = EDGE_CURVE ( 'NONE', #1895, #2721, #3582, .T. ) ;
#1779 = EDGE_CURVE ( 'NONE', #1245, #1796, #1296, .T. ) ;
#1780 = LINE ( 'NONE', #1019, #2193 ) ;
#1781 = LINE ( 'NONE', #3087, #2878 ) ;
#1782 = CARTESIAN_POINT ( 'NONE',  ( 17.00000000000000000, -100.2699999999999960, 7.075000000000001066 ) ) ;
#1783 = DIRECTION ( 'NONE',  ( 0.000000000000000000, 0.000000000000000000, -1.000000000000000000 ) ) ;
#1784 = ADVANCED_FACE ( 'NONE', ( #3820 ), #2666, .F. ) ;
#1785 = EDGE_CURVE ( 'NONE', #3913, #1790, #2136, .T. ) ;
#1786 = ADVANCED_FACE ( 'NONE', ( #4294 ), #290, .F. ) ;
#1787 = EDGE_LOOP ( 'NONE', ( #4579, #2187 ) ) ;
#1788 = DIRECTION ( 'NONE',  ( 1.000000000000000000, 0.000000000000000000, 0.000000000000000000 ) ) ;
#1789 = DIRECTION ( 'NONE',  ( 0.000000000000000000, 0.000000000000000000, -1.000000000000000000 ) ) ;
#1790 = VERTEX_POINT ( 'NONE', #343 ) ;
#1791 = LINE ( 'NONE', #2085, #2831 ) ;
#1792 = DIRECTION ( 'NONE',  ( 1.000000000000000000, 0.000000000000000000, 0.000000000000000000 ) ) ;
#1793 = EDGE_LOOP ( 'NONE', ( #4007, #1905, #2124, #2197 ) ) ;
#1794 = EDGE_CURVE ( 'NONE', #3195, #562, #5073, .T. ) ;
#1795 = CARTESIAN_POINT ( 'NONE',  ( 17.00000000000000000, -117.0000000000000000, 6.649999999999999467 ) ) ;
#1796 = VERTEX_POINT ( 'NONE', #3957 ) ;
#1797 = PLANE ( 'NONE',  #1164 ) ;
#1798 = VECTOR ( 'NONE', #4536, 1000.000000000000000 ) ;
#1799 = ORIENTED_EDGE ( 'NONE', *, *, #1441, .F. ) ;
#1800 = CARTESIAN_POINT ( 'NONE',  ( -14.00000000000000178, -21.50000000000000000, -30.00000000000000000 ) ) ;
#1801 = DIRECTION ( 'NONE',  ( -0.000000000000000000, -0.000000000000000000, -1.000000000000000000 ) ) ;
#1802 = CIRCLE ( 'NONE', #1301, 4.000000000000000000 ) ;
#1803 = ORIENTED_EDGE ( 'NONE', *, *, #2853, .T. ) ;
#1804 = VECTOR ( 'NONE', #4808, 1000.000000000000000 ) ;
#1805 = DIRECTION ( 'NONE',  ( 0.000000000000000000, -1.387778780781450251E-14, -1.000000000000000000 ) ) ;
#1806 = CARTESIAN_POINT ( 'NONE',  ( 3.000000000000046185, -43.49999999999999289, 27.00000000000000355 ) ) ;
#1807 = LINE ( 'NONE', #4234, #1151 ) ;
#1808 = FACE_BOUND ( 'NONE', #4636, .T. ) ;
#1809 = AXIS2_PLACEMENT_3D ( 'NONE', #1816, #4296, #220 ) ;
#1810 = EDGE_LOOP ( 'NONE', ( #4175, #5141, #35, #3497 ) ) ;
#1811 = DIRECTION ( 'NONE',  ( 1.000000000000000000, 0.000000000000000000, 0.000000000000000000 ) ) ;
#1812 = VECTOR ( 'NONE', #2260, 1000.000000000000000 ) ;
#1813 = DIRECTION ( 'NONE',  ( 1.000000000000000000, 0.000000000000000000, 0.000000000000000000 ) ) ;
#1814 = EDGE_LOOP ( 'NONE', ( #582, #2827, #3635, #4125 ) ) ;
#1815 = EDGE_CURVE ( 'NONE', #1192, #3883, #714, .T. ) ;
#1816 = CARTESIAN_POINT ( 'NONE',  ( 20.00000000000000000, -100.2699999999999960, 14.77499999999999858 ) ) ;
#1817 = CARTESIAN_POINT ( 'NONE',  ( -2.020281411496603674, 26.48201039154662340, -30.00000000000000000 ) ) ;
#1818 = ORIENTED_EDGE ( 'NONE', *, *, #1586, .F. ) ;
#1819 = FACE_BOUND ( 'NONE', #4969, .T. ) ;
#1820 = ORIENTED_EDGE ( 'NONE', *, *, #568, .F. ) ;
#1821 = EDGE_CURVE ( 'NONE', #1573, #2637, #1975, .T. ) ;
#1822 = CARTESIAN_POINT ( 'NONE',  ( 13.99999999999999822, -49.99999999999997868, -27.00000000000000000 ) ) ;
#1823 = ORIENTED_EDGE ( 'NONE', *, *, #4316, .T. ) ;
#1824 = AXIS2_PLACEMENT_3D ( 'NONE', #3111, #1518, #2733 ) ;
#1825 = LINE ( 'NONE', #1431, #421 ) ;
#1826 = EDGE_CURVE ( 'NONE', #2476, #3887, #794, .T. ) ;
#1827 = DIRECTION ( 'NONE',  ( 0.000000000000000000, 1.000000000000000000, 0.000000000000000000 ) ) ;
#1828 = FACE_OUTER_BOUND ( 'NONE', #5106, .T. ) ;
#1829 = CIRCLE ( 'NONE', #1174, 1.649999999999999467 ) ;
#1830 = EDGE_LOOP ( 'NONE', ( #1033, #693, #1947, #4791 ) ) ;
#1831 = AXIS2_PLACEMENT_3D ( 'NONE', #5022, #1866, #1918 ) ;
#1832 = EDGE_CURVE ( 'NONE', #4904, #3022, #46, .T. ) ;
#1833 = CARTESIAN_POINT ( 'NONE',  ( 17.00000000000003908, -105.3000000000000256, -8.850000000000008527 ) ) ;
#1834 = VERTEX_POINT ( 'NONE', #315 ) ;
#1835 = CARTESIAN_POINT ( 'NONE',  ( 17.00000000000004619, -34.99999999999999289, 27.00000000000001066 ) ) ;
#1836 = DIRECTION ( 'NONE',  ( 1.000000000000000000, 0.000000000000000000, 0.000000000000000000 ) ) ;
#1837 = EDGE_CURVE ( 'NONE', #1539, #854, #5153, .T. ) ;
#1838 = EDGE_LOOP ( 'NONE', ( #676, #82, #3611, #1638 ) ) ;
#1839 = DIRECTION ( 'NONE',  ( 0.000000000000000000, 0.000000000000000000, 1.000000000000000000 ) ) ;
#1840 = LINE ( 'NONE', #1083, #4660 ) ;
#1841 = ORIENTED_EDGE ( 'NONE', *, *, #2179, .T. ) ;
#1842 = FACE_OUTER_BOUND ( 'NONE', #2862, .T. ) ;
#1843 = AXIS2_PLACEMENT_3D ( 'NONE', #2893, #444, #4496 ) ;
#1844 = EDGE_CURVE ( 'NONE', #922, #1557, #1375, .T. ) ;
#1845 = LINE ( 'NONE', #1367, #146 ) ;
#1846 = VERTEX_POINT ( 'NONE', #1919 ) ;
#1847 = FACE_BOUND ( 'NONE', #1486, .T. ) ;
#1848 = ORIENTED_EDGE ( 'NONE', *, *, #1034, .F. ) ;
#1849 = DIRECTION ( 'NONE',  ( -0.000000000000000000, 0.000000000000000000, 1.000000000000000000 ) ) ;
#1850 = ORIENTED_EDGE ( 'NONE', *, *, #4735, .T. ) ;
#1851 = AXIS2_PLACEMENT_3D ( 'NONE', #2943, #2917, #2448 ) ;
#1852 = DIRECTION ( 'NONE',  ( -0.000000000000000000, -0.000000000000000000, -1.000000000000000000 ) ) ;
#1853 = EDGE_LOOP ( 'NONE', ( #3470, #2411, #2753, #901 ) ) ;
#1854 = LINE ( 'NONE', #3448, #3845 ) ;
#1855 = LINE ( 'NONE', #2652, #3677 ) ;
#1856 = AXIS2_PLACEMENT_3D ( 'NONE', #1261, #866, #3637 ) ;
#1857 = ORIENTED_EDGE ( 'NONE', *, *, #3953, .F. ) ;
#1858 = ADVANCED_FACE ( 'NONE', ( #1138 ), #1556, .F. ) ;
#1859 = EDGE_CURVE ( 'NONE', #2847, #4410, #3177, .T. ) ;
#1860 = VECTOR ( 'NONE', #2870, 1000.000000000000000 ) ;
#1861 = DIRECTION ( 'NONE',  ( 0.000000000000000000, 0.000000000000000000, 1.000000000000000000 ) ) ;
#1862 = ORIENTED_EDGE ( 'NONE', *, *, #4852, .T. ) ;
#1863 = PLANE ( 'NONE',  #3422 ) ;
#1864 = CARTESIAN_POINT ( 'NONE',  ( -0.7702814114940569334, 26.48201039154662340, -50.00000000000000000 ) ) ;
#1865 = ORIENTED_EDGE ( 'NONE', *, *, #2246, .F. ) ;
#1866 = DIRECTION ( 'NONE',  ( 1.000000000000000000, -0.000000000000000000, -0.000000000000000000 ) ) ;
#1867 = DIRECTION ( 'NONE',  ( 0.000000000000000000, 0.000000000000000000, -1.000000000000000000 ) ) ;
#1868 = ORIENTED_EDGE ( 'NONE', *, *, #4338, .F. ) ;
#1869 = CARTESIAN_POINT ( 'NONE',  ( 16.48201039154661984, 10.77028141149406260, -50.00000000000000000 ) ) ;
#1870 = FILL_AREA_STYLE_COLOUR ( '', #1454 ) ;
#1871 = ORIENTED_EDGE ( 'NONE', *, *, #566, .T. ) ;
#1872 = DIRECTION ( 'NONE',  ( -1.000000000000000000, 0.000000000000000000, 0.000000000000000000 ) ) ;
#1873 = ORIENTED_EDGE ( 'NONE', *, *, #3609, .T. ) ;
#1874 = DIRECTION ( 'NONE',  ( -0.000000000000000000, 0.000000000000000000, 1.000000000000000000 ) ) ;
#1875 = CARTESIAN_POINT ( 'NONE',  ( 9.338552067346498120, 10.49017908004249833, -30.00000000000000000 ) ) ;
#1876 = EDGE_CURVE ( 'NONE', #2148, #4021, #3539, .T. ) ;
#1877 = AXIS2_PLACEMENT_3D ( 'NONE', #4727, #3555, #702 ) ;
#1878 = ORIENTED_EDGE ( 'NONE', *, *, #1390, .F. ) ;
#1879 = CARTESIAN_POINT ( 'NONE',  ( 15.23201039154588621, 10.77028141149406260, -50.00000000000000000 ) ) ;
#1880 = EDGE_LOOP ( 'NONE', ( #1583, #834, #118, #3108 ) ) ;
#1881 = CARTESIAN_POINT ( 'NONE',  ( 17.00000000000000000, -117.0000000000000000, 5.000000000000000000 ) ) ;
#1882 = CARTESIAN_POINT ( 'NONE',  ( 20.00000000000000000, -54.99999999999999289, 30.00000000000000000 ) ) ;
#1883 = VERTEX_POINT ( 'NONE', #369 ) ;
#1884 = LINE ( 'NONE', #2816, #434 ) ;
#1885 = CIRCLE ( 'NONE', #3075, 4.000000000000000000 ) ;
#1886 = FACE_BOUND ( 'NONE', #2696, .T. ) ;
#1887 = EDGE_CURVE ( 'NONE', #896, #4446, #399, .T. ) ;
#1888 = DIRECTION ( 'NONE',  ( -0.000000000000000000, -0.000000000000000000, -1.000000000000000000 ) ) ;
#1889 = DIRECTION ( 'NONE',  ( -1.000000000000000000, 0.000000000000000000, 0.000000000000000000 ) ) ;
#1890 = EDGE_CURVE ( 'NONE', #298, #3256, #4377, .T. ) ;
#1891 = VECTOR ( 'NONE', #2280, 1000.000000000000000 ) ;
#1892 = VERTEX_POINT ( 'NONE', #3982 ) ;
#1893 = CARTESIAN_POINT ( 'NONE',  ( -17.00000000000000000, -30.99999999999995737, -30.00000000000000000 ) ) ;
#1894 = LINE ( 'NONE', #4609, #4163 ) ;
#1895 = VERTEX_POINT ( 'NONE', #1111 ) ;
#1896 = CARTESIAN_POINT ( 'NONE',  ( 0.6598209199600770791, 20.48855206734722501, -50.00000000000000000 ) ) ;
#1898 = CARTESIAN_POINT ( 'NONE',  ( -10.99999999999995737, -46.49999999999999289, -27.00000000000000000 ) ) ;
#1897 = CIRCLE ( 'NONE', #3839, 2.149999999999999023 ) ;
#1899 = EDGE_LOOP ( 'NONE', ( #3862, #2805 ) ) ;
#1900 = DIRECTION ( 'NONE',  ( 1.000000000000000000, 0.000000000000000000, 0.000000000000000000 ) ) ;
#1901 = ORIENTED_EDGE ( 'NONE', *, *, #2533, .T. ) ;
#1902 = LINE ( 'NONE', #726, #2962 ) ;
#1903 = EDGE_CURVE ( 'NONE', #4810, #3302, #3205, .T. ) ;
#1904 = DIRECTION ( 'NONE',  ( 1.000000000000000000, -0.000000000000000000, -0.000000000000000000 ) ) ;
#1905 = ORIENTED_EDGE ( 'NONE', *, *, #595, .T. ) ;
#1906 = CARTESIAN_POINT ( 'NONE',  ( 18.80000000000003979, -46.69999999999984652, 1.000000000000020872 ) ) ;
#1907 = ORIENTED_EDGE ( 'NONE', *, *, #1574, .F. ) ;
#1908 = DIRECTION ( 'NONE',  ( 0.000000000000000000, 6.938893903907258354E-15, -1.000000000000000000 ) ) ;
#1909 = DIRECTION ( 'NONE',  ( 0.7071067811865489050, 0.7071067811865462405, 0.000000000000000000 ) ) ;
#1910 = VERTEX_POINT ( 'NONE', #4793 ) ;
#1911 = FACE_BOUND ( 'NONE', #2871, .T. ) ;
#1912 = FACE_OUTER_BOUND ( 'NONE', #3456, .T. ) ;
#1913 = VECTOR ( 'NONE', #3139, 1000.000000000000000 ) ;
#1914 = CARTESIAN_POINT ( 'NONE',  ( 3.000000000000035527, -46.49999999999999289, -27.00000000000001066 ) ) ;
#1915 = FACE_OUTER_BOUND ( 'NONE', #388, .T. ) ;
#1916 = VECTOR ( 'NONE', #4162, 1000.000000000000000 ) ;
#1917 = EDGE_LOOP ( 'NONE', ( #5078, #5120, #1502, #4087 ) ) ;
#1918 = DIRECTION ( 'NONE',  ( 0.000000000000000000, 0.000000000000000000, -1.000000000000000000 ) ) ;
#1919 = CARTESIAN_POINT ( 'NONE',  ( -18.65000000000000568, -10.99999999999995737, 26.99999999999999645 ) ) ;
#1920 = EDGE_LOOP ( 'NONE', ( #288, #1983 ) ) ;
#1921 = FACE_OUTER_BOUND ( 'NONE', #3757, .T. ) ;
#1922 = CIRCLE ( 'NONE', #77, 1.250000000002546852 ) ;
#1923 = ADVANCED_FACE ( 'NONE', ( #3231 ), #2315, .F. ) ;
#1924 = DIRECTION ( 'NONE',  ( 1.000000000000000000, 0.000000000000000000, 0.000000000000000000 ) ) ;
#1925 = ORIENTED_EDGE ( 'NONE', *, *, #71, .F. ) ;
#1926 = LINE ( 'NONE', #4772, #4206 ) ;
#1927 = ORIENTED_EDGE ( 'NONE', *, *, #1397, .F. ) ;
#1928 = ADVANCED_FACE ( 'NONE', ( #4818 ), #4427, .T. ) ;
#1929 = FACE_OUTER_BOUND ( 'NONE', #4249, .T. ) ;
#1930 = CARTESIAN_POINT ( 'NONE',  ( 1.640179080039923853, -0.4885520673472143471, -50.00000000000000000 ) ) ;
#1931 = EDGE_CURVE ( 'NONE', #4168, #1148, #3165, .T. ) ;
#1932 = ORIENTED_EDGE ( 'NONE', *, *, #3807, .F. ) ;
#1933 = DIRECTION ( 'NONE',  ( -0.000000000000000000, -0.000000000000000000, 1.000000000000000000 ) ) ;
#1934 = ORIENTED_EDGE ( 'NONE', *, *, #3795, .F. ) ;
#1935 = EDGE_CURVE ( 'NONE', #4461, #4141, #34, .T. ) ;
#1936 = FACE_OUTER_BOUND ( 'NONE', #3530, .T. ) ;
#1937 = DIRECTION ( 'NONE',  ( -0.000000000000000000, -0.000000000000000000, -1.000000000000000000 ) ) ;
#1938 = ORIENTED_EDGE ( 'NONE', *, *, #5019, .T. ) ;
#1939 = DIRECTION ( 'NONE',  ( 0.7071067811865462405, -0.7071067811865489050, -0.000000000000000000 ) ) ;
#1940 = DIRECTION ( 'NONE',  ( 0.000000000000000000, 0.000000000000000000, 1.000000000000000000 ) ) ;
#1941 = CARTESIAN_POINT ( 'NONE',  ( 20.00000000000000000, -50.84999999999999432, 12.62500000000000000 ) ) ;
#1942 = VECTOR ( 'NONE', #3842, 1000.000000000000000 ) ;
#1943 = LINE ( 'NONE', #1603, #3695 ) ;
#1944 = EDGE_CURVE ( 'NONE', #2860, #1570, #1678, .T. ) ;
#1945 = VECTOR ( 'NONE', #3790, 1000.000000000000000 ) ;
#1946 = EDGE_CURVE ( 'NONE', #4461, #4794, #3747, .T. ) ;
#1947 = ORIENTED_EDGE ( 'NONE', *, *, #164, .T. ) ;
#1948 = CARTESIAN_POINT ( 'NONE',  ( 18.80000000000003979, -105.3000000000000540, -10.85000000000000142 ) ) ;
#1949 = DIRECTION ( 'NONE',  ( 0.000000000000000000, 0.000000000000000000, -1.000000000000000000 ) ) ;
#1950 = ORIENTED_EDGE ( 'NONE', *, *, #3700, .F. ) ;
#1951 = CARTESIAN_POINT ( 'NONE',  ( -17.00000000000000355, -10.99999999999995737, -27.00000000000000000 ) ) ;
#1952 = EDGE_CURVE ( 'NONE', #3659, #3183, #4086, .T. ) ;
#1953 = CIRCLE ( 'NONE', #2804, 1.650000000000000355 ) ;
#1954 = ORIENTED_EDGE ( 'NONE', *, *, #3445, .F. ) ;
#1955 = CARTESIAN_POINT ( 'NONE',  ( -19.49999999999996092, 19.50000000000006040, -30.00000000000000000 ) ) ;
#1956 = ORIENTED_EDGE ( 'NONE', *, *, #3218, .T. ) ;
#1957 = CARTESIAN_POINT ( 'NONE',  ( 17.00000000000000000, -100.2699999999999960, -4.924999999999998934 ) ) ;
#1958 = ADVANCED_FACE ( 'NONE', ( #3305 ), #4502, .F. ) ;
#1959 = DIRECTION ( 'NONE',  ( 1.000000000000000000, -0.000000000000000000, 0.000000000000000000 ) ) ;
#1960 = EDGE_LOOP ( 'NONE', ( #782, #1227, #3389, #1060, #120, #3983, #2975, #2150, #3149, #227, #3650, #2204, #4155, #3947, #5134, #32 ) ) ;
#1961 = DIRECTION ( 'NONE',  ( 1.000000000000000000, 0.000000000000000000, 0.000000000000000000 ) ) ;
#1962 = ORIENTED_EDGE ( 'NONE', *, *, #2445, .F. ) ;
#1963 = CARTESIAN_POINT ( 'NONE',  ( -11.50000000000000355, -28.99999999999999645, 27.00000000000000355 ) ) ;
#1964 = DIRECTION ( 'NONE',  ( 1.000000000000000000, 1.734723475976807341E-16, -0.000000000000000000 ) ) ;
#1965 = ORIENTED_EDGE ( 'NONE', *, *, #1545, .F. ) ;
#1966 = DIRECTION ( 'NONE',  ( 0.000000000000000000, 1.000000000000000000, -0.000000000000000000 ) ) ;
#1967 = CYLINDRICAL_SURFACE ( 'NONE', #4301, 1.650000000000000355 ) ;
#1968 = DIRECTION ( 'NONE',  ( -0.000000000000000000, 0.000000000000000000, 1.000000000000000000 ) ) ;
#1969 = EDGE_CURVE ( 'NONE', #1557, #922, #3252, .T. ) ;
#1970 = DIRECTION ( 'NONE',  ( -1.000000000000000000, 0.000000000000000000, 0.000000000000000000 ) ) ;
#1971 = CIRCLE ( 'NONE', #4905, 2.149999999999999023 ) ;
#1972 = CIRCLE ( 'NONE', #3998, 1.250000000002546852 ) ;
#1973 = ORIENTED_EDGE ( 'NONE', *, *, #1258, .F. ) ;
#1974 = FACE_OUTER_BOUND ( 'NONE', #1031, .T. ) ;
#1975 = LINE ( 'NONE', #3565, #2647 ) ;
#1976 = EDGE_LOOP ( 'NONE', ( #4311, #1848, #4282, #2350 ) ) ;
#1977 = DIRECTION ( 'NONE',  ( 0.000000000000000000, 0.000000000000000000, -1.000000000000000000 ) ) ;
#1978 = EDGE_CURVE ( 'NONE', #4141, #4292, #4715, .T. ) ;
#1979 = CIRCLE ( 'NONE', #4755, 1.249999999997455813 ) ;
#1980 = AXIS2_PLACEMENT_3D ( 'NONE', #800, #2405, #1144 ) ;
#1981 = ORIENTED_EDGE ( 'NONE', *, *, #2727, .T. ) ;
#1982 = DIRECTION ( 'NONE',  ( 1.000000000000000000, 0.000000000000000000, 0.000000000000000000 ) ) ;
#1983 = ORIENTED_EDGE ( 'NONE', *, *, #129, .F. ) ;
#1984 = CARTESIAN_POINT ( 'NONE',  ( 17.00000000000000000, -100.2699999999999960, 12.62499999999999467 ) ) ;
#1985 = LINE ( 'NONE', #5140, #831 ) ;
#1986 = AXIS2_PLACEMENT_3D ( 'NONE', #401, #2004, #2347 ) ;
#1987 = ORIENTED_EDGE ( 'NONE', *, *, #1779, .F. ) ;
#1988 = FACE_OUTER_BOUND ( 'NONE', #1960, .T. ) ;
#1989 = ORIENTED_EDGE ( 'NONE', *, *, #1434, .F. ) ;
#1990 = CIRCLE ( 'NONE', #2837, 1.650000000000002132 ) ;
#1991 = LINE ( 'NONE', #3193, #2743 ) ;
#1992 = ORIENTED_EDGE ( 'NONE', *, *, #2940, .T. ) ;
#1993 = CARTESIAN_POINT ( 'NONE',  ( -14.00000000000000355, -26.50000000000000355, -30.00000000000000000 ) ) ;
#1994 = FACE_OUTER_BOUND ( 'NONE', #1880, .T. ) ;
#1995 = CARTESIAN_POINT ( 'NONE',  ( -10.99999999999995737, 0.000000000000000000, 0.000000000000000000 ) ) ;
#1996 = DIRECTION ( 'NONE',  ( -0.000000000000000000, -0.000000000000000000, 1.000000000000000000 ) ) ;
#1997 = EDGE_CURVE ( 'NONE', #2721, #4179, #4530, .T. ) ;
#1998 = ORIENTED_EDGE ( 'NONE', *, *, #930, .T. ) ;
#1999 = AXIS2_PLACEMENT_3D ( 'NONE', #2699, #5189, #2784 ) ;
#2000 = DIRECTION ( 'NONE',  ( -0.7071067811865482389, 0.7071067811865469066, 0.000000000000000000 ) ) ;
#2001 = CARTESIAN_POINT ( 'NONE',  ( -10.99999999999995737, -43.49999999999999289, -27.00000000000001421 ) ) ;
#2002 = EDGE_LOOP ( 'NONE', ( #1401, #2297, #4699, #1868 ) ) ;
#2003 = EDGE_CURVE ( 'NONE', #1753, #731, #4553, .T. ) ;
#2004 = DIRECTION ( 'NONE',  ( 1.000000000000000000, 0.000000000000000000, -0.000000000000000000 ) ) ;
#2005 = AXIS2_PLACEMENT_3D ( 'NONE', #3145, #4396, #365 ) ;
#2006 = VECTOR ( 'NONE', #1673, 1000.000000000000000 ) ;
#2007 = ORIENTED_EDGE ( 'NONE', *, *, #4338, .T. ) ;
#2008 = DIRECTION ( 'NONE',  ( -0.000000000000000000, -0.000000000000000000, 1.000000000000000000 ) ) ;
#2009 = ORIENTED_EDGE ( 'NONE', *, *, #510, .F. ) ;
#2010 = AXIS2_PLACEMENT_3D ( 'NONE', #1137, #5179, #2000 ) ;
#2011 = CARTESIAN_POINT ( 'NONE',  ( 17.73201039154735170, 10.77028141149406260, 30.00000000000000000 ) ) ;
#2012 = CARTESIAN_POINT ( 'NONE',  ( -11.50000000000000355, -28.99999999999999645, 35.00000000000000000 ) ) ;
#2013 = EDGE_CURVE ( 'NONE', #637, #2723, #2923, .T. ) ;
#2014 = ORIENTED_EDGE ( 'NONE', *, *, #202, .T. ) ;
#2015 = LINE ( 'NONE', #2839, #843 ) ;
#2016 = ORIENTED_EDGE ( 'NONE', *, *, #638, .F. ) ;
#2017 = CARTESIAN_POINT ( 'NONE',  ( 18.80000000000003979, -46.69999999999985363, -0.9999999999999861222 ) ) ;
#2018 = AXIS2_PLACEMENT_3D ( 'NONE', #4332, #3469, #3160 ) ;
#2019 = EDGE_CURVE ( 'NONE', #4050, #4453, #1728, .T. ) ;
#2020 = EDGE_CURVE ( 'NONE', #769, #39, #1348, .T. ) ;
#2021 = ORIENTED_EDGE ( 'NONE', *, *, #3536, .T. ) ;
#2022 = CARTESIAN_POINT ( 'NONE',  ( 9.000000000000017764, 30.00000000000000711, 30.00000000000000000 ) ) ;
#2023 = DIRECTION ( 'NONE',  ( -1.000000000000000000, -0.000000000000000000, -0.000000000000000000 ) ) ;
#2024 = DIRECTION ( 'NONE',  ( -0.7071067811865477948, -0.7071067811865473507, 0.000000000000000000 ) ) ;
#2025 = FACE_BOUND ( 'NONE', #3537, .T. ) ;
#2026 = EDGE_CURVE ( 'NONE', #4215, #5056, #2505, .T. ) ;
#2027 = EDGE_CURVE ( 'NONE', #2857, #4685, #4626, .T. ) ;
#2028 = DIRECTION ( 'NONE',  ( 0.000000000000000000, 0.000000000000000000, -1.000000000000000000 ) ) ;
#2029 = EDGE_LOOP ( 'NONE', ( #4630, #1062, #3463, #1823 ) ) ;
#2030 = DIRECTION ( 'NONE',  ( -1.000000000000000000, -0.000000000000000000, -0.000000000000000000 ) ) ;
#2031 = DIRECTION ( 'NONE',  ( 0.000000000000000000, 0.000000000000000000, 1.000000000000000000 ) ) ;
#2032 = VERTEX_POINT ( 'NONE', #134 ) ;
#2033 = CARTESIAN_POINT ( 'NONE',  ( 17.00000000000004974, -50.84999999999999432, 14.77499999999999858 ) ) ;
#2034 = AXIS2_PLACEMENT_3D ( 'NONE', #4056, #469, #76 ) ;
#2035 = ORIENTED_EDGE ( 'NONE', *, *, #4492, .T. ) ;
#2036 = CARTESIAN_POINT ( 'NONE',  ( 18.80000000000003979, -54.99999999999999289, -0.9999999999999870104 ) ) ;
#2037 = ORIENTED_EDGE ( 'NONE', *, *, #2312, .F. ) ;
#2038 = FACE_OUTER_BOUND ( 'NONE', #1480, .T. ) ;
#2039 = DIRECTION ( 'NONE',  ( 0.000000000000000000, 0.000000000000000000, -1.000000000000000000 ) ) ;
#2040 = ORIENTED_EDGE ( 'NONE', *, *, #1876, .F. ) ;
#2041 = DIRECTION ( 'NONE',  ( -0.000000000000000000, -0.000000000000000000, 1.000000000000000000 ) ) ;
#2042 = ORIENTED_EDGE ( 'NONE', *, *, #4252, .F. ) ;
#2043 = CARTESIAN_POINT ( 'NONE',  ( -15.35000000000000142, -30.99999999999995737, -39.99999999999999289 ) ) ;
#2044 = ORIENTED_EDGE ( 'NONE', *, *, #4795, .T. ) ;
#2045 = PLANE ( 'NONE',  #1851 ) ;
#2046 = DIRECTION ( 'NONE',  ( 0.000000000000000000, -0.000000000000000000, 1.000000000000000000 ) ) ;
#2047 = CARTESIAN_POINT ( 'NONE',  ( 18.80000000000003979, -46.69999999999996021, -10.84999999999994813 ) ) ;
#2048 = DIRECTION ( 'NONE',  ( 0.000000000000000000, 1.387778780781450409E-14, 1.000000000000000000 ) ) ;
#2049 = ORIENTED_EDGE ( 'NONE', *, *, #669, .F. ) ;
#2050 = ADVANCED_FACE ( 'NONE', ( #498 ), #2052, .F. ) ;
#2051 = CARTESIAN_POINT ( 'NONE',  ( 17.00000000000003908, -97.00000000000000000, -10.84999999999996767 ) ) ;
#2052 = PLANE ( 'NONE',  #2365 ) ;
#2053 = ORIENTED_EDGE ( 'NONE', *, *, #1682, .T. ) ;
#2054 = DIRECTION ( 'NONE',  ( 0.000000000000000000, 0.000000000000000000, -1.000000000000000000 ) ) ;
#2055 = AXIS2_PLACEMENT_3D ( 'NONE', #4829, #3267, #4049 ) ;
#2056 = VECTOR ( 'NONE', #771, 1000.000000000000000 ) ;
#2057 = EDGE_LOOP ( 'NONE', ( #4545, #1283, #3618, #839 ) ) ;
#2058 = CARTESIAN_POINT ( 'NONE',  ( 18.80000000000003979, -105.3000000000000256, 10.84999999999999609 ) ) ;
#2059 = VERTEX_POINT ( 'NONE', #4915 ) ;
#2060 = DIRECTION ( 'NONE',  ( -0.000000000000000000, -0.000000000000000000, -1.000000000000000000 ) ) ;
#2061 = VECTOR ( 'NONE', #927, 1000.000000000000000 ) ;
#2062 = VECTOR ( 'NONE', #4372, 1000.000000000000000 ) ;
#2063 = ORIENTED_EDGE ( 'NONE', *, *, #2785, .T. ) ;
#2064 = CARTESIAN_POINT ( 'NONE',  ( 0.4901790800424890016, -0.4885520673472143471, -50.00000000000000000 ) ) ;
#2065 = EDGE_LOOP ( 'NONE', ( #5178, #4208 ) ) ;
#2066 = DIRECTION ( 'NONE',  ( -0.000000000000000000, -0.000000000000000000, 1.000000000000000000 ) ) ;
#2067 = VECTOR ( 'NONE', #2161, 1000.000000000000000 ) ;
#2068 = EDGE_LOOP ( 'NONE', ( #3755, #22, #3348, #4976 ) ) ;
#2069 = VECTOR ( 'NONE', #1439, 1000.000000000000000 ) ;
#2070 = LINE ( 'NONE', #3318, #2707 ) ;
#2071 = DIRECTION ( 'NONE',  ( -0.000000000000000000, -1.000000000000000000, -0.000000000000000000 ) ) ;
#2072 = DIRECTION ( 'NONE',  ( 0.000000000000000000, -0.000000000000000000, -1.000000000000000000 ) ) ;
#2073 = AXIS2_PLACEMENT_3D ( 'NONE', #2971, #539, #2173 ) ;
#2074 = CARTESIAN_POINT ( 'NONE',  ( 9.338552067346498120, 10.49017908004249833, -50.00000000000000000 ) ) ;
#2075 = ORIENTED_EDGE ( 'NONE', *, *, #3630, .F. ) ;
#2076 = DIRECTION ( 'NONE',  ( -0.000000000000000000, -0.000000000000000000, 1.000000000000000000 ) ) ;
#2077 = ORIENTED_EDGE ( 'NONE', *, *, #4822, .F. ) ;
#2078 = CARTESIAN_POINT ( 'NONE',  ( 17.00000000000004974, -54.99999999999999289, 47.22374841615668828 ) ) ;
#2079 = ADVANCED_FACE ( 'NONE', ( #2455 ), #2555, .F. ) ;
#2080 = AXIS2_PLACEMENT_3D ( 'NONE', #4831, #1230, #4881 ) ;
#2081 = ORIENTED_EDGE ( 'NONE', *, *, #2564, .T. ) ;
#2082 = DIRECTION ( 'NONE',  ( 0.000000000000000000, 0.000000000000000000, -1.000000000000000000 ) ) ;
#2083 = DIRECTION ( 'NONE',  ( -0.000000000000000000, -1.000000000000000000, -4.180056568618783592E-15 ) ) ;
#2084 = ORIENTED_EDGE ( 'NONE', *, *, #617, .T. ) ;
#2085 = CARTESIAN_POINT ( 'NONE',  ( 18.80000000000003979, -54.99999999999999289, 10.84999999999996767 ) ) ;
#2086 = AXIS2_PLACEMENT_3D ( 'NONE', #3325, #2181, #2039 ) ;
#2087 = VERTEX_POINT ( 'NONE', #3766 ) ;
#2088 = AXIS2_PLACEMENT_3D ( 'NONE', #2774, #2427, #4037 ) ;
#2089 = FACE_OUTER_BOUND ( 'NONE', #4778, .T. ) ;
#2090 = ORIENTED_EDGE ( 'NONE', *, *, #3630, .T. ) ;
#2091 = CARTESIAN_POINT ( 'NONE',  ( 11.63855206734794834, 10.49017908004249833, -30.00000000000000000 ) ) ;
#2092 = EDGE_CURVE ( 'NONE', #1096, #4745, #3219, .T. ) ;
#2093 = ORIENTED_EDGE ( 'NONE', *, *, #506, .F. ) ;
#2094 = CARTESIAN_POINT ( 'NONE',  ( 18.80000000000003979, -54.99999999999999289, 10.84999999999996767 ) ) ;
#2095 = LINE ( 'NONE', #1697, #4790 ) ;
#2096 = CARTESIAN_POINT ( 'NONE',  ( 0.000000000000000000, 10.00000000000000533, -49.99999999999998579 ) ) ;
#2097 = EDGE_LOOP ( 'NONE', ( #3369, #3146, #3039, #1614 ) ) ;
#2098 = EDGE_LOOP ( 'NONE', ( #2895, #509, #2496, #3686 ) ) ;
#2099 = DIRECTION ( 'NONE',  ( -0.000000000000000000, 2.377407173401953017E-15, 1.000000000000000000 ) ) ;
#2100 = ORIENTED_EDGE ( 'NONE', *, *, #11, .T. ) ;
#2101 = EDGE_CURVE ( 'NONE', #4183, #4432, #1194, .T. ) ;
#2102 = FACE_OUTER_BOUND ( 'NONE', #2939, .T. ) ;
#2103 = EDGE_LOOP ( 'NONE', ( #587, #313 ) ) ;
#2104 = FACE_BOUND ( 'NONE', #5143, .T. ) ;
#2105 = CARTESIAN_POINT ( 'NONE',  ( -15.23201039154735170, 9.229718588505949839, -27.00000000000000000 ) ) ;
#2106 = ORIENTED_EDGE ( 'NONE', *, *, #4243, .F. ) ;
#2107 = EDGE_CURVE ( 'NONE', #3203, #1098, #3674, .T. ) ;
#2108 = CARTESIAN_POINT ( 'NONE',  ( -15.35000000000000497, -10.99999999999995737, 30.00000000000000000 ) ) ;
#2109 = AXIS2_PLACEMENT_3D ( 'NONE', #4184, #765, #2362 ) ;
#2110 = CIRCLE ( 'NONE', #2705, 1.149999999999274936 ) ;
#2111 = ORIENTED_EDGE ( 'NONE', *, *, #3567, .F. ) ;
#2112 = LINE ( 'NONE', #96, #5158 ) ;
#2113 = VERTEX_POINT ( 'NONE', #3425 ) ;
#2114 = EDGE_CURVE ( 'NONE', #3601, #4446, #3813, .T. ) ;
#2115 = CARTESIAN_POINT ( 'NONE',  ( -7.999999999999958256, -43.49999999999999289, 5.000000000000000000 ) ) ;
#2116 = ORIENTED_EDGE ( 'NONE', *, *, #1633, .T. ) ;
#2117 = DIRECTION ( 'NONE',  ( -0.000000000000000000, -0.000000000000000000, -1.000000000000000000 ) ) ;
#2118 = CARTESIAN_POINT ( 'NONE',  ( -0.4797185885034007113, -6.482010391546610961, 27.00000000000001066 ) ) ;
#2119 = FACE_OUTER_BOUND ( 'NONE', #2097, .T. ) ;
#2120 = ORIENTED_EDGE ( 'NONE', *, *, #2965, .F. ) ;
#2121 = ORIENTED_EDGE ( 'NONE', *, *, #887, .T. ) ;
#2122 = EDGE_CURVE ( 'NONE', #2672, #1279, #262, .T. ) ;
#2123 = DIRECTION ( 'NONE',  ( -0.000000000000000000, -1.000000000000000000, -0.000000000000000000 ) ) ;
#2124 = ORIENTED_EDGE ( 'NONE', *, *, #2550, .T. ) ;
#2125 = DIRECTION ( 'NONE',  ( -0.000000000000000000, 0.000000000000000000, 1.000000000000000000 ) ) ;
#2126 = LINE ( 'NONE', #2926, #1253 ) ;
#2127 = EDGE_LOOP ( 'NONE', ( #484, #2942, #112, #402 ) ) ;
#2128 = FACE_OUTER_BOUND ( 'NONE', #486, .T. ) ;
#2129 = EDGE_CURVE ( 'NONE', #283, #2624, #4052, .T. ) ;
#2130 = CARTESIAN_POINT ( 'NONE',  ( 18.80000000000003979, -97.00000000000000000, 1.000000000000035527 ) ) ;
#2131 = ORIENTED_EDGE ( 'NONE', *, *, #3894, .T. ) ;
#2132 = CARTESIAN_POINT ( 'NONE',  ( -11.63855206734649883, 9.509820919957515883, -30.00000000000000000 ) ) ;
#2133 = ADVANCED_FACE ( 'NONE', ( #570 ), #5014, .F. ) ;
#2134 = VECTOR ( 'NONE', #4460, 1000.000000000000000 ) ;
#2135 = ORIENTED_EDGE ( 'NONE', *, *, #3083, .T. ) ;
#2137 = DIRECTION ( 'NONE',  ( 0.000000000000000000, 0.000000000000000000, -1.000000000000000000 ) ) ;
#2136 = CIRCLE ( 'NONE', #2566, 1.150000000000725109 ) ;
#2138 = ORIENTED_EDGE ( 'NONE', *, *, #1434, .T. ) ;
#2139 = LINE ( 'NONE', #1063, #651 ) ;
#2140 = AXIS2_PLACEMENT_3D ( 'NONE', #3713, #2946, #2072 ) ;
#2141 = EDGE_CURVE ( 'NONE', #431, #2503, #2228, .T. ) ;
#2142 = VERTEX_POINT ( 'NONE', #4646 ) ;
#2143 = VECTOR ( 'NONE', #4999, 1000.000000000000000 ) ;
#2144 = CARTESIAN_POINT ( 'NONE',  ( 20.00000000000000000, -50.84999999999999432, 14.77499999999999858 ) ) ;
#2145 = CARTESIAN_POINT ( 'NONE',  ( 0.7702814114940549350, -6.482010391546610961, -30.00000000000000000 ) ) ;
#2146 = DIRECTION ( 'NONE',  ( -0.000000000000000000, -0.000000000000000000, 1.000000000000000000 ) ) ;
#2147 = AXIS2_PLACEMENT_3D ( 'NONE', #2230, #3844, #2180 ) ;
#2148 = VERTEX_POINT ( 'NONE', #3032 ) ;
#2149 = DIRECTION ( 'NONE',  ( 1.000000000000000000, 0.000000000000000000, 0.000000000000000000 ) ) ;
#2150 = ORIENTED_EDGE ( 'NONE', *, *, #1180, .F. ) ;
#2151 = VECTOR ( 'NONE', #580, 1000.000000000000000 ) ;
#2152 = LINE ( 'NONE', #110, #1726 ) ;
#2153 = DIRECTION ( 'NONE',  ( -1.000000000000000000, 0.000000000000000000, 0.000000000000000000 ) ) ;
#2154 = EDGE_CURVE ( 'NONE', #3743, #854, #1464, .T. ) ;
#2155 = ADVANCED_FACE ( 'NONE', ( #2284 ), #3086, .F. ) ;
#2156 = EDGE_LOOP ( 'NONE', ( #3359, #1759, #3875, #2764 ) ) ;
#2157 = EDGE_CURVE ( 'NONE', #1573, #4709, #1780, .T. ) ;
#2158 = CYLINDRICAL_SURFACE ( 'NONE', #4864, 2.150000000000002132 ) ;
#2159 = DIRECTION ( 'NONE',  ( 1.000000000000000000, 0.000000000000000000, 0.000000000000000000 ) ) ;
#2160 = ORIENTED_EDGE ( 'NONE', *, *, #2107, .F. ) ;
#2161 = DIRECTION ( 'NONE',  ( 0.000000000000000000, 0.000000000000000000, -1.000000000000000000 ) ) ;
#2162 = EDGE_CURVE ( 'NONE', #2396, #3306, #187, .T. ) ;
#2163 =( LENGTH_UNIT ( ) NAMED_UNIT ( * ) SI_UNIT ( .MILLI., .METRE. ) );
#2164 = ORIENTED_EDGE ( 'NONE', *, *, #383, .T. ) ;
#2165 = CARTESIAN_POINT ( 'NONE',  ( -9.338552067347947627, 9.509820919957515883, 27.00000000000001066 ) ) ;
#2166 = ORIENTED_EDGE ( 'NONE', *, *, #1201, .F. ) ;
#2167 = CIRCLE ( 'NONE', #3775, 2.150000000000002132 ) ;
#2168 = EDGE_CURVE ( 'NONE', #265, #5146, #2872, .T. ) ;
#2169 = CARTESIAN_POINT ( 'NONE',  ( 18.80000000000003979, -46.69999999999996021, -10.84999999999994813 ) ) ;
#2170 = CIRCLE ( 'NONE', #1746, 2.149999999999999023 ) ;
#2171 = EDGE_LOOP ( 'NONE', ( #536, #4412 ) ) ;
#2172 = CARTESIAN_POINT ( 'NONE',  ( 11.49999999999999645, -28.99999999999999645, -30.00000000000000000 ) ) ;
#2173 = DIRECTION ( 'NONE',  ( -1.000000000000000000, 0.000000000000000000, 0.000000000000000000 ) ) ;
#2174 = EDGE_CURVE ( 'NONE', #718, #3214, #621, .T. ) ;
#2175 = AXIS2_PLACEMENT_3D ( 'NONE', #2366, #790, #3978 ) ;
#2176 = PLANE ( 'NONE',  #49 ) ;
#2177 = DIRECTION ( 'NONE',  ( 1.000000000000000000, 1.734723475976807341E-16, -0.000000000000000000 ) ) ;
#2178 = CARTESIAN_POINT ( 'NONE',  ( 20.00000000000004263, -34.99999999999999289, -27.00000000000000000 ) ) ;
#2179 = EDGE_CURVE ( 'NONE', #4090, #431, #3789, .T. ) ;
#2180 = DIRECTION ( 'NONE',  ( -1.000000000000000000, 0.000000000000000000, -0.000000000000000000 ) ) ;
#2181 = DIRECTION ( 'NONE',  ( 1.000000000000000000, 0.000000000000000000, 0.000000000000000000 ) ) ;
#2182 = VECTOR ( 'NONE', #3275, 1000.000000000000000 ) ;
#2183 = EDGE_CURVE ( 'NONE', #1453, #3831, #233, .T. ) ;
#2184 = ORIENTED_EDGE ( 'NONE', *, *, #2564, .F. ) ;
#2185 = CARTESIAN_POINT ( 'NONE',  ( 17.00000000000003908, -46.69999999999985363, -0.9999999999999861222 ) ) ;
#2186 = DIRECTION ( 'NONE',  ( 0.000000000000000000, 0.000000000000000000, -1.000000000000000000 ) ) ;
#2187 = ORIENTED_EDGE ( 'NONE', *, *, #517, .F. ) ;
#2188 = LINE ( 'NONE', #1896, #2573 ) ;
#2189 = DIRECTION ( 'NONE',  ( 1.000000000000000000, -0.000000000000000000, -0.000000000000000000 ) ) ;
#2190 = ORIENTED_EDGE ( 'NONE', *, *, #1155, .T. ) ;
#2191 = CARTESIAN_POINT ( 'NONE',  ( 17.00000000000000000, -100.2699999999999960, -14.77499999999999858 ) ) ;
#2192 = ORIENTED_EDGE ( 'NONE', *, *, #5008, .T. ) ;
#2193 = VECTOR ( 'NONE', #4678, 1000.000000000000000 ) ;
#2194 = CARTESIAN_POINT ( 'NONE',  ( -15.35000000000000497, -0.9999999999999574785, -27.00000000000000000 ) ) ;
#2195 = AXIS2_PLACEMENT_3D ( 'NONE', #4342, #3197, #5094 ) ;
#2196 = AXIS2_PLACEMENT_3D ( 'NONE', #4693, #1092, #961 ) ;
#2197 = ORIENTED_EDGE ( 'NONE', *, *, #4121, .F. ) ;
#2198 = DIRECTION ( 'NONE',  ( 1.000000000000000000, 0.000000000000000000, 0.000000000000000000 ) ) ;
#2199 = CARTESIAN_POINT ( 'NONE',  ( 20.00000000000004263, -34.99999999999999289, 47.22374841615668828 ) ) ;
#2200 = DIRECTION ( 'NONE',  ( -0.000000000000000000, -0.000000000000000000, 1.000000000000000000 ) ) ;
#2201 = ADVANCED_FACE ( 'NONE', ( #4288 ), #3397, .F. ) ;
#2202 = ORIENTED_EDGE ( 'NONE', *, *, #26, .T. ) ;
#2203 = CARTESIAN_POINT ( 'NONE',  ( 18.80000000000003979, -105.3000000000000256, 10.84999999999999609 ) ) ;
#2204 = ORIENTED_EDGE ( 'NONE', *, *, #2157, .F. ) ;
#2205 = DIRECTION ( 'NONE',  ( 0.000000000000000000, 0.000000000000000000, 1.000000000000000000 ) ) ;
#2206 = DIRECTION ( 'NONE',  ( 0.000000000000000000, 0.000000000000000000, -1.000000000000000000 ) ) ;
#2207 = EDGE_CURVE ( 'NONE', #878, #2503, #5040, .T. ) ;
#2208 = AXIS2_PLACEMENT_3D ( 'NONE', #5027, #4586, #4172 ) ;
#2209 = ORIENTED_EDGE ( 'NONE', *, *, #2465, .F. ) ;
#2210 = DIRECTION ( 'NONE',  ( 1.000000000000000000, -0.000000000000000000, -0.000000000000000000 ) ) ;
#2211 = CARTESIAN_POINT ( 'NONE',  ( 10.00000000000000000, -50.84999999999999432, -4.924999999999998934 ) ) ;
#2212 = ORIENTED_EDGE ( 'NONE', *, *, #2802, .T. ) ;
#2213 = CARTESIAN_POINT ( 'NONE',  ( 3.000000000000039080, -43.49999999999999289, -27.00000000000000000 ) ) ;
#2214 = CYLINDRICAL_SURFACE ( 'NONE', #4516, 1.249999999999267253 ) ;
#2215 = ORIENTED_EDGE ( 'NONE', *, *, #3664, .T. ) ;
#2216 = DIRECTION ( 'NONE',  ( -0.000000000000000000, 1.000000000000000000, 0.000000000000000000 ) ) ;
#2217 = ORIENTED_EDGE ( 'NONE', *, *, #4641, .T. ) ;
#2218 = CARTESIAN_POINT ( 'NONE',  ( -0.7702814114940569334, 26.48201039154662340, -50.00000000000000000 ) ) ;
#2219 = VECTOR ( 'NONE', #531, 1000.000000000000000 ) ;
#2220 = EDGE_CURVE ( 'NONE', #2335, #4266, #1357, .T. ) ;
#2221 = ORIENTED_EDGE ( 'NONE', *, *, #1419, .F. ) ;
#2222 = FACE_OUTER_BOUND ( 'NONE', #882, .T. ) ;
#2223 = EDGE_CURVE ( 'NONE', #637, #777, #936, .T. ) ;
#2224 = CARTESIAN_POINT ( 'NONE',  ( -10.99999999999995737, -46.49999999999999289, 27.00000000000001066 ) ) ;
#2225 = CARTESIAN_POINT ( 'NONE',  ( 11.49999999999999645, -19.00000000000000355, -26.99999999999999645 ) ) ;
#2226 = EDGE_LOOP ( 'NONE', ( #1008, #507, #1488, #2830 ) ) ;
#2227 = AXIS2_PLACEMENT_3D ( 'NONE', #1433, #1016, #2627 ) ;
#2228 = LINE ( 'NONE', #993, #2955 ) ;
#2229 = ORIENTED_EDGE ( 'NONE', *, *, #79, .T. ) ;
#2230 = CARTESIAN_POINT ( 'NONE',  ( 18.80000000000003979, -46.69999999999985363, -0.9999999999999861222 ) ) ;
#2231 = DIRECTION ( 'NONE',  ( 0.000000000000000000, 0.000000000000000000, 1.000000000000000000 ) ) ;
#2232 = AXIS2_PLACEMENT_3D ( 'NONE', #3044, #5050, #2317 ) ;
#2233 = ORIENTED_EDGE ( 'NONE', *, *, #1477, .F. ) ;
#2234 = CARTESIAN_POINT ( 'NONE',  ( -19.99999999999999645, -43.99999999999997158, 27.00000000000000355 ) ) ;
#2235 = CIRCLE ( 'NONE', #1647, 1.649999999999998579 ) ;
#2236 = CARTESIAN_POINT ( 'NONE',  ( 0.000000000000000000, 10.00000000000000533, -27.00000000000000000 ) ) ;
#2237 = EDGE_LOOP ( 'NONE', ( #2791, #1695, #211, #1956, #656, #2209, #4255, #3688, #2630, #4122, #2643, #1356, #3621, #2221, #889, #4386, #5062, #2431 ) ) ;
#2238 = VECTOR ( 'NONE', #2294, 1000.000000000000000 ) ;
#2239 = FACE_OUTER_BOUND ( 'NONE', #1320, .T. ) ;
#2240 = ADVANCED_FACE ( 'NONE', ( #4574 ), #2580, .F. ) ;
#2241 = EDGE_CURVE ( 'NONE', #258, #1790, #2337, .T. ) ;
#2242 = LINE ( 'NONE', #197, #2383 ) ;
#2243 = VERTEX_POINT ( 'NONE', #4731 ) ;
#2244 = FACE_BOUND ( 'NONE', #4874, .T. ) ;
#2245 = ORIENTED_EDGE ( 'NONE', *, *, #1760, .F. ) ;
#2246 = EDGE_CURVE ( 'NONE', #3743, #5028, #4028, .T. ) ;
#2247 = CARTESIAN_POINT ( 'NONE',  ( -15.35000000000000142, -30.99999999999995737, 27.00000000000001066 ) ) ;
#2248 = ORIENTED_EDGE ( 'NONE', *, *, #206, .T. ) ;
#2249 = AXIS2_PLACEMENT_3D ( 'NONE', #4520, #4592, #4279 ) ;
#2250 = LINE ( 'NONE', #1879, #174 ) ;
#2251 = ORIENTED_EDGE ( 'NONE', *, *, #4888, .T. ) ;
#2252 = CARTESIAN_POINT ( 'NONE',  ( -14.75000000000002309, -55.24999999999996447, 27.00000000000000355 ) ) ;
#2253 = DIRECTION ( 'NONE',  ( -0.000000000000000000, -0.000000000000000000, 1.000000000000000000 ) ) ;
#2254 = AXIS2_PLACEMENT_3D ( 'NONE', #2712, #3009, #2231 ) ;
#2255 = VECTOR ( 'NONE', #4129, 1000.000000000000000 ) ;
#2256 = ORIENTED_EDGE ( 'NONE', *, *, #359, .T. ) ;
#2257 = AXIS2_PLACEMENT_3D ( 'NONE', #3041, #1026, #2635 ) ;
#2258 = CARTESIAN_POINT ( 'NONE',  ( -19.99999999999999645, -19.00000000000000355, 27.00000000000000355 ) ) ;
#2259 = DIRECTION ( 'NONE',  ( 0.000000000000000000, 0.000000000000000000, -1.000000000000000000 ) ) ;
#2260 = DIRECTION ( 'NONE',  ( -0.000000000000000000, -0.000000000000000000, 1.000000000000000000 ) ) ;
#2261 = PLANE ( 'NONE',  #750 ) ;
#2262 = ORIENTED_EDGE ( 'NONE', *, *, #3179, .F. ) ;
#2263 = CARTESIAN_POINT ( 'NONE',  ( 18.80000000000003979, -54.99999999999999289, -8.850000000000003197 ) ) ;
#2264 = DIRECTION ( 'NONE',  ( -0.000000000000000000, -0.000000000000000000, 1.000000000000000000 ) ) ;
#2265 = VERTEX_POINT ( 'NONE', #3506 ) ;
#2266 = DIRECTION ( 'NONE',  ( 0.7071067811865492381, 0.7071067811865457964, -0.000000000000000000 ) ) ;
#2267 = EDGE_CURVE ( 'NONE', #298, #5184, #1129, .T. ) ;
#2268 = CIRCLE ( 'NONE', #3296, 1.149999999997434852 ) ;
#2269 = CARTESIAN_POINT ( 'NONE',  ( 17.00000000000000000, -97.00000000000000000, 30.00000000000000000 ) ) ;
#2270 = VERTEX_POINT ( 'NONE', #1993 ) ;
#2271 = DIRECTION ( 'NONE',  ( 0.000000000000000000, 0.000000000000000000, -1.000000000000000000 ) ) ;
#2272 = ORIENTED_EDGE ( 'NONE', *, *, #1682, .F. ) ;
#2273 = DIRECTION ( 'NONE',  ( 0.000000000000000000, 0.000000000000000000, -1.000000000000000000 ) ) ;
#2274 = ORIENTED_EDGE ( 'NONE', *, *, #533, .T. ) ;
#2275 = VECTOR ( 'NONE', #1285, 1000.000000000000000 ) ;
#2276 = DIRECTION ( 'NONE',  ( 1.000000000000000000, 0.000000000000000000, 0.000000000000000000 ) ) ;
#2277 = EDGE_LOOP ( 'NONE', ( #5160, #1351, #560, #3848 ) ) ;
#2278 = CARTESIAN_POINT ( 'NONE',  ( 13.99999999999999645, -26.50000000000000355, 35.00000000000000000 ) ) ;
#2279 = VECTOR ( 'NONE', #1466, 1000.000000000000000 ) ;
#2280 = DIRECTION ( 'NONE',  ( 0.7071067811865521247, -0.7071067811865430208, -0.000000000000000000 ) ) ;
#2281 = CIRCLE ( 'NONE', #596, 1.250000000002546852 ) ;
#2282 = VERTEX_POINT ( 'NONE', #3975 ) ;
#2283 = AXIS2_PLACEMENT_3D ( 'NONE', #446, #2693, #2028 ) ;
#2284 = FACE_OUTER_BOUND ( 'NONE', #5154, .T. ) ;
#2285 = CARTESIAN_POINT ( 'NONE',  ( 10.00000000000000000, -100.2699999999999960, 4.924999999999998934 ) ) ;
#2286 = DIRECTION ( 'NONE',  ( -1.000000000000000000, 0.000000000000000000, 0.000000000000000000 ) ) ;
#2287 = DIRECTION ( 'NONE',  ( -0.000000000000000000, 0.000000000000000000, 1.000000000000000000 ) ) ;
#2288 = EDGE_CURVE ( 'NONE', #2637, #3414, #814, .T. ) ;
#2289 = ORIENTED_EDGE ( 'NONE', *, *, #2999, .F. ) ;
#2290 = DIRECTION ( 'NONE',  ( 0.000000000000000000, 0.000000000000000000, -1.000000000000000000 ) ) ;
#2291 = CARTESIAN_POINT ( 'NONE',  ( 17.00000000000003908, -97.00000000000000000, 10.84999999999996767 ) ) ;
#2292 = ORIENTED_EDGE ( 'NONE', *, *, #990, .T. ) ;
#2293 = LINE ( 'NONE', #4270, #1566 ) ;
#2294 = DIRECTION ( 'NONE',  ( -0.000000000000000000, 1.000000000000000000, -0.000000000000000000 ) ) ;
#2295 = ORIENTED_EDGE ( 'NONE', *, *, #1935, .T. ) ;
#2296 = CARTESIAN_POINT ( 'NONE',  ( 20.00000000000000000, -50.84999999999999432, -4.924999999999998934 ) ) ;
#2297 = ORIENTED_EDGE ( 'NONE', *, *, #4459, .F. ) ;
#2298 = DIRECTION ( 'NONE',  ( -1.000000000000000000, 0.000000000000000000, 0.000000000000000000 ) ) ;
#2299 = DIRECTION ( 'NONE',  ( 1.000000000000000000, -0.000000000000000000, -0.000000000000000000 ) ) ;
#2300 = CIRCLE ( 'NONE', #2474, 1.649999999999999467 ) ;
#2301 = ORIENTED_EDGE ( 'NONE', *, *, #4856, .F. ) ;
#2302 = DIRECTION ( 'NONE',  ( -0.000000000000000000, -0.000000000000000000, 1.000000000000000000 ) ) ;
#2303 = ORIENTED_EDGE ( 'NONE', *, *, #1770, .F. ) ;
#2304 = DIRECTION ( 'NONE',  ( 0.000000000000000000, 0.000000000000000000, -1.000000000000000000 ) ) ;
#2305 = DIRECTION ( 'NONE',  ( 0.000000000000000000, 0.000000000000000000, -1.000000000000000000 ) ) ;
#2306 = ORIENTED_EDGE ( 'NONE', *, *, #3825, .F. ) ;
#2307 = LINE ( 'NONE', #2709, #2453 ) ;
#2308 = VECTOR ( 'NONE', #2800, 1000.000000000000000 ) ;
#2309 = CARTESIAN_POINT ( 'NONE',  ( 11.49999999999999645, -28.99999999999998934, 30.00000000000000000 ) ) ;
#2310 = CARTESIAN_POINT ( 'NONE',  ( 20.00000000000000000, -108.9999999999999716, 30.00000000000000000 ) ) ;
#2311 = FACE_OUTER_BOUND ( 'NONE', #1420, .T. ) ;
#2312 = EDGE_CURVE ( 'NONE', #957, #1430, #2307, .T. ) ;
#2313 = ORIENTED_EDGE ( 'NONE', *, *, #3435, .T. ) ;
#2314 = DIRECTION ( 'NONE',  ( -1.000000000000000000, 0.000000000000000000, 0.000000000000000000 ) ) ;
#2315 = CYLINDRICAL_SURFACE ( 'NONE', #2734, 1.149999999997434852 ) ;
#2316 = VERTEX_POINT ( 'NONE', #4760 ) ;
#2317 = DIRECTION ( 'NONE',  ( 1.000000000000000000, 0.000000000000000000, 0.000000000000000000 ) ) ;
#2318 = CIRCLE ( 'NONE', #4919, 2.150000000000002576 ) ;
#2319 = EDGE_CURVE ( 'NONE', #3338, #5028, #2420, .T. ) ;
#2320 = EDGE_CURVE ( 'NONE', #5114, #1892, #2389, .T. ) ;
#2321 = EDGE_CURVE ( 'NONE', #1706, #466, #1884, .T. ) ;
#2323 = DIRECTION ( 'NONE',  ( -0.000000000000000000, 0.000000000000000000, 1.000000000000000000 ) ) ;
#2322 = VECTOR ( 'NONE', #86, 1000.000000000000000 ) ;
#2324 = ORIENTED_EDGE ( 'NONE', *, *, #1586, .T. ) ;
#2325 = FACE_BOUND ( 'NONE', #910, .T. ) ;
#2326 = VERTEX_POINT ( 'NONE', #4341 ) ;
#2327 = CARTESIAN_POINT ( 'NONE',  ( 18.80000000000003979, -54.99999999999999289, 10.84999999999996767 ) ) ;
#2328 = DIRECTION ( 'NONE',  ( 1.000000000000000000, -0.000000000000000000, -0.000000000000000000 ) ) ;
#2329 = EDGE_LOOP ( 'NONE', ( #2964, #1128 ) ) ;
#2330 = DIRECTION ( 'NONE',  ( -0.000000000000000000, -0.000000000000000000, 1.000000000000000000 ) ) ;
#2331 = VERTEX_POINT ( 'NONE', #5093 ) ;
#2332 = FACE_OUTER_BOUND ( 'NONE', #4218, .T. ) ;
#2333 = DIRECTION ( 'NONE',  ( 0.000000000000000000, 0.000000000000000000, -1.000000000000000000 ) ) ;
#2334 = AXIS2_PLACEMENT_3D ( 'NONE', #151, #3758, #3467 ) ;
#2335 = VERTEX_POINT ( 'NONE', #739 ) ;
#2336 = EDGE_CURVE ( 'NONE', #777, #637, #4882, .T. ) ;
#2337 = LINE ( 'NONE', #2765, #3717 ) ;
#2338 = DIRECTION ( 'NONE',  ( 0.000000000000000000, 0.000000000000000000, -1.000000000000000000 ) ) ;
#2339 = LINE ( 'NONE', #711, #818 ) ;
#2340 = DIRECTION ( 'NONE',  ( 0.000000000000000000, 0.000000000000000000, -1.000000000000000000 ) ) ;
#2341 = AXIS2_PLACEMENT_3D ( 'NONE', #2651, #3837, #941 ) ;
#2342 = VECTOR ( 'NONE', #2725, 1000.000000000000000 ) ;
#2343 = ORIENTED_EDGE ( 'NONE', *, *, #2407, .T. ) ;
#2344 = ADVANCED_FACE ( 'NONE', ( #1911, #787, #3115 ), #1575, .F. ) ;
#2345 = CARTESIAN_POINT ( 'NONE',  ( -17.00000000000000000, -40.99999999999996447, -27.00000000000000000 ) ) ;
#2346 = EDGE_LOOP ( 'NONE', ( #3575, #2897, #3468, #1445 ) ) ;
#2347 = DIRECTION ( 'NONE',  ( 0.000000000000000000, 0.000000000000000000, 1.000000000000000000 ) ) ;
#2348 = EDGE_CURVE ( 'NONE', #1499, #4465, #1184, .T. ) ;
#2349 = AXIS2_PLACEMENT_3D ( 'NONE', #1607, #793, #1215 ) ;
#2350 = ORIENTED_EDGE ( 'NONE', *, *, #1887, .T. ) ;
#2351 = FACE_OUTER_BOUND ( 'NONE', #2982, .T. ) ;
#2352 = ORIENTED_EDGE ( 'NONE', *, *, #3288, .T. ) ;
#2353 = DIRECTION ( 'NONE',  ( -0.000000000000000000, -0.000000000000000000, 1.000000000000000000 ) ) ;
#2354 = FACE_OUTER_BOUND ( 'NONE', #4481, .T. ) ;
#2355 = VECTOR ( 'NONE', #2822, 1000.000000000000000 ) ;
#2356 = ORIENTED_EDGE ( 'NONE', *, *, #696, .T. ) ;
#2357 = DIRECTION ( 'NONE',  ( 0.000000000000000000, 0.000000000000000000, -1.000000000000000000 ) ) ;
#2358 = ORIENTED_EDGE ( 'NONE', *, *, #318, .T. ) ;
#2359 = DIRECTION ( 'NONE',  ( 0.7071067811865469066, 0.7071067811865482389, -0.000000000000000000 ) ) ;
#2360 = DIRECTION ( 'NONE',  ( 0.000000000000000000, 0.000000000000000000, 1.000000000000000000 ) ) ;
#2361 = ORIENTED_EDGE ( 'NONE', *, *, #1448, .T. ) ;
#2362 = DIRECTION ( 'NONE',  ( 0.000000000000000000, 0.000000000000000000, 1.000000000000000000 ) ) ;
#2363 = DIRECTION ( 'NONE',  ( -0.7071067811865482389, 0.7071067811865469066, 0.000000000000000000 ) ) ;
#2364 = CARTESIAN_POINT ( 'NONE',  ( 0.4901790800424890016, -0.4885520673472143471, 30.00000000000000000 ) ) ;
#2365 = AXIS2_PLACEMENT_3D ( 'NONE', #84, #2099, #3322 ) ;
#2366 = CARTESIAN_POINT ( 'NONE',  ( -17.00000000000000000, -40.99999999999996447, -39.99999999999999289 ) ) ;
#2367 = ADVANCED_FACE ( 'NONE', ( #4312 ), #4418, .F. ) ;
#2368 = VECTOR ( 'NONE', #285, 1000.000000000000000 ) ;
#2369 = ORIENTED_EDGE ( 'NONE', *, *, #2940, .F. ) ;
#2370 = LINE ( 'NONE', #1948, #245 ) ;
#2371 = CARTESIAN_POINT ( 'NONE',  ( 17.00000000000003908, -46.69999999999996021, 10.84999999999994991 ) ) ;
#2372 = ORIENTED_EDGE ( 'NONE', *, *, #3152, .T. ) ;
#2373 = DIRECTION ( 'NONE',  ( 0.000000000000000000, -1.000000000000000000, -6.938893903907085594E-15 ) ) ;
#2374 = EDGE_CURVE ( 'NONE', #1279, #2672, #3134, .T. ) ;
#2375 = EDGE_LOOP ( 'NONE', ( #2009, #2202, #519, #4973 ) ) ;
#2376 = DIRECTION ( 'NONE',  ( 0.000000000000000000, 1.000000000000000000, -0.000000000000000000 ) ) ;
#2377 = EDGE_LOOP ( 'NONE', ( #3010, #2519, #1871, #2358, #3716, #3851 ) ) ;
#2378 = DIRECTION ( 'NONE',  ( 1.000000000000000000, 0.000000000000000000, 0.000000000000000000 ) ) ;
#2379 = CARTESIAN_POINT ( 'NONE',  ( 20.00000000000000000, -100.2699999999999960, -4.924999999999998934 ) ) ;
#2380 = EDGE_CURVE ( 'NONE', #3743, #2813, #3560, .T. ) ;
#2381 = ORIENTED_EDGE ( 'NONE', *, *, #1717, .F. ) ;
#2382 = DIRECTION ( 'NONE',  ( 0.000000000000000000, -0.000000000000000000, -1.000000000000000000 ) ) ;
#2383 = VECTOR ( 'NONE', #3461, 1000.000000000000000 ) ;
#2384 = VERTEX_POINT ( 'NONE', #4811 ) ;
#2385 = CARTESIAN_POINT ( 'NONE',  ( 18.80000000000003979, -46.69999999999996021, 10.84999999999994991 ) ) ;
#2386 = EDGE_CURVE ( 'NONE', #792, #2481, #1546, .T. ) ;
#2387 = ORIENTED_EDGE ( 'NONE', *, *, #1448, .F. ) ;
#2388 = ADVANCED_FACE ( 'NONE', ( #3168, #1159, #840, #3272, #1672, #4447, #493, #3711, #514, #468, #4546, #27, #443, #2867, #4860, #2548 ), #2045, .T. ) ;
#2389 = LINE ( 'NONE', #2738, #4214 ) ;
#2390 = CARTESIAN_POINT ( 'NONE',  ( -15.35000000000000142, -30.99999999999995737, -30.00000000000000000 ) ) ;
#2391 = FACE_OUTER_BOUND ( 'NONE', #2516, .T. ) ;
#2392 = FACE_OUTER_BOUND ( 'NONE', #3155, .T. ) ;
#2393 = ADVANCED_FACE ( 'NONE', ( #4055 ), #940, .F. ) ;
#2394 = VECTOR ( 'NONE', #3830, 1000.000000000000000 ) ;
#2395 = VECTOR ( 'NONE', #1309, 1000.000000000000000 ) ;
#2396 = VERTEX_POINT ( 'NONE', #2022 ) ;
#2397 = CARTESIAN_POINT ( 'NONE',  ( -15.35000000000000497, -10.99999999999995737, -30.00000000000000000 ) ) ;
#2398 = DIRECTION ( 'NONE',  ( -0.000000000000000000, -0.000000000000000000, 1.000000000000000000 ) ) ;
#2399 = ORIENTED_EDGE ( 'NONE', *, *, #3904, .F. ) ;
#2400 = DIRECTION ( 'NONE',  ( 0.000000000000000000, 0.000000000000000000, -1.000000000000000000 ) ) ;
#2401 = CIRCLE ( 'NONE', #131, 1.649999999999998579 ) ;
#2402 = CIRCLE ( 'NONE', #888, 2.150000000000002132 ) ;
#2403 = ORIENTED_EDGE ( 'NONE', *, *, #4803, .T. ) ;
#2404 = AXIS2_PLACEMENT_3D ( 'NONE', #4925, #485, #1687 ) ;
#2405 = DIRECTION ( 'NONE',  ( 0.000000000000000000, -1.000000000000000000, 0.000000000000000000 ) ) ;
#2406 = EDGE_LOOP ( 'NONE', ( #1171, #3780, #476, #3313 ) ) ;
#2407 = EDGE_CURVE ( 'NONE', #2476, #2113, #2540, .T. ) ;
#2408 = DIRECTION ( 'NONE',  ( 1.000000000000000000, 0.000000000000000000, 0.000000000000000000 ) ) ;
#2409 = DIRECTION ( 'NONE',  ( 1.000000000000000000, 0.000000000000000000, 0.000000000000000000 ) ) ;
#2410 = ADVANCED_FACE ( 'NONE', ( #50 ), #1696, .F. ) ;
#2411 = ORIENTED_EDGE ( 'NONE', *, *, #2504, .F. ) ;
#2412 = LINE ( 'NONE', #4072, #1463 ) ;
#2413 = VERTEX_POINT ( 'NONE', #1625 ) ;
#2414 = EDGE_CURVE ( 'NONE', #3554, #2730, #3247, .T. ) ;
#2415 = VECTOR ( 'NONE', #2024, 999.9999999999998863 ) ;
#2416 = DIRECTION ( 'NONE',  ( -1.000000000000000000, 0.000000000000000000, 0.000000000000000000 ) ) ;
#2417 = EDGE_CURVE ( 'NONE', #3601, #823, #3735, .T. ) ;
#2418 = EDGE_LOOP ( 'NONE', ( #4053, #3391 ) ) ;
#2419 = EDGE_CURVE ( 'NONE', #1883, #5056, #2070, .T. ) ;
#2420 = LINE ( 'NONE', #1102, #2701 ) ;
#2421 = CARTESIAN_POINT ( 'NONE',  ( 10.00000000000000000, -50.84999999999999432, -16.92499999999999716 ) ) ;
#2422 = CARTESIAN_POINT ( 'NONE',  ( 17.00000000000003908, -105.2999999999999972, 1.000000000000039080 ) ) ;
#2423 = DIRECTION ( 'NONE',  ( 1.000000000000000000, 0.000000000000000000, 0.000000000000000000 ) ) ;
#2424 = LINE ( 'NONE', #2720, #2355 ) ;
#2425 = ORIENTED_EDGE ( 'NONE', *, *, #2835, .F. ) ;
#2426 = CIRCLE ( 'NONE', #3016, 2.150000000000002576 ) ;
#2427 = DIRECTION ( 'NONE',  ( -0.000000000000000000, -0.000000000000000000, 1.000000000000000000 ) ) ;
#2428 = CARTESIAN_POINT ( 'NONE',  ( -16.48201039154661984, 9.229718588505949839, 30.00000000000000000 ) ) ;
#2429 = ORIENTED_EDGE ( 'NONE', *, *, #4035, .F. ) ;
#2430 = DIRECTION ( 'NONE',  ( 1.000000000000000000, 0.000000000000000000, 0.000000000000000000 ) ) ;
#2431 = ORIENTED_EDGE ( 'NONE', *, *, #2380, .F. ) ;
#2432 = EDGE_CURVE ( 'NONE', #1636, #1453, #75, .T. ) ;
#2433 = DIRECTION ( 'NONE',  ( 0.000000000000000000, 0.000000000000000000, -1.000000000000000000 ) ) ;
#2434 = ORIENTED_EDGE ( 'NONE', *, *, #2460, .F. ) ;
#2435 = AXIS2_PLACEMENT_3D ( 'NONE', #2745, #745, #3619 ) ;
#2436 = CARTESIAN_POINT ( 'NONE',  ( 17.00000000000003908, -46.69999999999996021, -10.84999999999994813 ) ) ;
#2437 = CARTESIAN_POINT ( 'NONE',  ( 9.000000000000017764, 30.00000000000000711, -26.99999999999999645 ) ) ;
#2438 = EDGE_CURVE ( 'NONE', #3821, #2730, #3801, .T. ) ;
#2439 = ORIENTED_EDGE ( 'NONE', *, *, #415, .T. ) ;
#2440 = CARTESIAN_POINT ( 'NONE',  ( 13.00000000000000178, -115.9999999999999858, -62.00000000000000000 ) ) ;
#2441 = VERTEX_POINT ( 'NONE', #1648 ) ;
#2442 = CARTESIAN_POINT ( 'NONE',  ( 17.00000000000003908, -46.69999999999985363, -0.9999999999999861222 ) ) ;
#2443 = ADVANCED_BREP_SHAPE_REPRESENTATION ( 'thigh', ( #749, #1418 ), #5029 ) ;
#2444 = CIRCLE ( 'NONE', #251, 1.650000000000000355 ) ;
#2445 = EDGE_CURVE ( 'NONE', #2909, #3127, #1280, .T. ) ;
#2446 = ORIENTED_EDGE ( 'NONE', *, *, #2321, .T. ) ;
#2447 = EDGE_CURVE ( 'NONE', #3364, #1266, #4495, .T. ) ;
#2448 = DIRECTION ( 'NONE',  ( -1.000000000000000000, 0.000000000000000000, -0.000000000000000000 ) ) ;
#2449 = CARTESIAN_POINT ( 'NONE',  ( -20.00000000000000000, 19.00000000000002487, 30.00000000000000000 ) ) ;
#2450 = DIRECTION ( 'NONE',  ( -0.000000000000000000, -0.000000000000000000, 1.000000000000000000 ) ) ;
#2451 = CARTESIAN_POINT ( 'NONE',  ( 8.550840296494985893, -120.0000000000000000, -37.00000000000000000 ) ) ;
#2452 = EDGE_LOOP ( 'NONE', ( #4621, #1268, #3043, #2759 ) ) ;
#2453 = VECTOR ( 'NONE', #709, 1000.000000000000000 ) ;
#2454 = CARTESIAN_POINT ( 'NONE',  ( 17.00000000000000000, -100.2699999999999960, -12.62499999999999645 ) ) ;
#2455 = FACE_OUTER_BOUND ( 'NONE', #2556, .T. ) ;
#2456 = ORIENTED_EDGE ( 'NONE', *, *, #3804, .F. ) ;
#2457 = FACE_OUTER_BOUND ( 'NONE', #1853, .T. ) ;
#2458 = AXIS2_PLACEMENT_3D ( 'NONE', #2285, #2766, #3507 ) ;
#2459 = VECTOR ( 'NONE', #2298, 1000.000000000000000 ) ;
#2460 = EDGE_CURVE ( 'NONE', #3203, #722, #2281, .T. ) ;
#2461 = VERTEX_POINT ( 'NONE', #2498 ) ;
#2462 = CARTESIAN_POINT ( 'NONE',  ( 11.49999999999999645, -28.99999999999999645, -30.00000000000000000 ) ) ;
#2463 = EDGE_LOOP ( 'NONE', ( #4280, #1679 ) ) ;
#2464 = DIRECTION ( 'NONE',  ( 0.000000000000000000, 1.000000000000000000, 0.000000000000000000 ) ) ;
#2465 = EDGE_CURVE ( 'NONE', #3384, #2612, #4104, .T. ) ;
#2466 = ORIENTED_EDGE ( 'NONE', *, *, #4587, .T. ) ;
#2467 = LINE ( 'NONE', #1666, #5121 ) ;
#2468 = ORIENTED_EDGE ( 'NONE', *, *, #3005, .T. ) ;
#2469 = DIRECTION ( 'NONE',  ( 1.000000000000000000, -0.000000000000000000, -0.000000000000000000 ) ) ;
#2470 = ORIENTED_EDGE ( 'NONE', *, *, #3536, .F. ) ;
#2471 = CARTESIAN_POINT ( 'NONE',  ( -18.64999999999999858, -30.99999999999995737, -39.99999999999999289 ) ) ;
#2472 = LINE ( 'NONE', #3300, #3698 ) ;
#2473 = FACE_OUTER_BOUND ( 'NONE', #2553, .T. ) ;
#2474 = AXIS2_PLACEMENT_3D ( 'NONE', #1881, #1517, #2304 ) ;
#2475 = FACE_OUTER_BOUND ( 'NONE', #1594, .T. ) ;
#2476 = VERTEX_POINT ( 'NONE', #3344 ) ;
#2477 = CARTESIAN_POINT ( 'NONE',  ( 10.48855206734722323, 10.49017908004249833, -50.00000000000000000 ) ) ;
#2478 = ORIENTED_EDGE ( 'NONE', *, *, #3012, .F. ) ;
#2479 = CARTESIAN_POINT ( 'NONE',  ( 11.63855206734794834, 10.49017908004249833, -50.00000000000000000 ) ) ;
#2480 = AXIS2_PLACEMENT_3D ( 'NONE', #1054, #3850, #1501 ) ;
#2481 = VERTEX_POINT ( 'NONE', #4934 ) ;
#2482 = CARTESIAN_POINT ( 'NONE',  ( 20.00000000000004974, -54.99999999999999289, 47.22374841615668828 ) ) ;
#2483 = CARTESIAN_POINT ( 'NONE',  ( 18.80000000000003979, 0.000000000000000000, 0.000000000000000000 ) ) ;
#2484 = ORIENTED_EDGE ( 'NONE', *, *, #1201, .T. ) ;
#2485 = ADVANCED_FACE ( 'NONE', ( #1775 ), #3156, .F. ) ;
#2486 = PLANE ( 'NONE',  #2656 ) ;
#2487 = VECTOR ( 'NONE', #3331, 1000.000000000000000 ) ;
#2488 = EDGE_CURVE ( 'NONE', #191, #3476, #1527, .T. ) ;
#2489 = AXIS2_PLACEMENT_3D ( 'NONE', #2047, #1282, #1650 ) ;
#2490 = EDGE_LOOP ( 'NONE', ( #451, #3228 ) ) ;
#2491 = CARTESIAN_POINT ( 'NONE',  ( 15.23201039154588621, 10.77028141149406260, 30.00000000000000000 ) ) ;
#2492 = ORIENTED_EDGE ( 'NONE', *, *, #4955, .T. ) ;
#2493 = LINE ( 'NONE', #3733, #1662 ) ;
#2494 = VECTOR ( 'NONE', #4657, 1000.000000000000000 ) ;
#2495 = ADVANCED_FACE ( 'NONE', ( #2598 ), #274, .F. ) ;
#2496 = ORIENTED_EDGE ( 'NONE', *, *, #2374, .T. ) ;
#2497 = VECTOR ( 'NONE', #3144, 1000.000000000000114 ) ;
#2498 = CARTESIAN_POINT ( 'NONE',  ( 17.00000000000003908, -46.69999999999996021, 8.849999999999981881 ) ) ;
#2499 = CARTESIAN_POINT ( 'NONE',  ( 17.00000000000000000, -97.00000000000000000, -27.00000000000000000 ) ) ;
#2500 = CARTESIAN_POINT ( 'NONE',  ( -11.50000000000000355, -28.99999999999999645, -26.99999999999999645 ) ) ;
#2501 = VECTOR ( 'NONE', #3865, 1000.000000000000000 ) ;
#2502 = VERTEX_POINT ( 'NONE', #1377 ) ;
#2503 = VERTEX_POINT ( 'NONE', #538 ) ;
#2504 = EDGE_CURVE ( 'NONE', #1266, #4729, #1902, .T. ) ;
#2505 = LINE ( 'NONE', #520, #3466 ) ;
#2506 = ORIENTED_EDGE ( 'NONE', *, *, #3664, .F. ) ;
#2507 = DIRECTION ( 'NONE',  ( -0.000000000000000000, -0.000000000000000000, -1.000000000000000000 ) ) ;
#2508 = CIRCLE ( 'NONE', #5016, 1.250000000002546852 ) ;
#2509 = ORIENTED_EDGE ( 'NONE', *, *, #206, .F. ) ;
#2510 = FACE_BOUND ( 'NONE', #3624, .T. ) ;
#2511 = LINE ( 'NONE', #2931, #4664 ) ;
#2512 = ORIENTED_EDGE ( 'NONE', *, *, #3421, .F. ) ;
#2513 = EDGE_CURVE ( 'NONE', #1295, #3999, #4967, .T. ) ;
#2514 = DIRECTION ( 'NONE',  ( -0.000000000000000000, 1.045014142154684459E-15, 1.000000000000000000 ) ) ;
#2515 = VECTOR ( 'NONE', #1592, 1000.000000000000000 ) ;
#2516 = EDGE_LOOP ( 'NONE', ( #604, #4528, #3936, #2670 ) ) ;
#2517 = VECTOR ( 'NONE', #770, 1000.000000000000000 ) ;
#2518 = CARTESIAN_POINT ( 'NONE',  ( -18.65000000000000568, -10.99999999999995737, -30.00000000000000000 ) ) ;
#2519 = ORIENTED_EDGE ( 'NONE', *, *, #1134, .T. ) ;
#2520 = LINE ( 'NONE', #2043, #3194 ) ;
#2521 = ADVANCED_FACE ( 'NONE', ( #3102 ), #4204, .F. ) ;
#2522 = ORIENTED_EDGE ( 'NONE', *, *, #4538, .T. ) ;
#2523 = DIRECTION ( 'NONE',  ( 1.000000000000000000, -0.000000000000000000, -0.000000000000000000 ) ) ;
#2524 = DIRECTION ( 'NONE',  ( 0.000000000000000000, 0.000000000000000000, 1.000000000000000000 ) ) ;
#2525 = VECTOR ( 'NONE', #228, 1000.000000000000000 ) ;
#2526 = FACE_BOUND ( 'NONE', #1158, .T. ) ;
#2527 = ORIENTED_EDGE ( 'NONE', *, *, #1017, .T. ) ;
#2528 = EDGE_LOOP ( 'NONE', ( #4378, #4948, #1720, #4757 ) ) ;
#2529 = DIRECTION ( 'NONE',  ( -0.000000000000000000, 0.000000000000000000, 1.000000000000000000 ) ) ;
#2530 = ORIENTED_EDGE ( 'NONE', *, *, #3473, .F. ) ;
#2531 = CARTESIAN_POINT ( 'NONE',  ( 10.48855206734722323, 10.49017908004249833, 27.00000000000001066 ) ) ;
#2532 = FACE_BOUND ( 'NONE', #779, .T. ) ;
#2533 = EDGE_CURVE ( 'NONE', #873, #12, #985, .T. ) ;
#2534 = AXIS2_PLACEMENT_3D ( 'NONE', #362, #1966, #3586 ) ;
#2535 = EDGE_LOOP ( 'NONE', ( #3940, #2229, #725, #4374 ) ) ;
#2536 = CARTESIAN_POINT ( 'NONE',  ( 18.80000000000003979, -105.3000000000000256, 8.850000000000004974 ) ) ;
#2537 = CARTESIAN_POINT ( 'NONE',  ( 9.338552067346498120, 10.49017908004249833, -27.00000000000000000 ) ) ;
#2538 = EDGE_LOOP ( 'NONE', ( #4300, #3697 ) ) ;
#2539 = CARTESIAN_POINT ( 'NONE',  ( 20.00000000000000000, -100.2699999999999960, -2.774999999999996358 ) ) ;
#2540 = CIRCLE ( 'NONE', #1856, 2.149999999999999023 ) ;
#2541 = ADVANCED_FACE ( 'NONE', ( #4152 ), #4722, .F. ) ;
#2542 = EDGE_LOOP ( 'NONE', ( #4346, #2361, #1340, #2272 ) ) ;
#2543 = DIRECTION ( 'NONE',  ( 1.000000000000000000, 0.000000000000000000, 0.000000000000000000 ) ) ;
#2544 = ORIENTED_EDGE ( 'NONE', *, *, #3449, .F. ) ;
#2545 = ADVANCED_FACE ( 'NONE', ( #1511 ), #299, .F. ) ;
#2546 = CARTESIAN_POINT ( 'NONE',  ( -0.6598209199549457393, -0.4885520673472142361, -27.00000000000000000 ) ) ;
#2547 = ORIENTED_EDGE ( 'NONE', *, *, #1382, .F. ) ;
#2548 = FACE_BOUND ( 'NONE', #144, .T. ) ;
#2549 = CARTESIAN_POINT ( 'NONE',  ( -17.73201039154588798, 9.229718588505949839, 27.00000000000001066 ) ) ;
#2550 = EDGE_CURVE ( 'NONE', #1895, #2694, #1748, .T. ) ;
#2551 = CARTESIAN_POINT ( 'NONE',  ( 17.73201039154735170, 10.77028141149406260, -27.00000000000000000 ) ) ;
#2552 = EDGE_CURVE ( 'NONE', #4392, #629, #4327, .T. ) ;
#2553 = EDGE_LOOP ( 'NONE', ( #4097, #3540, #5013, #4404 ) ) ;
#2554 = EDGE_LOOP ( 'NONE', ( #3303, #1927 ) ) ;
#2555 = CYLINDRICAL_SURFACE ( 'NONE', #3552, 1.150000000000725109 ) ;
#2556 = EDGE_LOOP ( 'NONE', ( #447, #3526, #1426, #2381 ) ) ;
#2557 = FACE_OUTER_BOUND ( 'NONE', #2057, .T. ) ;
#2558 = FACE_BOUND ( 'NONE', #943, .T. ) ;
#2559 = ORIENTED_EDGE ( 'NONE', *, *, #3056, .F. ) ;
#2560 = DIRECTION ( 'NONE',  ( -0.000000000000000000, -0.000000000000000000, 1.000000000000000000 ) ) ;
#2561 = LINE ( 'NONE', #903, #379 ) ;
#2562 = ORIENTED_EDGE ( 'NONE', *, *, #2761, .F. ) ;
#2563 = DIRECTION ( 'NONE',  ( 0.000000000000000000, 0.000000000000000000, -1.000000000000000000 ) ) ;
#2564 = EDGE_CURVE ( 'NONE', #1438, #574, #181, .T. ) ;
#2565 = EDGE_LOOP ( 'NONE', ( #4575, #354, #2131, #2751 ) ) ;
#2567 = CARTESIAN_POINT ( 'NONE',  ( 17.00000000000003908, -105.3000000000000540, -10.85000000000000142 ) ) ;
#2566 = AXIS2_PLACEMENT_3D ( 'NONE', #4996, #2690, #4217 ) ;
#2568 = ORIENTED_EDGE ( 'NONE', *, *, #1316, .T. ) ;
#2569 = CARTESIAN_POINT ( 'NONE',  ( -7.999999999999958256, -46.49999999999998579, -6.650000000000001243 ) ) ;
#2570 = VECTOR ( 'NONE', #1801, 1000.000000000000000 ) ;
#2571 = ADVANCED_FACE ( 'NONE', ( #1929 ), #3784, .F. ) ;
#2572 = VERTEX_POINT ( 'NONE', #5079 ) ;
#2573 = VECTOR ( 'NONE', #3124, 1000.000000000000000 ) ;
#2574 = CARTESIAN_POINT ( 'NONE',  ( 1.640179080039923853, -0.4885520673472143471, -50.00000000000000000 ) ) ;
#2575 = DIRECTION ( 'NONE',  ( 1.000000000000000000, 0.000000000000000000, 0.000000000000000000 ) ) ;
#2576 = EDGE_CURVE ( 'NONE', #952, #645, #2698, .T. ) ;
#2577 = FACE_OUTER_BOUND ( 'NONE', #4883, .T. ) ;
#2578 = VECTOR ( 'NONE', #4041, 1000.000000000000000 ) ;
#2579 = ORIENTED_EDGE ( 'NONE', *, *, #4158, .F. ) ;
#2580 = CYLINDRICAL_SURFACE ( 'NONE', #2109, 1.650000000000000355 ) ;
#2581 = PLANE ( 'NONE',  #4219 ) ;
#2582 = VECTOR ( 'NONE', #3069, 1000.000000000000000 ) ;
#2583 = LINE ( 'NONE', #946, #1313 ) ;
#2584 = CARTESIAN_POINT ( 'NONE',  ( -10.99999999999995737, -43.49999999999999289, -27.00000000000001421 ) ) ;
#2585 = ORIENTED_EDGE ( 'NONE', *, *, #180, .F. ) ;
#2586 = DIRECTION ( 'NONE',  ( -0.000000000000000000, 0.000000000000000000, 1.000000000000000000 ) ) ;
#2587 = LINE ( 'NONE', #603, #622 ) ;
#2588 = ORIENTED_EDGE ( 'NONE', *, *, #2622, .F. ) ;
#2589 = CARTESIAN_POINT ( 'NONE',  ( 9.000000000000017764, 30.00000000000000711, 30.00000000000000000 ) ) ;
#2590 =( NAMED_UNIT ( * ) SI_UNIT ( $, .STERADIAN. ) SOLID_ANGLE_UNIT ( ) );
#2591 = ORIENTED_EDGE ( 'NONE', *, *, #1903, .F. ) ;
#2592 = LINE ( 'NONE', #487, #2645 ) ;
#2593 = VERTEX_POINT ( 'NONE', #2724 ) ;
#2594 = CIRCLE ( 'NONE', #3853, 2.149999999999997247 ) ;
#2595 = CARTESIAN_POINT ( 'NONE',  ( 9.000000000000017764, 30.00000000000000711, 30.00000000000000000 ) ) ;
#2596 = VECTOR ( 'NONE', #2299, 1000.000000000000000 ) ;
#2597 = ORIENTED_EDGE ( 'NONE', *, *, #773, .F. ) ;
#2598 = FACE_OUTER_BOUND ( 'NONE', #5045, .T. ) ;
#2599 = DIRECTION ( 'NONE',  ( 1.000000000000000000, 0.000000000000000000, 0.000000000000000000 ) ) ;
#2600 = CIRCLE ( 'NONE', #3778, 1.150000000000725109 ) ;
#2601 = DIRECTION ( 'NONE',  ( 1.000000000000000000, 0.000000000000000000, -0.000000000000000000 ) ) ;
#2602 = ORIENTED_EDGE ( 'NONE', *, *, #1134, .F. ) ;
#2603 = CARTESIAN_POINT ( 'NONE',  ( 3.000000000000039080, -54.99999999999999289, -27.00000000000000000 ) ) ;
#2604 = CARTESIAN_POINT ( 'NONE',  ( 0.7702814114940549350, -6.482010391546610961, -27.00000000000000000 ) ) ;
#2605 = CARTESIAN_POINT ( 'NONE',  ( 17.00000000000003908, -105.2999999999999829, -1.000000000000002220 ) ) ;
#2606 = DIRECTION ( 'NONE',  ( 0.7071067811865482389, -0.7071067811865469066, 0.000000000000000000 ) ) ;
#2607 = EDGE_CURVE ( 'NONE', #341, #2813, #3909, .T. ) ;
#2608 = AXIS2_PLACEMENT_3D ( 'NONE', #2064, #1595, #5193 ) ;
#2609 = ORIENTED_EDGE ( 'NONE', *, *, #2162, .F. ) ;
#2610 = DIRECTION ( 'NONE',  ( 1.000000000000000000, 0.000000000000000000, 0.000000000000000000 ) ) ;
#2611 = FACE_OUTER_BOUND ( 'NONE', #44, .T. ) ;
#2612 = VERTEX_POINT ( 'NONE', #2327 ) ;
#2613 = PLANE ( 'NONE',  #3836 ) ;
#2614 = EDGE_CURVE ( 'NONE', #3451, #3338, #5138, .T. ) ;
#2615 = EDGE_CURVE ( 'NONE', #3084, #232, #2783, .T. ) ;
#2616 = CARTESIAN_POINT ( 'NONE',  ( 0.000000000000000000, -28.99999999999999645, 30.00000000000000000 ) ) ;
#2617 = EDGE_LOOP ( 'NONE', ( #1560, #3192, #5004, #4703 ) ) ;
#2618 = DIRECTION ( 'NONE',  ( 0.000000000000000000, -1.000000000000000000, 3.553048083325977965E-15 ) ) ;
#2619 = ORIENTED_EDGE ( 'NONE', *, *, #4316, .F. ) ;
#2620 = VECTOR ( 'NONE', #2792, 1000.000000000000000 ) ;
#2621 = DIRECTION ( 'NONE',  ( 0.000000000000000000, 0.000000000000000000, 1.000000000000000000 ) ) ;
#2622 = EDGE_CURVE ( 'NONE', #2265, #2282, #3683, .T. ) ;
#2623 = AXIS2_PLACEMENT_3D ( 'NONE', #4706, #1103, #3588 ) ;
#2624 = VERTEX_POINT ( 'NONE', #1984 ) ;
#2625 = FACE_OUTER_BOUND ( 'NONE', #239, .T. ) ;
#2626 = CARTESIAN_POINT ( 'NONE',  ( -18.64999999999999858, -40.99999999999996447, -27.00000000000000000 ) ) ;
#2627 = DIRECTION ( 'NONE',  ( -1.000000000000000000, 0.000000000000000000, 0.000000000000000000 ) ) ;
#2628 = EDGE_LOOP ( 'NONE', ( #1179, #56 ) ) ;
#2629 = CARTESIAN_POINT ( 'NONE',  ( -20.00000000000000000, 30.00000000000000711, 30.00000000000000000 ) ) ;
#2630 = ORIENTED_EDGE ( 'NONE', *, *, #999, .F. ) ;
#2631 = CARTESIAN_POINT ( 'NONE',  ( 18.80000000000003979, -105.2999999999999829, -1.000000000000002220 ) ) ;
#2632 = EDGE_CURVE ( 'NONE', #896, #792, #406, .T. ) ;
#2633 = FACE_BOUND ( 'NONE', #4736, .T. ) ;
#2634 = EDGE_LOOP ( 'NONE', ( #5167, #2562, #4027, #224 ) ) ;
#2635 = DIRECTION ( 'NONE',  ( 1.000000000000000000, 0.000000000000000000, 0.000000000000000000 ) ) ;
#2636 = DIRECTION ( 'NONE',  ( -1.000000000000000000, 0.000000000000000000, 0.000000000000000000 ) ) ;
#2637 = VERTEX_POINT ( 'NONE', #2754 ) ;
#2638 = DIRECTION ( 'NONE',  ( -1.000000000000000000, -0.000000000000000000, -0.000000000000000000 ) ) ;
#2639 = DIRECTION ( 'NONE',  ( -0.000000000000000000, 1.000000000000000000, 2.717036769602215961E-15 ) ) ;
#2640 = VERTEX_POINT ( 'NONE', #1591 ) ;
#2641 = ADVANCED_FACE ( 'NONE', ( #4826 ), #4876, .F. ) ;
#2642 = FACE_BOUND ( 'NONE', #216, .T. ) ;
#2643 = ORIENTED_EDGE ( 'NONE', *, *, #386, .T. ) ;
#2644 = DIRECTION ( 'NONE',  ( 1.000000000000000000, 0.000000000000000000, 0.000000000000000000 ) ) ;
#2645 = VECTOR ( 'NONE', #2938, 1000.000000000000000 ) ;
#2646 = UNCERTAINTY_MEASURE_WITH_UNIT (LENGTH_MEASURE( 1.000000000000000082E-05 ), #7, 'distance_accuracy_value', 'NONE');
#2647 = VECTOR ( 'NONE', #4767, 1000.000000000000000 ) ;
#2648 = VERTEX_POINT ( 'NONE', #5161 ) ;
#2649 = LINE ( 'NONE', #4254, #3036 ) ;
#2650 = ORIENTED_EDGE ( 'NONE', *, *, #1339, .T. ) ;
#2651 = CARTESIAN_POINT ( 'NONE',  ( 18.80000000000003979, -105.3000000000000540, -10.85000000000000142 ) ) ;
#2652 = CARTESIAN_POINT ( 'NONE',  ( -18.65000000000000568, -10.99999999999995737, -40.00000000000000711 ) ) ;
#2653 = AXIS2_PLACEMENT_3D ( 'NONE', #4259, #3029, #257 ) ;
#2654 = AXIS2_PLACEMENT_3D ( 'NONE', #5135, #2752, #1982 ) ;
#2655 = ORIENTED_EDGE ( 'NONE', *, *, #4352, .T. ) ;
#2656 = AXIS2_PLACEMENT_3D ( 'NONE', #505, #1710, #1273 ) ;
#2657 = EDGE_CURVE ( 'NONE', #965, #3022, #754, .T. ) ;
#2658 = CARTESIAN_POINT ( 'NONE',  ( -11.50000000000000533, -19.00000000000000355, 35.00000000000000000 ) ) ;
#2659 = CARTESIAN_POINT ( 'NONE',  ( 17.00000000000003908, -54.99999999999999289, 8.850000000000003197 ) ) ;
#2660 = FACE_OUTER_BOUND ( 'NONE', #4911, .T. ) ;
#2661 = DIRECTION ( 'NONE',  ( 0.000000000000000000, 0.000000000000000000, -1.000000000000000000 ) ) ;
#2662 = VECTOR ( 'NONE', #4845, 1000.000000000000000 ) ;
#2663 = ORIENTED_EDGE ( 'NONE', *, *, #2183, .F. ) ;
#2664 = FACE_BOUND ( 'NONE', #3465, .T. ) ;
#2665 = AXIS2_PLACEMENT_3D ( 'NONE', #4031, #1602, #4733 ) ;
#2666 = PLANE ( 'NONE',  #4832 ) ;
#2667 = ORIENTED_EDGE ( 'NONE', *, *, #361, .T. ) ;
#2668 = LINE ( 'NONE', #689, #3597 ) ;
#2669 = DIRECTION ( 'NONE',  ( 1.000000000000000000, 0.000000000000000000, 0.000000000000000000 ) ) ;
#2670 = ORIENTED_EDGE ( 'NONE', *, *, #686, .F. ) ;
#2671 = DIRECTION ( 'NONE',  ( -1.000000000000000000, -0.000000000000000000, -0.000000000000000000 ) ) ;
#2672 = VERTEX_POINT ( 'NONE', #2011 ) ;
#2673 = LINE ( 'NONE', #4176, #4602 ) ;
#2674 = ORIENTED_EDGE ( 'NONE', *, *, #1681, .F. ) ;
#2675 = CIRCLE ( 'NONE', #1999, 1.149999999997434852 ) ;
#2676 = LINE ( 'NONE', #3888, #3868 ) ;
#2677 = EDGE_LOOP ( 'NONE', ( #4389, #2691, #429, #2957 ) ) ;
#2678 = DIRECTION ( 'NONE',  ( 0.000000000000000000, 0.000000000000000000, 1.000000000000000000 ) ) ;
#2679 = CARTESIAN_POINT ( 'NONE',  ( -17.00000000000000000, -40.99999999999996447, -39.99999999999999289 ) ) ;
#2680 = AXIS2_PLACEMENT_3D ( 'NONE', #420, #1996, #3200 ) ;
#2681 = VECTOR ( 'NONE', #2071, 1000.000000000000000 ) ;
#2682 = ORIENTED_EDGE ( 'NONE', *, *, #4075, .T. ) ;
#2683 = UNCERTAINTY_MEASURE_WITH_UNIT (LENGTH_MEASURE( 1.000000000000000082E-05 ), #2163, 'distance_accuracy_value', 'NONE');
#2684 = DIRECTION ( 'NONE',  ( 0.7071067811865477948, 0.7071067811865473507, -0.000000000000000000 ) ) ;
#2685 = ORIENTED_EDGE ( 'NONE', *, *, #586, .F. ) ;
#2686 = LINE ( 'NONE', #286, #1571 ) ;
#2687 = CARTESIAN_POINT ( 'NONE',  ( -16.48201039154661984, 9.229718588505949839, -30.00000000000000000 ) ) ;
#2688 = VERTEX_POINT ( 'NONE', #3602 ) ;
#2689 = FACE_OUTER_BOUND ( 'NONE', #1747, .T. ) ;
#2690 = DIRECTION ( 'NONE',  ( 0.000000000000000000, 0.000000000000000000, 1.000000000000000000 ) ) ;
#2691 = ORIENTED_EDGE ( 'NONE', *, *, #1668, .F. ) ;
#2692 = CARTESIAN_POINT ( 'NONE',  ( 15.23201039154588621, 10.77028141149406260, -30.00000000000000000 ) ) ;
#2693 = DIRECTION ( 'NONE',  ( -0.7071067811865493491, -0.7071067811865457964, -0.000000000000000000 ) ) ;
#2694 = VERTEX_POINT ( 'NONE', #1223 ) ;
#2695 = CARTESIAN_POINT ( 'NONE',  ( -10.48855206734722323, 9.509820919957515883, -50.00000000000000000 ) ) ;
#2696 = EDGE_LOOP ( 'NONE', ( #5002, #2343 ) ) ;
#2697 = ADVANCED_FACE ( 'NONE', ( #2038 ), #5187, .F. ) ;
#2698 = LINE ( 'NONE', #3130, #3140 ) ;
#2699 = CARTESIAN_POINT ( 'NONE',  ( 0.4901790800424890016, -0.4885520673472143471, 30.00000000000000000 ) ) ;
#2700 = ORIENTED_EDGE ( 'NONE', *, *, #4444, .T. ) ;
#2701 = VECTOR ( 'NONE', #1939, 1000.000000000000000 ) ;
#2702 = LINE ( 'NONE', #698, #4540 ) ;
#2703 = VERTEX_POINT ( 'NONE', #4046 ) ;
#2704 = CARTESIAN_POINT ( 'NONE',  ( 0.4901790800424890016, -0.4885520673472143471, -30.00000000000000000 ) ) ;
#2705 = AXIS2_PLACEMENT_3D ( 'NONE', #3273, #2524, #3638 ) ;
#2706 = CARTESIAN_POINT ( 'NONE',  ( -16.48201039154661984, 9.229718588505949839, -27.00000000000000000 ) ) ;
#2707 = VECTOR ( 'NONE', #103, 1000.000000000000114 ) ;
#2708 = ORIENTED_EDGE ( 'NONE', *, *, #3435, .F. ) ;
#2709 = CARTESIAN_POINT ( 'NONE',  ( -18.65000000000000568, -0.9999999999999572564, -40.00000000000000711 ) ) ;
#2710 = CARTESIAN_POINT ( 'NONE',  ( 13.00000000000000178, -115.9999999999999858, -27.00000000000000000 ) ) ;
#2711 = CARTESIAN_POINT ( 'NONE',  ( 17.00000000000004974, -54.99999999999999289, -27.00000000000000000 ) ) ;
#2712 = CARTESIAN_POINT ( 'NONE',  ( 20.00000000000000000, -29.99999999999999289, 30.00000000000000000 ) ) ;
#2713 = EDGE_CURVE ( 'NONE', #1667, #2142, #3212, .T. ) ;
#2714 = ORIENTED_EDGE ( 'NONE', *, *, #2141, .T. ) ;
#2715 = CARTESIAN_POINT ( 'NONE',  ( 13.99999999999999645, -21.50000000000000000, -26.99999999999999645 ) ) ;
#2716 = DIRECTION ( 'NONE',  ( -0.000000000000000000, 1.000000000000000000, -1.045014142154684459E-15 ) ) ;
#2717 = ORIENTED_EDGE ( 'NONE', *, *, #214, .F. ) ;
#2718 = DIRECTION ( 'NONE',  ( 0.000000000000000000, 0.000000000000000000, -1.000000000000000000 ) ) ;
#2719 = ADVANCED_FACE ( 'NONE', ( #4774 ), #1640, .F. ) ;
#2720 = CARTESIAN_POINT ( 'NONE',  ( 17.00000000000000000, -120.0000000000000000, 19.00000000000001776 ) ) ;
#2721 = VERTEX_POINT ( 'NONE', #352 ) ;
#2722 = CARTESIAN_POINT ( 'NONE',  ( 10.48855206734722323, 10.49017908004249833, -30.00000000000000000 ) ) ;
#2723 = VERTEX_POINT ( 'NONE', #4018 ) ;
#2724 = CARTESIAN_POINT ( 'NONE',  ( 4.000000000000000000, 10.00000000000000533, -27.00000000000000000 ) ) ;
#2725 = DIRECTION ( 'NONE',  ( 0.000000000000000000, 0.000000000000000000, 1.000000000000000000 ) ) ;
#2726 = EDGE_CURVE ( 'NONE', #3887, #4276, #4585, .T. ) ;
#2727 = EDGE_CURVE ( 'NONE', #3367, #1706, #2749, .T. ) ;
#2728 = ORIENTED_EDGE ( 'NONE', *, *, #1116, .T. ) ;
#2729 = CYLINDRICAL_SURFACE ( 'NONE', #2608, 1.149999999997434852 ) ;
#2730 = VERTEX_POINT ( 'NONE', #3572 ) ;
#2731 = DIRECTION ( 'NONE',  ( 0.000000000000000000, 0.000000000000000000, -1.000000000000000000 ) ) ;
#2732 = AXIS2_PLACEMENT_3D ( 'NONE', #119, #934, #508 ) ;
#2733 = DIRECTION ( 'NONE',  ( 1.000000000000000000, 0.000000000000000000, 0.000000000000000000 ) ) ;
#2734 = AXIS2_PLACEMENT_3D ( 'NONE', #4348, #1191, #8 ) ;
#2735 = ADVANCED_FACE ( 'NONE', ( #780 ), #855, .F. ) ;
#2736 = EDGE_LOOP ( 'NONE', ( #3915, #5048, #945, #3092, #2248, #2372, #3243, #2949 ) ) ;
#2737 = EDGE_CURVE ( 'NONE', #3963, #3684, #2318, .T. ) ;
#2738 = CARTESIAN_POINT ( 'NONE',  ( -15.35000000000000497, -10.99999999999995737, -40.00000000000000711 ) ) ;
#2739 = AXIS2_PLACEMENT_3D ( 'NONE', #3725, #3383, #2159 ) ;
#2740 = LINE ( 'NONE', #392, #4884 ) ;
#2741 = DIRECTION ( 'NONE',  ( 0.000000000000000000, 0.000000000000000000, -1.000000000000000000 ) ) ;
#2742 = FACE_OUTER_BOUND ( 'NONE', #4671, .T. ) ;
#2743 = VECTOR ( 'NONE', #5195, 1000.000000000000000 ) ;
#2744 = ORIENTED_EDGE ( 'NONE', *, *, #1612, .T. ) ;
#2745 = CARTESIAN_POINT ( 'NONE',  ( 0.7702814114940549350, -6.482010391546610961, 30.00000000000000000 ) ) ;
#2746 = CARTESIAN_POINT ( 'NONE',  ( 17.00000000000000000, -120.0000000000000000, -27.00000000000000000 ) ) ;
#2747 = EDGE_LOOP ( 'NONE', ( #3818, #1391 ) ) ;
#2748 = LINE ( 'NONE', #1218, #2578 ) ;
#2749 = CIRCLE ( 'NONE', #3181, 2.150000000000002576 ) ;
#2750 = AXIS2_PLACEMENT_3D ( 'NONE', #4290, #212, #2286 ) ;
#2751 = ORIENTED_EDGE ( 'NONE', *, *, #3250, .F. ) ;
#2752 = DIRECTION ( 'NONE',  ( -0.000000000000000000, 0.000000000000000000, 1.000000000000000000 ) ) ;
#2753 = ORIENTED_EDGE ( 'NONE', *, *, #2447, .F. ) ;
#2754 = CARTESIAN_POINT ( 'NONE',  ( 17.00000000000003908, -97.00000000000000000, 1.000000000000019318 ) ) ;
#2755 = DIRECTION ( 'NONE',  ( -1.000000000000000000, 0.000000000000000000, 0.000000000000000000 ) ) ;
#2756 = CIRCLE ( 'NONE', #480, 2.150000000000004352 ) ;
#2757 = VERTEX_POINT ( 'NONE', #1250 ) ;
#2758 = DIRECTION ( 'NONE',  ( 1.000000000000000000, -0.000000000000000000, -0.000000000000000000 ) ) ;
#2759 = ORIENTED_EDGE ( 'NONE', *, *, #346, .T. ) ;
#2760 = CYLINDRICAL_SURFACE ( 'NONE', #1877, 1.250000000000733191 ) ;
#2761 = EDGE_CURVE ( 'NONE', #2113, #2476, #4668, .T. ) ;
#2762 = LINE ( 'NONE', #4391, #1718 ) ;
#2763 = CIRCLE ( 'NONE', #2080, 4.000000000000000000 ) ;
#2764 = ORIENTED_EDGE ( 'NONE', *, *, #2504, .T. ) ;
#2765 = CARTESIAN_POINT ( 'NONE',  ( 9.338552067346498120, 10.49017908004249833, -50.00000000000000000 ) ) ;
#2766 = DIRECTION ( 'NONE',  ( 1.000000000000000000, -0.000000000000000000, -0.000000000000000000 ) ) ;
#2767 = EDGE_CURVE ( 'NONE', #3084, #3161, #4070, .T. ) ;
#2768 = AXIS2_PLACEMENT_3D ( 'NONE', #3226, #1549, #4814 ) ;
#2769 = DIRECTION ( 'NONE',  ( -1.000000000000000000, 0.000000000000000000, 0.000000000000000000 ) ) ;
#2770 = CARTESIAN_POINT ( 'NONE',  ( -15.35000000000000497, -10.99999999999995737, -40.00000000000000711 ) ) ;
#2771 = EDGE_CURVE ( 'NONE', #849, #1753, #65, .T. ) ;
#2772 = VECTOR ( 'NONE', #2881, 1000.000000000000000 ) ;
#2773 = EDGE_LOOP ( 'NONE', ( #3350, #4067 ) ) ;
#2774 = CARTESIAN_POINT ( 'NONE',  ( 0.000000000000000000, 10.00000000000000533, -49.99999999999998579 ) ) ;
#2775 = CARTESIAN_POINT ( 'NONE',  ( -17.73201039154588798, 9.229718588505949839, -50.00000000000000000 ) ) ;
#2776 = EDGE_LOOP ( 'NONE', ( #2016, #664, #1368, #3070 ) ) ;
#2777 = ADVANCED_FACE ( 'NONE', ( #195 ), #2486, .T. ) ;
#2778 = LINE ( 'NONE', #2828, #5086 ) ;
#2779 = PRODUCT_DEFINITION_FORMATION_WITH_SPECIFIED_SOURCE ( 'ไป', '', #3482, .NOT_KNOWN. ) ;
#2780 = ORIENTED_EDGE ( 'NONE', *, *, #978, .F. ) ;
#2781 = DIRECTION ( 'NONE',  ( -0.000000000000000000, 0.000000000000000000, 1.000000000000000000 ) ) ;
#2782 = ORIENTED_EDGE ( 'NONE', *, *, #4538, .F. ) ;
#2783 = LINE ( 'NONE', #375, #4006 ) ;
#2784 = DIRECTION ( 'NONE',  ( 1.000000000000000000, 0.000000000000000000, 0.000000000000000000 ) ) ;
#2785 = EDGE_CURVE ( 'NONE', #2801, #4111, #1365, .T. ) ;
#2786 = ORIENTED_EDGE ( 'NONE', *, *, #3037, .T. ) ;
#2787 = CYLINDRICAL_SURFACE ( 'NONE', #5071, 1.650000000000000355 ) ;
#2788 = ORIENTED_EDGE ( 'NONE', *, *, #4482, .T. ) ;
#2789 = CARTESIAN_POINT ( 'NONE',  ( 20.00000000000000000, -100.2699999999999960, -16.92500000000000426 ) ) ;
#2790 = EDGE_CURVE ( 'NONE', #2998, #4729, #3386, .T. ) ;
#2791 = ORIENTED_EDGE ( 'NONE', *, *, #2246, .T. ) ;
#2792 = DIRECTION ( 'NONE',  ( 0.000000000000000000, 0.000000000000000000, 1.000000000000000000 ) ) ;
#2793 = DIRECTION ( 'NONE',  ( 1.000000000000000000, -0.000000000000000000, -0.000000000000000000 ) ) ;
#2794 = PLANE ( 'NONE',  #1470 ) ;
#2795 = VECTOR ( 'NONE', #3612, 1000.000000000000000 ) ;
#2796 = PLANE ( 'NONE',  #914 ) ;
#2797 = CIRCLE ( 'NONE', #435, 1.250000000002546852 ) ;
#2798 = VERTEX_POINT ( 'NONE', #2108 ) ;
#2799 = DIRECTION ( 'NONE',  ( 1.000000000000000000, -0.000000000000000000, -0.000000000000000000 ) ) ;
#2800 = DIRECTION ( 'NONE',  ( 1.000000000000000000, -0.000000000000000000, -0.000000000000000000 ) ) ;
#2801 = VERTEX_POINT ( 'NONE', #4977 ) ;
#2802 = EDGE_CURVE ( 'NONE', #4116, #666, #3361, .T. ) ;
#2803 = DIRECTION ( 'NONE',  ( -0.000000000000000000, -0.000000000000000000, 1.000000000000000000 ) ) ;
#2804 = AXIS2_PLACEMENT_3D ( 'NONE', #3251, #2323, #3693 ) ;
#2805 = ORIENTED_EDGE ( 'NONE', *, *, #4403, .F. ) ;
#2806 = CARTESIAN_POINT ( 'NONE',  ( -18.65000000000000568, -0.9999999999999572564, 26.99999999999999645 ) ) ;
#2807 = ORIENTED_EDGE ( 'NONE', *, *, #1409, .T. ) ;
#2808 = ADVANCED_FACE ( 'NONE', ( #528 ), #117, .F. ) ;
#2809 = DIRECTION ( 'NONE',  ( 0.000000000000000000, 0.000000000000000000, -1.000000000000000000 ) ) ;
#2810 = DIRECTION ( 'NONE',  ( 0.7071067811865461294, 0.7071067811865490160, -0.000000000000000000 ) ) ;
#2811 = ORIENTED_EDGE ( 'NONE', *, *, #588, .T. ) ;
#2812 = CARTESIAN_POINT ( 'NONE',  ( -15.35000000000000497, -0.9999999999999574785, -30.00000000000000000 ) ) ;
#2813 = VERTEX_POINT ( 'NONE', #4120 ) ;
#2814 = PLANE ( 'NONE',  #2908 ) ;
#2815 = ORIENTED_EDGE ( 'NONE', *, *, #2614, .F. ) ;
#2816 = CARTESIAN_POINT ( 'NONE',  ( 10.00000000000000000, -100.2699999999999960, -7.075000000000001066 ) ) ;
#2817 = DIRECTION ( 'NONE',  ( -1.000000000000000000, 0.000000000000000000, 0.000000000000000000 ) ) ;
#2818 = DIRECTION ( 'NONE',  ( 0.000000000000000000, 0.000000000000000000, -1.000000000000000000 ) ) ;
#2819 = CYLINDRICAL_SURFACE ( 'NONE', #2680, 1.650000000000000355 ) ;
#2820 = VECTOR ( 'NONE', #1643, 1000.000000000000000 ) ;
#2821 = EDGE_CURVE ( 'NONE', #222, #873, #728, .T. ) ;
#2822 = DIRECTION ( 'NONE',  ( -0.000000000000000000, 0.7071067811865489050, 0.7071067811865462405 ) ) ;
#2823 = VECTOR ( 'NONE', #1334, 1000.000000000000000 ) ;
#2824 = ORIENTED_EDGE ( 'NONE', *, *, #2207, .F. ) ;
#2825 = CARTESIAN_POINT ( 'NONE',  ( 18.80000000000003979, -54.99999999999999289, 8.850000000000003197 ) ) ;
#2826 = CARTESIAN_POINT ( 'NONE',  ( -17.00000000000000000, -40.99999999999996447, 27.00000000000001066 ) ) ;
#2827 = ORIENTED_EDGE ( 'NONE', *, *, #3229, .T. ) ;
#2828 = CARTESIAN_POINT ( 'NONE',  ( -19.99999999999999645, -19.00000000000000355, -27.00000000000000000 ) ) ;
#2829 = CIRCLE ( 'NONE', #4584, 1.649999999999999467 ) ;
#2830 = ORIENTED_EDGE ( 'NONE', *, *, #2320, .F. ) ;
#2831 = VECTOR ( 'NONE', #2933, 1000.000000000000000 ) ;
#2832 = CARTESIAN_POINT ( 'NONE',  ( -7.999999999999958256, -113.4999999999999858, 5.000000000000000000 ) ) ;
#2833 = VERTEX_POINT ( 'NONE', #2988 ) ;
#2834 = CARTESIAN_POINT ( 'NONE',  ( 20.00000000000000000, -50.84999999999999432, -14.77499999999999858 ) ) ;
#2835 = EDGE_CURVE ( 'NONE', #3760, #109, #1057, .T. ) ;
#2836 = DIRECTION ( 'NONE',  ( -0.000000000000000000, -0.000000000000000000, -1.000000000000000000 ) ) ;
#2837 = AXIS2_PLACEMENT_3D ( 'NONE', #3649, #2400, #427 ) ;
#2838 = EDGE_LOOP ( 'NONE', ( #1766, #351, #4638, #2609 ) ) ;
#2839 = CARTESIAN_POINT ( 'NONE',  ( 0.000000000000000000, -19.00000000000000355, 30.00000000000000000 ) ) ;
#2840 = EDGE_LOOP ( 'NONE', ( #459, #3033, #1325, #2588 ) ) ;
#2841 = DIRECTION ( 'NONE',  ( -1.000000000000000000, 0.000000000000000000, 0.000000000000000000 ) ) ;
#2842 = ORIENTED_EDGE ( 'NONE', *, *, #4464, .T. ) ;
#2843 = DIRECTION ( 'NONE',  ( -1.000000000000000000, 0.000000000000000000, 0.000000000000000000 ) ) ;
#2844 = CARTESIAN_POINT ( 'NONE',  ( 20.00000000000000355, -97.00000000000000000, -27.00000000000000000 ) ) ;
#2845 = FACE_OUTER_BOUND ( 'NONE', #3262, .T. ) ;
#2846 = FACE_OUTER_BOUND ( 'NONE', #532, .T. ) ;
#2847 = VERTEX_POINT ( 'NONE', #3752 ) ;
#2848 = VECTOR ( 'NONE', #2333, 1000.000000000000000 ) ;
#2849 = LINE ( 'NONE', #33, #2517 ) ;
#2850 = DIRECTION ( 'NONE',  ( -1.000000000000000000, 0.000000000000000000, 0.000000000000000000 ) ) ;
#2851 = ORIENTED_EDGE ( 'NONE', *, *, #948, .T. ) ;
#2852 = DIRECTION ( 'NONE',  ( 3.469446951953611231E-16, 1.000000000000000000, 0.000000000000000000 ) ) ;
#2853 = EDGE_CURVE ( 'NONE', #2612, #2148, #1791, .T. ) ;
#2854 = AXIS2_PLACEMENT_3D ( 'NONE', #3898, #4708, #2661 ) ;
#2855 = ORIENTED_EDGE ( 'NONE', *, *, #2607, .F. ) ;
#2856 = DIRECTION ( 'NONE',  ( 0.7071067811865469066, -0.7071067811865482389, 0.000000000000000000 ) ) ;
#2857 = VERTEX_POINT ( 'NONE', #879 ) ;
#2858 = VECTOR ( 'NONE', #3819, 1000.000000000000000 ) ;
#2859 = CARTESIAN_POINT ( 'NONE',  ( 17.00000000000004974, -50.84999999999999432, -14.77499999999999858 ) ) ;
#2860 = VERTEX_POINT ( 'NONE', #2132 ) ;
#2861 = PLANE ( 'NONE',  #3786 ) ;
#2862 = EDGE_LOOP ( 'NONE', ( #2166, #920, #492, #5009 ) ) ;
#2863 = ADVANCED_FACE ( 'NONE', ( #4952 ), #3705, .F. ) ;
#2864 = CARTESIAN_POINT ( 'NONE',  ( 0.4901790800424890016, -0.4885520673472143471, -27.00000000000000000 ) ) ;
#2865 = CIRCLE ( 'NONE', #3627, 2.150000000000004352 ) ;
#2866 = ORIENTED_EDGE ( 'NONE', *, *, #3990, .F. ) ;
#2867 = FACE_BOUND ( 'NONE', #1298, .T. ) ;
#2868 = CARTESIAN_POINT ( 'NONE',  ( 17.00000000000000000, -120.0000000000000000, 19.00000000000001776 ) ) ;
#2869 = DIRECTION ( 'NONE',  ( 1.000000000000000000, 0.000000000000000000, 0.000000000000000000 ) ) ;
#2870 = DIRECTION ( 'NONE',  ( -0.000000000000000000, -0.000000000000000000, 1.000000000000000000 ) ) ;
#2871 = EDGE_LOOP ( 'NONE', ( #1741, #1862 ) ) ;
#2872 = CIRCLE ( 'NONE', #3049, 2.149999999999999023 ) ;
#2873 =( NAMED_UNIT ( * ) SI_UNIT ( $, .STERADIAN. ) SOLID_ANGLE_UNIT ( ) );
#2874 = CARTESIAN_POINT ( 'NONE',  ( -7.999999999999958256, -43.49999999999999289, 5.000000000000000000 ) ) ;
#2875 = ORIENTED_EDGE ( 'NONE', *, *, #4252, .T. ) ;
#2876 = ADVANCED_FACE ( 'NONE', ( #4583 ), #3774, .F. ) ;
#2877 = DIRECTION ( 'NONE',  ( 1.000000000000000000, -0.000000000000000000, -0.000000000000000000 ) ) ;
#2878 = VECTOR ( 'NONE', #4263, 1000.000000000000000 ) ;
#2879 = AXIS2_PLACEMENT_3D ( 'NONE', #4885, #125, #2843 ) ;
#2880 = ORIENTED_EDGE ( 'NONE', *, *, #1717, .T. ) ;
#2881 = DIRECTION ( 'NONE',  ( -0.000000000000000000, -3.469446951953601961E-15, -1.000000000000000000 ) ) ;
#2882 = LINE ( 'NONE', #1319, #2061 ) ;
#2883 = EDGE_LOOP ( 'NONE', ( #3626, #2295, #254, #2369 ) ) ;
#2884 = DIRECTION ( 'NONE',  ( 0.000000000000000000, 1.000000000000000000, 0.000000000000000000 ) ) ;
#2885 = ORIENTED_EDGE ( 'NONE', *, *, #1785, .F. ) ;
#2886 = CARTESIAN_POINT ( 'NONE',  ( 20.00000000000001066, 18.99999999999994671, -26.99999999999999645 ) ) ;
#2887 = ORIENTED_EDGE ( 'NONE', *, *, #4822, .T. ) ;
#2888 = LINE ( 'NONE', #98, #489 ) ;
#2889 = EDGE_CURVE ( 'NONE', #3883, #4745, #4169, .T. ) ;
#2890 = PRESENTATION_LAYER_ASSIGNMENT (  '', '', ( #699 ) ) ;
#2891 = VERTEX_POINT ( 'NONE', #578 ) ;
#2892 = CARTESIAN_POINT ( 'NONE',  ( 17.00000000000004974, -54.99999999999999289, 47.22374841615668828 ) ) ;
#2893 = CARTESIAN_POINT ( 'NONE',  ( -17.00000000000000355, -0.9999999999999574785, -30.00000000000000000 ) ) ;
#2894 = PLANE ( 'NONE',  #2140 ) ;
#2895 = ORIENTED_EDGE ( 'NONE', *, *, #3609, .F. ) ;
#2896 = DIRECTION ( 'NONE',  ( -0.7071067811865492381, -0.7071067811865457964, -0.000000000000000000 ) ) ;
#2897 = ORIENTED_EDGE ( 'NONE', *, *, #3288, .F. ) ;
#2898 = DIRECTION ( 'NONE',  ( 0.000000000000000000, -1.000000000000000000, 0.000000000000000000 ) ) ;
#2899 = AXIS2_PLACEMENT_3D ( 'NONE', #3730, #4981, #1297 ) ;
#2900 = AXIS2_PLACEMENT_3D ( 'NONE', #3458, #3877, #1027 ) ;
#2901 = VERTEX_POINT ( 'NONE', #905 ) ;
#2902 = FACE_BOUND ( 'NONE', #772, .T. ) ;
#2903 = LINE ( 'NONE', #4923, #1798 ) ;
#2904 = ORIENTED_EDGE ( 'NONE', *, *, #158, .F. ) ;
#2905 = CARTESIAN_POINT ( 'NONE',  ( -9.999999999999998224, -117.0000000000000000, 5.000000000000000000 ) ) ;
#2906 = VECTOR ( 'NONE', #4475, 1000.000000000000000 ) ;
#2907 = CIRCLE ( 'NONE', #2654, 1.249999999999267253 ) ;
#2908 = AXIS2_PLACEMENT_3D ( 'NONE', #4310, #1909, #4754 ) ;
#2909 = VERTEX_POINT ( 'NONE', #4539 ) ;
#2910 = CARTESIAN_POINT ( 'NONE',  ( -2.020281411496603674, 26.48201039154662340, 30.00000000000000000 ) ) ;
#2911 = EDGE_LOOP ( 'NONE', ( #3798, #3644, #3232, #5021, #885, #2807, #3729, #2602, #1217, #2650 ) ) ;
#2912 = CYLINDRICAL_SURFACE ( 'NONE', #2249, 1.149999999997434852 ) ;
#2913 = AXIS2_PLACEMENT_3D ( 'NONE', #1869, #3460, #1446 ) ;
#2914 = ORIENTED_EDGE ( 'NONE', *, *, #2460, .T. ) ;
#2915 = VECTOR ( 'NONE', #2507, 1000.000000000000000 ) ;
#2916 = VECTOR ( 'NONE', #3905, 1000.000000000000000 ) ;
#2917 = DIRECTION ( 'NONE',  ( 0.000000000000000000, 0.000000000000000000, -1.000000000000000000 ) ) ;
#2918 = LINE ( 'NONE', #1262, #4606 ) ;
#2919 = DIRECTION ( 'NONE',  ( -1.000000000000000000, 0.000000000000000000, 0.000000000000000000 ) ) ;
#2920 = EDGE_LOOP ( 'NONE', ( #4397, #3484, #521, #991 ) ) ;
#2921 = ORIENTED_EDGE ( 'NONE', *, *, #2771, .F. ) ;
#2922 = EDGE_CURVE ( 'NONE', #1136, #666, #301, .T. ) ;
#2923 = LINE ( 'NONE', #897, #4964 ) ;
#2924 = VERTEX_POINT ( 'NONE', #2539 ) ;
#2925 = DIRECTION ( 'NONE',  ( 0.000000000000000000, 0.000000000000000000, -1.000000000000000000 ) ) ;
#2926 = CARTESIAN_POINT ( 'NONE',  ( 17.00000000000003908, -46.69999999999996021, -10.84999999999994813 ) ) ;
#2927 = CIRCLE ( 'NONE', #2334, 1.149999999999274936 ) ;
#2928 = ORIENTED_EDGE ( 'NONE', *, *, #3264, .T. ) ;
#2929 = EDGE_CURVE ( 'NONE', #2396, #3053, #953, .T. ) ;
#2930 = FACE_BOUND ( 'NONE', #809, .T. ) ;
#2931 = CARTESIAN_POINT ( 'NONE',  ( 18.80000000000003979, -105.3000000000000540, -10.85000000000000142 ) ) ;
#2932 = ORIENTED_EDGE ( 'NONE', *, *, #334, .T. ) ;
#2933 = DIRECTION ( 'NONE',  ( -1.000000000000000000, -0.000000000000000000, -0.000000000000000000 ) ) ;
#2934 = AXIS2_PLACEMENT_3D ( 'NONE', #300, #1904, #4723 ) ;
#2935 = ORIENTED_EDGE ( 'NONE', *, *, #11, .F. ) ;
#2936 = AXIS2_PLACEMENT_3D ( 'NONE', #5046, #289, #3011 ) ;
#2937 = EDGE_CURVE ( 'NONE', #3451, #971, #555, .T. ) ;
#2938 = DIRECTION ( 'NONE',  ( 1.000000000000000000, -0.000000000000000000, -0.000000000000000000 ) ) ;
#2939 = EDGE_LOOP ( 'NONE', ( #2717, #960, #462, #3328 ) ) ;
#2940 = EDGE_CURVE ( 'NONE', #4794, #4292, #2188, .T. ) ;
#2941 = DIRECTION ( 'NONE',  ( 0.000000000000000000, 0.000000000000000000, -1.000000000000000000 ) ) ;
#2942 = ORIENTED_EDGE ( 'NONE', *, *, #2414, .T. ) ;
#2943 = CARTESIAN_POINT ( 'NONE',  ( 0.000000000000000000, 0.000000000000000000, -30.00000000000000000 ) ) ;
#2944 = DIRECTION ( 'NONE',  ( 0.000000000000000000, 0.000000000000000000, -1.000000000000000000 ) ) ;
#2945 = VECTOR ( 'NONE', #5166, 999.9999999999998863 ) ;
#2946 = DIRECTION ( 'NONE',  ( 0.000000000000000000, -1.000000000000000000, 0.000000000000000000 ) ) ;
#2947 = EDGE_CURVE ( 'NONE', #4253, #3053, #2293, .T. ) ;
#2948 = ORIENTED_EDGE ( 'NONE', *, *, #706, .F. ) ;
#2949 = ORIENTED_EDGE ( 'NONE', *, *, #3052, .T. ) ;
#2950 = DIRECTION ( 'NONE',  ( 0.000000000000000000, -2.717036769602215961E-15, 1.000000000000000000 ) ) ;
#2951 = VERTEX_POINT ( 'NONE', #2692 ) ;
#2952 = DIRECTION ( 'NONE',  ( -0.000000000000000000, -0.000000000000000000, 1.000000000000000000 ) ) ;
#2953 = CARTESIAN_POINT ( 'NONE',  ( 17.00000000000000000, -97.00000000000000000, 54.86198126479881410 ) ) ;
#2954 = EDGE_CURVE ( 'NONE', #4446, #37, #3068, .T. ) ;
#2955 = VECTOR ( 'NONE', #2684, 1000.000000000000000 ) ;
#2956 = ADVANCED_FACE ( 'NONE', ( #1921 ), #4241, .F. ) ;
#2957 = ORIENTED_EDGE ( 'NONE', *, *, #4196, .T. ) ;
#2958 = CARTESIAN_POINT ( 'NONE',  ( -10.48855206734722323, 9.509820919957515883, -50.00000000000000000 ) ) ;
#2959 = DIRECTION ( 'NONE',  ( 0.000000000000000000, 0.000000000000000000, -1.000000000000000000 ) ) ;
#2960 = ORIENTED_EDGE ( 'NONE', *, *, #2162, .T. ) ;
#2961 = CARTESIAN_POINT ( 'NONE',  ( 20.00000000000000000, -117.0000000000000000, -5.000000000000000000 ) ) ;
#2962 = VECTOR ( 'NONE', #153, 1000.000000000000000 ) ;
#2963 = ADVANCED_FACE ( 'NONE', ( #1503 ), #2613, .F. ) ;
#2964 = ORIENTED_EDGE ( 'NONE', *, *, #1794, .T. ) ;
#2965 = EDGE_CURVE ( 'NONE', #3841, #4997, #1029, .T. ) ;
#2966 = CARTESIAN_POINT ( 'NONE',  ( -7.999999999999958256, -43.49999999999999289, -5.000000000000000000 ) ) ;
#2967 = ORIENTED_EDGE ( 'NONE', *, *, #1371, .T. ) ;
#2968 = LINE ( 'NONE', #2595, #5188 ) ;
#2969 = EDGE_LOOP ( 'NONE', ( #3259, #3381, #1901, #2014 ) ) ;
#2970 = CARTESIAN_POINT ( 'NONE',  ( 16.48201039154661984, 10.77028141149406260, -50.00000000000000000 ) ) ;
#2971 = CARTESIAN_POINT ( 'NONE',  ( -17.00000000000000000, -40.99999999999996447, -30.00000000000000000 ) ) ;
#2972 = CARTESIAN_POINT ( 'NONE',  ( -18.64999999999999858, -30.99999999999995737, -30.00000000000000000 ) ) ;
#2973 = EDGE_CURVE ( 'NONE', #139, #2270, #3879, .T. ) ;
#2974 = VERTEX_POINT ( 'NONE', #1396 ) ;
#2975 = ORIENTED_EDGE ( 'NONE', *, *, #465, .F. ) ;
#2976 = CARTESIAN_POINT ( 'NONE',  ( 17.00000000000004974, -50.84999999999999432, 4.924999999999998934 ) ) ;
#2977 = EDGE_LOOP ( 'NONE', ( #4872, #66, #3433, #1605 ) ) ;
#2978 = LINE ( 'NONE', #2479, #3759 ) ;
#2979 = LINE ( 'NONE', #2584, #4692 ) ;
#2980 = EDGE_CURVE ( 'NONE', #971, #4253, #317, .T. ) ;
#2981 = AXIS2_PLACEMENT_3D ( 'NONE', #4673, #2359, #4309 ) ;
#2982 = EDGE_LOOP ( 'NONE', ( #3323, #1938, #1677, #2509 ) ) ;
#2983 = DIRECTION ( 'NONE',  ( 1.000000000000000000, -0.000000000000000000, -0.000000000000000000 ) ) ;
#2984 = DIRECTION ( 'NONE',  ( -0.000000000000000000, -0.000000000000000000, -1.000000000000000000 ) ) ;
#2985 = ORIENTED_EDGE ( 'NONE', *, *, #1555, .F. ) ;
#2986 = ADVANCED_FACE ( 'NONE', ( #269 ), #4611, .F. ) ;
#2987 = AXIS2_PLACEMENT_3D ( 'NONE', #4223, #2216, #692 ) ;
#2988 = CARTESIAN_POINT ( 'NONE',  ( 20.00000000000000000, -34.99999999999999289, -27.00000000000000000 ) ) ;
#2989 = AXIS2_PLACEMENT_3D ( 'NONE', #241, #3797, #687 ) ;
#2990 = CYLINDRICAL_SURFACE ( 'NONE', #4178, 4.000000000000000000 ) ;
#2991 = ORIENTED_EDGE ( 'NONE', *, *, #4892, .T. ) ;
#2993 = FACE_OUTER_BOUND ( 'NONE', #3993, .T. ) ;
#2992 = VECTOR ( 'NONE', #1001, 1000.000000000000000 ) ;
#2994 = ORIENTED_EDGE ( 'NONE', *, *, #4422, .T. ) ;
#2995 = ADVANCED_FACE ( 'NONE', ( #1842 ), #1003, .F. ) ;
#2996 = LINE ( 'NONE', #1822, #1742 ) ;
#2997 = AXIS2_PLACEMENT_3D ( 'NONE', #1751, #4450, #3373 ) ;
#2998 = VERTEX_POINT ( 'NONE', #605 ) ;
#2999 = EDGE_CURVE ( 'NONE', #4849, #179, #3823, .T. ) ;
#3000 = VECTOR ( 'NONE', #3800, 1000.000000000000000 ) ;
#3001 = CARTESIAN_POINT ( 'NONE',  ( -10.48855206734722323, 9.509820919957515883, 27.00000000000001066 ) ) ;
#3002 = CARTESIAN_POINT ( 'NONE',  ( 20.00000000000004263, -34.99999999999999289, 27.00000000000000355 ) ) ;
#3003 = CARTESIAN_POINT ( 'NONE',  ( 0.000000000000000000, -120.0000000000000000, 19.00000000000001776 ) ) ;
#3004 = AXIS2_PLACEMENT_3D ( 'NONE', #4264, #3897, #3508 ) ;
#3005 = EDGE_CURVE ( 'NONE', #1229, #2413, #3260, .T. ) ;
#3006 = CARTESIAN_POINT ( 'NONE',  ( 16.48201039154661984, 10.77028141149406260, 30.00000000000000000 ) ) ;
#3007 = LINE ( 'NONE', #1415, #4390 ) ;
#3008 = CARTESIAN_POINT ( 'NONE',  ( -1.640179080045057747, 20.48855206734722501, -30.00000000000000000 ) ) ;
#3009 = DIRECTION ( 'NONE',  ( -1.000000000000000000, 0.000000000000000000, 0.000000000000000000 ) ) ;
#3010 = ORIENTED_EDGE ( 'NONE', *, *, #3119, .F. ) ;
#3011 = DIRECTION ( 'NONE',  ( 0.000000000000000000, 3.469446951953601961E-15, 1.000000000000000000 ) ) ;
#3012 = EDGE_CURVE ( 'NONE', #1491, #4416, #4758, .T. ) ;
#3013 = CARTESIAN_POINT ( 'NONE',  ( 17.00000000000000000, -100.2699999999999960, -7.075000000000001066 ) ) ;
#3014 = ORIENTED_EDGE ( 'NONE', *, *, #282, .F. ) ;
#3015 = DIRECTION ( 'NONE',  ( 1.000000000000000000, 0.000000000000000000, 0.000000000000000000 ) ) ;
#3016 = AXIS2_PLACEMENT_3D ( 'NONE', #4959, #1349, #2621 ) ;
#3017 = ADVANCED_FACE ( 'NONE', ( #2239 ), #3852, .F. ) ;
#3018 = DIRECTION ( 'NONE',  ( -0.000000000000000000, -0.000000000000000000, 1.000000000000000000 ) ) ;
#3019 = ORIENTED_EDGE ( 'NONE', *, *, #4443, .F. ) ;
#3020 = EDGE_CURVE ( 'NONE', #3930, #584, #3485, .T. ) ;
#3021 = CARTESIAN_POINT ( 'NONE',  ( 8.550840296494985893, -120.0000000000000000, -30.00000000000000000 ) ) ;
#3022 = VERTEX_POINT ( 'NONE', #1056 ) ;
#3023 = CIRCLE ( 'NONE', #3198, 1.249999999999269029 ) ;
#3024 = DIRECTION ( 'NONE',  ( 0.000000000000000000, 1.000000000000000000, -3.469446951953670987E-15 ) ) ;
#3025 = AXIS2_PLACEMENT_3D ( 'NONE', #5099, #3065, #2314 ) ;
#3026 = ORIENTED_EDGE ( 'NONE', *, *, #4020, .T. ) ;
#3027 = CARTESIAN_POINT ( 'NONE',  ( 18.80000000000003979, -97.00000000000000000, -0.9999999999999781286 ) ) ;
#3028 = VECTOR ( 'NONE', #1581, 1000.000000000000000 ) ;
#3029 = DIRECTION ( 'NONE',  ( -0.000000000000000000, -0.000000000000000000, 1.000000000000000000 ) ) ;
#3030 = EDGE_CURVE ( 'NONE', #2461, #90, #2668, .T. ) ;
#3031 = ORIENTED_EDGE ( 'NONE', *, *, #91, .T. ) ;
#3032 = CARTESIAN_POINT ( 'NONE',  ( 17.00000000000003908, -54.99999999999999289, 10.84999999999996767 ) ) ;
#3033 = ORIENTED_EDGE ( 'NONE', *, *, #3807, .T. ) ;
#3034 = DIRECTION ( 'NONE',  ( -1.000000000000000000, 3.469446951953611231E-16, 0.000000000000000000 ) ) ;
#3035 = DIRECTION ( 'NONE',  ( 1.000000000000000000, 0.000000000000000000, 0.000000000000000000 ) ) ;
#3036 = VECTOR ( 'NONE', #1067, 1000.000000000000000 ) ;
#3037 = EDGE_CURVE ( 'NONE', #3890, #5181, #4257, .T. ) ;
#3038 = EDGE_CURVE ( 'NONE', #5108, #3195, #2748, .T. ) ;
#3039 = ORIENTED_EDGE ( 'NONE', *, *, #1887, .F. ) ;
#3040 = EDGE_CURVE ( 'NONE', #4144, #3681, #1897, .T. ) ;
#3041 = CARTESIAN_POINT ( 'NONE',  ( -10.48855206734722323, 9.509820919957515883, -50.00000000000000000 ) ) ;
#3042 = CARTESIAN_POINT ( 'NONE',  ( 18.80000000000003979, -97.00000000000000000, -8.850000000000003197 ) ) ;
#3043 = ORIENTED_EDGE ( 'NONE', *, *, #4243, .T. ) ;
#3044 = CARTESIAN_POINT ( 'NONE',  ( -17.00000000000000355, -0.9999999999999574785, 26.99999999999999645 ) ) ;
#3045 = CARTESIAN_POINT ( 'NONE',  ( 18.80000000000003979, -105.3000000000000256, 10.84999999999999609 ) ) ;
#3046 = ORIENTED_EDGE ( 'NONE', *, *, #3079, .F. ) ;
#3047 = LINE ( 'NONE', #3882, #3746 ) ;
#3048 = VERTEX_POINT ( 'NONE', #452 ) ;
#3049 = AXIS2_PLACEMENT_3D ( 'NONE', #2976, #2177, #4232 ) ;
#3050 = DIRECTION ( 'NONE',  ( 0.000000000000000000, 0.000000000000000000, 1.000000000000000000 ) ) ;
#3051 = CIRCLE ( 'NONE', #2195, 1.150000000002567413 ) ;
#3052 = EDGE_CURVE ( 'NONE', #878, #3841, #2778, .T. ) ;
#3053 = VERTEX_POINT ( 'NONE', #1558 ) ;
#3054 = CARTESIAN_POINT ( 'NONE',  ( 4.000000000000000000, 10.00000000000000533, 26.99999999999999645 ) ) ;
#3055 = DIRECTION ( 'NONE',  ( 0.000000000000000000, 0.000000000000000000, -1.000000000000000000 ) ) ;
#3056 = EDGE_CURVE ( 'NONE', #5157, #3893, #774, .T. ) ;
#3057 = CARTESIAN_POINT ( 'NONE',  ( -7.999999999999958256, -46.49999999999998579, 6.650000000000000355 ) ) ;
#3058 = ORIENTED_EDGE ( 'NONE', *, *, #880, .T. ) ;
#3059 = DIRECTION ( 'NONE',  ( 1.000000000000000000, 0.000000000000000000, 0.000000000000000000 ) ) ;
#3060 = DIRECTION ( 'NONE',  ( 1.000000000000000000, -0.000000000000000000, -0.000000000000000000 ) ) ;
#3061 = CARTESIAN_POINT ( 'NONE',  ( -14.00000000000000355, -26.50000000000000355, 35.00000000000000000 ) ) ;
#3062 = LINE ( 'NONE', #4291, #569 ) ;
#3063 = EDGE_CURVE ( 'NONE', #1395, #1796, #3541, .T. ) ;
#3064 = VERTEX_POINT ( 'NONE', #3984 ) ;
#3065 = DIRECTION ( 'NONE',  ( 0.000000000000000000, 0.000000000000000000, -1.000000000000000000 ) ) ;
#3066 = DIRECTION ( 'NONE',  ( 1.000000000000000000, 0.000000000000000000, 0.000000000000000000 ) ) ;
#3067 = ORIENTED_EDGE ( 'NONE', *, *, #1612, .F. ) ;
#3068 = LINE ( 'NONE', #2213, #549 ) ;
#3069 = DIRECTION ( 'NONE',  ( 0.000000000000000000, 0.000000000000000000, 1.000000000000000000 ) ) ;
#3070 = ORIENTED_EDGE ( 'NONE', *, *, #318, .F. ) ;
#3071 = DIRECTION ( 'NONE',  ( -0.000000000000000000, -0.000000000000000000, 1.000000000000000000 ) ) ;
#3072 = ORIENTED_EDGE ( 'NONE', *, *, #2129, .T. ) ;
#3073 = CARTESIAN_POINT ( 'NONE',  ( 17.00000000000000000, -117.0000000000000000, 3.350000000000000533 ) ) ;
#3074 = CIRCLE ( 'NONE', #1551, 2.150000000000002132 ) ;
#3075 = AXIS2_PLACEMENT_3D ( 'NONE', #2236, #1867, #218 ) ;
#3076 = ORIENTED_EDGE ( 'NONE', *, *, #1705, .T. ) ;
#3077 = CARTESIAN_POINT ( 'NONE',  ( -18.65000000000000568, -0.9999999999999572564, -30.00000000000000000 ) ) ;
#3078 = EDGE_LOOP ( 'NONE', ( #4765, #2425 ) ) ;
#3079 = EDGE_CURVE ( 'NONE', #5108, #5024, #1478, .T. ) ;
#3080 = DIRECTION ( 'NONE',  ( 0.000000000000000000, 0.000000000000000000, 1.000000000000000000 ) ) ;
#3081 = DIRECTION ( 'NONE',  ( -0.000000000000000000, -0.000000000000000000, 1.000000000000000000 ) ) ;
#3082 = AXIS2_PLACEMENT_3D ( 'NONE', #1071, #2360, #4024 ) ;
#3083 = EDGE_CURVE ( 'NONE', #1430, #4286, #1990, .T. ) ;
#3084 = VERTEX_POINT ( 'NONE', #3959 ) ;
#3085 = AXIS2_PLACEMENT_3D ( 'NONE', #4357, #432, #2809 ) ;
#3086 = CYLINDRICAL_SURFACE ( 'NONE', #4387, 1.650000000000000355 ) ;
#3087 = CARTESIAN_POINT ( 'NONE',  ( 18.80000000000003979, -46.69999999999996021, 8.849999999999981881 ) ) ;
#3088 = LINE ( 'NONE', #5042, #1393 ) ;
#3089 = FACE_BOUND ( 'NONE', #4954, .T. ) ;
#3090 = AXIS2_PLACEMENT_3D ( 'NONE', #371, #36, #4429 ) ;
#3091 = EDGE_CURVE ( 'NONE', #2901, #1892, #5177, .T. ) ;
#3092 = ORIENTED_EDGE ( 'NONE', *, *, #1545, .T. ) ;
#3093 = DIRECTION ( 'NONE',  ( 1.000000000000000000, 0.000000000000000000, 0.000000000000000000 ) ) ;
#3094 = VECTOR ( 'NONE', #5149, 1000.000000000000000 ) ;
#3095 = DIRECTION ( 'NONE',  ( -0.000000000000000000, -0.000000000000000000, -1.000000000000000000 ) ) ;
#3096 = EDGE_LOOP ( 'NONE', ( #4295, #2077, #2212, #786 ) ) ;
#3097 = DIRECTION ( 'NONE',  ( 1.284980352575412453E-16, 0.000000000000000000, 1.000000000000000000 ) ) ;
#3098 = CARTESIAN_POINT ( 'NONE',  ( 17.00000000000003908, -105.3000000000000256, 8.850000000000004974 ) ) ;
#3099 = VERTEX_POINT ( 'NONE', #5183 ) ;
#3100 = FACE_BOUND ( 'NONE', #4146, .T. ) ;
#3101 = ORIENTED_EDGE ( 'NONE', *, *, #2107, .T. ) ;
#3102 = FACE_OUTER_BOUND ( 'NONE', #1072, .T. ) ;
#3103 = DIRECTION ( 'NONE',  ( -0.000000000000000000, -0.000000000000000000, 1.000000000000000000 ) ) ;
#3104 = EDGE_CURVE ( 'NONE', #1295, #4889, #748, .T. ) ;
#3105 = ORIENTED_EDGE ( 'NONE', *, *, #4492, .F. ) ;
#3106 = AXIS2_PLACEMENT_3D ( 'NONE', #2379, #275, #4359 ) ;
#3107 = CARTESIAN_POINT ( 'NONE',  ( -17.00000000000000000, -40.99999999999996447, -39.99999999999999289 ) ) ;
#3108 = ORIENTED_EDGE ( 'NONE', *, *, #1610, .F. ) ;
#3109 = EDGE_CURVE ( 'NONE', #4269, #4616, #1584, .T. ) ;
#3110 = CYLINDRICAL_SURFACE ( 'NONE', #4076, 1.250000000002546852 ) ;
#3111 = CARTESIAN_POINT ( 'NONE',  ( -17.00000000000000355, -0.9999999999999574785, 30.00000000000000000 ) ) ;
#3112 = AXIS2_PLACEMENT_3D ( 'NONE', #3352, #1618, #2153 ) ;
#3113 = ORIENTED_EDGE ( 'NONE', *, *, #4213, .T. ) ;
#3114 = CIRCLE ( 'NONE', #3202, 1.150000000002567413 ) ;
#3115 = FACE_OUTER_BOUND ( 'NONE', #5070, .T. ) ;
#3116 = DIRECTION ( 'NONE',  ( -0.000000000000000000, -0.000000000000000000, 1.000000000000000000 ) ) ;
#3117 = CARTESIAN_POINT ( 'NONE',  ( 17.00000000000000000, -100.2699999999999960, -2.774999999999996358 ) ) ;
#3118 = FACE_BOUND ( 'NONE', #4891, .T. ) ;
#3119 = EDGE_CURVE ( 'NONE', #1361, #4613, #345, .T. ) ;
#3120 = ORIENTED_EDGE ( 'NONE', *, *, #4114, .T. ) ;
#3121 = DIRECTION ( 'NONE',  ( -0.000000000000000000, -0.000000000000000000, 1.000000000000000000 ) ) ;
#3122 = CARTESIAN_POINT ( 'NONE',  ( 10.00000000000000000, -50.84999999999999432, -4.924999999999998934 ) ) ;
#3123 = VERTEX_POINT ( 'NONE', #4740 ) ;
#3124 = DIRECTION ( 'NONE',  ( -0.000000000000000000, -0.000000000000000000, 1.000000000000000000 ) ) ;
#3125 = AXIS2_PLACEMENT_3D ( 'NONE', #2451, #4865, #4670 ) ;
#3126 = CARTESIAN_POINT ( 'NONE',  ( -0.4901790800424903338, 20.48855206734722501, -50.00000000000000000 ) ) ;
#3127 = VERTEX_POINT ( 'NONE', #3568 ) ;
#3128 = CARTESIAN_POINT ( 'NONE',  ( 0.5508402964949227210, -56.61321960076969617, -30.00000000000000000 ) ) ;
#3129 = EDGE_LOOP ( 'NONE', ( #2914, #1197, #4819, #2160 ) ) ;
#3130 = CARTESIAN_POINT ( 'NONE',  ( 18.80000000000003979, -105.3000000000000256, -8.850000000000008527 ) ) ;
#3131 = CARTESIAN_POINT ( 'NONE',  ( 20.00000000000000000, -100.2699999999999960, 4.924999999999998934 ) ) ;
#3132 = EDGE_CURVE ( 'NONE', #2857, #1536, #4379, .T. ) ;
#3133 = ORIENTED_EDGE ( 'NONE', *, *, #930, .F. ) ;
#3134 = CIRCLE ( 'NONE', #5044, 1.250000000000733191 ) ;
#3135 = CARTESIAN_POINT ( 'NONE',  ( 17.00000000000004619, -34.99999999999999289, 47.22374841615668828 ) ) ;
#3136 = VERTEX_POINT ( 'NONE', #1193 ) ;
#3137 = LINE ( 'NONE', #5144, #394 ) ;
#3138 = CIRCLE ( 'NONE', #349, 1.649999999999998579 ) ;
#3139 = DIRECTION ( 'NONE',  ( -1.000000000000000000, -0.000000000000000000, -0.000000000000000000 ) ) ;
#3140 = VECTOR ( 'NONE', #694, 1000.000000000000000 ) ;
#3141 = ORIENTED_EDGE ( 'NONE', *, *, #3732, .F. ) ;
#3142 = DIRECTION ( 'NONE',  ( 0.000000000000000000, 0.000000000000000000, 1.000000000000000000 ) ) ;
#3143 = CARTESIAN_POINT ( 'NONE',  ( -20.24999999999998934, -20.25000000000002842, 30.00000000000000000 ) ) ;
#3144 = DIRECTION ( 'NONE',  ( 0.7071067811865457964, -0.7071067811865492381, -0.000000000000000000 ) ) ;
#3145 = CARTESIAN_POINT ( 'NONE',  ( 17.00000000000000000, -117.0000000000000000, 5.000000000000000000 ) ) ;
#3146 = ORIENTED_EDGE ( 'NONE', *, *, #2954, .F. ) ;
#3147 = CARTESIAN_POINT ( 'NONE',  ( -15.35000000000000142, -40.99999999999996447, -30.00000000000000000 ) ) ;
#3148 = CARTESIAN_POINT ( 'NONE',  ( 0.5508402964949227210, -56.61321960076969617, -37.00000000000000000 ) ) ;
#3149 = ORIENTED_EDGE ( 'NONE', *, *, #1693, .T. ) ;
#3150 = CARTESIAN_POINT ( 'NONE',  ( -14.00000000000001243, -49.99999999999997868, -27.00000000000000000 ) ) ;
#3151 = EDGE_CURVE ( 'NONE', #2688, #4108, #2235, .T. ) ;
#3152 = EDGE_CURVE ( 'NONE', #139, #4090, #4011, .T. ) ;
#3153 = EDGE_LOOP ( 'NONE', ( #3741, #4042 ) ) ;
#3154 = CARTESIAN_POINT ( 'NONE',  ( 17.00000000000004974, -50.84999999999999432, 4.924999999999998934 ) ) ;
#3155 = EDGE_LOOP ( 'NONE', ( #2306, #152, #1286, #784 ) ) ;
#3156 = CYLINDRICAL_SURFACE ( 'NONE', #3225, 1.250000000000733191 ) ;
#3157 = CARTESIAN_POINT ( 'NONE',  ( -9.999999999999998224, -117.0000000000000000, -3.350000000000000533 ) ) ;
#3158 = EDGE_CURVE ( 'NONE', #666, #1136, #4672, .T. ) ;
#3159 = VERTEX_POINT ( 'NONE', #3622 ) ;
#3160 = DIRECTION ( 'NONE',  ( 1.000000000000000000, 0.000000000000000000, 0.000000000000000000 ) ) ;
#3161 = VERTEX_POINT ( 'NONE', #5155 ) ;
#3162 = CARTESIAN_POINT ( 'NONE',  ( 20.00000000000000000, -50.84999999999999432, -4.924999999999998934 ) ) ;
#3163 = VECTOR ( 'NONE', #1691, 1000.000000000000000 ) ;
#3164 = DIRECTION ( 'NONE',  ( -0.000000000000000000, 1.000000000000000000, -0.000000000000000000 ) ) ;
#3165 = CIRCLE ( 'NONE', #1713, 1.249999999999267253 ) ;
#3166 = EDGE_CURVE ( 'NONE', #1491, #3048, #4457, .T. ) ;
#3167 = ORIENTED_EDGE ( 'NONE', *, *, #4369, .F. ) ;
#3168 = FACE_OUTER_BOUND ( 'NONE', #2911, .T. ) ;
#3169 = VECTOR ( 'NONE', #3680, 1000.000000000000000 ) ;
#3170 = CARTESIAN_POINT ( 'NONE',  ( 17.73201039154735170, 10.77028141149406260, 27.00000000000001066 ) ) ;
#3171 = CARTESIAN_POINT ( 'NONE',  ( -18.64999999999999858, -30.99999999999995737, 27.00000000000001066 ) ) ;
#3172 = FACE_OUTER_BOUND ( 'NONE', #3446, .T. ) ;
#3173 = CIRCLE ( 'NONE', #1049, 1.650000000000000355 ) ;
#3174 = ADVANCED_FACE ( 'NONE', ( #2457 ), #1611, .F. ) ;
#3175 = ORIENTED_EDGE ( 'NONE', *, *, #3234, .T. ) ;
#3176 = DIRECTION ( 'NONE',  ( -0.7071067811865493491, -0.7071067811865457964, -0.000000000000000000 ) ) ;
#3177 = LINE ( 'NONE', #2775, #1045 ) ;
#3178 = VERTEX_POINT ( 'NONE', #4066 ) ;
#3179 = EDGE_CURVE ( 'NONE', #3523, #291, #165, .T. ) ;
#3180 = DIRECTION ( 'NONE',  ( 1.000000000000000000, -0.000000000000000000, -0.000000000000000000 ) ) ;
#3181 = AXIS2_PLACEMENT_3D ( 'NONE', #1957, #2408, #1175 ) ;
#3182 = VECTOR ( 'NONE', #189, 1000.000000000000000 ) ;
#3183 = VERTEX_POINT ( 'NONE', #3282 ) ;
#3184 = DIRECTION ( 'NONE',  ( 1.000000000000000000, 0.000000000000000000, 0.000000000000000000 ) ) ;
#3185 = EDGE_LOOP ( 'NONE', ( #4847, #1818, #2619, #3827 ) ) ;
#3186 = DIRECTION ( 'NONE',  ( 0.000000000000000000, -1.000000000000000000, -2.299031112740338312E-15 ) ) ;
#3187 = LINE ( 'NONE', #3157, #2596 ) ;
#3188 = AXIS2_PLACEMENT_3D ( 'NONE', #590, #3395, #230 ) ;
#3189 = EDGE_CURVE ( 'NONE', #731, #2891, #136, .T. ) ;
#3190 = ORIENTED_EDGE ( 'NONE', *, *, #1663, .F. ) ;
#3191 = DIRECTION ( 'NONE',  ( 1.000000000000000000, 0.000000000000000000, 0.000000000000000000 ) ) ;
#3192 = ORIENTED_EDGE ( 'NONE', *, *, #122, .F. ) ;
#3193 = CARTESIAN_POINT ( 'NONE',  ( 10.00000000000000000, -50.84999999999999432, 7.074999999999997513 ) ) ;
#3194 = VECTOR ( 'NONE', #2066, 1000.000000000000000 ) ;
#3195 = VERTEX_POINT ( 'NONE', #874 ) ;
#3196 = CARTESIAN_POINT ( 'NONE',  ( 17.00000000000000000, -97.00000000000000000, 54.86198126479881410 ) ) ;
#3197 = DIRECTION ( 'NONE',  ( -0.000000000000000000, 0.000000000000000000, 1.000000000000000000 ) ) ;
#3198 = AXIS2_PLACEMENT_3D ( 'NONE', #2687, #3873, #1889 ) ;
#3199 = CARTESIAN_POINT ( 'NONE',  ( 16.48201039154661984, 10.77028141149406260, 27.00000000000001066 ) ) ;
#3200 = DIRECTION ( 'NONE',  ( 1.000000000000000000, 0.000000000000000000, 0.000000000000000000 ) ) ;
#3201 = ADVANCED_FACE ( 'NONE', ( #2102 ), #3699, .F. ) ;
#3202 = AXIS2_PLACEMENT_3D ( 'NONE', #3645, #1165, #3254 ) ;
#3203 = VERTEX_POINT ( 'NONE', #4944 ) ;
#3204 = CARTESIAN_POINT ( 'NONE',  ( 0.4797185885084898627, 26.48201039154662340, -50.00000000000000000 ) ) ;
#3205 = LINE ( 'NONE', #1608, #1135 ) ;
#3206 = EDGE_LOOP ( 'NONE', ( #5127, #2135 ) ) ;
#3207 = CARTESIAN_POINT ( 'NONE',  ( 10.00000000000000000, -50.84999999999999432, -2.774999999999999467 ) ) ;
#3208 = EDGE_CURVE ( 'NONE', #1712, #5034, #2152, .T. ) ;
#3209 = EDGE_LOOP ( 'NONE', ( #3046, #2093 ) ) ;
#3210 = DIRECTION ( 'NONE',  ( 0.7071067811865482389, 0.7071067811865469066, 0.000000000000000000 ) ) ;
#3211 = ORIENTED_EDGE ( 'NONE', *, *, #3516, .F. ) ;
#3212 = LINE ( 'NONE', #2436, #4251 ) ;
#3213 = DIRECTION ( 'NONE',  ( 0.000000000000000000, 1.000000000000000000, 0.000000000000000000 ) ) ;
#3214 = VERTEX_POINT ( 'NONE', #1656 ) ;
#3215 = LINE ( 'NONE', #1149, #2945 ) ;
#3216 = ORIENTED_EDGE ( 'NONE', *, *, #568, .T. ) ;
#3217 = CARTESIAN_POINT ( 'NONE',  ( -0.7702814114940569334, 26.48201039154662340, 30.00000000000000000 ) ) ;
#3218 = EDGE_CURVE ( 'NONE', #3178, #2148, #4576, .T. ) ;
#3219 = CIRCLE ( 'NONE', #3380, 1.650000000000000355 ) ;
#3220 = ORIENTED_EDGE ( 'NONE', *, *, #2922, .F. ) ;
#3221 = ADVANCED_FACE ( 'NONE', ( #1730 ), #1756, .F. ) ;
#3222 = DIRECTION ( 'NONE',  ( 0.000000000000000000, 0.000000000000000000, 1.000000000000000000 ) ) ;
#3223 = CARTESIAN_POINT ( 'NONE',  ( -7.999999999999958256, -43.49999999999999289, -5.000000000000000000 ) ) ;
#3224 = PLANE ( 'NONE',  #2665 ) ;
#3225 = AXIS2_PLACEMENT_3D ( 'NONE', #2970, #1120, #1146 ) ;
#3226 = CARTESIAN_POINT ( 'NONE',  ( -0.4901790800424903338, 20.48855206734722501, -30.00000000000000000 ) ) ;
#3227 = LINE ( 'NONE', #81, #2238 ) ;
#3228 = ORIENTED_EDGE ( 'NONE', *, *, #3874, .F. ) ;
#3229 = EDGE_CURVE ( 'NONE', #3760, #4938, #4893, .T. ) ;
#3230 = DIRECTION ( 'NONE',  ( -1.000000000000000000, -0.000000000000000000, -0.000000000000000000 ) ) ;
#3231 = FACE_OUTER_BOUND ( 'NONE', #3592, .T. ) ;
#3232 = ORIENTED_EDGE ( 'NONE', *, *, #2026, .F. ) ;
#3233 = DIRECTION ( 'NONE',  ( 0.000000000000000000, 6.938893903907085594E-15, -1.000000000000000000 ) ) ;
#3234 = EDGE_CURVE ( 'NONE', #5157, #4021, #4113, .T. ) ;
#3235 = ORIENTED_EDGE ( 'NONE', *, *, #2288, .F. ) ;
#3236 = FACE_OUTER_BOUND ( 'NONE', #1451, .T. ) ;
#3237 = EDGE_LOOP ( 'NONE', ( #1622, #1205, #3706, #3374 ) ) ;
#3238 = DIRECTION ( 'NONE',  ( 0.000000000000000000, 0.000000000000000000, 1.000000000000000000 ) ) ;
#3239 = FACE_BOUND ( 'NONE', #4984, .T. ) ;
#3240 = ORIENTED_EDGE ( 'NONE', *, *, #2129, .F. ) ;
#3241 = EDGE_CURVE ( 'NONE', #4274, #3821, #1359, .T. ) ;
#3242 = CYLINDRICAL_SURFACE ( 'NONE', #2055, 1.150000000000725109 ) ;
#3243 = ORIENTED_EDGE ( 'NONE', *, *, #3653, .T. ) ;
#3244 = DIRECTION ( 'NONE',  ( -1.000000000000000000, -0.000000000000000000, -0.000000000000000000 ) ) ;
#3245 = AXIS2_PLACEMENT_3D ( 'NONE', #4570, #962, #564 ) ;
#3246 = EDGE_LOOP ( 'NONE', ( #3375, #3599, #5054, #1122 ) ) ;
#3247 = LINE ( 'NONE', #2471, #264 ) ;
#3248 = FACE_OUTER_BOUND ( 'NONE', #5075, .T. ) ;
#3249 = DIRECTION ( 'NONE',  ( -0.000000000000000000, 1.000000000000000000, -0.000000000000000000 ) ) ;
#3250 = EDGE_CURVE ( 'NONE', #207, #3913, #2978, .T. ) ;
#3251 = CARTESIAN_POINT ( 'NONE',  ( -17.00000000000000000, -30.99999999999995737, 27.00000000000001066 ) ) ;
#3252 = CIRCLE ( 'NONE', #592, 1.650000000000000355 ) ;
#3253 = ORIENTED_EDGE ( 'NONE', *, *, #3953, .T. ) ;
#3254 = DIRECTION ( 'NONE',  ( -1.000000000000000000, 0.000000000000000000, 0.000000000000000000 ) ) ;
#3255 = DIRECTION ( 'NONE',  ( -0.000000000000000000, 0.000000000000000000, 1.000000000000000000 ) ) ;
#3256 = VERTEX_POINT ( 'NONE', #969 ) ;
#3257 = CARTESIAN_POINT ( 'NONE',  ( -20.00000000000000000, 30.00000000000000711, -30.00000000000000000 ) ) ;
#3258 = EDGE_CURVE ( 'NONE', #177, #2032, #4555, .T. ) ;
#3259 = ORIENTED_EDGE ( 'NONE', *, *, #1017, .F. ) ;
#3260 = CIRCLE ( 'NONE', #1809, 2.150000000000004352 ) ;
#3261 = DIRECTION ( 'NONE',  ( 0.000000000000000000, 1.000000000000000000, 0.000000000000000000 ) ) ;
#3262 = EDGE_LOOP ( 'NONE', ( #4965, #1442, #2049, #1150 ) ) ;
#3263 = DIRECTION ( 'NONE',  ( -0.7071067811865482389, -0.7071067811865469066, 0.000000000000000000 ) ) ;
#3264 = EDGE_CURVE ( 'NONE', #295, #4904, #2583, .T. ) ;
#3265 = AXIS2_PLACEMENT_3D ( 'NONE', #1312, #2925, #4532 ) ;
#3266 = ORIENTED_EDGE ( 'NONE', *, *, #1610, .T. ) ;
#3267 = DIRECTION ( 'NONE',  ( -0.000000000000000000, -0.000000000000000000, 1.000000000000000000 ) ) ;
#3268 = VERTEX_POINT ( 'NONE', #477 ) ;
#3269 = CARTESIAN_POINT ( 'NONE',  ( 0.000000000000000000, -120.0000000000000000, 0.000000000000000000 ) ) ;
#3270 = ORIENTED_EDGE ( 'NONE', *, *, #4605, .F. ) ;
#3271 = EDGE_CURVE ( 'NONE', #1275, #95, #3768, .T. ) ;
#3272 = FACE_BOUND ( 'NONE', #3078, .T. ) ;
#3273 = CARTESIAN_POINT ( 'NONE',  ( -10.48855206734722323, 9.509820919957515883, 30.00000000000000000 ) ) ;
#3274 = LINE ( 'NONE', #1698, #2906 ) ;
#3275 = DIRECTION ( 'NONE',  ( -0.000000000000000000, -1.000000000000000000, 2.090028284309402297E-16 ) ) ;
#3276 = ORIENTED_EDGE ( 'NONE', *, *, #2319, .F. ) ;
#3277 = AXIS2_PLACEMENT_3D ( 'NONE', #3269, #1326, #863 ) ;
#3278 = DIRECTION ( 'NONE',  ( 1.000000000000000000, 1.734723475976807341E-16, -0.000000000000000000 ) ) ;
#3279 = ORIENTED_EDGE ( 'NONE', *, *, #3063, .T. ) ;
#3280 = VECTOR ( 'NONE', #3666, 1000.000000000000114 ) ;
#3281 = EDGE_CURVE ( 'NONE', #177, #3084, #1680, .T. ) ;
#3282 = CARTESIAN_POINT ( 'NONE',  ( 17.00000000000003908, -46.69999999999996021, -8.849999999999981881 ) ) ;
#3283 = ADVANCED_FACE ( 'NONE', ( #1702 ), #4917, .F. ) ;
#3284 = CIRCLE ( 'NONE', #4529, 2.149999999999998135 ) ;
#3285 = VERTEX_POINT ( 'NONE', #923 ) ;
#3286 = FACE_OUTER_BOUND ( 'NONE', #3899, .T. ) ;
#3287 = ORIENTED_EDGE ( 'NONE', *, *, #1390, .T. ) ;
#3288 = EDGE_CURVE ( 'NONE', #207, #258, #4430, .T. ) ;
#3289 = AXIS2_PLACEMENT_3D ( 'NONE', #1421, #4267, #2610 ) ;
#3290 = DIRECTION ( 'NONE',  ( -0.000000000000000000, -1.000000000000000000, -0.000000000000000000 ) ) ;
#3291 = ORIENTED_EDGE ( 'NONE', *, *, #1289, .T. ) ;
#3292 = DIRECTION ( 'NONE',  ( -1.000000000000000000, 0.000000000000000000, 0.000000000000000000 ) ) ;
#3293 = ORIENTED_EDGE ( 'NONE', *, *, #2003, .F. ) ;
#3294 = FACE_OUTER_BOUND ( 'NONE', #1609, .T. ) ;
#3295 = APPLICATION_CONTEXT ( 'automotive_design' ) ;
#3296 = AXIS2_PLACEMENT_3D ( 'NONE', #1097, #303, #4639 ) ;
#3297 = ADVANCED_FACE ( 'NONE', ( #2557 ), #4161, .F. ) ;
#3298 = ORIENTED_EDGE ( 'NONE', *, *, #4557, .F. ) ;
#3299 = CARTESIAN_POINT ( 'NONE',  ( 18.80000000000003979, -105.3000000000000256, 8.850000000000004974 ) ) ;
#3300 = CARTESIAN_POINT ( 'NONE',  ( 18.80000000000003979, -46.69999999999985363, -0.9999999999999861222 ) ) ;
#3301 = CARTESIAN_POINT ( 'NONE',  ( -1.640179080045057747, 20.48855206734722501, -27.00000000000000000 ) ) ;
#3302 = VERTEX_POINT ( 'NONE', #1104 ) ;
#3303 = ORIENTED_EDGE ( 'NONE', *, *, #2101, .F. ) ;
#3304 = AXIS2_PLACEMENT_3D ( 'NONE', #4209, #3870, #4600 ) ;
#3305 = FACE_OUTER_BOUND ( 'NONE', #474, .T. ) ;
#3306 = VERTEX_POINT ( 'NONE', #5095 ) ;
#3307 = DIRECTION ( 'NONE',  ( -0.7071067811865462405, 0.7071067811865489050, -0.000000000000000000 ) ) ;
#3308 = ORIENTED_EDGE ( 'NONE', *, *, #4877, .F. ) ;
#3309 = FACE_BOUND ( 'NONE', #613, .T. ) ;
#3310 = DIRECTION ( 'NONE',  ( 0.000000000000000000, 0.000000000000000000, 1.000000000000000000 ) ) ;
#3311 = ORIENTED_EDGE ( 'NONE', *, *, #24, .F. ) ;
#3312 = CARTESIAN_POINT ( 'NONE',  ( -7.999999999999958256, -113.4999999999999858, 6.650000000000000355 ) ) ;
#3313 = ORIENTED_EDGE ( 'NONE', *, *, #4444, .F. ) ;
#3314 = CARTESIAN_POINT ( 'NONE',  ( 17.00000000000004974, -54.99999999999999289, 47.22374841615668828 ) ) ;
#3315 = EDGE_LOOP ( 'NONE', ( #1664, #276 ) ) ;
#3316 = DIRECTION ( 'NONE',  ( -1.000000000000000000, 3.469446951953611231E-16, 0.000000000000000000 ) ) ;
#3317 = ORIENTED_EDGE ( 'NONE', *, *, #1014, .F. ) ;
#3318 = CARTESIAN_POINT ( 'NONE',  ( -33.30660980038478414, -33.30660980038492625, -30.00000000000000000 ) ) ;
#3319 = DIRECTION ( 'NONE',  ( 0.000000000000000000, 1.000000000000000000, 0.000000000000000000 ) ) ;
#3320 = DIRECTION ( 'NONE',  ( 0.000000000000000000, 0.000000000000000000, -1.000000000000000000 ) ) ;
#3321 = ORIENTED_EDGE ( 'NONE', *, *, #3281, .T. ) ;
#3322 = DIRECTION ( 'NONE',  ( 0.000000000000000000, -1.000000000000000000, 2.377407173401953017E-15 ) ) ;
#3323 = ORIENTED_EDGE ( 'NONE', *, *, #4409, .T. ) ;
#3324 = CARTESIAN_POINT ( 'NONE',  ( 0.000000000000000000, -97.00000000000000000, 30.00000000000000000 ) ) ;
#3325 = CARTESIAN_POINT ( 'NONE',  ( 18.80000000000003979, 0.000000000000000000, 0.000000000000000000 ) ) ;
#3326 = CIRCLE ( 'NONE', #3663, 1.650000000000002132 ) ;
#3327 = AXIS2_PLACEMENT_3D ( 'NONE', #1631, #3594, #717 ) ;
#3328 = ORIENTED_EDGE ( 'NONE', *, *, #4190, .T. ) ;
#3329 = ADVANCED_FACE ( 'NONE', ( #261 ), #995, .F. ) ;
#3330 = DIRECTION ( 'NONE',  ( 1.000000000000000000, 0.000000000000000000, 0.000000000000000000 ) ) ;
#3331 = DIRECTION ( 'NONE',  ( -1.000000000000000000, -0.000000000000000000, -0.000000000000000000 ) ) ;
#3332 = VERTEX_POINT ( 'NONE', #2711 ) ;
#3333 = DIRECTION ( 'NONE',  ( 0.000000000000000000, 0.000000000000000000, -1.000000000000000000 ) ) ;
#3334 = CIRCLE ( 'NONE', #723, 2.150000000000002576 ) ;
#3335 = VECTOR ( 'NONE', #853, 1000.000000000000114 ) ;
#3336 = VERTEX_POINT ( 'NONE', #572 ) ;
#3337 = CARTESIAN_POINT ( 'NONE',  ( 11.63855206734794834, 10.49017908004249833, -27.00000000000000000 ) ) ;
#3338 = VERTEX_POINT ( 'NONE', #236 ) ;
#3339 = EDGE_CURVE ( 'NONE', #4566, #3159, #2686, .T. ) ;
#3340 = DIRECTION ( 'NONE',  ( -1.000000000000000000, 0.000000000000000000, 0.000000000000000000 ) ) ;
#3341 = VECTOR ( 'NONE', #2852, 1000.000000000000000 ) ;
#3342 = VERTEX_POINT ( 'NONE', #1835 ) ;
#3343 = AXIS2_PLACEMENT_3D ( 'NONE', #4762, #3640, #4343 ) ;
#3344 = CARTESIAN_POINT ( 'NONE',  ( 17.00000000000004974, -50.84999999999999432, -12.62500000000000178 ) ) ;
#3345 = LINE ( 'NONE', #4907, #2681 ) ;
#3346 = DIRECTION ( 'NONE',  ( -0.000000000000000000, 0.000000000000000000, 1.000000000000000000 ) ) ;
#3347 = EDGE_CURVE ( 'NONE', #1343, #2998, #4624, .T. ) ;
#3348 = ORIENTED_EDGE ( 'NONE', *, *, #140, .T. ) ;
#3349 = DIRECTION ( 'NONE',  ( 1.000000000000000000, 0.000000000000000000, 0.000000000000000000 ) ) ;
#3350 = ORIENTED_EDGE ( 'NONE', *, *, #5171, .T. ) ;
#3351 = CARTESIAN_POINT ( 'NONE',  ( -18.64999999999999858, -30.99999999999995737, -39.99999999999999289 ) ) ;
#3352 = CARTESIAN_POINT ( 'NONE',  ( -17.00000000000000000, -40.99999999999996447, -27.00000000000000000 ) ) ;
#3353 = EDGE_CURVE ( 'NONE', #4137, #3710, #60, .T. ) ;
#3354 = ADVANCED_FACE ( 'NONE', ( #2660 ), #3454, .F. ) ;
#3355 = VECTOR ( 'NONE', #1372, 1000.000000000000000 ) ;
#3356 = VERTEX_POINT ( 'NONE', #3008 ) ;
#3357 = DIRECTION ( 'NONE',  ( 0.000000000000000000, 1.000000000000000000, -0.000000000000000000 ) ) ;
#3358 = DIRECTION ( 'NONE',  ( 0.000000000000000000, 0.000000000000000000, 1.000000000000000000 ) ) ;
#3359 = ORIENTED_EDGE ( 'NONE', *, *, #3479, .T. ) ;
#3360 = EDGE_CURVE ( 'NONE', #4709, #3364, #1495, .T. ) ;
#3361 = LINE ( 'NONE', #4562, #385 ) ;
#3362 = AXIS2_PLACEMENT_3D ( 'NONE', #5, #2340, #1970 ) ;
#3363 = CIRCLE ( 'NONE', #4112, 1.650000000000000355 ) ;
#3364 = VERTEX_POINT ( 'NONE', #1386 ) ;
#3365 = AXIS2_PLACEMENT_3D ( 'NONE', #1893, #4216, #602 ) ;
#3366 = DIRECTION ( 'NONE',  ( 1.000000000000000000, 0.000000000000000000, 0.000000000000000000 ) ) ;
#3367 = VERTEX_POINT ( 'NONE', #3117 ) ;
#3368 = DIRECTION ( 'NONE',  ( 0.000000000000000000, 3.469446951953670987E-15, 1.000000000000000000 ) ) ;
#3369 = ORIENTED_EDGE ( 'NONE', *, *, #4980, .T. ) ;
#3370 = CARTESIAN_POINT ( 'NONE',  ( -20.00000000000000000, -29.99999999999999289, 30.00000000000000000 ) ) ;
#3371 = PLANE ( 'NONE',  #3245 ) ;
#3372 = VECTOR ( 'NONE', #4083, 1000.000000000000000 ) ;
#3373 = DIRECTION ( 'NONE',  ( 1.000000000000000000, 0.000000000000000000, 0.000000000000000000 ) ) ;
#3374 = ORIENTED_EDGE ( 'NONE', *, *, #3151, .F. ) ;
#3375 = ORIENTED_EDGE ( 'NONE', *, *, #2020, .F. ) ;
#3376 = DIRECTION ( 'NONE',  ( -0.000000000000000000, -0.000000000000000000, 1.000000000000000000 ) ) ;
#3377 = DIRECTION ( 'NONE',  ( -0.000000000000000000, -0.000000000000000000, -1.000000000000000000 ) ) ;
#3378 = CARTESIAN_POINT ( 'NONE',  ( 18.80000000000003979, -46.69999999999996021, 10.84999999999994991 ) ) ;
#3379 = DIRECTION ( 'NONE',  ( 0.000000000000000000, 0.000000000000000000, -1.000000000000000000 ) ) ;
#3380 = AXIS2_PLACEMENT_3D ( 'NONE', #2874, #1754, #4843 ) ;
#3381 = ORIENTED_EDGE ( 'NONE', *, *, #2821, .T. ) ;
#3382 = CARTESIAN_POINT ( 'NONE',  ( -0.7702814114940569334, 26.48201039154662340, 27.00000000000001066 ) ) ;
#3383 = DIRECTION ( 'NONE',  ( -0.000000000000000000, -0.000000000000000000, 1.000000000000000000 ) ) ;
#3384 = VERTEX_POINT ( 'NONE', #599 ) ;
#3385 = VECTOR ( 'NONE', #3060, 1000.000000000000000 ) ;
#3386 = LINE ( 'NONE', #3727, #54 ) ;
#3387 = AXIS2_PLACEMENT_3D ( 'NONE', #3370, #2198, #1352 ) ;
#3388 = CARTESIAN_POINT ( 'NONE',  ( 18.80000000000003979, -46.69999999999996021, -8.849999999999981881 ) ) ;
#3389 = ORIENTED_EDGE ( 'NONE', *, *, #3189, .T. ) ;
#3390 = LINE ( 'NONE', #199, #619 ) ;
#3391 = ORIENTED_EDGE ( 'NONE', *, *, #1844, .T. ) ;
#3392 = DIRECTION ( 'NONE',  ( 1.000000000000000000, -0.000000000000000000, -0.000000000000000000 ) ) ;
#3393 = VERTEX_POINT ( 'NONE', #1782 ) ;
#3394 = DIRECTION ( 'NONE',  ( 0.000000000000000000, 0.000000000000000000, -1.000000000000000000 ) ) ;
#3395 = DIRECTION ( 'NONE',  ( -0.000000000000000000, -0.000000000000000000, 1.000000000000000000 ) ) ;
#3396 = DIRECTION ( 'NONE',  ( 1.000000000000000000, 0.000000000000000000, 0.000000000000000000 ) ) ;
#3397 = CYLINDRICAL_SURFACE ( 'NONE', #856, 2.149999999999998135 ) ;
#3398 = CARTESIAN_POINT ( 'NONE',  ( 18.80000000000003979, -46.69999999999984652, 1.000000000000020872 ) ) ;
#3399 = PLANE ( 'NONE',  #3598 ) ;
#3400 = DIRECTION ( 'NONE',  ( -1.000000000000000000, 0.000000000000000000, 0.000000000000000000 ) ) ;
#3401 = ADVANCED_FACE ( 'NONE', ( #679 ), #3399, .F. ) ;
#3402 = ORIENTED_EDGE ( 'NONE', *, *, #1844, .F. ) ;
#3403 = CARTESIAN_POINT ( 'NONE',  ( 10.48855206734722323, 10.49017908004249833, -27.00000000000000000 ) ) ;
#3404 = CARTESIAN_POINT ( 'NONE',  ( -11.50000000000000533, -19.00000000000000355, 35.00000000000000000 ) ) ;
#3405 = ORIENTED_EDGE ( 'NONE', *, *, #4482, .F. ) ;
#3406 = AXIS2_PLACEMENT_3D ( 'NONE', #884, #909, #4174 ) ;
#3407 = CARTESIAN_POINT ( 'NONE',  ( 20.00000000000000000, -29.99999999999999289, -30.00000000000000000 ) ) ;
#3408 = EDGE_CURVE ( 'NONE', #2951, #4137, #3088, .T. ) ;
#3409 = AXIS2_PLACEMENT_3D ( 'NONE', #1394, #658, #1813 ) ;
#3410 = SURFACE_SIDE_STYLE ('',( #5074 ) ) ;
#3411 = EDGE_LOOP ( 'NONE', ( #2967, #4493, #3558, #1214 ) ) ;
#3413 = FACE_BOUND ( 'NONE', #330, .T. ) ;
#3412 = AXIS2_PLACEMENT_3D ( 'NONE', #3154, #3570, #3261 ) ;
#3414 = VERTEX_POINT ( 'NONE', #4680 ) ;
#3415 = CARTESIAN_POINT ( 'NONE',  ( -11.50000000000000533, -19.00000000000000355, 27.00000000000000355 ) ) ;
#3416 = CIRCLE ( 'NONE', #4089, 1.250000000002546852 ) ;
#3417 = ORIENTED_EDGE ( 'NONE', *, *, #3083, .F. ) ;
#3418 = AXIS2_PLACEMENT_3D ( 'NONE', #2905, #173, #1764 ) ;
#3419 = PLANE ( 'NONE',  #3428 ) ;
#3420 = DIRECTION ( 'NONE',  ( 0.000000000000000000, 0.000000000000000000, 1.000000000000000000 ) ) ;
#3421 = EDGE_CURVE ( 'NONE', #2243, #4266, #3872, .T. ) ;
#3422 = AXIS2_PLACEMENT_3D ( 'NONE', #3061, #3034, #4648 ) ;
#3423 = VECTOR ( 'NONE', #3854, 1000.000000000000000 ) ;
#3424 = ORIENTED_EDGE ( 'NONE', *, *, #4598, .T. ) ;
#3425 = CARTESIAN_POINT ( 'NONE',  ( 17.00000000000004974, -50.84999999999999432, -16.92499999999999716 ) ) ;
#3426 = CARTESIAN_POINT ( 'NONE',  ( 10.00000000000000000, -100.2699999999999960, 7.075000000000001066 ) ) ;
#3427 = DIRECTION ( 'NONE',  ( 0.000000000000000000, 1.000000000000000000, -0.000000000000000000 ) ) ;
#3428 = AXIS2_PLACEMENT_3D ( 'NONE', #2199, #1408, #3810 ) ;
#3429 = FACE_BOUND ( 'NONE', #2418, .T. ) ;
#3430 = EDGE_LOOP ( 'NONE', ( #2842, #416 ) ) ;
#3431 = DIRECTION ( 'NONE',  ( 0.000000000000000000, -1.000000000000000000, -2.299031112740338312E-15 ) ) ;
#3432 = CYLINDRICAL_SURFACE ( 'NONE', #4242, 2.149999999999999023 ) ;
#3433 = ORIENTED_EDGE ( 'NONE', *, *, #682, .T. ) ;
#3434 = CARTESIAN_POINT ( 'NONE',  ( -20.00000000000000000, 19.00000000000002487, 27.00000000000000355 ) ) ;
#3435 = EDGE_CURVE ( 'NONE', #380, #3136, #5007, .T. ) ;
#3436 = VECTOR ( 'NONE', #4667, 1000.000000000000000 ) ;
#3437 = DIRECTION ( 'NONE',  ( -0.000000000000000000, 1.000000000000000000, -0.000000000000000000 ) ) ;
#3438 = ADVANCED_FACE ( 'NONE', ( #1416 ), #1863, .F. ) ;
#3439 = ORIENTED_EDGE ( 'NONE', *, *, #1256, .T. ) ;
#3440 = FACE_BOUND ( 'NONE', #101, .T. ) ;
#3441 = ORIENTED_EDGE ( 'NONE', *, *, #1639, .F. ) ;
#3442 = VECTOR ( 'NONE', #4971, 1000.000000000000000 ) ;
#3443 = LINE ( 'NONE', #5006, #3610 ) ;
#3444 = AXIS2_PLACEMENT_3D ( 'NONE', #1110, #3121, #1811 ) ;
#3445 = EDGE_CURVE ( 'NONE', #1192, #1096, #1807, .T. ) ;
#3446 = EDGE_LOOP ( 'NONE', ( #2164, #5083, #1646, #5098 ) ) ;
#3447 = CARTESIAN_POINT ( 'NONE',  ( 18.80000000000003979, -105.3000000000000256, -8.850000000000008527 ) ) ;
#3448 = CARTESIAN_POINT ( 'NONE',  ( 18.80000000000003979, -97.00000000000000000, -10.84999999999996767 ) ) ;
#3449 = EDGE_CURVE ( 'NONE', #488, #4168, #652, .T. ) ;
#3450 = CYLINDRICAL_SURFACE ( 'NONE', #634, 2.149999999999997247 ) ;
#3451 = VERTEX_POINT ( 'NONE', #5065 ) ;
#3452 = DIRECTION ( 'NONE',  ( 0.000000000000000000, 1.000000000000000000, 6.270084852928196292E-16 ) ) ;
#3453 = CARTESIAN_POINT ( 'NONE',  ( 11.49999999999999645, -19.00000000000000355, 35.00000000000000000 ) ) ;
#3454 = CYLINDRICAL_SURFACE ( 'NONE', #4345, 1.249999999997455813 ) ;
#3455 = FACE_OUTER_BOUND ( 'NONE', #1307, .T. ) ;
#3456 = EDGE_LOOP ( 'NONE', ( #273, #3678, #3424, #2744 ) ) ;
#3457 = LINE ( 'NONE', #3512, #997 ) ;
#3458 = CARTESIAN_POINT ( 'NONE',  ( 0.7702814114940549350, -6.482010391546610961, 27.00000000000001066 ) ) ;
#3459 = ORIENTED_EDGE ( 'NONE', *, *, #4337, .T. ) ;
#3460 = DIRECTION ( 'NONE',  ( -0.000000000000000000, -0.000000000000000000, 1.000000000000000000 ) ) ;
#3461 = DIRECTION ( 'NONE',  ( 0.000000000000000000, -1.000000000000000000, 0.000000000000000000 ) ) ;
#3462 = EDGE_CURVE ( 'NONE', #3053, #1539, #1467, .T. ) ;
#3463 = ORIENTED_EDGE ( 'NONE', *, *, #890, .T. ) ;
#3464 = CARTESIAN_POINT ( 'NONE',  ( 18.80000000000003979, -105.3000000000000256, 10.84999999999999609 ) ) ;
#3465 = EDGE_LOOP ( 'NONE', ( #3782, #501 ) ) ;
#3466 = VECTOR ( 'NONE', #2123, 1000.000000000000000 ) ;
#3467 = DIRECTION ( 'NONE',  ( -1.000000000000000000, 0.000000000000000000, 0.000000000000000000 ) ) ;
#3468 = ORIENTED_EDGE ( 'NONE', *, *, #3250, .T. ) ;
#3469 = DIRECTION ( 'NONE',  ( -0.000000000000000000, -0.000000000000000000, 1.000000000000000000 ) ) ;
#3470 = ORIENTED_EDGE ( 'NONE', *, *, #2790, .T. ) ;
#3471 = DIRECTION ( 'NONE',  ( -1.000000000000000000, 0.000000000000000000, 0.000000000000000000 ) ) ;
#3472 = DIRECTION ( 'NONE',  ( 0.000000000000000000, 0.000000000000000000, -1.000000000000000000 ) ) ;
#3473 = EDGE_CURVE ( 'NONE', #3659, #1335, #3562, .T. ) ;
#3474 = EDGE_LOOP ( 'NONE', ( #1117, #3943 ) ) ;
#3475 = CARTESIAN_POINT ( 'NONE',  ( -17.00000000000000355, -10.99999999999995737, -40.00000000000000711 ) ) ;
#3476 = VERTEX_POINT ( 'NONE', #1941 ) ;
#3477 = CARTESIAN_POINT ( 'NONE',  ( -17.73201039154588798, 9.229718588505949839, -50.00000000000000000 ) ) ;
#3478 = FACE_BOUND ( 'NONE', #3153, .T. ) ;
#3479 = EDGE_CURVE ( 'NONE', #4729, #2637, #3923, .T. ) ;
#3480 = VERTEX_POINT ( 'NONE', #741 ) ;
#3481 = PLANE ( 'NONE',  #2936 ) ;
#3482 = PRODUCT ( 'thigh', 'thigh', '', ( #4867 ) ) ;
#3483 = DIRECTION ( 'NONE',  ( -1.000000000000000000, -0.000000000000000000, -0.000000000000000000 ) ) ;
#3484 = ORIENTED_EDGE ( 'NONE', *, *, #2168, .F. ) ;
#3485 = LINE ( 'NONE', #1475, #2494 ) ;
#3486 = VECTOR ( 'NONE', #1099, 1000.000000000000114 ) ;
#3487 = EDGE_CURVE ( 'NONE', #4286, #1430, #4014, .T. ) ;
#3488 = CARTESIAN_POINT ( 'NONE',  ( -0.4901790800424903338, 20.48855206734722501, 30.00000000000000000 ) ) ;
#3489 = ORIENTED_EDGE ( 'NONE', *, *, #1169, .F. ) ;
#3490 = FACE_OUTER_BOUND ( 'NONE', #3662, .T. ) ;
#3491 = ORIENTED_EDGE ( 'NONE', *, *, #2889, .F. ) ;
#3492 = DIRECTION ( 'NONE',  ( 1.000000000000000000, -0.000000000000000000, -0.000000000000000000 ) ) ;
#3493 = FACE_OUTER_BOUND ( 'NONE', #116, .T. ) ;
#3494 = ADVANCED_FACE ( 'NONE', ( #2391 ), #3224, .F. ) ;
#3495 = AXIS2_PLACEMENT_3D ( 'NONE', #4798, #2376, #4433 ) ;
#3496 = VECTOR ( 'NONE', #1530, 1000.000000000000000 ) ;
#3497 = ORIENTED_EDGE ( 'NONE', *, *, #3960, .T. ) ;
#3498 = DIRECTION ( 'NONE',  ( -0.000000000000000000, -0.000000000000000000, 1.000000000000000000 ) ) ;
#3499 = EDGE_LOOP ( 'NONE', ( #4326, #1081 ) ) ;
#3500 = ADVANCED_FACE ( 'NONE', ( #419 ), #4420, .F. ) ;
#3501 = DIRECTION ( 'NONE',  ( 0.000000000000000000, -1.000000000000000000, -6.938893903907258354E-15 ) ) ;
#3502 = CARTESIAN_POINT ( 'NONE',  ( 17.00000000000000000, -120.0000000000000000, 54.86198126479881410 ) ) ;
#3503 = AXIS2_PLACEMENT_3D ( 'NONE', #1332, #2450, #4057 ) ;
#3504 = ORIENTED_EDGE ( 'NONE', *, *, #1779, .T. ) ;
#3505 = AXIS2_PLACEMENT_3D ( 'NONE', #94, #2514, #4145 ) ;
#3506 = CARTESIAN_POINT ( 'NONE',  ( 2.020281411491510859, -6.482010391546610961, 27.00000000000001066 ) ) ;
#3507 = DIRECTION ( 'NONE',  ( 0.000000000000000000, 0.000000000000000000, -1.000000000000000000 ) ) ;
#3508 = DIRECTION ( 'NONE',  ( -1.000000000000000000, 0.000000000000000000, 0.000000000000000000 ) ) ;
#3509 = FACE_BOUND ( 'NONE', #3806, .T. ) ;
#3510 = VECTOR ( 'NONE', #10, 1000.000000000000000 ) ;
#3511 = ORIENTED_EDGE ( 'NONE', *, *, #4939, .T. ) ;
#3512 = CARTESIAN_POINT ( 'NONE',  ( -10.99999999999995737, -43.49999999999999289, 27.00000000000001066 ) ) ;
#3513 = CARTESIAN_POINT ( 'NONE',  ( -2.020281411496603674, 26.48201039154662340, -50.00000000000000000 ) ) ;
#3514 = ORIENTED_EDGE ( 'NONE', *, *, #1952, .T. ) ;
#3515 = CARTESIAN_POINT ( 'NONE',  ( -17.00000000000000355, -10.99999999999995737, -40.00000000000000711 ) ) ;
#3516 = EDGE_CURVE ( 'NONE', #2032, #2335, #2339, .T. ) ;
#3517 = DIRECTION ( 'NONE',  ( -0.000000000000000000, -0.000000000000000000, -1.000000000000000000 ) ) ;
#3518 = ORIENTED_EDGE ( 'NONE', *, *, #2319, .T. ) ;
#3519 = CARTESIAN_POINT ( 'NONE',  ( -0.4797185885034007113, -6.482010391546610961, 30.00000000000000000 ) ) ;
#3520 = VERTEX_POINT ( 'NONE', #1548 ) ;
#3521 = CARTESIAN_POINT ( 'NONE',  ( 20.00000000000000000, -49.99999999999997868, -27.00000000000000000 ) ) ;
#3522 = CARTESIAN_POINT ( 'NONE',  ( -1.640179080045057747, 20.48855206734722501, 27.00000000000001066 ) ) ;
#3523 = VERTEX_POINT ( 'NONE', #1523 ) ;
#3524 = AXIS2_PLACEMENT_3D ( 'NONE', #2115, #913, #4491 ) ;
#3525 = DIRECTION ( 'NONE',  ( 1.000000000000000000, 0.000000000000000000, 0.000000000000000000 ) ) ;
#3526 = ORIENTED_EDGE ( 'NONE', *, *, #773, .T. ) ;
#3527 = DIRECTION ( 'NONE',  ( 0.000000000000000000, -0.7071067811865489050, -0.7071067811865462405 ) ) ;
#3528 = CARTESIAN_POINT ( 'NONE',  ( -14.00000000000001243, -49.99999999999997868, 27.00000000000000355 ) ) ;
#3529 = VECTOR ( 'NONE', #5176, 1000.000000000000000 ) ;
#3530 = EDGE_LOOP ( 'NONE', ( #632, #4044, #1642, #2111 ) ) ;
#3531 = AXIS2_PLACEMENT_3D ( 'NONE', #1362, #3357, #3771 ) ;
#3532 = CARTESIAN_POINT ( 'NONE',  ( 18.80000000000003979, -54.99999999999999289, -0.9999999999999861222 ) ) ;
#3533 = CARTESIAN_POINT ( 'NONE',  ( -17.00000000000000355, -0.9999999999999574785, -40.00000000000000711 ) ) ;
#3534 = DIRECTION ( 'NONE',  ( -0.000000000000000000, -3.469446951953671381E-15, -1.000000000000000000 ) ) ;
#3535 = CARTESIAN_POINT ( 'NONE',  ( 15.23201039154588621, 10.77028141149406260, 27.00000000000001066 ) ) ;
#3536 = EDGE_CURVE ( 'NONE', #4266, #3159, #767, .T. ) ;
#3537 = EDGE_LOOP ( 'NONE', ( #405, #4859 ) ) ;
#3538 = LINE ( 'NONE', #240, #5197 ) ;
#3539 = LINE ( 'NONE', #2371, #3824 ) ;
#3540 = ORIENTED_EDGE ( 'NONE', *, *, #4926, .F. ) ;
#3541 = LINE ( 'NONE', #5131, #142 ) ;
#3542 = AXIS2_PLACEMENT_3D ( 'NONE', #1569, #1178, #411 ) ;
#3543 = EDGE_CURVE ( 'NONE', #2703, #2723, #4927, .T. ) ;
#3544 = LINE ( 'NONE', #422, #833 ) ;
#3545 = EDGE_LOOP ( 'NONE', ( #4099, #1660 ) ) ;
#3546 = CARTESIAN_POINT ( 'NONE',  ( 18.80000000000003979, -54.99999999999999289, -10.84999999999996767 ) ) ;
#3547 = EDGE_LOOP ( 'NONE', ( #3276, #3105, #9, #1002 ) ) ;
#3548 = DIRECTION ( 'NONE',  ( 0.000000000000000000, 0.000000000000000000, -1.000000000000000000 ) ) ;
#3549 = CARTESIAN_POINT ( 'NONE',  ( -11.50000000000000355, -28.99999999999999645, 35.00000000000000000 ) ) ;
#3550 = EDGE_CURVE ( 'NONE', #1260, #1644, #396, .T. ) ;
#3551 = ORIENTED_EDGE ( 'NONE', *, *, #4417, .T. ) ;
#3552 = AXIS2_PLACEMENT_3D ( 'NONE', #2477, #57, #2149 ) ;
#3553 = CARTESIAN_POINT ( 'NONE',  ( 18.80000000000003979, -54.99999999999999289, -10.84999999999996412 ) ) ;
#3554 = VERTEX_POINT ( 'NONE', #3171 ) ;
#3555 = DIRECTION ( 'NONE',  ( -0.000000000000000000, -0.000000000000000000, 1.000000000000000000 ) ) ;
#3556 = DIRECTION ( 'NONE',  ( -3.469446951953611231E-16, -1.000000000000000000, 0.000000000000000000 ) ) ;
#3557 = VECTOR ( 'NONE', #4128, 1000.000000000000000 ) ;
#3558 = ORIENTED_EDGE ( 'NONE', *, *, #1094, .F. ) ;
#3559 = EDGE_CURVE ( 'NONE', #2833, #1222, #816, .T. ) ;
#3560 = LINE ( 'NONE', #5147, #2795 ) ;
#3561 = CARTESIAN_POINT ( 'NONE',  ( 17.00000000000003908, -105.3000000000000256, 8.850000000000004974 ) ) ;
#3562 = LINE ( 'NONE', #1238, #226 ) ;
#3563 = DIRECTION ( 'NONE',  ( 1.000000000000000000, 0.000000000000000000, 0.000000000000000000 ) ) ;
#3564 = EDGE_LOOP ( 'NONE', ( #2492, #4133 ) ) ;
#3565 = CARTESIAN_POINT ( 'NONE',  ( 18.80000000000003979, -97.00000000000000000, 1.000000000000019318 ) ) ;
#3566 = ORIENTED_EDGE ( 'NONE', *, *, #4730, .F. ) ;
#3567 = EDGE_CURVE ( 'NONE', #3064, #3710, #1161, .T. ) ;
#3568 = CARTESIAN_POINT ( 'NONE',  ( 17.00000000000003908, -54.99999999999999289, -8.850000000000003197 ) ) ;
#3569 = ORIENTED_EDGE ( 'NONE', *, *, #3783, .F. ) ;
#3570 = DIRECTION ( 'NONE',  ( 1.000000000000000000, 1.734723475976807341E-16, -0.000000000000000000 ) ) ;
#3571 = EDGE_LOOP ( 'NONE', ( #4720, #198 ) ) ;
#3572 = CARTESIAN_POINT ( 'NONE',  ( -18.64999999999999858, -30.99999999999995737, 30.00000000000000000 ) ) ;
#3573 = CYLINDRICAL_SURFACE ( 'NONE', #5103, 2.150000000000004352 ) ;
#3574 = EDGE_CURVE ( 'NONE', #4036, #4193, #3951, .T. ) ;
#3575 = ORIENTED_EDGE ( 'NONE', *, *, #2241, .F. ) ;
#3576 = FACE_OUTER_BOUND ( 'NONE', #2838, .T. ) ;
#3577 = ORIENTED_EDGE ( 'NONE', *, *, #3234, .F. ) ;
#3578 = EDGE_CURVE ( 'NONE', #542, #1361, #3977, .T. ) ;
#3579 = DIRECTION ( 'NONE',  ( -1.000000000000000000, 0.000000000000000000, 0.000000000000000000 ) ) ;
#3580 = AXIS2_PLACEMENT_3D ( 'NONE', #297, #2271, #1402 ) ;
#3581 = DIRECTION ( 'NONE',  ( 0.000000000000000000, 1.000000000000000000, 0.000000000000000000 ) ) ;
#3582 = CIRCLE ( 'NONE', #3912, 1.149999999997434852 ) ;
#3583 = ORIENTED_EDGE ( 'NONE', *, *, #2013, .F. ) ;
#3584 = EDGE_CURVE ( 'NONE', #2640, #1846, #3173, .T. ) ;
#3585 = AXIS2_PLACEMENT_3D ( 'NONE', #1461, #1380, #3420 ) ;
#3586 = DIRECTION ( 'NONE',  ( 0.000000000000000000, 0.000000000000000000, 1.000000000000000000 ) ) ;
#3587 = AXIS2_PLACEMENT_3D ( 'NONE', #1221, #5159, #1562 ) ;
#3588 = DIRECTION ( 'NONE',  ( 0.000000000000000000, 1.000000000000000000, -2.717036769602217933E-15 ) ) ;
#3589 = CARTESIAN_POINT ( 'NONE',  ( -10.48855206734722323, 9.509820919957515883, -30.00000000000000000 ) ) ;
#3590 = DIRECTION ( 'NONE',  ( 1.000000000000000000, 0.000000000000000000, 0.000000000000000000 ) ) ;
#3591 = AXIS2_PLACEMENT_3D ( 'NONE', #2834, #4407, #1198 ) ;
#3592 = EDGE_LOOP ( 'NONE', ( #3583, #1317, #2788, #1403 ) ) ;
#3593 = PLANE ( 'NONE',  #2010 ) ;
#3594 = DIRECTION ( 'NONE',  ( -0.000000000000000000, -0.000000000000000000, 1.000000000000000000 ) ) ;
#3595 = ORIENTED_EDGE ( 'NONE', *, *, #5080, .T. ) ;
#3596 = CARTESIAN_POINT ( 'NONE',  ( 8.550840296494985893, -120.0000000000000000, -37.00000000000000000 ) ) ;
#3597 = VECTOR ( 'NONE', #292, 1000.000000000000000 ) ;
#3598 = AXIS2_PLACEMENT_3D ( 'NONE', #4991, #3427, #2205 ) ;
#3599 = ORIENTED_EDGE ( 'NONE', *, *, #4588, .T. ) ;
#3600 = DIRECTION ( 'NONE',  ( 1.000000000000000000, 0.000000000000000000, 0.000000000000000000 ) ) ;
#3601 = VERTEX_POINT ( 'NONE', #1914 ) ;
#3602 = CARTESIAN_POINT ( 'NONE',  ( -18.64999999999999858, -40.99999999999996447, 30.00000000000000000 ) ) ;
#3603 = DIRECTION ( 'NONE',  ( -0.000000000000000000, -0.000000000000000000, -1.000000000000000000 ) ) ;
#3604 = EDGE_CURVE ( 'NONE', #4897, #2860, #1143, .T. ) ;
#3605 = ORIENTED_EDGE ( 'NONE', *, *, #383, .F. ) ;
#3606 = CARTESIAN_POINT ( 'NONE',  ( 0.4797185885084898627, 26.48201039154662340, -27.00000000000000000 ) ) ;
#3607 = ORIENTED_EDGE ( 'NONE', *, *, #5112, .F. ) ;
#3608 = LINE ( 'NONE', #4782, #467 ) ;
#3609 = EDGE_CURVE ( 'NONE', #4697, #148, #891, .T. ) ;
#3610 = VECTOR ( 'NONE', #3050, 1000.000000000000000 ) ;
#3611 = ORIENTED_EDGE ( 'NONE', *, *, #588, .F. ) ;
#3612 = DIRECTION ( 'NONE',  ( -0.000000000000000000, -0.000000000000000000, -1.000000000000000000 ) ) ;
#3613 = CARTESIAN_POINT ( 'NONE',  ( -5.250000000000018652, -35.24999999999997868, -27.00000000000000000 ) ) ;
#3614 = VECTOR ( 'NONE', #1732, 1000.000000000000000 ) ;
#3615 = DIRECTION ( 'NONE',  ( 0.000000000000000000, 0.000000000000000000, 1.000000000000000000 ) ) ;
#3616 = DIRECTION ( 'NONE',  ( -0.000000000000000000, 0.000000000000000000, 1.000000000000000000 ) ) ;
#3617 = VECTOR ( 'NONE', #2799, 1000.000000000000000 ) ;
#3618 = ORIENTED_EDGE ( 'NONE', *, *, #256, .T. ) ;
#3619 = DIRECTION ( 'NONE',  ( 1.000000000000000000, 0.000000000000000000, 0.000000000000000000 ) ) ;
#3620 = CARTESIAN_POINT ( 'NONE',  ( 0.000000000000000000, 10.00000000000000533, 30.00000000000000000 ) ) ;
#3621 = ORIENTED_EDGE ( 'NONE', *, *, #4958, .F. ) ;
#3622 = CARTESIAN_POINT ( 'NONE',  ( -14.00000000000000178, -21.50000000000000000, 27.00000000000000355 ) ) ;
#3623 = ADVANCED_FACE ( 'NONE', ( #1186 ), #2794, .F. ) ;
#3624 = EDGE_LOOP ( 'NONE', ( #4610, #2053 ) ) ;
#3625 = DIRECTION ( 'NONE',  ( 1.000000000000000000, 0.000000000000000000, 0.000000000000000000 ) ) ;
#3626 = ORIENTED_EDGE ( 'NONE', *, *, #1946, .F. ) ;
#3627 = AXIS2_PLACEMENT_3D ( 'NONE', #4466, #4751, #2357 ) ;
#3628 = DIRECTION ( 'NONE',  ( 1.000000000000000000, 0.000000000000000000, 0.000000000000000000 ) ) ;
#3629 = CARTESIAN_POINT ( 'NONE',  ( 20.00000000000000000, -100.2699999999999960, 2.774999999999996803 ) ) ;
#3630 = EDGE_CURVE ( 'NONE', #3161, #2032, #3274, .T. ) ;
#3631 = ORIENTED_EDGE ( 'NONE', *, *, #2179, .F. ) ;
#3632 = CARTESIAN_POINT ( 'NONE',  ( -15.23201039154735170, 9.229718588505949839, 30.00000000000000000 ) ) ;
#3633 = ORIENTED_EDGE ( 'NONE', *, *, #638, .T. ) ;
#3634 = CARTESIAN_POINT ( 'NONE',  ( 15.23201039154588621, 10.77028141149406260, -27.00000000000000000 ) ) ;
#3635 = ORIENTED_EDGE ( 'NONE', *, *, #908, .F. ) ;
#3636 = CIRCLE ( 'NONE', #4472, 1.650000000000000355 ) ;
#3637 = DIRECTION ( 'NONE',  ( 0.000000000000000000, 1.000000000000000000, 0.000000000000000000 ) ) ;
#3638 = DIRECTION ( 'NONE',  ( 1.000000000000000000, 0.000000000000000000, 0.000000000000000000 ) ) ;
#3639 = ADVANCED_FACE ( 'NONE', ( #2845 ), #516, .F. ) ;
#3640 = DIRECTION ( 'NONE',  ( 0.000000000000000000, 0.000000000000000000, -1.000000000000000000 ) ) ;
#3641 = AXIS2_PLACEMENT_3D ( 'NONE', #3001, #1874, #4985 ) ;
#3642 = FACE_BOUND ( 'NONE', #2065, .T. ) ;
#3643 = CYLINDRICAL_SURFACE ( 'NONE', #1758, 1.249999999999267253 ) ;
#3644 = ORIENTED_EDGE ( 'NONE', *, *, #2419, .T. ) ;
#3645 = CARTESIAN_POINT ( 'NONE',  ( -0.4901790800424903338, 20.48855206734722501, -27.00000000000000000 ) ) ;
#3646 = DIRECTION ( 'NONE',  ( 1.000000000000000000, 0.000000000000000000, 0.000000000000000000 ) ) ;
#3647 = EDGE_LOOP ( 'NONE', ( #1553, #3279, #1620, #875 ) ) ;
#3648 = ADVANCED_FACE ( 'NONE', ( #470 ), #105, .F. ) ;
#3649 = CARTESIAN_POINT ( 'NONE',  ( -17.00000000000000355, -0.9999999999999574785, -27.00000000000000000 ) ) ;
#3650 = ORIENTED_EDGE ( 'NONE', *, *, #535, .F. ) ;
#3651 = DIRECTION ( 'NONE',  ( -0.000000000000000000, 1.000000000000000000, -0.000000000000000000 ) ) ;
#3652 = EDGE_LOOP ( 'NONE', ( #2682, #1589, #3441, #4564 ) ) ;
#3653 = EDGE_CURVE ( 'NONE', #4090, #878, #4154, .T. ) ;
#3654 = CARTESIAN_POINT ( 'NONE',  ( -17.00000000000000000, -30.99999999999995737, -39.99999999999999289 ) ) ;
#3655 = FACE_OUTER_BOUND ( 'NONE', #4933, .T. ) ;
#3656 = ADVANCED_FACE ( 'NONE', ( #2526, #868, #2119 ), #2894, .F. ) ;
#3657 = ORIENTED_EDGE ( 'NONE', *, *, #2533, .F. ) ;
#3658 = DIRECTION ( 'NONE',  ( 1.000000000000000000, 0.000000000000000000, 0.000000000000000000 ) ) ;
#3659 = VERTEX_POINT ( 'NONE', #4548 ) ;
#3660 = DIRECTION ( 'NONE',  ( 0.000000000000000000, -1.000000000000000000, 2.090028284309398107E-15 ) ) ;
#3661 = CIRCLE ( 'NONE', #1212, 1.149999999997434852 ) ;
#3662 = EDGE_LOOP ( 'NONE', ( #4773, #4627, #2948, #4541 ) ) ;
#3663 = AXIS2_PLACEMENT_3D ( 'NONE', #1276, #2137, #3292 ) ;
#3664 = EDGE_CURVE ( 'NONE', #1, #3332, #52, .T. ) ;
#3665 = CARTESIAN_POINT ( 'NONE',  ( 10.00000000000000000, -100.2699999999999960, 14.77499999999999858 ) ) ;
#3666 = DIRECTION ( 'NONE',  ( -0.7071067811865492381, -0.7071067811865457964, -0.000000000000000000 ) ) ;
#3667 = DIRECTION ( 'NONE',  ( 0.000000000000000000, 0.000000000000000000, -1.000000000000000000 ) ) ;
#3668 = AXIS2_PLACEMENT_3D ( 'NONE', #2211, #5100, #1949 ) ;
#3669 = ADVANCED_FACE ( 'NONE', ( #2473 ), #3738, .F. ) ;
#3670 = LINE ( 'NONE', #4034, #2182 ) ;
#3671 = CIRCLE ( 'NONE', #1559, 2.149999999999995470 ) ;
#3672 = ORIENTED_EDGE ( 'NONE', *, *, #1371, .F. ) ;
#3673 = APPLICATION_PROTOCOL_DEFINITION ( 'draft international standard', 'automotive_design', 1998, #3295 ) ;
#3674 = LINE ( 'NONE', #4478, #4135 ) ;
#3675 = EDGE_LOOP ( 'NONE', ( #4428, #4930, #2780, #4739 ) ) ;
#3676 = CARTESIAN_POINT ( 'NONE',  ( -15.35000000000000142, -30.99999999999995737, -39.99999999999999289 ) ) ;
#3677 = VECTOR ( 'NONE', #2253, 1000.000000000000000 ) ;
#3678 = ORIENTED_EDGE ( 'NONE', *, *, #4659, .F. ) ;
#3679 = AXIS2_PLACEMENT_3D ( 'NONE', #145, #4512, #1344 ) ;
#3680 = DIRECTION ( 'NONE',  ( -1.000000000000000000, 0.000000000000000000, 0.000000000000000000 ) ) ;
#3681 = VERTEX_POINT ( 'NONE', #4863 ) ;
#3682 = ADVANCED_FACE ( 'NONE', ( #78 ), #4963, .F. ) ;
#3683 = LINE ( 'NONE', #4436, #4423 ) ;
#3684 = VERTEX_POINT ( 'NONE', #1724 ) ;
#3685 = DIRECTION ( 'NONE',  ( -0.000000000000000000, -0.000000000000000000, 1.000000000000000000 ) ) ;
#3686 = ORIENTED_EDGE ( 'NONE', *, *, #984, .F. ) ;
#3687 = DIRECTION ( 'NONE',  ( 0.000000000000000000, 0.000000000000000000, -1.000000000000000000 ) ) ;
#3688 = ORIENTED_EDGE ( 'NONE', *, *, #1225, .T. ) ;
#3689 = DIRECTION ( 'NONE',  ( 0.000000000000000000, 1.000000000000000000, -2.090028284309402051E-16 ) ) ;
#3690 = CARTESIAN_POINT ( 'NONE',  ( 17.00000000000004974, -50.84999999999999432, 2.775000000000000355 ) ) ;
#3691 = DIRECTION ( 'NONE',  ( 1.734723475976806848E-16, -1.000000000000000000, 0.000000000000000000 ) ) ;
#3692 = AXIS2_PLACEMENT_3D ( 'NONE', #2218, #3832, #2644 ) ;
#3693 = DIRECTION ( 'NONE',  ( 1.000000000000000000, 0.000000000000000000, 0.000000000000000000 ) ) ;
#3694 = VERTEX_POINT ( 'NONE', #3301 ) ;
#3695 = VECTOR ( 'NONE', #1132, 1000.000000000000000 ) ;
#3696 = DIRECTION ( 'NONE',  ( 0.000000000000000000, -1.000000000000000000, -2.717036769602215961E-15 ) ) ;
#3697 = ORIENTED_EDGE ( 'NONE', *, *, #2223, .T. ) ;
#3698 = VECTOR ( 'NONE', #917, 1000.000000000000000 ) ;
#3699 = CYLINDRICAL_SURFACE ( 'NONE', #389, 2.149999999999997247 ) ;
#3700 = EDGE_CURVE ( 'NONE', #2265, #247, #627, .T. ) ;
#3701 = ORIENTED_EDGE ( 'NONE', *, *, #1010, .T. ) ;
#3702 = DIRECTION ( 'NONE',  ( -1.000000000000000000, -0.000000000000000000, -0.000000000000000000 ) ) ;
#3703 = LINE ( 'NONE', #4896, #4082 ) ;
#3704 = ORIENTED_EDGE ( 'NONE', *, *, #4352, .F. ) ;
#3705 = PLANE ( 'NONE',  #3505 ) ;
#3706 = ORIENTED_EDGE ( 'NONE', *, *, #1744, .T. ) ;
#3707 = LINE ( 'NONE', #3314, #1043 ) ;
#3708 = VERTEX_POINT ( 'NONE', #2500 ) ;
#3709 = CARTESIAN_POINT ( 'NONE',  ( 20.00000000000000000, -50.84999999999999432, 14.77499999999999858 ) ) ;
#3710 = VERTEX_POINT ( 'NONE', #2551 ) ;
#3711 = FACE_BOUND ( 'NONE', #3545, .T. ) ;
#3712 = CARTESIAN_POINT ( 'NONE',  ( 17.00000000000000000, -100.2699999999999960, 16.92500000000000426 ) ) ;
#3713 = CARTESIAN_POINT ( 'NONE',  ( -10.99999999999995737, -43.49999999999999289, -27.00000000000001421 ) ) ;
#3714 = EDGE_CURVE ( 'NONE', #68, #3136, #540, .T. ) ;
#3715 = ORIENTED_EDGE ( 'NONE', *, *, #660, .T. ) ;
#3716 = ORIENTED_EDGE ( 'NONE', *, *, #3788, .T. ) ;
#3717 = VECTOR ( 'NONE', #4705, 1000.000000000000000 ) ;
#3718 = DIRECTION ( 'NONE',  ( 0.000000000000000000, 0.000000000000000000, 1.000000000000000000 ) ) ;
#3719 = ORIENTED_EDGE ( 'NONE', *, *, #617, .F. ) ;
#3720 = DIRECTION ( 'NONE',  ( -0.000000000000000000, -0.000000000000000000, 1.000000000000000000 ) ) ;
#3721 = ADVANCED_FACE ( 'NONE', ( #3763 ), #156, .F. ) ;
#3722 = CLOSED_SHELL ( 'NONE', ( #2808, #4380, #4511, #5087, #2155, #4998, #2719, #4815, #3728, #4777, #1114, #3817, #457, #5104, #4499, #1738, #3869, #2571, #168, #4435, #2995, #907, #1400, #579, #958, #611, #2079, #2521, #4228, #700, #1597, #3297, #4375, #463, #2485, #931, #3648, #1021, #5117, #4741, #4945, #167, #4652, #5060, #1366, #3283, #4504, #1087, #5091, #3494, #4649, #1923, #3354, #1154, #3017, #858, #4713, #4846, #1508, #4166, #529, #4871, #2388, #825, #4702, #2545, #2963, #3682, #1858, #2541, #4851, #933, #1379, #3828, #5005, #756, #3721, #2393, #4932, #3221, #3201, #1786, #5033, #2201, #1069, #4284, #2050, #3174, #4677, #428, #2697, #2133, #4658, #1374, #626, #2410, #3858, #2863, #3329, #5051, #1619, #4060, #196, #1321, #4513, #1958, #3669, #4353, #2777, #3656, #2344, #3500, #3639, #3847, #3926, #1078, #620, #1492, #1497, #3438, #1784, #3401, #608, #5182, #3623, #5190, #48, #1156, #4150, #557, #2876, #1481, #387, #912, #1015, #2735, #4833, #2986, #2367, #244, #114, #2956, #1519, #2240, #2641, #2495, #4490, #1928 ) ) ;
#3723 = ORIENTED_EDGE ( 'NONE', *, *, #4256, .F. ) ;
#3724 = FACE_BOUND ( 'NONE', #1195, .T. ) ;
#3725 = CARTESIAN_POINT ( 'NONE',  ( -16.48201039154661984, 9.229718588505949839, -50.00000000000000000 ) ) ;
#3726 = ORIENTED_EDGE ( 'NONE', *, *, #122, .T. ) ;
#3727 = CARTESIAN_POINT ( 'NONE',  ( 17.00000000000003908, -105.2999999999999829, -1.000000000000002220 ) ) ;
#3728 = ADVANCED_FACE ( 'NONE', ( #842 ), #4106, .F. ) ;
#3729 = ORIENTED_EDGE ( 'NONE', *, *, #2785, .F. ) ;
#3730 = CARTESIAN_POINT ( 'NONE',  ( -10.48855206734722323, 9.509820919957515883, 27.00000000000001066 ) ) ;
#3731 = ORIENTED_EDGE ( 'NONE', *, *, #1024, .F. ) ;
#3732 = EDGE_CURVE ( 'NONE', #4226, #1098, #5076, .T. ) ;
#3733 = CARTESIAN_POINT ( 'NONE',  ( 17.00000000000003908, -46.69999999999996021, 10.84999999999994991 ) ) ;
#3734 = ORIENTED_EDGE ( 'NONE', *, *, #3970, .F. ) ;
#3735 = LINE ( 'NONE', #1236, #1613 ) ;
#3736 = CARTESIAN_POINT ( 'NONE',  ( -20.00000000000000000, 19.00000000000002487, 30.00000000000000000 ) ) ;
#3737 = VECTOR ( 'NONE', #1827, 1000.000000000000000 ) ;
#3738 = PLANE ( 'NONE',  #2489 ) ;
#3739 = EDGE_CURVE ( 'NONE', #2087, #4116, #2829, .T. ) ;
#3740 = ORIENTED_EDGE ( 'NONE', *, *, #708, .T. ) ;
#3741 = ORIENTED_EDGE ( 'NONE', *, *, #3584, .T. ) ;
#3742 = DIRECTION ( 'NONE',  ( 1.000000000000000000, 0.000000000000000000, 0.000000000000000000 ) ) ;
#3743 = VERTEX_POINT ( 'NONE', #1882 ) ;
#3744 = DIRECTION ( 'NONE',  ( 1.000000000000000000, 0.000000000000000000, 0.000000000000000000 ) ) ;
#3745 = LINE ( 'NONE', #2953, #1916 ) ;
#3746 = VECTOR ( 'NONE', #272, 1000.000000000000114 ) ;
#3747 = CIRCLE ( 'NONE', #1465, 1.150000000002567413 ) ;
#3748 = ORIENTED_EDGE ( 'NONE', *, *, #4899, .T. ) ;
#3749 = DIRECTION ( 'NONE',  ( -1.000000000000000000, 0.000000000000000000, 0.000000000000000000 ) ) ;
#3750 = DIRECTION ( 'NONE',  ( -0.000000000000000000, -0.000000000000000000, 1.000000000000000000 ) ) ;
#3751 = ORIENTED_EDGE ( 'NONE', *, *, #390, .T. ) ;
#3752 = CARTESIAN_POINT ( 'NONE',  ( -17.73201039154588798, 9.229718588505949839, -30.00000000000000000 ) ) ;
#3753 = AXIS2_PLACEMENT_3D ( 'NONE', #3589, #5175, #4395 ) ;
#3754 = AXIS2_PLACEMENT_3D ( 'NONE', #2859, #3989, #2464 ) ;
#3755 = ORIENTED_EDGE ( 'NONE', *, *, #1468, .F. ) ;
#3756 = DIRECTION ( 'NONE',  ( -0.000000000000000000, -0.000000000000000000, -1.000000000000000000 ) ) ;
#3757 = EDGE_LOOP ( 'NONE', ( #812, #4979, #3881, #3701 ) ) ;
#3758 = DIRECTION ( 'NONE',  ( 0.000000000000000000, 0.000000000000000000, -1.000000000000000000 ) ) ;
#3759 = VECTOR ( 'NONE', #3720, 1000.000000000000000 ) ;
#3760 = VERTEX_POINT ( 'NONE', #2972 ) ;
#3761 = DIRECTION ( 'NONE',  ( -0.000000000000000000, -0.000000000000000000, 1.000000000000000000 ) ) ;
#3762 = CARTESIAN_POINT ( 'NONE',  ( 20.00000000000000000, -100.2699999999999960, 14.77499999999999858 ) ) ;
#3763 = FACE_OUTER_BOUND ( 'NONE', #1376, .T. ) ;
#3764 = ORIENTED_EDGE ( 'NONE', *, *, #282, .T. ) ;
#3765 = DIRECTION ( 'NONE',  ( 1.000000000000000000, 0.000000000000000000, 0.000000000000000000 ) ) ;
#3766 = CARTESIAN_POINT ( 'NONE',  ( 17.00000000000000000, -117.0000000000000000, -3.350000000000000533 ) ) ;
#3767 = LINE ( 'NONE', #3398, #2279 ) ;
#3768 = LINE ( 'NONE', #4870, #2322 ) ;
#3769 = CARTESIAN_POINT ( 'NONE',  ( -16.48201039154661984, 9.229718588505949839, -30.00000000000000000 ) ) ;
#3770 = ORIENTED_EDGE ( 'NONE', *, *, #472, .T. ) ;
#3771 = DIRECTION ( 'NONE',  ( 0.000000000000000000, 0.000000000000000000, 1.000000000000000000 ) ) ;
#3772 = CARTESIAN_POINT ( 'NONE',  ( 20.00000000000000000, -100.2699999999999960, 4.924999999999998934 ) ) ;
#3773 = ORIENTED_EDGE ( 'NONE', *, *, #708, .F. ) ;
#3774 = PLANE ( 'NONE',  #3679 ) ;
#3775 = AXIS2_PLACEMENT_3D ( 'NONE', #3131, #1176, #1093 ) ;
#3776 =( NAMED_UNIT ( * ) PLANE_ANGLE_UNIT ( ) SI_UNIT ( $, .RADIAN. ) );
#3777 = ORIENTED_EDGE ( 'NONE', *, *, #3347, .F. ) ;
#3778 = AXIS2_PLACEMENT_3D ( 'NONE', #3403, #4995, #4117 ) ;
#3779 = CARTESIAN_POINT ( 'NONE',  ( 2.020281411491510859, -6.482010391546610961, -30.00000000000000000 ) ) ;
#3780 = ORIENTED_EDGE ( 'NONE', *, *, #667, .F. ) ;
#3781 = CARTESIAN_POINT ( 'NONE',  ( -7.999999999999958256, -46.49999999999998579, -5.000000000000000000 ) ) ;
#3782 = ORIENTED_EDGE ( 'NONE', *, *, #706, .T. ) ;
#3783 = EDGE_CURVE ( 'NONE', #846, #4960, #5012, .T. ) ;
#3784 = CYLINDRICAL_SURFACE ( 'NONE', #860, 2.150000000000002576 ) ;
#3785 = DIRECTION ( 'NONE',  ( -0.000000000000000000, -0.000000000000000000, 1.000000000000000000 ) ) ;
#3786 = AXIS2_PLACEMENT_3D ( 'NONE', #4854, #3968, #4440 ) ;
#3787 = DIRECTION ( 'NONE',  ( 0.000000000000000000, 0.000000000000000000, 1.000000000000000000 ) ) ;
#3788 = EDGE_CURVE ( 'NONE', #2441, #3256, #675, .T. ) ;
#3789 = LINE ( 'NONE', #649, #1942 ) ;
#3790 = DIRECTION ( 'NONE',  ( -1.000000000000000000, 0.000000000000000000, 0.000000000000000000 ) ) ;
#3791 = DIRECTION ( 'NONE',  ( -0.000000000000000000, -0.000000000000000000, 1.000000000000000000 ) ) ;
#3792 = LINE ( 'NONE', #16, #3442 ) ;
#3793 = VECTOR ( 'NONE', #2896, 1000.000000000000114 ) ;
#3794 = VERTEX_POINT ( 'NONE', #1354 ) ;
#3795 = EDGE_CURVE ( 'NONE', #2282, #1345, #1979, .T. ) ;
#3796 = CARTESIAN_POINT ( 'NONE',  ( 17.00000000000004619, -34.99999999999999289, 27.00000000000000355 ) ) ;
#3797 = DIRECTION ( 'NONE',  ( 1.000000000000000000, 0.000000000000000000, 0.000000000000000000 ) ) ;
#3798 = ORIENTED_EDGE ( 'NONE', *, *, #4422, .F. ) ;
#3799 = AXIS2_PLACEMENT_3D ( 'NONE', #4732, #1130, #4761 ) ;
#3800 = DIRECTION ( 'NONE',  ( 0.000000000000000000, 1.000000000000000000, -3.553048083325977965E-15 ) ) ;
#3801 = CIRCLE ( 'NONE', #2879, 1.649999999999998579 ) ;
#3802 = CARTESIAN_POINT ( 'NONE',  ( 17.00000000000000000, -100.2699999999999960, 4.924999999999998934 ) ) ;
#3803 = ORIENTED_EDGE ( 'NONE', *, *, #1155, .F. ) ;
#3804 = EDGE_CURVE ( 'NONE', #873, #222, #3833, .T. ) ;
#3805 = PLANE ( 'NONE',  #2987 ) ;
#3806 = EDGE_LOOP ( 'NONE', ( #593, #3220 ) ) ;
#3807 = EDGE_CURVE ( 'NONE', #247, #1345, #4230, .T. ) ;
#3808 = DIRECTION ( 'NONE',  ( 3.469446951953611231E-16, 1.000000000000000000, 0.000000000000000000 ) ) ;
#3809 = EDGE_LOOP ( 'NONE', ( #3026, #2192 ) ) ;
#3810 = DIRECTION ( 'NONE',  ( 0.000000000000000000, -0.000000000000000000, -1.000000000000000000 ) ) ;
#3811 = FACE_OUTER_BOUND ( 'NONE', #2535, .T. ) ;
#3812 = EDGE_CURVE ( 'NONE', #846, #58, #5061, .T. ) ;
#3813 = LINE ( 'NONE', #2603, #100 ) ;
#3814 = ORIENTED_EDGE ( 'NONE', *, *, #3956, .T. ) ;
#3815 = DIRECTION ( 'NONE',  ( -0.000000000000000000, -0.000000000000000000, 1.000000000000000000 ) ) ;
#3816 = FACE_BOUND ( 'NONE', #1125, .T. ) ;
#3817 = ADVANCED_FACE ( 'NONE', ( #3811 ), #281, .F. ) ;
#3818 = ORIENTED_EDGE ( 'NONE', *, *, #2122, .F. ) ;
#3819 = DIRECTION ( 'NONE',  ( -1.000000000000000000, -0.000000000000000000, -0.000000000000000000 ) ) ;
#3820 = FACE_OUTER_BOUND ( 'NONE', #3864, .T. ) ;
#3821 = VERTEX_POINT ( 'NONE', #591 ) ;
#3822 = AXIS2_PLACEMENT_3D ( 'NONE', #4665, #3071, #724 ) ;
#3823 = LINE ( 'NONE', #3903, #4508 ) ;
#3824 = VECTOR ( 'NONE', #3929, 1000.000000000000000 ) ;
#3825 = EDGE_CURVE ( 'NONE', #3999, #2648, #963, .T. ) ;
#3826 = DIRECTION ( 'NONE',  ( -0.000000000000000000, -0.000000000000000000, 1.000000000000000000 ) ) ;
#3827 = ORIENTED_EDGE ( 'NONE', *, *, #2999, .T. ) ;
#3828 = ADVANCED_FACE ( 'NONE', ( #2577 ), #4182, .F. ) ;
#3830 = DIRECTION ( 'NONE',  ( -0.7071067811865521247, 0.7071067811865430208, -0.000000000000000000 ) ) ;
#3829 = AXIS2_PLACEMENT_3D ( 'NONE', #404, #2008, #3625 ) ;
#3831 = VERTEX_POINT ( 'NONE', #565 ) ;
#3832 = DIRECTION ( 'NONE',  ( -0.000000000000000000, -0.000000000000000000, 1.000000000000000000 ) ) ;
#3833 = CIRCLE ( 'NONE', #2227, 1.649999999999998579 ) ;
#3834 = ORIENTED_EDGE ( 'NONE', *, *, #4612, .F. ) ;
#3835 = DIRECTION ( 'NONE',  ( 1.000000000000000000, 0.000000000000000000, 0.000000000000000000 ) ) ;
#3836 = AXIS2_PLACEMENT_3D ( 'NONE', #4631, #5102, #1085 ) ;
#3837 = DIRECTION ( 'NONE',  ( 0.000000000000000000, 4.180056568618783592E-15, -1.000000000000000000 ) ) ;
#3838 = PLANE ( 'NONE',  #3585 ) ;
#3839 = AXIS2_PLACEMENT_3D ( 'NONE', #2033, #824, #4401 ) ;
#3840 = VECTOR ( 'NONE', #1652, 1000.000000000000000 ) ;
#3841 = VERTEX_POINT ( 'NONE', #2225 ) ;
#3842 = DIRECTION ( 'NONE',  ( -0.000000000000000000, -0.000000000000000000, -1.000000000000000000 ) ) ;
#3843 = CARTESIAN_POINT ( 'NONE',  ( 17.00000000000004619, -34.99999999999999289, -27.00000000000000000 ) ) ;
#3844 = DIRECTION ( 'NONE',  ( 0.000000000000000000, 0.000000000000000000, -1.000000000000000000 ) ) ;
#3845 = VECTOR ( 'NONE', #4205, 1000.000000000000000 ) ;
#3846 = FACE_OUTER_BOUND ( 'NONE', #4768, .T. ) ;
#3847 = ADVANCED_FACE ( 'NONE', ( #4207 ), #2176, .T. ) ;
#3848 = ORIENTED_EDGE ( 'NONE', *, *, #293, .F. ) ;
#3849 = FACE_OUTER_BOUND ( 'NONE', #1531, .T. ) ;
#3850 = DIRECTION ( 'NONE',  ( 1.000000000000000000, 0.000000000000000000, 0.000000000000000000 ) ) ;
#3851 = ORIENTED_EDGE ( 'NONE', *, *, #4140, .T. ) ;
#3852 = CYLINDRICAL_SURFACE ( 'NONE', #2913, 1.250000000000733191 ) ;
#3853 = AXIS2_PLACEMENT_3D ( 'NONE', #3709, #1716, #2941 ) ;
#3854 = DIRECTION ( 'NONE',  ( 0.000000000000000000, 1.000000000000000000, 0.000000000000000000 ) ) ;
#3855 = ORIENTED_EDGE ( 'NONE', *, *, #3567, .T. ) ;
#3856 = FACE_BOUND ( 'NONE', #4869, .T. ) ;
#3857 = VERTEX_POINT ( 'NONE', #4987 ) ;
#3858 = ADVANCED_FACE ( 'NONE', ( #647 ), #3838, .T. ) ;
#3859 = CIRCLE ( 'NONE', #1498, 1.650000000000002132 ) ;
#3860 = DIRECTION ( 'NONE',  ( 0.000000000000000000, 1.000000000000000000, 2.899914244479310235E-15 ) ) ;
#3861 = VECTOR ( 'NONE', #685, 1000.000000000000000 ) ;
#3862 = ORIENTED_EDGE ( 'NONE', *, *, #3543, .F. ) ;
#3863 = CARTESIAN_POINT ( 'NONE',  ( -18.64999999999999858, -40.99999999999996447, 27.00000000000001066 ) ) ;
#3864 = EDGE_LOOP ( 'NONE', ( #1841, #2714, #2824, #5130 ) ) ;
#3865 = DIRECTION ( 'NONE',  ( -1.000000000000000000, 0.000000000000000000, 0.000000000000000000 ) ) ;
#3866 = CARTESIAN_POINT ( 'NONE',  ( 17.00000000000000000, -100.2699999999999960, -16.92500000000000426 ) ) ;
#3867 = ORIENTED_EDGE ( 'NONE', *, *, #4888, .F. ) ;
#3868 = VECTOR ( 'NONE', #644, 1000.000000000000000 ) ;
#3869 = ADVANCED_FACE ( 'NONE', ( #1828 ), #3450, .F. ) ;
#3870 = DIRECTION ( 'NONE',  ( -0.000000000000000000, 0.000000000000000000, 1.000000000000000000 ) ) ;
#3871 = CARTESIAN_POINT ( 'NONE',  ( 3.750000000000001776, -3.750000000000003553, 30.00000000000000000 ) ) ;
#3872 = LINE ( 'NONE', #5017, #2069 ) ;
#3873 = DIRECTION ( 'NONE',  ( 0.000000000000000000, 0.000000000000000000, -1.000000000000000000 ) ) ;
#3874 = EDGE_CURVE ( 'NONE', #3684, #3963, #3334, .T. ) ;
#3875 = ORIENTED_EDGE ( 'NONE', *, *, #1116, .F. ) ;
#3876 = CARTESIAN_POINT ( 'NONE',  ( -18.64999999999999858, -40.99999999999996447, -30.00000000000000000 ) ) ;
#3877 = DIRECTION ( 'NONE',  ( -0.000000000000000000, 0.000000000000000000, 1.000000000000000000 ) ) ;
#3878 = ORIENTED_EDGE ( 'NONE', *, *, #2615, .T. ) ;
#3879 = LINE ( 'NONE', #4714, #1476 ) ;
#3880 = LINE ( 'NONE', #3388, #5090 ) ;
#3881 = ORIENTED_EDGE ( 'NONE', *, *, #4787, .T. ) ;
#3882 = CARTESIAN_POINT ( 'NONE',  ( -20.00000000000000000, -46.61321960076966064, -26.99999999999999645 ) ) ;
#3883 = VERTEX_POINT ( 'NONE', #3057 ) ;
#3884 = AXIS2_PLACEMENT_3D ( 'NONE', #3299, #4473, #3689 ) ;
#3885 = DIRECTION ( 'NONE',  ( -0.000000000000000000, -0.000000000000000000, 1.000000000000000000 ) ) ;
#3886 = DIRECTION ( 'NONE',  ( 0.000000000000000000, 0.000000000000000000, 1.000000000000000000 ) ) ;
#3887 = VERTEX_POINT ( 'NONE', #4643 ) ;
#3888 = CARTESIAN_POINT ( 'NONE',  ( 18.80000000000003979, -54.99999999999999289, 1.000000000000029532 ) ) ;
#3889 = EDGE_CURVE ( 'NONE', #1846, #4156, #1855, .T. ) ;
#3890 = VERTEX_POINT ( 'NONE', #3866 ) ;
#3891 = DIRECTION ( 'NONE',  ( 0.7071067811865482389, 0.7071067811865469066, 0.000000000000000000 ) ) ;
#3892 = DIRECTION ( 'NONE',  ( 0.000000000000000000, -0.7071067811865462405, 0.7071067811865489050 ) ) ;
#3893 = VERTEX_POINT ( 'NONE', #4674 ) ;
#3894 = EDGE_CURVE ( 'NONE', #1790, #3913, #1383, .T. ) ;
#3895 = DIRECTION ( 'NONE',  ( -1.000000000000000000, -0.000000000000000000, -0.000000000000000000 ) ) ;
#3896 = CARTESIAN_POINT ( 'NONE',  ( 17.00000000000004619, -34.99999999999999289, 47.22374841615668828 ) ) ;
#3897 = DIRECTION ( 'NONE',  ( 0.000000000000000000, 0.000000000000000000, -1.000000000000000000 ) ) ;
#3898 = CARTESIAN_POINT ( 'NONE',  ( -20.00000000000000000, 19.00000000000002487, 30.00000000000000000 ) ) ;
#3899 = EDGE_LOOP ( 'NONE', ( #558, #3919, #998, #4828 ) ) ;
#3900 = CARTESIAN_POINT ( 'NONE',  ( -9.999999999999918288, -56.61321960076969617, -27.00000000000000000 ) ) ;
#3901 = LINE ( 'NONE', #3042, #1552 ) ;
#3902 = ORIENTED_EDGE ( 'NONE', *, *, #4955, .F. ) ;
#3903 = CARTESIAN_POINT ( 'NONE',  ( 18.80000000000003979, -105.3000000000000256, 8.850000000000004974 ) ) ;
#3904 = EDGE_CURVE ( 'NONE', #2142, #3332, #3997, .T. ) ;
#3905 = DIRECTION ( 'NONE',  ( -0.000000000000000000, -1.000000000000000000, 2.090028284309402297E-16 ) ) ;
#3906 = ORIENTED_EDGE ( 'NONE', *, *, #479, .F. ) ;
#3907 = CARTESIAN_POINT ( 'NONE',  ( 17.00000000000003908, -97.00000000000000000, -0.9999999999999781286 ) ) ;
#3908 = ORIENTED_EDGE ( 'NONE', *, *, #1561, .T. ) ;
#3909 = LINE ( 'NONE', #3521, #1303 ) ;
#3910 = CYLINDRICAL_SURFACE ( 'NONE', #2934, 2.149999999999997247 ) ;
#3911 = EDGE_CURVE ( 'NONE', #5146, #4048, #1991, .T. ) ;
#3912 = AXIS2_PLACEMENT_3D ( 'NONE', #4629, #5023, #1422 ) ;
#3913 = VERTEX_POINT ( 'NONE', #4414 ) ;
#3914 = CARTESIAN_POINT ( 'NONE',  ( 11.35000000000000320, -115.9999999999999858, -27.00000000000000000 ) ) ;
#3915 = ORIENTED_EDGE ( 'NONE', *, *, #2965, .T. ) ;
#3916 = DIRECTION ( 'NONE',  ( 0.7071067811865469066, -0.7071067811865482389, 0.000000000000000000 ) ) ;
#3917 = CARTESIAN_POINT ( 'NONE',  ( 17.00000000000004974, -54.99999999999999289, 47.22374841615668828 ) ) ;
#3918 = VECTOR ( 'NONE', #4130, 999.9999999999998863 ) ;
#3919 = ORIENTED_EDGE ( 'NONE', *, *, #3449, .T. ) ;
#3920 = VECTOR ( 'NONE', #2884, 1000.000000000000000 ) ;
#3921 = DIRECTION ( 'NONE',  ( -0.000000000000000000, -0.000000000000000000, 1.000000000000000000 ) ) ;
#3922 = FACE_OUTER_BOUND ( 'NONE', #1084, .T. ) ;
#3923 = LINE ( 'NONE', #2422, #3094 ) ;
#3924 = PLANE ( 'NONE',  #2254 ) ;
#3925 = VECTOR ( 'NONE', #2952, 1000.000000000000000 ) ;
#3926 = ADVANCED_FACE ( 'NONE', ( #307 ), #2814, .F. ) ;
#3927 = ORIENTED_EDGE ( 'NONE', *, *, #566, .F. ) ;
#3928 = LINE ( 'NONE', #266, #1670 ) ;
#3929 = DIRECTION ( 'NONE',  ( -0.000000000000000000, 1.000000000000000000, -2.090028284309398501E-15 ) ) ;
#3930 = VERTEX_POINT ( 'NONE', #4335 ) ;
#3931 = VECTOR ( 'NONE', #4962, 1000.000000000000000 ) ;
#3932 = CARTESIAN_POINT ( 'NONE',  ( 10.00000000000000000, -100.2699999999999960, -14.77499999999999858 ) ) ;
#3933 = CARTESIAN_POINT ( 'NONE',  ( 18.80000000000003979, -105.3000000000000540, -10.85000000000000142 ) ) ;
#3934 = ORIENTED_EDGE ( 'NONE', *, *, #1744, .F. ) ;
#3935 = LINE ( 'NONE', #3128, #2394 ) ;
#3936 = ORIENTED_EDGE ( 'NONE', *, *, #390, .F. ) ;
#3937 = DIRECTION ( 'NONE',  ( 0.000000000000000000, 0.000000000000000000, -1.000000000000000000 ) ) ;
#3938 = CIRCLE ( 'NONE', #4445, 1.249999999999269029 ) ;
#3939 = DIRECTION ( 'NONE',  ( 0.000000000000000000, 0.000000000000000000, -1.000000000000000000 ) ) ;
#3940 = ORIENTED_EDGE ( 'NONE', *, *, #3079, .T. ) ;
#3941 = AXIS2_PLACEMENT_3D ( 'NONE', #561, #4202, #3860 ) ;
#3942 = CARTESIAN_POINT ( 'NONE',  ( 16.48201039154661984, 10.77028141149406260, -50.00000000000000000 ) ) ;
#3943 = ORIENTED_EDGE ( 'NONE', *, *, #1468, .T. ) ;
#3944 = AXIS2_PLACEMENT_3D ( 'NONE', #28, #4474, #104 ) ;
#3945 = CARTESIAN_POINT ( 'NONE',  ( 18.80000000000003979, -97.00000000000000000, -8.850000000000003197 ) ) ;
#3946 = CARTESIAN_POINT ( 'NONE',  ( 20.00000000000000000, -50.84999999999999432, 7.074999999999997513 ) ) ;
#3947 = ORIENTED_EDGE ( 'NONE', *, *, #2288, .T. ) ;
#3948 = VECTOR ( 'NONE', #657, 999.9999999999998863 ) ;
#3949 = DIRECTION ( 'NONE',  ( -0.000000000000000000, 0.000000000000000000, 1.000000000000000000 ) ) ;
#3950 = CARTESIAN_POINT ( 'NONE',  ( -18.65000000000000568, -10.99999999999995737, -40.00000000000000711 ) ) ;
#3951 = LINE ( 'NONE', #2310, #2062 ) ;
#3952 = CARTESIAN_POINT ( 'NONE',  ( -9.000000000000017764, -54.99999999999999289, 47.22374841615668828 ) ) ;
#3953 = EDGE_CURVE ( 'NONE', #3159, #3930, #413, .T. ) ;
#3954 = EDGE_LOOP ( 'NONE', ( #1683, #304, #4902, #3491 ) ) ;
#3955 = FACE_OUTER_BOUND ( 'NONE', #1838, .T. ) ;
#3956 = EDGE_CURVE ( 'NONE', #922, #2688, #3608, .T. ) ;
#3957 = CARTESIAN_POINT ( 'NONE',  ( 20.00000000000000000, -117.0000000000000000, 6.649999999999999467 ) ) ;
#3958 = ORIENTED_EDGE ( 'NONE', *, *, #1859, .T. ) ;
#3959 = CARTESIAN_POINT ( 'NONE',  ( 13.99999999999999645, -26.50000000000000355, 30.00000000000000000 ) ) ;
#3960 = EDGE_CURVE ( 'NONE', #3268, #1252, #3416, .T. ) ;
#3961 = ORIENTED_EDGE ( 'NONE', *, *, #1532, .F. ) ;
#3962 = LINE ( 'NONE', #1588, #537 ) ;
#3963 = VERTEX_POINT ( 'NONE', #2789 ) ;
#3964 = CARTESIAN_POINT ( 'NONE',  ( -17.00000000000000355, -10.99999999999995737, -40.00000000000000711 ) ) ;
#3965 = PLANE ( 'NONE',  #1665 ) ;
#3966 = ORIENTED_EDGE ( 'NONE', *, *, #3258, .F. ) ;
#3967 = AXIS2_PLACEMENT_3D ( 'NONE', #1654, #3718, #3349 ) ;
#3968 = DIRECTION ( 'NONE',  ( 0.000000000000000000, 1.000000000000000000, 0.000000000000000000 ) ) ;
#3969 = ORIENTED_EDGE ( 'NONE', *, *, #3271, .F. ) ;
#3970 = EDGE_CURVE ( 'NONE', #2481, #823, #1153, .T. ) ;
#3971 = CARTESIAN_POINT ( 'NONE',  ( 18.80000000000003979, -105.3000000000000256, 10.84999999999999609 ) ) ;
#3972 = CARTESIAN_POINT ( 'NONE',  ( 17.00000000000004974, -50.84999999999999432, -4.924999999999998934 ) ) ;
#3973 = EDGE_CURVE ( 'NONE', #697, #3480, #2762, .T. ) ;
#3974 = ORIENTED_EDGE ( 'NONE', *, *, #1041, .F. ) ;
#3975 = CARTESIAN_POINT ( 'NONE',  ( 2.020281411491510859, -6.482010391546610961, 30.00000000000000000 ) ) ;
#3976 = FACE_OUTER_BOUND ( 'NONE', #203, .T. ) ;
#3977 = LINE ( 'NONE', #1577, #543 ) ;
#3978 = DIRECTION ( 'NONE',  ( 1.000000000000000000, 0.000000000000000000, 0.000000000000000000 ) ) ;
#3979 = EDGE_CURVE ( 'NONE', #2730, #3821, #2401, .T. ) ;
#3980 = ORIENTED_EDGE ( 'NONE', *, *, #2019, .T. ) ;
#3981 = CARTESIAN_POINT ( 'NONE',  ( 10.00000000000000000, -100.2699999999999960, -16.92500000000000426 ) ) ;
#3982 = CARTESIAN_POINT ( 'NONE',  ( -15.35000000000000497, -10.99999999999995737, -27.00000000000000000 ) ) ;
#3983 = ORIENTED_EDGE ( 'NONE', *, *, #2267, .T. ) ;
#3984 = CARTESIAN_POINT ( 'NONE',  ( 17.73201039154735170, 10.77028141149406260, -30.00000000000000000 ) ) ;
#3985 = EDGE_CURVE ( 'NONE', #1712, #3178, #5119, .T. ) ;
#3986 = ORIENTED_EDGE ( 'NONE', *, *, #4645, .T. ) ;
#3987 = CARTESIAN_POINT ( 'NONE',  ( 17.00000000000003908, -105.3000000000000256, -8.850000000000008527 ) ) ;
#3988 = ORIENTED_EDGE ( 'NONE', *, *, #4417, .F. ) ;
#3989 = DIRECTION ( 'NONE',  ( 1.000000000000000000, 1.734723475976807341E-16, -0.000000000000000000 ) ) ;
#3990 = EDGE_CURVE ( 'NONE', #2572, #2502, #1204, .T. ) ;
#3991 = CYLINDRICAL_SURFACE ( 'NONE', #157, 1.649999999999999467 ) ;
#3992 = PRODUCT_RELATED_PRODUCT_CATEGORY ( 'part', '', ( #3482 ) ) ;
#3993 = EDGE_LOOP ( 'NONE', ( #1038, #2429, #2559, #3175 ) ) ;
#3994 = CARTESIAN_POINT ( 'NONE',  ( -10.99999999999995737, -43.49999999999999289, 27.00000000000000355 ) ) ;
#3995 = ORIENTED_EDGE ( 'NONE', *, *, #1409, .F. ) ;
#3996 = CIRCLE ( 'NONE', #713, 4.000000000000000000 ) ;
#3997 = LINE ( 'NONE', #3917, #5000 ) ;
#3998 = AXIS2_PLACEMENT_3D ( 'NONE', #267, #1789, #2636 ) ;
#3999 = VERTEX_POINT ( 'NONE', #1490 ) ;
#4000 = VECTOR ( 'NONE', #3556, 1000.000000000000000 ) ;
#4001 = DIRECTION ( 'NONE',  ( 0.000000000000000000, 0.000000000000000000, 1.000000000000000000 ) ) ;
#4002 = CIRCLE ( 'NONE', #3412, 2.149999999999999023 ) ;
#4003 = CARTESIAN_POINT ( 'NONE',  ( 13.99999999999999645, -21.50000000000000000, 30.00000000000000000 ) ) ;
#4004 = DIRECTION ( 'NONE',  ( 1.000000000000000000, 0.000000000000000000, 0.000000000000000000 ) ) ;
#4005 = FACE_BOUND ( 'NONE', #981, .T. ) ;
#4006 = VECTOR ( 'NONE', #3263, 1000.000000000000000 ) ;
#4007 = ORIENTED_EDGE ( 'NONE', *, *, #1997, .F. ) ;
#4008 = CARTESIAN_POINT ( 'NONE',  ( 13.99999999999999645, -26.50000000000000355, 35.00000000000000000 ) ) ;
#4009 = DIRECTION ( 'NONE',  ( 0.000000000000000000, 0.000000000000000000, 1.000000000000000000 ) ) ;
#4010 = ORIENTED_EDGE ( 'NONE', *, *, #465, .T. ) ;
#4011 = LINE ( 'NONE', #3150, #3341 ) ;
#4012 = AXIS2_PLACEMENT_3D ( 'NONE', #2531, #2125, #3744 ) ;
#4013 = CIRCLE ( 'NONE', #4514, 2.149999999999999023 ) ;
#4014 = CIRCLE ( 'NONE', #1731, 1.650000000000002132 ) ;
#4015 = EDGE_LOOP ( 'NONE', ( #4591, #2655, #3631, #5151 ) ) ;
#4016 = CARTESIAN_POINT ( 'NONE',  ( 10.48855206734722323, 10.49017908004249833, 27.00000000000001066 ) ) ;
#4017 = ORIENTED_EDGE ( 'NONE', *, *, #4605, .T. ) ;
#4018 = CARTESIAN_POINT ( 'NONE',  ( -0.6598209199549457393, -0.4885520673472142361, 30.00000000000000000 ) ) ;
#4019 = PLANE ( 'NONE',  #72 ) ;
#4020 = EDGE_CURVE ( 'NONE', #1579, #4410, #3938, .T. ) ;
#4021 = VERTEX_POINT ( 'NONE', #5089 ) ;
#4022 = DIRECTION ( 'NONE',  ( 1.000000000000000000, 0.000000000000000000, 0.000000000000000000 ) ) ;
#4023 = ORIENTED_EDGE ( 'NONE', *, *, #1668, .T. ) ;
#4024 = DIRECTION ( 'NONE',  ( 1.000000000000000000, 0.000000000000000000, 0.000000000000000000 ) ) ;
#4025 = CIRCLE ( 'NONE', #988, 1.650000000000000355 ) ;
#4026 = EDGE_CURVE ( 'NONE', #3048, #2059, #1407, .T. ) ;
#4027 = ORIENTED_EDGE ( 'NONE', *, *, #293, .T. ) ;
#4028 = LINE ( 'NONE', #5122, #1769 ) ;
#4029 = CARTESIAN_POINT ( 'NONE',  ( 20.00000000000000355, -97.00000000000000000, -27.00000000000000000 ) ) ;
#4030 = AXIS2_PLACEMENT_3D ( 'NONE', #4533, #548, #523 ) ;
#4031 = CARTESIAN_POINT ( 'NONE',  ( -20.00000000000000000, 19.00000000000002487, 30.00000000000000000 ) ) ;
#4032 = FACE_BOUND ( 'NONE', #4568, .T. ) ;
#4033 = AXIS2_PLACEMENT_3D ( 'NONE', #1529, #1630, #4376 ) ;
#4034 = CARTESIAN_POINT ( 'NONE',  ( 18.80000000000003979, -105.3000000000000256, 8.850000000000004974 ) ) ;
#4035 = EDGE_CURVE ( 'NONE', #3893, #2461, #4701, .T. ) ;
#4036 = VERTEX_POINT ( 'NONE', #762 ) ;
#4037 = DIRECTION ( 'NONE',  ( 1.000000000000000000, 0.000000000000000000, 0.000000000000000000 ) ) ;
#4038 = DIRECTION ( 'NONE',  ( 1.000000000000000000, 0.000000000000000000, 0.000000000000000000 ) ) ;
#4039 = ORIENTED_EDGE ( 'NONE', *, *, #696, .F. ) ;
#4040 = EDGE_CURVE ( 'NONE', #2891, #341, #1100, .T. ) ;
#4041 = DIRECTION ( 'NONE',  ( -0.000000000000000000, -0.000000000000000000, 1.000000000000000000 ) ) ;
#4042 = ORIENTED_EDGE ( 'NONE', *, *, #4271, .T. ) ;
#4043 = DIRECTION ( 'NONE',  ( -0.000000000000000000, 0.000000000000000000, 1.000000000000000000 ) ) ;
#4044 = ORIENTED_EDGE ( 'NONE', *, *, #3408, .T. ) ;
#4045 = VECTOR ( 'NONE', #5105, 1000.000000000000000 ) ;
#4046 = CARTESIAN_POINT ( 'NONE',  ( 1.640179080039923853, -0.4885520673472143471, 30.00000000000000000 ) ) ;
#4047 = DIRECTION ( 'NONE',  ( -0.7071067811865457964, 0.7071067811865492381, -0.000000000000000000 ) ) ;
#4048 = VERTEX_POINT ( 'NONE', #3946 ) ;
#4049 = DIRECTION ( 'NONE',  ( 1.000000000000000000, 0.000000000000000000, 0.000000000000000000 ) ) ;
#4050 = VERTEX_POINT ( 'NONE', #332 ) ;
#4051 = CARTESIAN_POINT ( 'NONE',  ( -14.00000000000000178, -21.50000000000000000, -26.99999999999999645 ) ) ;
#4052 = CIRCLE ( 'NONE', #347, 2.150000000000004352 ) ;
#4053 = ORIENTED_EDGE ( 'NONE', *, *, #1969, .T. ) ;
#4054 = VECTOR ( 'NONE', #260, 999.9999999999998863 ) ;
#4055 = FACE_OUTER_BOUND ( 'NONE', #344, .T. ) ;
#4056 = CARTESIAN_POINT ( 'NONE',  ( -17.00000000000000355, -10.99999999999995737, -40.00000000000000711 ) ) ;
#4057 = DIRECTION ( 'NONE',  ( 1.000000000000000000, 0.000000000000000000, 0.000000000000000000 ) ) ;
#4058 = VECTOR ( 'NONE', #3885, 1000.000000000000000 ) ;
#4059 = EDGE_CURVE ( 'NONE', #4685, #2857, #4188, .T. ) ;
#4060 = ADVANCED_FACE ( 'NONE', ( #5169 ), #1572, .F. ) ;
#4061 = CARTESIAN_POINT ( 'NONE',  ( 17.00000000000003908, -105.3000000000000256, 10.84999999999999609 ) ) ;
#4062 = ORIENTED_EDGE ( 'NONE', *, *, #2432, .T. ) ;
#4063 = FACE_OUTER_BOUND ( 'NONE', #550, .T. ) ;
#4064 = CARTESIAN_POINT ( 'NONE',  ( 17.00000000000000000, -97.00000000000000000, 54.86198126479881410 ) ) ;
#4065 = ORIENTED_EDGE ( 'NONE', *, *, #3973, .T. ) ;
#4066 = CARTESIAN_POINT ( 'NONE',  ( 17.00000000000004974, -54.99999999999999289, 27.00000000000001066 ) ) ;
#4067 = ORIENTED_EDGE ( 'NONE', *, *, #1449, .T. ) ;
#4068 = CARTESIAN_POINT ( 'NONE',  ( 20.00000000000000000, -50.84999999999999432, -14.77499999999999858 ) ) ;
#4069 = EDGE_LOOP ( 'NONE', ( #4381, #2527, #2251, #3657 ) ) ;
#4070 = LINE ( 'NONE', #456, #471 ) ;
#4071 = ORIENTED_EDGE ( 'NONE', *, *, #3166, .T. ) ;
#4072 = CARTESIAN_POINT ( 'NONE',  ( -19.99999999999999645, -120.0000000000000000, -30.00000000000000000 ) ) ;
#4073 = ORIENTED_EDGE ( 'NONE', *, *, #26, .F. ) ;
#4074 = DIRECTION ( 'NONE',  ( 0.000000000000000000, 0.000000000000000000, -1.000000000000000000 ) ) ;
#4075 = EDGE_CURVE ( 'NONE', #2502, #2909, #4149, .T. ) ;
#4076 = AXIS2_PLACEMENT_3D ( 'NONE', #4334, #4366, #761 ) ;
#4077 = EDGE_LOOP ( 'NONE', ( #1018, #1520 ) ) ;
#4078 = AXIS2_PLACEMENT_3D ( 'NONE', #2966, #4565, #956 ) ;
#4079 = DIRECTION ( 'NONE',  ( 1.284980352575412453E-16, 0.000000000000000000, 1.000000000000000000 ) ) ;
#4080 = DIRECTION ( 'NONE',  ( 0.000000000000000000, 0.000000000000000000, 1.000000000000000000 ) ) ;
#4081 = CARTESIAN_POINT ( 'NONE',  ( 3.000000000000039080, -54.99999999999999289, -27.00000000000000000 ) ) ;
#4082 = VECTOR ( 'NONE', #115, 1000.000000000000000 ) ;
#4083 = DIRECTION ( 'NONE',  ( -0.000000000000000000, -0.000000000000000000, 1.000000000000000000 ) ) ;
#4084 = ORIENTED_EDGE ( 'NONE', *, *, #2223, .F. ) ;
#4085 = EDGE_CURVE ( 'NONE', #4021, #2461, #2493, .T. ) ;
#4086 = LINE ( 'NONE', #4942, #2823 ) ;
#4087 = ORIENTED_EDGE ( 'NONE', *, *, #2802, .F. ) ;
#4088 = DIRECTION ( 'NONE',  ( 0.000000000000000000, 0.000000000000000000, -1.000000000000000000 ) ) ;
#4089 = AXIS2_PLACEMENT_3D ( 'NONE', #3217, #1181, #810 ) ;
#4090 = VERTEX_POINT ( 'NONE', #4051 ) ;
#4091 = CYLINDRICAL_SURFACE ( 'NONE', #1504, 1.149999999999274936 ) ;
#4092 = AXIS2_PLACEMENT_3D ( 'NONE', #3932, #4220, #2718 ) ;
#4093 = DIRECTION ( 'NONE',  ( -1.000000000000000000, 0.000000000000000000, 0.000000000000000000 ) ) ;
#4094 = ORIENTED_EDGE ( 'NONE', *, *, #3559, .F. ) ;
#4095 = DIRECTION ( 'NONE',  ( 1.000000000000000000, -0.000000000000000000, -0.000000000000000000 ) ) ;
#4096 = VECTOR ( 'NONE', #1168, 1000.000000000000000 ) ;
#4097 = ORIENTED_EDGE ( 'NONE', *, *, #2713, .T. ) ;
#4098 = DIRECTION ( 'NONE',  ( -1.000000000000000000, -0.000000000000000000, -0.000000000000000000 ) ) ;
#4099 = ORIENTED_EDGE ( 'NONE', *, *, #4645, .F. ) ;
#4100 = CIRCLE ( 'NONE', #4350, 1.250000000000733191 ) ;
#4101 = EDGE_CURVE ( 'NONE', #4745, #1096, #1580, .T. ) ;
#4102 = CARTESIAN_POINT ( 'NONE',  ( -17.73201039154588798, 9.229718588505949839, 30.00000000000000000 ) ) ;
#4103 = ORIENTED_EDGE ( 'NONE', *, *, #4550, .F. ) ;
#4104 = LINE ( 'NONE', #2094, #3557 ) ;
#4105 = LINE ( 'NONE', #4029, #2006 ) ;
#4106 = CYLINDRICAL_SURFACE ( 'NONE', #3503, 1.650000000000000355 ) ;
#4107 = AXIS2_PLACEMENT_3D ( 'NONE', #3781, #4617, #4637 ) ;
#4108 = VERTEX_POINT ( 'NONE', #1257 ) ;
#4109 = DIRECTION ( 'NONE',  ( 0.000000000000000000, 0.000000000000000000, 1.000000000000000000 ) ) ;
#4110 = CARTESIAN_POINT ( 'NONE',  ( 18.80000000000003979, -46.69999999999996021, -8.849999999999981881 ) ) ;
#4111 = VERTEX_POINT ( 'NONE', #534 ) ;
#4112 = AXIS2_PLACEMENT_3D ( 'NONE', #126, #4080, #4419 ) ;
#4113 = LINE ( 'NONE', #3378, #4177 ) ;
#4114 = EDGE_CURVE ( 'NONE', #722, #3203, #2508, .T. ) ;
#4115 = CIRCLE ( 'NONE', #3025, 1.249999999999269029 ) ;
#4116 = VERTEX_POINT ( 'NONE', #4931 ) ;
#4117 = DIRECTION ( 'NONE',  ( -1.000000000000000000, 0.000000000000000000, 0.000000000000000000 ) ) ;
#4118 = CARTESIAN_POINT ( 'NONE',  ( -19.99999999999999645, -28.99999999999999645, -27.00000000000000000 ) ) ;
#4119 = ORIENTED_EDGE ( 'NONE', *, *, #2767, .T. ) ;
#4120 = CARTESIAN_POINT ( 'NONE',  ( 20.00000000000000000, -54.99999999999999289, -27.00000000000000000 ) ) ;
#4121 = EDGE_CURVE ( 'NONE', #4179, #2694, #407, .T. ) ;
#4122 = ORIENTED_EDGE ( 'NONE', *, *, #2348, .F. ) ;
#4123 = CIRCLE ( 'NONE', #1843, 1.650000000000002132 ) ;
#4124 = LINE ( 'NONE', #1346, #1373 ) ;
#4125 = ORIENTED_EDGE ( 'NONE', *, *, #4132, .F. ) ;
#4126 = LINE ( 'NONE', #4468, #1075 ) ;
#4127 = EDGE_LOOP ( 'NONE', ( #2037, #4148, #2439, #3417 ) ) ;
#4128 = DIRECTION ( 'NONE',  ( -0.000000000000000000, -0.000000000000000000, 1.000000000000000000 ) ) ;
#4129 = DIRECTION ( 'NONE',  ( 1.000000000000000000, -0.000000000000000000, -0.000000000000000000 ) ) ;
#4130 = DIRECTION ( 'NONE',  ( 0.7071067811865477948, 0.7071067811865473507, 0.000000000000000000 ) ) ;
#4131 = VECTOR ( 'NONE', #1384, 1000.000000000000000 ) ;
#4132 = EDGE_CURVE ( 'NONE', #109, #795, #2520, .T. ) ;
#4133 = ORIENTED_EDGE ( 'NONE', *, *, #1447, .T. ) ;
#4134 = ORIENTED_EDGE ( 'NONE', *, *, #346, .F. ) ;
#4135 = VECTOR ( 'NONE', #259, 1000.000000000000000 ) ;
#4136 = DIRECTION ( 'NONE',  ( -0.000000000000000000, -0.000000000000000000, 1.000000000000000000 ) ) ;
#4137 = VERTEX_POINT ( 'NONE', #3634 ) ;
#4138 = DIRECTION ( 'NONE',  ( -0.000000000000000000, -0.000000000000000000, 1.000000000000000000 ) ) ;
#4139 = LINE ( 'NONE', #947, #1079 ) ;
#4140 = EDGE_CURVE ( 'NONE', #3256, #4613, #4126, .T. ) ;
#4141 = VERTEX_POINT ( 'NONE', #1645 ) ;
#4142 = CARTESIAN_POINT ( 'NONE',  ( 13.99999999999999112, -26.50000000000000355, -30.00000000000000000 ) ) ;
#4143 = LINE ( 'NONE', #526, #1641 ) ;
#4144 = VERTEX_POINT ( 'NONE', #937 ) ;
#4145 = DIRECTION ( 'NONE',  ( 0.000000000000000000, -1.000000000000000000, 1.045014142154684459E-15 ) ) ;
#4146 = EDGE_LOOP ( 'NONE', ( #400, #5116 ) ) ;
#4147 = CARTESIAN_POINT ( 'NONE',  ( 20.00000000000000000, -117.0000000000000000, 3.350000000000000533 ) ) ;
#4148 = ORIENTED_EDGE ( 'NONE', *, *, #4730, .T. ) ;
#4149 = LINE ( 'NONE', #2442, #4858 ) ;
#4150 = ADVANCED_FACE ( 'NONE', ( #3294 ), #121, .F. ) ;
#4151 = ORIENTED_EDGE ( 'NONE', *, *, #1387, .T. ) ;
#4152 = FACE_OUTER_BOUND ( 'NONE', #659, .T. ) ;
#4153 = CARTESIAN_POINT ( 'NONE',  ( -10.48855206734722323, 9.509820919957515883, 30.00000000000000000 ) ) ;
#4154 = LINE ( 'NONE', #496, #3918 ) ;
#4155 = ORIENTED_EDGE ( 'NONE', *, *, #1821, .T. ) ;
#4156 = VERTEX_POINT ( 'NONE', #4544 ) ;
#4157 =( NAMED_UNIT ( * ) PLANE_ANGLE_UNIT ( ) SI_UNIT ( $, .RADIAN. ) );
#4158 = EDGE_CURVE ( 'NONE', #3523, #3356, #911, .T. ) ;
#4159 = DIRECTION ( 'NONE',  ( 0.000000000000000000, 1.000000000000000000, 0.000000000000000000 ) ) ;
#4160 = ORIENTED_EDGE ( 'NONE', *, *, #2414, .F. ) ;
#4161 = CYLINDRICAL_SURFACE ( 'NONE', #642, 1.149999999999274936 ) ;
#4162 = DIRECTION ( 'NONE',  ( 0.000000000000000000, 0.000000000000000000, 1.000000000000000000 ) ) ;
#4163 = VECTOR ( 'NONE', #2264, 1000.000000000000000 ) ;
#4164 = ORIENTED_EDGE ( 'NONE', *, *, #340, .F. ) ;
#4165 = FACE_OUTER_BOUND ( 'NONE', #2237, .T. ) ;
#4166 = ADVANCED_FACE ( 'NONE', ( #511 ), #490, .T. ) ;
#4167 = CARTESIAN_POINT ( 'NONE',  ( 18.80000000000003979, -46.69999999999996021, -10.84999999999994813 ) ) ;
#4168 = VERTEX_POINT ( 'NONE', #4102 ) ;
#4169 = LINE ( 'NONE', #3312, #811 ) ;
#4170 = VECTOR ( 'NONE', #205, 1000.000000000000000 ) ;
#4172 = DIRECTION ( 'NONE',  ( -1.000000000000000000, 0.000000000000000000, 0.000000000000000000 ) ) ;
#4171 = AXIS2_PLACEMENT_3D ( 'NONE', #3515, #4686, #1424 ) ;
#4173 = ORIENTED_EDGE ( 'NONE', *, *, #3559, .T. ) ;
#4174 = DIRECTION ( 'NONE',  ( 1.000000000000000000, 0.000000000000000000, 0.000000000000000000 ) ) ;
#4175 = ORIENTED_EDGE ( 'NONE', *, *, #4588, .F. ) ;
#4176 = CARTESIAN_POINT ( 'NONE',  ( -14.00000000000000355, -26.50000000000000355, -30.00000000000000000 ) ) ;
#4177 = VECTOR ( 'NONE', #4480, 1000.000000000000000 ) ;
#4178 = AXIS2_PLACEMENT_3D ( 'NONE', #606, #3826, #2669 ) ;
#4179 = VERTEX_POINT ( 'NONE', #2546 ) ;
#4180 = CARTESIAN_POINT ( 'NONE',  ( 13.99999999999999645, -21.50000000000000000, -30.00000000000000000 ) ) ;
#4181 = DIRECTION ( 'NONE',  ( -1.000000000000000000, 0.000000000000000000, 0.000000000000000000 ) ) ;
#4182 = CYLINDRICAL_SURFACE ( 'NONE', #2653, 1.250000000002546852 ) ;
#4183 = VERTEX_POINT ( 'NONE', #2091 ) ;
#4184 = CARTESIAN_POINT ( 'NONE',  ( -7.999999999999958256, -113.4999999999999858, -5.000000000000000000 ) ) ;
#4185 = CARTESIAN_POINT ( 'NONE',  ( -0.7702814114940569334, 26.48201039154662340, 30.00000000000000000 ) ) ;
#4186 = DIRECTION ( 'NONE',  ( 1.000000000000000000, -0.000000000000000000, -0.000000000000000000 ) ) ;
#4187 = DIRECTION ( 'NONE',  ( -1.000000000000000000, 0.000000000000000000, 0.000000000000000000 ) ) ;
#4188 = CIRCLE ( 'NONE', #567, 2.149999999999999023 ) ;
#4189 = ORIENTED_EDGE ( 'NONE', *, *, #4641, .F. ) ;
#4190 = EDGE_CURVE ( 'NONE', #3476, #191, #2594, .T. ) ;
#4191 = CARTESIAN_POINT ( 'NONE',  ( -18.64999999999999858, -30.99999999999995737, -27.00000000000000000 ) ) ;
#4192 = DIRECTION ( 'NONE',  ( 0.000000000000000000, 0.000000000000000000, -1.000000000000000000 ) ) ;
#4193 = VERTEX_POINT ( 'NONE', #4857 ) ;
#4194 = CARTESIAN_POINT ( 'NONE',  ( -20.00000000000000000, 19.00000000000002487, 30.00000000000000000 ) ) ;
#4195 = AXIS2_PLACEMENT_3D ( 'NONE', #1440, #4604, #213 ) ;
#4196 = EDGE_CURVE ( 'NONE', #3022, #4904, #2763, .T. ) ;
#4197 = ORIENTED_EDGE ( 'NONE', *, *, #403, .T. ) ;
#4198 = AXIS2_PLACEMENT_3D ( 'NONE', #2482, #1341, #4949 ) ;
#4199 = CARTESIAN_POINT ( 'NONE',  ( -14.00000000000000355, -26.50000000000000355, 35.00000000000000000 ) ) ;
#4200 = EDGE_LOOP ( 'NONE', ( #4084, #4844, #829, #3405 ) ) ;
#4201 = EDGE_CURVE ( 'NONE', #5034, #971, #2888, .T. ) ;
#4202 = DIRECTION ( 'NONE',  ( 0.000000000000000000, 2.899914244479310235E-15, -1.000000000000000000 ) ) ;
#4203 = ORIENTED_EDGE ( 'NONE', *, *, #3732, .T. ) ;
#4204 = CYLINDRICAL_SURFACE ( 'NONE', #2196, 1.249999999997455813 ) ;
#4205 = DIRECTION ( 'NONE',  ( -1.000000000000000000, -0.000000000000000000, -0.000000000000000000 ) ) ;
#4206 = VECTOR ( 'NONE', #1196, 1000.000000000000000 ) ;
#4207 = FACE_OUTER_BOUND ( 'NONE', #2776, .T. ) ;
#4208 = ORIENTED_EDGE ( 'NONE', *, *, #1675, .T. ) ;
#4209 = CARTESIAN_POINT ( 'NONE',  ( 0.4901790800424890016, -0.4885520673472143471, 27.00000000000001066 ) ) ;
#4210 = CARTESIAN_POINT ( 'NONE',  ( 11.50000000000000000, -28.99999999999999289, -27.00000000000000000 ) ) ;
#4211 = DIRECTION ( 'NONE',  ( 1.000000000000000000, 0.000000000000000000, 0.000000000000000000 ) ) ;
#4212 = FACE_BOUND ( 'NONE', #2463, .T. ) ;
#4213 = EDGE_CURVE ( 'NONE', #2624, #1229, #4903, .T. ) ;
#4214 = VECTOR ( 'NONE', #1493, 1000.000000000000000 ) ;
#4215 = VERTEX_POINT ( 'NONE', #1694 ) ;
#4216 = DIRECTION ( 'NONE',  ( 0.000000000000000000, 0.000000000000000000, -1.000000000000000000 ) ) ;
#4217 = DIRECTION ( 'NONE',  ( 1.000000000000000000, 0.000000000000000000, 0.000000000000000000 ) ) ;
#4218 = EDGE_LOOP ( 'NONE', ( #801, #4724, #798, #2120 ) ) ;
#4219 = AXIS2_PLACEMENT_3D ( 'NONE', #3453, #4233, #1020 ) ;
#4220 = DIRECTION ( 'NONE',  ( 1.000000000000000000, -0.000000000000000000, -0.000000000000000000 ) ) ;
#4221 = LINE ( 'NONE', #1765, #2582 ) ;
#4222 = ORIENTED_EDGE ( 'NONE', *, *, #3795, .T. ) ;
#4223 = CARTESIAN_POINT ( 'NONE',  ( 18.80000000000003979, -46.69999999999996021, 10.84999999999994991 ) ) ;
#4224 = ORIENTED_EDGE ( 'NONE', *, *, #2419, .F. ) ;
#4225 = FACE_OUTER_BOUND ( 'NONE', #3246, .T. ) ;
#4226 = VERTEX_POINT ( 'NONE', #1278 ) ;
#4227 = CYLINDRICAL_SURFACE ( 'NONE', #4953, 1.250000000000733191 ) ;
#4228 = ADVANCED_FACE ( 'NONE', ( #1299 ), #2912, .F. ) ;
#4229 = DIRECTION ( 'NONE',  ( -0.000000000000000000, -0.000000000000000000, 1.000000000000000000 ) ) ;
#4230 = LINE ( 'NONE', #616, #4336 ) ;
#4231 = ORIENTED_EDGE ( 'NONE', *, *, #4132, .T. ) ;
#4232 = DIRECTION ( 'NONE',  ( 0.000000000000000000, 1.000000000000000000, 0.000000000000000000 ) ) ;
#4233 = DIRECTION ( 'NONE',  ( 0.000000000000000000, 1.000000000000000000, -0.000000000000000000 ) ) ;
#4234 = CARTESIAN_POINT ( 'NONE',  ( -7.999999999999958256, -113.4999999999999858, 3.349999999999999645 ) ) ;
#4235 = FACE_BOUND ( 'NONE', #2538, .T. ) ;
#4236 = ORIENTED_EDGE ( 'NONE', *, *, #4201, .T. ) ;
#4237 = CARTESIAN_POINT ( 'NONE',  ( -9.000000000000017764, -54.99999999999999289, 30.00000000000000000 ) ) ;
#4238 = CARTESIAN_POINT ( 'NONE',  ( 17.00000000000000000, -100.2699999999999960, -4.924999999999998934 ) ) ;
#4239 = ORIENTED_EDGE ( 'NONE', *, *, #2727, .F. ) ;
#4240 = AXIS2_PLACEMENT_3D ( 'NONE', #4635, #5030, #5053 ) ;
#4241 = CYLINDRICAL_SURFACE ( 'NONE', #4171, 1.650000000000000355 ) ;
#4242 = AXIS2_PLACEMENT_3D ( 'NONE', #3122, #4654, #2186 ) ;
#4243 = EDGE_CURVE ( 'NONE', #4640, #4453, #982, .T. ) ;
#4244 = LINE ( 'NONE', #636, #3423 ) ;
#4245 = ORIENTED_EDGE ( 'NONE', *, *, #2576, .F. ) ;
#4246 = AXIS2_PLACEMENT_3D ( 'NONE', #942, #3346, #4887 ) ;
#4248 = FACE_BOUND ( 'NONE', #2747, .T. ) ;
#4247 = CIRCLE ( 'NONE', #132, 1.150000000002567413 ) ;
#4249 = EDGE_LOOP ( 'NONE', ( #4239, #3595, #3551, #1233 ) ) ;
#4250 = FACE_OUTER_BOUND ( 'NONE', #1917, .T. ) ;
#4251 = VECTOR ( 'NONE', #3186, 1000.000000000000000 ) ;
#4252 = EDGE_CURVE ( 'NONE', #1514, #4269, #2968, .T. ) ;
#4253 = VERTEX_POINT ( 'NONE', #5032 ) ;
#4254 = CARTESIAN_POINT ( 'NONE',  ( -9.999999999999998224, -117.0000000000000000, 3.350000000000000533 ) ) ;
#4255 = ORIENTED_EDGE ( 'NONE', *, *, #5112, .T. ) ;
#4256 = EDGE_CURVE ( 'NONE', #1570, #3099, #2927, .T. ) ;
#4257 = CIRCLE ( 'NONE', #4764, 2.150000000000004352 ) ;
#4258 = PLANE ( 'NONE',  #2341 ) ;
#4259 = CARTESIAN_POINT ( 'NONE',  ( -0.7702814114940569334, 26.48201039154662340, -50.00000000000000000 ) ) ;
#4260 = AXIS2_PLACEMENT_3D ( 'NONE', #1951, #1977, #1634 ) ;
#4261 = EDGE_LOOP ( 'NONE', ( #2478, #4071, #504, #268 ) ) ;
#4262 = DIRECTION ( 'NONE',  ( 1.000000000000000000, 0.000000000000000000, 0.000000000000000000 ) ) ;
#4263 = DIRECTION ( 'NONE',  ( 0.000000000000000000, -1.000000000000000000, 2.717036769602218328E-15 ) ) ;
#4264 = CARTESIAN_POINT ( 'NONE',  ( 16.48201039154661984, 10.77028141149406260, -27.00000000000000000 ) ) ;
#4265 = CYLINDRICAL_SURFACE ( 'NONE', #4449, 4.000000000000000000 ) ;
#4266 = VERTEX_POINT ( 'NONE', #3415 ) ;
#4267 = DIRECTION ( 'NONE',  ( -0.000000000000000000, 0.000000000000000000, 1.000000000000000000 ) ) ;
#4268 = DIRECTION ( 'NONE',  ( -0.7071067811865473507, 0.7071067811865477948, 0.000000000000000000 ) ) ;
#4269 = VERTEX_POINT ( 'NONE', #959 ) ;
#4270 = CARTESIAN_POINT ( 'NONE',  ( -19.99999999999999645, 30.00000000000000711, 27.00000000000000355 ) ) ;
#4271 = EDGE_CURVE ( 'NONE', #1846, #2640, #4025, .T. ) ;
#4272 = AXIS2_PLACEMENT_3D ( 'NONE', #2864, #3687, #886 ) ;
#4273 = LINE ( 'NONE', #4661, #4431 ) ;
#4274 = VERTEX_POINT ( 'NONE', #2247 ) ;
#4275 = LINE ( 'NONE', #4719, #4988 ) ;
#4276 = VERTEX_POINT ( 'NONE', #5055 ) ;
#4277 = AXIS2_PLACEMENT_3D ( 'NONE', #1469, #2287, #1836 ) ;
#4278 = VECTOR ( 'NONE', #2817, 1000.000000000000000 ) ;
#4279 = DIRECTION ( 'NONE',  ( 1.000000000000000000, 0.000000000000000000, 0.000000000000000000 ) ) ;
#4280 = ORIENTED_EDGE ( 'NONE', *, *, #4659, .T. ) ;
#4281 = CARTESIAN_POINT ( 'NONE',  ( -17.00000000000000355, -10.99999999999995737, 30.00000000000000000 ) ) ;
#4282 = ORIENTED_EDGE ( 'NONE', *, *, #2632, .F. ) ;
#4283 = DIRECTION ( 'NONE',  ( 1.000000000000000000, 0.000000000000000000, 0.000000000000000000 ) ) ;
#4284 = ADVANCED_FACE ( 'NONE', ( #585 ), #1455, .F. ) ;
#4285 = CARTESIAN_POINT ( 'NONE',  ( 8.550840296494985893, -56.61321960076969617, -27.00000000000000000 ) ) ;
#4286 = VERTEX_POINT ( 'NONE', #2194 ) ;
#4287 = VECTOR ( 'NONE', #2758, 1000.000000000000000 ) ;
#4288 = FACE_OUTER_BOUND ( 'NONE', #2920, .T. ) ;
#4289 = CARTESIAN_POINT ( 'NONE',  ( -14.00000000000000355, -26.50000000000000355, -26.99999999999999645 ) ) ;
#4290 = CARTESIAN_POINT ( 'NONE',  ( 0.7702814114940549350, -6.482010391546610961, -27.00000000000000000 ) ) ;
#4291 = CARTESIAN_POINT ( 'NONE',  ( -3.750000000000014211, -3.750000000000021316, 30.00000000000000000 ) ) ;
#4292 = VERTEX_POINT ( 'NONE', #250 ) ;
#4293 = LINE ( 'NONE', #4683, #3861 ) ;
#4294 = FACE_OUTER_BOUND ( 'NONE', #2977, .T. ) ;
#4295 = ORIENTED_EDGE ( 'NONE', *, *, #4469, .F. ) ;
#4296 = DIRECTION ( 'NONE',  ( 1.000000000000000000, 0.000000000000000000, 0.000000000000000000 ) ) ;
#4297 = VECTOR ( 'NONE', #4001, 1000.000000000000000 ) ;
#4298 = CARTESIAN_POINT ( 'NONE',  ( 3.000000000000046185, -46.49999999999999289, 27.00000000000000355 ) ) ;
#4299 = EDGE_CURVE ( 'NONE', #4997, #1275, #2996, .T. ) ;
#4300 = ORIENTED_EDGE ( 'NONE', *, *, #2336, .T. ) ;
#4301 = AXIS2_PLACEMENT_3D ( 'NONE', #3533, #3116, #5123 ) ;
#4302 = FACE_BOUND ( 'NONE', #1899, .T. ) ;
#4303 = ORIENTED_EDGE ( 'NONE', *, *, #3208, .T. ) ;
#4304 = DIRECTION ( 'NONE',  ( 1.000000000000000000, 0.000000000000000000, 0.000000000000000000 ) ) ;
#4305 = CARTESIAN_POINT ( 'NONE',  ( -19.99999999999999645, 19.00000000000002487, -26.99999999999999645 ) ) ;
#4306 = VERTEX_POINT ( 'NONE', #3073 ) ;
#4307 = DIRECTION ( 'NONE',  ( 1.000000000000000000, 0.000000000000000000, 0.000000000000000000 ) ) ;
#4308 = ORIENTED_EDGE ( 'NONE', *, *, #535, .T. ) ;
#4309 = DIRECTION ( 'NONE',  ( -0.7071067811865482389, 0.7071067811865469066, 0.000000000000000000 ) ) ;
#4310 = CARTESIAN_POINT ( 'NONE',  ( -9.000000000000017764, -54.99999999999999289, 47.22374841615668828 ) ) ;
#4311 = ORIENTED_EDGE ( 'NONE', *, *, #2114, .F. ) ;
#4312 = FACE_OUTER_BOUND ( 'NONE', #4127, .T. ) ;
#4313 = LINE ( 'NONE', #3613, #5049 ) ;
#4314 = DIRECTION ( 'NONE',  ( -0.000000000000000000, -0.000000000000000000, 1.000000000000000000 ) ) ;
#4315 = FACE_BOUND ( 'NONE', #2628, .T. ) ;
#4316 = EDGE_CURVE ( 'NONE', #4849, #718, #1009, .T. ) ;
#4317 = ORIENTED_EDGE ( 'NONE', *, *, #3056, .T. ) ;
#4318 = LINE ( 'NONE', #4653, #3948 ) ;
#4319 = DIRECTION ( 'NONE',  ( 1.000000000000000000, 0.000000000000000000, 0.000000000000000000 ) ) ;
#4320 = VERTEX_POINT ( 'NONE', #641 ) ;
#4321 = DIRECTION ( 'NONE',  ( 1.000000000000000000, 0.000000000000000000, 0.000000000000000000 ) ) ;
#4322 = CARTESIAN_POINT ( 'NONE',  ( -11.50000000000000533, -19.00000000000000355, -26.99999999999999645 ) ) ;
#4323 = EDGE_LOOP ( 'NONE', ( #4634, #3270 ) ) ;
#4324 = CIRCLE ( 'NONE', #4240, 4.000000000000000000 ) ;
#4325 = DIRECTION ( 'NONE',  ( 0.000000000000000000, 0.000000000000000000, 1.000000000000000000 ) ) ;
#4326 = ORIENTED_EDGE ( 'NONE', *, *, #1258, .T. ) ;
#4327 = LINE ( 'NONE', #4180, #1773 ) ;
#4328 = VECTOR ( 'NONE', #425, 1000.000000000000000 ) ;
#4329 = FACE_BOUND ( 'NONE', #1272, .T. ) ;
#4330 = CIRCLE ( 'NONE', #4749, 1.250000000000733191 ) ;
#4331 = ORIENTED_EDGE ( 'NONE', *, *, #2488, .F. ) ;
#4332 = CARTESIAN_POINT ( 'NONE',  ( 10.48855206734722323, 10.49017908004249833, -50.00000000000000000 ) ) ;
#4333 = VERTEX_POINT ( 'NONE', #2569 ) ;
#4334 = CARTESIAN_POINT ( 'NONE',  ( -0.7702814114940569334, 26.48201039154662340, -50.00000000000000000 ) ) ;
#4335 = CARTESIAN_POINT ( 'NONE',  ( -14.00000000000000355, -26.50000000000000355, 27.00000000000000355 ) ) ;
#4336 = VECTOR ( 'NONE', #3081, 1000.000000000000000 ) ;
#4337 = EDGE_CURVE ( 'NONE', #3336, #3414, #2139, .T. ) ;
#4338 = EDGE_CURVE ( 'NONE', #2384, #846, #3443, .T. ) ;
#4339 = ORIENTED_EDGE ( 'NONE', *, *, #2657, .F. ) ;
#4340 = VECTOR ( 'NONE', #2353, 1000.000000000000000 ) ;
#4341 = CARTESIAN_POINT ( 'NONE',  ( 17.00000000000000000, -100.2699999999999960, 2.774999999999996803 ) ) ;
#4342 = CARTESIAN_POINT ( 'NONE',  ( -0.4901790800424903338, 20.48855206734722501, 27.00000000000001066 ) ) ;
#4343 = DIRECTION ( 'NONE',  ( -1.000000000000000000, 0.000000000000000000, 0.000000000000000000 ) ) ;
#4344 = LINE ( 'NONE', #3952, #1170 ) ;
#4345 = AXIS2_PLACEMENT_3D ( 'NONE', #1022, #3791, #4211 ) ;
#4346 = ORIENTED_EDGE ( 'NONE', *, *, #1051, .F. ) ;
#4347 = LINE ( 'NONE', #3981, #3617 ) ;
#4348 = CARTESIAN_POINT ( 'NONE',  ( 0.4901790800424890016, -0.4885520673472143471, -50.00000000000000000 ) ) ;
#4349 = EDGE_LOOP ( 'NONE', ( #3605, #3566 ) ) ;
#4350 = AXIS2_PLACEMENT_3D ( 'NONE', #4642, #3055, #3471 ) ;
#4351 = DIRECTION ( 'NONE',  ( -1.000000000000000000, 0.000000000000000000, 0.000000000000000000 ) ) ;
#4352 = EDGE_CURVE ( 'NONE', #2270, #431, #2673, .T. ) ;
#4353 = ADVANCED_FACE ( 'NONE', ( #201 ), #1797, .F. ) ;
#4354 = EDGE_LOOP ( 'NONE', ( #4456, #5172 ) ) ;
#4355 = PLANE ( 'NONE',  #628 ) ;
#4356 = ORIENTED_EDGE ( 'NONE', *, *, #1169, .T. ) ;
#4357 = CARTESIAN_POINT ( 'NONE',  ( -9.999999999999998224, -117.0000000000000000, -5.000000000000000000 ) ) ;
#4358 = VECTOR ( 'NONE', #3603, 1000.000000000000000 ) ;
#4359 = DIRECTION ( 'NONE',  ( 0.000000000000000000, 0.000000000000000000, 1.000000000000000000 ) ) ;
#4360 = EDGE_CURVE ( 'NONE', #697, #4333, #69, .T. ) ;
#4361 = ORIENTED_EDGE ( 'NONE', *, *, #3339, .F. ) ;
#4362 = VECTOR ( 'NONE', #3939, 1000.000000000000000 ) ;
#4363 = CARTESIAN_POINT ( 'NONE',  ( -10.99999999999995737, -46.49999999999999289, -27.00000000000001066 ) ) ;
#4364 = ORIENTED_EDGE ( 'NONE', *, *, #3063, .F. ) ;
#4365 = EDGE_CURVE ( 'NONE', #466, #2924, #2426, .T. ) ;
#4366 = DIRECTION ( 'NONE',  ( -0.000000000000000000, -0.000000000000000000, 1.000000000000000000 ) ) ;
#4367 = CARTESIAN_POINT ( 'NONE',  ( -17.00000000000000000, -30.99999999999995737, 30.00000000000000000 ) ) ;
#4368 = ORIENTED_EDGE ( 'NONE', *, *, #682, .F. ) ;
#4369 = EDGE_CURVE ( 'NONE', #2503, #4392, #1035, .T. ) ;
#4370 = CARTESIAN_POINT ( 'NONE',  ( 0.4901790800424890016, -0.4885520673472143471, 27.00000000000001066 ) ) ;
#4371 = LINE ( 'NONE', #3950, #2368 ) ;
#4372 = DIRECTION ( 'NONE',  ( 1.000000000000000000, 0.000000000000000000, 0.000000000000000000 ) ) ;
#4373 = FACE_OUTER_BOUND ( 'NONE', #3237, .T. ) ;
#4374 = ORIENTED_EDGE ( 'NONE', *, *, #3038, .F. ) ;
#4375 = ADVANCED_FACE ( 'NONE', ( #4225 ), #612, .F. ) ;
#4376 = DIRECTION ( 'NONE',  ( 0.000000000000000000, 0.000000000000000000, -1.000000000000000000 ) ) ;
#4377 = LINE ( 'NONE', #2746, #2056 ) ;
#4378 = ORIENTED_EDGE ( 'NONE', *, *, #2207, .T. ) ;
#4379 = LINE ( 'NONE', #3207, #2662 ) ;
#4380 = ADVANCED_FACE ( 'NONE', ( #4250 ), #3991, .F. ) ;
#4381 = ORIENTED_EDGE ( 'NONE', *, *, #3804, .T. ) ;
#4382 = CYLINDRICAL_SURFACE ( 'NONE', #3829, 1.249999999999267253 ) ;
#4383 = ORIENTED_EDGE ( 'NONE', *, *, #2417, .T. ) ;
#4384 = DIRECTION ( 'NONE',  ( 0.000000000000000000, -1.000000000000000000, -6.270084852928195306E-16 ) ) ;
#4385 = DIRECTION ( 'NONE',  ( 1.000000000000000000, 1.734723475976807341E-16, -0.000000000000000000 ) ) ;
#4386 = ORIENTED_EDGE ( 'NONE', *, *, #3904, .T. ) ;
#4387 = AXIS2_PLACEMENT_3D ( 'NONE', #3475, #3376, #1044 ) ;
#4388 = LINE ( 'NONE', #4411, #1133 ) ;
#4389 = ORIENTED_EDGE ( 'NONE', *, *, #3264, .F. ) ;
#4390 = VECTOR ( 'NONE', #3377, 1000.000000000000000 ) ;
#4391 = CARTESIAN_POINT ( 'NONE',  ( -7.999999999999958256, -113.4999999999999858, -3.349999999999999645 ) ) ;
#4392 = VERTEX_POINT ( 'NONE', #1512 ) ;
#4393 = CARTESIAN_POINT ( 'NONE',  ( -17.00000000000000355, -0.9999999999999574785, -40.00000000000000711 ) ) ;
#4394 = PLANE ( 'NONE',  #2623 ) ;
#4395 = DIRECTION ( 'NONE',  ( -1.000000000000000000, 0.000000000000000000, 0.000000000000000000 ) ) ;
#4396 = DIRECTION ( 'NONE',  ( 1.000000000000000000, 0.000000000000000000, 0.000000000000000000 ) ) ;
#4397 = ORIENTED_EDGE ( 'NONE', *, *, #3911, .F. ) ;
#4398 = DIRECTION ( 'NONE',  ( 0.000000000000000000, 0.000000000000000000, -1.000000000000000000 ) ) ;
#4399 = DIRECTION ( 'NONE',  ( -1.000000000000000000, 0.000000000000000000, 0.000000000000000000 ) ) ;
#4400 = ORIENTED_EDGE ( 'NONE', *, *, #1676, .T. ) ;
#4401 = DIRECTION ( 'NONE',  ( 0.000000000000000000, 1.000000000000000000, 0.000000000000000000 ) ) ;
#4402 = MECHANICAL_DESIGN_GEOMETRIC_PRESENTATION_REPRESENTATION (  '', ( #699 ), #278 ) ;
#4403 = EDGE_CURVE ( 'NONE', #2723, #2703, #2675, .T. ) ;
#4404 = ORIENTED_EDGE ( 'NONE', *, *, #1532, .T. ) ;
#4405 = FACE_OUTER_BOUND ( 'NONE', #439, .T. ) ;
#4406 = ORIENTED_EDGE ( 'NONE', *, *, #3258, .T. ) ;
#4407 = DIRECTION ( 'NONE',  ( 1.000000000000000000, 0.000000000000000000, -0.000000000000000000 ) ) ;
#4408 = CARTESIAN_POINT ( 'NONE',  ( 8.550840296494985893, -120.0000000000000000, -27.00000000000000000 ) ) ;
#4409 = EDGE_CURVE ( 'NONE', #3708, #574, #668, .T. ) ;
#4410 = VERTEX_POINT ( 'NONE', #5163 ) ;
#4411 = CARTESIAN_POINT ( 'NONE',  ( 18.80000000000003979, -105.2999999999999972, 1.000000000000039080 ) ) ;
#4412 = ORIENTED_EDGE ( 'NONE', *, *, #3091, .T. ) ;
#4413 = CIRCLE ( 'NONE', #4743, 1.150000000000725109 ) ;
#4414 = CARTESIAN_POINT ( 'NONE',  ( 11.63855206734794834, 10.49017908004249833, 30.00000000000000000 ) ) ;
#4415 = AXIS2_PLACEMENT_3D ( 'NONE', #4238, #3066, #4192 ) ;
#4416 = VERTEX_POINT ( 'NONE', #1147 ) ;
#4417 = EDGE_CURVE ( 'NONE', #2924, #466, #4937, .T. ) ;
#4418 = CYLINDRICAL_SURFACE ( 'NONE', #184, 1.650000000000000355 ) ;
#4419 = DIRECTION ( 'NONE',  ( 1.000000000000000000, 0.000000000000000000, 0.000000000000000000 ) ) ;
#4420 = PLANE ( 'NONE',  #4675 ) ;
#4421 = LINE ( 'NONE', #2770, #3529 ) ;
#4422 = EDGE_CURVE ( 'NONE', #1883, #2384, #1985, .T. ) ;
#4423 = VECTOR ( 'NONE', #1661, 1000.000000000000000 ) ;
#4424 = CARTESIAN_POINT ( 'NONE',  ( 14.65000000000000036, -115.9999999999999858, -30.00000000000000000 ) ) ;
#4425 = ORIENTED_EDGE ( 'NONE', *, *, #2726, .F. ) ;
#4426 = DIRECTION ( 'NONE',  ( 0.000000000000000000, 0.000000000000000000, -1.000000000000000000 ) ) ;
#4427 = PLANE ( 'NONE',  #210 ) ;
#4428 = ORIENTED_EDGE ( 'NONE', *, *, #1778, .T. ) ;
#4429 = DIRECTION ( 'NONE',  ( -1.000000000000000000, 0.000000000000000000, 0.000000000000000000 ) ) ;
#4430 = CIRCLE ( 'NONE', #4012, 1.150000000000725109 ) ;
#4431 = VECTOR ( 'NONE', #2189, 1000.000000000000000 ) ;
#4432 = VERTEX_POINT ( 'NONE', #1875 ) ;
#4433 = DIRECTION ( 'NONE',  ( 0.000000000000000000, 0.000000000000000000, 1.000000000000000000 ) ) ;
#4434 = EDGE_LOOP ( 'NONE', ( #1534, #1011, #4231, #397 ) ) ;
#4435 = ADVANCED_FACE ( 'NONE', ( #3493 ), #3573, .F. ) ;
#4436 = CARTESIAN_POINT ( 'NONE',  ( 2.020281411491510859, -6.482010391546610961, -50.00000000000000000 ) ) ;
#4437 = CARTESIAN_POINT ( 'NONE',  ( -19.99999999999999645, -46.61321960076966064, -27.00000000000000000 ) ) ;
#4438 = EDGE_CURVE ( 'NONE', #4573, #374, #2167, .T. ) ;
#4439 = ORIENTED_EDGE ( 'NONE', *, *, #864, .T. ) ;
#4440 = DIRECTION ( 'NONE',  ( 0.000000000000000000, -0.000000000000000000, 1.000000000000000000 ) ) ;
#4441 = EDGE_LOOP ( 'NONE', ( #2522, #3961, #2530, #3514 ) ) ;
#4442 = DIRECTION ( 'NONE',  ( -0.000000000000000000, 1.000000000000000000, -0.000000000000000000 ) ) ;
#4443 = EDGE_CURVE ( 'NONE', #3681, #4144, #2170, .T. ) ;
#4444 = EDGE_CURVE ( 'NONE', #584, #3857, #1121, .T. ) ;
#4445 = AXIS2_PLACEMENT_3D ( 'NONE', #2706, #1127, #2416 ) ;
#4446 = VERTEX_POINT ( 'NONE', #5081 ) ;
#4447 = FACE_BOUND ( 'NONE', #4501, .T. ) ;
#4448 = CARTESIAN_POINT ( 'NONE',  ( 8.550840296494985893, -56.61321960076969617, -37.00000000000000000 ) ) ;
#4449 = AXIS2_PLACEMENT_3D ( 'NONE', #625, #1048, #287 ) ;
#4450 = DIRECTION ( 'NONE',  ( -0.000000000000000000, -0.000000000000000000, 1.000000000000000000 ) ) ;
#4451 = AXIS2_PLACEMENT_3D ( 'NONE', #926, #575, #1290 ) ;
#4452 = PLANE ( 'NONE',  #3125 ) ;
#4453 = VERTEX_POINT ( 'NONE', #4305 ) ;
#4454 = LINE ( 'NONE', #3204, #3028 ) ;
#4455 = CARTESIAN_POINT ( 'NONE',  ( 17.00000000000004974, -50.84999999999999432, -4.924999999999998934 ) ) ;
#4456 = ORIENTED_EDGE ( 'NONE', *, *, #4438, .F. ) ;
#4457 = LINE ( 'NONE', #851, #3510 ) ;
#4458 = ORIENTED_EDGE ( 'NONE', *, *, #2889, .T. ) ;
#4459 = EDGE_CURVE ( 'NONE', #58, #542, #695, .T. ) ;
#4460 = DIRECTION ( 'NONE',  ( 0.000000000000000000, 0.000000000000000000, 1.000000000000000000 ) ) ;
#4461 = VERTEX_POINT ( 'NONE', #3522 ) ;
#4462 = AXIS2_PLACEMENT_3D ( 'NONE', #4780, #1228, #2382 ) ;
#4463 = DIRECTION ( 'NONE',  ( -0.000000000000000000, -1.000000000000000000, 1.156482317317870344E-15 ) ) ;
#4464 = EDGE_CURVE ( 'NONE', #3710, #4137, #5192, .T. ) ;
#4465 = VERTEX_POINT ( 'NONE', #5111 ) ;
#4466 = CARTESIAN_POINT ( 'NONE',  ( 17.00000000000000000, -100.2699999999999960, 14.77499999999999858 ) ) ;
#4467 = ORIENTED_EDGE ( 'NONE', *, *, #667, .T. ) ;
#4468 = CARTESIAN_POINT ( 'NONE',  ( -19.99999999999999645, -120.0000000000000000, -27.00000000000000000 ) ) ;
#4469 = EDGE_CURVE ( 'NONE', #2087, #1136, #3187, .T. ) ;
#4470 = VECTOR ( 'NONE', #284, 1000.000000000000000 ) ;
#4471 = EDGE_LOOP ( 'NONE', ( #5031, #3133, #2935, #1139 ) ) ;
#4472 = AXIS2_PLACEMENT_3D ( 'NONE', #3223, #310, #1940 ) ;
#4473 = DIRECTION ( 'NONE',  ( 0.000000000000000000, -2.090028284309402051E-16, -1.000000000000000000 ) ) ;
#4474 = DIRECTION ( 'NONE',  ( 0.000000000000000000, 0.000000000000000000, -1.000000000000000000 ) ) ;
#4475 = DIRECTION ( 'NONE',  ( 0.000000000000000000, 1.000000000000000000, -0.000000000000000000 ) ) ;
#4476 = PLANE ( 'NONE',  #2283 ) ;
#4477 = ORIENTED_EDGE ( 'NONE', *, *, #3020, .T. ) ;
#4478 = CARTESIAN_POINT ( 'NONE',  ( 0.4797185885084898627, 26.48201039154662340, -50.00000000000000000 ) ) ;
#4479 = ORIENTED_EDGE ( 'NONE', *, *, #887, .F. ) ;
#4480 = DIRECTION ( 'NONE',  ( -1.000000000000000000, -0.000000000000000000, -0.000000000000000000 ) ) ;
#4481 = EDGE_LOOP ( 'NONE', ( #4224, #4866, #1878, #382 ) ) ;
#4482 = EDGE_CURVE ( 'NONE', #777, #2703, #755, .T. ) ;
#4483 = FACE_OUTER_BOUND ( 'NONE', #4951, .T. ) ;
#4484 = PLANE ( 'NONE',  #1719 ) ;
#4485 = ORIENTED_EDGE ( 'NONE', *, *, #3894, .F. ) ;
#4486 = DIRECTION ( 'NONE',  ( -1.000000000000000000, 0.000000000000000000, 0.000000000000000000 ) ) ;
#4487 = ORIENTED_EDGE ( 'NONE', *, *, #3119, .T. ) ;
#4488 = DIRECTION ( 'NONE',  ( -0.000000000000000000, -0.000000000000000000, -1.000000000000000000 ) ) ;
#4489 = ORIENTED_EDGE ( 'NONE', *, *, #4735, .F. ) ;
#4490 = ADVANCED_FACE ( 'NONE', ( #2354 ), #3965, .F. ) ;
#4491 = DIRECTION ( 'NONE',  ( 0.000000000000000000, 0.000000000000000000, -1.000000000000000000 ) ) ;
#4492 = EDGE_CURVE ( 'NONE', #5034, #3338, #1565, .T. ) ;
#4493 = ORIENTED_EDGE ( 'NONE', *, *, #1051, .T. ) ;
#4494 = CIRCLE ( 'NONE', #3495, 1.650000000000000355 ) ;
#4495 = LINE ( 'NONE', #1304, #1350 ) ;
#4496 = DIRECTION ( 'NONE',  ( -1.000000000000000000, 0.000000000000000000, 0.000000000000000000 ) ) ;
#4497 = CARTESIAN_POINT ( 'NONE',  ( 10.00000000000000000, -100.2699999999999960, -14.77499999999999858 ) ) ;
#4498 = CIRCLE ( 'NONE', #4415, 2.150000000000002576 ) ;
#4499 = ADVANCED_FACE ( 'NONE', ( #1485 ), #3910, .F. ) ;
#4500 = VECTOR ( 'NONE', #2984, 1000.000000000000000 ) ;
#4501 = EDGE_LOOP ( 'NONE', ( #4164, #14, #3167, #321, #3704, #73, #2184, #3731 ) ) ;
#4502 = PLANE ( 'NONE',  #541 ) ;
#4503 = ORIENTED_EDGE ( 'NONE', *, *, #1397, .T. ) ;
#4504 = ADVANCED_FACE ( 'NONE', ( #4329, #2558, #166, #3239, #4556, #2532, #3655 ), #4019, .F. ) ;
#4505 = CARTESIAN_POINT ( 'NONE',  ( 10.00000000000000000, -100.2699999999999960, -4.924999999999998934 ) ) ;
#4506 = ORIENTED_EDGE ( 'NONE', *, *, #4856, .T. ) ;
#4507 = FACE_BOUND ( 'NONE', #1976, .T. ) ;
#4508 = VECTOR ( 'NONE', #2638, 1000.000000000000000 ) ;
#4509 = CARTESIAN_POINT ( 'NONE',  ( 10.00000000000000000, -100.2699999999999960, 2.774999999999996803 ) ) ;
#4510 = ORIENTED_EDGE ( 'NONE', *, *, #5080, .F. ) ;
#4511 = ADVANCED_FACE ( 'NONE', ( #1757 ), #4946, .F. ) ;
#4512 = DIRECTION ( 'NONE',  ( 0.000000000000000000, -1.000000000000000000, 0.000000000000000000 ) ) ;
#4513 = ADVANCED_FACE ( 'NONE', ( #4827 ), #1703, .F. ) ;
#4514 = AXIS2_PLACEMENT_3D ( 'NONE', #3162, #733, #3080 ) ;
#4515 = VECTOR ( 'NONE', #2898, 1000.000000000000000 ) ;
#4516 = AXIS2_PLACEMENT_3D ( 'NONE', #1030, #3018, #1792 ) ;
#4517 = ORIENTED_EDGE ( 'NONE', *, *, #79, .F. ) ;
#4518 = LINE ( 'NONE', #4199, #2219 ) ;
#4519 = EDGE_LOOP ( 'NONE', ( #601, #3974, #1692, #2324 ) ) ;
#4520 = CARTESIAN_POINT ( 'NONE',  ( 0.4901790800424890016, -0.4885520673472143471, -50.00000000000000000 ) ) ;
#4521 = ORIENTED_EDGE ( 'NONE', *, *, #3462, .T. ) ;
#4522 = EDGE_CURVE ( 'NONE', #1025, #896, #2979, .T. ) ;
#4523 = DIRECTION ( 'NONE',  ( 0.000000000000000000, -6.938893903907085594E-15, 1.000000000000000000 ) ) ;
#4524 = DIRECTION ( 'NONE',  ( -0.000000000000000000, -0.000000000000000000, 1.000000000000000000 ) ) ;
#4525 = DIRECTION ( 'NONE',  ( 1.000000000000000000, 0.000000000000000000, 0.000000000000000000 ) ) ;
#4526 = VECTOR ( 'NONE', #703, 1000.000000000000000 ) ;
#4527 = EDGE_CURVE ( 'NONE', #4193, #2891, #433, .T. ) ;
#4528 = ORIENTED_EDGE ( 'NONE', *, *, #2937, .F. ) ;
#4529 = AXIS2_PLACEMENT_3D ( 'NONE', #4992, #2409, #1388 ) ;
#4530 = LINE ( 'NONE', #848, #4549 ) ;
#4531 = EDGE_LOOP ( 'NONE', ( #5058, #546 ) ) ;
#4532 = DIRECTION ( 'NONE',  ( -1.000000000000000000, 0.000000000000000000, -0.000000000000000000 ) ) ;
#4533 = CARTESIAN_POINT ( 'NONE',  ( -7.999999999999958256, -113.4999999999999858, -5.000000000000000000 ) ) ;
#4534 = ORIENTED_EDGE ( 'NONE', *, *, #361, .F. ) ;
#4535 = DIRECTION ( 'NONE',  ( 1.734723475976807341E-16, -1.000000000000000000, 0.000000000000000000 ) ) ;
#4536 = DIRECTION ( 'NONE',  ( 0.000000000000000000, -1.000000000000000000, 0.000000000000000000 ) ) ;
#4537 = ORIENTED_EDGE ( 'NONE', *, *, #129, .T. ) ;
#4538 = EDGE_CURVE ( 'NONE', #3183, #1667, #2126, .T. ) ;
#4539 = CARTESIAN_POINT ( 'NONE',  ( 17.00000000000003908, -54.99999999999999289, -0.9999999999999861222 ) ) ;
#4540 = VECTOR ( 'NONE', #2302, 1000.000000000000000 ) ;
#4541 = ORIENTED_EDGE ( 'NONE', *, *, #805, .F. ) ;
#4542 = LINE ( 'NONE', #4956, #799 ) ;
#4543 = ORIENTED_EDGE ( 'NONE', *, *, #880, .F. ) ;
#4544 = CARTESIAN_POINT ( 'NONE',  ( -18.65000000000000568, -10.99999999999995737, 30.00000000000000000 ) ) ;
#4545 = ORIENTED_EDGE ( 'NONE', *, *, #1240, .F. ) ;
#4546 = FACE_BOUND ( 'NONE', #935, .T. ) ;
#4547 = FACE_OUTER_BOUND ( 'NONE', #2375, .T. ) ;
#4548 = CARTESIAN_POINT ( 'NONE',  ( 18.80000000000003979, -46.69999999999996021, -8.849999999999981881 ) ) ;
#4549 = VECTOR ( 'NONE', #1700, 1000.000000000000000 ) ;
#4550 = EDGE_CURVE ( 'NONE', #179, #849, #4139, .T. ) ;
#4551 = ORIENTED_EDGE ( 'NONE', *, *, #3189, .F. ) ;
#4552 = VECTOR ( 'NONE', #1329, 1000.000000000000000 ) ;
#4553 = LINE ( 'NONE', #4064, #2275 ) ;
#4554 = ORIENTED_EDGE ( 'NONE', *, *, #704, .F. ) ;
#4555 = LINE ( 'NONE', #899, #4593 ) ;
#4556 = FACE_BOUND ( 'NONE', #1516, .T. ) ;
#4557 = EDGE_CURVE ( 'NONE', #3831, #1343, #3745, .T. ) ;
#4558 = EDGE_LOOP ( 'NONE', ( #2356, #1347, #643, #1101 ) ) ;
#4559 = CARTESIAN_POINT ( 'NONE',  ( 18.80000000000003979, -54.99999999999999289, -10.84999999999996767 ) ) ;
#4560 = DIRECTION ( 'NONE',  ( -1.000000000000000000, 0.000000000000000000, 0.000000000000000000 ) ) ;
#4561 = ORIENTED_EDGE ( 'NONE', *, *, #4877, .T. ) ;
#4562 = CARTESIAN_POINT ( 'NONE',  ( -9.999999999999998224, -117.0000000000000000, -6.649999999999999467 ) ) ;
#4563 = FACE_OUTER_BOUND ( 'NONE', #3411, .T. ) ;
#4564 = ORIENTED_EDGE ( 'NONE', *, *, #3990, .T. ) ;
#4565 = DIRECTION ( 'NONE',  ( 0.000000000000000000, 1.000000000000000000, 0.000000000000000000 ) ) ;
#4566 = VERTEX_POINT ( 'NONE', #137 ) ;
#4567 = DIRECTION ( 'NONE',  ( 0.000000000000000000, 0.000000000000000000, -1.000000000000000000 ) ) ;
#4568 = EDGE_LOOP ( 'NONE', ( #2352, #1658 ) ) ;
#4569 = CARTESIAN_POINT ( 'NONE',  ( 14.65000000000000036, -115.9999999999999858, -62.00000000000000000 ) ) ;
#4570 = CARTESIAN_POINT ( 'NONE',  ( -11.50000000000000355, -28.99999999999999645, 35.00000000000000000 ) ) ;
#4571 = DIRECTION ( 'NONE',  ( 1.000000000000000000, 0.000000000000000000, 0.000000000000000000 ) ) ;
#4572 = EDGE_CURVE ( 'NONE', #562, #3195, #1411, .T. ) ;
#4573 = VERTEX_POINT ( 'NONE', #3629 ) ;
#4574 = FACE_OUTER_BOUND ( 'NONE', #436, .T. ) ;
#4575 = ORIENTED_EDGE ( 'NONE', *, *, #1505, .F. ) ;
#4576 = LINE ( 'NONE', #2078, #2915 ) ;
#4577 = CARTESIAN_POINT ( 'NONE',  ( -15.35000000000000497, -0.9999999999999574785, -40.00000000000000711 ) ) ;
#4578 = CIRCLE ( 'NONE', #3409, 4.000000000000000000 ) ;
#4579 = ORIENTED_EDGE ( 'NONE', *, *, #3005, .F. ) ;
#4580 = PLANE ( 'NONE',  #4198 ) ;
#4581 = DIRECTION ( 'NONE',  ( 1.000000000000000000, 0.000000000000000000, -0.000000000000000000 ) ) ;
#4582 = ORIENTED_EDGE ( 'NONE', *, *, #202, .F. ) ;
#4583 = FACE_OUTER_BOUND ( 'NONE', #2406, .T. ) ;
#4584 = AXIS2_PLACEMENT_3D ( 'NONE', #1306, #4525, #3667 ) ;
#4586 = DIRECTION ( 'NONE',  ( 0.000000000000000000, 0.000000000000000000, -1.000000000000000000 ) ) ;
#4585 = CIRCLE ( 'NONE', #3591, 2.149999999999995470 ) ;
#4587 = EDGE_CURVE ( 'NONE', #2847, #979, #491, .T. ) ;
#4588 = EDGE_CURVE ( 'NONE', #769, #1252, #3792, .T. ) ;
#4589 = ORIENTED_EDGE ( 'NONE', *, *, #2348, .T. ) ;
#4590 = CARTESIAN_POINT ( 'NONE',  ( 20.00000000000000000, -100.2699999999999960, 12.62499999999999467 ) ) ;
#4591 = ORIENTED_EDGE ( 'NONE', *, *, #2973, .T. ) ;
#4592 = DIRECTION ( 'NONE',  ( -0.000000000000000000, -0.000000000000000000, 1.000000000000000000 ) ) ;
#4593 = VECTOR ( 'NONE', #522, 1000.000000000000000 ) ;
#4594 = AXIS2_PLACEMENT_3D ( 'NONE', #4753, #2678, #4283 ) ;
#4595 = ORIENTED_EDGE ( 'NONE', *, *, #93, .F. ) ;
#4596 = DIRECTION ( 'NONE',  ( 1.000000000000000000, -0.000000000000000000, -0.000000000000000000 ) ) ;
#4597 = FACE_OUTER_BOUND ( 'NONE', #2883, .T. ) ;
#4598 = EDGE_CURVE ( 'NONE', #4416, #2059, #1360, .T. ) ;
#4599 = CARTESIAN_POINT ( 'NONE',  ( 10.00000000000000000, -50.84999999999999432, 14.77499999999999858 ) ) ;
#4600 = DIRECTION ( 'NONE',  ( 1.000000000000000000, 0.000000000000000000, 0.000000000000000000 ) ) ;
#4601 = DIRECTION ( 'NONE',  ( -1.000000000000000000, 0.000000000000000000, 0.000000000000000000 ) ) ;
#4602 = VECTOR ( 'NONE', #3808, 1000.000000000000000 ) ;
#4603 = DIRECTION ( 'NONE',  ( 1.000000000000000000, 0.000000000000000000, 0.000000000000000000 ) ) ;
#4604 = DIRECTION ( 'NONE',  ( 0.000000000000000000, 0.000000000000000000, -1.000000000000000000 ) ) ;
#4605 = EDGE_CURVE ( 'NONE', #1292, #5114, #3859, .T. ) ;
#4606 = VECTOR ( 'NONE', #4524, 1000.000000000000000 ) ;
#4607 = ORIENTED_EDGE ( 'NONE', *, *, #5171, .F. ) ;
#4608 = CARTESIAN_POINT ( 'NONE',  ( -20.00000000000000000, -29.99999999999999289, 30.00000000000000000 ) ) ;
#4609 = CARTESIAN_POINT ( 'NONE',  ( -15.35000000000000142, -40.99999999999996447, -39.99999999999999289 ) ) ;
#4610 = ORIENTED_EDGE ( 'NONE', *, *, #1094, .T. ) ;
#4611 = CYLINDRICAL_SURFACE ( 'NONE', #895, 1.650000000000000355 ) ;
#4612 = EDGE_CURVE ( 'NONE', #481, #4048, #3284, .T. ) ;
#4613 = VERTEX_POINT ( 'NONE', #4408 ) ;
#4614 = AXIS2_PLACEMENT_3D ( 'NONE', #4608, #3093, #2290 ) ;
#4615 = CARTESIAN_POINT ( 'NONE',  ( 18.80000000000003979, -105.3000000000000540, -10.85000000000000142 ) ) ;
#4616 = VERTEX_POINT ( 'NONE', #1224 ) ;
#4617 = DIRECTION ( 'NONE',  ( 0.000000000000000000, 1.000000000000000000, -0.000000000000000000 ) ) ;
#4618 = ORIENTED_EDGE ( 'NONE', *, *, #1859, .F. ) ;
#4619 = DIRECTION ( 'NONE',  ( -1.000000000000000000, -0.000000000000000000, -0.000000000000000000 ) ) ;
#4620 = CARTESIAN_POINT ( 'NONE',  ( 0.7702814114940549350, -6.482010391546610961, 30.00000000000000000 ) ) ;
#4621 = ORIENTED_EDGE ( 'NONE', *, *, #2026, .T. ) ;
#4622 = CARTESIAN_POINT ( 'NONE',  ( 20.00000000000000000, -29.99999999999999289, 30.00000000000000000 ) ) ;
#4623 = DIRECTION ( 'NONE',  ( -1.000000000000000000, 0.000000000000000000, 0.000000000000000000 ) ) ;
#4624 = LINE ( 'NONE', #2605, #973 ) ;
#4625 = FACE_BOUND ( 'NONE', #5039, .T. ) ;
#4626 = CIRCLE ( 'NONE', #17, 2.149999999999999023 ) ;
#4627 = ORIENTED_EDGE ( 'NONE', *, *, #1944, .T. ) ;
#4628 = CYLINDRICAL_SURFACE ( 'NONE', #2257, 1.149999999999274936 ) ;
#4629 = CARTESIAN_POINT ( 'NONE',  ( 0.4901790800424890016, -0.4885520673472143471, -30.00000000000000000 ) ) ;
#4630 = ORIENTED_EDGE ( 'NONE', *, *, #2174, .T. ) ;
#4631 = CARTESIAN_POINT ( 'NONE',  ( -20.00000000000000000, 30.00000000000000711, 30.00000000000000000 ) ) ;
#4632 = EDGE_CURVE ( 'NONE', #4320, #584, #804, .T. ) ;
#4633 = FILL_AREA_STYLE ('',( #1870 ) ) ;
#4634 = ORIENTED_EDGE ( 'NONE', *, *, #1206, .F. ) ;
#4635 = CARTESIAN_POINT ( 'NONE',  ( 0.000000000000000000, 10.00000000000000533, -30.00000000000000000 ) ) ;
#4636 = EDGE_LOOP ( 'NONE', ( #1987, #2674 ) ) ;
#4637 = DIRECTION ( 'NONE',  ( 0.000000000000000000, 0.000000000000000000, 1.000000000000000000 ) ) ;
#4638 = ORIENTED_EDGE ( 'NONE', *, *, #686, .T. ) ;
#4639 = DIRECTION ( 'NONE',  ( -1.000000000000000000, 0.000000000000000000, 0.000000000000000000 ) ) ;
#4640 = VERTEX_POINT ( 'NONE', #4437 ) ;
#4641 = EDGE_CURVE ( 'NONE', #1222, #1514, #832, .T. ) ;
#4642 = CARTESIAN_POINT ( 'NONE',  ( 16.48201039154661984, 10.77028141149406260, -30.00000000000000000 ) ) ;
#4643 = CARTESIAN_POINT ( 'NONE',  ( 20.00000000000000000, -50.84999999999999432, -12.62500000000000178 ) ) ;
#4644 = ORIENTED_EDGE ( 'NONE', *, *, #4409, .F. ) ;
#4645 = EDGE_CURVE ( 'NONE', #979, #2847, #3023, .T. ) ;
#4646 = CARTESIAN_POINT ( 'NONE',  ( 17.00000000000003908, -54.99999999999999289, -10.84999999999996767 ) ) ;
#4647 = LINE ( 'NONE', #1046, #1689 ) ;
#4648 = DIRECTION ( 'NONE',  ( -3.469446951953611231E-16, -1.000000000000000000, 0.000000000000000000 ) ) ;
#4649 = ADVANCED_FACE ( 'NONE', ( #653 ), #4265, .F. ) ;
#4650 = PLANE ( 'NONE',  #4862 ) ;
#4651 = ORIENTED_EDGE ( 'NONE', *, *, #1725, .T. ) ;
#4652 = ADVANCED_FACE ( 'NONE', ( #1808, #3509, #3089, #4681, #4315, #5066, #3816, #712, #5096, #3118, #2311 ), #3924, .F. ) ;
#4653 = CARTESIAN_POINT ( 'NONE',  ( -11.50000000000000355, -28.99999999999999645, -30.00000000000000000 ) ) ;
#4654 = DIRECTION ( 'NONE',  ( 1.000000000000000000, -0.000000000000000000, -0.000000000000000000 ) ) ;
#4655 = ORIENTED_EDGE ( 'NONE', *, *, #4527, .F. ) ;
#4656 = VECTOR ( 'NONE', #176, 1000.000000000000000 ) ;
#4657 = DIRECTION ( 'NONE',  ( 0.7071067811865482389, -0.7071067811865469066, 0.000000000000000000 ) ) ;
#4658 = ADVANCED_FACE ( 'NONE', ( #3846 ), #2261, .F. ) ;
#4659 = EDGE_CURVE ( 'NONE', #4416, #1491, #5109, .T. ) ;
#4660 = VECTOR ( 'NONE', #1473, 1000.000000000000000 ) ;
#4661 = CARTESIAN_POINT ( 'NONE',  ( 10.00000000000000000, -50.84999999999999432, -7.074999999999997513 ) ) ;
#4662 = ORIENTED_EDGE ( 'NONE', *, *, #3970, .T. ) ;
#4663 = VECTOR ( 'NONE', #3691, 1000.000000000000000 ) ;
#4665 = CARTESIAN_POINT ( 'NONE',  ( -0.4901790800424903338, 20.48855206734722501, -50.00000000000000000 ) ) ;
#4664 = VECTOR ( 'NONE', #2083, 1000.000000000000000 ) ;
#4666 = ORIENTED_EDGE ( 'NONE', *, *, #3979, .T. ) ;
#4667 = DIRECTION ( 'NONE',  ( -0.000000000000000000, -6.938893903907258354E-15, 1.000000000000000000 ) ) ;
#4668 = CIRCLE ( 'NONE', #3754, 2.149999999999999023 ) ;
#4669 = ORIENTED_EDGE ( 'NONE', *, *, #4939, .F. ) ;
#4670 = DIRECTION ( 'NONE',  ( 0.000000000000000000, 0.000000000000000000, -1.000000000000000000 ) ) ;
#4671 = EDGE_LOOP ( 'NONE', ( #3402, #3814, #3311, #3934 ) ) ;
#4672 = CIRCLE ( 'NONE', #1986, 1.649999999999999467 ) ;
#4673 = CARTESIAN_POINT ( 'NONE',  ( 13.99999999999999645, -21.50000000000000000, 35.00000000000000000 ) ) ;
#4674 = CARTESIAN_POINT ( 'NONE',  ( 18.80000000000003979, -46.69999999999996021, 8.849999999999981881 ) ) ;
#4675 = AXIS2_PLACEMENT_3D ( 'NONE', #1995, #338, #2741 ) ;
#4676 = ORIENTED_EDGE ( 'NONE', *, *, #5008, .F. ) ;
#4677 = ADVANCED_FACE ( 'NONE', ( #3455 ), #4650, .F. ) ;
#4678 = DIRECTION ( 'NONE',  ( -0.000000000000000000, -0.000000000000000000, -1.000000000000000000 ) ) ;
#4679 = CARTESIAN_POINT ( 'NONE',  ( 14.65000000000000036, -115.9999999999999858, -27.00000000000000000 ) ) ;
#4680 = CARTESIAN_POINT ( 'NONE',  ( 17.00000000000003908, -97.00000000000000000, 8.850000000000003197 ) ) ;
#4681 = FACE_BOUND ( 'NONE', #2490, .T. ) ;
#4682 = ORIENTED_EDGE ( 'NONE', *, *, #1567, .T. ) ;
#4683 = CARTESIAN_POINT ( 'NONE',  ( 10.00000000000000000, -100.2699999999999960, -2.774999999999996358 ) ) ;
#4684 = DIRECTION ( 'NONE',  ( -0.7071067811865477948, -0.7071067811865473507, 0.000000000000000000 ) ) ;
#4685 = VERTEX_POINT ( 'NONE', #996 ) ;
#4686 = DIRECTION ( 'NONE',  ( -0.000000000000000000, -0.000000000000000000, 1.000000000000000000 ) ) ;
#4687 = VECTOR ( 'NONE', #2469, 1000.000000000000000 ) ;
#4688 = CARTESIAN_POINT ( 'NONE',  ( 1.640179080039923853, -0.4885520673472143471, 27.00000000000001066 ) ) ;
#4689 = ORIENTED_EDGE ( 'NONE', *, *, #4026, .F. ) ;
#4690 = FACE_OUTER_BOUND ( 'NONE', #1736, .T. ) ;
#4691 = ORIENTED_EDGE ( 'NONE', *, *, #4459, .T. ) ;
#4692 = VECTOR ( 'NONE', #1314, 1000.000000000000000 ) ;
#4693 = CARTESIAN_POINT ( 'NONE',  ( 0.7702814114940549350, -6.482010391546610961, -50.00000000000000000 ) ) ;
#4694 = VECTOR ( 'NONE', #1237, 1000.000000000000000 ) ;
#4695 = DIRECTION ( 'NONE',  ( 0.000000000000000000, 0.000000000000000000, -1.000000000000000000 ) ) ;
#4696 = CIRCLE ( 'NONE', #2435, 1.249999999997455813 ) ;
#4697 = VERTEX_POINT ( 'NONE', #3535 ) ;
#4698 = DIRECTION ( 'NONE',  ( -0.000000000000000000, -0.000000000000000000, 1.000000000000000000 ) ) ;
#4699 = ORIENTED_EDGE ( 'NONE', *, *, #3812, .F. ) ;
#4700 = DIRECTION ( 'NONE',  ( -0.000000000000000000, -0.000000000000000000, 1.000000000000000000 ) ) ;
#4701 = LINE ( 'NONE', #735, #235 ) ;
#4702 = ADVANCED_FACE ( 'NONE', ( #1915 ), #263, .F. ) ;
#4703 = ORIENTED_EDGE ( 'NONE', *, *, #3020, .F. ) ;
#4704 = VECTOR ( 'NONE', #1012, 1000.000000000000000 ) ;
#4705 = DIRECTION ( 'NONE',  ( -0.000000000000000000, -0.000000000000000000, 1.000000000000000000 ) ) ;
#4706 = CARTESIAN_POINT ( 'NONE',  ( 18.80000000000003979, -46.69999999999996021, 8.849999999999981881 ) ) ;
#4707 = DIRECTION ( 'NONE',  ( -0.000000000000000000, -0.000000000000000000, 1.000000000000000000 ) ) ;
#4708 = DIRECTION ( 'NONE',  ( 0.7071067811865457964, -0.7071067811865493491, 0.000000000000000000 ) ) ;
#4709 = VERTEX_POINT ( 'NONE', #1106 ) ;
#4710 = PLANE ( 'NONE',  #327 ) ;
#4711 = CARTESIAN_POINT ( 'NONE',  ( -15.23201039154735170, 9.229718588505949839, 27.00000000000001066 ) ) ;
#4712 = ORIENTED_EDGE ( 'NONE', *, *, #2790, .F. ) ;
#4713 = ADVANCED_FACE ( 'NONE', ( #1077 ), #5125, .F. ) ;
#4714 = CARTESIAN_POINT ( 'NONE',  ( -14.00000000000000355, -26.50000000000000355, 35.00000000000000000 ) ) ;
#4715 = CIRCLE ( 'NONE', #3967, 1.150000000002567413 ) ;
#4716 = CARTESIAN_POINT ( 'NONE',  ( -9.338552067347947627, 9.509820919957515883, -50.00000000000000000 ) ) ;
#4717 = ORIENTED_EDGE ( 'NONE', *, *, #3812, .T. ) ;
#4718 = AXIS2_PLACEMENT_3D ( 'NONE', #3896, #1160, #4812 ) ;
#4719 = CARTESIAN_POINT ( 'NONE',  ( 18.80000000000003979, -105.2999999999999829, -1.000000000000002220 ) ) ;
#4720 = ORIENTED_EDGE ( 'NONE', *, *, #1778, .F. ) ;
#4721 = AXIS2_PLACEMENT_3D ( 'NONE', #1484, #4596, #3937 ) ;
#4722 = CYLINDRICAL_SURFACE ( 'NONE', #437, 1.249999999997455813 ) ;
#4723 = DIRECTION ( 'NONE',  ( 0.000000000000000000, 0.000000000000000000, -1.000000000000000000 ) ) ;
#4724 = ORIENTED_EDGE ( 'NONE', *, *, #2552, .T. ) ;
#4725 = FACE_OUTER_BOUND ( 'NONE', #4200, .T. ) ;
#4726 = ORIENTED_EDGE ( 'NONE', *, *, #3038, .T. ) ;
#4727 = CARTESIAN_POINT ( 'NONE',  ( 16.48201039154661984, 10.77028141149406260, -50.00000000000000000 ) ) ;
#4728 = CARTESIAN_POINT ( 'NONE',  ( -19.99999999999999645, -55.00000000000000000, 27.00000000000000355 ) ) ;
#4729 = VERTEX_POINT ( 'NONE', #1417 ) ;
#4730 = EDGE_CURVE ( 'NONE', #957, #1089, #410, .T. ) ;
#4731 = CARTESIAN_POINT ( 'NONE',  ( -11.50000000000000533, -19.00000000000000355, 30.00000000000000000 ) ) ;
#4732 = CARTESIAN_POINT ( 'NONE',  ( 20.00000000000000000, -50.84999999999999432, 4.924999999999998934 ) ) ;
#4733 = DIRECTION ( 'NONE',  ( 0.000000000000000000, 0.000000000000000000, -1.000000000000000000 ) ) ;
#4734 = FACE_BOUND ( 'NONE', #738, .T. ) ;
#4735 = EDGE_CURVE ( 'NONE', #3123, #177, #3062, .T. ) ;
#4736 = EDGE_LOOP ( 'NONE', ( #4023, #3439 ) ) ;
#4737 = LINE ( 'NONE', #2825, #4947 ) ;
#4738 = DIRECTION ( 'NONE',  ( 0.000000000000000000, 0.000000000000000000, -1.000000000000000000 ) ) ;
#4739 = ORIENTED_EDGE ( 'NONE', *, *, #2550, .F. ) ;
#4740 = CARTESIAN_POINT ( 'NONE',  ( 11.49999999999999645, -19.00000000000000355, 30.00000000000000000 ) ) ;
#4741 = ADVANCED_FACE ( 'NONE', ( #3478, #4212, #600, #3429, #4625, #1023, #2633, #4235, #3642, #4032, #1210, #30, #4005, #2025, #4789, #4734 ), #2796, .F. ) ;
#4742 = ORIENTED_EDGE ( 'NONE', *, *, #3030, .T. ) ;
#4743 = AXIS2_PLACEMENT_3D ( 'NONE', #2722, #5003, #1872 ) ;
#4744 = FACE_OUTER_BOUND ( 'NONE', #691, .T. ) ;
#4745 = VERTEX_POINT ( 'NONE', #1525 ) ;
#4746 = CARTESIAN_POINT ( 'NONE',  ( 10.00000000000000000, -100.2699999999999960, -4.924999999999998934 ) ) ;
#4747 = CIRCLE ( 'NONE', #2989, 1.649999999999999467 ) ;
#4748 = DIRECTION ( 'NONE',  ( 0.000000000000000000, 0.000000000000000000, -1.000000000000000000 ) ) ;
#4749 = AXIS2_PLACEMENT_3D ( 'NONE', #828, #4043, #3600 ) ;
#4750 = ORIENTED_EDGE ( 'NONE', *, *, #1034, .T. ) ;
#4751 = DIRECTION ( 'NONE',  ( 1.000000000000000000, 0.000000000000000000, 0.000000000000000000 ) ) ;
#4752 = EDGE_LOOP ( 'NONE', ( #1709, #3577, #4834, #1803 ) ) ;
#4753 = CARTESIAN_POINT ( 'NONE',  ( -16.48201039154661984, 9.229718588505949839, 30.00000000000000000 ) ) ;
#4754 = DIRECTION ( 'NONE',  ( 0.000000000000000000, -0.000000000000000000, -1.000000000000000000 ) ) ;
#4755 = AXIS2_PLACEMENT_3D ( 'NONE', #4620, #3787, #4571 ) ;
#4756 = EDGE_CURVE ( 'NONE', #1395, #4306, #1585, .T. ) ;
#4757 = ORIENTED_EDGE ( 'NONE', *, *, #3052, .F. ) ;
#4758 = CIRCLE ( 'NONE', #2232, 1.650000000000000355 ) ;
#4759 = EDGE_CURVE ( 'NONE', #1892, #2901, #4940, .T. ) ;
#4760 = CARTESIAN_POINT ( 'NONE',  ( -14.00000000000000355, -26.50000000000000355, 30.00000000000000000 ) ) ;
#4761 = DIRECTION ( 'NONE',  ( 0.000000000000000000, 0.000000000000000000, -1.000000000000000000 ) ) ;
#4762 = CARTESIAN_POINT ( 'NONE',  ( 10.48855206734722323, 10.49017908004249833, -27.00000000000000000 ) ) ;
#4763 = CARTESIAN_POINT ( 'NONE',  ( -17.00000000000000355, -0.9999999999999574785, -40.00000000000000711 ) ) ;
#4764 = AXIS2_PLACEMENT_3D ( 'NONE', #1113, #4321, #719 ) ;
#4765 = ORIENTED_EDGE ( 'NONE', *, *, #4972, .F. ) ;
#4766 = CARTESIAN_POINT ( 'NONE',  ( 13.99999999999999645, -21.50000000000000000, 35.00000000000000000 ) ) ;
#4767 = DIRECTION ( 'NONE',  ( -1.000000000000000000, -0.000000000000000000, -0.000000000000000000 ) ) ;
#4768 = EDGE_LOOP ( 'NONE', ( #2116, #2121, #1055, #1471 ) ) ;
#4769 = CIRCLE ( 'NONE', #2073, 1.649999999999998579 ) ;
#4770 = CARTESIAN_POINT ( 'NONE',  ( 18.80000000000003979, -105.2999999999999829, -1.000000000000002220 ) ) ;
#4771 = ORIENTED_EDGE ( 'NONE', *, *, #3889, .T. ) ;
#4772 = CARTESIAN_POINT ( 'NONE',  ( 18.80000000000003979, -105.3000000000000256, -8.850000000000008527 ) ) ;
#4773 = ORIENTED_EDGE ( 'NONE', *, *, #3604, .T. ) ;
#4774 = FACE_OUTER_BOUND ( 'NONE', #2226, .T. ) ;
#4775 = AXIS2_PLACEMENT_3D ( 'NONE', #2385, #384, #3660 ) ;
#4776 = DIRECTION ( 'NONE',  ( 1.000000000000000000, -0.000000000000000000, -0.000000000000000000 ) ) ;
#4777 = ADVANCED_FACE ( 'NONE', ( #2742 ), #2819, .F. ) ;
#4778 = EDGE_LOOP ( 'NONE', ( #2512, #1036, #1249, #2470 ) ) ;
#4779 = AXIS2_PLACEMENT_3D ( 'NONE', #4763, #742, #3590 ) ;
#4780 = CARTESIAN_POINT ( 'NONE',  ( -20.00000000000000000, 30.00000000000000711, 30.00000000000000000 ) ) ;
#4781 = ORIENTED_EDGE ( 'NONE', *, *, #2220, .T. ) ;
#4782 = CARTESIAN_POINT ( 'NONE',  ( -18.64999999999999858, -40.99999999999996447, -39.99999999999999289 ) ) ;
#4783 = VECTOR ( 'NONE', #342, 1000.000000000000000 ) ;
#4784 = ORIENTED_EDGE ( 'NONE', *, *, #1639, .T. ) ;
#4785 = DIRECTION ( 'NONE',  ( -1.000000000000000000, -1.734723475976806848E-16, 0.000000000000000000 ) ) ;
#4786 = DIRECTION ( 'NONE',  ( -0.7071067811865482389, 0.7071067811865469066, 0.000000000000000000 ) ) ;
#4787 = EDGE_CURVE ( 'NONE', #2640, #2798, #4421, .T. ) ;
#4788 = DIRECTION ( 'NONE',  ( 1.000000000000000000, 0.000000000000000000, 0.000000000000000000 ) ) ;
#4789 = FACE_BOUND ( 'NONE', #3564, .T. ) ;
#4790 = VECTOR ( 'NONE', #2023, 1000.000000000000000 ) ;
#4791 = ORIENTED_EDGE ( 'NONE', *, *, #3973, .F. ) ;
#4792 = CYLINDRICAL_SURFACE ( 'NONE', #2349, 1.650000000000000355 ) ;
#4793 = CARTESIAN_POINT ( 'NONE',  ( 18.80000000000003979, -46.69999999999984652, 1.000000000000020872 ) ) ;
#4794 = VERTEX_POINT ( 'NONE', #5150 ) ;
#4795 = EDGE_CURVE ( 'NONE', #95, #1438, #1943, .T. ) ;
#4796 = CARTESIAN_POINT ( 'NONE',  ( -9.338552067347947627, 9.509820919957515883, -50.00000000000000000 ) ) ;
#4797 = EDGE_LOOP ( 'NONE', ( #3906, #3190 ) ) ;
#4798 = CARTESIAN_POINT ( 'NONE',  ( -7.999999999999958256, -46.49999999999998579, 5.000000000000000000 ) ) ;
#4799 = ORIENTED_EDGE ( 'NONE', *, *, #3714, .T. ) ;
#4800 = DIRECTION ( 'NONE',  ( -0.000000000000000000, -0.000000000000000000, 1.000000000000000000 ) ) ;
#4801 = CARTESIAN_POINT ( 'NONE',  ( -19.99999999999999645, -28.99999999999999645, 27.00000000000000355 ) ) ;
#4802 = VECTOR ( 'NONE', #4968, 1000.000000000000000 ) ;
#4803 = EDGE_CURVE ( 'NONE', #3356, #3523, #5020, .T. ) ;
#4804 = ORIENTED_EDGE ( 'NONE', *, *, #797, .T. ) ;
#4805 = VECTOR ( 'NONE', #2117, 1000.000000000000000 ) ;
#4806 = CARTESIAN_POINT ( 'NONE',  ( -17.00000000000000000, -30.99999999999995737, -39.99999999999999289 ) ) ;
#4807 = ORIENTED_EDGE ( 'NONE', *, *, #3783, .T. ) ;
#4808 = DIRECTION ( 'NONE',  ( 1.000000000000000000, -0.000000000000000000, -0.000000000000000000 ) ) ;
#4809 = EDGE_CURVE ( 'NONE', #5028, #1712, #4344, .T. ) ;
#4810 = VERTEX_POINT ( 'NONE', #1187 ) ;
#4811 = CARTESIAN_POINT ( 'NONE',  ( 0.5508402964949227210, -56.61321960076969617, -30.00000000000000000 ) ) ;
#4812 = DIRECTION ( 'NONE',  ( -1.734723475976807341E-16, 1.000000000000000000, 0.000000000000000000 ) ) ;
#4813 = DIRECTION ( 'NONE',  ( 1.000000000000000000, 0.000000000000000000, 0.000000000000000000 ) ) ;
#4814 = DIRECTION ( 'NONE',  ( -1.000000000000000000, 0.000000000000000000, 0.000000000000000000 ) ) ;
#4815 = ADVANCED_FACE ( 'NONE', ( #3172 ), #339, .F. ) ;
#4816 = LINE ( 'NONE', #3098, #2916 ) ;
#4817 = ORIENTED_EDGE ( 'NONE', *, *, #1405, .T. ) ;
#4818 = FACE_OUTER_BOUND ( 'NONE', #2002, .T. ) ;
#4819 = ORIENTED_EDGE ( 'NONE', *, *, #1676, .F. ) ;
#4820 = CARTESIAN_POINT ( 'NONE',  ( 18.80000000000003979, -46.69999999999996021, 10.84999999999994991 ) ) ;
#4821 = ORIENTED_EDGE ( 'NONE', *, *, #3578, .T. ) ;
#4822 = EDGE_CURVE ( 'NONE', #4116, #2087, #1829, .T. ) ;
#4823 = CYLINDRICAL_SURFACE ( 'NONE', #4993, 1.650000000000000355 ) ;
#4824 = ORIENTED_EDGE ( 'NONE', *, *, #1935, .F. ) ;
#4825 = AXIS2_PLACEMENT_3D ( 'NONE', #3971, #3501, #1908 ) ;
#4826 = FACE_OUTER_BOUND ( 'NONE', #3096, .T. ) ;
#4827 = FACE_OUTER_BOUND ( 'NONE', #1752, .T. ) ;
#4828 = ORIENTED_EDGE ( 'NONE', *, *, #403, .F. ) ;
#4829 = CARTESIAN_POINT ( 'NONE',  ( 10.48855206734722323, 10.49017908004249833, -50.00000000000000000 ) ) ;
#4830 = EDGE_LOOP ( 'NONE', ( #1541, #4943, #4406, #2075 ) ) ;
#4831 = CARTESIAN_POINT ( 'NONE',  ( 0.000000000000000000, 10.00000000000000533, 30.00000000000000000 ) ) ;
#4832 = AXIS2_PLACEMENT_3D ( 'NONE', #3404, #4268, #4684 ) ;
#4833 = ADVANCED_FACE ( 'NONE', ( #4373 ), #768, .F. ) ;
#4834 = ORIENTED_EDGE ( 'NONE', *, *, #1561, .F. ) ;
#4835 = AXIS2_PLACEMENT_3D ( 'NONE', #4908, #445, #2919 ) ;
#4836 = DIRECTION ( 'NONE',  ( -0.000000000000000000, -0.000000000000000000, 1.000000000000000000 ) ) ;
#4837 = PLANE ( 'NONE',  #319 ) ;
#4838 = CARTESIAN_POINT ( 'NONE',  ( -31.24999999999999289, -38.74999999999997868, 27.00000000000000355 ) ) ;
#4839 = VECTOR ( 'NONE', #2563, 1000.000000000000000 ) ;
#4840 = CARTESIAN_POINT ( 'NONE',  ( -17.00000000000000000, -30.99999999999995737, -27.00000000000000000 ) ) ;
#4841 = ORIENTED_EDGE ( 'NONE', *, *, #2488, .T. ) ;
#4842 = FACE_OUTER_BOUND ( 'NONE', #2068, .T. ) ;
#4843 = DIRECTION ( 'NONE',  ( 0.000000000000000000, 0.000000000000000000, -1.000000000000000000 ) ) ;
#4844 = ORIENTED_EDGE ( 'NONE', *, *, #2013, .T. ) ;
#4845 = DIRECTION ( 'NONE',  ( 1.000000000000000000, -0.000000000000000000, -0.000000000000000000 ) ) ;
#4846 = ADVANCED_FACE ( 'NONE', ( #2392 ), #4091, .F. ) ;
#4847 = ORIENTED_EDGE ( 'NONE', *, *, #4550, .T. ) ;
#4848 = FACE_OUTER_BOUND ( 'NONE', #5052, .T. ) ;
#4849 = VERTEX_POINT ( 'NONE', #2536 ) ;
#4850 = CARTESIAN_POINT ( 'NONE',  ( 18.80000000000003979, -105.3000000000000256, -8.850000000000008527 ) ) ;
#4851 = ADVANCED_FACE ( 'NONE', ( #2128 ), #1734, .F. ) ;
#4852 = EDGE_CURVE ( 'NONE', #4333, #697, #1331, .T. ) ;
#4853 = ORIENTED_EDGE ( 'NONE', *, *, #734, .T. ) ;
#4854 = CARTESIAN_POINT ( 'NONE',  ( 20.00000000000000355, -97.00000000000000000, 53.00000000000000711 ) ) ;
#4855 = ORIENTED_EDGE ( 'NONE', *, *, #2447, .T. ) ;
#4856 = EDGE_CURVE ( 'NONE', #3342, #3178, #482, .T. ) ;
#4857 = CARTESIAN_POINT ( 'NONE',  ( 20.00000000000000000, -108.9999999999999858, 30.00000000000000000 ) ) ;
#4858 = VECTOR ( 'NONE', #464, 1000.000000000000000 ) ;
#4859 = ORIENTED_EDGE ( 'NONE', *, *, #1240, .T. ) ;
#4860 = FACE_BOUND ( 'NONE', #3571, .T. ) ;
#4861 = CARTESIAN_POINT ( 'NONE',  ( -4.000000000000000000, 10.00000000000000533, 26.99999999999999645 ) ) ;
#4862 = AXIS2_PLACEMENT_3D ( 'NONE', #5018, #312, #1496 ) ;
#4863 = CARTESIAN_POINT ( 'NONE',  ( 17.00000000000004974, -50.84999999999999432, 16.92499999999999716 ) ) ;
#4864 = AXIS2_PLACEMENT_3D ( 'NONE', #4974, #2983, #972 ) ;
#4865 = DIRECTION ( 'NONE',  ( 1.000000000000000000, -0.000000000000000000, 0.000000000000000000 ) ) ;
#4866 = ORIENTED_EDGE ( 'NONE', *, *, #948, .F. ) ;
#4867 = PRODUCT_CONTEXT ( 'NONE', #3295, 'mechanical' ) ;
#4868 = DIRECTION ( 'NONE',  ( -0.000000000000000000, 0.000000000000000000, 1.000000000000000000 ) ) ;
#4869 = EDGE_LOOP ( 'NONE', ( #453, #1355 ) ) ;
#4870 = CARTESIAN_POINT ( 'NONE',  ( -14.75000000000002309, -55.24999999999996447, -27.00000000000000000 ) ) ;
#4871 = ADVANCED_FACE ( 'NONE', ( #4165 ), #4580, .F. ) ;
#4872 = ORIENTED_EDGE ( 'NONE', *, *, #3132, .F. ) ;
#4873 = DIRECTION ( 'NONE',  ( 1.000000000000000000, 0.000000000000000000, 0.000000000000000000 ) ) ;
#4874 = EDGE_LOOP ( 'NONE', ( #1119, #4666 ) ) ;
#4875 = VECTOR ( 'NONE', #2048, 1000.000000000000000 ) ;
#4876 = CYLINDRICAL_SURFACE ( 'NONE', #3085, 1.649999999999999467 ) ;
#4877 = EDGE_CURVE ( 'NONE', #1644, #1260, #2600, .T. ) ;
#4878 = ORIENTED_EDGE ( 'NONE', *, *, #1256, .F. ) ;
#4879 = DIRECTION ( 'NONE',  ( -0.000000000000000000, -0.000000000000000000, -1.000000000000000000 ) ) ;
#4880 = EDGE_LOOP ( 'NONE', ( #4510, #106, #2446, #348 ) ) ;
#4881 = DIRECTION ( 'NONE',  ( 1.000000000000000000, 0.000000000000000000, 0.000000000000000000 ) ) ;
#4882 = CIRCLE ( 'NONE', #1105, 1.149999999997434852 ) ;
#4883 = EDGE_LOOP ( 'NONE', ( #2245, #3120, #3101, #3141 ) ) ;
#4884 = VECTOR ( 'NONE', #1494, 1000.000000000000000 ) ;
#4885 = CARTESIAN_POINT ( 'NONE',  ( -17.00000000000000000, -30.99999999999995737, 30.00000000000000000 ) ) ;
#4886 = LINE ( 'NONE', #494, #1182 ) ;
#4887 = DIRECTION ( 'NONE',  ( 1.000000000000000000, 0.000000000000000000, 0.000000000000000000 ) ) ;
#4888 = EDGE_CURVE ( 'NONE', #955, #12, #495, .T. ) ;
#4889 = VERTEX_POINT ( 'NONE', #113 ) ;
#4890 = DIRECTION ( 'NONE',  ( 1.000000000000000000, 0.000000000000000000, 0.000000000000000000 ) ) ;
#4891 = EDGE_LOOP ( 'NONE', ( #870, #3988 ) ) ;
#4892 = EDGE_CURVE ( 'NONE', #39, #769, #1922, .T. ) ;
#4893 = LINE ( 'NONE', #3351, #3925 ) ;
#4894 = VERTEX_POINT ( 'NONE', #4142 ) ;
#4895 = FACE_BOUND ( 'NONE', #2329, .T. ) ;
#4896 = CARTESIAN_POINT ( 'NONE',  ( 10.00000000000000000, -100.2699999999999960, 16.92500000000000426 ) ) ;
#4897 = VERTEX_POINT ( 'NONE', #950 ) ;
#4898 = DIRECTION ( 'NONE',  ( -0.000000000000000000, 1.000000000000000000, -0.000000000000000000 ) ) ;
#4899 = EDGE_CURVE ( 'NONE', #4938, #795, #5113, .T. ) ;
#4900 = ORIENTED_EDGE ( 'NONE', *, *, #4035, .T. ) ;
#4901 = PLANE ( 'NONE',  #2732 ) ;
#4902 = ORIENTED_EDGE ( 'NONE', *, *, #2092, .T. ) ;
#4903 = LINE ( 'NONE', #838, #4687 ) ;
#4904 = VERTEX_POINT ( 'NONE', #141 ) ;
#4905 = AXIS2_PLACEMENT_3D ( 'NONE', #2296, #5107, #4325 ) ;
#4906 = CARTESIAN_POINT ( 'NONE',  ( 17.00000000000003908, -105.3000000000000540, -10.85000000000000142 ) ) ;
#4907 = CARTESIAN_POINT ( 'NONE',  ( 13.99999999999999645, -26.50000000000000355, -30.00000000000000000 ) ) ;
#4908 = CARTESIAN_POINT ( 'NONE',  ( -0.7702814114940569334, 26.48201039154662340, -27.00000000000000000 ) ) ;
#4909 = VECTOR ( 'NONE', #3095, 1000.000000000000000 ) ;
#4910 = PRODUCT_DEFINITION ( 'ๆ', '', #2779, #1745 ) ;
#4911 = EDGE_LOOP ( 'NONE', ( #1932, #1950, #409, #4222 ) ) ;
#4912 = AXIS2_PLACEMENT_3D ( 'NONE', #4497, #894, #3320 ) ;
#4913 = VECTOR ( 'NONE', #1659, 1000.000000000000000 ) ;
#4914 = EDGE_LOOP ( 'NONE', ( #2786, #2484 ) ) ;
#4915 = CARTESIAN_POINT ( 'NONE',  ( -15.35000000000000497, -0.9999999999999574785, 30.00000000000000000 ) ) ;
#4916 = ORIENTED_EDGE ( 'NONE', *, *, #472, .F. ) ;
#4917 = PLANE ( 'NONE',  #3265 ) ;
#4918 = DIRECTION ( 'NONE',  ( 0.000000000000000000, 0.000000000000000000, -1.000000000000000000 ) ) ;
#4919 = AXIS2_PLACEMENT_3D ( 'NONE', #40, #1617, #3238 ) ;
#4920 = ORIENTED_EDGE ( 'NONE', *, *, #180, .T. ) ;
#4921 = FACE_BOUND ( 'NONE', #2773, .T. ) ;
#4922 = AXIS2_PLACEMENT_3D ( 'NONE', #4770, #2373, #3233 ) ;
#4923 = CARTESIAN_POINT ( 'NONE',  ( 18.80000000000003979, -46.69999999999985363, -0.9999999999999861222 ) ) ;
#4924 = ORIENTED_EDGE ( 'NONE', *, *, #760, .F. ) ;
#4925 = CARTESIAN_POINT ( 'NONE',  ( -17.00000000000000000, -30.99999999999995737, -30.00000000000000000 ) ) ;
#4926 = EDGE_CURVE ( 'NONE', #983, #2142, #192, .T. ) ;
#4927 = CIRCLE ( 'NONE', #147, 1.149999999997434852 ) ;
#4928 = ORIENTED_EDGE ( 'NONE', *, *, #99, .T. ) ;
#4929 = CARTESIAN_POINT ( 'NONE',  ( 18.80000000000003979, -105.2999999999999972, 1.000000000000039080 ) ) ;
#4930 = ORIENTED_EDGE ( 'NONE', *, *, #1997, .T. ) ;
#4931 = CARTESIAN_POINT ( 'NONE',  ( 17.00000000000000000, -117.0000000000000000, -6.649999999999999467 ) ) ;
#4932 = ADVANCED_FACE ( 'NONE', ( #551 ), #2158, .F. ) ;
#4933 = EDGE_LOOP ( 'NONE', ( #1370, #4439, #1145, #3293, #2921, #4103, #123, #3235, #372, #4712, #3777, #3298, #2663, #1277, #370, #249, #919 ) ) ;
#4934 = CARTESIAN_POINT ( 'NONE',  ( -10.99999999999995737, -46.49999999999999289, 27.00000000000000355 ) ) ;
#4935 = CARTESIAN_POINT ( 'NONE',  ( 9.338552067346498120, 10.49017908004249833, 27.00000000000001066 ) ) ;
#4936 = CARTESIAN_POINT ( 'NONE',  ( -0.4797185885034007113, -6.482010391546610961, -50.00000000000000000 ) ) ;
#4937 = CIRCLE ( 'NONE', #3106, 2.150000000000002576 ) ;
#4938 = VERTEX_POINT ( 'NONE', #4191 ) ;
#4939 = EDGE_CURVE ( 'NONE', #3302, #2502, #902, .T. ) ;
#4940 = CIRCLE ( 'NONE', #3362, 1.650000000000002132 ) ;
#4941 = APPLICATION_PROTOCOL_DEFINITION ( 'draft international standard', 'automotive_design', 1998, #1231 ) ;
#4942 = CARTESIAN_POINT ( 'NONE',  ( 18.80000000000003979, -46.69999999999996021, -8.849999999999981881 ) ) ;
#4943 = ORIENTED_EDGE ( 'NONE', *, *, #3281, .F. ) ;
#4944 = CARTESIAN_POINT ( 'NONE',  ( 0.4797185885084898627, 26.48201039154662340, -30.00000000000000000 ) ) ;
#4945 = ADVANCED_FACE ( 'NONE', ( #4483, #876, #88, #3309, #4895, #1318, #2902, #4507, #2510, #502, #2104, #3724, #1707, #4921, #2930, #2664, #1000 ), #4710, .F. ) ;
#4946 = CYLINDRICAL_SURFACE ( 'NONE', #4030, 1.650000000000000355 ) ;
#4947 = VECTOR ( 'NONE', #3230, 1000.000000000000000 ) ;
#4948 = ORIENTED_EDGE ( 'NONE', *, *, #4369, .T. ) ;
#4949 = DIRECTION ( 'NONE',  ( 0.000000000000000000, 0.000000000000000000, 1.000000000000000000 ) ) ;
#4950 = CARTESIAN_POINT ( 'NONE',  ( 11.49999999999999645, -19.00000000000000355, 35.00000000000000000 ) ) ;
#4951 = EDGE_LOOP ( 'NONE', ( #2106, #3287, #3569, #4717, #4924, #175, #1596, #2932, #1699, #252, #2506, #47, #4173, #2217, #3291, #3980 ) ) ;
#4952 = FACE_OUTER_BOUND ( 'NONE', #4471, .T. ) ;
#4953 = AXIS2_PLACEMENT_3D ( 'NONE', #3942, #2330, #3525 ) ;
#4954 = EDGE_LOOP ( 'NONE', ( #1042, #4331 ) ) ;
#4955 = EDGE_CURVE ( 'NONE', #1701, #488, #1086, .T. ) ;
#4956 = CARTESIAN_POINT ( 'NONE',  ( -19.99999999999999645, 30.00000000000000711, -27.00000000000000000 ) ) ;
#4957 = ORIENTED_EDGE ( 'NONE', *, *, #4085, .F. ) ;
#4958 = EDGE_CURVE ( 'NONE', #2757, #3127, #716, .T. ) ;
#4959 = CARTESIAN_POINT ( 'NONE',  ( 20.00000000000000000, -100.2699999999999960, -4.924999999999998934 ) ) ;
#4960 = VERTEX_POINT ( 'NONE', #3900 ) ;
#4961 = DIRECTION ( 'NONE',  ( -0.000000000000000000, -0.000000000000000000, 1.000000000000000000 ) ) ;
#4962 = DIRECTION ( 'NONE',  ( 0.7071067811865482389, 0.7071067811865469066, 0.000000000000000000 ) ) ;
#4963 = CYLINDRICAL_SURFACE ( 'NONE', #806, 4.000000000000000000 ) ;
#4964 = VECTOR ( 'NONE', #4136, 1000.000000000000000 ) ;
#4965 = ORIENTED_EDGE ( 'NONE', *, *, #2114, .T. ) ;
#4966 = EDGE_LOOP ( 'NONE', ( #1203, #1729 ) ) ;
#4967 = CIRCLE ( 'NONE', #3641, 1.149999999999274936 ) ;
#4968 = DIRECTION ( 'NONE',  ( -0.000000000000000000, -0.000000000000000000, -1.000000000000000000 ) ) ;
#4969 = EDGE_LOOP ( 'NONE', ( #648, #1624 ) ) ;
#4970 = CARTESIAN_POINT ( 'NONE',  ( 10.00000000000000000, -50.84999999999999432, 14.77499999999999858 ) ) ;
#4971 = DIRECTION ( 'NONE',  ( -0.000000000000000000, -0.000000000000000000, 1.000000000000000000 ) ) ;
#4972 = EDGE_CURVE ( 'NONE', #109, #3760, #80, .T. ) ;
#4973 = ORIENTED_EDGE ( 'NONE', *, *, #938, .F. ) ;
#4974 = CARTESIAN_POINT ( 'NONE',  ( 10.00000000000000000, -100.2699999999999960, 4.924999999999998934 ) ) ;
#4975 = LINE ( 'NONE', #4509, #5164 ) ;
#4976 = ORIENTED_EDGE ( 'NONE', *, *, #850, .F. ) ;
#4977 = CARTESIAN_POINT ( 'NONE',  ( 20.00000000000000000, -120.0000000000000000, -30.00000000000000000 ) ) ;
#4978 = DIRECTION ( 'NONE',  ( 0.000000000000000000, 0.000000000000000000, -1.000000000000000000 ) ) ;
#4979 = ORIENTED_EDGE ( 'NONE', *, *, #3584, .F. ) ;
#4980 = EDGE_CURVE ( 'NONE', #1025, #37, #3457, .T. ) ;
#4981 = DIRECTION ( 'NONE',  ( -0.000000000000000000, 0.000000000000000000, 1.000000000000000000 ) ) ;
#4982 = ORIENTED_EDGE ( 'NONE', *, *, #776, .T. ) ;
#4983 = CARTESIAN_POINT ( 'NONE',  ( 18.80000000000003979, -105.3000000000000256, 10.84999999999999609 ) ) ;
#4984 = EDGE_LOOP ( 'NONE', ( #1310, #3072 ) ) ;
#4985 = DIRECTION ( 'NONE',  ( 1.000000000000000000, 0.000000000000000000, 0.000000000000000000 ) ) ;
#4986 = CARTESIAN_POINT ( 'NONE',  ( 8.550840296494985893, -64.61321960076965354, -30.00000000000000000 ) ) ;
#4987 = CARTESIAN_POINT ( 'NONE',  ( 11.49999999999999645, -28.99999999999999645, 27.00000000000000355 ) ) ;
#4988 = VECTOR ( 'NONE', #2671, 1000.000000000000000 ) ;
#4989 = DIRECTION ( 'NONE',  ( 0.000000000000000000, 0.000000000000000000, -1.000000000000000000 ) ) ;
#4990 = CARTESIAN_POINT ( 'NONE',  ( 0.4797185885084898627, 26.48201039154662340, 27.00000000000001066 ) ) ;
#4991 = CARTESIAN_POINT ( 'NONE',  ( 11.49999999999999645, -19.00000000000000355, 35.00000000000000000 ) ) ;
#4992 = CARTESIAN_POINT ( 'NONE',  ( 20.00000000000000000, -50.84999999999999432, 4.924999999999998934 ) ) ;
#4993 = AXIS2_PLACEMENT_3D ( 'NONE', #2832, #3651, #38 ) ;
#4994 = ORIENTED_EDGE ( 'NONE', *, *, #4020, .F. ) ;
#4995 = DIRECTION ( 'NONE',  ( 0.000000000000000000, 0.000000000000000000, -1.000000000000000000 ) ) ;
#4996 = CARTESIAN_POINT ( 'NONE',  ( 10.48855206734722323, 10.49017908004249833, 30.00000000000000000 ) ) ;
#4997 = VERTEX_POINT ( 'NONE', #2715 ) ;
#4998 = ADVANCED_FACE ( 'NONE', ( #217 ), #1053, .F. ) ;
#4999 = DIRECTION ( 'NONE',  ( 0.7071067811865482389, -0.7071067811865469066, 0.000000000000000000 ) ) ;
#5000 = VECTOR ( 'NONE', #1937, 1000.000000000000000 ) ;
#5001 = VECTOR ( 'NONE', #4463, 1000.000000000000000 ) ;
#5002 = ORIENTED_EDGE ( 'NONE', *, *, #2761, .T. ) ;
#5003 = DIRECTION ( 'NONE',  ( 0.000000000000000000, 0.000000000000000000, -1.000000000000000000 ) ) ;
#5004 = ORIENTED_EDGE ( 'NONE', *, *, #4632, .T. ) ;
#5005 = ADVANCED_FACE ( 'NONE', ( #3849 ), #4628, .F. ) ;
#5006 = CARTESIAN_POINT ( 'NONE',  ( 0.5508402964949227210, -56.61321960076969617, -27.00000000000000000 ) ) ;
#5007 = CIRCLE ( 'NONE', #2750, 1.249999999997455591 ) ;
#5008 = EDGE_CURVE ( 'NONE', #4410, #1579, #4115, .T. ) ;
#5009 = ORIENTED_EDGE ( 'NONE', *, *, #5139, .F. ) ;
#5010 = AXIS2_PLACEMENT_3D ( 'NONE', #4153, #1039, #1378 ) ;
#5011 = FACE_OUTER_BOUND ( 'NONE', #949, .T. ) ;
#5012 = LINE ( 'NONE', #4285, #1226 ) ;
#5013 = ORIENTED_EDGE ( 'NONE', *, *, #5026, .F. ) ;
#5014 = PLANE ( 'NONE',  #1274 ) ;
#5015 = EDGE_LOOP ( 'NONE', ( #4853, #701, #1333, #4551 ) ) ;
#5016 = AXIS2_PLACEMENT_3D ( 'NONE', #441, #1669, #3340 ) ;
#5017 = CARTESIAN_POINT ( 'NONE',  ( -11.50000000000000533, -19.00000000000000355, 35.00000000000000000 ) ) ;
#5018 = CARTESIAN_POINT ( 'NONE',  ( 18.80000000000003979, 0.000000000000000000, 0.000000000000000000 ) ) ;
#5019 = EDGE_CURVE ( 'NONE', #574, #2270, #4318, .T. ) ;
#5020 = CIRCLE ( 'NONE', #2768, 1.150000000002567413 ) ;
#5021 = ORIENTED_EDGE ( 'NONE', *, *, #1441, .T. ) ;
#5022 = CARTESIAN_POINT ( 'NONE',  ( 10.00000000000000000, -50.84999999999999432, -14.77499999999999858 ) ) ;
#5023 = DIRECTION ( 'NONE',  ( 0.000000000000000000, 0.000000000000000000, -1.000000000000000000 ) ) ;
#5024 = VERTEX_POINT ( 'NONE', #3876 ) ;
#5025 = DIRECTION ( 'NONE',  ( 1.000000000000000000, 0.000000000000000000, 0.000000000000000000 ) ) ;
#5026 = EDGE_CURVE ( 'NONE', #1335, #983, #3928, .T. ) ;
#5027 = CARTESIAN_POINT ( 'NONE',  ( -10.48855206734722323, 9.509820919957515883, -27.00000000000000000 ) ) ;
#5028 = VERTEX_POINT ( 'NONE', #4237 ) ;
#5029 =( GEOMETRIC_REPRESENTATION_CONTEXT ( 3 ) GLOBAL_UNCERTAINTY_ASSIGNED_CONTEXT ( ( #2646 ) ) GLOBAL_UNIT_ASSIGNED_CONTEXT ( ( #7, #4157, #2873 ) ) REPRESENTATION_CONTEXT ( 'NONE', 'WORKASPACE' ) );
#5030 = DIRECTION ( 'NONE',  ( 0.000000000000000000, 0.000000000000000000, -1.000000000000000000 ) ) ;
#5031 = ORIENTED_EDGE ( 'NONE', *, *, #1903, .T. ) ;
#5032 = CARTESIAN_POINT ( 'NONE',  ( -8.999999999999962697, 30.00000000000000711, 27.00000000000000355 ) ) ;
#5033 = ADVANCED_FACE ( 'NONE', ( #314 ), #630, .F. ) ;
#5034 = VERTEX_POINT ( 'NONE', #2234 ) ;
#5035 = LINE ( 'NONE', #3135, #764 ) ;
#5036 = LINE ( 'NONE', #615, #791 ) ;
#5037 = DIRECTION ( 'NONE',  ( 0.000000000000000000, 0.000000000000000000, 1.000000000000000000 ) ) ;
#5038 = EDGE_CURVE ( 'NONE', #4616, #4050, #3538, .T. ) ;
#5039 = EDGE_LOOP ( 'NONE', ( #3770, #2090, #759, #4781, #2021, #3253, #4477, #2700 ) ) ;
#5040 = LINE ( 'NONE', #2658, #4802 ) ;
#5041 = DIRECTION ( 'NONE',  ( 0.000000000000000000, 0.000000000000000000, 1.000000000000000000 ) ) ;
#5042 = CARTESIAN_POINT ( 'NONE',  ( 15.23201039154588621, 10.77028141149406260, -50.00000000000000000 ) ) ;
#5043 = DIRECTION ( 'NONE',  ( 1.000000000000000000, 0.000000000000000000, 0.000000000000000000 ) ) ;
#5044 = AXIS2_PLACEMENT_3D ( 'NONE', #1521, #3142, #336 ) ;
#5045 = EDGE_LOOP ( 'NONE', ( #4364, #3719, #2292, #3504 ) ) ;
#5046 = CARTESIAN_POINT ( 'NONE',  ( 18.80000000000003979, -46.69999999999985363, -0.9999999999999861222 ) ) ;
#5047 = CARTESIAN_POINT ( 'NONE',  ( -9.000000000000017764, -55.00000000000000000, 27.00000000000000355 ) ) ;
#5048 = ORIENTED_EDGE ( 'NONE', *, *, #4299, .T. ) ;
#5049 = VECTOR ( 'NONE', #4786, 1000.000000000000000 ) ;
#5050 = DIRECTION ( 'NONE',  ( -0.000000000000000000, 0.000000000000000000, 1.000000000000000000 ) ) ;
#5051 = ADVANCED_FACE ( 'NONE', ( #2689 ), #3481, .F. ) ;
#5052 = EDGE_LOOP ( 'NONE', ( #2544, #3902, #4197, #3715 ) ) ;
#5053 = DIRECTION ( 'NONE',  ( -1.000000000000000000, 0.000000000000000000, 0.000000000000000000 ) ) ;
#5054 = ORIENTED_EDGE ( 'NONE', *, *, #53, .T. ) ;
#5055 = CARTESIAN_POINT ( 'NONE',  ( 20.00000000000000000, -50.84999999999999432, -16.92499999999999716 ) ) ;
#5056 = VERTEX_POINT ( 'NONE', #5068 ) ;
#5057 = LINE ( 'NONE', #614, #2525 ) ;
#5058 = ORIENTED_EDGE ( 'NONE', *, *, #440, .F. ) ;
#5059 = CARTESIAN_POINT ( 'NONE',  ( 13.99999999999999645, -21.50000000000000000, -30.00000000000000000 ) ) ;
#5060 = ADVANCED_FACE ( 'NONE', ( #1443 ), #1472, .F. ) ;
#5061 = LINE ( 'NONE', #183, #1891 ) ;
#5062 = ORIENTED_EDGE ( 'NONE', *, *, #1211, .T. ) ;
#5063 = CARTESIAN_POINT ( 'NONE',  ( 17.00000000000000000, -100.2699999999999960, 14.77499999999999858 ) ) ;
#5064 = ORIENTED_EDGE ( 'NONE', *, *, #4158, .T. ) ;
#5065 = CARTESIAN_POINT ( 'NONE',  ( -20.00000000000000000, 19.00000000000002487, 30.00000000000000000 ) ) ;
#5066 = FACE_BOUND ( 'NONE', #906, .T. ) ;
#5067 = ORIENTED_EDGE ( 'NONE', *, *, #3360, .F. ) ;
#5068 = CARTESIAN_POINT ( 'NONE',  ( -20.00000000000000000, -46.61321960076966064, -30.00000000000000000 ) ) ;
#5069 = DIRECTION ( 'NONE',  ( 3.469446951953611231E-16, 1.000000000000000000, 0.000000000000000000 ) ) ;
#5070 = EDGE_LOOP ( 'NONE', ( #4750, #4383, #3734, #518 ) ) ;
#5071 = AXIS2_PLACEMENT_3D ( 'NONE', #4806, #3685, #1961 ) ;
#5072 = CARTESIAN_POINT ( 'NONE',  ( -17.00000000000000000, -30.99999999999995737, -39.99999999999999289 ) ) ;
#5073 = CIRCLE ( 'NONE', #460, 1.649999999999998579 ) ;
#5074 = SURFACE_STYLE_FILL_AREA ( #4633 ) ;
#5075 = EDGE_LOOP ( 'NONE', ( #2994, #2007, #4807, #2851 ) ) ;
#5076 = CIRCLE ( 'NONE', #4835, 1.250000000002546852 ) ;
#5077 = CYLINDRICAL_SURFACE ( 'NONE', #208, 1.149999999999274936 ) ;
#5078 = ORIENTED_EDGE ( 'NONE', *, *, #3739, .F. ) ;
#5079 = CARTESIAN_POINT ( 'NONE',  ( 18.80000000000003979, -46.69999999999985363, -0.9999999999999861222 ) ) ;
#5080 = EDGE_CURVE ( 'NONE', #3367, #2924, #4293, .T. ) ;
#5081 = CARTESIAN_POINT ( 'NONE',  ( 3.000000000000039080, -43.49999999999999289, -27.00000000000000000 ) ) ;
#5082 = AXIS2_PLACEMENT_3D ( 'NONE', #4850, #830, #4384 ) ;
#5083 = ORIENTED_EDGE ( 'NONE', *, *, #2312, .T. ) ;
#5084 = CARTESIAN_POINT ( 'NONE',  ( 17.73201039154735170, 10.77028141149406260, -50.00000000000000000 ) ) ;
#5085 = ORIENTED_EDGE ( 'NONE', *, *, #5139, .T. ) ;
#5086 = VECTOR ( 'NONE', #2430, 1000.000000000000000 ) ;
#5087 = ADVANCED_FACE ( 'NONE', ( #5152 ), #4792, .F. ) ;
#5088 = CARTESIAN_POINT ( 'NONE',  ( 20.00000000000000000, -117.0000000000000000, -6.649999999999999467 ) ) ;
#5089 = CARTESIAN_POINT ( 'NONE',  ( 17.00000000000003908, -46.69999999999996021, 10.84999999999994991 ) ) ;
#5090 = VECTOR ( 'NONE', #2639, 1000.000000000000000 ) ;
#5091 = ADVANCED_FACE ( 'NONE', ( #3955 ), #821, .F. ) ;
#5092 = ORIENTED_EDGE ( 'NONE', *, *, #1946, .T. ) ;
#5093 = CARTESIAN_POINT ( 'NONE',  ( 18.80000000000003979, -97.00000000000000000, -10.84999999999996767 ) ) ;
#5094 = DIRECTION ( 'NONE',  ( 1.000000000000000000, 0.000000000000000000, 0.000000000000000000 ) ) ;
#5095 = CARTESIAN_POINT ( 'NONE',  ( -8.999999999999962697, 30.00000000000000711, 30.00000000000000000 ) ) ;
#5096 = FACE_BOUND ( 'NONE', #4354, .T. ) ;
#5097 = EDGE_CURVE ( 'NONE', #39, #3268, #4454, .T. ) ;
#5098 = ORIENTED_EDGE ( 'NONE', *, *, #415, .F. ) ;
#5099 = CARTESIAN_POINT ( 'NONE',  ( -16.48201039154661984, 9.229718588505949839, -27.00000000000000000 ) ) ;
#5100 = DIRECTION ( 'NONE',  ( 1.000000000000000000, -0.000000000000000000, -0.000000000000000000 ) ) ;
#5101 = EDGE_LOOP ( 'NONE', ( #928, #2035, #2815, #25 ) ) ;
#5102 = DIRECTION ( 'NONE',  ( 0.000000000000000000, -1.000000000000000000, 0.000000000000000000 ) ) ;
#5103 = AXIS2_PLACEMENT_3D ( 'NONE', #727, #4776, #2273 ) ;
#5104 = ADVANCED_FACE ( 'NONE', ( #4842 ), #1190, .F. ) ;
#5105 = DIRECTION ( 'NONE',  ( 1.000000000000000000, -0.000000000000000000, -0.000000000000000000 ) ) ;
#5106 = EDGE_LOOP ( 'NONE', ( #3019, #1052, #4841, #1112 ) ) ;
#5107 = DIRECTION ( 'NONE',  ( 1.000000000000000000, 0.000000000000000000, -0.000000000000000000 ) ) ;
#5108 = VERTEX_POINT ( 'NONE', #3147 ) ;
#5109 = CIRCLE ( 'NONE', #4277, 1.650000000000000355 ) ;
#5110 = DIRECTION ( 'NONE',  ( -0.000000000000000000, 1.000000000000000000, -0.000000000000000000 ) ) ;
#5111 = CARTESIAN_POINT ( 'NONE',  ( 18.80000000000003979, -54.99999999999999289, 1.000000000000029532 ) ) ;
#5112 = EDGE_CURVE ( 'NONE', #3384, #90, #4737, .T. ) ;
#5113 = CIRCLE ( 'NONE', #1413, 1.649999999999998579 ) ;
#5114 = VERTEX_POINT ( 'NONE', #2397 ) ;
#5115 = CARTESIAN_POINT ( 'NONE',  ( -15.23201039154735170, 9.229718588505949839, -30.00000000000000000 ) ) ;
#5116 = ORIENTED_EDGE ( 'NONE', *, *, #1931, .F. ) ;
#5117 = ADVANCED_FACE ( 'NONE', ( #1554 ), #5128, .F. ) ;
#5118 = PLANE ( 'NONE',  #2981 ) ;
#5119 = LINE ( 'NONE', #4728, #4526 ) ;
#5120 = ORIENTED_EDGE ( 'NONE', *, *, #4469, .T. ) ;
#5121 = VECTOR ( 'NONE', #2041, 1000.000000000000000 ) ;
#5122 = CARTESIAN_POINT ( 'NONE',  ( 9.540979117872435864E-15, -54.99999999999999289, 30.00000000000000000 ) ) ;
#5123 = DIRECTION ( 'NONE',  ( 1.000000000000000000, 0.000000000000000000, 0.000000000000000000 ) ) ;
#5124 = DIRECTION ( 'NONE',  ( 0.000000000000000000, 0.000000000000000000, -1.000000000000000000 ) ) ;
#5125 = CYLINDRICAL_SURFACE ( 'NONE', #992, 1.250000000002546852 ) ;
#5126 = EDGE_CURVE ( 'NONE', #4997, #629, #1243, .T. ) ;
#5127 = ORIENTED_EDGE ( 'NONE', *, *, #3487, .T. ) ;
#5128 = CYLINDRICAL_SURFACE ( 'NONE', #2088, 4.000000000000000000 ) ;
#5129 = DIRECTION ( 'NONE',  ( 0.000000000000000000, 0.000000000000000000, 1.000000000000000000 ) ) ;
#5130 = ORIENTED_EDGE ( 'NONE', *, *, #3653, .F. ) ;
#5131 = CARTESIAN_POINT ( 'NONE',  ( -9.999999999999998224, -117.0000000000000000, 6.649999999999999467 ) ) ;
#5132 = EDGE_CURVE ( 'NONE', #4333, #1587, #2849, .T. ) ;
#5133 = DIRECTION ( 'NONE',  ( 0.000000000000000000, 0.000000000000000000, -1.000000000000000000 ) ) ;
#5134 = ORIENTED_EDGE ( 'NONE', *, *, #4337, .F. ) ;
#5135 = CARTESIAN_POINT ( 'NONE',  ( -16.48201039154661984, 9.229718588505949839, 27.00000000000001066 ) ) ;
#5136 = ORIENTED_EDGE ( 'NONE', *, *, #5156, .T. ) ;
#5137 = AXIS2_PLACEMENT_3D ( 'NONE', #3665, #2523, #417 ) ;
#5138 = LINE ( 'NONE', #1537, #138 ) ;
#5139 = EDGE_CURVE ( 'NONE', #3890, #3963, #4347, .T. ) ;
#5140 = CARTESIAN_POINT ( 'NONE',  ( 0.000000000000000000, -56.61321960076969617, -30.00000000000000000 ) ) ;
#5141 = ORIENTED_EDGE ( 'NONE', *, *, #4892, .F. ) ;
#5142 = LINE ( 'NONE', #1906, #4704 ) ;
#5143 = EDGE_LOOP ( 'NONE', ( #2313, #1510 ) ) ;
#5144 = CARTESIAN_POINT ( 'NONE',  ( 20.00000000000000000, -120.0000000000000000, 19.00000000000001776 ) ) ;
#5145 = DIRECTION ( 'NONE',  ( -1.000000000000000000, -0.000000000000000000, -0.000000000000000000 ) ) ;
#5146 = VERTEX_POINT ( 'NONE', #424 ) ;
#5147 = CARTESIAN_POINT ( 'NONE',  ( 20.00000000000004974, -54.99999999999999289, 47.22374841615668828 ) ) ;
#5148 = FACE_BOUND ( 'NONE', #4966, .T. ) ;
#5149 = DIRECTION ( 'NONE',  ( 0.000000000000000000, 1.000000000000000000, -2.377407173401953017E-15 ) ) ;
#5150 = CARTESIAN_POINT ( 'NONE',  ( 0.6598209199600770791, 20.48855206734722501, 27.00000000000001066 ) ) ;
#5151 = ORIENTED_EDGE ( 'NONE', *, *, #3152, .F. ) ;
#5152 = FACE_OUTER_BOUND ( 'NONE', #3954, .T. ) ;
#5153 = LINE ( 'NONE', #1166, #3496 ) ;
#5154 = EDGE_LOOP ( 'NONE', ( #1074, #4771, #2256, #316 ) ) ;
#5155 = CARTESIAN_POINT ( 'NONE',  ( 13.99999999999999822, -26.50000000000000000, 27.00000000000000355 ) ) ;
#5156 = EDGE_CURVE ( 'NONE', #1328, #1636, #2370, .T. ) ;
#5157 = VERTEX_POINT ( 'NONE', #847 ) ;
#5158 = VECTOR ( 'NONE', #3756, 1000.000000000000000 ) ;
#5159 = DIRECTION ( 'NONE',  ( -0.7071067811865469066, -0.7071067811865482389, 0.000000000000000000 ) ) ;
#5160 = ORIENTED_EDGE ( 'NONE', *, *, #2407, .F. ) ;
#5161 = CARTESIAN_POINT ( 'NONE',  ( -11.63855206734649883, 9.509820919957515883, 30.00000000000000000 ) ) ;
#5162 = AXIS2_PLACEMENT_3D ( 'NONE', #1216, #5180, #4009 ) ;
#5163 = CARTESIAN_POINT ( 'NONE',  ( -17.73201039154588798, 9.229718588505949839, -27.00000000000000000 ) ) ;
#5164 = VECTOR ( 'NONE', #951, 1000.000000000000000 ) ;
#5165 = ORIENTED_EDGE ( 'NONE', *, *, #2632, .T. ) ;
#5166 = DIRECTION ( 'NONE',  ( -0.7071067811865483499, -0.7071067811865467956, 0.000000000000000000 ) ) ;
#5167 = ORIENTED_EDGE ( 'NONE', *, *, #1826, .F. ) ;
#5168 = PLANE ( 'NONE',  #707 ) ;
#5169 = FACE_OUTER_BOUND ( 'NONE', #4752, .T. ) ;
#5170 = VECTOR ( 'NONE', #2146, 1000.000000000000000 ) ;
#5171 = EDGE_CURVE ( 'NONE', #291, #3694, #3114, .T. ) ;
#5172 = ORIENTED_EDGE ( 'NONE', *, *, #1550, .F. ) ;
#5173 = DIRECTION ( 'NONE',  ( 0.000000000000000000, 0.000000000000000000, 1.000000000000000000 ) ) ;
#5174 = DIRECTION ( 'NONE',  ( 1.000000000000000000, 0.000000000000000000, 0.000000000000000000 ) ) ;
#5175 = DIRECTION ( 'NONE',  ( 0.000000000000000000, 0.000000000000000000, -1.000000000000000000 ) ) ;
#5176 = DIRECTION ( 'NONE',  ( -0.000000000000000000, -0.000000000000000000, 1.000000000000000000 ) ) ;
#5177 = CIRCLE ( 'NONE', #4260, 1.650000000000002132 ) ;
#5178 = ORIENTED_EDGE ( 'NONE', *, *, #3700, .T. ) ;
#5179 = DIRECTION ( 'NONE',  ( 0.7071067811865469066, 0.7071067811865482389, -0.000000000000000000 ) ) ;
#5180 = DIRECTION ( 'NONE',  ( 0.000000000000000000, 1.000000000000000000, -0.000000000000000000 ) ) ;
#5181 = VERTEX_POINT ( 'NONE', #2454 ) ;
#5182 = ADVANCED_FACE ( 'NONE', ( #4063 ), #448, .F. ) ;
#5183 = CARTESIAN_POINT ( 'NONE',  ( -9.338552067347947627, 9.509820919957515883, -27.00000000000000000 ) ) ;
#5184 = VERTEX_POINT ( 'NONE', #2051 ) ;
#5185 = CARTESIAN_POINT ( 'NONE',  ( 13.99999999999999645, -26.50000000000000355, 35.00000000000000000 ) ) ;
#5186 = ORIENTED_EDGE ( 'NONE', *, *, #5156, .F. ) ;
#5187 = PLANE ( 'NONE',  #5082 ) ;
#5188 = VECTOR ( 'NONE', #4567, 1000.000000000000000 ) ;
#5189 = DIRECTION ( 'NONE',  ( 0.000000000000000000, 0.000000000000000000, 1.000000000000000000 ) ) ;
#5190 = ADVANCED_FACE ( 'NONE', ( #1974 ), #3593, .F. ) ;
#5191 = EDGE_LOOP ( 'NONE', ( #1774, #1739, #172, #1270 ) ) ;
#5192 = CIRCLE ( 'NONE', #324, 1.250000000000733191 ) ;
#5193 = DIRECTION ( 'NONE',  ( 1.000000000000000000, 0.000000000000000000, 0.000000000000000000 ) ) ;
#5194 = ORIENTED_EDGE ( 'NONE', *, *, #1225, .F. ) ;
#5195 = DIRECTION ( 'NONE',  ( 1.000000000000000000, -0.000000000000000000, -0.000000000000000000 ) ) ;
#5196 = EDGE_CURVE ( 'NONE', #1345, #2282, #4696, .T. ) ;
#5197 = VECTOR ( 'NONE', #1839, 1000.000000000000000 ) ;
ENDSEC;
END-ISO-10303-21;
