ISO-10303-21;
HEADER;
FILE_DESCRIPTION (( 'STEP AP214' ),
    '1' );
FILE_NAME ('°å1.STEP',
    '2026-05-02T02:57:59',
    ( '' ),
    ( '' ),
    'SwSTEP 2.0',
    'SolidWorks 2025',
    '' );
FILE_SCHEMA (( 'AUTOMOTIVE_DESIGN' ));
ENDSEC;

DATA;
#1 = EDGE_CURVE ( 'NONE', #453, #655, #1490, .T. ) ;
#2 = ORIENTED_EDGE ( 'NONE', *, *, #145, .T. ) ;
#3 = VECTOR ( 'NONE', #588, 1000.000000000000000 ) ;
#4 = LINE ( 'NONE', #388, #1692 ) ;
#5 = CIRCLE ( 'NONE', #967, 1.649999999999998579 ) ;
#6 = CARTESIAN_POINT ( 'NONE',  ( -12.00000000000000711, 15.88008056641809063, 39.86873300608238679 ) ) ;
#7 = EDGE_LOOP ( 'NONE', ( #1744, #488, #501, #1591, #279, #1784, #1120, #1428 ) ) ;
#8 =( NAMED_UNIT ( * ) SI_UNIT ( $, .STERADIAN. ) SOLID_ANGLE_UNIT ( ) );
#9 = DIRECTION ( 'NONE',  ( -0.000000000000000000, -1.000000000000000000, -0.000000000000000000 ) ) ;
#10 = LINE ( 'NONE', #802, #1061 ) ;
#11 = ORIENTED_EDGE ( 'NONE', *, *, #12, .F. ) ;
#12 = EDGE_CURVE ( 'NONE', #1476, #772, #1190, .T. ) ;
#13 = ORIENTED_EDGE ( 'NONE', *, *, #1403, .T. ) ;
#14 = DIRECTION ( 'NONE',  ( 0.000000000000000000, 0.000000000000000000, 1.000000000000000000 ) ) ;
#15 = ORIENTED_EDGE ( 'NONE', *, *, #145, .F. ) ;
#16 = SURFACE_STYLE_FILL_AREA ( #1685 ) ;
#17 = DIRECTION ( 'NONE',  ( 1.000000000000000000, 0.000000000000000000, -1.257674520083185143E-16 ) ) ;
#18 = DIRECTION ( 'NONE',  ( -1.000000000000000000, -0.000000000000000000, 1.257674520083185143E-16 ) ) ;
#19 = VECTOR ( 'NONE', #998, 1000.000000000000000 ) ;
#20 = EDGE_LOOP ( 'NONE', ( #1330, #778, #368, #864 ) ) ;
#21 = EDGE_CURVE ( 'NONE', #381, #1292, #840, .T. ) ;
#22 = ORIENTED_EDGE ( 'NONE', *, *, #1729, .F. ) ;
#23 = CARTESIAN_POINT ( 'NONE',  ( -4.000000000000012434, 5.000000000000018652, -100.0000000000000000 ) ) ;
#24 = LINE ( 'NONE', #1289, #171 ) ;
#25 = EDGE_CURVE ( 'NONE', #1688, #1326, #292, .T. ) ;
#26 = FILL_AREA_STYLE_COLOUR ( '', #304 ) ;
#27 = CARTESIAN_POINT ( 'NONE',  ( -4.000000000000008882, 10.00000000000000000, -57.50000000000000000 ) ) ;
#28 = DIRECTION ( 'NONE',  ( 0.000000000000000000, 0.000000000000000000, 1.000000000000000000 ) ) ;
#29 = VECTOR ( 'NONE', #1269, 1000.000000000000000 ) ;
#30 = VECTOR ( 'NONE', #188, 1000.000000000000000 ) ;
#31 = EDGE_CURVE ( 'NONE', #1277, #453, #352, .T. ) ;
#32 = DIRECTION ( 'NONE',  ( -1.000000000000000000, 0.000000000000000000, 1.257674520083185143E-16 ) ) ;
#33 = LINE ( 'NONE', #1142, #961 ) ;
#34 = VECTOR ( 'NONE', #1168, 1000.000000000000000 ) ;
#35 = AXIS2_PLACEMENT_3D ( 'NONE', #701, #296, #278 ) ;
#36 = DIRECTION ( 'NONE',  ( -1.000000000000000000, -0.000000000000000000, -0.000000000000000000 ) ) ;
#37 = ORIENTED_EDGE ( 'NONE', *, *, #319, .F. ) ;
#38 = CARTESIAN_POINT ( 'NONE',  ( 4.000000000000008882, 5.000000000000000000, 63.35000000000000142 ) ) ;
#39 = CARTESIAN_POINT ( 'NONE',  ( -4.000000000000006217, 20.00000000000000000, -15.00000000000000178 ) ) ;
#40 = ORIENTED_EDGE ( 'NONE', *, *, #1531, .F. ) ;
#41 = ORIENTED_EDGE ( 'NONE', *, *, #1294, .F. ) ;
#42 = DIRECTION ( 'NONE',  ( 0.000000000000000000, 0.000000000000000000, 1.000000000000000000 ) ) ;
#43 = CARTESIAN_POINT ( 'NONE',  ( -2.000000000000003553, 10.00000000000000000, -57.50000000000000000 ) ) ;
#44 = CARTESIAN_POINT ( 'NONE',  ( -2.000000000000003553, 10.00000000000000000, 57.50000000000000000 ) ) ;
#45 = CARTESIAN_POINT ( 'NONE',  ( 3.999999999999989786, 10.00000000000000000, -100.0000000000000000 ) ) ;
#46 = ORIENTED_EDGE ( 'NONE', *, *, #1551, .F. ) ;
#47 = DIRECTION ( 'NONE',  ( 1.000000000000000000, 0.000000000000000000, 0.000000000000000000 ) ) ;
#48 = ADVANCED_FACE ( 'NONE', ( #1577 ), #331, .F. ) ;
#49 = VECTOR ( 'NONE', #1385, 1000.000000000000000 ) ;
#50 = EDGE_CURVE ( 'NONE', #1708, #779, #411, .T. ) ;
#51 = AXIS2_PLACEMENT_3D ( 'NONE', #1582, #208, #913 ) ;
#52 = ORIENTED_EDGE ( 'NONE', *, *, #715, .T. ) ;
#53 = CARTESIAN_POINT ( 'NONE',  ( -1.999999999999999556, 10.00000000000000000, 30.00000000000000000 ) ) ;
#54 = ORIENTED_EDGE ( 'NONE', *, *, #689, .F. ) ;
#55 = CARTESIAN_POINT ( 'NONE',  ( -3.999999999999994671, 15.88008056641809063, 38.26873300608239248 ) ) ;
#56 = PLANE ( 'NONE',  #965 ) ;
#57 = CARTESIAN_POINT ( 'NONE',  ( -4.000000000000010658, 5.000000000000000000, -78.35000000000000853 ) ) ;
#58 = CARTESIAN_POINT ( 'NONE',  ( 2.000000000000006217, 20.00000000000000000, 14.99999999999999822 ) ) ;
#59 = EDGE_LOOP ( 'NONE', ( #1260, #1765, #264, #1214 ) ) ;
#60 = EDGE_CURVE ( 'NONE', #497, #1151, #1516, .T. ) ;
#61 = ORIENTED_EDGE ( 'NONE', *, *, #1760, .F. ) ;
#62 = ORIENTED_EDGE ( 'NONE', *, *, #1219, .T. ) ;
#63 = DIRECTION ( 'NONE',  ( 0.000000000000000000, 0.000000000000000000, -1.000000000000000000 ) ) ;
#64 = AXIS2_PLACEMENT_3D ( 'NONE', #1338, #1368, #1644 ) ;
#65 = LINE ( 'NONE', #905, #1130 ) ;
#66 = DIRECTION ( 'NONE',  ( 1.000000000000000000, 0.000000000000000000, 0.000000000000000000 ) ) ;
#67 = AXIS2_PLACEMENT_3D ( 'NONE', #1587, #1621, #376 ) ;
#68 = VERTEX_POINT ( 'NONE', #1346 ) ;
#69 = CARTESIAN_POINT ( 'NONE',  ( 3.999999999999993339, 5.000000000000000000, -66.65000000000000568 ) ) ;
#70 = AXIS2_PLACEMENT_3D ( 'NONE', #667, #194, #1753 ) ;
#71 = CARTESIAN_POINT ( 'NONE',  ( -4.000000000000006217, 10.00000000000000000, 14.99999999999999822 ) ) ;
#72 = FACE_BOUND ( 'NONE', #1615, .T. ) ;
#73 = ADVANCED_FACE ( 'NONE', ( #1235 ), #1771, .F. ) ;
#74 = ORIENTED_EDGE ( 'NONE', *, *, #1040, .T. ) ;
#75 = VERTEX_POINT ( 'NONE', #558 ) ;
#76 = CYLINDRICAL_SURFACE ( 'NONE', #341, 1.599999999999997202 ) ;
#77 = CARTESIAN_POINT ( 'NONE',  ( -2.000000000000003553, 25.00000000000000000, -57.50000000000000000 ) ) ;
#78 = DIRECTION ( 'NONE',  ( 1.000000000000000000, -0.000000000000000000, 0.000000000000000000 ) ) ;
#79 = ORIENTED_EDGE ( 'NONE', *, *, #773, .F. ) ;
#80 = CIRCLE ( 'NONE', #523, 1.649999999999998579 ) ;
#81 = AXIS2_PLACEMENT_3D ( 'NONE', #1663, #440, #128 ) ;
#82 = ORIENTED_EDGE ( 'NONE', *, *, #86, .T. ) ;
#83 = EDGE_CURVE ( 'NONE', #1596, #116, #810, .T. ) ;
#84 = FACE_OUTER_BOUND ( 'NONE', #755, .T. ) ;
#85 = CARTESIAN_POINT ( 'NONE',  ( 2.000000000000000444, 10.00000000000000000, 15.00000000000000000 ) ) ;
#86 = EDGE_CURVE ( 'NONE', #1596, #1671, #396, .T. ) ;
#87 = DIRECTION ( 'NONE',  ( -1.000000000000000000, -0.000000000000000000, 1.257674520083185143E-16 ) ) ;
#88 = ORIENTED_EDGE ( 'NONE', *, *, #788, .F. ) ;
#89 = DIRECTION ( 'NONE',  ( 1.000000000000000000, -0.000000000000000000, -0.000000000000000000 ) ) ;
#90 = FACE_OUTER_BOUND ( 'NONE', #1636, .T. ) ;
#91 = CARTESIAN_POINT ( 'NONE',  ( 5.999999999999989342, 5.000000000000000000, -80.00000000000000000 ) ) ;
#92 = CARTESIAN_POINT ( 'NONE',  ( 2.000000000000005329, 15.00000000000000000, -7.500000000000000000 ) ) ;
#93 = ORIENTED_EDGE ( 'NONE', *, *, #1293, .F. ) ;
#94 = CARTESIAN_POINT ( 'NONE',  ( 4.000000000000006217, 20.00000000000000000, -15.00000000000000178 ) ) ;
#95 = ORIENTED_EDGE ( 'NONE', *, *, #801, .T. ) ;
#96 = VECTOR ( 'NONE', #439, 1000.000000000000000 ) ;
#97 = PLANE ( 'NONE',  #193 ) ;
#98 = ADVANCED_FACE ( 'NONE', ( #1522 ), #1793, .F. ) ;
#99 = ORIENTED_EDGE ( 'NONE', *, *, #307, .F. ) ;
#100 = VERTEX_POINT ( 'NONE', #826 ) ;
#101 = AXIS2_PLACEMENT_3D ( 'NONE', #953, #419, #1630 ) ;
#102 = VECTOR ( 'NONE', #9, 1000.000000000000000 ) ;
#103 = CARTESIAN_POINT ( 'NONE',  ( 4.000000000000008882, 5.000000000000000000, 66.65000000000000568 ) ) ;
#104 = DIRECTION ( 'NONE',  ( -1.100322123398653222E-16, -0.3420201433256696566, -0.9396926207859082059 ) ) ;
#105 = ORIENTED_EDGE ( 'NONE', *, *, #697, .T. ) ;
#106 = ORIENTED_EDGE ( 'NONE', *, *, #1632, .T. ) ;
#107 = DIRECTION ( 'NONE',  ( 0.000000000000000000, 0.000000000000000000, 1.000000000000000000 ) ) ;
#108 = ORIENTED_EDGE ( 'NONE', *, *, #83, .T. ) ;
#109 = ORIENTED_EDGE ( 'NONE', *, *, #251, .F. ) ;
#110 = ORIENTED_EDGE ( 'NONE', *, *, #1211, .T. ) ;
#111 = ADVANCED_FACE ( 'NONE', ( #1780 ), #1101, .F. ) ;
#112 = PLANE ( 'NONE',  #175 ) ;
#113 = CARTESIAN_POINT ( 'NONE',  ( -2.000000000000006217, 21.35149931376471244, 52.23524928220450647 ) ) ;
#114 = CARTESIAN_POINT ( 'NONE',  ( 16.00000000000000000, 15.00000000000000000, 7.499999999999998224 ) ) ;
#115 = ORIENTED_EDGE ( 'NONE', *, *, #465, .F. ) ;
#116 = VERTEX_POINT ( 'NONE', #1226 ) ;
#117 = CARTESIAN_POINT ( 'NONE',  ( -3.999999999999994671, 15.88008056641809063, 36.66873300608239106 ) ) ;
#118 = DIRECTION ( 'NONE',  ( -1.000000000000000000, -0.000000000000000000, 1.257674520083185143E-16 ) ) ;
#119 = ORIENTED_EDGE ( 'NONE', *, *, #1232, .F. ) ;
#120 = EDGE_LOOP ( 'NONE', ( #633, #1647, #728, #1351 ) ) ;
#121 = LINE ( 'NONE', #1785, #1781 ) ;
#122 = AXIS2_PLACEMENT_3D ( 'NONE', #424, #1661, #1652 ) ;
#123 = DIRECTION ( 'NONE',  ( 1.000000000000000000, 0.000000000000000000, 0.000000000000000000 ) ) ;
#124 = VECTOR ( 'NONE', #1657, 1000.000000000000000 ) ;
#125 = EDGE_CURVE ( 'NONE', #1307, #1709, #1246, .T. ) ;
#126 = DIRECTION ( 'NONE',  ( 0.000000000000000000, 0.000000000000000000, -1.000000000000000000 ) ) ;
#127 = ORIENTED_EDGE ( 'NONE', *, *, #1750, .F. ) ;
#128 = DIRECTION ( 'NONE',  ( -1.000000000000000000, 0.000000000000000000, 0.000000000000000000 ) ) ;
#129 = FACE_OUTER_BOUND ( 'NONE', #1432, .T. ) ;
#130 = LINE ( 'NONE', #139, #149 ) ;
#131 = CARTESIAN_POINT ( 'NONE',  ( 3.999999999999991562, 5.000000000000000000, -81.65000000000000568 ) ) ;
#132 = EDGE_CURVE ( 'NONE', #657, #497, #1453, .T. ) ;
#133 = AXIS2_PLACEMENT_3D ( 'NONE', #554, #311, #335 ) ;
#134 = DIRECTION ( 'NONE',  ( 0.000000000000000000, 0.000000000000000000, -1.000000000000000000 ) ) ;
#135 = ORIENTED_EDGE ( 'NONE', *, *, #307, .T. ) ;
#136 = CIRCLE ( 'NONE', #1140, 1.650000000000000355 ) ;
#137 = ADVANCED_FACE ( 'NONE', ( #1095 ), #806, .F. ) ;
#138 = DIRECTION ( 'NONE',  ( -0.000000000000000000, 0.000000000000000000, 1.000000000000000000 ) ) ;
#139 = CARTESIAN_POINT ( 'NONE',  ( -4.000000000000006217, 20.00000000000000000, 14.99999999999999822 ) ) ;
#140 = LINE ( 'NONE', #995, #1047 ) ;
#141 = CARTESIAN_POINT ( 'NONE',  ( 2.000000000000000444, 10.00000000000000000, 49.99999999999998579 ) ) ;
#142 = EDGE_LOOP ( 'NONE', ( #512, #1758, #135, #1380 ) ) ;
#143 = PRODUCT_DEFINITION ( 'æœ', '', #496, #309 ) ;
#144 = DIRECTION ( 'NONE',  ( 1.000000000000000000, 0.000000000000000000, -1.257674520083185143E-16 ) ) ;
#145 = EDGE_CURVE ( 'NONE', #644, #399, #1650, .T. ) ;
#146 = ORIENTED_EDGE ( 'NONE', *, *, #1066, .F. ) ;
#147 = LINE ( 'NONE', #346, #919 ) ;
#148 = AXIS2_PLACEMENT_3D ( 'NONE', #55, #1406, #1297 ) ;
#149 = VECTOR ( 'NONE', #691, 1000.000000000000000 ) ;
#150 = CARTESIAN_POINT ( 'NONE',  ( -3.999999999999999112, 15.00000000000000000, 5.850000000000001421 ) ) ;
#151 = VERTEX_POINT ( 'NONE', #246 ) ;
#152 = DIRECTION ( 'NONE',  ( 1.000000000000000000, 0.000000000000000000, 0.000000000000000000 ) ) ;
#153 = CARTESIAN_POINT ( 'NONE',  ( -3.999999999999993339, 21.35149931376471244, 52.23524928220450647 ) ) ;
#154 = CYLINDRICAL_SURFACE ( 'NONE', #1218, 1.649999999999998579 ) ;
#155 = ORIENTED_EDGE ( 'NONE', *, *, #474, .F. ) ;
#156 = ADVANCED_FACE ( 'NONE', ( #269, #1492, #1364, #1786, #550, #1372, #129 ), #969, .F. ) ;
#157 = VERTEX_POINT ( 'NONE', #1240 ) ;
#158 = DIRECTION ( 'NONE',  ( 1.000000000000000000, -0.000000000000000000, -0.000000000000000000 ) ) ;
#159 = CARTESIAN_POINT ( 'NONE',  ( -4.000000000000006217, 10.00000000000000000, -15.00000000000000178 ) ) ;
#160 = DIRECTION ( 'NONE',  ( -1.000000000000000000, 0.000000000000000000, 1.156482317317871478E-16 ) ) ;
#161 = CARTESIAN_POINT ( 'NONE',  ( 4.000000000000013323, 10.00000000000000000, 100.0000000000000000 ) ) ;
#162 = VECTOR ( 'NONE', #351, 1000.000000000000000 ) ;
#163 = VECTOR ( 'NONE', #672, 1000.000000000000000 ) ;
#164 = ORIENTED_EDGE ( 'NONE', *, *, #924, .T. ) ;
#165 = DIRECTION ( 'NONE',  ( -1.000000000000000000, 0.000000000000000000, 1.257674520083185143E-16 ) ) ;
#166 = PLANE ( 'NONE',  #1754 ) ;
#167 = LINE ( 'NONE', #730, #1159 ) ;
#168 = LINE ( 'NONE', #1022, #851 ) ;
#169 = DIRECTION ( 'NONE',  ( 0.000000000000000000, 0.000000000000000000, 1.000000000000000000 ) ) ;
#170 = ORIENTED_EDGE ( 'NONE', *, *, #1523, .T. ) ;
#171 = VECTOR ( 'NONE', #616, 1000.000000000000000 ) ;
#172 = CIRCLE ( 'NONE', #586, 1.649999999999998579 ) ;
#173 = EDGE_CURVE ( 'NONE', #915, #382, #4, .T. ) ;
#174 = LINE ( 'NONE', #1424, #29 ) ;
#175 = AXIS2_PLACEMENT_3D ( 'NONE', #659, #1776, #1208 ) ;
#176 = CARTESIAN_POINT ( 'NONE',  ( 0.000000000000000000, 0.000000000000000000, 86.26261290272688598 ) ) ;
#177 = AXIS2_PLACEMENT_3D ( 'NONE', #1670, #32, #835 ) ;
#178 = DIRECTION ( 'NONE',  ( -1.000000000000000000, -0.000000000000000000, 1.257674520083185143E-16 ) ) ;
#179 = ADVANCED_FACE ( 'NONE', ( #1067 ), #574, .F. ) ;
#180 = DIRECTION ( 'NONE',  ( -1.000000000000000000, -0.000000000000000000, 1.156482317317871478E-16 ) ) ;
#181 = ORIENTED_EDGE ( 'NONE', *, *, #535, .F. ) ;
#182 = CARTESIAN_POINT ( 'NONE',  ( -2.000000000000003553, 25.00000000000000000, 57.50000000000000000 ) ) ;
#183 = DIRECTION ( 'NONE',  ( 0.000000000000000000, 0.000000000000000000, 1.000000000000000000 ) ) ;
#184 = EDGE_LOOP ( 'NONE', ( #1353, #706 ) ) ;
#185 = VERTEX_POINT ( 'NONE', #1155 ) ;
#186 = CARTESIAN_POINT ( 'NONE',  ( -3.999999999999999112, 15.00000000000000000, 7.500000000000000888 ) ) ;
#187 = ADVANCED_FACE ( 'NONE', ( #207 ), #56, .F. ) ;
#188 = DIRECTION ( 'NONE',  ( -1.261617073437677752E-16, -0.000000000000000000, 1.000000000000000000 ) ) ;
#189 = LINE ( 'NONE', #77, #1468 ) ;
#190 = ORIENTED_EDGE ( 'NONE', *, *, #333, .T. ) ;
#191 = CARTESIAN_POINT ( 'NONE',  ( -1.999999999999999556, 25.00000000000000000, -30.00000000000000000 ) ) ;
#192 = EDGE_LOOP ( 'NONE', ( #1098, #40, #1266, #860 ) ) ;
#193 = AXIS2_PLACEMENT_3D ( 'NONE', #1774, #1474, #799 ) ;
#194 = DIRECTION ( 'NONE',  ( -1.000000000000000000, 0.000000000000000000, 0.000000000000000000 ) ) ;
#195 = ORIENTED_EDGE ( 'NONE', *, *, #1737, .T. ) ;
#196 = ORIENTED_EDGE ( 'NONE', *, *, #924, .F. ) ;
#197 = CARTESIAN_POINT ( 'NONE',  ( 16.00000000000000000, 15.00000000000000000, -7.500000000000001776 ) ) ;
#198 = DIRECTION ( 'NONE',  ( 1.000000000000000000, -0.000000000000000000, -0.000000000000000000 ) ) ;
#199 = DIRECTION ( 'NONE',  ( 0.000000000000000000, 0.000000000000000000, -1.000000000000000000 ) ) ;
#200 = DIRECTION ( 'NONE',  ( -1.419319207617387533E-16, 0.000000000000000000, -1.000000000000000000 ) ) ;
#201 = ORIENTED_EDGE ( 'NONE', *, *, #1232, .T. ) ;
#202 = DIRECTION ( 'NONE',  ( -1.000000000000000000, 0.000000000000000000, 1.170938346284344789E-16 ) ) ;
#203 = ADVANCED_FACE ( 'NONE', ( #1320 ), #619, .F. ) ;
#204 = FACE_OUTER_BOUND ( 'NONE', #1062, .T. ) ;
#205 = PRODUCT ( '\X2\677f\X0\1', '\X2\677f\X0\1', '', ( #484 ) ) ;
#206 = ORIENTED_EDGE ( 'NONE', *, *, #1021, .F. ) ;
#207 = FACE_OUTER_BOUND ( 'NONE', #739, .T. ) ;
#208 = DIRECTION ( 'NONE',  ( -1.000000000000000000, 0.000000000000000000, 1.170938346284344789E-16 ) ) ;
#209 = VECTOR ( 'NONE', #669, 1000.000000000000000 ) ;
#210 = ORIENTED_EDGE ( 'NONE', *, *, #1716, .F. ) ;
#211 = DIRECTION ( 'NONE',  ( 1.000000000000000000, -0.000000000000000000, -0.000000000000000000 ) ) ;
#212 = VECTOR ( 'NONE', #719, 1000.000000000000000 ) ;
#213 = ORIENTED_EDGE ( 'NONE', *, *, #1304, .T. ) ;
#214 = EDGE_CURVE ( 'NONE', #1445, #1476, #1310, .T. ) ;
#215 = EDGE_LOOP ( 'NONE', ( #688, #1567, #761, #895 ) ) ;
#216 = EDGE_LOOP ( 'NONE', ( #483, #982, #833, #553 ) ) ;
#217 = FACE_BOUND ( 'NONE', #345, .T. ) ;
#218 = LINE ( 'NONE', #1169, #1789 ) ;
#219 = CARTESIAN_POINT ( 'NONE',  ( 0.000000000000000000, 10.00000000000000000, 0.000000000000000000 ) ) ;
#220 = ADVANCED_FACE ( 'NONE', ( #627 ), #1738, .F. ) ;
#221 = AXIS2_PLACEMENT_3D ( 'NONE', #245, #234, #1491 ) ;
#222 = CARTESIAN_POINT ( 'NONE',  ( -4.000000000000000888, 15.00000000000000000, -5.849999999999998757 ) ) ;
#223 = EDGE_LOOP ( 'NONE', ( #286, #1245, #879, #795 ) ) ;
#224 = VERTEX_POINT ( 'NONE', #85 ) ;
#225 = ADVANCED_FACE ( 'NONE', ( #742 ), #1030, .F. ) ;
#226 = FACE_BOUND ( 'NONE', #856, .T. ) ;
#227 = CARTESIAN_POINT ( 'NONE',  ( 2.000000000000000444, 10.00000000000000000, 49.99999999999998579 ) ) ;
#228 = ORIENTED_EDGE ( 'NONE', *, *, #474, .T. ) ;
#229 = CARTESIAN_POINT ( 'NONE',  ( -4.000000000000012434, 10.00000000000000000, -100.0000000000000000 ) ) ;
#230 = ORIENTED_EDGE ( 'NONE', *, *, #31, .F. ) ;
#231 = EDGE_LOOP ( 'NONE', ( #1394, #1575 ) ) ;
#232 = LINE ( 'NONE', #518, #1046 ) ;
#233 = FACE_OUTER_BOUND ( 'NONE', #1072, .T. ) ;
#234 = DIRECTION ( 'NONE',  ( -1.000000000000000000, 0.000000000000000000, 1.257674520083185143E-16 ) ) ;
#235 = ORIENTED_EDGE ( 'NONE', *, *, #1622, .T. ) ;
#236 = ORIENTED_EDGE ( 'NONE', *, *, #1, .F. ) ;
#237 = EDGE_CURVE ( 'NONE', #1689, #1148, #1299, .T. ) ;
#238 = CARTESIAN_POINT ( 'NONE',  ( -2.000000000000006217, 10.00000000000000000, -15.00000000000000178 ) ) ;
#239 = EDGE_LOOP ( 'NONE', ( #106, #790, #1324, #980 ) ) ;
#240 = CIRCLE ( 'NONE', #749, 1.649999999999999467 ) ;
#241 = VERTEX_POINT ( 'NONE', #1447 ) ;
#242 = ORIENTED_EDGE ( 'NONE', *, *, #214, .F. ) ;
#243 = AXIS2_PLACEMENT_3D ( 'NONE', #971, #1110, #962 ) ;
#244 = CARTESIAN_POINT ( 'NONE',  ( 2.000000000000005329, 15.00000000000000000, -5.849999999999999645 ) ) ;
#245 = CARTESIAN_POINT ( 'NONE',  ( -4.000000000000010658, 5.000000000000000000, -80.00000000000000000 ) ) ;
#246 = CARTESIAN_POINT ( 'NONE',  ( -2.000000000000006217, 20.00000000000000000, -15.00000000000000178 ) ) ;
#247 = ORIENTED_EDGE ( 'NONE', *, *, #592, .T. ) ;
#248 = DIRECTION ( 'NONE',  ( 1.181827465872627658E-16, 0.3420201433256696566, 0.9396926207859082059 ) ) ;
#249 = ORIENTED_EDGE ( 'NONE', *, *, #1705, .T. ) ;
#250 = EDGE_LOOP ( 'NONE', ( #230, #608, #907, #236 ) ) ;
#251 = EDGE_CURVE ( 'NONE', #915, #1708, #872, .T. ) ;
#252 = DIRECTION ( 'NONE',  ( 0.000000000000000000, 0.000000000000000000, 1.000000000000000000 ) ) ;
#253 = DIRECTION ( 'NONE',  ( -1.000000000000000000, -0.000000000000000000, 1.257674520083185143E-16 ) ) ;
#254 = DIRECTION ( 'NONE',  ( 0.000000000000000000, 0.000000000000000000, -1.000000000000000000 ) ) ;
#255 = ORIENTED_EDGE ( 'NONE', *, *, #1683, .F. ) ;
#256 = VECTOR ( 'NONE', #500, 1000.000000000000000 ) ;
#257 = AXIS2_PLACEMENT_3D ( 'NONE', #1025, #1724, #47 ) ;
#258 = VERTEX_POINT ( 'NONE', #1010 ) ;
#259 = CARTESIAN_POINT ( 'NONE',  ( -3.999999999999987121, 5.000000000000018652, 100.0000000000000000 ) ) ;
#260 = CARTESIAN_POINT ( 'NONE',  ( 2.000000000000000444, 10.00000000000000000, 49.99999999999998579 ) ) ;
#261 = EDGE_CURVE ( 'NONE', #1795, #956, #172, .T. ) ;
#262 = CARTESIAN_POINT ( 'NONE',  ( -12.00000000000000711, 15.88008056641902144, -36.66873300608608588 ) ) ;
#263 = ORIENTED_EDGE ( 'NONE', *, *, #1425, .T. ) ;
#264 = ORIENTED_EDGE ( 'NONE', *, *, #1410, .T. ) ;
#265 = CIRCLE ( 'NONE', #812, 1.650000000000000355 ) ;
#266 = DIRECTION ( 'NONE',  ( -1.000000000000000000, -0.000000000000000000, 1.257674520083185143E-16 ) ) ;
#267 = AXIS2_PLACEMENT_3D ( 'NONE', #1383, #144, #570 ) ;
#268 = EDGE_CURVE ( 'NONE', #1614, #910, #1290, .T. ) ;
#269 = FACE_BOUND ( 'NONE', #184, .T. ) ;
#270 = VECTOR ( 'NONE', #1379, 1000.000000000000000 ) ;
#271 = FACE_OUTER_BOUND ( 'NONE', #1762, .T. ) ;
#272 = CARTESIAN_POINT ( 'NONE',  ( 4.000000000000001776, 15.00000000000000000, 5.849999999999999645 ) ) ;
#273 = ORIENTED_EDGE ( 'NONE', *, *, #1239, .T. ) ;
#274 = DIRECTION ( 'NONE',  ( 1.000000000000000000, 0.000000000000000000, 0.000000000000000000 ) ) ;
#275 = DIRECTION ( 'NONE',  ( -1.000000000000000000, 0.000000000000000000, 1.170938346284344789E-16 ) ) ;
#276 = CIRCLE ( 'NONE', #1139, 1.649999999999999467 ) ;
#277 = EDGE_CURVE ( 'NONE', #157, #1178, #774, .T. ) ;
#278 = DIRECTION ( 'NONE',  ( 0.000000000000000000, 0.000000000000000000, -1.000000000000000000 ) ) ;
#279 = ORIENTED_EDGE ( 'NONE', *, *, #1632, .F. ) ;
#280 = VECTOR ( 'NONE', #1427, 1000.000000000000000 ) ;
#281 = SURFACE_STYLE_USAGE ( .BOTH. , #582 ) ;
#282 = CARTESIAN_POINT ( 'NONE',  ( 6.000000000000007994, 5.000000000000000000, 66.65000000000000568 ) ) ;
#283 = EDGE_LOOP ( 'NONE', ( #643, #1138, #425, #937 ) ) ;
#284 = CARTESIAN_POINT ( 'NONE',  ( 5.999999999999989342, 5.000000000000000000, -81.65000000000000568 ) ) ;
#285 = LINE ( 'NONE', #576, #508 ) ;
#286 = ORIENTED_EDGE ( 'NONE', *, *, #455, .F. ) ;
#287 = EDGE_CURVE ( 'NONE', #151, #1369, #65, .T. ) ;
#288 = CARTESIAN_POINT ( 'NONE',  ( 0.000000000000000000, 0.000000000000000000, -86.26261290272688598 ) ) ;
#289 = ADVANCED_FACE ( 'NONE', ( #636, #217, #226, #609, #1731, #1721, #1023 ), #1581, .F. ) ;
#290 = ORIENTED_EDGE ( 'NONE', *, *, #452, .T. ) ;
#291 = DIRECTION ( 'NONE',  ( 0.000000000000000000, -0.000000000000000000, 1.000000000000000000 ) ) ;
#292 = CIRCLE ( 'NONE', #1015, 1.650000000000000355 ) ;
#293 = AXIS2_PLACEMENT_3D ( 'NONE', #1679, #1003, #1702 ) ;
#294 = ORIENTED_EDGE ( 'NONE', *, *, #1441, .F. ) ;
#295 = LINE ( 'NONE', #1568, #682 ) ;
#296 = DIRECTION ( 'NONE',  ( -1.000000000000000000, 0.000000000000000000, 1.257674520083185143E-16 ) ) ;
#297 = CYLINDRICAL_SURFACE ( 'NONE', #865, 1.650000000000000355 ) ;
#298 = LINE ( 'NONE', #302, #418 ) ;
#299 = PLANE ( 'NONE',  #563 ) ;
#300 = FACE_OUTER_BOUND ( 'NONE', #408, .T. ) ;
#301 = CARTESIAN_POINT ( 'NONE',  ( 6.000000000000010658, 5.000000000000000000, 78.35000000000000853 ) ) ;
#302 = CARTESIAN_POINT ( 'NONE',  ( 3.999999999999989786, 5.000000000000018652, -100.0000000000000000 ) ) ;
#303 = CARTESIAN_POINT ( 'NONE',  ( -2.000000000000003553, 10.00000000000000000, -57.50000000000000000 ) ) ;
#304 = COLOUR_RGB ( '',0.7921568627450980005, 0.8196078431372548767, 0.9333333333333333481 ) ;
#305 = ORIENTED_EDGE ( 'NONE', *, *, #1163, .F. ) ;
#306 = CARTESIAN_POINT ( 'NONE',  ( -4.000000000000007994, 5.000000000000000000, -65.00000000000000000 ) ) ;
#307 = EDGE_CURVE ( 'NONE', #539, #1756, #1367, .T. ) ;
#308 = DIRECTION ( 'NONE',  ( 0.000000000000000000, 0.000000000000000000, 1.000000000000000000 ) ) ;
#309 = PRODUCT_DEFINITION_CONTEXT ( 'detailed design', #373, 'design' ) ;
#310 = CARTESIAN_POINT ( 'NONE',  ( 3.999999999999989786, 10.00000000000000000, -100.0000000000000000 ) ) ;
#311 = DIRECTION ( 'NONE',  ( -1.000000000000000000, 0.000000000000000000, 1.257674520083185143E-16 ) ) ;
#312 = DIRECTION ( 'NONE',  ( -1.000000000000000000, -0.000000000000000000, 1.257674520083185143E-16 ) ) ;
#313 = CARTESIAN_POINT ( 'NONE',  ( -12.00000000000000711, 21.35149931376471244, 53.83524928220450079 ) ) ;
#314 = EDGE_LOOP ( 'NONE', ( #1734, #485, #929, #1295 ) ) ;
#315 = ORIENTED_EDGE ( 'NONE', *, *, #1224, .T. ) ;
#316 = CARTESIAN_POINT ( 'NONE',  ( -3.999999999999992450, 5.000000000000000000, 65.00000000000000000 ) ) ;
#317 = CIRCLE ( 'NONE', #933, 1.650000000000000355 ) ;
#318 = ORIENTED_EDGE ( 'NONE', *, *, #1109, .T. ) ;
#319 = EDGE_CURVE ( 'NONE', #326, #151, #703, .T. ) ;
#320 = EDGE_LOOP ( 'NONE', ( #565, #1726, #290, #95 ) ) ;
#321 = CIRCLE ( 'NONE', #359, 1.599999999999990319 ) ;
#322 = DIRECTION ( 'NONE',  ( 1.000000000000000000, -0.000000000000000000, -0.000000000000000000 ) ) ;
#323 = LINE ( 'NONE', #893, #1317 ) ;
#324 = ORIENTED_EDGE ( 'NONE', *, *, #635, .T. ) ;
#325 = FACE_OUTER_BOUND ( 'NONE', #1775, .T. ) ;
#326 = VERTEX_POINT ( 'NONE', #1399 ) ;
#327 = LINE ( 'NONE', #71, #676 ) ;
#328 = EDGE_LOOP ( 'NONE', ( #1181, #119, #1008, #1451 ) ) ;
#329 = CARTESIAN_POINT ( 'NONE',  ( -2.000000000000005329, 15.00000000000000000, 5.850000000000000533 ) ) ;
#330 = UNCERTAINTY_MEASURE_WITH_UNIT (LENGTH_MEASURE( 1.000000000000000082E-05 ), #429, 'distance_accuracy_value', 'NONE');
#331 = PLANE ( 'NONE',  #645 ) ;
#332 = ORIENTED_EDGE ( 'NONE', *, *, #60, .T. ) ;
#333 = EDGE_CURVE ( 'NONE', #185, #1016, #1407, .T. ) ;
#334 = CARTESIAN_POINT ( 'NONE',  ( 4.000000000000000000, 15.00000000000000000, -5.849999999999999645 ) ) ;
#335 = DIRECTION ( 'NONE',  ( 0.000000000000000000, 0.000000000000000000, 1.000000000000000000 ) ) ;
#336 = EDGE_CURVE ( 'NONE', #657, #712, #695, .T. ) ;
#337 = DIRECTION ( 'NONE',  ( -1.000000000000000000, -0.000000000000000000, 1.257674520083185143E-16 ) ) ;
#338 = DIRECTION ( 'NONE',  ( 0.000000000000000000, 0.000000000000000000, -1.000000000000000000 ) ) ;
#339 = ORIENTED_EDGE ( 'NONE', *, *, #1770, .T. ) ;
#340 = LINE ( 'NONE', #284, #1588 ) ;
#341 = AXIS2_PLACEMENT_3D ( 'NONE', #1437, #198, #741 ) ;
#342 = ORIENTED_EDGE ( 'NONE', *, *, #661, .F. ) ;
#343 = DIRECTION ( 'NONE',  ( 1.000000000000000000, 0.000000000000000000, -1.257674520083185143E-16 ) ) ;
#344 = CARTESIAN_POINT ( 'NONE',  ( 2.000000000000005329, 15.00000000000000000, -7.500000000000000000 ) ) ;
#345 = EDGE_LOOP ( 'NONE', ( #923, #1645 ) ) ;
#346 = CARTESIAN_POINT ( 'NONE',  ( 2.000000000000000444, 0.000000000000000000, 0.000000000000000000 ) ) ;
#347 = EDGE_CURVE ( 'NONE', #1121, #868, #298, .T. ) ;
#348 = EDGE_LOOP ( 'NONE', ( #1387, #391, #201, #1493 ) ) ;
#349 = FACE_OUTER_BOUND ( 'NONE', #1063, .T. ) ;
#350 = PRODUCT_DEFINITION_SHAPE ( 'NONE', 'NONE',  #143 ) ;
#351 = DIRECTION ( 'NONE',  ( 1.000000000000000000, -0.000000000000000000, -0.000000000000000000 ) ) ;
#352 = LINE ( 'NONE', #1335, #541 ) ;
#353 = ORIENTED_EDGE ( 'NONE', *, *, #1579, .T. ) ;
#354 = VECTOR ( 'NONE', #200, 1000.000000000000000 ) ;
#355 = AXIS2_PLACEMENT_3D ( 'NONE', #963, #972, #1557 ) ;
#356 = CARTESIAN_POINT ( 'NONE',  ( 4.000000000000006217, 20.00000000000000000, 14.99999999999999822 ) ) ;
#357 = CARTESIAN_POINT ( 'NONE',  ( -12.00000000000000711, 15.88008056641902144, -38.26873300608608020 ) ) ;
#358 = VERTEX_POINT ( 'NONE', #862 ) ;
#359 = AXIS2_PLACEMENT_3D ( 'NONE', #153, #17, #577 ) ;
#360 = EDGE_LOOP ( 'NONE', ( #850, #994 ) ) ;
#361 = DIRECTION ( 'NONE',  ( 1.000000000000000000, -0.000000000000000000, -0.000000000000000000 ) ) ;
#362 = EDGE_CURVE ( 'NONE', #383, #1217, #1133, .T. ) ;
#363 = CARTESIAN_POINT ( 'NONE',  ( -1.999999999999999556, 0.000000000000000000, 0.000000000000000000 ) ) ;
#364 = ORIENTED_EDGE ( 'NONE', *, *, #1006, .T. ) ;
#365 = LINE ( 'NONE', #398, #416 ) ;
#366 = DIRECTION ( 'NONE',  ( 1.000000000000000000, -0.000000000000000000, -0.000000000000000000 ) ) ;
#367 = DIRECTION ( 'NONE',  ( 0.000000000000000000, 0.000000000000000000, -1.000000000000000000 ) ) ;
#368 = ORIENTED_EDGE ( 'NONE', *, *, #375, .T. ) ;
#369 = VERTEX_POINT ( 'NONE', #600 ) ;
#370 = ORIENTED_EDGE ( 'NONE', *, *, #1006, .F. ) ;
#371 = CARTESIAN_POINT ( 'NONE',  ( -1.999999999999999556, -10.00000000000000000, 49.99999999999998579 ) ) ;
#372 = CIRCLE ( 'NONE', #1536, 1.599999999999997202 ) ;
#373 = APPLICATION_CONTEXT ( 'automotive_design' ) ;
#374 = CARTESIAN_POINT ( 'NONE',  ( -2.000000000000005329, 15.00000000000000000, -9.150000000000000355 ) ) ;
#375 = EDGE_CURVE ( 'NONE', #499, #258, #854, .T. ) ;
#376 = DIRECTION ( 'NONE',  ( 0.000000000000000000, 0.000000000000000000, -1.000000000000000000 ) ) ;
#377 = ORIENTED_EDGE ( 'NONE', *, *, #775, .F. ) ;
#378 = FACE_OUTER_BOUND ( 'NONE', #891, .T. ) ;
#379 = DIRECTION ( 'NONE',  ( -1.000000000000000000, 0.000000000000000000, 0.000000000000000000 ) ) ;
#380 = DIRECTION ( 'NONE',  ( 0.000000000000000000, 0.000000000000000000, -1.000000000000000000 ) ) ;
#381 = VERTEX_POINT ( 'NONE', #1255 ) ;
#382 = VERTEX_POINT ( 'NONE', #27 ) ;
#383 = VERTEX_POINT ( 'NONE', #44 ) ;
#384 = DIRECTION ( 'NONE',  ( 0.000000000000000000, -0.000000000000000000, 1.000000000000000000 ) ) ;
#385 = FACE_BOUND ( 'NONE', #397, .T. ) ;
#386 = FACE_OUTER_BOUND ( 'NONE', #1748, .T. ) ;
#387 = CARTESIAN_POINT ( 'NONE',  ( -4.000000000000000888, 15.00000000000000000, -9.150000000000000355 ) ) ;
#388 = CARTESIAN_POINT ( 'NONE',  ( -4.000000000000008882, 25.00000000000000000, -57.50000000000000000 ) ) ;
#389 = ORIENTED_EDGE ( 'NONE', *, *, #1093, .T. ) ;
#390 = DIRECTION ( 'NONE',  ( 0.000000000000000000, 0.000000000000000000, 1.000000000000000000 ) ) ;
#391 = ORIENTED_EDGE ( 'NONE', *, *, #1667, .F. ) ;
#392 = AXIS2_PLACEMENT_3D ( 'NONE', #1782, #786, #107 ) ;
#393 = ORIENTED_EDGE ( 'NONE', *, *, #1279, .T. ) ;
#394 = VECTOR ( 'NONE', #837, 1000.000000000000000 ) ;
#395 = CARTESIAN_POINT ( 'NONE',  ( 0.000000000000000000, 25.00000000000000000, 0.000000000000000000 ) ) ;
#396 = LINE ( 'NONE', #819, #1751 ) ;
#397 = EDGE_LOOP ( 'NONE', ( #1371, #377 ) ) ;
#398 = CARTESIAN_POINT ( 'NONE',  ( -3.999999999999987121, 5.000000000000018652, 100.0000000000000000 ) ) ;
#399 = VERTEX_POINT ( 'NONE', #1673 ) ;
#400 = EDGE_CURVE ( 'NONE', #956, #1795, #817, .T. ) ;
#401 = ORIENTED_EDGE ( 'NONE', *, *, #1366, .T. ) ;
#402 = DIRECTION ( 'NONE',  ( -0.000000000000000000, -1.000000000000000000, -0.000000000000000000 ) ) ;
#403 = DIRECTION ( 'NONE',  ( 1.000000000000000000, -0.000000000000000000, 0.000000000000000000 ) ) ;
#404 = DIRECTION ( 'NONE',  ( -1.000000000000000000, 0.000000000000000000, -0.000000000000000000 ) ) ;
#405 = VECTOR ( 'NONE', #1698, 1000.000000000000000 ) ;
#406 = VECTOR ( 'NONE', #1496, 1000.000000000000000 ) ;
#407 = ORIENTED_EDGE ( 'NONE', *, *, #1760, .T. ) ;
#408 = EDGE_LOOP ( 'NONE', ( #393, #235, #11, #242 ) ) ;
#409 = EDGE_CURVE ( 'NONE', #116, #1250, #1271, .T. ) ;
#410 = CARTESIAN_POINT ( 'NONE',  ( -3.999999999999992450, 5.000000000000000000, 66.65000000000000568 ) ) ;
#411 = LINE ( 'NONE', #663, #751 ) ;
#412 = CARTESIAN_POINT ( 'NONE',  ( -4.000000000000012434, 25.00000000000000000, 30.00000000000000000 ) ) ;
#413 = DIRECTION ( 'NONE',  ( -1.000000000000000000, 0.000000000000000000, 1.156482317317871478E-16 ) ) ;
#414 = CYLINDRICAL_SURFACE ( 'NONE', #355, 1.599999999999997202 ) ;
#415 = VERTEX_POINT ( 'NONE', #583 ) ;
#416 = VECTOR ( 'NONE', #248, 999.9999999999998863 ) ;
#417 = VECTOR ( 'NONE', #885, 1000.000000000000000 ) ;
#418 = VECTOR ( 'NONE', #434, 999.9999999999998863 ) ;
#419 = DIRECTION ( 'NONE',  ( -1.000000000000000000, 0.000000000000000000, 1.170938346284344789E-16 ) ) ;
#420 = EDGE_CURVE ( 'NONE', #1614, #369, #450, .T. ) ;
#421 = CIRCLE ( 'NONE', #35, 1.649999999999998579 ) ;
#422 = LINE ( 'NONE', #944, #163 ) ;
#423 = CARTESIAN_POINT ( 'NONE',  ( -3.999999999999993339, 21.35149931376471244, 53.83524928220450079 ) ) ;
#424 = CARTESIAN_POINT ( 'NONE',  ( -1.999999999999999556, 25.00000000000000000, 30.00000000000000000 ) ) ;
#425 = ORIENTED_EDGE ( 'NONE', *, *, #1282, .F. ) ;
#426 = CARTESIAN_POINT ( 'NONE',  ( -2.000000000000006217, 21.35149931376471244, 53.83524928220450079 ) ) ;
#427 = DIRECTION ( 'NONE',  ( 1.000000000000000000, -0.000000000000000000, -0.000000000000000000 ) ) ;
#428 = ORIENTED_EDGE ( 'NONE', *, *, #612, .F. ) ;
#429 =( LENGTH_UNIT ( ) NAMED_UNIT ( * ) SI_UNIT ( .MILLI., .METRE. ) );
#430 = EDGE_CURVE ( 'NONE', #1476, #382, #1550, .T. ) ;
#431 = VECTOR ( 'NONE', #1204, 1000.000000000000000 ) ;
#432 = CARTESIAN_POINT ( 'NONE',  ( -12.00000000000000711, 21.35149931376597365, -52.23524928220807340 ) ) ;
#433 = EDGE_LOOP ( 'NONE', ( #767, #727, #459, #52 ) ) ;
#434 = DIRECTION ( 'NONE',  ( -1.100322123398653222E-16, 0.3420201433256696566, -0.9396926207859082059 ) ) ;
#435 = ORIENTED_EDGE ( 'NONE', *, *, #671, .F. ) ;
#436 = LINE ( 'NONE', #1032, #1433 ) ;
#437 = ADVANCED_FACE ( 'NONE', ( #591 ), #997, .T. ) ;
#438 = DIRECTION ( 'NONE',  ( 0.000000000000000000, 1.000000000000000000, 0.000000000000000000 ) ) ;
#439 = DIRECTION ( 'NONE',  ( -1.000000000000000000, -0.000000000000000000, 1.156482317317871478E-16 ) ) ;
#440 = DIRECTION ( 'NONE',  ( 0.000000000000000000, 0.9396926207859080948, 0.3420201433256696566 ) ) ;
#441 = EDGE_CURVE ( 'NONE', #68, #1296, #462, .T. ) ;
#442 = CARTESIAN_POINT ( 'NONE',  ( -4.000000000000010658, 5.000000000000000000, -80.00000000000000000 ) ) ;
#443 = ORIENTED_EDGE ( 'NONE', *, *, #968, .F. ) ;
#444 = VECTOR ( 'NONE', #482, 1000.000000000000000 ) ;
#445 = DIRECTION ( 'NONE',  ( 0.000000000000000000, 0.000000000000000000, 1.000000000000000000 ) ) ;
#446 = AXIS2_PLACEMENT_3D ( 'NONE', #942, #1505, #254 ) ;
#447 = CIRCLE ( 'NONE', #1274, 1.649999999999998579 ) ;
#448 = DIRECTION ( 'NONE',  ( -1.000000000000000000, 0.000000000000000000, 1.170938346284344789E-16 ) ) ;
#449 = FACE_OUTER_BOUND ( 'NONE', #1165, .T. ) ;
#450 = LINE ( 'NONE', #975, #1608 ) ;
#451 = DIRECTION ( 'NONE',  ( 0.000000000000000000, 0.000000000000000000, 1.000000000000000000 ) ) ;
#452 = EDGE_CURVE ( 'NONE', #956, #529, #1249, .T. ) ;
#453 = VERTEX_POINT ( 'NONE', #1392 ) ;
#454 = FACE_OUTER_BOUND ( 'NONE', #215, .T. ) ;
#455 = EDGE_CURVE ( 'NONE', #1601, #901, #725, .T. ) ;
#456 = CARTESIAN_POINT ( 'NONE',  ( 16.00000000000000000, 15.00000000000000000, -9.150000000000002132 ) ) ;
#457 = DIRECTION ( 'NONE',  ( -1.000000000000000000, -0.000000000000000000, 1.156482317317871478E-16 ) ) ;
#458 = CARTESIAN_POINT ( 'NONE',  ( -2.000000000000006217, 21.35149931376597365, -52.23524928220807340 ) ) ;
#459 = ORIENTED_EDGE ( 'NONE', *, *, #547, .F. ) ;
#460 = LINE ( 'NONE', #310, #783 ) ;
#461 = MECHANICAL_DESIGN_GEOMETRIC_PRESENTATION_REPRESENTATION (  '', ( #1116 ), #1352 ) ;
#462 = LINE ( 'NONE', #1562, #1669 ) ;
#463 = AXIS2_PLACEMENT_3D ( 'NONE', #758, #361, #747 ) ;
#464 = ORIENTED_EDGE ( 'NONE', *, *, #896, .T. ) ;
#465 = EDGE_CURVE ( 'NONE', #776, #611, #1221, .T. ) ;
#466 = EDGE_CURVE ( 'NONE', #1506, #1121, #1543, .T. ) ;
#467 = ORIENTED_EDGE ( 'NONE', *, *, #1667, .T. ) ;
#468 = ORIENTED_EDGE ( 'NONE', *, *, #888, .T. ) ;
#469 = CARTESIAN_POINT ( 'NONE',  ( -2.000000000000003553, 25.00000000000000000, -57.50000000000000000 ) ) ;
#470 = DIRECTION ( 'NONE',  ( 0.000000000000000000, 0.000000000000000000, -1.000000000000000000 ) ) ;
#471 = DIRECTION ( 'NONE',  ( 0.000000000000000000, 0.000000000000000000, 1.000000000000000000 ) ) ;
#472 = DIRECTION ( 'NONE',  ( 0.000000000000000000, 0.000000000000000000, -1.000000000000000000 ) ) ;
#473 = DIRECTION ( 'NONE',  ( -1.000000000000000000, 0.000000000000000000, 1.257674520083185143E-16 ) ) ;
#474 = EDGE_CURVE ( 'NONE', #611, #776, #321, .T. ) ;
#475 = AXIS2_PLACEMENT_3D ( 'NONE', #1400, #18, #451 ) ;
#476 = VERTEX_POINT ( 'NONE', #1686 ) ;
#477 = PLANE ( 'NONE',  #1391 ) ;
#478 = EDGE_CURVE ( 'NONE', #1283, #1178, #1725, .T. ) ;
#479 = ORIENTED_EDGE ( 'NONE', *, *, #1664, .F. ) ;
#480 = VECTOR ( 'NONE', #709, 1000.000000000000000 ) ;
#481 = DIRECTION ( 'NONE',  ( -1.000000000000000000, 0.000000000000000000, 1.170938346284344789E-16 ) ) ;
#482 = DIRECTION ( 'NONE',  ( -1.000000000000000000, -0.000000000000000000, 1.156482317317871478E-16 ) ) ;
#483 = ORIENTED_EDGE ( 'NONE', *, *, #1198, .T. ) ;
#484 = PRODUCT_CONTEXT ( 'NONE', #1411, 'mechanical' ) ;
#485 = ORIENTED_EDGE ( 'NONE', *, *, #1066, .T. ) ;
#486 = DIRECTION ( 'NONE',  ( 0.000000000000000000, 1.000000000000000000, 0.000000000000000000 ) ) ;
#487 = CARTESIAN_POINT ( 'NONE',  ( -2.000000000000005329, 15.00000000000000000, 9.150000000000000355 ) ) ;
#488 = ORIENTED_EDGE ( 'NONE', *, *, #1029, .F. ) ;
#489 = ORIENTED_EDGE ( 'NONE', *, *, #1566, .T. ) ;
#490 = EDGE_CURVE ( 'NONE', #1151, #712, #1694, .T. ) ;
#491 = CARTESIAN_POINT ( 'NONE',  ( -1.999999999999999556, 10.00000000000000000, -30.00000000000000000 ) ) ;
#492 = CYLINDRICAL_SURFACE ( 'NONE', #951, 1.649999999999998579 ) ;
#493 = DIRECTION ( 'NONE',  ( 1.257674520083185143E-16, 0.000000000000000000, 1.000000000000000000 ) ) ;
#494 = ORIENTED_EDGE ( 'NONE', *, *, #1340, .F. ) ;
#495 = AXIS2_PLACEMENT_3D ( 'NONE', #1318, #343, #1589 ) ;
#496 = PRODUCT_DEFINITION_FORMATION_WITH_SPECIFIED_SOURCE ( 'ä»', '', #205, .NOT_KNOWN. ) ;
#497 = VERTEX_POINT ( 'NONE', #38 ) ;
#498 = CARTESIAN_POINT ( 'NONE',  ( 2.000000000000005329, 15.00000000000000000, 5.849999999999999645 ) ) ;
#499 = VERTEX_POINT ( 'NONE', #182 ) ;
#500 = DIRECTION ( 'NONE',  ( -0.000000000000000000, 1.000000000000000000, -0.000000000000000000 ) ) ;
#501 = ORIENTED_EDGE ( 'NONE', *, *, #409, .F. ) ;
#502 = AXIS2_PLACEMENT_3D ( 'NONE', #197, #986, #1548 ) ;
#503 = CLOSED_SHELL ( 'NONE', ( #1386, #1520, #748, #203, #1117, #724, #220, #1328, #970, #736, #179, #137, #1404, #1382, #784, #1696, #156, #839, #1395, #1559, #827, #1605, #1454, #187, #510, #289, #1125, #98, #111, #1792, #1091, #73, #908, #48, #668, #1500, #1136, #225, #1593, #566, #934, #437, #590, #1267, #1161, #519, #1134, #831, #1251, #959, #1272 ) ) ;
#504 = DIRECTION ( 'NONE',  ( 0.000000000000000000, 0.000000000000000000, -1.000000000000000000 ) ) ;
#505 = CYLINDRICAL_SURFACE ( 'NONE', #1625, 1.599999999999997202 ) ;
#506 = AXIS2_PLACEMENT_3D ( 'NONE', #640, #1018, #252 ) ;
#507 = ORIENTED_EDGE ( 'NONE', *, *, #83, .F. ) ;
#508 = VECTOR ( 'NONE', #1528, 1000.000000000000000 ) ;
#509 = ORIENTED_EDGE ( 'NONE', *, *, #490, .T. ) ;
#510 = ADVANCED_FACE ( 'NONE', ( #204 ), #594, .T. ) ;
#511 = DIRECTION ( 'NONE',  ( 0.000000000000000000, 1.000000000000000000, 0.000000000000000000 ) ) ;
#512 = ORIENTED_EDGE ( 'NONE', *, *, #896, .F. ) ;
#513 = ORIENTED_EDGE ( 'NONE', *, *, #848, .F. ) ;
#514 = DIRECTION ( 'NONE',  ( 1.000000000000000000, -0.000000000000000000, -0.000000000000000000 ) ) ;
#515 = CARTESIAN_POINT ( 'NONE',  ( -2.000000000000005329, 15.00000000000000000, 7.500000000000000000 ) ) ;
#516 = ORIENTED_EDGE ( 'NONE', *, *, #775, .T. ) ;
#517 = ORIENTED_EDGE ( 'NONE', *, *, #1464, .T. ) ;
#518 = CARTESIAN_POINT ( 'NONE',  ( 3.999999999999989786, 0.000000000000000000, -100.0000000000000000 ) ) ;
#519 = ADVANCED_FACE ( 'NONE', ( #454 ), #1026, .F. ) ;
#520 = DIRECTION ( 'NONE',  ( -1.000000000000000000, 0.000000000000000000, -0.000000000000000000 ) ) ;
#521 = AXIS2_PLACEMENT_3D ( 'NONE', #515, #379, #925 ) ;
#522 = CIRCLE ( 'NONE', #1538, 1.599999999999997202 ) ;
#523 = AXIS2_PLACEMENT_3D ( 'NONE', #316, #473, #445 ) ;
#524 = DIRECTION ( 'NONE',  ( 0.000000000000000000, 0.000000000000000000, 1.000000000000000000 ) ) ;
#525 = DIRECTION ( 'NONE',  ( -1.000000000000000000, -0.000000000000000000, 1.156482317317871478E-16 ) ) ;
#526 = EDGE_CURVE ( 'NONE', #1327, #529, #447, .T. ) ;
#527 = EDGE_LOOP ( 'NONE', ( #572, #626 ) ) ;
#528 = DIRECTION ( 'NONE',  ( -1.261617073437677752E-16, 0.000000000000000000, -1.000000000000000000 ) ) ;
#529 = VERTEX_POINT ( 'NONE', #1443 ) ;
#530 = ORIENTED_EDGE ( 'NONE', *, *, #1654, .F. ) ;
#531 = CYLINDRICAL_SURFACE ( 'NONE', #463, 1.599999999999990319 ) ;
#532 = CARTESIAN_POINT ( 'NONE',  ( -1.999999999999999556, 25.00000000000000000, -30.00000000000000000 ) ) ;
#533 = CARTESIAN_POINT ( 'NONE',  ( -4.000000000000006217, 20.00000000000000000, 14.99999999999999822 ) ) ;
#534 = VERTEX_POINT ( 'NONE', #746 ) ;
#535 = EDGE_CURVE ( 'NONE', #1594, #75, #327, .T. ) ;
#536 = FACE_OUTER_BOUND ( 'NONE', #1465, .T. ) ;
#537 = CARTESIAN_POINT ( 'NONE',  ( -4.000000000000012434, 25.00000000000000000, 30.00000000000000000 ) ) ;
#538 = CARTESIAN_POINT ( 'NONE',  ( -3.999999999999988898, 0.000000000000000000, 86.26261290272688598 ) ) ;
#539 = VERTEX_POINT ( 'NONE', #1096 ) ;
#540 = VECTOR ( 'NONE', #568, 1000.000000000000000 ) ;
#541 = VECTOR ( 'NONE', #525, 1000.000000000000000 ) ;
#542 = CIRCLE ( 'NONE', #70, 1.650000000000000355 ) ;
#543 = CARTESIAN_POINT ( 'NONE',  ( -1.999999999999999556, 25.00000000000000000, 30.00000000000000000 ) ) ;
#544 = DIRECTION ( 'NONE',  ( -0.000000000000000000, -1.000000000000000000, -0.000000000000000000 ) ) ;
#545 = DIRECTION ( 'NONE',  ( 0.000000000000000000, 0.000000000000000000, -1.000000000000000000 ) ) ;
#546 = DIRECTION ( 'NONE',  ( 0.000000000000000000, -1.000000000000000000, 0.000000000000000000 ) ) ;
#547 = EDGE_CURVE ( 'NONE', #1068, #326, #130, .T. ) ;
#548 = ORIENTED_EDGE ( 'NONE', *, *, #1238, .F. ) ;
#549 = CARTESIAN_POINT ( 'NONE',  ( 6.000000000000007994, 5.000000000000000000, 65.00000000000000000 ) ) ;
#550 = FACE_BOUND ( 'NONE', #360, .T. ) ;
#551 = AXIS2_PLACEMENT_3D ( 'NONE', #1439, #1300, #1156 ) ;
#552 = CARTESIAN_POINT ( 'NONE',  ( -1.999999999999999556, 0.000000000000000000, -50.00000000000001421 ) ) ;
#553 = ORIENTED_EDGE ( 'NONE', *, *, #1316, .T. ) ;
#554 = CARTESIAN_POINT ( 'NONE',  ( -3.999999999999989786, 5.000000000000000000, 80.00000000000000000 ) ) ;
#555 = EDGE_LOOP ( 'NONE', ( #578, #1185, #869, #596 ) ) ;
#556 = CARTESIAN_POINT ( 'NONE',  ( 0.000000000000000000, 10.00000000000000000, 0.000000000000000000 ) ) ;
#557 = EDGE_CURVE ( 'NONE', #611, #1616, #1069, .T. ) ;
#558 = CARTESIAN_POINT ( 'NONE',  ( -1.999999999999999556, 10.00000000000000000, 15.00000000000000000 ) ) ;
#559 = CARTESIAN_POINT ( 'NONE',  ( 2.000000000000000444, 0.000000000000000000, 49.99999999999998579 ) ) ;
#560 = PLANE ( 'NONE',  #1749 ) ;
#561 = ORIENTED_EDGE ( 'NONE', *, *, #86, .F. ) ;
#562 = DIRECTION ( 'NONE',  ( 0.000000000000000000, 0.000000000000000000, -1.000000000000000000 ) ) ;
#563 = AXIS2_PLACEMENT_3D ( 'NONE', #1086, #571, #403 ) ;
#564 = LINE ( 'NONE', #1106, #49 ) ;
#565 = ORIENTED_EDGE ( 'NONE', *, *, #1224, .F. ) ;
#566 = ADVANCED_FACE ( 'NONE', ( #878 ), #477, .T. ) ;
#567 = VECTOR ( 'NONE', #1199, 1000.000000000000000 ) ;
#568 = DIRECTION ( 'NONE',  ( 1.000000000000000000, -0.000000000000000000, -0.000000000000000000 ) ) ;
#569 = ORIENTED_EDGE ( 'NONE', *, *, #1021, .T. ) ;
#570 = DIRECTION ( 'NONE',  ( 0.000000000000000000, 0.000000000000000000, -1.000000000000000000 ) ) ;
#571 = DIRECTION ( 'NONE',  ( 0.000000000000000000, 0.9396926207859080948, -0.3420201433256696566 ) ) ;
#572 = ORIENTED_EDGE ( 'NONE', *, *, #21, .T. ) ;
#573 = LINE ( 'NONE', #1450, #632 ) ;
#574 = CYLINDRICAL_SURFACE ( 'NONE', #902, 1.650000000000000355 ) ;
#575 = VECTOR ( 'NONE', #1038, 1000.000000000000000 ) ;
#576 = CARTESIAN_POINT ( 'NONE',  ( 16.00000000000000000, 15.00000000000000000, 9.149999999999998579 ) ) ;
#577 = DIRECTION ( 'NONE',  ( 0.000000000000000000, 0.000000000000000000, -1.000000000000000000 ) ) ;
#578 = ORIENTED_EDGE ( 'NONE', *, *, #649, .F. ) ;
#579 = EDGE_CURVE ( 'NONE', #1060, #1756, #1434, .T. ) ;
#580 = DIRECTION ( 'NONE',  ( 0.000000000000000000, 0.000000000000000000, -1.000000000000000000 ) ) ;
#581 = CARTESIAN_POINT ( 'NONE',  ( -4.000000000000006217, 20.00000000000000000, 14.99999999999999822 ) ) ;
#582 = SURFACE_SIDE_STYLE ('',( #16 ) ) ;
#583 = CARTESIAN_POINT ( 'NONE',  ( -3.999999999999989786, 5.000000000000000000, 78.35000000000000853 ) ) ;
#584 = ORIENTED_EDGE ( 'NONE', *, *, #420, .T. ) ;
#585 = CIRCLE ( 'NONE', #1602, 1.599999999999997202 ) ;
#586 = AXIS2_PLACEMENT_3D ( 'NONE', #1175, #481, #732 ) ;
#587 = CARTESIAN_POINT ( 'NONE',  ( 0.000000000000000000, 10.00000000000000000, 0.000000000000000000 ) ) ;
#588 = DIRECTION ( 'NONE',  ( -1.000000000000000000, -0.000000000000000000, 1.257674520083185143E-16 ) ) ;
#589 = LINE ( 'NONE', #43, #1094 ) ;
#590 = ADVANCED_FACE ( 'NONE', ( #1637 ), #1478, .T. ) ;
#591 = FACE_OUTER_BOUND ( 'NONE', #20, .T. ) ;
#592 = EDGE_CURVE ( 'NONE', #75, #241, #1718, .T. ) ;
#593 = VERTEX_POINT ( 'NONE', #117 ) ;
#594 = PLANE ( 'NONE',  #935 ) ;
#595 = EDGE_LOOP ( 'NONE', ( #1158, #1597 ) ) ;
#596 = ORIENTED_EDGE ( 'NONE', *, *, #1425, .F. ) ;
#597 = DIRECTION ( 'NONE',  ( -1.000000000000000000, 0.000000000000000000, 1.156482317317871478E-16 ) ) ;
#598 = DIRECTION ( 'NONE',  ( -1.000000000000000000, 0.000000000000000000, 0.000000000000000000 ) ) ;
#599 = PRESENTATION_LAYER_ASSIGNMENT (  '', '', ( #1116 ) ) ;
#600 = CARTESIAN_POINT ( 'NONE',  ( 4.000000000000006217, 20.00000000000000000, -15.00000000000000178 ) ) ;
#601 = CARTESIAN_POINT ( 'NONE',  ( -4.000000000000008882, 10.00000000000000000, 57.50000000000000000 ) ) ;
#602 =( GEOMETRIC_REPRESENTATION_CONTEXT ( 3 ) GLOBAL_UNCERTAINTY_ASSIGNED_CONTEXT ( ( #330 ) ) GLOBAL_UNIT_ASSIGNED_CONTEXT ( ( #429, #622, #1388 ) ) REPRESENTATION_CONTEXT ( 'NONE', 'WORKASPACE' ) );
#603 = ORIENTED_EDGE ( 'NONE', *, *, #261, .T. ) ;
#604 = EDGE_CURVE ( 'NONE', #650, #1788, #1525, .T. ) ;
#605 = DIRECTION ( 'NONE',  ( 0.000000000000000000, 0.000000000000000000, 1.000000000000000000 ) ) ;
#606 = EDGE_LOOP ( 'NONE', ( #1230, #1697, #263, #782 ) ) ;
#607 = DIRECTION ( 'NONE',  ( 1.000000000000000000, 0.000000000000000000, 0.000000000000000000 ) ) ;
#608 = ORIENTED_EDGE ( 'NONE', *, *, #1791, .F. ) ;
#609 = FACE_BOUND ( 'NONE', #973, .T. ) ;
#610 = CARTESIAN_POINT ( 'NONE',  ( 0.000000000000000000, 0.000000000000000000, 49.99999999999998579 ) ) ;
#611 = VERTEX_POINT ( 'NONE', #1354 ) ;
#612 = EDGE_CURVE ( 'NONE', #1180, #1121, #232, .T. ) ;
#613 = CIRCLE ( 'NONE', #1720, 1.649999999999998579 ) ;
#614 = EDGE_LOOP ( 'NONE', ( #108, #1135, #720, #561 ) ) ;
#615 = ORIENTED_EDGE ( 'NONE', *, *, #1293, .T. ) ;
#616 = DIRECTION ( 'NONE',  ( -0.000000000000000000, -1.000000000000000000, -0.000000000000000000 ) ) ;
#617 = AXIS2_PLACEMENT_3D ( 'NONE', #713, #857, #605 ) ;
#618 = DIRECTION ( 'NONE',  ( -1.000000000000000000, 0.000000000000000000, -0.000000000000000000 ) ) ;
#619 = CYLINDRICAL_SURFACE ( 'NONE', #698, 1.599999999999997202 ) ;
#620 = LINE ( 'NONE', #610, #1452 ) ;
#621 = ORIENTED_EDGE ( 'NONE', *, *, #1040, .F. ) ;
#622 =( NAMED_UNIT ( * ) PLANE_ANGLE_UNIT ( ) SI_UNIT ( $, .RADIAN. ) );
#623 = DIRECTION ( 'NONE',  ( 1.000000000000000000, 0.000000000000000000, 0.000000000000000000 ) ) ;
#624 = FACE_BOUND ( 'NONE', #1153, .T. ) ;
#625 = ORIENTED_EDGE ( 'NONE', *, *, #801, .F. ) ;
#626 = ORIENTED_EDGE ( 'NONE', *, *, #1716, .T. ) ;
#627 = FACE_OUTER_BOUND ( 'NONE', #863, .T. ) ;
#628 = CARTESIAN_POINT ( 'NONE',  ( -4.000000000000010658, 5.000000000000000000, -81.65000000000000568 ) ) ;
#629 = CARTESIAN_POINT ( 'NONE',  ( 16.00000000000000000, 15.00000000000000000, 7.499999999999998224 ) ) ;
#630 = EDGE_LOOP ( 'NONE', ( #324, #273, #1401, #1564 ) ) ;
#631 = AXIS2_PLACEMENT_3D ( 'NONE', #556, #1045, #291 ) ;
#632 = VECTOR ( 'NONE', #211, 1000.000000000000000 ) ;
#633 = ORIENTED_EDGE ( 'NONE', *, *, #992, .F. ) ;
#634 = ORIENTED_EDGE ( 'NONE', *, *, #25, .F. ) ;
#635 = EDGE_CURVE ( 'NONE', #900, #358, #1576, .T. ) ;
#636 = FACE_BOUND ( 'NONE', #231, .T. ) ;
#637 = DIRECTION ( 'NONE',  ( 1.000000000000000000, -0.000000000000000000, -0.000000000000000000 ) ) ;
#638 = CARTESIAN_POINT ( 'NONE',  ( -2.000000000000006217, 20.00000000000000000, -15.00000000000000178 ) ) ;
#639 = VERTEX_POINT ( 'NONE', #329 ) ;
#640 = CARTESIAN_POINT ( 'NONE',  ( 4.000000000000010658, 5.000000000000000000, 80.00000000000000000 ) ) ;
#641 = DIRECTION ( 'NONE',  ( 0.000000000000000000, -0.000000000000000000, 1.000000000000000000 ) ) ;
#642 = DIRECTION ( 'NONE',  ( 0.000000000000000000, 0.000000000000000000, 1.000000000000000000 ) ) ;
#643 = ORIENTED_EDGE ( 'NONE', *, *, #1542, .T. ) ;
#644 = VERTEX_POINT ( 'NONE', #1488 ) ;
#645 = AXIS2_PLACEMENT_3D ( 'NONE', #1727, #138, #123 ) ;
#646 = DIRECTION ( 'NONE',  ( 0.000000000000000000, -0.000000000000000000, 1.000000000000000000 ) ) ;
#647 = VECTOR ( 'NONE', #832, 1000.000000000000000 ) ;
#648 = ORIENTED_EDGE ( 'NONE', *, *, #1531, .T. ) ;
#649 = EDGE_CURVE ( 'NONE', #1336, #1203, #542, .T. ) ;
#650 = VERTEX_POINT ( 'NONE', #1053 ) ;
#651 = ORIENTED_EDGE ( 'NONE', *, *, #557, .F. ) ;
#652 = EDGE_CURVE ( 'NONE', #369, #534, #1332, .T. ) ;
#653 = CARTESIAN_POINT ( 'NONE',  ( -4.000000000000007105, 21.35149931376597365, -50.63524928220807908 ) ) ;
#654 = EDGE_LOOP ( 'NONE', ( #681, #603 ) ) ;
#655 = VERTEX_POINT ( 'NONE', #244 ) ;
#656 = ORIENTED_EDGE ( 'NONE', *, *, #870, .F. ) ;
#657 = VERTEX_POINT ( 'NONE', #103 ) ;
#658 = VERTEX_POINT ( 'NONE', #653 ) ;
#659 = CARTESIAN_POINT ( 'NONE',  ( -1.999999999999999556, -10.00000000000000000, -50.00000000000001421 ) ) ;
#660 = CIRCLE ( 'NONE', #1234, 1.649999999999999467 ) ;
#661 = EDGE_CURVE ( 'NONE', #644, #68, #867, .T. ) ;
#662 = CARTESIAN_POINT ( 'NONE',  ( -2.000000000000006217, 15.88008056641902144, -39.86873300608608162 ) ) ;
#663 = CARTESIAN_POINT ( 'NONE',  ( -4.000000000000012434, 25.00000000000000000, -30.00000000000000000 ) ) ;
#664 = ORIENTED_EDGE ( 'NONE', *, *, #1664, .T. ) ;
#665 = CARTESIAN_POINT ( 'NONE',  ( 2.000000000000006217, 20.00000000000000000, 14.99999999999999822 ) ) ;
#666 = ORIENTED_EDGE ( 'NONE', *, *, #992, .T. ) ;
#667 = CARTESIAN_POINT ( 'NONE',  ( -2.000000000000005329, 15.00000000000000000, -7.500000000000000000 ) ) ;
#668 = ADVANCED_FACE ( 'NONE', ( #1343 ), #112, .F. ) ;
#669 = DIRECTION ( 'NONE',  ( -0.000000000000000000, 1.000000000000000000, -0.000000000000000000 ) ) ;
#670 = EDGE_LOOP ( 'NONE', ( #62, #464 ) ) ;
#671 = EDGE_CURVE ( 'NONE', #1703, #241, #1768, .T. ) ;
#672 = DIRECTION ( 'NONE',  ( -0.000000000000000000, -1.000000000000000000, -0.000000000000000000 ) ) ;
#673 = CARTESIAN_POINT ( 'NONE',  ( -1.999999999999999556, 0.000000000000000000, 49.99999999999998579 ) ) ;
#674 = ORIENTED_EDGE ( 'NONE', *, *, #1551, .T. ) ;
#675 = CIRCLE ( 'NONE', #551, 1.599999999999997202 ) ;
#676 = VECTOR ( 'NONE', #623, 1000.000000000000000 ) ;
#677 = CYLINDRICAL_SURFACE ( 'NONE', #903, 1.649999999999998579 ) ;
#678 = DIRECTION ( 'NONE',  ( 0.000000000000000000, 0.000000000000000000, 1.000000000000000000 ) ) ;
#679 = CARTESIAN_POINT ( 'NONE',  ( -3.999999999999989786, 5.000000000000000000, 81.65000000000000568 ) ) ;
#680 = ORIENTED_EDGE ( 'NONE', *, *, #490, .F. ) ;
#681 = ORIENTED_EDGE ( 'NONE', *, *, #400, .T. ) ;
#682 = VECTOR ( 'NONE', #1344, 1000.000000000000000 ) ;
#683 = DIRECTION ( 'NONE',  ( -0.000000000000000000, -1.000000000000000000, -0.000000000000000000 ) ) ;
#684 = CIRCLE ( 'NONE', #1000, 1.650000000000000355 ) ;
#685 = CARTESIAN_POINT ( 'NONE',  ( -4.000000000000012434, 5.000000000000018652, -100.0000000000000000 ) ) ;
#686 = LINE ( 'NONE', #6, #540 ) ;
#687 = FACE_OUTER_BOUND ( 'NONE', #348, .T. ) ;
#688 = ORIENTED_EDGE ( 'NONE', *, *, #60, .F. ) ;
#689 = EDGE_CURVE ( 'NONE', #369, #1717, #1649, .T. ) ;
#690 = DIRECTION ( 'NONE',  ( 1.000000000000000000, -0.000000000000000000, -0.000000000000000000 ) ) ;
#691 = DIRECTION ( 'NONE',  ( 1.000000000000000000, 0.000000000000000000, 0.000000000000000000 ) ) ;
#692 = DIRECTION ( 'NONE',  ( -0.000000000000000000, -1.000000000000000000, -0.000000000000000000 ) ) ;
#693 = CARTESIAN_POINT ( 'NONE',  ( 0.000000000000000000, 0.000000000000000000, 0.000000000000000000 ) ) ;
#694 = VERTEX_POINT ( 'NONE', #260 ) ;
#695 = LINE ( 'NONE', #282, #1641 ) ;
#696 = AXIS2_PLACEMENT_3D ( 'NONE', #1484, #1229, #1509 ) ;
#697 = EDGE_CURVE ( 'NONE', #1501, #241, #809, .T. ) ;
#698 = AXIS2_PLACEMENT_3D ( 'NONE', #1599, #322, #199 ) ;
#699 = ORIENTED_EDGE ( 'NONE', *, *, #1108, .T. ) ;
#700 = VECTOR ( 'NONE', #178, 1000.000000000000000 ) ;
#701 = CARTESIAN_POINT ( 'NONE',  ( -4.000000000000007994, 5.000000000000000000, -65.00000000000000000 ) ) ;
#702 = ORIENTED_EDGE ( 'NONE', *, *, #1464, .F. ) ;
#703 = LINE ( 'NONE', #846, #1192 ) ;
#704 = ORIENTED_EDGE ( 'NONE', *, *, #268, .T. ) ;
#705 = EDGE_CURVE ( 'NONE', #1653, #1614, #1152, .T. ) ;
#706 = ORIENTED_EDGE ( 'NONE', *, *, #604, .T. ) ;
#707 = CIRCLE ( 'NONE', #495, 1.599999999999997202 ) ;
#708 = DIRECTION ( 'NONE',  ( -1.000000000000000000, -0.000000000000000000, -0.000000000000000000 ) ) ;
#709 = DIRECTION ( 'NONE',  ( -1.000000000000000000, 0.000000000000000000, 0.000000000000000000 ) ) ;
#710 = CARTESIAN_POINT ( 'NONE',  ( -4.000000000000012434, 5.000000000000018652, -100.0000000000000000 ) ) ;
#711 = DIRECTION ( 'NONE',  ( 1.000000000000000000, 0.000000000000000000, -1.257674520083185143E-16 ) ) ;
#712 = VERTEX_POINT ( 'NONE', #410 ) ;
#713 = CARTESIAN_POINT ( 'NONE',  ( 6.000000000000007994, 5.000000000000000000, 65.00000000000000000 ) ) ;
#714 = CARTESIAN_POINT ( 'NONE',  ( -3.999999999999987121, 10.00000000000000000, 100.0000000000000000 ) ) ;
#715 = EDGE_CURVE ( 'NONE', #1068, #1594, #121, .T. ) ;
#716 = CARTESIAN_POINT ( 'NONE',  ( -4.000000000000012434, 25.00000000000000000, 30.00000000000000000 ) ) ;
#717 = LINE ( 'NONE', #1020, #1043 ) ;
#718 = LINE ( 'NONE', #1298, #1763 ) ;
#719 = DIRECTION ( 'NONE',  ( -1.000000000000000000, 0.000000000000000000, 0.000000000000000000 ) ) ;
#720 = ORIENTED_EDGE ( 'NONE', *, *, #1373, .F. ) ;
#721 = CIRCLE ( 'NONE', #696, 1.599999999999997202 ) ;
#722 = AXIS2_PLACEMENT_3D ( 'NONE', #442, #1160, #1715 ) ;
#723 = AXIS2_PLACEMENT_3D ( 'NONE', #1547, #413, #1533 ) ;
#724 = ADVANCED_FACE ( 'NONE', ( #1225 ), #677, .F. ) ;
#725 = LINE ( 'NONE', #1280, #647 ) ;
#726 = CARTESIAN_POINT ( 'NONE',  ( -12.00000000000000711, 21.35149931376471244, 52.23524928220450647 ) ) ;
#727 = ORIENTED_EDGE ( 'NONE', *, *, #1042, .F. ) ;
#728 = ORIENTED_EDGE ( 'NONE', *, *, #478, .T. ) ;
#729 = ORIENTED_EDGE ( 'NONE', *, *, #1648, .T. ) ;
#730 = CARTESIAN_POINT ( 'NONE',  ( 6.000000000000010658, 5.000000000000000000, 81.65000000000000568 ) ) ;
#731 = VECTOR ( 'NONE', #692, 1000.000000000000000 ) ;
#732 = DIRECTION ( 'NONE',  ( 0.000000000000000000, 0.000000000000000000, 1.000000000000000000 ) ) ;
#733 = FACE_OUTER_BOUND ( 'NONE', #1231, .T. ) ;
#734 = ORIENTED_EDGE ( 'NONE', *, *, #1495, .T. ) ;
#735 = LINE ( 'NONE', #1733, #1141 ) ;
#736 = ADVANCED_FACE ( 'NONE', ( #1103 ), #1268, .F. ) ;
#737 = VERTEX_POINT ( 'NONE', #272 ) ;
#738 = ORIENTED_EDGE ( 'NONE', *, *, #759, .F. ) ;
#739 = EDGE_LOOP ( 'NONE', ( #407, #1129, #932, #964 ) ) ;
#740 = CARTESIAN_POINT ( 'NONE',  ( 3.999999999999991562, 5.000000000000000000, -80.00000000000000000 ) ) ;
#741 = DIRECTION ( 'NONE',  ( 0.000000000000000000, 0.000000000000000000, -1.000000000000000000 ) ) ;
#742 = FACE_OUTER_BOUND ( 'NONE', #283, .T. ) ;
#743 = CARTESIAN_POINT ( 'NONE',  ( 4.000000000000011546, 0.000000000000000000, 86.26261290272688598 ) ) ;
#744 = ORIENTED_EDGE ( 'NONE', *, *, #848, .T. ) ;
#745 = CARTESIAN_POINT ( 'NONE',  ( -2.000000000000006217, 21.35149931376597365, -53.83524928220806771 ) ) ;
#746 = CARTESIAN_POINT ( 'NONE',  ( 2.000000000000006217, 20.00000000000000000, -15.00000000000000178 ) ) ;
#747 = DIRECTION ( 'NONE',  ( 0.000000000000000000, 0.000000000000000000, -1.000000000000000000 ) ) ;
#748 = ADVANCED_FACE ( 'NONE', ( #1261 ), #979, .F. ) ;
#749 = AXIS2_PLACEMENT_3D ( 'NONE', #186, #597, #63 ) ;
#750 = ORIENTED_EDGE ( 'NONE', *, *, #1149, .F. ) ;
#751 = VECTOR ( 'NONE', #683, 1000.000000000000000 ) ;
#752 = VECTOR ( 'NONE', #36, 1000.000000000000000 ) ;
#753 = DIRECTION ( 'NONE',  ( -1.419319207617387533E-16, 0.000000000000000000, 1.000000000000000000 ) ) ;
#754 = FACE_OUTER_BOUND ( 'NONE', #1678, .T. ) ;
#755 = EDGE_LOOP ( 'NONE', ( #757, #1552, #938, #1723 ) ) ;
#756 = CARTESIAN_POINT ( 'NONE',  ( 4.000000000000010658, 5.000000000000000000, 81.65000000000000568 ) ) ;
#757 = ORIENTED_EDGE ( 'NONE', *, *, #1342, .T. ) ;
#758 = CARTESIAN_POINT ( 'NONE',  ( -12.00000000000000711, 21.35149931376471244, 52.23524928220450647 ) ) ;
#759 = EDGE_CURVE ( 'NONE', #1788, #650, #5, .T. ) ;
#760 = VERTEX_POINT ( 'NONE', #1540 ) ;
#761 = ORIENTED_EDGE ( 'NONE', *, *, #336, .T. ) ;
#762 = EDGE_CURVE ( 'NONE', #1326, #1688, #1193, .T. ) ;
#763 = LINE ( 'NONE', #1194, #1414 ) ;
#764 = DIRECTION ( 'NONE',  ( -0.000000000000000000, -1.000000000000000000, -0.000000000000000000 ) ) ;
#765 = DIRECTION ( 'NONE',  ( 1.000000000000000000, 0.000000000000000000, 0.000000000000000000 ) ) ;
#766 = DIRECTION ( 'NONE',  ( 0.000000000000000000, 0.000000000000000000, 1.000000000000000000 ) ) ;
#767 = ORIENTED_EDGE ( 'NONE', *, *, #535, .T. ) ;
#768 = VECTOR ( 'NONE', #528, 1000.000000000000000 ) ;
#769 = DIRECTION ( 'NONE',  ( 1.000000000000000000, -0.000000000000000000, -0.000000000000000000 ) ) ;
#770 = DIRECTION ( 'NONE',  ( 0.000000000000000000, 1.000000000000000000, 0.000000000000000000 ) ) ;
#771 = ORIENTED_EDGE ( 'NONE', *, *, #1042, .T. ) ;
#772 = VERTEX_POINT ( 'NONE', #23 ) ;
#773 = EDGE_CURVE ( 'NONE', #1191, #381, #285, .T. ) ;
#774 = LINE ( 'NONE', #1426, #34 ) ;
#775 = EDGE_CURVE ( 'NONE', #415, #1662, #1527, .T. ) ;
#776 = VERTEX_POINT ( 'NONE', #423 ) ;
#777 = DIRECTION ( 'NONE',  ( 1.257674520083185143E-16, 0.000000000000000000, 1.000000000000000000 ) ) ;
#778 = ORIENTED_EDGE ( 'NONE', *, *, #1055, .F. ) ;
#779 = VERTEX_POINT ( 'NONE', #1236 ) ;
#780 = DIRECTION ( 'NONE',  ( -0.000000000000000000, 1.000000000000000000, -0.000000000000000000 ) ) ;
#781 = ORIENTED_EDGE ( 'NONE', *, *, #762, .F. ) ;
#782 = ORIENTED_EDGE ( 'NONE', *, *, #762, .T. ) ;
#783 = VECTOR ( 'NONE', #1002, 1000.000000000000000 ) ;
#784 = ADVANCED_FACE ( 'NONE', ( #852 ), #166, .T. ) ;
#785 = VECTOR ( 'NONE', #607, 1000.000000000000000 ) ;
#786 = DIRECTION ( 'NONE',  ( -1.000000000000000000, -0.000000000000000000, 1.156482317317871478E-16 ) ) ;
#787 = EDGE_LOOP ( 'NONE', ( #1477, #1301, #507, #1375, #353, #164, #1027, #1164 ) ) ;
#788 = EDGE_CURVE ( 'NONE', #1217, #816, #1252, .T. ) ;
#789 = ORIENTED_EDGE ( 'NONE', *, *, #125, .T. ) ;
#790 = ORIENTED_EDGE ( 'NONE', *, *, #820, .F. ) ;
#791 = DIRECTION ( 'NONE',  ( 0.000000000000000000, 0.000000000000000000, -1.000000000000000000 ) ) ;
#792 = CARTESIAN_POINT ( 'NONE',  ( 4.000000000000013323, 5.000000000000018652, 100.0000000000000000 ) ) ;
#793 = ADVANCED_BREP_SHAPE_REPRESENTATION ( '\X2\677f\X0\1', ( #1507, #257 ), #602 ) ;
#794 = DIRECTION ( 'NONE',  ( -1.000000000000000000, 0.000000000000000000, 0.000000000000000000 ) ) ;
#795 = ORIENTED_EDGE ( 'NONE', *, *, #1093, .F. ) ;
#796 = DIRECTION ( 'NONE',  ( 0.000000000000000000, 0.000000000000000000, 1.000000000000000000 ) ) ;
#797 = LINE ( 'NONE', #227, #1127 ) ;
#798 = ORIENTED_EDGE ( 'NONE', *, *, #430, .F. ) ;
#799 = DIRECTION ( 'NONE',  ( 0.000000000000000000, 0.000000000000000000, -1.000000000000000000 ) ) ;
#800 = ORIENTED_EDGE ( 'NONE', *, *, #1340, .T. ) ;
#801 = EDGE_CURVE ( 'NONE', #529, #1327, #421, .T. ) ;
#802 = CARTESIAN_POINT ( 'NONE',  ( 16.00000000000000000, 15.00000000000000000, -5.850000000000001421 ) ) ;
#803 = CARTESIAN_POINT ( 'NONE',  ( -1.999999999999999556, 10.00000000000000000, 49.99999999999998579 ) ) ;
#804 = AXIS2_PLACEMENT_3D ( 'NONE', #1381, #274, #562 ) ;
#805 = CARTESIAN_POINT ( 'NONE',  ( -4.000000000000007994, 5.000000000000000000, -66.65000000000000568 ) ) ;
#806 = CYLINDRICAL_SURFACE ( 'NONE', #1365, 1.650000000000000355 ) ;
#807 = ORIENTED_EDGE ( 'NONE', *, *, #50, .F. ) ;
#808 = VERTEX_POINT ( 'NONE', #150 ) ;
#809 = LINE ( 'NONE', #53, #785 ) ;
#810 = LINE ( 'NONE', #1210, #209 ) ;
#811 = LINE ( 'NONE', #685, #952 ) ;
#812 = AXIS2_PLACEMENT_3D ( 'NONE', #1360, #813, #1222 ) ;
#813 = DIRECTION ( 'NONE',  ( -1.000000000000000000, 0.000000000000000000, 1.170938346284344789E-16 ) ) ;
#814 = ORIENTED_EDGE ( 'NONE', *, *, #612, .T. ) ;
#815 = VECTOR ( 'NONE', #118, 1000.000000000000000 ) ;
#816 = VERTEX_POINT ( 'NONE', #1122 ) ;
#817 = CIRCLE ( 'NONE', #1494, 1.649999999999998579 ) ;
#818 = VECTOR ( 'NONE', #89, 1000.000000000000000 ) ;
#819 = CARTESIAN_POINT ( 'NONE',  ( 0.000000000000000000, 0.000000000000000000, -50.00000000000001421 ) ) ;
#820 = EDGE_CURVE ( 'NONE', #534, #760, #140, .T. ) ;
#821 = DIRECTION ( 'NONE',  ( -1.000000000000000000, 0.000000000000000000, 0.000000000000000000 ) ) ;
#822 = CARTESIAN_POINT ( 'NONE',  ( -4.000000000000012434, 10.00000000000000000, -100.0000000000000000 ) ) ;
#823 = ORIENTED_EDGE ( 'NONE', *, *, #705, .T. ) ;
#824 = LINE ( 'NONE', #1005, #405 ) ;
#825 = AXIS2_PLACEMENT_3D ( 'NONE', #1362, #958, #1519 ) ;
#826 = CARTESIAN_POINT ( 'NONE',  ( -4.000000000000006217, 10.00000000000000000, -15.00000000000000178 ) ) ;
#827 = ADVANCED_FACE ( 'NONE', ( #1118, #1684 ), #1690, .F. ) ;
#828 = CARTESIAN_POINT ( 'NONE',  ( 4.000000000000010658, 5.000000000000000000, 80.00000000000000000 ) ) ;
#829 = ORIENTED_EDGE ( 'NONE', *, *, #1163, .T. ) ;
#830 =( NAMED_UNIT ( * ) PLANE_ANGLE_UNIT ( ) SI_UNIT ( $, .RADIAN. ) );
#831 = ADVANCED_FACE ( 'NONE', ( #844 ), #1396, .F. ) ;
#832 = DIRECTION ( 'NONE',  ( -0.000000000000000000, -0.000000000000000000, 1.000000000000000000 ) ) ;
#833 = ORIENTED_EDGE ( 'NONE', *, *, #251, .T. ) ;
#834 = DIRECTION ( 'NONE',  ( -0.000000000000000000, -0.000000000000000000, 1.000000000000000000 ) ) ;
#835 = DIRECTION ( 'NONE',  ( 0.000000000000000000, 0.000000000000000000, 1.000000000000000000 ) ) ;
#836 = ORIENTED_EDGE ( 'NONE', *, *, #1029, .T. ) ;
#837 = DIRECTION ( 'NONE',  ( 1.000000000000000000, 0.000000000000000000, 0.000000000000000000 ) ) ;
#838 = AXIS2_PLACEMENT_3D ( 'NONE', #432, #1556, #134 ) ;
#839 = ADVANCED_FACE ( 'NONE', ( #300 ), #560, .F. ) ;
#840 = CIRCLE ( 'NONE', #67, 1.649999999999999467 ) ;
#841 = EDGE_LOOP ( 'NONE', ( #1565, #680 ) ) ;
#842 = VECTOR ( 'NONE', #780, 1000.000000000000000 ) ;
#843 = LINE ( 'NONE', #894, #1033 ) ;
#844 = FACE_OUTER_BOUND ( 'NONE', #1518, .T. ) ;
#845 = CARTESIAN_POINT ( 'NONE',  ( -2.000000000000005329, 15.00000000000000000, -7.500000000000000000 ) ) ;
#846 = CARTESIAN_POINT ( 'NONE',  ( -2.000000000000006217, 20.00000000000000000, 14.99999999999999822 ) ) ;
#847 = VERTEX_POINT ( 'NONE', #716 ) ;
#848 = EDGE_CURVE ( 'NONE', #1610, #1307, #686, .T. ) ;
#849 = EDGE_CURVE ( 'NONE', #68, #644, #585, .T. ) ;
#850 = ORIENTED_EDGE ( 'NONE', *, *, #1791, .T. ) ;
#851 = VECTOR ( 'NONE', #1167, 1000.000000000000000 ) ;
#852 = FACE_OUTER_BOUND ( 'NONE', #223, .T. ) ;
#853 = DIRECTION ( 'NONE',  ( -1.000000000000000000, 0.000000000000000000, 1.170938346284344789E-16 ) ) ;
#854 = LINE ( 'NONE', #1695, #212 ) ;
#855 = LINE ( 'NONE', #710, #1569 ) ;
#856 = EDGE_LOOP ( 'NONE', ( #1430, #1202 ) ) ;
#857 = DIRECTION ( 'NONE',  ( -1.000000000000000000, -0.000000000000000000, 1.257674520083185143E-16 ) ) ;
#858 = LINE ( 'NONE', #456, #884 ) ;
#859 = CARTESIAN_POINT ( 'NONE',  ( -2.000000000000006217, 20.00000000000000000, 14.99999999999999822 ) ) ;
#860 = ORIENTED_EDGE ( 'NONE', *, *, #1467, .F. ) ;
#861 = CARTESIAN_POINT ( 'NONE',  ( 3.999999999999991562, 5.000000000000000000, -80.00000000000000000 ) ) ;
#862 = CARTESIAN_POINT ( 'NONE',  ( -1.999999999999999556, 10.00000000000000000, 49.99999999999998579 ) ) ;
#863 = EDGE_LOOP ( 'NONE', ( #1275, #315, #1104, #1623 ) ) ;
#864 = ORIENTED_EDGE ( 'NONE', *, *, #1643, .T. ) ;
#865 = AXIS2_PLACEMENT_3D ( 'NONE', #1413, #1691, #871 ) ;
#866 = AXIS2_PLACEMENT_3D ( 'NONE', #533, #1078, #404 ) ;
#867 = CIRCLE ( 'NONE', #966, 1.599999999999997202 ) ;
#868 = VERTEX_POINT ( 'NONE', #1497 ) ;
#869 = ORIENTED_EDGE ( 'NONE', *, *, #25, .T. ) ;
#870 = EDGE_CURVE ( 'NONE', #1277, #1073, #265, .T. ) ;
#871 = DIRECTION ( 'NONE',  ( 0.000000000000000000, 0.000000000000000000, 1.000000000000000000 ) ) ;
#872 = LINE ( 'NONE', #1612, #30 ) ;
#873 = EDGE_CURVE ( 'NONE', #760, #116, #797, .T. ) ;
#874 = CARTESIAN_POINT ( 'NONE',  ( 4.000000000000000000, 15.00000000000000000, -9.150000000000000355 ) ) ;
#875 = DIRECTION ( 'NONE',  ( -1.000000000000000000, -0.000000000000000000, 1.156482317317871478E-16 ) ) ;
#876 = ORIENTED_EDGE ( 'NONE', *, *, #988, .T. ) ;
#877 = ORIENTED_EDGE ( 'NONE', *, *, #1109, .F. ) ;
#878 = FACE_OUTER_BOUND ( 'NONE', #216, .T. ) ;
#879 = ORIENTED_EDGE ( 'NONE', *, *, #1729, .T. ) ;
#880 = VERTEX_POINT ( 'NONE', #538 ) ;
#881 = FACE_OUTER_BOUND ( 'NONE', #606, .T. ) ;
#882 = FACE_OUTER_BOUND ( 'NONE', #1486, .T. ) ;
#883 = LINE ( 'NONE', #1730, #575 ) ;
#884 = VECTOR ( 'NONE', #1431, 1000.000000000000000 ) ;
#885 = DIRECTION ( 'NONE',  ( -1.000000000000000000, -0.000000000000000000, -0.000000000000000000 ) ) ;
#886 = CARTESIAN_POINT ( 'NONE',  ( -3.999999999999987121, 5.000000000000018652, 100.0000000000000000 ) ) ;
#887 = DIRECTION ( 'NONE',  ( -0.000000000000000000, -1.000000000000000000, -0.000000000000000000 ) ) ;
#888 = EDGE_CURVE ( 'NONE', #1506, #880, #926, .T. ) ;
#889 = ORIENTED_EDGE ( 'NONE', *, *, #1676, .T. ) ;
#890 = CARTESIAN_POINT ( 'NONE',  ( -3.999999999999992450, 5.000000000000000000, 65.00000000000000000 ) ) ;
#891 = EDGE_LOOP ( 'NONE', ( #1331, #1534, #516, #621 ) ) ;
#892 = CARTESIAN_POINT ( 'NONE',  ( -1.999999999999999556, 25.00000000000000000, -30.00000000000000000 ) ) ;
#893 = CARTESIAN_POINT ( 'NONE',  ( 5.999999999999992006, 5.000000000000000000, -66.65000000000000568 ) ) ;
#894 = CARTESIAN_POINT ( 'NONE',  ( 16.00000000000000000, 15.00000000000000000, -5.850000000000001421 ) ) ;
#895 = ORIENTED_EDGE ( 'NONE', *, *, #1355, .T. ) ;
#896 = EDGE_CURVE ( 'NONE', #658, #1060, #1489, .T. ) ;
#897 = DIRECTION ( 'NONE',  ( 1.000000000000000000, 0.000000000000000000, -1.257674520083185143E-16 ) ) ;
#898 = EDGE_CURVE ( 'NONE', #399, #1296, #721, .T. ) ;
#899 = CIRCLE ( 'NONE', #148, 1.599999999999997202 ) ;
#900 = VERTEX_POINT ( 'NONE', #673 ) ;
#901 = VERTEX_POINT ( 'NONE', #238 ) ;
#902 = AXIS2_PLACEMENT_3D ( 'NONE', #1422, #457, #183 ) ;
#903 = AXIS2_PLACEMENT_3D ( 'NONE', #549, #266, #1306 ) ;
#904 = CYLINDRICAL_SURFACE ( 'NONE', #1102, 1.649999999999998579 ) ;
#905 = CARTESIAN_POINT ( 'NONE',  ( -4.000000000000006217, 20.00000000000000000, -15.00000000000000178 ) ) ;
#906 = LINE ( 'NONE', #1145, #444 ) ;
#907 = ORIENTED_EDGE ( 'NONE', *, *, #1741, .T. ) ;
#908 = ADVANCED_FACE ( 'NONE', ( #1787 ), #914, .F. ) ;
#909 = LINE ( 'NONE', #532, #162 ) ;
#910 = VERTEX_POINT ( 'NONE', #1764 ) ;
#911 = ORIENTED_EDGE ( 'NONE', *, *, #788, .T. ) ;
#912 = DIRECTION ( 'NONE',  ( 1.000000000000000000, 0.000000000000000000, -0.000000000000000000 ) ) ;
#913 = DIRECTION ( 'NONE',  ( 0.000000000000000000, 0.000000000000000000, 1.000000000000000000 ) ) ;
#914 = CYLINDRICAL_SURFACE ( 'NONE', #392, 1.650000000000000355 ) ;
#915 = VERTEX_POINT ( 'NONE', #936 ) ;
#916 = VECTOR ( 'NONE', #104, 999.9999999999998863 ) ;
#917 = ORIENTED_EDGE ( 'NONE', *, *, #1176, .T. ) ;
#918 = VECTOR ( 'NONE', #524, 1000.000000000000000 ) ;
#919 = VECTOR ( 'NONE', #1592, 1000.000000000000000 ) ;
#920 = CARTESIAN_POINT ( 'NONE',  ( -12.00000000000000711, 21.35149931376471244, 50.63524928220451926 ) ) ;
#921 = CARTESIAN_POINT ( 'NONE',  ( -3.999999999999987121, 10.00000000000000000, 100.0000000000000000 ) ) ;
#922 = DIRECTION ( 'NONE',  ( -1.000000000000000000, 0.000000000000000000, 1.156482317317871478E-16 ) ) ;
#923 = ORIENTED_EDGE ( 'NONE', *, *, #1495, .F. ) ;
#924 = EDGE_CURVE ( 'NONE', #694, #224, #1257, .T. ) ;
#925 = DIRECTION ( 'NONE',  ( 0.000000000000000000, 0.000000000000000000, 1.000000000000000000 ) ) ;
#926 = LINE ( 'NONE', #1350, #1546 ) ;
#927 = ORIENTED_EDGE ( 'NONE', *, *, #333, .F. ) ;
#928 = EDGE_LOOP ( 'NONE', ( #110, #195, #82, #1420 ) ) ;
#929 = ORIENTED_EDGE ( 'NONE', *, *, #1482, .T. ) ;
#930 = PLANE ( 'NONE',  #825 ) ;
#931 = DIRECTION ( 'NONE',  ( -0.000000000000000000, -1.000000000000000000, -0.000000000000000000 ) ) ;
#932 = ORIENTED_EDGE ( 'NONE', *, *, #705, .F. ) ;
#933 = AXIS2_PLACEMENT_3D ( 'NONE', #845, #1009, #1278 ) ;
#934 = ADVANCED_FACE ( 'NONE', ( #687 ), #1097, .T. ) ;
#935 = AXIS2_PLACEMENT_3D ( 'NONE', #1421, #486, #1131 ) ;
#936 = CARTESIAN_POINT ( 'NONE',  ( -4.000000000000008882, 25.00000000000000000, -57.50000000000000000 ) ) ;
#937 = ORIENTED_EDGE ( 'NONE', *, *, #237, .T. ) ;
#938 = ORIENTED_EDGE ( 'NONE', *, *, #1316, .F. ) ;
#939 = DIRECTION ( 'NONE',  ( -1.000000000000000000, 0.000000000000000000, 0.000000000000000000 ) ) ;
#940 = CYLINDRICAL_SURFACE ( 'NONE', #1511, 1.649999999999998579 ) ;
#941 = DIRECTION ( 'NONE',  ( 1.000000000000000000, 0.000000000000000000, 0.000000000000000000 ) ) ;
#942 = CARTESIAN_POINT ( 'NONE',  ( -2.000000000000006217, 15.88008056641809063, 38.26873300608239248 ) ) ;
#943 = EDGE_LOOP ( 'NONE', ( #664, #615 ) ) ;
#944 = CARTESIAN_POINT ( 'NONE',  ( -4.000000000000008882, 25.00000000000000000, 57.50000000000000000 ) ) ;
#945 = DIRECTION ( 'NONE',  ( 1.257674520083185143E-16, 0.000000000000000000, 1.000000000000000000 ) ) ;
#946 = ORIENTED_EDGE ( 'NONE', *, *, #466, .T. ) ;
#947 = PRODUCT_RELATED_PRODUCT_CATEGORY ( 'part', '', ( #205 ) ) ;
#948 = LINE ( 'NONE', #259, #1586 ) ;
#949 = ORIENTED_EDGE ( 'NONE', *, *, #1654, .T. ) ;
#950 = CARTESIAN_POINT ( 'NONE',  ( 4.000000000000006217, 20.00000000000000000, -15.00000000000000178 ) ) ;
#951 = AXIS2_PLACEMENT_3D ( 'NONE', #1011, #1590, #1448 ) ;
#952 = VECTOR ( 'NONE', #821, 1000.000000000000000 ) ;
#953 = CARTESIAN_POINT ( 'NONE',  ( 4.000000000000008882, 5.000000000000000000, 65.00000000000000000 ) ) ;
#954 = CARTESIAN_POINT ( 'NONE',  ( 4.000000000000006217, 10.00000000000000000, -15.00000000000000178 ) ) ;
#955 = EDGE_LOOP ( 'NONE', ( #513, #1629, #318, #734 ) ) ;
#956 = VERTEX_POINT ( 'NONE', #1244 ) ;
#957 = DIRECTION ( 'NONE',  ( -0.000000000000000000, -1.000000000000000000, -0.000000000000000000 ) ) ;
#958 = DIRECTION ( 'NONE',  ( 0.000000000000000000, 1.000000000000000000, 0.000000000000000000 ) ) ;
#959 = ADVANCED_FACE ( 'NONE', ( #1517 ), #414, .F. ) ;
#960 = CARTESIAN_POINT ( 'NONE',  ( 6.000000000000007994, 5.000000000000000000, 63.35000000000000142 ) ) ;
#961 = VECTOR ( 'NONE', #1710, 1000.000000000000000 ) ;
#962 = DIRECTION ( 'NONE',  ( 0.000000000000000000, 0.000000000000000000, 1.000000000000000000 ) ) ;
#963 = CARTESIAN_POINT ( 'NONE',  ( -12.00000000000000711, 15.88008056641809063, 38.26873300608239248 ) ) ;
#964 = ORIENTED_EDGE ( 'NONE', *, *, #1553, .T. ) ;
#965 = AXIS2_PLACEMENT_3D ( 'NONE', #1049, #504, #1570 ) ;
#966 = AXIS2_PLACEMENT_3D ( 'NONE', #1514, #1064, #791 ) ;
#967 = AXIS2_PLACEMENT_3D ( 'NONE', #828, #448, #14 ) ;
#968 = EDGE_CURVE ( 'NONE', #650, #415, #1719, .T. ) ;
#969 = PLANE ( 'NONE',  #1668 ) ;
#970 = ADVANCED_FACE ( 'NONE', ( #449 ), #297, .F. ) ;
#971 = CARTESIAN_POINT ( 'NONE',  ( 16.00000000000000000, 15.00000000000000000, 7.499999999999998224 ) ) ;
#972 = DIRECTION ( 'NONE',  ( 1.000000000000000000, -0.000000000000000000, -0.000000000000000000 ) ) ;
#973 = EDGE_LOOP ( 'NONE', ( #494, #99 ) ) ;
#974 =( LENGTH_UNIT ( ) NAMED_UNIT ( * ) SI_UNIT ( .MILLI., .METRE. ) );
#975 = CARTESIAN_POINT ( 'NONE',  ( 4.000000000000006217, 20.00000000000000000, 14.99999999999999822 ) ) ;
#976 = ORIENTED_EDGE ( 'NONE', *, *, #1410, .F. ) ;
#977 = VECTOR ( 'NONE', #1651, 1000.000000000000000 ) ;
#978 = EDGE_CURVE ( 'NONE', #157, #1640, #613, .T. ) ;
#979 = CYLINDRICAL_SURFACE ( 'NONE', #1276, 1.599999999999997202 ) ;
#980 = ORIENTED_EDGE ( 'NONE', *, *, #689, .T. ) ;
#981 = CARTESIAN_POINT ( 'NONE',  ( 3.999999999999993339, 5.000000000000000000, -65.00000000000000000 ) ) ;
#982 = ORIENTED_EDGE ( 'NONE', *, *, #1282, .T. ) ;
#983 = CARTESIAN_POINT ( 'NONE',  ( 2.000000000000005329, 15.00000000000000000, 7.500000000000000000 ) ) ;
#984 = ORIENTED_EDGE ( 'NONE', *, *, #1693, .T. ) ;
#985 = DIRECTION ( 'NONE',  ( 0.000000000000000000, 0.000000000000000000, 1.000000000000000000 ) ) ;
#986 = DIRECTION ( 'NONE',  ( -1.000000000000000000, -0.000000000000000000, 1.156482317317871478E-16 ) ) ;
#987 = CARTESIAN_POINT ( 'NONE',  ( -4.000000000000012434, 10.00000000000000000, 30.00000000000000000 ) ) ;
#988 = EDGE_CURVE ( 'NONE', #1203, #1336, #317, .T. ) ;
#989 = DIRECTION ( 'NONE',  ( -1.000000000000000000, 0.000000000000000000, 1.170938346284344789E-16 ) ) ;
#990 = DIRECTION ( 'NONE',  ( -1.000000000000000000, -0.000000000000000000, 1.257674520083185143E-16 ) ) ;
#991 = AXIS2_PLACEMENT_3D ( 'NONE', #693, #438, #1374 ) ;
#992 = EDGE_CURVE ( 'NONE', #1640, #157, #1189, .T. ) ;
#993 = AXIS2_PLACEMENT_3D ( 'NONE', #114, #1216, #678 ) ;
#994 = ORIENTED_EDGE ( 'NONE', *, *, #870, .T. ) ;
#995 = CARTESIAN_POINT ( 'NONE',  ( 2.000000000000006217, 20.00000000000000000, -15.00000000000000178 ) ) ;
#996 = DIRECTION ( 'NONE',  ( 0.000000000000000000, 0.000000000000000000, 1.000000000000000000 ) ) ;
#997 = PLANE ( 'NONE',  #293 ) ;
#998 = DIRECTION ( 'NONE',  ( 1.000000000000000000, 0.000000000000000000, 0.000000000000000000 ) ) ;
#999 = DIRECTION ( 'NONE',  ( 0.000000000000000000, 0.000000000000000000, -1.000000000000000000 ) ) ;
#1000 = AXIS2_PLACEMENT_3D ( 'NONE', #1039, #1600, #766 ) ;
#1001 = CIRCLE ( 'NONE', #1205, 1.599999999999990319 ) ;
#1002 = DIRECTION ( 'NONE',  ( -1.170938346284344789E-16, -0.000000000000000000, -1.000000000000000000 ) ) ;
#1003 = DIRECTION ( 'NONE',  ( 0.000000000000000000, -0.000000000000000000, 1.000000000000000000 ) ) ;
#1004 = ORIENTED_EDGE ( 'NONE', *, *, #12, .T. ) ;
#1005 = CARTESIAN_POINT ( 'NONE',  ( -1.999999999999999556, 10.00000000000000000, -30.00000000000000000 ) ) ;
#1006 = EDGE_CURVE ( 'NONE', #737, #1292, #174, .T. ) ;
#1007 = ORIENTED_EDGE ( 'NONE', *, *, #1100, .T. ) ;
#1008 = ORIENTED_EDGE ( 'NONE', *, *, #1675, .F. ) ;
#1009 = DIRECTION ( 'NONE',  ( -1.000000000000000000, 0.000000000000000000, 0.000000000000000000 ) ) ;
#1010 = CARTESIAN_POINT ( 'NONE',  ( -4.000000000000008882, 25.00000000000000000, 57.50000000000000000 ) ) ;
#1011 = CARTESIAN_POINT ( 'NONE',  ( 5.999999999999989342, 5.000000000000000000, -80.00000000000000000 ) ) ;
#1012 = SHAPE_DEFINITION_REPRESENTATION ( #350, #793 ) ;
#1013 = ORIENTED_EDGE ( 'NONE', *, *, #849, .F. ) ;
#1014 = AXIS2_PLACEMENT_3D ( 'NONE', #1642, #1539, #1526 ) ;
#1015 = AXIS2_PLACEMENT_3D ( 'NONE', #1761, #922, #1480 ) ;
#1016 = VERTEX_POINT ( 'NONE', #1132 ) ;
#1017 = EDGE_CURVE ( 'NONE', #476, #808, #240, .T. ) ;
#1018 = DIRECTION ( 'NONE',  ( -1.000000000000000000, 0.000000000000000000, 1.170938346284344789E-16 ) ) ;
#1019 = ORIENTED_EDGE ( 'NONE', *, *, #1705, .F. ) ;
#1020 = CARTESIAN_POINT ( 'NONE',  ( -2.000000000000006217, 20.00000000000000000, 14.99999999999999822 ) ) ;
#1021 = EDGE_CURVE ( 'NONE', #1610, #593, #899, .T. ) ;
#1022 = CARTESIAN_POINT ( 'NONE',  ( -12.00000000000000711, 21.35149931376597365, -50.63524928220807908 ) ) ;
#1023 = FACE_OUTER_BOUND ( 'NONE', #1284, .T. ) ;
#1024 = DIRECTION ( 'NONE',  ( 1.000000000000000000, -0.000000000000000000, 0.000000000000000000 ) ) ;
#1025 = CARTESIAN_POINT ( 'NONE',  ( 0.000000000000000000, 0.000000000000000000, 0.000000000000000000 ) ) ;
#1026 = CYLINDRICAL_SURFACE ( 'NONE', #617, 1.649999999999998579 ) ;
#1027 = ORIENTED_EDGE ( 'NONE', *, *, #1553, .F. ) ;
#1028 = ORIENTED_EDGE ( 'NONE', *, *, #1523, .F. ) ;
#1029 = EDGE_CURVE ( 'NONE', #1250, #1148, #33, .T. ) ;
#1030 = PLANE ( 'NONE',  #1604 ) ;
#1031 = CARTESIAN_POINT ( 'NONE',  ( -1.999999999999999556, 25.00000000000000000, -30.00000000000000000 ) ) ;
#1032 = CARTESIAN_POINT ( 'NONE',  ( -4.000000000000006217, 20.00000000000000000, -15.00000000000000178 ) ) ;
#1033 = VECTOR ( 'NONE', #875, 1000.000000000000000 ) ;
#1034 = EDGE_LOOP ( 'NONE', ( #370, #479, #1286, #210 ) ) ;
#1035 = FACE_BOUND ( 'NONE', #595, .T. ) ;
#1036 = EDGE_LOOP ( 'NONE', ( #228, #1634 ) ) ;
#1037 = ORIENTED_EDGE ( 'NONE', *, *, #978, .F. ) ;
#1038 = DIRECTION ( 'NONE',  ( -0.000000000000000000, 1.000000000000000000, -0.000000000000000000 ) ) ;
#1039 = CARTESIAN_POINT ( 'NONE',  ( 4.000000000000001776, 15.00000000000000000, 7.500000000000000000 ) ) ;
#1040 = EDGE_CURVE ( 'NONE', #1788, #1662, #167, .T. ) ;
#1041 = EDGE_LOOP ( 'NONE', ( #342, #2, #1308, #1529 ) ) ;
#1042 = EDGE_CURVE ( 'NONE', #326, #75, #717, .T. ) ;
#1043 = VECTOR ( 'NONE', #1397, 1000.000000000000000 ) ;
#1044 = VECTOR ( 'NONE', #764, 1000.000000000000000 ) ;
#1045 = DIRECTION ( 'NONE',  ( 0.000000000000000000, 1.000000000000000000, 0.000000000000000000 ) ) ;
#1046 = VECTOR ( 'NONE', #1617, 1000.000000000000000 ) ;
#1047 = VECTOR ( 'NONE', #1660, 1000.000000000000000 ) ;
#1048 = CARTESIAN_POINT ( 'NONE',  ( -3.999999999999994671, 15.88008056641809063, 39.86873300608238679 ) ) ;
#1049 = CARTESIAN_POINT ( 'NONE',  ( 4.000000000000006217, 20.00000000000000000, 14.99999999999999822 ) ) ;
#1050 = CARTESIAN_POINT ( 'NONE',  ( -2.000000000000005329, 15.00000000000000000, -5.849999999999999645 ) ) ;
#1051 = EDGE_LOOP ( 'NONE', ( #1578, #332, #509, #1740 ) ) ;
#1052 = FACE_BOUND ( 'NONE', #527, .T. ) ;
#1053 = CARTESIAN_POINT ( 'NONE',  ( 4.000000000000010658, 5.000000000000000000, 78.35000000000000853 ) ) ;
#1054 = DIRECTION ( 'NONE',  ( -1.257674520083185143E-16, 0.000000000000000000, -1.000000000000000000 ) ) ;
#1055 = EDGE_CURVE ( 'NONE', #499, #383, #24, .T. ) ;
#1056 = DIRECTION ( 'NONE',  ( -0.000000000000000000, -1.000000000000000000, -0.000000000000000000 ) ) ;
#1057 = DIRECTION ( 'NONE',  ( -0.000000000000000000, -1.000000000000000000, -0.000000000000000000 ) ) ;
#1058 = ORIENTED_EDGE ( 'NONE', *, *, #1055, .T. ) ;
#1059 = PLANE ( 'NONE',  #1560 ) ;
#1060 = VERTEX_POINT ( 'NONE', #1154 ) ;
#1061 = VECTOR ( 'NONE', #1273, 1000.000000000000000 ) ;
#1062 = EDGE_LOOP ( 'NONE', ( #584, #1423, #339, #823 ) ) ;
#1063 = EDGE_LOOP ( 'NONE', ( #115, #829, #1412, #651 ) ) ;
#1064 = DIRECTION ( 'NONE',  ( 1.000000000000000000, 0.000000000000000000, -1.257674520083185143E-16 ) ) ;
#1065 = PLANE ( 'NONE',  #1656 ) ;
#1066 = EDGE_CURVE ( 'NONE', #639, #808, #1701, .T. ) ;
#1067 = FACE_OUTER_BOUND ( 'NONE', #555, .T. ) ;
#1068 = VERTEX_POINT ( 'NONE', #581 ) ;
#1069 = LINE ( 'NONE', #920, #818 ) ;
#1070 = DIRECTION ( 'NONE',  ( -1.000000000000000000, 0.000000000000000000, 0.000000000000000000 ) ) ;
#1071 = LINE ( 'NONE', #954, #977 ) ;
#1072 = EDGE_LOOP ( 'NONE', ( #105, #1253, #181, #517 ) ) ;
#1073 = VERTEX_POINT ( 'NONE', #334 ) ;
#1074 = CARTESIAN_POINT ( 'NONE',  ( 0.000000000000000000, 25.00000000000000000, 0.000000000000000000 ) ) ;
#1075 = CARTESIAN_POINT ( 'NONE',  ( 2.000000000000006217, 20.00000000000000000, 14.99999999999999822 ) ) ;
#1076 = FACE_OUTER_BOUND ( 'NONE', #120, .T. ) ;
#1077 = DIRECTION ( 'NONE',  ( 0.000000000000000000, 0.000000000000000000, -1.000000000000000000 ) ) ;
#1078 = DIRECTION ( 'NONE',  ( 0.000000000000000000, 0.000000000000000000, -1.000000000000000000 ) ) ;
#1079 = ORIENTED_EDGE ( 'NONE', *, *, #635, .F. ) ;
#1080 = PLANE ( 'NONE',  #1014 ) ;
#1081 = DIRECTION ( 'NONE',  ( -1.419319207617387533E-16, 0.000000000000000000, 1.000000000000000000 ) ) ;
#1082 = VECTOR ( 'NONE', #1535, 1000.000000000000000 ) ;
#1083 = ORIENTED_EDGE ( 'NONE', *, *, #1467, .T. ) ;
#1084 = ORIENTED_EDGE ( 'NONE', *, *, #1683, .T. ) ;
#1085 = DIRECTION ( 'NONE',  ( -0.000000000000000000, -1.000000000000000000, -0.000000000000000000 ) ) ;
#1086 = CARTESIAN_POINT ( 'NONE',  ( -3.999999999999987121, 5.000000000000018652, 100.0000000000000000 ) ) ;
#1087 = DIRECTION ( 'NONE',  ( -1.000000000000000000, -0.000000000000000000, 1.156482317317871478E-16 ) ) ;
#1088 = DIRECTION ( 'NONE',  ( -1.000000000000000000, 0.000000000000000000, 1.170938346284344789E-16 ) ) ;
#1089 = DIRECTION ( 'NONE',  ( 0.000000000000000000, 0.000000000000000000, -1.000000000000000000 ) ) ;
#1090 = ORIENTED_EDGE ( 'NONE', *, *, #31, .T. ) ;
#1091 = ADVANCED_FACE ( 'NONE', ( #881 ), #1436, .F. ) ;
#1092 = CARTESIAN_POINT ( 'NONE',  ( 4.000000000000006217, 20.00000000000000000, 14.99999999999999822 ) ) ;
#1093 = EDGE_CURVE ( 'NONE', #901, #100, #1123, .T. ) ;
#1094 = VECTOR ( 'NONE', #598, 1000.000000000000000 ) ;
#1095 = FACE_OUTER_BOUND ( 'NONE', #314, .T. ) ;
#1096 = CARTESIAN_POINT ( 'NONE',  ( -2.000000000000006217, 21.35149931376597365, -50.63524928220807908 ) ) ;
#1097 = PLANE ( 'NONE',  #122 ) ;
#1098 = ORIENTED_EDGE ( 'NONE', *, *, #1108, .F. ) ;
#1099 = EDGE_CURVE ( 'NONE', #1717, #1445, #460, .T. ) ;
#1100 = EDGE_CURVE ( 'NONE', #639, #1347, #1777, .T. ) ;
#1101 = PLANE ( 'NONE',  #1220 ) ;
#1102 = AXIS2_PLACEMENT_3D ( 'NONE', #1483, #1745, #796 ) ;
#1103 = FACE_OUTER_BOUND ( 'NONE', #1573, .T. ) ;
#1104 = ORIENTED_EDGE ( 'NONE', *, *, #526, .T. ) ;
#1105 = FACE_OUTER_BOUND ( 'NONE', #1485, .T. ) ;
#1106 = CARTESIAN_POINT ( 'NONE',  ( -4.000000000000006217, 20.00000000000000000, 14.99999999999999822 ) ) ;
#1107 = EDGE_LOOP ( 'NONE', ( #1767, #1766 ) ) ;
#1108 = EDGE_CURVE ( 'NONE', #880, #1196, #365, .T. ) ;
#1109 = EDGE_CURVE ( 'NONE', #593, #1709, #763, .T. ) ;
#1110 = DIRECTION ( 'NONE',  ( -1.000000000000000000, -0.000000000000000000, 1.156482317317871478E-16 ) ) ;
#1111 = EDGE_LOOP ( 'NONE', ( #876, #1544 ) ) ;
#1112 = DIRECTION ( 'NONE',  ( 0.000000000000000000, 0.000000000000000000, -1.000000000000000000 ) ) ;
#1113 = DIRECTION ( 'NONE',  ( 1.181827465872627658E-16, -0.3420201433256696566, 0.9396926207859082059 ) ) ;
#1114 = EDGE_LOOP ( 'NONE', ( #1736, #1237 ) ) ;
#1115 = DIRECTION ( 'NONE',  ( 0.000000000000000000, 0.000000000000000000, 1.000000000000000000 ) ) ;
#1116 = STYLED_ITEM ( 'NONE', ( #1672 ), #1507 ) ;
#1117 = ADVANCED_FACE ( 'NONE', ( #378 ), #904, .F. ) ;
#1118 = FACE_BOUND ( 'NONE', #928, .T. ) ;
#1119 = CARTESIAN_POINT ( 'NONE',  ( -4.000000000000012434, 10.00000000000000000, -100.0000000000000000 ) ) ;
#1120 = ORIENTED_EDGE ( 'NONE', *, *, #214, .T. ) ;
#1121 = VERTEX_POINT ( 'NONE', #1348 ) ;
#1122 = CARTESIAN_POINT ( 'NONE',  ( -3.999999999999987121, 10.00000000000000000, 100.0000000000000000 ) ) ;
#1123 = LINE ( 'NONE', #159, #1334 ) ;
#1124 = AXIS2_PLACEMENT_3D ( 'NONE', #1722, #765, #1177 ) ;
#1125 = ADVANCED_FACE ( 'NONE', ( #536 ), #1080, .F. ) ;
#1126 = DIRECTION ( 'NONE',  ( 0.000000000000000000, 0.000000000000000000, -1.000000000000000000 ) ) ;
#1127 = VECTOR ( 'NONE', #380, 1000.000000000000000 ) ;
#1128 = VECTOR ( 'NONE', #1057, 1000.000000000000000 ) ;
#1129 = ORIENTED_EDGE ( 'NONE', *, *, #268, .F. ) ;
#1130 = VECTOR ( 'NONE', #1459, 1000.000000000000000 ) ;
#1131 = DIRECTION ( 'NONE',  ( 0.000000000000000000, -0.000000000000000000, 1.000000000000000000 ) ) ;
#1132 = CARTESIAN_POINT ( 'NONE',  ( 4.000000000000013323, 5.000000000000018652, 100.0000000000000000 ) ) ;
#1133 = LINE ( 'NONE', #1558, #480 ) ;
#1134 = ADVANCED_FACE ( 'NONE', ( #271 ), #1563, .F. ) ;
#1135 = ORIENTED_EDGE ( 'NONE', *, *, #409, .T. ) ;
#1136 = ADVANCED_FACE ( 'NONE', ( #1384 ), #299, .F. ) ;
#1137 = LINE ( 'NONE', #1742, #256 ) ;
#1138 = ORIENTED_EDGE ( 'NONE', *, *, #173, .F. ) ;
#1139 = AXIS2_PLACEMENT_3D ( 'NONE', #1398, #160, #1370 ) ;
#1140 = AXIS2_PLACEMENT_3D ( 'NONE', #344, #1471, #338 ) ;
#1141 = VECTOR ( 'NONE', #493, 1000.000000000000000 ) ;
#1142 = CARTESIAN_POINT ( 'NONE',  ( -1.999999999999999556, 10.00000000000000000, -30.00000000000000000 ) ) ;
#1143 = DIRECTION ( 'NONE',  ( -1.000000000000000000, 0.000000000000000000, 0.000000000000000000 ) ) ;
#1144 = CARTESIAN_POINT ( 'NONE',  ( -2.000000000000003553, 25.00000000000000000, -57.50000000000000000 ) ) ;
#1145 = CARTESIAN_POINT ( 'NONE',  ( 16.00000000000000000, 15.00000000000000000, 9.149999999999998579 ) ) ;
#1146 = APPLICATION_PROTOCOL_DEFINITION ( 'draft international standard', 'automotive_design', 1998, #373 ) ;
#1147 = LINE ( 'NONE', #638, #431 ) ;
#1148 = VERTEX_POINT ( 'NONE', #303 ) ;
#1149 = EDGE_CURVE ( 'NONE', #772, #1506, #855, .T. ) ;
#1150 = DIRECTION ( 'NONE',  ( -1.000000000000000000, 0.000000000000000000, 1.257674520083185143E-16 ) ) ;
#1151 = VERTEX_POINT ( 'NONE', #1680 ) ;
#1152 = LINE ( 'NONE', #1092, #124 ) ;
#1153 = EDGE_LOOP ( 'NONE', ( #489, #569 ) ) ;
#1154 = CARTESIAN_POINT ( 'NONE',  ( -4.000000000000007105, 21.35149931376597365, -53.83524928220806771 ) ) ;
#1155 = CARTESIAN_POINT ( 'NONE',  ( 4.000000000000013323, 10.00000000000000000, 100.0000000000000000 ) ) ;
#1156 = DIRECTION ( 'NONE',  ( 0.000000000000000000, 0.000000000000000000, -1.000000000000000000 ) ) ;
#1157 = APPLICATION_PROTOCOL_DEFINITION ( 'draft international standard', 'automotive_design', 1998, #1411 ) ;
#1158 = ORIENTED_EDGE ( 'NONE', *, *, #849, .T. ) ;
#1159 = VECTOR ( 'NONE', #1166, 1000.000000000000000 ) ;
#1160 = DIRECTION ( 'NONE',  ( -1.000000000000000000, 0.000000000000000000, 1.257674520083185143E-16 ) ) ;
#1161 = ADVANCED_FACE ( 'NONE', ( #1393 ), #154, .F. ) ;
#1162 = AXIS2_PLACEMENT_3D ( 'NONE', #458, #1561, #999 ) ;
#1163 = EDGE_CURVE ( 'NONE', #776, #1481, #1408, .T. ) ;
#1164 = ORIENTED_EDGE ( 'NONE', *, *, #1770, .F. ) ;
#1165 = EDGE_LOOP ( 'NONE', ( #656, #1090, #548, #1409 ) ) ;
#1166 = DIRECTION ( 'NONE',  ( -1.000000000000000000, -0.000000000000000000, 1.257674520083185143E-16 ) ) ;
#1167 = DIRECTION ( 'NONE',  ( 1.000000000000000000, -0.000000000000000000, -0.000000000000000000 ) ) ;
#1168 = DIRECTION ( 'NONE',  ( -1.000000000000000000, -0.000000000000000000, 1.257674520083185143E-16 ) ) ;
#1169 = CARTESIAN_POINT ( 'NONE',  ( -1.999999999999999556, 10.00000000000000000, 49.99999999999998579 ) ) ;
#1170 = DIRECTION ( 'NONE',  ( -1.000000000000000000, -0.000000000000000000, 1.257674520083185143E-16 ) ) ;
#1171 = ORIENTED_EDGE ( 'NONE', *, *, #287, .F. ) ;
#1172 = EDGE_CURVE ( 'NONE', #1481, #1616, #1302, .T. ) ;
#1173 = LINE ( 'NONE', #176, #1259 ) ;
#1174 = CIRCLE ( 'NONE', #133, 1.649999999999998579 ) ;
#1175 = CARTESIAN_POINT ( 'NONE',  ( 3.999999999999993339, 5.000000000000000000, -65.00000000000000000 ) ) ;
#1176 = EDGE_CURVE ( 'NONE', #1347, #476, #906, .T. ) ;
#1177 = DIRECTION ( 'NONE',  ( 0.000000000000000000, 0.000000000000000000, -1.000000000000000000 ) ) ;
#1178 = VERTEX_POINT ( 'NONE', #57 ) ;
#1179 = UNCERTAINTY_MEASURE_WITH_UNIT (LENGTH_MEASURE( 1.000000000000000082E-05 ), #974, 'distance_accuracy_value', 'NONE');
#1180 = VERTEX_POINT ( 'NONE', #743 ) ;
#1181 = ORIENTED_EDGE ( 'NONE', *, *, #1676, .F. ) ;
#1182 = CARTESIAN_POINT ( 'NONE',  ( 2.000000000000000444, 0.000000000000000000, -50.00000000000001421 ) ) ;
#1183 = DIRECTION ( 'NONE',  ( 0.000000000000000000, 0.000000000000000000, 1.000000000000000000 ) ) ;
#1184 = DIRECTION ( 'NONE',  ( 1.000000000000000000, -0.000000000000000000, -0.000000000000000000 ) ) ;
#1185 = ORIENTED_EDGE ( 'NONE', *, *, #1363, .T. ) ;
#1186 = ORIENTED_EDGE ( 'NONE', *, *, #277, .T. ) ;
#1187 = DIRECTION ( 'NONE',  ( 0.000000000000000000, 0.000000000000000000, -1.000000000000000000 ) ) ;
#1188 = CARTESIAN_POINT ( 'NONE',  ( -4.000000000000012434, 10.00000000000000000, -100.0000000000000000 ) ) ;
#1189 = CIRCLE ( 'NONE', #1665, 1.649999999999998579 ) ;
#1190 = LINE ( 'NONE', #1755, #1128 ) ;
#1191 = VERTEX_POINT ( 'NONE', #1712 ) ;
#1192 = VECTOR ( 'NONE', #1126, 1000.000000000000000 ) ;
#1193 = CIRCLE ( 'NONE', #723, 1.650000000000000355 ) ;
#1194 = CARTESIAN_POINT ( 'NONE',  ( -12.00000000000000711, 15.88008056641809063, 36.66873300608239106 ) ) ;
#1195 = DIRECTION ( 'NONE',  ( 0.000000000000000000, 0.000000000000000000, -1.000000000000000000 ) ) ;
#1196 = VERTEX_POINT ( 'NONE', #886 ) ;
#1197 = EDGE_LOOP ( 'NONE', ( #1472, #666 ) ) ;
#1198 = EDGE_CURVE ( 'NONE', #1728, #1689, #1321, .T. ) ;
#1199 = DIRECTION ( 'NONE',  ( -0.000000000000000000, -0.000000000000000000, 1.000000000000000000 ) ) ;
#1200 = DIRECTION ( 'NONE',  ( 0.000000000000000000, 0.000000000000000000, -1.000000000000000000 ) ) ;
#1201 = DIRECTION ( 'NONE',  ( 0.000000000000000000, 0.000000000000000000, -1.000000000000000000 ) ) ;
#1202 = ORIENTED_EDGE ( 'NONE', *, *, #898, .F. ) ;
#1203 = VERTEX_POINT ( 'NONE', #1050 ) ;
#1204 = DIRECTION ( 'NONE',  ( -0.000000000000000000, -1.000000000000000000, -0.000000000000000000 ) ) ;
#1205 = AXIS2_PLACEMENT_3D ( 'NONE', #113, #941, #1077 ) ;
#1206 = ORIENTED_EDGE ( 'NONE', *, *, #362, .T. ) ;
#1207 = ORIENTED_EDGE ( 'NONE', *, *, #1373, .T. ) ;
#1208 = DIRECTION ( 'NONE',  ( -1.000000000000000000, 0.000000000000000000, -0.000000000000000000 ) ) ;
#1209 = CARTESIAN_POINT ( 'NONE',  ( -1.999999999999999556, 25.00000000000000000, -30.00000000000000000 ) ) ;
#1210 = CARTESIAN_POINT ( 'NONE',  ( 2.000000000000000444, -10.00000000000000000, -50.00000000000001421 ) ) ;
#1211 = EDGE_CURVE ( 'NONE', #900, #1631, #620, .T. ) ;
#1212 = ORIENTED_EDGE ( 'NONE', *, *, #478, .F. ) ;
#1213 = CARTESIAN_POINT ( 'NONE',  ( -1.999999999999999556, 25.00000000000000000, 30.00000000000000000 ) ) ;
#1214 = ORIENTED_EDGE ( 'NONE', *, *, #547, .T. ) ;
#1215 = CARTESIAN_POINT ( 'NONE',  ( 4.000000000000006217, 20.00000000000000000, -15.00000000000000178 ) ) ;
#1216 = DIRECTION ( 'NONE',  ( -1.000000000000000000, -0.000000000000000000, 1.156482317317871478E-16 ) ) ;
#1217 = VERTEX_POINT ( 'NONE', #601 ) ;
#1218 = AXIS2_PLACEMENT_3D ( 'NONE', #1687, #990, #28 ) ;
#1219 = EDGE_CURVE ( 'NONE', #1060, #658, #675, .T. ) ;
#1220 = AXIS2_PLACEMENT_3D ( 'NONE', #1666, #546, #1639 ) ;
#1221 = CIRCLE ( 'NONE', #267, 1.599999999999990319 ) ;
#1222 = DIRECTION ( 'NONE',  ( 0.000000000000000000, 0.000000000000000000, 1.000000000000000000 ) ) ;
#1223 = ORIENTED_EDGE ( 'NONE', *, *, #1515, .T. ) ;
#1224 = EDGE_CURVE ( 'NONE', #1795, #1327, #323, .T. ) ;
#1225 = FACE_OUTER_BOUND ( 'NONE', #1051, .T. ) ;
#1226 = CARTESIAN_POINT ( 'NONE',  ( 2.000000000000000444, 10.00000000000000000, -50.00000000000001421 ) ) ;
#1227 = LINE ( 'NONE', #1359, #406 ) ;
#1228 = EDGE_CURVE ( 'NONE', #497, #657, #1377, .T. ) ;
#1229 = DIRECTION ( 'NONE',  ( 1.000000000000000000, 0.000000000000000000, 0.000000000000000000 ) ) ;
#1230 = ORIENTED_EDGE ( 'NONE', *, *, #1363, .F. ) ;
#1231 = EDGE_LOOP ( 'NONE', ( #127, #1037, #1186, #1084 ) ) ;
#1232 = EDGE_CURVE ( 'NONE', #847, #1703, #1291, .T. ) ;
#1233 = CIRCLE ( 'NONE', #1376, 1.650000000000000355 ) ;
#1234 = AXIS2_PLACEMENT_3D ( 'NONE', #983, #78, #1545 ) ;
#1235 = FACE_OUTER_BOUND ( 'NONE', #1034, .T. ) ;
#1236 = CARTESIAN_POINT ( 'NONE',  ( -4.000000000000012434, 10.00000000000000000, -30.00000000000000000 ) ) ;
#1237 = ORIENTED_EDGE ( 'NONE', *, *, #1, .T. ) ;
#1238 = EDGE_CURVE ( 'NONE', #655, #453, #136, .T. ) ;
#1239 = EDGE_CURVE ( 'NONE', #358, #694, #218, .T. ) ;
#1240 = CARTESIAN_POINT ( 'NONE',  ( 3.999999999999991562, 5.000000000000000000, -78.35000000000000853 ) ) ;
#1241 = LINE ( 'NONE', #537, #768 ) ;
#1242 = VECTOR ( 'NONE', #366, 1000.000000000000000 ) ;
#1243 = DIRECTION ( 'NONE',  ( 1.000000000000000000, 0.000000000000000000, -0.000000000000000000 ) ) ;
#1244 = CARTESIAN_POINT ( 'NONE',  ( 3.999999999999993339, 5.000000000000000000, -63.35000000000000142 ) ) ;
#1245 = ORIENTED_EDGE ( 'NONE', *, *, #1342, .F. ) ;
#1246 = CIRCLE ( 'NONE', #446, 1.599999999999997202 ) ;
#1247 = PLANE ( 'NONE',  #81 ) ;
#1248 = VECTOR ( 'NONE', #1470, 1000.000000000000000 ) ;
#1249 = LINE ( 'NONE', #1415, #700 ) ;
#1250 = VERTEX_POINT ( 'NONE', #1460 ) ;
#1251 = ADVANCED_FACE ( 'NONE', ( #1739 ), #505, .F. ) ;
#1252 = LINE ( 'NONE', #822, #270 ) ;
#1253 = ORIENTED_EDGE ( 'NONE', *, *, #592, .F. ) ;
#1254 = CARTESIAN_POINT ( 'NONE',  ( -4.000000000000012434, 10.00000000000000000, -100.0000000000000000 ) ) ;
#1255 = CARTESIAN_POINT ( 'NONE',  ( 2.000000000000005329, 15.00000000000000000, 9.150000000000000355 ) ) ;
#1256 = ORIENTED_EDGE ( 'NONE', *, *, #347, .T. ) ;
#1257 = LINE ( 'NONE', #141, #1270 ) ;
#1258 = AXIS2_PLACEMENT_3D ( 'NONE', #726, #1184, #1747 ) ;
#1259 = VECTOR ( 'NONE', #1143, 1000.000000000000000 ) ;
#1260 = ORIENTED_EDGE ( 'NONE', *, *, #319, .T. ) ;
#1261 = FACE_OUTER_BOUND ( 'NONE', #1041, .T. ) ;
#1262 = DIRECTION ( 'NONE',  ( -1.000000000000000000, 0.000000000000000000, 1.170938346284344789E-16 ) ) ;
#1263 = CARTESIAN_POINT ( 'NONE',  ( -4.000000000000010658, 0.000000000000000000, -86.26261290272688598 ) ) ;
#1264 = CARTESIAN_POINT ( 'NONE',  ( -1.999999999999999556, 10.00000000000000000, -50.00000000000001421 ) ) ;
#1265 = ORIENTED_EDGE ( 'NONE', *, *, #1622, .F. ) ;
#1266 = ORIENTED_EDGE ( 'NONE', *, *, #1403, .F. ) ;
#1267 = ADVANCED_FACE ( 'NONE', ( #733 ), #492, .F. ) ;
#1268 = CYLINDRICAL_SURFACE ( 'NONE', #243, 1.650000000000000355 ) ;
#1269 = DIRECTION ( 'NONE',  ( -1.000000000000000000, -0.000000000000000000, 1.156482317317871478E-16 ) ) ;
#1270 = VECTOR ( 'NONE', #1089, 1000.000000000000000 ) ;
#1271 = LINE ( 'NONE', #1264, #752 ) ;
#1272 = ADVANCED_FACE ( 'NONE', ( #754 ), #1311, .F. ) ;
#1273 = DIRECTION ( 'NONE',  ( -1.000000000000000000, -0.000000000000000000, 1.156482317317871478E-16 ) ) ;
#1274 = AXIS2_PLACEMENT_3D ( 'NONE', #306, #1150, #472 ) ;
#1275 = ORIENTED_EDGE ( 'NONE', *, *, #261, .F. ) ;
#1276 = AXIS2_PLACEMENT_3D ( 'NONE', #1794, #158, #580 ) ;
#1277 = VERTEX_POINT ( 'NONE', #874 ) ;
#1278 = DIRECTION ( 'NONE',  ( 0.000000000000000000, 0.000000000000000000, 1.000000000000000000 ) ) ;
#1279 = EDGE_CURVE ( 'NONE', #1445, #868, #1281, .T. ) ;
#1280 = CARTESIAN_POINT ( 'NONE',  ( -1.999999999999999556, 10.00000000000000000, 49.99999999999998579 ) ) ;
#1281 = LINE ( 'NONE', #45, #280 ) ;
#1282 = EDGE_CURVE ( 'NONE', #1689, #915, #189, .T. ) ;
#1283 = VERTEX_POINT ( 'NONE', #628 ) ;
#1284 = EDGE_LOOP ( 'NONE', ( #771, #247, #435, #889, #1058, #1028, #1079, #41, #1207, #836, #1322, #1707, #213, #1339, #294, #37 ) ) ;
#1285 = AXIS2_PLACEMENT_3D ( 'NONE', #921, #1200, #520 ) ;
#1286 = ORIENTED_EDGE ( 'NONE', *, *, #773, .T. ) ;
#1287 = VECTOR ( 'NONE', #1056, 1000.000000000000000 ) ;
#1288 = CIRCLE ( 'NONE', #1323, 1.650000000000000355 ) ;
#1289 = CARTESIAN_POINT ( 'NONE',  ( -2.000000000000003553, 25.00000000000000000, 57.50000000000000000 ) ) ;
#1290 = LINE ( 'NONE', #356, #1248 ) ;
#1291 = LINE ( 'NONE', #1613, #1585 ) ;
#1292 = VERTEX_POINT ( 'NONE', #498 ) ;
#1293 = EDGE_CURVE ( 'NONE', #737, #1191, #684, .T. ) ;
#1294 = EDGE_CURVE ( 'NONE', #1671, #900, #1475, .T. ) ;
#1295 = ORIENTED_EDGE ( 'NONE', *, *, #1176, .F. ) ;
#1296 = VERTEX_POINT ( 'NONE', #662 ) ;
#1297 = DIRECTION ( 'NONE',  ( 0.000000000000000000, 0.000000000000000000, -1.000000000000000000 ) ) ;
#1298 = CARTESIAN_POINT ( 'NONE',  ( -1.999999999999999556, 10.00000000000000000, 30.00000000000000000 ) ) ;
#1299 = LINE ( 'NONE', #1144, #1044 ) ;
#1300 = DIRECTION ( 'NONE',  ( 1.000000000000000000, 0.000000000000000000, -1.257674520083185143E-16 ) ) ;
#1301 = ORIENTED_EDGE ( 'NONE', *, *, #873, .T. ) ;
#1302 = CIRCLE ( 'NONE', #1124, 1.599999999999990319 ) ;
#1303 = FACE_BOUND ( 'NONE', #1456, .T. ) ;
#1304 = EDGE_CURVE ( 'NONE', #1728, #1601, #1595, .T. ) ;
#1305 = VECTOR ( 'NONE', #769, 1000.000000000000000 ) ;
#1306 = DIRECTION ( 'NONE',  ( 0.000000000000000000, 0.000000000000000000, 1.000000000000000000 ) ) ;
#1307 = VERTEX_POINT ( 'NONE', #1769 ) ;
#1308 = ORIENTED_EDGE ( 'NONE', *, *, #898, .T. ) ;
#1309 = DIRECTION ( 'NONE',  ( 1.000000000000000000, 0.000000000000000000, -0.000000000000000000 ) ) ;
#1310 = LINE ( 'NONE', #1711, #417 ) ;
#1311 = CYLINDRICAL_SURFACE ( 'NONE', #1258, 1.599999999999990319 ) ;
#1312 = CARTESIAN_POINT ( 'NONE',  ( 4.000000000000000000, 15.00000000000000000, -7.500000000000000000 ) ) ;
#1313 = ORIENTED_EDGE ( 'NONE', *, *, #1366, .F. ) ;
#1314 = FACE_BOUND ( 'NONE', #670, .T. ) ;
#1315 = ORIENTED_EDGE ( 'NONE', *, *, #715, .F. ) ;
#1316 = EDGE_CURVE ( 'NONE', #1708, #1728, #909, .T. ) ;
#1317 = VECTOR ( 'NONE', #87, 1000.000000000000000 ) ;
#1318 = CARTESIAN_POINT ( 'NONE',  ( -3.999999999999994671, 15.88008056641809063, 38.26873300608239248 ) ) ;
#1319 = VECTOR ( 'NONE', #777, 1000.000000000000000 ) ;
#1320 = FACE_OUTER_BOUND ( 'NONE', #142, .T. ) ;
#1321 = LINE ( 'NONE', #1031, #354 ) ;
#1322 = ORIENTED_EDGE ( 'NONE', *, *, #237, .F. ) ;
#1323 = AXIS2_PLACEMENT_3D ( 'NONE', #1312, #202, #1115 ) ;
#1324 = ORIENTED_EDGE ( 'NONE', *, *, #652, .F. ) ;
#1325 = CARTESIAN_POINT ( 'NONE',  ( -12.00000000000000711, 21.35149931376597365, -53.83524928220806771 ) ) ;
#1326 = VERTEX_POINT ( 'NONE', #222 ) ;
#1327 = VERTEX_POINT ( 'NONE', #805 ) ;
#1328 = ADVANCED_FACE ( 'NONE', ( #1076 ), #940, .F. ) ;
#1329 = DIRECTION ( 'NONE',  ( 0.000000000000000000, -0.000000000000000000, 1.000000000000000000 ) ) ;
#1330 = ORIENTED_EDGE ( 'NONE', *, *, #362, .F. ) ;
#1331 = ORIENTED_EDGE ( 'NONE', *, *, #604, .F. ) ;
#1332 = LINE ( 'NONE', #1215, #1752 ) ;
#1333 = FACE_BOUND ( 'NONE', #1036, .T. ) ;
#1334 = VECTOR ( 'NONE', #708, 1000.000000000000000 ) ;
#1335 = CARTESIAN_POINT ( 'NONE',  ( 16.00000000000000000, 15.00000000000000000, -9.150000000000002132 ) ) ;
#1336 = VERTEX_POINT ( 'NONE', #374 ) ;
#1337 = AXIS2_PLACEMENT_3D ( 'NONE', #859, #1699, #308 ) ;
#1338 = CARTESIAN_POINT ( 'NONE',  ( -4.000000000000007105, 21.35149931376597365, -52.23524928220807340 ) ) ;
#1339 = ORIENTED_EDGE ( 'NONE', *, *, #455, .T. ) ;
#1340 = EDGE_CURVE ( 'NONE', #1756, #539, #522, .T. ) ;
#1341 = ORIENTED_EDGE ( 'NONE', *, *, #173, .T. ) ;
#1342 = EDGE_CURVE ( 'NONE', #779, #1601, #824, .T. ) ;
#1343 = FACE_OUTER_BOUND ( 'NONE', #614, .T. ) ;
#1344 = DIRECTION ( 'NONE',  ( -1.170938346284344789E-16, -0.000000000000000000, -1.000000000000000000 ) ) ;
#1345 = CARTESIAN_POINT ( 'NONE',  ( -2.000000000000003553, 25.00000000000000000, -57.50000000000000000 ) ) ;
#1346 = CARTESIAN_POINT ( 'NONE',  ( -4.000000000000005329, 15.88008056641902144, -39.86873300608608162 ) ) ;
#1347 = VERTEX_POINT ( 'NONE', #487 ) ;
#1348 = CARTESIAN_POINT ( 'NONE',  ( 3.999999999999991562, 0.000000000000000000, -86.26261290272688598 ) ) ;
#1349 = LINE ( 'NONE', #1213, #1790 ) ;
#1350 = CARTESIAN_POINT ( 'NONE',  ( -4.000000000000012434, 0.000000000000000000, -100.0000000000000000 ) ) ;
#1351 = ORIENTED_EDGE ( 'NONE', *, *, #277, .F. ) ;
#1352 =( GEOMETRIC_REPRESENTATION_CONTEXT ( 3 ) GLOBAL_UNCERTAINTY_ASSIGNED_CONTEXT ( ( #1179 ) ) GLOBAL_UNIT_ASSIGNED_CONTEXT ( ( #974, #830, #8 ) ) REPRESENTATION_CONTEXT ( 'NONE', 'WORKASPACE' ) );
#1353 = ORIENTED_EDGE ( 'NONE', *, *, #759, .T. ) ;
#1354 = CARTESIAN_POINT ( 'NONE',  ( -3.999999999999993339, 21.35149931376471244, 50.63524928220451926 ) ) ;
#1355 = EDGE_CURVE ( 'NONE', #712, #1151, #80, .T. ) ;
#1356 = DIRECTION ( 'NONE',  ( 1.000000000000000000, 0.000000000000000000, 0.000000000000000000 ) ) ;
#1357 = CARTESIAN_POINT ( 'NONE',  ( 16.00000000000000000, 15.00000000000000000, 7.499999999999998224 ) ) ;
#1358 = ORIENTED_EDGE ( 'NONE', *, *, #1482, .F. ) ;
#1359 = CARTESIAN_POINT ( 'NONE',  ( -3.999999999999987121, 10.00000000000000000, 100.0000000000000000 ) ) ;
#1360 = CARTESIAN_POINT ( 'NONE',  ( 4.000000000000000000, 15.00000000000000000, -7.500000000000000000 ) ) ;
#1361 = ORIENTED_EDGE ( 'NONE', *, *, #1619, .T. ) ;
#1362 = CARTESIAN_POINT ( 'NONE',  ( 0.000000000000000000, 10.00000000000000000, 0.000000000000000000 ) ) ;
#1363 = EDGE_CURVE ( 'NONE', #1336, #1688, #858, .T. ) ;
#1364 = FACE_BOUND ( 'NONE', #654, .T. ) ;
#1365 = AXIS2_PLACEMENT_3D ( 'NONE', #1357, #1087, #1658 ) ;
#1366 = EDGE_CURVE ( 'NONE', #816, #185, #1554, .T. ) ;
#1367 = CIRCLE ( 'NONE', #1162, 1.599999999999997202 ) ;
#1368 = DIRECTION ( 'NONE',  ( 1.000000000000000000, 0.000000000000000000, -1.257674520083185143E-16 ) ) ;
#1369 = VERTEX_POINT ( 'NONE', #39 ) ;
#1370 = DIRECTION ( 'NONE',  ( 0.000000000000000000, 0.000000000000000000, -1.000000000000000000 ) ) ;
#1371 = ORIENTED_EDGE ( 'NONE', *, *, #1515, .F. ) ;
#1372 = FACE_BOUND ( 'NONE', #943, .T. ) ;
#1373 = EDGE_CURVE ( 'NONE', #1671, #1250, #1137, .T. ) ;
#1374 = DIRECTION ( 'NONE',  ( 0.000000000000000000, -0.000000000000000000, 1.000000000000000000 ) ) ;
#1375 = ORIENTED_EDGE ( 'NONE', *, *, #1737, .F. ) ;
#1376 = AXIS2_PLACEMENT_3D ( 'NONE', #1508, #1088, #390 ) ;
#1377 = CIRCLE ( 'NONE', #51, 1.649999999999998579 ) ;
#1378 = DIRECTION ( 'NONE',  ( 1.170938346284344789E-16, 0.000000000000000000, 1.000000000000000000 ) ) ;
#1379 = DIRECTION ( 'NONE',  ( 1.257674520083185143E-16, 0.000000000000000000, 1.000000000000000000 ) ) ;
#1380 = ORIENTED_EDGE ( 'NONE', *, *, #579, .F. ) ;
#1381 = CARTESIAN_POINT ( 'NONE',  ( -2.000000000000006217, 15.88008056641809063, 38.26873300608239248 ) ) ;
#1382 = ADVANCED_FACE ( 'NONE', ( #1759 ), #1065, .T. ) ;
#1383 = CARTESIAN_POINT ( 'NONE',  ( -3.999999999999993339, 21.35149931376471244, 52.23524928220450647 ) ) ;
#1384 = FACE_OUTER_BOUND ( 'NONE', #192, .T. ) ;
#1385 = DIRECTION ( 'NONE',  ( -0.000000000000000000, -0.000000000000000000, 1.000000000000000000 ) ) ;
#1386 = ADVANCED_FACE ( 'NONE', ( #349 ), #531, .F. ) ;
#1387 = ORIENTED_EDGE ( 'NONE', *, *, #697, .F. ) ;
#1388 =( NAMED_UNIT ( * ) SI_UNIT ( $, .STERADIAN. ) SOLID_ANGLE_UNIT ( ) );
#1389 = DIRECTION ( 'NONE',  ( 0.000000000000000000, -0.000000000000000000, 1.000000000000000000 ) ) ;
#1390 = ORIENTED_EDGE ( 'NONE', *, *, #526, .F. ) ;
#1391 = AXIS2_PLACEMENT_3D ( 'NONE', #1074, #511, #384 ) ;
#1392 = CARTESIAN_POINT ( 'NONE',  ( 2.000000000000005329, 15.00000000000000000, -9.150000000000000355 ) ) ;
#1393 = FACE_OUTER_BOUND ( 'NONE', #320, .T. ) ;
#1394 = ORIENTED_EDGE ( 'NONE', *, *, #1693, .F. ) ;
#1395 = ADVANCED_FACE ( 'NONE', ( #1333, #624, #1035, #1314, #385, #1479, #1444, #1303, #1607, #72, #90 ), #1463, .F. ) ;
#1396 = CYLINDRICAL_SURFACE ( 'NONE', #838, 1.599999999999997202 ) ;
#1397 = DIRECTION ( 'NONE',  ( -0.000000000000000000, -1.000000000000000000, -0.000000000000000000 ) ) ;
#1398 = CARTESIAN_POINT ( 'NONE',  ( -3.999999999999999112, 15.00000000000000000, 7.500000000000000888 ) ) ;
#1399 = CARTESIAN_POINT ( 'NONE',  ( -2.000000000000006217, 20.00000000000000000, 14.99999999999999822 ) ) ;
#1400 = CARTESIAN_POINT ( 'NONE',  ( 6.000000000000010658, 5.000000000000000000, 80.00000000000000000 ) ) ;
#1401 = ORIENTED_EDGE ( 'NONE', *, *, #1579, .F. ) ;
#1402 = CIRCLE ( 'NONE', #221, 1.649999999999998579 ) ;
#1403 = EDGE_CURVE ( 'NONE', #1016, #1180, #1618, .T. ) ;
#1404 = ADVANCED_FACE ( 'NONE', ( #233 ), #930, .T. ) ;
#1405 = CARTESIAN_POINT ( 'NONE',  ( -4.000000000000012434, 10.00000000000000000, -100.0000000000000000 ) ) ;
#1406 = DIRECTION ( 'NONE',  ( 1.000000000000000000, 0.000000000000000000, -1.257674520083185143E-16 ) ) ;
#1407 = LINE ( 'NONE', #161, #102 ) ;
#1408 = LINE ( 'NONE', #313, #1242 ) ;
#1409 = ORIENTED_EDGE ( 'NONE', *, *, #1741, .F. ) ;
#1410 = EDGE_CURVE ( 'NONE', #1369, #1068, #564, .T. ) ;
#1411 = APPLICATION_CONTEXT ( 'automotive_design' ) ;
#1412 = ORIENTED_EDGE ( 'NONE', *, *, #1172, .T. ) ;
#1413 = CARTESIAN_POINT ( 'NONE',  ( 16.00000000000000000, 15.00000000000000000, -7.500000000000001776 ) ) ;
#1414 = VECTOR ( 'NONE', #514, 1000.000000000000000 ) ;
#1415 = CARTESIAN_POINT ( 'NONE',  ( 5.999999999999992006, 5.000000000000000000, -63.35000000000000142 ) ) ;
#1416 = AXIS2_PLACEMENT_3D ( 'NONE', #1438, #337, #1183 ) ;
#1417 = ORIENTED_EDGE ( 'NONE', *, *, #1279, .F. ) ;
#1418 = CYLINDRICAL_SURFACE ( 'NONE', #1706, 1.650000000000000355 ) ;
#1419 = AXIS2_PLACEMENT_3D ( 'NONE', #890, #165, #1574 ) ;
#1420 = ORIENTED_EDGE ( 'NONE', *, *, #1294, .T. ) ;
#1421 = CARTESIAN_POINT ( 'NONE',  ( 0.000000000000000000, 20.00000000000000000, 0.000000000000000000 ) ) ;
#1422 = CARTESIAN_POINT ( 'NONE',  ( 16.00000000000000000, 15.00000000000000000, -7.500000000000001776 ) ) ;
#1423 = ORIENTED_EDGE ( 'NONE', *, *, #652, .T. ) ;
#1424 = CARTESIAN_POINT ( 'NONE',  ( 16.00000000000000000, 15.00000000000000000, 5.849999999999998757 ) ) ;
#1425 = EDGE_CURVE ( 'NONE', #1203, #1326, #10, .T. ) ;
#1426 = CARTESIAN_POINT ( 'NONE',  ( 5.999999999999989342, 5.000000000000000000, -78.35000000000000853 ) ) ;
#1427 = DIRECTION ( 'NONE',  ( -0.000000000000000000, -1.000000000000000000, -0.000000000000000000 ) ) ;
#1428 = ORIENTED_EDGE ( 'NONE', *, *, #430, .T. ) ;
#1429 = CARTESIAN_POINT ( 'NONE',  ( -1.999999999999999556, 25.00000000000000000, 30.00000000000000000 ) ) ;
#1430 = ORIENTED_EDGE ( 'NONE', *, *, #1648, .F. ) ;
#1431 = DIRECTION ( 'NONE',  ( -1.000000000000000000, -0.000000000000000000, 1.156482317317871478E-16 ) ) ;
#1432 = EDGE_LOOP ( 'NONE', ( #814, #1256, #1417, #1498, #54, #1682, #704, #46, #190, #13 ) ) ;
#1433 = VECTOR ( 'NONE', #887, 1000.000000000000000 ) ;
#1434 = LINE ( 'NONE', #1325, #1305 ) ;
#1435 = ORIENTED_EDGE ( 'NONE', *, *, #1017, .T. ) ;
#1436 = CYLINDRICAL_SURFACE ( 'NONE', #502, 1.650000000000000355 ) ;
#1437 = CARTESIAN_POINT ( 'NONE',  ( -12.00000000000000711, 15.88008056641809063, 38.26873300608239248 ) ) ;
#1438 = CARTESIAN_POINT ( 'NONE',  ( 5.999999999999992006, 5.000000000000000000, -65.00000000000000000 ) ) ;
#1439 = CARTESIAN_POINT ( 'NONE',  ( -4.000000000000007105, 21.35149931376597365, -52.23524928220807340 ) ) ;
#1440 = CARTESIAN_POINT ( 'NONE',  ( -4.000000000000012434, 25.00000000000000000, -30.00000000000000000 ) ) ;
#1441 = EDGE_CURVE ( 'NONE', #151, #901, #1147, .T. ) ;
#1442 = ORIENTED_EDGE ( 'NONE', *, *, #888, .F. ) ;
#1443 = CARTESIAN_POINT ( 'NONE',  ( -4.000000000000007994, 5.000000000000000000, -63.35000000000000142 ) ) ;
#1444 = FACE_BOUND ( 'NONE', #1449, .T. ) ;
#1445 = VERTEX_POINT ( 'NONE', #1635 ) ;
#1446 = FACE_OUTER_BOUND ( 'NONE', #239, .T. ) ;
#1447 = CARTESIAN_POINT ( 'NONE',  ( -1.999999999999999556, 10.00000000000000000, 30.00000000000000000 ) ) ;
#1448 = DIRECTION ( 'NONE',  ( 0.000000000000000000, 0.000000000000000000, 1.000000000000000000 ) ) ;
#1449 = EDGE_LOOP ( 'NONE', ( #625, #1390 ) ) ;
#1450 = CARTESIAN_POINT ( 'NONE',  ( 4.000000000000006217, 10.00000000000000000, 14.99999999999999822 ) ) ;
#1451 = ORIENTED_EDGE ( 'NONE', *, *, #375, .F. ) ;
#1452 = VECTOR ( 'NONE', #1024, 1000.000000000000000 ) ;
#1453 = CIRCLE ( 'NONE', #101, 1.649999999999998579 ) ;
#1454 = ADVANCED_FACE ( 'NONE', ( #1655, #1052, #1499 ), #97, .F. ) ;
#1455 = VECTOR ( 'NONE', #1085, 1000.000000000000000 ) ;
#1456 = EDGE_LOOP ( 'NONE', ( #255, #1212 ) ) ;
#1457 = EDGE_LOOP ( 'NONE', ( #15, #1013, #1628, #729 ) ) ;
#1458 = CARTESIAN_POINT ( 'NONE',  ( -2.000000000000005329, 15.00000000000000000, 7.500000000000000000 ) ) ;
#1459 = DIRECTION ( 'NONE',  ( -1.000000000000000000, -0.000000000000000000, -0.000000000000000000 ) ) ;
#1460 = CARTESIAN_POINT ( 'NONE',  ( -2.000000000000002665, 10.00000000000000000, -50.00000000000001421 ) ) ;
#1461 = ORIENTED_EDGE ( 'NONE', *, *, #1643, .F. ) ;
#1462 = ORIENTED_EDGE ( 'NONE', *, *, #1149, .T. ) ;
#1463 = PLANE ( 'NONE',  #1624 ) ;
#1464 = EDGE_CURVE ( 'NONE', #1594, #1501, #1646, .T. ) ;
#1465 = EDGE_LOOP ( 'NONE', ( #389, #1019, #1171, #1757 ) ) ;
#1466 = VECTOR ( 'NONE', #544, 1000.000000000000000 ) ;
#1467 = EDGE_CURVE ( 'NONE', #1196, #1016, #948, .T. ) ;
#1468 = VECTOR ( 'NONE', #1571, 1000.000000000000000 ) ;
#1469 = CARTESIAN_POINT ( 'NONE',  ( -2.000000000000006217, 21.35149931376471244, 50.63524928220451926 ) ) ;
#1470 = DIRECTION ( 'NONE',  ( -0.000000000000000000, -1.000000000000000000, -0.000000000000000000 ) ) ;
#1471 = DIRECTION ( 'NONE',  ( 1.000000000000000000, -0.000000000000000000, 0.000000000000000000 ) ) ;
#1472 = ORIENTED_EDGE ( 'NONE', *, *, #978, .T. ) ;
#1473 = VECTOR ( 'NONE', #834, 1000.000000000000000 ) ;
#1474 = DIRECTION ( 'NONE',  ( 1.000000000000000000, -0.000000000000000000, 0.000000000000000000 ) ) ;
#1475 = LINE ( 'NONE', #363, #918 ) ;
#1476 = VERTEX_POINT ( 'NONE', #1254 ) ;
#1477 = ORIENTED_EDGE ( 'NONE', *, *, #820, .T. ) ;
#1478 = PLANE ( 'NONE',  #1606 ) ;
#1479 = FACE_BOUND ( 'NONE', #841, .T. ) ;
#1480 = DIRECTION ( 'NONE',  ( 0.000000000000000000, 0.000000000000000000, 1.000000000000000000 ) ) ;
#1481 = VERTEX_POINT ( 'NONE', #426 ) ;
#1482 = EDGE_CURVE ( 'NONE', #808, #476, #276, .T. ) ;
#1483 = CARTESIAN_POINT ( 'NONE',  ( 6.000000000000010658, 5.000000000000000000, 80.00000000000000000 ) ) ;
#1484 = CARTESIAN_POINT ( 'NONE',  ( -2.000000000000006217, 15.88008056641902144, -38.26873300608608020 ) ) ;
#1485 = EDGE_LOOP ( 'NONE', ( #1555, #1700, #750, #1265 ) ) ;
#1486 = EDGE_LOOP ( 'NONE', ( #206, #744, #789, #877 ) ) ;
#1487 = ORIENTED_EDGE ( 'NONE', *, *, #1239, .F. ) ;
#1488 = CARTESIAN_POINT ( 'NONE',  ( -4.000000000000005329, 15.88008056641902144, -36.66873300608608588 ) ) ;
#1489 = CIRCLE ( 'NONE', #64, 1.599999999999997202 ) ;
#1490 = CIRCLE ( 'NONE', #1779, 1.650000000000000355 ) ;
#1491 = DIRECTION ( 'NONE',  ( 0.000000000000000000, 0.000000000000000000, -1.000000000000000000 ) ) ;
#1492 = FACE_BOUND ( 'NONE', #1107, .T. ) ;
#1493 = ORIENTED_EDGE ( 'NONE', *, *, #671, .T. ) ;
#1494 = AXIS2_PLACEMENT_3D ( 'NONE', #981, #989, #169 ) ;
#1495 = EDGE_CURVE ( 'NONE', #1709, #1307, #1512, .T. ) ;
#1496 = DIRECTION ( 'NONE',  ( -0.000000000000000000, -1.000000000000000000, -0.000000000000000000 ) ) ;
#1497 = CARTESIAN_POINT ( 'NONE',  ( 3.999999999999989786, 5.000000000000018652, -100.0000000000000000 ) ) ;
#1498 = ORIENTED_EDGE ( 'NONE', *, *, #1099, .F. ) ;
#1499 = FACE_OUTER_BOUND ( 'NONE', #787, .T. ) ;
#1500 = ADVANCED_FACE ( 'NONE', ( #1105 ), #1247, .F. ) ;
#1501 = VERTEX_POINT ( 'NONE', #987 ) ;
#1502 = DIRECTION ( 'NONE',  ( 0.000000000000000000, 1.000000000000000000, 0.000000000000000000 ) ) ;
#1503 = CARTESIAN_POINT ( 'NONE',  ( -2.000000000000006217, 21.35149931376597365, -52.23524928220807340 ) ) ;
#1504 = PLANE ( 'NONE',  #631 ) ;
#1505 = DIRECTION ( 'NONE',  ( 1.000000000000000000, 0.000000000000000000, 0.000000000000000000 ) ) ;
#1506 = VERTEX_POINT ( 'NONE', #1263 ) ;
#1507 = MANIFOLD_SOLID_BREP ( '\X2\52079664\X0\-\X2\62c94f38\X0\4', #503 ) ;
#1508 = CARTESIAN_POINT ( 'NONE',  ( 4.000000000000001776, 15.00000000000000000, 7.500000000000000000 ) ) ;
#1509 = DIRECTION ( 'NONE',  ( 0.000000000000000000, 0.000000000000000000, -1.000000000000000000 ) ) ;
#1510 = EDGE_LOOP ( 'NONE', ( #1442, #946, #428, #648 ) ) ;
#1511 = AXIS2_PLACEMENT_3D ( 'NONE', #91, #253, #642 ) ;
#1512 = CIRCLE ( 'NONE', #804, 1.599999999999997202 ) ;
#1513 = EDGE_CURVE ( 'NONE', #658, #539, #168, .T. ) ;
#1514 = CARTESIAN_POINT ( 'NONE',  ( -4.000000000000005329, 15.88008056641902144, -38.26873300608608020 ) ) ;
#1515 = EDGE_CURVE ( 'NONE', #1662, #415, #1174, .T. ) ;
#1516 = LINE ( 'NONE', #960, #815 ) ;
#1517 = FACE_OUTER_BOUND ( 'NONE', #955, .T. ) ;
#1518 = EDGE_LOOP ( 'NONE', ( #1674, #1743, #1537, #800 ) ) ;
#1519 = DIRECTION ( 'NONE',  ( 0.000000000000000000, -0.000000000000000000, 1.000000000000000000 ) ) ;
#1520 = ADVANCED_FACE ( 'NONE', ( #882 ), #76, .F. ) ;
#1521 = AXIS2_PLACEMENT_3D ( 'NONE', #1458, #1070, #1598 ) ;
#1522 = FACE_OUTER_BOUND ( 'NONE', #433, .T. ) ;
#1523 = EDGE_CURVE ( 'NONE', #358, #383, #718, .T. ) ;
#1524 = VECTOR ( 'NONE', #690, 1000.000000000000000 ) ;
#1525 = CIRCLE ( 'NONE', #506, 1.649999999999998579 ) ;
#1526 = DIRECTION ( 'NONE',  ( 1.000000000000000000, 0.000000000000000000, -0.000000000000000000 ) ) ;
#1527 = CIRCLE ( 'NONE', #177, 1.649999999999998579 ) ;
#1528 = DIRECTION ( 'NONE',  ( -1.000000000000000000, -0.000000000000000000, 1.156482317317871478E-16 ) ) ;
#1529 = ORIENTED_EDGE ( 'NONE', *, *, #441, .F. ) ;
#1530 = CARTESIAN_POINT ( 'NONE',  ( 3.999999999999989786, 10.00000000000000000, -100.0000000000000000 ) ) ;
#1531 = EDGE_CURVE ( 'NONE', #1180, #880, #1173, .T. ) ;
#1532 = DIRECTION ( 'NONE',  ( 1.000000000000000000, 0.000000000000000000, 0.000000000000000000 ) ) ;
#1533 = DIRECTION ( 'NONE',  ( 0.000000000000000000, 0.000000000000000000, 1.000000000000000000 ) ) ;
#1534 = ORIENTED_EDGE ( 'NONE', *, *, #968, .T. ) ;
#1535 = DIRECTION ( 'NONE',  ( 1.257674520083185143E-16, 0.000000000000000000, 1.000000000000000000 ) ) ;
#1536 = AXIS2_PLACEMENT_3D ( 'NONE', #1633, #1532, #126 ) ;
#1537 = ORIENTED_EDGE ( 'NONE', *, *, #579, .T. ) ;
#1538 = AXIS2_PLACEMENT_3D ( 'NONE', #1503, #1356, #545 ) ;
#1539 = DIRECTION ( 'NONE',  ( 0.000000000000000000, 0.000000000000000000, 1.000000000000000000 ) ) ;
#1540 = CARTESIAN_POINT ( 'NONE',  ( 2.000000000000000444, 10.00000000000000000, -15.00000000000000000 ) ) ;
#1541 = EDGE_LOOP ( 'NONE', ( #1361, #1007 ) ) ;
#1542 = EDGE_CURVE ( 'NONE', #1148, #382, #589, .T. ) ;
#1543 = LINE ( 'NONE', #288, #394 ) ;
#1544 = ORIENTED_EDGE ( 'NONE', *, *, #649, .T. ) ;
#1545 = DIRECTION ( 'NONE',  ( 0.000000000000000000, 0.000000000000000000, -1.000000000000000000 ) ) ;
#1546 = VECTOR ( 'NONE', #945, 1000.000000000000000 ) ;
#1547 = CARTESIAN_POINT ( 'NONE',  ( -4.000000000000000888, 15.00000000000000000, -7.499999999999999112 ) ) ;
#1548 = DIRECTION ( 'NONE',  ( 0.000000000000000000, 0.000000000000000000, 1.000000000000000000 ) ) ;
#1549 = VECTOR ( 'NONE', #402, 1000.000000000000000 ) ;
#1550 = LINE ( 'NONE', #1119, #1082 ) ;
#1551 = EDGE_CURVE ( 'NONE', #185, #910, #295, .T. ) ;
#1552 = ORIENTED_EDGE ( 'NONE', *, *, #1304, .F. ) ;
#1553 = EDGE_CURVE ( 'NONE', #1653, #224, #1778, .T. ) ;
#1554 = LINE ( 'NONE', #714, #19 ) ;
#1555 = ORIENTED_EDGE ( 'NONE', *, *, #347, .F. ) ;
#1556 = DIRECTION ( 'NONE',  ( 1.000000000000000000, -0.000000000000000000, -0.000000000000000000 ) ) ;
#1557 = DIRECTION ( 'NONE',  ( 0.000000000000000000, 0.000000000000000000, -1.000000000000000000 ) ) ;
#1558 = CARTESIAN_POINT ( 'NONE',  ( -2.000000000000003553, 10.00000000000000000, 57.50000000000000000 ) ) ;
#1559 = ADVANCED_FACE ( 'NONE', ( #386 ), #1620, .F. ) ;
#1560 = AXIS2_PLACEMENT_3D ( 'NONE', #892, #1195, #618 ) ;
#1561 = DIRECTION ( 'NONE',  ( 1.000000000000000000, 0.000000000000000000, 0.000000000000000000 ) ) ;
#1562 = CARTESIAN_POINT ( 'NONE',  ( -12.00000000000000711, 15.88008056641902144, -39.86873300608608162 ) ) ;
#1563 = CYLINDRICAL_SURFACE ( 'NONE', #475, 1.649999999999998579 ) ;
#1564 = ORIENTED_EDGE ( 'NONE', *, *, #1211, .F. ) ;
#1565 = ORIENTED_EDGE ( 'NONE', *, *, #1355, .F. ) ;
#1566 = EDGE_CURVE ( 'NONE', #593, #1610, #707, .T. ) ;
#1567 = ORIENTED_EDGE ( 'NONE', *, *, #132, .F. ) ;
#1568 = CARTESIAN_POINT ( 'NONE',  ( 3.999999999999989786, 10.00000000000000000, -100.0000000000000000 ) ) ;
#1569 = VECTOR ( 'NONE', #1113, 999.9999999999998863 ) ;
#1570 = DIRECTION ( 'NONE',  ( -1.000000000000000000, 0.000000000000000000, -0.000000000000000000 ) ) ;
#1571 = DIRECTION ( 'NONE',  ( -1.000000000000000000, 0.000000000000000000, 0.000000000000000000 ) ) ;
#1572 = CARTESIAN_POINT ( 'NONE',  ( 3.999999999999999112, 10.00000000000000000, -15.00000000000000000 ) ) ;
#1573 = EDGE_LOOP ( 'NONE', ( #93, #364, #1773, #79 ) ) ;
#1574 = DIRECTION ( 'NONE',  ( 0.000000000000000000, 0.000000000000000000, 1.000000000000000000 ) ) ;
#1575 = ORIENTED_EDGE ( 'NONE', *, *, #1172, .F. ) ;
#1576 = LINE ( 'NONE', #371, #842 ) ;
#1577 = FACE_OUTER_BOUND ( 'NONE', #630, .T. ) ;
#1578 = ORIENTED_EDGE ( 'NONE', *, *, #1228, .F. ) ;
#1579 = EDGE_CURVE ( 'NONE', #1631, #694, #883, .T. ) ;
#1580 = CARTESIAN_POINT ( 'NONE',  ( 16.00000000000000000, 15.00000000000000000, 5.849999999999998757 ) ) ;
#1581 = PLANE ( 'NONE',  #1337 ) ;
#1582 = CARTESIAN_POINT ( 'NONE',  ( 4.000000000000008882, 5.000000000000000000, 65.00000000000000000 ) ) ;
#1583 = ORIENTED_EDGE ( 'NONE', *, *, #1619, .F. ) ;
#1584 = LINE ( 'NONE', #58, #1473 ) ;
#1585 = VECTOR ( 'NONE', #66, 1000.000000000000000 ) ;
#1586 = VECTOR ( 'NONE', #152, 1000.000000000000000 ) ;
#1587 = CARTESIAN_POINT ( 'NONE',  ( 2.000000000000005329, 15.00000000000000000, 7.500000000000000000 ) ) ;
#1588 = VECTOR ( 'NONE', #1170, 1000.000000000000000 ) ;
#1589 = DIRECTION ( 'NONE',  ( 0.000000000000000000, 0.000000000000000000, -1.000000000000000000 ) ) ;
#1590 = DIRECTION ( 'NONE',  ( -1.000000000000000000, -0.000000000000000000, 1.257674520083185143E-16 ) ) ;
#1591 = ORIENTED_EDGE ( 'NONE', *, *, #873, .F. ) ;
#1592 = DIRECTION ( 'NONE',  ( 0.000000000000000000, 0.000000000000000000, -1.000000000000000000 ) ) ;
#1593 = ADVANCED_FACE ( 'NONE', ( #84 ), #1059, .F. ) ;
#1594 = VERTEX_POINT ( 'NONE', #1626 ) ;
#1595 = LINE ( 'NONE', #1209, #1287 ) ;
#1596 = VERTEX_POINT ( 'NONE', #1182 ) ;
#1597 = ORIENTED_EDGE ( 'NONE', *, *, #661, .T. ) ;
#1598 = DIRECTION ( 'NONE',  ( 0.000000000000000000, 0.000000000000000000, 1.000000000000000000 ) ) ;
#1599 = CARTESIAN_POINT ( 'NONE',  ( -12.00000000000000711, 21.35149931376597365, -52.23524928220807340 ) ) ;
#1600 = DIRECTION ( 'NONE',  ( -1.000000000000000000, 0.000000000000000000, 1.170938346284344789E-16 ) ) ;
#1601 = VERTEX_POINT ( 'NONE', #491 ) ;
#1602 = AXIS2_PLACEMENT_3D ( 'NONE', #1681, #711, #367 ) ;
#1603 = EDGE_LOOP ( 'NONE', ( #170, #1206, #911, #401, #674, #61, #196, #1487 ) ) ;
#1604 = AXIS2_PLACEMENT_3D ( 'NONE', #469, #1329, #912 ) ;
#1605 = ADVANCED_FACE ( 'NONE', ( #1446 ), #1746, .F. ) ;
#1606 = AXIS2_PLACEMENT_3D ( 'NONE', #395, #1502, #1187 ) ;
#1607 = FACE_BOUND ( 'NONE', #1772, .T. ) ;
#1608 = VECTOR ( 'NONE', #1112, 1000.000000000000000 ) ;
#1609 = DIRECTION ( 'NONE',  ( 1.000000000000000000, -0.000000000000000000, 0.000000000000000000 ) ) ;
#1610 = VERTEX_POINT ( 'NONE', #1048 ) ;
#1611 = CARTESIAN_POINT ( 'NONE',  ( 4.000000000000006217, 20.00000000000000000, 14.99999999999999822 ) ) ;
#1612 = CARTESIAN_POINT ( 'NONE',  ( -4.000000000000012434, 25.00000000000000000, -30.00000000000000000 ) ) ;
#1613 = CARTESIAN_POINT ( 'NONE',  ( -1.999999999999999556, 25.00000000000000000, 30.00000000000000000 ) ) ;
#1614 = VERTEX_POINT ( 'NONE', #1611 ) ;
#1615 = EDGE_LOOP ( 'NONE', ( #1783, #1358 ) ) ;
#1616 = VERTEX_POINT ( 'NONE', #1469 ) ;
#1617 = DIRECTION ( 'NONE',  ( -1.170938346284344789E-16, -0.000000000000000000, -1.000000000000000000 ) ) ;
#1618 = LINE ( 'NONE', #792, #916 ) ;
#1619 = EDGE_CURVE ( 'NONE', #1347, #639, #1735, .T. ) ;
#1620 = PLANE ( 'NONE',  #1285 ) ;
#1621 = DIRECTION ( 'NONE',  ( 1.000000000000000000, -0.000000000000000000, 0.000000000000000000 ) ) ;
#1622 = EDGE_CURVE ( 'NONE', #868, #772, #811, .T. ) ;
#1623 = ORIENTED_EDGE ( 'NONE', *, *, #452, .F. ) ;
#1624 = AXIS2_PLACEMENT_3D ( 'NONE', #1188, #897, #1054 ) ;
#1625 = AXIS2_PLACEMENT_3D ( 'NONE', #357, #637, #470 ) ;
#1626 = CARTESIAN_POINT ( 'NONE',  ( -3.999999999999997335, 10.00000000000000000, 15.00000000000000000 ) ) ;
#1627 = ORIENTED_EDGE ( 'NONE', *, *, #1675, .T. ) ;
#1628 = ORIENTED_EDGE ( 'NONE', *, *, #441, .T. ) ;
#1629 = ORIENTED_EDGE ( 'NONE', *, *, #1566, .F. ) ;
#1630 = DIRECTION ( 'NONE',  ( 0.000000000000000000, 0.000000000000000000, 1.000000000000000000 ) ) ;
#1631 = VERTEX_POINT ( 'NONE', #559 ) ;
#1632 = EDGE_CURVE ( 'NONE', #1717, #760, #1071, .T. ) ;
#1633 = CARTESIAN_POINT ( 'NONE',  ( -2.000000000000006217, 15.88008056641902144, -38.26873300608608020 ) ) ;
#1634 = ORIENTED_EDGE ( 'NONE', *, *, #465, .T. ) ;
#1635 = CARTESIAN_POINT ( 'NONE',  ( 3.999999999999989786, 10.00000000000000000, -100.0000000000000000 ) ) ;
#1636 = EDGE_LOOP ( 'NONE', ( #1004, #1462, #468, #699, #530, #88, #1461, #1627, #467, #702, #1315, #976, #249, #22, #807, #109, #1341, #798 ) ) ;
#1637 = FACE_OUTER_BOUND ( 'NONE', #328, .T. ) ;
#1638 = FACE_OUTER_BOUND ( 'NONE', #1603, .T. ) ;
#1639 = DIRECTION ( 'NONE',  ( 0.000000000000000000, -0.000000000000000000, -1.000000000000000000 ) ) ;
#1640 = VERTEX_POINT ( 'NONE', #131 ) ;
#1641 = VECTOR ( 'NONE', #312, 1000.000000000000000 ) ;
#1642 = CARTESIAN_POINT ( 'NONE',  ( -4.000000000000006217, 20.00000000000000000, -15.00000000000000178 ) ) ;
#1643 = EDGE_CURVE ( 'NONE', #258, #1217, #422, .T. ) ;
#1644 = DIRECTION ( 'NONE',  ( 0.000000000000000000, 0.000000000000000000, -1.000000000000000000 ) ) ;
#1645 = ORIENTED_EDGE ( 'NONE', *, *, #125, .F. ) ;
#1646 = LINE ( 'NONE', #229, #1319 ) ;
#1647 = ORIENTED_EDGE ( 'NONE', *, *, #1750, .T. ) ;
#1648 = EDGE_CURVE ( 'NONE', #1296, #399, #372, .T. ) ;
#1649 = LINE ( 'NONE', #950, #1549 ) ;
#1650 = LINE ( 'NONE', #262, #1524 ) ;
#1651 = DIRECTION ( 'NONE',  ( -1.000000000000000000, 0.000000000000000000, 0.000000000000000000 ) ) ;
#1652 = DIRECTION ( 'NONE',  ( -1.000000000000000000, 0.000000000000000000, -0.000000000000000000 ) ) ;
#1653 = VERTEX_POINT ( 'NONE', #665 ) ;
#1654 = EDGE_CURVE ( 'NONE', #816, #1196, #1227, .T. ) ;
#1655 = FACE_BOUND ( 'NONE', #1114, .T. ) ;
#1656 = AXIS2_PLACEMENT_3D ( 'NONE', #219, #770, #641 ) ;
#1657 = DIRECTION ( 'NONE',  ( 1.000000000000000000, -0.000000000000000000, -0.000000000000000000 ) ) ;
#1658 = DIRECTION ( 'NONE',  ( 0.000000000000000000, 0.000000000000000000, 1.000000000000000000 ) ) ;
#1659 = LINE ( 'NONE', #412, #731 ) ;
#1660 = DIRECTION ( 'NONE',  ( -0.000000000000000000, -1.000000000000000000, -0.000000000000000000 ) ) ;
#1661 = DIRECTION ( 'NONE',  ( 0.000000000000000000, 0.000000000000000000, -1.000000000000000000 ) ) ;
#1662 = VERTEX_POINT ( 'NONE', #679 ) ;
#1663 = CARTESIAN_POINT ( 'NONE',  ( -4.000000000000012434, 5.000000000000018652, -100.0000000000000000 ) ) ;
#1664 = EDGE_CURVE ( 'NONE', #1191, #737, #1233, .T. ) ;
#1665 = AXIS2_PLACEMENT_3D ( 'NONE', #740, #1262, #42 ) ;
#1666 = CARTESIAN_POINT ( 'NONE',  ( 0.000000000000000000, 20.00000000000000000, 0.000000000000000000 ) ) ;
#1667 = EDGE_CURVE ( 'NONE', #847, #1501, #1659, .T. ) ;
#1668 = AXIS2_PLACEMENT_3D ( 'NONE', #1530, #275, #1378 ) ;
#1669 = VECTOR ( 'NONE', #427, 1000.000000000000000 ) ;
#1670 = CARTESIAN_POINT ( 'NONE',  ( -3.999999999999989786, 5.000000000000000000, 80.00000000000000000 ) ) ;
#1671 = VERTEX_POINT ( 'NONE', #552 ) ;
#1672 = PRESENTATION_STYLE_ASSIGNMENT (( #281 ) ) ;
#1673 = CARTESIAN_POINT ( 'NONE',  ( -2.000000000000006217, 15.88008056641902144, -36.66873300608608588 ) ) ;
#1674 = ORIENTED_EDGE ( 'NONE', *, *, #1513, .F. ) ;
#1675 = EDGE_CURVE ( 'NONE', #258, #847, #1241, .T. ) ;
#1676 = EDGE_CURVE ( 'NONE', #1703, #499, #1349, .T. ) ;
#1677 = DIRECTION ( 'NONE',  ( 0.000000000000000000, 1.000000000000000000, 0.000000000000000000 ) ) ;
#1678 = EDGE_LOOP ( 'NONE', ( #305, #155, #1714, #984 ) ) ;
#1679 = CARTESIAN_POINT ( 'NONE',  ( -2.000000000000003553, 25.00000000000000000, 57.50000000000000000 ) ) ;
#1680 = CARTESIAN_POINT ( 'NONE',  ( -3.999999999999992450, 5.000000000000000000, 63.35000000000000142 ) ) ;
#1681 = CARTESIAN_POINT ( 'NONE',  ( -4.000000000000005329, 15.88008056641902144, -38.26873300608608020 ) ) ;
#1682 = ORIENTED_EDGE ( 'NONE', *, *, #420, .F. ) ;
#1683 = EDGE_CURVE ( 'NONE', #1178, #1283, #1402, .T. ) ;
#1684 = FACE_OUTER_BOUND ( 'NONE', #1510, .T. ) ;
#1685 = FILL_AREA_STYLE ('',( #26 ) ) ;
#1686 = CARTESIAN_POINT ( 'NONE',  ( -3.999999999999999112, 15.00000000000000000, 9.150000000000000355 ) ) ;
#1687 = CARTESIAN_POINT ( 'NONE',  ( 5.999999999999992006, 5.000000000000000000, -65.00000000000000000 ) ) ;
#1688 = VERTEX_POINT ( 'NONE', #387 ) ;
#1689 = VERTEX_POINT ( 'NONE', #1345 ) ;
#1690 = PLANE ( 'NONE',  #991 ) ;
#1691 = DIRECTION ( 'NONE',  ( -1.000000000000000000, -0.000000000000000000, 1.156482317317871478E-16 ) ) ;
#1692 = VECTOR ( 'NONE', #931, 1000.000000000000000 ) ;
#1693 = EDGE_CURVE ( 'NONE', #1616, #1481, #1001, .T. ) ;
#1694 = CIRCLE ( 'NONE', #1419, 1.649999999999998579 ) ;
#1695 = CARTESIAN_POINT ( 'NONE',  ( -2.000000000000003553, 25.00000000000000000, 57.50000000000000000 ) ) ;
#1696 = ADVANCED_FACE ( 'NONE', ( #1638 ), #1504, .T. ) ;
#1697 = ORIENTED_EDGE ( 'NONE', *, *, #988, .F. ) ;
#1698 = DIRECTION ( 'NONE',  ( 1.000000000000000000, -0.000000000000000000, -0.000000000000000000 ) ) ;
#1699 = DIRECTION ( 'NONE',  ( -1.000000000000000000, 0.000000000000000000, 0.000000000000000000 ) ) ;
#1700 = ORIENTED_EDGE ( 'NONE', *, *, #466, .F. ) ;
#1701 = LINE ( 'NONE', #1580, #96 ) ;
#1702 = DIRECTION ( 'NONE',  ( 1.000000000000000000, 0.000000000000000000, -0.000000000000000000 ) ) ;
#1703 = VERTEX_POINT ( 'NONE', #1429 ) ;
#1704 = AXIS2_PLACEMENT_3D ( 'NONE', #94, #646, #1309 ) ;
#1705 = EDGE_CURVE ( 'NONE', #1369, #100, #436, .T. ) ;
#1706 = AXIS2_PLACEMENT_3D ( 'NONE', #629, #180, #471 ) ;
#1707 = ORIENTED_EDGE ( 'NONE', *, *, #1198, .F. ) ;
#1708 = VERTEX_POINT ( 'NONE', #1440 ) ;
#1709 = VERTEX_POINT ( 'NONE', #1713 ) ;
#1710 = DIRECTION ( 'NONE',  ( -1.419319207617387533E-16, 0.000000000000000000, -1.000000000000000000 ) ) ;
#1711 = CARTESIAN_POINT ( 'NONE',  ( -4.000000000000012434, 10.00000000000000000, -100.0000000000000000 ) ) ;
#1712 = CARTESIAN_POINT ( 'NONE',  ( 4.000000000000001776, 15.00000000000000000, 9.150000000000000355 ) ) ;
#1713 = CARTESIAN_POINT ( 'NONE',  ( -2.000000000000006217, 15.88008056641809063, 36.66873300608239106 ) ) ;
#1714 = ORIENTED_EDGE ( 'NONE', *, *, #557, .T. ) ;
#1715 = DIRECTION ( 'NONE',  ( 0.000000000000000000, 0.000000000000000000, -1.000000000000000000 ) ) ;
#1716 = EDGE_CURVE ( 'NONE', #1292, #381, #660, .T. ) ;
#1717 = VERTEX_POINT ( 'NONE', #1572 ) ;
#1718 = LINE ( 'NONE', #803, #567 ) ;
#1719 = LINE ( 'NONE', #301, #3 ) ;
#1720 = AXIS2_PLACEMENT_3D ( 'NONE', #861, #853, #996 ) ;
#1721 = FACE_BOUND ( 'NONE', #1541, .T. ) ;
#1722 = CARTESIAN_POINT ( 'NONE',  ( -2.000000000000006217, 21.35149931376471244, 52.23524928220450647 ) ) ;
#1723 = ORIENTED_EDGE ( 'NONE', *, *, #50, .T. ) ;
#1724 = DIRECTION ( 'NONE',  ( 0.000000000000000000, 0.000000000000000000, 1.000000000000000000 ) ) ;
#1725 = CIRCLE ( 'NONE', #722, 1.649999999999998579 ) ;
#1726 = ORIENTED_EDGE ( 'NONE', *, *, #400, .F. ) ;
#1727 = CARTESIAN_POINT ( 'NONE',  ( -1.999999999999999556, -10.00000000000000000, 49.99999999999998579 ) ) ;
#1728 = VERTEX_POINT ( 'NONE', #191 ) ;
#1729 = EDGE_CURVE ( 'NONE', #779, #100, #735, .T. ) ;
#1730 = CARTESIAN_POINT ( 'NONE',  ( 2.000000000000000444, -10.00000000000000000, 49.99999999999998579 ) ) ;
#1731 = FACE_BOUND ( 'NONE', #1111, .T. ) ;
#1732 = DIRECTION ( 'NONE',  ( 1.000000000000000000, 0.000000000000000000, 0.000000000000000000 ) ) ;
#1733 = CARTESIAN_POINT ( 'NONE',  ( -4.000000000000012434, 10.00000000000000000, -100.0000000000000000 ) ) ;
#1734 = ORIENTED_EDGE ( 'NONE', *, *, #1100, .F. ) ;
#1735 = CIRCLE ( 'NONE', #521, 1.650000000000000355 ) ;
#1736 = ORIENTED_EDGE ( 'NONE', *, *, #1238, .T. ) ;
#1737 = EDGE_CURVE ( 'NONE', #1631, #1596, #147, .T. ) ;
#1738 = CYLINDRICAL_SURFACE ( 'NONE', #1416, 1.649999999999998579 ) ;
#1739 = FACE_OUTER_BOUND ( 'NONE', #1457, .T. ) ;
#1740 = ORIENTED_EDGE ( 'NONE', *, *, #336, .F. ) ;
#1741 = EDGE_CURVE ( 'NONE', #1073, #655, #843, .T. ) ;
#1742 = CARTESIAN_POINT ( 'NONE',  ( -1.999999999999999556, -10.00000000000000000, -50.00000000000001421 ) ) ;
#1743 = ORIENTED_EDGE ( 'NONE', *, *, #1219, .F. ) ;
#1744 = ORIENTED_EDGE ( 'NONE', *, *, #1542, .F. ) ;
#1745 = DIRECTION ( 'NONE',  ( -1.000000000000000000, -0.000000000000000000, 1.257674520083185143E-16 ) ) ;
#1746 = PLANE ( 'NONE',  #1704 ) ;
#1747 = DIRECTION ( 'NONE',  ( 0.000000000000000000, 0.000000000000000000, -1.000000000000000000 ) ) ;
#1748 = EDGE_LOOP ( 'NONE', ( #949, #1083, #927, #1313 ) ) ;
#1749 = AXIS2_PLACEMENT_3D ( 'NONE', #1405, #985, #1243 ) ;
#1750 = EDGE_CURVE ( 'NONE', #1640, #1283, #340, .T. ) ;
#1751 = VECTOR ( 'NONE', #794, 1000.000000000000000 ) ;
#1752 = VECTOR ( 'NONE', #939, 1000.000000000000000 ) ;
#1753 = DIRECTION ( 'NONE',  ( 0.000000000000000000, 0.000000000000000000, 1.000000000000000000 ) ) ;
#1754 = AXIS2_PLACEMENT_3D ( 'NONE', #587, #1677, #1389 ) ;
#1755 = CARTESIAN_POINT ( 'NONE',  ( -4.000000000000012434, 10.00000000000000000, -100.0000000000000000 ) ) ;
#1756 = VERTEX_POINT ( 'NONE', #745 ) ;
#1757 = ORIENTED_EDGE ( 'NONE', *, *, #1441, .T. ) ;
#1758 = ORIENTED_EDGE ( 'NONE', *, *, #1513, .T. ) ;
#1759 = FACE_OUTER_BOUND ( 'NONE', #7, .T. ) ;
#1760 = EDGE_CURVE ( 'NONE', #224, #910, #573, .T. ) ;
#1761 = CARTESIAN_POINT ( 'NONE',  ( -4.000000000000000888, 15.00000000000000000, -7.499999999999999112 ) ) ;
#1762 = EDGE_LOOP ( 'NONE', ( #443, #738, #74, #1223 ) ) ;
#1763 = VECTOR ( 'NONE', #753, 1000.000000000000000 ) ;
#1764 = CARTESIAN_POINT ( 'NONE',  ( 4.000000000000003553, 10.00000000000000000, 15.00000000000000000 ) ) ;
#1765 = ORIENTED_EDGE ( 'NONE', *, *, #287, .T. ) ;
#1766 = ORIENTED_EDGE ( 'NONE', *, *, #1228, .T. ) ;
#1767 = ORIENTED_EDGE ( 'NONE', *, *, #132, .T. ) ;
#1768 = LINE ( 'NONE', #543, #1455 ) ;
#1769 = CARTESIAN_POINT ( 'NONE',  ( -2.000000000000006217, 15.88008056641809063, 39.86873300608238679 ) ) ;
#1770 = EDGE_CURVE ( 'NONE', #534, #1653, #1584, .T. ) ;
#1771 = CYLINDRICAL_SURFACE ( 'NONE', #993, 1.650000000000000355 ) ;
#1772 = EDGE_LOOP ( 'NONE', ( #781, #634 ) ) ;
#1773 = ORIENTED_EDGE ( 'NONE', *, *, #21, .F. ) ;
#1774 = CARTESIAN_POINT ( 'NONE',  ( 2.000000000000006217, 20.00000000000000000, 14.99999999999999822 ) ) ;
#1775 = EDGE_LOOP ( 'NONE', ( #146, #1583, #917, #1435 ) ) ;
#1776 = DIRECTION ( 'NONE',  ( 0.000000000000000000, 0.000000000000000000, -1.000000000000000000 ) ) ;
#1777 = CIRCLE ( 'NONE', #1521, 1.650000000000000355 ) ;
#1778 = LINE ( 'NONE', #1075, #1466 ) ;
#1779 = AXIS2_PLACEMENT_3D ( 'NONE', #92, #1609, #1201 ) ;
#1780 = FACE_OUTER_BOUND ( 'NONE', #59, .T. ) ;
#1781 = VECTOR ( 'NONE', #957, 1000.000000000000000 ) ;
#1782 = CARTESIAN_POINT ( 'NONE',  ( 16.00000000000000000, 15.00000000000000000, -7.500000000000001776 ) ) ;
#1783 = ORIENTED_EDGE ( 'NONE', *, *, #1017, .F. ) ;
#1784 = ORIENTED_EDGE ( 'NONE', *, *, #1099, .T. ) ;
#1785 = CARTESIAN_POINT ( 'NONE',  ( -4.000000000000006217, 20.00000000000000000, 14.99999999999999822 ) ) ;
#1786 = FACE_BOUND ( 'NONE', #1197, .T. ) ;
#1787 = FACE_OUTER_BOUND ( 'NONE', #250, .T. ) ;
#1788 = VERTEX_POINT ( 'NONE', #756 ) ;
#1789 = VECTOR ( 'NONE', #1732, 1000.000000000000000 ) ;
#1790 = VECTOR ( 'NONE', #1081, 1000.000000000000000 ) ;
#1791 = EDGE_CURVE ( 'NONE', #1073, #1277, #1288, .T. ) ;
#1792 = ADVANCED_FACE ( 'NONE', ( #325 ), #1418, .F. ) ;
#1793 = PLANE ( 'NONE',  #866 ) ;
#1794 = CARTESIAN_POINT ( 'NONE',  ( -12.00000000000000711, 15.88008056641902144, -38.26873300608608020 ) ) ;
#1795 = VERTEX_POINT ( 'NONE', #69 ) ;
ENDSEC;
END-ISO-10303-21;
