ISO-10303-21;
HEADER;
FILE_DESCRIPTION (( 'STEP AP214' ),
    '1' );
FILE_NAME ('MPU.STEP',
    '2026-04-22T09:03:32',
    ( '' ),
    ( '' ),
    'SwSTEP 2.0',
    'SolidWorks 2025',
    '' );
FILE_SCHEMA (( 'AUTOMOTIVE_DESIGN' ));
ENDSEC;

DATA;
#1 = VERTEX_POINT ( 'NONE', #1034 ) ;
#2 = EDGE_LOOP ( 'NONE', ( #293, #1040, #53, #1415 ) ) ;
#3 = DIRECTION ( 'NONE',  ( -3.441337866151203262E-32, 1.000000000000000000, -9.856383386231859752E-18 ) ) ;
#4 = VECTOR ( 'NONE', #677, 1000.000000000000000 ) ;
#5 = AXIS2_PLACEMENT_3D ( 'NONE', #474, #243, #975 ) ;
#6 = VECTOR ( 'NONE', #240, 1000.000000000000000 ) ;
#7 = DIRECTION ( 'NONE',  ( -1.000000000000000000, -0.000000000000000000, -0.000000000000000000 ) ) ;
#8 = DIRECTION ( 'NONE',  ( -0.000000000000000000, -1.000000000000000000, -0.000000000000000000 ) ) ;
#9 = EDGE_CURVE ( 'NONE', #1050, #355, #1133, .T. ) ;
#10 = CARTESIAN_POINT ( 'NONE',  ( -7.780000000000002025, 27.00000000000000000, -7.780000000000000249 ) ) ;
#11 = ORIENTED_EDGE ( 'NONE', *, *, #841, .F. ) ;
#12 = LINE ( 'NONE', #237, #1149 ) ;
#13 =( NAMED_UNIT ( * ) PLANE_ANGLE_UNIT ( ) SI_UNIT ( $, .RADIAN. ) );
#14 = PLANE ( 'NONE',  #1232 ) ;
#15 = ADVANCED_FACE ( 'NONE', ( #297 ), #1279, .F. ) ;
#16 = CARTESIAN_POINT ( 'NONE',  ( -7.780000000000002025, 27.00000000000000000, -6.129999999999999893 ) ) ;
#17 = CARTESIAN_POINT ( 'NONE',  ( -3.000000000000012879, 2.000000000000000000, -1.249999999999968692 ) ) ;
#18 = VECTOR ( 'NONE', #818, 1000.000000000000000 ) ;
#19 = ORIENTED_EDGE ( 'NONE', *, *, #1586, .F. ) ;
#20 = ORIENTED_EDGE ( 'NONE', *, *, #1068, .F. ) ;
#21 = LINE ( 'NONE', #629, #1325 ) ;
#22 = VECTOR ( 'NONE', #1223, 1000.000000000000000 ) ;
#23 = DIRECTION ( 'NONE',  ( 0.000000000000000000, 0.000000000000000000, 1.000000000000000000 ) ) ;
#24 = CARTESIAN_POINT ( 'NONE',  ( -1.250000000000000222, 2.000000000000000000, 6.000000000000000000 ) ) ;
#25 = CARTESIAN_POINT ( 'NONE',  ( 17.49999999999999645, 2.000000000000000000, -20.00000000000000355 ) ) ;
#26 = ORIENTED_EDGE ( 'NONE', *, *, #841, .T. ) ;
#27 = ORIENTED_EDGE ( 'NONE', *, *, #1136, .T. ) ;
#28 = CARTESIAN_POINT ( 'NONE',  ( -3.000000000000000888, 24.00000000000000000, -3.000000000000000000 ) ) ;
#29 = EDGE_CURVE ( 'NONE', #822, #392, #529, .T. ) ;
#30 = CARTESIAN_POINT ( 'NONE',  ( 7.779999999999998472, 27.00000000000000000, 9.430000000000005045 ) ) ;
#31 = VECTOR ( 'NONE', #203, 1000.000000000000000 ) ;
#32 = EDGE_CURVE ( 'NONE', #801, #1585, #1041, .T. ) ;
#33 = DIRECTION ( 'NONE',  ( -1.000000000000000000, -0.000000000000000000, -0.000000000000000000 ) ) ;
#34 = EDGE_LOOP ( 'NONE', ( #667, #1213 ) ) ;
#35 = ORIENTED_EDGE ( 'NONE', *, *, #1130, .F. ) ;
#36 = DIRECTION ( 'NONE',  ( 0.000000000000000000, -0.000000000000000000, -1.000000000000000000 ) ) ;
#37 = FACE_OUTER_BOUND ( 'NONE', #674, .T. ) ;
#38 = ORIENTED_EDGE ( 'NONE', *, *, #425, .F. ) ;
#39 = LINE ( 'NONE', #940, #927 ) ;
#40 = DIRECTION ( 'NONE',  ( 0.000000000000000000, 0.000000000000000000, -1.000000000000000000 ) ) ;
#41 = LINE ( 'NONE', #1521, #813 ) ;
#42 = VERTEX_POINT ( 'NONE', #1418 ) ;
#43 = ORIENTED_EDGE ( 'NONE', *, *, #333, .T. ) ;
#44 = LINE ( 'NONE', #156, #1120 ) ;
#45 = VECTOR ( 'NONE', #764, 1000.000000000000000 ) ;
#46 = CARTESIAN_POINT ( 'NONE',  ( -16.00000000000000355, 27.00000000000000000, -16.00000000000000000 ) ) ;
#47 = EDGE_LOOP ( 'NONE', ( #583, #1251, #910, #778 ) ) ;
#48 = ORIENTED_EDGE ( 'NONE', *, *, #554, .T. ) ;
#49 = CARTESIAN_POINT ( 'NONE',  ( -6.000000000000013323, 2.000000000000000000, -1.249999999999937383 ) ) ;
#50 = EDGE_CURVE ( 'NONE', #1527, #492, #1553, .T. ) ;
#51 = EDGE_CURVE ( 'NONE', #579, #520, #1556, .T. ) ;
#52 = DIRECTION ( 'NONE',  ( -1.000000000000000000, -0.000000000000000000, 3.491481338843133355E-15 ) ) ;
#53 = ORIENTED_EDGE ( 'NONE', *, *, #115, .T. ) ;
#54 = ORIENTED_EDGE ( 'NONE', *, *, #844, .F. ) ;
#55 = ADVANCED_FACE ( 'NONE', ( #1435 ), #919, .F. ) ;
#56 = DIRECTION ( 'NONE',  ( -0.000000000000000000, 1.000000000000000000, -0.000000000000000000 ) ) ;
#57 = AXIS2_PLACEMENT_3D ( 'NONE', #555, #1204, #934 ) ;
#58 = ORIENTED_EDGE ( 'NONE', *, *, #326, .T. ) ;
#59 = LINE ( 'NONE', #659, #1429 ) ;
#60 = CARTESIAN_POINT ( 'NONE',  ( 7.779999999999998472, 27.00000000000000000, 9.430000000000005045 ) ) ;
#61 = VECTOR ( 'NONE', #52, 1000.000000000000000 ) ;
#62 = ADVANCED_FACE ( 'NONE', ( #811 ), #1534, .F. ) ;
#63 = ORIENTED_EDGE ( 'NONE', *, *, #1422, .T. ) ;
#64 = AXIS2_PLACEMENT_3D ( 'NONE', #119, #472, #724 ) ;
#65 = VERTEX_POINT ( 'NONE', #1311 ) ;
#66 = VERTEX_POINT ( 'NONE', #1293 ) ;
#67 = ORIENTED_EDGE ( 'NONE', *, *, #1299, .F. ) ;
#68 = DIRECTION ( 'NONE',  ( 0.000000000000000000, -1.000000000000000000, 0.000000000000000000 ) ) ;
#69 = CARTESIAN_POINT ( 'NONE',  ( -3.000000000000000888, 24.00000000000000000, 3.000000000000000000 ) ) ;
#70 = EDGE_LOOP ( 'NONE', ( #1500, #1358 ) ) ;
#71 = ORIENTED_EDGE ( 'NONE', *, *, #611, .F. ) ;
#72 = CARTESIAN_POINT ( 'NONE',  ( -6.000000000000013323, 24.00000000000000000, -1.249999999999937383 ) ) ;
#73 = EDGE_CURVE ( 'NONE', #1221, #217, #796, .T. ) ;
#74 = VECTOR ( 'NONE', #1010, 1000.000000000000000 ) ;
#75 = ORIENTED_EDGE ( 'NONE', *, *, #558, .T. ) ;
#76 = DIRECTION ( 'NONE',  ( 1.000000000000000000, 0.000000000000000000, 0.000000000000000000 ) ) ;
#77 = LINE ( 'NONE', #1280, #341 ) ;
#78 = DIRECTION ( 'NONE',  ( 0.000000000000000000, 0.000000000000000000, 1.000000000000000000 ) ) ;
#79 = DIRECTION ( 'NONE',  ( 0.000000000000000000, 0.000000000000000000, -1.000000000000000000 ) ) ;
#80 = VECTOR ( 'NONE', #212, 1000.000000000000000 ) ;
#81 = EDGE_CURVE ( 'NONE', #967, #1108, #787, .T. ) ;
#82 = ORIENTED_EDGE ( 'NONE', *, *, #32, .F. ) ;
#83 = CARTESIAN_POINT ( 'NONE',  ( 5.999999999999995559, 24.00000000000000000, -1.250000000000021094 ) ) ;
#84 = CARTESIAN_POINT ( 'NONE',  ( -3.000000000000000888, 24.00000000000000000, 3.000000000000000000 ) ) ;
#85 = DIRECTION ( 'NONE',  ( 0.000000000000000000, 0.000000000000000000, 1.000000000000000000 ) ) ;
#86 = CARTESIAN_POINT ( 'NONE',  ( 1.250000000000000222, 24.00000000000000000, -6.000000000000000000 ) ) ;
#87 = VECTOR ( 'NONE', #367, 1000.000000000000000 ) ;
#88 = VERTEX_POINT ( 'NONE', #1060 ) ;
#89 = LINE ( 'NONE', #985, #1199 ) ;
#90 = CARTESIAN_POINT ( 'NONE',  ( 1.250000000000000222, 24.00000000000000000, 6.000000000000000000 ) ) ;
#91 = ORIENTED_EDGE ( 'NONE', *, *, #702, .F. ) ;
#92 = DIRECTION ( 'NONE',  ( 0.000000000000000000, 0.000000000000000000, -1.000000000000000000 ) ) ;
#93 = DIRECTION ( 'NONE',  ( 0.000000000000000000, 1.000000000000000000, -0.000000000000000000 ) ) ;
#94 = CYLINDRICAL_SURFACE ( 'NONE', #493, 1.600000000000002531 ) ;
#95 = ORIENTED_EDGE ( 'NONE', *, *, #1258, .T. ) ;
#96 = CARTESIAN_POINT ( 'NONE',  ( -17.50000000000000355, 2.000000000000000000, -20.00000000000000355 ) ) ;
#97 = ORIENTED_EDGE ( 'NONE', *, *, #325, .T. ) ;
#98 = ORIENTED_EDGE ( 'NONE', *, *, #793, .F. ) ;
#99 = LINE ( 'NONE', #106, #726 ) ;
#100 = EDGE_CURVE ( 'NONE', #1567, #942, #933, .T. ) ;
#101 =( NAMED_UNIT ( * ) SI_UNIT ( $, .STERADIAN. ) SOLID_ANGLE_UNIT ( ) );
#102 = CARTESIAN_POINT ( 'NONE',  ( 15.99999999999999645, 24.00000000000000000, -16.00000000000000000 ) ) ;
#103 = CARTESIAN_POINT ( 'NONE',  ( -1.250000000000000000, 2.000000000000000000, -6.000000000000000000 ) ) ;
#104 = AXIS2_PLACEMENT_3D ( 'NONE', #992, #313, #334 ) ;
#105 = ORIENTED_EDGE ( 'NONE', *, *, #559, .F. ) ;
#106 = CARTESIAN_POINT ( 'NONE',  ( 12.49999999999999645, 0.000000000000000000, 16.60000000000000853 ) ) ;
#107 = AXIS2_PLACEMENT_3D ( 'NONE', #407, #634, #1148 ) ;
#108 = CARTESIAN_POINT ( 'NONE',  ( -12.50000000000000355, 0.000000000000000000, 16.60000000000000142 ) ) ;
#109 = ORIENTED_EDGE ( 'NONE', *, *, #521, .T. ) ;
#110 = CARTESIAN_POINT ( 'NONE',  ( -7.780000000000002025, 24.00000000000000000, 6.129999999999999893 ) ) ;
#111 = CARTESIAN_POINT ( 'NONE',  ( -12.50000000000000355, 2.000000000000000000, 13.39999999999999680 ) ) ;
#112 = ORIENTED_EDGE ( 'NONE', *, *, #1169, .T. ) ;
#113 = DIRECTION ( 'NONE',  ( -1.047444401652940007E-14, -0.000000000000000000, -1.000000000000000000 ) ) ;
#114 = APPLICATION_PROTOCOL_DEFINITION ( 'draft international standard', 'automotive_design', 1998, #1093 ) ;
#115 = EDGE_CURVE ( 'NONE', #1434, #526, #564, .T. ) ;
#116 = CARTESIAN_POINT ( 'NONE',  ( -17.50000000000000355, 2.000000000000000000, 19.99999999999999645 ) ) ;
#117 = EDGE_CURVE ( 'NONE', #1024, #1, #1178, .T. ) ;
#118 = VERTEX_POINT ( 'NONE', #687 ) ;
#119 = CARTESIAN_POINT ( 'NONE',  ( -7.780000000000002025, 24.00000000000000000, -7.780000000000000249 ) ) ;
#120 = CARTESIAN_POINT ( 'NONE',  ( 2.999999999999999112, 24.00000000000000000, -3.000000000000000000 ) ) ;
#121 = VECTOR ( 'NONE', #160, 1000.000000000000000 ) ;
#122 = EDGE_LOOP ( 'NONE', ( #1191, #1395, #468, #38 ) ) ;
#123 = VECTOR ( 'NONE', #753, 1000.000000000000000 ) ;
#124 = FACE_OUTER_BOUND ( 'NONE', #882, .T. ) ;
#125 = PRODUCT_CONTEXT ( 'NONE', #1093, 'mechanical' ) ;
#126 = CARTESIAN_POINT ( 'NONE',  ( 15.99999999999999645, 27.00000000000000000, 16.00000000000000000 ) ) ;
#127 = EDGE_CURVE ( 'NONE', #167, #1050, #1301, .T. ) ;
#128 = CARTESIAN_POINT ( 'NONE',  ( 6.000000000000004441, 2.000000000000000000, 1.249999999999979350 ) ) ;
#129 = CARTESIAN_POINT ( 'NONE',  ( 2.999999999999999112, 24.00000000000000000, 1.249999999999989786 ) ) ;
#130 = CIRCLE ( 'NONE', #471, 1.600000000000000755 ) ;
#131 = DIRECTION ( 'NONE',  ( -0.000000000000000000, -1.000000000000000000, -0.000000000000000000 ) ) ;
#132 = EDGE_LOOP ( 'NONE', ( #67, #1315, #270, #895 ) ) ;
#133 = DIRECTION ( 'NONE',  ( 0.000000000000000000, 0.000000000000000000, -1.000000000000000000 ) ) ;
#134 = DIRECTION ( 'NONE',  ( 0.000000000000000000, 0.000000000000000000, 1.000000000000000000 ) ) ;
#135 = EDGE_CURVE ( 'NONE', #427, #280, #1063, .T. ) ;
#136 = SURFACE_STYLE_FILL_AREA ( #721 ) ;
#137 = CARTESIAN_POINT ( 'NONE',  ( 12.49999999999999645, 0.000000000000000000, 13.40000000000000391 ) ) ;
#138 = DIRECTION ( 'NONE',  ( 0.000000000000000000, 1.000000000000000000, -0.000000000000000000 ) ) ;
#139 = LINE ( 'NONE', #250, #87 ) ;
#140 = ORIENTED_EDGE ( 'NONE', *, *, #1286, .F. ) ;
#141 = DIRECTION ( 'NONE',  ( -0.000000000000000000, -1.000000000000000000, -0.000000000000000000 ) ) ;
#142 = CARTESIAN_POINT ( 'NONE',  ( -7.780000000000002025, 24.00000000000000000, -7.780000000000000249 ) ) ;
#143 = CARTESIAN_POINT ( 'NONE',  ( -12.50000000000000355, 0.000000000000000000, -15.00000000000000000 ) ) ;
#144 = DIRECTION ( 'NONE',  ( 0.000000000000000000, 0.000000000000000000, -1.000000000000000000 ) ) ;
#145 = PLANE ( 'NONE',  #656 ) ;
#146 = VECTOR ( 'NONE', #401, 1000.000000000000000 ) ;
#147 = EDGE_LOOP ( 'NONE', ( #645, #768, #315, #1196 ) ) ;
#148 = CARTESIAN_POINT ( 'NONE',  ( 17.49999999999999645, 2.000000000000000000, 19.99999999999999645 ) ) ;
#149 = PLANE ( 'NONE',  #281 ) ;
#150 = VECTOR ( 'NONE', #1481, 1000.000000000000000 ) ;
#151 = EDGE_CURVE ( 'NONE', #1237, #433, #896, .T. ) ;
#152 = VERTEX_POINT ( 'NONE', #1443 ) ;
#153 = CARTESIAN_POINT ( 'NONE',  ( 7.779999999999998472, 27.00000000000000000, 7.780000000000003801 ) ) ;
#154 = LINE ( 'NONE', #25, #1181 ) ;
#155 = ORIENTED_EDGE ( 'NONE', *, *, #227, .T. ) ;
#156 = CARTESIAN_POINT ( 'NONE',  ( -17.50000000000000355, 2.000000000000000000, 19.99999999999999645 ) ) ;
#157 = DIRECTION ( 'NONE',  ( 0.000000000000000000, 0.000000000000000000, 1.000000000000000000 ) ) ;
#158 = AXIS2_PLACEMENT_3D ( 'NONE', #513, #1013, #388 ) ;
#159 = EDGE_LOOP ( 'NONE', ( #984, #763, #1209, #385 ) ) ;
#160 = DIRECTION ( 'NONE',  ( -1.000000000000000000, -0.000000000000000000, -0.000000000000000000 ) ) ;
#161 = DIRECTION ( 'NONE',  ( 1.047444401652940007E-14, 0.000000000000000000, 1.000000000000000000 ) ) ;
#162 = ORIENTED_EDGE ( 'NONE', *, *, #1557, .T. ) ;
#163 = VERTEX_POINT ( 'NONE', #213 ) ;
#164 = DIRECTION ( 'NONE',  ( -0.000000000000000000, -1.000000000000000000, -0.000000000000000000 ) ) ;
#165 = ADVANCED_FACE ( 'NONE', ( #693 ), #537, .F. ) ;
#166 = EDGE_CURVE ( 'NONE', #947, #245, #596, .T. ) ;
#167 = VERTEX_POINT ( 'NONE', #847 ) ;
#168 = VERTEX_POINT ( 'NONE', #1094 ) ;
#169 = DIRECTION ( 'NONE',  ( -1.000000000000000000, 0.000000000000000000, -0.000000000000000000 ) ) ;
#170 = ADVANCED_FACE ( 'NONE', ( #1578 ), #14, .F. ) ;
#171 = EDGE_LOOP ( 'NONE', ( #572, #97, #1067, #1504 ) ) ;
#172 = ORIENTED_EDGE ( 'NONE', *, *, #1361, .T. ) ;
#173 = CARTESIAN_POINT ( 'NONE',  ( -1.250000000000000222, 24.00000000000000000, -3.000000000000000000 ) ) ;
#174 = CARTESIAN_POINT ( 'NONE',  ( -12.50000000000000355, 0.000000000000000000, -16.60000000000000142 ) ) ;
#175 = ORIENTED_EDGE ( 'NONE', *, *, #9, .F. ) ;
#176 = VECTOR ( 'NONE', #1074, 1000.000000000000000 ) ;
#177 = EDGE_CURVE ( 'NONE', #343, #502, #1283, .T. ) ;
#178 = CARTESIAN_POINT ( 'NONE',  ( -12.50000000000000355, 0.000000000000000000, 15.00000000000000000 ) ) ;
#179 = DIRECTION ( 'NONE',  ( -0.000000000000000000, -0.000000000000000000, 1.000000000000000000 ) ) ;
#180 = VERTEX_POINT ( 'NONE', #712 ) ;
#181 = VERTEX_POINT ( 'NONE', #108 ) ;
#182 = EDGE_CURVE ( 'NONE', #758, #776, #1483, .T. ) ;
#183 = VERTEX_POINT ( 'NONE', #455 ) ;
#184 = DIRECTION ( 'NONE',  ( 0.000000000000000000, 1.000000000000000000, 0.000000000000000000 ) ) ;
#185 = LINE ( 'NONE', #626, #631 ) ;
#186 = CARTESIAN_POINT ( 'NONE',  ( 17.49999999999999645, 2.000000000000000000, -20.00000000000000355 ) ) ;
#187 = ORIENTED_EDGE ( 'NONE', *, *, #559, .T. ) ;
#188 = EDGE_CURVE ( 'NONE', #1297, #446, #478, .T. ) ;
#189 = ORIENTED_EDGE ( 'NONE', *, *, #51, .T. ) ;
#190 = CARTESIAN_POINT ( 'NONE',  ( -16.00000000000000355, 24.00000000000000000, 16.00000000000000000 ) ) ;
#191 = DIRECTION ( 'NONE',  ( 0.000000000000000000, -1.000000000000000000, -0.000000000000000000 ) ) ;
#192 = CARTESIAN_POINT ( 'NONE',  ( -12.50000000000000355, 2.000000000000000000, 15.00000000000000000 ) ) ;
#193 = DIRECTION ( 'NONE',  ( 1.000000000000000000, -0.000000000000000000, 0.000000000000000000 ) ) ;
#194 = ORIENTED_EDGE ( 'NONE', *, *, #1169, .F. ) ;
#195 = ORIENTED_EDGE ( 'NONE', *, *, #1136, .F. ) ;
#196 = AXIS2_PLACEMENT_3D ( 'NONE', #178, #797, #781 ) ;
#197 = VECTOR ( 'NONE', #1444, 1000.000000000000000 ) ;
#198 = DIRECTION ( 'NONE',  ( 0.000000000000000000, 0.000000000000000000, -1.000000000000000000 ) ) ;
#199 = EDGE_LOOP ( 'NONE', ( #1436, #379, #109, #1383, #1220, #301, #1238, #294, #221, #1328, #897, #1029, #391, #361, #736, #692, #915, #1446, #1498, #771 ) ) ;
#200 = ORIENTED_EDGE ( 'NONE', *, *, #863, .T. ) ;
#201 = CARTESIAN_POINT ( 'NONE',  ( 7.779999999999998472, 27.00000000000000000, 6.130000000000003446 ) ) ;
#202 = LINE ( 'NONE', #678, #938 ) ;
#203 = DIRECTION ( 'NONE',  ( 0.000000000000000000, -1.000000000000000000, 0.000000000000000000 ) ) ;
#204 = VECTOR ( 'NONE', #1544, 1000.000000000000000 ) ;
#205 = AXIS2_PLACEMENT_3D ( 'NONE', #365, #963, #1363 ) ;
#206 = DIRECTION ( 'NONE',  ( -0.000000000000000000, -0.000000000000000000, 1.000000000000000000 ) ) ;
#207 = EDGE_CURVE ( 'NONE', #66, #1081, #867, .T. ) ;
#208 = ORIENTED_EDGE ( 'NONE', *, *, #723, .T. ) ;
#209 = DIRECTION ( 'NONE',  ( 0.000000000000000000, 0.000000000000000000, 1.000000000000000000 ) ) ;
#210 = EDGE_CURVE ( 'NONE', #1061, #755, #470, .T. ) ;
#211 = ORIENTED_EDGE ( 'NONE', *, *, #1554, .F. ) ;
#212 = DIRECTION ( 'NONE',  ( -0.000000000000000000, -1.000000000000000000, -0.000000000000000000 ) ) ;
#213 = CARTESIAN_POINT ( 'NONE',  ( -12.50000000000000355, 0.000000000000000000, -16.60000000000000142 ) ) ;
#214 = LINE ( 'NONE', #941, #621 ) ;
#215 = LINE ( 'NONE', #96, #402 ) ;
#216 = VECTOR ( 'NONE', #133, 1000.000000000000000 ) ;
#217 = VERTEX_POINT ( 'NONE', #731 ) ;
#218 = CARTESIAN_POINT ( 'NONE',  ( 7.779999999999998472, 27.00000000000000000, -7.780000000000003801 ) ) ;
#219 = CARTESIAN_POINT ( 'NONE',  ( -3.000000000000000888, 24.00000000000000000, 3.000000000000000000 ) ) ;
#220 = DIRECTION ( 'NONE',  ( -1.000000000000000000, 0.000000000000000000, 0.000000000000000000 ) ) ;
#221 = ORIENTED_EDGE ( 'NONE', *, *, #1425, .T. ) ;
#222 = CARTESIAN_POINT ( 'NONE',  ( -1.250000000000000000, 2.000000000000000000, -6.000000000000000000 ) ) ;
#223 = LINE ( 'NONE', #680, #1059 ) ;
#224 = PLANE ( 'NONE',  #1550 ) ;
#225 = VECTOR ( 'NONE', #206, 1000.000000000000000 ) ;
#226 = EDGE_LOOP ( 'NONE', ( #510, #576 ) ) ;
#227 = EDGE_CURVE ( 'NONE', #1089, #853, #1450, .T. ) ;
#228 = CARTESIAN_POINT ( 'NONE',  ( 7.779999999999998472, 24.00000000000000000, 7.780000000000003801 ) ) ;
#229 = CIRCLE ( 'NONE', #901, 1.650000000000000355 ) ;
#230 = DIRECTION ( 'NONE',  ( 1.000000000000000000, 0.000000000000000000, 0.000000000000000000 ) ) ;
#231 = EDGE_LOOP ( 'NONE', ( #112, #420 ) ) ;
#232 = FACE_OUTER_BOUND ( 'NONE', #1039, .T. ) ;
#233 = DIRECTION ( 'NONE',  ( 0.000000000000000000, 0.000000000000000000, -1.000000000000000000 ) ) ;
#234 = VERTEX_POINT ( 'NONE', #1076 ) ;
#235 = ORIENTED_EDGE ( 'NONE', *, *, #1258, .F. ) ;
#236 = PRODUCT_DEFINITION_SHAPE ( 'NONE', 'NONE',  #1102 ) ;
#237 = CARTESIAN_POINT ( 'NONE',  ( 6.000000000000004441, 2.000000000000000000, 1.249999999999979350 ) ) ;
#238 = EDGE_CURVE ( 'NONE', #183, #520, #1326, .T. ) ;
#239 = FILL_AREA_STYLE_COLOUR ( '', #556 ) ;
#240 = DIRECTION ( 'NONE',  ( -0.000000000000000000, 1.000000000000000000, -0.000000000000000000 ) ) ;
#241 = DIRECTION ( 'NONE',  ( 0.000000000000000000, 0.000000000000000000, 1.000000000000000000 ) ) ;
#242 = CIRCLE ( 'NONE', #196, 1.600000000000002531 ) ;
#243 = DIRECTION ( 'NONE',  ( 1.000000000000000000, 0.000000000000000000, 0.000000000000000000 ) ) ;
#244 = ADVANCED_FACE ( 'NONE', ( #1216 ), #1101, .F. ) ;
#245 = VERTEX_POINT ( 'NONE', #1466 ) ;
#246 = CARTESIAN_POINT ( 'NONE',  ( 7.779999999999998472, 27.00000000000000000, -9.430000000000005045 ) ) ;
#247 = CARTESIAN_POINT ( 'NONE',  ( 2.999999999999999112, 24.00000000000000000, -3.000000000000000000 ) ) ;
#248 = CIRCLE ( 'NONE', #1563, 1.600000000000002531 ) ;
#249 = FACE_BOUND ( 'NONE', #1493, .T. ) ;
#250 = CARTESIAN_POINT ( 'NONE',  ( -12.50000000000000355, 0.000000000000000000, -13.39999999999999680 ) ) ;
#251 = ORIENTED_EDGE ( 'NONE', *, *, #1286, .T. ) ;
#252 = LINE ( 'NONE', #1208, #442 ) ;
#253 = DIRECTION ( 'NONE',  ( 3.491481338843133355E-15, 9.856383386231859752E-18, 1.000000000000000000 ) ) ;
#254 = CIRCLE ( 'NONE', #1159, 1.600000000000000755 ) ;
#255 = AXIS2_PLACEMENT_3D ( 'NONE', #142, #1021, #1397 ) ;
#256 = CARTESIAN_POINT ( 'NONE',  ( -3.000000000000000888, 24.00000000000000000, -3.000000000000000000 ) ) ;
#257 = CARTESIAN_POINT ( 'NONE',  ( 0.000000000000000000, 2.000000000000000000, 0.000000000000000000 ) ) ;
#258 = CARTESIAN_POINT ( 'NONE',  ( -12.50000000000000355, 2.000000000000000000, -16.60000000000000142 ) ) ;
#259 = MANIFOLD_SOLID_BREP ( '\X2\96355217\X0\(\X2\57065468\X0\)1', #785 ) ;
#260 = EDGE_LOOP ( 'NONE', ( #535, #404, #464, #1541 ) ) ;
#261 = CARTESIAN_POINT ( 'NONE',  ( 0.000000000000000000, 0.000000000000000000, 0.000000000000000000 ) ) ;
#262 = EDGE_CURVE ( 'NONE', #1531, #1000, #616, .T. ) ;
#263 = FACE_BOUND ( 'NONE', #1359, .T. ) ;
#264 = DIRECTION ( 'NONE',  ( 0.000000000000000000, 1.000000000000000000, 0.000000000000000000 ) ) ;
#265 = AXIS2_PLACEMENT_3D ( 'NONE', #1227, #748, #1248 ) ;
#266 = EDGE_LOOP ( 'NONE', ( #989, #1549, #829, #410 ) ) ;
#267 = DIRECTION ( 'NONE',  ( 0.000000000000000000, -1.000000000000000000, 0.000000000000000000 ) ) ;
#268 = CIRCLE ( 'NONE', #346, 1.650000000000000355 ) ;
#269 = ORIENTED_EDGE ( 'NONE', *, *, #780, .F. ) ;
#270 = ORIENTED_EDGE ( 'NONE', *, *, #1317, .T. ) ;
#271 = CARTESIAN_POINT ( 'NONE',  ( 12.49999999999999645, 2.000000000000000000, -15.00000000000000711 ) ) ;
#272 = CARTESIAN_POINT ( 'NONE',  ( -3.000000000000000888, 24.00000000000000000, 3.000000000000000000 ) ) ;
#273 = EDGE_LOOP ( 'NONE', ( #43, #534, #794, #1368 ) ) ;
#274 = ORIENTED_EDGE ( 'NONE', *, *, #1488, .T. ) ;
#275 = ADVANCED_FACE ( 'NONE', ( #358 ), #149, .F. ) ;
#276 = LINE ( 'NONE', #637, #1176 ) ;
#277 = EDGE_CURVE ( 'NONE', #1259, #783, #405, .T. ) ;
#278 = ADVANCED_FACE ( 'NONE', ( #37 ), #413, .F. ) ;
#279 = ORIENTED_EDGE ( 'NONE', *, *, #509, .T. ) ;
#280 = VERTEX_POINT ( 'NONE', #1271 ) ;
#281 = AXIS2_PLACEMENT_3D ( 'NONE', #1032, #157, #630 ) ;
#282 = CARTESIAN_POINT ( 'NONE',  ( 6.000000000000004441, 24.00000000000000000, 1.249999999999979350 ) ) ;
#283 = DIRECTION ( 'NONE',  ( -0.000000000000000000, -0.000000000000000000, 1.000000000000000000 ) ) ;
#284 = ADVANCED_FACE ( 'NONE', ( #761 ), #648, .F. ) ;
#285 = ORIENTED_EDGE ( 'NONE', *, *, #50, .F. ) ;
#286 = EDGE_LOOP ( 'NONE', ( #1022, #475, #91, #189 ) ) ;
#287 = DIRECTION ( 'NONE',  ( 0.000000000000000000, 0.000000000000000000, -1.000000000000000000 ) ) ;
#288 = EDGE_CURVE ( 'NONE', #163, #446, #289, .T. ) ;
#289 = LINE ( 'NONE', #174, #1182 ) ;
#290 = ORIENTED_EDGE ( 'NONE', *, *, #1012, .F. ) ;
#291 = DIRECTION ( 'NONE',  ( 0.000000000000000000, 1.000000000000000000, -0.000000000000000000 ) ) ;
#292 = CARTESIAN_POINT ( 'NONE',  ( -16.00000000000000355, 27.00000000000000000, 16.00000000000000000 ) ) ;
#293 = ORIENTED_EDGE ( 'NONE', *, *, #673, .T. ) ;
#294 = ORIENTED_EDGE ( 'NONE', *, *, #909, .T. ) ;
#295 = ADVANCED_FACE ( 'NONE', ( #848 ), #714, .F. ) ;
#296 = PRODUCT_RELATED_PRODUCT_CATEGORY ( 'part', '', ( #868 ) ) ;
#297 = FACE_OUTER_BOUND ( 'NONE', #1386, .T. ) ;
#298 = CIRCLE ( 'NONE', #467, 1.650000000000000355 ) ;
#299 = CARTESIAN_POINT ( 'NONE',  ( -16.00000000000000355, 27.00000000000000000, 16.00000000000000000 ) ) ;
#300 = LINE ( 'NONE', #914, #309 ) ;
#301 = ORIENTED_EDGE ( 'NONE', *, *, #207, .F. ) ;
#302 = DIRECTION ( 'NONE',  ( 0.000000000000000000, 0.000000000000000000, -1.000000000000000000 ) ) ;
#303 = ORIENTED_EDGE ( 'NONE', *, *, #1144, .F. ) ;
#304 = DIRECTION ( 'NONE',  ( 0.000000000000000000, 0.000000000000000000, 1.000000000000000000 ) ) ;
#305 = AXIS2_PLACEMENT_3D ( 'NONE', #805, #1454, #1218 ) ;
#306 = AXIS2_PLACEMENT_3D ( 'NONE', #944, #1287, #926 ) ;
#307 = LINE ( 'NONE', #1154, #747 ) ;
#308 = FACE_BOUND ( 'NONE', #546, .T. ) ;
#309 = VECTOR ( 'NONE', #651, 1000.000000000000000 ) ;
#310 = EDGE_LOOP ( 'NONE', ( #1211, #1071, #604, #251 ) ) ;
#311 = ADVANCED_FACE ( 'NONE', ( #1492 ), #465, .F. ) ;
#312 = CARTESIAN_POINT ( 'NONE',  ( 1.250000000000000000, 2.000000000000000000, 3.000000000000000000 ) ) ;
#313 = DIRECTION ( 'NONE',  ( -0.000000000000000000, -1.000000000000000000, -0.000000000000000000 ) ) ;
#314 = CARTESIAN_POINT ( 'NONE',  ( 17.49999999999999645, 2.000000000000000000, 19.99999999999999645 ) ) ;
#315 = ORIENTED_EDGE ( 'NONE', *, *, #135, .T. ) ;
#316 = CARTESIAN_POINT ( 'NONE',  ( 7.779999999999998472, 27.00000000000000000, -6.130000000000003446 ) ) ;
#317 = VECTOR ( 'NONE', #877, 1000.000000000000000 ) ;
#318 = CARTESIAN_POINT ( 'NONE',  ( -7.780000000000002025, 27.00000000000000000, 7.780000000000000249 ) ) ;
#319 = LINE ( 'NONE', #1303, #647 ) ;
#320 = CIRCLE ( 'NONE', #618, 1.600000000000002531 ) ;
#321 = CARTESIAN_POINT ( 'NONE',  ( 7.779999999999998472, 27.00000000000000000, -6.130000000000003446 ) ) ;
#322 = CYLINDRICAL_SURFACE ( 'NONE', #463, 1.600000000000000755 ) ;
#323 = VERTEX_POINT ( 'NONE', #359 ) ;
#324 = VERTEX_POINT ( 'NONE', #1344 ) ;
#325 = EDGE_CURVE ( 'NONE', #234, #1461, #496, .T. ) ;
#326 = EDGE_CURVE ( 'NONE', #783, #1259, #902, .T. ) ;
#327 = ADVANCED_FACE ( 'NONE', ( #991 ), #1468, .F. ) ;
#328 = ORIENTED_EDGE ( 'NONE', *, *, #182, .T. ) ;
#329 = CARTESIAN_POINT ( 'NONE',  ( 2.999999999999999112, 2.000000000000000000, -3.000000000000000000 ) ) ;
#330 = VECTOR ( 'NONE', #283, 1000.000000000000000 ) ;
#331 = AXIS2_PLACEMENT_3D ( 'NONE', #733, #972, #1462 ) ;
#332 = LINE ( 'NONE', #83, #18 ) ;
#333 = EDGE_CURVE ( 'NONE', #1, #1024, #1524, .T. ) ;
#334 = DIRECTION ( 'NONE',  ( 0.000000000000000000, 0.000000000000000000, -1.000000000000000000 ) ) ;
#335 = EDGE_LOOP ( 'NONE', ( #1272, #1562, #924, #499 ) ) ;
#336 = DIRECTION ( 'NONE',  ( -0.000000000000000000, -1.000000000000000000, -0.000000000000000000 ) ) ;
#337 = ORIENTED_EDGE ( 'NONE', *, *, #521, .F. ) ;
#338 = FACE_OUTER_BOUND ( 'NONE', #1539, .T. ) ;
#339 = ORIENTED_EDGE ( 'NONE', *, *, #1456, .T. ) ;
#340 = CARTESIAN_POINT ( 'NONE',  ( 1.250000000000000222, 2.000000000000000000, -6.000000000000000000 ) ) ;
#341 = VECTOR ( 'NONE', #893, 1000.000000000000000 ) ;
#342 = CARTESIAN_POINT ( 'NONE',  ( 6.000000000000004441, 2.000000000000000000, 1.249999999999979350 ) ) ;
#343 = VERTEX_POINT ( 'NONE', #1212 ) ;
#344 = CARTESIAN_POINT ( 'NONE',  ( 12.49999999999999645, 0.000000000000000000, 15.00000000000000711 ) ) ;
#345 = ADVANCED_FACE ( 'NONE', ( #1233 ), #1587, .F. ) ;
#346 = AXIS2_PLACEMENT_3D ( 'NONE', #1252, #1139, #287 ) ;
#347 = ORIENTED_EDGE ( 'NONE', *, *, #1203, .F. ) ;
#348 = CARTESIAN_POINT ( 'NONE',  ( -3.000000000000000888, 24.00000000000000000, 3.000000000000000000 ) ) ;
#349 = SHAPE_DEFINITION_REPRESENTATION ( #236, #668 ) ;
#350 = CIRCLE ( 'NONE', #806, 1.600000000000002531 ) ;
#351 = DIRECTION ( 'NONE',  ( -0.000000000000000000, -0.000000000000000000, 1.000000000000000000 ) ) ;
#352 = ORIENTED_EDGE ( 'NONE', *, *, #840, .T. ) ;
#353 = CARTESIAN_POINT ( 'NONE',  ( -7.780000000000002025, 27.00000000000000000, 7.780000000000000249 ) ) ;
#354 = FACE_BOUND ( 'NONE', #931, .T. ) ;
#355 = VERTEX_POINT ( 'NONE', #128 ) ;
#356 = CARTESIAN_POINT ( 'NONE',  ( -7.780000000000002025, 27.00000000000000000, 7.780000000000000249 ) ) ;
#357 = VECTOR ( 'NONE', #230, 1000.000000000000000 ) ;
#358 = FACE_OUTER_BOUND ( 'NONE', #1167, .T. ) ;
#359 = CARTESIAN_POINT ( 'NONE',  ( 1.250000000000000222, 24.00000000000000000, 6.000000000000000000 ) ) ;
#360 = CARTESIAN_POINT ( 'NONE',  ( -3.000000000000000888, 2.000000000000000000, 1.250000000000062839 ) ) ;
#361 = ORIENTED_EDGE ( 'NONE', *, *, #238, .T. ) ;
#362 = DIRECTION ( 'NONE',  ( -0.000000000000000000, 1.000000000000000000, -0.000000000000000000 ) ) ;
#363 = CARTESIAN_POINT ( 'NONE',  ( -3.000000000000000888, 24.00000000000000000, 3.000000000000000000 ) ) ;
#364 = CARTESIAN_POINT ( 'NONE',  ( -2.999999999999987121, 2.000000000000000000, 1.250000000000031530 ) ) ;
#365 = CARTESIAN_POINT ( 'NONE',  ( 6.000000000000004441, 2.000000000000000000, 1.249999999999979350 ) ) ;
#366 = CARTESIAN_POINT ( 'NONE',  ( 0.000000000000000000, 0.000000000000000000, 6.000000000000000000 ) ) ;
#367 = DIRECTION ( 'NONE',  ( -0.000000000000000000, 1.000000000000000000, -0.000000000000000000 ) ) ;
#368 = ORIENTED_EDGE ( 'NONE', *, *, #780, .T. ) ;
#369 = ORIENTED_EDGE ( 'NONE', *, *, #1373, .F. ) ;
#370 = LINE ( 'NONE', #454, #176 ) ;
#371 = DIRECTION ( 'NONE',  ( 0.000000000000000000, 1.000000000000000000, 0.000000000000000000 ) ) ;
#372 = PLANE ( 'NONE',  #1548 ) ;
#373 = LINE ( 'NONE', #30, #884 ) ;
#374 = EDGE_CURVE ( 'NONE', #323, #579, #598, .T. ) ;
#375 = LINE ( 'NONE', #491, #578 ) ;
#376 = ORIENTED_EDGE ( 'NONE', *, *, #995, .F. ) ;
#377 = DIRECTION ( 'NONE',  ( 0.000000000000000000, 0.000000000000000000, 1.000000000000000000 ) ) ;
#378 = AXIS2_PLACEMENT_3D ( 'NONE', #143, #1118, #23 ) ;
#379 = ORIENTED_EDGE ( 'NONE', *, *, #1270, .T. ) ;
#380 = LINE ( 'NONE', #24, #1376 ) ;
#381 = LINE ( 'NONE', #482, #476 ) ;
#382 = VERTEX_POINT ( 'NONE', #110 ) ;
#383 = CARTESIAN_POINT ( 'NONE',  ( -7.780000000000002025, 27.00000000000000000, 6.129999999999999893 ) ) ;
#384 = CARTESIAN_POINT ( 'NONE',  ( -5.999999999999986677, 2.000000000000000000, 1.250000000000062839 ) ) ;
#385 = ORIENTED_EDGE ( 'NONE', *, *, #135, .F. ) ;
#386 = PLANE ( 'NONE',  #390 ) ;
#387 = EDGE_CURVE ( 'NONE', #180, #1533, #584, .T. ) ;
#388 = DIRECTION ( 'NONE',  ( 0.000000000000000000, 0.000000000000000000, -1.000000000000000000 ) ) ;
#389 = EDGE_CURVE ( 'NONE', #635, #382, #531, .T. ) ;
#390 = AXIS2_PLACEMENT_3D ( 'NONE', #257, #619, #1380 ) ;
#391 = ORIENTED_EDGE ( 'NONE', *, *, #599, .T. ) ;
#392 = VERTEX_POINT ( 'NONE', #609 ) ;
#393 = LINE ( 'NONE', #1246, #123 ) ;
#394 = VECTOR ( 'NONE', #336, 1000.000000000000000 ) ;
#395 = EDGE_CURVE ( 'NONE', #217, #997, #489, .T. ) ;
#396 = DIRECTION ( 'NONE',  ( 0.000000000000000000, 0.000000000000000000, -1.000000000000000000 ) ) ;
#397 = CYLINDRICAL_SURFACE ( 'NONE', #1516, 1.600000000000000755 ) ;
#398 = ORIENTED_EDGE ( 'NONE', *, *, #177, .F. ) ;
#399 = ADVANCED_FACE ( 'NONE', ( #869 ), #372, .F. ) ;
#400 = ORIENTED_EDGE ( 'NONE', *, *, #1056, .F. ) ;
#401 = DIRECTION ( 'NONE',  ( -0.000000000000000000, -1.000000000000000000, -0.000000000000000000 ) ) ;
#402 = VECTOR ( 'NONE', #697, 1000.000000000000000 ) ;
#403 = ORIENTED_EDGE ( 'NONE', *, *, #1270, .F. ) ;
#404 = ORIENTED_EDGE ( 'NONE', *, *, #483, .T. ) ;
#405 = CIRCLE ( 'NONE', #255, 1.650000000000000355 ) ;
#406 = FACE_OUTER_BOUND ( 'NONE', #779, .T. ) ;
#407 = CARTESIAN_POINT ( 'NONE',  ( 0.000000000000000000, 27.00000000000000000, 0.000000000000000000 ) ) ;
#408 = EDGE_CURVE ( 'NONE', #163, #824, #737, .T. ) ;
#409 = ORIENTED_EDGE ( 'NONE', *, *, #1263, .F. ) ;
#410 = ORIENTED_EDGE ( 'NONE', *, *, #387, .T. ) ;
#411 = DIRECTION ( 'NONE',  ( 0.000000000000000000, 0.000000000000000000, 1.000000000000000000 ) ) ;
#412 = AXIS2_PLACEMENT_3D ( 'NONE', #1200, #134, #959 ) ;
#413 = PLANE ( 'NONE',  #1236 ) ;
#414 = ORIENTED_EDGE ( 'NONE', *, *, #1134, .F. ) ;
#415 = ORIENTED_EDGE ( 'NONE', *, *, #389, .F. ) ;
#416 = CARTESIAN_POINT ( 'NONE',  ( -16.00000000000000355, 24.00000000000000000, 16.00000000000000000 ) ) ;
#417 = ORIENTED_EDGE ( 'NONE', *, *, #387, .F. ) ;
#418 = ORIENTED_EDGE ( 'NONE', *, *, #1480, .T. ) ;
#419 = AXIS2_PLACEMENT_3D ( 'NONE', #261, #267, #36 ) ;
#420 = ORIENTED_EDGE ( 'NONE', *, *, #1130, .T. ) ;
#421 = CARTESIAN_POINT ( 'NONE',  ( -3.000000000000000888, 2.000000000000000000, -3.000000000000000000 ) ) ;
#422 = AXIS2_PLACEMENT_3D ( 'NONE', #356, #1342, #615 ) ;
#423 = CARTESIAN_POINT ( 'NONE',  ( -17.50000000000000355, 2.000000000000000000, -20.00000000000000355 ) ) ;
#424 = CARTESIAN_POINT ( 'NONE',  ( -3.000000000000000888, 24.00000000000000000, 3.000000000000000000 ) ) ;
#425 = EDGE_CURVE ( 'NONE', #824, #1297, #139, .T. ) ;
#426 = VERTEX_POINT ( 'NONE', #1121 ) ;
#427 = VERTEX_POINT ( 'NONE', #749 ) ;
#428 = CARTESIAN_POINT ( 'NONE',  ( 12.49999999999999645, 0.000000000000000000, -16.60000000000000853 ) ) ;
#429 = DIRECTION ( 'NONE',  ( -1.000000000000000000, -0.000000000000000000, -0.000000000000000000 ) ) ;
#430 = CARTESIAN_POINT ( 'NONE',  ( 12.49999999999999645, 0.000000000000000000, 15.00000000000000711 ) ) ;
#431 = UNCERTAINTY_MEASURE_WITH_UNIT (LENGTH_MEASURE( 1.000000000000000082E-05 ), #581, 'distance_accuracy_value', 'NONE');
#432 = DIRECTION ( 'NONE',  ( 0.000000000000000000, 0.000000000000000000, 1.000000000000000000 ) ) ;
#433 = VERTEX_POINT ( 'NONE', #1487 ) ;
#434 = DIRECTION ( 'NONE',  ( -0.000000000000000000, 1.000000000000000000, -0.000000000000000000 ) ) ;
#435 = EDGE_CURVE ( 'NONE', #661, #1410, #154, .T. ) ;
#436 = DIRECTION ( 'NONE',  ( -9.856383386231859752E-18, 1.000000000000000000, 0.000000000000000000 ) ) ;
#437 = EDGE_CURVE ( 'NONE', #520, #542, #744, .T. ) ;
#438 = EDGE_CURVE ( 'NONE', #1000, #245, #601, .T. ) ;
#439 = VECTOR ( 'NONE', #1294, 1000.000000000000000 ) ;
#440 = DIRECTION ( 'NONE',  ( 0.000000000000000000, 1.000000000000000000, -0.000000000000000000 ) ) ;
#441 = ORIENTED_EDGE ( 'NONE', *, *, #182, .F. ) ;
#442 = VECTOR ( 'NONE', #1198, 1000.000000000000000 ) ;
#443 = CARTESIAN_POINT ( 'NONE',  ( -3.000000000000000888, 2.000000000000000000, 3.000000000000000000 ) ) ;
#444 = CARTESIAN_POINT ( 'NONE',  ( 2.999999999999999112, 24.00000000000000000, 3.000000000000000000 ) ) ;
#445 = ADVANCED_FACE ( 'NONE', ( #1346 ), #1002, .F. ) ;
#446 = VERTEX_POINT ( 'NONE', #258 ) ;
#447 = DIRECTION ( 'NONE',  ( 0.000000000000000000, 0.000000000000000000, -1.000000000000000000 ) ) ;
#448 = LINE ( 'NONE', #342, #1015 ) ;
#449 = ORIENTED_EDGE ( 'NONE', *, *, #1012, .T. ) ;
#450 = VECTOR ( 'NONE', #76, 1000.000000000000000 ) ;
#451 = PLANE ( 'NONE',  #1337 ) ;
#452 = EDGE_CURVE ( 'NONE', #280, #1312, #229, .T. ) ;
#453 = AXIS2_PLACEMENT_3D ( 'NONE', #353, #1226, #1580 ) ;
#454 = CARTESIAN_POINT ( 'NONE',  ( -17.50000000000000355, 0.000000000000000000, 19.99999999999999645 ) ) ;
#455 = CARTESIAN_POINT ( 'NONE',  ( -3.000000000000000888, 24.00000000000000000, 3.000000000000000000 ) ) ;
#456 = ADVANCED_FACE ( 'NONE', ( #1098 ), #1590, .F. ) ;
#457 = DIRECTION ( 'NONE',  ( 0.000000000000000000, 0.000000000000000000, -1.000000000000000000 ) ) ;
#458 = CARTESIAN_POINT ( 'NONE',  ( 2.999999999999999112, 2.000000000000000000, -1.250000000000021094 ) ) ;
#459 = ORIENTED_EDGE ( 'NONE', *, *, #177, .T. ) ;
#460 = DIRECTION ( 'NONE',  ( -0.000000000000000000, 1.000000000000000000, -0.000000000000000000 ) ) ;
#461 = EDGE_CURVE ( 'NONE', #433, #1237, #973, .T. ) ;
#462 = CARTESIAN_POINT ( 'NONE',  ( 15.99999999999999645, 27.00000000000000000, -16.00000000000000000 ) ) ;
#463 = AXIS2_PLACEMENT_3D ( 'NONE', #344, #707, #241 ) ;
#464 = ORIENTED_EDGE ( 'NONE', *, *, #1192, .T. ) ;
#465 = PLANE ( 'NONE',  #1033 ) ;
#466 = DIRECTION ( 'NONE',  ( -0.000000000000000000, -1.000000000000000000, -0.000000000000000000 ) ) ;
#467 = AXIS2_PLACEMENT_3D ( 'NONE', #999, #1269, #517 ) ;
#468 = ORIENTED_EDGE ( 'NONE', *, *, #1586, .T. ) ;
#469 = DIRECTION ( 'NONE',  ( 0.000000000000000000, 0.000000000000000000, 1.000000000000000000 ) ) ;
#470 = LINE ( 'NONE', #1584, #658 ) ;
#471 = AXIS2_PLACEMENT_3D ( 'NONE', #1304, #569, #954 ) ;
#472 = DIRECTION ( 'NONE',  ( 0.000000000000000000, 1.000000000000000000, 0.000000000000000000 ) ) ;
#473 = LINE ( 'NONE', #886, #121 ) ;
#474 = CARTESIAN_POINT ( 'NONE',  ( -1.250000000000000222, 2.000000000000000000, 6.000000000000000000 ) ) ;
#475 = ORIENTED_EDGE ( 'NONE', *, *, #966, .F. ) ;
#476 = VECTOR ( 'NONE', #1112, 1000.000000000000000 ) ;
#477 = DIRECTION ( 'NONE',  ( -0.000000000000000000, -1.000000000000000000, -0.000000000000000000 ) ) ;
#478 = CIRCLE ( 'NONE', #1570, 1.600000000000002531 ) ;
#479 = DIRECTION ( 'NONE',  ( 1.032401359845360979E-31, 1.000000000000000000, 9.856383386231859752E-18 ) ) ;
#480 = DIRECTION ( 'NONE',  ( 1.000000000000000000, 0.000000000000000000, 0.000000000000000000 ) ) ;
#481 = DIRECTION ( 'NONE',  ( -0.000000000000000000, -1.000000000000000000, -0.000000000000000000 ) ) ;
#482 = CARTESIAN_POINT ( 'NONE',  ( 1.250000000000000000, 2.000000000000000000, 6.000000000000000000 ) ) ;
#483 = EDGE_CURVE ( 'NONE', #502, #343, #1285, .T. ) ;
#484 = ORIENTED_EDGE ( 'NONE', *, *, #437, .F. ) ;
#485 = DIRECTION ( 'NONE',  ( -3.491481338843133355E-15, 0.000000000000000000, -1.000000000000000000 ) ) ;
#486 = EDGE_CURVE ( 'NONE', #1533, #323, #381, .T. ) ;
#487 = DIRECTION ( 'NONE',  ( 0.000000000000000000, 0.000000000000000000, -1.000000000000000000 ) ) ;
#488 =( LENGTH_UNIT ( ) NAMED_UNIT ( * ) SI_UNIT ( .MILLI., .METRE. ) );
#489 = LINE ( 'NONE', #986, #739 ) ;
#490 = CARTESIAN_POINT ( 'NONE',  ( -16.00000000000000355, 24.00000000000000000, -16.00000000000000000 ) ) ;
#491 = CARTESIAN_POINT ( 'NONE',  ( -3.000000000000000888, 24.00000000000000000, -3.000000000000000000 ) ) ;
#492 = VERTEX_POINT ( 'NONE', #17 ) ;
#493 = AXIS2_PLACEMENT_3D ( 'NONE', #1451, #688, #85 ) ;
#494 = EDGE_CURVE ( 'NONE', #889, #118, #375, .T. ) ;
#495 = FACE_BOUND ( 'NONE', #231, .T. ) ;
#496 = LINE ( 'NONE', #137, #6 ) ;
#497 = DIRECTION ( 'NONE',  ( 0.000000000000000000, 0.000000000000000000, 1.000000000000000000 ) ) ;
#498 = CARTESIAN_POINT ( 'NONE',  ( -3.000000000000000888, 24.00000000000000000, 3.000000000000000000 ) ) ;
#499 = ORIENTED_EDGE ( 'NONE', *, *, #1474, .T. ) ;
#500 = CARTESIAN_POINT ( 'NONE',  ( -16.00000000000000355, 27.00000000000000000, -16.00000000000000000 ) ) ;
#501 = AXIS2_PLACEMENT_3D ( 'NONE', #1382, #660, #1414 ) ;
#502 = VERTEX_POINT ( 'NONE', #1366 ) ;
#503 = ADVANCED_FACE ( 'NONE', ( #983 ), #145, .F. ) ;
#504 = FACE_OUTER_BOUND ( 'NONE', #47, .T. ) ;
#505 = CARTESIAN_POINT ( 'NONE',  ( -1.250000000000000222, 24.00000000000000000, 3.000000000000000000 ) ) ;
#506 = ORIENTED_EDGE ( 'NONE', *, *, #1192, .F. ) ;
#507 = ORIENTED_EDGE ( 'NONE', *, *, #227, .F. ) ;
#508 = CARTESIAN_POINT ( 'NONE',  ( -6.000000000000013323, 2.000000000000000000, -1.249999999999937383 ) ) ;
#509 = EDGE_CURVE ( 'NONE', #1410, #953, #878, .T. ) ;
#510 = ORIENTED_EDGE ( 'NONE', *, *, #151, .T. ) ;
#511 = ORIENTED_EDGE ( 'NONE', *, *, #1187, .T. ) ;
#512 = LINE ( 'NONE', #1405, #1247 ) ;
#513 = CARTESIAN_POINT ( 'NONE',  ( 7.779999999999998472, 27.00000000000000000, -7.780000000000003801 ) ) ;
#514 = DIRECTION ( 'NONE',  ( 0.000000000000000000, 0.000000000000000000, 1.000000000000000000 ) ) ;
#515 = ORIENTED_EDGE ( 'NONE', *, *, #686, .T. ) ;
#516 = EDGE_LOOP ( 'NONE', ( #162, #1308 ) ) ;
#517 = DIRECTION ( 'NONE',  ( 0.000000000000000000, 0.000000000000000000, -1.000000000000000000 ) ) ;
#518 = VECTOR ( 'NONE', #141, 1000.000000000000000 ) ;
#519 = DIRECTION ( 'NONE',  ( 0.000000000000000000, 0.000000000000000000, 1.000000000000000000 ) ) ;
#520 = VERTEX_POINT ( 'NONE', #505 ) ;
#521 = EDGE_CURVE ( 'NONE', #571, #889, #1502, .T. ) ;
#522 = CARTESIAN_POINT ( 'NONE',  ( -5.999999999999986677, 2.000000000000000000, 1.250000000000062839 ) ) ;
#523 = PLANE ( 'NONE',  #107 ) ;
#524 = VECTOR ( 'NONE', #1078, 1000.000000000000000 ) ;
#525 = ORIENTED_EDGE ( 'NONE', *, *, #553, .T. ) ;
#526 = VERTEX_POINT ( 'NONE', #292 ) ;
#527 = LINE ( 'NONE', #383, #146 ) ;
#528 = AXIS2_PLACEMENT_3D ( 'NONE', #1561, #832, #209 ) ;
#529 = CIRCLE ( 'NONE', #810, 1.600000000000002531 ) ;
#530 = EDGE_LOOP ( 'NONE', ( #1370, #303 ) ) ;
#531 = CIRCLE ( 'NONE', #1442, 1.650000000000000355 ) ;
#532 = DIRECTION ( 'NONE',  ( -0.000000000000000000, -0.000000000000000000, 1.000000000000000000 ) ) ;
#533 = CARTESIAN_POINT ( 'NONE',  ( -3.000000000000000888, 2.000000000000000000, 3.000000000000000000 ) ) ;
#534 = ORIENTED_EDGE ( 'NONE', *, *, #1554, .T. ) ;
#535 = ORIENTED_EDGE ( 'NONE', *, *, #977, .F. ) ;
#536 = EDGE_LOOP ( 'NONE', ( #172, #544, #1217, #1445 ) ) ;
#537 = PLANE ( 'NONE',  #1307 ) ;
#538 = ADVANCED_FACE ( 'NONE', ( #1390 ), #757, .F. ) ;
#539 = CARTESIAN_POINT ( 'NONE',  ( 2.999999999999999112, 2.000000000000000000, 3.000000000000000000 ) ) ;
#540 = FACE_OUTER_BOUND ( 'NONE', #1341, .T. ) ;
#541 = CARTESIAN_POINT ( 'NONE',  ( 2.999999999999999112, 24.00000000000000000, -1.250000000000021094 ) ) ;
#542 = VERTEX_POINT ( 'NONE', #782 ) ;
#543 = AXIS2_PLACEMENT_3D ( 'NONE', #974, #1469, #1119 ) ;
#544 = ORIENTED_EDGE ( 'NONE', *, *, #127, .T. ) ;
#545 = CARTESIAN_POINT ( 'NONE',  ( -7.780000000000002025, 24.00000000000000000, -9.430000000000001492 ) ) ;
#546 = EDGE_LOOP ( 'NONE', ( #398, #1514 ) ) ;
#547 = CARTESIAN_POINT ( 'NONE',  ( 6.000000000000004441, 24.00000000000000000, 1.249999999999979350 ) ) ;
#548 = CIRCLE ( 'NONE', #913, 1.650000000000000355 ) ;
#549 = CARTESIAN_POINT ( 'NONE',  ( 1.250000000000000000, 2.000000000000000000, 6.000000000000000000 ) ) ;
#550 = CARTESIAN_POINT ( 'NONE',  ( -7.780000000000002025, 24.00000000000000000, 9.430000000000001492 ) ) ;
#551 = CARTESIAN_POINT ( 'NONE',  ( -16.00000000000000355, 27.00000000000000000, 16.00000000000000000 ) ) ;
#552 = DIRECTION ( 'NONE',  ( 1.000000000000000000, 0.000000000000000000, 0.000000000000000000 ) ) ;
#553 = EDGE_CURVE ( 'NONE', #1527, #1531, #41, .T. ) ;
#554 = EDGE_CURVE ( 'NONE', #1089, #1585, #1281, .T. ) ;
#555 = CARTESIAN_POINT ( 'NONE',  ( 1.250000000000000000, 2.000000000000000000, 6.000000000000000000 ) ) ;
#556 = COLOUR_RGB ( '',0.7921568627450980005, 0.8196078431372548767, 0.9333333333333333481 ) ;
#557 = ADVANCED_FACE ( 'NONE', ( #1044, #308, #642, #1163, #766 ), #523, .F. ) ;
#558 = EDGE_CURVE ( 'NONE', #1050, #997, #1173, .T. ) ;
#559 = EDGE_CURVE ( 'NONE', #183, #665, #1137, .T. ) ;
#560 = FACE_OUTER_BOUND ( 'NONE', #613, .T. ) ;
#561 = LINE ( 'NONE', #1064, #1128 ) ;
#562 = ORIENTED_EDGE ( 'NONE', *, *, #277, .F. ) ;
#563 = CARTESIAN_POINT ( 'NONE',  ( 15.99999999999999645, 24.00000000000000000, 16.00000000000000000 ) ) ;
#564 = LINE ( 'NONE', #1318, #1362 ) ;
#565 = DIRECTION ( 'NONE',  ( -0.000000000000000000, -1.000000000000000000, -0.000000000000000000 ) ) ;
#566 = EDGE_CURVE ( 'NONE', #758, #1434, #1537, .T. ) ;
#567 = ORIENTED_EDGE ( 'NONE', *, *, #1470, .F. ) ;
#568 = VECTOR ( 'NONE', #3, 1000.000000000000000 ) ;
#569 = DIRECTION ( 'NONE',  ( 0.000000000000000000, 1.000000000000000000, 0.000000000000000000 ) ) ;
#570 = LINE ( 'NONE', #1066, #1392 ) ;
#571 = VERTEX_POINT ( 'NONE', #541 ) ;
#572 = ORIENTED_EDGE ( 'NONE', *, *, #1140, .F. ) ;
#573 = LINE ( 'NONE', #1082, #22 ) ;
#574 = DIRECTION ( 'NONE',  ( 0.000000000000000000, 0.000000000000000000, 1.000000000000000000 ) ) ;
#575 = PLANE ( 'NONE',  #1275 ) ;
#576 = ORIENTED_EDGE ( 'NONE', *, *, #461, .T. ) ;
#577 = LINE ( 'NONE', #444, #394 ) ;
#578 = VECTOR ( 'NONE', #627, 1000.000000000000000 ) ;
#579 = VERTEX_POINT ( 'NONE', #1026 ) ;
#580 = CYLINDRICAL_SURFACE ( 'NONE', #1459, 1.600000000000002531 ) ;
#581 =( LENGTH_UNIT ( ) NAMED_UNIT ( * ) SI_UNIT ( .MILLI., .METRE. ) );
#582 = DIRECTION ( 'NONE',  ( 0.000000000000000000, 0.000000000000000000, 1.000000000000000000 ) ) ;
#583 = ORIENTED_EDGE ( 'NONE', *, *, #603, .F. ) ;
#584 = LINE ( 'NONE', #705, #816 ) ;
#585 = FACE_BOUND ( 'NONE', #1540, .T. ) ;
#586 = ORIENTED_EDGE ( 'NONE', *, *, #288, .F. ) ;
#587 = DIRECTION ( 'NONE',  ( 0.000000000000000000, 0.000000000000000000, -1.000000000000000000 ) ) ;
#588 = DIRECTION ( 'NONE',  ( -0.000000000000000000, -1.000000000000000000, -0.000000000000000000 ) ) ;
#589 = VECTOR ( 'NONE', #68, 1000.000000000000000 ) ;
#590 = ORIENTED_EDGE ( 'NONE', *, *, #773, .F. ) ;
#591 = VECTOR ( 'NONE', #466, 1000.000000000000000 ) ;
#592 = CARTESIAN_POINT ( 'NONE',  ( -6.000000000000000000, 0.000000000000000000, 6.284666409917640040E-14 ) ) ;
#593 = ORIENTED_EDGE ( 'NONE', *, *, #188, .F. ) ;
#594 = CARTESIAN_POINT ( 'NONE',  ( 12.49999999999999645, 2.000000000000000000, 16.60000000000000853 ) ) ;
#595 = DIRECTION ( 'NONE',  ( -0.000000000000000000, -1.000000000000000000, -0.000000000000000000 ) ) ;
#596 = LINE ( 'NONE', #364, #602 ) ;
#597 = EDGE_CURVE ( 'NONE', #1461, #1319, #254, .T. ) ;
#598 = LINE ( 'NONE', #1104, #607 ) ;
#599 = EDGE_CURVE ( 'NONE', #245, #183, #1274, .T. ) ;
#600 = CARTESIAN_POINT ( 'NONE',  ( 7.779999999999998472, 24.00000000000000000, -9.430000000000005045 ) ) ;
#601 = LINE ( 'NONE', #1357, #1210 ) ;
#602 = VECTOR ( 'NONE', #479, 1000.000000000000000 ) ;
#603 = EDGE_CURVE ( 'NONE', #1244, #1221, #300, .T. ) ;
#604 = ORIENTED_EDGE ( 'NONE', *, *, #1184, .F. ) ;
#605 = AXIS2_PLACEMENT_3D ( 'NONE', #862, #612, #1228 ) ;
#606 = FACE_OUTER_BOUND ( 'NONE', #132, .T. ) ;
#607 = VECTOR ( 'NONE', #7, 1000.000000000000000 ) ;
#608 = SURFACE_SIDE_STYLE ('',( #136 ) ) ;
#609 = CARTESIAN_POINT ( 'NONE',  ( -12.50000000000000355, 2.000000000000000000, 16.60000000000000142 ) ) ;
#610 = CARTESIAN_POINT ( 'NONE',  ( 17.49999999999999645, 0.000000000000000000, 19.99999999999999645 ) ) ;
#611 = EDGE_CURVE ( 'NONE', #1081, #1089, #887, .T. ) ;
#612 = DIRECTION ( 'NONE',  ( 0.000000000000000000, 1.000000000000000000, -0.000000000000000000 ) ) ;
#613 = EDGE_LOOP ( 'NONE', ( #684, #98, #1122, #27 ) ) ;
#614 = EDGE_LOOP ( 'NONE', ( #657, #1197, #833, #525 ) ) ;
#615 = DIRECTION ( 'NONE',  ( 0.000000000000000000, 0.000000000000000000, -1.000000000000000000 ) ) ;
#616 = LINE ( 'NONE', #384, #976 ) ;
#617 = DIRECTION ( 'NONE',  ( 1.000000000000000000, 0.000000000000000000, -0.000000000000000000 ) ) ;
#618 = AXIS2_PLACEMENT_3D ( 'NONE', #1385, #371, #1449 ) ;
#619 = DIRECTION ( 'NONE',  ( 0.000000000000000000, -1.000000000000000000, 0.000000000000000000 ) ) ;
#620 = ORIENTED_EDGE ( 'NONE', *, *, #1428, .T. ) ;
#621 = VECTOR ( 'NONE', #565, 1000.000000000000000 ) ;
#622 = CYLINDRICAL_SURFACE ( 'NONE', #1381, 1.600000000000000755 ) ;
#623 = EDGE_CURVE ( 'NONE', #382, #635, #873, .T. ) ;
#624 = EDGE_LOOP ( 'NONE', ( #891, #892 ) ) ;
#625 = PLANE ( 'NONE',  #1559 ) ;
#626 = CARTESIAN_POINT ( 'NONE',  ( -1.250000000000000222, 2.000000000000000000, 6.000000000000000000 ) ) ;
#627 = DIRECTION ( 'NONE',  ( -1.000000000000000000, -0.000000000000000000, -0.000000000000000000 ) ) ;
#628 = ORIENTED_EDGE ( 'NONE', *, *, #770, .T. ) ;
#629 = CARTESIAN_POINT ( 'NONE',  ( -7.780000000000002025, 27.00000000000000000, 9.430000000000001492 ) ) ;
#630 = DIRECTION ( 'NONE',  ( 1.000000000000000000, 0.000000000000000000, 0.000000000000000000 ) ) ;
#631 = VECTOR ( 'NONE', #641, 1000.000000000000000 ) ;
#632 = VERTEX_POINT ( 'NONE', #60 ) ;
#633 = PLANE ( 'NONE',  #1455 ) ;
#634 = DIRECTION ( 'NONE',  ( 0.000000000000000000, -1.000000000000000000, 0.000000000000000000 ) ) ;
#635 = VERTEX_POINT ( 'NONE', #550 ) ;
#636 = EDGE_LOOP ( 'NONE', ( #269, #1579, #1080, #808 ) ) ;
#637 = CARTESIAN_POINT ( 'NONE',  ( -5.999999999999986677, 2.000000000000000000, 1.250000000000062839 ) ) ;
#638 = ORIENTED_EDGE ( 'NONE', *, *, #553, .F. ) ;
#639 = ORIENTED_EDGE ( 'NONE', *, *, #210, .F. ) ;
#640 = DIRECTION ( 'NONE',  ( 0.000000000000000000, 1.000000000000000000, -0.000000000000000000 ) ) ;
#641 = DIRECTION ( 'NONE',  ( -0.000000000000000000, -1.000000000000000000, -0.000000000000000000 ) ) ;
#642 = FACE_BOUND ( 'NONE', #530, .T. ) ;
#643 = AXIS2_PLACEMENT_3D ( 'NONE', #650, #640, #198 ) ;
#644 = ORIENTED_EDGE ( 'NONE', *, *, #425, .T. ) ;
#645 = ORIENTED_EDGE ( 'NONE', *, *, #1011, .F. ) ;
#646 = CARTESIAN_POINT ( 'NONE',  ( -5.999999999999986677, 2.000000000000000000, 1.250000000000063061 ) ) ;
#647 = VECTOR ( 'NONE', #945, 1000.000000000000000 ) ;
#648 = PLANE ( 'NONE',  #1160 ) ;
#649 = ORIENTED_EDGE ( 'NONE', *, *, #1038, .F. ) ;
#650 = CARTESIAN_POINT ( 'NONE',  ( 7.779999999999998472, 27.00000000000000000, -7.780000000000003801 ) ) ;
#651 = DIRECTION ( 'NONE',  ( 9.856383386231859752E-18, 1.000000000000000000, 0.000000000000000000 ) ) ;
#652 = ORIENTED_EDGE ( 'NONE', *, *, #188, .T. ) ;
#653 = ORIENTED_EDGE ( 'NONE', *, *, #1263, .T. ) ;
#654 = AXIS2_PLACEMENT_3D ( 'NONE', #1190, #93, #447 ) ;
#655 = ORIENTED_EDGE ( 'NONE', *, *, #1474, .F. ) ;
#656 = AXIS2_PLACEMENT_3D ( 'NONE', #498, #233, #996 ) ;
#657 = ORIENTED_EDGE ( 'NONE', *, *, #262, .T. ) ;
#658 = VECTOR ( 'NONE', #351, 1000.000000000000000 ) ;
#659 = CARTESIAN_POINT ( 'NONE',  ( -16.00000000000000355, 27.00000000000000000, -16.00000000000000000 ) ) ;
#660 = DIRECTION ( 'NONE',  ( 0.000000000000000000, 1.000000000000000000, -0.000000000000000000 ) ) ;
#661 = VERTEX_POINT ( 'NONE', #186 ) ;
#662 = ORIENTED_EDGE ( 'NONE', *, *, #773, .T. ) ;
#663 = DIRECTION ( 'NONE',  ( 0.000000000000000000, 1.000000000000000000, -0.000000000000000000 ) ) ;
#664 = DIRECTION ( 'NONE',  ( -0.000000000000000000, -1.000000000000000000, -0.000000000000000000 ) ) ;
#665 = VERTEX_POINT ( 'NONE', #533 ) ;
#666 = VECTOR ( 'NONE', #532, 1000.000000000000000 ) ;
#667 = ORIENTED_EDGE ( 'NONE', *, *, #1471, .T. ) ;
#668 = ADVANCED_BREP_SHAPE_REPRESENTATION ( 'MPU', ( #259, #412 ), #1398 ) ;
#669 = ADVANCED_FACE ( 'NONE', ( #790 ), #1530, .F. ) ;
#670 = ADVANCED_FACE ( 'NONE', ( #1054 ), #1437, .F. ) ;
#671 = CARTESIAN_POINT ( 'NONE',  ( -6.000000000000013323, 2.000000000000000000, -1.249999999999937383 ) ) ;
#672 = DIRECTION ( 'NONE',  ( 0.000000000000000000, 1.000000000000000000, -0.000000000000000000 ) ) ;
#673 = EDGE_CURVE ( 'NONE', #713, #758, #223, .T. ) ;
#674 = EDGE_LOOP ( 'NONE', ( #1127, #683, #639, #63 ) ) ;
#675 = CARTESIAN_POINT ( 'NONE',  ( -1.250000000000000000, 2.000000000000000000, -3.000000000000000000 ) ) ;
#676 = VECTOR ( 'NONE', #911, 1000.000000000000000 ) ;
#677 = DIRECTION ( 'NONE',  ( -0.000000000000000000, -1.000000000000000000, -0.000000000000000000 ) ) ;
#678 = CARTESIAN_POINT ( 'NONE',  ( -3.000000000000000888, 2.000000000000000000, 3.000000000000000000 ) ) ;
#679 = LINE ( 'NONE', #90, #788 ) ;
#680 = CARTESIAN_POINT ( 'NONE',  ( 15.99999999999999645, 27.00000000000000000, 16.00000000000000000 ) ) ;
#681 = VECTOR ( 'NONE', #588, 1000.000000000000000 ) ;
#682 = FACE_BOUND ( 'NONE', #34, .T. ) ;
#683 = ORIENTED_EDGE ( 'NONE', *, *, #1488, .F. ) ;
#684 = ORIENTED_EDGE ( 'NONE', *, *, #603, .T. ) ;
#685 = CYLINDRICAL_SURFACE ( 'NONE', #1322, 1.650000000000000355 ) ;
#686 = EDGE_CURVE ( 'NONE', #876, #571, #561, .T. ) ;
#687 = CARTESIAN_POINT ( 'NONE',  ( 1.250000000000000222, 24.00000000000000000, -3.000000000000000000 ) ) ;
#688 = DIRECTION ( 'NONE',  ( -0.000000000000000000, 1.000000000000000000, -0.000000000000000000 ) ) ;
#689 = EDGE_LOOP ( 'NONE', ( #1393, #923, #105, #1177 ) ) ;
#690 = PLANE ( 'NONE',  #57 ) ;
#691 = DIRECTION ( 'NONE',  ( -0.000000000000000000, -0.000000000000000000, 1.000000000000000000 ) ) ;
#692 = ORIENTED_EDGE ( 'NONE', *, *, #374, .F. ) ;
#693 = FACE_OUTER_BOUND ( 'NONE', #1114, .T. ) ;
#694 = DIRECTION ( 'NONE',  ( -1.000000000000000000, -0.000000000000000000, 3.491481338843133355E-15 ) ) ;
#695 = ORIENTED_EDGE ( 'NONE', *, *, #494, .F. ) ;
#696 = VECTOR ( 'NONE', #1583, 1000.000000000000000 ) ;
#697 = DIRECTION ( 'NONE',  ( -1.000000000000000000, -0.000000000000000000, -0.000000000000000000 ) ) ;
#698 = ORIENTED_EDGE ( 'NONE', *, *, #100, .T. ) ;
#699 = ORIENTED_EDGE ( 'NONE', *, *, #81, .F. ) ;
#700 = DIRECTION ( 'NONE',  ( 0.000000000000000000, 0.000000000000000000, -1.000000000000000000 ) ) ;
#701 = APPLICATION_PROTOCOL_DEFINITION ( 'draft international standard', 'automotive_design', 1998, #1239 ) ;
#702 = EDGE_CURVE ( 'NONE', #579, #180, #185, .T. ) ;
#703 = DIRECTION ( 'NONE',  ( -1.000000000000000000, 0.000000000000000000, -0.000000000000000000 ) ) ;
#704 = EDGE_LOOP ( 'NONE', ( #1408, #1306, #1378, #1254 ) ) ;
#705 = CARTESIAN_POINT ( 'NONE',  ( -1.250000000000000222, 2.000000000000000000, 6.000000000000000000 ) ) ;
#706 = AXIS2_PLACEMENT_3D ( 'NONE', #1412, #434, #304 ) ;
#707 = DIRECTION ( 'NONE',  ( -0.000000000000000000, 1.000000000000000000, -0.000000000000000000 ) ) ;
#708 = AXIS2_PLACEMENT_3D ( 'NONE', #1194, #930, #1453 ) ;
#709 = ORIENTED_EDGE ( 'NONE', *, *, #1049, .T. ) ;
#710 = CARTESIAN_POINT ( 'NONE',  ( -17.50000000000000355, 2.000000000000000000, -20.00000000000000355 ) ) ;
#711 = LINE ( 'NONE', #247, #1532 ) ;
#712 = CARTESIAN_POINT ( 'NONE',  ( -1.250000000000000222, 2.000000000000000000, 6.000000000000000000 ) ) ;
#713 = VERTEX_POINT ( 'NONE', #1036 ) ;
#714 = PLANE ( 'NONE',  #331 ) ;
#715 = CARTESIAN_POINT ( 'NONE',  ( -1.250000000000000222, 2.000000000000000000, -6.000000000000000000 ) ) ;
#716 = CARTESIAN_POINT ( 'NONE',  ( 2.999999999999999112, 24.00000000000000000, 3.000000000000000000 ) ) ;
#717 = EDGE_LOOP ( 'NONE', ( #698, #1179, #290, #274 ) ) ;
#718 = CARTESIAN_POINT ( 'NONE',  ( -16.00000000000000355, 24.00000000000000000, -16.00000000000000000 ) ) ;
#719 = ADVANCED_FACE ( 'NONE', ( #540 ), #1147, .F. ) ;
#720 = ADVANCED_FACE ( 'NONE', ( #1511 ), #397, .F. ) ;
#721 = FILL_AREA_STYLE ('',( #239 ) ) ;
#722 = AXIS2_PLACEMENT_3D ( 'NONE', #1535, #905, #772 ) ;
#723 = EDGE_CURVE ( 'NONE', #392, #822, #350, .T. ) ;
#724 = DIRECTION ( 'NONE',  ( 0.000000000000000000, 0.000000000000000000, 1.000000000000000000 ) ) ;
#725 = FACE_OUTER_BOUND ( 'NONE', #147, .T. ) ;
#726 = VECTOR ( 'NONE', #460, 1000.000000000000000 ) ;
#727 = DIRECTION ( 'NONE',  ( 0.000000000000000000, 0.000000000000000000, 1.000000000000000000 ) ) ;
#728 = EDGE_LOOP ( 'NONE', ( #1047, #1003, #1508, #328 ) ) ;
#729 = EDGE_LOOP ( 'NONE', ( #1045, #400, #11, #200 ) ) ;
#730 = DIRECTION ( 'NONE',  ( 0.000000000000000000, 1.000000000000000000, -0.000000000000000000 ) ) ;
#731 = CARTESIAN_POINT ( 'NONE',  ( 2.999999999999999112, 24.00000000000000000, 3.000000000000000000 ) ) ;
#732 = EDGE_CURVE ( 'NONE', #1244, #324, #1185, .T. ) ;
#733 = CARTESIAN_POINT ( 'NONE',  ( -3.000000000000000888, 24.00000000000000000, -3.000000000000000000 ) ) ;
#734 = FACE_BOUND ( 'NONE', #1124, .T. ) ;
#735 = DIRECTION ( 'NONE',  ( -0.000000000000000000, -1.000000000000000000, -0.000000000000000000 ) ) ;
#736 = ORIENTED_EDGE ( 'NONE', *, *, #51, .F. ) ;
#737 = CIRCLE ( 'NONE', #378, 1.600000000000002531 ) ;
#738 = DIRECTION ( 'NONE',  ( 1.000000000000000000, -0.000000000000000000, -1.047444401652939849E-14 ) ) ;
#739 = VECTOR ( 'NONE', #1485, 1000.000000000000000 ) ;
#740 = EDGE_CURVE ( 'NONE', #1081, #118, #1420, .T. ) ;
#741 = CARTESIAN_POINT ( 'NONE',  ( 5.999999999999995559, 2.000000000000000000, -1.250000000000020872 ) ) ;
#742 = CARTESIAN_POINT ( 'NONE',  ( -7.780000000000002025, 24.00000000000000000, 7.780000000000000249 ) ) ;
#743 = LINE ( 'NONE', #16, #1009 ) ;
#744 = LINE ( 'NONE', #1497, #1495 ) ;
#745 = VERTEX_POINT ( 'NONE', #321 ) ;
#746 = LINE ( 'NONE', #1515, #1116 ) ;
#747 = VECTOR ( 'NONE', #928, 1000.000000000000000 ) ;
#748 = DIRECTION ( 'NONE',  ( 0.000000000000000000, 0.000000000000000000, -1.000000000000000000 ) ) ;
#749 = CARTESIAN_POINT ( 'NONE',  ( 7.779999999999998472, 27.00000000000000000, 6.130000000000003446 ) ) ;
#750 = EDGE_CURVE ( 'NONE', #1255, #1161, #1053, .T. ) ;
#751 = ORIENTED_EDGE ( 'NONE', *, *, #1187, .F. ) ;
#752 = AXIS2_PLACEMENT_3D ( 'NONE', #1399, #291, #457 ) ;
#753 = DIRECTION ( 'NONE',  ( -0.000000000000000000, 1.000000000000000000, -0.000000000000000000 ) ) ;
#754 = ADVANCED_FACE ( 'NONE', ( #560 ), #690, .F. ) ;
#755 = VERTEX_POINT ( 'NONE', #820 ) ;
#756 = CYLINDRICAL_SURFACE ( 'NONE', #543, 1.650000000000000355 ) ;
#757 = PLANE ( 'NONE',  #1391 ) ;
#758 = VERTEX_POINT ( 'NONE', #1193 ) ;
#759 = ORIENTED_EDGE ( 'NONE', *, *, #29, .T. ) ;
#760 = DIRECTION ( 'NONE',  ( 1.047444401652939849E-14, 0.000000000000000000, 1.000000000000000000 ) ) ;
#761 = FACE_OUTER_BOUND ( 'NONE', #728, .T. ) ;
#762 = ORIENTED_EDGE ( 'NONE', *, *, #1354, .T. ) ;
#763 = ORIENTED_EDGE ( 'NONE', *, *, #1011, .T. ) ;
#764 = DIRECTION ( 'NONE',  ( -0.000000000000000000, -0.000000000000000000, -1.000000000000000000 ) ) ;
#765 = CARTESIAN_POINT ( 'NONE',  ( -12.50000000000000355, 0.000000000000000000, 15.00000000000000000 ) ) ;
#766 = FACE_BOUND ( 'NONE', #70, .T. ) ;
#767 = ORIENTED_EDGE ( 'NONE', *, *, #461, .F. ) ;
#768 = ORIENTED_EDGE ( 'NONE', *, *, #898, .T. ) ;
#769 = DIRECTION ( 'NONE',  ( 0.000000000000000000, 0.000000000000000000, -1.000000000000000000 ) ) ;
#770 = EDGE_CURVE ( 'NONE', #824, #163, #248, .T. ) ;
#771 = ORIENTED_EDGE ( 'NONE', *, *, #558, .F. ) ;
#772 = DIRECTION ( 'NONE',  ( 0.000000000000000000, 0.000000000000000000, -1.000000000000000000 ) ) ;
#773 = EDGE_CURVE ( 'NONE', #1319, #1461, #130, .T. ) ;
#774 = CARTESIAN_POINT ( 'NONE',  ( 1.250000000000000222, 2.000000000000000000, -6.000000000000000000 ) ) ;
#775 = EDGE_LOOP ( 'NONE', ( #235, #649, #699, #1166 ) ) ;
#776 = VERTEX_POINT ( 'NONE', #102 ) ;
#777 = CIRCLE ( 'NONE', #962, 1.650000000000000355 ) ;
#778 = ORIENTED_EDGE ( 'NONE', *, *, #73, .F. ) ;
#779 = EDGE_LOOP ( 'NONE', ( #1164, #140, #1008, #709 ) ) ;
#780 = EDGE_CURVE ( 'NONE', #997, #1332, #1320, .T. ) ;
#781 = DIRECTION ( 'NONE',  ( 0.000000000000000000, 0.000000000000000000, -1.000000000000000000 ) ) ;
#782 = CARTESIAN_POINT ( 'NONE',  ( -1.250000000000000222, 2.000000000000000000, 3.000000000000000000 ) ) ;
#783 = VERTEX_POINT ( 'NONE', #1452 ) ;
#784 = VERTEX_POINT ( 'NONE', #1289 ) ;
#785 = CLOSED_SHELL ( 'NONE', ( #1432, #970, #719, #55, #1546, #900, #1334, #1183, #1018, #823, #1207, #538, #295, #399, #669, #1591, #921, #503, #964, #1309, #278, #244, #1574, #856, #62, #456, #720, #557, #170, #284, #1131, #1117, #1253, #1379, #903, #15, #754, #445, #981, #1072, #1433, #807, #345, #670, #275, #165, #327, #311 ) ) ;
#786 = VECTOR ( 'NONE', #33, 1000.000000000000000 ) ;
#787 = LINE ( 'NONE', #190, #225 ) ;
#788 = VECTOR ( 'NONE', #885, 1000.000000000000000 ) ;
#789 = PLANE ( 'NONE',  #1222 ) ;
#790 = FACE_OUTER_BOUND ( 'NONE', #689, .T. ) ;
#791 = ORIENTED_EDGE ( 'NONE', *, *, #1068, .T. ) ;
#792 = PRODUCT_DEFINITION_FORMATION_WITH_SPECIFIED_SOURCE ( 'ไป', '', #868, .NOT_KNOWN. ) ;
#793 = EDGE_CURVE ( 'NONE', #323, #1221, #679, .T. ) ;
#794 = ORIENTED_EDGE ( 'NONE', *, *, #623, .F. ) ;
#795 = DIRECTION ( 'NONE',  ( -0.000000000000000000, -1.000000000000000000, -0.000000000000000000 ) ) ;
#796 = LINE ( 'NONE', #84, #1157 ) ;
#797 = DIRECTION ( 'NONE',  ( 0.000000000000000000, 1.000000000000000000, -0.000000000000000000 ) ) ;
#798 = PRODUCT_DEFINITION_CONTEXT ( 'detailed design', #1239, 'design' ) ;
#799 = EDGE_CURVE ( 'NONE', #168, #1448, #39, .T. ) ;
#800 = VECTOR ( 'NONE', #191, 1000.000000000000000 ) ;
#801 = VERTEX_POINT ( 'NONE', #329 ) ;
#802 = DIRECTION ( 'NONE',  ( -0.000000000000000000, -1.000000000000000000, -0.000000000000000000 ) ) ;
#803 = CARTESIAN_POINT ( 'NONE',  ( -17.50000000000000355, 0.000000000000000000, 19.99999999999999645 ) ) ;
#804 = DIRECTION ( 'NONE',  ( 0.000000000000000000, 1.000000000000000000, 0.000000000000000000 ) ) ;
#805 = CARTESIAN_POINT ( 'NONE',  ( 7.779999999999998472, 27.00000000000000000, 7.780000000000003801 ) ) ;
#806 = AXIS2_PLACEMENT_3D ( 'NONE', #192, #672, #929 ) ;
#807 = ADVANCED_FACE ( 'NONE', ( #1205 ), #451, .F. ) ;
#808 = ORIENTED_EDGE ( 'NONE', *, *, #1373, .T. ) ;
#809 = CARTESIAN_POINT ( 'NONE',  ( 1.250000000000000222, 24.00000000000000000, 3.000000000000000000 ) ) ;
#810 = AXIS2_PLACEMENT_3D ( 'NONE', #1201, #440, #939 ) ;
#811 = FACE_OUTER_BOUND ( 'NONE', #979, .T. ) ;
#812 = FACE_OUTER_BOUND ( 'NONE', #122, .T. ) ;
#813 = VECTOR ( 'NONE', #161, 1000.000000000000000 ) ;
#814 = EDGE_LOOP ( 'NONE', ( #35, #1099, #759, #1503 ) ) ;
#815 = DIRECTION ( 'NONE',  ( -0.000000000000000000, 1.000000000000000000, -0.000000000000000000 ) ) ;
#816 = VECTOR ( 'NONE', #480, 1000.000000000000000 ) ;
#817 = CYLINDRICAL_SURFACE ( 'NONE', #528, 1.600000000000002531 ) ;
#818 = DIRECTION ( 'NONE',  ( -1.000000000000000000, -0.000000000000000000, 3.491481338843133355E-15 ) ) ;
#819 = CARTESIAN_POINT ( 'NONE',  ( -1.250000000000000222, 24.00000000000000000, 6.000000000000000000 ) ) ;
#820 = CARTESIAN_POINT ( 'NONE',  ( -17.50000000000000355, 2.000000000000000000, 19.99999999999999645 ) ) ;
#821 = LINE ( 'NONE', #1314, #591 ) ;
#822 = VERTEX_POINT ( 'NONE', #111 ) ;
#823 = ADVANCED_FACE ( 'NONE', ( #585, #354, #1566, #682, #1088, #1575 ), #224, .T. ) ;
#824 = VERTEX_POINT ( 'NONE', #1430 ) ;
#825 = CIRCLE ( 'NONE', #1249, 1.600000000000000755 ) ;
#826 = CARTESIAN_POINT ( 'NONE',  ( 2.999999999999999112, 2.000000000000000000, 3.000000000000000000 ) ) ;
#827 = DIRECTION ( 'NONE',  ( 1.000000000000000000, -0.000000000000000000, 0.000000000000000000 ) ) ;
#828 = DIRECTION ( 'NONE',  ( 1.000000000000000000, 0.000000000000000000, 0.000000000000000000 ) ) ;
#829 = ORIENTED_EDGE ( 'NONE', *, *, #702, .T. ) ;
#830 = VECTOR ( 'NONE', #834, 1000.000000000000000 ) ;
#831 = DIRECTION ( 'NONE',  ( -9.856383386231859752E-18, 1.000000000000000000, 0.000000000000000000 ) ) ;
#832 = DIRECTION ( 'NONE',  ( -0.000000000000000000, 1.000000000000000000, -0.000000000000000000 ) ) ;
#833 = ORIENTED_EDGE ( 'NONE', *, *, #1090, .T. ) ;
#834 = DIRECTION ( 'NONE',  ( -0.000000000000000000, -0.000000000000000000, 1.000000000000000000 ) ) ;
#835 = DIRECTION ( 'NONE',  ( -1.000000000000000000, 0.000000000000000000, 0.000000000000000000 ) ) ;
#836 = EDGE_LOOP ( 'NONE', ( #883, #285, #1401, #852 ) ) ;
#837 = DIRECTION ( 'NONE',  ( 0.000000000000000000, 1.000000000000000000, -0.000000000000000000 ) ) ;
#838 = DIRECTION ( 'NONE',  ( 0.000000000000000000, -0.000000000000000000, -1.000000000000000000 ) ) ;
#839 = VECTOR ( 'NONE', #179, 1000.000000000000000 ) ;
#840 = EDGE_CURVE ( 'NONE', #1448, #492, #570, .T. ) ;
#841 = EDGE_CURVE ( 'NONE', #853, #66, #1331, .T. ) ;
#842 = EDGE_LOOP ( 'NONE', ( #628, #1348 ) ) ;
#843 = ORIENTED_EDGE ( 'NONE', *, *, #881, .T. ) ;
#844 = EDGE_CURVE ( 'NONE', #947, #665, #955, .T. ) ;
#845 = DIRECTION ( 'NONE',  ( 1.000000000000000000, 0.000000000000000000, -0.000000000000000000 ) ) ;
#846 = EDGE_CURVE ( 'NONE', #217, #324, #577, .T. ) ;
#847 = CARTESIAN_POINT ( 'NONE',  ( 5.999999999999995559, 24.00000000000000000, -1.250000000000021094 ) ) ;
#848 = FACE_OUTER_BOUND ( 'NONE', #1277, .T. ) ;
#849 = DIRECTION ( 'NONE',  ( -1.000000000000000000, 0.000000000000000000, 0.000000000000000000 ) ) ;
#850 = EDGE_CURVE ( 'NONE', #713, #42, #821, .T. ) ;
#851 = CARTESIAN_POINT ( 'NONE',  ( 12.49999999999999645, 0.000000000000000000, 15.00000000000000711 ) ) ;
#852 = ORIENTED_EDGE ( 'NONE', *, *, #750, .T. ) ;
#853 = VERTEX_POINT ( 'NONE', #715 ) ;
#854 = EDGE_CURVE ( 'NONE', #427, #632, #1019, .T. ) ;
#855 = CARTESIAN_POINT ( 'NONE',  ( 7.779999999999998472, 27.00000000000000000, -7.780000000000003801 ) ) ;
#856 = ADVANCED_FACE ( 'NONE', ( #232 ), #817, .F. ) ;
#857 =( NAMED_UNIT ( * ) PLANE_ANGLE_UNIT ( ) SI_UNIT ( $, .RADIAN. ) );
#858 = VECTOR ( 'NONE', #1501, 1000.000000000000000 ) ;
#859 = DIRECTION ( 'NONE',  ( 1.000000000000000000, 9.856383386231859752E-18, 0.000000000000000000 ) ) ;
#860 = CYLINDRICAL_SURFACE ( 'NONE', #1091, 1.650000000000000355 ) ;
#861 = AXIS2_PLACEMENT_3D ( 'NONE', #710, #1568, #845 ) ;
#862 = CARTESIAN_POINT ( 'NONE',  ( 12.49999999999999645, 0.000000000000000000, -15.00000000000000711 ) ) ;
#863 = EDGE_CURVE ( 'NONE', #853, #168, #1463, .T. ) ;
#864 = VERTEX_POINT ( 'NONE', #1305 ) ;
#865 = ORIENTED_EDGE ( 'NONE', *, *, #799, .F. ) ;
#866 = LINE ( 'NONE', #826, #216 ) ;
#867 = LINE ( 'NONE', #1335, #1367 ) ;
#868 = PRODUCT ( 'MPU', 'MPU', '', ( #125 ) ) ;
#869 = FACE_OUTER_BOUND ( 'NONE', #1296, .T. ) ;
#870 = LINE ( 'NONE', #1371, #858 ) ;
#871 = DIRECTION ( 'NONE',  ( 1.000000000000000000, -0.000000000000000000, -1.047444401652939849E-14 ) ) ;
#872 = ORIENTED_EDGE ( 'NONE', *, *, #597, .F. ) ;
#873 = CIRCLE ( 'NONE', #501, 1.650000000000000355 ) ;
#874 = FACE_BOUND ( 'NONE', #226, .T. ) ;
#875 = VECTOR ( 'NONE', #835, 1000.000000000000000 ) ;
#876 = VERTEX_POINT ( 'NONE', #458 ) ;
#877 = DIRECTION ( 'NONE',  ( -0.000000000000000000, 1.000000000000000000, -0.000000000000000000 ) ) ;
#878 = LINE ( 'NONE', #1372, #786 ) ;
#879 = EDGE_LOOP ( 'NONE', ( #1464, #1374, #1490, #352 ) ) ;
#880 = CARTESIAN_POINT ( 'NONE',  ( -12.50000000000000355, 0.000000000000000000, 15.00000000000000000 ) ) ;
#881 = EDGE_CURVE ( 'NONE', #661, #1061, #215, .T. ) ;
#882 = EDGE_LOOP ( 'NONE', ( #767, #653, #1150, #376 ) ) ;
#883 = ORIENTED_EDGE ( 'NONE', *, *, #1065, .T. ) ;
#884 = VECTOR ( 'NONE', #8, 1000.000000000000000 ) ;
#885 = DIRECTION ( 'NONE',  ( -0.000000000000000000, -0.000000000000000000, -1.000000000000000000 ) ) ;
#886 = CARTESIAN_POINT ( 'NONE',  ( -3.000000000000000888, 24.00000000000000000, -3.000000000000000000 ) ) ;
#887 = LINE ( 'NONE', #1155, #1569 ) ;
#888 = ORIENTED_EDGE ( 'NONE', *, *, #881, .F. ) ;
#889 = VERTEX_POINT ( 'NONE', #120 ) ;
#890 = CARTESIAN_POINT ( 'NONE',  ( 1.250000000000000222, 2.000000000000000000, -3.000000000000000000 ) ) ;
#891 = ORIENTED_EDGE ( 'NONE', *, *, #1351, .F. ) ;
#892 = ORIENTED_EDGE ( 'NONE', *, *, #1027, .F. ) ;
#893 = DIRECTION ( 'NONE',  ( 0.000000000000000000, 0.000000000000000000, -1.000000000000000000 ) ) ;
#894 = DIRECTION ( 'NONE',  ( -1.000000000000000000, 0.000000000000000000, 0.000000000000000000 ) ) ;
#895 = ORIENTED_EDGE ( 'NONE', *, *, #1494, .F. ) ;
#896 = CIRCLE ( 'NONE', #654, 1.600000000000000755 ) ;
#897 = ORIENTED_EDGE ( 'NONE', *, *, #1302, .F. ) ;
#898 = EDGE_CURVE ( 'NONE', #632, #427, #994, .T. ) ;
#899 = CARTESIAN_POINT ( 'NONE',  ( -3.000000000000000888, 2.000000000000000000, -3.000000000000000000 ) ) ;
#900 = ADVANCED_FACE ( 'NONE', ( #935 ), #322, .F. ) ;
#901 = AXIS2_PLACEMENT_3D ( 'NONE', #1106, #264, #1250 ) ;
#902 = CIRCLE ( 'NONE', #64, 1.650000000000000355 ) ;
#903 = ADVANCED_FACE ( 'NONE', ( #725 ), #756, .F. ) ;
#904 = ORIENTED_EDGE ( 'NONE', *, *, #1203, .T. ) ;
#905 = DIRECTION ( 'NONE',  ( 1.000000000000000000, -0.000000000000000000, 0.000000000000000000 ) ) ;
#906 = EDGE_LOOP ( 'NONE', ( #414, #1174, #1230, #1543 ) ) ;
#907 = ORIENTED_EDGE ( 'NONE', *, *, #1299, .T. ) ;
#908 = LINE ( 'NONE', #28, #518 ) ;
#909 = EDGE_CURVE ( 'NONE', #1513, #88, #473, .T. ) ;
#910 = ORIENTED_EDGE ( 'NONE', *, *, #846, .F. ) ;
#911 = DIRECTION ( 'NONE',  ( 0.000000000000000000, -1.000000000000000000, 0.000000000000000000 ) ) ;
#912 = LINE ( 'NONE', #549, #45 ) ;
#913 = AXIS2_PLACEMENT_3D ( 'NONE', #228, #1092, #469 ) ;
#914 = CARTESIAN_POINT ( 'NONE',  ( 1.250000000000000000, 2.000000000000000000, 3.000000000000000000 ) ) ;
#915 = ORIENTED_EDGE ( 'NONE', *, *, #793, .T. ) ;
#916 = ORIENTED_EDGE ( 'NONE', *, *, #1588, .F. ) ;
#917 = VECTOR ( 'NONE', #932, 1000.000000000000000 ) ;
#918 = DIRECTION ( 'NONE',  ( 0.000000000000000000, 0.000000000000000000, 1.000000000000000000 ) ) ;
#919 = CYLINDRICAL_SURFACE ( 'NONE', #306, 1.650000000000000355 ) ;
#920 = LINE ( 'NONE', #1035, #589 ) ;
#921 = ADVANCED_FACE ( 'NONE', ( #504 ), #1256, .F. ) ;
#922 = CARTESIAN_POINT ( 'NONE',  ( 12.49999999999999645, 2.000000000000000000, 15.00000000000000711 ) ) ;
#923 = ORIENTED_EDGE ( 'NONE', *, *, #844, .T. ) ;
#924 = ORIENTED_EDGE ( 'NONE', *, *, #262, .F. ) ;
#925 = VECTOR ( 'NONE', #429, 1000.000000000000000 ) ;
#926 = DIRECTION ( 'NONE',  ( 0.000000000000000000, 0.000000000000000000, -1.000000000000000000 ) ) ;
#927 = VECTOR ( 'NONE', #1055, 1000.000000000000000 ) ;
#928 = DIRECTION ( 'NONE',  ( 1.000000000000000000, 0.000000000000000000, 0.000000000000000000 ) ) ;
#929 = DIRECTION ( 'NONE',  ( 0.000000000000000000, 0.000000000000000000, -1.000000000000000000 ) ) ;
#930 = DIRECTION ( 'NONE',  ( -1.000000000000000000, 0.000000000000000000, -0.000000000000000000 ) ) ;
#931 = EDGE_LOOP ( 'NONE', ( #1073, #58 ) ) ;
#932 = DIRECTION ( 'NONE',  ( -9.856383386231859752E-18, 1.000000000000000000, 0.000000000000000000 ) ) ;
#933 = LINE ( 'NONE', #803, #450 ) ;
#934 = DIRECTION ( 'NONE',  ( -9.856383386231859752E-18, -1.000000000000000000, 0.000000000000000000 ) ) ;
#935 = FACE_OUTER_BOUND ( 'NONE', #171, .T. ) ;
#936 = AXIS2_PLACEMENT_3D ( 'NONE', #430, #184, #1545 ) ;
#937 = EDGE_LOOP ( 'NONE', ( #95, #441, #1404, #1518 ) ) ;
#938 = VECTOR ( 'NONE', #828, 1000.000000000000000 ) ;
#939 = DIRECTION ( 'NONE',  ( 0.000000000000000000, 0.000000000000000000, -1.000000000000000000 ) ) ;
#940 = CARTESIAN_POINT ( 'NONE',  ( -3.000000000000000888, 2.000000000000000000, -3.000000000000000000 ) ) ;
#941 = CARTESIAN_POINT ( 'NONE',  ( -7.780000000000002025, 27.00000000000000000, -9.430000000000001492 ) ) ;
#942 = VERTEX_POINT ( 'NONE', #610 ) ;
#943 = VECTOR ( 'NONE', #691, 1000.000000000000000 ) ;
#944 = CARTESIAN_POINT ( 'NONE',  ( -7.780000000000002025, 27.00000000000000000, -7.780000000000000249 ) ) ;
#945 = DIRECTION ( 'NONE',  ( 1.000000000000000000, 0.000000000000000000, 0.000000000000000000 ) ) ;
#946 = VECTOR ( 'NONE', #1014, 1000.000000000000000 ) ;
#947 = VERTEX_POINT ( 'NONE', #360 ) ;
#948 = MECHANICAL_DESIGN_GEOMETRIC_PRESENTATION_REPRESENTATION (  '', ( #1467 ), #1107 ) ;
#949 = DIRECTION ( 'NONE',  ( -0.000000000000000000, -0.000000000000000000, 1.000000000000000000 ) ) ;
#950 = ORIENTED_EDGE ( 'NONE', *, *, #1471, .F. ) ;
#951 = CARTESIAN_POINT ( 'NONE',  ( 3.000000000000004441, 2.000000000000000000, 1.249999999999989786 ) ) ;
#952 = DIRECTION ( 'NONE',  ( -1.000000000000000000, 0.000000000000000000, 0.000000000000000000 ) ) ;
#953 = VERTEX_POINT ( 'NONE', #1496 ) ;
#954 = DIRECTION ( 'NONE',  ( 0.000000000000000000, 0.000000000000000000, 1.000000000000000000 ) ) ;
#955 = LINE ( 'NONE', #1438, #197 ) ;
#956 = ORIENTED_EDGE ( 'NONE', *, *, #770, .F. ) ;
#957 = AXIS2_PLACEMENT_3D ( 'NONE', #299, #396, #169 ) ;
#958 = CARTESIAN_POINT ( 'NONE',  ( 12.49999999999999645, 0.000000000000000000, -15.00000000000000711 ) ) ;
#959 = DIRECTION ( 'NONE',  ( 1.000000000000000000, 0.000000000000000000, 0.000000000000000000 ) ) ;
#960 = CARTESIAN_POINT ( 'NONE',  ( -7.780000000000002025, 27.00000000000000000, -7.780000000000000249 ) ) ;
#961 = ORIENTED_EDGE ( 'NONE', *, *, #1588, .T. ) ;
#962 = AXIS2_PLACEMENT_3D ( 'NONE', #855, #730, #1109 ) ;
#963 = DIRECTION ( 'NONE',  ( -3.491481338843133355E-15, 0.000000000000000000, -1.000000000000000000 ) ) ;
#964 = ADVANCED_FACE ( 'NONE', ( #1111 ), #633, .F. ) ;
#965 = CARTESIAN_POINT ( 'NONE',  ( 7.779999999999998472, 27.00000000000000000, 7.780000000000003801 ) ) ;
#966 = EDGE_CURVE ( 'NONE', #180, #542, #380, .T. ) ;
#967 = VERTEX_POINT ( 'NONE', #490 ) ;
#968 = FACE_OUTER_BOUND ( 'NONE', #273, .T. ) ;
#969 = DIRECTION ( 'NONE',  ( 0.000000000000000000, 0.000000000000000000, -1.000000000000000000 ) ) ;
#970 = ADVANCED_FACE ( 'NONE', ( #987 ), #860, .F. ) ;
#971 = VECTOR ( 'NONE', #1070, 1000.000000000000000 ) ;
#972 = DIRECTION ( 'NONE',  ( 0.000000000000000000, 0.000000000000000000, 1.000000000000000000 ) ) ;
#973 = CIRCLE ( 'NONE', #605, 1.600000000000000755 ) ;
#974 = CARTESIAN_POINT ( 'NONE',  ( 7.779999999999998472, 27.00000000000000000, 7.780000000000003801 ) ) ;
#975 = DIRECTION ( 'NONE',  ( 0.000000000000000000, 0.000000000000000000, -1.000000000000000000 ) ) ;
#976 = VECTOR ( 'NONE', #1241, 1000.000000000000000 ) ;
#977 = EDGE_CURVE ( 'NONE', #502, #783, #743, .T. ) ;
#978 = EDGE_LOOP ( 'NONE', ( #567, #194, #1555, #208 ) ) ;
#979 = EDGE_LOOP ( 'NONE', ( #409, #1489, #1017, #1576 ) ) ;
#980 = LINE ( 'NONE', #1100, #568 ) ;
#981 = ADVANCED_FACE ( 'NONE', ( #1477 ), #625, .F. ) ;
#982 = CARTESIAN_POINT ( 'NONE',  ( 17.49999999999999645, 2.000000000000000000, 19.99999999999999645 ) ) ;
#983 = FACE_OUTER_BOUND ( 'NONE', #1095, .T. ) ;
#984 = ORIENTED_EDGE ( 'NONE', *, *, #854, .T. ) ;
#985 = CARTESIAN_POINT ( 'NONE',  ( -6.000000000000013323, 24.00000000000000000, -1.249999999999937383 ) ) ;
#986 = CARTESIAN_POINT ( 'NONE',  ( 2.999999999999999112, 24.00000000000000000, 3.000000000000000000 ) ) ;
#987 = FACE_OUTER_BOUND ( 'NONE', #159, .T. ) ;
#988 = AXIS2_PLACEMENT_3D ( 'NONE', #1396, #760, #1499 ) ;
#989 = ORIENTED_EDGE ( 'NONE', *, *, #486, .T. ) ;
#990 = FACE_BOUND ( 'NONE', #516, .T. ) ;
#991 = FACE_OUTER_BOUND ( 'NONE', #1582, .T. ) ;
#992 = CARTESIAN_POINT ( 'NONE',  ( -7.780000000000002025, 27.00000000000000000, 7.780000000000000249 ) ) ;
#993 = CARTESIAN_POINT ( 'NONE',  ( -7.780000000000002025, 27.00000000000000000, 9.430000000000001492 ) ) ;
#994 = CIRCLE ( 'NONE', #305, 1.650000000000000355 ) ;
#995 = EDGE_CURVE ( 'NONE', #1237, #1292, #1486, .T. ) ;
#996 = DIRECTION ( 'NONE',  ( -1.000000000000000000, 0.000000000000000000, -0.000000000000000000 ) ) ;
#997 = VERTEX_POINT ( 'NONE', #129 ) ;
#998 = VECTOR ( 'NONE', #1400, 1000.000000000000000 ) ;
#999 = CARTESIAN_POINT ( 'NONE',  ( 7.779999999999998472, 24.00000000000000000, -7.780000000000003801 ) ) ;
#1000 = VERTEX_POINT ( 'NONE', #1105 ) ;
#1001 = DIRECTION ( 'NONE',  ( -1.000000000000000000, 0.000000000000000000, -0.000000000000000000 ) ) ;
#1002 = PLANE ( 'NONE',  #5 ) ;
#1003 = ORIENTED_EDGE ( 'NONE', *, *, #1049, .F. ) ;
#1004 = ORIENTED_EDGE ( 'NONE', *, *, #732, .F. ) ;
#1005 = FACE_OUTER_BOUND ( 'NONE', #906, .T. ) ;
#1006 = DIRECTION ( 'NONE',  ( 1.000000000000000000, -0.000000000000000000, 0.000000000000000000 ) ) ;
#1007 = VERTEX_POINT ( 'NONE', #600 ) ;
#1008 = ORIENTED_EDGE ( 'NONE', *, *, #115, .F. ) ;
#1009 = VECTOR ( 'NONE', #1345, 1000.000000000000000 ) ;
#1010 = DIRECTION ( 'NONE',  ( 0.000000000000000000, 0.000000000000000000, -1.000000000000000000 ) ) ;
#1011 = EDGE_CURVE ( 'NONE', #632, #1312, #373, .T. ) ;
#1012 = EDGE_CURVE ( 'NONE', #755, #784, #870, .T. ) ;
#1013 = DIRECTION ( 'NONE',  ( -0.000000000000000000, -1.000000000000000000, -0.000000000000000000 ) ) ;
#1014 = DIRECTION ( 'NONE',  ( -1.000000000000000000, -0.000000000000000000, -0.000000000000000000 ) ) ;
#1015 = VECTOR ( 'NONE', #694, 1000.000000000000000 ) ;
#1016 = ORIENTED_EDGE ( 'NONE', *, *, #686, .F. ) ;
#1017 = ORIENTED_EDGE ( 'NONE', *, *, #995, .T. ) ;
#1018 = ADVANCED_FACE ( 'NONE', ( #1356, #1234, #1365, #249, #263, #734 ), #386, .F. ) ;
#1019 = CIRCLE ( 'NONE', #1355, 1.650000000000000355 ) ;
#1020 = PLANE ( 'NONE',  #988 ) ;
#1021 = DIRECTION ( 'NONE',  ( 0.000000000000000000, 1.000000000000000000, 0.000000000000000000 ) ) ;
#1022 = ORIENTED_EDGE ( 'NONE', *, *, #437, .T. ) ;
#1023 = VECTOR ( 'NONE', #1313, 1000.000000000000000 ) ;
#1024 = VERTEX_POINT ( 'NONE', #993 ) ;
#1025 = CARTESIAN_POINT ( 'NONE',  ( 1.250000000000000222, 24.00000000000000000, -6.000000000000000000 ) ) ;
#1026 = CARTESIAN_POINT ( 'NONE',  ( -1.250000000000000222, 24.00000000000000000, 6.000000000000000000 ) ) ;
#1027 = EDGE_CURVE ( 'NONE', #152, #1292, #1172, .T. ) ;
#1028 = ORIENTED_EDGE ( 'NONE', *, *, #840, .F. ) ;
#1029 = ORIENTED_EDGE ( 'NONE', *, *, #438, .T. ) ;
#1030 = DIRECTION ( 'NONE',  ( -0.000000000000000000, 1.000000000000000000, -0.000000000000000000 ) ) ;
#1031 = AXIS2_PLACEMENT_3D ( 'NONE', #851, #1235, #727 ) ;
#1032 = CARTESIAN_POINT ( 'NONE',  ( 0.000000000000000000, 0.000000000000000000, -6.000000000000000000 ) ) ;
#1033 = AXIS2_PLACEMENT_3D ( 'NONE', #1329, #1476, #1086 ) ;
#1034 = CARTESIAN_POINT ( 'NONE',  ( -7.780000000000002025, 27.00000000000000000, 6.129999999999999893 ) ) ;
#1035 = CARTESIAN_POINT ( 'NONE',  ( 1.250000000000000222, 2.000000000000000000, -3.000000000000000000 ) ) ;
#1036 = CARTESIAN_POINT ( 'NONE',  ( 15.99999999999999645, 27.00000000000000000, 16.00000000000000000 ) ) ;
#1037 = DIRECTION ( 'NONE',  ( 0.000000000000000000, 1.000000000000000000, 0.000000000000000000 ) ) ;
#1038 = EDGE_CURVE ( 'NONE', #1108, #42, #307, .T. ) ;
#1039 = EDGE_LOOP ( 'NONE', ( #586, #956, #644, #652 ) ) ;
#1040 = ORIENTED_EDGE ( 'NONE', *, *, #566, .T. ) ;
#1041 = LINE ( 'NONE', #421, #925 ) ;
#1042 = DIRECTION ( 'NONE',  ( -1.047444401652939849E-14, 9.856383386231859752E-18, -1.000000000000000000 ) ) ;
#1043 = AXIS2_PLACEMENT_3D ( 'NONE', #363, #1215, #487 ) ;
#1044 = FACE_OUTER_BOUND ( 'NONE', #2, .T. ) ;
#1045 = ORIENTED_EDGE ( 'NONE', *, *, #1298, .T. ) ;
#1046 = ORIENTED_EDGE ( 'NONE', *, *, #863, .F. ) ;
#1047 = ORIENTED_EDGE ( 'NONE', *, *, #1352, .T. ) ;
#1048 = VECTOR ( 'NONE', #1300, 1000.000000000000000 ) ;
#1049 = EDGE_CURVE ( 'NONE', #1434, #967, #59, .T. ) ;
#1050 = VERTEX_POINT ( 'NONE', #282 ) ;
#1051 = DIRECTION ( 'NONE',  ( 3.491481338843133355E-15, -0.000000000000000000, 1.000000000000000000 ) ) ;
#1052 = FACE_OUTER_BOUND ( 'NONE', #310, .T. ) ;
#1053 = LINE ( 'NONE', #1171, #524 ) ;
#1054 = FACE_OUTER_BOUND ( 'NONE', #1132, .T. ) ;
#1055 = DIRECTION ( 'NONE',  ( -1.000000000000000000, -0.000000000000000000, -0.000000000000000000 ) ) ;
#1056 = EDGE_CURVE ( 'NONE', #66, #1513, #1162, .T. ) ;
#1057 = ORIENTED_EDGE ( 'NONE', *, *, #977, .T. ) ;
#1058 = CARTESIAN_POINT ( 'NONE',  ( 12.49999999999999645, 2.000000000000000000, -13.40000000000000391 ) ) ;
#1059 = VECTOR ( 'NONE', #1087, 1000.000000000000000 ) ;
#1060 = CARTESIAN_POINT ( 'NONE',  ( -3.000000000000000888, 24.00000000000000000, -3.000000000000000000 ) ) ;
#1061 = VERTEX_POINT ( 'NONE', #423 ) ;
#1062 = LINE ( 'NONE', #675, #917 ) ;
#1063 = LINE ( 'NONE', #201, #4 ) ;
#1064 = CARTESIAN_POINT ( 'NONE',  ( 2.999999999999995559, 2.000000000000000000, -1.250000000000010436 ) ) ;
#1065 = EDGE_CURVE ( 'NONE', #1161, #492, #512, .T. ) ;
#1066 = CARTESIAN_POINT ( 'NONE',  ( -3.000000000000000888, 2.000000000000000000, 3.000000000000000000 ) ) ;
#1067 = ORIENTED_EDGE ( 'NONE', *, *, #597, .T. ) ;
#1068 = EDGE_CURVE ( 'NONE', #118, #1585, #920, .T. ) ;
#1069 = AXIS2_PLACEMENT_3D ( 'NONE', #1333, #1214, #700 ) ;
#1070 = DIRECTION ( 'NONE',  ( -0.000000000000000000, -0.000000000000000000, -1.000000000000000000 ) ) ;
#1071 = ORIENTED_EDGE ( 'NONE', *, *, #850, .F. ) ;
#1072 = ADVANCED_FACE ( 'NONE', ( #1413 ), #789, .F. ) ;
#1073 = ORIENTED_EDGE ( 'NONE', *, *, #277, .T. ) ;
#1074 = DIRECTION ( 'NONE',  ( -0.000000000000000000, -0.000000000000000000, 1.000000000000000000 ) ) ;
#1075 = FACE_OUTER_BOUND ( 'NONE', #879, .T. ) ;
#1076 = CARTESIAN_POINT ( 'NONE',  ( 12.49999999999999645, 0.000000000000000000, 13.40000000000000391 ) ) ;
#1077 = EDGE_LOOP ( 'NONE', ( #459, #1057, #562, #506 ) ) ;
#1078 = DIRECTION ( 'NONE',  ( 1.000000000000000000, -0.000000000000000000, -1.047444401652939849E-14 ) ) ;
#1079 = DIRECTION ( 'NONE',  ( 0.000000000000000000, 0.000000000000000000, 1.000000000000000000 ) ) ;
#1080 = ORIENTED_EDGE ( 'NONE', *, *, #846, .T. ) ;
#1081 = VERTEX_POINT ( 'NONE', #1025 ) ;
#1082 = CARTESIAN_POINT ( 'NONE',  ( 5.999999999999995559, 2.000000000000000000, -1.250000000000020872 ) ) ;
#1083 = DIRECTION ( 'NONE',  ( 1.000000000000000000, 0.000000000000000000, -3.491481338843133355E-15 ) ) ;
#1084 = EDGE_CURVE ( 'NONE', #876, #801, #1529, .T. ) ;
#1085 = ORIENTED_EDGE ( 'NONE', *, *, #1354, .F. ) ;
#1086 = DIRECTION ( 'NONE',  ( 3.491481338843133355E-15, 0.000000000000000000, 1.000000000000000000 ) ) ;
#1087 = DIRECTION ( 'NONE',  ( 0.000000000000000000, 0.000000000000000000, -1.000000000000000000 ) ) ;
#1088 = FACE_BOUND ( 'NONE', #1340, .T. ) ;
#1089 = VERTEX_POINT ( 'NONE', #1288 ) ;
#1090 = EDGE_CURVE ( 'NONE', #1255, #1527, #1510, .T. ) ;
#1091 = AXIS2_PLACEMENT_3D ( 'NONE', #153, #481, #1243 ) ;
#1092 = DIRECTION ( 'NONE',  ( 0.000000000000000000, 1.000000000000000000, 0.000000000000000000 ) ) ;
#1093 = APPLICATION_CONTEXT ( 'automotive_design' ) ;
#1094 = CARTESIAN_POINT ( 'NONE',  ( -1.250000000000000000, 2.000000000000000000, -3.000000000000000000 ) ) ;
#1095 = EDGE_LOOP ( 'NONE', ( #484, #1206, #187, #511 ) ) ;
#1096 = DIRECTION ( 'NONE',  ( -0.000000000000000000, 1.000000000000000000, -0.000000000000000000 ) ) ;
#1097 = CARTESIAN_POINT ( 'NONE',  ( 0.000000000000000000, 24.00000000000000000, 0.000000000000000000 ) ) ;
#1098 = FACE_OUTER_BOUND ( 'NONE', #1417, .T. ) ;
#1099 = ORIENTED_EDGE ( 'NONE', *, *, #1470, .T. ) ;
#1100 = CARTESIAN_POINT ( 'NONE',  ( 5.999999999999995559, 2.000000000000000000, -1.250000000000020872 ) ) ;
#1101 = PLANE ( 'NONE',  #1394 ) ;
#1102 = PRODUCT_DEFINITION ( 'ๆ', '', #792, #798 ) ;
#1103 = VECTOR ( 'NONE', #1051, 1000.000000000000000 ) ;
#1104 = CARTESIAN_POINT ( 'NONE',  ( -1.250000000000000222, 24.00000000000000000, 6.000000000000000000 ) ) ;
#1105 = CARTESIAN_POINT ( 'NONE',  ( -5.999999999999986677, 24.00000000000000000, 1.250000000000063061 ) ) ;
#1106 = CARTESIAN_POINT ( 'NONE',  ( 7.779999999999998472, 24.00000000000000000, 7.780000000000003801 ) ) ;
#1107 =( GEOMETRIC_REPRESENTATION_CONTEXT ( 3 ) GLOBAL_UNCERTAINTY_ASSIGNED_CONTEXT ( ( #1536 ) ) GLOBAL_UNIT_ASSIGNED_CONTEXT ( ( #488, #857, #101 ) ) REPRESENTATION_CONTEXT ( 'NONE', 'WORKASPACE' ) );
#1108 = VERTEX_POINT ( 'NONE', #416 ) ;
#1109 = DIRECTION ( 'NONE',  ( 0.000000000000000000, 0.000000000000000000, -1.000000000000000000 ) ) ;
#1110 = PRESENTATION_STYLE_ASSIGNMENT (( #1224 ) ) ;
#1111 = FACE_OUTER_BOUND ( 'NONE', #704, .T. ) ;
#1112 = DIRECTION ( 'NONE',  ( 9.856383386231859752E-18, 1.000000000000000000, 0.000000000000000000 ) ) ;
#1113 = ORIENTED_EDGE ( 'NONE', *, *, #898, .F. ) ;
#1114 = EDGE_LOOP ( 'NONE', ( #515, #403, #1523, #762 ) ) ;
#1115 = FACE_OUTER_BOUND ( 'NONE', #814, .T. ) ;
#1116 = VECTOR ( 'NONE', #56, 1000.000000000000000 ) ;
#1117 = ADVANCED_FACE ( 'NONE', ( #1052 ), #1520, .F. ) ;
#1118 = DIRECTION ( 'NONE',  ( 0.000000000000000000, 1.000000000000000000, 0.000000000000000000 ) ) ;
#1119 = DIRECTION ( 'NONE',  ( 0.000000000000000000, 0.000000000000000000, -1.000000000000000000 ) ) ;
#1120 = VECTOR ( 'NONE', #1262, 1000.000000000000000 ) ;
#1121 = CARTESIAN_POINT ( 'NONE',  ( 7.779999999999998472, 27.00000000000000000, -9.430000000000005045 ) ) ;
#1122 = ORIENTED_EDGE ( 'NONE', *, *, #486, .F. ) ;
#1123 = FACE_OUTER_BOUND ( 'NONE', #836, .T. ) ;
#1124 = EDGE_LOOP ( 'NONE', ( #1085, #1267, #904, #369, #1004, #195, #417, #1525, #751, #54, #655, #638, #1336, #1028, #865, #1046, #507, #48, #82, #1424 ) ) ;
#1125 = CARTESIAN_POINT ( 'NONE',  ( 12.49999999999999645, 0.000000000000000000, -13.40000000000000391 ) ) ;
#1126 = DIRECTION ( 'NONE',  ( 0.000000000000000000, 0.000000000000000000, 1.000000000000000000 ) ) ;
#1127 = ORIENTED_EDGE ( 'NONE', *, *, #1330, .T. ) ;
#1128 = VECTOR ( 'NONE', #1560, 1000.000000000000000 ) ;
#1129 = PLANE ( 'NONE',  #419 ) ;
#1130 = EDGE_CURVE ( 'NONE', #65, #181, #242, .T. ) ;
#1131 = ADVANCED_FACE ( 'NONE', ( #406 ), #1170, .F. ) ;
#1132 = EDGE_LOOP ( 'NONE', ( #791, #1284, #71, #1138 ) ) ;
#1133 = LINE ( 'NONE', #1528, #676 ) ;
#1134 = EDGE_CURVE ( 'NONE', #942, #1410, #77, .T. ) ;
#1135 = CARTESIAN_POINT ( 'NONE',  ( 7.779999999999998472, 24.00000000000000000, -6.130000000000003446 ) ) ;
#1136 = EDGE_CURVE ( 'NONE', #1533, #1244, #912, .T. ) ;
#1137 = LINE ( 'NONE', #69, #998 ) ;
#1138 = ORIENTED_EDGE ( 'NONE', *, *, #740, .T. ) ;
#1139 = DIRECTION ( 'NONE',  ( 0.000000000000000000, 1.000000000000000000, -0.000000000000000000 ) ) ;
#1140 = EDGE_CURVE ( 'NONE', #234, #864, #1506, .T. ) ;
#1141 = CARTESIAN_POINT ( 'NONE',  ( -17.50000000000000355, 2.000000000000000000, 19.99999999999999645 ) ) ;
#1142 = ORIENTED_EDGE ( 'NONE', *, *, #623, .T. ) ;
#1143 = ORIENTED_EDGE ( 'NONE', *, *, #210, .T. ) ;
#1144 = EDGE_CURVE ( 'NONE', #745, #426, #1145, .T. ) ;
#1145 = CIRCLE ( 'NONE', #643, 1.650000000000000355 ) ;
#1146 = CARTESIAN_POINT ( 'NONE',  ( -1.250000000000000222, 24.00000000000000000, -6.000000000000000000 ) ) ;
#1147 = CYLINDRICAL_SURFACE ( 'NONE', #158, 1.650000000000000355 ) ;
#1148 = DIRECTION ( 'NONE',  ( 0.000000000000000000, -0.000000000000000000, -1.000000000000000000 ) ) ;
#1149 = VECTOR ( 'NONE', #485, 1000.000000000000000 ) ;
#1150 = ORIENTED_EDGE ( 'NONE', *, *, #1027, .T. ) ;
#1151 = EDGE_LOOP ( 'NONE', ( #1261, #1113 ) ) ;
#1152 = CARTESIAN_POINT ( 'NONE',  ( 1.250000000000000000, 2.000000000000000000, 6.000000000000000000 ) ) ;
#1153 = EDGE_CURVE ( 'NONE', #784, #942, #1419, .T. ) ;
#1154 = CARTESIAN_POINT ( 'NONE',  ( -16.00000000000000355, 24.00000000000000000, 16.00000000000000000 ) ) ;
#1155 = CARTESIAN_POINT ( 'NONE',  ( 1.250000000000000222, 2.000000000000000000, -6.000000000000000000 ) ) ;
#1156 = ORIENTED_EDGE ( 'NONE', *, *, #117, .T. ) ;
#1157 = VECTOR ( 'NONE', #552, 1000.000000000000000 ) ;
#1158 = VERTEX_POINT ( 'NONE', #1135 ) ;
#1159 = AXIS2_PLACEMENT_3D ( 'NONE', #922, #1037, #514 ) ;
#1160 = AXIS2_PLACEMENT_3D ( 'NONE', #46, #519, #1517 ) ;
#1161 = VERTEX_POINT ( 'NONE', #1265 ) ;
#1162 = LINE ( 'NONE', #1146, #666 ) ;
#1163 = FACE_BOUND ( 'NONE', #1151, .T. ) ;
#1164 = ORIENTED_EDGE ( 'NONE', *, *, #81, .T. ) ;
#1165 = EDGE_LOOP ( 'NONE', ( #1016, #1384, #916, #337 ) ) ;
#1166 = ORIENTED_EDGE ( 'NONE', *, *, #1352, .F. ) ;
#1167 = EDGE_LOOP ( 'NONE', ( #26, #1276, #1291, #155 ) ) ;
#1168 = DIRECTION ( 'NONE',  ( 0.000000000000000000, 0.000000000000000000, -1.000000000000000000 ) ) ;
#1169 = EDGE_CURVE ( 'NONE', #181, #65, #1349, .T. ) ;
#1170 = PLANE ( 'NONE',  #722 ) ;
#1171 = CARTESIAN_POINT ( 'NONE',  ( -6.000000000000013323, 24.00000000000000000, -1.249999999999937383 ) ) ;
#1172 = CIRCLE ( 'NONE', #1295, 1.600000000000000755 ) ;
#1173 = LINE ( 'NONE', #1266, #61 ) ;
#1174 = ORIENTED_EDGE ( 'NONE', *, *, #100, .F. ) ;
#1175 = ORIENTED_EDGE ( 'NONE', *, *, #325, .F. ) ;
#1176 = VECTOR ( 'NONE', #738, 1000.000000000000000 ) ;
#1177 = ORIENTED_EDGE ( 'NONE', *, *, #599, .F. ) ;
#1178 = CIRCLE ( 'NONE', #1388, 1.650000000000000355 ) ;
#1179 = ORIENTED_EDGE ( 'NONE', *, *, #1153, .F. ) ;
#1180 = LINE ( 'NONE', #428, #1048 ) ;
#1181 = VECTOR ( 'NONE', #131, 1000.000000000000000 ) ;
#1182 = VECTOR ( 'NONE', #1096, 1000.000000000000000 ) ;
#1183 = ADVANCED_FACE ( 'NONE', ( #812 ), #94, .F. ) ;
#1184 = EDGE_CURVE ( 'NONE', #526, #713, #319, .T. ) ;
#1185 = LINE ( 'NONE', #443, #1023 ) ;
#1186 = DIRECTION ( 'NONE',  ( 0.000000000000000000, -1.000000000000000000, 0.000000000000000000 ) ) ;
#1187 = EDGE_CURVE ( 'NONE', #665, #542, #202, .T. ) ;
#1188 = ORIENTED_EDGE ( 'NONE', *, *, #29, .F. ) ;
#1189 = CARTESIAN_POINT ( 'NONE',  ( 12.49999999999999645, 0.000000000000000000, -13.40000000000000391 ) ) ;
#1190 = CARTESIAN_POINT ( 'NONE',  ( 12.49999999999999645, 0.000000000000000000, -15.00000000000000711 ) ) ;
#1191 = ORIENTED_EDGE ( 'NONE', *, *, #408, .F. ) ;
#1192 = EDGE_CURVE ( 'NONE', #343, #1259, #214, .T. ) ;
#1193 = CARTESIAN_POINT ( 'NONE',  ( 15.99999999999999645, 27.00000000000000000, -16.00000000000000000 ) ) ;
#1194 = CARTESIAN_POINT ( 'NONE',  ( 1.250000000000000222, 2.000000000000000000, -6.000000000000000000 ) ) ;
#1195 = CARTESIAN_POINT ( 'NONE',  ( -1.250000000000000000, 2.000000000000000000, -6.000000000000000000 ) ) ;
#1196 = ORIENTED_EDGE ( 'NONE', *, *, #1428, .F. ) ;
#1197 = ORIENTED_EDGE ( 'NONE', *, *, #1302, .T. ) ;
#1198 = DIRECTION ( 'NONE',  ( -0.000000000000000000, -1.000000000000000000, -0.000000000000000000 ) ) ;
#1199 = VECTOR ( 'NONE', #113, 1000.000000000000000 ) ;
#1200 = CARTESIAN_POINT ( 'NONE',  ( 0.000000000000000000, 0.000000000000000000, 0.000000000000000000 ) ) ;
#1201 = CARTESIAN_POINT ( 'NONE',  ( -12.50000000000000355, 2.000000000000000000, 15.00000000000000000 ) ) ;
#1202 = FACE_OUTER_BOUND ( 'NONE', #1165, .T. ) ;
#1203 = EDGE_CURVE ( 'NONE', #355, #1332, #448, .T. ) ;
#1204 = DIRECTION ( 'NONE',  ( -1.000000000000000000, 9.856383386231859752E-18, 0.000000000000000000 ) ) ;
#1205 = FACE_OUTER_BOUND ( 'NONE', #614, .T. ) ;
#1206 = ORIENTED_EDGE ( 'NONE', *, *, #238, .F. ) ;
#1207 = ADVANCED_FACE ( 'NONE', ( #1202 ), #575, .F. ) ;
#1208 = CARTESIAN_POINT ( 'NONE',  ( -17.50000000000000355, 2.000000000000000000, -20.00000000000000355 ) ) ;
#1209 = ORIENTED_EDGE ( 'NONE', *, *, #452, .F. ) ;
#1210 = VECTOR ( 'NONE', #871, 1000.000000000000000 ) ;
#1211 = ORIENTED_EDGE ( 'NONE', *, *, #1038, .T. ) ;
#1212 = CARTESIAN_POINT ( 'NONE',  ( -7.780000000000002025, 27.00000000000000000, -9.430000000000001492 ) ) ;
#1213 = ORIENTED_EDGE ( 'NONE', *, *, #1494, .T. ) ;
#1214 = DIRECTION ( 'NONE',  ( 0.000000000000000000, 1.000000000000000000, -0.000000000000000000 ) ) ;
#1215 = DIRECTION ( 'NONE',  ( 1.000000000000000000, -0.000000000000000000, 0.000000000000000000 ) ) ;
#1216 = FACE_OUTER_BOUND ( 'NONE', #717, .T. ) ;
#1217 = ORIENTED_EDGE ( 'NONE', *, *, #9, .T. ) ;
#1218 = DIRECTION ( 'NONE',  ( 0.000000000000000000, 0.000000000000000000, 1.000000000000000000 ) ) ;
#1219 = DIRECTION ( 'NONE',  ( 0.000000000000000000, 1.000000000000000000, 0.000000000000000000 ) ) ;
#1220 = ORIENTED_EDGE ( 'NONE', *, *, #740, .F. ) ;
#1221 = VERTEX_POINT ( 'NONE', #809 ) ;
#1222 = AXIS2_PLACEMENT_3D ( 'NONE', #522, #1042, #1273 ) ;
#1223 = DIRECTION ( 'NONE',  ( -1.000000000000000000, -0.000000000000000000, 3.491481338843133355E-15 ) ) ;
#1224 = SURFACE_STYLE_USAGE ( .BOTH. , #608 ) ;
#1225 = VECTOR ( 'NONE', #769, 1000.000000000000000 ) ;
#1226 = DIRECTION ( 'NONE',  ( 0.000000000000000000, 1.000000000000000000, -0.000000000000000000 ) ) ;
#1227 = CARTESIAN_POINT ( 'NONE',  ( -3.000000000000000888, 24.00000000000000000, 3.000000000000000000 ) ) ;
#1228 = DIRECTION ( 'NONE',  ( 0.000000000000000000, 0.000000000000000000, -1.000000000000000000 ) ) ;
#1229 = VECTOR ( 'NONE', #1558, 1000.000000000000000 ) ;
#1230 = ORIENTED_EDGE ( 'NONE', *, *, #1330, .F. ) ;
#1231 = DIRECTION ( 'NONE',  ( 0.000000000000000000, 0.000000000000000000, 1.000000000000000000 ) ) ;
#1232 = AXIS2_PLACEMENT_3D ( 'NONE', #126, #952, #1571 ) ;
#1233 = FACE_OUTER_BOUND ( 'NONE', #729, .T. ) ;
#1234 = FACE_BOUND ( 'NONE', #1564, .T. ) ;
#1235 = DIRECTION ( 'NONE',  ( -0.000000000000000000, 1.000000000000000000, -0.000000000000000000 ) ) ;
#1236 = AXIS2_PLACEMENT_3D ( 'NONE', #1141, #1006, #1507 ) ;
#1237 = VERTEX_POINT ( 'NONE', #1189 ) ;
#1238 = ORIENTED_EDGE ( 'NONE', *, *, #1056, .T. ) ;
#1239 = APPLICATION_CONTEXT ( 'automotive_design' ) ;
#1240 = CARTESIAN_POINT ( 'NONE',  ( 5.999999999999995559, 2.000000000000000000, -1.250000000000021094 ) ) ;
#1241 = DIRECTION ( 'NONE',  ( 1.032401359845360979E-31, 1.000000000000000000, 9.856383386231859752E-18 ) ) ;
#1242 = DIRECTION ( 'NONE',  ( 0.000000000000000000, 0.000000000000000000, 1.000000000000000000 ) ) ;
#1243 = DIRECTION ( 'NONE',  ( 0.000000000000000000, 0.000000000000000000, -1.000000000000000000 ) ) ;
#1244 = VERTEX_POINT ( 'NONE', #312 ) ;
#1245 = ORIENTED_EDGE ( 'NONE', *, *, #1423, .T. ) ;
#1246 = CARTESIAN_POINT ( 'NONE',  ( -12.50000000000000355, 0.000000000000000000, 13.39999999999999680 ) ) ;
#1247 = VECTOR ( 'NONE', #1389, 1000.000000000000000 ) ;
#1248 = DIRECTION ( 'NONE',  ( -1.000000000000000000, 0.000000000000000000, -0.000000000000000000 ) ) ;
#1249 = AXIS2_PLACEMENT_3D ( 'NONE', #1491, #1375, #377 ) ;
#1250 = DIRECTION ( 'NONE',  ( 0.000000000000000000, 0.000000000000000000, 1.000000000000000000 ) ) ;
#1251 = ORIENTED_EDGE ( 'NONE', *, *, #732, .T. ) ;
#1252 = CARTESIAN_POINT ( 'NONE',  ( 7.779999999999998472, 24.00000000000000000, -7.780000000000003801 ) ) ;
#1253 = ADVANCED_FACE ( 'NONE', ( #1411 ), #685, .F. ) ;
#1254 = ORIENTED_EDGE ( 'NONE', *, *, #1153, .T. ) ;
#1255 = VERTEX_POINT ( 'NONE', #72 ) ;
#1256 = PLANE ( 'NONE',  #265 ) ;
#1257 = DIRECTION ( 'NONE',  ( 0.000000000000000000, 0.000000000000000000, 1.000000000000000000 ) ) ;
#1258 = EDGE_CURVE ( 'NONE', #42, #776, #1441, .T. ) ;
#1259 = VERTEX_POINT ( 'NONE', #545 ) ;
#1260 = PRESENTATION_LAYER_ASSIGNMENT (  '', '', ( #1467 ) ) ;
#1261 = ORIENTED_EDGE ( 'NONE', *, *, #854, .F. ) ;
#1262 = DIRECTION ( 'NONE',  ( -0.000000000000000000, -1.000000000000000000, -0.000000000000000000 ) ) ;
#1263 = EDGE_CURVE ( 'NONE', #433, #152, #1180, .T. ) ;
#1264 = ORIENTED_EDGE ( 'NONE', *, *, #1552, .F. ) ;
#1265 = CARTESIAN_POINT ( 'NONE',  ( -3.000000000000000888, 24.00000000000000000, -1.249999999999968914 ) ) ;
#1266 = CARTESIAN_POINT ( 'NONE',  ( 6.000000000000004441, 24.00000000000000000, 1.249999999999979350 ) ) ;
#1267 = ORIENTED_EDGE ( 'NONE', *, *, #1421, .F. ) ;
#1268 = ORIENTED_EDGE ( 'NONE', *, *, #1317, .F. ) ;
#1269 = DIRECTION ( 'NONE',  ( 0.000000000000000000, 1.000000000000000000, -0.000000000000000000 ) ) ;
#1270 = EDGE_CURVE ( 'NONE', #167, #571, #332, .T. ) ;
#1271 = CARTESIAN_POINT ( 'NONE',  ( 7.779999999999998472, 24.00000000000000000, 6.130000000000003446 ) ) ;
#1272 = ORIENTED_EDGE ( 'NONE', *, *, #166, .T. ) ;
#1273 = DIRECTION ( 'NONE',  ( -1.000000000000000000, 0.000000000000000000, 1.047444401652939849E-14 ) ) ;
#1274 = LINE ( 'NONE', #424, #839 ) ;
#1275 = AXIS2_PLACEMENT_3D ( 'NONE', #1327, #220, #918 ) ;
#1276 = ORIENTED_EDGE ( 'NONE', *, *, #207, .T. ) ;
#1277 = EDGE_LOOP ( 'NONE', ( #1347, #1572, #1264, #1479 ) ) ;
#1278 = ORIENTED_EDGE ( 'NONE', *, *, #452, .T. ) ;
#1279 = CYLINDRICAL_SURFACE ( 'NONE', #104, 1.650000000000000355 ) ;
#1280 = CARTESIAN_POINT ( 'NONE',  ( 17.49999999999999645, 0.000000000000000000, 19.99999999999999645 ) ) ;
#1281 = LINE ( 'NONE', #774, #330 ) ;
#1282 = ORIENTED_EDGE ( 'NONE', *, *, #1422, .F. ) ;
#1283 = CIRCLE ( 'NONE', #1440, 1.650000000000000355 ) ;
#1284 = ORIENTED_EDGE ( 'NONE', *, *, #554, .F. ) ;
#1285 = CIRCLE ( 'NONE', #1364, 1.650000000000000355 ) ;
#1286 = EDGE_CURVE ( 'NONE', #526, #1108, #1316, .T. ) ;
#1287 = DIRECTION ( 'NONE',  ( -0.000000000000000000, -1.000000000000000000, -0.000000000000000000 ) ) ;
#1288 = CARTESIAN_POINT ( 'NONE',  ( 1.250000000000000222, 2.000000000000000000, -6.000000000000000000 ) ) ;
#1289 = CARTESIAN_POINT ( 'NONE',  ( 17.49999999999999645, 2.000000000000000000, 19.99999999999999645 ) ) ;
#1290 = CARTESIAN_POINT ( 'NONE',  ( -16.00000000000000355, 27.00000000000000000, -16.00000000000000000 ) ) ;
#1291 = ORIENTED_EDGE ( 'NONE', *, *, #611, .T. ) ;
#1292 = VERTEX_POINT ( 'NONE', #1058 ) ;
#1293 = CARTESIAN_POINT ( 'NONE',  ( -1.250000000000000222, 24.00000000000000000, -6.000000000000000000 ) ) ;
#1294 = DIRECTION ( 'NONE',  ( -0.000000000000000000, -1.000000000000000000, -0.000000000000000000 ) ) ;
#1295 = AXIS2_PLACEMENT_3D ( 'NONE', #271, #138, #40 ) ;
#1296 = EDGE_LOOP ( 'NONE', ( #20, #695, #961, #1457 ) ) ;
#1297 = VERTEX_POINT ( 'NONE', #1551 ) ;
#1298 = EDGE_CURVE ( 'NONE', #168, #1513, #1062, .T. ) ;
#1299 = EDGE_CURVE ( 'NONE', #745, #1158, #1426, .T. ) ;
#1300 = DIRECTION ( 'NONE',  ( -0.000000000000000000, 1.000000000000000000, -0.000000000000000000 ) ) ;
#1301 = LINE ( 'NONE', #547, #1103 ) ;
#1302 = EDGE_CURVE ( 'NONE', #1000, #1255, #89, .T. ) ;
#1303 = CARTESIAN_POINT ( 'NONE',  ( -16.00000000000000355, 27.00000000000000000, 16.00000000000000000 ) ) ;
#1304 = CARTESIAN_POINT ( 'NONE',  ( 12.49999999999999645, 2.000000000000000000, 15.00000000000000711 ) ) ;
#1305 = CARTESIAN_POINT ( 'NONE',  ( 12.49999999999999645, 0.000000000000000000, 16.60000000000000853 ) ) ;
#1306 = ORIENTED_EDGE ( 'NONE', *, *, #435, .F. ) ;
#1307 = AXIS2_PLACEMENT_3D ( 'NONE', #741, #253, #1083 ) ;
#1308 = ORIENTED_EDGE ( 'NONE', *, *, #1140, .T. ) ;
#1309 = ADVANCED_FACE ( 'NONE', ( #338 ), #1473, .F. ) ;
#1310 = AXIS2_PLACEMENT_3D ( 'NONE', #222, #859, #831 ) ;
#1311 = CARTESIAN_POINT ( 'NONE',  ( -12.50000000000000355, 0.000000000000000000, 13.39999999999999680 ) ) ;
#1312 = VERTEX_POINT ( 'NONE', #1447 ) ;
#1313 = DIRECTION ( 'NONE',  ( 1.000000000000000000, 0.000000000000000000, 0.000000000000000000 ) ) ;
#1314 = CARTESIAN_POINT ( 'NONE',  ( 15.99999999999999645, 27.00000000000000000, 16.00000000000000000 ) ) ;
#1315 = ORIENTED_EDGE ( 'NONE', *, *, #1144, .T. ) ;
#1316 = LINE ( 'NONE', #551, #80 ) ;
#1317 = EDGE_CURVE ( 'NONE', #426, #1007, #1577, .T. ) ;
#1318 = CARTESIAN_POINT ( 'NONE',  ( -16.00000000000000355, 27.00000000000000000, 16.00000000000000000 ) ) ;
#1319 = VERTEX_POINT ( 'NONE', #594 ) ;
#1320 = LINE ( 'NONE', #1573, #31 ) ;
#1321 = DIRECTION ( 'NONE',  ( 0.000000000000000000, 1.000000000000000000, 0.000000000000000000 ) ) ;
#1322 = AXIS2_PLACEMENT_3D ( 'NONE', #1542, #795, #92 ) ;
#1323 = ORIENTED_EDGE ( 'NONE', *, *, #435, .T. ) ;
#1324 = CYLINDRICAL_SURFACE ( 'NONE', #1484, 1.650000000000000355 ) ;
#1325 = VECTOR ( 'NONE', #164, 1000.000000000000000 ) ;
#1326 = LINE ( 'NONE', #219, #357 ) ;
#1327 = CARTESIAN_POINT ( 'NONE',  ( 2.999999999999999112, 24.00000000000000000, 3.000000000000000000 ) ) ;
#1328 = ORIENTED_EDGE ( 'NONE', *, *, #750, .F. ) ;
#1329 = CARTESIAN_POINT ( 'NONE',  ( 6.000000000000000000, 0.000000000000000000, -2.094888803305880013E-14 ) ) ;
#1330 = EDGE_CURVE ( 'NONE', #953, #1567, #370, .T. ) ;
#1331 = LINE ( 'NONE', #103, #1377 ) ;
#1332 = VERTEX_POINT ( 'NONE', #951 ) ;
#1333 = CARTESIAN_POINT ( 'NONE',  ( 12.49999999999999645, 2.000000000000000000, -15.00000000000000711 ) ) ;
#1334 = ADVANCED_FACE ( 'NONE', ( #124 ), #580, .F. ) ;
#1335 = CARTESIAN_POINT ( 'NONE',  ( 1.250000000000000222, 24.00000000000000000, -6.000000000000000000 ) ) ;
#1336 = ORIENTED_EDGE ( 'NONE', *, *, #50, .T. ) ;
#1337 = AXIS2_PLACEMENT_3D ( 'NONE', #592, #1581, #1339 ) ;
#1338 = DIRECTION ( 'NONE',  ( 0.000000000000000000, 0.000000000000000000, -1.000000000000000000 ) ) ;
#1339 = DIRECTION ( 'NONE',  ( -1.047444401652940007E-14, 0.000000000000000000, -1.000000000000000000 ) ) ;
#1340 = EDGE_LOOP ( 'NONE', ( #1142, #1402 ) ) ;
#1341 = EDGE_LOOP ( 'NONE', ( #1472, #907, #950, #1268 ) ) ;
#1342 = DIRECTION ( 'NONE',  ( -0.000000000000000000, -1.000000000000000000, -0.000000000000000000 ) ) ;
#1343 = CARTESIAN_POINT ( 'NONE',  ( -12.50000000000000355, 2.000000000000000000, -15.00000000000000000 ) ) ;
#1344 = CARTESIAN_POINT ( 'NONE',  ( 2.999999999999999112, 2.000000000000000000, 3.000000000000000000 ) ) ;
#1345 = DIRECTION ( 'NONE',  ( -0.000000000000000000, -1.000000000000000000, -0.000000000000000000 ) ) ;
#1346 = FACE_OUTER_BOUND ( 'NONE', #286, .T. ) ;
#1347 = ORIENTED_EDGE ( 'NONE', *, *, #1298, .F. ) ;
#1348 = ORIENTED_EDGE ( 'NONE', *, *, #408, .T. ) ;
#1349 = CIRCLE ( 'NONE', #752, 1.600000000000002531 ) ;
#1350 = LINE ( 'NONE', #718, #696 ) ;
#1351 = EDGE_CURVE ( 'NONE', #1292, #152, #1431, .T. ) ;
#1352 = EDGE_CURVE ( 'NONE', #776, #967, #1350, .T. ) ;
#1353 = DIRECTION ( 'NONE',  ( 0.000000000000000000, 1.000000000000000000, 0.000000000000000000 ) ) ;
#1354 = EDGE_CURVE ( 'NONE', #1519, #876, #573, .T. ) ;
#1355 = AXIS2_PLACEMENT_3D ( 'NONE', #965, #1321, #1079 ) ;
#1356 = FACE_OUTER_BOUND ( 'NONE', #1387, .T. ) ;
#1357 = CARTESIAN_POINT ( 'NONE',  ( -5.999999999999986677, 24.00000000000000000, 1.250000000000063061 ) ) ;
#1358 = ORIENTED_EDGE ( 'NONE', *, *, #117, .F. ) ;
#1359 = EDGE_LOOP ( 'NONE', ( #1509, #1188 ) ) ;
#1360 = CARTESIAN_POINT ( 'NONE',  ( 17.49999999999999645, 0.000000000000000000, -20.00000000000000355 ) ) ;
#1361 = EDGE_CURVE ( 'NONE', #1519, #167, #980, .T. ) ;
#1362 = VECTOR ( 'NONE', #1427, 1000.000000000000000 ) ;
#1363 = DIRECTION ( 'NONE',  ( -1.000000000000000000, 0.000000000000000000, 3.491481338843133355E-15 ) ) ;
#1364 = AXIS2_PLACEMENT_3D ( 'NONE', #10, #1219, #1126 ) ;
#1365 = FACE_BOUND ( 'NONE', #624, .T. ) ;
#1366 = CARTESIAN_POINT ( 'NONE',  ( -7.780000000000002025, 27.00000000000000000, -6.129999999999999893 ) ) ;
#1367 = VECTOR ( 'NONE', #827, 1000.000000000000000 ) ;
#1368 = ORIENTED_EDGE ( 'NONE', *, *, #1456, .F. ) ;
#1369 = FACE_BOUND ( 'NONE', #842, .T. ) ;
#1370 = ORIENTED_EDGE ( 'NONE', *, *, #1409, .F. ) ;
#1371 = CARTESIAN_POINT ( 'NONE',  ( -17.50000000000000355, 2.000000000000000000, 19.99999999999999645 ) ) ;
#1372 = CARTESIAN_POINT ( 'NONE',  ( -17.50000000000000355, 0.000000000000000000, -20.00000000000000355 ) ) ;
#1373 = EDGE_CURVE ( 'NONE', #324, #1332, #866, .T. ) ;
#1374 = ORIENTED_EDGE ( 'NONE', *, *, #1425, .F. ) ;
#1375 = DIRECTION ( 'NONE',  ( 0.000000000000000000, 1.000000000000000000, 0.000000000000000000 ) ) ;
#1376 = VECTOR ( 'NONE', #1589, 1000.000000000000000 ) ;
#1377 = VECTOR ( 'NONE', #436, 1000.000000000000000 ) ;
#1378 = ORIENTED_EDGE ( 'NONE', *, *, #1480, .F. ) ;
#1379 = ADVANCED_FACE ( 'NONE', ( #606 ), #1324, .F. ) ;
#1380 = DIRECTION ( 'NONE',  ( 0.000000000000000000, -0.000000000000000000, -1.000000000000000000 ) ) ;
#1381 = AXIS2_PLACEMENT_3D ( 'NONE', #880, #1030, #411 ) ;
#1382 = CARTESIAN_POINT ( 'NONE',  ( -7.780000000000002025, 24.00000000000000000, 7.780000000000000249 ) ) ;
#1383 = ORIENTED_EDGE ( 'NONE', *, *, #494, .T. ) ;
#1384 = ORIENTED_EDGE ( 'NONE', *, *, #1084, .T. ) ;
#1385 = CARTESIAN_POINT ( 'NONE',  ( -12.50000000000000355, 2.000000000000000000, -15.00000000000000000 ) ) ;
#1386 = EDGE_LOOP ( 'NONE', ( #211, #1156, #339, #415 ) ) ;
#1387 = EDGE_LOOP ( 'NONE', ( #418, #843, #1143, #449 ) ) ;
#1388 = AXIS2_PLACEMENT_3D ( 'NONE', #318, #663, #1168 ) ;
#1389 = DIRECTION ( 'NONE',  ( 0.000000000000000000, -1.000000000000000000, -0.000000000000000000 ) ) ;
#1390 = FACE_OUTER_BOUND ( 'NONE', #636, .T. ) ;
#1391 = AXIS2_PLACEMENT_3D ( 'NONE', #1512, #894, #1257 ) ;
#1392 = VECTOR ( 'NONE', #949, 1000.000000000000000 ) ;
#1393 = ORIENTED_EDGE ( 'NONE', *, *, #166, .F. ) ;
#1394 = AXIS2_PLACEMENT_3D ( 'NONE', #116, #969, #703 ) ;
#1395 = ORIENTED_EDGE ( 'NONE', *, *, #288, .T. ) ;
#1396 = CARTESIAN_POINT ( 'NONE',  ( -6.000000000000013323, 2.000000000000000000, -1.249999999999937383 ) ) ;
#1397 = DIRECTION ( 'NONE',  ( 0.000000000000000000, 0.000000000000000000, 1.000000000000000000 ) ) ;
#1398 =( GEOMETRIC_REPRESENTATION_CONTEXT ( 3 ) GLOBAL_UNCERTAINTY_ASSIGNED_CONTEXT ( ( #431 ) ) GLOBAL_UNIT_ASSIGNED_CONTEXT ( ( #581, #13, #1482 ) ) REPRESENTATION_CONTEXT ( 'NONE', 'WORKASPACE' ) );
#1399 = CARTESIAN_POINT ( 'NONE',  ( -12.50000000000000355, 0.000000000000000000, 15.00000000000000000 ) ) ;
#1400 = DIRECTION ( 'NONE',  ( -0.000000000000000000, -1.000000000000000000, -0.000000000000000000 ) ) ;
#1401 = ORIENTED_EDGE ( 'NONE', *, *, #1090, .F. ) ;
#1402 = ORIENTED_EDGE ( 'NONE', *, *, #389, .T. ) ;
#1403 = CARTESIAN_POINT ( 'NONE',  ( 12.49999999999999645, 2.000000000000000000, 13.40000000000000391 ) ) ;
#1404 = ORIENTED_EDGE ( 'NONE', *, *, #673, .F. ) ;
#1405 = CARTESIAN_POINT ( 'NONE',  ( -3.000000000000012879, 2.000000000000000000, -1.249999999999968692 ) ) ;
#1406 = DIRECTION ( 'NONE',  ( 0.000000000000000000, 0.000000000000000000, -1.000000000000000000 ) ) ;
#1407 = VECTOR ( 'NONE', #302, 1000.000000000000000 ) ;
#1408 = ORIENTED_EDGE ( 'NONE', *, *, #1134, .T. ) ;
#1409 = EDGE_CURVE ( 'NONE', #426, #745, #777, .T. ) ;
#1410 = VERTEX_POINT ( 'NONE', #1360 ) ;
#1411 = FACE_OUTER_BOUND ( 'NONE', #260, .T. ) ;
#1412 = CARTESIAN_POINT ( 'NONE',  ( 12.49999999999999645, 0.000000000000000000, -15.00000000000000711 ) ) ;
#1413 = FACE_OUTER_BOUND ( 'NONE', #335, .T. ) ;
#1414 = DIRECTION ( 'NONE',  ( 0.000000000000000000, 0.000000000000000000, -1.000000000000000000 ) ) ;
#1415 = ORIENTED_EDGE ( 'NONE', *, *, #1184, .T. ) ;
#1416 = AXIS2_PLACEMENT_3D ( 'NONE', #272, #193, #79 ) ;
#1417 = EDGE_LOOP ( 'NONE', ( #1175, #1478, #1245, #662 ) ) ;
#1418 = CARTESIAN_POINT ( 'NONE',  ( 15.99999999999999645, 24.00000000000000000, 16.00000000000000000 ) ) ;
#1419 = LINE ( 'NONE', #314, #439 ) ;
#1420 = LINE ( 'NONE', #86, #1229 ) ;
#1421 = EDGE_CURVE ( 'NONE', #355, #1519, #12, .T. ) ;
#1422 = EDGE_CURVE ( 'NONE', #1061, #953, #252, .T. ) ;
#1423 = EDGE_CURVE ( 'NONE', #864, #1319, #99, .T. ) ;
#1424 = ORIENTED_EDGE ( 'NONE', *, *, #1084, .F. ) ;
#1425 = EDGE_CURVE ( 'NONE', #88, #1161, #1458, .T. ) ;
#1426 = LINE ( 'NONE', #316, #1538 ) ;
#1427 = DIRECTION ( 'NONE',  ( -0.000000000000000000, -0.000000000000000000, 1.000000000000000000 ) ) ;
#1428 = EDGE_CURVE ( 'NONE', #1312, #280, #548, .T. ) ;
#1429 = VECTOR ( 'NONE', #664, 1000.000000000000000 ) ;
#1430 = CARTESIAN_POINT ( 'NONE',  ( -12.50000000000000355, 0.000000000000000000, -13.39999999999999680 ) ) ;
#1431 = CIRCLE ( 'NONE', #1069, 1.600000000000000755 ) ;
#1432 = ADVANCED_FACE ( 'NONE', ( #968 ), #1465, .F. ) ;
#1433 = ADVANCED_FACE ( 'NONE', ( #1123 ), #1020, .F. ) ;
#1434 = VERTEX_POINT ( 'NONE', #500 ) ;
#1435 = FACE_OUTER_BOUND ( 'NONE', #1077, .T. ) ;
#1436 = ORIENTED_EDGE ( 'NONE', *, *, #127, .F. ) ;
#1437 = PLANE ( 'NONE',  #708 ) ;
#1438 = CARTESIAN_POINT ( 'NONE',  ( -3.000000000000000888, 2.000000000000000000, 3.000000000000000000 ) ) ;
#1439 = EDGE_CURVE ( 'NONE', #181, #392, #746, .T. ) ;
#1440 = AXIS2_PLACEMENT_3D ( 'NONE', #960, #1353, #582 ) ;
#1441 = LINE ( 'NONE', #563, #1407 ) ;
#1442 = AXIS2_PLACEMENT_3D ( 'NONE', #742, #837, #1338 ) ;
#1443 = CARTESIAN_POINT ( 'NONE',  ( 12.49999999999999645, 2.000000000000000000, -16.60000000000000853 ) ) ;
#1444 = DIRECTION ( 'NONE',  ( -0.000000000000000000, -0.000000000000000000, 1.000000000000000000 ) ) ;
#1445 = ORIENTED_EDGE ( 'NONE', *, *, #1421, .T. ) ;
#1446 = ORIENTED_EDGE ( 'NONE', *, *, #73, .T. ) ;
#1447 = CARTESIAN_POINT ( 'NONE',  ( 7.779999999999998472, 24.00000000000000000, 9.430000000000005045 ) ) ;
#1448 = VERTEX_POINT ( 'NONE', #899 ) ;
#1449 = DIRECTION ( 'NONE',  ( 0.000000000000000000, 0.000000000000000000, 1.000000000000000000 ) ) ;
#1450 = LINE ( 'NONE', #340, #875 ) ;
#1451 = CARTESIAN_POINT ( 'NONE',  ( -12.50000000000000355, 0.000000000000000000, -15.00000000000000000 ) ) ;
#1452 = CARTESIAN_POINT ( 'NONE',  ( -7.780000000000002025, 24.00000000000000000, -6.129999999999999893 ) ) ;
#1453 = DIRECTION ( 'NONE',  ( -0.000000000000000000, 0.000000000000000000, 1.000000000000000000 ) ) ;
#1454 = DIRECTION ( 'NONE',  ( 0.000000000000000000, 1.000000000000000000, 0.000000000000000000 ) ) ;
#1455 = AXIS2_PLACEMENT_3D ( 'NONE', #982, #849, #497 ) ;
#1456 = EDGE_CURVE ( 'NONE', #1, #382, #527, .T. ) ;
#1457 = ORIENTED_EDGE ( 'NONE', *, *, #32, .T. ) ;
#1458 = LINE ( 'NONE', #348, #830 ) ;
#1459 = AXIS2_PLACEMENT_3D ( 'NONE', #958, #362, #1231 ) ;
#1460 = DIRECTION ( 'NONE',  ( 0.000000000000000000, 1.000000000000000000, 0.000000000000000000 ) ) ;
#1461 = VERTEX_POINT ( 'NONE', #1403 ) ;
#1462 = DIRECTION ( 'NONE',  ( 1.000000000000000000, 0.000000000000000000, -0.000000000000000000 ) ) ;
#1463 = LINE ( 'NONE', #1195, #943 ) ;
#1464 = ORIENTED_EDGE ( 'NONE', *, *, #1065, .F. ) ;
#1465 = CYLINDRICAL_SURFACE ( 'NONE', #422, 1.650000000000000355 ) ;
#1466 = CARTESIAN_POINT ( 'NONE',  ( -3.000000000000000888, 24.00000000000000000, 1.250000000000063061 ) ) ;
#1467 = STYLED_ITEM ( 'NONE', ( #1110 ), #259 ) ;
#1468 = PLANE ( 'NONE',  #205 ) ;
#1469 = DIRECTION ( 'NONE',  ( -0.000000000000000000, -1.000000000000000000, -0.000000000000000000 ) ) ;
#1470 = EDGE_CURVE ( 'NONE', #65, #822, #393, .T. ) ;
#1471 = EDGE_CURVE ( 'NONE', #1007, #1158, #268, .T. ) ;
#1472 = ORIENTED_EDGE ( 'NONE', *, *, #1409, .T. ) ;
#1473 = PLANE ( 'NONE',  #861 ) ;
#1474 = EDGE_CURVE ( 'NONE', #1531, #947, #276, .T. ) ;
#1475 = PLANE ( 'NONE',  #1043 ) ;
#1476 = DIRECTION ( 'NONE',  ( -1.000000000000000000, 0.000000000000000000, 3.491481338843133355E-15 ) ) ;
#1477 = FACE_OUTER_BOUND ( 'NONE', #266, .T. ) ;
#1478 = ORIENTED_EDGE ( 'NONE', *, *, #1557, .F. ) ;
#1479 = ORIENTED_EDGE ( 'NONE', *, *, #909, .F. ) ;
#1480 = EDGE_CURVE ( 'NONE', #784, #661, #1526, .T. ) ;
#1481 = DIRECTION ( 'NONE',  ( -0.000000000000000000, -1.000000000000000000, -0.000000000000000000 ) ) ;
#1482 =( NAMED_UNIT ( * ) SI_UNIT ( $, .STERADIAN. ) SOLID_ANGLE_UNIT ( ) );
#1483 = LINE ( 'NONE', #462, #681 ) ;
#1484 = AXIS2_PLACEMENT_3D ( 'NONE', #218, #477, #587 ) ;
#1485 = DIRECTION ( 'NONE',  ( 0.000000000000000000, 0.000000000000000000, -1.000000000000000000 ) ) ;
#1486 = LINE ( 'NONE', #1125, #317 ) ;
#1487 = CARTESIAN_POINT ( 'NONE',  ( 12.49999999999999645, 0.000000000000000000, -16.60000000000000853 ) ) ;
#1488 = EDGE_CURVE ( 'NONE', #755, #1567, #44, .T. ) ;
#1489 = ORIENTED_EDGE ( 'NONE', *, *, #151, .F. ) ;
#1490 = ORIENTED_EDGE ( 'NONE', *, *, #1552, .T. ) ;
#1491 = CARTESIAN_POINT ( 'NONE',  ( 12.49999999999999645, 0.000000000000000000, 15.00000000000000711 ) ) ;
#1492 = FACE_OUTER_BOUND ( 'NONE', #536, .T. ) ;
#1493 = EDGE_LOOP ( 'NONE', ( #590, #872 ) ) ;
#1494 = EDGE_CURVE ( 'NONE', #1158, #1007, #298, .T. ) ;
#1495 = VECTOR ( 'NONE', #735, 1000.000000000000000 ) ;
#1496 = CARTESIAN_POINT ( 'NONE',  ( -17.50000000000000355, 0.000000000000000000, -20.00000000000000355 ) ) ;
#1497 = CARTESIAN_POINT ( 'NONE',  ( -1.250000000000000222, 2.000000000000000000, 3.000000000000000000 ) ) ;
#1498 = ORIENTED_EDGE ( 'NONE', *, *, #395, .T. ) ;
#1499 = DIRECTION ( 'NONE',  ( 1.000000000000000000, 0.000000000000000000, -1.047444401652939849E-14 ) ) ;
#1500 = ORIENTED_EDGE ( 'NONE', *, *, #333, .F. ) ;
#1501 = DIRECTION ( 'NONE',  ( 1.000000000000000000, 0.000000000000000000, 0.000000000000000000 ) ) ;
#1502 = LINE ( 'NONE', #716, #1522 ) ;
#1503 = ORIENTED_EDGE ( 'NONE', *, *, #1439, .F. ) ;
#1504 = ORIENTED_EDGE ( 'NONE', *, *, #1423, .F. ) ;
#1505 = CARTESIAN_POINT ( 'NONE',  ( -17.50000000000000355, 0.000000000000000000, 19.99999999999999645 ) ) ;
#1506 = CIRCLE ( 'NONE', #936, 1.600000000000000755 ) ;
#1507 = DIRECTION ( 'NONE',  ( 0.000000000000000000, 0.000000000000000000, -1.000000000000000000 ) ) ;
#1508 = ORIENTED_EDGE ( 'NONE', *, *, #566, .F. ) ;
#1509 = ORIENTED_EDGE ( 'NONE', *, *, #723, .F. ) ;
#1510 = LINE ( 'NONE', #49, #800 ) ;
#1511 = FACE_OUTER_BOUND ( 'NONE', #978, .T. ) ;
#1512 = CARTESIAN_POINT ( 'NONE',  ( 2.999999999999999112, 24.00000000000000000, 3.000000000000000000 ) ) ;
#1513 = VERTEX_POINT ( 'NONE', #173 ) ;
#1514 = ORIENTED_EDGE ( 'NONE', *, *, #483, .F. ) ;
#1515 = CARTESIAN_POINT ( 'NONE',  ( -12.50000000000000355, 0.000000000000000000, 16.60000000000000142 ) ) ;
#1516 = AXIS2_PLACEMENT_3D ( 'NONE', #765, #815, #432 ) ;
#1517 = DIRECTION ( 'NONE',  ( 1.000000000000000000, 0.000000000000000000, -0.000000000000000000 ) ) ;
#1518 = ORIENTED_EDGE ( 'NONE', *, *, #850, .T. ) ;
#1519 = VERTEX_POINT ( 'NONE', #1240 ) ;
#1520 = PLANE ( 'NONE',  #957 ) ;
#1521 = CARTESIAN_POINT ( 'NONE',  ( -6.000000000000013323, 2.000000000000000000, -1.249999999999937383 ) ) ;
#1522 = VECTOR ( 'NONE', #1406, 1000.000000000000000 ) ;
#1523 = ORIENTED_EDGE ( 'NONE', *, *, #1361, .F. ) ;
#1524 = CIRCLE ( 'NONE', #453, 1.650000000000000355 ) ;
#1525 = ORIENTED_EDGE ( 'NONE', *, *, #966, .T. ) ;
#1526 = LINE ( 'NONE', #148, #1225 ) ;
#1527 = VERTEX_POINT ( 'NONE', #508 ) ;
#1528 = CARTESIAN_POINT ( 'NONE',  ( 6.000000000000004441, 2.000000000000000000, 1.249999999999979350 ) ) ;
#1529 = LINE ( 'NONE', #539, #74 ) ;
#1530 = PLANE ( 'NONE',  #1416 ) ;
#1531 = VERTEX_POINT ( 'NONE', #646 ) ;
#1532 = VECTOR ( 'NONE', #595, 1000.000000000000000 ) ;
#1533 = VERTEX_POINT ( 'NONE', #1152 ) ;
#1534 = CYLINDRICAL_SURFACE ( 'NONE', #706, 1.600000000000002531 ) ;
#1535 = CARTESIAN_POINT ( 'NONE',  ( -16.00000000000000355, 27.00000000000000000, 16.00000000000000000 ) ) ;
#1536 = UNCERTAINTY_MEASURE_WITH_UNIT (LENGTH_MEASURE( 1.000000000000000082E-05 ), #488, 'distance_accuracy_value', 'NONE');
#1537 = LINE ( 'NONE', #1290, #946 ) ;
#1538 = VECTOR ( 'NONE', #802, 1000.000000000000000 ) ;
#1539 = EDGE_LOOP ( 'NONE', ( #279, #1282, #888, #1323 ) ) ;
#1540 = EDGE_LOOP ( 'NONE', ( #1278, #620 ) ) ;
#1541 = ORIENTED_EDGE ( 'NONE', *, *, #326, .F. ) ;
#1542 = CARTESIAN_POINT ( 'NONE',  ( -7.780000000000002025, 27.00000000000000000, -7.780000000000000249 ) ) ;
#1543 = ORIENTED_EDGE ( 'NONE', *, *, #509, .F. ) ;
#1544 = DIRECTION ( 'NONE',  ( 1.000000000000000000, -0.000000000000000000, -1.047444401652939849E-14 ) ) ;
#1545 = DIRECTION ( 'NONE',  ( 0.000000000000000000, 0.000000000000000000, 1.000000000000000000 ) ) ;
#1546 = ADVANCED_FACE ( 'NONE', ( #1115 ), #622, .F. ) ;
#1547 = DIRECTION ( 'NONE',  ( 0.000000000000000000, -1.000000000000000000, 0.000000000000000000 ) ) ;
#1548 = AXIS2_PLACEMENT_3D ( 'NONE', #256, #1242, #617 ) ;
#1549 = ORIENTED_EDGE ( 'NONE', *, *, #374, .T. ) ;
#1550 = AXIS2_PLACEMENT_3D ( 'NONE', #1097, #1186, #838 ) ;
#1551 = CARTESIAN_POINT ( 'NONE',  ( -12.50000000000000355, 2.000000000000000000, -13.39999999999999680 ) ) ;
#1552 = EDGE_CURVE ( 'NONE', #88, #1448, #908, .T. ) ;
#1553 = LINE ( 'NONE', #671, #204 ) ;
#1554 = EDGE_CURVE ( 'NONE', #1024, #635, #21, .T. ) ;
#1555 = ORIENTED_EDGE ( 'NONE', *, *, #1439, .T. ) ;
#1556 = LINE ( 'NONE', #819, #971 ) ;
#1557 = EDGE_CURVE ( 'NONE', #864, #234, #825, .T. ) ;
#1558 = DIRECTION ( 'NONE',  ( -0.000000000000000000, -0.000000000000000000, 1.000000000000000000 ) ) ;
#1559 = AXIS2_PLACEMENT_3D ( 'NONE', #366, #144, #1001 ) ;
#1560 = DIRECTION ( 'NONE',  ( -3.441337866151203262E-32, 1.000000000000000000, -9.856383386231859752E-18 ) ) ;
#1561 = CARTESIAN_POINT ( 'NONE',  ( -12.50000000000000355, 0.000000000000000000, -15.00000000000000000 ) ) ;
#1562 = ORIENTED_EDGE ( 'NONE', *, *, #438, .F. ) ;
#1563 = AXIS2_PLACEMENT_3D ( 'NONE', #1565, #804, #78 ) ;
#1564 = EDGE_LOOP ( 'NONE', ( #593, #19 ) ) ;
#1565 = CARTESIAN_POINT ( 'NONE',  ( -12.50000000000000355, 0.000000000000000000, -15.00000000000000000 ) ) ;
#1566 = FACE_OUTER_BOUND ( 'NONE', #775, .T. ) ;
#1567 = VERTEX_POINT ( 'NONE', #1505 ) ;
#1568 = DIRECTION ( 'NONE',  ( 0.000000000000000000, 0.000000000000000000, 1.000000000000000000 ) ) ;
#1569 = VECTOR ( 'NONE', #1547, 1000.000000000000000 ) ;
#1570 = AXIS2_PLACEMENT_3D ( 'NONE', #1343, #1460, #574 ) ;
#1571 = DIRECTION ( 'NONE',  ( 0.000000000000000000, 0.000000000000000000, 1.000000000000000000 ) ) ;
#1572 = ORIENTED_EDGE ( 'NONE', *, *, #799, .T. ) ;
#1573 = CARTESIAN_POINT ( 'NONE',  ( 3.000000000000004441, 2.000000000000000000, 1.249999999999989786 ) ) ;
#1574 = ADVANCED_FACE ( 'NONE', ( #495, #990, #874, #1369, #1005 ), #1129, .T. ) ;
#1575 = FACE_BOUND ( 'NONE', #199, .T. ) ;
#1576 = ORIENTED_EDGE ( 'NONE', *, *, #1351, .T. ) ;
#1577 = LINE ( 'NONE', #246, #150 ) ;
#1578 = FACE_OUTER_BOUND ( 'NONE', #937, .T. ) ;
#1579 = ORIENTED_EDGE ( 'NONE', *, *, #395, .F. ) ;
#1580 = DIRECTION ( 'NONE',  ( 0.000000000000000000, 0.000000000000000000, -1.000000000000000000 ) ) ;
#1581 = DIRECTION ( 'NONE',  ( 1.000000000000000000, 0.000000000000000000, -1.047444401652940007E-14 ) ) ;
#1582 = EDGE_LOOP ( 'NONE', ( #368, #347, #175, #75 ) ) ;
#1583 = DIRECTION ( 'NONE',  ( -1.000000000000000000, -0.000000000000000000, -0.000000000000000000 ) ) ;
#1584 = CARTESIAN_POINT ( 'NONE',  ( -17.50000000000000355, 2.000000000000000000, 19.99999999999999645 ) ) ;
#1585 = VERTEX_POINT ( 'NONE', #890 ) ;
#1586 = EDGE_CURVE ( 'NONE', #446, #1297, #320, .T. ) ;
#1587 = PLANE ( 'NONE',  #1310 ) ;
#1588 = EDGE_CURVE ( 'NONE', #889, #801, #711, .T. ) ;
#1589 = DIRECTION ( 'NONE',  ( -0.000000000000000000, -0.000000000000000000, -1.000000000000000000 ) ) ;
#1590 = CYLINDRICAL_SURFACE ( 'NONE', #1031, 1.600000000000000755 ) ;
#1591 = ADVANCED_FACE ( 'NONE', ( #1075 ), #1475, .F. ) ;
ENDSEC;
END-ISO-10303-21;
