ISO-10303-21;
HEADER;
FILE_DESCRIPTION (( 'STEP AP214' ),
    '1' );
FILE_NAME ('thigh.STEP',
    '2026-04-25T15:35:26',
    ( '' ),
    ( '' ),
    'SwSTEP 2.0',
    'SolidWorks 2025',
    '' );
FILE_SCHEMA (( 'AUTOMOTIVE_DESIGN' ));
ENDSEC;

DATA;
#1 = EDGE_LOOP ( 'NONE', ( #4186, #3346 ) ) ;
#2 = CARTESIAN_POINT ( 'NONE',  ( 13.99999999999999645, -26.50000000000000355, 30.00000000000000000 ) ) ;
#3 = LINE ( 'NONE', #4787, #4027 ) ;
#4 = DIRECTION ( 'NONE',  ( -0.000000000000000000, -0.000000000000000000, 1.000000000000000000 ) ) ;
#5 = EDGE_LOOP ( 'NONE', ( #332, #4585, #3808, #1659 ) ) ;
#6 = EDGE_LOOP ( 'NONE', ( #1216, #1385 ) ) ;
#7 = CARTESIAN_POINT ( 'NONE',  ( -0.8532614427304645588, -6.495229568489357952, -27.00000000000000000 ) ) ;
#8 = DIRECTION ( 'NONE',  ( -1.000000000000000000, -0.000000000000000000, -0.000000000000000000 ) ) ;
#9 = FACE_OUTER_BOUND ( 'NONE', #4122, .T. ) ;
#10 = AXIS2_PLACEMENT_3D ( 'NONE', #1683, #4673, #1709 ) ;
#11 = DIRECTION ( 'NONE',  ( 1.000000000000000000, 0.000000000000000000, 0.000000000000000000 ) ) ;
#12 = DIRECTION ( 'NONE',  ( -0.000000000000000000, -0.000000000000000000, 1.000000000000000000 ) ) ;
#13 = ORIENTED_EDGE ( 'NONE', *, *, #806, .T. ) ;
#14 = EDGE_CURVE ( 'NONE', #3543, #328, #1873, .T. ) ;
#15 = ORIENTED_EDGE ( 'NONE', *, *, #1959, .F. ) ;
#16 = DIRECTION ( 'NONE',  ( 1.000000000000000000, 0.000000000000000000, 0.000000000000000000 ) ) ;
#17 = DIRECTION ( 'NONE',  ( 0.000000000000000000, 0.000000000000000000, -1.000000000000000000 ) ) ;
#18 = EDGE_CURVE ( 'NONE', #780, #4755, #2723, .T. ) ;
#19 = VECTOR ( 'NONE', #3225, 1000.000000000000000 ) ;
#20 = ORIENTED_EDGE ( 'NONE', *, *, #2476, .F. ) ;
#21 = EDGE_CURVE ( 'NONE', #1144, #2419, #3338, .T. ) ;
#22 = LINE ( 'NONE', #1555, #529 ) ;
#23 = LINE ( 'NONE', #3464, #1591 ) ;
#24 = VERTEX_POINT ( 'NONE', #89 ) ;
#25 = FACE_OUTER_BOUND ( 'NONE', #1027, .T. ) ;
#26 = VERTEX_POINT ( 'NONE', #2995 ) ;
#27 = CARTESIAN_POINT ( 'NONE',  ( 13.00000000000000178, -115.9999999999999858, -30.00000000000000000 ) ) ;
#28 = DIRECTION ( 'NONE',  ( 0.000000000000000000, 0.000000000000000000, 1.000000000000000000 ) ) ;
#29 = PLANE ( 'NONE',  #3921 ) ;
#30 = EDGE_CURVE ( 'NONE', #2584, #339, #4217, .T. ) ;
#31 = VERTEX_POINT ( 'NONE', #777 ) ;
#32 = AXIS2_PLACEMENT_3D ( 'NONE', #2913, #3993, #594 ) ;
#33 = VERTEX_POINT ( 'NONE', #2657 ) ;
#34 = DIRECTION ( 'NONE',  ( 1.000000000000000000, 0.000000000000000000, 0.000000000000000000 ) ) ;
#35 = DIRECTION ( 'NONE',  ( -0.000000000000000000, 0.000000000000000000, 1.000000000000000000 ) ) ;
#36 = CARTESIAN_POINT ( 'NONE',  ( -11.50000000000000533, -19.00000000000000355, 30.00000000000000000 ) ) ;
#37 = AXIS2_PLACEMENT_3D ( 'NONE', #3050, #3096, #4595 ) ;
#38 = DIRECTION ( 'NONE',  ( 1.000000000000000000, 0.000000000000000000, 0.000000000000000000 ) ) ;
#39 = EDGE_LOOP ( 'NONE', ( #4766, #1658 ) ) ;
#40 = ORIENTED_EDGE ( 'NONE', *, *, #160, .F. ) ;
#41 = LINE ( 'NONE', #1052, #2563 ) ;
#42 = CARTESIAN_POINT ( 'NONE',  ( -10.99999999999995737, -43.49999999999999289, -27.00000000000001421 ) ) ;
#43 = CARTESIAN_POINT ( 'NONE',  ( -10.99999999999995737, -46.49999999999999289, 27.00000000000001066 ) ) ;
#44 = EDGE_CURVE ( 'NONE', #3632, #4553, #2607, .T. ) ;
#45 = PLANE ( 'NONE',  #3654 ) ;
#46 = LINE ( 'NONE', #825, #1904 ) ;
#47 = EDGE_LOOP ( 'NONE', ( #4031, #1242, #4623, #210 ) ) ;
#48 = DIRECTION ( 'NONE',  ( 1.000000000000000000, 0.000000000000000000, 0.000000000000000000 ) ) ;
#49 = ORIENTED_EDGE ( 'NONE', *, *, #1402, .F. ) ;
#50 = DIRECTION ( 'NONE',  ( -0.000000000000000000, -0.000000000000000000, 1.000000000000000000 ) ) ;
#51 = CARTESIAN_POINT ( 'NONE',  ( -10.49696427085677897, 9.747530009010310081, -50.00000000000000000 ) ) ;
#52 = VECTOR ( 'NONE', #3862, 1000.000000000000000 ) ;
#53 = EDGE_CURVE ( 'NONE', #4272, #1654, #748, .T. ) ;
#54 = ORIENTED_EDGE ( 'NONE', *, *, #4575, .T. ) ;
#55 = EDGE_LOOP ( 'NONE', ( #3835, #2601 ) ) ;
#56 = SURFACE_STYLE_USAGE ( .BOTH. , #1911 ) ;
#57 = LINE ( 'NONE', #4136, #2999 ) ;
#58 = LINE ( 'NONE', #888, #3018 ) ;
#59 = ADVANCED_FACE ( 'NONE', ( #406 ), #4496, .F. ) ;
#60 = AXIS2_PLACEMENT_3D ( 'NONE', #209, #1702, #1748 ) ;
#61 = CARTESIAN_POINT ( 'NONE',  ( 18.80000000000003979, -105.3000000000000540, -10.85000000000000142 ) ) ;
#62 = ORIENTED_EDGE ( 'NONE', *, *, #1711, .T. ) ;
#63 = EDGE_LOOP ( 'NONE', ( #2675, #2830, #1482, #3520 ) ) ;
#64 = FACE_BOUND ( 'NONE', #2396, .T. ) ;
#65 = VECTOR ( 'NONE', #2543, 1000.000000000000000 ) ;
#66 = LINE ( 'NONE', #3827, #1450 ) ;
#67 = AXIS2_PLACEMENT_3D ( 'NONE', #111, #3022, #4171 ) ;
#68 = DIRECTION ( 'NONE',  ( -0.7071067811865482389, 0.7071067811865469066, 0.000000000000000000 ) ) ;
#69 = ORIENTED_EDGE ( 'NONE', *, *, #1993, .F. ) ;
#70 = DIRECTION ( 'NONE',  ( -1.000000000000000000, -0.000000000000000000, -0.000000000000000000 ) ) ;
#71 = CARTESIAN_POINT ( 'NONE',  ( 17.00000000000003908, -105.3000000000000256, -8.850000000000008527 ) ) ;
#72 = ORIENTED_EDGE ( 'NONE', *, *, #4471, .T. ) ;
#73 = DIRECTION ( 'NONE',  ( 1.000000000000000000, 0.000000000000000000, 0.000000000000000000 ) ) ;
#74 = EDGE_CURVE ( 'NONE', #1865, #4645, #4096, .T. ) ;
#75 = EDGE_LOOP ( 'NONE', ( #2609, #3134, #1213, #3399 ) ) ;
#76 = DIRECTION ( 'NONE',  ( 0.000000000000000000, 0.000000000000000000, 1.000000000000000000 ) ) ;
#77 = EDGE_LOOP ( 'NONE', ( #3626, #1584, #583, #1850 ) ) ;
#78 = EDGE_CURVE ( 'NONE', #4805, #4774, #2237, .T. ) ;
#79 = ORIENTED_EDGE ( 'NONE', *, *, #2171, .T. ) ;
#80 = CARTESIAN_POINT ( 'NONE',  ( 17.00000000000003908, -54.99999999999999289, 10.84999999999996767 ) ) ;
#81 = DIRECTION ( 'NONE',  ( -0.000000000000000000, 0.000000000000000000, 1.000000000000000000 ) ) ;
#82 = CARTESIAN_POINT ( 'NONE',  ( 18.80000000000003979, -46.69999999999996021, 10.84999999999994991 ) ) ;
#83 = DIRECTION ( 'NONE',  ( 1.000000000000000000, 0.000000000000000000, 0.000000000000000000 ) ) ;
#84 = EDGE_LOOP ( 'NONE', ( #718, #284, #1759, #4798 ) ) ;
#85 = EDGE_CURVE ( 'NONE', #1760, #1998, #1209, .T. ) ;
#86 = ORIENTED_EDGE ( 'NONE', *, *, #3013, .F. ) ;
#87 = LINE ( 'NONE', #125, #4750 ) ;
#88 = EDGE_CURVE ( 'NONE', #1099, #4363, #1167, .T. ) ;
#89 = CARTESIAN_POINT ( 'NONE',  ( 7.000000000000000888, -83.99999999999998579, -26.99999999999998224 ) ) ;
#90 = CARTESIAN_POINT ( 'NONE',  ( -0.2524699909896948036, 20.49696427085678252, -50.00000000000000000 ) ) ;
#91 = CARTESIAN_POINT ( 'NONE',  ( 9.000000000000017764, 30.00000000000000711, -27.00000000000000000 ) ) ;
#92 = VECTOR ( 'NONE', #4689, 1000.000000000000000 ) ;
#93 = VERTEX_POINT ( 'NONE', #381 ) ;
#94 = CYLINDRICAL_SURFACE ( 'NONE', #1464, 1.250000000000021094 ) ;
#95 = VERTEX_POINT ( 'NONE', #4145 ) ;
#96 = AXIS2_PLACEMENT_3D ( 'NONE', #2592, #734, #3714 ) ;
#97 = CYLINDRICAL_SURFACE ( 'NONE', #4349, 1.700000000000008837 ) ;
#98 = ORIENTED_EDGE ( 'NONE', *, *, #3995, .F. ) ;
#99 = ORIENTED_EDGE ( 'NONE', *, *, #4629, .F. ) ;
#100 = LINE ( 'NONE', #1245, #4691 ) ;
#101 = DIRECTION ( 'NONE',  ( 0.000000000000000000, 0.000000000000000000, 1.000000000000000000 ) ) ;
#102 = ADVANCED_FACE ( 'NONE', ( #3413 ), #2411, .F. ) ;
#103 = DIRECTION ( 'NONE',  ( 0.000000000000000000, 0.000000000000000000, -1.000000000000000000 ) ) ;
#104 = ORIENTED_EDGE ( 'NONE', *, *, #3949, .F. ) ;
#105 = ORIENTED_EDGE ( 'NONE', *, *, #771, .T. ) ;
#106 = FACE_OUTER_BOUND ( 'NONE', #4626, .T. ) ;
#107 = AXIS2_PLACEMENT_3D ( 'NONE', #4520, #1870, #2576 ) ;
#108 = DIRECTION ( 'NONE',  ( -0.000000000000000000, -1.000000000000000000, -4.180056568618783592E-15 ) ) ;
#109 = EDGE_CURVE ( 'NONE', #582, #2651, #4265, .T. ) ;
#110 = FACE_OUTER_BOUND ( 'NONE', #3883, .T. ) ;
#111 = CARTESIAN_POINT ( 'NONE',  ( 20.00000000000000000, -100.2699999999999960, 4.924999999999998934 ) ) ;
#112 = EDGE_CURVE ( 'NONE', #4075, #1865, #1278, .T. ) ;
#113 = DIRECTION ( 'NONE',  ( -1.000000000000000000, -0.000000000000000000, -0.000000000000000000 ) ) ;
#114 = ORIENTED_EDGE ( 'NONE', *, *, #2501, .T. ) ;
#115 = FACE_OUTER_BOUND ( 'NONE', #1879, .T. ) ;
#116 = ORIENTED_EDGE ( 'NONE', *, *, #4382, .F. ) ;
#117 = CARTESIAN_POINT ( 'NONE',  ( -12.50000000000000000, -66.99999999999998579, 15.00000000000000000 ) ) ;
#118 = VERTEX_POINT ( 'NONE', #4592 ) ;
#119 = VERTEX_POINT ( 'NONE', #3554 ) ;
#120 = DIRECTION ( 'NONE',  ( 1.000000000000000000, -0.000000000000000000, -0.000000000000000000 ) ) ;
#121 = PLANE ( 'NONE',  #3409 ) ;
#122 = LINE ( 'NONE', #4184, #1889 ) ;
#123 = ORIENTED_EDGE ( 'NONE', *, *, #556, .F. ) ;
#124 = ORIENTED_EDGE ( 'NONE', *, *, #667, .F. ) ;
#125 = CARTESIAN_POINT ( 'NONE',  ( 18.80000000000003979, -46.69999999999984652, 1.000000000000020872 ) ) ;
#126 = CIRCLE ( 'NONE', #752, 1.150000000000582778 ) ;
#127 = EDGE_CURVE ( 'NONE', #1311, #750, #2018, .T. ) ;
#128 = CARTESIAN_POINT ( 'NONE',  ( 17.00000000000003908, -46.69999999999996021, -10.84999999999994813 ) ) ;
#129 = ORIENTED_EDGE ( 'NONE', *, *, #1480, .T. ) ;
#130 = AXIS2_PLACEMENT_3D ( 'NONE', #1253, #501, #2361 ) ;
#131 = EDGE_CURVE ( 'NONE', #1282, #3256, #1647, .T. ) ;
#132 = CARTESIAN_POINT ( 'NONE',  ( 0.2524699909896935268, -0.4969642708567700851, -50.00000000000000000 ) ) ;
#133 = DIRECTION ( 'NONE',  ( 1.284980352575412453E-16, 0.000000000000000000, 1.000000000000000000 ) ) ;
#134 = DIRECTION ( 'NONE',  ( 1.000000000000000000, 0.000000000000000000, 0.000000000000000000 ) ) ;
#135 = PLANE ( 'NONE',  #3211 ) ;
#136 = AXIS2_PLACEMENT_3D ( 'NONE', #829, #1538, #4226 ) ;
#137 = ORIENTED_EDGE ( 'NONE', *, *, #1813, .T. ) ;
#138 = VECTOR ( 'NONE', #702, 1000.000000000000000 ) ;
#139 = FACE_OUTER_BOUND ( 'NONE', #4647, .T. ) ;
#140 = EDGE_CURVE ( 'NONE', #1976, #4785, #863, .T. ) ;
#141 = VERTEX_POINT ( 'NONE', #4636 ) ;
#142 = FACE_OUTER_BOUND ( 'NONE', #5, .T. ) ;
#143 = CIRCLE ( 'NONE', #609, 1.149999999999417044 ) ;
#144 = VERTEX_POINT ( 'NONE', #4241 ) ;
#145 = ORIENTED_EDGE ( 'NONE', *, *, #4683, .F. ) ;
#146 = ORIENTED_EDGE ( 'NONE', *, *, #412, .T. ) ;
#147 = AXIS2_PLACEMENT_3D ( 'NONE', #1362, #2038, #2496 ) ;
#148 = CARTESIAN_POINT ( 'NONE',  ( -15.24522956848878152, 9.603261442730490316, 30.00000000000000000 ) ) ;
#149 = DIRECTION ( 'NONE',  ( 0.000000000000000000, -1.000000000000000000, 2.090028284309398107E-15 ) ) ;
#150 = LINE ( 'NONE', #3524, #4307 ) ;
#151 = ORIENTED_EDGE ( 'NONE', *, *, #806, .F. ) ;
#152 = ORIENTED_EDGE ( 'NONE', *, *, #2728, .F. ) ;
#153 = DIRECTION ( 'NONE',  ( -0.7071067811865462405, 0.7071067811865489050, -0.000000000000000000 ) ) ;
#154 = DIRECTION ( 'NONE',  ( 0.000000000000000000, 0.000000000000000000, -1.000000000000000000 ) ) ;
#155 = EDGE_CURVE ( 'NONE', #4038, #3543, #2961, .T. ) ;
#156 = VERTEX_POINT ( 'NONE', #549 ) ;
#157 = DIRECTION ( 'NONE',  ( 1.000000000000000000, 0.000000000000000000, 0.000000000000000000 ) ) ;
#158 = CARTESIAN_POINT ( 'NONE',  ( 18.80000000000003979, -97.00000000000000000, 10.84999999999999787 ) ) ;
#159 = FACE_OUTER_BOUND ( 'NONE', #63, .T. ) ;
#160 = EDGE_CURVE ( 'NONE', #4162, #2419, #2342, .T. ) ;
#161 = VERTEX_POINT ( 'NONE', #178 ) ;
#162 = DIRECTION ( 'NONE',  ( 0.000000000000000000, 0.000000000000000000, -1.000000000000000000 ) ) ;
#163 = ORIENTED_EDGE ( 'NONE', *, *, #4172, .F. ) ;
#164 = DIRECTION ( 'NONE',  ( 0.000000000000000000, 0.000000000000000000, -1.000000000000000000 ) ) ;
#165 = VECTOR ( 'NONE', #1130, 1000.000000000000000 ) ;
#166 = ORIENTED_EDGE ( 'NONE', *, *, #1236, .F. ) ;
#167 = ORIENTED_EDGE ( 'NONE', *, *, #1485, .F. ) ;
#168 = AXIS2_PLACEMENT_3D ( 'NONE', #1458, #389, #4452 ) ;
#169 = VERTEX_POINT ( 'NONE', #1232 ) ;
#170 = DIRECTION ( 'NONE',  ( 1.000000000000000000, 0.000000000000000000, 0.000000000000000000 ) ) ;
#171 = CARTESIAN_POINT ( 'NONE',  ( 16.49522956848936772, 10.39673855726952389, 30.00000000000000000 ) ) ;
#172 = EDGE_CURVE ( 'NONE', #3615, #239, #1136, .T. ) ;
#173 = DIRECTION ( 'NONE',  ( 0.000000000000000000, 0.000000000000000000, -1.000000000000000000 ) ) ;
#174 = EDGE_LOOP ( 'NONE', ( #2908, #4702, #1834, #386 ) ) ;
#175 = ORIENTED_EDGE ( 'NONE', *, *, #3122, .T. ) ;
#176 = FACE_OUTER_BOUND ( 'NONE', #4298, .T. ) ;
#177 = CARTESIAN_POINT ( 'NONE',  ( -0.2524699909896948036, 20.49696427085678252, -50.00000000000000000 ) ) ;
#178 = CARTESIAN_POINT ( 'NONE',  ( -1.646738557269538772, 26.49522956848936772, 27.00000000000001066 ) ) ;
#179 = LINE ( 'NONE', #3767, #3776 ) ;
#180 = CARTESIAN_POINT ( 'NONE',  ( 17.00000000000003908, -54.99999999999999289, -10.84999999999996767 ) ) ;
#181 = CIRCLE ( 'NONE', #2911, 1.250000000000021094 ) ;
#182 = DIRECTION ( 'NONE',  ( 0.7071067811865469066, 0.7071067811865482389, -0.000000000000000000 ) ) ;
#183 = LINE ( 'NONE', #879, #1079 ) ;
#184 = EDGE_CURVE ( 'NONE', #1823, #2566, #2883, .T. ) ;
#185 = EDGE_CURVE ( 'NONE', #1998, #197, #1973, .T. ) ;
#186 = VERTEX_POINT ( 'NONE', #2800 ) ;
#187 = DIRECTION ( 'NONE',  ( 0.000000000000000000, 0.000000000000000000, -1.000000000000000000 ) ) ;
#188 = EDGE_LOOP ( 'NONE', ( #1557, #3699 ) ) ;
#189 = EDGE_LOOP ( 'NONE', ( #904, #1765, #2624, #436 ) ) ;
#190 = EDGE_CURVE ( 'NONE', #309, #2517, #942, .T. ) ;
#191 = ORIENTED_EDGE ( 'NONE', *, *, #1515, .T. ) ;
#192 = CARTESIAN_POINT ( 'NONE',  ( 11.49999999999999645, -19.00000000000000355, 27.00000000000000355 ) ) ;
#193 = CARTESIAN_POINT ( 'NONE',  ( 10.49696427085677897, 10.25246999098970235, -27.00000000000000000 ) ) ;
#194 = EDGE_CURVE ( 'NONE', #1240, #1361, #3922, .T. ) ;
#195 = CARTESIAN_POINT ( 'NONE',  ( 9.346964270857361257, 10.25246999098970235, -30.00000000000000000 ) ) ;
#196 = ORIENTED_EDGE ( 'NONE', *, *, #4043, .F. ) ;
#197 = VERTEX_POINT ( 'NONE', #847 ) ;
#198 = CARTESIAN_POINT ( 'NONE',  ( 20.00000000000004263, -34.99999999999999289, 47.22374841615668828 ) ) ;
#199 = ADVANCED_FACE ( 'NONE', ( #2725 ), #2339, .F. ) ;
#200 = CYLINDRICAL_SURFACE ( 'NONE', #2161, 1.249999999999980238 ) ;
#201 = AXIS2_PLACEMENT_3D ( 'NONE', #2645, #4181, #3057 ) ;
#202 = DIRECTION ( 'NONE',  ( -1.000000000000000000, 0.000000000000000000, 0.000000000000000000 ) ) ;
#203 = VECTOR ( 'NONE', #3843, 1000.000000000000114 ) ;
#204 = FACE_OUTER_BOUND ( 'NONE', #4557, .T. ) ;
#205 = CARTESIAN_POINT ( 'NONE',  ( 20.00000000000000000, -29.99999999999999289, 30.00000000000000000 ) ) ;
#206 = LINE ( 'NONE', #3121, #422 ) ;
#207 = VECTOR ( 'NONE', #4709, 1000.000000000000000 ) ;
#208 = DIRECTION ( 'NONE',  ( -0.000000000000000000, -1.000000000000000000, 2.090028284309402297E-16 ) ) ;
#209 = CARTESIAN_POINT ( 'NONE',  ( 0.2524699909896935268, -0.4969642708567700851, -30.00000000000000000 ) ) ;
#210 = ORIENTED_EDGE ( 'NONE', *, *, #4251, .F. ) ;
#211 = DIRECTION ( 'NONE',  ( 1.000000000000000000, 0.000000000000000000, 0.000000000000000000 ) ) ;
#212 = ADVANCED_FACE ( 'NONE', ( #110 ), #3850, .F. ) ;
#213 = ORIENTED_EDGE ( 'NONE', *, *, #3606, .T. ) ;
#214 = VECTOR ( 'NONE', #307, 1000.000000000000000 ) ;
#215 = VERTEX_POINT ( 'NONE', #1994 ) ;
#216 = VECTOR ( 'NONE', #4661, 1000.000000000000000 ) ;
#217 = CARTESIAN_POINT ( 'NONE',  ( 18.80000000000003979, 0.000000000000000000, 0.000000000000000000 ) ) ;
#218 = DIRECTION ( 'NONE',  ( 0.000000000000000000, 1.000000000000000000, 0.000000000000000000 ) ) ;
#219 = VECTOR ( 'NONE', #1303, 1000.000000000000000 ) ;
#220 = PLANE ( 'NONE',  #2121 ) ;
#221 = EDGE_CURVE ( 'NONE', #2128, #449, #229, .T. ) ;
#222 = ORIENTED_EDGE ( 'NONE', *, *, #1575, .T. ) ;
#223 = EDGE_LOOP ( 'NONE', ( #13, #3151 ) ) ;
#224 = DIRECTION ( 'NONE',  ( -0.000000000000000000, -0.000000000000000000, -1.000000000000000000 ) ) ;
#225 = VECTOR ( 'NONE', #4822, 1000.000000000000000 ) ;
#226 = DIRECTION ( 'NONE',  ( 1.000000000000000000, 0.000000000000000000, 0.000000000000000000 ) ) ;
#227 = AXIS2_PLACEMENT_3D ( 'NONE', #4093, #744, #3726 ) ;
#228 = ORIENTED_EDGE ( 'NONE', *, *, #1049, .F. ) ;
#229 = CIRCLE ( 'NONE', #610, 2.149999999999999023 ) ;
#230 = LINE ( 'NONE', #2503, #1511 ) ;
#231 = DIRECTION ( 'NONE',  ( 0.000000000000000000, 0.000000000000000000, -1.000000000000000000 ) ) ;
#232 = DIRECTION ( 'NONE',  ( 0.000000000000000000, 1.000000000000000000, 0.000000000000000000 ) ) ;
#233 = EDGE_CURVE ( 'NONE', #449, #2974, #2748, .T. ) ;
#234 = CARTESIAN_POINT ( 'NONE',  ( -12.50000000000000000, -66.99999999999998579, -30.00000000000000000 ) ) ;
#235 = AXIS2_PLACEMENT_3D ( 'NONE', #2326, #420, #4537 ) ;
#236 = DIRECTION ( 'NONE',  ( 1.000000000000000000, 0.000000000000000000, 0.000000000000000000 ) ) ;
#237 = ORIENTED_EDGE ( 'NONE', *, *, #131, .F. ) ;
#238 = DIRECTION ( 'NONE',  ( -0.000000000000000000, -0.000000000000000000, -1.000000000000000000 ) ) ;
#239 = VERTEX_POINT ( 'NONE', #36 ) ;
#240 = EDGE_LOOP ( 'NONE', ( #2306, #416, #1749, #4820, #2932, #237 ) ) ;
#241 = LINE ( 'NONE', #539, #3597 ) ;
#242 = CARTESIAN_POINT ( 'NONE',  ( 3.000000000000039080, -54.99999999999999289, -27.00000000000000000 ) ) ;
#243 = CARTESIAN_POINT ( 'NONE',  ( 6.999999999999999112, -49.99999999999997868, -27.00000000000000000 ) ) ;
#244 = EDGE_LOOP ( 'NONE', ( #2270, #4030, #3750, #3869 ) ) ;
#245 = AXIS2_PLACEMENT_3D ( 'NONE', #1650, #2776, #3535 ) ;
#246 = ORIENTED_EDGE ( 'NONE', *, *, #30, .F. ) ;
#247 = CARTESIAN_POINT ( 'NONE',  ( 17.00000000000003908, -105.3000000000000256, 8.850000000000004974 ) ) ;
#248 = EDGE_CURVE ( 'NONE', #2186, #659, #689, .T. ) ;
#249 = DIRECTION ( 'NONE',  ( 0.7071067811865457964, -0.7071067811865493491, 0.000000000000000000 ) ) ;
#250 = ORIENTED_EDGE ( 'NONE', *, *, #2164, .T. ) ;
#251 = ORIENTED_EDGE ( 'NONE', *, *, #4100, .T. ) ;
#252 = DIRECTION ( 'NONE',  ( 1.000000000000000000, 0.000000000000000000, 0.000000000000000000 ) ) ;
#253 = CARTESIAN_POINT ( 'NONE',  ( -7.500000000000000888, -47.99999999999999289, -30.00000000000000000 ) ) ;
#254 = EDGE_CURVE ( 'NONE', #4805, #832, #3355, .T. ) ;
#255 = ADVANCED_FACE ( 'NONE', ( #4795 ), #3696, .F. ) ;
#256 = LINE ( 'NONE', #3218, #3334 ) ;
#257 = VERTEX_POINT ( 'NONE', #3276 ) ;
#258 = AXIS2_PLACEMENT_3D ( 'NONE', #4103, #4004, #3740 ) ;
#259 = DIRECTION ( 'NONE',  ( -0.000000000000000000, -0.000000000000000000, -1.000000000000000000 ) ) ;
#260 = ORIENTED_EDGE ( 'NONE', *, *, #4057, .T. ) ;
#261 = DIRECTION ( 'NONE',  ( -1.000000000000000000, 0.000000000000000000, 0.000000000000000000 ) ) ;
#262 = ORIENTED_EDGE ( 'NONE', *, *, #4297, .T. ) ;
#263 = DIRECTION ( 'NONE',  ( -0.000000000000000000, -0.000000000000000000, -1.000000000000000000 ) ) ;
#264 = DIRECTION ( 'NONE',  ( 1.000000000000000000, 0.000000000000000000, 0.000000000000000000 ) ) ;
#265 = AXIS2_PLACEMENT_3D ( 'NONE', #1542, #3037, #2277 ) ;
#266 = CARTESIAN_POINT ( 'NONE',  ( 1.402469990989683168, -0.4969642708567700851, -50.00000000000000000 ) ) ;
#267 = VERTEX_POINT ( 'NONE', #4110 ) ;
#268 = VERTEX_POINT ( 'NONE', #4457 ) ;
#269 = CARTESIAN_POINT ( 'NONE',  ( -7.500000000000000888, -47.99999999999999289, 15.00000000000000000 ) ) ;
#270 = DIRECTION ( 'NONE',  ( -1.000000000000000000, -0.000000000000000000, -0.000000000000000000 ) ) ;
#271 = DIRECTION ( 'NONE',  ( 0.000000000000000000, 0.000000000000000000, -1.000000000000000000 ) ) ;
#272 = VERTEX_POINT ( 'NONE', #2155 ) ;
#273 = EDGE_CURVE ( 'NONE', #4393, #2949, #2597, .T. ) ;
#274 = VERTEX_POINT ( 'NONE', #4403 ) ;
#275 = DIRECTION ( 'NONE',  ( -0.7071067811865484609, -0.7071067811865465735, 0.000000000000000000 ) ) ;
#276 = CIRCLE ( 'NONE', #2078, 1.249999999999980238 ) ;
#277 = CYLINDRICAL_SURFACE ( 'NONE', #2588, 2.150000000000004352 ) ;
#278 = EDGE_CURVE ( 'NONE', #3891, #4472, #4377, .T. ) ;
#279 = AXIS2_PLACEMENT_3D ( 'NONE', #2562, #656, #2590 ) ;
#280 = DIRECTION ( 'NONE',  ( 0.000000000000000000, 2.299031112740337917E-15, -1.000000000000000000 ) ) ;
#281 = VERTEX_POINT ( 'NONE', #4086 ) ;
#282 = LINE ( 'NONE', #4756, #4353 ) ;
#283 = EDGE_CURVE ( 'NONE', #2072, #1361, #3239, .T. ) ;
#284 = ORIENTED_EDGE ( 'NONE', *, *, #4367, .T. ) ;
#285 = CIRCLE ( 'NONE', #3728, 2.150000000000002576 ) ;
#286 = ORIENTED_EDGE ( 'NONE', *, *, #1472, .F. ) ;
#287 = DIRECTION ( 'NONE',  ( 0.000000000000000000, 1.000000000000000000, -0.000000000000000000 ) ) ;
#288 = CARTESIAN_POINT ( 'NONE',  ( -7.500000000000000888, -69.99999999999998579, -30.00000000000000000 ) ) ;
#289 = LINE ( 'NONE', #1407, #4073 ) ;
#290 = ADVANCED_FACE ( 'NONE', ( #342 ), #367, .F. ) ;
#291 = AXIS2_PLACEMENT_3D ( 'NONE', #4712, #187, #3196 ) ;
#292 = ORIENTED_EDGE ( 'NONE', *, *, #3567, .F. ) ;
#293 = ORIENTED_EDGE ( 'NONE', *, *, #632, .F. ) ;
#294 = DIRECTION ( 'NONE',  ( 0.000000000000000000, 0.000000000000000000, -1.000000000000000000 ) ) ;
#295 = VECTOR ( 'NONE', #3944, 1000.000000000000000 ) ;
#296 = LINE ( 'NONE', #1790, #669 ) ;
#297 = DIRECTION ( 'NONE',  ( 0.000000000000000000, 0.000000000000000000, 1.000000000000000000 ) ) ;
#298 = FACE_OUTER_BOUND ( 'NONE', #3544, .T. ) ;
#299 = VECTOR ( 'NONE', #1092, 1000.000000000000000 ) ;
#300 = VERTEX_POINT ( 'NONE', #739 ) ;
#301 = ORIENTED_EDGE ( 'NONE', *, *, #2586, .T. ) ;
#302 = VECTOR ( 'NONE', #153, 1000.000000000000000 ) ;
#303 = DIRECTION ( 'NONE',  ( -0.000000000000000000, -0.000000000000000000, -1.000000000000000000 ) ) ;
#304 = CARTESIAN_POINT ( 'NONE',  ( -20.00000000000000000, -43.99999999999997158, 30.00000000000000000 ) ) ;
#305 = VERTEX_POINT ( 'NONE', #3327 ) ;
#306 = ADVANCED_FACE ( 'NONE', ( #9 ), #1435, .F. ) ;
#307 = DIRECTION ( 'NONE',  ( 1.000000000000000000, 0.000000000000000000, 0.000000000000000000 ) ) ;
#308 = DIRECTION ( 'NONE',  ( -0.000000000000000000, -0.000000000000000000, 1.000000000000000000 ) ) ;
#309 = VERTEX_POINT ( 'NONE', #2985 ) ;
#310 = ORIENTED_EDGE ( 'NONE', *, *, #2980, .F. ) ;
#311 = CYLINDRICAL_SURFACE ( 'NONE', #1325, 1.150000000000011235 ) ;
#312 = CARTESIAN_POINT ( 'NONE',  ( 7.000000000000000888, -83.99999999999998579, -30.00000000000000000 ) ) ;
#313 = DIRECTION ( 'NONE',  ( 0.000000000000000000, 0.000000000000000000, -1.000000000000000000 ) ) ;
#314 = EDGE_LOOP ( 'NONE', ( #2442, #3773, #3290, #4453, #4185, #2793 ) ) ;
#315 = ORIENTED_EDGE ( 'NONE', *, *, #3132, .T. ) ;
#316 = DIRECTION ( 'NONE',  ( 1.000000000000000000, 0.000000000000000000, 0.000000000000000000 ) ) ;
#317 = CARTESIAN_POINT ( 'NONE',  ( 4.650000000000000355, -115.9999999999999858, -27.00000000000000000 ) ) ;
#318 = DIRECTION ( 'NONE',  ( 0.000000000000000000, 0.000000000000000000, -1.000000000000000000 ) ) ;
#319 = EDGE_CURVE ( 'NONE', #579, #300, #763, .T. ) ;
#320 = VECTOR ( 'NONE', #1914, 1000.000000000000000 ) ;
#321 = ORIENTED_EDGE ( 'NONE', *, *, #172, .T. ) ;
#322 = VERTEX_POINT ( 'NONE', #1127 ) ;
#323 = DIRECTION ( 'NONE',  ( 0.000000000000000000, 0.000000000000000000, 1.000000000000000000 ) ) ;
#324 = VECTOR ( 'NONE', #2176, 1000.000000000000000 ) ;
#325 = EDGE_LOOP ( 'NONE', ( #191, #129 ) ) ;
#326 = FACE_OUTER_BOUND ( 'NONE', #2199, .T. ) ;
#327 = DIRECTION ( 'NONE',  ( -0.000000000000000000, -0.000000000000000000, 1.000000000000000000 ) ) ;
#328 = VERTEX_POINT ( 'NONE', #3674 ) ;
#329 = CARTESIAN_POINT ( 'NONE',  ( 17.00000000000000000, -97.00000000000000000, 54.86198126479881410 ) ) ;
#330 = EDGE_CURVE ( 'NONE', #1865, #3632, #1791, .T. ) ;
#331 = VECTOR ( 'NONE', #525, 1000.000000000000000 ) ;
#332 = ORIENTED_EDGE ( 'NONE', *, *, #4830, .T. ) ;
#333 = CARTESIAN_POINT ( 'NONE',  ( 9.346964270857361257, 10.25246999098970235, 30.00000000000000000 ) ) ;
#334 = FACE_OUTER_BOUND ( 'NONE', #3244, .T. ) ;
#335 = CARTESIAN_POINT ( 'NONE',  ( 17.00000000000004974, -50.84999999999999432, 7.074999999999997513 ) ) ;
#336 = AXIS2_PLACEMENT_3D ( 'NONE', #2751, #1348, #4245 ) ;
#337 = ORIENTED_EDGE ( 'NONE', *, *, #2216, .T. ) ;
#338 = ADVANCED_FACE ( 'NONE', ( #4033 ), #394, .F. ) ;
#339 = VERTEX_POINT ( 'NONE', #317 ) ;
#340 = CYLINDRICAL_SURFACE ( 'NONE', #1388, 1.149999999999417044 ) ;
#341 = CARTESIAN_POINT ( 'NONE',  ( 1.646738557269495917, -6.495229568489357952, -30.00000000000000000 ) ) ;
#342 = FACE_OUTER_BOUND ( 'NONE', #1559, .T. ) ;
#343 = DIRECTION ( 'NONE',  ( -0.7071067811865473507, 0.7071067811865477948, 0.000000000000000000 ) ) ;
#344 = EDGE_CURVE ( 'NONE', #3222, #2652, #4430, .T. ) ;
#345 = EDGE_LOOP ( 'NONE', ( #4741, #2752 ) ) ;
#346 = EDGE_CURVE ( 'NONE', #3343, #2316, #2229, .T. ) ;
#347 = VERTEX_POINT ( 'NONE', #1046 ) ;
#348 = DIRECTION ( 'NONE',  ( -0.000000000000000000, -0.000000000000000000, 1.000000000000000000 ) ) ;
#349 = DIRECTION ( 'NONE',  ( -1.000000000000000000, 0.000000000000000000, 0.000000000000000000 ) ) ;
#350 = CARTESIAN_POINT ( 'NONE',  ( 10.00000000000000000, -100.2699999999999960, -4.924999999999998934 ) ) ;
#351 = PRODUCT_DEFINITION_CONTEXT ( 'detailed design', #3889, 'design' ) ;
#352 = ORIENTED_EDGE ( 'NONE', *, *, #941, .F. ) ;
#353 = DIRECTION ( 'NONE',  ( 0.000000000000000000, -0.000000000000000000, -1.000000000000000000 ) ) ;
#354 = CARTESIAN_POINT ( 'NONE',  ( 13.99999999999999645, -21.50000000000000000, 35.00000000000000000 ) ) ;
#355 = EDGE_LOOP ( 'NONE', ( #2319, #315, #4814, #2856 ) ) ;
#356 = VECTOR ( 'NONE', #1177, 1000.000000000000000 ) ;
#357 = ORIENTED_EDGE ( 'NONE', *, *, #2321, .F. ) ;
#358 = FACE_BOUND ( 'NONE', #4668, .T. ) ;
#359 = DIRECTION ( 'NONE',  ( 0.7071067811865477948, -0.7071067811865473507, 0.000000000000000000 ) ) ;
#360 = EDGE_CURVE ( 'NONE', #474, #1042, #4062, .T. ) ;
#361 = LINE ( 'NONE', #1853, #2198 ) ;
#362 = CIRCLE ( 'NONE', #2239, 1.149999999999417044 ) ;
#363 = ORIENTED_EDGE ( 'NONE', *, *, #3027, .F. ) ;
#364 = ORIENTED_EDGE ( 'NONE', *, *, #2501, .F. ) ;
#365 = DIRECTION ( 'NONE',  ( 1.000000000000000000, 0.000000000000000000, 0.000000000000000000 ) ) ;
#366 = LINE ( 'NONE', #2904, #2391 ) ;
#367 = PLANE ( 'NONE',  #1600 ) ;
#368 = CARTESIAN_POINT ( 'NONE',  ( -9.500000000000001776, -47.99999999999999289, 15.00000000000000000 ) ) ;
#369 = VECTOR ( 'NONE', #591, 1000.000000000000000 ) ;
#370 = EDGE_CURVE ( 'NONE', #2128, #2372, #57, .T. ) ;
#371 = VECTOR ( 'NONE', #3708, 1000.000000000000000 ) ;
#372 = LINE ( 'NONE', #1007, #4467 ) ;
#373 = ORIENTED_EDGE ( 'NONE', *, *, #44, .T. ) ;
#374 = EDGE_LOOP ( 'NONE', ( #1826, #2934, #3810, #977 ) ) ;
#375 = DIRECTION ( 'NONE',  ( 1.000000000000000000, 0.000000000000000000, 0.000000000000000000 ) ) ;
#376 = DIRECTION ( 'NONE',  ( 1.000000000000000000, 0.000000000000000000, 0.000000000000000000 ) ) ;
#377 = AXIS2_PLACEMENT_3D ( 'NONE', #4117, #3701, #1161 ) ;
#378 = AXIS2_PLACEMENT_3D ( 'NONE', #1103, #2254, #2542 ) ;
#379 = VECTOR ( 'NONE', #3112, 1000.000000000000000 ) ;
#380 = CARTESIAN_POINT ( 'NONE',  ( 18.80000000000003979, -54.99999999999999289, -10.84999999999996767 ) ) ;
#381 = CARTESIAN_POINT ( 'NONE',  ( 18.80000000000003979, -54.99999999999999289, 10.84999999999996767 ) ) ;
#382 = CARTESIAN_POINT ( 'NONE',  ( 10.49696427085677897, 10.25246999098970235, -50.00000000000000000 ) ) ;
#383 = EDGE_CURVE ( 'NONE', #305, #474, #4512, .T. ) ;
#384 = ORIENTED_EDGE ( 'NONE', *, *, #1832, .T. ) ;
#385 = LINE ( 'NONE', #3026, #4044 ) ;
#386 = ORIENTED_EDGE ( 'NONE', *, *, #283, .T. ) ;
#387 = DIRECTION ( 'NONE',  ( 0.000000000000000000, 0.000000000000000000, 1.000000000000000000 ) ) ;
#388 = CARTESIAN_POINT ( 'NONE',  ( 0.3967385572695156237, -6.495229568489357952, 27.00000000000001066 ) ) ;
#389 = DIRECTION ( 'NONE',  ( 0.000000000000000000, 0.000000000000000000, -1.000000000000000000 ) ) ;
#390 = ORIENTED_EDGE ( 'NONE', *, *, #3122, .F. ) ;
#391 = ORIENTED_EDGE ( 'NONE', *, *, #1485, .T. ) ;
#392 = CARTESIAN_POINT ( 'NONE',  ( -10.49696427085677897, 9.747530009010310081, -50.00000000000000000 ) ) ;
#393 = PLANE ( 'NONE',  #201 ) ;
#394 = CYLINDRICAL_SURFACE ( 'NONE', #4334, 1.649999999999998579 ) ;
#395 = CIRCLE ( 'NONE', #2348, 1.249999999999980238 ) ;
#396 = LINE ( 'NONE', #4771, #1693 ) ;
#397 = CARTESIAN_POINT ( 'NONE',  ( 15.24522956848995214, 10.39673855726952389, 30.00000000000000000 ) ) ;
#398 = VERTEX_POINT ( 'NONE', #789 ) ;
#399 = EDGE_LOOP ( 'NONE', ( #3988, #228, #768, #4098 ) ) ;
#400 = CARTESIAN_POINT ( 'NONE',  ( 1.000000000000000888, -105.0000000000000000, 15.00000000000000000 ) ) ;
#401 = EDGE_CURVE ( 'NONE', #3306, #4114, #4493, .T. ) ;
#402 = CARTESIAN_POINT ( 'NONE',  ( -14.00000000000000178, -21.50000000000000000, 30.00000000000000000 ) ) ;
#403 = DIRECTION ( 'NONE',  ( 1.000000000000000000, -0.000000000000000000, -0.000000000000000000 ) ) ;
#404 = VECTOR ( 'NONE', #173, 1000.000000000000000 ) ;
#405 = CARTESIAN_POINT ( 'NONE',  ( -11.50000000000000355, -28.99999999999999645, 35.00000000000000000 ) ) ;
#406 = FACE_OUTER_BOUND ( 'NONE', #399, .T. ) ;
#407 = CARTESIAN_POINT ( 'NONE',  ( 11.49999999999999645, -19.00000000000000355, 35.00000000000000000 ) ) ;
#408 = ADVANCED_FACE ( 'NONE', ( #2671 ), #1610, .F. ) ;
#409 = DIRECTION ( 'NONE',  ( -0.000000000000000000, -0.000000000000000000, 1.000000000000000000 ) ) ;
#410 = EDGE_LOOP ( 'NONE', ( #1988, #4066, #2502, #856 ) ) ;
#411 = CARTESIAN_POINT ( 'NONE',  ( -10.49696427085677897, 9.747530009010310081, -30.00000000000000000 ) ) ;
#412 = EDGE_CURVE ( 'NONE', #2186, #4481, #2768, .T. ) ;
#413 = ORIENTED_EDGE ( 'NONE', *, *, #4396, .T. ) ;
#414 = DIRECTION ( 'NONE',  ( -0.000000000000000000, -0.000000000000000000, 1.000000000000000000 ) ) ;
#415 = PLANE ( 'NONE',  #2209 ) ;
#416 = ORIENTED_EDGE ( 'NONE', *, *, #1415, .F. ) ;
#417 = AXIS2_PLACEMENT_3D ( 'NONE', #3705, #17, #697 ) ;
#418 = ORIENTED_EDGE ( 'NONE', *, *, #3027, .T. ) ;
#419 = DIRECTION ( 'NONE',  ( -0.000000000000000000, -0.000000000000000000, 1.000000000000000000 ) ) ;
#420 = DIRECTION ( 'NONE',  ( -0.000000000000000000, -0.000000000000000000, 1.000000000000000000 ) ) ;
#421 = CARTESIAN_POINT ( 'NONE',  ( -9.500000000000001776, -69.99999999999998579, -27.00000000000000000 ) ) ;
#422 = VECTOR ( 'NONE', #3974, 1000.000000000000000 ) ;
#423 = PLANE ( 'NONE',  #4380 ) ;
#424 = ORIENTED_EDGE ( 'NONE', *, *, #3952, .T. ) ;
#425 = VERTEX_POINT ( 'NONE', #887 ) ;
#426 = CARTESIAN_POINT ( 'NONE',  ( 0.2524699909896935268, -0.4969642708567700851, 30.00000000000000000 ) ) ;
#427 = LINE ( 'NONE', #4589, #4734 ) ;
#428 = CARTESIAN_POINT ( 'NONE',  ( 0.8532614427305034166, 26.49522956848936772, -50.00000000000000000 ) ) ;
#429 = EDGE_CURVE ( 'NONE', #425, #2416, #865, .T. ) ;
#430 = CARTESIAN_POINT ( 'NONE',  ( 1.699999999999999956, 10.00000000000000533, -49.99999999999998579 ) ) ;
#431 = DIRECTION ( 'NONE',  ( -0.000000000000000000, 1.000000000000000000, -0.000000000000000000 ) ) ;
#432 = DIRECTION ( 'NONE',  ( 1.000000000000000000, 0.000000000000000000, 0.000000000000000000 ) ) ;
#433 = EDGE_CURVE ( 'NONE', #2124, #347, #3429, .T. ) ;
#434 = ORIENTED_EDGE ( 'NONE', *, *, #4518, .T. ) ;
#435 = DIRECTION ( 'NONE',  ( 1.000000000000000000, 0.000000000000000000, 0.000000000000000000 ) ) ;
#436 = ORIENTED_EDGE ( 'NONE', *, *, #3849, .F. ) ;
#437 = CARTESIAN_POINT ( 'NONE',  ( -20.00000000000000000, -108.9999999999999858, -27.00000000000000000 ) ) ;
#438 = FACE_OUTER_BOUND ( 'NONE', #4141, .T. ) ;
#439 = EDGE_CURVE ( 'NONE', #2292, #3711, #492, .T. ) ;
#440 = VECTOR ( 'NONE', #8, 1000.000000000000000 ) ;
#441 = ORIENTED_EDGE ( 'NONE', *, *, #1206, .F. ) ;
#442 = ORIENTED_EDGE ( 'NONE', *, *, #1770, .F. ) ;
#443 = CIRCLE ( 'NONE', #2545, 1.149999999999989697 ) ;
#444 = FACE_OUTER_BOUND ( 'NONE', #1848, .T. ) ;
#445 = DIRECTION ( 'NONE',  ( -1.000000000000000000, 0.000000000000000000, 0.000000000000000000 ) ) ;
#446 = ADVANCED_FACE ( 'NONE', ( #3771 ), #1200, .F. ) ;
#447 = VECTOR ( 'NONE', #624, 1000.000000000000000 ) ;
#448 = DIRECTION ( 'NONE',  ( -0.000000000000000000, -0.000000000000000000, 1.000000000000000000 ) ) ;
#449 = VERTEX_POINT ( 'NONE', #4182 ) ;
#450 = EDGE_LOOP ( 'NONE', ( #1250, #3205, #4058, #2473 ) ) ;
#451 = DIRECTION ( 'NONE',  ( 1.000000000000000000, 0.000000000000000000, 0.000000000000000000 ) ) ;
#452 = CIRCLE ( 'NONE', #1066, 2.150000000000004352 ) ;
#453 = FACE_BOUND ( 'NONE', #1608, .T. ) ;
#454 = VECTOR ( 'NONE', #3788, 999.9999999999998863 ) ;
#455 = AXIS2_PLACEMENT_3D ( 'NONE', #3734, #1531, #1210 ) ;
#456 = CARTESIAN_POINT ( 'NONE',  ( -0.2524699909896948036, 20.49696427085678252, 30.00000000000000000 ) ) ;
#457 = DIRECTION ( 'NONE',  ( 1.000000000000000000, 0.000000000000000000, 0.000000000000000000 ) ) ;
#458 = CARTESIAN_POINT ( 'NONE',  ( -11.50000000000000355, -28.99999999999999645, -30.00000000000000000 ) ) ;
#459 = CIRCLE ( 'NONE', #4826, 1.250000000000021094 ) ;
#460 = EDGE_LOOP ( 'NONE', ( #463, #1350 ) ) ;
#461 = DIRECTION ( 'NONE',  ( -0.000000000000000000, -0.000000000000000000, 1.000000000000000000 ) ) ;
#462 = EDGE_CURVE ( 'NONE', #2273, #309, #1178, .T. ) ;
#463 = ORIENTED_EDGE ( 'NONE', *, *, #1443, .T. ) ;
#464 = FACE_OUTER_BOUND ( 'NONE', #2981, .T. ) ;
#465 =( GEOMETRIC_REPRESENTATION_CONTEXT ( 3 ) GLOBAL_UNCERTAINTY_ASSIGNED_CONTEXT ( ( #2210 ) ) GLOBAL_UNIT_ASSIGNED_CONTEXT ( ( #1411, #4401, #1043 ) ) REPRESENTATION_CONTEXT ( 'NONE', 'WORKASPACE' ) );
#466 = ORIENTED_EDGE ( 'NONE', *, *, #4224, .T. ) ;
#467 = ORIENTED_EDGE ( 'NONE', *, *, #4335, .F. ) ;
#468 = VECTOR ( 'NONE', #4218, 1000.000000000000000 ) ;
#469 = CARTESIAN_POINT ( 'NONE',  ( -20.24999999999998934, -20.25000000000002842, 30.00000000000000000 ) ) ;
#470 = DIRECTION ( 'NONE',  ( -0.000000000000000000, -0.000000000000000000, -1.000000000000000000 ) ) ;
#471 = CARTESIAN_POINT ( 'NONE',  ( 16.49522956848936772, 10.39673855726952389, -27.00000000000000000 ) ) ;
#472 = CARTESIAN_POINT ( 'NONE',  ( 17.00000000000003908, -105.3000000000000256, 10.84999999999999609 ) ) ;
#473 = ORIENTED_EDGE ( 'NONE', *, *, #2548, .F. ) ;
#474 = VERTEX_POINT ( 'NONE', #2695 ) ;
#475 = FACE_OUTER_BOUND ( 'NONE', #1426, .T. ) ;
#476 = AXIS2_PLACEMENT_3D ( 'NONE', #2125, #3593, #3887 ) ;
#477 = EDGE_CURVE ( 'NONE', #1737, #3939, #4159, .T. ) ;
#478 = DIRECTION ( 'NONE',  ( 0.000000000000000000, 0.000000000000000000, 1.000000000000000000 ) ) ;
#479 = CARTESIAN_POINT ( 'NONE',  ( -10.49696427085677897, 9.747530009010310081, -50.00000000000000000 ) ) ;
#480 = DIRECTION ( 'NONE',  ( 3.469446951953611231E-16, 1.000000000000000000, 0.000000000000000000 ) ) ;
#481 = DIRECTION ( 'NONE',  ( 0.000000000000000000, 1.000000000000000000, -3.469446951953670987E-15 ) ) ;
#482 = AXIS2_PLACEMENT_3D ( 'NONE', #1496, #4487, #766 ) ;
#483 = ORIENTED_EDGE ( 'NONE', *, *, #1415, .T. ) ;
#484 = LINE ( 'NONE', #1977, #2865 ) ;
#485 = ORIENTED_EDGE ( 'NONE', *, *, #3392, .F. ) ;
#486 = CIRCLE ( 'NONE', #4311, 2.150000000000004352 ) ;
#487 = DIRECTION ( 'NONE',  ( -0.000000000000000000, -0.000000000000000000, -1.000000000000000000 ) ) ;
#488 = EDGE_CURVE ( 'NONE', #3501, #4573, #1008, .T. ) ;
#489 = ADVANCED_FACE ( 'NONE', ( #444 ), #1938, .T. ) ;
#490 = VERTEX_POINT ( 'NONE', #1962 ) ;
#491 = ORIENTED_EDGE ( 'NONE', *, *, #3515, .T. ) ;
#492 = LINE ( 'NONE', #1912, #3755 ) ;
#493 = DIRECTION ( 'NONE',  ( -1.000000000000000000, -0.000000000000000000, -0.000000000000000000 ) ) ;
#494 = CARTESIAN_POINT ( 'NONE',  ( 20.00000000000004263, -34.99999999999999289, -27.00000000000000000 ) ) ;
#495 = EDGE_CURVE ( 'NONE', #4077, #1099, #100, .T. ) ;
#496 = ORIENTED_EDGE ( 'NONE', *, *, #2013, .T. ) ;
#497 = VERTEX_POINT ( 'NONE', #2375 ) ;
#498 = LINE ( 'NONE', #1616, #379 ) ;
#499 = EDGE_CURVE ( 'NONE', #2003, #169, #3080, .T. ) ;
#500 = VECTOR ( 'NONE', #4464, 1000.000000000000000 ) ;
#501 = DIRECTION ( 'NONE',  ( -0.000000000000000000, 0.000000000000000000, 1.000000000000000000 ) ) ;
#502 = EDGE_CURVE ( 'NONE', #169, #1958, #4582, .T. ) ;
#503 = VERTEX_POINT ( 'NONE', #3498 ) ;
#504 = DIRECTION ( 'NONE',  ( 1.000000000000000000, 0.000000000000000000, 0.000000000000000000 ) ) ;
#505 = DIRECTION ( 'NONE',  ( -0.000000000000000000, -0.000000000000000000, -1.000000000000000000 ) ) ;
#506 = ORIENTED_EDGE ( 'NONE', *, *, #502, .F. ) ;
#507 = CARTESIAN_POINT ( 'NONE',  ( 13.99999999999999645, -26.50000000000000355, -26.99999999999999645 ) ) ;
#508 = EDGE_LOOP ( 'NONE', ( #2617, #357 ) ) ;
#509 = LINE ( 'NONE', #2808, #2555 ) ;
#510 = VERTEX_POINT ( 'NONE', #148 ) ;
#511 = VERTEX_POINT ( 'NONE', #3011 ) ;
#512 = ORIENTED_EDGE ( 'NONE', *, *, #3210, .F. ) ;
#513 = EDGE_CURVE ( 'NONE', #4781, #1787, #790, .T. ) ;
#514 = DIRECTION ( 'NONE',  ( 3.469446951953611231E-16, 1.000000000000000000, 0.000000000000000000 ) ) ;
#515 = PLANE ( 'NONE',  #4656 ) ;
#516 = AXIS2_PLACEMENT_3D ( 'NONE', #1639, #3430, #1590 ) ;
#517 = CARTESIAN_POINT ( 'NONE',  ( -10.49696427085677897, 9.747530009010310081, -27.00000000000000000 ) ) ;
#518 = ORIENTED_EDGE ( 'NONE', *, *, #921, .T. ) ;
#519 = ORIENTED_EDGE ( 'NONE', *, *, #1622, .T. ) ;
#520 = FACE_BOUND ( 'NONE', #1158, .T. ) ;
#521 = VECTOR ( 'NONE', #493, 1000.000000000000000 ) ;
#522 = ADVANCED_FACE ( 'NONE', ( #4649 ), #3223, .F. ) ;
#523 = CIRCLE ( 'NONE', #598, 2.149999999999999023 ) ;
#524 = CARTESIAN_POINT ( 'NONE',  ( -0.2524699909896948036, 20.49696427085678252, -30.00000000000000000 ) ) ;
#525 = DIRECTION ( 'NONE',  ( -0.000000000000000000, -1.000000000000000000, -0.000000000000000000 ) ) ;
#526 = LINE ( 'NONE', #3190, #1620 ) ;
#527 = DIRECTION ( 'NONE',  ( -0.000000000000000000, -0.000000000000000000, 1.000000000000000000 ) ) ;
#528 = ORIENTED_EDGE ( 'NONE', *, *, #1663, .T. ) ;
#529 = VECTOR ( 'NONE', #4547, 1000.000000000000000 ) ;
#530 = DIRECTION ( 'NONE',  ( 0.000000000000000000, 1.000000000000000000, 0.000000000000000000 ) ) ;
#531 = EDGE_CURVE ( 'NONE', #4345, #2885, #1356, .T. ) ;
#532 = ORIENTED_EDGE ( 'NONE', *, *, #2140, .F. ) ;
#533 = FACE_BOUND ( 'NONE', #3954, .T. ) ;
#534 = AXIS2_PLACEMENT_3D ( 'NONE', #805, #3052, #1214 ) ;
#535 = EDGE_LOOP ( 'NONE', ( #3614, #2511, #1378, #1729, #652, #3206, #2982, #1866, #1175, #612, #711, #930, #2422, #862, #3158, #1905, #137, #604 ) ) ;
#536 = ORIENTED_EDGE ( 'NONE', *, *, #775, .F. ) ;
#537 = ORIENTED_EDGE ( 'NONE', *, *, #2418, .T. ) ;
#538 = VECTOR ( 'NONE', #938, 1000.000000000000000 ) ;
#539 = CARTESIAN_POINT ( 'NONE',  ( 0.000000000000000000, -28.99999999999999645, 30.00000000000000000 ) ) ;
#540 = DIRECTION ( 'NONE',  ( -1.000000000000000000, 3.469446951953611231E-16, 0.000000000000000000 ) ) ;
#541 = CARTESIAN_POINT ( 'NONE',  ( 17.00000000000000000, -100.2699999999999960, 2.774999999999996803 ) ) ;
#542 = PRODUCT_DEFINITION_FORMATION_WITH_SPECIFIED_SOURCE ( 'ไป', '', #2989, .NOT_KNOWN. ) ;
#543 = EDGE_LOOP ( 'NONE', ( #1424, #4489, #4343, #3909 ) ) ;
#544 = ORIENTED_EDGE ( 'NONE', *, *, #112, .T. ) ;
#545 = DIRECTION ( 'NONE',  ( -0.000000000000000000, -1.000000000000000000, -0.000000000000000000 ) ) ;
#546 = CARTESIAN_POINT ( 'NONE',  ( 0.000000000000000000, 10.00000000000000533, -30.00000000000000000 ) ) ;
#547 = EDGE_CURVE ( 'NONE', #1460, #1732, #4327, .T. ) ;
#548 = EDGE_CURVE ( 'NONE', #3910, #3352, #973, .T. ) ;
#549 = CARTESIAN_POINT ( 'NONE',  ( -12.50000000000000000, -66.99999999999998579, -26.99999999999998224 ) ) ;
#550 = CARTESIAN_POINT ( 'NONE',  ( 18.80000000000003979, -105.3000000000000256, 8.850000000000004974 ) ) ;
#551 = DIRECTION ( 'NONE',  ( 1.000000000000000000, 0.000000000000000000, 0.000000000000000000 ) ) ;
#552 = CIRCLE ( 'NONE', #2269, 1.649999999999999467 ) ;
#553 = DIRECTION ( 'NONE',  ( -0.000000000000000000, -0.000000000000000000, -1.000000000000000000 ) ) ;
#554 = CARTESIAN_POINT ( 'NONE',  ( 18.80000000000003979, -46.69999999999996021, 8.849999999999981881 ) ) ;
#555 = ORIENTED_EDGE ( 'NONE', *, *, #1129, .F. ) ;
#556 = EDGE_CURVE ( 'NONE', #4326, #2323, #2763, .T. ) ;
#557 = FACE_OUTER_BOUND ( 'NONE', #3549, .T. ) ;
#558 = VECTOR ( 'NONE', #448, 1000.000000000000000 ) ;
#559 = EDGE_CURVE ( 'NONE', #3306, #4573, #2399, .T. ) ;
#560 = ORIENTED_EDGE ( 'NONE', *, *, #4367, .F. ) ;
#561 = EDGE_LOOP ( 'NONE', ( #3797, #1944, #1677, #1499 ) ) ;
#562 = CIRCLE ( 'NONE', #3288, 1.649999999999998579 ) ;
#563 = EDGE_LOOP ( 'NONE', ( #3792, #3449, #4596, #1067 ) ) ;
#564 = CARTESIAN_POINT ( 'NONE',  ( 20.00000000000000000, -100.2699999999999960, -16.92500000000000426 ) ) ;
#565 = DIRECTION ( 'NONE',  ( -3.469446951953611231E-16, -1.000000000000000000, 0.000000000000000000 ) ) ;
#566 = CARTESIAN_POINT ( 'NONE',  ( -11.50000000000000533, -19.00000000000000355, -26.99999999999999645 ) ) ;
#567 = VERTEX_POINT ( 'NONE', #564 ) ;
#568 = ORIENTED_EDGE ( 'NONE', *, *, #2070, .T. ) ;
#569 = CYLINDRICAL_SURFACE ( 'NONE', #1165, 1.699999999999999956 ) ;
#570 = PLANE ( 'NONE',  #2479 ) ;
#571 = VECTOR ( 'NONE', #3943, 1000.000000000000000 ) ;
#572 = CARTESIAN_POINT ( 'NONE',  ( 13.99999999999999645, -26.50000000000000355, -30.00000000000000000 ) ) ;
#573 = ADVANCED_FACE ( 'NONE', ( #3130 ), #2787, .F. ) ;
#574 = LINE ( 'NONE', #621, #3070 ) ;
#575 = DIRECTION ( 'NONE',  ( 0.000000000000000000, 0.000000000000000000, -1.000000000000000000 ) ) ;
#576 = LINE ( 'NONE', #1769, #4701 ) ;
#577 = CARTESIAN_POINT ( 'NONE',  ( -12.50000000000000000, -51.00000000000000000, -26.99999999999998224 ) ) ;
#578 = CARTESIAN_POINT ( 'NONE',  ( -19.99999999999999645, -120.0000000000000000, -27.00000000000000000 ) ) ;
#579 = VERTEX_POINT ( 'NONE', #3545 ) ;
#580 = EDGE_CURVE ( 'NONE', #2517, #1022, #2812, .T. ) ;
#581 = PLANE ( 'NONE',  #291 ) ;
#582 = VERTEX_POINT ( 'NONE', #994 ) ;
#583 = ORIENTED_EDGE ( 'NONE', *, *, #3033, .F. ) ;
#584 = DIRECTION ( 'NONE',  ( 0.000000000000000000, -1.000000000000000000, 0.000000000000000000 ) ) ;
#585 = CARTESIAN_POINT ( 'NONE',  ( -15.70000000000000639, -88.99999999999998579, -62.00000000000000000 ) ) ;
#586 = EDGE_CURVE ( 'NONE', #4114, #3501, #1338, .T. ) ;
#587 = DIRECTION ( 'NONE',  ( 0.000000000000000000, 0.000000000000000000, 1.000000000000000000 ) ) ;
#588 = ORIENTED_EDGE ( 'NONE', *, *, #1449, .F. ) ;
#589 = ORIENTED_EDGE ( 'NONE', *, *, #4823, .F. ) ;
#590 = CARTESIAN_POINT ( 'NONE',  ( 16.49522956848936772, 10.39673855726952389, -50.00000000000000000 ) ) ;
#591 = DIRECTION ( 'NONE',  ( 0.000000000000000000, 0.000000000000000000, -1.000000000000000000 ) ) ;
#592 = EDGE_CURVE ( 'NONE', #1533, #2273, #4303, .T. ) ;
#593 = AXIS2_PLACEMENT_3D ( 'NONE', #4219, #875, #134 ) ;
#594 = DIRECTION ( 'NONE',  ( 1.000000000000000000, 0.000000000000000000, 0.000000000000000000 ) ) ;
#595 = DIRECTION ( 'NONE',  ( 0.000000000000000000, 0.000000000000000000, -1.000000000000000000 ) ) ;
#596 = DIRECTION ( 'NONE',  ( -1.000000000000000000, 0.000000000000000000, 0.000000000000000000 ) ) ;
#597 = CARTESIAN_POINT ( 'NONE',  ( -13.99999999999999645, -88.99999999999998579, -27.00000000000000000 ) ) ;
#598 = AXIS2_PLACEMENT_3D ( 'NONE', #2966, #1441, #2575 ) ;
#599 = CARTESIAN_POINT ( 'NONE',  ( 17.00000000000003908, -46.69999999999984652, 1.000000000000020872 ) ) ;
#600 = CARTESIAN_POINT ( 'NONE',  ( 18.80000000000003979, -46.69999999999996021, -10.84999999999994813 ) ) ;
#601 = ORIENTED_EDGE ( 'NONE', *, *, #788, .T. ) ;
#602 = AXIS2_PLACEMENT_3D ( 'NONE', #1887, #343, #1128 ) ;
#603 = DIRECTION ( 'NONE',  ( -0.000000000000000000, -0.000000000000000000, 1.000000000000000000 ) ) ;
#604 = ORIENTED_EDGE ( 'NONE', *, *, #2771, .F. ) ;
#605 = ADVANCED_FACE ( 'NONE', ( #2424 ), #3935, .F. ) ;
#606 = ORIENTED_EDGE ( 'NONE', *, *, #3060, .T. ) ;
#607 = DIRECTION ( 'NONE',  ( 0.000000000000000000, 0.000000000000000000, -1.000000000000000000 ) ) ;
#608 = CARTESIAN_POINT ( 'NONE',  ( 20.00000000000000355, -97.00000000000000000, -27.00000000000000000 ) ) ;
#609 = AXIS2_PLACEMENT_3D ( 'NONE', #4517, #2602, #16 ) ;
#610 = AXIS2_PLACEMENT_3D ( 'NONE', #3092, #1623, #3118 ) ;
#611 = CARTESIAN_POINT ( 'NONE',  ( 7.000000000000000888, -83.99999999999998579, 15.00000000000000000 ) ) ;
#612 = ORIENTED_EDGE ( 'NONE', *, *, #3638, .F. ) ;
#613 = ORIENTED_EDGE ( 'NONE', *, *, #4211, .T. ) ;
#614 = FACE_OUTER_BOUND ( 'NONE', #3671, .T. ) ;
#615 = CIRCLE ( 'NONE', #1237, 2.149999999999999023 ) ;
#616 = DIRECTION ( 'NONE',  ( 1.000000000000000000, 0.000000000000000000, 0.000000000000000000 ) ) ;
#617 = EDGE_CURVE ( 'NONE', #425, #4320, #241, .T. ) ;
#618 = ORIENTED_EDGE ( 'NONE', *, *, #4474, .F. ) ;
#619 = EDGE_CURVE ( 'NONE', #2630, #300, #4715, .T. ) ;
#620 = ORIENTED_EDGE ( 'NONE', *, *, #548, .T. ) ;
#621 = CARTESIAN_POINT ( 'NONE',  ( 18.80000000000003979, -54.99999999999999289, -8.850000000000003197 ) ) ;
#622 = DIRECTION ( 'NONE',  ( 0.000000000000000000, -6.938893903907085594E-15, 1.000000000000000000 ) ) ;
#623 = AXIS2_PLACEMENT_3D ( 'NONE', #2006, #81, #3402 ) ;
#624 = DIRECTION ( 'NONE',  ( 0.000000000000000000, -1.000000000000000000, -2.299031112740338312E-15 ) ) ;
#625 = ORIENTED_EDGE ( 'NONE', *, *, #4081, .T. ) ;
#626 = PLANE ( 'NONE',  #3886 ) ;
#627 = VERTEX_POINT ( 'NONE', #192 ) ;
#628 = DIRECTION ( 'NONE',  ( -1.000000000000000000, -0.000000000000000000, -0.000000000000000000 ) ) ;
#629 = VERTEX_POINT ( 'NONE', #2076 ) ;
#630 = CARTESIAN_POINT ( 'NONE',  ( 17.00000000000000000, 0.000000000000000000, 30.00000000000000000 ) ) ;
#631 = FACE_OUTER_BOUND ( 'NONE', #2000, .T. ) ;
#632 = EDGE_CURVE ( 'NONE', #339, #2584, #552, .T. ) ;
#633 = DIRECTION ( 'NONE',  ( 1.000000000000000000, -0.000000000000000000, -0.000000000000000000 ) ) ;
#634 = ORIENTED_EDGE ( 'NONE', *, *, #3278, .F. ) ;
#635 = CIRCLE ( 'NONE', #1646, 1.700000000000008837 ) ;
#636 = ORIENTED_EDGE ( 'NONE', *, *, #74, .F. ) ;
#637 = DIRECTION ( 'NONE',  ( -0.000000000000000000, -0.000000000000000000, 1.000000000000000000 ) ) ;
#638 = CARTESIAN_POINT ( 'NONE',  ( 1.402469990989683168, -0.4969642708567700851, -27.00000000000000000 ) ) ;
#639 = EDGE_CURVE ( 'NONE', #1586, #704, #3522, .T. ) ;
#640 = EDGE_LOOP ( 'NONE', ( #1801, #3438, #260, #3043 ) ) ;
#641 = ORIENTED_EDGE ( 'NONE', *, *, #3303, .T. ) ;
#642 = PRODUCT_RELATED_PRODUCT_CATEGORY ( 'part', '', ( #2989 ) ) ;
#643 = CARTESIAN_POINT ( 'NONE',  ( 17.00000000000003908, -105.2999999999999829, -1.000000000000002220 ) ) ;
#644 = ADVANCED_FACE ( 'NONE', ( #3569 ), #2054, .F. ) ;
#645 = DIRECTION ( 'NONE',  ( 0.000000000000000000, 0.000000000000000000, 1.000000000000000000 ) ) ;
#646 = VECTOR ( 'NONE', #668, 1000.000000000000000 ) ;
#647 = CARTESIAN_POINT ( 'NONE',  ( 9.540979117872435864E-15, -54.99999999999999289, 30.00000000000000000 ) ) ;
#648 = ORIENTED_EDGE ( 'NONE', *, *, #775, .T. ) ;
#649 = AXIS2_PLACEMENT_3D ( 'NONE', #3391, #481, #4196 ) ;
#650 = LINE ( 'NONE', #2120, #214 ) ;
#651 = ADVANCED_FACE ( 'NONE', ( #1381 ), #4025, .F. ) ;
#652 = ORIENTED_EDGE ( 'NONE', *, *, #3609, .F. ) ;
#653 = FACE_OUTER_BOUND ( 'NONE', #3686, .T. ) ;
#654 = ORIENTED_EDGE ( 'NONE', *, *, #2289, .F. ) ;
#655 = FACE_BOUND ( 'NONE', #4230, .T. ) ;
#656 = DIRECTION ( 'NONE',  ( 0.000000000000000000, 0.000000000000000000, 1.000000000000000000 ) ) ;
#657 = AXIS2_PLACEMENT_3D ( 'NONE', #2716, #120, #4209 ) ;
#658 = CARTESIAN_POINT ( 'NONE',  ( 10.00000000000000000, -100.2699999999999960, 4.924999999999998934 ) ) ;
#659 = VERTEX_POINT ( 'NONE', #333 ) ;
#660 = VERTEX_POINT ( 'NONE', #2875 ) ;
#661 = CARTESIAN_POINT ( 'NONE',  ( 0.8532614427305034166, 26.49522956848936772, -30.00000000000000000 ) ) ;
#662 = DIRECTION ( 'NONE',  ( 0.000000000000000000, 0.000000000000000000, -1.000000000000000000 ) ) ;
#663 = CARTESIAN_POINT ( 'NONE',  ( 13.00000000000000178, -115.9999999999999858, -62.00000000000000000 ) ) ;
#664 = DIRECTION ( 'NONE',  ( -0.000000000000000000, -0.000000000000000000, -1.000000000000000000 ) ) ;
#665 = ORIENTED_EDGE ( 'NONE', *, *, #4313, .F. ) ;
#666 = EDGE_LOOP ( 'NONE', ( #293, #246 ) ) ;
#667 = EDGE_CURVE ( 'NONE', #497, #3104, #2113, .T. ) ;
#668 = DIRECTION ( 'NONE',  ( 1.000000000000000000, -0.000000000000000000, -0.000000000000000000 ) ) ;
#669 = VECTOR ( 'NONE', #3275, 1000.000000000000000 ) ;
#670 = AXIS2_PLACEMENT_3D ( 'NONE', #4737, #4026, #2148 ) ;
#671 = DIRECTION ( 'NONE',  ( 0.000000000000000000, 0.000000000000000000, 1.000000000000000000 ) ) ;
#672 = ORIENTED_EDGE ( 'NONE', *, *, #2937, .F. ) ;
#673 = LINE ( 'NONE', #1035, #4439 ) ;
#674 = AXIS2_PLACEMENT_3D ( 'NONE', #1772, #2485, #3659 ) ;
#675 = ORIENTED_EDGE ( 'NONE', *, *, #1860, .F. ) ;
#676 = LINE ( 'NONE', #329, #4747 ) ;
#677 = EDGE_CURVE ( 'NONE', #3104, #4755, #2147, .T. ) ;
#678 = CIRCLE ( 'NONE', #3961, 1.649999999999998579 ) ;
#679 = VERTEX_POINT ( 'NONE', #2 ) ;
#680 = DIRECTION ( 'NONE',  ( -0.000000000000000000, -0.000000000000000000, 1.000000000000000000 ) ) ;
#681 = DIRECTION ( 'NONE',  ( 0.000000000000000000, 0.000000000000000000, 1.000000000000000000 ) ) ;
#682 = DIRECTION ( 'NONE',  ( 1.000000000000000000, -0.000000000000000000, -0.000000000000000000 ) ) ;
#683 = AXIS2_PLACEMENT_3D ( 'NONE', #2950, #2589, #4078 ) ;
#684 = ORIENTED_EDGE ( 'NONE', *, *, #4590, .F. ) ;
#685 = ORIENTED_EDGE ( 'NONE', *, *, #3368, .T. ) ;
#686 = DIRECTION ( 'NONE',  ( -0.7071067811865482389, 0.7071067811865469066, 0.000000000000000000 ) ) ;
#687 = AXIS2_PLACEMENT_3D ( 'NONE', #3164, #2066, #575 ) ;
#688 = DIRECTION ( 'NONE',  ( 1.000000000000000000, 0.000000000000000000, 0.000000000000000000 ) ) ;
#689 = LINE ( 'NONE', #714, #1859 ) ;
#690 = LINE ( 'NONE', #1467, #2088 ) ;
#691 = VECTOR ( 'NONE', #4690, 1000.000000000000000 ) ;
#692 = EDGE_LOOP ( 'NONE', ( #1716, #3979, #1065, #3273, #4808, #620, #4735 ) ) ;
#693 = ORIENTED_EDGE ( 'NONE', *, *, #1820, .F. ) ;
#694 = DIRECTION ( 'NONE',  ( -1.000000000000000000, 0.000000000000000000, 0.000000000000000000 ) ) ;
#695 = CARTESIAN_POINT ( 'NONE',  ( 18.80000000000003979, -54.99999999999999289, 10.84999999999996767 ) ) ;
#696 = CIRCLE ( 'NONE', #3897, 1.150000000000582778 ) ;
#697 = DIRECTION ( 'NONE',  ( -1.000000000000000000, 0.000000000000000000, 0.000000000000000000 ) ) ;
#698 = ADVANCED_FACE ( 'NONE', ( #1487, #3667, #655, #4054, #732, #4003, #2920, #358, #4421, #1755, #2561, #1851, #4736, #1781, #3270, #754, #3347 ), #2218, .T. ) ;
#699 = EDGE_CURVE ( 'NONE', #1586, #660, #395, .T. ) ;
#700 = DIRECTION ( 'NONE',  ( 1.000000000000000000, 0.000000000000000000, 0.000000000000000000 ) ) ;
#701 = ORIENTED_EDGE ( 'NONE', *, *, #3596, .F. ) ;
#702 = DIRECTION ( 'NONE',  ( 0.000000000000000000, 1.000000000000000000, 0.000000000000000000 ) ) ;
#703 = EDGE_CURVE ( 'NONE', #3104, #497, #2735, .T. ) ;
#704 = VERTEX_POINT ( 'NONE', #2174 ) ;
#705 = ADVANCED_FACE ( 'NONE', ( #2898 ), #1456, .F. ) ;
#706 = ORIENTED_EDGE ( 'NONE', *, *, #4545, .F. ) ;
#707 = CARTESIAN_POINT ( 'NONE',  ( 0.000000000000000000, 0.000000000000000000, -30.00000000000000000 ) ) ;
#708 = CARTESIAN_POINT ( 'NONE',  ( -14.00000000000000355, -26.50000000000000355, -26.99999999999999645 ) ) ;
#709 = ADVANCED_FACE ( 'NONE', ( #2194 ), #311, .F. ) ;
#710 = DIRECTION ( 'NONE',  ( -0.000000000000000000, -0.000000000000000000, -1.000000000000000000 ) ) ;
#711 = ORIENTED_EDGE ( 'NONE', *, *, #2577, .T. ) ;
#712 = VERTEX_POINT ( 'NONE', #4809 ) ;
#713 = FACE_OUTER_BOUND ( 'NONE', #2178, .T. ) ;
#714 = CARTESIAN_POINT ( 'NONE',  ( 9.346964270857361257, 10.25246999098970235, -50.00000000000000000 ) ) ;
#715 = CARTESIAN_POINT ( 'NONE',  ( 0.000000000000000000, 10.00000000000000533, -49.99999999999998579 ) ) ;
#716 = AXIS2_PLACEMENT_3D ( 'NONE', #1305, #3925, #2460 ) ;
#717 = ORIENTED_EDGE ( 'NONE', *, *, #4830, .F. ) ;
#718 = ORIENTED_EDGE ( 'NONE', *, *, #1596, .T. ) ;
#719 = DIRECTION ( 'NONE',  ( 0.7071067811865477948, 0.7071067811865473507, -0.000000000000000000 ) ) ;
#720 = VECTOR ( 'NONE', #4717, 1000.000000000000000 ) ;
#721 = DIRECTION ( 'NONE',  ( 0.000000000000000000, 0.000000000000000000, 1.000000000000000000 ) ) ;
#722 = EDGE_CURVE ( 'NONE', #1354, #4331, #3245, .T. ) ;
#723 = LINE ( 'NONE', #2211, #1300 ) ;
#724 = ORIENTED_EDGE ( 'NONE', *, *, #21, .T. ) ;
#725 = LINE ( 'NONE', #2869, #2016 ) ;
#726 = CARTESIAN_POINT ( 'NONE',  ( 14.65000000000000036, -115.9999999999999858, -30.00000000000000000 ) ) ;
#727 = ORIENTED_EDGE ( 'NONE', *, *, #1049, .T. ) ;
#728 = CARTESIAN_POINT ( 'NONE',  ( 17.00000000000000000, -100.2699999999999960, -4.924999999999998934 ) ) ;
#729 = CIRCLE ( 'NONE', #4711, 1.249999999999980238 ) ;
#730 = EDGE_CURVE ( 'NONE', #2037, #4116, #4786, .T. ) ;
#731 = ORIENTED_EDGE ( 'NONE', *, *, #248, .T. ) ;
#732 = FACE_BOUND ( 'NONE', #4679, .T. ) ;
#733 = CARTESIAN_POINT ( 'NONE',  ( 10.49696427085677897, 10.25246999098970235, -50.00000000000000000 ) ) ;
#734 = DIRECTION ( 'NONE',  ( 0.000000000000000000, 0.000000000000000000, 1.000000000000000000 ) ) ;
#735 = ORIENTED_EDGE ( 'NONE', *, *, #4106, .T. ) ;
#736 = EDGE_LOOP ( 'NONE', ( #2714, #4225, #2151, #3469 ) ) ;
#737 = DIRECTION ( 'NONE',  ( 1.000000000000000000, 0.000000000000000000, 0.000000000000000000 ) ) ;
#738 = LINE ( 'NONE', #1024, #4023 ) ;
#739 = CARTESIAN_POINT ( 'NONE',  ( 20.00000000000000000, -120.0000000000000000, 19.00000000000001776 ) ) ;
#740 = DIRECTION ( 'NONE',  ( 3.469446951953611231E-16, 1.000000000000000000, 0.000000000000000000 ) ) ;
#741 = DIRECTION ( 'NONE',  ( 0.000000000000000000, 0.000000000000000000, -1.000000000000000000 ) ) ;
#742 = ORIENTED_EDGE ( 'NONE', *, *, #967, .T. ) ;
#743 = ORIENTED_EDGE ( 'NONE', *, *, #1860, .T. ) ;
#744 = DIRECTION ( 'NONE',  ( 1.000000000000000000, 0.000000000000000000, -0.000000000000000000 ) ) ;
#745 = EDGE_CURVE ( 'NONE', #4330, #2964, #4279, .T. ) ;
#746 = AXIS2_PLACEMENT_3D ( 'NONE', #4817, #1413, #2905 ) ;
#747 = LINE ( 'NONE', #380, #1846 ) ;
#748 = LINE ( 'NONE', #43, #3580 ) ;
#749 = DIRECTION ( 'NONE',  ( 0.7071067811865473507, -0.7071067811865477948, 0.000000000000000000 ) ) ;
#750 = VERTEX_POINT ( 'NONE', #1119 ) ;
#751 = CARTESIAN_POINT ( 'NONE',  ( -17.74522956848995037, 9.603261442730490316, -50.00000000000000000 ) ) ;
#752 = AXIS2_PLACEMENT_3D ( 'NONE', #2694, #35, #834 ) ;
#753 = VERTEX_POINT ( 'NONE', #2613 ) ;
#754 = FACE_BOUND ( 'NONE', #4448, .T. ) ;
#755 = CARTESIAN_POINT ( 'NONE',  ( 9.000000000000017764, 30.00000000000000711, -26.99999999999999645 ) ) ;
#756 = CARTESIAN_POINT ( 'NONE',  ( -11.64696427085736197, 9.747530009010310081, -50.00000000000000000 ) ) ;
#757 = EDGE_CURVE ( 'NONE', #4077, #2767, #3812, .T. ) ;
#758 = AXIS2_PLACEMENT_3D ( 'NONE', #2746, #4262, #4239 ) ;
#759 = ORIENTED_EDGE ( 'NONE', *, *, #2328, .F. ) ;
#760 = VERTEX_POINT ( 'NONE', #3371 ) ;
#761 = LINE ( 'NONE', #1492, #3506 ) ;
#762 = DIRECTION ( 'NONE',  ( 0.000000000000000000, 0.000000000000000000, -1.000000000000000000 ) ) ;
#763 = LINE ( 'NONE', #3747, #1135 ) ;
#764 = CARTESIAN_POINT ( 'NONE',  ( -7.500000000000000000, -49.99999999999997868, -27.00000000000000000 ) ) ;
#765 = AXIS2_PLACEMENT_3D ( 'NONE', #2734, #882, #387 ) ;
#766 = DIRECTION ( 'NONE',  ( -1.000000000000000000, 0.000000000000000000, 0.000000000000000000 ) ) ;
#767 = AXIS2_PLACEMENT_3D ( 'NONE', #1256, #4294, #231 ) ;
#768 = ORIENTED_EDGE ( 'NONE', *, *, #3756, .T. ) ;
#769 = ORIENTED_EDGE ( 'NONE', *, *, #4415, .F. ) ;
#770 = CARTESIAN_POINT ( 'NONE',  ( -19.99999999999999645, -19.00000000000000355, 27.00000000000000355 ) ) ;
#771 = EDGE_CURVE ( 'NONE', #3174, #4515, #3257, .T. ) ;
#772 = DIRECTION ( 'NONE',  ( 0.000000000000000000, -0.000000000000000000, -1.000000000000000000 ) ) ;
#773 = DIRECTION ( 'NONE',  ( 0.000000000000000000, 0.000000000000000000, -1.000000000000000000 ) ) ;
#774 = AXIS2_PLACEMENT_3D ( 'NONE', #3488, #4642, #2753 ) ;
#775 = EDGE_CURVE ( 'NONE', #239, #1823, #2711, .T. ) ;
#776 = AXIS2_PLACEMENT_3D ( 'NONE', #3528, #3989, #3601 ) ;
#777 = CARTESIAN_POINT ( 'NONE',  ( 9.000000000000017764, 30.00000000000000711, 27.00000000000000355 ) ) ;
#778 = DIRECTION ( 'NONE',  ( -0.000000000000000000, -0.000000000000000000, 1.000000000000000000 ) ) ;
#779 = CARTESIAN_POINT ( 'NONE',  ( -0.8532614427304645588, -6.495229568489357952, 30.00000000000000000 ) ) ;
#780 = VERTEX_POINT ( 'NONE', #1979 ) ;
#781 = LINE ( 'NONE', #3809, #4526 ) ;
#782 = ORIENTED_EDGE ( 'NONE', *, *, #677, .F. ) ;
#783 = CARTESIAN_POINT ( 'NONE',  ( 13.99999999999999645, -21.50000000000000000, -26.99999999999999645 ) ) ;
#784 = LINE ( 'NONE', #3789, #2134 ) ;
#785 = ORIENTED_EDGE ( 'NONE', *, *, #4601, .F. ) ;
#786 = ORIENTED_EDGE ( 'NONE', *, *, #1922, .F. ) ;
#787 = LINE ( 'NONE', #3471, #356 ) ;
#788 = EDGE_CURVE ( 'NONE', #4516, #4653, #1195, .T. ) ;
#789 = CARTESIAN_POINT ( 'NONE',  ( 17.00000000000004974, -50.84999999999999432, 2.775000000000000355 ) ) ;
#790 = CIRCLE ( 'NONE', #476, 1.700000000000008837 ) ;
#791 = LINE ( 'NONE', #2007, #52 ) ;
#792 = DIRECTION ( 'NONE',  ( -1.000000000000000000, 0.000000000000000000, 0.000000000000000000 ) ) ;
#793 = ORIENTED_EDGE ( 'NONE', *, *, #127, .F. ) ;
#794 = EDGE_LOOP ( 'NONE', ( #3407, #79, #3200, #512 ) ) ;
#795 = CARTESIAN_POINT ( 'NONE',  ( -0.3967385572695176221, 26.49522956848936772, 30.00000000000000000 ) ) ;
#796 = ADVANCED_FACE ( 'NONE', ( #4577 ), #1931, .F. ) ;
#797 = VECTOR ( 'NONE', #1270, 1000.000000000000000 ) ;
#798 = AXIS2_PLACEMENT_3D ( 'NONE', #1685, #1785, #3178 ) ;
#799 = EDGE_CURVE ( 'NONE', #1042, #2037, #2320, .T. ) ;
#800 = DIRECTION ( 'NONE',  ( 0.7071067811865482389, -0.7071067811865469066, 0.000000000000000000 ) ) ;
#801 = DIRECTION ( 'NONE',  ( -1.000000000000000000, -0.000000000000000000, -0.000000000000000000 ) ) ;
#802 = CARTESIAN_POINT ( 'NONE',  ( 13.99999999999999645, -21.50000000000000000, -30.00000000000000000 ) ) ;
#803 = LINE ( 'NONE', #2291, #2455 ) ;
#804 = VERTEX_POINT ( 'NONE', #2347 ) ;
#805 = CARTESIAN_POINT ( 'NONE',  ( -13.99999999999999645, -88.99999999999998579, -62.00000000000000000 ) ) ;
#806 = EDGE_CURVE ( 'NONE', #2419, #4162, #4521, .T. ) ;
#807 = EDGE_LOOP ( 'NONE', ( #69, #970, #4541, #2307 ) ) ;
#808 = CARTESIAN_POINT ( 'NONE',  ( 18.80000000000003979, -46.69999999999996021, -8.849999999999981881 ) ) ;
#809 = CARTESIAN_POINT ( 'NONE',  ( 18.80000000000003979, -105.3000000000000256, 8.850000000000004974 ) ) ;
#810 = EDGE_LOOP ( 'NONE', ( #4527, #1682, #2299, #1720 ) ) ;
#811 = AXIS2_PLACEMENT_3D ( 'NONE', #51, #1881, #4504 ) ;
#812 = ORIENTED_EDGE ( 'NONE', *, *, #1671, .T. ) ;
#813 = CARTESIAN_POINT ( 'NONE',  ( 0.8975300090103164319, 20.49696427085678252, -50.00000000000000000 ) ) ;
#814 = CARTESIAN_POINT ( 'NONE',  ( -9.346964270856195967, 9.747530009010310081, -50.00000000000000000 ) ) ;
#815 = DIRECTION ( 'NONE',  ( -0.000000000000000000, -0.000000000000000000, 1.000000000000000000 ) ) ;
#816 = AXIS2_PLACEMENT_3D ( 'NONE', #4221, #4173, #852 ) ;
#817 = CARTESIAN_POINT ( 'NONE',  ( 13.99999999999999645, -21.50000000000000000, 35.00000000000000000 ) ) ;
#818 = VERTEX_POINT ( 'NONE', #808 ) ;
#819 = EDGE_LOOP ( 'NONE', ( #2109, #693, #4821, #2666 ) ) ;
#820 = CARTESIAN_POINT ( 'NONE',  ( 17.00000000000003908, -97.00000000000000000, -0.9999999999999781286 ) ) ;
#821 = CARTESIAN_POINT ( 'NONE',  ( 17.00000000000004619, -34.99999999999999289, -27.00000000000000000 ) ) ;
#822 = EDGE_CURVE ( 'NONE', #156, #4366, #2638, .T. ) ;
#823 = VERTEX_POINT ( 'NONE', #4178 ) ;
#824 = PLANE ( 'NONE',  #455 ) ;
#825 = CARTESIAN_POINT ( 'NONE',  ( 18.80000000000003979, -105.2999999999999972, 1.000000000000039080 ) ) ;
#826 = ORIENTED_EDGE ( 'NONE', *, *, #319, .F. ) ;
#827 = PLANE ( 'NONE',  #3894 ) ;
#828 = ORIENTED_EDGE ( 'NONE', *, *, #513, .F. ) ;
#829 = CARTESIAN_POINT ( 'NONE',  ( 0.000000000000000000, 10.00000000000000533, 26.99999999999999645 ) ) ;
#830 = VECTOR ( 'NONE', #4638, 1000.000000000000000 ) ;
#831 = EDGE_CURVE ( 'NONE', #2370, #3891, #2015, .T. ) ;
#832 = VERTEX_POINT ( 'NONE', #783 ) ;
#833 = ORIENTED_EDGE ( 'NONE', *, *, #1515, .F. ) ;
#834 = DIRECTION ( 'NONE',  ( 1.000000000000000000, 0.000000000000000000, 0.000000000000000000 ) ) ;
#835 = AXIS2_PLACEMENT_3D ( 'NONE', #193, #2764, #4628 ) ;
#836 = CARTESIAN_POINT ( 'NONE',  ( 20.00000000000000000, -50.84999999999999432, 14.77499999999999858 ) ) ;
#837 = FACE_OUTER_BOUND ( 'NONE', #1548, .T. ) ;
#838 = VECTOR ( 'NONE', #1084, 1000.000000000000000 ) ;
#839 = LINE ( 'NONE', #2742, #404 ) ;
#840 = ORIENTED_EDGE ( 'NONE', *, *, #3060, .F. ) ;
#841 = ORIENTED_EDGE ( 'NONE', *, *, #4769, .F. ) ;
#842 = FACE_BOUND ( 'NONE', #3103, .T. ) ;
#843 = VECTOR ( 'NONE', #3576, 1000.000000000000000 ) ;
#844 = DIRECTION ( 'NONE',  ( 0.000000000000000000, 0.000000000000000000, 1.000000000000000000 ) ) ;
#845 = VECTOR ( 'NONE', #238, 1000.000000000000000 ) ;
#846 = VECTOR ( 'NONE', #2507, 1000.000000000000000 ) ;
#847 = CARTESIAN_POINT ( 'NONE',  ( 20.00000000000000000, -54.99999999999999289, -27.00000000000000000 ) ) ;
#848 = VECTOR ( 'NONE', #162, 1000.000000000000000 ) ;
#849 = AXIS2_PLACEMENT_3D ( 'NONE', #456, #2287, #3782 ) ;
#850 = ADVANCED_FACE ( 'NONE', ( #464 ), #97, .F. ) ;
#851 = DIRECTION ( 'NONE',  ( 0.7071067811865482389, 0.7071067811865469066, 0.000000000000000000 ) ) ;
#852 = DIRECTION ( 'NONE',  ( 0.000000000000000000, 0.000000000000000000, -1.000000000000000000 ) ) ;
#853 = AXIS2_PLACEMENT_3D ( 'NONE', #728, #2215, #3344 ) ;
#854 = VERTEX_POINT ( 'NONE', #2297 ) ;
#855 = CARTESIAN_POINT ( 'NONE',  ( 0.000000000000000000, 10.00000000000000533, -49.99999999999998579 ) ) ;
#856 = ORIENTED_EDGE ( 'NONE', *, *, #3790, .T. ) ;
#857 = EDGE_CURVE ( 'NONE', #750, #2525, #3739, .T. ) ;
#858 = DIRECTION ( 'NONE',  ( 0.000000000000000000, 0.000000000000000000, 1.000000000000000000 ) ) ;
#859 = VECTOR ( 'NONE', #1023, 1000.000000000000000 ) ;
#860 = EDGE_CURVE ( 'NONE', #3426, #1354, #3102, .T. ) ;
#861 = EDGE_LOOP ( 'NONE', ( #4783, #4742, #4723, #4761 ) ) ;
#862 = ORIENTED_EDGE ( 'NONE', *, *, #3595, .F. ) ;
#863 = CIRCLE ( 'NONE', #4042, 1.250000000000021094 ) ;
#864 = DIRECTION ( 'NONE',  ( -0.000000000000000000, -0.000000000000000000, 1.000000000000000000 ) ) ;
#865 = LINE ( 'NONE', #3842, #3362 ) ;
#866 = LINE ( 'NONE', #1567, #3247 ) ;
#867 = ADVANCED_FACE ( 'NONE', ( #3054 ), #1241, .F. ) ;
#868 = LINE ( 'NONE', #4372, #3917 ) ;
#869 = EDGE_LOOP ( 'NONE', ( #2005, #3007, #3369, #1926 ) ) ;
#870 = ORIENTED_EDGE ( 'NONE', *, *, #4769, .T. ) ;
#871 = DIRECTION ( 'NONE',  ( 1.000000000000000000, 0.000000000000000000, 0.000000000000000000 ) ) ;
#872 = VECTOR ( 'NONE', #4231, 1000.000000000000000 ) ;
#873 = DIRECTION ( 'NONE',  ( 1.000000000000000000, 0.000000000000000000, -0.000000000000000000 ) ) ;
#874 = DIRECTION ( 'NONE',  ( 0.000000000000000000, -0.000000000000000000, 1.000000000000000000 ) ) ;
#875 = DIRECTION ( 'NONE',  ( -0.000000000000000000, 0.000000000000000000, 1.000000000000000000 ) ) ;
#876 = CARTESIAN_POINT ( 'NONE',  ( 1.350000000000001643, -115.9999999999999858, -27.00000000000000000 ) ) ;
#877 = CIRCLE ( 'NONE', #1334, 1.149999999999989697 ) ;
#878 = EDGE_LOOP ( 'NONE', ( #601, #3541, #3448, #1403 ) ) ;
#879 = CARTESIAN_POINT ( 'NONE',  ( 0.8532614427305034166, 26.49522956848936772, -50.00000000000000000 ) ) ;
#880 = EDGE_CURVE ( 'NONE', #4393, #2709, #2480, .T. ) ;
#881 = ORIENTED_EDGE ( 'NONE', *, *, #3145, .T. ) ;
#882 = DIRECTION ( 'NONE',  ( 1.000000000000000000, 0.000000000000000000, -0.000000000000000000 ) ) ;
#883 = ORIENTED_EDGE ( 'NONE', *, *, #3046, .F. ) ;
#884 = EDGE_CURVE ( 'NONE', #4472, #4214, #4120, .T. ) ;
#885 = ORIENTED_EDGE ( 'NONE', *, *, #1269, .F. ) ;
#886 = ORIENTED_EDGE ( 'NONE', *, *, #3089, .T. ) ;
#887 = CARTESIAN_POINT ( 'NONE',  ( 11.49999999999999645, -28.99999999999998934, 30.00000000000000000 ) ) ;
#888 = CARTESIAN_POINT ( 'NONE',  ( -9.500000000000001776, -69.99999999999998579, 15.00000000000000000 ) ) ;
#889 = CARTESIAN_POINT ( 'NONE',  ( 18.80000000000003979, -54.99999999999999289, 10.84999999999996767 ) ) ;
#890 = ORIENTED_EDGE ( 'NONE', *, *, #1330, .T. ) ;
#891 = EDGE_LOOP ( 'NONE', ( #485, #684 ) ) ;
#892 = FACE_BOUND ( 'NONE', #1220, .T. ) ;
#893 = DIRECTION ( 'NONE',  ( 0.000000000000000000, 0.000000000000000000, -1.000000000000000000 ) ) ;
#894 = EDGE_CURVE ( 'NONE', #2372, #2974, #4740, .T. ) ;
#895 = DIRECTION ( 'NONE',  ( 0.000000000000000000, 0.000000000000000000, -1.000000000000000000 ) ) ;
#896 = PLANE ( 'NONE',  #2604 ) ;
#897 = DIRECTION ( 'NONE',  ( 0.000000000000000000, 1.000000000000000000, 0.000000000000000000 ) ) ;
#898 = FACE_OUTER_BOUND ( 'NONE', #736, .T. ) ;
#899 = ORIENTED_EDGE ( 'NONE', *, *, #1149, .F. ) ;
#900 = LINE ( 'NONE', #554, #691 ) ;
#901 = ORIENTED_EDGE ( 'NONE', *, *, #1402, .T. ) ;
#902 = CARTESIAN_POINT ( 'NONE',  ( 20.00000000000000355, -97.00000000000000000, 53.00000000000000711 ) ) ;
#903 = VERTEX_POINT ( 'NONE', #1880 ) ;
#904 = ORIENTED_EDGE ( 'NONE', *, *, #4263, .T. ) ;
#905 = ADVANCED_BREP_SHAPE_REPRESENTATION ( 'thigh', ( #1723, #3197 ), #465 ) ;
#906 = ORIENTED_EDGE ( 'NONE', *, *, #2106, .T. ) ;
#907 = DIRECTION ( 'NONE',  ( 0.000000000000000000, 1.000000000000000000, -3.553048083325977965E-15 ) ) ;
#908 = CARTESIAN_POINT ( 'NONE',  ( 1.000000000000000888, -49.99999999999997868, -27.00000000000000000 ) ) ;
#909 = CIRCLE ( 'NONE', #2154, 1.249999999999414690 ) ;
#910 = EDGE_CURVE ( 'NONE', #903, #2546, #1698, .T. ) ;
#911 = CARTESIAN_POINT ( 'NONE',  ( -10.99999999999995737, -46.49999999999999289, 27.00000000000001066 ) ) ;
#912 = EDGE_LOOP ( 'NONE', ( #3047, #3315, #166, #1194 ) ) ;
#913 = ORIENTED_EDGE ( 'NONE', *, *, #3368, .F. ) ;
#914 = CARTESIAN_POINT ( 'NONE',  ( 20.00000000000000000, -50.84999999999999432, 16.92499999999999716 ) ) ;
#915 = CARTESIAN_POINT ( 'NONE',  ( 20.00000000000000000, -100.2699999999999960, -14.77499999999999858 ) ) ;
#916 = ADVANCED_FACE ( 'NONE', ( #142 ), #3931, .F. ) ;
#917 = CIRCLE ( 'NONE', #3254, 2.150000000000002576 ) ;
#918 = DIRECTION ( 'NONE',  ( -0.000000000000000000, -1.000000000000000000, -0.000000000000000000 ) ) ;
#919 = CARTESIAN_POINT ( 'NONE',  ( -11.50000000000000533, -19.00000000000000355, 35.00000000000000000 ) ) ;
#920 = CARTESIAN_POINT ( 'NONE',  ( -10.49696427085677897, 9.747530009010310081, -27.00000000000000000 ) ) ;
#921 = EDGE_CURVE ( 'NONE', #2323, #804, #2073, .T. ) ;
#922 = CARTESIAN_POINT ( 'NONE',  ( 0.2524699909896935268, -0.4969642708567700851, -50.00000000000000000 ) ) ;
#923 = VECTOR ( 'NONE', #4503, 1000.000000000000000 ) ;
#924 = ORIENTED_EDGE ( 'NONE', *, *, #4312, .F. ) ;
#925 = FACE_OUTER_BOUND ( 'NONE', #4792, .T. ) ;
#926 = ORIENTED_EDGE ( 'NONE', *, *, #3638, .T. ) ;
#927 = CYLINDRICAL_SURFACE ( 'NONE', #2168, 2.150000000000002576 ) ;
#928 = CIRCLE ( 'NONE', #3658, 2.149999999999999023 ) ;
#929 = ORIENTED_EDGE ( 'NONE', *, *, #831, .T. ) ;
#930 = ORIENTED_EDGE ( 'NONE', *, *, #2527, .T. ) ;
#931 = EDGE_LOOP ( 'NONE', ( #2397, #2349 ) ) ;
#932 = VECTOR ( 'NONE', #4793, 1000.000000000000000 ) ;
#933 = CARTESIAN_POINT ( 'NONE',  ( 20.00000000000000000, -120.0000000000000000, 19.00000000000001776 ) ) ;
#934 = DIRECTION ( 'NONE',  ( 0.000000000000000000, 0.000000000000000000, 1.000000000000000000 ) ) ;
#935 = CARTESIAN_POINT ( 'NONE',  ( 18.80000000000003979, -46.69999999999984652, 1.000000000000020872 ) ) ;
#936 = ORIENTED_EDGE ( 'NONE', *, *, #3763, .F. ) ;
#937 = EDGE_LOOP ( 'NONE', ( #4475, #3768 ) ) ;
#938 = DIRECTION ( 'NONE',  ( 0.000000000000000000, 1.000000000000000000, 6.270084852928196292E-16 ) ) ;
#939 = EDGE_CURVE ( 'NONE', #1460, #2143, #2393, .T. ) ;
#940 = CARTESIAN_POINT ( 'NONE',  ( -20.00000000000000000, 19.00000000000002487, 30.00000000000000000 ) ) ;
#941 = EDGE_CURVE ( 'NONE', #1833, #1998, #1656, .T. ) ;
#942 = LINE ( 'NONE', #2434, #2948 ) ;
#943 = FACE_OUTER_BOUND ( 'NONE', #2403, .T. ) ;
#944 = CARTESIAN_POINT ( 'NONE',  ( 20.00000000000000000, -49.99999999999997868, 27.00000000000000355 ) ) ;
#945 = CARTESIAN_POINT ( 'NONE',  ( 20.00000000000000000, -100.2699999999999960, 16.92500000000000426 ) ) ;
#946 = DIRECTION ( 'NONE',  ( -0.7071067811865473507, 0.7071067811865477948, 0.000000000000000000 ) ) ;
#947 = EDGE_CURVE ( 'NONE', #4758, #3393, #2028, .T. ) ;
#948 = ORIENTED_EDGE ( 'NONE', *, *, #2937, .T. ) ;
#949 = CARTESIAN_POINT ( 'NONE',  ( -19.99999999999999645, -120.0000000000000000, -30.00000000000000000 ) ) ;
#950 = CIRCLE ( 'NONE', #3370, 2.150000000000004352 ) ;
#951 = VERTEX_POINT ( 'NONE', #3126 ) ;
#952 = EDGE_CURVE ( 'NONE', #3322, #579, #3881, .T. ) ;
#953 = VECTOR ( 'NONE', #957, 1000.000000000000000 ) ;
#954 = EDGE_LOOP ( 'NONE', ( #4101, #251, #1525, #3487 ) ) ;
#955 = CARTESIAN_POINT ( 'NONE',  ( 10.00000000000000000, -50.84999999999999432, -14.77499999999999858 ) ) ;
#956 = LINE ( 'NONE', #585, #4190 ) ;
#957 = DIRECTION ( 'NONE',  ( 0.000000000000000000, 0.000000000000000000, 1.000000000000000000 ) ) ;
#958 = ORIENTED_EDGE ( 'NONE', *, *, #703, .T. ) ;
#959 = VERTEX_POINT ( 'NONE', #4342 ) ;
#960 = LINE ( 'NONE', #3965, #1628 ) ;
#961 = LINE ( 'NONE', #4746, #2940 ) ;
#962 = CIRCLE ( 'NONE', #4001, 1.150000000000011235 ) ;
#963 = DIRECTION ( 'NONE',  ( -1.000000000000000000, -0.000000000000000000, -0.000000000000000000 ) ) ;
#964 = LINE ( 'NONE', #205, #4281 ) ;
#965 = VECTOR ( 'NONE', #527, 1000.000000000000000 ) ;
#966 = CARTESIAN_POINT ( 'NONE',  ( 1.646738557269495917, -6.495229568489357952, 30.00000000000000000 ) ) ;
#967 = EDGE_CURVE ( 'NONE', #26, #3157, #4323, .T. ) ;
#968 = CARTESIAN_POINT ( 'NONE',  ( -19.99999999999999645, -55.00000000000000000, 27.00000000000000355 ) ) ;
#969 = DIRECTION ( 'NONE',  ( 1.000000000000000000, 0.000000000000000000, 0.000000000000000000 ) ) ;
#970 = ORIENTED_EDGE ( 'NONE', *, *, #1392, .T. ) ;
#971 = FACE_OUTER_BOUND ( 'NONE', #878, .T. ) ;
#972 = EDGE_LOOP ( 'NONE', ( #2365, #4325, #899, #2810 ) ) ;
#973 = LINE ( 'NONE', #2103, #4616 ) ;
#974 = DIRECTION ( 'NONE',  ( 0.7071067811865489050, 0.7071067811865462405, 0.000000000000000000 ) ) ;
#975 = ADVANCED_FACE ( 'NONE', ( #533, #2444, #3516, #3148, #3168, #2757, #3590, #1730, #2098, #3220, #1285 ), #581, .F. ) ;
#976 = CARTESIAN_POINT ( 'NONE',  ( 20.00000000000000355, -97.00000000000000000, 53.00000000000000711 ) ) ;
#977 = ORIENTED_EDGE ( 'NONE', *, *, #2171, .F. ) ;
#978 = ORIENTED_EDGE ( 'NONE', *, *, #4599, .T. ) ;
#979 = FACE_OUTER_BOUND ( 'NONE', #2744, .T. ) ;
#980 = ORIENTED_EDGE ( 'NONE', *, *, #2678, .T. ) ;
#981 = VECTOR ( 'NONE', #3841, 1000.000000000000000 ) ;
#982 = LINE ( 'NONE', #1724, #646 ) ;
#983 = LINE ( 'NONE', #3486, #4625 ) ;
#984 = CIRCLE ( 'NONE', #2632, 1.249999999999414690 ) ;
#985 = ADVANCED_FACE ( 'NONE', ( #2781 ), #927, .F. ) ;
#986 = CARTESIAN_POINT ( 'NONE',  ( -20.00000000000000000, -108.9999999999999858, -30.00000000000000000 ) ) ;
#987 = ORIENTED_EDGE ( 'NONE', *, *, #1164, .F. ) ;
#988 = VECTOR ( 'NONE', #664, 1000.000000000000000 ) ;
#989 = LINE ( 'NONE', #2487, #1943 ) ;
#990 = VECTOR ( 'NONE', #3468, 1000.000000000000000 ) ;
#991 = ORIENTED_EDGE ( 'NONE', *, *, #3603, .F. ) ;
#992 = EDGE_CURVE ( 'NONE', #272, #2572, #1352, .T. ) ;
#993 = EDGE_LOOP ( 'NONE', ( #3877, #1080, #980, #3025 ) ) ;
#994 = CARTESIAN_POINT ( 'NONE',  ( 18.80000000000003979, -105.3000000000000256, -8.850000000000008527 ) ) ;
#995 = LINE ( 'NONE', #2449, #3020 ) ;
#996 = CIRCLE ( 'NONE', #2253, 1.149999999999989697 ) ;
#997 = CARTESIAN_POINT ( 'NONE',  ( 17.00000000000003908, -105.3000000000000256, 10.84999999999999609 ) ) ;
#998 = ORIENTED_EDGE ( 'NONE', *, *, #3665, .T. ) ;
#999 = EDGE_LOOP ( 'NONE', ( #3527, #3855, #3181, #4576 ) ) ;
#1000 = CARTESIAN_POINT ( 'NONE',  ( 14.65000000000000036, -115.9999999999999858, -62.00000000000000000 ) ) ;
#1001 = VECTOR ( 'NONE', #3941, 1000.000000000000000 ) ;
#1002 = ADVANCED_FACE ( 'NONE', ( #557 ), #2368, .F. ) ;
#1003 = DIRECTION ( 'NONE',  ( -1.000000000000000000, 0.000000000000000000, 0.000000000000000000 ) ) ;
#1004 = ORIENTED_EDGE ( 'NONE', *, *, #3703, .T. ) ;
#1005 = ORIENTED_EDGE ( 'NONE', *, *, #667, .T. ) ;
#1006 = DIRECTION ( 'NONE',  ( -0.000000000000000000, -0.000000000000000000, 1.000000000000000000 ) ) ;
#1007 = CARTESIAN_POINT ( 'NONE',  ( 11.49999999999999645, -28.99999999999999645, -30.00000000000000000 ) ) ;
#1008 = CIRCLE ( 'NONE', #2968, 2.149999999999997247 ) ;
#1009 = CARTESIAN_POINT ( 'NONE',  ( 10.00000000000000000, -100.2699999999999960, -16.92500000000000426 ) ) ;
#1010 = ORIENTED_EDGE ( 'NONE', *, *, #799, .F. ) ;
#1011 = LINE ( 'NONE', #1448, #371 ) ;
#1012 = EDGE_CURVE ( 'NONE', #2809, #2652, #4040, .T. ) ;
#1013 = ORIENTED_EDGE ( 'NONE', *, *, #401, .T. ) ;
#1014 = ORIENTED_EDGE ( 'NONE', *, *, #4601, .T. ) ;
#1015 = VECTOR ( 'NONE', #3500, 1000.000000000000000 ) ;
#1016 = CARTESIAN_POINT ( 'NONE',  ( 0.8975300090103164319, 20.49696427085678252, -50.00000000000000000 ) ) ;
#1017 = DIRECTION ( 'NONE',  ( -0.000000000000000000, -0.000000000000000000, 1.000000000000000000 ) ) ;
#1018 = CARTESIAN_POINT ( 'NONE',  ( 17.00000000000000000, -100.2699999999999960, 14.77499999999999858 ) ) ;
#1019 = EDGE_CURVE ( 'NONE', #1398, #1042, #509, .T. ) ;
#1020 = ORIENTED_EDGE ( 'NONE', *, *, #2514, .T. ) ;
#1021 = AXIS2_PLACEMENT_3D ( 'NONE', #1281, #3945, #2824 ) ;
#1022 = VERTEX_POINT ( 'NONE', #4694 ) ;
#1023 = DIRECTION ( 'NONE',  ( -0.000000000000000000, -0.000000000000000000, 1.000000000000000000 ) ) ;
#1024 = CARTESIAN_POINT ( 'NONE',  ( -11.50000000000000355, -28.99999999999999645, 35.00000000000000000 ) ) ;
#1025 = DIRECTION ( 'NONE',  ( -0.000000000000000000, -0.000000000000000000, 1.000000000000000000 ) ) ;
#1026 = CARTESIAN_POINT ( 'NONE',  ( 0.000000000000000000, -19.00000000000000355, 30.00000000000000000 ) ) ;
#1027 = EDGE_LOOP ( 'NONE', ( #4488, #636, #3997, #4507 ) ) ;
#1028 = ORIENTED_EDGE ( 'NONE', *, *, #4138, .F. ) ;
#1029 = LINE ( 'NONE', #2089, #571 ) ;
#1030 = ADVANCED_FACE ( 'NONE', ( #971 ), #2465, .F. ) ;
#1031 = VECTOR ( 'NONE', #3901, 1000.000000000000000 ) ;
#1032 = CARTESIAN_POINT ( 'NONE',  ( -9.346964270856195967, 9.747530009010310081, -27.00000000000000000 ) ) ;
#1033 = ORIENTED_EDGE ( 'NONE', *, *, #4675, .T. ) ;
#1034 = VECTOR ( 'NONE', #2556, 1000.000000000000000 ) ;
#1035 = CARTESIAN_POINT ( 'NONE',  ( 20.00000000000004263, -34.99999999999999289, 47.22374841615668828 ) ) ;
#1036 = ORIENTED_EDGE ( 'NONE', *, *, #1753, .F. ) ;
#1037 = ORIENTED_EDGE ( 'NONE', *, *, #1891, .T. ) ;
#1038 = CARTESIAN_POINT ( 'NONE',  ( -7.500000000000000888, -47.99999999999999289, 15.00000000000000000 ) ) ;
#1039 = CARTESIAN_POINT ( 'NONE',  ( -11.64696427085736197, 9.747530009010310081, 27.00000000000001066 ) ) ;
#1040 = CARTESIAN_POINT ( 'NONE',  ( 10.00000000000000000, -50.84999999999999432, -7.074999999999997513 ) ) ;
#1041 = VERTEX_POINT ( 'NONE', #3998 ) ;
#1042 = VERTEX_POINT ( 'NONE', #4414 ) ;
#1043 =( NAMED_UNIT ( * ) SI_UNIT ( $, .STERADIAN. ) SOLID_ANGLE_UNIT ( ) );
#1044 = DIRECTION ( 'NONE',  ( 0.000000000000000000, 0.000000000000000000, -1.000000000000000000 ) ) ;
#1045 = EDGE_CURVE ( 'NONE', #1570, #2816, #1011, .T. ) ;
#1046 = CARTESIAN_POINT ( 'NONE',  ( 17.00000000000003908, -54.99999999999999289, -0.9999999999999861222 ) ) ;
#1047 = EDGE_CURVE ( 'NONE', #1594, #2525, #3977, .T. ) ;
#1048 = FACE_OUTER_BOUND ( 'NONE', #794, .T. ) ;
#1049 = EDGE_CURVE ( 'NONE', #1266, #31, #650, .T. ) ;
#1050 = ORIENTED_EDGE ( 'NONE', *, *, #1143, .T. ) ;
#1051 = EDGE_LOOP ( 'NONE', ( #3083, #4426, #1036, #1890 ) ) ;
#1052 = CARTESIAN_POINT ( 'NONE',  ( 13.99999999999999645, -21.50000000000000000, 35.00000000000000000 ) ) ;
#1053 = EDGE_CURVE ( 'NONE', #3833, #1118, #1799, .T. ) ;
#1054 = CARTESIAN_POINT ( 'NONE',  ( 18.80000000000003979, -54.99999999999999289, -0.9999999999999861222 ) ) ;
#1055 = CARTESIAN_POINT ( 'NONE',  ( -9.000000000000017764, -120.0000000000000000, 0.000000000000000000 ) ) ;
#1056 = CIRCLE ( 'NONE', #1842, 2.150000000000004352 ) ;
#1057 = EDGE_CURVE ( 'NONE', #398, #3317, #2944, .T. ) ;
#1058 = CIRCLE ( 'NONE', #1445, 1.149999999999989697 ) ;
#1059 = EDGE_CURVE ( 'NONE', #1910, #1266, #1750, .T. ) ;
#1060 = LINE ( 'NONE', #4045, #3802 ) ;
#1061 = VERTEX_POINT ( 'NONE', #1774 ) ;
#1062 = DIRECTION ( 'NONE',  ( 0.000000000000000000, 1.000000000000000000, -2.717036769602217933E-15 ) ) ;
#1063 = CIRCLE ( 'NONE', #674, 1.149999999999989697 ) ;
#1064 = LINE ( 'NONE', #1400, #1034 ) ;
#1065 = ORIENTED_EDGE ( 'NONE', *, *, #2873, .F. ) ;
#1066 = AXIS2_PLACEMENT_3D ( 'NONE', #4404, #2598, #4818 ) ;
#1067 = ORIENTED_EDGE ( 'NONE', *, *, #4823, .T. ) ;
#1068 = DIRECTION ( 'NONE',  ( -1.000000000000000000, 0.000000000000000000, -0.000000000000000000 ) ) ;
#1069 = DIRECTION ( 'NONE',  ( 0.7071067811865473507, -0.7071067811865477948, -0.000000000000000000 ) ) ;
#1070 = PRODUCT_DEFINITION_SHAPE ( 'NONE', 'NONE',  #1964 ) ;
#1071 = CARTESIAN_POINT ( 'NONE',  ( 17.00000000000004974, -50.84999999999999432, 16.92499999999999716 ) ) ;
#1072 = ORIENTED_EDGE ( 'NONE', *, *, #1301, .T. ) ;
#1073 = ORIENTED_EDGE ( 'NONE', *, *, #3905, .T. ) ;
#1074 = CYLINDRICAL_SURFACE ( 'NONE', #3040, 1.150000000000582778 ) ;
#1075 = AXIS2_PLACEMENT_3D ( 'NONE', #3924, #1280, #3485 ) ;
#1076 = LINE ( 'NONE', #2619, #440 ) ;
#1077 = DIRECTION ( 'NONE',  ( -0.000000000000000000, -0.000000000000000000, 1.000000000000000000 ) ) ;
#1078 = DIRECTION ( 'NONE',  ( 1.000000000000000000, 0.000000000000000000, 0.000000000000000000 ) ) ;
#1079 = VECTOR ( 'NONE', #1309, 1000.000000000000000 ) ;
#1080 = ORIENTED_EDGE ( 'NONE', *, *, #3340, .T. ) ;
#1081 = EDGE_CURVE ( 'NONE', #2517, #1833, #3684, .T. ) ;
#1082 = EDGE_LOOP ( 'NONE', ( #1320, #2990, #1360, #373 ) ) ;
#1083 = FACE_BOUND ( 'NONE', #1777, .T. ) ;
#1084 = DIRECTION ( 'NONE',  ( -0.000000000000000000, -0.000000000000000000, 1.000000000000000000 ) ) ;
#1085 = AXIS2_PLACEMENT_3D ( 'NONE', #2334, #2721, #871 ) ;
#1086 = EDGE_CURVE ( 'NONE', #1099, #3833, #725, .T. ) ;
#1087 = AXIS2_PLACEMENT_3D ( 'NONE', #3461, #2362, #874 ) ;
#1088 = ORIENTED_EDGE ( 'NONE', *, *, #1081, .T. ) ;
#1089 = CARTESIAN_POINT ( 'NONE',  ( -12.50000000000000000, -49.99999999999997868, -27.00000000000000000 ) ) ;
#1090 = CARTESIAN_POINT ( 'NONE',  ( -1.646738557269538772, 26.49522956848936772, -50.00000000000000000 ) ) ;
#1091 = ORIENTED_EDGE ( 'NONE', *, *, #3507, .F. ) ;
#1092 = DIRECTION ( 'NONE',  ( -0.000000000000000000, -0.000000000000000000, 1.000000000000000000 ) ) ;
#1093 = VECTOR ( 'NONE', #1153, 1000.000000000000000 ) ;
#1094 = ORIENTED_EDGE ( 'NONE', *, *, #155, .F. ) ;
#1095 = CARTESIAN_POINT ( 'NONE',  ( 0.3967385572695156237, -6.495229568489357952, -30.00000000000000000 ) ) ;
#1096 = PLANE ( 'NONE',  #1535 ) ;
#1097 = CARTESIAN_POINT ( 'NONE',  ( 20.00000000000000000, 18.99999999999996803, -30.00000000000000000 ) ) ;
#1098 = ADVANCED_FACE ( 'NONE', ( #326 ), #626, .F. ) ;
#1099 = VERTEX_POINT ( 'NONE', #4047 ) ;
#1100 = ORIENTED_EDGE ( 'NONE', *, *, #4545, .T. ) ;
#1101 = DIRECTION ( 'NONE',  ( 1.000000000000000000, 0.000000000000000000, 0.000000000000000000 ) ) ;
#1102 = CARTESIAN_POINT ( 'NONE',  ( 0.000000000000000000, 10.00000000000000533, 26.99999999999999645 ) ) ;
#1103 = CARTESIAN_POINT ( 'NONE',  ( 18.80000000000003979, -46.69999999999996021, -8.849999999999981881 ) ) ;
#1104 = LINE ( 'NONE', #764, #65 ) ;
#1105 = FACE_OUTER_BOUND ( 'NONE', #2311, .T. ) ;
#1106 = AXIS2_PLACEMENT_3D ( 'NONE', #1888, #3723, #741 ) ;
#1107 = VERTEX_POINT ( 'NONE', #3265 ) ;
#1108 = ORIENTED_EDGE ( 'NONE', *, *, #556, .T. ) ;
#1109 = DIRECTION ( 'NONE',  ( -0.000000000000000000, -0.000000000000000000, -1.000000000000000000 ) ) ;
#1110 = CARTESIAN_POINT ( 'NONE',  ( 20.00000000000000000, -50.84999999999999432, 4.924999999999998934 ) ) ;
#1111 = DIRECTION ( 'NONE',  ( 1.000000000000000000, 1.734723475976807341E-16, -0.000000000000000000 ) ) ;
#1112 = CARTESIAN_POINT ( 'NONE',  ( 18.80000000000003979, -97.00000000000000000, -10.84999999999996767 ) ) ;
#1113 = EDGE_CURVE ( 'NONE', #156, #4326, #3240, .T. ) ;
#1114 = FACE_OUTER_BOUND ( 'NONE', #1828, .T. ) ;
#1115 = DIRECTION ( 'NONE',  ( 0.7071067811865469066, -0.7071067811865482389, 0.000000000000000000 ) ) ;
#1116 = EDGE_LOOP ( 'NONE', ( #2250, #881 ) ) ;
#1117 = AXIS2_PLACEMENT_3D ( 'NONE', #2536, #681, #2175 ) ;
#1118 = VERTEX_POINT ( 'NONE', #3613 ) ;
#1119 = CARTESIAN_POINT ( 'NONE',  ( 13.99999999999999112, -26.50000000000000355, -30.00000000000000000 ) ) ;
#1120 = CARTESIAN_POINT ( 'NONE',  ( 17.00000000000004974, -54.99999999999999289, 27.00000000000001066 ) ) ;
#1121 = LINE ( 'NONE', #2922, #324 ) ;
#1122 = EDGE_CURVE ( 'NONE', #3234, #1707, #3313, .T. ) ;
#1123 = ORIENTED_EDGE ( 'NONE', *, *, #3948, .T. ) ;
#1124 = ORIENTED_EDGE ( 'NONE', *, *, #860, .T. ) ;
#1125 = CARTESIAN_POINT ( 'NONE',  ( 11.49999999999999645, -19.00000000000000355, -30.00000000000000000 ) ) ;
#1126 = DIRECTION ( 'NONE',  ( -0.000000000000000000, 0.000000000000000000, 1.000000000000000000 ) ) ;
#1127 = CARTESIAN_POINT ( 'NONE',  ( -9.000000000000017764, -54.99999999999999289, 30.00000000000000000 ) ) ;
#1128 = DIRECTION ( 'NONE',  ( -0.7071067811865477948, -0.7071067811865473507, 0.000000000000000000 ) ) ;
#1129 = EDGE_CURVE ( 'NONE', #2030, #503, #2246, .T. ) ;
#1130 = DIRECTION ( 'NONE',  ( -0.000000000000000000, -0.000000000000000000, 1.000000000000000000 ) ) ;
#1131 = ORIENTED_EDGE ( 'NONE', *, *, #3033, .T. ) ;
#1132 = ORIENTED_EDGE ( 'NONE', *, *, #1843, .F. ) ;
#1133 = DIRECTION ( 'NONE',  ( -0.000000000000000000, -0.000000000000000000, -1.000000000000000000 ) ) ;
#1134 = DIRECTION ( 'NONE',  ( -0.000000000000000000, -0.000000000000000000, 1.000000000000000000 ) ) ;
#1135 = VECTOR ( 'NONE', #3648, 1000.000000000000000 ) ;
#1136 = LINE ( 'NONE', #4658, #2095 ) ;
#1137 = VECTOR ( 'NONE', #864, 1000.000000000000000 ) ;
#1138 = CARTESIAN_POINT ( 'NONE',  ( 1.000000000000000888, -80.99999999999998579, -30.00000000000000000 ) ) ;
#1139 = CARTESIAN_POINT ( 'NONE',  ( 18.80000000000003979, 0.000000000000000000, 0.000000000000000000 ) ) ;
#1140 = EDGE_LOOP ( 'NONE', ( #3906, #1124, #1580, #1876 ) ) ;
#1141 = CARTESIAN_POINT ( 'NONE',  ( -0.3967385572695176221, 26.49522956848936772, -50.00000000000000000 ) ) ;
#1142 = VECTOR ( 'NONE', #3914, 1000.000000000000000 ) ;
#1143 = EDGE_CURVE ( 'NONE', #2816, #679, #282, .T. ) ;
#1144 = VERTEX_POINT ( 'NONE', #4803 ) ;
#1145 = CARTESIAN_POINT ( 'NONE',  ( 0.000000000000000000, 10.00000000000000533, -27.00000000000000000 ) ) ;
#1146 = CARTESIAN_POINT ( 'NONE',  ( 20.00000000000000000, -50.84999999999999432, 7.074999999999997513 ) ) ;
#1147 = CIRCLE ( 'NONE', #2549, 2.149999999999998135 ) ;
#1148 = ORIENTED_EDGE ( 'NONE', *, *, #21, .F. ) ;
#1149 = EDGE_CURVE ( 'NONE', #3100, #4399, #4021, .T. ) ;
#1150 = ORIENTED_EDGE ( 'NONE', *, *, #894, .F. ) ;
#1151 = CARTESIAN_POINT ( 'NONE',  ( -9.500000000000001776, -69.99999999999998579, 15.00000000000000000 ) ) ;
#1152 = DIRECTION ( 'NONE',  ( -0.000000000000000000, -0.000000000000000000, 1.000000000000000000 ) ) ;
#1153 = DIRECTION ( 'NONE',  ( 0.000000000000000000, -1.000000000000000000, 0.000000000000000000 ) ) ;
#1154 = CYLINDRICAL_SURFACE ( 'NONE', #1766, 1.249999999999414690 ) ;
#1155 = AXIS2_PLACEMENT_3D ( 'NONE', #4129, #50, #4555 ) ;
#1156 = DIRECTION ( 'NONE',  ( -0.7071067811865482389, -0.7071067811865469066, 0.000000000000000000 ) ) ;
#1157 = CIRCLE ( 'NONE', #2862, 1.150000000000011235 ) ;
#1158 = EDGE_LOOP ( 'NONE', ( #1438, #3627 ) ) ;
#1159 = EDGE_CURVE ( 'NONE', #579, #3352, #4833, .T. ) ;
#1160 = ORIENTED_EDGE ( 'NONE', *, *, #3361, .F. ) ;
#1161 = DIRECTION ( 'NONE',  ( 1.000000000000000000, 0.000000000000000000, 0.000000000000000000 ) ) ;
#1162 = DIRECTION ( 'NONE',  ( 1.000000000000000000, -0.000000000000000000, -0.000000000000000000 ) ) ;
#1163 = VECTOR ( 'NONE', #1329, 1000.000000000000000 ) ;
#1164 = EDGE_CURVE ( 'NONE', #1786, #281, #673, .T. ) ;
#1165 = AXIS2_PLACEMENT_3D ( 'NONE', #2130, #637, #4375 ) ;
#1166 = FACE_OUTER_BOUND ( 'NONE', #4015, .T. ) ;
#1167 = LINE ( 'NONE', #1112, #1947 ) ;
#1168 = CYLINDRICAL_SURFACE ( 'NONE', #3185, 1.149999999999417044 ) ;
#1169 = CARTESIAN_POINT ( 'NONE',  ( -15.24522956848878152, 9.603261442730490316, -50.00000000000000000 ) ) ;
#1170 = ORIENTED_EDGE ( 'NONE', *, *, #1933, .T. ) ;
#1171 = DIRECTION ( 'NONE',  ( -0.000000000000000000, -0.000000000000000000, 1.000000000000000000 ) ) ;
#1172 = EDGE_LOOP ( 'NONE', ( #4046, #3249, #826, #2053, #3351, #4022, #987, #4156, #175, #49, #3129, #2428, #352 ) ) ;
#1173 = CARTESIAN_POINT ( 'NONE',  ( 18.80000000000003979, -97.00000000000000000, -8.850000000000003197 ) ) ;
#1174 = CARTESIAN_POINT ( 'NONE',  ( -1.699999999999999956, 10.00000000000000533, -49.99999999999998579 ) ) ;
#1175 = ORIENTED_EDGE ( 'NONE', *, *, #2928, .F. ) ;
#1176 = ORIENTED_EDGE ( 'NONE', *, *, #4396, .F. ) ;
#1177 = DIRECTION ( 'NONE',  ( 1.000000000000000000, -0.000000000000000000, -0.000000000000000000 ) ) ;
#1178 = LINE ( 'NONE', #4605, #3984 ) ;
#1179 = DIRECTION ( 'NONE',  ( 0.000000000000000000, 1.000000000000000000, -0.000000000000000000 ) ) ;
#1180 = EDGE_CURVE ( 'NONE', #1960, #3393, #989, .T. ) ;
#1181 = CARTESIAN_POINT ( 'NONE',  ( -10.49696427085677897, 9.747530009010310081, 30.00000000000000000 ) ) ;
#1182 = ORIENTED_EDGE ( 'NONE', *, *, #3404, .T. ) ;
#1183 = ORIENTED_EDGE ( 'NONE', *, *, #884, .T. ) ;
#1184 = CARTESIAN_POINT ( 'NONE',  ( -13.99999999999999645, -78.99999999999998579, -30.00000000000000000 ) ) ;
#1185 = CARTESIAN_POINT ( 'NONE',  ( -20.00000000000000000, 19.00000000000002487, -30.00000000000000000 ) ) ;
#1186 = AXIS2_PLACEMENT_3D ( 'NONE', #517, #103, #3475 ) ;
#1187 = CIRCLE ( 'NONE', #798, 1.649999999999999245 ) ;
#1188 = ORIENTED_EDGE ( 'NONE', *, *, #1908, .T. ) ;
#1189 = CARTESIAN_POINT ( 'NONE',  ( 13.99999999999999822, -49.99999999999997868, 27.00000000000000355 ) ) ;
#1190 = EDGE_CURVE ( 'NONE', #1751, #24, #2917, .T. ) ;
#1191 = DIRECTION ( 'NONE',  ( -1.000000000000000000, -0.000000000000000000, -0.000000000000000000 ) ) ;
#1192 = ORIENTED_EDGE ( 'NONE', *, *, #580, .T. ) ;
#1193 = LINE ( 'NONE', #2241, #3188 ) ;
#1194 = ORIENTED_EDGE ( 'NONE', *, *, #1573, .F. ) ;
#1195 = LINE ( 'NONE', #3396, #923 ) ;
#1196 = ORIENTED_EDGE ( 'NONE', *, *, #2527, .F. ) ;
#1197 = VECTOR ( 'NONE', #1776, 1000.000000000000000 ) ;
#1198 = EDGE_LOOP ( 'NONE', ( #2249, #163, #116, #4126 ) ) ;
#1199 = LINE ( 'NONE', #3377, #3243 ) ;
#1200 = CYLINDRICAL_SURFACE ( 'NONE', #235, 1.649999999999999467 ) ;
#1201 = DIRECTION ( 'NONE',  ( 1.000000000000000000, 0.000000000000000000, 0.000000000000000000 ) ) ;
#1202 = CARTESIAN_POINT ( 'NONE',  ( -17.74522956848995037, 9.603261442730490316, -27.00000000000000000 ) ) ;
#1203 = EDGE_LOOP ( 'NONE', ( #665, #3672, #413, #634 ) ) ;
#1204 = ORIENTED_EDGE ( 'NONE', *, *, #3746, .T. ) ;
#1205 = CARTESIAN_POINT ( 'NONE',  ( 10.49696427085677897, 10.25246999098970235, -50.00000000000000000 ) ) ;
#1206 = EDGE_CURVE ( 'NONE', #2003, #1342, #2631, .T. ) ;
#1207 = EDGE_CURVE ( 'NONE', #4222, #3764, #4571, .T. ) ;
#1208 = EDGE_CURVE ( 'NONE', #1760, #3798, #1923, .T. ) ;
#1209 = LINE ( 'NONE', #4523, #2335 ) ;
#1210 = DIRECTION ( 'NONE',  ( 0.000000000000000000, 0.000000000000000000, -1.000000000000000000 ) ) ;
#1211 = ADVANCED_FACE ( 'NONE', ( #2608 ), #824, .F. ) ;
#1212 = CARTESIAN_POINT ( 'NONE',  ( 20.00000000000000000, -108.9999999999999858, 30.00000000000000000 ) ) ;
#1213 = ORIENTED_EDGE ( 'NONE', *, *, #2831, .F. ) ;
#1214 = DIRECTION ( 'NONE',  ( 1.000000000000000000, 0.000000000000000000, 0.000000000000000000 ) ) ;
#1215 = EDGE_CURVE ( 'NONE', #3644, #2296, #4744, .T. ) ;
#1216 = ORIENTED_EDGE ( 'NONE', *, *, #283, .F. ) ;
#1217 = CARTESIAN_POINT ( 'NONE',  ( 0.2524699909896935268, -0.4969642708567700851, 27.00000000000001066 ) ) ;
#1218 = VECTOR ( 'NONE', #4815, 1000.000000000000000 ) ;
#1219 = ORIENTED_EDGE ( 'NONE', *, *, #3210, .T. ) ;
#1220 = EDGE_LOOP ( 'NONE', ( #1666, #424 ) ) ;
#1221 = DIRECTION ( 'NONE',  ( -0.000000000000000000, -1.000000000000000000, 2.090028284309402297E-16 ) ) ;
#1222 = DIRECTION ( 'NONE',  ( -0.000000000000000000, -0.000000000000000000, -1.000000000000000000 ) ) ;
#1223 = FACE_OUTER_BOUND ( 'NONE', #3620, .T. ) ;
#1224 = CIRCLE ( 'NONE', #60, 1.149999999999989697 ) ;
#1225 = DIRECTION ( 'NONE',  ( 1.000000000000000000, 1.734723475976807341E-16, -0.000000000000000000 ) ) ;
#1226 = ORIENTED_EDGE ( 'NONE', *, *, #1081, .F. ) ;
#1227 = EDGE_LOOP ( 'NONE', ( #4609, #4285, #2112, #3592 ) ) ;
#1228 = FACE_BOUND ( 'NONE', #3323, .T. ) ;
#1229 = AXIS2_PLACEMENT_3D ( 'NONE', #3722, #4064, #1078 ) ;
#1230 = DIRECTION ( 'NONE',  ( 1.000000000000000000, -0.000000000000000000, -0.000000000000000000 ) ) ;
#1231 = ADVANCED_FACE ( 'NONE', ( #4123 ), #1168, .F. ) ;
#1232 = CARTESIAN_POINT ( 'NONE',  ( -14.00000000000000355, -26.50000000000000355, -30.00000000000000000 ) ) ;
#1233 = AXIS2_PLACEMENT_3D ( 'NONE', #479, #3531, #157 ) ;
#1234 = DIRECTION ( 'NONE',  ( -0.000000000000000000, -0.000000000000000000, 1.000000000000000000 ) ) ;
#1235 = LINE ( 'NONE', #2729, #2759 ) ;
#1236 = EDGE_CURVE ( 'NONE', #3322, #3426, #1505, .T. ) ;
#1237 = AXIS2_PLACEMENT_3D ( 'NONE', #4067, #4039, #2187 ) ;
#1238 = ORIENTED_EDGE ( 'NONE', *, *, #884, .F. ) ;
#1239 = CARTESIAN_POINT ( 'NONE',  ( 18.80000000000003979, -105.2999999999999972, 1.000000000000039080 ) ) ;
#1240 = VERTEX_POINT ( 'NONE', #4194 ) ;
#1241 = CYLINDRICAL_SURFACE ( 'NONE', #2797, 1.700000000000008837 ) ;
#1242 = ORIENTED_EDGE ( 'NONE', *, *, #1712, .T. ) ;
#1243 = VERTEX_POINT ( 'NONE', #4470 ) ;
#1244 = CARTESIAN_POINT ( 'NONE',  ( 18.80000000000003979, -105.3000000000000256, 8.850000000000004974 ) ) ;
#1245 = CARTESIAN_POINT ( 'NONE',  ( 18.80000000000003979, -97.00000000000000000, -10.84999999999996767 ) ) ;
#1246 = CARTESIAN_POINT ( 'NONE',  ( 4.000000000000000000, -80.99999999999998579, 15.00000000000000000 ) ) ;
#1247 = EDGE_CURVE ( 'NONE', #951, #1742, #22, .T. ) ;
#1248 = CARTESIAN_POINT ( 'NONE',  ( 17.00000000000004974, -50.84999999999999432, -14.77499999999999858 ) ) ;
#1249 = ORIENTED_EDGE ( 'NONE', *, *, #3329, .F. ) ;
#1250 = ORIENTED_EDGE ( 'NONE', *, *, #4324, .F. ) ;
#1251 = DIRECTION ( 'NONE',  ( 0.000000000000000000, 0.000000000000000000, -1.000000000000000000 ) ) ;
#1252 = VECTOR ( 'NONE', #3153, 1000.000000000000000 ) ;
#1253 = CARTESIAN_POINT ( 'NONE',  ( 0.3967385572695156237, -6.495229568489357952, 27.00000000000001066 ) ) ;
#1254 = DIRECTION ( 'NONE',  ( 0.000000000000000000, 0.000000000000000000, 1.000000000000000000 ) ) ;
#1255 = CARTESIAN_POINT ( 'NONE',  ( 19.50000000000001776, -89.49999999999997158, -27.00000000000000000 ) ) ;
#1256 = CARTESIAN_POINT ( 'NONE',  ( 20.00000000000000000, -50.84999999999999432, 14.77499999999999858 ) ) ;
#1257 = LINE ( 'NONE', #3903, #92 ) ;
#1258 = VECTOR ( 'NONE', #1613, 1000.000000000000000 ) ;
#1259 = EDGE_LOOP ( 'NONE', ( #532, #3858, #2737, #213 ) ) ;
#1260 = PLANE ( 'NONE',  #774 ) ;
#1261 = EDGE_CURVE ( 'NONE', #4631, #4563, #2997, .T. ) ;
#1262 = ORIENTED_EDGE ( 'NONE', *, *, #4018, .F. ) ;
#1263 = CARTESIAN_POINT ( 'NONE',  ( -11.64696427085736197, 9.747530009010310081, -50.00000000000000000 ) ) ;
#1264 = EDGE_LOOP ( 'NONE', ( #1020, #2380, #4407, #1393 ) ) ;
#1265 = VERTEX_POINT ( 'NONE', #1950 ) ;
#1266 = VERTEX_POINT ( 'NONE', #4146 ) ;
#1267 = CARTESIAN_POINT ( 'NONE',  ( 18.80000000000003979, -105.3000000000000256, 10.84999999999999609 ) ) ;
#1268 = DIRECTION ( 'NONE',  ( -0.000000000000000000, -0.000000000000000000, 1.000000000000000000 ) ) ;
#1269 = EDGE_CURVE ( 'NONE', #1570, #627, #2264, .T. ) ;
#1270 = DIRECTION ( 'NONE',  ( 0.7071067811865462405, -0.7071067811865489050, -0.000000000000000000 ) ) ;
#1271 = AXIS2_PLACEMENT_3D ( 'NONE', #4614, #3533, #1907 ) ;
#1272 = ORIENTED_EDGE ( 'NONE', *, *, #592, .T. ) ;
#1273 = ORIENTED_EDGE ( 'NONE', *, *, #3518, .F. ) ;
#1274 = CARTESIAN_POINT ( 'NONE',  ( -9.000000000000017764, -54.99999999999999289, 27.00000000000000355 ) ) ;
#1275 = ADVANCED_FACE ( 'NONE', ( #1114 ), #2683, .F. ) ;
#1276 = VECTOR ( 'NONE', #232, 1000.000000000000000 ) ;
#1277 = DIRECTION ( 'NONE',  ( 0.000000000000000000, -1.000000000000000000, 0.000000000000000000 ) ) ;
#1278 = LINE ( 'NONE', #2064, #3424 ) ;
#1279 = DIRECTION ( 'NONE',  ( -0.7071067811865473507, 0.7071067811865477948, 0.000000000000000000 ) ) ;
#1280 = DIRECTION ( 'NONE',  ( 0.000000000000000000, 0.000000000000000000, -1.000000000000000000 ) ) ;
#1281 = CARTESIAN_POINT ( 'NONE',  ( 10.00000000000000000, -50.84999999999999432, 14.77499999999999858 ) ) ;
#1282 = VERTEX_POINT ( 'NONE', #1138 ) ;
#1283 = LINE ( 'NONE', #1630, #3113 ) ;
#1284 = ORIENTED_EDGE ( 'NONE', *, *, #4270, .T. ) ;
#1285 = FACE_OUTER_BOUND ( 'NONE', #4802, .T. ) ;
#1286 = EDGE_CURVE ( 'NONE', #4755, #780, #1157, .T. ) ;
#1287 = VERTEX_POINT ( 'NONE', #3439 ) ;
#1288 = ORIENTED_EDGE ( 'NONE', *, *, #1437, .T. ) ;
#1289 = ORIENTED_EDGE ( 'NONE', *, *, #3687, .T. ) ;
#1290 = CARTESIAN_POINT ( 'NONE',  ( 10.00000000000000000, -50.84999999999999432, 16.92499999999999716 ) ) ;
#1291 = FACE_OUTER_BOUND ( 'NONE', #1264, .T. ) ;
#1292 =( GEOMETRIC_REPRESENTATION_CONTEXT ( 3 ) GLOBAL_UNCERTAINTY_ASSIGNED_CONTEXT ( ( #4069 ) ) GLOBAL_UNIT_ASSIGNED_CONTEXT ( ( #3818, #2669, #1937 ) ) REPRESENTATION_CONTEXT ( 'NONE', 'WORKASPACE' ) );
#1293 = FACE_OUTER_BOUND ( 'NONE', #3693, .T. ) ;
#1294 = ADVANCED_FACE ( 'NONE', ( #3390 ), #45, .F. ) ;
#1295 = ORIENTED_EDGE ( 'NONE', *, *, #2901, .T. ) ;
#1296 = EDGE_LOOP ( 'NONE', ( #2029, #466, #496, #152 ) ) ;
#1297 = DIRECTION ( 'NONE',  ( 0.000000000000000000, -0.000000000000000000, -1.000000000000000000 ) ) ;
#1298 = VECTOR ( 'NONE', #3713, 1000.000000000000000 ) ;
#1299 = CARTESIAN_POINT ( 'NONE',  ( 0.2524699909896935268, -0.4969642708567700851, 30.00000000000000000 ) ) ;
#1300 = VECTOR ( 'NONE', #68, 1000.000000000000000 ) ;
#1301 = EDGE_CURVE ( 'NONE', #1960, #1910, #3068, .T. ) ;
#1302 = CIRCLE ( 'NONE', #1229, 1.699999999999999956 ) ;
#1303 = DIRECTION ( 'NONE',  ( -0.000000000000000000, 1.000000000000000000, -0.000000000000000000 ) ) ;
#1304 = DIRECTION ( 'NONE',  ( -0.000000000000000000, -0.000000000000000000, 1.000000000000000000 ) ) ;
#1305 = CARTESIAN_POINT ( 'NONE',  ( -0.3967385572695176221, 26.49522956848936772, 27.00000000000001066 ) ) ;
#1306 = ADVANCED_FACE ( 'NONE', ( #2340 ), #3830, .F. ) ;
#1307 = AXIS2_PLACEMENT_3D ( 'NONE', #1704, #3540, #1333 ) ;
#1308 = VECTOR ( 'NONE', #4731, 1000.000000000000000 ) ;
#1309 = DIRECTION ( 'NONE',  ( -0.000000000000000000, -0.000000000000000000, 1.000000000000000000 ) ) ;
#1310 = VECTOR ( 'NONE', #1694, 1000.000000000000000 ) ;
#1311 = VERTEX_POINT ( 'NONE', #802 ) ;
#1312 = DIRECTION ( 'NONE',  ( 0.000000000000000000, 0.000000000000000000, 1.000000000000000000 ) ) ;
#1313 = ORIENTED_EDGE ( 'NONE', *, *, #1059, .T. ) ;
#1314 = ORIENTED_EDGE ( 'NONE', *, *, #3657, .T. ) ;
#1315 = ORIENTED_EDGE ( 'NONE', *, *, #85, .F. ) ;
#1316 = VECTOR ( 'NONE', #4703, 1000.000000000000000 ) ;
#1317 = DIRECTION ( 'NONE',  ( 0.000000000000000000, 6.938893903907085594E-15, -1.000000000000000000 ) ) ;
#1318 = DIRECTION ( 'NONE',  ( -0.000000000000000000, -6.938893903907258354E-15, 1.000000000000000000 ) ) ;
#1319 = LINE ( 'NONE', #611, #1810 ) ;
#1320 = ORIENTED_EDGE ( 'NONE', *, *, #3436, .T. ) ;
#1321 = VERTEX_POINT ( 'NONE', #2288 ) ;
#1322 = DIRECTION ( 'NONE',  ( 1.000000000000000000, 0.000000000000000000, 0.000000000000000000 ) ) ;
#1323 = EDGE_CURVE ( 'NONE', #4246, #3457, #3902, .T. ) ;
#1324 = DIRECTION ( 'NONE',  ( -0.7071067811865492381, -0.7071067811865457964, -0.000000000000000000 ) ) ;
#1325 = AXIS2_PLACEMENT_3D ( 'NONE', #3318, #1806, #3712 ) ;
#1326 = DIRECTION ( 'NONE',  ( -1.000000000000000000, 0.000000000000000000, 0.000000000000000000 ) ) ;
#1327 = CYLINDRICAL_SURFACE ( 'NONE', #4188, 1.150000000000011235 ) ;
#1328 = CARTESIAN_POINT ( 'NONE',  ( 13.99999999999999645, -21.50000000000000000, 35.00000000000000000 ) ) ;
#1329 = DIRECTION ( 'NONE',  ( -0.000000000000000000, 1.000000000000000000, -1.045014142154684459E-15 ) ) ;
#1330 = EDGE_CURVE ( 'NONE', #2281, #1061, #1546, .T. ) ;
#1331 = DIRECTION ( 'NONE',  ( 1.000000000000000000, 0.000000000000000000, 0.000000000000000000 ) ) ;
#1332 = EDGE_LOOP ( 'NONE', ( #4205, #2489, #1416, #1037 ) ) ;
#1333 = DIRECTION ( 'NONE',  ( -3.469446951953611231E-16, -1.000000000000000000, 0.000000000000000000 ) ) ;
#1334 = AXIS2_PLACEMENT_3D ( 'NONE', #2792, #2718, #83 ) ;
#1335 = VERTEX_POINT ( 'NONE', #180 ) ;
#1336 = AXIS2_PLACEMENT_3D ( 'NONE', #4028, #1431, #4505 ) ;
#1337 = ORIENTED_EDGE ( 'NONE', *, *, #3155, .T. ) ;
#1338 = LINE ( 'NONE', #4255, #2039 ) ;
#1339 = CARTESIAN_POINT ( 'NONE',  ( -9.500000000000001776, -69.99999999999998579, -30.00000000000000000 ) ) ;
#1340 = FACE_OUTER_BOUND ( 'NONE', #2421, .T. ) ;
#1341 = ORIENTED_EDGE ( 'NONE', *, *, #2140, .T. ) ;
#1342 = VERTEX_POINT ( 'NONE', #1674 ) ;
#1343 = PLANE ( 'NONE',  #3115 ) ;
#1344 = PLANE ( 'NONE',  #2791 ) ;
#1345 = EDGE_CURVE ( 'NONE', #2292, #2082, #4243, .T. ) ;
#1346 = AXIS2_PLACEMENT_3D ( 'NONE', #4370, #4763, #1457 ) ;
#1347 = CARTESIAN_POINT ( 'NONE',  ( 0.3967385572695156237, -6.495229568489357952, -30.00000000000000000 ) ) ;
#1348 = DIRECTION ( 'NONE',  ( 1.000000000000000000, -0.000000000000000000, -0.000000000000000000 ) ) ;
#1349 = CARTESIAN_POINT ( 'NONE',  ( 18.80000000000003979, -54.99999999999999289, -10.84999999999996767 ) ) ;
#1350 = ORIENTED_EDGE ( 'NONE', *, *, #2754, .T. ) ;
#1351 = EDGE_CURVE ( 'NONE', #4573, #3501, #2170, .T. ) ;
#1352 = LINE ( 'NONE', #3907, #3028 ) ;
#1353 = EDGE_CURVE ( 'NONE', #1786, #186, #3851, .T. ) ;
#1354 = VERTEX_POINT ( 'NONE', #3874 ) ;
#1355 = ORIENTED_EDGE ( 'NONE', *, *, #4321, .F. ) ;
#1356 = LINE ( 'NONE', #2448, #1396 ) ;
#1357 = CARTESIAN_POINT ( 'NONE',  ( 7.000000000000000888, -102.0000000000000000, -26.99999999999998224 ) ) ;
#1358 = DIRECTION ( 'NONE',  ( 0.7071067811865483499, -0.7071067811865467956, -0.000000000000000000 ) ) ;
#1359 = VECTOR ( 'NONE', #2958, 1000.000000000000000 ) ;
#1360 = ORIENTED_EDGE ( 'NONE', *, *, #1588, .F. ) ;
#1361 = VERTEX_POINT ( 'NONE', #2750 ) ;
#1362 = CARTESIAN_POINT ( 'NONE',  ( 16.49522956848936772, 10.39673855726952389, -50.00000000000000000 ) ) ;
#1363 = DIRECTION ( 'NONE',  ( -0.000000000000000000, -0.000000000000000000, 1.000000000000000000 ) ) ;
#1364 = VERTEX_POINT ( 'NONE', #2436 ) ;
#1365 = MECHANICAL_DESIGN_GEOMETRIC_PRESENTATION_REPRESENTATION (  '', ( #3559 ), #1292 ) ;
#1366 = ORIENTED_EDGE ( 'NONE', *, *, #1330, .F. ) ;
#1367 = EDGE_CURVE ( 'NONE', #1243, #2172, #3577, .T. ) ;
#1368 = CARTESIAN_POINT ( 'NONE',  ( 17.00000000000004619, -34.99999999999999289, 47.22374841615668828 ) ) ;
#1369 = FACE_OUTER_BOUND ( 'NONE', #47, .T. ) ;
#1370 = AXIS2_PLACEMENT_3D ( 'NONE', #2912, #3679, #376 ) ;
#1371 = DIRECTION ( 'NONE',  ( 0.000000000000000000, 1.000000000000000000, 2.299031112740337917E-15 ) ) ;
#1372 = ORIENTED_EDGE ( 'NONE', *, *, #632, .T. ) ;
#1373 = ADVANCED_FACE ( 'NONE', ( #1995 ), #2090, .F. ) ;
#1374 = CARTESIAN_POINT ( 'NONE',  ( -23.49999999999999645, -53.49999999999997868, -27.00000000000000000 ) ) ;
#1375 = VECTOR ( 'NONE', #3856, 1000.000000000000000 ) ;
#1376 = CARTESIAN_POINT ( 'NONE',  ( 13.99999999999999645, -26.50000000000000355, 35.00000000000000000 ) ) ;
#1377 = VECTOR ( 'NONE', #1425, 1000.000000000000000 ) ;
#1378 = ORIENTED_EDGE ( 'NONE', *, *, #4355, .T. ) ;
#1379 = CARTESIAN_POINT ( 'NONE',  ( 17.00000000000004974, -50.84999999999999432, 12.62500000000000000 ) ) ;
#1380 = ORIENTED_EDGE ( 'NONE', *, *, #2498, .T. ) ;
#1381 = FACE_OUTER_BOUND ( 'NONE', #4105, .T. ) ;
#1382 = DIRECTION ( 'NONE',  ( 1.000000000000000000, 0.000000000000000000, 0.000000000000000000 ) ) ;
#1383 = CIRCLE ( 'NONE', #227, 2.150000000000002576 ) ;
#1384 = FACE_OUTER_BOUND ( 'NONE', #4508, .T. ) ;
#1385 = ORIENTED_EDGE ( 'NONE', *, *, #2228, .F. ) ;
#1386 = ORIENTED_EDGE ( 'NONE', *, *, #4575, .F. ) ;
#1387 = LINE ( 'NONE', #269, #1001 ) ;
#1388 = AXIS2_PLACEMENT_3D ( 'NONE', #4455, #2925, #4084 ) ;
#1389 = CARTESIAN_POINT ( 'NONE',  ( -0.8975300090102963368, -0.4969642708567699740, -50.00000000000000000 ) ) ;
#1390 = CARTESIAN_POINT ( 'NONE',  ( 0.000000000000000000, 10.00000000000000533, -27.00000000000000000 ) ) ;
#1391 = DIRECTION ( 'NONE',  ( 1.000000000000000000, 0.000000000000000000, 0.000000000000000000 ) ) ;
#1392 = EDGE_CURVE ( 'NONE', #1061, #2281, #2093, .T. ) ;
#1393 = ORIENTED_EDGE ( 'NONE', *, *, #3727, .F. ) ;
#1394 = ORIENTED_EDGE ( 'NONE', *, *, #221, .T. ) ;
#1395 = PLANE ( 'NONE',  #2907 ) ;
#1396 = VECTOR ( 'NONE', #3616, 1000.000000000000000 ) ;
#1397 = LINE ( 'NONE', #1349, #3215 ) ;
#1398 = VERTEX_POINT ( 'NONE', #3094 ) ;
#1399 = CARTESIAN_POINT ( 'NONE',  ( -11.50000000000000533, -19.00000000000000355, 35.00000000000000000 ) ) ;
#1400 = CARTESIAN_POINT ( 'NONE',  ( 17.00000000000004974, -54.99999999999999289, 47.22374841615668828 ) ) ;
#1401 = ORIENTED_EDGE ( 'NONE', *, *, #3340, .F. ) ;
#1402 = EDGE_CURVE ( 'NONE', #144, #1107, #964, .T. ) ;
#1403 = ORIENTED_EDGE ( 'NONE', *, *, #1502, .T. ) ;
#1404 = AXIS2_PLACEMENT_3D ( 'NONE', #2697, #3890, #3061 ) ;
#1405 = DIRECTION ( 'NONE',  ( -0.000000000000000000, 0.000000000000000000, 1.000000000000000000 ) ) ;
#1406 = CARTESIAN_POINT ( 'NONE',  ( 11.35000000000000320, -115.9999999999999858, -27.00000000000000000 ) ) ;
#1407 = CARTESIAN_POINT ( 'NONE',  ( 10.00000000000000000, -100.2699999999999960, -7.075000000000001066 ) ) ;
#1408 = ORIENTED_EDGE ( 'NONE', *, *, #1719, .F. ) ;
#1409 = AXIS2_PLACEMENT_3D ( 'NONE', #658, #633, #313 ) ;
#1410 = EDGE_LOOP ( 'NONE', ( #1100, #2733, #685, #1517 ) ) ;
#1411 =( LENGTH_UNIT ( ) NAMED_UNIT ( * ) SI_UNIT ( .MILLI., .METRE. ) );
#1412 = DIRECTION ( 'NONE',  ( -1.000000000000000000, 0.000000000000000000, 0.000000000000000000 ) ) ;
#1413 = DIRECTION ( 'NONE',  ( 1.000000000000000000, 0.000000000000000000, -0.000000000000000000 ) ) ;
#1414 = CARTESIAN_POINT ( 'NONE',  ( 17.00000000000003908, -54.99999999999999289, -8.850000000000003197 ) ) ;
#1415 = EDGE_CURVE ( 'NONE', #4399, #1427, #2386, .T. ) ;
#1416 = ORIENTED_EDGE ( 'NONE', *, *, #383, .F. ) ;
#1417 = EDGE_CURVE ( 'NONE', #2281, #2676, #526, .T. ) ;
#1418 = ORIENTED_EDGE ( 'NONE', *, *, #4258, .F. ) ;
#1419 = CARTESIAN_POINT ( 'NONE',  ( 11.64696427085619668, 10.25246999098970235, 27.00000000000001066 ) ) ;
#1420 = PLANE ( 'NONE',  #1691 ) ;
#1421 = CARTESIAN_POINT ( 'NONE',  ( 1.699999999999999956, 10.00000000000000533, 26.99999999999999645 ) ) ;
#1422 = CIRCLE ( 'NONE', #2371, 1.249999999999980238 ) ;
#1423 = FACE_OUTER_BOUND ( 'NONE', #3063, .T. ) ;
#1424 = ORIENTED_EDGE ( 'NONE', *, *, #4106, .F. ) ;
#1425 = DIRECTION ( 'NONE',  ( 0.000000000000000000, 1.000000000000000000, 0.000000000000000000 ) ) ;
#1426 = EDGE_LOOP ( 'NONE', ( #4083, #731, #2524, #1554 ) ) ;
#1427 = VERTEX_POINT ( 'NONE', #2044 ) ;
#1428 = CARTESIAN_POINT ( 'NONE',  ( 17.00000000000004974, -54.99999999999999289, 47.22374841615668828 ) ) ;
#1429 = FACE_OUTER_BOUND ( 'NONE', #972, .T. ) ;
#1430 = ADVANCED_FACE ( 'NONE', ( #4687 ), #1327, .F. ) ;
#1431 = DIRECTION ( 'NONE',  ( -0.000000000000000000, 0.000000000000000000, 1.000000000000000000 ) ) ;
#1432 = ORIENTED_EDGE ( 'NONE', *, *, #1086, .F. ) ;
#1433 = ORIENTED_EDGE ( 'NONE', *, *, #2726, .F. ) ;
#1434 = LINE ( 'NONE', #4010, #3947 ) ;
#1435 = CYLINDRICAL_SURFACE ( 'NONE', #1758, 1.149999999999989697 ) ;
#1436 = LINE ( 'NONE', #368, #988 ) ;
#1437 = EDGE_CURVE ( 'NONE', #1243, #2815, #2727, .T. ) ;
#1438 = ORIENTED_EDGE ( 'NONE', *, *, #1472, .T. ) ;
#1439 = EDGE_LOOP ( 'NONE', ( #1204, #3969 ) ) ;
#1440 = FACE_BOUND ( 'NONE', #4070, .T. ) ;
#1441 = DIRECTION ( 'NONE',  ( 1.000000000000000000, 1.734723475976807341E-16, -0.000000000000000000 ) ) ;
#1442 = DIRECTION ( 'NONE',  ( 0.000000000000000000, 0.000000000000000000, -1.000000000000000000 ) ) ;
#1443 = EDGE_CURVE ( 'NONE', #2690, #161, #1763, .T. ) ;
#1444 = CIRCLE ( 'NONE', #2852, 1.249999999999980238 ) ;
#1445 = AXIS2_PLACEMENT_3D ( 'NONE', #4283, #2813, #4674 ) ;
#1446 = CARTESIAN_POINT ( 'NONE',  ( -15.74999999999998579, -54.24999999999998579, -27.00000000000000000 ) ) ;
#1447 = ORIENTED_EDGE ( 'NONE', *, *, #30, .T. ) ;
#1448 = CARTESIAN_POINT ( 'NONE',  ( -3.750000000000014211, -3.750000000000021316, 30.00000000000000000 ) ) ;
#1449 = EDGE_CURVE ( 'NONE', #818, #4222, #1626, .T. ) ;
#1450 = VECTOR ( 'NONE', #893, 1000.000000000000000 ) ;
#1451 = FACE_OUTER_BOUND ( 'NONE', #3525, .T. ) ;
#1452 = ORIENTED_EDGE ( 'NONE', *, *, #1480, .F. ) ;
#1453 = CARTESIAN_POINT ( 'NONE',  ( -8.999999999999962697, 30.00000000000000711, 30.00000000000000000 ) ) ;
#1454 = CIRCLE ( 'NONE', #3177, 1.149999999999417044 ) ;
#1455 = ORIENTED_EDGE ( 'NONE', *, *, #2605, .T. ) ;
#1456 = CYLINDRICAL_SURFACE ( 'NONE', #3908, 1.249999999999414690 ) ;
#1457 = DIRECTION ( 'NONE',  ( 1.000000000000000000, 0.000000000000000000, 0.000000000000000000 ) ) ;
#1458 = CARTESIAN_POINT ( 'NONE',  ( -16.49522956848936772, 9.603261442730490316, -30.00000000000000000 ) ) ;
#1459 = ORIENTED_EDGE ( 'NONE', *, *, #330, .F. ) ;
#1460 = VERTEX_POINT ( 'NONE', #4615 ) ;
#1461 = FACE_OUTER_BOUND ( 'NONE', #2051, .T. ) ;
#1462 = VECTOR ( 'NONE', #70, 1000.000000000000000 ) ;
#1463 = CARTESIAN_POINT ( 'NONE',  ( -20.00000000000000000, -29.99999999999999289, 30.00000000000000000 ) ) ;
#1464 = AXIS2_PLACEMENT_3D ( 'NONE', #1141, #3394, #73 ) ;
#1465 = AXIS2_PLACEMENT_3D ( 'NONE', #4193, #1920, #1577 ) ;
#1466 = CARTESIAN_POINT ( 'NONE',  ( 18.80000000000003979, -46.69999999999996021, 8.849999999999981881 ) ) ;
#1467 = CARTESIAN_POINT ( 'NONE',  ( -0.8532614427304645588, -6.495229568489357952, -50.00000000000000000 ) ) ;
#1468 = DIRECTION ( 'NONE',  ( -0.000000000000000000, -1.000000000000000000, -0.000000000000000000 ) ) ;
#1469 = VERTEX_POINT ( 'NONE', #3510 ) ;
#1470 = ORIENTED_EDGE ( 'NONE', *, *, #2464, .F. ) ;
#1471 = CARTESIAN_POINT ( 'NONE',  ( 1.402469990989683168, -0.4969642708567700851, 27.00000000000001066 ) ) ;
#1472 = EDGE_CURVE ( 'NONE', #3457, #3157, #4807, .T. ) ;
#1473 = CARTESIAN_POINT ( 'NONE',  ( 18.80000000000003979, -97.00000000000000000, -0.9999999999999781286 ) ) ;
#1474 = AXIS2_PLACEMENT_3D ( 'NONE', #400, #694, #1893 ) ;
#1475 = LINE ( 'NONE', #2967, #500 ) ;
#1476 = VECTOR ( 'NONE', #4832, 1000.000000000000000 ) ;
#1477 = DIRECTION ( 'NONE',  ( 1.000000000000000000, -0.000000000000000000, -0.000000000000000000 ) ) ;
#1478 = CARTESIAN_POINT ( 'NONE',  ( 18.80000000000003979, -97.00000000000000000, 1.000000000000019318 ) ) ;
#1479 = DIRECTION ( 'NONE',  ( 0.000000000000000000, 0.000000000000000000, -1.000000000000000000 ) ) ;
#1480 = EDGE_CURVE ( 'NONE', #4813, #704, #1444, .T. ) ;
#1481 = FACE_OUTER_BOUND ( 'NONE', #999, .T. ) ;
#1482 = ORIENTED_EDGE ( 'NONE', *, *, #1269, .T. ) ;
#1483 = DIRECTION ( 'NONE',  ( 0.000000000000000000, 0.000000000000000000, -1.000000000000000000 ) ) ;
#1484 = VECTOR ( 'NONE', #514, 1000.000000000000000 ) ;
#1485 = EDGE_CURVE ( 'NONE', #959, #339, #2091, .T. ) ;
#1486 = ORIENTED_EDGE ( 'NONE', *, *, #462, .T. ) ;
#1487 = FACE_BOUND ( 'NONE', #240, .T. ) ;
#1488 = LINE ( 'NONE', #288, #1298 ) ;
#1489 = CARTESIAN_POINT ( 'NONE',  ( 20.00000000000000000, -100.2699999999999960, -2.774999999999996358 ) ) ;
#1490 = EDGE_LOOP ( 'NONE', ( #1284, #3976, #3663, #4163 ) ) ;
#1491 = ORIENTED_EDGE ( 'NONE', *, *, #2355, .F. ) ;
#1492 = CARTESIAN_POINT ( 'NONE',  ( -31.24999999999999289, -38.74999999999997868, -27.00000000000000000 ) ) ;
#1493 = CARTESIAN_POINT ( 'NONE',  ( 0.3967385572695156237, -6.495229568489357952, -27.00000000000000000 ) ) ;
#1494 = DIRECTION ( 'NONE',  ( 1.000000000000000000, 0.000000000000000000, 0.000000000000000000 ) ) ;
#1495 = FACE_OUTER_BOUND ( 'NONE', #1915, .T. ) ;
#1496 = CARTESIAN_POINT ( 'NONE',  ( 16.49522956848936772, 10.39673855726952389, -30.00000000000000000 ) ) ;
#1497 = VECTOR ( 'NONE', #2057, 1000.000000000000000 ) ;
#1498 = ORIENTED_EDGE ( 'NONE', *, *, #4465, .F. ) ;
#1499 = ORIENTED_EDGE ( 'NONE', *, *, #4211, .F. ) ;
#1500 = CARTESIAN_POINT ( 'NONE',  ( -1.699999999999999956, 10.00000000000000533, -30.00000000000000000 ) ) ;
#1501 = FACE_OUTER_BOUND ( 'NONE', #450, .T. ) ;
#1502 = EDGE_CURVE ( 'NONE', #3910, #4516, #1076, .T. ) ;
#1503 = CARTESIAN_POINT ( 'NONE',  ( 17.00000000000000000, -100.2699999999999960, -2.774999999999996358 ) ) ;
#1504 = DIRECTION ( 'NONE',  ( -0.000000000000000000, -0.000000000000000000, 1.000000000000000000 ) ) ;
#1505 = LINE ( 'NONE', #1874, #2640 ) ;
#1506 = LINE ( 'NONE', #3416, #4639 ) ;
#1507 = EDGE_CURVE ( 'NONE', #3891, #2370, #4419, .T. ) ;
#1508 = ORIENTED_EDGE ( 'NONE', *, *, #1573, .T. ) ;
#1509 = PLANE ( 'NONE',  #4203 ) ;
#1510 = EDGE_CURVE ( 'NONE', #95, #818, #2225, .T. ) ;
#1511 = VECTOR ( 'NONE', #303, 1000.000000000000000 ) ;
#1512 = ORIENTED_EDGE ( 'NONE', *, *, #4436, .F. ) ;
#1513 = DIRECTION ( 'NONE',  ( 0.000000000000000000, 0.000000000000000000, -1.000000000000000000 ) ) ;
#1514 = LINE ( 'NONE', #1174, #2756 ) ;
#1515 = EDGE_CURVE ( 'NONE', #704, #4813, #276, .T. ) ;
#1516 = FACE_OUTER_BOUND ( 'NONE', #2637, .T. ) ;
#1517 = ORIENTED_EDGE ( 'NONE', *, *, #4688, .F. ) ;
#1518 = EDGE_LOOP ( 'NONE', ( #641, #906 ) ) ;
#1519 = DIRECTION ( 'NONE',  ( 0.7071067811865477948, 0.7071067811865473507, 0.000000000000000000 ) ) ;
#1520 = CARTESIAN_POINT ( 'NONE',  ( 3.000000000000000888, -115.9999999999999858, -30.00000000000000000 ) ) ;
#1521 = DIRECTION ( 'NONE',  ( -0.000000000000000000, -0.000000000000000000, 1.000000000000000000 ) ) ;
#1522 = DIRECTION ( 'NONE',  ( -0.7071067811865473507, -0.7071067811865477948, 0.000000000000000000 ) ) ;
#1523 = ADVANCED_FACE ( 'NONE', ( #713 ), #2131, .F. ) ;
#1524 = DIRECTION ( 'NONE',  ( -1.000000000000000000, 0.000000000000000000, 0.000000000000000000 ) ) ;
#1525 = ORIENTED_EDGE ( 'NONE', *, *, #1954, .F. ) ;
#1526 = VERTEX_POINT ( 'NONE', #3300 ) ;
#1527 = CARTESIAN_POINT ( 'NONE',  ( 4.000000000000000000, -105.0000000000000000, -30.00000000000000000 ) ) ;
#1528 = DIRECTION ( 'NONE',  ( 1.000000000000000000, 0.000000000000000000, -0.000000000000000000 ) ) ;
#1529 = DIRECTION ( 'NONE',  ( 0.000000000000000000, -1.000000000000000000, 0.000000000000000000 ) ) ;
#1530 = VECTOR ( 'NONE', #1221, 1000.000000000000000 ) ;
#1531 = DIRECTION ( 'NONE',  ( -0.7071067811865493491, -0.7071067811865457964, -0.000000000000000000 ) ) ;
#1532 = CARTESIAN_POINT ( 'NONE',  ( 16.49522956848936772, 10.39673855726952389, 27.00000000000001066 ) ) ;
#1533 = VERTEX_POINT ( 'NONE', #1857 ) ;
#1534 = CYLINDRICAL_SURFACE ( 'NONE', #1858, 1.699999999999999956 ) ;
#1535 = AXIS2_PLACEMENT_3D ( 'NONE', #4079, #359, #2921 ) ;
#1536 = EDGE_CURVE ( 'NONE', #3067, #2453, #2882, .T. ) ;
#1537 = ORIENTED_EDGE ( 'NONE', *, *, #1443, .F. ) ;
#1538 = DIRECTION ( 'NONE',  ( -0.000000000000000000, 0.000000000000000000, 1.000000000000000000 ) ) ;
#1539 = CARTESIAN_POINT ( 'NONE',  ( -7.500000000000000888, -69.99999999999998579, -30.00000000000000000 ) ) ;
#1540 = ORIENTED_EDGE ( 'NONE', *, *, #2439, .F. ) ;
#1541 = ORIENTED_EDGE ( 'NONE', *, *, #1719, .T. ) ;
#1542 = CARTESIAN_POINT ( 'NONE',  ( 17.00000000000004974, -50.84999999999999432, 14.77499999999999858 ) ) ;
#1543 = CARTESIAN_POINT ( 'NONE',  ( -12.29999999999998828, -78.99999999999998579, -27.00000000000000000 ) ) ;
#1544 = VECTOR ( 'NONE', #1560, 1000.000000000000000 ) ;
#1545 = DIRECTION ( 'NONE',  ( -0.000000000000000000, -0.000000000000000000, -1.000000000000000000 ) ) ;
#1546 = CIRCLE ( 'NONE', #1075, 1.700000000000008837 ) ;
#1547 = ORIENTED_EDGE ( 'NONE', *, *, #639, .T. ) ;
#1548 = EDGE_LOOP ( 'NONE', ( #301, #4340, #363, #2350 ) ) ;
#1549 = CYLINDRICAL_SURFACE ( 'NONE', #4131, 1.149999999999417044 ) ;
#1550 = EDGE_CURVE ( 'NONE', #3279, #2037, #2596, .T. ) ;
#1551 = VECTOR ( 'NONE', #1133, 1000.000000000000000 ) ;
#1552 = AXIS2_PLACEMENT_3D ( 'NONE', #1151, #2644, #2152 ) ;
#1553 = DIRECTION ( 'NONE',  ( 0.000000000000000000, 0.000000000000000000, 1.000000000000000000 ) ) ;
#1554 = ORIENTED_EDGE ( 'NONE', *, *, #4115, .F. ) ;
#1555 = CARTESIAN_POINT ( 'NONE',  ( -10.99999999999995737, -46.49999999999999289, -27.00000000000001066 ) ) ;
#1556 = CARTESIAN_POINT ( 'NONE',  ( -7.500000000000000888, -47.99999999999999289, -26.99999999999998224 ) ) ;
#1557 = ORIENTED_EDGE ( 'NONE', *, *, #1711, .F. ) ;
#1558 = DIRECTION ( 'NONE',  ( -0.000000000000000000, -0.000000000000000000, 1.000000000000000000 ) ) ;
#1559 = EDGE_LOOP ( 'NONE', ( #4700, #4722, #2122, #3857 ) ) ;
#1560 = DIRECTION ( 'NONE',  ( -1.000000000000000000, -0.000000000000000000, -0.000000000000000000 ) ) ;
#1561 = EDGE_CURVE ( 'NONE', #1469, #3990, #2519, .T. ) ;
#1562 = EDGE_CURVE ( 'NONE', #2709, #753, #2926, .T. ) ;
#1563 = ORIENTED_EDGE ( 'NONE', *, *, #2406, .T. ) ;
#1564 = EDGE_LOOP ( 'NONE', ( #1982, #2233 ) ) ;
#1565 = DIRECTION ( 'NONE',  ( -1.000000000000000000, 0.000000000000000000, 0.000000000000000000 ) ) ;
#1566 = CARTESIAN_POINT ( 'NONE',  ( 18.80000000000003979, -46.69999999999996021, 10.84999999999994991 ) ) ;
#1567 = CARTESIAN_POINT ( 'NONE',  ( 20.00000000000004974, -54.99999999999999289, -27.00000000000000000 ) ) ;
#1568 = DIRECTION ( 'NONE',  ( 0.000000000000000000, 1.000000000000000000, -3.553048083325977965E-15 ) ) ;
#1569 = ADVANCED_FACE ( 'NONE', ( #3695 ), #4085, .F. ) ;
#1570 = VERTEX_POINT ( 'NONE', #4794 ) ;
#1571 = EDGE_LOOP ( 'NONE', ( #62, #2736, #442, #2847 ) ) ;
#1572 = FACE_BOUND ( 'NONE', #1439, .T. ) ;
#1573 = EDGE_CURVE ( 'NONE', #4331, #3322, #1434, .T. ) ;
#1574 = CARTESIAN_POINT ( 'NONE',  ( 17.00000000000000000, -97.00000000000000000, 54.86198126479881410 ) ) ;
#1575 = EDGE_CURVE ( 'NONE', #119, #3717, #738, .T. ) ;
#1576 = AXIS2_PLACEMENT_3D ( 'NONE', #1797, #4362, #236 ) ;
#1577 = DIRECTION ( 'NONE',  ( 1.000000000000000000, 0.000000000000000000, 0.000000000000000000 ) ) ;
#1578 = CARTESIAN_POINT ( 'NONE',  ( 13.99999999999999645, -26.50000000000000355, 35.00000000000000000 ) ) ;
#1579 = FACE_OUTER_BOUND ( 'NONE', #174, .T. ) ;
#1580 = ORIENTED_EDGE ( 'NONE', *, *, #4258, .T. ) ;
#1581 = FACE_OUTER_BOUND ( 'NONE', #993, .T. ) ;
#1582 = ORIENTED_EDGE ( 'NONE', *, *, #1632, .T. ) ;
#1583 = DIRECTION ( 'NONE',  ( -0.000000000000000000, -0.000000000000000000, 1.000000000000000000 ) ) ;
#1584 = ORIENTED_EDGE ( 'NONE', *, *, #757, .F. ) ;
#1585 = VECTOR ( 'NONE', #4637, 1000.000000000000000 ) ;
#1586 = VERTEX_POINT ( 'NONE', #341 ) ;
#1587 = FACE_OUTER_BOUND ( 'NONE', #1140, .T. ) ;
#1588 = EDGE_CURVE ( 'NONE', #3632, #1526, #2153, .T. ) ;
#1589 = CARTESIAN_POINT ( 'NONE',  ( 17.00000000000003908, -46.69999999999985363, -0.9999999999999861222 ) ) ;
#1590 = DIRECTION ( 'NONE',  ( 1.000000000000000000, 0.000000000000000000, 0.000000000000000000 ) ) ;
#1591 = VECTOR ( 'NONE', #113, 1000.000000000000000 ) ;
#1592 = CARTESIAN_POINT ( 'NONE',  ( 4.000000000000000000, -105.0000000000000000, -26.99999999999998224 ) ) ;
#1593 = ORIENTED_EDGE ( 'NONE', *, *, #4270, .F. ) ;
#1594 = VERTEX_POINT ( 'NONE', #2957 ) ;
#1595 = CARTESIAN_POINT ( 'NONE',  ( 17.00000000000000000, -100.2699999999999960, 4.924999999999998934 ) ) ;
#1596 = EDGE_CURVE ( 'NONE', #1342, #1958, #2182, .T. ) ;
#1597 = DIRECTION ( 'NONE',  ( 0.000000000000000000, 0.000000000000000000, -1.000000000000000000 ) ) ;
#1598 = DIRECTION ( 'NONE',  ( -0.000000000000000000, -0.000000000000000000, 1.000000000000000000 ) ) ;
#1599 = DIRECTION ( 'NONE',  ( 0.000000000000000000, 1.000000000000000000, -0.000000000000000000 ) ) ;
#1600 = AXIS2_PLACEMENT_3D ( 'NONE', #1861, #2569, #4484 ) ;
#1601 = DIRECTION ( 'NONE',  ( -1.000000000000000000, 0.000000000000000000, 0.000000000000000000 ) ) ;
#1602 = EDGE_LOOP ( 'NONE', ( #2660, #618 ) ) ;
#1603 = DIRECTION ( 'NONE',  ( 1.000000000000000000, 0.000000000000000000, 0.000000000000000000 ) ) ;
#1604 = EDGE_CURVE ( 'NONE', #1118, #2651, #296, .T. ) ;
#1605 = ORIENTED_EDGE ( 'NONE', *, *, #109, .F. ) ;
#1606 = CARTESIAN_POINT ( 'NONE',  ( -13.99999999999999645, -78.99999999999998579, -62.00000000000000000 ) ) ;
#1607 = AXIS2_PLACEMENT_3D ( 'NONE', #2302, #3010, #1565 ) ;
#1608 = EDGE_LOOP ( 'NONE', ( #958, #1005 ) ) ;
#1609 = VERTEX_POINT ( 'NONE', #4456 ) ;
#1610 = CYLINDRICAL_SURFACE ( 'NONE', #657, 2.150000000000002132 ) ;
#1611 = CARTESIAN_POINT ( 'NONE',  ( 18.80000000000003979, -46.69999999999985363, -0.9999999999999861222 ) ) ;
#1612 = AXIS2_PLACEMENT_3D ( 'NONE', #2462, #4692, #2165 ) ;
#1613 = DIRECTION ( 'NONE',  ( 0.000000000000000000, 1.000000000000000000, 6.270084852928196292E-16 ) ) ;
#1614 = ORIENTED_EDGE ( 'NONE', *, *, #273, .F. ) ;
#1615 = ORIENTED_EDGE ( 'NONE', *, *, #822, .T. ) ;
#1616 = CARTESIAN_POINT ( 'NONE',  ( 20.00000000000000000, -29.99999999999999289, 30.00000000000000000 ) ) ;
#1617 = VECTOR ( 'NONE', #628, 1000.000000000000000 ) ;
#1618 = FACE_BOUND ( 'NONE', #4024, .T. ) ;
#1619 = VECTOR ( 'NONE', #164, 1000.000000000000000 ) ;
#1620 = VECTOR ( 'NONE', #2459, 1000.000000000000000 ) ;
#1621 = ORIENTED_EDGE ( 'NONE', *, *, #184, .F. ) ;
#1622 = EDGE_CURVE ( 'NONE', #1427, #1282, #366, .T. ) ;
#1623 = DIRECTION ( 'NONE',  ( 1.000000000000000000, 1.734723475976807341E-16, -0.000000000000000000 ) ) ;
#1624 = VECTOR ( 'NONE', #2461, 1000.000000000000000 ) ;
#1625 = CARTESIAN_POINT ( 'NONE',  ( 11.49999999999999645, -28.99999999999999645, 35.00000000000000000 ) ) ;
#1626 = LINE ( 'NONE', #3120, #830 ) ;
#1627 = CARTESIAN_POINT ( 'NONE',  ( -0.8975300090102963368, -0.4969642708567699740, 27.00000000000001066 ) ) ;
#1628 = VECTOR ( 'NONE', #224, 1000.000000000000000 ) ;
#1629 = EDGE_LOOP ( 'NONE', ( #1192, #2075, #2423, #1226 ) ) ;
#1630 = CARTESIAN_POINT ( 'NONE',  ( 10.00000000000000000, -100.2699999999999960, 7.075000000000001066 ) ) ;
#1631 = ORIENTED_EDGE ( 'NONE', *, *, #4760, .F. ) ;
#1632 = EDGE_CURVE ( 'NONE', #2815, #2840, #1056, .T. ) ;
#1633 = CARTESIAN_POINT ( 'NONE',  ( -20.00000000000000000, -29.99999999999999289, 30.00000000000000000 ) ) ;
#1634 = EDGE_CURVE ( 'NONE', #2179, #4718, #4207, .T. ) ;
#1635 = ORIENTED_EDGE ( 'NONE', *, *, #722, .T. ) ;
#1636 = ORIENTED_EDGE ( 'NONE', *, *, #1208, .F. ) ;
#1637 = ORIENTED_EDGE ( 'NONE', *, *, #2247, .T. ) ;
#1638 = DIRECTION ( 'NONE',  ( -1.000000000000000000, 0.000000000000000000, 0.000000000000000000 ) ) ;
#1639 = CARTESIAN_POINT ( 'NONE',  ( 0.000000000000000000, -120.0000000000000000, 19.00000000000001776 ) ) ;
#1640 = LINE ( 'NONE', #4257, #2508 ) ;
#1641 = ORIENTED_EDGE ( 'NONE', *, *, #1657, .T. ) ;
#1642 = ORIENTED_EDGE ( 'NONE', *, *, #44, .F. ) ;
#1643 = DIRECTION ( 'NONE',  ( -0.000000000000000000, -0.000000000000000000, 1.000000000000000000 ) ) ;
#1644 = VECTOR ( 'NONE', #3175, 1000.000000000000000 ) ;
#1645 = CARTESIAN_POINT ( 'NONE',  ( -11.50000000000000355, -28.99999999999999645, -30.00000000000000000 ) ) ;
#1646 = AXIS2_PLACEMENT_3D ( 'NONE', #597, #4617, #3142 ) ;
#1647 = LINE ( 'NONE', #2772, #1310 ) ;
#1648 = EDGE_CURVE ( 'NONE', #4254, #1594, #1199, .T. ) ;
#1649 = DIRECTION ( 'NONE',  ( -0.7071067811865477948, -0.7071067811865473507, 0.000000000000000000 ) ) ;
#1650 = CARTESIAN_POINT ( 'NONE',  ( 0.000000000000000000, 10.00000000000000533, -30.00000000000000000 ) ) ;
#1651 = CIRCLE ( 'NONE', #3062, 1.700000000000008837 ) ;
#1652 = ORIENTED_EDGE ( 'NONE', *, *, #592, .F. ) ;
#1653 = CARTESIAN_POINT ( 'NONE',  ( 17.00000000000003908, -105.3000000000000256, 8.850000000000004974 ) ) ;
#1654 = VERTEX_POINT ( 'NONE', #3427 ) ;
#1655 = EDGE_CURVE ( 'NONE', #2897, #3041, #4581, .T. ) ;
#1656 = LINE ( 'NONE', #902, #1619 ) ;
#1657 = EDGE_CURVE ( 'NONE', #2172, #2840, #787, .T. ) ;
#1658 = ORIENTED_EDGE ( 'NONE', *, *, #2013, .F. ) ;
#1659 = ORIENTED_EDGE ( 'NONE', *, *, #2678, .F. ) ;
#1660 = ORIENTED_EDGE ( 'NONE', *, *, #429, .T. ) ;
#1661 = CARTESIAN_POINT ( 'NONE',  ( 1.646738557269495917, -6.495229568489357952, -50.00000000000000000 ) ) ;
#1662 = CARTESIAN_POINT ( 'NONE',  ( -20.00000000000000000, 19.00000000000002487, 30.00000000000000000 ) ) ;
#1663 = EDGE_CURVE ( 'NONE', #3724, #2179, #2252, .T. ) ;
#1664 = DIRECTION ( 'NONE',  ( 0.7071067811865482389, 0.7071067811865469066, 0.000000000000000000 ) ) ;
#1665 = VECTOR ( 'NONE', #1134, 1000.000000000000000 ) ;
#1666 = ORIENTED_EDGE ( 'NONE', *, *, #1954, .T. ) ;
#1667 = ORIENTED_EDGE ( 'NONE', *, *, #4251, .T. ) ;
#1668 = PLANE ( 'NONE',  #776 ) ;
#1669 = AXIS2_PLACEMENT_3D ( 'NONE', #1376, #1115, #4365 ) ;
#1670 = FACE_OUTER_BOUND ( 'NONE', #3125, .T. ) ;
#1671 = EDGE_CURVE ( 'NONE', #4038, #760, #4558, .T. ) ;
#1672 = CARTESIAN_POINT ( 'NONE',  ( 18.80000000000003979, -105.3000000000000256, -8.850000000000008527 ) ) ;
#1673 = DIRECTION ( 'NONE',  ( -0.000000000000000000, -6.938893903907258354E-15, 1.000000000000000000 ) ) ;
#1674 = CARTESIAN_POINT ( 'NONE',  ( -14.00000000000000178, -21.50000000000000000, -26.99999999999999645 ) ) ;
#1675 = CARTESIAN_POINT ( 'NONE',  ( 15.24522956848995214, 10.39673855726952389, -27.00000000000000000 ) ) ;
#1676 = CARTESIAN_POINT ( 'NONE',  ( -10.99999999999995737, -46.49999999999999289, 27.00000000000000355 ) ) ;
#1677 = ORIENTED_EDGE ( 'NONE', *, *, #3361, .T. ) ;
#1678 = DIRECTION ( 'NONE',  ( -0.000000000000000000, -1.000000000000000000, -0.000000000000000000 ) ) ;
#1679 = VERTEX_POINT ( 'NONE', #80 ) ;
#1680 = ADVANCED_FACE ( 'NONE', ( #1587 ), #393, .F. ) ;
#1681 = ORIENTED_EDGE ( 'NONE', *, *, #4018, .T. ) ;
#1682 = ORIENTED_EDGE ( 'NONE', *, *, #1143, .F. ) ;
#1683 = CARTESIAN_POINT ( 'NONE',  ( 10.00000000000000000, -50.84999999999999432, 4.924999999999998934 ) ) ;
#1684 = CARTESIAN_POINT ( 'NONE',  ( -14.00000000000000178, -21.50000000000000000, -30.00000000000000000 ) ) ;
#1685 = CARTESIAN_POINT ( 'NONE',  ( 3.000000000000000888, -115.9999999999999858, -30.00000000000000000 ) ) ;
#1686 = EDGE_LOOP ( 'NONE', ( #2698, #2560, #3366, #4551 ) ) ;
#1687 = ORIENTED_EDGE ( 'NONE', *, *, #499, .F. ) ;
#1688 = CARTESIAN_POINT ( 'NONE',  ( -10.99999999999995737, -43.49999999999999289, -27.00000000000001421 ) ) ;
#1689 = CIRCLE ( 'NONE', #3169, 1.150000000000011235 ) ;
#1690 = CARTESIAN_POINT ( 'NONE',  ( 0.3967385572695156237, -6.495229568489357952, -50.00000000000000000 ) ) ;
#1691 = AXIS2_PLACEMENT_3D ( 'NONE', #2235, #4438, #772 ) ;
#1692 = EDGE_CURVE ( 'NONE', #4320, #3824, #3106, .T. ) ;
#1693 = VECTOR ( 'NONE', #1522, 1000.000000000000000 ) ;
#1694 = DIRECTION ( 'NONE',  ( 1.000000000000000000, -0.000000000000000000, -0.000000000000000000 ) ) ;
#1695 = CARTESIAN_POINT ( 'NONE',  ( 20.00000000000000000, -100.2699999999999960, 2.774999999999996803 ) ) ;
#1696 = DIRECTION ( 'NONE',  ( -1.000000000000000000, 0.000000000000000000, 0.000000000000000000 ) ) ;
#1697 = CARTESIAN_POINT ( 'NONE',  ( -15.24522956848878152, 9.603261442730490316, -50.00000000000000000 ) ) ;
#1698 = CIRCLE ( 'NONE', #2329, 1.649999999999998579 ) ;
#1699 = VECTOR ( 'NONE', #2144, 1000.000000000000000 ) ;
#1700 = DIRECTION ( 'NONE',  ( -0.000000000000000000, -0.000000000000000000, -1.000000000000000000 ) ) ;
#1701 = AXIS2_PLACEMENT_3D ( 'NONE', #1390, #895, #2042 ) ;
#1702 = DIRECTION ( 'NONE',  ( 0.000000000000000000, 0.000000000000000000, -1.000000000000000000 ) ) ;
#1703 = ORIENTED_EDGE ( 'NONE', *, *, #1301, .F. ) ;
#1704 = CARTESIAN_POINT ( 'NONE',  ( -14.00000000000000355, -26.50000000000000355, 35.00000000000000000 ) ) ;
#1705 = AXIS2_PLACEMENT_3D ( 'NONE', #3268, #4076, #2585 ) ;
#1706 = ORIENTED_EDGE ( 'NONE', *, *, #2818, .F. ) ;
#1707 = VERTEX_POINT ( 'NONE', #3770 ) ;
#1708 = CIRCLE ( 'NONE', #2338, 1.700000000000008837 ) ;
#1709 = DIRECTION ( 'NONE',  ( 0.000000000000000000, 0.000000000000000000, -1.000000000000000000 ) ) ;
#1710 = LINE ( 'NONE', #3570, #2933 ) ;
#1711 = EDGE_CURVE ( 'NONE', #629, #33, #2927, .T. ) ;
#1712 = EDGE_CURVE ( 'NONE', #1976, #2030, #2715, .T. ) ;
#1713 = CARTESIAN_POINT ( 'NONE',  ( 9.000000000000017764, 30.00000000000000711, 30.00000000000000000 ) ) ;
#1714 = ORIENTED_EDGE ( 'NONE', *, *, #3099, .F. ) ;
#1715 = AXIS2_PLACEMENT_3D ( 'NONE', #132, #1598, #504 ) ;
#1716 = ORIENTED_EDGE ( 'NONE', *, *, #952, .F. ) ;
#1717 = FACE_OUTER_BOUND ( 'NONE', #3281, .T. ) ;
#1718 = CARTESIAN_POINT ( 'NONE',  ( -13.99999999999999645, -78.99999999999998579, -27.00000000000000000 ) ) ;
#1719 = EDGE_CURVE ( 'NONE', #1737, #2129, #126, .T. ) ;
#1720 = ORIENTED_EDGE ( 'NONE', *, *, #1261, .F. ) ;
#1721 = VECTOR ( 'NONE', #2512, 1000.000000000000000 ) ;
#1722 = EDGE_CURVE ( 'NONE', #959, #2642, #4264, .T. ) ;
#1723 = MANIFOLD_SOLID_BREP ( '\X2\52079664\X0\-\X2\62c94f38\X0\15', #3345 ) ;
#1724 = CARTESIAN_POINT ( 'NONE',  ( 11.49999999999999645, -19.00000000000000355, -30.00000000000000000 ) ) ;
#1725 = EDGE_CURVE ( 'NONE', #659, #1935, #4506, .T. ) ;
#1726 = DIRECTION ( 'NONE',  ( 1.000000000000000000, 0.000000000000000000, 0.000000000000000000 ) ) ;
#1727 = DIRECTION ( 'NONE',  ( -1.000000000000000000, 0.000000000000000000, 0.000000000000000000 ) ) ;
#1728 = LINE ( 'NONE', #647, #207 ) ;
#1729 = ORIENTED_EDGE ( 'NONE', *, *, #4801, .T. ) ;
#1730 = FACE_BOUND ( 'NONE', #2466, .T. ) ;
#1731 = AXIS2_PLACEMENT_3D ( 'NONE', #4361, #1524, #2987 ) ;
#1732 = VERTEX_POINT ( 'NONE', #421 ) ;
#1733 = ORIENTED_EDGE ( 'NONE', *, *, #3398, .F. ) ;
#1734 = DIRECTION ( 'NONE',  ( 1.000000000000000000, 0.000000000000000000, 0.000000000000000000 ) ) ;
#1735 = CARTESIAN_POINT ( 'NONE',  ( 17.00000000000003908, -105.3000000000000256, 10.84999999999999609 ) ) ;
#1736 = DIRECTION ( 'NONE',  ( 0.000000000000000000, 6.938893903907258354E-15, -1.000000000000000000 ) ) ;
#1737 = VERTEX_POINT ( 'NONE', #2717 ) ;
#1738 = ORIENTED_EDGE ( 'NONE', *, *, #3715, .F. ) ;
#1739 = PLANE ( 'NONE',  #3266 ) ;
#1740 = ADVANCED_FACE ( 'NONE', ( #2648 ), #3821, .F. ) ;
#1741 = FACE_OUTER_BOUND ( 'NONE', #1980, .T. ) ;
#1742 = VERTEX_POINT ( 'NONE', #3131 ) ;
#1743 = ORIENTED_EDGE ( 'NONE', *, *, #1933, .F. ) ;
#1744 = VECTOR ( 'NONE', #2822, 1000.000000000000000 ) ;
#1745 = ADVANCED_FACE ( 'NONE', ( #2696 ), #1913, .T. ) ;
#1746 = PLANE ( 'NONE',  #4322 ) ;
#1747 = DIRECTION ( 'NONE',  ( 1.000000000000000000, -0.000000000000000000, -0.000000000000000000 ) ) ;
#1748 = DIRECTION ( 'NONE',  ( -1.000000000000000000, 0.000000000000000000, 0.000000000000000000 ) ) ;
#1749 = ORIENTED_EDGE ( 'NONE', *, *, #4017, .F. ) ;
#1750 = LINE ( 'NONE', #2191, #4672 ) ;
#1751 = VERTEX_POINT ( 'NONE', #3403 ) ;
#1752 = DIRECTION ( 'NONE',  ( 0.000000000000000000, -1.000000000000000000, 3.553048083325977965E-15 ) ) ;
#1753 = EDGE_CURVE ( 'NONE', #1732, #1992, #58, .T. ) ;
#1754 = EDGE_LOOP ( 'NONE', ( #1738, #2682 ) ) ;
#1755 = FACE_BOUND ( 'NONE', #1564, .T. ) ;
#1756 = CARTESIAN_POINT ( 'NONE',  ( -20.00000000000000000, 19.00000000000002487, 27.00000000000000355 ) ) ;
#1757 = FACE_OUTER_BOUND ( 'NONE', #3744, .T. ) ;
#1758 = AXIS2_PLACEMENT_3D ( 'NONE', #2620, #1025, #1494 ) ;
#1759 = ORIENTED_EDGE ( 'NONE', *, *, #1122, .F. ) ;
#1760 = VERTEX_POINT ( 'NONE', #1985 ) ;
#1761 = FACE_OUTER_BOUND ( 'NONE', #3568, .T. ) ;
#1762 = DIRECTION ( 'NONE',  ( -0.000000000000000000, 1.000000000000000000, -1.045014142154684459E-15 ) ) ;
#1763 = CIRCLE ( 'NONE', #593, 1.250000000000021094 ) ;
#1764 = FACE_OUTER_BOUND ( 'NONE', #3803, .T. ) ;
#1765 = ORIENTED_EDGE ( 'NONE', *, *, #131, .T. ) ;
#1766 = AXIS2_PLACEMENT_3D ( 'NONE', #4606, #815, #2304 ) ;
#1767 = ORIENTED_EDGE ( 'NONE', *, *, #4415, .T. ) ;
#1768 = CARTESIAN_POINT ( 'NONE',  ( -9.500000000000001776, -69.99999999999998579, -30.00000000000000000 ) ) ;
#1769 = CARTESIAN_POINT ( 'NONE',  ( 18.80000000000003979, -105.3000000000000540, -10.85000000000000142 ) ) ;
#1770 = EDGE_CURVE ( 'NONE', #1794, #2828, #909, .T. ) ;
#1771 = AXIS2_PLACEMENT_3D ( 'NONE', #4468, #1111, #2606 ) ;
#1772 = CARTESIAN_POINT ( 'NONE',  ( 0.2524699909896935268, -0.4969642708567700851, -30.00000000000000000 ) ) ;
#1773 = EDGE_LOOP ( 'NONE', ( #2903, #4082, #724, #40 ) ) ;
#1774 = CARTESIAN_POINT ( 'NONE',  ( -15.70000000000000639, -88.99999999999998579, -30.00000000000000000 ) ) ;
#1775 = AXIS2_PLACEMENT_3D ( 'NONE', #2664, #4530, #3766 ) ;
#1776 = DIRECTION ( 'NONE',  ( -1.000000000000000000, -0.000000000000000000, -0.000000000000000000 ) ) ;
#1777 = EDGE_LOOP ( 'NONE', ( #4179, #913 ) ) ;
#1778 = LINE ( 'NONE', #4000, #3036 ) ;
#1779 = EDGE_CURVE ( 'NONE', #281, #3421, #791, .T. ) ;
#1780 = ORIENTED_EDGE ( 'NONE', *, *, #1922, .T. ) ;
#1781 = FACE_BOUND ( 'NONE', #508, .T. ) ;
#1782 = DIRECTION ( 'NONE',  ( 1.000000000000000000, 0.000000000000000000, 0.000000000000000000 ) ) ;
#1783 = AXIS2_PLACEMENT_3D ( 'NONE', #2806, #2732, #946 ) ;
#1784 = ADVANCED_FACE ( 'NONE', ( #837 ), #121, .F. ) ;
#1785 = DIRECTION ( 'NONE',  ( 0.000000000000000000, 0.000000000000000000, -1.000000000000000000 ) ) ;
#1786 = VERTEX_POINT ( 'NONE', #1939 ) ;
#1787 = VERTEX_POINT ( 'NONE', #1543 ) ;
#1788 = DIRECTION ( 'NONE',  ( -1.000000000000000000, 0.000000000000000000, 0.000000000000000000 ) ) ;
#1789 = VECTOR ( 'NONE', #3353, 1000.000000000000000 ) ;
#1790 = CARTESIAN_POINT ( 'NONE',  ( 17.00000000000003908, -105.3000000000000540, -10.85000000000000142 ) ) ;
#1791 = LINE ( 'NONE', #4012, #4579 ) ;
#1792 = CARTESIAN_POINT ( 'NONE',  ( -9.346964270856195967, 9.747530009010310081, 30.00000000000000000 ) ) ;
#1793 = EDGE_LOOP ( 'NONE', ( #3480, #1839, #2924, #2845, #4059, #3635, #3032, #1455 ) ) ;
#1794 = VERTEX_POINT ( 'NONE', #4183 ) ;
#1795 = LINE ( 'NONE', #3283, #1744 ) ;
#1796 = ADVANCED_FACE ( 'NONE', ( #2740 ), #515, .F. ) ;
#1797 = CARTESIAN_POINT ( 'NONE',  ( -10.49696427085677897, 9.747530009010310081, 30.00000000000000000 ) ) ;
#1798 = ORIENTED_EDGE ( 'NONE', *, *, #2315, .T. ) ;
#1799 = LINE ( 'NONE', #1845, #2945 ) ;
#1800 = CARTESIAN_POINT ( 'NONE',  ( -16.49522956848936772, 9.603261442730490316, -50.00000000000000000 ) ) ;
#1801 = ORIENTED_EDGE ( 'NONE', *, *, #278, .F. ) ;
#1802 = CARTESIAN_POINT ( 'NONE',  ( 18.80000000000003979, -97.00000000000000000, -8.850000000000003197 ) ) ;
#1803 = ADVANCED_FACE ( 'NONE', ( #1223 ), #1154, .F. ) ;
#1804 = EDGE_LOOP ( 'NONE', ( #1262, #4652, #391, #1372 ) ) ;
#1805 = AXIS2_PLACEMENT_3D ( 'NONE', #922, #2022, #1726 ) ;
#1806 = DIRECTION ( 'NONE',  ( -0.000000000000000000, -0.000000000000000000, 1.000000000000000000 ) ) ;
#1807 = CYLINDRICAL_SURFACE ( 'NONE', #2158, 1.149999999999417044 ) ;
#1808 = DIRECTION ( 'NONE',  ( 1.000000000000000000, -0.000000000000000000, -0.000000000000000000 ) ) ;
#1809 = ORIENTED_EDGE ( 'NONE', *, *, #1971, .F. ) ;
#1810 = VECTOR ( 'NONE', #4348, 1000.000000000000000 ) ;
#1811 = ORIENTED_EDGE ( 'NONE', *, *, #1507, .F. ) ;
#1812 = CARTESIAN_POINT ( 'NONE',  ( -20.00000000000000000, 19.00000000000002487, 30.00000000000000000 ) ) ;
#1813 = EDGE_CURVE ( 'NONE', #268, #197, #866, .T. ) ;
#1814 = CARTESIAN_POINT ( 'NONE',  ( 4.650000000000000355, -115.9999999999999858, -62.00000000000000000 ) ) ;
#1815 = CARTESIAN_POINT ( 'NONE',  ( -0.8532614427304645588, -6.495229568489357952, -50.00000000000000000 ) ) ;
#1816 = PLANE ( 'NONE',  #602 ) ;
#1817 = ORIENTED_EDGE ( 'NONE', *, *, #495, .F. ) ;
#1818 = ORIENTED_EDGE ( 'NONE', *, *, #1417, .F. ) ;
#1819 = CARTESIAN_POINT ( 'NONE',  ( -11.50000000000000355, -28.99999999999999645, 35.00000000000000000 ) ) ;
#1820 = EDGE_CURVE ( 'NONE', #4114, #3306, #3412, .T. ) ;
#1821 = FACE_OUTER_BOUND ( 'NONE', #1051, .T. ) ;
#1822 = CIRCLE ( 'NONE', #1117, 1.250000000000021094 ) ;
#1823 = VERTEX_POINT ( 'NONE', #3453 ) ;
#1824 = VECTOR ( 'NONE', #3852, 1000.000000000000000 ) ;
#1825 = DIRECTION ( 'NONE',  ( 0.000000000000000000, -2.717036769602217933E-15, -1.000000000000000000 ) ) ;
#1826 = ORIENTED_EDGE ( 'NONE', *, *, #1940, .T. ) ;
#1827 = DIRECTION ( 'NONE',  ( 0.000000000000000000, 0.000000000000000000, 1.000000000000000000 ) ) ;
#1828 = EDGE_LOOP ( 'NONE', ( #4710, #2594, #2713, #2231 ) ) ;
#1829 = DIRECTION ( 'NONE',  ( -1.000000000000000000, 0.000000000000000000, 0.000000000000000000 ) ) ;
#1830 = PLANE ( 'NONE',  #3463 ) ;
#1831 = DIRECTION ( 'NONE',  ( 0.000000000000000000, 0.000000000000000000, -1.000000000000000000 ) ) ;
#1832 = EDGE_CURVE ( 'NONE', #1107, #854, #3081, .T. ) ;
#1833 = VERTEX_POINT ( 'NONE', #2376 ) ;
#1834 = ORIENTED_EDGE ( 'NONE', *, *, #3297, .T. ) ;
#1835 = DIRECTION ( 'NONE',  ( -0.000000000000000000, -0.000000000000000000, 1.000000000000000000 ) ) ;
#1836 = CARTESIAN_POINT ( 'NONE',  ( 1.402469990989683168, -0.4969642708567700851, -50.00000000000000000 ) ) ;
#1837 = CARTESIAN_POINT ( 'NONE',  ( 0.8975300090103164319, 20.49696427085678252, -30.00000000000000000 ) ) ;
#1838 = ORIENTED_EDGE ( 'NONE', *, *, #360, .T. ) ;
#1839 = ORIENTED_EDGE ( 'NONE', *, *, #3727, .T. ) ;
#1840 = CARTESIAN_POINT ( 'NONE',  ( 17.00000000000000000, -120.0000000000000000, 19.00000000000001776 ) ) ;
#1841 = CARTESIAN_POINT ( 'NONE',  ( 10.00000000000000000, -50.84999999999999432, -4.924999999999998934 ) ) ;
#1842 = AXIS2_PLACEMENT_3D ( 'NONE', #3673, #316, #2352 ) ;
#1843 = EDGE_CURVE ( 'NONE', #4345, #2124, #4232, .T. ) ;
#1844 = EDGE_LOOP ( 'NONE', ( #2600, #2166, #3298, #3991 ) ) ;
#1845 = CARTESIAN_POINT ( 'NONE',  ( 18.80000000000003979, -105.3000000000000540, -10.85000000000000142 ) ) ;
#1846 = VECTOR ( 'NONE', #1553, 1000.000000000000000 ) ;
#1847 = DIRECTION ( 'NONE',  ( -1.000000000000000000, 0.000000000000000000, 0.000000000000000000 ) ) ;
#1848 = EDGE_LOOP ( 'NONE', ( #3055, #998, #3494, #2832, #1508, #4536 ) ) ;
#1849 = VECTOR ( 'NONE', #1324, 1000.000000000000114 ) ;
#1850 = ORIENTED_EDGE ( 'NONE', *, *, #109, .T. ) ;
#1851 = FACE_BOUND ( 'NONE', #188, .T. ) ;
#1852 = FACE_OUTER_BOUND ( 'NONE', #954, .T. ) ;
#1853 = CARTESIAN_POINT ( 'NONE',  ( -1.402469990989706039, 20.49696427085678252, -50.00000000000000000 ) ) ;
#1854 = ORIENTED_EDGE ( 'NONE', *, *, #857, .F. ) ;
#1855 = VERTEX_POINT ( 'NONE', #3499 ) ;
#1856 = CARTESIAN_POINT ( 'NONE',  ( 0.8975300090103164319, 20.49696427085678252, 30.00000000000000000 ) ) ;
#1857 = CARTESIAN_POINT ( 'NONE',  ( 18.80000000000003979, -105.3000000000000256, 10.84999999999999609 ) ) ;
#1858 = AXIS2_PLACEMENT_3D ( 'NONE', #855, #461, #435 ) ;
#1859 = VECTOR ( 'NONE', #1521, 1000.000000000000000 ) ;
#1860 = EDGE_CURVE ( 'NONE', #3825, #2896, #443, .T. ) ;
#1861 = CARTESIAN_POINT ( 'NONE',  ( 7.000000000000000888, -102.0000000000000000, 15.00000000000000000 ) ) ;
#1862 = FACE_OUTER_BOUND ( 'NONE', #2136, .T. ) ;
#1863 = DIRECTION ( 'NONE',  ( 0.000000000000000000, 0.000000000000000000, -1.000000000000000000 ) ) ;
#1864 = CIRCLE ( 'NONE', #2258, 2.150000000000002576 ) ;
#1865 = VERTEX_POINT ( 'NONE', #3224 ) ;
#1866 = ORIENTED_EDGE ( 'NONE', *, *, #730, .T. ) ;
#1867 = CARTESIAN_POINT ( 'NONE',  ( -1.699999999999999956, 10.00000000000000533, 30.00000000000000000 ) ) ;
#1868 = ADVANCED_FACE ( 'NONE', ( #1291 ), #4347, .F. ) ;
#1869 = DIRECTION ( 'NONE',  ( 1.000000000000000000, 0.000000000000000000, 0.000000000000000000 ) ) ;
#1870 = DIRECTION ( 'NONE',  ( 0.000000000000000000, 0.000000000000000000, -1.000000000000000000 ) ) ;
#1871 = EDGE_CURVE ( 'NONE', #4413, #3916, #4716, .T. ) ;
#1872 = CARTESIAN_POINT ( 'NONE',  ( 17.00000000000000000, -100.2699999999999960, -7.075000000000001066 ) ) ;
#1873 = LINE ( 'NONE', #3363, #2730 ) ;
#1874 = CARTESIAN_POINT ( 'NONE',  ( -64.50000000000001421, -64.49999999999982947, -30.00000000000000000 ) ) ;
#1875 = CYLINDRICAL_SURFACE ( 'NONE', #3930, 1.649999999999998579 ) ;
#1876 = ORIENTED_EDGE ( 'NONE', *, *, #3042, .T. ) ;
#1877 = FACE_OUTER_BOUND ( 'NONE', #640, .T. ) ;
#1878 = AXIS2_PLACEMENT_3D ( 'NONE', #4762, #1405, #4450 ) ;
#1879 = EDGE_LOOP ( 'NONE', ( #3700, #3885, #4002, #1614 ) ) ;
#1880 = CARTESIAN_POINT ( 'NONE',  ( 11.35000000000000320, -115.9999999999999858, -30.00000000000000000 ) ) ;
#1881 = DIRECTION ( 'NONE',  ( -0.000000000000000000, -0.000000000000000000, 1.000000000000000000 ) ) ;
#1882 = FACE_OUTER_BOUND ( 'NONE', #3493, .T. ) ;
#1883 = VERTEX_POINT ( 'NONE', #2425 ) ;
#1884 = ORIENTED_EDGE ( 'NONE', *, *, #2941, .T. ) ;
#1885 = PLANE ( 'NONE',  #3662 ) ;
#1886 = DIRECTION ( 'NONE',  ( -0.000000000000000000, -0.000000000000000000, 1.000000000000000000 ) ) ;
#1887 = CARTESIAN_POINT ( 'NONE',  ( -11.50000000000000533, -19.00000000000000355, 35.00000000000000000 ) ) ;
#1888 = CARTESIAN_POINT ( 'NONE',  ( 13.99999999999999645, -26.50000000000000355, 35.00000000000000000 ) ) ;
#1889 = VECTOR ( 'NONE', #3133, 1000.000000000000000 ) ;
#1890 = ORIENTED_EDGE ( 'NONE', *, *, #547, .F. ) ;
#1891 = EDGE_CURVE ( 'NONE', #305, #1398, #2492, .T. ) ;
#1892 = ORIENTED_EDGE ( 'NONE', *, *, #1323, .T. ) ;
#1893 = DIRECTION ( 'NONE',  ( 0.000000000000000000, 0.000000000000000000, 1.000000000000000000 ) ) ;
#1894 = DIRECTION ( 'NONE',  ( 0.000000000000000000, 0.000000000000000000, 1.000000000000000000 ) ) ;
#1895 = DIRECTION ( 'NONE',  ( 1.000000000000000000, -0.000000000000000000, -0.000000000000000000 ) ) ;
#1896 = ADVANCED_FACE ( 'NONE', ( #3202 ), #3888, .F. ) ;
#1897 = DIRECTION ( 'NONE',  ( -0.7071067811865469066, -0.7071067811865482389, 0.000000000000000000 ) ) ;
#1898 = DIRECTION ( 'NONE',  ( -0.000000000000000000, -0.000000000000000000, -1.000000000000000000 ) ) ;
#1899 = DIRECTION ( 'NONE',  ( -0.000000000000000000, -0.000000000000000000, -1.000000000000000000 ) ) ;
#1900 = AXIS2_PLACEMENT_3D ( 'NONE', #3629, #4410, #3973 ) ;
#1901 = FACE_OUTER_BOUND ( 'NONE', #2059, .T. ) ;
#1902 = ORIENTED_EDGE ( 'NONE', *, *, #3926, .T. ) ;
#1903 = FACE_BOUND ( 'NONE', #4213, .T. ) ;
#1904 = VECTOR ( 'NONE', #1191, 1000.000000000000000 ) ;
#1905 = ORIENTED_EDGE ( 'NONE', *, *, #4379, .T. ) ;
#1906 = DIRECTION ( 'NONE',  ( 0.000000000000000000, 0.000000000000000000, -1.000000000000000000 ) ) ;
#1907 = DIRECTION ( 'NONE',  ( 0.000000000000000000, 3.469446951953601961E-15, 1.000000000000000000 ) ) ;
#1908 = EDGE_CURVE ( 'NONE', #1936, #2954, #1710, .T. ) ;
#1909 = ORIENTED_EDGE ( 'NONE', *, *, #2132, .T. ) ;
#1910 = VERTEX_POINT ( 'NONE', #1756 ) ;
#1911 = SURFACE_SIDE_STYLE ('',( #2276 ) ) ;
#1912 = CARTESIAN_POINT ( 'NONE',  ( 17.00000000000004619, -34.99999999999999289, 47.22374841615668828 ) ) ;
#1913 = PLANE ( 'NONE',  #516 ) ;
#1914 = DIRECTION ( 'NONE',  ( -1.000000000000000000, -0.000000000000000000, -0.000000000000000000 ) ) ;
#1915 = EDGE_LOOP ( 'NONE', ( #536, #3999, #2861, #1621 ) ) ;
#1916 = ORIENTED_EDGE ( 'NONE', *, *, #3217, .T. ) ;
#1917 = DIRECTION ( 'NONE',  ( 1.000000000000000000, 0.000000000000000000, 0.000000000000000000 ) ) ;
#1918 = CARTESIAN_POINT ( 'NONE',  ( -19.99999999999999645, -49.99999999999997868, 27.00000000000000355 ) ) ;
#1919 = DIRECTION ( 'NONE',  ( 1.000000000000000000, -0.000000000000000000, -0.000000000000000000 ) ) ;
#1920 = DIRECTION ( 'NONE',  ( 0.000000000000000000, 0.000000000000000000, 1.000000000000000000 ) ) ;
#1921 = VECTOR ( 'NONE', #1983, 1000.000000000000000 ) ;
#1922 = EDGE_CURVE ( 'NONE', #4718, #3172, #4650, .T. ) ;
#1923 = LINE ( 'NONE', #3048, #2331 ) ;
#1924 = ADVANCED_FACE ( 'NONE', ( #631 ), #3546, .F. ) ;
#1925 = FACE_OUTER_BOUND ( 'NONE', #2447, .T. ) ;
#1926 = ORIENTED_EDGE ( 'NONE', *, *, #2605, .F. ) ;
#1927 = DIRECTION ( 'NONE',  ( -1.000000000000000000, 0.000000000000000000, 0.000000000000000000 ) ) ;
#1928 = AXIS2_PLACEMENT_3D ( 'NONE', #1963, #3059, #2327 ) ;
#1929 = ORIENTED_EDGE ( 'NONE', *, *, #3392, .T. ) ;
#1930 = VECTOR ( 'NONE', #2552, 1000.000000000000000 ) ;
#1931 = CYLINDRICAL_SURFACE ( 'NONE', #1155, 1.150000000000582778 ) ;
#1932 = DIRECTION ( 'NONE',  ( -0.7071067811865473507, -0.7071067811865477948, 0.000000000000000000 ) ) ;
#1933 = EDGE_CURVE ( 'NONE', #2964, #2296, #995, .T. ) ;
#1934 = AXIS2_PLACEMENT_3D ( 'NONE', #2621, #3675, #2227 ) ;
#1935 = VERTEX_POINT ( 'NONE', #2851 ) ;
#1936 = VERTEX_POINT ( 'NONE', #3594 ) ;
#1937 =( NAMED_UNIT ( * ) SI_UNIT ( $, .STERADIAN. ) SOLID_ANGLE_UNIT ( ) );
#1938 = PLANE ( 'NONE',  #3831 ) ;
#1939 = CARTESIAN_POINT ( 'NONE',  ( 20.00000000000004263, -34.99999999999999289, 27.00000000000001066 ) ) ;
#1940 = EDGE_CURVE ( 'NONE', #2036, #3845, #4328, .T. ) ;
#1941 = AXIS2_PLACEMENT_3D ( 'NONE', #4667, #1312, #2001 ) ;
#1942 = FACE_OUTER_BOUND ( 'NONE', #355, .T. ) ;
#1943 = VECTOR ( 'NONE', #3661, 1000.000000000000000 ) ;
#1944 = ORIENTED_EDGE ( 'NONE', *, *, #344, .T. ) ;
#1945 = VERTEX_POINT ( 'NONE', #1357 ) ;
#1946 = CARTESIAN_POINT ( 'NONE',  ( -10.99999999999995737, -46.49999999999999289, -27.00000000000001066 ) ) ;
#1947 = VECTOR ( 'NONE', #801, 1000.000000000000000 ) ;
#1948 = VECTOR ( 'NONE', #208, 1000.000000000000000 ) ;
#1949 = ORIENTED_EDGE ( 'NONE', *, *, #2548, .T. ) ;
#1950 = CARTESIAN_POINT ( 'NONE',  ( 18.80000000000003979, -54.99999999999999289, -10.84999999999996412 ) ) ;
#1951 = DIRECTION ( 'NONE',  ( -0.7071067811865483499, 0.7071067811865467956, 0.000000000000000000 ) ) ;
#1952 = EDGE_LOOP ( 'NONE', ( #2060, #1150 ) ) ;
#1953 = CYLINDRICAL_SURFACE ( 'NONE', #3968, 1.149999999999989697 ) ;
#1954 = EDGE_CURVE ( 'NONE', #2544, #1609, #4266, .T. ) ;
#1955 = ORIENTED_EDGE ( 'NONE', *, *, #4559, .F. ) ;
#1956 = DIRECTION ( 'NONE',  ( 1.000000000000000000, 0.000000000000000000, 0.000000000000000000 ) ) ;
#1957 = VECTOR ( 'NONE', #4697, 1000.000000000000000 ) ;
#1958 = VERTEX_POINT ( 'NONE', #1684 ) ;
#1959 = EDGE_CURVE ( 'NONE', #328, #760, #1689, .T. ) ;
#1960 = VERTEX_POINT ( 'NONE', #3154 ) ;
#1961 = PRESENTATION_STYLE_ASSIGNMENT (( #56 ) ) ;
#1962 = CARTESIAN_POINT ( 'NONE',  ( -15.24522956848878152, 9.603261442730490316, -30.00000000000000000 ) ) ;
#1963 = CARTESIAN_POINT ( 'NONE',  ( 17.00000000000004974, -50.84999999999999432, 14.77499999999999858 ) ) ;
#1964 = PRODUCT_DEFINITION ( 'ๆ', '', #542, #351 ) ;
#1965 = LINE ( 'NONE', #2765, #797 ) ;
#1966 = ORIENTED_EDGE ( 'NONE', *, *, #947, .T. ) ;
#1967 = EDGE_LOOP ( 'NONE', ( #292, #3932, #4390, #2101 ) ) ;
#1968 = DIRECTION ( 'NONE',  ( 0.000000000000000000, 0.000000000000000000, 1.000000000000000000 ) ) ;
#1969 = CARTESIAN_POINT ( 'NONE',  ( 17.00000000000003908, -105.3000000000000540, -10.85000000000000142 ) ) ;
#1970 = VECTOR ( 'NONE', #1568, 1000.000000000000000 ) ;
#1971 = EDGE_CURVE ( 'NONE', #2896, #3825, #1058, .T. ) ;
#1972 = VECTOR ( 'NONE', #2220, 1000.000000000000000 ) ;
#1973 = LINE ( 'NONE', #3871, #219 ) ;
#1974 = DIRECTION ( 'NONE',  ( 0.000000000000000000, 1.000000000000000000, -0.000000000000000000 ) ) ;
#1975 = DIRECTION ( 'NONE',  ( -0.000000000000000000, 1.000000000000000000, -2.090028284309398501E-15 ) ) ;
#1976 = VERTEX_POINT ( 'NONE', #4304 ) ;
#1977 = CARTESIAN_POINT ( 'NONE',  ( 11.64696427085619668, 10.25246999098970235, -50.00000000000000000 ) ) ;
#1978 = EDGE_LOOP ( 'NONE', ( #606, #3736, #2463, #3056, #4564, #4835, #4134, #2573 ) ) ;
#1979 = CARTESIAN_POINT ( 'NONE',  ( -1.402469990989706039, 20.49696427085678252, 30.00000000000000000 ) ) ;
#1980 = EDGE_LOOP ( 'NONE', ( #3267, #4433, #759, #3981 ) ) ;
#1981 = VECTOR ( 'NONE', #1919, 1000.000000000000000 ) ;
#1982 = ORIENTED_EDGE ( 'NONE', *, *, #2583, .F. ) ;
#1983 = DIRECTION ( 'NONE',  ( -1.000000000000000000, -0.000000000000000000, -0.000000000000000000 ) ) ;
#1984 = DIRECTION ( 'NONE',  ( 1.000000000000000000, 0.000000000000000000, 0.000000000000000000 ) ) ;
#1985 = CARTESIAN_POINT ( 'NONE',  ( 17.00000000000000000, -97.00000000000000000, -27.00000000000000000 ) ) ;
#1986 = EDGE_CURVE ( 'NONE', #2868, #2954, #3563, .T. ) ;
#1987 = LINE ( 'NONE', #889, #558 ) ;
#1988 = ORIENTED_EDGE ( 'NONE', *, *, #2702, .F. ) ;
#1989 = EDGE_LOOP ( 'NONE', ( #1470, #2731, #2282, #72 ) ) ;
#1990 = DIRECTION ( 'NONE',  ( -1.000000000000000000, 0.000000000000000000, -0.000000000000000000 ) ) ;
#1991 = FACE_BOUND ( 'NONE', #1518, .T. ) ;
#1992 = VERTEX_POINT ( 'NONE', #1339 ) ;
#1993 = EDGE_CURVE ( 'NONE', #1061, #1883, #956, .T. ) ;
#1994 = CARTESIAN_POINT ( 'NONE',  ( 17.00000000000003908, -46.69999999999984652, 1.000000000000020872 ) ) ;
#1995 = FACE_OUTER_BOUND ( 'NONE', #4177, .T. ) ;
#1996 = ADVANCED_FACE ( 'NONE', ( #2126 ), #3617, .F. ) ;
#1997 = PLANE ( 'NONE',  #2688 ) ;
#1998 = VERTEX_POINT ( 'NONE', #608 ) ;
#1999 = CARTESIAN_POINT ( 'NONE',  ( 1.000000000000000888, -80.99999999999998579, 15.00000000000000000 ) ) ;
#2000 = EDGE_LOOP ( 'NONE', ( #3769, #4480, #3382, #467 ) ) ;
#2001 = DIRECTION ( 'NONE',  ( 1.000000000000000000, 0.000000000000000000, 0.000000000000000000 ) ) ;
#2002 = AXIS2_PLACEMENT_3D ( 'NONE', #1246, #1179, #101 ) ;
#2003 = VERTEX_POINT ( 'NONE', #708 ) ;
#2004 = ORIENTED_EDGE ( 'NONE', *, *, #1129, .T. ) ;
#2005 = ORIENTED_EDGE ( 'NONE', *, *, #1122, .T. ) ;
#2006 = CARTESIAN_POINT ( 'NONE',  ( 10.49696427085677897, 10.25246999098970235, 27.00000000000001066 ) ) ;
#2007 = CARTESIAN_POINT ( 'NONE',  ( 20.00000000000000000, -49.99999999999997868, -27.00000000000000000 ) ) ;
#2008 = VECTOR ( 'NONE', #108, 1000.000000000000000 ) ;
#2009 = CARTESIAN_POINT ( 'NONE',  ( 20.00000000000000000, -50.84999999999999432, -16.92499999999999716 ) ) ;
#2010 = ORIENTED_EDGE ( 'NONE', *, *, #2069, .T. ) ;
#2011 = ORIENTED_EDGE ( 'NONE', *, *, #3790, .F. ) ;
#2012 = FACE_BOUND ( 'NONE', #937, .T. ) ;
#2013 = EDGE_CURVE ( 'NONE', #4454, #510, #3642, .T. ) ;
#2014 = FACE_BOUND ( 'NONE', #244, .T. ) ;
#2015 = CIRCLE ( 'NONE', #136, 1.699999999999999956 ) ;
#2016 = VECTOR ( 'NONE', #4443, 1000.000000000000000 ) ;
#2017 = ADVANCED_FACE ( 'NONE', ( #3668 ), #2876, .F. ) ;
#2018 = LINE ( 'NONE', #572, #3814 ) ;
#2019 = CIRCLE ( 'NONE', #3342, 1.250000000000583977 ) ;
#2020 = DIRECTION ( 'NONE',  ( 0.000000000000000000, -1.000000000000000000, 0.000000000000000000 ) ) ;
#2021 = CARTESIAN_POINT ( 'NONE',  ( 10.00000000000000000, -100.2699999999999960, 12.62499999999999467 ) ) ;
#2022 = DIRECTION ( 'NONE',  ( -0.000000000000000000, -0.000000000000000000, 1.000000000000000000 ) ) ;
#2023 = VECTOR ( 'NONE', #686, 1000.000000000000000 ) ;
#2024 = ORIENTED_EDGE ( 'NONE', *, *, #462, .F. ) ;
#2025 = CARTESIAN_POINT ( 'NONE',  ( -9.000000000000017764, -120.0000000000000000, -27.00000000000000000 ) ) ;
#2026 = EDGE_CURVE ( 'NONE', #2143, #1992, #1488, .T. ) ;
#2027 = EDGE_LOOP ( 'NONE', ( #124, #4420, #3957, #782 ) ) ;
#2028 = LINE ( 'NONE', #1633, #4670 ) ;
#2029 = ORIENTED_EDGE ( 'NONE', *, *, #2106, .F. ) ;
#2030 = VERTEX_POINT ( 'NONE', #3348 ) ;
#2031 = ADVANCED_FACE ( 'NONE', ( #1852 ), #1807, .F. ) ;
#2032 = ORIENTED_EDGE ( 'NONE', *, *, #1604, .F. ) ;
#2033 = DIRECTION ( 'NONE',  ( 0.000000000000000000, 0.000000000000000000, 1.000000000000000000 ) ) ;
#2034 = DIRECTION ( 'NONE',  ( 0.000000000000000000, -0.000000000000000000, -1.000000000000000000 ) ) ;
#2035 = CARTESIAN_POINT ( 'NONE',  ( 18.80000000000003979, -105.3000000000000256, -8.850000000000008527 ) ) ;
#2036 = VERTEX_POINT ( 'NONE', #2219 ) ;
#2037 = VERTEX_POINT ( 'NONE', #4810 ) ;
#2038 = DIRECTION ( 'NONE',  ( -0.000000000000000000, -0.000000000000000000, 1.000000000000000000 ) ) ;
#2039 = VECTOR ( 'NONE', #2468, 1000.000000000000000 ) ;
#2040 = DIRECTION ( 'NONE',  ( 1.000000000000000000, 0.000000000000000000, 0.000000000000000000 ) ) ;
#2041 = AXIS2_PLACEMENT_3D ( 'NONE', #1248, #1225, #3796 ) ;
#2042 = DIRECTION ( 'NONE',  ( -1.000000000000000000, 0.000000000000000000, 0.000000000000000000 ) ) ;
#2043 = CARTESIAN_POINT ( 'NONE',  ( 10.00000000000000000, -100.2699999999999960, -12.62499999999999645 ) ) ;
#2044 = CARTESIAN_POINT ( 'NONE',  ( 1.000000000000000888, -105.0000000000000000, -30.00000000000000000 ) ) ;
#2045 = DIRECTION ( 'NONE',  ( -0.7071067811865482389, 0.7071067811865469066, 0.000000000000000000 ) ) ;
#2046 = ADVANCED_FACE ( 'NONE', ( #1429 ), #1096, .F. ) ;
#2047 = CIRCLE ( 'NONE', #168, 1.250000000000583977 ) ;
#2048 = LINE ( 'NONE', #1653, #1948 ) ;
#2049 = ORIENTED_EDGE ( 'NONE', *, *, #3447, .T. ) ;
#2050 = DIRECTION ( 'NONE',  ( 0.000000000000000000, 0.000000000000000000, -1.000000000000000000 ) ) ;
#2051 = EDGE_LOOP ( 'NONE', ( #2558, #105, #1295, #2811 ) ) ;
#2052 = ORIENTED_EDGE ( 'NONE', *, *, #3087, .T. ) ;
#2053 = ORIENTED_EDGE ( 'NONE', *, *, #1159, .T. ) ;
#2054 = CYLINDRICAL_SURFACE ( 'NONE', #10, 2.149999999999998135 ) ;
#2055 = DIRECTION ( 'NONE',  ( 0.000000000000000000, 0.000000000000000000, -1.000000000000000000 ) ) ;
#2056 = EDGE_CURVE ( 'NONE', #3256, #2794, #3294, .T. ) ;
#2057 = DIRECTION ( 'NONE',  ( -0.000000000000000000, -0.000000000000000000, 1.000000000000000000 ) ) ;
#2058 = AXIS2_PLACEMENT_3D ( 'NONE', #1055, #275, #2115 ) ;
#2059 = EDGE_LOOP ( 'NONE', ( #2217, #2494, #1547, #1452 ) ) ;
#2060 = ORIENTED_EDGE ( 'NONE', *, *, #3489, .F. ) ;
#2061 = DIRECTION ( 'NONE',  ( 1.000000000000000000, 0.000000000000000000, 0.000000000000000000 ) ) ;
#2062 = VECTOR ( 'NONE', #1951, 999.9999999999998863 ) ;
#2063 = DIRECTION ( 'NONE',  ( -0.7071067811865471286, -0.7071067811865479058, 0.000000000000000000 ) ) ;
#2064 = CARTESIAN_POINT ( 'NONE',  ( 18.80000000000003979, -105.2999999999999972, 1.000000000000039080 ) ) ;
#2065 = DIRECTION ( 'NONE',  ( 1.000000000000000000, 1.734723475976807341E-16, -0.000000000000000000 ) ) ;
#2066 = DIRECTION ( 'NONE',  ( 1.000000000000000000, -0.000000000000000000, -0.000000000000000000 ) ) ;
#2067 = LINE ( 'NONE', #3191, #1276 ) ;
#2068 = LINE ( 'NONE', #3558, #848 ) ;
#2069 = EDGE_CURVE ( 'NONE', #2453, #4345, #3, .T. ) ;
#2070 = EDGE_CURVE ( 'NONE', #3421, #2580, #4422, .T. ) ;
#2071 = FACE_OUTER_BOUND ( 'NONE', #1203, .T. ) ;
#2072 = VERTEX_POINT ( 'NONE', #2978 ) ;
#2073 = LINE ( 'NONE', #4249, #3653 ) ;
#2074 = EDGE_LOOP ( 'NONE', ( #1418, #1635, #1273, #1636, #2146, #4198, #2587, #310, #4374, #2837, #568, #1380, #2623 ) ) ;
#2075 = ORIENTED_EDGE ( 'NONE', *, *, #4172, .T. ) ;
#2076 = CARTESIAN_POINT ( 'NONE',  ( 17.74522956848878152, 10.39673855726952389, -30.00000000000000000 ) ) ;
#2077 = DIRECTION ( 'NONE',  ( 0.000000000000000000, 0.000000000000000000, -1.000000000000000000 ) ) ;
#2078 = AXIS2_PLACEMENT_3D ( 'NONE', #1493, #2568, #1412 ) ;
#2079 = EDGE_CURVE ( 'NONE', #823, #3222, #729, .T. ) ;
#2080 = CARTESIAN_POINT ( 'NONE',  ( 20.00000000000000000, 18.99999999999996803, 30.00000000000000000 ) ) ;
#2081 = ORIENTED_EDGE ( 'NONE', *, *, #18, .F. ) ;
#2082 = VERTEX_POINT ( 'NONE', #1120 ) ;
#2083 = LINE ( 'NONE', #1000, #859 ) ;
#2084 = VECTOR ( 'NONE', #218, 1000.000000000000000 ) ;
#2085 = ADVANCED_FACE ( 'NONE', ( #2195 ), #1830, .F. ) ;
#2086 = PLANE ( 'NONE',  #3650 ) ;
#2087 = AXIS2_PLACEMENT_3D ( 'NONE', #1110, #1869, #2603 ) ;
#2088 = VECTOR ( 'NONE', #3379, 1000.000000000000000 ) ;
#2089 = CARTESIAN_POINT ( 'NONE',  ( 18.80000000000003979, -46.69999999999996021, -8.849999999999981881 ) ) ;
#2090 = CYLINDRICAL_SURFACE ( 'NONE', #687, 2.149999999999997247 ) ;
#2091 = LINE ( 'NONE', #1814, #3093 ) ;
#2092 = CARTESIAN_POINT ( 'NONE',  ( 20.00000000000000000, -100.2699999999999960, 12.62499999999999467 ) ) ;
#2093 = CIRCLE ( 'NONE', #3732, 1.700000000000008837 ) ;
#2094 = CARTESIAN_POINT ( 'NONE',  ( 18.80000000000003979, -46.69999999999985363, -0.9999999999999861222 ) ) ;
#2095 = VECTOR ( 'NONE', #4612, 999.9999999999998863 ) ;
#2096 = DIRECTION ( 'NONE',  ( -1.000000000000000000, -0.000000000000000000, -0.000000000000000000 ) ) ;
#2097 = EDGE_LOOP ( 'NONE', ( #222, #2532, #1687, #1631 ) ) ;
#2098 = FACE_BOUND ( 'NONE', #3072, .T. ) ;
#2099 = CIRCLE ( 'NONE', #4604, 2.150000000000002132 ) ;
#2100 = ADVANCED_FACE ( 'NONE', ( #2951 ), #2614, .F. ) ;
#2101 = ORIENTED_EDGE ( 'NONE', *, *, #3669, .T. ) ;
#2102 = EDGE_LOOP ( 'NONE', ( #2699, #4767 ) ) ;
#2103 = CARTESIAN_POINT ( 'NONE',  ( 19.50000000000003553, 19.49999999999993605, -30.00000000000000000 ) ) ;
#2104 = DIRECTION ( 'NONE',  ( -0.000000000000000000, -0.000000000000000000, 1.000000000000000000 ) ) ;
#2105 = DIRECTION ( 'NONE',  ( 0.000000000000000000, -1.000000000000000000, 1.045014142154684459E-15 ) ) ;
#2106 = EDGE_CURVE ( 'NONE', #3444, #274, #2993, .T. ) ;
#2107 = ORIENTED_EDGE ( 'NONE', *, *, #4165, .T. ) ;
#2108 = VECTOR ( 'NONE', #4292, 1000.000000000000000 ) ;
#2109 = ORIENTED_EDGE ( 'NONE', *, *, #559, .F. ) ;
#2110 = LINE ( 'NONE', #4009, #4208 ) ;
#2111 = CARTESIAN_POINT ( 'NONE',  ( 9.000000000000017764, 30.00000000000000711, -30.00000000000000000 ) ) ;
#2112 = ORIENTED_EDGE ( 'NONE', *, *, #548, .F. ) ;
#2113 = CIRCLE ( 'NONE', #3280, 1.150000000000011235 ) ;
#2114 = ORIENTED_EDGE ( 'NONE', *, *, #2760, .T. ) ;
#2115 = DIRECTION ( 'NONE',  ( -0.000000000000000000, 0.000000000000000000, 1.000000000000000000 ) ) ;
#2116 = FACE_OUTER_BOUND ( 'NONE', #4128, .T. ) ;
#2117 = ADVANCED_FACE ( 'NONE', ( #334 ), #3319, .F. ) ;
#2118 = LINE ( 'NONE', #1009, #3173 ) ;
#2119 = VERTEX_POINT ( 'NONE', #1406 ) ;
#2120 = CARTESIAN_POINT ( 'NONE',  ( -19.99999999999999645, 30.00000000000000711, 27.00000000000000355 ) ) ;
#2121 = AXIS2_PLACEMENT_3D ( 'NONE', #4677, #3938, #1736 ) ;
#2122 = ORIENTED_EDGE ( 'NONE', *, *, #2853, .F. ) ;
#2123 = LINE ( 'NONE', #4446, #299 ) ;
#2124 = VERTEX_POINT ( 'NONE', #2899 ) ;
#2125 = CARTESIAN_POINT ( 'NONE',  ( -13.99999999999999645, -78.99999999999998579, -27.00000000000000000 ) ) ;
#2126 = FACE_OUTER_BOUND ( 'NONE', #3929, .T. ) ;
#2127 = LINE ( 'NONE', #3272, #2433 ) ;
#2128 = VERTEX_POINT ( 'NONE', #4395 ) ;
#2129 = VERTEX_POINT ( 'NONE', #1039 ) ;
#2130 = CARTESIAN_POINT ( 'NONE',  ( 0.000000000000000000, 10.00000000000000533, -49.99999999999998579 ) ) ;
#2131 = PLANE ( 'NONE',  #3800 ) ;
#2132 = EDGE_CURVE ( 'NONE', #1364, #3521, #1822, .T. ) ;
#2133 = DIRECTION ( 'NONE',  ( 1.000000000000000000, 0.000000000000000000, 0.000000000000000000 ) ) ;
#2134 = VECTOR ( 'NONE', #3119, 1000.000000000000000 ) ;
#2135 = ORIENTED_EDGE ( 'NONE', *, *, #2611, .T. ) ;
#2136 = EDGE_LOOP ( 'NONE', ( #3817, #250, #151, #1148 ) ) ;
#2137 = AXIS2_PLACEMENT_3D ( 'NONE', #3246, #3690, #1382 ) ;
#2138 = DIRECTION ( 'NONE',  ( -1.000000000000000000, 0.000000000000000000, 0.000000000000000000 ) ) ;
#2139 = CARTESIAN_POINT ( 'NONE',  ( -0.3967385572695176221, 26.49522956848936772, -50.00000000000000000 ) ) ;
#2140 = EDGE_CURVE ( 'NONE', #3574, #4502, #4660, .T. ) ;
#2141 = ADVANCED_FACE ( 'NONE', ( #4293 ), #4531, .F. ) ;
#2142 = LINE ( 'NONE', #578, #4192 ) ;
#2143 = VERTEX_POINT ( 'NONE', #1539 ) ;
#2144 = DIRECTION ( 'NONE',  ( 1.000000000000000000, -0.000000000000000000, -0.000000000000000000 ) ) ;
#2145 = ORIENTED_EDGE ( 'NONE', *, *, #4471, .F. ) ;
#2146 = ORIENTED_EDGE ( 'NONE', *, *, #85, .T. ) ;
#2147 = LINE ( 'NONE', #1016, #1721 ) ;
#2148 = DIRECTION ( 'NONE',  ( 0.000000000000000000, 1.000000000000000000, 2.899914244479310235E-15 ) ) ;
#2149 = DIRECTION ( 'NONE',  ( -1.000000000000000000, -0.000000000000000000, 0.000000000000000000 ) ) ;
#2150 = EDGE_LOOP ( 'NONE', ( #2553, #1512, #3053, #1916 ) ) ;
#2151 = ORIENTED_EDGE ( 'NONE', *, *, #273, .T. ) ;
#2152 = DIRECTION ( 'NONE',  ( 0.7071067811865471286, -0.7071067811865479058, 0.000000000000000000 ) ) ;
#2153 = LINE ( 'NONE', #3325, #2470 ) ;
#2154 = AXIS2_PLACEMENT_3D ( 'NONE', #471, #3474, #445 ) ;
#2155 = CARTESIAN_POINT ( 'NONE',  ( -9.500000000000001776, -47.99999999999999289, -26.99999999999998224 ) ) ;
#2156 = DIRECTION ( 'NONE',  ( -0.000000000000000000, -0.000000000000000000, 1.000000000000000000 ) ) ;
#2157 = ORIENTED_EDGE ( 'NONE', *, *, #1908, .F. ) ;
#2158 = AXIS2_PLACEMENT_3D ( 'NONE', #733, #1017, #4451 ) ;
#2159 = ADVANCED_FACE ( 'NONE', ( #438 ), #415, .F. ) ;
#2160 = ORIENTED_EDGE ( 'NONE', *, *, #1871, .F. ) ;
#2161 = AXIS2_PLACEMENT_3D ( 'NONE', #1690, #4354, #2040 ) ;
#2162 = FACE_OUTER_BOUND ( 'NONE', #861, .T. ) ;
#2163 = AXIS2_PLACEMENT_3D ( 'NONE', #2505, #3950, #671 ) ;
#2164 = EDGE_CURVE ( 'NONE', #4417, #4162, #1514, .T. ) ;
#2165 = DIRECTION ( 'NONE',  ( 0.000000000000000000, 0.000000000000000000, -1.000000000000000000 ) ) ;
#2166 = ORIENTED_EDGE ( 'NONE', *, *, #2848, .T. ) ;
#2167 = DIRECTION ( 'NONE',  ( -0.000000000000000000, -0.000000000000000000, -1.000000000000000000 ) ) ;
#2168 = AXIS2_PLACEMENT_3D ( 'NONE', #3562, #2420, #2050 ) ;
#2169 = CARTESIAN_POINT ( 'NONE',  ( 13.00000000000000178, -115.9999999999999858, -62.00000000000000000 ) ) ;
#2170 = CIRCLE ( 'NONE', #767, 2.149999999999997247 ) ;
#2171 = EDGE_CURVE ( 'NONE', #2036, #1469, #3004, .T. ) ;
#2172 = VERTEX_POINT ( 'NONE', #3509 ) ;
#2173 = ORIENTED_EDGE ( 'NONE', *, *, #3404, .F. ) ;
#2174 = CARTESIAN_POINT ( 'NONE',  ( 1.646738557269495917, -6.495229568489357952, -27.00000000000000000 ) ) ;
#2175 = DIRECTION ( 'NONE',  ( 1.000000000000000000, 0.000000000000000000, 0.000000000000000000 ) ) ;
#2176 = DIRECTION ( 'NONE',  ( -0.000000000000000000, -0.000000000000000000, -1.000000000000000000 ) ) ;
#2177 = ADVANCED_FACE ( 'NONE', ( #943 ), #4130, .F. ) ;
#2178 = EDGE_LOOP ( 'NONE', ( #1703, #4008, #4578, #4277 ) ) ;
#2179 = VERTEX_POINT ( 'NONE', #550 ) ;
#2180 = FACE_OUTER_BOUND ( 'NONE', #410, .T. ) ;
#2181 = AXIS2_PLACEMENT_3D ( 'NONE', #3646, #294, #1788 ) ;
#2182 = LINE ( 'NONE', #3647, #2312 ) ;
#2183 = CARTESIAN_POINT ( 'NONE',  ( -1.699999999999999956, 10.00000000000000533, -49.99999999999998579 ) ) ;
#2184 = CARTESIAN_POINT ( 'NONE',  ( 17.74522956848878152, 10.39673855726952389, -50.00000000000000000 ) ) ;
#2185 = EDGE_LOOP ( 'NONE', ( #3117, #2807, #2243, #390 ) ) ;
#2186 = VERTEX_POINT ( 'NONE', #2413 ) ;
#2187 = DIRECTION ( 'NONE',  ( 0.000000000000000000, 1.000000000000000000, 0.000000000000000000 ) ) ;
#2188 = LINE ( 'NONE', #3309, #838 ) ;
#2189 = ORIENTED_EDGE ( 'NONE', *, *, #559, .T. ) ;
#2190 = ADVANCED_FACE ( 'NONE', ( #3923 ), #3397, .F. ) ;
#2191 = CARTESIAN_POINT ( 'NONE',  ( -20.00000000000000000, 19.00000000000002487, 27.00000000000000355 ) ) ;
#2192 = ORIENTED_EDGE ( 'NONE', *, *, #2328, .T. ) ;
#2193 = ORIENTED_EDGE ( 'NONE', *, *, #1392, .F. ) ;
#2194 = FACE_OUTER_BOUND ( 'NONE', #2027, .T. ) ;
#2195 = FACE_OUTER_BOUND ( 'NONE', #535, .T. ) ;
#2196 = DIRECTION ( 'NONE',  ( 0.000000000000000000, 0.000000000000000000, -1.000000000000000000 ) ) ;
#2197 = ORIENTED_EDGE ( 'NONE', *, *, #1247, .F. ) ;
#2198 = VECTOR ( 'NONE', #4, 1000.000000000000000 ) ;
#2199 = EDGE_LOOP ( 'NONE', ( #4383, #2902, #1355, #1838 ) ) ;
#2200 = CARTESIAN_POINT ( 'NONE',  ( -15.70000000000000639, -78.99999999999998579, -27.00000000000000000 ) ) ;
#2201 = DIRECTION ( 'NONE',  ( -0.000000000000000000, -0.000000000000000000, 1.000000000000000000 ) ) ;
#2202 = DIRECTION ( 'NONE',  ( 0.7071067811865482389, -0.7071067811865469066, 0.000000000000000000 ) ) ;
#2203 = CARTESIAN_POINT ( 'NONE',  ( 1.000000000000000888, -80.99999999999998579, -26.99999999999998224 ) ) ;
#2204 = EDGE_CURVE ( 'NONE', #3845, #3990, #2773, .T. ) ;
#2205 = VERTEX_POINT ( 'NONE', #1146 ) ;
#2206 = ORIENTED_EDGE ( 'NONE', *, *, #3539, .F. ) ;
#2207 = FACE_BOUND ( 'NONE', #1793, .T. ) ;
#2208 = CARTESIAN_POINT ( 'NONE',  ( 17.00000000000000000, -120.0000000000000000, 19.00000000000001776 ) ) ;
#2209 = AXIS2_PLACEMENT_3D ( 'NONE', #3031, #2020, #2435 ) ;
#2210 = UNCERTAINTY_MEASURE_WITH_UNIT (LENGTH_MEASURE( 1.000000000000000082E-05 ), #1411, 'distance_accuracy_value', 'NONE');
#2211 = CARTESIAN_POINT ( 'NONE',  ( 11.24999999999995737, -18.74999999999996803, 27.00000000000000355 ) ) ;
#2212 = EDGE_LOOP ( 'NONE', ( #3918, #2395, #3761, #1219 ) ) ;
#2213 = CARTESIAN_POINT ( 'NONE',  ( 18.80000000000003979, -46.69999999999996021, 8.849999999999981881 ) ) ;
#2214 = EDGE_LOOP ( 'NONE', ( #3232, #4300, #588, #4091 ) ) ;
#2215 = DIRECTION ( 'NONE',  ( 1.000000000000000000, 0.000000000000000000, 0.000000000000000000 ) ) ;
#2216 = EDGE_CURVE ( 'NONE', #2179, #1533, #179, .T. ) ;
#2217 = ORIENTED_EDGE ( 'NONE', *, *, #3978, .F. ) ;
#2218 = PLANE ( 'NONE',  #4143 ) ;
#2219 = CARTESIAN_POINT ( 'NONE',  ( 3.000000000000035527, -46.49999999999999289, -27.00000000000001066 ) ) ;
#2220 = DIRECTION ( 'NONE',  ( -0.000000000000000000, -3.469446951953601961E-15, -1.000000000000000000 ) ) ;
#2221 = ORIENTED_EDGE ( 'NONE', *, *, #3780, .T. ) ;
#2222 = ADVANCED_FACE ( 'NONE', ( #2665 ), #4267, .F. ) ;
#2223 = ORIENTED_EDGE ( 'NONE', *, *, #4688, .T. ) ;
#2224 = CARTESIAN_POINT ( 'NONE',  ( 18.80000000000003979, -97.00000000000000000, 8.850000000000003197 ) ) ;
#2225 = LINE ( 'NONE', #4745, #4588 ) ;
#2226 = CARTESIAN_POINT ( 'NONE',  ( 20.00000000000000000, -50.84999999999999432, -4.924999999999998934 ) ) ;
#2227 = DIRECTION ( 'NONE',  ( 0.000000000000000000, 0.000000000000000000, 1.000000000000000000 ) ) ;
#2228 = EDGE_CURVE ( 'NONE', #1361, #2072, #3226, .T. ) ;
#2229 = CIRCLE ( 'NONE', #746, 2.150000000000002576 ) ;
#2230 = CYLINDRICAL_SURFACE ( 'NONE', #4550, 1.250000000000021094 ) ;
#2231 = ORIENTED_EDGE ( 'NONE', *, *, #1286, .T. ) ;
#2232 = ADVANCED_FACE ( 'NONE', ( #2639 ), #896, .F. ) ;
#2233 = ORIENTED_EDGE ( 'NONE', *, *, #140, .F. ) ;
#2234 = FACE_OUTER_BOUND ( 'NONE', #1296, .T. ) ;
#2235 = CARTESIAN_POINT ( 'NONE',  ( -7.500000000000000888, -69.99999999999998579, 15.00000000000000000 ) ) ;
#2236 = VECTOR ( 'NONE', #270, 1000.000000000000000 ) ;
#2237 = LINE ( 'NONE', #3733, #4449 ) ;
#2238 = CARTESIAN_POINT ( 'NONE',  ( 18.80000000000003979, -46.69999999999996021, -10.84999999999994813 ) ) ;
#2239 = AXIS2_PLACEMENT_3D ( 'NONE', #4544, #154, #3437 ) ;
#2240 = ORIENTED_EDGE ( 'NONE', *, *, #1940, .F. ) ;
#2241 = CARTESIAN_POINT ( 'NONE',  ( 20.00000000000000000, -108.9999999999999716, 30.00000000000000000 ) ) ;
#2242 = VECTOR ( 'NONE', #3003, 1000.000000000000000 ) ;
#2243 = ORIENTED_EDGE ( 'NONE', *, *, #1832, .F. ) ;
#2244 = DIRECTION ( 'NONE',  ( 1.000000000000000000, 0.000000000000000000, 0.000000000000000000 ) ) ;
#2245 = CARTESIAN_POINT ( 'NONE',  ( 20.00000000000004974, -54.99999999999999289, 47.22374841615668828 ) ) ;
#2246 = CIRCLE ( 'NONE', #4041, 1.250000000000021094 ) ;
#2247 = EDGE_CURVE ( 'NONE', #1526, #4075, #784, .T. ) ;
#2248 = CARTESIAN_POINT ( 'NONE',  ( 17.00000000000000000, -100.2699999999999960, -14.77499999999999858 ) ) ;
#2249 = ORIENTED_EDGE ( 'NONE', *, *, #619, .F. ) ;
#2250 = ORIENTED_EDGE ( 'NONE', *, *, #1367, .T. ) ;
#2251 = CYLINDRICAL_SURFACE ( 'NONE', #4532, 1.700000000000008837 ) ;
#2252 = LINE ( 'NONE', #4158, #1530 ) ;
#2253 = AXIS2_PLACEMENT_3D ( 'NONE', #426, #2261, #1917 ) ;
#2254 = DIRECTION ( 'NONE',  ( 0.000000000000000000, -2.717036769602215961E-15, 1.000000000000000000 ) ) ;
#2255 = CARTESIAN_POINT ( 'NONE',  ( -10.99999999999995737, -46.49999999999999289, -27.00000000000001066 ) ) ;
#2256 = EDGE_CURVE ( 'NONE', #1945, #3100, #2272, .T. ) ;
#2257 = CARTESIAN_POINT ( 'NONE',  ( 1.402469990989683168, -0.4969642708567700851, 30.00000000000000000 ) ) ;
#2258 = AXIS2_PLACEMENT_3D ( 'NONE', #4309, #2061, #3622 ) ;
#2259 = ORIENTED_EDGE ( 'NONE', *, *, #344, .F. ) ;
#2260 = ORIENTED_EDGE ( 'NONE', *, *, #2680, .F. ) ;
#2261 = DIRECTION ( 'NONE',  ( 0.000000000000000000, 0.000000000000000000, 1.000000000000000000 ) ) ;
#2262 = LINE ( 'NONE', #3754, #2290 ) ;
#2263 = DIRECTION ( 'NONE',  ( 0.000000000000000000, 1.000000000000000000, 0.000000000000000000 ) ) ;
#2264 = LINE ( 'NONE', #407, #2946 ) ;
#2265 = EDGE_CURVE ( 'NONE', #2794, #141, #2385, .T. ) ;
#2266 = CARTESIAN_POINT ( 'NONE',  ( -0.3967385572695176221, 26.49522956848936772, -30.00000000000000000 ) ) ;
#2267 = ORIENTED_EDGE ( 'NONE', *, *, #3757, .F. ) ;
#2268 = CYLINDRICAL_SURFACE ( 'NONE', #534, 1.700000000000008837 ) ;
#2269 = AXIS2_PLACEMENT_3D ( 'NONE', #4282, #2033, #1734 ) ;
#2270 = ORIENTED_EDGE ( 'NONE', *, *, #3006, .T. ) ;
#2271 = CARTESIAN_POINT ( 'NONE',  ( 17.00000000000003908, -46.69999999999996021, 8.849999999999981881 ) ) ;
#2272 = LINE ( 'NONE', #1255, #2451 ) ;
#2273 = VERTEX_POINT ( 'NONE', #158 ) ;
#2274 = ORIENTED_EDGE ( 'NONE', *, *, #14, .F. ) ;
#2275 = VECTOR ( 'NONE', #1747, 1000.000000000000000 ) ;
#2276 = SURFACE_STYLE_FILL_AREA ( #2325 ) ;
#2277 = DIRECTION ( 'NONE',  ( 0.000000000000000000, 1.000000000000000000, 0.000000000000000000 ) ) ;
#2278 = DIRECTION ( 'NONE',  ( -1.000000000000000000, 0.000000000000000000, 0.000000000000000000 ) ) ;
#2279 = CARTESIAN_POINT ( 'NONE',  ( -0.8975300090102963368, -0.4969642708567699740, -27.00000000000000000 ) ) ;
#2280 = AXIS2_PLACEMENT_3D ( 'NONE', #935, #2515, #2105 ) ;
#2281 = VERTEX_POINT ( 'NONE', #3140 ) ;
#2282 = ORIENTED_EDGE ( 'NONE', *, *, #3192, .T. ) ;
#2283 = DIRECTION ( 'NONE',  ( 0.000000000000000000, 0.000000000000000000, 1.000000000000000000 ) ) ;
#2284 = ADVANCED_FACE ( 'NONE', ( #4686 ), #2889, .T. ) ;
#2285 = FACE_OUTER_BOUND ( 'NONE', #1989, .T. ) ;
#2286 = LINE ( 'NONE', #4831, #4275 ) ;
#2287 = DIRECTION ( 'NONE',  ( 0.000000000000000000, 0.000000000000000000, 1.000000000000000000 ) ) ;
#2288 = CARTESIAN_POINT ( 'NONE',  ( 17.00000000000003908, -97.00000000000000000, 8.850000000000003197 ) ) ;
#2289 = EDGE_CURVE ( 'NONE', #818, #2878, #1029, .T. ) ;
#2290 = VECTOR ( 'NONE', #1895, 1000.000000000000000 ) ;
#2291 = CARTESIAN_POINT ( 'NONE',  ( -20.00000000000000000, 19.00000000000002487, 30.00000000000000000 ) ) ;
#2292 = VERTEX_POINT ( 'NONE', #3212 ) ;
#2293 = CARTESIAN_POINT ( 'NONE',  ( -16.49522956848936772, 9.603261442730490316, -50.00000000000000000 ) ) ;
#2294 = EDGE_CURVE ( 'NONE', #1883, #2676, #4486, .T. ) ;
#2295 = VECTOR ( 'NONE', #4444, 1000.000000000000000 ) ;
#2296 = VERTEX_POINT ( 'NONE', #1695 ) ;
#2297 = CARTESIAN_POINT ( 'NONE',  ( 9.000000000000017764, 30.00000000000000711, 30.00000000000000000 ) ) ;
#2298 = DIRECTION ( 'NONE',  ( 0.000000000000000000, 1.000000000000000000, -2.090028284309402051E-16 ) ) ;
#2299 = ORIENTED_EDGE ( 'NONE', *, *, #4411, .T. ) ;
#2300 = VERTEX_POINT ( 'NONE', #643 ) ;
#2301 = APPLICATION_PROTOCOL_DEFINITION ( 'draft international standard', 'automotive_design', 1998, #3481 ) ;
#2302 = CARTESIAN_POINT ( 'NONE',  ( 16.49522956848936772, 10.39673855726952389, -30.00000000000000000 ) ) ;
#2303 = DIRECTION ( 'NONE',  ( -0.000000000000000000, -0.000000000000000000, 1.000000000000000000 ) ) ;
#2304 = DIRECTION ( 'NONE',  ( 1.000000000000000000, 0.000000000000000000, 0.000000000000000000 ) ) ;
#2305 = DIRECTION ( 'NONE',  ( 0.7071067811865492381, 0.7071067811865457964, -0.000000000000000000 ) ) ;
#2306 = ORIENTED_EDGE ( 'NONE', *, *, #1622, .F. ) ;
#2307 = ORIENTED_EDGE ( 'NONE', *, *, #2818, .T. ) ;
#2308 = LINE ( 'NONE', #3065, #2488 ) ;
#2309 = FACE_BOUND ( 'NONE', #3716, .T. ) ;
#2310 = ADVANCED_FACE ( 'NONE', ( #4779, #4751, #4314, #3260, #3189 ), #1395, .F. ) ;
#2311 = EDGE_LOOP ( 'NONE', ( #1615, #2780, #123, #4007 ) ) ;
#2312 = VECTOR ( 'NONE', #4483, 1000.000000000000000 ) ;
#2313 = DIRECTION ( 'NONE',  ( -0.000000000000000000, -0.000000000000000000, 1.000000000000000000 ) ) ;
#2314 = DIRECTION ( 'NONE',  ( -0.000000000000000000, 0.000000000000000000, 1.000000000000000000 ) ) ;
#2315 = EDGE_CURVE ( 'NONE', #1992, #4366, #3235, .T. ) ;
#2316 = VERTEX_POINT ( 'NONE', #3655 ) ;
#2317 = DIRECTION ( 'NONE',  ( 0.000000000000000000, 0.000000000000000000, 1.000000000000000000 ) ) ;
#2318 = VECTOR ( 'NONE', #1069, 1000.000000000000000 ) ;
#2319 = ORIENTED_EDGE ( 'NONE', *, *, #78, .T. ) ;
#2320 = LINE ( 'NONE', #2271, #990 ) ;
#2321 = EDGE_CURVE ( 'NONE', #660, #1586, #1422, .T. ) ;
#2322 = VECTOR ( 'NONE', #4796, 1000.000000000000000 ) ;
#2323 = VERTEX_POINT ( 'NONE', #2526 ) ;
#2324 = ORIENTED_EDGE ( 'NONE', *, *, #3834, .T. ) ;
#2325 = FILL_AREA_STYLE ('',( #4135 ) ) ;
#2326 = CARTESIAN_POINT ( 'NONE',  ( 3.000000000000000888, -115.9999999999999858, -62.00000000000000000 ) ) ;
#2327 = DIRECTION ( 'NONE',  ( 0.000000000000000000, 1.000000000000000000, 0.000000000000000000 ) ) ;
#2328 = EDGE_CURVE ( 'NONE', #760, #328, #962, .T. ) ;
#2329 = AXIS2_PLACEMENT_3D ( 'NONE', #27, #1513, #2846 ) ;
#2330 = CYLINDRICAL_SURFACE ( 'NONE', #1404, 2.150000000000004352 ) ;
#2331 = VECTOR ( 'NONE', #3759, 1000.000000000000000 ) ;
#2332 = ORIENTED_EDGE ( 'NONE', *, *, #2294, .T. ) ;
#2333 = ORIENTED_EDGE ( 'NONE', *, *, #2702, .T. ) ;
#2334 = CARTESIAN_POINT ( 'NONE',  ( -16.49522956848936772, 9.603261442730490316, 30.00000000000000000 ) ) ;
#2335 = VECTOR ( 'NONE', #2703, 1000.000000000000000 ) ;
#2336 = CARTESIAN_POINT ( 'NONE',  ( -8.999999999999962697, 30.00000000000000711, 30.00000000000000000 ) ) ;
#2337 = VECTOR ( 'NONE', #3367, 1000.000000000000000 ) ;
#2338 = AXIS2_PLACEMENT_3D ( 'NONE', #1184, #3799, #3478 ) ;
#2339 = PLANE ( 'NONE',  #1087 ) ;
#2340 = FACE_OUTER_BOUND ( 'NONE', #3743, .T. ) ;
#2341 = LINE ( 'NONE', #2364, #1824 ) ;
#2342 = CIRCLE ( 'NONE', #1701, 1.699999999999999956 ) ;
#2343 = EDGE_LOOP ( 'NONE', ( #1706, #4669 ) ) ;
#2344 = DIRECTION ( 'NONE',  ( -0.000000000000000000, -0.000000000000000000, 1.000000000000000000 ) ) ;
#2345 = EDGE_CURVE ( 'NONE', #1751, #3256, #230, .T. ) ;
#2346 = ORIENTED_EDGE ( 'NONE', *, *, #894, .T. ) ;
#2347 = CARTESIAN_POINT ( 'NONE',  ( -9.500000000000001776, -47.99999999999999289, -30.00000000000000000 ) ) ;
#2348 = AXIS2_PLACEMENT_3D ( 'NONE', #1095, #2535, #1829 ) ;
#2349 = ORIENTED_EDGE ( 'NONE', *, *, #3447, .F. ) ;
#2350 = ORIENTED_EDGE ( 'NONE', *, *, #3609, .T. ) ;
#2351 = APPLICATION_PROTOCOL_DEFINITION ( 'draft international standard', 'automotive_design', 1998, #3889 ) ;
#2352 = DIRECTION ( 'NONE',  ( 0.000000000000000000, 0.000000000000000000, -1.000000000000000000 ) ) ;
#2353 = DIRECTION ( 'NONE',  ( -1.000000000000000000, -0.000000000000000000, -0.000000000000000000 ) ) ;
#2354 = CARTESIAN_POINT ( 'NONE',  ( 9.000000000000017764, 30.00000000000000711, 30.00000000000000000 ) ) ;
#2355 = EDGE_CURVE ( 'NONE', #1732, #156, #1795, .T. ) ;
#2356 = CARTESIAN_POINT ( 'NONE',  ( 18.80000000000003979, -54.99999999999999289, 1.000000000000029532 ) ) ;
#2357 = VERTEX_POINT ( 'NONE', #4336 ) ;
#2358 = ORIENTED_EDGE ( 'NONE', *, *, #2627, .T. ) ;
#2359 = PLANE ( 'NONE',  #3586 ) ;
#2360 = EDGE_CURVE ( 'NONE', #1707, #4774, #982, .T. ) ;
#2361 = DIRECTION ( 'NONE',  ( 1.000000000000000000, 0.000000000000000000, 0.000000000000000000 ) ) ;
#2362 = DIRECTION ( 'NONE',  ( -0.000000000000000000, 1.000000000000000000, 0.000000000000000000 ) ) ;
#2363 = CARTESIAN_POINT ( 'NONE',  ( 17.00000000000000000, -100.2699999999999960, 14.77499999999999858 ) ) ;
#2364 = CARTESIAN_POINT ( 'NONE',  ( -19.99999999999999645, -19.00000000000000355, -27.00000000000000000 ) ) ;
#2365 = ORIENTED_EDGE ( 'NONE', *, *, #2853, .T. ) ;
#2366 = LINE ( 'NONE', #3946, #2412 ) ;
#2367 = ORIENTED_EDGE ( 'NONE', *, *, #4165, .F. ) ;
#2368 = PLANE ( 'NONE',  #1307 ) ;
#2369 = ADVANCED_FACE ( 'NONE', ( #2162 ), #2481, .F. ) ;
#2370 = VERTEX_POINT ( 'NONE', #1421 ) ;
#2371 = AXIS2_PLACEMENT_3D ( 'NONE', #1347, #3583, #1326 ) ;
#2372 = VERTEX_POINT ( 'NONE', #2550 ) ;
#2373 = DIRECTION ( 'NONE',  ( 0.000000000000000000, 0.000000000000000000, 1.000000000000000000 ) ) ;
#2374 = ORIENTED_EDGE ( 'NONE', *, *, #3815, .F. ) ;
#2375 = CARTESIAN_POINT ( 'NONE',  ( -1.402469990989706039, 20.49696427085678252, 27.00000000000001066 ) ) ;
#2376 = CARTESIAN_POINT ( 'NONE',  ( 20.00000000000000355, -97.00000000000000000, 30.00000000000000000 ) ) ;
#2377 = PLANE ( 'NONE',  #3284 ) ;
#2378 = EDGE_CURVE ( 'NONE', #95, #3912, #574, .T. ) ;
#2379 = ORIENTED_EDGE ( 'NONE', *, *, #1604, .T. ) ;
#2380 = ORIENTED_EDGE ( 'NONE', *, *, #127, .T. ) ;
#2381 = CARTESIAN_POINT ( 'NONE',  ( 20.00000000000000000, -100.2699999999999960, -12.62499999999999645 ) ) ;
#2382 = LINE ( 'NONE', #1969, #2008 ) ;
#2383 = ADVANCED_FACE ( 'NONE', ( #3555 ), #2458, .F. ) ;
#2384 = CARTESIAN_POINT ( 'NONE',  ( 10.00000000000000000, -50.84999999999999432, -16.92499999999999716 ) ) ;
#2385 = LINE ( 'NONE', #3873, #331 ) ;
#2386 = LINE ( 'NONE', #3556, #3423 ) ;
#2387 = AXIS2_PLACEMENT_3D ( 'NONE', #2226, #2520, #297 ) ;
#2388 = CYLINDRICAL_SURFACE ( 'NONE', #1805, 1.149999999999989697 ) ;
#2389 = ORIENTED_EDGE ( 'NONE', *, *, #3214, .F. ) ;
#2390 = LINE ( 'NONE', #1999, #2646 ) ;
#2391 = VECTOR ( 'NONE', #4402, 1000.000000000000000 ) ;
#2392 = ORIENTED_EDGE ( 'NONE', *, *, #1692, .T. ) ;
#2393 = LINE ( 'NONE', #2829, #845 ) ;
#2394 = AXIS2_PLACEMENT_3D ( 'NONE', #1662, #2834, #2077 ) ;
#2395 = ORIENTED_EDGE ( 'NONE', *, *, #2804, .T. ) ;
#2396 = EDGE_LOOP ( 'NONE', ( #1563, #2004 ) ) ;
#2397 = ORIENTED_EDGE ( 'NONE', *, *, #3515, .F. ) ;
#2398 = ADVANCED_FACE ( 'NONE', ( #204 ), #1746, .F. ) ;
#2399 = LINE ( 'NONE', #1290, #1644 ) ;
#2400 = CARTESIAN_POINT ( 'NONE',  ( 13.99999999999999645, -26.50000000000000355, 35.00000000000000000 ) ) ;
#2401 = AXIS2_PLACEMENT_3D ( 'NONE', #1718, #4721, #3896 ) ;
#2402 = CARTESIAN_POINT ( 'NONE',  ( -14.75000000000002309, -55.24999999999996447, 27.00000000000000355 ) ) ;
#2403 = EDGE_LOOP ( 'NONE', ( #3496, #1132, #4602, #978 ) ) ;
#2404 = ORIENTED_EDGE ( 'NONE', *, *, #1753, .T. ) ;
#2405 = CARTESIAN_POINT ( 'NONE',  ( -7.500000000000000888, -69.99999999999998579, -30.00000000000000000 ) ) ;
#2406 = EDGE_CURVE ( 'NONE', #503, #2030, #4167, .T. ) ;
#2407 = CARTESIAN_POINT ( 'NONE',  ( 20.00000000000000000, -50.84999999999999432, 4.924999999999998934 ) ) ;
#2408 = AXIS2_PLACEMENT_3D ( 'NONE', #1217, #4600, #3445 ) ;
#2409 = VECTOR ( 'NONE', #431, 1000.000000000000000 ) ;
#2410 = ORIENTED_EDGE ( 'NONE', *, *, #429, .F. ) ;
#2411 = CYLINDRICAL_SURFACE ( 'NONE', #1233, 1.150000000000582778 ) ;
#2412 = VECTOR ( 'NONE', #1700, 1000.000000000000000 ) ;
#2413 = CARTESIAN_POINT ( 'NONE',  ( 9.346964270857361257, 10.25246999098970235, 27.00000000000001066 ) ) ;
#2414 = DIRECTION ( 'NONE',  ( 0.000000000000000000, 0.000000000000000000, -1.000000000000000000 ) ) ;
#2415 = LINE ( 'NONE', #4708, #4569 ) ;
#2416 = VERTEX_POINT ( 'NONE', #4094 ) ;
#2417 = CARTESIAN_POINT ( 'NONE',  ( -11.50000000000000355, -28.99999999999999645, 30.00000000000000000 ) ) ;
#2418 = EDGE_CURVE ( 'NONE', #4246, #26, #3698, .T. ) ;
#2419 = VERTEX_POINT ( 'NONE', #3310 ) ;
#2420 = DIRECTION ( 'NONE',  ( 1.000000000000000000, -0.000000000000000000, -0.000000000000000000 ) ) ;
#2421 = EDGE_LOOP ( 'NONE', ( #2777, #3837, #2860, #3860 ) ) ;
#2422 = ORIENTED_EDGE ( 'NONE', *, *, #2378, .F. ) ;
#2423 = ORIENTED_EDGE ( 'NONE', *, *, #4613, .T. ) ;
#2424 = FACE_OUTER_BOUND ( 'NONE', #2783, .T. ) ;
#2425 = CARTESIAN_POINT ( 'NONE',  ( -15.70000000000000639, -88.99999999999998579, -27.00000000000000000 ) ) ;
#2426 = DIRECTION ( 'NONE',  ( 1.000000000000000000, -0.000000000000000000, -0.000000000000000000 ) ) ;
#2427 = ORIENTED_EDGE ( 'NONE', *, *, #502, .T. ) ;
#2428 = ORIENTED_EDGE ( 'NONE', *, *, #185, .F. ) ;
#2429 = FACE_OUTER_BOUND ( 'NONE', #2452, .T. ) ;
#2430 = CYLINDRICAL_SURFACE ( 'NONE', #4594, 1.249999999999980238 ) ;
#2431 = ADVANCED_FACE ( 'NONE', ( #1501 ), #4800, .F. ) ;
#2432 = ADVANCED_FACE ( 'NONE', ( #2285 ), #3778, .F. ) ;
#2433 = VECTOR ( 'NONE', #1358, 999.9999999999998863 ) ;
#2434 = CARTESIAN_POINT ( 'NONE',  ( 17.00000000000000000, -97.00000000000000000, 54.86198126479881410 ) ) ;
#2435 = DIRECTION ( 'NONE',  ( 0.000000000000000000, -0.000000000000000000, -1.000000000000000000 ) ) ;
#2436 = CARTESIAN_POINT ( 'NONE',  ( -1.646738557269538772, 26.49522956848936772, 30.00000000000000000 ) ) ;
#2437 = CYLINDRICAL_SURFACE ( 'NONE', #1021, 2.149999999999997247 ) ;
#2438 = CIRCLE ( 'NONE', #96, 1.249999999999980238 ) ;
#2439 = EDGE_CURVE ( 'NONE', #3100, #4413, #4440, .T. ) ;
#2440 = CYLINDRICAL_SURFACE ( 'NONE', #2952, 2.149999999999998135 ) ;
#2441 = CARTESIAN_POINT ( 'NONE',  ( 0.8532614427305034166, 26.49522956848936772, 30.00000000000000000 ) ) ;
#2442 = ORIENTED_EDGE ( 'NONE', *, *, #2439, .T. ) ;
#2443 = EDGE_CURVE ( 'NONE', #3352, #3421, #1475, .T. ) ;
#2444 = FACE_BOUND ( 'NONE', #4368, .T. ) ;
#2445 = EDGE_CURVE ( 'NONE', #2690, #3521, #2992, .T. ) ;
#2446 = ORIENTED_EDGE ( 'NONE', *, *, #3042, .F. ) ;
#2447 = EDGE_LOOP ( 'NONE', ( #1272, #1004, #528, #337 ) ) ;
#2448 = CARTESIAN_POINT ( 'NONE',  ( 18.80000000000003979, -46.69999999999985363, -0.9999999999999861222 ) ) ;
#2449 = CARTESIAN_POINT ( 'NONE',  ( 10.00000000000000000, -100.2699999999999960, 2.774999999999996803 ) ) ;
#2450 = LINE ( 'NONE', #1713, #19 ) ;
#2451 = VECTOR ( 'NONE', #1932, 1000.000000000000000 ) ;
#2452 = EDGE_LOOP ( 'NONE', ( #86, #3573, #4358, #3075 ) ) ;
#2453 = VERTEX_POINT ( 'NONE', #4492 ) ;
#2454 = CYLINDRICAL_SURFACE ( 'NONE', #147, 1.249999999999414690 ) ;
#2455 = VECTOR ( 'NONE', #3807, 1000.000000000000000 ) ;
#2456 = CARTESIAN_POINT ( 'NONE',  ( 0.3967385572695156237, -6.495229568489357952, -50.00000000000000000 ) ) ;
#2457 = EDGE_CURVE ( 'NONE', #2872, #3574, #4392, .T. ) ;
#2458 = CYLINDRICAL_SURFACE ( 'NONE', #2522, 1.249999999999980238 ) ;
#2459 = DIRECTION ( 'NONE',  ( -0.000000000000000000, -0.000000000000000000, 1.000000000000000000 ) ) ;
#2460 = DIRECTION ( 'NONE',  ( 1.000000000000000000, 0.000000000000000000, 0.000000000000000000 ) ) ;
#2461 = DIRECTION ( 'NONE',  ( 1.000000000000000000, 1.734723475976806848E-16, 0.000000000000000000 ) ) ;
#2462 = CARTESIAN_POINT ( 'NONE',  ( -7.500000000000000888, -69.99999999999998579, 15.00000000000000000 ) ) ;
#2463 = ORIENTED_EDGE ( 'NONE', *, *, #3565, .T. ) ;
#2464 = EDGE_CURVE ( 'NONE', #3579, #3343, #2262, .T. ) ;
#2465 = PLANE ( 'NONE',  #3184 ) ;
#2466 = EDGE_LOOP ( 'NONE', ( #769, #4643 ) ) ;
#2467 = EDGE_LOOP ( 'NONE', ( #364, #1537, #4133, #1767 ) ) ;
#2468 = DIRECTION ( 'NONE',  ( 1.000000000000000000, -0.000000000000000000, -0.000000000000000000 ) ) ;
#2469 = DIRECTION ( 'NONE',  ( 1.000000000000000000, -0.000000000000000000, -0.000000000000000000 ) ) ;
#2470 = VECTOR ( 'NONE', #3719, 1000.000000000000000 ) ;
#2471 = DIRECTION ( 'NONE',  ( 0.000000000000000000, -0.000000000000000000, 1.000000000000000000 ) ) ;
#2472 = ORIENTED_EDGE ( 'NONE', *, *, #941, .T. ) ;
#2473 = ORIENTED_EDGE ( 'NONE', *, *, #3297, .F. ) ;
#2474 = CARTESIAN_POINT ( 'NONE',  ( 13.99999999999999822, -26.50000000000000000, 27.00000000000000355 ) ) ;
#2475 = CARTESIAN_POINT ( 'NONE',  ( -1.699999999999999956, 10.00000000000000533, 26.99999999999999645 ) ) ;
#2476 = EDGE_CURVE ( 'NONE', #951, #3845, #3385, .T. ) ;
#2477 = VECTOR ( 'NONE', #3777, 1000.000000000000000 ) ;
#2478 = ORIENTED_EDGE ( 'NONE', *, *, #2670, .F. ) ;
#2479 = AXIS2_PLACEMENT_3D ( 'NONE', #3942, #2884, #3209 ) ;
#2480 = CIRCLE ( 'NONE', #2408, 1.149999999999989697 ) ;
#2481 = PLANE ( 'NONE',  #1900 ) ;
#2482 = CARTESIAN_POINT ( 'NONE',  ( 13.99999999999999645, -21.50000000000000000, 30.00000000000000000 ) ) ;
#2483 = VECTOR ( 'NONE', #2547, 1000.000000000000000 ) ;
#2484 = VECTOR ( 'NONE', #2202, 1000.000000000000000 ) ;
#2485 = DIRECTION ( 'NONE',  ( 0.000000000000000000, 0.000000000000000000, -1.000000000000000000 ) ) ;
#2486 = ORIENTED_EDGE ( 'NONE', *, *, #939, .F. ) ;
#2487 = CARTESIAN_POINT ( 'NONE',  ( -20.00000000000000000, -43.99999999999997158, 30.00000000000000000 ) ) ;
#2488 = VECTOR ( 'NONE', #1968, 1000.000000000000000 ) ;
#2489 = ORIENTED_EDGE ( 'NONE', *, *, #360, .F. ) ;
#2490 = ADVANCED_FACE ( 'NONE', ( #3411 ), #1875, .F. ) ;
#2491 = CARTESIAN_POINT ( 'NONE',  ( -19.99999999999999645, -69.99999999999998579, -27.00000000000000000 ) ) ;
#2492 = LINE ( 'NONE', #2788, #1142 ) ;
#2493 = PLANE ( 'NONE',  #4068 ) ;
#2494 = ORIENTED_EDGE ( 'NONE', *, *, #2321, .T. ) ;
#2495 = EDGE_LOOP ( 'NONE', ( #3374, #1681, #1447, #167 ) ) ;
#2496 = DIRECTION ( 'NONE',  ( 1.000000000000000000, 0.000000000000000000, 0.000000000000000000 ) ) ;
#2497 = DIRECTION ( 'NONE',  ( -0.7071067811865479058, 0.7071067811865471286, 0.000000000000000000 ) ) ;
#2498 = EDGE_CURVE ( 'NONE', #2580, #4653, #3341, .T. ) ;
#2499 = ORIENTED_EDGE ( 'NONE', *, *, #2712, .F. ) ;
#2500 = AXIS2_PLACEMENT_3D ( 'NONE', #4627, #3982, #1317 ) ;
#2501 = EDGE_CURVE ( 'NONE', #161, #1364, #4804, .T. ) ;
#2502 = ORIENTED_EDGE ( 'NONE', *, *, #2531, .T. ) ;
#2503 = CARTESIAN_POINT ( 'NONE',  ( 4.000000000000000000, -80.99999999999998579, 15.00000000000000000 ) ) ;
#2504 = CARTESIAN_POINT ( 'NONE',  ( 7.000000000000000888, -102.0000000000000000, 15.00000000000000000 ) ) ;
#2505 = CARTESIAN_POINT ( 'NONE',  ( 20.00000000000000000, -50.84999999999999432, -14.77499999999999858 ) ) ;
#2506 = ORIENTED_EDGE ( 'NONE', *, *, #1712, .F. ) ;
#2507 = DIRECTION ( 'NONE',  ( 1.000000000000000000, -0.000000000000000000, 0.000000000000000000 ) ) ;
#2508 = VECTOR ( 'NONE', #3156, 1000.000000000000000 ) ;
#2509 = CARTESIAN_POINT ( 'NONE',  ( 11.49999999999999645, -28.99999999999999645, -30.00000000000000000 ) ) ;
#2510 = EDGE_LOOP ( 'NONE', ( #841, #4259, #3227, #4302 ) ) ;
#2511 = ORIENTED_EDGE ( 'NONE', *, *, #4335, .T. ) ;
#2512 = DIRECTION ( 'NONE',  ( -0.000000000000000000, -0.000000000000000000, 1.000000000000000000 ) ) ;
#2513 = DIRECTION ( 'NONE',  ( 0.000000000000000000, 0.000000000000000000, 1.000000000000000000 ) ) ;
#2514 = EDGE_CURVE ( 'NONE', #832, #1311, #2870, .T. ) ;
#2515 = DIRECTION ( 'NONE',  ( -0.000000000000000000, 1.045014142154684459E-15, 1.000000000000000000 ) ) ;
#2516 = ORIENTED_EDGE ( 'NONE', *, *, #4297, .F. ) ;
#2517 = VERTEX_POINT ( 'NONE', #2582 ) ;
#2518 = DIRECTION ( 'NONE',  ( 0.000000000000000000, -1.000000000000000000, 0.000000000000000000 ) ) ;
#2519 = LINE ( 'NONE', #4061, #1218 ) ;
#2520 = DIRECTION ( 'NONE',  ( 1.000000000000000000, 0.000000000000000000, -0.000000000000000000 ) ) ;
#2521 = CARTESIAN_POINT ( 'NONE',  ( 3.000000000000046185, -43.49999999999999289, 27.00000000000000355 ) ) ;
#2522 = AXIS2_PLACEMENT_3D ( 'NONE', #3608, #1006, #252 ) ;
#2523 = ADVANCED_FACE ( 'NONE', ( #1451 ), #3709, .F. ) ;
#2524 = ORIENTED_EDGE ( 'NONE', *, *, #1725, .T. ) ;
#2525 = VERTEX_POINT ( 'NONE', #2509 ) ;
#2526 = CARTESIAN_POINT ( 'NONE',  ( -12.50000000000000000, -51.00000000000000000, -30.00000000000000000 ) ) ;
#2527 = EDGE_CURVE ( 'NONE', #347, #3912, #1064, .T. ) ;
#2528 = PLANE ( 'NONE',  #4812 ) ;
#2529 = EDGE_LOOP ( 'NONE', ( #3514, #3034, #3263, #3787, #4406, #4695, #991, #701, #1196, #3605, #3963, #1593, #4749, #1010, #4461, #3127 ) ) ;
#2530 = DIRECTION ( 'NONE',  ( -0.000000000000000000, -0.000000000000000000, -1.000000000000000000 ) ) ;
#2531 = EDGE_CURVE ( 'NONE', #3879, #1787, #4048, .T. ) ;
#2532 = ORIENTED_EDGE ( 'NONE', *, *, #2681, .T. ) ;
#2533 = LINE ( 'NONE', #4052, #1617 ) ;
#2534 = ORIENTED_EDGE ( 'NONE', *, *, #3479, .F. ) ;
#2535 = DIRECTION ( 'NONE',  ( 0.000000000000000000, 0.000000000000000000, -1.000000000000000000 ) ) ;
#2536 = CARTESIAN_POINT ( 'NONE',  ( -0.3967385572695176221, 26.49522956848936772, 30.00000000000000000 ) ) ;
#2537 = CARTESIAN_POINT ( 'NONE',  ( 17.00000000000003908, -46.69999999999985363, -0.9999999999999861222 ) ) ;
#2538 = ORIENTED_EDGE ( 'NONE', *, *, #2216, .F. ) ;
#2539 = ORIENTED_EDGE ( 'NONE', *, *, #3822, .T. ) ;
#2540 = LINE ( 'NONE', #2224, #932 ) ;
#2541 = PRESENTATION_LAYER_ASSIGNMENT (  '', '', ( #3559 ) ) ;
#2542 = DIRECTION ( 'NONE',  ( 0.000000000000000000, -1.000000000000000000, -2.717036769602215961E-15 ) ) ;
#2543 = DIRECTION ( 'NONE',  ( 0.000000000000000000, -1.000000000000000000, 0.000000000000000000 ) ) ;
#2544 = VERTEX_POINT ( 'NONE', #4074 ) ;
#2545 = AXIS2_PLACEMENT_3D ( 'NONE', #3108, #4137, #2278 ) ;
#2546 = VERTEX_POINT ( 'NONE', #726 ) ;
#2547 = DIRECTION ( 'NONE',  ( -1.000000000000000000, 0.000000000000000000, 0.000000000000000000 ) ) ;
#2548 = EDGE_CURVE ( 'NONE', #3543, #4038, #3702, .T. ) ;
#2549 = AXIS2_PLACEMENT_3D ( 'NONE', #2407, #3868, #1597 ) ;
#2550 = CARTESIAN_POINT ( 'NONE',  ( 20.00000000000000000, -50.84999999999999432, -12.62500000000000178 ) ) ;
#2551 = AXIS2_PLACEMENT_3D ( 'NONE', #1299, #3161, #1391 ) ;
#2552 = DIRECTION ( 'NONE',  ( -0.000000000000000000, 1.000000000000000000, 2.717036769602215961E-15 ) ) ;
#2553 = ORIENTED_EDGE ( 'NONE', *, *, #248, .F. ) ;
#2554 = DIRECTION ( 'NONE',  ( 0.7071067811865492381, 0.7071067811865457964, -0.000000000000000000 ) ) ;
#2555 = VECTOR ( 'NONE', #4299, 1000.000000000000000 ) ;
#2556 = DIRECTION ( 'NONE',  ( -0.000000000000000000, -0.000000000000000000, -1.000000000000000000 ) ) ;
#2557 = AXIS2_PLACEMENT_3D ( 'NONE', #90, #2313, #3805 ) ;
#2558 = ORIENTED_EDGE ( 'NONE', *, *, #4100, .F. ) ;
#2559 = ADVANCED_FACE ( 'NONE', ( #1481 ), #2973, .F. ) ;
#2560 = ORIENTED_EDGE ( 'NONE', *, *, #4011, .F. ) ;
#2561 = FACE_BOUND ( 'NONE', #3111, .T. ) ;
#2562 = CARTESIAN_POINT ( 'NONE',  ( -16.49522956848936772, 9.603261442730490316, 30.00000000000000000 ) ) ;
#2563 = VECTOR ( 'NONE', #1109, 1000.000000000000000 ) ;
#2564 = LINE ( 'NONE', #2900, #2674 ) ;
#2565 = ORIENTED_EDGE ( 'NONE', *, *, #1012, .F. ) ;
#2566 = VERTEX_POINT ( 'NONE', #4498 ) ;
#2567 = CARTESIAN_POINT ( 'NONE',  ( -13.99999999999999645, -78.99999999999998579, -62.00000000000000000 ) ) ;
#2568 = DIRECTION ( 'NONE',  ( 0.000000000000000000, 0.000000000000000000, -1.000000000000000000 ) ) ;
#2569 = DIRECTION ( 'NONE',  ( 1.000000000000000000, 0.000000000000000000, 0.000000000000000000 ) ) ;
#2570 = LINE ( 'NONE', #3328, #4432 ) ;
#2571 = AXIS2_PLACEMENT_3D ( 'NONE', #3758, #1529, #2971 ) ;
#2572 = VERTEX_POINT ( 'NONE', #1556 ) ;
#2573 = ORIENTED_EDGE ( 'NONE', *, *, #3116, .T. ) ;
#2574 = FACE_OUTER_BOUND ( 'NONE', #1773, .T. ) ;
#2575 = DIRECTION ( 'NONE',  ( 0.000000000000000000, 1.000000000000000000, 0.000000000000000000 ) ) ;
#2576 = DIRECTION ( 'NONE',  ( -1.000000000000000000, 0.000000000000000000, 0.000000000000000000 ) ) ;
#2577 = EDGE_CURVE ( 'NONE', #2885, #347, #23, .T. ) ;
#2578 = ADVANCED_FACE ( 'NONE', ( #3832 ), #3441, .F. ) ;
#2579 = VECTOR ( 'NONE', #2303, 1000.000000000000000 ) ;
#2580 = VERTEX_POINT ( 'NONE', #91 ) ;
#2581 = CARTESIAN_POINT ( 'NONE',  ( 4.000000000000000000, -105.0000000000000000, 15.00000000000000000 ) ) ;
#2582 = CARTESIAN_POINT ( 'NONE',  ( 17.00000000000000000, -97.00000000000000000, 30.00000000000000000 ) ) ;
#2583 = EDGE_CURVE ( 'NONE', #4785, #1976, #181, .T. ) ;
#2584 = VERTEX_POINT ( 'NONE', #876 ) ;
#2585 = DIRECTION ( 'NONE',  ( 1.000000000000000000, 0.000000000000000000, 0.000000000000000000 ) ) ;
#2586 = EDGE_CURVE ( 'NONE', #1679, #1398, #1506, .T. ) ;
#2587 = ORIENTED_EDGE ( 'NONE', *, *, #1813, .F. ) ;
#2588 = AXIS2_PLACEMENT_3D ( 'NONE', #2673, #3039, #1863 ) ;
#2589 = DIRECTION ( 'NONE',  ( 1.000000000000000000, 0.000000000000000000, 0.000000000000000000 ) ) ;
#2590 = DIRECTION ( 'NONE',  ( 1.000000000000000000, 0.000000000000000000, 0.000000000000000000 ) ) ;
#2591 = ADVANCED_FACE ( 'NONE', ( #2998 ), #2659, .F. ) ;
#2592 = CARTESIAN_POINT ( 'NONE',  ( 0.3967385572695156237, -6.495229568489357952, 30.00000000000000000 ) ) ;
#2593 = ORIENTED_EDGE ( 'NONE', *, *, #3581, .F. ) ;
#2594 = ORIENTED_EDGE ( 'NONE', *, *, #703, .F. ) ;
#2595 = DIRECTION ( 'NONE',  ( 0.000000000000000000, 0.000000000000000000, 1.000000000000000000 ) ) ;
#2596 = LINE ( 'NONE', #4109, #2236 ) ;
#2597 = LINE ( 'NONE', #1836, #3198 ) ;
#2598 = DIRECTION ( 'NONE',  ( 1.000000000000000000, 0.000000000000000000, 0.000000000000000000 ) ) ;
#2599 = PLANE ( 'NONE',  #1731 ) ;
#2600 = ORIENTED_EDGE ( 'NONE', *, *, #1047, .T. ) ;
#2601 = ORIENTED_EDGE ( 'NONE', *, *, #3208, .F. ) ;
#2602 = DIRECTION ( 'NONE',  ( -0.000000000000000000, 0.000000000000000000, 1.000000000000000000 ) ) ;
#2603 = DIRECTION ( 'NONE',  ( 0.000000000000000000, 0.000000000000000000, -1.000000000000000000 ) ) ;
#2604 = AXIS2_PLACEMENT_3D ( 'NONE', #809, #3484, #2298 ) ;
#2605 = EDGE_CURVE ( 'NONE', #3234, #4805, #2341, .T. ) ;
#2606 = DIRECTION ( 'NONE',  ( 0.000000000000000000, 1.000000000000000000, 0.000000000000000000 ) ) ;
#2607 = LINE ( 'NONE', #4570, #1476 ) ;
#2608 = FACE_OUTER_BOUND ( 'NONE', #1227, .T. ) ;
#2609 = ORIENTED_EDGE ( 'NONE', *, *, #3472, .T. ) ;
#2610 = LINE ( 'NONE', #751, #2337 ) ;
#2611 = EDGE_CURVE ( 'NONE', #2296, #3644, #4789, .T. ) ;
#2612 = ORIENTED_EDGE ( 'NONE', *, *, #1208, .T. ) ;
#2613 = CARTESIAN_POINT ( 'NONE',  ( -0.8975300090102963368, -0.4969642708567699740, 30.00000000000000000 ) ) ;
#2614 = PLANE ( 'NONE',  #258 ) ;
#2615 = DIRECTION ( 'NONE',  ( 0.7071067811865482389, -0.7071067811865469066, 0.000000000000000000 ) ) ;
#2616 = ORIENTED_EDGE ( 'NONE', *, *, #1012, .T. ) ;
#2617 = ORIENTED_EDGE ( 'NONE', *, *, #699, .F. ) ;
#2618 = FACE_OUTER_BOUND ( 'NONE', #869, .T. ) ;
#2619 = CARTESIAN_POINT ( 'NONE',  ( -20.00000000000000000, 30.00000000000000711, -30.00000000000000000 ) ) ;
#2620 = CARTESIAN_POINT ( 'NONE',  ( 0.2524699909896935268, -0.4969642708567700851, -50.00000000000000000 ) ) ;
#2621 = CARTESIAN_POINT ( 'NONE',  ( 18.80000000000003979, 0.000000000000000000, 0.000000000000000000 ) ) ;
#2622 = LINE ( 'NONE', #4139, #2821 ) ;
#2623 = ORIENTED_EDGE ( 'NONE', *, *, #2712, .T. ) ;
#2624 = ORIENTED_EDGE ( 'NONE', *, *, #2345, .F. ) ;
#2625 = CYLINDRICAL_SURFACE ( 'NONE', #3578, 1.699999999999999956 ) ;
#2626 = AXIS2_PLACEMENT_3D ( 'NONE', #4561, #4538, #1201 ) ;
#2627 = EDGE_CURVE ( 'NONE', #679, #4631, #1235, .T. ) ;
#2628 = DIRECTION ( 'NONE',  ( 1.000000000000000000, 0.000000000000000000, 0.000000000000000000 ) ) ;
#2629 = AXIS2_PLACEMENT_3D ( 'NONE', #3252, #4376, #4429 ) ;
#2630 = VERTEX_POINT ( 'NONE', #1212 ) ;
#2631 = LINE ( 'NONE', #3414, #3258 ) ;
#2632 = AXIS2_PLACEMENT_3D ( 'NONE', #3706, #3337, #700 ) ;
#2633 = DIRECTION ( 'NONE',  ( -1.000000000000000000, 0.000000000000000000, 0.000000000000000000 ) ) ;
#2634 = EDGE_LOOP ( 'NONE', ( #2114, #2784, #3537, #3791 ) ) ;
#2635 = FACE_BOUND ( 'NONE', #3292, .T. ) ;
#2636 = AXIS2_PLACEMENT_3D ( 'NONE', #4201, #858, #3836 ) ;
#2637 = EDGE_LOOP ( 'NONE', ( #3477, #1641, #3400, #3195 ) ) ;
#2638 = LINE ( 'NONE', #117, #3731 ) ;
#2639 = FACE_OUTER_BOUND ( 'NONE', #563, .T. ) ;
#2640 = VECTOR ( 'NONE', #3364, 1000.000000000000000 ) ;
#2641 = ADVANCED_FACE ( 'NONE', ( #1925 ), #1997, .T. ) ;
#2642 = VERTEX_POINT ( 'NONE', #4572 ) ;
#2643 = EDGE_LOOP ( 'NONE', ( #4387, #3710 ) ) ;
#2644 = DIRECTION ( 'NONE',  ( -0.7071067811865479058, -0.7071067811865471286, 0.000000000000000000 ) ) ;
#2645 = CARTESIAN_POINT ( 'NONE',  ( -20.00000000000000000, -29.99999999999999289, 30.00000000000000000 ) ) ;
#2646 = VECTOR ( 'NONE', #4223, 1000.000000000000000 ) ;
#2647 = DIRECTION ( 'NONE',  ( -1.000000000000000000, -0.000000000000000000, -0.000000000000000000 ) ) ;
#2648 = FACE_OUTER_BOUND ( 'NONE', #189, .T. ) ;
#2649 = FACE_OUTER_BOUND ( 'NONE', #1259, .T. ) ;
#2650 = AXIS2_PLACEMENT_3D ( 'NONE', #590, #3251, #1322 ) ;
#2651 = VERTEX_POINT ( 'NONE', #71 ) ;
#2652 = VERTEX_POINT ( 'NONE', #779 ) ;
#2653 = CARTESIAN_POINT ( 'NONE',  ( -17.74522956848995037, 9.603261442730490316, 30.00000000000000000 ) ) ;
#2654 = ADVANCED_FACE ( 'NONE', ( #1901 ), #4549, .F. ) ;
#2655 = EDGE_CURVE ( 'NONE', #4075, #2357, #46, .T. ) ;
#2656 = CYLINDRICAL_SURFACE ( 'NONE', #2710, 2.149999999999997247 ) ;
#2657 = CARTESIAN_POINT ( 'NONE',  ( 15.24522956848995214, 10.39673855726952389, -30.00000000000000000 ) ) ;
#2658 = CARTESIAN_POINT ( 'NONE',  ( 11.49999999999999645, -19.00000000000000355, 35.00000000000000000 ) ) ;
#2659 = CYLINDRICAL_SURFACE ( 'NONE', #816, 2.150000000000004352 ) ;
#2660 = ORIENTED_EDGE ( 'NONE', *, *, #1986, .F. ) ;
#2661 = DIRECTION ( 'NONE',  ( 0.000000000000000000, 1.000000000000000000, -2.377407173401953017E-15 ) ) ;
#2662 = AXIS2_PLACEMENT_3D ( 'NONE', #1038, #287, #4369 ) ;
#2663 = ORIENTED_EDGE ( 'NONE', *, *, #3116, .F. ) ;
#2664 = CARTESIAN_POINT ( 'NONE',  ( 10.49696427085677897, 10.25246999098970235, -30.00000000000000000 ) ) ;
#2665 = FACE_OUTER_BOUND ( 'NONE', #1844, .T. ) ;
#2666 = ORIENTED_EDGE ( 'NONE', *, *, #488, .T. ) ;
#2667 = ORIENTED_EDGE ( 'NONE', *, *, #1045, .T. ) ;
#2668 = VECTOR ( 'NONE', #2305, 1000.000000000000114 ) ;
#2669 =( NAMED_UNIT ( * ) PLANE_ANGLE_UNIT ( ) SI_UNIT ( $, .RADIAN. ) );
#2670 = EDGE_CURVE ( 'NONE', #1936, #3097, #3542, .T. ) ;
#2671 = FACE_OUTER_BOUND ( 'NONE', #3143, .T. ) ;
#2672 = DIRECTION ( 'NONE',  ( -0.7071067811865493491, -0.7071067811865457964, -0.000000000000000000 ) ) ;
#2673 = CARTESIAN_POINT ( 'NONE',  ( 10.00000000000000000, -100.2699999999999960, -14.77499999999999858 ) ) ;
#2674 = VECTOR ( 'NONE', #710, 1000.000000000000000 ) ;
#2675 = ORIENTED_EDGE ( 'NONE', *, *, #4411, .F. ) ;
#2676 = VERTEX_POINT ( 'NONE', #2706 ) ;
#2677 = DIRECTION ( 'NONE',  ( -1.000000000000000000, -0.000000000000000000, -0.000000000000000000 ) ) ;
#2678 = EDGE_CURVE ( 'NONE', #490, #1041, #4525, .T. ) ;
#2679 = CARTESIAN_POINT ( 'NONE',  ( 18.80000000000003979, -97.00000000000000000, 8.850000000000003197 ) ) ;
#2680 = EDGE_CURVE ( 'NONE', #4758, #1910, #803, .T. ) ;
#2681 = EDGE_CURVE ( 'NONE', #3717, #169, #3784, .T. ) ;
#2682 = ORIENTED_EDGE ( 'NONE', *, *, #771, .F. ) ;
#2683 = CYLINDRICAL_SURFACE ( 'NONE', #2557, 1.150000000000011235 ) ;
#2684 = AXIS2_PLACEMENT_3D ( 'NONE', #1841, #1162, #2938 ) ;
#2685 = DIRECTION ( 'NONE',  ( 0.000000000000000000, 0.000000000000000000, -1.000000000000000000 ) ) ;
#2686 = ORIENTED_EDGE ( 'NONE', *, *, #401, .F. ) ;
#2687 = DIRECTION ( 'NONE',  ( 1.000000000000000000, 0.000000000000000000, 0.000000000000000000 ) ) ;
#2688 = AXIS2_PLACEMENT_3D ( 'NONE', #1139, #2633, #4124 ) ;
#2689 = ADVANCED_FACE ( 'NONE', ( #1579 ), #3071, .F. ) ;
#2690 = VERTEX_POINT ( 'NONE', #4640 ) ;
#2691 = CARTESIAN_POINT ( 'NONE',  ( -13.99999999999999645, -88.99999999999998579, -62.00000000000000000 ) ) ;
#2692 = EDGE_LOOP ( 'NONE', ( #4445, #434, #1072, #1313, #727, #3078, #3707, #2943, #3021 ) ) ;
#2693 = ORIENTED_EDGE ( 'NONE', *, *, #4675, .F. ) ;
#2694 = CARTESIAN_POINT ( 'NONE',  ( -10.49696427085677897, 9.747530009010310081, 27.00000000000001066 ) ) ;
#2695 = CARTESIAN_POINT ( 'NONE',  ( 18.80000000000003979, -46.69999999999996021, 8.849999999999981881 ) ) ;
#2696 = FACE_OUTER_BOUND ( 'NONE', #1198, .T. ) ;
#2697 = CARTESIAN_POINT ( 'NONE',  ( 10.00000000000000000, -100.2699999999999960, -14.77499999999999858 ) ) ;
#2698 = ORIENTED_EDGE ( 'NONE', *, *, #3264, .F. ) ;
#2699 = ORIENTED_EDGE ( 'NONE', *, *, #2611, .F. ) ;
#2700 = CARTESIAN_POINT ( 'NONE',  ( 18.80000000000003979, -105.3000000000000540, -10.85000000000000142 ) ) ;
#2701 = LINE ( 'NONE', #4216, #3101 ) ;
#2702 = EDGE_CURVE ( 'NONE', #1855, #4781, #206, .T. ) ;
#2703 = DIRECTION ( 'NONE',  ( 1.000000000000000000, -0.000000000000000000, -0.000000000000000000 ) ) ;
#2704 = AXIS2_PLACEMENT_3D ( 'NONE', #1102, #1126, #3624 ) ;
#2705 = CARTESIAN_POINT ( 'NONE',  ( -0.2524699909896948036, 20.49696427085678252, 30.00000000000000000 ) ) ;
#2706 = CARTESIAN_POINT ( 'NONE',  ( -12.29999999999998828, -88.99999999999998579, -27.00000000000000000 ) ) ;
#2707 = ORIENTED_EDGE ( 'NONE', *, *, #2888, .F. ) ;
#2708 = FACE_BOUND ( 'NONE', #3465, .T. ) ;
#2709 = VERTEX_POINT ( 'NONE', #1627 ) ;
#2710 = AXIS2_PLACEMENT_3D ( 'NONE', #2970, #3311, #3781 ) ;
#2711 = LINE ( 'NONE', #4154, #2242 ) ;
#2712 = EDGE_CURVE ( 'NONE', #4653, #2923, #2415, .T. ) ;
#2713 = ORIENTED_EDGE ( 'NONE', *, *, #677, .T. ) ;
#2714 = ORIENTED_EDGE ( 'NONE', *, *, #1562, .F. ) ;
#2715 = LINE ( 'NONE', #3793, #2779 ) ;
#2716 = CARTESIAN_POINT ( 'NONE',  ( 10.00000000000000000, -100.2699999999999960, 4.924999999999998934 ) ) ;
#2717 = CARTESIAN_POINT ( 'NONE',  ( -9.346964270856195967, 9.747530009010310081, 27.00000000000001066 ) ) ;
#2718 = DIRECTION ( 'NONE',  ( -0.000000000000000000, 0.000000000000000000, 1.000000000000000000 ) ) ;
#2719 = ORIENTED_EDGE ( 'NONE', *, *, #2754, .F. ) ;
#2720 = EDGE_LOOP ( 'NONE', ( #2506, #4678, #1667, #555 ) ) ;
#2721 = DIRECTION ( 'NONE',  ( 0.000000000000000000, 0.000000000000000000, 1.000000000000000000 ) ) ;
#2722 = VECTOR ( 'NONE', #3144, 1000.000000000000000 ) ;
#2723 = CIRCLE ( 'NONE', #849, 1.150000000000011235 ) ;
#2724 = AXIS2_PLACEMENT_3D ( 'NONE', #3360, #323, #4435 ) ;
#2725 = FACE_OUTER_BOUND ( 'NONE', #1332, .T. ) ;
#2726 = EDGE_CURVE ( 'NONE', #33, #2828, #3876, .T. ) ;
#2727 = LINE ( 'NONE', #2021, #4725 ) ;
#2728 = EDGE_CURVE ( 'NONE', #274, #510, #3213, .T. ) ;
#2729 = CARTESIAN_POINT ( 'NONE',  ( 13.99999999999999645, -26.50000000000000355, 35.00000000000000000 ) ) ;
#2730 = VECTOR ( 'NONE', #4546, 1000.000000000000000 ) ;
#2731 = ORIENTED_EDGE ( 'NONE', *, *, #4657, .F. ) ;
#2732 = DIRECTION ( 'NONE',  ( 0.7071067811865477948, 0.7071067811865473507, -0.000000000000000000 ) ) ;
#2733 = ORIENTED_EDGE ( 'NONE', *, *, #3398, .T. ) ;
#2734 = CARTESIAN_POINT ( 'NONE',  ( 20.00000000000000000, -50.84999999999999432, -14.77499999999999858 ) ) ;
#2735 = CIRCLE ( 'NONE', #1878, 1.150000000000011235 ) ;
#2736 = ORIENTED_EDGE ( 'NONE', *, *, #2726, .T. ) ;
#2737 = ORIENTED_EDGE ( 'NONE', *, *, #3479, .T. ) ;
#2738 = CARTESIAN_POINT ( 'NONE',  ( -17.74522956848995037, 9.603261442730490316, -50.00000000000000000 ) ) ;
#2739 = CARTESIAN_POINT ( 'NONE',  ( -14.00000000000000355, -26.50000000000000355, 35.00000000000000000 ) ) ;
#2740 = FACE_OUTER_BOUND ( 'NONE', #2185, .T. ) ;
#2741 = EDGE_CURVE ( 'NONE', #4366, #2323, #2067, .T. ) ;
#2742 = CARTESIAN_POINT ( 'NONE',  ( -20.00000000000000000, 19.00000000000002487, 30.00000000000000000 ) ) ;
#2743 = EDGE_LOOP ( 'NONE', ( #537, #742, #286, #4434 ) ) ;
#2744 = EDGE_LOOP ( 'NONE', ( #99, #4730, #3395, #2874, #883, #786, #3865, #3149, #1028, #4065, #2916, #3964, #145, #2032, #2267, #785, #2612 ) ) ;
#2745 = FACE_OUTER_BOUND ( 'NONE', #2074, .T. ) ;
#2746 = CARTESIAN_POINT ( 'NONE',  ( -16.49522956848936772, 9.603261442730490316, -27.00000000000000000 ) ) ;
#2747 = VECTOR ( 'NONE', #553, 1000.000000000000000 ) ;
#2748 = LINE ( 'NONE', #2384, #3970 ) ;
#2749 = CARTESIAN_POINT ( 'NONE',  ( 3.000000000000039080, -43.49999999999999289, -27.00000000000000000 ) ) ;
#2750 = CARTESIAN_POINT ( 'NONE',  ( 20.00000000000000000, -50.84999999999999432, -2.774999999999999467 ) ) ;
#2751 = CARTESIAN_POINT ( 'NONE',  ( 10.00000000000000000, -50.84999999999999432, -4.924999999999998934 ) ) ;
#2752 = ORIENTED_EDGE ( 'NONE', *, *, #4324, .T. ) ;
#2753 = DIRECTION ( 'NONE',  ( 0.7071067811865482389, -0.7071067811865469066, 0.000000000000000000 ) ) ;
#2754 = EDGE_CURVE ( 'NONE', #161, #2690, #4006, .T. ) ;
#2755 = ORIENTED_EDGE ( 'NONE', *, *, #513, .T. ) ;
#2756 = VECTOR ( 'NONE', #1304, 1000.000000000000000 ) ;
#2757 = FACE_BOUND ( 'NONE', #1602, .T. ) ;
#2758 = ORIENTED_EDGE ( 'NONE', *, *, #4474, .T. ) ;
#2759 = VECTOR ( 'NONE', #505, 1000.000000000000000 ) ;
#2760 = EDGE_CURVE ( 'NONE', #2300, #2357, #983, .T. ) ;
#2761 = ORIENTED_EDGE ( 'NONE', *, *, #1351, .F. ) ;
#2762 = ORIENTED_EDGE ( 'NONE', *, *, #3834, .F. ) ;
#2763 = LINE ( 'NONE', #2833, #1957 ) ;
#2764 = DIRECTION ( 'NONE',  ( 0.000000000000000000, 0.000000000000000000, -1.000000000000000000 ) ) ;
#2765 = CARTESIAN_POINT ( 'NONE',  ( -9.000000000000017764, -54.99999999999999289, 30.00000000000000000 ) ) ;
#2766 = ORIENTED_EDGE ( 'NONE', *, *, #4466, .F. ) ;
#2767 = VERTEX_POINT ( 'NONE', #2842 ) ;
#2768 = CIRCLE ( 'NONE', #623, 1.149999999999417044 ) ;
#2769 = DIRECTION ( 'NONE',  ( 0.000000000000000000, -1.387778780781450251E-14, -1.000000000000000000 ) ) ;
#2770 = FACE_BOUND ( 'NONE', #1, .T. ) ;
#2771 = EDGE_CURVE ( 'NONE', #144, #197, #1257, .T. ) ;
#2772 = CARTESIAN_POINT ( 'NONE',  ( 4.000000000000000000, -80.99999999999998579, -30.00000000000000000 ) ) ;
#2773 = LINE ( 'NONE', #2749, #3384 ) ;
#2774 = DIRECTION ( 'NONE',  ( 1.000000000000000000, -0.000000000000000000, -0.000000000000000000 ) ) ;
#2775 = DIRECTION ( 'NONE',  ( 0.000000000000000000, 0.000000000000000000, -1.000000000000000000 ) ) ;
#2776 = DIRECTION ( 'NONE',  ( 0.000000000000000000, 0.000000000000000000, -1.000000000000000000 ) ) ;
#2777 = ORIENTED_EDGE ( 'NONE', *, *, #1510, .T. ) ;
#2778 = DIRECTION ( 'NONE',  ( 1.000000000000000000, 1.734723475976807341E-16, -0.000000000000000000 ) ) ;
#2779 = VECTOR ( 'NONE', #1152, 1000.000000000000000 ) ;
#2780 = ORIENTED_EDGE ( 'NONE', *, *, #2741, .T. ) ;
#2781 = FACE_OUTER_BOUND ( 'NONE', #543, .T. ) ;
#2782 = VECTOR ( 'NONE', #1318, 1000.000000000000000 ) ;
#2783 = EDGE_LOOP ( 'NONE', ( #3375, #4373, #1131, #4286 ) ) ;
#2784 = ORIENTED_EDGE ( 'NONE', *, *, #2655, .F. ) ;
#2785 = VECTOR ( 'NONE', #349, 1000.000000000000000 ) ;
#2786 = ORIENTED_EDGE ( 'NONE', *, *, #477, .T. ) ;
#2787 = PLANE ( 'NONE',  #2500 ) ;
#2788 = CARTESIAN_POINT ( 'NONE',  ( 18.80000000000003979, -46.69999999999996021, 10.84999999999994991 ) ) ;
#2789 = ADVANCED_FACE ( 'NONE', ( #159 ), #135, .F. ) ;
#2790 = ADVANCED_FACE ( 'NONE', ( #3165 ), #2437, .F. ) ;
#2791 = AXIS2_PLACEMENT_3D ( 'NONE', #2858, #249, #271 ) ;
#2792 = CARTESIAN_POINT ( 'NONE',  ( 0.2524699909896935268, -0.4969642708567700851, 27.00000000000001066 ) ) ;
#2793 = ORIENTED_EDGE ( 'NONE', *, *, #2256, .T. ) ;
#2794 = VERTEX_POINT ( 'NONE', #4337 ) ;
#2795 = FACE_BOUND ( 'NONE', #1116, .T. ) ;
#2796 = DIRECTION ( 'NONE',  ( 1.000000000000000000, 0.000000000000000000, 0.000000000000000000 ) ) ;
#2797 = AXIS2_PLACEMENT_3D ( 'NONE', #1606, #1583, #1956 ) ;
#2798 = VECTOR ( 'NONE', #1599, 1000.000000000000000 ) ;
#2799 = ADVANCED_FACE ( 'NONE', ( #898 ), #2388, .F. ) ;
#2800 = CARTESIAN_POINT ( 'NONE',  ( 20.00000000000001066, 18.99999999999994671, 27.00000000000000355 ) ) ;
#2801 = AXIS2_PLACEMENT_3D ( 'NONE', #3904, #4247, #1727 ) ;
#2802 = CARTESIAN_POINT ( 'NONE',  ( 20.00000000000000000, -50.84999999999999432, -4.924999999999998934 ) ) ;
#2803 = CARTESIAN_POINT ( 'NONE',  ( -13.99999999999999645, -88.99999999999998579, -30.00000000000000000 ) ) ;
#2804 = EDGE_CURVE ( 'NONE', #1654, #951, #4269, .T. ) ;
#2805 = CARTESIAN_POINT ( 'NONE',  ( 18.80000000000003979, -46.69999999999996021, -10.84999999999994813 ) ) ;
#2806 = CARTESIAN_POINT ( 'NONE',  ( 7.000000000000000888, -83.99999999999998579, 15.00000000000000000 ) ) ;
#2807 = ORIENTED_EDGE ( 'NONE', *, *, #3186, .F. ) ;
#2808 = CARTESIAN_POINT ( 'NONE',  ( 17.00000000000003908, -46.69999999999996021, 10.84999999999994991 ) ) ;
#2809 = VERTEX_POINT ( 'NONE', #966 ) ;
#2810 = ORIENTED_EDGE ( 'NONE', *, *, #2256, .F. ) ;
#2811 = ORIENTED_EDGE ( 'NONE', *, *, #3952, .F. ) ;
#2812 = LINE ( 'NONE', #630, #3203 ) ;
#2813 = DIRECTION ( 'NONE',  ( 0.000000000000000000, 0.000000000000000000, -1.000000000000000000 ) ) ;
#2814 = DIRECTION ( 'NONE',  ( 0.000000000000000000, 1.000000000000000000, 0.000000000000000000 ) ) ;
#2815 = VERTEX_POINT ( 'NONE', #2092 ) ;
#2816 = VERTEX_POINT ( 'NONE', #2482 ) ;
#2817 = FACE_BOUND ( 'NONE', #2836, .T. ) ;
#2818 = EDGE_CURVE ( 'NONE', #2676, #1883, #635, .T. ) ;
#2819 = LINE ( 'NONE', #1026, #843 ) ;
#2820 = EDGE_CURVE ( 'NONE', #4417, #1144, #3765, .T. ) ;
#2821 = VECTOR ( 'NONE', #1468, 1000.000000000000000 ) ;
#2822 = DIRECTION ( 'NONE',  ( -0.7071067811865471286, 0.7071067811865479058, 0.000000000000000000 ) ) ;
#2823 = DIRECTION ( 'NONE',  ( 0.000000000000000000, 0.000000000000000000, -1.000000000000000000 ) ) ;
#2824 = DIRECTION ( 'NONE',  ( 0.000000000000000000, 0.000000000000000000, -1.000000000000000000 ) ) ;
#2825 = AXIS2_PLACEMENT_3D ( 'NONE', #4056, #1808, #2196 ) ;
#2826 = CARTESIAN_POINT ( 'NONE',  ( 17.00000000000004974, -50.84999999999999432, -4.924999999999998934 ) ) ;
#2827 = CARTESIAN_POINT ( 'NONE',  ( 17.00000000000003908, -105.2999999999999829, -1.000000000000002220 ) ) ;
#2828 = VERTEX_POINT ( 'NONE', #1675 ) ;
#2829 = CARTESIAN_POINT ( 'NONE',  ( -7.500000000000000888, -69.99999999999998579, 15.00000000000000000 ) ) ;
#2830 = ORIENTED_EDGE ( 'NONE', *, *, #1045, .F. ) ;
#2831 = EDGE_CURVE ( 'NONE', #4222, #1265, #4662, .T. ) ;
#2832 = ORIENTED_EDGE ( 'NONE', *, *, #3518, .T. ) ;
#2833 = CARTESIAN_POINT ( 'NONE',  ( -12.50000000000000000, -51.00000000000000000, 15.00000000000000000 ) ) ;
#2834 = DIRECTION ( 'NONE',  ( 0.7071067811865457964, -0.7071067811865493491, 0.000000000000000000 ) ) ;
#2835 = LINE ( 'NONE', #2080, #4229 ) ;
#2836 = EDGE_LOOP ( 'NONE', ( #3064, #4170 ) ) ;
#2837 = ORIENTED_EDGE ( 'NONE', *, *, #1779, .T. ) ;
#2838 = CARTESIAN_POINT ( 'NONE',  ( 17.00000000000003908, -105.3000000000000256, -8.850000000000008527 ) ) ;
#2839 = DIRECTION ( 'NONE',  ( 0.000000000000000000, 0.000000000000000000, 1.000000000000000000 ) ) ;
#2840 = VERTEX_POINT ( 'NONE', #945 ) ;
#2841 = DIRECTION ( 'NONE',  ( 0.000000000000000000, 0.000000000000000000, -1.000000000000000000 ) ) ;
#2842 = CARTESIAN_POINT ( 'NONE',  ( 17.00000000000003908, -97.00000000000000000, -8.850000000000003197 ) ) ;
#2843 = EDGE_CURVE ( 'NONE', #3833, #582, #576, .T. ) ;
#2844 = FACE_OUTER_BOUND ( 'NONE', #75, .T. ) ;
#2845 = ORIENTED_EDGE ( 'NONE', *, *, #4621, .T. ) ;
#2846 = DIRECTION ( 'NONE',  ( -1.000000000000000000, 0.000000000000000000, 0.000000000000000000 ) ) ;
#2847 = ORIENTED_EDGE ( 'NONE', *, *, #3656, .F. ) ;
#2848 = EDGE_CURVE ( 'NONE', #2525, #3717, #372, .T. ) ;
#2849 = ORIENTED_EDGE ( 'NONE', *, *, #2378, .T. ) ;
#2850 = DIRECTION ( 'NONE',  ( 0.7071067811865457964, -0.7071067811865492381, -0.000000000000000000 ) ) ;
#2851 = CARTESIAN_POINT ( 'NONE',  ( 11.64696427085619668, 10.25246999098970235, 30.00000000000000000 ) ) ;
#2852 = AXIS2_PLACEMENT_3D ( 'NONE', #4548, #2775, #596 ) ;
#2853 = EDGE_CURVE ( 'NONE', #1945, #141, #3261, .T. ) ;
#2854 = CARTESIAN_POINT ( 'NONE',  ( -11.64696427085736197, 9.747530009010310081, -27.00000000000000000 ) ) ;
#2855 = ORIENTED_EDGE ( 'NONE', *, *, #3978, .T. ) ;
#2856 = ORIENTED_EDGE ( 'NONE', *, *, #254, .F. ) ;
#2857 = FACE_OUTER_BOUND ( 'NONE', #1629, .T. ) ;
#2858 = CARTESIAN_POINT ( 'NONE',  ( -20.00000000000000000, 19.00000000000002487, 30.00000000000000000 ) ) ;
#2859 = VECTOR ( 'NONE', #4144, 1000.000000000000000 ) ;
#2860 = ORIENTED_EDGE ( 'NONE', *, *, #2831, .T. ) ;
#2861 = ORIENTED_EDGE ( 'NONE', *, *, #3264, .T. ) ;
#2862 = AXIS2_PLACEMENT_3D ( 'NONE', #2705, #3783, #457 ) ;
#2863 = DIRECTION ( 'NONE',  ( 0.000000000000000000, -1.000000000000000000, 0.000000000000000000 ) ) ;
#2864 = DIRECTION ( 'NONE',  ( 0.000000000000000000, 4.180056568618783592E-15, -1.000000000000000000 ) ) ;
#2865 = VECTOR ( 'NONE', #3001, 1000.000000000000000 ) ;
#2866 = ADVANCED_FACE ( 'NONE', ( #2649 ), #277, .F. ) ;
#2867 = DIRECTION ( 'NONE',  ( -0.000000000000000000, -0.000000000000000000, 1.000000000000000000 ) ) ;
#2868 = VERTEX_POINT ( 'NONE', #4090 ) ;
#2869 = CARTESIAN_POINT ( 'NONE',  ( 18.80000000000003979, -105.3000000000000540, -10.85000000000000142 ) ) ;
#2870 = LINE ( 'NONE', #354, #3308 ) ;
#2871 = AXIS2_PLACEMENT_3D ( 'NONE', #3136, #1251, #1990 ) ;
#2872 = VERTEX_POINT ( 'NONE', #3405 ) ;
#2873 = EDGE_CURVE ( 'NONE', #3692, #3426, #2622, .T. ) ;
#2874 = ORIENTED_EDGE ( 'NONE', *, *, #190, .F. ) ;
#2875 = CARTESIAN_POINT ( 'NONE',  ( -0.8532614427304645588, -6.495229568489357952, -30.00000000000000000 ) ) ;
#2876 = PLANE ( 'NONE',  #670 ) ;
#2877 = DIRECTION ( 'NONE',  ( 1.000000000000000000, 0.000000000000000000, 0.000000000000000000 ) ) ;
#2878 = VERTEX_POINT ( 'NONE', #4459 ) ;
#2879 = ORIENTED_EDGE ( 'NONE', *, *, #278, .T. ) ;
#2880 = DIRECTION ( 'NONE',  ( 0.000000000000000000, -0.000000000000000000, -1.000000000000000000 ) ) ;
#2881 = ADVANCED_FACE ( 'NONE', ( #4539 ), #4161, .F. ) ;
#2882 = LINE ( 'NONE', #2984, #3326 ) ;
#2883 = LINE ( 'NONE', #3482, #4827 ) ;
#2884 = DIRECTION ( 'NONE',  ( 1.000000000000000000, 0.000000000000000000, 0.000000000000000000 ) ) ;
#2885 = VERTEX_POINT ( 'NONE', #3994 ) ;
#2886 = AXIS2_PLACEMENT_3D ( 'NONE', #955, #3201, #4346 ) ;
#2887 = ORIENTED_EDGE ( 'NONE', *, *, #745, .F. ) ;
#2888 = EDGE_CURVE ( 'NONE', #118, #3939, #3840, .T. ) ;
#2889 = PLANE ( 'NONE',  #2058 ) ;
#2890 = VECTOR ( 'NONE', #4651, 1000.000000000000000 ) ;
#2891 = CARTESIAN_POINT ( 'NONE',  ( 11.35000000000000320, -115.9999999999999858, -62.00000000000000000 ) ) ;
#2892 = ORIENTED_EDGE ( 'NONE', *, *, #2056, .T. ) ;
#2893 = DIRECTION ( 'NONE',  ( 0.000000000000000000, -1.000000000000000000, 0.000000000000000000 ) ) ;
#2894 = VECTOR ( 'NONE', #2867, 1000.000000000000000 ) ;
#2895 = CARTESIAN_POINT ( 'NONE',  ( -12.29999999999998828, -78.99999999999998579, -62.00000000000000000 ) ) ;
#2896 = VERTEX_POINT ( 'NONE', #2279 ) ;
#2897 = VERTEX_POINT ( 'NONE', #3357 ) ;
#2898 = FACE_OUTER_BOUND ( 'NONE', #1571, .T. ) ;
#2899 = CARTESIAN_POINT ( 'NONE',  ( 17.00000000000003908, -46.69999999999985363, -0.9999999999999861222 ) ) ;
#2900 = CARTESIAN_POINT ( 'NONE',  ( 1.000000000000000888, -105.0000000000000000, 15.00000000000000000 ) ) ;
#2901 = EDGE_CURVE ( 'NONE', #4515, #2544, #3772, .T. ) ;
#2902 = ORIENTED_EDGE ( 'NONE', *, *, #1550, .F. ) ;
#2903 = ORIENTED_EDGE ( 'NONE', *, *, #2164, .F. ) ;
#2904 = CARTESIAN_POINT ( 'NONE',  ( 1.000000000000000888, -105.0000000000000000, -30.00000000000000000 ) ) ;
#2905 = DIRECTION ( 'NONE',  ( 0.000000000000000000, 0.000000000000000000, 1.000000000000000000 ) ) ;
#2906 = DIRECTION ( 'NONE',  ( -0.000000000000000000, -0.000000000000000000, 1.000000000000000000 ) ) ;
#2907 = AXIS2_PLACEMENT_3D ( 'NONE', #1368, #2065, #4385 ) ;
#2908 = ORIENTED_EDGE ( 'NONE', *, *, #194, .F. ) ;
#2909 = ORIENTED_EDGE ( 'NONE', *, *, #2741, .F. ) ;
#2910 = LINE ( 'NONE', #1819, #1551 ) ;
#2911 = AXIS2_PLACEMENT_3D ( 'NONE', #2266, #2685, #1601 ) ;
#2912 = CARTESIAN_POINT ( 'NONE',  ( 3.000000000000000888, -115.9999999999999858, -62.00000000000000000 ) ) ;
#2913 = CARTESIAN_POINT ( 'NONE',  ( -13.99999999999999645, -88.99999999999998579, -27.00000000000000000 ) ) ;
#2914 = ADVANCED_FACE ( 'NONE', ( #1369 ), #2230, .F. ) ;
#2915 = PLANE ( 'NONE',  #1612 ) ;
#2916 = ORIENTED_EDGE ( 'NONE', *, *, #3436, .F. ) ;
#2917 = LINE ( 'NONE', #1374, #4121 ) ;
#2918 = ORIENTED_EDGE ( 'NONE', *, *, #2843, .F. ) ;
#2919 = ORIENTED_EDGE ( 'NONE', *, *, #3937, .F. ) ;
#2920 = FACE_BOUND ( 'NONE', #4791, .T. ) ;
#2921 = DIRECTION ( 'NONE',  ( 0.7071067811865473507, 0.7071067811865477948, 0.000000000000000000 ) ) ;
#2922 = CARTESIAN_POINT ( 'NONE',  ( -14.00000000000000178, -21.50000000000000000, 35.00000000000000000 ) ) ;
#2923 = VERTEX_POINT ( 'NONE', #3630 ) ;
#2924 = ORIENTED_EDGE ( 'NONE', *, *, #1648, .T. ) ;
#2925 = DIRECTION ( 'NONE',  ( -0.000000000000000000, -0.000000000000000000, 1.000000000000000000 ) ) ;
#2926 = LINE ( 'NONE', #1389, #4728 ) ;
#2927 = CIRCLE ( 'NONE', #1607, 1.249999999999414690 ) ;
#2928 = EDGE_CURVE ( 'NONE', #3067, #4116, #2960, .T. ) ;
#2929 = DIRECTION ( 'NONE',  ( -0.000000000000000000, -0.000000000000000000, 1.000000000000000000 ) ) ;
#2930 = ADVANCED_FACE ( 'NONE', ( #2116 ), #423, .F. ) ;
#2931 = CARTESIAN_POINT ( 'NONE',  ( -13.99999999999999467, 4.857225732735054342E-15, 30.00000000000000000 ) ) ;
#2932 = ORIENTED_EDGE ( 'NONE', *, *, #2056, .F. ) ;
#2933 = VECTOR ( 'NONE', #2104, 1000.000000000000000 ) ;
#2934 = ORIENTED_EDGE ( 'NONE', *, *, #2204, .T. ) ;
#2935 = FACE_BOUND ( 'NONE', #666, .T. ) ;
#2936 = VECTOR ( 'NONE', #721, 1000.000000000000000 ) ;
#2937 = EDGE_CURVE ( 'NONE', #804, #712, #3610, .T. ) ;
#2938 = DIRECTION ( 'NONE',  ( 0.000000000000000000, 0.000000000000000000, -1.000000000000000000 ) ) ;
#2939 = ADVANCED_FACE ( 'NONE', ( #1105 ), #2599, .F. ) ;
#2940 = VECTOR ( 'NONE', #2133, 1000.000000000000000 ) ;
#2941 = EDGE_CURVE ( 'NONE', #33, #629, #4772, .T. ) ;
#2942 = CARTESIAN_POINT ( 'NONE',  ( -1.402469990989706039, 20.49696427085678252, -30.00000000000000000 ) ) ;
#2943 = ORIENTED_EDGE ( 'NONE', *, *, #3013, .T. ) ;
#2944 = LINE ( 'NONE', #4072, #1699 ) ;
#2945 = VECTOR ( 'NONE', #3287, 1000.000000000000000 ) ;
#2946 = VECTOR ( 'NONE', #1899, 1000.000000000000000 ) ;
#2947 = ORIENTED_EDGE ( 'NONE', *, *, #1971, .T. ) ;
#2948 = VECTOR ( 'NONE', #1254, 1000.000000000000000 ) ;
#2949 = VERTEX_POINT ( 'NONE', #2257 ) ;
#2950 = CARTESIAN_POINT ( 'NONE',  ( 17.00000000000000000, -100.2699999999999960, 4.924999999999998934 ) ) ;
#2951 = FACE_OUTER_BOUND ( 'NONE', #374, .T. ) ;
#2952 = AXIS2_PLACEMENT_3D ( 'NONE', #3193, #3124, #3927 ) ;
#2953 = DIRECTION ( 'NONE',  ( 0.000000000000000000, 0.000000000000000000, -1.000000000000000000 ) ) ;
#2954 = VERTEX_POINT ( 'NONE', #397 ) ;
#2955 = ORIENTED_EDGE ( 'NONE', *, *, #2476, .T. ) ;
#2956 = DIRECTION ( 'NONE',  ( -0.000000000000000000, 0.000000000000000000, 1.000000000000000000 ) ) ;
#2957 = CARTESIAN_POINT ( 'NONE',  ( 11.50000000000000000, -28.99999999999999289, -27.00000000000000000 ) ) ;
#2958 = DIRECTION ( 'NONE',  ( -0.000000000000000000, -0.000000000000000000, 1.000000000000000000 ) ) ;
#2959 = DIRECTION ( 'NONE',  ( 0.7071067811865457964, -0.7071067811865492381, -0.000000000000000000 ) ) ;
#2960 = LINE ( 'NONE', #4113, #320 ) ;
#2961 = CIRCLE ( 'NONE', #3828, 1.150000000000011235 ) ;
#2962 = EDGE_LOOP ( 'NONE', ( #2192, #4665 ) ) ;
#2963 = EDGE_CURVE ( 'NONE', #679, #425, #3014, .T. ) ;
#2964 = VERTEX_POINT ( 'NONE', #541 ) ;
#2965 = LINE ( 'NONE', #1840, #3819 ) ;
#2966 = CARTESIAN_POINT ( 'NONE',  ( 17.00000000000004974, -50.84999999999999432, 4.924999999999998934 ) ) ;
#2967 = CARTESIAN_POINT ( 'NONE',  ( 20.00000000000000000, 18.99999999999996803, 30.00000000000000000 ) ) ;
#2968 = AXIS2_PLACEMENT_3D ( 'NONE', #836, #1984, #3794 ) ;
#2969 = EDGE_CURVE ( 'NONE', #3692, #4516, #3844, .T. ) ;
#2970 = CARTESIAN_POINT ( 'NONE',  ( 10.00000000000000000, -50.84999999999999432, -14.77499999999999858 ) ) ;
#2971 = DIRECTION ( 'NONE',  ( 0.000000000000000000, -0.000000000000000000, -1.000000000000000000 ) ) ;
#2972 = CARTESIAN_POINT ( 'NONE',  ( 20.00000000000000000, -29.99999999999999289, -30.00000000000000000 ) ) ;
#2973 = PLANE ( 'NONE',  #1669 ) ;
#2974 = VERTEX_POINT ( 'NONE', #2009 ) ;
#2975 = ORIENTED_EDGE ( 'NONE', *, *, #3046, .T. ) ;
#2976 = AXIS2_PLACEMENT_3D ( 'NONE', #1181, #645, #4726 ) ;
#2977 = DIRECTION ( 'NONE',  ( 0.7071067811865465735, -0.7071067811865484609, 0.000000000000000000 ) ) ;
#2978 = CARTESIAN_POINT ( 'NONE',  ( 20.00000000000000000, -50.84999999999999432, -7.074999999999997513 ) ) ;
#2979 = CARTESIAN_POINT ( 'NONE',  ( 13.00000000000000178, -115.9999999999999858, -27.00000000000000000 ) ) ;
#2980 = EDGE_CURVE ( 'NONE', #3711, #268, #1640, .T. ) ;
#2981 = EDGE_LOOP ( 'NONE', ( #890, #3774, #2332, #1818 ) ) ;
#2982 = ORIENTED_EDGE ( 'NONE', *, *, #1550, .T. ) ;
#2983 = CARTESIAN_POINT ( 'NONE',  ( 11.49999999999999645, -19.00000000000000355, 35.00000000000000000 ) ) ;
#2984 = CARTESIAN_POINT ( 'NONE',  ( 18.80000000000003979, -46.69999999999984652, 1.000000000000020872 ) ) ;
#2985 = CARTESIAN_POINT ( 'NONE',  ( 17.00000000000003908, -97.00000000000000000, 10.84999999999996767 ) ) ;
#2986 = DIRECTION ( 'NONE',  ( -1.000000000000000000, 0.000000000000000000, 0.000000000000000000 ) ) ;
#2987 = DIRECTION ( 'NONE',  ( 0.000000000000000000, 0.000000000000000000, 1.000000000000000000 ) ) ;
#2988 = ORIENTED_EDGE ( 'NONE', *, *, #757, .T. ) ;
#2989 = PRODUCT ( 'thigh', 'thigh', '', ( #3079 ) ) ;
#2990 = ORIENTED_EDGE ( 'NONE', *, *, #4050, .F. ) ;
#2991 = FACE_OUTER_BOUND ( 'NONE', #4152, .T. ) ;
#2992 = LINE ( 'NONE', #428, #1665 ) ;
#2993 = CIRCLE ( 'NONE', #2137, 1.250000000000585754 ) ;
#2994 = LINE ( 'NONE', #4495, #1930 ) ;
#2995 = CARTESIAN_POINT ( 'NONE',  ( -11.64696427085736197, 9.747530009010310081, -30.00000000000000000 ) ) ;
#2996 = EDGE_CURVE ( 'NONE', #3393, #322, #1965, .T. ) ;
#2997 = LINE ( 'NONE', #1189, #2798 ) ;
#2998 = FACE_OUTER_BOUND ( 'NONE', #3846, .T. ) ;
#2999 = VECTOR ( 'NONE', #3452, 1000.000000000000000 ) ;
#3000 = EDGE_LOOP ( 'NONE', ( #2274, #1949, #812, #15 ) ) ;
#3001 = DIRECTION ( 'NONE',  ( -0.000000000000000000, -0.000000000000000000, 1.000000000000000000 ) ) ;
#3002 = ORIENTED_EDGE ( 'NONE', *, *, #3489, .T. ) ;
#3003 = DIRECTION ( 'NONE',  ( -0.000000000000000000, -0.000000000000000000, -1.000000000000000000 ) ) ;
#3004 = LINE ( 'NONE', #4155, #1585 ) ;
#3005 = DIRECTION ( 'NONE',  ( 1.000000000000000000, 0.000000000000000000, 0.000000000000000000 ) ) ;
#3006 = EDGE_CURVE ( 'NONE', #4272, #1469, #4562, .T. ) ;
#3007 = ORIENTED_EDGE ( 'NONE', *, *, #2360, .T. ) ;
#3008 = ORIENTED_EDGE ( 'NONE', *, *, #1215, .T. ) ;
#3009 = LINE ( 'NONE', #4108, #1789 ) ;
#3010 = DIRECTION ( 'NONE',  ( 0.000000000000000000, 0.000000000000000000, -1.000000000000000000 ) ) ;
#3011 = CARTESIAN_POINT ( 'NONE',  ( -9.000000000000017764, -55.00000000000000000, 27.00000000000000355 ) ) ;
#3012 = PLANE ( 'NONE',  #4195 ) ;
#3013 = EDGE_CURVE ( 'NONE', #1786, #2292, #150, .T. ) ;
#3014 = LINE ( 'NONE', #4514, #3451 ) ;
#3015 = ORIENTED_EDGE ( 'NONE', *, *, #1634, .T. ) ;
#3016 = ORIENTED_EDGE ( 'NONE', *, *, #2996, .T. ) ;
#3017 = CARTESIAN_POINT ( 'NONE',  ( 1.000000000000000888, -105.0000000000000000, -26.99999999999998224 ) ) ;
#3018 = VECTOR ( 'NONE', #3038, 1000.000000000000000 ) ;
#3019 = CARTESIAN_POINT ( 'NONE',  ( 17.00000000000000000, -100.2699999999999960, -14.77499999999999858 ) ) ;
#3020 = VECTOR ( 'NONE', #2469, 1000.000000000000000 ) ;
#3021 = ORIENTED_EDGE ( 'NONE', *, *, #1345, .T. ) ;
#3022 = DIRECTION ( 'NONE',  ( 1.000000000000000000, 0.000000000000000000, 0.000000000000000000 ) ) ;
#3023 = CIRCLE ( 'NONE', #2401, 1.700000000000008837 ) ;
#3024 = DIRECTION ( 'NONE',  ( 1.000000000000000000, 0.000000000000000000, 0.000000000000000000 ) ) ;
#3025 = ORIENTED_EDGE ( 'NONE', *, *, #4112, .F. ) ;
#3026 = CARTESIAN_POINT ( 'NONE',  ( 1.646738557269495917, -6.495229568489357952, -50.00000000000000000 ) ) ;
#3027 = EDGE_CURVE ( 'NONE', #93, #305, #122, .T. ) ;
#3028 = VECTOR ( 'NONE', #211, 1000.000000000000000 ) ;
#3029 = ORIENTED_EDGE ( 'NONE', *, *, #2531, .F. ) ;
#3030 = DIRECTION ( 'NONE',  ( 1.000000000000000000, 0.000000000000000000, 0.000000000000000000 ) ) ;
#3031 = CARTESIAN_POINT ( 'NONE',  ( 4.000000000000000000, -105.0000000000000000, 15.00000000000000000 ) ) ;
#3032 = ORIENTED_EDGE ( 'NONE', *, *, #4753, .T. ) ;
#3033 = EDGE_CURVE ( 'NONE', #582, #4077, #4607, .T. ) ;
#3034 = ORIENTED_EDGE ( 'NONE', *, *, #1345, .F. ) ;
#3035 = DIRECTION ( 'NONE',  ( -0.7071067811865482389, -0.7071067811865469066, 0.000000000000000000 ) ) ;
#3036 = VECTOR ( 'NONE', #4473, 1000.000000000000000 ) ;
#3037 = DIRECTION ( 'NONE',  ( 1.000000000000000000, 1.734723475976807341E-16, -0.000000000000000000 ) ) ;
#3038 = DIRECTION ( 'NONE',  ( -0.000000000000000000, -0.000000000000000000, -1.000000000000000000 ) ) ;
#3039 = DIRECTION ( 'NONE',  ( 1.000000000000000000, -0.000000000000000000, -0.000000000000000000 ) ) ;
#3040 = AXIS2_PLACEMENT_3D ( 'NONE', #392, #3694, #737 ) ;
#3041 = VERTEX_POINT ( 'NONE', #1202 ) ;
#3042 = EDGE_CURVE ( 'NONE', #2923, #3692, #839, .T. ) ;
#3043 = ORIENTED_EDGE ( 'NONE', *, *, #3937, .T. ) ;
#3044 = PLANE ( 'NONE',  #2871 ) ;
#3045 = PLANE ( 'NONE',  #3566 ) ;
#3046 = EDGE_CURVE ( 'NONE', #3172, #309, #4630, .T. ) ;
#3047 = ORIENTED_EDGE ( 'NONE', *, *, #722, .F. ) ;
#3048 = CARTESIAN_POINT ( 'NONE',  ( 17.00000000000000000, -120.0000000000000000, -27.00000000000000000 ) ) ;
#3049 = DIRECTION ( 'NONE',  ( -1.000000000000000000, 0.000000000000000000, 0.000000000000000000 ) ) ;
#3050 = CARTESIAN_POINT ( 'NONE',  ( 20.00000000000000000, -100.2699999999999960, 4.924999999999998934 ) ) ;
#3051 = ORIENTED_EDGE ( 'NONE', *, *, #2355, .T. ) ;
#3052 = DIRECTION ( 'NONE',  ( -0.000000000000000000, -0.000000000000000000, 1.000000000000000000 ) ) ;
#3053 = ORIENTED_EDGE ( 'NONE', *, *, #4115, .T. ) ;
#3054 = FACE_OUTER_BOUND ( 'NONE', #4635, .T. ) ;
#3055 = ORIENTED_EDGE ( 'NONE', *, *, #319, .T. ) ;
#3056 = ORIENTED_EDGE ( 'NONE', *, *, #4465, .T. ) ;
#3057 = DIRECTION ( 'NONE',  ( 0.000000000000000000, 0.000000000000000000, -1.000000000000000000 ) ) ;
#3058 = DIRECTION ( 'NONE',  ( -0.000000000000000000, -0.000000000000000000, -1.000000000000000000 ) ) ;
#3059 = DIRECTION ( 'NONE',  ( 1.000000000000000000, 1.734723475976807341E-16, -0.000000000000000000 ) ) ;
#3060 = EDGE_CURVE ( 'NONE', #2416, #4631, #3823, .T. ) ;
#3061 = DIRECTION ( 'NONE',  ( 0.000000000000000000, 0.000000000000000000, -1.000000000000000000 ) ) ;
#3062 = AXIS2_PLACEMENT_3D ( 'NONE', #4386, #3560, #4319 ) ;
#3063 = EDGE_LOOP ( 'NONE', ( #1033, #54, #2486, #3639 ) ) ;
#3064 = ORIENTED_EDGE ( 'NONE', *, *, #4533, .T. ) ;
#3065 = CARTESIAN_POINT ( 'NONE',  ( 17.00000000000000000, -97.00000000000000000, 54.86198126479881410 ) ) ;
#3066 = FACE_BOUND ( 'NONE', #4260, .T. ) ;
#3067 = VERTEX_POINT ( 'NONE', #2356 ) ;
#3068 = LINE ( 'NONE', #4524, #2409 ) ;
#3069 = EDGE_CURVE ( 'NONE', #281, #3711, #3109, .T. ) ;
#3070 = VECTOR ( 'NONE', #963, 1000.000000000000000 ) ;
#3071 = CYLINDRICAL_SURFACE ( 'NONE', #336, 2.149999999999999023 ) ;
#3072 = EDGE_LOOP ( 'NONE', ( #2173, #2707 ) ) ;
#3073 = CYLINDRICAL_SURFACE ( 'NONE', #3735, 1.250000000000585754 ) ;
#3074 = AXIS2_PLACEMENT_3D ( 'NONE', #4834, #3634, #1847 ) ;
#3075 = ORIENTED_EDGE ( 'NONE', *, *, #439, .F. ) ;
#3076 = DIRECTION ( 'NONE',  ( -1.000000000000000000, 0.000000000000000000, 0.000000000000000000 ) ) ;
#3077 = ORIENTED_EDGE ( 'NONE', *, *, #330, .T. ) ;
#3078 = ORIENTED_EDGE ( 'NONE', *, *, #3986, .T. ) ;
#3079 = PRODUCT_CONTEXT ( 'NONE', #3481, 'mechanical' ) ;
#3080 = LINE ( 'NONE', #2739, #872 ) ;
#3081 = LINE ( 'NONE', #4210, #203 ) ;
#3082 = CARTESIAN_POINT ( 'NONE',  ( 0.8975300090103164319, 20.49696427085678252, 27.00000000000001066 ) ) ;
#3083 = ORIENTED_EDGE ( 'NONE', *, *, #939, .T. ) ;
#3084 = ORIENTED_EDGE ( 'NONE', *, *, #617, .T. ) ;
#3085 = FACE_BOUND ( 'NONE', #4228, .T. ) ;
#3086 = ADVANCED_FACE ( 'NONE', ( #1293 ), #2330, .F. ) ;
#3087 = EDGE_CURVE ( 'NONE', #449, #2128, #3526, .T. ) ;
#3088 = VECTOR ( 'NONE', #1077, 1000.000000000000000 ) ;
#3089 = EDGE_CURVE ( 'NONE', #3279, #93, #1987, .T. ) ;
#3090 = DIRECTION ( 'NONE',  ( -0.000000000000000000, 0.000000000000000000, 1.000000000000000000 ) ) ;
#3091 = EDGE_CURVE ( 'NONE', #2709, #4393, #877, .T. ) ;
#3092 = CARTESIAN_POINT ( 'NONE',  ( 17.00000000000004974, -50.84999999999999432, -14.77499999999999858 ) ) ;
#3093 = VECTOR ( 'NONE', #1835, 1000.000000000000000 ) ;
#3094 = CARTESIAN_POINT ( 'NONE',  ( 17.00000000000003908, -46.69999999999996021, 10.84999999999994991 ) ) ;
#3095 = ADVANCED_FACE ( 'NONE', ( #1942 ), #2377, .F. ) ;
#3096 = DIRECTION ( 'NONE',  ( 1.000000000000000000, 0.000000000000000000, 0.000000000000000000 ) ) ;
#3097 = VERTEX_POINT ( 'NONE', #4212 ) ;
#3098 = FACE_BOUND ( 'NONE', #6, .T. ) ;
#3099 = EDGE_CURVE ( 'NONE', #3157, #3457, #3607, .T. ) ;
#3100 = VERTEX_POINT ( 'NONE', #1592 ) ;
#3101 = VECTOR ( 'NONE', #1277, 1000.000000000000000 ) ;
#3102 = LINE ( 'NONE', #437, #3105 ) ;
#3103 = EDGE_LOOP ( 'NONE', ( #2240, #1955, #2197, #2955 ) ) ;
#3104 = VERTEX_POINT ( 'NONE', #3082 ) ;
#3105 = VECTOR ( 'NONE', #76, 1000.000000000000000 ) ;
#3106 = LINE ( 'NONE', #469, #981 ) ;
#3107 = CARTESIAN_POINT ( 'NONE',  ( 0.000000000000000000, -120.0000000000000000, 0.000000000000000000 ) ) ;
#3108 = CARTESIAN_POINT ( 'NONE',  ( 0.2524699909896935268, -0.4969642708567700851, -27.00000000000000000 ) ) ;
#3109 = LINE ( 'NONE', #494, #2890 ) ;
#3110 = VERTEX_POINT ( 'NONE', #4584 ) ;
#3111 = EDGE_LOOP ( 'NONE', ( #1094, #473 ) ) ;
#3112 = DIRECTION ( 'NONE',  ( 0.000000000000000000, 1.000000000000000000, 0.000000000000000000 ) ) ;
#3113 = VECTOR ( 'NONE', #3878, 1000.000000000000000 ) ;
#3114 = LINE ( 'NONE', #1574, #3880 ) ;
#3115 = AXIS2_PLACEMENT_3D ( 'NONE', #198, #2518, #2880 ) ;
#3116 = EDGE_CURVE ( 'NONE', #4206, #2416, #868, .T. ) ;
#3117 = ORIENTED_EDGE ( 'NONE', *, *, #3986, .F. ) ;
#3118 = DIRECTION ( 'NONE',  ( 0.000000000000000000, 1.000000000000000000, 0.000000000000000000 ) ) ;
#3119 = DIRECTION ( 'NONE',  ( 0.000000000000000000, -6.938893903907085594E-15, 1.000000000000000000 ) ) ;
#3120 = CARTESIAN_POINT ( 'NONE',  ( 18.80000000000003979, -46.69999999999996021, -10.84999999999994813 ) ) ;
#3121 = CARTESIAN_POINT ( 'NONE',  ( -15.70000000000000639, -78.99999999999998579, -62.00000000000000000 ) ) ;
#3122 = EDGE_CURVE ( 'NONE', #186, #1107, #2835, .T. ) ;
#3123 = ORIENTED_EDGE ( 'NONE', *, *, #1286, .F. ) ;
#3124 = DIRECTION ( 'NONE',  ( 1.000000000000000000, -0.000000000000000000, -0.000000000000000000 ) ) ;
#3125 = EDGE_LOOP ( 'NONE', ( #2259, #3490, #613, #2616 ) ) ;
#3126 = CARTESIAN_POINT ( 'NONE',  ( -10.99999999999995737, -43.49999999999999289, -27.00000000000000000 ) ) ;
#3127 = ORIENTED_EDGE ( 'NONE', *, *, #2586, .F. ) ;
#3128 = ORIENTED_EDGE ( 'NONE', *, *, #2681, .F. ) ;
#3129 = ORIENTED_EDGE ( 'NONE', *, *, #2771, .T. ) ;
#3130 = FACE_OUTER_BOUND ( 'NONE', #2634, .T. ) ;
#3131 = CARTESIAN_POINT ( 'NONE',  ( -10.99999999999995737, -46.49999999999999289, -27.00000000000000000 ) ) ;
#3132 = EDGE_CURVE ( 'NONE', #4774, #1311, #2127, .T. ) ;
#3133 = DIRECTION ( 'NONE',  ( -0.000000000000000000, 1.000000000000000000, -2.090028284309398501E-15 ) ) ;
#3134 = ORIENTED_EDGE ( 'NONE', *, *, #3386, .F. ) ;
#3135 = ORIENTED_EDGE ( 'NONE', *, *, #370, .T. ) ;
#3136 = CARTESIAN_POINT ( 'NONE',  ( -19.99999999999999645, -49.99999999999997868, -27.00000000000000000 ) ) ;
#3137 = FACE_BOUND ( 'NONE', #3599, .T. ) ;
#3138 = VECTOR ( 'NONE', #1664, 1000.000000000000000 ) ;
#3139 = DIRECTION ( 'NONE',  ( 0.000000000000000000, 1.000000000000000000, -2.377407173401953017E-15 ) ) ;
#3140 = CARTESIAN_POINT ( 'NONE',  ( -12.29999999999998828, -88.99999999999998579, -30.00000000000000000 ) ) ;
#3141 = DIRECTION ( 'NONE',  ( 1.000000000000000000, 0.000000000000000000, 0.000000000000000000 ) ) ;
#3142 = DIRECTION ( 'NONE',  ( 1.000000000000000000, 0.000000000000000000, 0.000000000000000000 ) ) ;
#3143 = EDGE_LOOP ( 'NONE', ( #2516, #3199, #1170, #2135 ) ) ;
#3144 = DIRECTION ( 'NONE',  ( -0.000000000000000000, 1.000000000000000000, -0.000000000000000000 ) ) ;
#3145 = EDGE_CURVE ( 'NONE', #2172, #1243, #950, .T. ) ;
#3146 = EDGE_LOOP ( 'NONE', ( #2404, #1798, #4400, #1491 ) ) ;
#3147 = VECTOR ( 'NONE', #4825, 1000.000000000000000 ) ;
#3148 = FACE_BOUND ( 'NONE', #3286, .T. ) ;
#3149 = ORIENTED_EDGE ( 'NONE', *, *, #4081, .F. ) ;
#3150 = VECTOR ( 'NONE', #4148, 1000.000000000000000 ) ;
#3151 = ORIENTED_EDGE ( 'NONE', *, *, #160, .T. ) ;
#3152 = EDGE_LOOP ( 'NONE', ( #1780, #4036, #2538, #3015 ) ) ;
#3153 = DIRECTION ( 'NONE',  ( -0.000000000000000000, -0.000000000000000000, 1.000000000000000000 ) ) ;
#3154 = CARTESIAN_POINT ( 'NONE',  ( -19.99999999999999645, -43.99999999999997158, 27.00000000000000355 ) ) ;
#3155 = EDGE_CURVE ( 'NONE', #257, #3825, #3618, .T. ) ;
#3156 = DIRECTION ( 'NONE',  ( 1.734723475976806848E-16, -1.000000000000000000, 0.000000000000000000 ) ) ;
#3157 = VERTEX_POINT ( 'NONE', #2854 ) ;
#3158 = ORIENTED_EDGE ( 'NONE', *, *, #3386, .T. ) ;
#3159 = DIRECTION ( 'NONE',  ( 0.000000000000000000, -1.000000000000000000, 0.000000000000000000 ) ) ;
#3160 = ADVANCED_FACE ( 'NONE', ( #4005 ), #220, .F. ) ;
#3161 = DIRECTION ( 'NONE',  ( 0.000000000000000000, 0.000000000000000000, 1.000000000000000000 ) ) ;
#3162 = DIRECTION ( 'NONE',  ( 0.000000000000000000, 0.000000000000000000, -1.000000000000000000 ) ) ;
#3163 = DIRECTION ( 'NONE',  ( 0.000000000000000000, -0.000000000000000000, -1.000000000000000000 ) ) ;
#3164 = CARTESIAN_POINT ( 'NONE',  ( 10.00000000000000000, -50.84999999999999432, 14.77499999999999858 ) ) ;
#3165 = FACE_OUTER_BOUND ( 'NONE', #819, .T. ) ;
#3166 = CARTESIAN_POINT ( 'NONE',  ( 17.00000000000000000, -100.2699999999999960, 7.075000000000001066 ) ) ;
#3167 = EDGE_LOOP ( 'NONE', ( #3519, #2367 ) ) ;
#3168 = FACE_BOUND ( 'NONE', #4632, .T. ) ;
#3169 = AXIS2_PLACEMENT_3D ( 'NONE', #3959, #3523, #3176 ) ;
#3170 = ADVANCED_FACE ( 'NONE', ( #1384 ), #3548, .T. ) ;
#3171 = ORIENTED_EDGE ( 'NONE', *, *, #2820, .F. ) ;
#3172 = VERTEX_POINT ( 'NONE', #997 ) ;
#3173 = VECTOR ( 'NONE', #3928, 1000.000000000000000 ) ;
#3174 = VERTEX_POINT ( 'NONE', #195 ) ;
#3175 = DIRECTION ( 'NONE',  ( 1.000000000000000000, -0.000000000000000000, -0.000000000000000000 ) ) ;
#3176 = DIRECTION ( 'NONE',  ( -1.000000000000000000, 0.000000000000000000, 0.000000000000000000 ) ) ;
#3177 = AXIS2_PLACEMENT_3D ( 'NONE', #4013, #318, #2986 ) ;
#3178 = DIRECTION ( 'NONE',  ( -1.000000000000000000, 0.000000000000000000, 0.000000000000000000 ) ) ;
#3179 = ADVANCED_FACE ( 'NONE', ( #1340 ), #2493, .T. ) ;
#3180 = ORIENTED_EDGE ( 'NONE', *, *, #4037, .T. ) ;
#3181 = ORIENTED_EDGE ( 'NONE', *, *, #1047, .F. ) ;
#3182 = CARTESIAN_POINT ( 'NONE',  ( 17.00000000000000000, -120.0000000000000000, 54.86198126479881410 ) ) ;
#3183 = DIRECTION ( 'NONE',  ( 0.000000000000000000, 0.000000000000000000, -1.000000000000000000 ) ) ;
#3184 = AXIS2_PLACEMENT_3D ( 'NONE', #3953, #3633, #353 ) ;
#3185 = AXIS2_PLACEMENT_3D ( 'NONE', #382, #778, #4497 ) ;
#3186 = EDGE_CURVE ( 'NONE', #854, #31, #2450, .T. ) ;
#3187 = CARTESIAN_POINT ( 'NONE',  ( 10.00000000000000000, -50.84999999999999432, -2.774999999999999467 ) ) ;
#3188 = VECTOR ( 'NONE', #2687, 1000.000000000000000 ) ;
#3189 = FACE_OUTER_BOUND ( 'NONE', #2529, .T. ) ;
#3190 = CARTESIAN_POINT ( 'NONE',  ( -12.29999999999998828, -88.99999999999998579, -62.00000000000000000 ) ) ;
#3191 = CARTESIAN_POINT ( 'NONE',  ( -12.50000000000000000, -66.99999999999998579, -30.00000000000000000 ) ) ;
#3192 = EDGE_CURVE ( 'NONE', #3564, #2316, #289, .T. ) ;
#3193 = CARTESIAN_POINT ( 'NONE',  ( 10.00000000000000000, -50.84999999999999432, 4.924999999999998934 ) ) ;
#3194 = FACE_OUTER_BOUND ( 'NONE', #2212, .T. ) ;
#3195 = ORIENTED_EDGE ( 'NONE', *, *, #1437, .F. ) ;
#3196 = DIRECTION ( 'NONE',  ( -1.000000000000000000, 0.000000000000000000, -0.000000000000000000 ) ) ;
#3197 = AXIS2_PLACEMENT_3D ( 'NONE', #3450, #2373, #3859 ) ;
#3198 = VECTOR ( 'NONE', #2929, 1000.000000000000000 ) ;
#3199 = ORIENTED_EDGE ( 'NONE', *, *, #4533, .F. ) ;
#3200 = ORIENTED_EDGE ( 'NONE', *, *, #3006, .F. ) ;
#3201 = DIRECTION ( 'NONE',  ( 1.000000000000000000, -0.000000000000000000, -0.000000000000000000 ) ) ;
#3202 = FACE_OUTER_BOUND ( 'NONE', #1686, .T. ) ;
#3203 = VECTOR ( 'NONE', #584, 1000.000000000000000 ) ;
#3204 = CARTESIAN_POINT ( 'NONE',  ( -0.8532614427304645588, -6.495229568489357952, 27.00000000000001066 ) ) ;
#3205 = ORIENTED_EDGE ( 'NONE', *, *, #194, .T. ) ;
#3206 = ORIENTED_EDGE ( 'NONE', *, *, #3089, .F. ) ;
#3207 = LINE ( 'NONE', #3182, #4049 ) ;
#3208 = EDGE_CURVE ( 'NONE', #2642, #959, #1187, .T. ) ;
#3209 = DIRECTION ( 'NONE',  ( 0.000000000000000000, 0.000000000000000000, -1.000000000000000000 ) ) ;
#3210 = EDGE_CURVE ( 'NONE', #1742, #4272, #4739, .T. ) ;
#3211 = AXIS2_PLACEMENT_3D ( 'NONE', #1328, #182, #2045 ) ;
#3212 = CARTESIAN_POINT ( 'NONE',  ( 17.00000000000004619, -34.99999999999999289, 27.00000000000001066 ) ) ;
#3213 = LINE ( 'NONE', #1697, #3387 ) ;
#3214 = EDGE_CURVE ( 'NONE', #24, #2794, #1319, .T. ) ;
#3215 = VECTOR ( 'NONE', #3996, 1000.000000000000000 ) ;
#3216 = LINE ( 'NONE', #3536, #2722 ) ;
#3217 = EDGE_CURVE ( 'NONE', #1935, #659, #4554, .T. ) ;
#3218 = CARTESIAN_POINT ( 'NONE',  ( 18.80000000000003979, -105.3000000000000256, 10.84999999999999609 ) ) ;
#3219 = ORIENTED_EDGE ( 'NONE', *, *, #3995, .T. ) ;
#3220 = FACE_BOUND ( 'NONE', #39, .T. ) ;
#3221 = ORIENTED_EDGE ( 'NONE', *, *, #3756, .F. ) ;
#3222 = VERTEX_POINT ( 'NONE', #3204 ) ;
#3223 = CYLINDRICAL_SURFACE ( 'NONE', #2886, 2.149999999999997247 ) ;
#3224 = CARTESIAN_POINT ( 'NONE',  ( 18.80000000000003979, -97.00000000000000000, 1.000000000000035527 ) ) ;
#3225 = DIRECTION ( 'NONE',  ( 0.000000000000000000, 0.000000000000000000, -1.000000000000000000 ) ) ;
#3226 = CIRCLE ( 'NONE', #4240, 2.149999999999999023 ) ;
#3227 = ORIENTED_EDGE ( 'NONE', *, *, #2888, .T. ) ;
#3228 = ORIENTED_EDGE ( 'NONE', *, *, #3753, .F. ) ;
#3229 = CARTESIAN_POINT ( 'NONE',  ( 17.00000000000000000, -120.0000000000000000, 54.86198126479881410 ) ) ;
#3230 = CARTESIAN_POINT ( 'NONE',  ( 17.00000000000000000, -120.0000000000000000, -27.00000000000000000 ) ) ;
#3231 = VECTOR ( 'NONE', #2353, 1000.000000000000000 ) ;
#3232 = ORIENTED_EDGE ( 'NONE', *, *, #3603, .T. ) ;
#3233 = ADVANCED_FACE ( 'NONE', ( #3248 ), #3915, .F. ) ;
#3234 = VERTEX_POINT ( 'NONE', #566 ) ;
#3235 = LINE ( 'NONE', #1768, #4784 ) ;
#3236 = EDGE_CURVE ( 'NONE', #24, #1945, #3598, .T. ) ;
#3237 = LINE ( 'NONE', #4754, #447 ) ;
#3238 = EDGE_LOOP ( 'NONE', ( #3934, #735 ) ) ;
#3239 = CIRCLE ( 'NONE', #2387, 2.149999999999999023 ) ;
#3240 = LINE ( 'NONE', #1089, #1377 ) ;
#3241 = ADVANCED_FACE ( 'NONE', ( #1757 ), #3985, .F. ) ;
#3242 = ORIENTED_EDGE ( 'NONE', *, *, #3822, .F. ) ;
#3243 = VECTOR ( 'NONE', #3035, 1000.000000000000000 ) ;
#3244 = EDGE_LOOP ( 'NONE', ( #2719, #114, #1909, #4693 ) ) ;
#3245 = LINE ( 'NONE', #3293, #3440 ) ;
#3246 = CARTESIAN_POINT ( 'NONE',  ( -16.49522956848936772, 9.603261442730490316, 27.00000000000001066 ) ) ;
#3247 = VECTOR ( 'NONE', #3795, 1000.000000000000000 ) ;
#3248 = FACE_OUTER_BOUND ( 'NONE', #1490, .T. ) ;
#3249 = ORIENTED_EDGE ( 'NONE', *, *, #619, .T. ) ;
#3250 = ORIENTED_EDGE ( 'NONE', *, *, #921, .F. ) ;
#3251 = DIRECTION ( 'NONE',  ( -0.000000000000000000, -0.000000000000000000, 1.000000000000000000 ) ) ;
#3252 = CARTESIAN_POINT ( 'NONE',  ( 18.80000000000003979, -105.3000000000000256, -8.850000000000008527 ) ) ;
#3253 = LINE ( 'NONE', #940, #1849 ) ;
#3254 = AXIS2_PLACEMENT_3D ( 'NONE', #915, #873, #844 ) ;
#3255 = ORIENTED_EDGE ( 'NONE', *, *, #788, .F. ) ;
#3256 = VERTEX_POINT ( 'NONE', #3321 ) ;
#3257 = CIRCLE ( 'NONE', #1775, 1.149999999999417044 ) ;
#3258 = VECTOR ( 'NONE', #480, 1000.000000000000000 ) ;
#3259 = EDGE_CURVE ( 'NONE', #215, #2124, #4080, .T. ) ;
#3260 = FACE_BOUND ( 'NONE', #4014, .T. ) ;
#3261 = LINE ( 'NONE', #2504, #3992 ) ;
#3262 = DIRECTION ( 'NONE',  ( -1.000000000000000000, -0.000000000000000000, -0.000000000000000000 ) ) ;
#3263 = ORIENTED_EDGE ( 'NONE', *, *, #439, .T. ) ;
#3264 = EDGE_CURVE ( 'NONE', #3615, #2566, #1121, .T. ) ;
#3265 = CARTESIAN_POINT ( 'NONE',  ( 20.00000000000000000, 18.99999999999996803, 30.00000000000000000 ) ) ;
#3266 = AXIS2_PLACEMENT_3D ( 'NONE', #3229, #365, #4428 ) ;
#3267 = ORIENTED_EDGE ( 'NONE', *, *, #155, .T. ) ;
#3268 = CARTESIAN_POINT ( 'NONE',  ( -0.3967385572695176221, 26.49522956848936772, -50.00000000000000000 ) ) ;
#3269 = ORIENTED_EDGE ( 'NONE', *, *, #2963, .T. ) ;
#3270 = FACE_BOUND ( 'NONE', #931, .T. ) ;
#3271 = DIRECTION ( 'NONE',  ( 0.000000000000000000, 1.000000000000000000, -0.000000000000000000 ) ) ;
#3272 = CARTESIAN_POINT ( 'NONE',  ( 13.99999999999999645, -21.50000000000000000, -30.00000000000000000 ) ) ;
#3273 = ORIENTED_EDGE ( 'NONE', *, *, #2969, .T. ) ;
#3274 = ORIENTED_EDGE ( 'NONE', *, *, #4321, .T. ) ;
#3275 = DIRECTION ( 'NONE',  ( 0.000000000000000000, 1.387778780781450409E-14, 1.000000000000000000 ) ) ;
#3276 = CARTESIAN_POINT ( 'NONE',  ( 1.402469990989683168, -0.4969642708567700851, -30.00000000000000000 ) ) ;
#3277 = CARTESIAN_POINT ( 'NONE',  ( -20.00000000000000000, 30.00000000000000711, 30.00000000000000000 ) ) ;
#3278 = EDGE_CURVE ( 'NONE', #267, #4206, #3295, .T. ) ;
#3279 = VERTEX_POINT ( 'NONE', #3670 ) ;
#3280 = AXIS2_PLACEMENT_3D ( 'NONE', #3689, #4102, #3640 ) ;
#3281 = EDGE_LOOP ( 'NONE', ( #2478, #1188, #2758, #3951 ) ) ;
#3282 = FACE_OUTER_BOUND ( 'NONE', #1804, .T. ) ;
#3283 = CARTESIAN_POINT ( 'NONE',  ( -24.74999999999999645, -54.74999999999997868, -27.00000000000000000 ) ) ;
#3284 = AXIS2_PLACEMENT_3D ( 'NONE', #817, #3864, #3431 ) ;
#3285 = LINE ( 'NONE', #2891, #2894 ) ;
#3286 = EDGE_LOOP ( 'NONE', ( #2565, #1160 ) ) ;
#3287 = DIRECTION ( 'NONE',  ( -1.000000000000000000, -0.000000000000000000, -0.000000000000000000 ) ) ;
#3288 = AXIS2_PLACEMENT_3D ( 'NONE', #2979, #4479, #969 ) ;
#3289 = DIRECTION ( 'NONE',  ( -0.000000000000000000, -0.000000000000000000, 1.000000000000000000 ) ) ;
#3290 = ORIENTED_EDGE ( 'NONE', *, *, #3849, .T. ) ;
#3291 = ADVANCED_FACE ( 'NONE', ( #1516 ), #4397, .F. ) ;
#3292 = EDGE_LOOP ( 'NONE', ( #3688, #936 ) ) ;
#3293 = CARTESIAN_POINT ( 'NONE',  ( -9.000000000000017764, -120.0000000000000000, -27.00000000000000000 ) ) ;
#3294 = LINE ( 'NONE', #312, #2318 ) ;
#3295 = LINE ( 'NONE', #3373, #4777 ) ;
#3296 = ORIENTED_EDGE ( 'NONE', *, *, #4011, .T. ) ;
#3297 = EDGE_CURVE ( 'NONE', #4460, #2072, #4788, .T. ) ;
#3298 = ORIENTED_EDGE ( 'NONE', *, *, #1575, .F. ) ;
#3299 = DIRECTION ( 'NONE',  ( 0.000000000000000000, 1.000000000000000000, -0.000000000000000000 ) ) ;
#3300 = CARTESIAN_POINT ( 'NONE',  ( 18.80000000000003979, -105.2999999999999829, -1.000000000000002220 ) ) ;
#3301 = CARTESIAN_POINT ( 'NONE',  ( 11.24999999999995737, -18.74999999999996803, -27.00000000000000000 ) ) ;
#3302 = CARTESIAN_POINT ( 'NONE',  ( 9.000000000000017764, 30.00000000000000711, 27.00000000000000355 ) ) ;
#3303 = EDGE_CURVE ( 'NONE', #274, #3444, #4384, .T. ) ;
#3304 = ORIENTED_EDGE ( 'NONE', *, *, #3539, .T. ) ;
#3305 = ADVANCED_FACE ( 'NONE', ( #1882 ), #29, .F. ) ;
#3306 = VERTEX_POINT ( 'NONE', #1071 ) ;
#3307 = CARTESIAN_POINT ( 'NONE',  ( -11.50000000000000533, -19.00000000000000355, -30.00000000000000000 ) ) ;
#3308 = VECTOR ( 'NONE', #4757, 1000.000000000000000 ) ;
#3309 = CARTESIAN_POINT ( 'NONE',  ( 17.74522956848878152, 10.39673855726952389, -50.00000000000000000 ) ) ;
#3310 = CARTESIAN_POINT ( 'NONE',  ( 1.699999999999999956, 10.00000000000000533, -27.00000000000000000 ) ) ;
#3311 = DIRECTION ( 'NONE',  ( 1.000000000000000000, -0.000000000000000000, -0.000000000000000000 ) ) ;
#3312 = ORIENTED_EDGE ( 'NONE', *, *, #3753, .T. ) ;
#3313 = LINE ( 'NONE', #1399, #1308 ) ;
#3314 = CARTESIAN_POINT ( 'NONE',  ( -19.99999999999999645, 30.00000000000000711, -27.00000000000000000 ) ) ;
#3315 = ORIENTED_EDGE ( 'NONE', *, *, #860, .F. ) ;
#3316 = CARTESIAN_POINT ( 'NONE',  ( 18.80000000000003979, -105.3000000000000256, 10.84999999999999609 ) ) ;
#3317 = VERTEX_POINT ( 'NONE', #3350 ) ;
#3318 = CARTESIAN_POINT ( 'NONE',  ( -0.2524699909896948036, 20.49696427085678252, -50.00000000000000000 ) ) ;
#3319 = CYLINDRICAL_SURFACE ( 'NONE', #1346, 1.250000000000021094 ) ;
#3320 = EDGE_CURVE ( 'NONE', #4413, #1427, #2564, .T. ) ;
#3321 = CARTESIAN_POINT ( 'NONE',  ( 4.000000000000000000, -80.99999999999998579, -30.00000000000000000 ) ) ;
#3322 = VERTEX_POINT ( 'NONE', #3742 ) ;
#3323 = EDGE_LOOP ( 'NONE', ( #2011, #828 ) ) ;
#3324 = LINE ( 'NONE', #3376, #2023 ) ;
#3325 = CARTESIAN_POINT ( 'NONE',  ( 18.80000000000003979, -105.2999999999999829, -1.000000000000002220 ) ) ;
#3326 = VECTOR ( 'NONE', #1762, 1000.000000000000000 ) ;
#3327 = CARTESIAN_POINT ( 'NONE',  ( 18.80000000000003979, -46.69999999999996021, 10.84999999999994991 ) ) ;
#3328 = CARTESIAN_POINT ( 'NONE',  ( -0.8975300090102963368, -0.4969642708567699740, -50.00000000000000000 ) ) ;
#3329 = EDGE_CURVE ( 'NONE', #2129, #118, #4104, .T. ) ;
#3330 = ORIENTED_EDGE ( 'NONE', *, *, #3333, .F. ) ;
#3331 = VERTEX_POINT ( 'NONE', #335 ) ;
#3332 = LINE ( 'NONE', #770, #2483 ) ;
#3333 = EDGE_CURVE ( 'NONE', #3574, #2872, #486, .T. ) ;
#3334 = VECTOR ( 'NONE', #2096, 1000.000000000000000 ) ;
#3335 = CARTESIAN_POINT ( 'NONE',  ( -19.99999999999999645, -105.0000000000000000, -27.00000000000000000 ) ) ;
#3336 = VECTOR ( 'NONE', #2156, 1000.000000000000000 ) ;
#3337 = DIRECTION ( 'NONE',  ( -0.000000000000000000, 0.000000000000000000, 1.000000000000000000 ) ) ;
#3338 = LINE ( 'NONE', #430, #4441 ) ;
#3339 = CARTESIAN_POINT ( 'NONE',  ( 11.49999999999999645, -28.99999999999999645, 35.00000000000000000 ) ) ;
#3340 = EDGE_CURVE ( 'NONE', #2897, #490, #2047, .T. ) ;
#3341 = LINE ( 'NONE', #3314, #1197 ) ;
#3342 = AXIS2_PLACEMENT_3D ( 'NONE', #4836, #1483, #261 ) ;
#3343 = VERTEX_POINT ( 'NONE', #1489 ) ;
#3345 = CLOSED_SHELL ( 'NONE', ( #446, #2490, #867, #850, #4317, #3547, #2431, #1373, #985, #3241, #3291, #3086, #916, #796, #2914, #3838, #705, #2031, #3811, #212, #3956, #4447, #2190, #2117, #709, #4706, #4535, #2383, #4197, #4646, #3681, #4501, #2310, #4166, #1523, #975, #4714, #4733, #59, #1796, #3870, #4191, #2799, #3863, #1231, #4676, #1275, #4176, #4816, #2523, #489, #4634, #2085, #698, #1211, #1996, #1680, #1030, #4405, #306, #2654, #4738, #1803, #1430, #4088, #102, #4132, #2866, #2591, #408, #2432, #2790, #2689, #522, #644, #3170, #2017, #4233, #573, #3305, #2930, #1569, #4543, #605, #4071, #3160, #2232, #2641, #3233, #2369, #2177, #3911, #1784, #1098, #199, #3895, #255, #3446, #2578, #3179, #4727, #3966, #3459, #2100, #1745, #2284, #1924, #4147, #4776, #338, #3623, #2559, #2222, #4289, #1002, #2141, #4790, #3095, #1868, #2881, #2789, #1306, #3960, #1896, #3532, #2398, #1294, #3460, #651, #3804, #2939, #4828, #3628, #4478, #2159, #2046, #290, #4238, #1740 ) ) ;
#3344 = DIRECTION ( 'NONE',  ( 0.000000000000000000, 0.000000000000000000, -1.000000000000000000 ) ) ;
#3346 = ORIENTED_EDGE ( 'NONE', *, *, #3729, .T. ) ;
#3347 = FACE_OUTER_BOUND ( 'NONE', #692, .T. ) ;
#3348 = CARTESIAN_POINT ( 'NONE',  ( -1.646738557269538772, 26.49522956848936772, -27.00000000000000000 ) ) ;
#3349 = VECTOR ( 'NONE', #545, 1000.000000000000000 ) ;
#3350 = CARTESIAN_POINT ( 'NONE',  ( 20.00000000000000000, -50.84999999999999432, 2.775000000000000355 ) ) ;
#3351 = ORIENTED_EDGE ( 'NONE', *, *, #2443, .T. ) ;
#3352 = VERTEX_POINT ( 'NONE', #1097 ) ;
#3353 = DIRECTION ( 'NONE',  ( -0.000000000000000000, -0.000000000000000000, -1.000000000000000000 ) ) ;
#3354 = DIRECTION ( 'NONE',  ( -0.000000000000000000, -0.000000000000000000, -1.000000000000000000 ) ) ;
#3355 = LINE ( 'NONE', #3301, #2484 ) ;
#3356 = DIRECTION ( 'NONE',  ( -0.000000000000000000, -0.000000000000000000, 1.000000000000000000 ) ) ;
#3357 = CARTESIAN_POINT ( 'NONE',  ( -17.74522956848995037, 9.603261442730490316, -30.00000000000000000 ) ) ;
#3358 = EDGE_LOOP ( 'NONE', ( #3467, #1013 ) ) ;
#3359 = ORIENTED_EDGE ( 'NONE', *, *, #2804, .F. ) ;
#3360 = CARTESIAN_POINT ( 'NONE',  ( 16.49522956848936772, 10.39673855726952389, 30.00000000000000000 ) ) ;
#3361 = EDGE_CURVE ( 'NONE', #2652, #2809, #2438, .T. ) ;
#3362 = VECTOR ( 'NONE', #3058, 1000.000000000000000 ) ;
#3363 = CARTESIAN_POINT ( 'NONE',  ( -1.402469990989706039, 20.49696427085678252, -50.00000000000000000 ) ) ;
#3364 = DIRECTION ( 'NONE',  ( -0.7071067811865465735, 0.7071067811865484609, 0.000000000000000000 ) ) ;
#3365 = EDGE_CURVE ( 'NONE', #497, #780, #361, .T. ) ;
#3366 = ORIENTED_EDGE ( 'NONE', *, *, #4313, .T. ) ;
#3367 = DIRECTION ( 'NONE',  ( -0.000000000000000000, -0.000000000000000000, 1.000000000000000000 ) ) ;
#3368 = EDGE_CURVE ( 'NONE', #2119, #4092, #562, .T. ) ;
#3369 = ORIENTED_EDGE ( 'NONE', *, *, #78, .F. ) ;
#3370 = AXIS2_PLACEMENT_3D ( 'NONE', #1018, #3572, #4305 ) ;
#3371 = CARTESIAN_POINT ( 'NONE',  ( 0.8975300090103164319, 20.49696427085678252, -27.00000000000000000 ) ) ;
#3372 = DIRECTION ( 'NONE',  ( 0.000000000000000000, -1.000000000000000000, 0.000000000000000000 ) ) ;
#3373 = CARTESIAN_POINT ( 'NONE',  ( -5.250000000000018652, -35.24999999999997868, 27.00000000000000355 ) ) ;
#3374 = ORIENTED_EDGE ( 'NONE', *, *, #1722, .T. ) ;
#3375 = ORIENTED_EDGE ( 'NONE', *, *, #1086, .T. ) ;
#3376 = CARTESIAN_POINT ( 'NONE',  ( -5.250000000000018652, -35.24999999999997868, -27.00000000000000000 ) ) ;
#3377 = CARTESIAN_POINT ( 'NONE',  ( -14.75000000000002309, -55.24999999999996447, -27.00000000000000000 ) ) ;
#3378 = DIRECTION ( 'NONE',  ( 1.000000000000000000, 0.000000000000000000, 0.000000000000000000 ) ) ;
#3379 = DIRECTION ( 'NONE',  ( -0.000000000000000000, -0.000000000000000000, 1.000000000000000000 ) ) ;
#3380 = DIRECTION ( 'NONE',  ( 0.000000000000000000, 1.387778780781450409E-14, 1.000000000000000000 ) ) ;
#3381 = ORIENTED_EDGE ( 'NONE', *, *, #3132, .F. ) ;
#3382 = ORIENTED_EDGE ( 'NONE', *, *, #4518, .F. ) ;
#3383 = LINE ( 'NONE', #4775, #225 ) ;
#3384 = VECTOR ( 'NONE', #133, 1000.000000000000000 ) ;
#3385 = LINE ( 'NONE', #42, #1981 ) ;
#3386 = EDGE_CURVE ( 'NONE', #1265, #1335, #1397, .T. ) ;
#3387 = VECTOR ( 'NONE', #3557, 1000.000000000000000 ) ;
#3388 = CARTESIAN_POINT ( 'NONE',  ( 17.00000000000000000, -100.2699999999999960, -12.62499999999999645 ) ) ;
#3389 = ORIENTED_EDGE ( 'NONE', *, *, #1510, .F. ) ;
#3390 = FACE_OUTER_BOUND ( 'NONE', #4174, .T. ) ;
#3391 = CARTESIAN_POINT ( 'NONE',  ( 18.80000000000003979, -46.69999999999996021, -10.84999999999994813 ) ) ;
#3392 = EDGE_CURVE ( 'NONE', #3879, #1855, #1651, .T. ) ;
#3393 = VERTEX_POINT ( 'NONE', #304 ) ;
#3394 = DIRECTION ( 'NONE',  ( -0.000000000000000000, -0.000000000000000000, 1.000000000000000000 ) ) ;
#3395 = ORIENTED_EDGE ( 'NONE', *, *, #580, .F. ) ;
#3396 = CARTESIAN_POINT ( 'NONE',  ( -8.999999999999962697, 30.00000000000000711, 30.00000000000000000 ) ) ;
#3397 = CYLINDRICAL_SURFACE ( 'NONE', #811, 1.150000000000582778 ) ;
#3398 = EDGE_CURVE ( 'NONE', #903, #2119, #3285, .T. ) ;
#3399 = ORIENTED_EDGE ( 'NONE', *, *, #1207, .T. ) ;
#3400 = ORIENTED_EDGE ( 'NONE', *, *, #3949, .T. ) ;
#3401 = SHAPE_DEFINITION_REPRESENTATION ( #1070, #905 ) ;
#3402 = DIRECTION ( 'NONE',  ( 1.000000000000000000, 0.000000000000000000, 0.000000000000000000 ) ) ;
#3403 = CARTESIAN_POINT ( 'NONE',  ( 3.999999999999996447, -80.99999999999998579, -27.00000000000000000 ) ) ;
#3404 = EDGE_CURVE ( 'NONE', #3939, #118, #3685, .T. ) ;
#3405 = CARTESIAN_POINT ( 'NONE',  ( 17.00000000000000000, -100.2699999999999960, -16.92500000000000426 ) ) ;
#3406 = ORIENTED_EDGE ( 'NONE', *, *, #74, .T. ) ;
#3407 = ORIENTED_EDGE ( 'NONE', *, *, #4559, .T. ) ;
#3408 = FACE_BOUND ( 'NONE', #325, .T. ) ;
#3409 = AXIS2_PLACEMENT_3D ( 'NONE', #82, #4583, #149 ) ;
#3410 = DIRECTION ( 'NONE',  ( 0.000000000000000000, 0.000000000000000000, 1.000000000000000000 ) ) ;
#3411 = FACE_OUTER_BOUND ( 'NONE', #1410, .T. ) ;
#3412 = CIRCLE ( 'NONE', #1928, 2.149999999999999023 ) ;
#3413 = FACE_OUTER_BOUND ( 'NONE', #3676, .T. ) ;
#3414 = CARTESIAN_POINT ( 'NONE',  ( -14.00000000000001243, -49.99999999999997868, -27.00000000000000000 ) ) ;
#3415 = AXIS2_PLACEMENT_3D ( 'NONE', #546, #3183, #1003 ) ;
#3416 = CARTESIAN_POINT ( 'NONE',  ( 17.00000000000003908, -46.69999999999996021, 10.84999999999994991 ) ) ;
#3417 = ORIENTED_EDGE ( 'NONE', *, *, #1057, .F. ) ;
#3418 = FACE_BOUND ( 'NONE', #2102, .T. ) ;
#3419 = EDGE_CURVE ( 'NONE', #1533, #3172, #256, .T. ) ;
#3420 = AXIS2_PLACEMENT_3D ( 'NONE', #3492, #603, #4622 ) ;
#3421 = VERTEX_POINT ( 'NONE', #4780 ) ;
#3422 = CARTESIAN_POINT ( 'NONE',  ( 13.99999999999999645, -26.50000000000000355, -30.00000000000000000 ) ) ;
#3423 = VECTOR ( 'NONE', #1696, 1000.000000000000000 ) ;
#3424 = VECTOR ( 'NONE', #3139, 1000.000000000000000 ) ;
#3425 = ORIENTED_EDGE ( 'NONE', *, *, #617, .F. ) ;
#3426 = VERTEX_POINT ( 'NONE', #986 ) ;
#3427 = CARTESIAN_POINT ( 'NONE',  ( -10.99999999999995737, -43.49999999999999289, 27.00000000000000355 ) ) ;
#3428 = CIRCLE ( 'NONE', #4356, 1.150000000000582778 ) ;
#3429 = LINE ( 'NONE', #1589, #1093 ) ;
#3430 = DIRECTION ( 'NONE',  ( 0.000000000000000000, -0.7071067811865462405, 0.7071067811865489050 ) ) ;
#3431 = DIRECTION ( 'NONE',  ( -0.7071067811865482389, 0.7071067811865469066, 0.000000000000000000 ) ) ;
#3432 = CIRCLE ( 'NONE', #2724, 1.249999999999414690 ) ;
#3433 = ORIENTED_EDGE ( 'NONE', *, *, #910, .T. ) ;
#3434 = ORIENTED_EDGE ( 'NONE', *, *, #967, .F. ) ;
#3435 = DIRECTION ( 'NONE',  ( 1.000000000000000000, -0.000000000000000000, -0.000000000000000000 ) ) ;
#3436 = EDGE_CURVE ( 'NONE', #4553, #2300, #4339, .T. ) ;
#3437 = DIRECTION ( 'NONE',  ( -1.000000000000000000, 0.000000000000000000, 0.000000000000000000 ) ) ;
#3438 = ORIENTED_EDGE ( 'NONE', *, *, #831, .F. ) ;
#3439 = CARTESIAN_POINT ( 'NONE',  ( -0.8975300090102963368, -0.4969642708567699740, -30.00000000000000000 ) ) ;
#3440 = VECTOR ( 'NONE', #2977, 1000.000000000000000 ) ;
#3441 = PLANE ( 'NONE',  #649 ) ;
#3442 = ORIENTED_EDGE ( 'NONE', *, *, #910, .F. ) ;
#3443 = CARTESIAN_POINT ( 'NONE',  ( 1.699999999999999956, 10.00000000000000533, 30.00000000000000000 ) ) ;
#3444 = VERTEX_POINT ( 'NONE', #3631 ) ;
#3445 = DIRECTION ( 'NONE',  ( 1.000000000000000000, 0.000000000000000000, 0.000000000000000000 ) ) ;
#3446 = ADVANCED_FACE ( 'NONE', ( #2844 ), #4729, .F. ) ;
#3447 = EDGE_CURVE ( 'NONE', #1287, #257, #1224, .T. ) ;
#3448 = ORIENTED_EDGE ( 'NONE', *, *, #3899, .T. ) ;
#3449 = ORIENTED_EDGE ( 'NONE', *, *, #1634, .F. ) ;
#3450 = CARTESIAN_POINT ( 'NONE',  ( 0.000000000000000000, 0.000000000000000000, 0.000000000000000000 ) ) ;
#3451 = VECTOR ( 'NONE', #1156, 1000.000000000000000 ) ;
#3452 = DIRECTION ( 'NONE',  ( 1.000000000000000000, -0.000000000000000000, -0.000000000000000000 ) ) ;
#3453 = CARTESIAN_POINT ( 'NONE',  ( -11.50000000000000533, -19.00000000000000355, 27.00000000000000355 ) ) ;
#3454 = DIRECTION ( 'NONE',  ( -1.000000000000000000, 0.000000000000000000, 0.000000000000000000 ) ) ;
#3455 = VECTOR ( 'NONE', #682, 1000.000000000000000 ) ;
#3456 = ORIENTED_EDGE ( 'NONE', *, *, #2728, .T. ) ;
#3457 = VERTEX_POINT ( 'NONE', #1032 ) ;
#3458 = FACE_BOUND ( 'NONE', #223, .T. ) ;
#3459 = ADVANCED_FACE ( 'NONE', ( #3194 ), #2528, .F. ) ;
#3460 = ADVANCED_FACE ( 'NONE', ( #1423 ), #2915, .F. ) ;
#3461 = CARTESIAN_POINT ( 'NONE',  ( 18.80000000000003979, -46.69999999999996021, 10.84999999999994991 ) ) ;
#3462 = DIRECTION ( 'NONE',  ( 0.000000000000000000, 0.000000000000000000, 1.000000000000000000 ) ) ;
#3463 = AXIS2_PLACEMENT_3D ( 'NONE', #2245, #3271, #2513 ) ;
#3464 = CARTESIAN_POINT ( 'NONE',  ( 18.80000000000003979, -54.99999999999999289, -0.9999999999999861222 ) ) ;
#3465 = EDGE_LOOP ( 'NONE', ( #3604, #3228 ) ) ;
#3466 = FACE_BOUND ( 'NONE', #3816, .T. ) ;
#3467 = ORIENTED_EDGE ( 'NONE', *, *, #1820, .T. ) ;
#3468 = DIRECTION ( 'NONE',  ( 0.000000000000000000, -1.000000000000000000, 2.717036769602218328E-15 ) ) ;
#3469 = ORIENTED_EDGE ( 'NONE', *, *, #3875, .T. ) ;
#3470 = ORIENTED_EDGE ( 'NONE', *, *, #992, .T. ) ;
#3471 = CARTESIAN_POINT ( 'NONE',  ( 10.00000000000000000, -100.2699999999999960, 16.92500000000000426 ) ) ;
#3472 = EDGE_CURVE ( 'NONE', #3764, #1335, #3237, .T. ) ;
#3473 = DIRECTION ( 'NONE',  ( 0.000000000000000000, 0.000000000000000000, -1.000000000000000000 ) ) ;
#3474 = DIRECTION ( 'NONE',  ( 0.000000000000000000, 0.000000000000000000, -1.000000000000000000 ) ) ;
#3475 = DIRECTION ( 'NONE',  ( -1.000000000000000000, 0.000000000000000000, 0.000000000000000000 ) ) ;
#3476 = ORIENTED_EDGE ( 'NONE', *, *, #3217, .F. ) ;
#3477 = ORIENTED_EDGE ( 'NONE', *, *, #3145, .F. ) ;
#3478 = DIRECTION ( 'NONE',  ( -1.000000000000000000, 0.000000000000000000, 0.000000000000000000 ) ) ;
#3479 = EDGE_CURVE ( 'NONE', #2872, #567, #2118, .T. ) ;
#3480 = ORIENTED_EDGE ( 'NONE', *, *, #254, .T. ) ;
#3481 = APPLICATION_CONTEXT ( 'automotive_design' ) ;
#3482 = CARTESIAN_POINT ( 'NONE',  ( -31.24999999999999289, -38.74999999999997868, 27.00000000000000355 ) ) ;
#3483 = COLOUR_RGB ( '',0.7921568627450980005, 0.8196078431372548767, 0.9333333333333333481 ) ;
#3484 = DIRECTION ( 'NONE',  ( 0.000000000000000000, -2.090028284309402051E-16, -1.000000000000000000 ) ) ;
#3485 = DIRECTION ( 'NONE',  ( -1.000000000000000000, 0.000000000000000000, 0.000000000000000000 ) ) ;
#3486 = CARTESIAN_POINT ( 'NONE',  ( 17.00000000000003908, -105.2999999999999829, -1.000000000000002220 ) ) ;
#3487 = ORIENTED_EDGE ( 'NONE', *, *, #2901, .F. ) ;
#3488 = CARTESIAN_POINT ( 'NONE',  ( -11.50000000000000355, -28.99999999999999645, 35.00000000000000000 ) ) ;
#3489 = EDGE_CURVE ( 'NONE', #2974, #2372, #4591, .T. ) ;
#3490 = ORIENTED_EDGE ( 'NONE', *, *, #2079, .F. ) ;
#3491 = CIRCLE ( 'NONE', #758, 1.250000000000583977 ) ;
#3492 = CARTESIAN_POINT ( 'NONE',  ( -16.49522956848936772, 9.603261442730490316, -50.00000000000000000 ) ) ;
#3493 = EDGE_LOOP ( 'NONE', ( #3725, #1637, #544, #3077 ) ) ;
#3494 = ORIENTED_EDGE ( 'NONE', *, *, #4629, .T. ) ;
#3495 = AXIS2_PLACEMENT_3D ( 'NONE', #1145, #1906, #3076 ) ;
#3496 = ORIENTED_EDGE ( 'NONE', *, *, #3259, .T. ) ;
#3497 = AXIS2_PLACEMENT_3D ( 'NONE', #2363, #551, #595 ) ;
#3498 = CARTESIAN_POINT ( 'NONE',  ( 0.8532614427305034166, 26.49522956848936772, -27.00000000000000000 ) ) ;
#3499 = CARTESIAN_POINT ( 'NONE',  ( -15.70000000000000639, -78.99999999999998579, -30.00000000000000000 ) ) ;
#3500 = DIRECTION ( 'NONE',  ( 1.000000000000000000, -0.000000000000000000, -0.000000000000000000 ) ) ;
#3501 = VERTEX_POINT ( 'NONE', #4412 ) ;
#3502 = ORIENTED_EDGE ( 'NONE', *, *, #3875, .F. ) ;
#3503 = CARTESIAN_POINT ( 'NONE',  ( -8.999999999999962697, 30.00000000000000711, -30.00000000000000000 ) ) ;
#3504 = CIRCLE ( 'NONE', #2801, 1.249999999999414690 ) ;
#3505 = FACE_OUTER_BOUND ( 'NONE', #2692, .T. ) ;
#3506 = VECTOR ( 'NONE', #1519, 999.9999999999998863 ) ;
#3507 = EDGE_CURVE ( 'NONE', #144, #322, #1728, .T. ) ;
#3508 = DIRECTION ( 'NONE',  ( -0.7071067811865477948, -0.7071067811865473507, 0.000000000000000000 ) ) ;
#3509 = CARTESIAN_POINT ( 'NONE',  ( 17.00000000000000000, -100.2699999999999960, 16.92500000000000426 ) ) ;
#3510 = CARTESIAN_POINT ( 'NONE',  ( 3.000000000000046185, -46.49999999999999289, 27.00000000000000355 ) ) ;
#3511 = DIRECTION ( 'NONE',  ( -0.7071067811865492381, -0.7071067811865457964, -0.000000000000000000 ) ) ;
#3512 = ORIENTED_EDGE ( 'NONE', *, *, #1536, .T. ) ;
#3513 = LINE ( 'NONE', #599, #1163 ) ;
#3514 = ORIENTED_EDGE ( 'NONE', *, *, #4801, .F. ) ;
#3515 = EDGE_CURVE ( 'NONE', #257, #1287, #1063, .T. ) ;
#3516 = FACE_BOUND ( 'NONE', #4357, .T. ) ;
#3517 = VECTOR ( 'NONE', #1638, 1000.000000000000000 ) ;
#3518 = EDGE_CURVE ( 'NONE', #3798, #4331, #2142, .T. ) ;
#3519 = ORIENTED_EDGE ( 'NONE', *, *, #2418, .F. ) ;
#3520 = ORIENTED_EDGE ( 'NONE', *, *, #3565, .F. ) ;
#3521 = VERTEX_POINT ( 'NONE', #2441 ) ;
#3522 = LINE ( 'NONE', #1661, #1252 ) ;
#3523 = DIRECTION ( 'NONE',  ( 0.000000000000000000, 0.000000000000000000, -1.000000000000000000 ) ) ;
#3524 = CARTESIAN_POINT ( 'NONE',  ( 20.00000000000004263, -34.99999999999999289, 27.00000000000000355 ) ) ;
#3525 = EDGE_LOOP ( 'NONE', ( #4427, #4280, #3456, #4150 ) ) ;
#3526 = CIRCLE ( 'NONE', #2041, 2.149999999999999023 ) ;
#3527 = ORIENTED_EDGE ( 'NONE', *, *, #4684, .T. ) ;
#3528 = CARTESIAN_POINT ( 'NONE',  ( 0.000000000000000000, 0.000000000000000000, 30.00000000000000000 ) ) ;
#3529 = CYLINDRICAL_SURFACE ( 'NONE', #4666, 1.150000000000011235 ) ;
#3530 = AXIS2_PLACEMENT_3D ( 'NONE', #4284, #587, #2877 ) ;
#3531 = DIRECTION ( 'NONE',  ( -0.000000000000000000, -0.000000000000000000, 1.000000000000000000 ) ) ;
#3532 = ADVANCED_FACE ( 'NONE', ( #2071 ), #3611, .F. ) ;
#3533 = DIRECTION ( 'NONE',  ( 0.000000000000000000, 1.000000000000000000, -3.469446951953601961E-15 ) ) ;
#3534 = CARTESIAN_POINT ( 'NONE',  ( -9.346964270856195967, 9.747530009010310081, -50.00000000000000000 ) ) ;
#3535 = DIRECTION ( 'NONE',  ( -1.000000000000000000, 0.000000000000000000, 0.000000000000000000 ) ) ;
#3536 = CARTESIAN_POINT ( 'NONE',  ( -19.99999999999999645, -49.99999999999997868, -27.00000000000000000 ) ) ;
#3537 = ORIENTED_EDGE ( 'NONE', *, *, #2247, .F. ) ;
#3538 = AXIS2_PLACEMENT_3D ( 'NONE', #3019, #2628, #773 ) ;
#3539 = EDGE_CURVE ( 'NONE', #3097, #1936, #984, .T. ) ;
#3540 = DIRECTION ( 'NONE',  ( -1.000000000000000000, 3.469446951953611231E-16, 0.000000000000000000 ) ) ;
#3541 = ORIENTED_EDGE ( 'NONE', *, *, #2498, .F. ) ;
#3542 = CIRCLE ( 'NONE', #3933, 1.249999999999414690 ) ;
#3543 = VERTEX_POINT ( 'NONE', #2942 ) ;
#3544 = EDGE_LOOP ( 'NONE', ( #3512, #2010, #3612, #926 ) ) ;
#3545 = CARTESIAN_POINT ( 'NONE',  ( 20.00000000000000000, -120.0000000000000000, -30.00000000000000000 ) ) ;
#3546 = PLANE ( 'NONE',  #4511 ) ;
#3547 = ADVANCED_FACE ( 'NONE', ( #1166 ), #2656, .F. ) ;
#3548 = PLANE ( 'NONE',  #3680 ) ;
#3549 = EDGE_LOOP ( 'NONE', ( #4301, #2427, #4586, #441 ) ) ;
#3550 = ORIENTED_EDGE ( 'NONE', *, *, #4263, .F. ) ;
#3551 = DIRECTION ( 'NONE',  ( -3.469446951953611231E-16, -1.000000000000000000, 0.000000000000000000 ) ) ;
#3552 = CARTESIAN_POINT ( 'NONE',  ( 9.000000000000017764, 30.00000000000000711, 30.00000000000000000 ) ) ;
#3553 = EDGE_CURVE ( 'NONE', #4326, #272, #4095, .T. ) ;
#3554 = CARTESIAN_POINT ( 'NONE',  ( -11.50000000000000355, -28.99999999999999645, -26.99999999999999645 ) ) ;
#3555 = FACE_OUTER_BOUND ( 'NONE', #561, .T. ) ;
#3556 = CARTESIAN_POINT ( 'NONE',  ( 4.000000000000000000, -105.0000000000000000, -30.00000000000000000 ) ) ;
#3557 = DIRECTION ( 'NONE',  ( -0.000000000000000000, -0.000000000000000000, 1.000000000000000000 ) ) ;
#3558 = CARTESIAN_POINT ( 'NONE',  ( -9.000000000000017764, -54.99999999999999289, 47.22374841615668828 ) ) ;
#3559 = STYLED_ITEM ( 'NONE', ( #1961 ), #1723 ) ;
#3560 = DIRECTION ( 'NONE',  ( 0.000000000000000000, 0.000000000000000000, -1.000000000000000000 ) ) ;
#3561 = ORIENTED_EDGE ( 'NONE', *, *, #992, .F. ) ;
#3562 = CARTESIAN_POINT ( 'NONE',  ( 10.00000000000000000, -100.2699999999999960, -4.924999999999998934 ) ) ;
#3563 = CIRCLE ( 'NONE', #4423, 1.249999999999414690 ) ;
#3564 = VERTEX_POINT ( 'NONE', #1872 ) ;
#3565 = EDGE_CURVE ( 'NONE', #4563, #627, #723, .T. ) ;
#3566 = AXIS2_PLACEMENT_3D ( 'NONE', #1918, #3090, #4168 ) ;
#3567 = EDGE_CURVE ( 'NONE', #3331, #2205, #2286, .T. ) ;
#3568 = EDGE_LOOP ( 'NONE', ( #2157, #2206, #3180, #3785 ) ) ;
#3569 = FACE_OUTER_BOUND ( 'NONE', #1967, .T. ) ;
#3570 = CARTESIAN_POINT ( 'NONE',  ( 15.24522956848995214, 10.39673855726952389, -50.00000000000000000 ) ) ;
#3571 = CIRCLE ( 'NONE', #2551, 1.149999999999989697 ) ;
#3572 = DIRECTION ( 'NONE',  ( 1.000000000000000000, 0.000000000000000000, 0.000000000000000000 ) ) ;
#3573 = ORIENTED_EDGE ( 'NONE', *, *, #1164, .T. ) ;
#3574 = VERTEX_POINT ( 'NONE', #3388 ) ;
#3575 = PLANE ( 'NONE',  #4829 ) ;
#3576 = DIRECTION ( 'NONE',  ( 1.000000000000000000, 0.000000000000000000, 0.000000000000000000 ) ) ;
#3577 = CIRCLE ( 'NONE', #3497, 2.150000000000004352 ) ;
#3578 = AXIS2_PLACEMENT_3D ( 'NONE', #4142, #348, #4462 ) ;
#3579 = VERTEX_POINT ( 'NONE', #1503 ) ;
#3580 = VECTOR ( 'NONE', #2263, 1000.000000000000000 ) ;
#3581 = EDGE_CURVE ( 'NONE', #3331, #398, #4344, .T. ) ;
#3582 = AXIS2_PLACEMENT_3D ( 'NONE', #4261, #3847, #4187 ) ;
#3583 = DIRECTION ( 'NONE',  ( 0.000000000000000000, 0.000000000000000000, -1.000000000000000000 ) ) ;
#3584 = DIRECTION ( 'NONE',  ( 1.734723475976807341E-16, -1.000000000000000000, 0.000000000000000000 ) ) ;
#3585 = CARTESIAN_POINT ( 'NONE',  ( 15.24522956848995214, 10.39673855726952389, -50.00000000000000000 ) ) ;
#3586 = AXIS2_PLACEMENT_3D ( 'NONE', #2700, #4633, #2769 ) ;
#3587 = CARTESIAN_POINT ( 'NONE',  ( 17.00000000000003908, -97.00000000000000000, -10.84999999999996767 ) ) ;
#3588 = DIRECTION ( 'NONE',  ( -0.000000000000000000, -1.000000000000000000, -2.899914244479310235E-15 ) ) ;
#3589 = ORIENTED_EDGE ( 'NONE', *, *, #1053, .F. ) ;
#3590 = FACE_BOUND ( 'NONE', #4253, .T. ) ;
#3591 = ORIENTED_EDGE ( 'NONE', *, *, #1725, .F. ) ;
#3592 = ORIENTED_EDGE ( 'NONE', *, *, #3899, .F. ) ;
#3593 = DIRECTION ( 'NONE',  ( 0.000000000000000000, 0.000000000000000000, 1.000000000000000000 ) ) ;
#3594 = CARTESIAN_POINT ( 'NONE',  ( 15.24522956848995214, 10.39673855726952389, 27.00000000000001066 ) ) ;
#3595 = EDGE_CURVE ( 'NONE', #1265, #95, #747, .T. ) ;
#3596 = EDGE_CURVE ( 'NONE', #3912, #2878, #2994, .T. ) ;
#3597 = VECTOR ( 'NONE', #3913, 1000.000000000000000 ) ;
#3598 = LINE ( 'NONE', #243, #720 ) ;
#3599 = EDGE_LOOP ( 'NONE', ( #929, #4696 ) ) ;
#3600 = EDGE_LOOP ( 'NONE', ( #4235, #654, #3389, #2849 ) ) ;
#3601 = DIRECTION ( 'NONE',  ( -1.000000000000000000, 0.000000000000000000, -0.000000000000000000 ) ) ;
#3602 = CARTESIAN_POINT ( 'NONE',  ( -14.00000000000000355, -26.50000000000000355, 30.00000000000000000 ) ) ;
#3603 = EDGE_CURVE ( 'NONE', #2878, #3764, #1060, .T. ) ;
#3604 = ORIENTED_EDGE ( 'NONE', *, *, #3606, .F. ) ;
#3605 = ORIENTED_EDGE ( 'NONE', *, *, #433, .F. ) ;
#3606 = EDGE_CURVE ( 'NONE', #567, #4502, #285, .T. ) ;
#3607 = CIRCLE ( 'NONE', #1186, 1.150000000000582778 ) ;
#3608 = CARTESIAN_POINT ( 'NONE',  ( 0.3967385572695156237, -6.495229568489357952, -50.00000000000000000 ) ) ;
#3609 = EDGE_CURVE ( 'NONE', #93, #1679, #3704, .T. ) ;
#3610 = LINE ( 'NONE', #253, #2275 ) ;
#3611 = PLANE ( 'NONE',  #3955 ) ;
#3612 = ORIENTED_EDGE ( 'NONE', *, *, #531, .T. ) ;
#3613 = CARTESIAN_POINT ( 'NONE',  ( 17.00000000000003908, -105.3000000000000540, -10.85000000000000142 ) ) ;
#3614 = ORIENTED_EDGE ( 'NONE', *, *, #3507, .T. ) ;
#3615 = VERTEX_POINT ( 'NONE', #402 ) ;
#3616 = DIRECTION ( 'NONE',  ( 0.000000000000000000, -1.000000000000000000, 0.000000000000000000 ) ) ;
#3617 = PLANE ( 'NONE',  #2394 ) ;
#3618 = LINE ( 'NONE', #266, #1497 ) ;
#3619 = AXIS2_PLACEMENT_3D ( 'NONE', #919, #1279, #1649 ) ;
#3620 = EDGE_LOOP ( 'NONE', ( #1433, #1884, #3683, #924 ) ) ;
#3621 = EDGE_LOOP ( 'NONE', ( #1108, #518, #98, #3882 ) ) ;
#3622 = DIRECTION ( 'NONE',  ( 0.000000000000000000, 0.000000000000000000, -1.000000000000000000 ) ) ;
#3623 = ADVANCED_FACE ( 'NONE', ( #3282 ), #4778, .F. ) ;
#3624 = DIRECTION ( 'NONE',  ( 1.000000000000000000, 0.000000000000000000, 0.000000000000000000 ) ) ;
#3625 = CARTESIAN_POINT ( 'NONE',  ( 3.000000000000039080, -43.49999999999999289, -27.00000000000000000 ) ) ;
#3626 = ORIENTED_EDGE ( 'NONE', *, *, #4683, .T. ) ;
#3627 = ORIENTED_EDGE ( 'NONE', *, *, #3099, .T. ) ;
#3628 = ADVANCED_FACE ( 'NONE', ( #1821 ), #1420, .F. ) ;
#3629 = CARTESIAN_POINT ( 'NONE',  ( 18.80000000000003979, -46.69999999999985363, -0.9999999999999861222 ) ) ;
#3630 = CARTESIAN_POINT ( 'NONE',  ( -19.99999999999999645, 19.00000000000002487, -26.99999999999999645 ) ) ;
#3631 = CARTESIAN_POINT ( 'NONE',  ( -17.74522956848995037, 9.603261442730490316, 27.00000000000001066 ) ) ;
#3632 = VERTEX_POINT ( 'NONE', #1473 ) ;
#3633 = DIRECTION ( 'NONE',  ( 0.000000000000000000, -1.000000000000000000, 0.000000000000000000 ) ) ;
#3634 = DIRECTION ( 'NONE',  ( 0.000000000000000000, 0.000000000000000000, -1.000000000000000000 ) ) ;
#3635 = ORIENTED_EDGE ( 'NONE', *, *, #1206, .T. ) ;
#3636 = FACE_OUTER_BOUND ( 'NONE', #2720, .T. ) ;
#3637 = AXIS2_PLACEMENT_3D ( 'NONE', #920, #2414, #3049 ) ;
#3638 = EDGE_CURVE ( 'NONE', #2885, #3067, #4409, .T. ) ;
#3639 = ORIENTED_EDGE ( 'NONE', *, *, #3926, .F. ) ;
#3640 = DIRECTION ( 'NONE',  ( 1.000000000000000000, 0.000000000000000000, 0.000000000000000000 ) ) ;
#3641 = DIRECTION ( 'NONE',  ( -0.000000000000000000, -3.469446951953601961E-15, -1.000000000000000000 ) ) ;
#3642 = CIRCLE ( 'NONE', #279, 1.250000000000585754 ) ;
#3643 = DIRECTION ( 'NONE',  ( 1.000000000000000000, 0.000000000000000000, 0.000000000000000000 ) ) ;
#3644 = VERTEX_POINT ( 'NONE', #4491 ) ;
#3645 = EDGE_LOOP ( 'NONE', ( #4773, #2855, #833, #3652 ) ) ;
#3646 = CARTESIAN_POINT ( 'NONE',  ( -16.49522956848936772, 9.603261442730490316, -30.00000000000000000 ) ) ;
#3647 = CARTESIAN_POINT ( 'NONE',  ( -14.00000000000000178, -21.50000000000000000, 35.00000000000000000 ) ) ;
#3648 = DIRECTION ( 'NONE',  ( -0.000000000000000000, -0.000000000000000000, 1.000000000000000000 ) ) ;
#3649 = DIRECTION ( 'NONE',  ( 0.000000000000000000, 0.000000000000000000, 1.000000000000000000 ) ) ;
#3650 = AXIS2_PLACEMENT_3D ( 'NONE', #4333, #2497, #2063 ) ;
#3651 = ORIENTED_EDGE ( 'NONE', *, *, #3581, .T. ) ;
#3652 = ORIENTED_EDGE ( 'NONE', *, *, #639, .F. ) ;
#3653 = VECTOR ( 'NONE', #4276, 1000.000000000000000 ) ;
#3654 = AXIS2_PLACEMENT_3D ( 'NONE', #1578, #4097, #851 ) ;
#3655 = CARTESIAN_POINT ( 'NONE',  ( 20.00000000000000000, -100.2699999999999960, -7.075000000000001066 ) ) ;
#3656 = EDGE_CURVE ( 'NONE', #629, #1794, #2188, .T. ) ;
#3657 = EDGE_CURVE ( 'NONE', #398, #3331, #523, .T. ) ;
#3658 = AXIS2_PLACEMENT_3D ( 'NONE', #2826, #2778, #530 ) ;
#3659 = DIRECTION ( 'NONE',  ( -1.000000000000000000, 0.000000000000000000, 0.000000000000000000 ) ) ;
#3660 = ORIENTED_EDGE ( 'NONE', *, *, #2026, .F. ) ;
#3661 = DIRECTION ( 'NONE',  ( 0.000000000000000000, 0.000000000000000000, 1.000000000000000000 ) ) ;
#3662 = AXIS2_PLACEMENT_3D ( 'NONE', #2983, #3299, #2595 ) ;
#3663 = ORIENTED_EDGE ( 'NONE', *, *, #1536, .F. ) ;
#3664 = CYLINDRICAL_SURFACE ( 'NONE', #1705, 1.250000000000021094 ) ;
#3665 = EDGE_CURVE ( 'NONE', #300, #3110, #4463, .T. ) ;
#3666 = EDGE_LOOP ( 'NONE', ( #1249, #1408, #2786, #1182 ) ) ;
#3667 = FACE_BOUND ( 'NONE', #4381, .T. ) ;
#3668 = FACE_OUTER_BOUND ( 'NONE', #1082, .T. ) ;
#3669 = EDGE_CURVE ( 'NONE', #3317, #2205, #4663, .T. ) ;
#3670 = CARTESIAN_POINT ( 'NONE',  ( 18.80000000000003979, -54.99999999999999289, 8.849999999999983658 ) ) ;
#3671 = EDGE_LOOP ( 'NONE', ( #1811, #2879, #1183, #4641 ) ) ;
#3672 = ORIENTED_EDGE ( 'NONE', *, *, #1692, .F. ) ;
#3673 = CARTESIAN_POINT ( 'NONE',  ( 20.00000000000000000, -100.2699999999999960, 14.77499999999999858 ) ) ;
#3674 = CARTESIAN_POINT ( 'NONE',  ( -1.402469990989706039, 20.49696427085678252, -27.00000000000000000 ) ) ;
#3675 = DIRECTION ( 'NONE',  ( -1.000000000000000000, 0.000000000000000000, 0.000000000000000000 ) ) ;
#3676 = EDGE_LOOP ( 'NONE', ( #3434, #2107, #1892, #1714 ) ) ;
#3677 = ORIENTED_EDGE ( 'NONE', *, *, #1657, .F. ) ;
#3678 = FACE_BOUND ( 'NONE', #314, .T. ) ;
#3679 = DIRECTION ( 'NONE',  ( -0.000000000000000000, -0.000000000000000000, 1.000000000000000000 ) ) ;
#3680 = AXIS2_PLACEMENT_3D ( 'NONE', #976, #2814, #2471 ) ;
#3681 = ADVANCED_FACE ( 'NONE', ( #4119, #3505, #3137, #2309, #2770, #3066, #4611, #453, #4568, #1618, #1991, #2014 ), #3045, .F. ) ;
#3682 = DIRECTION ( 'NONE',  ( -0.000000000000000000, -3.469446951953671381E-15, -1.000000000000000000 ) ) ;
#3683 = ORIENTED_EDGE ( 'NONE', *, *, #3656, .T. ) ;
#3684 = LINE ( 'NONE', #4782, #846 ) ;
#3685 = CIRCLE ( 'NONE', #1576, 1.150000000000582778 ) ;
#3686 = EDGE_LOOP ( 'NONE', ( #2975, #2024, #1652, #4278 ) ) ;
#3687 = EDGE_CURVE ( 'NONE', #2767, #4553, #3114, .T. ) ;
#3688 = ORIENTED_EDGE ( 'NONE', *, *, #3669, .F. ) ;
#3689 = CARTESIAN_POINT ( 'NONE',  ( -0.2524699909896948036, 20.49696427085678252, 27.00000000000001066 ) ) ;
#3690 = DIRECTION ( 'NONE',  ( -0.000000000000000000, 0.000000000000000000, 1.000000000000000000 ) ) ;
#3691 = DIRECTION ( 'NONE',  ( -0.000000000000000000, -0.000000000000000000, 1.000000000000000000 ) ) ;
#3692 = VERTEX_POINT ( 'NONE', #1185 ) ;
#3693 = EDGE_LOOP ( 'NONE', ( #3330, #1341, #3312, #2534 ) ) ;
#3694 = DIRECTION ( 'NONE',  ( -0.000000000000000000, -0.000000000000000000, 1.000000000000000000 ) ) ;
#3695 = FACE_OUTER_BOUND ( 'NONE', #77, .T. ) ;
#3696 = PLANE ( 'NONE',  #378 ) ;
#3697 = CARTESIAN_POINT ( 'NONE',  ( 1.350000000000001643, -115.9999999999999858, -62.00000000000000000 ) ) ;
#3698 = CIRCLE ( 'NONE', #107, 1.150000000000582778 ) ;
#3699 = ORIENTED_EDGE ( 'NONE', *, *, #2941, .F. ) ;
#3700 = ORIENTED_EDGE ( 'NONE', *, *, #3091, .F. ) ;
#3701 = DIRECTION ( 'NONE',  ( -0.000000000000000000, -0.000000000000000000, 1.000000000000000000 ) ) ;
#3702 = CIRCLE ( 'NONE', #3074, 1.150000000000011235 ) ;
#3703 = EDGE_CURVE ( 'NONE', #2273, #3724, #66, .T. ) ;
#3704 = LINE ( 'NONE', #695, #2477 ) ;
#3705 = CARTESIAN_POINT ( 'NONE',  ( -0.3967385572695176221, 26.49522956848936772, -27.00000000000000000 ) ) ;
#3706 = CARTESIAN_POINT ( 'NONE',  ( 16.49522956848936772, 10.39673855726952389, 27.00000000000001066 ) ) ;
#3707 = ORIENTED_EDGE ( 'NONE', *, *, #1353, .F. ) ;
#3708 = DIRECTION ( 'NONE',  ( 0.7071067811865482389, -0.7071067811865469066, 0.000000000000000000 ) ) ;
#3709 = CYLINDRICAL_SURFACE ( 'NONE', #4398, 1.250000000000585754 ) ;
#3710 = ORIENTED_EDGE ( 'NONE', *, *, #3333, .T. ) ;
#3711 = VERTEX_POINT ( 'NONE', #821 ) ;
#3712 = DIRECTION ( 'NONE',  ( 1.000000000000000000, 0.000000000000000000, 0.000000000000000000 ) ) ;
#3713 = DIRECTION ( 'NONE',  ( -1.000000000000000000, 0.000000000000000000, 0.000000000000000000 ) ) ;
#3714 = DIRECTION ( 'NONE',  ( 1.000000000000000000, 0.000000000000000000, 0.000000000000000000 ) ) ;
#3715 = EDGE_CURVE ( 'NONE', #4515, #3174, #362, .T. ) ;
#3716 = EDGE_LOOP ( 'NONE', ( #4274, #4556 ) ) ;
#3717 = VERTEX_POINT ( 'NONE', #1645 ) ;
#3718 = FACE_OUTER_BOUND ( 'NONE', #3146, .T. ) ;
#3719 = DIRECTION ( 'NONE',  ( -0.000000000000000000, -1.000000000000000000, -2.899914244479310235E-15 ) ) ;
#3720 = VECTOR ( 'NONE', #419, 1000.000000000000000 ) ;
#3721 = DIRECTION ( 'NONE',  ( 1.000000000000000000, -0.000000000000000000, -0.000000000000000000 ) ) ;
#3722 = CARTESIAN_POINT ( 'NONE',  ( 0.000000000000000000, 10.00000000000000533, 30.00000000000000000 ) ) ;
#3723 = DIRECTION ( 'NONE',  ( 1.000000000000000000, 0.000000000000000000, 0.000000000000000000 ) ) ;
#3724 = VERTEX_POINT ( 'NONE', #2679 ) ;
#3725 = ORIENTED_EDGE ( 'NONE', *, *, #1588, .T. ) ;
#3726 = DIRECTION ( 'NONE',  ( 0.000000000000000000, 0.000000000000000000, 1.000000000000000000 ) ) ;
#3727 = EDGE_CURVE ( 'NONE', #832, #4254, #2701, .T. ) ;
#3728 = AXIS2_PLACEMENT_3D ( 'NONE', #4824, #1528, #1894 ) ;
#3729 = EDGE_CURVE ( 'NONE', #3222, #823, #4519, .T. ) ;
#3730 = VECTOR ( 'NONE', #2906, 1000.000000000000000 ) ;
#3731 = VECTOR ( 'NONE', #487, 1000.000000000000000 ) ;
#3732 = AXIS2_PLACEMENT_3D ( 'NONE', #2803, #2823, #4315 ) ;
#3733 = CARTESIAN_POINT ( 'NONE',  ( 11.49999999999999645, -19.00000000000000355, 35.00000000000000000 ) ) ;
#3734 = CARTESIAN_POINT ( 'NONE',  ( 9.000000000000017764, 30.00000000000000711, 30.00000000000000000 ) ) ;
#3735 = AXIS2_PLACEMENT_3D ( 'NONE', #2293, #1558, #48 ) ;
#3736 = ORIENTED_EDGE ( 'NONE', *, *, #1261, .T. ) ;
#3737 = CARTESIAN_POINT ( 'NONE',  ( 0.2524699909896935268, -0.4969642708567700851, -50.00000000000000000 ) ) ;
#3738 = ORIENTED_EDGE ( 'NONE', *, *, #88, .F. ) ;
#3739 = LINE ( 'NONE', #3422, #454 ) ;
#3740 = DIRECTION ( 'NONE',  ( 1.284980352575412453E-16, 0.000000000000000000, 1.000000000000000000 ) ) ;
#3741 = VECTOR ( 'NONE', #3435, 1000.000000000000000 ) ;
#3742 = CARTESIAN_POINT ( 'NONE',  ( -9.000000000000017764, -120.0000000000000000, -30.00000000000000000 ) ) ;
#3743 = EDGE_LOOP ( 'NONE', ( #885, #3242, #648, #1498 ) ) ;
#3744 = EDGE_LOOP ( 'NONE', ( #2887, #262, #3008, #1743 ) ) ;
#3745 = FACE_OUTER_BOUND ( 'NONE', #3666, .T. ) ;
#3746 = EDGE_CURVE ( 'NONE', #1041, #3041, #3491, .T. ) ;
#3747 = CARTESIAN_POINT ( 'NONE',  ( 20.00000000000000000, -120.0000000000000000, 30.00000000000000000 ) ) ;
#3748 = LINE ( 'NONE', #2931, #3806 ) ;
#3749 = CARTESIAN_POINT ( 'NONE',  ( 11.64696427085619668, 10.25246999098970235, -50.00000000000000000 ) ) ;
#3750 = ORIENTED_EDGE ( 'NONE', *, *, #3780, .F. ) ;
#3751 = ORIENTED_EDGE ( 'NONE', *, *, #1113, .T. ) ;
#3752 = PLANE ( 'NONE',  #1474 ) ;
#3753 = EDGE_CURVE ( 'NONE', #4502, #567, #917, .T. ) ;
#3754 = CARTESIAN_POINT ( 'NONE',  ( 10.00000000000000000, -100.2699999999999960, -2.774999999999996358 ) ) ;
#3755 = VECTOR ( 'NONE', #470, 1000.000000000000000 ) ;
#3756 = EDGE_CURVE ( 'NONE', #1266, #4051, #4189, .T. ) ;
#3757 = EDGE_CURVE ( 'NONE', #4363, #1118, #2382, .T. ) ;
#3758 = CARTESIAN_POINT ( 'NONE',  ( -20.00000000000000000, 30.00000000000000711, 30.00000000000000000 ) ) ;
#3759 = DIRECTION ( 'NONE',  ( -0.000000000000000000, -1.000000000000000000, -0.000000000000000000 ) ) ;
#3760 = CARTESIAN_POINT ( 'NONE',  ( 0.3967385572695156237, -6.495229568489357952, -50.00000000000000000 ) ) ;
#3761 = ORIENTED_EDGE ( 'NONE', *, *, #1247, .T. ) ;
#3762 = DIRECTION ( 'NONE',  ( 0.000000000000000000, 0.000000000000000000, -1.000000000000000000 ) ) ;
#3763 = EDGE_CURVE ( 'NONE', #2205, #3317, #1147, .T. ) ;
#3764 = VERTEX_POINT ( 'NONE', #128 ) ;
#3765 = CIRCLE ( 'NONE', #245, 1.699999999999999956 ) ;
#3766 = DIRECTION ( 'NONE',  ( -1.000000000000000000, 0.000000000000000000, 0.000000000000000000 ) ) ;
#3767 = CARTESIAN_POINT ( 'NONE',  ( 18.80000000000003979, -105.3000000000000256, 10.84999999999999609 ) ) ;
#3768 = ORIENTED_EDGE ( 'NONE', *, *, #4312, .T. ) ;
#3769 = ORIENTED_EDGE ( 'NONE', *, *, #2996, .F. ) ;
#3770 = CARTESIAN_POINT ( 'NONE',  ( -11.50000000000000533, -19.00000000000000355, -30.00000000000000000 ) ) ;
#3771 = FACE_OUTER_BOUND ( 'NONE', #2495, .T. ) ;
#3772 = LINE ( 'NONE', #3749, #165 ) ;
#3773 = ORIENTED_EDGE ( 'NONE', *, *, #1871, .T. ) ;
#3774 = ORIENTED_EDGE ( 'NONE', *, *, #1993, .T. ) ;
#3775 = CARTESIAN_POINT ( 'NONE',  ( 17.00000000000004974, -50.84999999999999432, -7.074999999999997513 ) ) ;
#3776 = VECTOR ( 'NONE', #1673, 1000.000000000000000 ) ;
#3777 = DIRECTION ( 'NONE',  ( -1.000000000000000000, -0.000000000000000000, -0.000000000000000000 ) ) ;
#3778 = CYLINDRICAL_SURFACE ( 'NONE', #4089, 2.150000000000002576 ) ;
#3779 = VECTOR ( 'NONE', #308, 1000.000000000000000 ) ;
#3780 = EDGE_CURVE ( 'NONE', #1654, #3990, #427, .T. ) ;
#3781 = DIRECTION ( 'NONE',  ( 0.000000000000000000, 0.000000000000000000, -1.000000000000000000 ) ) ;
#3782 = DIRECTION ( 'NONE',  ( 1.000000000000000000, 0.000000000000000000, 0.000000000000000000 ) ) ;
#3783 = DIRECTION ( 'NONE',  ( 0.000000000000000000, 0.000000000000000000, 1.000000000000000000 ) ) ;
#3784 = LINE ( 'NONE', #458, #2062 ) ;
#3785 = ORIENTED_EDGE ( 'NONE', *, *, #1986, .T. ) ;
#3786 = FACE_OUTER_BOUND ( 'NONE', #1172, .T. ) ;
#3787 = ORIENTED_EDGE ( 'NONE', *, *, #2980, .T. ) ;
#3788 = DIRECTION ( 'NONE',  ( -0.7071067811865483499, -0.7071067811865467956, 0.000000000000000000 ) ) ;
#3789 = CARTESIAN_POINT ( 'NONE',  ( 18.80000000000003979, -105.2999999999999829, -1.000000000000002220 ) ) ;
#3790 = EDGE_CURVE ( 'NONE', #1787, #4781, #3023, .T. ) ;
#3791 = ORIENTED_EDGE ( 'NONE', *, *, #4050, .T. ) ;
#3792 = ORIENTED_EDGE ( 'NONE', *, *, #4341, .T. ) ;
#3793 = CARTESIAN_POINT ( 'NONE',  ( -1.646738557269538772, 26.49522956848936772, -50.00000000000000000 ) ) ;
#3794 = DIRECTION ( 'NONE',  ( 0.000000000000000000, 0.000000000000000000, -1.000000000000000000 ) ) ;
#3795 = DIRECTION ( 'NONE',  ( 1.000000000000000000, -0.000000000000000000, -0.000000000000000000 ) ) ;
#3796 = DIRECTION ( 'NONE',  ( 0.000000000000000000, 1.000000000000000000, 0.000000000000000000 ) ) ;
#3797 = ORIENTED_EDGE ( 'NONE', *, *, #3729, .F. ) ;
#3798 = VERTEX_POINT ( 'NONE', #3230 ) ;
#3799 = DIRECTION ( 'NONE',  ( 0.000000000000000000, 0.000000000000000000, -1.000000000000000000 ) ) ;
#3800 = AXIS2_PLACEMENT_3D ( 'NONE', #1463, #688, #1044 ) ;
#3801 = VECTOR ( 'NONE', #3936, 1000.000000000000000 ) ;
#3802 = VECTOR ( 'NONE', #3682, 1000.000000000000000 ) ;
#3803 = EDGE_LOOP ( 'NONE', ( #418, #3940, #3274, #886 ) ) ;
#3804 = ADVANCED_FACE ( 'NONE', ( #4290 ), #2086, .F. ) ;
#3805 = DIRECTION ( 'NONE',  ( 1.000000000000000000, 0.000000000000000000, 0.000000000000000000 ) ) ;
#3806 = VECTOR ( 'NONE', #740, 1000.000000000000000 ) ;
#3807 = DIRECTION ( 'NONE',  ( 0.000000000000000000, 0.000000000000000000, -1.000000000000000000 ) ) ;
#3808 = ORIENTED_EDGE ( 'NONE', *, *, #3746, .F. ) ;
#3809 = CARTESIAN_POINT ( 'NONE',  ( 17.00000000000003908, -105.2999999999999972, 1.000000000000039080 ) ) ;
#3810 = ORIENTED_EDGE ( 'NONE', *, *, #1561, .F. ) ;
#3811 = ADVANCED_FACE ( 'NONE', ( #4378 ), #200, .F. ) ;
#3812 = LINE ( 'NONE', #1173, #1544 ) ;
#3813 = VECTOR ( 'NONE', #3584, 1000.000000000000000 ) ;
#3814 = VECTOR ( 'NONE', #918, 1000.000000000000000 ) ;
#3815 = EDGE_CURVE ( 'NONE', #1144, #4417, #4271, .T. ) ;
#3816 = EDGE_LOOP ( 'NONE', ( #2145, #4306 ) ) ;
#3817 = ORIENTED_EDGE ( 'NONE', *, *, #3815, .T. ) ;
#3818 =( LENGTH_UNIT ( ) NAMED_UNIT ( * ) SI_UNIT ( .MILLI., .METRE. ) );
#3819 = VECTOR ( 'NONE', #4490, 1000.000000000000000 ) ;
#3820 = DIRECTION ( 'NONE',  ( 0.000000000000000000, -0.000000000000000000, -1.000000000000000000 ) ) ;
#3821 = PLANE ( 'NONE',  #2002 ) ;
#3822 = EDGE_CURVE ( 'NONE', #239, #1570, #2819, .T. ) ;
#3823 = LINE ( 'NONE', #2402, #3138 ) ;
#3824 = VERTEX_POINT ( 'NONE', #3602 ) ;
#3825 = VERTEX_POINT ( 'NONE', #638 ) ;
#3826 = LINE ( 'NONE', #2405, #3349 ) ;
#3827 = CARTESIAN_POINT ( 'NONE',  ( 18.80000000000003979, -97.00000000000000000, 10.84999999999996767 ) ) ;
#3828 = AXIS2_PLACEMENT_3D ( 'NONE', #524, #3900, #4685 ) ;
#3829 = CARTESIAN_POINT ( 'NONE',  ( -0.3967385572695176221, 26.49522956848936772, -30.00000000000000000 ) ) ;
#3830 = PLANE ( 'NONE',  #4202 ) ;
#3831 = AXIS2_PLACEMENT_3D ( 'NONE', #3107, #4560, #3820 ) ;
#3832 = FACE_OUTER_BOUND ( 'NONE', #2214, .T. ) ;
#3833 = VERTEX_POINT ( 'NONE', #4682 ) ;
#3834 = EDGE_CURVE ( 'NONE', #4051, #4758, #3253, .T. ) ;
#3835 = ORIENTED_EDGE ( 'NONE', *, *, #1722, .F. ) ;
#3836 = DIRECTION ( 'NONE',  ( 1.000000000000000000, 0.000000000000000000, 0.000000000000000000 ) ) ;
#3837 = ORIENTED_EDGE ( 'NONE', *, *, #1449, .T. ) ;
#3838 = ADVANCED_FACE ( 'NONE', ( #1741 ), #3529, .F. ) ;
#3839 = ORIENTED_EDGE ( 'NONE', *, *, #3320, .T. ) ;
#3840 = CIRCLE ( 'NONE', #2976, 1.150000000000582778 ) ;
#3841 = DIRECTION ( 'NONE',  ( -0.7071067811865482389, 0.7071067811865469066, 0.000000000000000000 ) ) ;
#3842 = CARTESIAN_POINT ( 'NONE',  ( 11.49999999999999645, -28.99999999999999645, 35.00000000000000000 ) ) ;
#3843 = DIRECTION ( 'NONE',  ( -0.7071067811865457964, 0.7071067811865492381, -0.000000000000000000 ) ) ;
#3844 = LINE ( 'NONE', #4234, #2668 ) ;
#3845 = VERTEX_POINT ( 'NONE', #3625 ) ;
#3846 = EDGE_LOOP ( 'NONE', ( #3677, #4534, #1288, #1582 ) ) ;
#3847 = DIRECTION ( 'NONE',  ( 0.000000000000000000, 0.000000000000000000, -1.000000000000000000 ) ) ;
#3848 = ORIENTED_EDGE ( 'NONE', *, *, #1059, .F. ) ;
#3849 = EDGE_CURVE ( 'NONE', #3916, #1751, #961, .T. ) ;
#3850 = CYLINDRICAL_SURFACE ( 'NONE', #1715, 1.149999999999989697 ) ;
#3851 = LINE ( 'NONE', #944, #216 ) ;
#3852 = DIRECTION ( 'NONE',  ( 1.000000000000000000, 0.000000000000000000, 0.000000000000000000 ) ) ;
#3853 = ORIENTED_EDGE ( 'NONE', *, *, #488, .F. ) ;
#3854 = FACE_OUTER_BOUND ( 'NONE', #2097, .T. ) ;
#3855 = ORIENTED_EDGE ( 'NONE', *, *, #857, .T. ) ;
#3856 = DIRECTION ( 'NONE',  ( 1.000000000000000000, 0.000000000000000000, 0.000000000000000000 ) ) ;
#3857 = ORIENTED_EDGE ( 'NONE', *, *, #3236, .F. ) ;
#3858 = ORIENTED_EDGE ( 'NONE', *, *, #2457, .F. ) ;
#3859 = DIRECTION ( 'NONE',  ( 1.000000000000000000, 0.000000000000000000, 0.000000000000000000 ) ) ;
#3860 = ORIENTED_EDGE ( 'NONE', *, *, #3595, .T. ) ;
#3861 = CARTESIAN_POINT ( 'NONE',  ( -14.00000000000000355, -26.50000000000000355, -30.00000000000000000 ) ) ;
#3862 = DIRECTION ( 'NONE',  ( -0.000000000000000000, 1.000000000000000000, -0.000000000000000000 ) ) ;
#3863 = ADVANCED_FACE ( 'NONE', ( #1670 ), #2430, .F. ) ;
#3864 = DIRECTION ( 'NONE',  ( 0.7071067811865469066, 0.7071067811865482389, -0.000000000000000000 ) ) ;
#3865 = ORIENTED_EDGE ( 'NONE', *, *, #4341, .F. ) ;
#3866 = ORIENTED_EDGE ( 'NONE', *, *, #233, .F. ) ;
#3867 = FACE_BOUND ( 'NONE', #2962, .T. ) ;
#3868 = DIRECTION ( 'NONE',  ( 1.000000000000000000, 0.000000000000000000, 0.000000000000000000 ) ) ;
#3869 = ORIENTED_EDGE ( 'NONE', *, *, #53, .F. ) ;
#3870 = ADVANCED_FACE ( 'NONE', ( #3967 ), #1344, .F. ) ;
#3871 = CARTESIAN_POINT ( 'NONE',  ( 20.00000000000000000, -49.99999999999997868, -27.00000000000000000 ) ) ;
#3872 = AXIS2_PLACEMENT_3D ( 'NONE', #3983, #540, #565 ) ;
#3873 = CARTESIAN_POINT ( 'NONE',  ( 7.000000000000000888, -102.0000000000000000, -30.00000000000000000 ) ) ;
#3874 = CARTESIAN_POINT ( 'NONE',  ( -19.99999999999999645, -108.9999999999999858, -27.00000000000000000 ) ) ;
#3875 = EDGE_CURVE ( 'NONE', #2949, #753, #3571, .T. ) ;
#3876 = LINE ( 'NONE', #3585, #965 ) ;
#3877 = ORIENTED_EDGE ( 'NONE', *, *, #1655, .F. ) ;
#3878 = DIRECTION ( 'NONE',  ( 1.000000000000000000, -0.000000000000000000, -0.000000000000000000 ) ) ;
#3879 = VERTEX_POINT ( 'NONE', #3920 ) ;
#3880 = VECTOR ( 'NONE', #3410, 1000.000000000000000 ) ;
#3881 = LINE ( 'NONE', #949, #1375 ) ;
#3882 = ORIENTED_EDGE ( 'NONE', *, *, #3553, .F. ) ;
#3883 = EDGE_LOOP ( 'NONE', ( #491, #4748, #675, #4442 ) ) ;
#3884 = VECTOR ( 'NONE', #4644, 1000.000000000000000 ) ;
#3885 = ORIENTED_EDGE ( 'NONE', *, *, #1562, .T. ) ;
#3886 = AXIS2_PLACEMENT_3D ( 'NONE', #2213, #1825, #1062 ) ;
#3887 = DIRECTION ( 'NONE',  ( 1.000000000000000000, 0.000000000000000000, 0.000000000000000000 ) ) ;
#3888 = PLANE ( 'NONE',  #3872 ) ;
#3889 = APPLICATION_CONTEXT ( 'automotive_design' ) ;
#3890 = DIRECTION ( 'NONE',  ( 1.000000000000000000, -0.000000000000000000, -0.000000000000000000 ) ) ;
#3891 = VERTEX_POINT ( 'NONE', #2475 ) ;
#3892 = ORIENTED_EDGE ( 'NONE', *, *, #2848, .F. ) ;
#3893 = LINE ( 'NONE', #1274, #302 ) ;
#3894 = AXIS2_PLACEMENT_3D ( 'NONE', #4175, #4099, #2317 ) ;
#3895 = ADVANCED_FACE ( 'NONE', ( #1764 ), #570, .F. ) ;
#3896 = DIRECTION ( 'NONE',  ( 1.000000000000000000, 0.000000000000000000, 0.000000000000000000 ) ) ;
#3897 = AXIS2_PLACEMENT_3D ( 'NONE', #4482, #2956, #1101 ) ;
#3898 = ORIENTED_EDGE ( 'NONE', *, *, #221, .F. ) ;
#3899 = EDGE_CURVE ( 'NONE', #2580, #3910, #4655, .T. ) ;
#3900 = DIRECTION ( 'NONE',  ( 0.000000000000000000, 0.000000000000000000, -1.000000000000000000 ) ) ;
#3901 = DIRECTION ( 'NONE',  ( 1.000000000000000000, -0.000000000000000000, -0.000000000000000000 ) ) ;
#3902 = LINE ( 'NONE', #3534, #295 ) ;
#3903 = CARTESIAN_POINT ( 'NONE',  ( 20.00000000000004974, -54.99999999999999289, 47.22374841615668828 ) ) ;
#3904 = CARTESIAN_POINT ( 'NONE',  ( 16.49522956848936772, 10.39673855726952389, -27.00000000000000000 ) ) ;
#3905 = EDGE_CURVE ( 'NONE', #4092, #2119, #678, .T. ) ;
#3906 = ORIENTED_EDGE ( 'NONE', *, *, #2873, .T. ) ;
#3907 = CARTESIAN_POINT ( 'NONE',  ( -19.99999999999999645, -47.99999999999999289, -27.00000000000000000 ) ) ;
#3908 = AXIS2_PLACEMENT_3D ( 'NONE', #4394, #680, #2244 ) ;
#3909 = ORIENTED_EDGE ( 'NONE', *, *, #3192, .F. ) ;
#3910 = VERTEX_POINT ( 'NONE', #2111 ) ;
#3911 = ADVANCED_FACE ( 'NONE', ( #298 ), #4431, .T. ) ;
#3912 = VERTEX_POINT ( 'NONE', #1414 ) ;
#3913 = DIRECTION ( 'NONE',  ( -1.000000000000000000, 0.000000000000000000, 0.000000000000000000 ) ) ;
#3914 = DIRECTION ( 'NONE',  ( -1.000000000000000000, -0.000000000000000000, -0.000000000000000000 ) ) ;
#3915 = PLANE ( 'NONE',  #2280 ) ;
#3916 = VERTEX_POINT ( 'NONE', #2203 ) ;
#3917 = VECTOR ( 'NONE', #3643, 1000.000000000000000 ) ;
#3918 = ORIENTED_EDGE ( 'NONE', *, *, #53, .T. ) ;
#3919 = CARTESIAN_POINT ( 'NONE',  ( 17.00000000000003908, -97.00000000000000000, 1.000000000000019318 ) ) ;
#3920 = CARTESIAN_POINT ( 'NONE',  ( -12.29999999999998828, -78.99999999999998579, -30.00000000000000000 ) ) ;
#3921 = AXIS2_PLACEMENT_3D ( 'NONE', #4424, #3005, #1831 ) ;
#3922 = LINE ( 'NONE', #3187, #468 ) ;
#3923 = FACE_OUTER_BOUND ( 'NONE', #2510, .T. ) ;
#3924 = CARTESIAN_POINT ( 'NONE',  ( -13.99999999999999645, -88.99999999999998579, -30.00000000000000000 ) ) ;
#3925 = DIRECTION ( 'NONE',  ( -0.000000000000000000, 0.000000000000000000, 1.000000000000000000 ) ) ;
#3926 = EDGE_CURVE ( 'NONE', #2572, #1460, #1104, .T. ) ;
#3927 = DIRECTION ( 'NONE',  ( 0.000000000000000000, 0.000000000000000000, -1.000000000000000000 ) ) ;
#3928 = DIRECTION ( 'NONE',  ( 1.000000000000000000, -0.000000000000000000, -0.000000000000000000 ) ) ;
#3929 = EDGE_LOOP ( 'NONE', ( #2499, #3255, #3971, #2446 ) ) ;
#3930 = AXIS2_PLACEMENT_3D ( 'NONE', #2169, #327, #4389 ) ;
#3931 = CYLINDRICAL_SURFACE ( 'NONE', #3420, 1.250000000000585754 ) ;
#3932 = ORIENTED_EDGE ( 'NONE', *, *, #3657, .F. ) ;
#3933 = AXIS2_PLACEMENT_3D ( 'NONE', #1532, #2314, #3024 ) ;
#3934 = ORIENTED_EDGE ( 'NONE', *, *, #4657, .T. ) ;
#3935 = PLANE ( 'NONE',  #4764 ) ;
#3936 = DIRECTION ( 'NONE',  ( -0.000000000000000000, 1.000000000000000000, -0.000000000000000000 ) ) ;
#3937 = EDGE_CURVE ( 'NONE', #4214, #4472, #1302, .T. ) ;
#3938 = DIRECTION ( 'NONE',  ( 0.000000000000000000, -1.000000000000000000, -6.938893903907258354E-15 ) ) ;
#3939 = VERTEX_POINT ( 'NONE', #1792 ) ;
#3940 = ORIENTED_EDGE ( 'NONE', *, *, #383, .T. ) ;
#3941 = DIRECTION ( 'NONE',  ( -0.000000000000000000, -0.000000000000000000, -1.000000000000000000 ) ) ;
#3942 = CARTESIAN_POINT ( 'NONE',  ( 18.80000000000003979, 0.000000000000000000, 0.000000000000000000 ) ) ;
#3943 = DIRECTION ( 'NONE',  ( -1.000000000000000000, -0.000000000000000000, -0.000000000000000000 ) ) ;
#3944 = DIRECTION ( 'NONE',  ( -0.000000000000000000, -0.000000000000000000, 1.000000000000000000 ) ) ;
#3945 = DIRECTION ( 'NONE',  ( 1.000000000000000000, -0.000000000000000000, -0.000000000000000000 ) ) ;
#3946 = CARTESIAN_POINT ( 'NONE',  ( -14.00000000000000355, -26.50000000000000355, 35.00000000000000000 ) ) ;
#3947 = VECTOR ( 'NONE', #662, 1000.000000000000000 ) ;
#3948 = EDGE_CURVE ( 'NONE', #854, #4051, #4485, .T. ) ;
#3949 = EDGE_CURVE ( 'NONE', #2840, #2815, #452, .T. ) ;
#3950 = DIRECTION ( 'NONE',  ( 1.000000000000000000, 0.000000000000000000, -0.000000000000000000 ) ) ;
#3951 = ORIENTED_EDGE ( 'NONE', *, *, #4037, .F. ) ;
#3952 = EDGE_CURVE ( 'NONE', #1609, #2544, #1454, .T. ) ;
#3953 = CARTESIAN_POINT ( 'NONE',  ( -20.00000000000000000, 30.00000000000000711, 30.00000000000000000 ) ) ;
#3954 = EDGE_LOOP ( 'NONE', ( #2667, #1050, #3269, #3084, #2392, #3296, #321, #2539 ) ) ;
#3955 = AXIS2_PLACEMENT_3D ( 'NONE', #405, #1897, #800 ) ;
#3956 = ADVANCED_FACE ( 'NONE', ( #1862 ), #4087, .F. ) ;
#3957 = ORIENTED_EDGE ( 'NONE', *, *, #18, .T. ) ;
#3958 = DIRECTION ( 'NONE',  ( 0.000000000000000000, -0.7071067811865489050, -0.7071067811865462405 ) ) ;
#3959 = CARTESIAN_POINT ( 'NONE',  ( -0.2524699909896948036, 20.49696427085678252, -27.00000000000000000 ) ) ;
#3960 = ADVANCED_FACE ( 'NONE', ( #1495 ), #1816, .F. ) ;
#3961 = AXIS2_PLACEMENT_3D ( 'NONE', #4705, #2839, #616 ) ;
#3962 = CARTESIAN_POINT ( 'NONE',  ( 18.80000000000003979, 0.000000000000000000, 0.000000000000000000 ) ) ;
#3963 = ORIENTED_EDGE ( 'NONE', *, *, #3259, .F. ) ;
#3964 = ORIENTED_EDGE ( 'NONE', *, *, #3687, .F. ) ;
#3965 = CARTESIAN_POINT ( 'NONE',  ( 13.99999999999999645, -26.50000000000000355, 35.00000000000000000 ) ) ;
#3966 = ADVANCED_FACE ( 'NONE', ( #1048 ), #3012, .F. ) ;
#3967 = FACE_OUTER_BOUND ( 'NONE', #4157, .T. ) ;
#3968 = AXIS2_PLACEMENT_3D ( 'NONE', #3737, #2344, #1603 ) ;
#3969 = ORIENTED_EDGE ( 'NONE', *, *, #4112, .T. ) ;
#3970 = VECTOR ( 'NONE', #3721, 1000.000000000000000 ) ;
#3971 = ORIENTED_EDGE ( 'NONE', *, *, #2969, .F. ) ;
#3972 = CIRCLE ( 'NONE', #3582, 1.649999999999998579 ) ;
#3973 = DIRECTION ( 'NONE',  ( -1.000000000000000000, 0.000000000000000000, -0.000000000000000000 ) ) ;
#3974 = DIRECTION ( 'NONE',  ( -0.000000000000000000, -0.000000000000000000, 1.000000000000000000 ) ) ;
#3975 = CARTESIAN_POINT ( 'NONE',  ( -10.99999999999995737, 0.000000000000000000, 0.000000000000000000 ) ) ;
#3976 = ORIENTED_EDGE ( 'NONE', *, *, #4599, .F. ) ;
#3977 = LINE ( 'NONE', #3339, #4437 ) ;
#3978 = EDGE_CURVE ( 'NONE', #660, #4813, #690, .T. ) ;
#3979 = ORIENTED_EDGE ( 'NONE', *, *, #1236, .T. ) ;
#3980 = PLANE ( 'NONE',  #4125 ) ;
#3981 = ORIENTED_EDGE ( 'NONE', *, *, #1671, .F. ) ;
#3982 = DIRECTION ( 'NONE',  ( 0.000000000000000000, -1.000000000000000000, -6.938893903907085594E-15 ) ) ;
#3983 = CARTESIAN_POINT ( 'NONE',  ( -14.00000000000000355, -26.50000000000000355, 35.00000000000000000 ) ) ;
#3984 = VECTOR ( 'NONE', #2647, 1000.000000000000000 ) ;
#3985 = CYLINDRICAL_SURFACE ( 'NONE', #1409, 2.150000000000002132 ) ;
#3986 = EDGE_CURVE ( 'NONE', #31, #186, #4111, .T. ) ;
#3987 = ORIENTED_EDGE ( 'NONE', *, *, #2345, .T. ) ;
#3988 = ORIENTED_EDGE ( 'NONE', *, *, #3186, .T. ) ;
#3989 = DIRECTION ( 'NONE',  ( 0.000000000000000000, 0.000000000000000000, -1.000000000000000000 ) ) ;
#3990 = VERTEX_POINT ( 'NONE', #2521 ) ;
#3991 = ORIENTED_EDGE ( 'NONE', *, *, #4621, .F. ) ;
#3992 = VECTOR ( 'NONE', #1545, 1000.000000000000000 ) ;
#3993 = DIRECTION ( 'NONE',  ( 0.000000000000000000, 0.000000000000000000, 1.000000000000000000 ) ) ;
#3994 = CARTESIAN_POINT ( 'NONE',  ( 18.80000000000003979, -54.99999999999999289, -0.9999999999999870104 ) ) ;
#3995 = EDGE_CURVE ( 'NONE', #272, #804, #1436, .T. ) ;
#3996 = DIRECTION ( 'NONE',  ( -1.000000000000000000, -0.000000000000000000, -0.000000000000000000 ) ) ;
#3997 = ORIENTED_EDGE ( 'NONE', *, *, #112, .F. ) ;
#3998 = CARTESIAN_POINT ( 'NONE',  ( -15.24522956848878152, 9.603261442730490316, -27.00000000000000000 ) ) ;
#3999 = ORIENTED_EDGE ( 'NONE', *, *, #172, .F. ) ;
#4000 = CARTESIAN_POINT ( 'NONE',  ( 1.699999999999999956, 10.00000000000000533, -49.99999999999998579 ) ) ;
#4001 = AXIS2_PLACEMENT_3D ( 'NONE', #4016, #2841, #2138 ) ;
#4002 = ORIENTED_EDGE ( 'NONE', *, *, #4466, .T. ) ;
#4003 = FACE_BOUND ( 'NONE', #891, .T. ) ;
#4004 = DIRECTION ( 'NONE',  ( -1.000000000000000000, 0.000000000000000000, 1.284980352575412453E-16 ) ) ;
#4005 = FACE_OUTER_BOUND ( 'NONE', #3152, .T. ) ;
#4006 = CIRCLE ( 'NONE', #716, 1.250000000000021094 ) ;
#4007 = ORIENTED_EDGE ( 'NONE', *, *, #1113, .F. ) ;
#4008 = ORIENTED_EDGE ( 'NONE', *, *, #1180, .T. ) ;
#4009 = CARTESIAN_POINT ( 'NONE',  ( -14.00000000000001243, -49.99999999999997868, 27.00000000000000355 ) ) ;
#4010 = CARTESIAN_POINT ( 'NONE',  ( -9.000000000000017764, -120.0000000000000000, -30.00000000000000000 ) ) ;
#4011 = EDGE_CURVE ( 'NONE', #3824, #3615, #3748, .T. ) ;
#4012 = CARTESIAN_POINT ( 'NONE',  ( 18.80000000000003979, -97.00000000000000000, -0.9999999999999781286 ) ) ;
#4013 = CARTESIAN_POINT ( 'NONE',  ( 10.49696427085677897, 10.25246999098970235, -27.00000000000000000 ) ) ;
#4014 = EDGE_LOOP ( 'NONE', ( #1314, #3651 ) ) ;
#4015 = EDGE_LOOP ( 'NONE', ( #3898, #3135, #2346, #3866 ) ) ;
#4016 = CARTESIAN_POINT ( 'NONE',  ( -0.2524699909896948036, 20.49696427085678252, -27.00000000000000000 ) ) ;
#4017 = EDGE_CURVE ( 'NONE', #141, #4399, #396, .T. ) ;
#4018 = EDGE_CURVE ( 'NONE', #2642, #2584, #4513, .T. ) ;
#4019 = DIRECTION ( 'NONE',  ( 0.000000000000000000, 0.000000000000000000, -1.000000000000000000 ) ) ;
#4020 = ORIENTED_EDGE ( 'NONE', *, *, #3757, .T. ) ;
#4021 = LINE ( 'NONE', #2581, #4522 ) ;
#4022 = ORIENTED_EDGE ( 'NONE', *, *, #1779, .F. ) ;
#4023 = VECTOR ( 'NONE', #3354, 1000.000000000000000 ) ;
#4024 = EDGE_LOOP ( 'NONE', ( #1541, #870 ) ) ;
#4025 = PLANE ( 'NONE',  #2662 ) ;
#4026 = DIRECTION ( 'NONE',  ( 0.000000000000000000, 2.899914244479310235E-15, -1.000000000000000000 ) ) ;
#4027 = VECTOR ( 'NONE', #3641, 1000.000000000000000 ) ;
#4028 = CARTESIAN_POINT ( 'NONE',  ( -16.49522956848936772, 9.603261442730490316, 27.00000000000001066 ) ) ;
#4029 = AXIS2_PLACEMENT_3D ( 'NONE', #600, #280, #1371 ) ;
#4030 = ORIENTED_EDGE ( 'NONE', *, *, #1561, .T. ) ;
#4031 = ORIENTED_EDGE ( 'NONE', *, *, #2583, .T. ) ;
#4032 = DIRECTION ( 'NONE',  ( -0.000000000000000000, 1.000000000000000000, 2.717036769602215961E-15 ) ) ;
#4033 = FACE_OUTER_BOUND ( 'NONE', #4107, .T. ) ;
#4034 = DIRECTION ( 'NONE',  ( 0.000000000000000000, 1.000000000000000000, -0.000000000000000000 ) ) ;
#4035 = AXIS2_PLACEMENT_3D ( 'NONE', #715, #3356, #11 ) ;
#4036 = ORIENTED_EDGE ( 'NONE', *, *, #3419, .F. ) ;
#4037 = EDGE_CURVE ( 'NONE', #3097, #2868, #4458, .T. ) ;
#4038 = VERTEX_POINT ( 'NONE', #1837 ) ;
#4039 = DIRECTION ( 'NONE',  ( 1.000000000000000000, 1.734723475976807341E-16, -0.000000000000000000 ) ) ;
#4040 = CIRCLE ( 'NONE', #1941, 1.249999999999980238 ) ;
#4041 = AXIS2_PLACEMENT_3D ( 'NONE', #4364, #1479, #4388 ) ;
#4042 = AXIS2_PLACEMENT_3D ( 'NONE', #3829, #3162, #202 ) ;
#4043 = EDGE_CURVE ( 'NONE', #1287, #2896, #2570, .T. ) ;
#4044 = VECTOR ( 'NONE', #1171, 1000.000000000000000 ) ;
#4045 = CARTESIAN_POINT ( 'NONE',  ( 17.00000000000003908, -46.69999999999996021, -10.84999999999994813 ) ) ;
#4046 = ORIENTED_EDGE ( 'NONE', *, *, #4613, .F. ) ;
#4047 = CARTESIAN_POINT ( 'NONE',  ( 18.80000000000003979, -97.00000000000000000, -10.84999999999996767 ) ) ;
#4048 = LINE ( 'NONE', #2895, #2295 ) ;
#4049 = VECTOR ( 'NONE', #4680, 1000.000000000000000 ) ;
#4050 = EDGE_CURVE ( 'NONE', #1526, #2300, #2533, .T. ) ;
#4051 = VERTEX_POINT ( 'NONE', #1453 ) ;
#4052 = CARTESIAN_POINT ( 'NONE',  ( 18.80000000000003979, -105.2999999999999829, -1.000000000000002220 ) ) ;
#4053 = ORIENTED_EDGE ( 'NONE', *, *, #3703, .F. ) ;
#4054 = FACE_BOUND ( 'NONE', #55, .T. ) ;
#4055 = DIRECTION ( 'NONE',  ( -0.7071067811865457964, 0.7071067811865492381, -0.000000000000000000 ) ) ;
#4056 = CARTESIAN_POINT ( 'NONE',  ( 10.00000000000000000, -100.2699999999999960, 14.77499999999999858 ) ) ;
#4057 = EDGE_CURVE ( 'NONE', #2370, #4214, #1778, .T. ) ;
#4058 = ORIENTED_EDGE ( 'NONE', *, *, #2228, .T. ) ;
#4059 = ORIENTED_EDGE ( 'NONE', *, *, #4760, .T. ) ;
#4060 = PLANE ( 'NONE',  #1552 ) ;
#4061 = CARTESIAN_POINT ( 'NONE',  ( 3.000000000000046185, -54.99999999999999289, 27.00000000000000355 ) ) ;
#4062 = LINE ( 'NONE', #1466, #3231 ) ;
#4063 = VECTOR ( 'NONE', #263, 1000.000000000000000 ) ;
#4064 = DIRECTION ( 'NONE',  ( 0.000000000000000000, 0.000000000000000000, 1.000000000000000000 ) ) ;
#4065 = ORIENTED_EDGE ( 'NONE', *, *, #2760, .F. ) ;
#4066 = ORIENTED_EDGE ( 'NONE', *, *, #4590, .T. ) ;
#4067 = CARTESIAN_POINT ( 'NONE',  ( 17.00000000000004974, -50.84999999999999432, -4.924999999999998934 ) ) ;
#4068 = AXIS2_PLACEMENT_3D ( 'NONE', #3962, #2149, #4699 ) ;
#4069 = UNCERTAINTY_MEASURE_WITH_UNIT (LENGTH_MEASURE( 1.000000000000000082E-05 ), #3818, 'distance_accuracy_value', 'NONE');
#4070 = EDGE_LOOP ( 'NONE', ( #3470, #1902, #4713, #3051, #3751, #4671 ) ) ;
#4071 = ADVANCED_FACE ( 'NONE', ( #653 ), #3980, .F. ) ;
#4072 = CARTESIAN_POINT ( 'NONE',  ( 10.00000000000000000, -50.84999999999999432, 2.775000000000000355 ) ) ;
#4073 = VECTOR ( 'NONE', #2426, 1000.000000000000000 ) ;
#4074 = CARTESIAN_POINT ( 'NONE',  ( 11.64696427085619668, 10.25246999098970235, -27.00000000000000000 ) ) ;
#4075 = VERTEX_POINT ( 'NONE', #4806 ) ;
#4076 = DIRECTION ( 'NONE',  ( -0.000000000000000000, -0.000000000000000000, 1.000000000000000000 ) ) ;
#4077 = VERTEX_POINT ( 'NONE', #1802 ) ;
#4078 = DIRECTION ( 'NONE',  ( 0.000000000000000000, 0.000000000000000000, -1.000000000000000000 ) ) ;
#4079 = CARTESIAN_POINT ( 'NONE',  ( 7.000000000000000888, -102.0000000000000000, 15.00000000000000000 ) ) ;
#4080 = LINE ( 'NONE', #2537, #1972 ) ;
#4081 = EDGE_CURVE ( 'NONE', #4645, #1321, #676, .T. ) ;
#4082 = ORIENTED_EDGE ( 'NONE', *, *, #2820, .T. ) ;
#4083 = ORIENTED_EDGE ( 'NONE', *, *, #412, .F. ) ;
#4084 = DIRECTION ( 'NONE',  ( 1.000000000000000000, 0.000000000000000000, 0.000000000000000000 ) ) ;
#4085 = PLANE ( 'NONE',  #2629 ) ;
#4086 = CARTESIAN_POINT ( 'NONE',  ( 20.00000000000000000, -34.99999999999999289, -27.00000000000000000 ) ) ;
#4087 = CYLINDRICAL_SURFACE ( 'NONE', #4035, 1.699999999999999956 ) ;
#4088 = ADVANCED_FACE ( 'NONE', ( #3636 ), #3664, .F. ) ;
#4089 = AXIS2_PLACEMENT_3D ( 'NONE', #350, #403, #1442 ) ;
#4090 = CARTESIAN_POINT ( 'NONE',  ( 17.74522956848878152, 10.39673855726952389, 30.00000000000000000 ) ) ;
#4091 = ORIENTED_EDGE ( 'NONE', *, *, #2289, .T. ) ;
#4092 = VERTEX_POINT ( 'NONE', #4759 ) ;
#4093 = CARTESIAN_POINT ( 'NONE',  ( 20.00000000000000000, -100.2699999999999960, -4.924999999999998934 ) ) ;
#4094 = CARTESIAN_POINT ( 'NONE',  ( 11.49999999999999645, -28.99999999999999645, 27.00000000000000355 ) ) ;
#4095 = LINE ( 'NONE', #1446, #2859 ) ;
#4096 = LINE ( 'NONE', #1478, #4204 ) ;
#4097 = DIRECTION ( 'NONE',  ( 0.7071067811865469066, -0.7071067811865482389, 0.000000000000000000 ) ) ;
#4098 = ORIENTED_EDGE ( 'NONE', *, *, #3948, .F. ) ;
#4099 = DIRECTION ( 'NONE',  ( -1.000000000000000000, 0.000000000000000000, 0.000000000000000000 ) ) ;
#4100 = EDGE_CURVE ( 'NONE', #3174, #1609, #2123, .T. ) ;
#4101 = ORIENTED_EDGE ( 'NONE', *, *, #3715, .T. ) ;
#4102 = DIRECTION ( 'NONE',  ( -0.000000000000000000, 0.000000000000000000, 1.000000000000000000 ) ) ;
#4103 = CARTESIAN_POINT ( 'NONE',  ( 3.000000000000039080, -54.99999999999999289, -27.00000000000000000 ) ) ;
#4104 = LINE ( 'NONE', #756, #4153 ) ;
#4105 = EDGE_LOOP ( 'NONE', ( #3219, #948, #2693, #3561 ) ) ;
#4106 = EDGE_CURVE ( 'NONE', #3579, #3564, #4288, .T. ) ;
#4107 = EDGE_LOOP ( 'NONE', ( #1733, #3433, #2223, #1073 ) ) ;
#4108 = CARTESIAN_POINT ( 'NONE',  ( 17.00000000000004974, -54.99999999999999289, 47.22374841615668828 ) ) ;
#4109 = CARTESIAN_POINT ( 'NONE',  ( 18.80000000000003979, -54.99999999999999289, 8.850000000000003197 ) ) ;
#4110 = CARTESIAN_POINT ( 'NONE',  ( -14.00000000000000355, -26.50000000000000355, 27.00000000000000355 ) ) ;
#4111 = LINE ( 'NONE', #3302, #4819 ) ;
#4112 = EDGE_CURVE ( 'NONE', #3041, #1041, #2019, .T. ) ;
#4113 = CARTESIAN_POINT ( 'NONE',  ( 18.80000000000003979, -54.99999999999999289, 1.000000000000029532 ) ) ;
#4114 = VERTEX_POINT ( 'NONE', #1379 ) ;
#4115 = EDGE_CURVE ( 'NONE', #4481, #1935, #484, .T. ) ;
#4116 = VERTEX_POINT ( 'NONE', #4552 ) ;
#4117 = CARTESIAN_POINT ( 'NONE',  ( -16.49522956848936772, 9.603261442730490316, -50.00000000000000000 ) ) ;
#4118 = VECTOR ( 'NONE', #478, 1000.000000000000000 ) ;
#4119 = FACE_BOUND ( 'NONE', #1978, .T. ) ;
#4120 = CIRCLE ( 'NONE', #2636, 1.699999999999999956 ) ;
#4121 = VECTOR ( 'NONE', #749, 1000.000000000000000 ) ;
#4122 = EDGE_LOOP ( 'NONE', ( #196, #2049, #1337, #1809 ) ) ;
#4123 = FACE_OUTER_BOUND ( 'NONE', #2150, .T. ) ;
#4124 = DIRECTION ( 'NONE',  ( 0.000000000000000000, 0.000000000000000000, 1.000000000000000000 ) ) ;
#4125 = AXIS2_PLACEMENT_3D ( 'NONE', #3316, #4418, #1752 ) ;
#4126 = ORIENTED_EDGE ( 'NONE', *, *, #3665, .F. ) ;
#4127 = CARTESIAN_POINT ( 'NONE',  ( -11.50000000000000355, -28.99999999999999645, 27.00000000000000355 ) ) ;
#4128 = EDGE_LOOP ( 'NONE', ( #4020, #3589, #1432, #4308 ) ) ;
#4129 = CARTESIAN_POINT ( 'NONE',  ( -10.49696427085677897, 9.747530009010310081, -50.00000000000000000 ) ) ;
#4130 = PLANE ( 'NONE',  #1271 ) ;
#4131 = AXIS2_PLACEMENT_3D ( 'NONE', #1205, #1643, #4215 ) ;
#4132 = ADVANCED_FACE ( 'NONE', ( #1581 ), #3073, .F. ) ;
#4133 = ORIENTED_EDGE ( 'NONE', *, *, #2445, .T. ) ;
#4134 = ORIENTED_EDGE ( 'NONE', *, *, #3278, .T. ) ;
#4135 = FILL_AREA_STYLE_COLOUR ( '', #3483 ) ;
#4136 = CARTESIAN_POINT ( 'NONE',  ( 10.00000000000000000, -50.84999999999999432, -12.62500000000000178 ) ) ;
#4137 = DIRECTION ( 'NONE',  ( 0.000000000000000000, 0.000000000000000000, -1.000000000000000000 ) ) ;
#4138 = EDGE_CURVE ( 'NONE', #2357, #4645, #781, .T. ) ;
#4139 = CARTESIAN_POINT ( 'NONE',  ( -20.00000000000000000, -29.99999999999999289, -30.00000000000000000 ) ) ;
#4140 = ORIENTED_EDGE ( 'NONE', *, *, #233, .T. ) ;
#4141 = EDGE_LOOP ( 'NONE', ( #4227, #483, #4200, #1540 ) ) ;
#4142 = CARTESIAN_POINT ( 'NONE',  ( 0.000000000000000000, 10.00000000000000533, -49.99999999999998579 ) ) ;
#4143 = AXIS2_PLACEMENT_3D ( 'NONE', #707, #4476, #1068 ) ;
#4144 = DIRECTION ( 'NONE',  ( 0.7071067811865471286, 0.7071067811865479058, 0.000000000000000000 ) ) ;
#4145 = CARTESIAN_POINT ( 'NONE',  ( 18.80000000000003979, -54.99999999999999289, -8.850000000000003197 ) ) ;
#4146 = CARTESIAN_POINT ( 'NONE',  ( -8.999999999999962697, 30.00000000000000711, 27.00000000000000355 ) ) ;
#4147 = ADVANCED_FACE ( 'NONE', ( #4500 ), #2268, .F. ) ;
#4148 = DIRECTION ( 'NONE',  ( -0.000000000000000000, -0.000000000000000000, 1.000000000000000000 ) ) ;
#4149 = VECTOR ( 'NONE', #4295, 1000.000000000000000 ) ;
#4150 = ORIENTED_EDGE ( 'NONE', *, *, #4567, .T. ) ;
#4151 = CARTESIAN_POINT ( 'NONE',  ( 18.80000000000003979, -46.69999999999996021, -10.84999999999994813 ) ) ;
#4152 = EDGE_LOOP ( 'NONE', ( #3839, #519, #3550, #2160 ) ) ;
#4153 = VECTOR ( 'NONE', #3691, 1000.000000000000000 ) ;
#4154 = CARTESIAN_POINT ( 'NONE',  ( -11.50000000000000533, -19.00000000000000355, 35.00000000000000000 ) ) ;
#4155 = CARTESIAN_POINT ( 'NONE',  ( 3.000000000000039080, -46.49999999999999289, -27.00000000000001421 ) ) ;
#4156 = ORIENTED_EDGE ( 'NONE', *, *, #1353, .T. ) ;
#4157 = EDGE_LOOP ( 'NONE', ( #3848, #2260, #2762, #3221 ) ) ;
#4158 = CARTESIAN_POINT ( 'NONE',  ( 18.80000000000003979, -105.3000000000000256, 8.850000000000004974 ) ) ;
#4159 = LINE ( 'NONE', #814, #2579 ) ;
#4160 = DIRECTION ( 'NONE',  ( 0.000000000000000000, 0.000000000000000000, -1.000000000000000000 ) ) ;
#4161 = PLANE ( 'NONE',  #1106 ) ;
#4162 = VERTEX_POINT ( 'NONE', #4574 ) ;
#4163 = ORIENTED_EDGE ( 'NONE', *, *, #2928, .T. ) ;
#4164 = DIRECTION ( 'NONE',  ( 0.000000000000000000, 0.000000000000000000, -1.000000000000000000 ) ) ;
#4165 = EDGE_CURVE ( 'NONE', #26, #4246, #3428, .T. ) ;
#4166 = ADVANCED_FACE ( 'NONE', ( #1903, #2708, #3098, #4528, #2635, #4199, #3418, #3466, #3786 ), #827, .F. ) ;
#4167 = CIRCLE ( 'NONE', #417, 1.250000000000021094 ) ;
#4168 = DIRECTION ( 'NONE',  ( 1.000000000000000000, 0.000000000000000000, 0.000000000000000000 ) ) ;
#4169 = AXIS2_PLACEMENT_3D ( 'NONE', #3760, #409, #432 ) ;
#4170 = ORIENTED_EDGE ( 'NONE', *, *, #745, .T. ) ;
#4171 = DIRECTION ( 'NONE',  ( 0.000000000000000000, 0.000000000000000000, -1.000000000000000000 ) ) ;
#4172 = EDGE_CURVE ( 'NONE', #1022, #2630, #1193, .T. ) ;
#4173 = DIRECTION ( 'NONE',  ( 1.000000000000000000, -0.000000000000000000, -0.000000000000000000 ) ) ;
#4174 = EDGE_LOOP ( 'NONE', ( #2410, #4598, #2358, #840 ) ) ;
#4175 = CARTESIAN_POINT ( 'NONE',  ( 20.00000000000000000, -29.99999999999999289, 30.00000000000000000 ) ) ;
#4176 = ADVANCED_FACE ( 'NONE', ( #4597 ), #94, .F. ) ;
#4177 = EDGE_LOOP ( 'NONE', ( #2686, #2189, #4603, #4732 ) ) ;
#4178 = CARTESIAN_POINT ( 'NONE',  ( 1.646738557269495917, -6.495229568489357952, 27.00000000000001066 ) ) ;
#4179 = ORIENTED_EDGE ( 'NONE', *, *, #3905, .F. ) ;
#4180 = ORIENTED_EDGE ( 'NONE', *, *, #1190, .F. ) ;
#4181 = DIRECTION ( 'NONE',  ( 1.000000000000000000, 0.000000000000000000, 0.000000000000000000 ) ) ;
#4182 = CARTESIAN_POINT ( 'NONE',  ( 17.00000000000004974, -50.84999999999999432, -16.92499999999999716 ) ) ;
#4183 = CARTESIAN_POINT ( 'NONE',  ( 17.74522956848878152, 10.39673855726952389, -27.00000000000000000 ) ) ;
#4184 = CARTESIAN_POINT ( 'NONE',  ( 18.80000000000003979, -46.69999999999996021, 10.84999999999994991 ) ) ;
#4185 = ORIENTED_EDGE ( 'NONE', *, *, #3236, .T. ) ;
#4186 = ORIENTED_EDGE ( 'NONE', *, *, #2079, .T. ) ;
#4187 = DIRECTION ( 'NONE',  ( -1.000000000000000000, 0.000000000000000000, 0.000000000000000000 ) ) ;
#4188 = AXIS2_PLACEMENT_3D ( 'NONE', #4593, #1234, #3141 ) ;
#4189 = LINE ( 'NONE', #2336, #4118 ) ;
#4190 = VECTOR ( 'NONE', #1268, 1000.000000000000000 ) ;
#4191 = ADVANCED_FACE ( 'NONE', ( #1877 ), #1534, .F. ) ;
#4192 = VECTOR ( 'NONE', #3262, 1000.000000000000000 ) ;
#4193 = CARTESIAN_POINT ( 'NONE',  ( 3.000000000000000888, -115.9999999999999858, -27.00000000000000000 ) ) ;
#4194 = CARTESIAN_POINT ( 'NONE',  ( 17.00000000000004974, -50.84999999999999432, -2.774999999999999467 ) ) ;
#4195 = AXIS2_PLACEMENT_3D ( 'NONE', #2255, #4034, #3649 ) ;
#4196 = DIRECTION ( 'NONE',  ( 0.000000000000000000, 3.469446951953670987E-15, 1.000000000000000000 ) ) ;
#4197 = ADVANCED_FACE ( 'NONE', ( #115 ), #1953, .F. ) ;
#4198 = ORIENTED_EDGE ( 'NONE', *, *, #185, .T. ) ;
#4199 = FACE_BOUND ( 'NONE', #4248, .T. ) ;
#4200 = ORIENTED_EDGE ( 'NONE', *, *, #3320, .F. ) ;
#4201 = CARTESIAN_POINT ( 'NONE',  ( 0.000000000000000000, 10.00000000000000533, 30.00000000000000000 ) ) ;
#4202 = AXIS2_PLACEMENT_3D ( 'NONE', #2658, #1974, #3462 ) ;
#4203 = AXIS2_PLACEMENT_3D ( 'NONE', #1239, #4664, #4619 ) ;
#4204 = VECTOR ( 'NONE', #4469, 1000.000000000000000 ) ;
#4205 = ORIENTED_EDGE ( 'NONE', *, *, #1019, .T. ) ;
#4206 = VERTEX_POINT ( 'NONE', #4127 ) ;
#4207 = LINE ( 'NONE', #1244, #1921 ) ;
#4208 = VECTOR ( 'NONE', #3551, 1000.000000000000000 ) ;
#4209 = DIRECTION ( 'NONE',  ( 0.000000000000000000, 0.000000000000000000, -1.000000000000000000 ) ) ;
#4210 = CARTESIAN_POINT ( 'NONE',  ( 9.000000000000017764, 30.00000000000000711, 30.00000000000000000 ) ) ;
#4211 = EDGE_CURVE ( 'NONE', #823, #2809, #385, .T. ) ;
#4212 = CARTESIAN_POINT ( 'NONE',  ( 17.74522956848878152, 10.39673855726952389, 27.00000000000001066 ) ) ;
#4213 = EDGE_LOOP ( 'NONE', ( #3853, #2761 ) ) ;
#4214 = VERTEX_POINT ( 'NONE', #3443 ) ;
#4215 = DIRECTION ( 'NONE',  ( 1.000000000000000000, 0.000000000000000000, 0.000000000000000000 ) ) ;
#4216 = CARTESIAN_POINT ( 'NONE',  ( 13.99999999999999822, -49.99999999999997868, -27.00000000000000000 ) ) ;
#4217 = CIRCLE ( 'NONE', #1465, 1.649999999999999467 ) ;
#4218 = DIRECTION ( 'NONE',  ( 1.000000000000000000, -0.000000000000000000, -0.000000000000000000 ) ) ;
#4219 = CARTESIAN_POINT ( 'NONE',  ( -0.3967385572695176221, 26.49522956848936772, 27.00000000000001066 ) ) ;
#4220 = VECTOR ( 'NONE', #907, 1000.000000000000000 ) ;
#4221 = CARTESIAN_POINT ( 'NONE',  ( 10.00000000000000000, -100.2699999999999960, 14.77499999999999858 ) ) ;
#4222 = VERTEX_POINT ( 'NONE', #4151 ) ;
#4223 = DIRECTION ( 'NONE',  ( -0.000000000000000000, -0.000000000000000000, -1.000000000000000000 ) ) ;
#4224 = EDGE_CURVE ( 'NONE', #3444, #4454, #2610, .T. ) ;
#4225 = ORIENTED_EDGE ( 'NONE', *, *, #880, .F. ) ;
#4226 = DIRECTION ( 'NONE',  ( 1.000000000000000000, 0.000000000000000000, 0.000000000000000000 ) ) ;
#4227 = ORIENTED_EDGE ( 'NONE', *, *, #1149, .T. ) ;
#4228 = EDGE_LOOP ( 'NONE', ( #743, #2947 ) ) ;
#4229 = VECTOR ( 'NONE', #4329, 1000.000000000000000 ) ;
#4230 = EDGE_LOOP ( 'NONE', ( #793, #3381, #4236, #560, #506, #3128, #3892, #1854 ) ) ;
#4231 = DIRECTION ( 'NONE',  ( -0.000000000000000000, -0.000000000000000000, -1.000000000000000000 ) ) ;
#4232 = LINE ( 'NONE', #1611, #521 ) ;
#4233 = ADVANCED_FACE ( 'NONE', ( #25 ), #1509, .F. ) ;
#4234 = CARTESIAN_POINT ( 'NONE',  ( -19.49999999999996092, 19.50000000000006040, -30.00000000000000000 ) ) ;
#4235 = ORIENTED_EDGE ( 'NONE', *, *, #3596, .T. ) ;
#4236 = ORIENTED_EDGE ( 'NONE', *, *, #2360, .F. ) ;
#4237 = CARTESIAN_POINT ( 'NONE',  ( 11.64696427085619668, 10.25246999098970235, -30.00000000000000000 ) ) ;
#4238 = ADVANCED_FACE ( 'NONE', ( #925 ), #4296, .F. ) ;
#4239 = DIRECTION ( 'NONE',  ( -1.000000000000000000, 0.000000000000000000, 0.000000000000000000 ) ) ;
#4240 = AXIS2_PLACEMENT_3D ( 'NONE', #2802, #4242, #28 ) ;
#4241 = CARTESIAN_POINT ( 'NONE',  ( 20.00000000000000000, -54.99999999999999289, 30.00000000000000000 ) ) ;
#4242 = DIRECTION ( 'NONE',  ( 1.000000000000000000, 0.000000000000000000, -0.000000000000000000 ) ) ;
#4243 = LINE ( 'NONE', #4268, #3813 ) ;
#4244 = VECTOR ( 'NONE', #4055, 1000.000000000000114 ) ;
#4245 = DIRECTION ( 'NONE',  ( 0.000000000000000000, 0.000000000000000000, -1.000000000000000000 ) ) ;
#4246 = VERTEX_POINT ( 'NONE', #4273 ) ;
#4247 = DIRECTION ( 'NONE',  ( 0.000000000000000000, 0.000000000000000000, -1.000000000000000000 ) ) ;
#4248 = EDGE_LOOP ( 'NONE', ( #4350, #104 ) ) ;
#4249 = CARTESIAN_POINT ( 'NONE',  ( -9.500000000000001776, -47.99999999999999289, -30.00000000000000000 ) ) ;
#4250 = VECTOR ( 'NONE', #3473, 1000.000000000000000 ) ;
#4251 = EDGE_CURVE ( 'NONE', #4785, #503, #183, .T. ) ;
#4252 = EDGE_LOOP ( 'NONE', ( #2052, #1394 ) ) ;
#4253 = EDGE_LOOP ( 'NONE', ( #3123, #2081 ) ) ;
#4254 = VERTEX_POINT ( 'NONE', #507 ) ;
#4255 = CARTESIAN_POINT ( 'NONE',  ( 10.00000000000000000, -50.84999999999999432, 12.62500000000000000 ) ) ;
#4256 = DIRECTION ( 'NONE',  ( 1.000000000000000000, 0.000000000000000000, 0.000000000000000000 ) ) ;
#4257 = CARTESIAN_POINT ( 'NONE',  ( 17.00000000000004619, -34.99999999999999289, -27.00000000000000000 ) ) ;
#4258 = EDGE_CURVE ( 'NONE', #1354, #2923, #3216, .T. ) ;
#4259 = ORIENTED_EDGE ( 'NONE', *, *, #3329, .T. ) ;
#4260 = EDGE_LOOP ( 'NONE', ( #4618, #146 ) ) ;
#4261 = CARTESIAN_POINT ( 'NONE',  ( 13.00000000000000178, -115.9999999999999858, -30.00000000000000000 ) ) ;
#4262 = DIRECTION ( 'NONE',  ( 0.000000000000000000, 0.000000000000000000, -1.000000000000000000 ) ) ;
#4263 = EDGE_CURVE ( 'NONE', #3916, #1282, #2390, .T. ) ;
#4264 = CIRCLE ( 'NONE', #4338, 1.649999999999999245 ) ;
#4265 = LINE ( 'NONE', #1672, #2108 ) ;
#4266 = CIRCLE ( 'NONE', #835, 1.149999999999417044 ) ;
#4267 = PLANE ( 'NONE',  #4566 ) ;
#4268 = CARTESIAN_POINT ( 'NONE',  ( 17.00000000000004619, -34.99999999999999289, 27.00000000000000355 ) ) ;
#4269 = LINE ( 'NONE', #4316, #2747 ) ;
#4270 = EDGE_CURVE ( 'NONE', #4116, #215, #3513, .T. ) ;
#4271 = CIRCLE ( 'NONE', #3415, 1.699999999999999956 ) ;
#4272 = VERTEX_POINT ( 'NONE', #1676 ) ;
#4273 = CARTESIAN_POINT ( 'NONE',  ( -9.346964270856195967, 9.747530009010310081, -30.00000000000000000 ) ) ;
#4274 = ORIENTED_EDGE ( 'NONE', *, *, #880, .T. ) ;
#4275 = VECTOR ( 'NONE', #1477, 1000.000000000000000 ) ;
#4276 = DIRECTION ( 'NONE',  ( 0.7071067811865471286, 0.7071067811865479058, -0.000000000000000000 ) ) ;
#4277 = ORIENTED_EDGE ( 'NONE', *, *, #2680, .T. ) ;
#4278 = ORIENTED_EDGE ( 'NONE', *, *, #3419, .T. ) ;
#4279 = CIRCLE ( 'NONE', #683, 2.150000000000002132 ) ;
#4280 = ORIENTED_EDGE ( 'NONE', *, *, #3303, .F. ) ;
#4281 = VECTOR ( 'NONE', #897, 1000.000000000000000 ) ;
#4282 = CARTESIAN_POINT ( 'NONE',  ( 3.000000000000000888, -115.9999999999999858, -27.00000000000000000 ) ) ;
#4283 = CARTESIAN_POINT ( 'NONE',  ( 0.2524699909896935268, -0.4969642708567700851, -27.00000000000000000 ) ) ;
#4284 = CARTESIAN_POINT ( 'NONE',  ( 10.49696427085677897, 10.25246999098970235, 30.00000000000000000 ) ) ;
#4285 = ORIENTED_EDGE ( 'NONE', *, *, #2443, .F. ) ;
#4286 = ORIENTED_EDGE ( 'NONE', *, *, #495, .T. ) ;
#4287 = FACE_BOUND ( 'NONE', #3238, .T. ) ;
#4288 = CIRCLE ( 'NONE', #853, 2.150000000000002576 ) ;
#4289 = ADVANCED_FACE ( 'NONE', ( #3854 ), #1260, .F. ) ;
#4290 = FACE_OUTER_BOUND ( 'NONE', #3621, .T. ) ;
#4291 = CIRCLE ( 'NONE', #2181, 1.250000000000583977 ) ;
#4292 = DIRECTION ( 'NONE',  ( -1.000000000000000000, -0.000000000000000000, -0.000000000000000000 ) ) ;
#4293 = FACE_OUTER_BOUND ( 'NONE', #84, .T. ) ;
#4294 = DIRECTION ( 'NONE',  ( 1.000000000000000000, 0.000000000000000000, 0.000000000000000000 ) ) ;
#4295 = DIRECTION ( 'NONE',  ( 0.000000000000000000, -1.000000000000000000, -2.299031112740338312E-15 ) ) ;
#4296 = PLANE ( 'NONE',  #1783 ) ;
#4297 = EDGE_CURVE ( 'NONE', #4330, #3644, #1283, .T. ) ;
#4298 = EDGE_LOOP ( 'NONE', ( #2221, #4719, #20, #3359 ) ) ;
#4299 = DIRECTION ( 'NONE',  ( 0.000000000000000000, 0.000000000000000000, -1.000000000000000000 ) ) ;
#4300 = ORIENTED_EDGE ( 'NONE', *, *, #1207, .F. ) ;
#4301 = ORIENTED_EDGE ( 'NONE', *, *, #499, .T. ) ;
#4302 = ORIENTED_EDGE ( 'NONE', *, *, #477, .F. ) ;
#4303 = LINE ( 'NONE', #1267, #4220 ) ;
#4304 = CARTESIAN_POINT ( 'NONE',  ( -1.646738557269538772, 26.49522956848936772, -30.00000000000000000 ) ) ;
#4305 = DIRECTION ( 'NONE',  ( 0.000000000000000000, 0.000000000000000000, -1.000000000000000000 ) ) ;
#4306 = ORIENTED_EDGE ( 'NONE', *, *, #346, .F. ) ;
#4307 = VECTOR ( 'NONE', #3454, 1000.000000000000000 ) ;
#4308 = ORIENTED_EDGE ( 'NONE', *, *, #88, .T. ) ;
#4309 = CARTESIAN_POINT ( 'NONE',  ( 17.00000000000000000, -100.2699999999999960, -4.924999999999998934 ) ) ;
#4310 = DIRECTION ( 'NONE',  ( -0.000000000000000000, -0.000000000000000000, 1.000000000000000000 ) ) ;
#4311 = AXIS2_PLACEMENT_3D ( 'NONE', #2248, #4811, #2953 ) ;
#4312 = EDGE_CURVE ( 'NONE', #2828, #1794, #3504, .T. ) ;
#4313 = EDGE_CURVE ( 'NONE', #3824, #267, #2366, .T. ) ;
#4314 = FACE_BOUND ( 'NONE', #4252, .T. ) ;
#4315 = DIRECTION ( 'NONE',  ( -1.000000000000000000, 0.000000000000000000, 0.000000000000000000 ) ) ;
#4316 = CARTESIAN_POINT ( 'NONE',  ( -10.99999999999995737, -43.49999999999999289, -27.00000000000001421 ) ) ;
#4317 = ADVANCED_FACE ( 'NONE', ( #139 ), #2440, .F. ) ;
#4318 = LINE ( 'NONE', #968, #1624 ) ;
#4319 = DIRECTION ( 'NONE',  ( -1.000000000000000000, 0.000000000000000000, 0.000000000000000000 ) ) ;
#4320 = VERTEX_POINT ( 'NONE', #2417 ) ;
#4321 = EDGE_CURVE ( 'NONE', #474, #3279, #900, .T. ) ;
#4322 = AXIS2_PLACEMENT_3D ( 'NONE', #4724, #2863, #4360 ) ;
#4323 = LINE ( 'NONE', #1263, #3884 ) ;
#4324 = EDGE_CURVE ( 'NONE', #1240, #4460, #928, .T. ) ;
#4325 = ORIENTED_EDGE ( 'NONE', *, *, #4017, .T. ) ;
#4326 = VERTEX_POINT ( 'NONE', #577 ) ;
#4327 = LINE ( 'NONE', #2491, #3517 ) ;
#4328 = LINE ( 'NONE', #242, #3801 ) ;
#4329 = DIRECTION ( 'NONE',  ( 0.000000000000000000, 0.000000000000000000, 1.000000000000000000 ) ) ;
#4330 = VERTEX_POINT ( 'NONE', #3166 ) ;
#4331 = VERTEX_POINT ( 'NONE', #2025 ) ;
#4332 = FACE_BOUND ( 'NONE', #2643, .T. ) ;
#4333 = CARTESIAN_POINT ( 'NONE',  ( -9.500000000000001776, -47.99999999999999289, 15.00000000000000000 ) ) ;
#4334 = AXIS2_PLACEMENT_3D ( 'NONE', #663, #1886, #3378 ) ;
#4335 = EDGE_CURVE ( 'NONE', #322, #511, #2068, .T. ) ;
#4336 = CARTESIAN_POINT ( 'NONE',  ( 17.00000000000003908, -105.2999999999999972, 1.000000000000039080 ) ) ;
#4337 = CARTESIAN_POINT ( 'NONE',  ( 7.000000000000000888, -83.99999999999998579, -30.00000000000000000 ) ) ;
#4338 = AXIS2_PLACEMENT_3D ( 'NONE', #1520, #762, #4510 ) ;
#4339 = LINE ( 'NONE', #2827, #4425 ) ;
#4340 = ORIENTED_EDGE ( 'NONE', *, *, #1891, .F. ) ;
#4341 = EDGE_CURVE ( 'NONE', #1321, #4718, #2048, .T. ) ;
#4342 = CARTESIAN_POINT ( 'NONE',  ( 4.650000000000000355, -115.9999999999999858, -30.00000000000000000 ) ) ;
#4343 = ORIENTED_EDGE ( 'NONE', *, *, #346, .T. ) ;
#4344 = CIRCLE ( 'NONE', #1771, 2.149999999999999023 ) ;
#4345 = VERTEX_POINT ( 'NONE', #2094 ) ;
#4346 = DIRECTION ( 'NONE',  ( 0.000000000000000000, 0.000000000000000000, -1.000000000000000000 ) ) ;
#4347 = PLANE ( 'NONE',  #4659 ) ;
#4348 = DIRECTION ( 'NONE',  ( -0.000000000000000000, -0.000000000000000000, -1.000000000000000000 ) ) ;
#4349 = AXIS2_PLACEMENT_3D ( 'NONE', #2691, #414, #3030 ) ;
#4350 = ORIENTED_EDGE ( 'NONE', *, *, #1632, .F. ) ;
#4351 = ORIENTED_EDGE ( 'NONE', *, *, #190, .T. ) ;
#4352 = LINE ( 'NONE', #2838, #538 ) ;
#4353 = VECTOR ( 'NONE', #2893, 1000.000000000000000 ) ;
#4354 = DIRECTION ( 'NONE',  ( -0.000000000000000000, -0.000000000000000000, 1.000000000000000000 ) ) ;
#4355 = EDGE_CURVE ( 'NONE', #511, #2082, #4318, .T. ) ;
#4356 = AXIS2_PLACEMENT_3D ( 'NONE', #411, #3762, #1927 ) ;
#4357 = EDGE_LOOP ( 'NONE', ( #3502, #2766 ) ) ;
#4358 = ORIENTED_EDGE ( 'NONE', *, *, #3069, .T. ) ;
#4359 = CIRCLE ( 'NONE', #1085, 1.250000000000585754 ) ;
#4360 = DIRECTION ( 'NONE',  ( 0.000000000000000000, -0.000000000000000000, -1.000000000000000000 ) ) ;
#4361 = CARTESIAN_POINT ( 'NONE',  ( -12.50000000000000000, -66.99999999999998579, 15.00000000000000000 ) ) ;
#4362 = DIRECTION ( 'NONE',  ( 0.000000000000000000, 0.000000000000000000, 1.000000000000000000 ) ) ;
#4363 = VERTEX_POINT ( 'NONE', #3587 ) ;
#4364 = CARTESIAN_POINT ( 'NONE',  ( -0.3967385572695176221, 26.49522956848936772, -27.00000000000000000 ) ) ;
#4365 = DIRECTION ( 'NONE',  ( 0.7071067811865482389, 0.7071067811865469066, 0.000000000000000000 ) ) ;
#4366 = VERTEX_POINT ( 'NONE', #234 ) ;
#4367 = EDGE_CURVE ( 'NONE', #1958, #1707, #4408, .T. ) ;
#4368 = EDGE_LOOP ( 'NONE', ( #2919, #1238 ) ) ;
#4369 = DIRECTION ( 'NONE',  ( 0.000000000000000000, 0.000000000000000000, 1.000000000000000000 ) ) ;
#4370 = CARTESIAN_POINT ( 'NONE',  ( -0.3967385572695176221, 26.49522956848936772, -50.00000000000000000 ) ) ;
#4371 = VECTOR ( 'NONE', #3958, 1000.000000000000000 ) ;
#4372 = CARTESIAN_POINT ( 'NONE',  ( -19.99999999999999645, -28.99999999999999645, 27.00000000000000355 ) ) ;
#4373 = ORIENTED_EDGE ( 'NONE', *, *, #2843, .T. ) ;
#4374 = ORIENTED_EDGE ( 'NONE', *, *, #3069, .F. ) ;
#4375 = DIRECTION ( 'NONE',  ( 1.000000000000000000, 0.000000000000000000, 0.000000000000000000 ) ) ;
#4376 = DIRECTION ( 'NONE',  ( 0.000000000000000000, -6.270084852928195306E-16, 1.000000000000000000 ) ) ;
#4377 = LINE ( 'NONE', #2183, #1359 ) ;
#4378 = FACE_OUTER_BOUND ( 'NONE', #3645, .T. ) ;
#4379 = EDGE_CURVE ( 'NONE', #1335, #268, #3383, .T. ) ;
#4380 = AXIS2_PLACEMENT_3D ( 'NONE', #61, #2864, #4752 ) ;
#4381 = EDGE_LOOP ( 'NONE', ( #1386, #672, #3250, #2909, #4580, #3660 ) ) ;
#4382 = EDGE_CURVE ( 'NONE', #3110, #1022, #2965, .T. ) ;
#4383 = ORIENTED_EDGE ( 'NONE', *, *, #799, .T. ) ;
#4384 = CIRCLE ( 'NONE', #1336, 1.250000000000585754 ) ;
#4385 = DIRECTION ( 'NONE',  ( -1.734723475976807341E-16, 1.000000000000000000, 0.000000000000000000 ) ) ;
#4386 = CARTESIAN_POINT ( 'NONE',  ( -13.99999999999999645, -78.99999999999998579, -30.00000000000000000 ) ) ;
#4387 = ORIENTED_EDGE ( 'NONE', *, *, #2457, .T. ) ;
#4388 = DIRECTION ( 'NONE',  ( -1.000000000000000000, 0.000000000000000000, 0.000000000000000000 ) ) ;
#4389 = DIRECTION ( 'NONE',  ( 1.000000000000000000, 0.000000000000000000, 0.000000000000000000 ) ) ;
#4390 = ORIENTED_EDGE ( 'NONE', *, *, #1057, .T. ) ;
#4391 = DIRECTION ( 'NONE',  ( -0.000000000000000000, -0.000000000000000000, 1.000000000000000000 ) ) ;
#4392 = CIRCLE ( 'NONE', #3538, 2.150000000000004352 ) ;
#4393 = VERTEX_POINT ( 'NONE', #1471 ) ;
#4394 = CARTESIAN_POINT ( 'NONE',  ( 16.49522956848936772, 10.39673855726952389, -50.00000000000000000 ) ) ;
#4395 = CARTESIAN_POINT ( 'NONE',  ( 17.00000000000004974, -50.84999999999999432, -12.62500000000000178 ) ) ;
#4396 = EDGE_CURVE ( 'NONE', #4320, #4206, #2910, .T. ) ;
#4397 = CYLINDRICAL_SURFACE ( 'NONE', #2825, 2.150000000000004352 ) ;
#4398 = AXIS2_PLACEMENT_3D ( 'NONE', #1800, #3289, #4416 ) ;
#4399 = VERTEX_POINT ( 'NONE', #1527 ) ;
#4400 = ORIENTED_EDGE ( 'NONE', *, *, #822, .F. ) ;
#4401 =( NAMED_UNIT ( * ) PLANE_ANGLE_UNIT ( ) SI_UNIT ( $, .RADIAN. ) );
#4402 = DIRECTION ( 'NONE',  ( 0.000000000000000000, 1.000000000000000000, 0.000000000000000000 ) ) ;
#4403 = CARTESIAN_POINT ( 'NONE',  ( -15.24522956848878152, 9.603261442730490316, 27.00000000000001066 ) ) ;
#4404 = CARTESIAN_POINT ( 'NONE',  ( 20.00000000000000000, -100.2699999999999960, 14.77499999999999858 ) ) ;
#4405 = ADVANCED_FACE ( 'NONE', ( #2574 ), #2625, .F. ) ;
#4406 = ORIENTED_EDGE ( 'NONE', *, *, #4379, .F. ) ;
#4407 = ORIENTED_EDGE ( 'NONE', *, *, #4684, .F. ) ;
#4408 = LINE ( 'NONE', #3307, #4681 ) ;
#4409 = LINE ( 'NONE', #1054, #2936 ) ;
#4410 = DIRECTION ( 'NONE',  ( 0.000000000000000000, 0.000000000000000000, -1.000000000000000000 ) ) ;
#4411 = EDGE_CURVE ( 'NONE', #2816, #4563, #41, .T. ) ;
#4412 = CARTESIAN_POINT ( 'NONE',  ( 20.00000000000000000, -50.84999999999999432, 12.62500000000000000 ) ) ;
#4413 = VERTEX_POINT ( 'NONE', #3017 ) ;
#4414 = CARTESIAN_POINT ( 'NONE',  ( 17.00000000000003908, -46.69999999999996021, 8.849999999999981881 ) ) ;
#4415 = EDGE_CURVE ( 'NONE', #3521, #1364, #459, .T. ) ;
#4416 = DIRECTION ( 'NONE',  ( 1.000000000000000000, 0.000000000000000000, 0.000000000000000000 ) ) ;
#4417 = VERTEX_POINT ( 'NONE', #1500 ) ;
#4418 = DIRECTION ( 'NONE',  ( -0.000000000000000000, 3.553048083325977965E-15, 1.000000000000000000 ) ) ;
#4419 = CIRCLE ( 'NONE', #2704, 1.699999999999999956 ) ;
#4420 = ORIENTED_EDGE ( 'NONE', *, *, #3365, .T. ) ;
#4421 = FACE_BOUND ( 'NONE', #3167, .T. ) ;
#4422 = LINE ( 'NONE', #755, #4244 ) ;
#4423 = AXIS2_PLACEMENT_3D ( 'NONE', #171, #934, #4256 ) ;
#4424 = CARTESIAN_POINT ( 'NONE',  ( 18.80000000000003979, 0.000000000000000000, 0.000000000000000000 ) ) ;
#4425 = VECTOR ( 'NONE', #3588, 1000.000000000000000 ) ;
#4426 = ORIENTED_EDGE ( 'NONE', *, *, #2026, .T. ) ;
#4427 = ORIENTED_EDGE ( 'NONE', *, *, #4224, .F. ) ;
#4428 = DIRECTION ( 'NONE',  ( 0.000000000000000000, 0.000000000000000000, -1.000000000000000000 ) ) ;
#4429 = DIRECTION ( 'NONE',  ( 0.000000000000000000, -1.000000000000000000, -6.270084852928195306E-16 ) ) ;
#4430 = LINE ( 'NONE', #1815, #3088 ) ;
#4431 = PLANE ( 'NONE',  #1934 ) ;
#4432 = VECTOR ( 'NONE', #4391, 1000.000000000000000 ) ;
#4433 = ORIENTED_EDGE ( 'NONE', *, *, #14, .T. ) ;
#4434 = ORIENTED_EDGE ( 'NONE', *, *, #1323, .F. ) ;
#4435 = DIRECTION ( 'NONE',  ( 1.000000000000000000, 0.000000000000000000, 0.000000000000000000 ) ) ;
#4436 = EDGE_CURVE ( 'NONE', #4481, #2186, #143, .T. ) ;
#4437 = VECTOR ( 'NONE', #259, 1000.000000000000000 ) ;
#4438 = DIRECTION ( 'NONE',  ( 0.000000000000000000, -1.000000000000000000, 0.000000000000000000 ) ) ;
#4439 = VECTOR ( 'NONE', #2167, 1000.000000000000000 ) ;
#4440 = LINE ( 'NONE', #3335, #3147 ) ;
#4441 = VECTOR ( 'NONE', #1504, 1000.000000000000000 ) ;
#4442 = ORIENTED_EDGE ( 'NONE', *, *, #3155, .F. ) ;
#4443 = DIRECTION ( 'NONE',  ( -0.000000000000000000, -1.000000000000000000, -4.180056568618783592E-15 ) ) ;
#4444 = DIRECTION ( 'NONE',  ( -0.000000000000000000, -0.000000000000000000, 1.000000000000000000 ) ) ;
#4445 = ORIENTED_EDGE ( 'NONE', *, *, #4355, .F. ) ;
#4446 = CARTESIAN_POINT ( 'NONE',  ( 9.346964270857361257, 10.25246999098970235, -50.00000000000000000 ) ) ;
#4447 = ADVANCED_FACE ( 'NONE', ( #2234 ), #4799, .F. ) ;
#4448 = EDGE_LOOP ( 'NONE', ( #2374, #3171 ) ) ;
#4449 = VECTOR ( 'NONE', #1898, 1000.000000000000000 ) ;
#4450 = DIRECTION ( 'NONE',  ( 1.000000000000000000, 0.000000000000000000, 0.000000000000000000 ) ) ;
#4451 = DIRECTION ( 'NONE',  ( 1.000000000000000000, 0.000000000000000000, 0.000000000000000000 ) ) ;
#4452 = DIRECTION ( 'NONE',  ( -1.000000000000000000, 0.000000000000000000, 0.000000000000000000 ) ) ;
#4453 = ORIENTED_EDGE ( 'NONE', *, *, #1190, .T. ) ;
#4454 = VERTEX_POINT ( 'NONE', #2653 ) ;
#4455 = CARTESIAN_POINT ( 'NONE',  ( 10.49696427085677897, 10.25246999098970235, -50.00000000000000000 ) ) ;
#4456 = CARTESIAN_POINT ( 'NONE',  ( 9.346964270857361257, 10.25246999098970235, -27.00000000000000000 ) ) ;
#4457 = CARTESIAN_POINT ( 'NONE',  ( 17.00000000000004974, -54.99999999999999289, -27.00000000000000000 ) ) ;
#4458 = LINE ( 'NONE', #2184, #3730 ) ;
#4459 = CARTESIAN_POINT ( 'NONE',  ( 17.00000000000003908, -46.69999999999996021, -8.849999999999981881 ) ) ;
#4460 = VERTEX_POINT ( 'NONE', #3775 ) ;
#4461 = ORIENTED_EDGE ( 'NONE', *, *, #1019, .F. ) ;
#4462 = DIRECTION ( 'NONE',  ( 1.000000000000000000, 0.000000000000000000, 0.000000000000000000 ) ) ;
#4463 = LINE ( 'NONE', #2208, #2785 ) ;
#4464 = DIRECTION ( 'NONE',  ( 0.000000000000000000, 0.000000000000000000, 1.000000000000000000 ) ) ;
#4465 = EDGE_CURVE ( 'NONE', #627, #1823, #3332, .T. ) ;
#4466 = EDGE_CURVE ( 'NONE', #753, #2949, #996, .T. ) ;
#4467 = VECTOR ( 'NONE', #792, 1000.000000000000000 ) ;
#4468 = CARTESIAN_POINT ( 'NONE',  ( 17.00000000000004974, -50.84999999999999432, 4.924999999999998934 ) ) ;
#4469 = DIRECTION ( 'NONE',  ( -1.000000000000000000, -0.000000000000000000, -0.000000000000000000 ) ) ;
#4470 = CARTESIAN_POINT ( 'NONE',  ( 17.00000000000000000, -100.2699999999999960, 12.62499999999999467 ) ) ;
#4471 = EDGE_CURVE ( 'NONE', #2316, #3343, #1383, .T. ) ;
#4472 = VERTEX_POINT ( 'NONE', #1867 ) ;
#4473 = DIRECTION ( 'NONE',  ( -0.000000000000000000, -0.000000000000000000, 1.000000000000000000 ) ) ;
#4474 = EDGE_CURVE ( 'NONE', #2954, #2868, #3432, .T. ) ;
#4475 = ORIENTED_EDGE ( 'NONE', *, *, #1770, .T. ) ;
#4476 = DIRECTION ( 'NONE',  ( 0.000000000000000000, 0.000000000000000000, -1.000000000000000000 ) ) ;
#4477 = DIRECTION ( 'NONE',  ( -0.000000000000000000, 0.000000000000000000, 1.000000000000000000 ) ) ;
#4478 = ADVANCED_FACE ( 'NONE', ( #2991 ), #3752, .F. ) ;
#4479 = DIRECTION ( 'NONE',  ( 0.000000000000000000, 0.000000000000000000, 1.000000000000000000 ) ) ;
#4480 = ORIENTED_EDGE ( 'NONE', *, *, #1180, .F. ) ;
#4481 = VERTEX_POINT ( 'NONE', #1419 ) ;
#4482 = CARTESIAN_POINT ( 'NONE',  ( -10.49696427085677897, 9.747530009010310081, 27.00000000000001066 ) ) ;
#4483 = DIRECTION ( 'NONE',  ( -0.000000000000000000, -0.000000000000000000, -1.000000000000000000 ) ) ;
#4484 = DIRECTION ( 'NONE',  ( 0.000000000000000000, 0.000000000000000000, -1.000000000000000000 ) ) ;
#4485 = LINE ( 'NONE', #3277, #2322 ) ;
#4486 = CIRCLE ( 'NONE', #32, 1.700000000000008837 ) ;
#4487 = DIRECTION ( 'NONE',  ( 0.000000000000000000, 0.000000000000000000, -1.000000000000000000 ) ) ;
#4488 = ORIENTED_EDGE ( 'NONE', *, *, #4138, .T. ) ;
#4489 = ORIENTED_EDGE ( 'NONE', *, *, #2464, .T. ) ;
#4490 = DIRECTION ( 'NONE',  ( -0.000000000000000000, 0.7071067811865489050, 0.7071067811865462405 ) ) ;
#4491 = CARTESIAN_POINT ( 'NONE',  ( 20.00000000000000000, -100.2699999999999960, 7.075000000000001066 ) ) ;
#4492 = CARTESIAN_POINT ( 'NONE',  ( 18.80000000000003979, -46.69999999999984652, 1.000000000000020872 ) ) ;
#4493 = CIRCLE ( 'NONE', #265, 2.149999999999999023 ) ;
#4494 = EDGE_CURVE ( 'NONE', #4460, #1240, #615, .T. ) ;
#4495 = CARTESIAN_POINT ( 'NONE',  ( 17.00000000000003908, -46.69999999999996021, -8.849999999999981881 ) ) ;
#4496 = PLANE ( 'NONE',  #2571 ) ;
#4497 = DIRECTION ( 'NONE',  ( 1.000000000000000000, 0.000000000000000000, 0.000000000000000000 ) ) ;
#4498 = CARTESIAN_POINT ( 'NONE',  ( -14.00000000000000178, -21.50000000000000000, 27.00000000000000355 ) ) ;
#4499 = ORIENTED_EDGE ( 'NONE', *, *, #3763, .T. ) ;
#4500 = FACE_OUTER_BOUND ( 'NONE', #807, .T. ) ;
#4501 = ADVANCED_FACE ( 'NONE', ( #3678, #1440, #2207, #2935, #1083, #1228, #4565, #842, #3458, #3085, #3408, #892, #2012, #3867, #64, #520, #1572, #2745 ), #3044, .F. ) ;
#4502 = VERTEX_POINT ( 'NONE', #2381 ) ;
#4503 = DIRECTION ( 'NONE',  ( 0.000000000000000000, 0.000000000000000000, 1.000000000000000000 ) ) ;
#4504 = DIRECTION ( 'NONE',  ( 1.000000000000000000, 0.000000000000000000, 0.000000000000000000 ) ) ;
#4505 = DIRECTION ( 'NONE',  ( 1.000000000000000000, 0.000000000000000000, 0.000000000000000000 ) ) ;
#4506 = CIRCLE ( 'NONE', #2626, 1.149999999999417044 ) ;
#4507 = ORIENTED_EDGE ( 'NONE', *, *, #2655, .T. ) ;
#4508 = EDGE_LOOP ( 'NONE', ( #1486, #4351, #1088, #2472, #1315, #1014, #3738, #1817, #2988, #1289, #1642, #1459, #3406, #625, #589, #4053 ) ) ;
#4509 = CARTESIAN_POINT ( 'NONE',  ( 11.49999999999999645, -19.00000000000000355, -26.99999999999999645 ) ) ;
#4510 = DIRECTION ( 'NONE',  ( -1.000000000000000000, 0.000000000000000000, 0.000000000000000000 ) ) ;
#4511 = AXIS2_PLACEMENT_3D ( 'NONE', #4698, #974, #2034 ) ;
#4512 = LINE ( 'NONE', #1566, #4250 ) ;
#4513 = LINE ( 'NONE', #3697, #3336 ) ;
#4514 = CARTESIAN_POINT ( 'NONE',  ( 20.24999999999998224, -20.25000000000002132, 30.00000000000000000 ) ) ;
#4515 = VERTEX_POINT ( 'NONE', #4237 ) ;
#4516 = VERTEX_POINT ( 'NONE', #3503 ) ;
#4517 = CARTESIAN_POINT ( 'NONE',  ( 10.49696427085677897, 10.25246999098970235, 27.00000000000001066 ) ) ;
#4518 = EDGE_CURVE ( 'NONE', #511, #1960, #3893, .T. ) ;
#4519 = CIRCLE ( 'NONE', #130, 1.249999999999980238 ) ;
#4520 = CARTESIAN_POINT ( 'NONE',  ( -10.49696427085677897, 9.747530009010310081, -30.00000000000000000 ) ) ;
#4521 = CIRCLE ( 'NONE', #3495, 1.699999999999999956 ) ;
#4522 = VECTOR ( 'NONE', #2530, 1000.000000000000000 ) ;
#4523 = CARTESIAN_POINT ( 'NONE',  ( 20.00000000000000355, -97.00000000000000000, -27.00000000000000000 ) ) ;
#4524 = CARTESIAN_POINT ( 'NONE',  ( -19.99999999999999645, -49.99999999999997868, 27.00000000000000355 ) ) ;
#4525 = LINE ( 'NONE', #1169, #3150 ) ;
#4526 = VECTOR ( 'NONE', #2661, 1000.000000000000000 ) ;
#4527 = ORIENTED_EDGE ( 'NONE', *, *, #2627, .F. ) ;
#4528 = FACE_BOUND ( 'NONE', #1952, .T. ) ;
#4529 = ORIENTED_EDGE ( 'NONE', *, *, #1053, .T. ) ;
#4530 = DIRECTION ( 'NONE',  ( 0.000000000000000000, 0.000000000000000000, -1.000000000000000000 ) ) ;
#4531 = PLANE ( 'NONE',  #3619 ) ;
#4532 = AXIS2_PLACEMENT_3D ( 'NONE', #2567, #4768, #34 ) ;
#4533 = EDGE_CURVE ( 'NONE', #2964, #4330, #2099, .T. ) ;
#4534 = ORIENTED_EDGE ( 'NONE', *, *, #1367, .F. ) ;
#4535 = ADVANCED_FACE ( 'NONE', ( #475 ), #1549, .F. ) ;
#4536 = ORIENTED_EDGE ( 'NONE', *, *, #952, .T. ) ;
#4537 = DIRECTION ( 'NONE',  ( 1.000000000000000000, 0.000000000000000000, 0.000000000000000000 ) ) ;
#4538 = DIRECTION ( 'NONE',  ( 0.000000000000000000, 0.000000000000000000, 1.000000000000000000 ) ) ;
#4539 = FACE_OUTER_BOUND ( 'NONE', #810, .T. ) ;
#4540 = EDGE_LOOP ( 'NONE', ( #3304, #4620 ) ) ;
#4541 = ORIENTED_EDGE ( 'NONE', *, *, #1417, .T. ) ;
#4542 = LINE ( 'NONE', #1946, #3741 ) ;
#4543 = ADVANCED_FACE ( 'NONE', ( #106 ), #2359, .F. ) ;
#4544 = CARTESIAN_POINT ( 'NONE',  ( 10.49696427085677897, 10.25246999098970235, -30.00000000000000000 ) ) ;
#4545 = EDGE_CURVE ( 'NONE', #2546, #903, #3972, .T. ) ;
#4546 = DIRECTION ( 'NONE',  ( -0.000000000000000000, -0.000000000000000000, 1.000000000000000000 ) ) ;
#4547 = DIRECTION ( 'NONE',  ( -0.000000000000000000, -1.000000000000000000, 1.156482317317870344E-15 ) ) ;
#4548 = CARTESIAN_POINT ( 'NONE',  ( 0.3967385572695156237, -6.495229568489357952, -27.00000000000000000 ) ) ;
#4549 = CYLINDRICAL_SURFACE ( 'NONE', #4169, 1.249999999999980238 ) ;
#4550 = AXIS2_PLACEMENT_3D ( 'NONE', #2139, #12, #38 ) ;
#4551 = ORIENTED_EDGE ( 'NONE', *, *, #4704, .F. ) ;
#4552 = CARTESIAN_POINT ( 'NONE',  ( 17.00000000000003908, -54.99999999999999289, 1.000000000000029532 ) ) ;
#4553 = VERTEX_POINT ( 'NONE', #820 ) ;
#4554 = CIRCLE ( 'NONE', #3530, 1.149999999999417044 ) ;
#4555 = DIRECTION ( 'NONE',  ( 1.000000000000000000, 0.000000000000000000, 0.000000000000000000 ) ) ;
#4556 = ORIENTED_EDGE ( 'NONE', *, *, #3091, .T. ) ;
#4557 = EDGE_LOOP ( 'NONE', ( #1176, #3425, #1660, #2663 ) ) ;
#4558 = LINE ( 'NONE', #813, #1137 ) ;
#4559 = EDGE_CURVE ( 'NONE', #1742, #2036, #4542, .T. ) ;
#4560 = DIRECTION ( 'NONE',  ( 0.000000000000000000, -1.000000000000000000, 0.000000000000000000 ) ) ;
#4561 = CARTESIAN_POINT ( 'NONE',  ( 10.49696427085677897, 10.25246999098970235, 30.00000000000000000 ) ) ;
#4562 = LINE ( 'NONE', #911, #1015 ) ;
#4563 = VERTEX_POINT ( 'NONE', #4587 ) ;
#4564 = ORIENTED_EDGE ( 'NONE', *, *, #184, .T. ) ;
#4565 = FACE_BOUND ( 'NONE', #2343, .T. ) ;
#4566 = AXIS2_PLACEMENT_3D ( 'NONE', #1625, #3372, #3163 ) ;
#4567 = EDGE_CURVE ( 'NONE', #510, #4454, #4359, .T. ) ;
#4568 = FACE_BOUND ( 'NONE', #460, .T. ) ;
#4569 = VECTOR ( 'NONE', #3511, 1000.000000000000114 ) ;
#4570 = CARTESIAN_POINT ( 'NONE',  ( 18.80000000000003979, -97.00000000000000000, -0.9999999999999781286 ) ) ;
#4571 = LINE ( 'NONE', #2238, #1462 ) ;
#4572 = CARTESIAN_POINT ( 'NONE',  ( 1.350000000000001643, -115.9999999999999858, -30.00000000000000000 ) ) ;
#4573 = VERTEX_POINT ( 'NONE', #914 ) ;
#4574 = CARTESIAN_POINT ( 'NONE',  ( -1.699999999999999956, 10.00000000000000533, -27.00000000000000000 ) ) ;
#4575 = EDGE_CURVE ( 'NONE', #712, #2143, #3826, .T. ) ;
#4576 = ORIENTED_EDGE ( 'NONE', *, *, #1648, .F. ) ;
#4577 = FACE_OUTER_BOUND ( 'NONE', #2743, .T. ) ;
#4578 = ORIENTED_EDGE ( 'NONE', *, *, #947, .F. ) ;
#4579 = VECTOR ( 'NONE', #4770, 1000.000000000000000 ) ;
#4580 = ORIENTED_EDGE ( 'NONE', *, *, #2315, .F. ) ;
#4581 = LINE ( 'NONE', #2738, #3720 ) ;
#4582 = LINE ( 'NONE', #3861, #1484 ) ;
#4583 = DIRECTION ( 'NONE',  ( -0.000000000000000000, 2.090028284309398107E-15, 1.000000000000000000 ) ) ;
#4584 = CARTESIAN_POINT ( 'NONE',  ( 17.00000000000000000, -120.0000000000000000, 19.00000000000001776 ) ) ;
#4585 = ORIENTED_EDGE ( 'NONE', *, *, #1655, .T. ) ;
#4586 = ORIENTED_EDGE ( 'NONE', *, *, #1596, .F. ) ;
#4587 = CARTESIAN_POINT ( 'NONE',  ( 13.99999999999999645, -21.50000000000000000, 27.00000000000000355 ) ) ;
#4588 = VECTOR ( 'NONE', #4032, 1000.000000000000000 ) ;
#4589 = CARTESIAN_POINT ( 'NONE',  ( -10.99999999999995737, -43.49999999999999289, 27.00000000000001066 ) ) ;
#4590 = EDGE_CURVE ( 'NONE', #1855, #3879, #1708, .T. ) ;
#4591 = CIRCLE ( 'NONE', #2163, 2.149999999999995470 ) ;
#4592 = CARTESIAN_POINT ( 'NONE',  ( -11.64696427085736197, 9.747530009010310081, 30.00000000000000000 ) ) ;
#4593 = CARTESIAN_POINT ( 'NONE',  ( -0.2524699909896948036, 20.49696427085678252, -50.00000000000000000 ) ) ;
#4594 = AXIS2_PLACEMENT_3D ( 'NONE', #2456, #1363, #226 ) ;
#4595 = DIRECTION ( 'NONE',  ( 0.000000000000000000, 0.000000000000000000, -1.000000000000000000 ) ) ;
#4596 = ORIENTED_EDGE ( 'NONE', *, *, #1663, .F. ) ;
#4597 = FACE_OUTER_BOUND ( 'NONE', #2467, .T. ) ;
#4598 = ORIENTED_EDGE ( 'NONE', *, *, #2963, .F. ) ;
#4599 = EDGE_CURVE ( 'NONE', #2453, #215, #87, .T. ) ;
#4600 = DIRECTION ( 'NONE',  ( -0.000000000000000000, 0.000000000000000000, 1.000000000000000000 ) ) ;
#4601 = EDGE_CURVE ( 'NONE', #1760, #4363, #2308, .T. ) ;
#4602 = ORIENTED_EDGE ( 'NONE', *, *, #2069, .F. ) ;
#4603 = ORIENTED_EDGE ( 'NONE', *, *, #1351, .T. ) ;
#4604 = AXIS2_PLACEMENT_3D ( 'NONE', #1595, #451, #4164 ) ;
#4605 = CARTESIAN_POINT ( 'NONE',  ( 18.80000000000003979, -97.00000000000000000, 10.84999999999996767 ) ) ;
#4606 = CARTESIAN_POINT ( 'NONE',  ( 16.49522956848936772, 10.39673855726952389, -50.00000000000000000 ) ) ;
#4607 = LINE ( 'NONE', #2035, #1258 ) ;
#4608 = EDGE_LOOP ( 'NONE', ( #4624, #4797, #4140, #3002 ) ) ;
#4609 = ORIENTED_EDGE ( 'NONE', *, *, #2070, .F. ) ;
#4610 = LINE ( 'NONE', #4743, #1316 ) ;
#4611 = FACE_BOUND ( 'NONE', #4540, .T. ) ;
#4612 = DIRECTION ( 'NONE',  ( 0.7071067811865477948, 0.7071067811865473507, 0.000000000000000000 ) ) ;
#4613 = EDGE_CURVE ( 'NONE', #2630, #1833, #498, .T. ) ;
#4614 = CARTESIAN_POINT ( 'NONE',  ( 18.80000000000003979, -46.69999999999985363, -0.9999999999999861222 ) ) ;
#4615 = CARTESIAN_POINT ( 'NONE',  ( -7.500000000000000888, -69.99999999999998579, -26.99999999999998224 ) ) ;
#4616 = VECTOR ( 'NONE', #2850, 1000.000000000000114 ) ;
#4617 = DIRECTION ( 'NONE',  ( 0.000000000000000000, 0.000000000000000000, 1.000000000000000000 ) ) ;
#4618 = ORIENTED_EDGE ( 'NONE', *, *, #4436, .T. ) ;
#4619 = DIRECTION ( 'NONE',  ( 0.000000000000000000, -1.000000000000000000, 2.377407173401953017E-15 ) ) ;
#4620 = ORIENTED_EDGE ( 'NONE', *, *, #2670, .T. ) ;
#4621 = EDGE_CURVE ( 'NONE', #1594, #119, #4610, .T. ) ;
#4622 = DIRECTION ( 'NONE',  ( 1.000000000000000000, 0.000000000000000000, 0.000000000000000000 ) ) ;
#4623 = ORIENTED_EDGE ( 'NONE', *, *, #2406, .F. ) ;
#4624 = ORIENTED_EDGE ( 'NONE', *, *, #370, .F. ) ;
#4625 = VECTOR ( 'NONE', #622, 1000.000000000000000 ) ;
#4626 = EDGE_LOOP ( 'NONE', ( #2379, #1605, #2918, #4529 ) ) ;
#4627 = CARTESIAN_POINT ( 'NONE',  ( 18.80000000000003979, -105.2999999999999829, -1.000000000000002220 ) ) ;
#4628 = DIRECTION ( 'NONE',  ( -1.000000000000000000, 0.000000000000000000, 0.000000000000000000 ) ) ;
#4629 = EDGE_CURVE ( 'NONE', #3110, #3798, #3207, .T. ) ;
#4630 = LINE ( 'NONE', #472, #1970 ) ;
#4631 = VERTEX_POINT ( 'NONE', #2474 ) ;
#4632 = EDGE_LOOP ( 'NONE', ( #3476, #3591 ) ) ;
#4633 = DIRECTION ( 'NONE',  ( 0.000000000000000000, -1.000000000000000000, 1.387778780781450251E-14 ) ) ;
#4634 = ADVANCED_FACE ( 'NONE', ( #2429 ), #1343, .F. ) ;
#4635 = EDGE_LOOP ( 'NONE', ( #1929, #2333, #2755, #3029 ) ) ;
#4636 = CARTESIAN_POINT ( 'NONE',  ( 7.000000000000000888, -102.0000000000000000, -30.00000000000000000 ) ) ;
#4637 = DIRECTION ( 'NONE',  ( 1.284980352575412453E-16, 0.000000000000000000, 1.000000000000000000 ) ) ;
#4638 = DIRECTION ( 'NONE',  ( -0.000000000000000000, -3.469446951953671381E-15, -1.000000000000000000 ) ) ;
#4639 = VECTOR ( 'NONE', #1975, 1000.000000000000000 ) ;
#4640 = CARTESIAN_POINT ( 'NONE',  ( 0.8532614427305034166, 26.49522956848936772, 27.00000000000001066 ) ) ;
#4641 = ORIENTED_EDGE ( 'NONE', *, *, #4057, .F. ) ;
#4642 = DIRECTION ( 'NONE',  ( -0.7071067811865469066, -0.7071067811865482389, 0.000000000000000000 ) ) ;
#4643 = ORIENTED_EDGE ( 'NONE', *, *, #2132, .F. ) ;
#4644 = DIRECTION ( 'NONE',  ( -0.000000000000000000, -0.000000000000000000, 1.000000000000000000 ) ) ;
#4645 = VERTEX_POINT ( 'NONE', #3919 ) ;
#4646 = ADVANCED_FACE ( 'NONE', ( #614 ), #569, .F. ) ;
#4647 = EDGE_LOOP ( 'NONE', ( #2593, #4648, #4499, #3417 ) ) ;
#4648 = ORIENTED_EDGE ( 'NONE', *, *, #3567, .T. ) ;
#4649 = FACE_OUTER_BOUND ( 'NONE', #4608, .T. ) ;
#4650 = LINE ( 'NONE', #1735, #2782 ) ;
#4651 = DIRECTION ( 'NONE',  ( -1.000000000000000000, 0.000000000000000000, 0.000000000000000000 ) ) ;
#4652 = ORIENTED_EDGE ( 'NONE', *, *, #3208, .T. ) ;
#4653 = VERTEX_POINT ( 'NONE', #4720 ) ;
#4654 = CYLINDRICAL_SURFACE ( 'NONE', #2650, 1.249999999999414690 ) ;
#4655 = LINE ( 'NONE', #3552, #369 ) ;
#4656 = AXIS2_PLACEMENT_3D ( 'NONE', #2354, #2672, #4160 ) ;
#4657 = EDGE_CURVE ( 'NONE', #3564, #3579, #1864, .T. ) ;
#4658 = CARTESIAN_POINT ( 'NONE',  ( 3.750000000000001776, -3.750000000000003553, 30.00000000000000000 ) ) ;
#4659 = AXIS2_PLACEMENT_3D ( 'NONE', #2400, #264, #2055 ) ;
#4660 = LINE ( 'NONE', #2043, #1031 ) ;
#4661 = DIRECTION ( 'NONE',  ( -0.000000000000000000, 1.000000000000000000, -0.000000000000000000 ) ) ;
#4662 = LINE ( 'NONE', #2805, #4149 ) ;
#4663 = CIRCLE ( 'NONE', #2087, 2.149999999999998135 ) ;
#4664 = DIRECTION ( 'NONE',  ( -0.000000000000000000, 2.377407173401953017E-15, 1.000000000000000000 ) ) ;
#4665 = ORIENTED_EDGE ( 'NONE', *, *, #1959, .T. ) ;
#4666 = AXIS2_PLACEMENT_3D ( 'NONE', #177, #4310, #2796 ) ;
#4667 = CARTESIAN_POINT ( 'NONE',  ( 0.3967385572695156237, -6.495229568489357952, 30.00000000000000000 ) ) ;
#4668 = EDGE_LOOP ( 'NONE', ( #717, #1401 ) ) ;
#4669 = ORIENTED_EDGE ( 'NONE', *, *, #2294, .F. ) ;
#4670 = VECTOR ( 'NONE', #1678, 1000.000000000000000 ) ;
#4671 = ORIENTED_EDGE ( 'NONE', *, *, #3553, .T. ) ;
#4672 = VECTOR ( 'NONE', #2554, 1000.000000000000114 ) ;
#4673 = DIRECTION ( 'NONE',  ( 1.000000000000000000, -0.000000000000000000, -0.000000000000000000 ) ) ;
#4674 = DIRECTION ( 'NONE',  ( -1.000000000000000000, 0.000000000000000000, 0.000000000000000000 ) ) ;
#4675 = EDGE_CURVE ( 'NONE', #2572, #712, #1387, .T. ) ;
#4676 = ADVANCED_FACE ( 'NONE', ( #1761 ), #4654, .F. ) ;
#4677 = CARTESIAN_POINT ( 'NONE',  ( 18.80000000000003979, -105.3000000000000256, 10.84999999999999609 ) ) ;
#4678 = ORIENTED_EDGE ( 'NONE', *, *, #140, .T. ) ;
#4679 = EDGE_LOOP ( 'NONE', ( #706, #3442 ) ) ;
#4680 = DIRECTION ( 'NONE',  ( -0.000000000000000000, -0.000000000000000000, -1.000000000000000000 ) ) ;
#4681 = VECTOR ( 'NONE', #719, 1000.000000000000000 ) ;
#4682 = CARTESIAN_POINT ( 'NONE',  ( 18.80000000000003979, -105.3000000000000540, -10.85000000000000142 ) ) ;
#4683 = EDGE_CURVE ( 'NONE', #2651, #2767, #4352, .T. ) ;
#4684 = EDGE_CURVE ( 'NONE', #4254, #750, #960, .T. ) ;
#4685 = DIRECTION ( 'NONE',  ( -1.000000000000000000, 0.000000000000000000, 0.000000000000000000 ) ) ;
#4686 = FACE_OUTER_BOUND ( 'NONE', #912, .T. ) ;
#4687 = FACE_OUTER_BOUND ( 'NONE', #3000, .T. ) ;
#4688 = EDGE_CURVE ( 'NONE', #2546, #4092, #2083, .T. ) ;
#4689 = DIRECTION ( 'NONE',  ( -0.000000000000000000, -0.000000000000000000, -1.000000000000000000 ) ) ;
#4690 = DIRECTION ( 'NONE',  ( 0.000000000000000000, -1.000000000000000000, 2.717036769602218328E-15 ) ) ;
#4691 = VECTOR ( 'NONE', #1222, 1000.000000000000000 ) ;
#4692 = DIRECTION ( 'NONE',  ( 1.000000000000000000, 0.000000000000000000, 0.000000000000000000 ) ) ;
#4693 = ORIENTED_EDGE ( 'NONE', *, *, #2445, .F. ) ;
#4694 = CARTESIAN_POINT ( 'NONE',  ( 17.00000000000000000, -108.9999999999999716, 30.00000000000000000 ) ) ;
#4695 = ORIENTED_EDGE ( 'NONE', *, *, #3472, .F. ) ;
#4696 = ORIENTED_EDGE ( 'NONE', *, *, #1507, .T. ) ;
#4697 = DIRECTION ( 'NONE',  ( -0.000000000000000000, -0.000000000000000000, -1.000000000000000000 ) ) ;
#4698 = CARTESIAN_POINT ( 'NONE',  ( -9.000000000000017764, -54.99999999999999289, 47.22374841615668828 ) ) ;
#4699 = DIRECTION ( 'NONE',  ( 0.000000000000000000, 0.000000000000000000, 1.000000000000000000 ) ) ;
#4700 = ORIENTED_EDGE ( 'NONE', *, *, #3214, .T. ) ;
#4701 = VECTOR ( 'NONE', #3380, 1000.000000000000000 ) ;
#4702 = ORIENTED_EDGE ( 'NONE', *, *, #4494, .F. ) ;
#4703 = DIRECTION ( 'NONE',  ( -1.000000000000000000, 0.000000000000000000, 0.000000000000000000 ) ) ;
#4704 = EDGE_CURVE ( 'NONE', #2566, #267, #2110, .T. ) ;
#4705 = CARTESIAN_POINT ( 'NONE',  ( 13.00000000000000178, -115.9999999999999858, -27.00000000000000000 ) ) ;
#4706 = ADVANCED_FACE ( 'NONE', ( #1717 ), #2454, .F. ) ;
#4707 = DIRECTION ( 'NONE',  ( -0.7071067811865471286, 0.7071067811865479058, 0.000000000000000000 ) ) ;
#4708 = CARTESIAN_POINT ( 'NONE',  ( -20.00000000000000000, 19.00000000000002487, -26.99999999999999645 ) ) ;
#4709 = DIRECTION ( 'NONE',  ( -1.000000000000000000, -1.734723475976806848E-16, 0.000000000000000000 ) ) ;
#4710 = ORIENTED_EDGE ( 'NONE', *, *, #3365, .F. ) ;
#4711 = AXIS2_PLACEMENT_3D ( 'NONE', #388, #4477, #1782 ) ;
#4712 = CARTESIAN_POINT ( 'NONE',  ( 0.000000000000000000, 0.000000000000000000, 30.00000000000000000 ) ) ;
#4713 = ORIENTED_EDGE ( 'NONE', *, *, #547, .T. ) ;
#4714 = ADVANCED_FACE ( 'NONE', ( #2857 ), #1668, .F. ) ;
#4715 = LINE ( 'NONE', #933, #4371 ) ;
#4716 = LINE ( 'NONE', #908, #2084 ) ;
#4717 = DIRECTION ( 'NONE',  ( 0.000000000000000000, -1.000000000000000000, 0.000000000000000000 ) ) ;
#4718 = VERTEX_POINT ( 'NONE', #247 ) ;
#4719 = ORIENTED_EDGE ( 'NONE', *, *, #2204, .F. ) ;
#4720 = CARTESIAN_POINT ( 'NONE',  ( -8.999999999999962697, 30.00000000000000711, -26.99999999999999645 ) ) ;
#4721 = DIRECTION ( 'NONE',  ( 0.000000000000000000, 0.000000000000000000, 1.000000000000000000 ) ) ;
#4722 = ORIENTED_EDGE ( 'NONE', *, *, #2265, .T. ) ;
#4723 = ORIENTED_EDGE ( 'NONE', *, *, #531, .F. ) ;
#4724 = CARTESIAN_POINT ( 'NONE',  ( 11.49999999999999645, -28.99999999999999645, 35.00000000000000000 ) ) ;
#4725 = VECTOR ( 'NONE', #2774, 1000.000000000000000 ) ;
#4726 = DIRECTION ( 'NONE',  ( 1.000000000000000000, 0.000000000000000000, 0.000000000000000000 ) ) ;
#4727 = ADVANCED_FACE ( 'NONE', ( #176 ), #3575, .F. ) ;
#4728 = VECTOR ( 'NONE', #2201, 1000.000000000000000 ) ;
#4729 = PLANE ( 'NONE',  #4029 ) ;
#4730 = ORIENTED_EDGE ( 'NONE', *, *, #4382, .T. ) ;
#4731 = DIRECTION ( 'NONE',  ( -0.000000000000000000, -0.000000000000000000, -1.000000000000000000 ) ) ;
#4732 = ORIENTED_EDGE ( 'NONE', *, *, #586, .F. ) ;
#4733 = ADVANCED_FACE ( 'NONE', ( #4332, #2795, #2817, #4287, #979 ), #1739, .F. ) ;
#4734 = VECTOR ( 'NONE', #1230, 1000.000000000000000 ) ;
#4735 = ORIENTED_EDGE ( 'NONE', *, *, #1159, .F. ) ;
#4736 = FACE_BOUND ( 'NONE', #1754, .T. ) ;
#4737 = CARTESIAN_POINT ( 'NONE',  ( 18.80000000000003979, -105.2999999999999829, -1.000000000000002220 ) ) ;
#4738 = ADVANCED_FACE ( 'NONE', ( #1461 ), #340, .F. ) ;
#4739 = LINE ( 'NONE', #4765, #953 ) ;
#4740 = CIRCLE ( 'NONE', #765, 2.149999999999995470 ) ;
#4741 = ORIENTED_EDGE ( 'NONE', *, *, #4494, .T. ) ;
#4742 = ORIENTED_EDGE ( 'NONE', *, *, #2577, .F. ) ;
#4743 = CARTESIAN_POINT ( 'NONE',  ( -19.99999999999999645, -28.99999999999999645, -27.00000000000000000 ) ) ;
#4744 = CIRCLE ( 'NONE', #67, 2.150000000000002132 ) ;
#4745 = CARTESIAN_POINT ( 'NONE',  ( 18.80000000000003979, -46.69999999999996021, -8.849999999999981881 ) ) ;
#4746 = CARTESIAN_POINT ( 'NONE',  ( -19.99999999999999645, -80.99999999999998579, -27.00000000000000000 ) ) ;
#4747 = VECTOR ( 'NONE', #1827, 1000.000000000000000 ) ;
#4748 = ORIENTED_EDGE ( 'NONE', *, *, #4043, .T. ) ;
#4749 = ORIENTED_EDGE ( 'NONE', *, *, #730, .F. ) ;
#4750 = VECTOR ( 'NONE', #2677, 1000.000000000000000 ) ;
#4751 = FACE_BOUND ( 'NONE', #345, .T. ) ;
#4752 = DIRECTION ( 'NONE',  ( 0.000000000000000000, 1.000000000000000000, 4.180056568618783592E-15 ) ) ;
#4753 = EDGE_CURVE ( 'NONE', #1342, #3234, #761, .T. ) ;
#4754 = CARTESIAN_POINT ( 'NONE',  ( 17.00000000000003908, -46.69999999999996021, -10.84999999999994813 ) ) ;
#4755 = VERTEX_POINT ( 'NONE', #1856 ) ;
#4756 = CARTESIAN_POINT ( 'NONE',  ( 13.99999999999999645, 0.000000000000000000, 30.00000000000000000 ) ) ;
#4757 = DIRECTION ( 'NONE',  ( -0.000000000000000000, -0.000000000000000000, -1.000000000000000000 ) ) ;
#4758 = VERTEX_POINT ( 'NONE', #1812 ) ;
#4759 = CARTESIAN_POINT ( 'NONE',  ( 14.65000000000000036, -115.9999999999999858, -27.00000000000000000 ) ) ;
#4760 = EDGE_CURVE ( 'NONE', #119, #2003, #3324, .T. ) ;
#4761 = ORIENTED_EDGE ( 'NONE', *, *, #1843, .T. ) ;
#4762 = CARTESIAN_POINT ( 'NONE',  ( -0.2524699909896948036, 20.49696427085678252, 27.00000000000001066 ) ) ;
#4763 = DIRECTION ( 'NONE',  ( -0.000000000000000000, -0.000000000000000000, 1.000000000000000000 ) ) ;
#4764 = AXIS2_PLACEMENT_3D ( 'NONE', #217, #170, #607 ) ;
#4765 = CARTESIAN_POINT ( 'NONE',  ( -10.99999999999995737, -46.49999999999999289, -27.00000000000001066 ) ) ;
#4766 = ORIENTED_EDGE ( 'NONE', *, *, #4567, .F. ) ;
#4767 = ORIENTED_EDGE ( 'NONE', *, *, #1215, .F. ) ;
#4768 = DIRECTION ( 'NONE',  ( -0.000000000000000000, -0.000000000000000000, 1.000000000000000000 ) ) ;
#4769 = EDGE_CURVE ( 'NONE', #2129, #1737, #696, .T. ) ;
#4770 = DIRECTION ( 'NONE',  ( -0.000000000000000000, -0.000000000000000000, -1.000000000000000000 ) ) ;
#4771 = CARTESIAN_POINT ( 'NONE',  ( 7.000000000000000888, -102.0000000000000000, -30.00000000000000000 ) ) ;
#4772 = CIRCLE ( 'NONE', #482, 1.249999999999414690 ) ;
#4773 = ORIENTED_EDGE ( 'NONE', *, *, #699, .T. ) ;
#4774 = VERTEX_POINT ( 'NONE', #1125 ) ;
#4775 = CARTESIAN_POINT ( 'NONE',  ( 17.00000000000004974, -54.99999999999999289, 47.22374841615668828 ) ) ;
#4776 = ADVANCED_FACE ( 'NONE', ( #2180 ), #2251, .F. ) ;
#4777 = VECTOR ( 'NONE', #2615, 1000.000000000000000 ) ;
#4778 = CYLINDRICAL_SURFACE ( 'NONE', #1370, 1.649999999999999467 ) ;
#4779 = FACE_BOUND ( 'NONE', #3358, .T. ) ;
#4780 = CARTESIAN_POINT ( 'NONE',  ( 20.00000000000001066, 18.99999999999994671, -26.99999999999999645 ) ) ;
#4781 = VERTEX_POINT ( 'NONE', #2200 ) ;
#4782 = CARTESIAN_POINT ( 'NONE',  ( 0.000000000000000000, -97.00000000000000000, 30.00000000000000000 ) ) ;
#4783 = ORIENTED_EDGE ( 'NONE', *, *, #433, .T. ) ;
#4784 = VECTOR ( 'NONE', #4707, 1000.000000000000000 ) ;
#4785 = VERTEX_POINT ( 'NONE', #661 ) ;
#4786 = LINE ( 'NONE', #1428, #4063 ) ;
#4787 = CARTESIAN_POINT ( 'NONE',  ( 18.80000000000003979, -46.69999999999985363, -0.9999999999999861222 ) ) ;
#4788 = LINE ( 'NONE', #1040, #3455 ) ;
#4789 = CIRCLE ( 'NONE', #37, 2.150000000000002132 ) ;
#4790 = ADVANCED_FACE ( 'NONE', ( #2618 ), #1885, .F. ) ;
#4791 = EDGE_LOOP ( 'NONE', ( #1366, #2193 ) ) ;
#4792 = EDGE_LOOP ( 'NONE', ( #3987, #2892, #2389, #4180 ) ) ;
#4793 = DIRECTION ( 'NONE',  ( -1.000000000000000000, -0.000000000000000000, -0.000000000000000000 ) ) ;
#4794 = CARTESIAN_POINT ( 'NONE',  ( 11.49999999999999645, -19.00000000000000355, 30.00000000000000000 ) ) ;
#4795 = FACE_OUTER_BOUND ( 'NONE', #3600, .T. ) ;
#4796 = DIRECTION ( 'NONE',  ( -1.000000000000000000, -0.000000000000000000, -0.000000000000000000 ) ) ;
#4797 = ORIENTED_EDGE ( 'NONE', *, *, #3087, .F. ) ;
#4798 = ORIENTED_EDGE ( 'NONE', *, *, #4753, .F. ) ;
#4799 = CYLINDRICAL_SURFACE ( 'NONE', #377, 1.250000000000585754 ) ;
#4800 = CYLINDRICAL_SURFACE ( 'NONE', #2684, 2.149999999999999023 ) ;
#4801 = EDGE_CURVE ( 'NONE', #2082, #1679, #3009, .T. ) ;
#4802 = EDGE_LOOP ( 'NONE', ( #1966, #3016, #1091, #901, #384, #1123, #2324 ) ) ;
#4803 = CARTESIAN_POINT ( 'NONE',  ( 1.699999999999999956, 10.00000000000000533, -30.00000000000000000 ) ) ;
#4804 = LINE ( 'NONE', #1090, #3779 ) ;
#4805 = VERTEX_POINT ( 'NONE', #4509 ) ;
#4806 = CARTESIAN_POINT ( 'NONE',  ( 18.80000000000003979, -105.2999999999999972, 1.000000000000039080 ) ) ;
#4807 = CIRCLE ( 'NONE', #3637, 1.150000000000582778 ) ;
#4808 = ORIENTED_EDGE ( 'NONE', *, *, #1502, .F. ) ;
#4809 = CARTESIAN_POINT ( 'NONE',  ( -7.500000000000000888, -47.99999999999999289, -30.00000000000000000 ) ) ;
#4810 = CARTESIAN_POINT ( 'NONE',  ( 17.00000000000003908, -54.99999999999999289, 8.850000000000003197 ) ) ;
#4811 = DIRECTION ( 'NONE',  ( 1.000000000000000000, 0.000000000000000000, 0.000000000000000000 ) ) ;
#4812 = AXIS2_PLACEMENT_3D ( 'NONE', #3975, #1331, #4019 ) ;
#4813 = VERTEX_POINT ( 'NONE', #7 ) ;
#4814 = ORIENTED_EDGE ( 'NONE', *, *, #2514, .F. ) ;
#4815 = DIRECTION ( 'NONE',  ( -0.000000000000000000, 1.000000000000000000, -0.000000000000000000 ) ) ;
#4816 = ADVANCED_FACE ( 'NONE', ( #3745 ), #1074, .F. ) ;
#4817 = CARTESIAN_POINT ( 'NONE',  ( 20.00000000000000000, -100.2699999999999960, -4.924999999999998934 ) ) ;
#4818 = DIRECTION ( 'NONE',  ( 0.000000000000000000, 0.000000000000000000, -1.000000000000000000 ) ) ;
#4819 = VECTOR ( 'NONE', #2959, 1000.000000000000114 ) ;
#4820 = ORIENTED_EDGE ( 'NONE', *, *, #2265, .F. ) ;
#4821 = ORIENTED_EDGE ( 'NONE', *, *, #586, .T. ) ;
#4822 = DIRECTION ( 'NONE',  ( -0.000000000000000000, -0.000000000000000000, -1.000000000000000000 ) ) ;
#4823 = EDGE_CURVE ( 'NONE', #3724, #1321, #2540, .T. ) ;
#4824 = CARTESIAN_POINT ( 'NONE',  ( 20.00000000000000000, -100.2699999999999960, -14.77499999999999858 ) ) ;
#4825 = DIRECTION ( 'NONE',  ( -1.000000000000000000, 0.000000000000000000, 0.000000000000000000 ) ) ;
#4826 = AXIS2_PLACEMENT_3D ( 'NONE', #795, #2283, #375 ) ;
#4827 = VECTOR ( 'NONE', #3508, 999.9999999999998863 ) ;
#4828 = ADVANCED_FACE ( 'NONE', ( #3718 ), #4060, .F. ) ;
#4829 = AXIS2_PLACEMENT_3D ( 'NONE', #1688, #3159, #1297 ) ;
#4830 = EDGE_CURVE ( 'NONE', #490, #2897, #4291, .T. ) ;
#4831 = CARTESIAN_POINT ( 'NONE',  ( 10.00000000000000000, -50.84999999999999432, 7.074999999999997513 ) ) ;
#4832 = DIRECTION ( 'NONE',  ( -1.000000000000000000, -0.000000000000000000, -0.000000000000000000 ) ) ;
#4833 = LINE ( 'NONE', #2972, #138 ) ;
#4834 = CARTESIAN_POINT ( 'NONE',  ( -0.2524699909896948036, 20.49696427085678252, -30.00000000000000000 ) ) ;
#4835 = ORIENTED_EDGE ( 'NONE', *, *, #4704, .T. ) ;
#4836 = CARTESIAN_POINT ( 'NONE',  ( -16.49522956848936772, 9.603261442730490316, -27.00000000000000000 ) ) ;
ENDSEC;
END-ISO-10303-21;
