ISO-10303-21;
HEADER;
FILE_DESCRIPTION (( 'STEP AP214' ),
    '1' );
FILE_NAME ('ÐÂplat.STEP',
    '2026-04-23T02:35:55',
    ( '' ),
    ( '' ),
    'SwSTEP 2.0',
    'SolidWorks 2025',
    '' );
FILE_SCHEMA (( 'AUTOMOTIVE_DESIGN' ));
ENDSEC;

DATA;
#1 = DIRECTION ( 'NONE',  ( -0.000000000000000000, 1.000000000000000000, -0.000000000000000000 ) ) ;
#2 = ORIENTED_EDGE ( 'NONE', *, *, #4235, .F. ) ;
#3 = LINE ( 'NONE', #3191, #658 ) ;
#4 = ORIENTED_EDGE ( 'NONE', *, *, #1805, .T. ) ;
#5 = FACE_OUTER_BOUND ( 'NONE', #1687, .T. ) ;
#6 = DIRECTION ( 'NONE',  ( -1.000000000000000000, -0.000000000000000000, -0.000000000000000000 ) ) ;
#7 = CIRCLE ( 'NONE', #497, 2.250000000000000444 ) ;
#8 = DIRECTION ( 'NONE',  ( 0.000000000000000000, 1.000000000000000000, 0.000000000000000000 ) ) ;
#9 = FACE_BOUND ( 'NONE', #787, .T. ) ;
#10 = VERTEX_POINT ( 'NONE', #3236 ) ;
#11 = EDGE_CURVE ( 'NONE', #3968, #2669, #5049, .T. ) ;
#12 = ORIENTED_EDGE ( 'NONE', *, *, #2218, .F. ) ;
#13 = ORIENTED_EDGE ( 'NONE', *, *, #634, .T. ) ;
#14 = LINE ( 'NONE', #3597, #3193 ) ;
#15 = AXIS2_PLACEMENT_3D ( 'NONE', #1007, #2609, #612 ) ;
#16 = EDGE_CURVE ( 'NONE', #4827, #1428, #4676, .T. ) ;
#17 = DIRECTION ( 'NONE',  ( 0.000000000000000000, -1.000000000000000000, 0.000000000000000000 ) ) ;
#18 = AXIS2_PLACEMENT_3D ( 'NONE', #3374, #1702, #1278 ) ;
#19 = VERTEX_POINT ( 'NONE', #3501 ) ;
#20 = EDGE_LOOP ( 'NONE', ( #4325, #1891 ) ) ;
#21 = VERTEX_POINT ( 'NONE', #4652 ) ;
#22 = DIRECTION ( 'NONE',  ( 0.000000000000000000, 0.000000000000000000, 1.000000000000000000 ) ) ;
#23 = DIRECTION ( 'NONE',  ( 0.000000000000000000, 0.000000000000000000, 1.000000000000000000 ) ) ;
#24 = ADVANCED_FACE ( 'NONE', ( #3818 ), #1454, .F. ) ;
#25 = AXIS2_PLACEMENT_3D ( 'NONE', #1157, #4416, #2755 ) ;
#26 = DIRECTION ( 'NONE',  ( 0.000000000000000000, 0.000000000000000000, 1.000000000000000000 ) ) ;
#27 = CARTESIAN_POINT ( 'NONE',  ( 47.99999999999999289, -12.00000000000000000, -17.02499999999999858 ) ) ;
#28 = ORIENTED_EDGE ( 'NONE', *, *, #4529, .T. ) ;
#29 = ORIENTED_EDGE ( 'NONE', *, *, #2855, .F. ) ;
#30 = VECTOR ( 'NONE', #3172, 1000.000000000000000 ) ;
#31 = VECTOR ( 'NONE', #2753, 1000.000000000000000 ) ;
#32 = DIRECTION ( 'NONE',  ( 0.000000000000000000, 0.000000000000000000, -1.000000000000000000 ) ) ;
#33 = CYLINDRICAL_SURFACE ( 'NONE', #3745, 2.250000000000000444 ) ;
#34 = CIRCLE ( 'NONE', #3460, 1.700000000000000178 ) ;
#35 = VECTOR ( 'NONE', #904, 1000.000000000000000 ) ;
#36 = ORIENTED_EDGE ( 'NONE', *, *, #2922, .T. ) ;
#37 = CARTESIAN_POINT ( 'NONE',  ( 32.00000000000000000, -12.00000000000000000, -24.62499999999999645 ) ) ;
#38 = DIRECTION ( 'NONE',  ( 0.000000000000000000, 0.000000000000000000, -1.000000000000000000 ) ) ;
#39 = AXIS2_PLACEMENT_3D ( 'NONE', #1307, #4564, #2909 ) ;
#40 = LINE ( 'NONE', #2408, #31 ) ;
#41 = DIRECTION ( 'NONE',  ( 0.000000000000000000, 0.000000000000000000, 1.000000000000000000 ) ) ;
#42 = EDGE_LOOP ( 'NONE', ( #3527, #1831, #2914, #3804 ) ) ;
#43 = EDGE_LOOP ( 'NONE', ( #2020, #2751, #2305, #2821 ) ) ;
#44 = DIRECTION ( 'NONE',  ( -1.000000000000000000, 0.000000000000000000, 5.551115123125785858E-15 ) ) ;
#45 = DIRECTION ( 'NONE',  ( 0.000000000000000000, -1.000000000000000000, 0.000000000000000000 ) ) ;
#46 = ORIENTED_EDGE ( 'NONE', *, *, #2761, .T. ) ;
#47 = DIRECTION ( 'NONE',  ( 1.000000000000000000, 0.000000000000000000, -0.000000000000000000 ) ) ;
#48 = DIRECTION ( 'NONE',  ( 0.000000000000000000, 1.000000000000000000, 0.000000000000000000 ) ) ;
#49 = CYLINDRICAL_SURFACE ( 'NONE', #308, 2.249999999999999556 ) ;
#50 = EDGE_CURVE ( 'NONE', #1821, #894, #202, .T. ) ;
#51 = CARTESIAN_POINT ( 'NONE',  ( 37.00000000000000000, 0.000000000000000000, -49.99999999999994316 ) ) ;
#52 = EDGE_CURVE ( 'NONE', #338, #351, #2513, .T. ) ;
#53 = ADVANCED_FACE ( 'NONE', ( #1789 ), #977, .F. ) ;
#54 = ORIENTED_EDGE ( 'NONE', *, *, #3569, .T. ) ;
#55 = CARTESIAN_POINT ( 'NONE',  ( 32.00000000000000000, -12.00000000000000000, 14.77499999999999858 ) ) ;
#56 = FACE_OUTER_BOUND ( 'NONE', #3873, .T. ) ;
#57 = ORIENTED_EDGE ( 'NONE', *, *, #1321, .F. ) ;
#58 = EDGE_CURVE ( 'NONE', #2445, #1434, #5061, .T. ) ;
#59 = DIRECTION ( 'NONE',  ( -1.000000000000000000, -0.000000000000000000, -0.000000000000000000 ) ) ;
#60 = FACE_OUTER_BOUND ( 'NONE', #1802, .T. ) ;
#61 = CARTESIAN_POINT ( 'NONE',  ( 47.99999999999999289, -61.42000000000000171, -7.174999999999485567 ) ) ;
#62 = AXIS2_PLACEMENT_3D ( 'NONE', #3032, #1412, #4250 ) ;
#63 = DIRECTION ( 'NONE',  ( 0.000000000000000000, 0.000000000000000000, -1.000000000000000000 ) ) ;
#64 = EDGE_LOOP ( 'NONE', ( #1470, #4866 ) ) ;
#65 = DIRECTION ( 'NONE',  ( 0.000000000000000000, 0.000000000000000000, 1.000000000000000000 ) ) ;
#66 = AXIS2_PLACEMENT_3D ( 'NONE', #1757, #4625, #1839 ) ;
#67 = CARTESIAN_POINT ( 'NONE',  ( 32.00000000000000000, 0.000000000000000000, -49.99999999999997158 ) ) ;
#68 = ORIENTED_EDGE ( 'NONE', *, *, #2215, .T. ) ;
#69 = FACE_OUTER_BOUND ( 'NONE', #1711, .T. ) ;
#70 = DIRECTION ( 'NONE',  ( 0.000000000000000000, 0.000000000000000000, -1.000000000000000000 ) ) ;
#71 = LINE ( 'NONE', #99, #2311 ) ;
#72 = CARTESIAN_POINT ( 'NONE',  ( -20.00000000000000000, -81.99999999999998579, -14.99999999999999645 ) ) ;
#73 = ORIENTED_EDGE ( 'NONE', *, *, #4971, .F. ) ;
#74 = CIRCLE ( 'NONE', #2158, 1.700000000000000178 ) ;
#75 = VECTOR ( 'NONE', #2213, 1000.000000000000000 ) ;
#76 = EDGE_CURVE ( 'NONE', #2003, #19, #3041, .T. ) ;
#77 = CARTESIAN_POINT ( 'NONE',  ( -27.75000000000000000, -22.00000000000000355, 52.79999999999999005 ) ) ;
#78 = EDGE_CURVE ( 'NONE', #1305, #3867, #868, .T. ) ;
#79 = CARTESIAN_POINT ( 'NONE',  ( 0.000000000000000000, -75.00000000000000000, 0.000000000000000000 ) ) ;
#80 = VECTOR ( 'NONE', #3353, 1000.000000000000000 ) ;
#81 = ORIENTED_EDGE ( 'NONE', *, *, #2515, .F. ) ;
#82 = DIRECTION ( 'NONE',  ( -1.000000000000000000, -0.000000000000000000, -0.000000000000000000 ) ) ;
#83 = AXIS2_PLACEMENT_3D ( 'NONE', #771, #3986, #2371 ) ;
#84 = DIRECTION ( 'NONE',  ( -1.000000000000000000, 0.000000000000000000, -0.000000000000000000 ) ) ;
#85 = ADVANCED_FACE ( 'NONE', ( #226 ), #2261, .F. ) ;
#86 = CARTESIAN_POINT ( 'NONE',  ( -12.50000000000000355, 0.000000000000000000, 15.00000000000000000 ) ) ;
#87 = CARTESIAN_POINT ( 'NONE',  ( -27.75000000000000000, 3.000000000000000000, -56.19999999999999574 ) ) ;
#88 = VERTEX_POINT ( 'NONE', #5019 ) ;
#89 = VERTEX_POINT ( 'NONE', #2236 ) ;
#90 = ORIENTED_EDGE ( 'NONE', *, *, #3659, .F. ) ;
#91 = DIRECTION ( 'NONE',  ( 0.000000000000000000, 0.000000000000000000, 1.000000000000000000 ) ) ;
#92 = CYLINDRICAL_SURFACE ( 'NONE', #4761, 2.250000000000000444 ) ;
#93 = CARTESIAN_POINT ( 'NONE',  ( 32.00000000000000000, -7.999999999999979572, -49.99999999999995737 ) ) ;
#94 = ORIENTED_EDGE ( 'NONE', *, *, #874, .F. ) ;
#95 = ORIENTED_EDGE ( 'NONE', *, *, #4020, .T. ) ;
#96 = VECTOR ( 'NONE', #59, 1000.000000000000000 ) ;
#97 = CARTESIAN_POINT ( 'NONE',  ( -37.00000000000000000, -64.99999999999998579, 50.00000000000006395 ) ) ;
#98 = DIRECTION ( 'NONE',  ( 0.000000000000000000, 0.000000000000000000, -1.000000000000000000 ) ) ;
#99 = CARTESIAN_POINT ( 'NONE',  ( -12.50000000000000355, -80.00000000000001421, 13.29999999999999893 ) ) ;
#100 = VECTOR ( 'NONE', #2075, 1000.000000000000000 ) ;
#101 = DIRECTION ( 'NONE',  ( 0.000000000000000000, 0.000000000000000000, 1.000000000000000000 ) ) ;
#102 = ORIENTED_EDGE ( 'NONE', *, *, #1373, .T. ) ;
#103 = CIRCLE ( 'NONE', #4376, 2.300000000000010481 ) ;
#104 = FACE_OUTER_BOUND ( 'NONE', #2344, .T. ) ;
#105 = AXIS2_PLACEMENT_3D ( 'NONE', #826, #2802, #4348 ) ;
#106 = EDGE_CURVE ( 'NONE', #3571, #1092, #1036, .T. ) ;
#107 = DIRECTION ( 'NONE',  ( -1.000000000000000000, 0.000000000000000000, -5.551115123125785858E-15 ) ) ;
#108 = FACE_BOUND ( 'NONE', #2705, .T. ) ;
#109 = AXIS2_PLACEMENT_3D ( 'NONE', #3059, #2335, #3445 ) ;
#110 = DIRECTION ( 'NONE',  ( 0.000000000000000000, 0.000000000000000000, 1.000000000000000000 ) ) ;
#111 = ADVANCED_FACE ( 'NONE', ( #1479 ), #4287, .F. ) ;
#112 = CARTESIAN_POINT ( 'NONE',  ( 67.99999999999997158, -51.00000000000000711, 43.70000000000003126 ) ) ;
#113 = EDGE_CURVE ( 'NONE', #2475, #3333, #1396, .T. ) ;
#114 = ORIENTED_EDGE ( 'NONE', *, *, #3790, .T. ) ;
#115 = ADVANCED_FACE ( 'NONE', ( #4233 ), #3391, .F. ) ;
#116 = DIRECTION ( 'NONE',  ( 1.000000000000000000, 0.000000000000000000, -0.000000000000000000 ) ) ;
#117 = EDGE_LOOP ( 'NONE', ( #2387, #4765, #3784, #3785 ) ) ;
#118 = AXIS2_PLACEMENT_3D ( 'NONE', #1913, #3833, #319 ) ;
#119 = CARTESIAN_POINT ( 'NONE',  ( 37.00000000000000000, -74.99999999999990052, -40.00000000000006395 ) ) ;
#120 = CARTESIAN_POINT ( 'NONE',  ( 37.00000000000000000, -12.00000000000000000, -2.674999999999999822 ) ) ;
#121 = DIRECTION ( 'NONE',  ( 0.000000000000000000, 0.000000000000000000, 1.000000000000000000 ) ) ;
#122 = ORIENTED_EDGE ( 'NONE', *, *, #1422, .T. ) ;
#123 = ORIENTED_EDGE ( 'NONE', *, *, #3898, .F. ) ;
#124 = DIRECTION ( 'NONE',  ( 0.000000000000000000, 0.000000000000000000, 1.000000000000000000 ) ) ;
#125 = CARTESIAN_POINT ( 'NONE',  ( 43.99999999999975131, 10.00000000000000000, 28.19999999999998863 ) ) ;
#126 = DIRECTION ( 'NONE',  ( 1.000000000000000000, 0.000000000000000000, 0.000000000000000000 ) ) ;
#127 = ORIENTED_EDGE ( 'NONE', *, *, #4682, .F. ) ;
#128 = AXIS2_PLACEMENT_3D ( 'NONE', #4259, #3418, #655 ) ;
#129 = CARTESIAN_POINT ( 'NONE',  ( 46.00000000000002132, -12.00000000000000000, -24.62499999999999645 ) ) ;
#130 = DIRECTION ( 'NONE',  ( 1.000000000000000000, 0.000000000000000000, -0.000000000000000000 ) ) ;
#131 = LINE ( 'NONE', #4900, #4789 ) ;
#132 = EDGE_LOOP ( 'NONE', ( #384, #4897 ) ) ;
#133 = EDGE_LOOP ( 'NONE', ( #4132, #2068, #3682, #5175 ) ) ;
#134 = FACE_BOUND ( 'NONE', #1528, .T. ) ;
#135 = ORIENTED_EDGE ( 'NONE', *, *, #2597, .F. ) ;
#136 = DIRECTION ( 'NONE',  ( 0.000000000000000000, -1.000000000000000000, 0.000000000000000000 ) ) ;
#137 = EDGE_CURVE ( 'NONE', #2748, #1788, #4211, .T. ) ;
#138 = ADVANCED_FACE ( 'NONE', ( #1816 ), #1423, .F. ) ;
#139 = FILL_AREA_STYLE_COLOUR ( '', #274 ) ;
#140 = EDGE_CURVE ( 'NONE', #4183, #850, #766, .T. ) ;
#141 = DIRECTION ( 'NONE',  ( -1.000000000000000000, -0.000000000000000000, -0.000000000000000000 ) ) ;
#142 = ORIENTED_EDGE ( 'NONE', *, *, #3820, .T. ) ;
#143 = VERTEX_POINT ( 'NONE', #2817 ) ;
#144 = AXIS2_PLACEMENT_3D ( 'NONE', #1186, #3999, #4330 ) ;
#145 = CARTESIAN_POINT ( 'NONE',  ( 27.75000000000000000, 0.000000000000000000, 33.99999999999999289 ) ) ;
#146 = CARTESIAN_POINT ( 'NONE',  ( 37.00000000000000000, -61.42000000000001592, -26.77499999999999503 ) ) ;
#147 = EDGE_CURVE ( 'NONE', #1405, #4548, #3246, .T. ) ;
#148 = DIRECTION ( 'NONE',  ( -0.000000000000000000, -1.000000000000000000, -0.000000000000000000 ) ) ;
#149 = VERTEX_POINT ( 'NONE', #2315 ) ;
#150 = CARTESIAN_POINT ( 'NONE',  ( 46.00000000000002132, -61.42000000000001592, -24.62499999999999645 ) ) ;
#151 = DIRECTION ( 'NONE',  ( -1.000000000000000000, -0.000000000000000000, -0.000000000000000000 ) ) ;
#152 = AXIS2_PLACEMENT_3D ( 'NONE', #1761, #4968, #1368 ) ;
#153 = DIRECTION ( 'NONE',  ( -0.000000000000000000, 0.000000000000000000, -1.000000000000000000 ) ) ;
#154 = CIRCLE ( 'NONE', #3070, 1.700000000000000178 ) ;
#155 = DIRECTION ( 'NONE',  ( 0.000000000000000000, 0.000000000000000000, 1.000000000000000000 ) ) ;
#156 = ORIENTED_EDGE ( 'NONE', *, *, #4942, .T. ) ;
#157 = VERTEX_POINT ( 'NONE', #3924 ) ;
#158 = ORIENTED_EDGE ( 'NONE', *, *, #5001, .T. ) ;
#159 = CARTESIAN_POINT ( 'NONE',  ( -37.00000000000000000, -75.00000000000000000, -49.99999999999994316 ) ) ;
#160 = ORIENTED_EDGE ( 'NONE', *, *, #4024, .F. ) ;
#161 = DIRECTION ( 'NONE',  ( 1.000000000000000000, 0.000000000000000000, -5.551115123125785858E-15 ) ) ;
#162 = DIRECTION ( 'NONE',  ( 0.000000000000000000, 0.000000000000000000, 1.000000000000000000 ) ) ;
#163 = SURFACE_STYLE_USAGE ( .BOTH. , #2936 ) ;
#164 = LINE ( 'NONE', #4596, #80 ) ;
#165 = CYLINDRICAL_SURFACE ( 'NONE', #2448, 1.700000000000000178 ) ;
#166 = ORIENTED_EDGE ( 'NONE', *, *, #4877, .F. ) ;
#167 = ORIENTED_EDGE ( 'NONE', *, *, #2895, .F. ) ;
#168 = EDGE_CURVE ( 'NONE', #4752, #3830, #1425, .T. ) ;
#169 = CARTESIAN_POINT ( 'NONE',  ( 32.00000000000000000, -12.00000000000000000, 4.924999999999999822 ) ) ;
#170 = FACE_OUTER_BOUND ( 'NONE', #889, .T. ) ;
#171 = CARTESIAN_POINT ( 'NONE',  ( -31.99999999999999289, -61.41999999999998749, -12.52499999999999680 ) ) ;
#172 = AXIS2_PLACEMENT_3D ( 'NONE', #2404, #417, #3619 ) ;
#173 = ORIENTED_EDGE ( 'NONE', *, *, #3112, .T. ) ;
#174 = DIRECTION ( 'NONE',  ( -1.000000000000000000, -0.000000000000000000, -0.000000000000000000 ) ) ;
#175 = EDGE_CURVE ( 'NONE', #3403, #4183, #2339, .T. ) ;
#176 = DIRECTION ( 'NONE',  ( -1.000000000000000000, -0.000000000000000000, -0.000000000000000000 ) ) ;
#177 = VECTOR ( 'NONE', #1663, 1000.000000000000000 ) ;
#178 = VECTOR ( 'NONE', #3773, 1000.000000000000000 ) ;
#179 = FACE_OUTER_BOUND ( 'NONE', #2391, .T. ) ;
#180 = AXIS2_PLACEMENT_3D ( 'NONE', #982, #3746, #2542 ) ;
#181 = CARTESIAN_POINT ( 'NONE',  ( -32.00000000000000000, -33.50000000000000000, 46.00000000000004263 ) ) ;
#182 = ORIENTED_EDGE ( 'NONE', *, *, #11, .F. ) ;
#183 = ORIENTED_EDGE ( 'NONE', *, *, #3473, .F. ) ;
#184 = PLANE ( 'NONE',  #4939 ) ;
#185 = ORIENTED_EDGE ( 'NONE', *, *, #3303, .F. ) ;
#186 = DIRECTION ( 'NONE',  ( 0.000000000000000000, 0.000000000000000000, 1.000000000000000000 ) ) ;
#187 = AXIS2_PLACEMENT_3D ( 'NONE', #3036, #301, #1892 ) ;
#188 = VECTOR ( 'NONE', #1044, 1000.000000000000000 ) ;
#189 = DIRECTION ( 'NONE',  ( -1.000000000000000000, 0.000000000000000000, 0.000000000000000000 ) ) ;
#190 = CARTESIAN_POINT ( 'NONE',  ( 32.00000000000000000, -12.00000000000000000, 17.02499999999999858 ) ) ;
#191 = DIRECTION ( 'NONE',  ( -0.000000000000000000, -1.000000000000000000, -0.000000000000000000 ) ) ;
#192 = CIRCLE ( 'NONE', #3798, 1.700000000000000178 ) ;
#193 = AXIS2_PLACEMENT_3D ( 'NONE', #4593, #892, #1383 ) ;
#194 = DIRECTION ( 'NONE',  ( 0.000000000000000000, 0.000000000000000000, 1.000000000000000000 ) ) ;
#195 = ORIENTED_EDGE ( 'NONE', *, *, #3659, .T. ) ;
#196 = ORIENTED_EDGE ( 'NONE', *, *, #4745, .T. ) ;
#197 = DIRECTION ( 'NONE',  ( 0.000000000000000000, 0.000000000000000000, 1.000000000000000000 ) ) ;
#198 = CARTESIAN_POINT ( 'NONE',  ( 27.75000000000000000, 0.000000000000000000, -35.69999999999999574 ) ) ;
#199 = AXIS2_PLACEMENT_3D ( 'NONE', #1118, #256, #4681 ) ;
#200 = CARTESIAN_POINT ( 'NONE',  ( -31.99999999999999289, -12.00000000000000000, -39.62499999999999289 ) ) ;
#201 = EDGE_LOOP ( 'NONE', ( #4300, #94, #1107, #1190 ) ) ;
#202 = LINE ( 'NONE', #282, #4365 ) ;
#203 = FACE_OUTER_BOUND ( 'NONE', #1311, .T. ) ;
#204 = EDGE_CURVE ( 'NONE', #3488, #4238, #2771, .T. ) ;
#205 = EDGE_CURVE ( 'NONE', #670, #4324, #504, .T. ) ;
#206 = LINE ( 'NONE', #1008, #3417 ) ;
#207 = EDGE_CURVE ( 'NONE', #2012, #773, #3440, .T. ) ;
#208 = DIRECTION ( 'NONE',  ( 0.000000000000000000, 0.000000000000000000, 1.000000000000000000 ) ) ;
#209 = DIRECTION ( 'NONE',  ( 0.000000000000000000, 0.000000000000000000, 1.000000000000000000 ) ) ;
#210 = EDGE_CURVE ( 'NONE', #3634, #5176, #305, .T. ) ;
#211 = ORIENTED_EDGE ( 'NONE', *, *, #3424, .T. ) ;
#212 = ORIENTED_EDGE ( 'NONE', *, *, #205, .F. ) ;
#213 = CARTESIAN_POINT ( 'NONE',  ( -31.99999999999999289, -12.00000000000000000, -14.77499999999999858 ) ) ;
#214 = EDGE_LOOP ( 'NONE', ( #1250, #1884, #1013, #3071 ) ) ;
#215 = DIRECTION ( 'NONE',  ( -0.000000000000000000, 1.000000000000000000, -0.000000000000000000 ) ) ;
#216 = LINE ( 'NONE', #621, #3022 ) ;
#217 = PRODUCT_DEFINITION_CONTEXT ( 'detailed design', #774, 'design' ) ;
#218 = DIRECTION ( 'NONE',  ( 1.000000000000000000, 0.000000000000000000, -0.000000000000000000 ) ) ;
#219 = VERTEX_POINT ( 'NONE', #4373 ) ;
#220 = VERTEX_POINT ( 'NONE', #1535 ) ;
#221 = CARTESIAN_POINT ( 'NONE',  ( 47.99999999999999289, -61.41999999999998749, -14.77499999999999858 ) ) ;
#222 = CARTESIAN_POINT ( 'NONE',  ( 27.75000000000000000, 0.000000000000000000, -54.49999999999999289 ) ) ;
#223 = DIRECTION ( 'NONE',  ( -1.000000000000000000, -0.000000000000000000, -0.000000000000000000 ) ) ;
#224 = AXIS2_PLACEMENT_3D ( 'NONE', #1451, #4521, #3013 ) ;
#225 = ORIENTED_EDGE ( 'NONE', *, *, #2376, .T. ) ;
#226 = FACE_OUTER_BOUND ( 'NONE', #286, .T. ) ;
#227 = CARTESIAN_POINT ( 'NONE',  ( 27.75000000000000000, 0.000000000000000000, -52.79999999999999005 ) ) ;
#228 = AXIS2_PLACEMENT_3D ( 'NONE', #1447, #971, #2576 ) ;
#229 = CARTESIAN_POINT ( 'NONE',  ( 46.00000000000002132, -61.42000000000001592, -24.62499999999999645 ) ) ;
#230 = EDGE_CURVE ( 'NONE', #1376, #3838, #4704, .T. ) ;
#231 = EDGE_CURVE ( 'NONE', #1181, #1627, #7, .T. ) ;
#232 = CARTESIAN_POINT ( 'NONE',  ( 47.99999999999999289, -12.00000000000000000, -12.52499999999999858 ) ) ;
#233 = CIRCLE ( 'NONE', #898, 2.149999999999999023 ) ;
#234 = LINE ( 'NONE', #5111, #2182 ) ;
#235 = ORIENTED_EDGE ( 'NONE', *, *, #2345, .T. ) ;
#236 = ORIENTED_EDGE ( 'NONE', *, *, #1087, .T. ) ;
#237 = LINE ( 'NONE', #3831, #1593 ) ;
#238 = VECTOR ( 'NONE', #1942, 1000.000000000000000 ) ;
#239 = CYLINDRICAL_SURFACE ( 'NONE', #284, 2.300000000000010481 ) ;
#240 = EDGE_CURVE ( 'NONE', #2241, #2012, #1587, .T. ) ;
#241 = AXIS2_PLACEMENT_3D ( 'NONE', #1641, #4011, #2843 ) ;
#242 = CARTESIAN_POINT ( 'NONE',  ( -32.00000000000000000, -75.00000000000000000, 50.00000000000003553 ) ) ;
#243 = DIRECTION ( 'NONE',  ( 1.000000000000000000, 0.000000000000000000, 5.551115123125785858E-15 ) ) ;
#244 = ORIENTED_EDGE ( 'NONE', *, *, #714, .F. ) ;
#245 = ORIENTED_EDGE ( 'NONE', *, *, #11, .T. ) ;
#246 = DIRECTION ( 'NONE',  ( -0.000000000000000000, 1.000000000000000000, -0.000000000000000000 ) ) ;
#247 = CARTESIAN_POINT ( 'NONE',  ( -31.99999999999999289, -61.42000000000000171, -4.924999999999485567 ) ) ;
#248 = DIRECTION ( 'NONE',  ( -1.000000000000000000, -0.000000000000000000, -0.000000000000000000 ) ) ;
#249 = ORIENTED_EDGE ( 'NONE', *, *, #4974, .F. ) ;
#250 = DIRECTION ( 'NONE',  ( -0.000000000000000000, 1.000000000000000000, -0.000000000000000000 ) ) ;
#251 = CARTESIAN_POINT ( 'NONE',  ( 47.99999999999999289, -12.00000000000000000, 14.77499999999999858 ) ) ;
#252 = VECTOR ( 'NONE', #386, 1000.000000000000000 ) ;
#253 = CARTESIAN_POINT ( 'NONE',  ( 44.00000000000000711, 0.000000000000000000, -48.79999999999999005 ) ) ;
#254 = VERTEX_POINT ( 'NONE', #1139 ) ;
#255 = AXIS2_PLACEMENT_3D ( 'NONE', #3514, #3402, #5113 ) ;
#256 = DIRECTION ( 'NONE',  ( -1.000000000000000000, 0.000000000000000000, 0.000000000000000000 ) ) ;
#257 = AXIS2_PLACEMENT_3D ( 'NONE', #2989, #1081, #686 ) ;
#258 = AXIS2_PLACEMENT_3D ( 'NONE', #5183, #4009, #3207 ) ;
#259 = CARTESIAN_POINT ( 'NONE',  ( 47.99999999999999289, -61.41999999999998749, -17.02499999999999858 ) ) ;
#260 = ORIENTED_EDGE ( 'NONE', *, *, #3926, .F. ) ;
#261 = LINE ( 'NONE', #316, #4186 ) ;
#262 = ORIENTED_EDGE ( 'NONE', *, *, #579, .T. ) ;
#263 = DIRECTION ( 'NONE',  ( 0.000000000000000000, 0.000000000000000000, -1.000000000000000000 ) ) ;
#264 = CIRCLE ( 'NONE', #4280, 1.700000000000000178 ) ;
#265 = EDGE_CURVE ( 'NONE', #574, #5002, #2763, .T. ) ;
#266 = CARTESIAN_POINT ( 'NONE',  ( -31.99999999999999289, -12.00000000000000000, 4.924999999999999822 ) ) ;
#267 = EDGE_CURVE ( 'NONE', #2224, #1591, #2085, .T. ) ;
#268 = LINE ( 'NONE', #5149, #3249 ) ;
#269 = EDGE_CURVE ( 'NONE', #3602, #773, #3954, .T. ) ;
#270 = DIRECTION ( 'NONE',  ( 0.000000000000000000, 0.000000000000000000, 1.000000000000000000 ) ) ;
#271 = AXIS2_PLACEMENT_3D ( 'NONE', #2861, #1259, #4468 ) ;
#272 = EDGE_LOOP ( 'NONE', ( #4025, #4726 ) ) ;
#273 = EDGE_LOOP ( 'NONE', ( #4292, #236 ) ) ;
#274 = COLOUR_RGB ( '',0.7921568627450980005, 0.8196078431372548767, 0.9333333333333333481 ) ;
#275 = FACE_OUTER_BOUND ( 'NONE', #2659, .T. ) ;
#276 = DIRECTION ( 'NONE',  ( -1.000000000000000000, -0.000000000000000000, -0.000000000000000000 ) ) ;
#277 = VECTOR ( 'NONE', #4421, 1000.000000000000000 ) ;
#278 = VECTOR ( 'NONE', #2132, 1000.000000000000000 ) ;
#279 = DIRECTION ( 'NONE',  ( -0.000000000000000000, 1.000000000000000000, -0.000000000000000000 ) ) ;
#280 = VERTEX_POINT ( 'NONE', #2737 ) ;
#281 = EDGE_CURVE ( 'NONE', #3564, #2351, #439, .T. ) ;
#282 = CARTESIAN_POINT ( 'NONE',  ( 44.00000000000000711, 10.00000000000000000, 48.79999999999999005 ) ) ;
#283 = LINE ( 'NONE', #1172, #4782 ) ;
#284 = AXIS2_PLACEMENT_3D ( 'NONE', #4849, #1599, #3165 ) ;
#285 = FACE_OUTER_BOUND ( 'NONE', #1613, .T. ) ;
#286 = EDGE_LOOP ( 'NONE', ( #690, #1264, #2801, #2294 ) ) ;
#287 = DIRECTION ( 'NONE',  ( 0.000000000000000000, -1.000000000000000000, 0.000000000000000000 ) ) ;
#288 = DIRECTION ( 'NONE',  ( 1.000000000000000000, 0.000000000000000000, -0.000000000000000000 ) ) ;
#289 = ORIENTED_EDGE ( 'NONE', *, *, #3770, .T. ) ;
#290 = LINE ( 'NONE', #696, #4032 ) ;
#291 = ORIENTED_EDGE ( 'NONE', *, *, #1794, .F. ) ;
#292 = ORIENTED_EDGE ( 'NONE', *, *, #1957, .T. ) ;
#293 = DIRECTION ( 'NONE',  ( 0.000000000000000000, 0.000000000000000000, 1.000000000000000000 ) ) ;
#294 = DIRECTION ( 'NONE',  ( 0.000000000000000000, 0.000000000000000000, 1.000000000000000000 ) ) ;
#295 = DIRECTION ( 'NONE',  ( 0.000000000000000000, 0.000000000000000000, -1.000000000000000000 ) ) ;
#296 = PLANE ( 'NONE',  #628 ) ;
#297 = VERTEX_POINT ( 'NONE', #1924 ) ;
#298 = ADVANCED_FACE ( 'NONE', ( #737 ), #4426, .F. ) ;
#299 = ORIENTED_EDGE ( 'NONE', *, *, #4054, .F. ) ;
#300 = VERTEX_POINT ( 'NONE', #359 ) ;
#301 = DIRECTION ( 'NONE',  ( -1.000000000000000000, -0.000000000000000000, -0.000000000000000000 ) ) ;
#302 = ADVANCED_FACE ( 'NONE', ( #5158 ), #1560, .F. ) ;
#303 = CARTESIAN_POINT ( 'NONE',  ( -31.99999999999999289, -12.00000000000000000, -41.77499999999999147 ) ) ;
#304 = VERTEX_POINT ( 'NONE', #2498 ) ;
#305 = LINE ( 'NONE', #3984, #4107 ) ;
#306 = DIRECTION ( 'NONE',  ( -1.000000000000000000, 0.000000000000000000, 0.000000000000000000 ) ) ;
#307 = EDGE_CURVE ( 'NONE', #4784, #1022, #3230, .T. ) ;
#308 = AXIS2_PLACEMENT_3D ( 'NONE', #2449, #899, #4062 ) ;
#309 = DIRECTION ( 'NONE',  ( 0.000000000000000000, 0.000000000000000000, 1.000000000000000000 ) ) ;
#310 = ORIENTED_EDGE ( 'NONE', *, *, #58, .T. ) ;
#311 = AXIS2_PLACEMENT_3D ( 'NONE', #1637, #1242, #3657 ) ;
#312 = CARTESIAN_POINT ( 'NONE',  ( 27.75000000000000000, 3.000000000000000000, 52.79999999999999005 ) ) ;
#313 = CARTESIAN_POINT ( 'NONE',  ( -27.75000000000000000, 0.000000000000000000, -56.19999999999999574 ) ) ;
#314 = DIRECTION ( 'NONE',  ( 0.000000000000000000, -1.000000000000000000, 0.000000000000000000 ) ) ;
#315 = VERTEX_POINT ( 'NONE', #1730 ) ;
#316 = CARTESIAN_POINT ( 'NONE',  ( 30.00000000000000355, 3.000000000000000000, -14.99999999999999645 ) ) ;
#317 = ORIENTED_EDGE ( 'NONE', *, *, #337, .T. ) ;
#318 = ORIENTED_EDGE ( 'NONE', *, *, #1861, .T. ) ;
#319 = DIRECTION ( 'NONE',  ( 0.000000000000000000, 0.000000000000000000, -1.000000000000000000 ) ) ;
#320 = CARTESIAN_POINT ( 'NONE',  ( -27.75000000000000000, 3.000000000000000000, -35.69999999999999574 ) ) ;
#321 = CARTESIAN_POINT ( 'NONE',  ( -37.00000000000000000, -12.00000000000000000, 17.02499999999999858 ) ) ;
#322 = AXIS2_PLACEMENT_3D ( 'NONE', #1842, #3124, #684 ) ;
#323 = VERTEX_POINT ( 'NONE', #845 ) ;
#324 = VERTEX_POINT ( 'NONE', #1689 ) ;
#325 = ORIENTED_EDGE ( 'NONE', *, *, #2541, .T. ) ;
#326 = CARTESIAN_POINT ( 'NONE',  ( -12.50000000000000355, -80.00000000000001421, 15.00000000000000000 ) ) ;
#327 = AXIS2_PLACEMENT_3D ( 'NONE', #2647, #3915, #4329 ) ;
#328 = CARTESIAN_POINT ( 'NONE',  ( 0.000000000000000000, -75.00000000000000000, 0.000000000000000000 ) ) ;
#329 = EDGE_CURVE ( 'NONE', #869, #4791, #4835, .T. ) ;
#330 = VERTEX_POINT ( 'NONE', #1265 ) ;
#331 = VECTOR ( 'NONE', #1034, 1000.000000000000000 ) ;
#332 = DIRECTION ( 'NONE',  ( 0.000000000000000000, -1.000000000000000000, 0.000000000000000000 ) ) ;
#333 = CARTESIAN_POINT ( 'NONE',  ( -31.99999999999999289, -16.00000000000000000, 20.00000000000000355 ) ) ;
#334 = EDGE_CURVE ( 'NONE', #300, #1075, #3064, .T. ) ;
#335 = CARTESIAN_POINT ( 'NONE',  ( 37.00000000000000000, -12.00000000000000000, 7.174999999999998934 ) ) ;
#336 = EDGE_CURVE ( 'NONE', #1788, #1553, #872, .T. ) ;
#337 = EDGE_CURVE ( 'NONE', #2547, #741, #1319, .T. ) ;
#338 = VERTEX_POINT ( 'NONE', #2892 ) ;
#339 = DIRECTION ( 'NONE',  ( 1.000000000000000000, 0.000000000000000000, 5.551115123125785858E-15 ) ) ;
#340 = CARTESIAN_POINT ( 'NONE',  ( 12.49999999999999645, 0.000000000000000000, -15.00000000000000355 ) ) ;
#341 = CIRCLE ( 'NONE', #172, 1.700000000000000178 ) ;
#342 = EDGE_LOOP ( 'NONE', ( #3256, #4933, #2206, #2044 ) ) ;
#343 = ADVANCED_FACE ( 'NONE', ( #4862 ), #924, .F. ) ;
#344 = CARTESIAN_POINT ( 'NONE',  ( 37.00000000000000000, -75.00000000000000000, 50.00000000000006395 ) ) ;
#345 = ORIENTED_EDGE ( 'NONE', *, *, #3632, .T. ) ;
#346 = ORIENTED_EDGE ( 'NONE', *, *, #3598, .F. ) ;
#347 = DIRECTION ( 'NONE',  ( -1.000000000000000000, -0.000000000000000000, -0.000000000000000000 ) ) ;
#348 = AXIS2_PLACEMENT_3D ( 'NONE', #767, #1082, #2370 ) ;
#349 = CARTESIAN_POINT ( 'NONE',  ( -27.75000000000000000, -22.00000000000000355, -56.19999999999999574 ) ) ;
#350 = CARTESIAN_POINT ( 'NONE',  ( 67.99999999999997158, -16.00000000000000000, 43.70000000000004547 ) ) ;
#351 = VERTEX_POINT ( 'NONE', #145 ) ;
#352 = ORIENTED_EDGE ( 'NONE', *, *, #2632, .F. ) ;
#353 = VECTOR ( 'NONE', #2995, 1000.000000000000000 ) ;
#354 = VERTEX_POINT ( 'NONE', #3310 ) ;
#355 = CARTESIAN_POINT ( 'NONE',  ( -37.00000000000000000, -61.42000000000000171, 4.925000000000514078 ) ) ;
#356 = DIRECTION ( 'NONE',  ( 0.000000000000000000, 0.000000000000000000, 1.000000000000000000 ) ) ;
#357 = CIRCLE ( 'NONE', #2026, 2.149999999999999023 ) ;
#358 = EDGE_LOOP ( 'NONE', ( #1318, #629 ) ) ;
#359 = CARTESIAN_POINT ( 'NONE',  ( -43.99999999999975131, 0.000000000000000000, -28.19999999999998863 ) ) ;
#360 = DIRECTION ( 'NONE',  ( 0.000000000000000000, 0.000000000000000000, -1.000000000000000000 ) ) ;
#361 = AXIS2_PLACEMENT_3D ( 'NONE', #355, #4699, #2676 ) ;
#362 = CIRCLE ( 'NONE', #437, 1.700000000000000178 ) ;
#363 = CYLINDRICAL_SURFACE ( 'NONE', #1245, 1.700000000000000178 ) ;
#364 = ORIENTED_EDGE ( 'NONE', *, *, #3312, .T. ) ;
#365 = ORIENTED_EDGE ( 'NONE', *, *, #1647, .T. ) ;
#366 = EDGE_CURVE ( 'NONE', #3900, #3628, #2990, .T. ) ;
#367 = CARTESIAN_POINT ( 'NONE',  ( -50.00000000000000000, 3.000000000000000000, 62.49999999999999289 ) ) ;
#368 = ADVANCED_FACE ( 'NONE', ( #3287 ), #3684, .F. ) ;
#369 = EDGE_CURVE ( 'NONE', #315, #3978, #502, .T. ) ;
#370 = VERTEX_POINT ( 'NONE', #4891 ) ;
#371 = DIRECTION ( 'NONE',  ( -0.000000000000000000, 1.000000000000000000, -0.000000000000000000 ) ) ;
#372 = EDGE_LOOP ( 'NONE', ( #5152, #2999, #4072, #4419, #2762, #4616, #3086, #2757, #1939, #3359, #380, #803, #856 ) ) ;
#373 = ORIENTED_EDGE ( 'NONE', *, *, #3664, .F. ) ;
#374 = DIRECTION ( 'NONE',  ( 0.000000000000000000, 0.000000000000000000, 1.000000000000000000 ) ) ;
#375 = ADVANCED_FACE ( 'NONE', ( #69 ), #556, .F. ) ;
#376 = DIRECTION ( 'NONE',  ( 0.000000000000000000, -1.000000000000000000, 0.000000000000000000 ) ) ;
#377 = DIRECTION ( 'NONE',  ( -0.000000000000000000, -1.000000000000000000, -0.000000000000000000 ) ) ;
#378 = FACE_BOUND ( 'NONE', #1574, .T. ) ;
#379 = ORIENTED_EDGE ( 'NONE', *, *, #1087, .F. ) ;
#380 = ORIENTED_EDGE ( 'NONE', *, *, #1409, .F. ) ;
#381 = ORIENTED_EDGE ( 'NONE', *, *, #677, .F. ) ;
#382 = FACE_OUTER_BOUND ( 'NONE', #3713, .T. ) ;
#383 = DIRECTION ( 'NONE',  ( 1.000000000000000000, 0.000000000000000000, -0.000000000000000000 ) ) ;
#384 = ORIENTED_EDGE ( 'NONE', *, *, #4682, .T. ) ;
#385 = ORIENTED_EDGE ( 'NONE', *, *, #956, .F. ) ;
#386 = DIRECTION ( 'NONE',  ( -1.000000000000000000, -0.000000000000000000, -0.000000000000000000 ) ) ;
#387 = DIRECTION ( 'NONE',  ( -0.000000000000000000, -1.000000000000000000, -0.000000000000000000 ) ) ;
#388 = CARTESIAN_POINT ( 'NONE',  ( -43.99999999999987921, 3.000000000000000000, 38.49999999999999289 ) ) ;
#389 = ORIENTED_EDGE ( 'NONE', *, *, #2543, .F. ) ;
#390 = DIRECTION ( 'NONE',  ( 0.000000000000000000, 0.000000000000000000, 1.000000000000000000 ) ) ;
#391 = EDGE_CURVE ( 'NONE', #1376, #1282, #4746, .T. ) ;
#392 = CIRCLE ( 'NONE', #1719, 2.250000000000001776 ) ;
#393 = VERTEX_POINT ( 'NONE', #1339 ) ;
#394 = DIRECTION ( 'NONE',  ( -1.000000000000000000, -0.000000000000000000, -0.000000000000000000 ) ) ;
#395 = ORIENTED_EDGE ( 'NONE', *, *, #4940, .T. ) ;
#396 = CARTESIAN_POINT ( 'NONE',  ( -30.00000000000000355, 0.000000000000000000, -14.99999999999999645 ) ) ;
#397 = CARTESIAN_POINT ( 'NONE',  ( -50.00000000000000000, 0.000000000000000000, -62.50000000000000000 ) ) ;
#398 = LINE ( 'NONE', #1234, #3780 ) ;
#399 = EDGE_CURVE ( 'NONE', #3571, #2812, #2156, .T. ) ;
#400 = ORIENTED_EDGE ( 'NONE', *, *, #2637, .T. ) ;
#401 = ORIENTED_EDGE ( 'NONE', *, *, #959, .F. ) ;
#402 = ORIENTED_EDGE ( 'NONE', *, *, #4497, .T. ) ;
#403 = CARTESIAN_POINT ( 'NONE',  ( 44.00000000000000711, 10.00000000000000000, -48.79999999999999005 ) ) ;
#404 = CIRCLE ( 'NONE', #3582, 1.700000000000000178 ) ;
#405 = DIRECTION ( 'NONE',  ( 0.000000000000000000, 0.000000000000000000, -1.000000000000000000 ) ) ;
#406 = VERTEX_POINT ( 'NONE', #4549 ) ;
#407 = ORIENTED_EDGE ( 'NONE', *, *, #4683, .T. ) ;
#408 = ORIENTED_EDGE ( 'NONE', *, *, #5044, .T. ) ;
#409 = CARTESIAN_POINT ( 'NONE',  ( 47.99999999999999289, -61.42000000000000171, 4.925000000000514078 ) ) ;
#410 = DIRECTION ( 'NONE',  ( -1.000000000000000000, 0.000000000000000000, 0.000000000000000000 ) ) ;
#411 = CIRCLE ( 'NONE', #482, 1.700000000000000178 ) ;
#412 = CARTESIAN_POINT ( 'NONE',  ( 32.00000000000000000, -12.00000000000000000, 2.674999999999999822 ) ) ;
#413 = AXIS2_PLACEMENT_3D ( 'NONE', #1700, #4610, #2239 ) ;
#414 = EDGE_LOOP ( 'NONE', ( #3521, #2184 ) ) ;
#415 = LINE ( 'NONE', #799, #4948 ) ;
#416 = ORIENTED_EDGE ( 'NONE', *, *, #230, .T. ) ;
#417 = DIRECTION ( 'NONE',  ( 0.000000000000000000, -1.000000000000000000, 0.000000000000000000 ) ) ;
#418 = CARTESIAN_POINT ( 'NONE',  ( 32.00000000000000000, -51.00000000000000711, 48.30000000000005400 ) ) ;
#419 = CARTESIAN_POINT ( 'NONE',  ( -44.00000000000000711, 3.000000000000000000, 52.19999999999998863 ) ) ;
#420 = CIRCLE ( 'NONE', #1178, 1.700000000000000178 ) ;
#421 = DIRECTION ( 'NONE',  ( 0.000000000000000000, 0.000000000000000000, 1.000000000000000000 ) ) ;
#422 = EDGE_LOOP ( 'NONE', ( #3922, #2045, #5174, #763 ) ) ;
#423 = VERTEX_POINT ( 'NONE', #3257 ) ;
#424 = DIRECTION ( 'NONE',  ( 0.000000000000000000, 0.000000000000000000, -1.000000000000000000 ) ) ;
#425 = ADVANCED_FACE ( 'NONE', ( #2555 ), #1662, .F. ) ;
#426 = CIRCLE ( 'NONE', #348, 2.250000000000001776 ) ;
#427 = ADVANCED_FACE ( 'NONE', ( #2841 ), #4449, .F. ) ;
#428 = EDGE_CURVE ( 'NONE', #4176, #5065, #2313, .T. ) ;
#429 = CARTESIAN_POINT ( 'NONE',  ( -43.99999999999975131, 3.000000000000000000, -26.49999999999998934 ) ) ;
#430 = ORIENTED_EDGE ( 'NONE', *, *, #1161, .F. ) ;
#431 = CARTESIAN_POINT ( 'NONE',  ( 30.00000000000000355, -81.99999999999998579, 15.00000000000000355 ) ) ;
#432 = CARTESIAN_POINT ( 'NONE',  ( 20.00000000000000000, 0.000000000000000000, -14.99999999999999645 ) ) ;
#433 = AXIS2_PLACEMENT_3D ( 'NONE', #962, #4927, #3298 ) ;
#434 = VECTOR ( 'NONE', #1231, 1000.000000000000000 ) ;
#435 = DIRECTION ( 'NONE',  ( -1.000000000000000000, 0.000000000000000000, 5.551115123125785858E-15 ) ) ;
#436 = AXIS2_PLACEMENT_3D ( 'NONE', #3010, #4626, #1135 ) ;
#437 = AXIS2_PLACEMENT_3D ( 'NONE', #2623, #4225, #1100 ) ;
#438 = CARTESIAN_POINT ( 'NONE',  ( 43.99999999999975131, 3.000000000000000000, 24.79999999999999005 ) ) ;
#439 = CIRCLE ( 'NONE', #2196, 1.700000000000000178 ) ;
#440 = FACE_BOUND ( 'NONE', #5057, .T. ) ;
#441 = CIRCLE ( 'NONE', #3368, 2.250000000000000000 ) ;
#442 = ORIENTED_EDGE ( 'NONE', *, *, #1130, .T. ) ;
#443 = DIRECTION ( 'NONE',  ( -1.000000000000000000, 0.000000000000000000, -5.551115123125785858E-15 ) ) ;
#444 = DIRECTION ( 'NONE',  ( 0.000000000000000000, 0.000000000000000000, -1.000000000000000000 ) ) ;
#445 = VECTOR ( 'NONE', #4642, 1000.000000000000000 ) ;
#446 = DIRECTION ( 'NONE',  ( -1.000000000000000000, -0.000000000000000000, -0.000000000000000000 ) ) ;
#447 = FACE_OUTER_BOUND ( 'NONE', #1498, .T. ) ;
#448 = ORIENTED_EDGE ( 'NONE', *, *, #2730, .T. ) ;
#449 = LINE ( 'NONE', #2389, #1272 ) ;
#450 = DIRECTION ( 'NONE',  ( 0.000000000000000000, 0.000000000000000000, -1.000000000000000000 ) ) ;
#451 = EDGE_CURVE ( 'NONE', #1258, #2516, #3232, .T. ) ;
#452 = ORIENTED_EDGE ( 'NONE', *, *, #3469, .T. ) ;
#453 = ORIENTED_EDGE ( 'NONE', *, *, #1828, .F. ) ;
#454 = ADVANCED_FACE ( 'NONE', ( #4647 ), #1365, .F. ) ;
#455 = DIRECTION ( 'NONE',  ( -0.000000000000000000, 1.000000000000000000, -0.000000000000000000 ) ) ;
#456 = CARTESIAN_POINT ( 'NONE',  ( -50.00000000000000000, 3.000000000000000000, 62.49999999999999289 ) ) ;
#457 = LINE ( 'NONE', #505, #4575 ) ;
#458 = CARTESIAN_POINT ( 'NONE',  ( 37.00000000000000000, -61.42000000000000171, 7.175000000000515854 ) ) ;
#459 = VERTEX_POINT ( 'NONE', #4572 ) ;
#460 = ORIENTED_EDGE ( 'NONE', *, *, #1449, .F. ) ;
#461 = EDGE_CURVE ( 'NONE', #351, #1203, #2600, .T. ) ;
#462 = CYLINDRICAL_SURFACE ( 'NONE', #2685, 2.149999999999999023 ) ;
#463 = CARTESIAN_POINT ( 'NONE',  ( 37.00000000000000000, -7.999999999999965361, -49.99999999999994316 ) ) ;
#464 = CARTESIAN_POINT ( 'NONE',  ( -43.99999999999975131, 10.00000000000000000, -26.49999999999998934 ) ) ;
#465 = DIRECTION ( 'NONE',  ( -1.000000000000000000, -0.000000000000000000, -0.000000000000000000 ) ) ;
#466 = CIRCLE ( 'NONE', #4078, 2.149999999999999023 ) ;
#467 = LINE ( 'NONE', #3998, #3505 ) ;
#468 = ORIENTED_EDGE ( 'NONE', *, *, #4972, .T. ) ;
#469 = FACE_OUTER_BOUND ( 'NONE', #2253, .T. ) ;
#470 = AXIS2_PLACEMENT_3D ( 'NONE', #169, #4987, #4204 ) ;
#471 = DIRECTION ( 'NONE',  ( -1.000000000000000000, 0.000000000000000000, 5.551115123125785858E-15 ) ) ;
#472 = CARTESIAN_POINT ( 'NONE',  ( 20.00000000000000000, 3.000000000000000000, 15.00000000000000355 ) ) ;
#473 = ORIENTED_EDGE ( 'NONE', *, *, #2124, .T. ) ;
#474 = DIRECTION ( 'NONE',  ( -0.000000000000000000, 1.000000000000000000, -0.000000000000000000 ) ) ;
#475 = CARTESIAN_POINT ( 'NONE',  ( 47.99999999999999289, -61.42000000000000171, 2.675000000000512301 ) ) ;
#476 = EDGE_CURVE ( 'NONE', #3385, #315, #1077, .T. ) ;
#477 = VECTOR ( 'NONE', #279, 1000.000000000000000 ) ;
#478 = DIRECTION ( 'NONE',  ( -0.000000000000000000, 1.000000000000000000, -0.000000000000000000 ) ) ;
#479 = EDGE_CURVE ( 'NONE', #697, #393, #970, .T. ) ;
#480 = DIRECTION ( 'NONE',  ( 0.000000000000000000, 0.000000000000000000, 1.000000000000000000 ) ) ;
#481 = EDGE_LOOP ( 'NONE', ( #4371, #1216, #4397, #3911 ) ) ;
#482 = AXIS2_PLACEMENT_3D ( 'NONE', #5010, #1360, #2523 ) ;
#483 = CARTESIAN_POINT ( 'NONE',  ( 47.99999999999999289, -57.42000000000000171, -19.99999999999999645 ) ) ;
#484 = EDGE_CURVE ( 'NONE', #2653, #1838, #2983, .T. ) ;
#485 = ADVANCED_FACE ( 'NONE', ( #3009 ), #4178, .F. ) ;
#486 = ADVANCED_FACE ( 'NONE', ( #2286 ), #1811, .F. ) ;
#487 = CARTESIAN_POINT ( 'NONE',  ( -37.00000000000000000, -75.00000000000000000, 50.00000000000006395 ) ) ;
#488 = DIRECTION ( 'NONE',  ( 1.000000000000000000, 0.000000000000000000, 0.000000000000000000 ) ) ;
#489 = CARTESIAN_POINT ( 'NONE',  ( -44.00000000000000711, 0.000000000000000000, -50.49999999999998579 ) ) ;
#490 = CYLINDRICAL_SURFACE ( 'NONE', #1515, 2.250000000000000444 ) ;
#491 = EDGE_CURVE ( 'NONE', #1838, #903, #1648, .T. ) ;
#492 = ORIENTED_EDGE ( 'NONE', *, *, #4022, .T. ) ;
#493 = FACE_BOUND ( 'NONE', #4588, .T. ) ;
#494 = ORIENTED_EDGE ( 'NONE', *, *, #2027, .T. ) ;
#495 = EDGE_LOOP ( 'NONE', ( #2314, #2222 ) ) ;
#496 = CARTESIAN_POINT ( 'NONE',  ( 32.00000000000000000, -16.00000000000000000, 46.00000000000004263 ) ) ;
#497 = AXIS2_PLACEMENT_3D ( 'NONE', #4811, #4732, #2795 ) ;
#498 = CARTESIAN_POINT ( 'NONE',  ( 47.99999999999999289, -16.00000000000000000, -19.99999999999999645 ) ) ;
#499 = DIRECTION ( 'NONE',  ( 0.000000000000000000, 0.000000000000000000, -1.000000000000000000 ) ) ;
#500 = ORIENTED_EDGE ( 'NONE', *, *, #52, .F. ) ;
#501 = ORIENTED_EDGE ( 'NONE', *, *, #4332, .T. ) ;
#502 = LINE ( 'NONE', #97, #926 ) ;
#503 = DIRECTION ( 'NONE',  ( -1.000000000000000000, -0.000000000000000000, -0.000000000000000000 ) ) ;
#504 = CIRCLE ( 'NONE', #258, 1.700000000000000178 ) ;
#505 = CARTESIAN_POINT ( 'NONE',  ( -32.00000000000000000, -7.999999999999979572, -49.99999999999995737 ) ) ;
#506 = DIRECTION ( 'NONE',  ( 1.000000000000000000, 0.000000000000000000, 0.000000000000000000 ) ) ;
#507 = VERTEX_POINT ( 'NONE', #577 ) ;
#508 = AXIS2_PLACEMENT_3D ( 'NONE', #560, #2082, #3744 ) ;
#509 = DIRECTION ( 'NONE',  ( 0.000000000000000000, 0.000000000000000000, -1.000000000000000000 ) ) ;
#510 = DIRECTION ( 'NONE',  ( -0.000000000000000000, 1.000000000000000000, -0.000000000000000000 ) ) ;
#511 = AXIS2_PLACEMENT_3D ( 'NONE', #2639, #5054, #4264 ) ;
#512 = EDGE_CURVE ( 'NONE', #879, #4585, #3360, .T. ) ;
#513 = AXIS2_PLACEMENT_3D ( 'NONE', #1549, #376, #1630 ) ;
#514 = ORIENTED_EDGE ( 'NONE', *, *, #575, .T. ) ;
#515 = ORIENTED_EDGE ( 'NONE', *, *, #2195, .F. ) ;
#516 = EDGE_CURVE ( 'NONE', #786, #300, #1000, .T. ) ;
#517 = PLANE ( 'NONE',  #4869 ) ;
#518 = EDGE_CURVE ( 'NONE', #3045, #4401, #4327, .T. ) ;
#519 = CIRCLE ( 'NONE', #4130, 1.700000000000000178 ) ;
#520 = AXIS2_PLACEMENT_3D ( 'NONE', #1753, #3307, #2467 ) ;
#521 = CARTESIAN_POINT ( 'NONE',  ( 44.00000000000000711, 3.000000000000000000, 50.49999999999998579 ) ) ;
#522 = DIRECTION ( 'NONE',  ( 0.000000000000000000, 0.000000000000000000, -1.000000000000000000 ) ) ;
#523 = ORIENTED_EDGE ( 'NONE', *, *, #2922, .F. ) ;
#524 = PLANE ( 'NONE',  #4283 ) ;
#525 = ORIENTED_EDGE ( 'NONE', *, *, #1352, .T. ) ;
#526 = VECTOR ( 'NONE', #3590, 1000.000000000000000 ) ;
#527 = DIRECTION ( 'NONE',  ( -1.000000000000000000, -0.000000000000000000, -0.000000000000000000 ) ) ;
#528 = EDGE_CURVE ( 'NONE', #1428, #879, #1049, .T. ) ;
#529 = CARTESIAN_POINT ( 'NONE',  ( 47.99999999999999289, -12.00000000000000000, -12.52499999999999858 ) ) ;
#530 = DIRECTION ( 'NONE',  ( -1.000000000000000000, 0.000000000000000000, 0.000000000000000000 ) ) ;
#531 = LINE ( 'NONE', #93, #5046 ) ;
#532 = ORIENTED_EDGE ( 'NONE', *, *, #2550, .T. ) ;
#533 = EDGE_LOOP ( 'NONE', ( #2049, #5079 ) ) ;
#534 = CARTESIAN_POINT ( 'NONE',  ( 47.99999999999999289, -12.00000000000000000, -7.174999999999998934 ) ) ;
#535 = DIRECTION ( 'NONE',  ( -0.000000000000000000, 1.000000000000000000, -0.000000000000000000 ) ) ;
#536 = DIRECTION ( 'NONE',  ( 0.000000000000000000, -1.000000000000000000, 0.000000000000000000 ) ) ;
#537 = LINE ( 'NONE', #1342, #4430 ) ;
#538 = ORIENTED_EDGE ( 'NONE', *, *, #3067, .F. ) ;
#539 = FACE_OUTER_BOUND ( 'NONE', #2534, .T. ) ;
#540 = FACE_OUTER_BOUND ( 'NONE', #4559, .T. ) ;
#541 = EDGE_CURVE ( 'NONE', #3385, #4728, #3386, .T. ) ;
#542 = DIRECTION ( 'NONE',  ( -1.000000000000000000, -0.000000000000000000, -0.000000000000000000 ) ) ;
#543 = DIRECTION ( 'NONE',  ( -1.000000000000000000, 0.000000000000000000, 0.000000000000000000 ) ) ;
#544 = ORIENTED_EDGE ( 'NONE', *, *, #334, .T. ) ;
#545 = VERTEX_POINT ( 'NONE', #2650 ) ;
#546 = CARTESIAN_POINT ( 'NONE',  ( 30.00000000000000355, -81.99999999999998579, 15.00000000000000355 ) ) ;
#547 = EDGE_LOOP ( 'NONE', ( #3576, #3759, #1160, #4576 ) ) ;
#548 = CYLINDRICAL_SURFACE ( 'NONE', #2276, 1.700000000000000178 ) ;
#549 = CIRCLE ( 'NONE', #5077, 1.700000000000000178 ) ;
#550 = CARTESIAN_POINT ( 'NONE',  ( 27.75000000000000000, 0.000000000000000000, 54.49999999999999289 ) ) ;
#551 = DIRECTION ( 'NONE',  ( -0.000000000000000000, 1.000000000000000000, -0.000000000000000000 ) ) ;
#552 = ADVANCED_FACE ( 'NONE', ( #275 ), #5042, .F. ) ;
#553 = VERTEX_POINT ( 'NONE', #1415 ) ;
#554 = ORIENTED_EDGE ( 'NONE', *, *, #4756, .F. ) ;
#555 = VECTOR ( 'NONE', #2962, 1000.000000000000000 ) ;
#556 = CYLINDRICAL_SURFACE ( 'NONE', #2565, 1.700000000000000178 ) ;
#557 = CARTESIAN_POINT ( 'NONE',  ( -27.75000000000000000, -22.00000000000000355, -54.49999999999999289 ) ) ;
#558 = FACE_OUTER_BOUND ( 'NONE', #4901, .T. ) ;
#559 = ORIENTED_EDGE ( 'NONE', *, *, #3921, .T. ) ;
#560 = CARTESIAN_POINT ( 'NONE',  ( 67.99999999999997158, -16.00000000000000000, 46.00000000000004263 ) ) ;
#561 = AXIS2_PLACEMENT_3D ( 'NONE', #2211, #4552, #1389 ) ;
#562 = FACE_OUTER_BOUND ( 'NONE', #4190, .T. ) ;
#563 = AXIS2_PLACEMENT_3D ( 'NONE', #2887, #383, #3575 ) ;
#564 = DIRECTION ( 'NONE',  ( -1.000000000000000000, -0.000000000000000000, -0.000000000000000000 ) ) ;
#565 = EDGE_LOOP ( 'NONE', ( #3971, #3205, #4934, #2859 ) ) ;
#566 = VECTOR ( 'NONE', #5160, 1000.000000000000114 ) ;
#567 = EDGE_LOOP ( 'NONE', ( #3908, #3078, #4570, #2726 ) ) ;
#568 = DIRECTION ( 'NONE',  ( 0.000000000000000000, 0.000000000000000000, 1.000000000000000000 ) ) ;
#569 = VERTEX_POINT ( 'NONE', #2628 ) ;
#570 = CARTESIAN_POINT ( 'NONE',  ( 12.49999999999999645, 3.000000000000000000, 13.30000000000000249 ) ) ;
#571 = DIRECTION ( 'NONE',  ( 1.000000000000000000, 0.000000000000000000, 5.551115123125785858E-15 ) ) ;
#572 = DIRECTION ( 'NONE',  ( 0.000000000000000000, 0.000000000000000000, -1.000000000000000000 ) ) ;
#573 = FACE_BOUND ( 'NONE', #3896, .T. ) ;
#574 = VERTEX_POINT ( 'NONE', #3058 ) ;
#575 = EDGE_CURVE ( 'NONE', #2668, #2104, #4994, .T. ) ;
#576 = EDGE_LOOP ( 'NONE', ( #1559, #2718, #4354, #3977 ) ) ;
#577 = CARTESIAN_POINT ( 'NONE',  ( -27.75000000000000000, 3.000000000000000000, 56.19999999999999574 ) ) ;
#578 = DIRECTION ( 'NONE',  ( 0.000000000000000000, 0.000000000000000000, 1.000000000000000000 ) ) ;
#579 = EDGE_CURVE ( 'NONE', #3432, #3292, #3398, .T. ) ;
#580 = ADVANCED_FACE ( 'NONE', ( #3810 ), #997, .F. ) ;
#581 = DIRECTION ( 'NONE',  ( -1.000000000000000000, 0.000000000000000000, 0.000000000000000000 ) ) ;
#582 = CYLINDRICAL_SURFACE ( 'NONE', #3065, 2.149999999999999023 ) ;
#583 = AXIS2_PLACEMENT_3D ( 'NONE', #2352, #2805, #4769 ) ;
#584 = ORIENTED_EDGE ( 'NONE', *, *, #1372, .T. ) ;
#585 = DIRECTION ( 'NONE',  ( 0.000000000000000000, 0.000000000000000000, -1.000000000000000000 ) ) ;
#586 = CARTESIAN_POINT ( 'NONE',  ( 27.75000000000000000, -22.00000000000000355, 56.19999999999999574 ) ) ;
#587 = AXIS2_PLACEMENT_3D ( 'NONE', #247, #1366, #2233 ) ;
#588 = EDGE_CURVE ( 'NONE', #545, #3729, #1810, .T. ) ;
#589 = CIRCLE ( 'NONE', #3267, 15.00000000000000000 ) ;
#590 = CARTESIAN_POINT ( 'NONE',  ( -32.00000000000000000, 0.000000000000000000, 50.00000000000003553 ) ) ;
#591 = AXIS2_PLACEMENT_3D ( 'NONE', #4089, #4531, #488 ) ;
#592 = CARTESIAN_POINT ( 'NONE',  ( -37.00000000000000000, -12.00000000000000000, -4.924999999999999822 ) ) ;
#593 = ORIENTED_EDGE ( 'NONE', *, *, #2190, .F. ) ;
#594 = EDGE_LOOP ( 'NONE', ( #4660, #2575, #538, #2876 ) ) ;
#595 = CARTESIAN_POINT ( 'NONE',  ( 47.99999999999999289, -57.42000000000001592, 20.00000000000000355 ) ) ;
#596 = EDGE_LOOP ( 'NONE', ( #2326, #385, #698, #3496 ) ) ;
#597 = DIRECTION ( 'NONE',  ( 0.000000000000000000, 0.000000000000000000, 1.000000000000000000 ) ) ;
#598 = VECTOR ( 'NONE', #3546, 1000.000000000000000 ) ;
#599 = CARTESIAN_POINT ( 'NONE',  ( 30.00000000000000355, 3.000000000000000000, 15.00000000000000355 ) ) ;
#600 = DIRECTION ( 'NONE',  ( 0.000000000000000000, 0.000000000000000000, 1.000000000000000000 ) ) ;
#601 = CARTESIAN_POINT ( 'NONE',  ( -37.00000000000000000, -12.00000000000000000, 7.174999999999998934 ) ) ;
#602 = VECTOR ( 'NONE', #161, 1000.000000000000000 ) ;
#603 = ORIENTED_EDGE ( 'NONE', *, *, #1372, .F. ) ;
#604 = ORIENTED_EDGE ( 'NONE', *, *, #4874, .F. ) ;
#605 = CARTESIAN_POINT ( 'NONE',  ( 37.00000000000000000, -57.42000000000000171, -49.99999999999994316 ) ) ;
#606 = CARTESIAN_POINT ( 'NONE',  ( -12.50000000000000355, -80.00000000000001421, 16.69999999999999929 ) ) ;
#607 = ADVANCED_FACE ( 'NONE', ( #1835 ), #1752, .F. ) ;
#608 = CARTESIAN_POINT ( 'NONE',  ( 32.00000000000000000, -12.00000000000000000, -22.47499999999999787 ) ) ;
#609 = EDGE_CURVE ( 'NONE', #1721, #19, #3485, .T. ) ;
#610 = EDGE_LOOP ( 'NONE', ( #4307, #1414, #235, #704 ) ) ;
#611 = CARTESIAN_POINT ( 'NONE',  ( -37.00000000000000000, -75.00000000000000000, 50.00000000000006395 ) ) ;
#612 = DIRECTION ( 'NONE',  ( 0.000000000000000000, 0.000000000000000000, -1.000000000000000000 ) ) ;
#613 = CARTESIAN_POINT ( 'NONE',  ( 12.49999999999999645, -80.00000000000001421, -16.70000000000000284 ) ) ;
#614 = EDGE_CURVE ( 'NONE', #5002, #574, #3149, .T. ) ;
#615 = CARTESIAN_POINT ( 'NONE',  ( -27.75000000000000000, 3.000000000000000000, 52.79999999999999005 ) ) ;
#616 = DIRECTION ( 'NONE',  ( -1.000000000000000000, 0.000000000000000000, -0.000000000000000000 ) ) ;
#617 = ORIENTED_EDGE ( 'NONE', *, *, #1409, .T. ) ;
#618 = CARTESIAN_POINT ( 'NONE',  ( -37.00000000000000000, -74.99999999999990052, -40.00000000000006395 ) ) ;
#619 = ORIENTED_EDGE ( 'NONE', *, *, #1449, .T. ) ;
#620 = DIRECTION ( 'NONE',  ( -1.000000000000000000, -0.000000000000000000, -0.000000000000000000 ) ) ;
#621 = CARTESIAN_POINT ( 'NONE',  ( 50.00000000000000000, 3.000000000000000000, -62.50000000000000000 ) ) ;
#622 = CARTESIAN_POINT ( 'NONE',  ( -31.99999999999999289, -61.41999999999998749, 17.02499999999999858 ) ) ;
#623 = VERTEX_POINT ( 'NONE', #1469 ) ;
#624 = ORIENTED_EDGE ( 'NONE', *, *, #1064, .T. ) ;
#625 = DIRECTION ( 'NONE',  ( 0.000000000000000000, 0.000000000000000000, 1.000000000000000000 ) ) ;
#626 = CARTESIAN_POINT ( 'NONE',  ( 30.00000000000000355, 3.000000000000000000, -14.99999999999999645 ) ) ;
#627 = DIRECTION ( 'NONE',  ( -0.000000000000000000, 1.000000000000000000, -0.000000000000000000 ) ) ;
#628 = AXIS2_PLACEMENT_3D ( 'NONE', #4774, #2385, #3118 ) ;
#629 = ORIENTED_EDGE ( 'NONE', *, *, #3697, .F. ) ;
#630 = CARTESIAN_POINT ( 'NONE',  ( 32.00000000000000000, -75.00000000000000000, 50.00000000000003553 ) ) ;
#631 = DIRECTION ( 'NONE',  ( -1.000000000000000000, -0.000000000000000000, -0.000000000000000000 ) ) ;
#632 = DIRECTION ( 'NONE',  ( -0.000000000000000000, -1.000000000000000000, -0.000000000000000000 ) ) ;
#633 = ORIENTED_EDGE ( 'NONE', *, *, #2243, .T. ) ;
#634 = EDGE_CURVE ( 'NONE', #2024, #4458, #4199, .T. ) ;
#635 = FACE_BOUND ( 'NONE', #3462, .T. ) ;
#636 = EDGE_CURVE ( 'NONE', #3701, #1203, #2395, .T. ) ;
#637 = ADVANCED_FACE ( 'NONE', ( #4569, #573, #2175, #1551, #4749, #3196, #1917, #4694, #9, #1497, #5093, #4803, #785, #2412, #2809, #4359, #3144, #1159, #1525, #3945, #2359, #3976, #378, #4417, #810, #5120, #1971, #5173, #1102 ), #296, .T. ) ;
#638 = PLANE ( 'NONE',  #2853 ) ;
#639 = ORIENTED_EDGE ( 'NONE', *, *, #2179, .T. ) ;
#640 = CARTESIAN_POINT ( 'NONE',  ( -43.99999999999987921, 0.000000000000000000, 38.49999999999999289 ) ) ;
#641 = ORIENTED_EDGE ( 'NONE', *, *, #3835, .T. ) ;
#642 = AXIS2_PLACEMENT_3D ( 'NONE', #3648, #2043, #63 ) ;
#643 = LINE ( 'NONE', #3861, #1866 ) ;
#644 = ADVANCED_FACE ( 'NONE', ( #4723 ), #1888, .F. ) ;
#645 = CARTESIAN_POINT ( 'NONE',  ( 27.75000000000000000, -22.00000000000000355, 52.79999999999999005 ) ) ;
#646 = AXIS2_PLACEMENT_3D ( 'NONE', #1589, #3155, #3068 ) ;
#647 = CARTESIAN_POINT ( 'NONE',  ( -27.75000000000000000, -22.00000000000000355, -33.99999999999999289 ) ) ;
#648 = CARTESIAN_POINT ( 'NONE',  ( 37.00000000000000000, -75.00000000000000000, -49.99999999999994316 ) ) ;
#649 = ORIENTED_EDGE ( 'NONE', *, *, #1456, .T. ) ;
#650 = ORIENTED_EDGE ( 'NONE', *, *, #4914, .F. ) ;
#651 = CARTESIAN_POINT ( 'NONE',  ( -43.99999999999975131, 10.00000000000000000, -28.19999999999998863 ) ) ;
#652 = DIRECTION ( 'NONE',  ( 0.000000000000000000, 0.000000000000000000, -1.000000000000000000 ) ) ;
#653 = DIRECTION ( 'NONE',  ( 1.000000000000000000, 0.000000000000000000, -0.000000000000000000 ) ) ;
#654 = ORIENTED_EDGE ( 'NONE', *, *, #4874, .T. ) ;
#655 = DIRECTION ( 'NONE',  ( 0.000000000000000000, 0.000000000000000000, -1.000000000000000000 ) ) ;
#656 = CARTESIAN_POINT ( 'NONE',  ( -37.00000000000000000, -57.42000000000000171, -19.99999999999999645 ) ) ;
#657 = AXIS2_PLACEMENT_3D ( 'NONE', #3528, #1113, #22 ) ;
#658 = VECTOR ( 'NONE', #3242, 1000.000000000000000 ) ;
#659 = CARTESIAN_POINT ( 'NONE',  ( -32.00000000000000000, -16.00000000000000000, 46.00000000000004263 ) ) ;
#660 = ORIENTED_EDGE ( 'NONE', *, *, #805, .T. ) ;
#661 = AXIS2_PLACEMENT_3D ( 'NONE', #1588, #2738, #3902 ) ;
#662 = LINE ( 'NONE', #1879, #2862 ) ;
#663 = EDGE_CURVE ( 'NONE', #3838, #219, #2143, .T. ) ;
#664 = AXIS2_PLACEMENT_3D ( 'NONE', #3592, #3195, #2019 ) ;
#665 = FACE_OUTER_BOUND ( 'NONE', #3633, .T. ) ;
#666 = EDGE_CURVE ( 'NONE', #3596, #220, #3823, .T. ) ;
#667 = ORIENTED_EDGE ( 'NONE', *, *, #4998, .F. ) ;
#668 = CARTESIAN_POINT ( 'NONE',  ( 37.00000000000000000, -12.00000000000000000, -22.47499999999999787 ) ) ;
#669 = EDGE_CURVE ( 'NONE', #3918, #569, #3083, .T. ) ;
#670 = VERTEX_POINT ( 'NONE', #905 ) ;
#671 = ORIENTED_EDGE ( 'NONE', *, *, #3673, .F. ) ;
#672 = DIRECTION ( 'NONE',  ( 0.000000000000000000, 0.000000000000000000, -1.000000000000000000 ) ) ;
#673 = CIRCLE ( 'NONE', #2107, 2.149999999999999023 ) ;
#674 = LINE ( 'NONE', #645, #2692 ) ;
#675 = CARTESIAN_POINT ( 'NONE',  ( 44.00000000000000711, 0.000000000000000000, -50.49999999999998579 ) ) ;
#676 = DIRECTION ( 'NONE',  ( -1.000000000000000000, 0.000000000000000000, -5.551115123125785858E-15 ) ) ;
#677 = EDGE_CURVE ( 'NONE', #4810, #1327, #2226, .T. ) ;
#678 = EDGE_LOOP ( 'NONE', ( #3198, #3561 ) ) ;
#679 = EDGE_LOOP ( 'NONE', ( #1471, #1755, #1997, #2736 ) ) ;
#680 = DIRECTION ( 'NONE',  ( -0.000000000000000000, 0.7071067811865483499, 0.7071067811865466846 ) ) ;
#681 = PLANE ( 'NONE',  #3362 ) ;
#682 = AXIS2_PLACEMENT_3D ( 'NONE', #2491, #4490, #65 ) ;
#683 = AXIS2_PLACEMENT_3D ( 'NONE', #3939, #750, #3428 ) ;
#684 = DIRECTION ( 'NONE',  ( 0.000000000000000000, 0.000000000000000000, -1.000000000000000000 ) ) ;
#685 = ORIENTED_EDGE ( 'NONE', *, *, #2703, .F. ) ;
#686 = DIRECTION ( 'NONE',  ( 0.000000000000000000, 0.000000000000000000, -1.000000000000000000 ) ) ;
#687 = DIRECTION ( 'NONE',  ( 0.000000000000000000, 0.000000000000000000, -1.000000000000000000 ) ) ;
#688 = VECTOR ( 'NONE', #620, 1000.000000000000000 ) ;
#689 = CARTESIAN_POINT ( 'NONE',  ( -27.75000000000000000, -22.00000000000000355, 56.19999999999999574 ) ) ;
#690 = ORIENTED_EDGE ( 'NONE', *, *, #3765, .F. ) ;
#691 = DIRECTION ( 'NONE',  ( -3.925231146709444104E-15, -0.7071067811865466846, 0.7071067811865483499 ) ) ;
#692 = DIRECTION ( 'NONE',  ( -1.000000000000000000, -0.000000000000000000, -0.000000000000000000 ) ) ;
#693 = DIRECTION ( 'NONE',  ( 0.000000000000000000, 0.000000000000000000, 1.000000000000000000 ) ) ;
#694 = EDGE_LOOP ( 'NONE', ( #2009, #4904 ) ) ;
#695 = ORIENTED_EDGE ( 'NONE', *, *, #2402, .T. ) ;
#696 = CARTESIAN_POINT ( 'NONE',  ( -43.99999999999975131, 10.00000000000000000, 28.19999999999998863 ) ) ;
#697 = VERTEX_POINT ( 'NONE', #976 ) ;
#698 = ORIENTED_EDGE ( 'NONE', *, *, #3012, .F. ) ;
#699 = LINE ( 'NONE', #2644, #4295 ) ;
#700 = ADVANCED_FACE ( 'NONE', ( #953 ), #2186, .F. ) ;
#701 = CARTESIAN_POINT ( 'NONE',  ( -31.99999999999999289, -61.42000000000003013, -41.77499999999996305 ) ) ;
#702 = DIRECTION ( 'NONE',  ( -0.000000000000000000, 0.000000000000000000, -1.000000000000000000 ) ) ;
#703 = VERTEX_POINT ( 'NONE', #2535 ) ;
#704 = ORIENTED_EDGE ( 'NONE', *, *, #3394, .F. ) ;
#705 = ORIENTED_EDGE ( 'NONE', *, *, #4414, .T. ) ;
#706 = CARTESIAN_POINT ( 'NONE',  ( 47.99999999999999289, -16.00000000000000000, -19.99999999999999645 ) ) ;
#707 = ADVANCED_FACE ( 'NONE', ( #4481 ), #2080, .F. ) ;
#708 = DIRECTION ( 'NONE',  ( 0.000000000000000000, 0.000000000000000000, 1.000000000000000000 ) ) ;
#709 = ORIENTED_EDGE ( 'NONE', *, *, #1456, .F. ) ;
#710 = DIRECTION ( 'NONE',  ( 0.000000000000000000, 0.000000000000000000, 1.000000000000000000 ) ) ;
#711 = CARTESIAN_POINT ( 'NONE',  ( 50.00000000000000000, 3.000000000000000000, 62.49999999999999289 ) ) ;
#712 = VECTOR ( 'NONE', #2210, 1000.000000000000000 ) ;
#713 = CARTESIAN_POINT ( 'NONE',  ( -32.00000000000000000, -75.00000000000008527, 39.99999999999996447 ) ) ;
#714 = EDGE_CURVE ( 'NONE', #5161, #812, #1301, .T. ) ;
#715 = ORIENTED_EDGE ( 'NONE', *, *, #3569, .F. ) ;
#716 = AXIS2_PLACEMENT_3D ( 'NONE', #1870, #3471, #2675 ) ;
#717 = LINE ( 'NONE', #1397, #3783 ) ;
#718 = CARTESIAN_POINT ( 'NONE',  ( 46.00000000000002132, -61.42000000000003013, -39.62499999999996447 ) ) ;
#719 = VERTEX_POINT ( 'NONE', #764 ) ;
#720 = CARTESIAN_POINT ( 'NONE',  ( 27.75000000000000000, 3.000000000000000000, 56.19999999999999574 ) ) ;
#721 = EDGE_LOOP ( 'NONE', ( #4985, #114 ) ) ;
#722 = EDGE_LOOP ( 'NONE', ( #1290, #3464, #2867, #1849 ) ) ;
#723 = CARTESIAN_POINT ( 'NONE',  ( -30.00000000000000355, 3.000000000000000000, -14.99999999999999645 ) ) ;
#724 = DIRECTION ( 'NONE',  ( -0.000000000000000000, 1.000000000000000000, -0.000000000000000000 ) ) ;
#725 = DIRECTION ( 'NONE',  ( 0.000000000000000000, 0.000000000000000000, 1.000000000000000000 ) ) ;
#726 = CIRCLE ( 'NONE', #1063, 2.250000000000001776 ) ;
#727 = ORIENTED_EDGE ( 'NONE', *, *, #4366, .F. ) ;
#728 = ORIENTED_EDGE ( 'NONE', *, *, #1023, .F. ) ;
#729 = ORIENTED_EDGE ( 'NONE', *, *, #3691, .T. ) ;
#730 = DIRECTION ( 'NONE',  ( 0.000000000000000000, 0.000000000000000000, 1.000000000000000000 ) ) ;
#731 = VECTOR ( 'NONE', #572, 1000.000000000000000 ) ;
#732 = FACE_OUTER_BOUND ( 'NONE', #2072, .T. ) ;
#733 = EDGE_CURVE ( 'NONE', #2207, #2567, #3563, .T. ) ;
#734 = ORIENTED_EDGE ( 'NONE', *, *, #428, .F. ) ;
#735 = VECTOR ( 'NONE', #3687, 1000.000000000000000 ) ;
#736 = EDGE_CURVE ( 'NONE', #2618, #3109, #1460, .T. ) ;
#737 = FACE_OUTER_BOUND ( 'NONE', #201, .T. ) ;
#738 = CARTESIAN_POINT ( 'NONE',  ( 37.00000000000000000, -61.42000000000000171, -4.924999999999485567 ) ) ;
#739 = ADVANCED_FACE ( 'NONE', ( #3425 ), #3048, .F. ) ;
#740 = CARTESIAN_POINT ( 'NONE',  ( 43.99999999999975131, 10.00000000000000000, -26.49999999999998934 ) ) ;
#741 = VERTEX_POINT ( 'NONE', #3935 ) ;
#742 = ORIENTED_EDGE ( 'NONE', *, *, #4555, .F. ) ;
#743 = CARTESIAN_POINT ( 'NONE',  ( 37.00000000000000000, -61.42000000000003013, -37.47499999999996589 ) ) ;
#744 = CLOSED_SHELL ( 'NONE', ( #3890, #707, #580, #2056, #4755, #700, #4263, #3210, #4556, #3723, #739, #4406, #4680, #4302, #4377, #4084, #4066, #4336, #4848, #4650, #368, #1901, #3043, #343, #3859, #2823, #1002, #1791, #2290, #1624, #3405, #138, #4754, #4241, #3801, #2083, #2150, #3599, #807, #2310, #1474, #1961, #2052, #3474, #4471, #4607, #2317, #4389, #1966, #644, #2061, #4343, #2924, #485, #3395, #4274, #637, #115, #3001, #3852, #2732, #3173, #4910, #4306, #4793, #607, #2137, #815, #3499, #2477, #552, #801, #5137, #3958, #454, #1863, #298, #2890, #1617, #1898, #4109, #4143, #486, #1345, #3536, #85, #5169, #866, #4145, #3302, #3100, #4140, #5171, #1173, #4856, #425, #3271, #5110, #2508, #3074, #4785, #1673, #1796, #4820, #3038, #4627, #2722, #2828, #1762, #24, #4535, #1056, #3069, #5154, #5003, #3760, #302, #4919, #3994, #4213, #375, #2466, #1249, #2280, #2087, #111, #4061, #3341, #3066, #4813, #4595, #5135, #1482, #2081, #427, #4170, #5180, #4004, #1639, #4409, #3560, #2971, #3002, #53, #3139, #1926 ) ) ;
#745 = FACE_BOUND ( 'NONE', #2514, .T. ) ;
#746 = CARTESIAN_POINT ( 'NONE',  ( -12.50000000000000355, 3.000000000000000000, 16.69999999999999929 ) ) ;
#747 = VECTOR ( 'NONE', #4617, 1000.000000000000000 ) ;
#748 = ORIENTED_EDGE ( 'NONE', *, *, #52, .T. ) ;
#749 = CARTESIAN_POINT ( 'NONE',  ( 30.00000000000000355, -81.99999999999998579, -14.99999999999999645 ) ) ;
#750 = DIRECTION ( 'NONE',  ( -0.000000000000000000, -1.000000000000000000, -0.000000000000000000 ) ) ;
#751 = VERTEX_POINT ( 'NONE', #313 ) ;
#752 = VERTEX_POINT ( 'NONE', #4265 ) ;
#753 = DIRECTION ( 'NONE',  ( 0.000000000000000000, -1.000000000000000000, 0.000000000000000000 ) ) ;
#754 = DIRECTION ( 'NONE',  ( 0.000000000000000000, -1.000000000000000000, 0.000000000000000000 ) ) ;
#755 = DIRECTION ( 'NONE',  ( -0.000000000000000000, -1.000000000000000000, -0.000000000000000000 ) ) ;
#756 = ORIENTED_EDGE ( 'NONE', *, *, #4940, .F. ) ;
#757 = ORIENTED_EDGE ( 'NONE', *, *, #4844, .T. ) ;
#758 = CIRCLE ( 'NONE', #4116, 2.250000000000001776 ) ;
#759 = ORIENTED_EDGE ( 'NONE', *, *, #4366, .T. ) ;
#760 = CARTESIAN_POINT ( 'NONE',  ( 27.75000000000000000, -22.00000000000000355, 54.49999999999999289 ) ) ;
#761 = LINE ( 'NONE', #1136, #3326 ) ;
#762 = CIRCLE ( 'NONE', #180, 2.250000000000000444 ) ;
#763 = ORIENTED_EDGE ( 'NONE', *, *, #1739, .F. ) ;
#764 = CARTESIAN_POINT ( 'NONE',  ( -32.00000000000000000, -75.00000000000000000, -39.99999999999998579 ) ) ;
#765 = ORIENTED_EDGE ( 'NONE', *, *, #1028, .T. ) ;
#766 = LINE ( 'NONE', #431, #1660 ) ;
#767 = CARTESIAN_POINT ( 'NONE',  ( -37.00000000000000000, -61.41999999999998749, 14.77499999999999858 ) ) ;
#768 = VECTOR ( 'NONE', #3336, 1000.000000000000000 ) ;
#769 = MECHANICAL_DESIGN_GEOMETRIC_PRESENTATION_REPRESENTATION (  '', ( #5132 ), #2112 ) ;
#770 = EDGE_CURVE ( 'NONE', #3384, #5167, #2645, .T. ) ;
#771 = CARTESIAN_POINT ( 'NONE',  ( 32.00000000000000000, -61.42000000000000171, 4.925000000000514078 ) ) ;
#772 = ORIENTED_EDGE ( 'NONE', *, *, #3665, .F. ) ;
#773 = VERTEX_POINT ( 'NONE', #5109 ) ;
#774 = APPLICATION_CONTEXT ( 'automotive_design' ) ;
#775 = VECTOR ( 'NONE', #1072, 1000.000000000000000 ) ;
#776 = DIRECTION ( 'NONE',  ( -1.000000000000000000, -0.000000000000000000, -0.000000000000000000 ) ) ;
#777 = FACE_BOUND ( 'NONE', #721, .T. ) ;
#778 = EDGE_CURVE ( 'NONE', #1680, #837, #392, .T. ) ;
#779 = ORIENTED_EDGE ( 'NONE', *, *, #1097, .F. ) ;
#780 = DIRECTION ( 'NONE',  ( 0.000000000000000000, -1.000000000000000000, 0.000000000000000000 ) ) ;
#781 = VERTEX_POINT ( 'NONE', #5163 ) ;
#782 = LINE ( 'NONE', #2381, #4055 ) ;
#783 = DIRECTION ( 'NONE',  ( -1.000000000000000000, -0.000000000000000000, -0.000000000000000000 ) ) ;
#784 = CARTESIAN_POINT ( 'NONE',  ( -44.00000000000000711, 10.00000000000000000, 50.49999999999998579 ) ) ;
#785 = FACE_BOUND ( 'NONE', #4828, .T. ) ;
#786 = VERTEX_POINT ( 'NONE', #3615 ) ;
#787 = EDGE_LOOP ( 'NONE', ( #500, #2008 ) ) ;
#788 = ORIENTED_EDGE ( 'NONE', *, *, #3424, .F. ) ;
#789 = CARTESIAN_POINT ( 'NONE',  ( 67.99999999999997158, -51.00000000000000711, 46.00000000000004263 ) ) ;
#790 = LINE ( 'NONE', #1335, #2745 ) ;
#791 = ORIENTED_EDGE ( 'NONE', *, *, #2242, .T. ) ;
#792 = ORIENTED_EDGE ( 'NONE', *, *, #1828, .T. ) ;
#793 = CARTESIAN_POINT ( 'NONE',  ( 30.00000000000000355, 0.000000000000000000, 0.000000000000000000 ) ) ;
#794 = DIRECTION ( 'NONE',  ( 1.000000000000000000, -0.000000000000000000, 0.000000000000000000 ) ) ;
#795 = CARTESIAN_POINT ( 'NONE',  ( 37.00000000000000000, -57.42000000000000171, -49.99999999999994316 ) ) ;
#796 = DIRECTION ( 'NONE',  ( 0.000000000000000000, 0.000000000000000000, 1.000000000000000000 ) ) ;
#797 = ORIENTED_EDGE ( 'NONE', *, *, #579, .F. ) ;
#798 = ORIENTED_EDGE ( 'NONE', *, *, #230, .F. ) ;
#799 = CARTESIAN_POINT ( 'NONE',  ( 32.00000000000000000, -75.00000000000008527, 39.99999999999996447 ) ) ;
#800 = CARTESIAN_POINT ( 'NONE',  ( -31.99999999999999289, -61.42000000000001592, -24.62499999999999645 ) ) ;
#801 = ADVANCED_FACE ( 'NONE', ( #827 ), #4410, .F. ) ;
#802 = AXIS2_PLACEMENT_3D ( 'NONE', #3188, #2456, #3963 ) ;
#803 = ORIENTED_EDGE ( 'NONE', *, *, #137, .T. ) ;
#804 = CARTESIAN_POINT ( 'NONE',  ( 43.99999999999987921, 0.000000000000000000, -38.49999999999999289 ) ) ;
#805 = EDGE_CURVE ( 'NONE', #3644, #3866, #4739, .T. ) ;
#806 = DIRECTION ( 'NONE',  ( -1.000000000000000000, 0.000000000000000000, 0.000000000000000000 ) ) ;
#807 = ADVANCED_FACE ( 'NONE', ( #56 ), #33, .F. ) ;
#808 = LINE ( 'NONE', #397, #2362 ) ;
#809 = CARTESIAN_POINT ( 'NONE',  ( -50.00000000000000000, 3.000000000000000000, 62.49999999999999289 ) ) ;
#810 = FACE_BOUND ( 'NONE', #4077, .T. ) ;
#811 = ORIENTED_EDGE ( 'NONE', *, *, #3635, .T. ) ;
#812 = VERTEX_POINT ( 'NONE', #4386 ) ;
#813 = ORIENTED_EDGE ( 'NONE', *, *, #366, .T. ) ;
#814 = PLANE ( 'NONE',  #1618 ) ;
#815 = ADVANCED_FACE ( 'NONE', ( #2059, #2400, #1626, #745, #3584, #777, #2377, #1594, #3239, #1668, #3216, #4819, #440, #4737, #853 ), #3989, .F. ) ;
#816 = AXIS2_PLACEMENT_3D ( 'NONE', #4256, #653, #2258 ) ;
#817 = DIRECTION ( 'NONE',  ( 0.000000000000000000, 0.000000000000000000, 1.000000000000000000 ) ) ;
#818 = ORIENTED_EDGE ( 'NONE', *, *, #932, .T. ) ;
#819 = EDGE_LOOP ( 'NONE', ( #709, #2756, #4372, #3199 ) ) ;
#820 = CARTESIAN_POINT ( 'NONE',  ( 27.75000000000000000, 0.000000000000000000, 54.49999999999999289 ) ) ;
#821 = DIRECTION ( 'NONE',  ( -1.000000000000000000, -0.000000000000000000, -0.000000000000000000 ) ) ;
#822 = VECTOR ( 'NONE', #4802, 1000.000000000000000 ) ;
#823 = CARTESIAN_POINT ( 'NONE',  ( 12.49999999999999645, 3.000000000000000000, 15.00000000000000355 ) ) ;
#824 = CIRCLE ( 'NONE', #3253, 1.700000000000000178 ) ;
#825 = ORIENTED_EDGE ( 'NONE', *, *, #2826, .F. ) ;
#826 = CARTESIAN_POINT ( 'NONE',  ( -31.99999999999999289, -61.42000000000001592, -24.62499999999999645 ) ) ;
#827 = FACE_OUTER_BOUND ( 'NONE', #3272, .T. ) ;
#828 = VERTEX_POINT ( 'NONE', #1959 ) ;
#829 = CARTESIAN_POINT ( 'NONE',  ( 47.99999999999999289, -12.00000000000000000, 2.674999999999999822 ) ) ;
#830 = DIRECTION ( 'NONE',  ( 1.000000000000000000, 0.000000000000000000, -0.000000000000000000 ) ) ;
#831 = EDGE_CURVE ( 'NONE', #1453, #3411, #2816, .T. ) ;
#832 = DIRECTION ( 'NONE',  ( -1.000000000000000000, -0.000000000000000000, -0.000000000000000000 ) ) ;
#833 = AXIS2_PLACEMENT_3D ( 'NONE', #37, #1628, #4653 ) ;
#834 = EDGE_CURVE ( 'NONE', #812, #5161, #2561, .T. ) ;
#835 = DIRECTION ( 'NONE',  ( 0.000000000000000000, -1.000000000000000000, 0.000000000000000000 ) ) ;
#836 = EDGE_LOOP ( 'NONE', ( #123, #389, #1998, #3285 ) ) ;
#837 = VERTEX_POINT ( 'NONE', #3380 ) ;
#838 = CARTESIAN_POINT ( 'NONE',  ( 0.000000000000000000, 0.000000000000000000, 15.00000000000000355 ) ) ;
#839 = AXIS2_PLACEMENT_3D ( 'NONE', #4500, #3288, #70 ) ;
#840 = CARTESIAN_POINT ( 'NONE',  ( -31.99999999999999289, -12.00000000000000000, -2.674999999999999822 ) ) ;
#841 = EDGE_CURVE ( 'NONE', #4890, #3206, #549, .T. ) ;
#842 = VECTOR ( 'NONE', #2221, 1000.000000000000000 ) ;
#843 = ORIENTED_EDGE ( 'NONE', *, *, #2947, .T. ) ;
#844 = EDGE_LOOP ( 'NONE', ( #3299, #1067, #617, #2940 ) ) ;
#845 = CARTESIAN_POINT ( 'NONE',  ( -31.99999999999999289, -12.00000000000000000, -7.174999999999998934 ) ) ;
#846 = DIRECTION ( 'NONE',  ( -1.000000000000000000, 0.000000000000000000, 0.000000000000000000 ) ) ;
#847 = CIRCLE ( 'NONE', #105, 2.149999999999999023 ) ;
#848 = CARTESIAN_POINT ( 'NONE',  ( -37.00000000000000000, -7.999999999999965361, -49.99999999999994316 ) ) ;
#849 = EDGE_LOOP ( 'NONE', ( #1105, #3169 ) ) ;
#850 = VERTEX_POINT ( 'NONE', #599 ) ;
#851 = CIRCLE ( 'NONE', #271, 1.700000000000000178 ) ;
#852 = DIRECTION ( 'NONE',  ( 0.000000000000000000, -1.000000000000000000, 0.000000000000000000 ) ) ;
#853 = FACE_OUTER_BOUND ( 'NONE', #3522, .T. ) ;
#854 = CIRCLE ( 'NONE', #4709, 2.149999999999999023 ) ;
#855 = VECTOR ( 'NONE', #571, 1000.000000000000000 ) ;
#856 = ORIENTED_EDGE ( 'NONE', *, *, #336, .T. ) ;
#857 = CARTESIAN_POINT ( 'NONE',  ( -37.00000000000000000, -12.00000000000000000, -14.77499999999999858 ) ) ;
#858 = DIRECTION ( 'NONE',  ( 0.000000000000000000, 0.000000000000000000, 1.000000000000000000 ) ) ;
#859 = AXIS2_PLACEMENT_3D ( 'NONE', #4612, #287, #2714 ) ;
#860 = CARTESIAN_POINT ( 'NONE',  ( 32.00000000000000000, -12.00000000000000000, -39.62499999999999289 ) ) ;
#861 = CARTESIAN_POINT ( 'NONE',  ( -12.50000000000000355, 3.000000000000000000, -15.00000000000000000 ) ) ;
#862 = ORIENTED_EDGE ( 'NONE', *, *, #4937, .T. ) ;
#863 = EDGE_CURVE ( 'NONE', #254, #4742, #5080, .T. ) ;
#864 = ORIENTED_EDGE ( 'NONE', *, *, #614, .T. ) ;
#865 = DIRECTION ( 'NONE',  ( -0.000000000000000000, 1.000000000000000000, -0.000000000000000000 ) ) ;
#866 = ADVANCED_FACE ( 'NONE', ( #2896 ), #49, .F. ) ;
#867 = CYLINDRICAL_SURFACE ( 'NONE', #3667, 1.700000000000000178 ) ;
#868 = CIRCLE ( 'NONE', #128, 1.700000000000000178 ) ;
#869 = VERTEX_POINT ( 'NONE', #3686 ) ;
#870 = EDGE_CURVE ( 'NONE', #3109, #2834, #457, .T. ) ;
#871 = ORIENTED_EDGE ( 'NONE', *, *, #3371, .T. ) ;
#872 = LINE ( 'NONE', #2105, #1485 ) ;
#873 = FACE_OUTER_BOUND ( 'NONE', #4429, .T. ) ;
#874 = EDGE_CURVE ( 'NONE', #1517, #157, #4991, .T. ) ;
#875 = EDGE_CURVE ( 'NONE', #4085, #2037, #71, .T. ) ;
#876 = DIRECTION ( 'NONE',  ( -0.000000000000000000, 0.7071067811865474617, -0.7071067811865474617 ) ) ;
#877 = LINE ( 'NONE', #2501, #735 ) ;
#878 = ORIENTED_EDGE ( 'NONE', *, *, #1765, .F. ) ;
#879 = VERTEX_POINT ( 'NONE', #795 ) ;
#880 =( NAMED_UNIT ( * ) SI_UNIT ( $, .STERADIAN. ) SOLID_ANGLE_UNIT ( ) );
#881 = EDGE_CURVE ( 'NONE', #5167, #3384, #2969, .T. ) ;
#882 = CYLINDRICAL_SURFACE ( 'NONE', #3868, 2.250000000000000444 ) ;
#883 = CARTESIAN_POINT ( 'NONE',  ( -30.00000000000000355, -81.99999999999998579, 15.00000000000000355 ) ) ;
#884 = CYLINDRICAL_SURFACE ( 'NONE', #4675, 2.250000000000000444 ) ;
#885 = AXIS2_PLACEMENT_3D ( 'NONE', #3005, #4984, #270 ) ;
#886 = DIRECTION ( 'NONE',  ( 0.000000000000000000, 0.000000000000000000, 1.000000000000000000 ) ) ;
#887 = VERTEX_POINT ( 'NONE', #3290 ) ;
#888 = CARTESIAN_POINT ( 'NONE',  ( -37.00000000000000000, -12.00000000000000000, -37.47499999999999432 ) ) ;
#889 = EDGE_LOOP ( 'NONE', ( #2913, #1930, #729, #1175 ) ) ;
#890 = CYLINDRICAL_SURFACE ( 'NONE', #1526, 1.700000000000000178 ) ;
#891 = VECTOR ( 'NONE', #4965, 1000.000000000000000 ) ;
#892 = DIRECTION ( 'NONE',  ( -1.000000000000000000, 0.000000000000000000, 0.000000000000000000 ) ) ;
#893 = CARTESIAN_POINT ( 'NONE',  ( -30.00000000000000355, -0.000000000000000000, 0.000000000000000000 ) ) ;
#894 = VERTEX_POINT ( 'NONE', #1786 ) ;
#895 = ORIENTED_EDGE ( 'NONE', *, *, #3534, .T. ) ;
#896 = CARTESIAN_POINT ( 'NONE',  ( -27.75000000000000000, -22.00000000000000355, -54.49999999999999289 ) ) ;
#897 = CARTESIAN_POINT ( 'NONE',  ( 32.00000000000000000, -61.42000000000003013, -41.77499999999996305 ) ) ;
#898 = AXIS2_PLACEMENT_3D ( 'NONE', #200, #4158, #1735 ) ;
#899 = DIRECTION ( 'NONE',  ( -1.000000000000000000, -0.000000000000000000, -0.000000000000000000 ) ) ;
#900 = EDGE_CURVE ( 'NONE', #330, #2618, #1418, .T. ) ;
#901 = CYLINDRICAL_SURFACE ( 'NONE', #910, 1.700000000000000178 ) ;
#902 = EDGE_CURVE ( 'NONE', #2516, #1258, #3656, .T. ) ;
#903 = VERTEX_POINT ( 'NONE', #1813 ) ;
#904 = DIRECTION ( 'NONE',  ( -1.000000000000000000, -0.000000000000000000, -0.000000000000000000 ) ) ;
#905 = CARTESIAN_POINT ( 'NONE',  ( -27.75000000000000000, 3.000000000000000000, -33.99999999999999289 ) ) ;
#906 = VECTOR ( 'NONE', #141, 1000.000000000000000 ) ;
#907 = FACE_OUTER_BOUND ( 'NONE', #1047, .T. ) ;
#908 = AXIS2_PLACEMENT_3D ( 'NONE', #489, #4091, #1457 ) ;
#909 = EDGE_CURVE ( 'NONE', #4108, #3654, #973, .T. ) ;
#910 = AXIS2_PLACEMENT_3D ( 'NONE', #1200, #3233, #480 ) ;
#911 = FACE_BOUND ( 'NONE', #952, .T. ) ;
#912 = DIRECTION ( 'NONE',  ( -0.000000000000000000, 1.000000000000000000, -0.000000000000000000 ) ) ;
#913 = CYLINDRICAL_SURFACE ( 'NONE', #2777, 1.700000000000000178 ) ;
#914 = FACE_BOUND ( 'NONE', #3250, .T. ) ;
#915 = EDGE_LOOP ( 'NONE', ( #4716, #46 ) ) ;
#916 = DIRECTION ( 'NONE',  ( 0.000000000000000000, 0.7071067811865486830, -0.7071067811865464625 ) ) ;
#917 = CIRCLE ( 'NONE', #3181, 1.700000000000000178 ) ;
#918 = DIRECTION ( 'NONE',  ( 0.000000000000000000, -1.000000000000000000, 0.000000000000000000 ) ) ;
#919 = DIRECTION ( 'NONE',  ( 0.000000000000000000, -0.000000000000000000, 1.000000000000000000 ) ) ;
#920 = LINE ( 'NONE', #2130, #3841 ) ;
#921 = ORIENTED_EDGE ( 'NONE', *, *, #2864, .T. ) ;
#922 = ORIENTED_EDGE ( 'NONE', *, *, #3559, .F. ) ;
#923 = VECTOR ( 'NONE', #3805, 1000.000000000000000 ) ;
#924 = CYLINDRICAL_SURFACE ( 'NONE', #3675, 1.700000000000000178 ) ;
#925 = CYLINDRICAL_SURFACE ( 'NONE', #4957, 1.700000000000000178 ) ;
#926 = VECTOR ( 'NONE', #4935, 1000.000000000000000 ) ;
#927 = CIRCLE ( 'NONE', #2679, 2.250000000000000444 ) ;
#928 = DIRECTION ( 'NONE',  ( 0.000000000000000000, 0.000000000000000000, -1.000000000000000000 ) ) ;
#929 = ORIENTED_EDGE ( 'NONE', *, *, #4981, .F. ) ;
#930 = CARTESIAN_POINT ( 'NONE',  ( 46.00000000000002132, -12.00000000000000000, -37.47499999999999432 ) ) ;
#931 = DIRECTION ( 'NONE',  ( 0.000000000000000000, 0.000000000000000000, 1.000000000000000000 ) ) ;
#932 = EDGE_CURVE ( 'NONE', #2905, #3020, #466, .T. ) ;
#933 = AXIS2_PLACEMENT_3D ( 'NONE', #2227, #724, #5036 ) ;
#934 = CARTESIAN_POINT ( 'NONE',  ( 32.00000000000000000, -57.42000000000001592, 20.00000000000000355 ) ) ;
#935 = EDGE_CURVE ( 'NONE', #3206, #4890, #1804, .T. ) ;
#936 = VECTOR ( 'NONE', #916, 1000.000000000000000 ) ;
#937 = CIRCLE ( 'NONE', #193, 2.149999999999999023 ) ;
#938 = CARTESIAN_POINT ( 'NONE',  ( -37.00000000000000000, -61.42000000000001592, -22.47499999999999787 ) ) ;
#939 = ORIENTED_EDGE ( 'NONE', *, *, #1647, .F. ) ;
#940 = FACE_BOUND ( 'NONE', #4286, .T. ) ;
#941 = EDGE_LOOP ( 'NONE', ( #402, #584, #3119, #3857 ) ) ;
#942 = VERTEX_POINT ( 'NONE', #2530 ) ;
#943 = CIRCLE ( 'NONE', #2283, 2.299999999999996270 ) ;
#944 = DIRECTION ( 'NONE',  ( 0.000000000000000000, 0.000000000000000000, 1.000000000000000000 ) ) ;
#945 = CARTESIAN_POINT ( 'NONE',  ( 48.00000000000012079, -16.00000000000000000, -41.99999999999984368 ) ) ;
#946 = CARTESIAN_POINT ( 'NONE',  ( 27.75000000000000000, -22.00000000000000355, 35.69999999999999574 ) ) ;
#947 = EDGE_LOOP ( 'NONE', ( #1520, #1530, #3625, #2680 ) ) ;
#948 = ORIENTED_EDGE ( 'NONE', *, *, #3635, .F. ) ;
#949 = DIRECTION ( 'NONE',  ( 0.000000000000000000, 0.000000000000000000, 1.000000000000000000 ) ) ;
#950 = CARTESIAN_POINT ( 'NONE',  ( 32.00000000000000000, -12.00000000000000000, -17.02499999999999858 ) ) ;
#951 = CARTESIAN_POINT ( 'NONE',  ( -12.50000000000000355, 3.000000000000000000, 13.29999999999999893 ) ) ;
#952 = EDGE_LOOP ( 'NONE', ( #2581, #4398 ) ) ;
#953 = FACE_OUTER_BOUND ( 'NONE', #1727, .T. ) ;
#954 = CARTESIAN_POINT ( 'NONE',  ( 47.99999999999999289, -61.41999999999998749, 17.02499999999999858 ) ) ;
#955 = FACE_OUTER_BOUND ( 'NONE', #4969, .T. ) ;
#956 = EDGE_CURVE ( 'NONE', #3894, #3403, #1026, .T. ) ;
#957 = DIRECTION ( 'NONE',  ( 0.000000000000000000, 0.000000000000000000, -1.000000000000000000 ) ) ;
#958 = EDGE_LOOP ( 'NONE', ( #212, #4510 ) ) ;
#959 = EDGE_CURVE ( 'NONE', #3308, #1938, #2035, .T. ) ;
#960 = ORIENTED_EDGE ( 'NONE', *, *, #4369, .F. ) ;
#961 = EDGE_CURVE ( 'NONE', #1829, #4299, #4961, .T. ) ;
#962 = CARTESIAN_POINT ( 'NONE',  ( -43.99999999999987921, 0.000000000000000000, -38.49999999999999289 ) ) ;
#963 = ORIENTED_EDGE ( 'NONE', *, *, #4634, .F. ) ;
#964 = DIRECTION ( 'NONE',  ( 0.000000000000000000, -1.000000000000000000, 0.000000000000000000 ) ) ;
#965 = AXIS2_PLACEMENT_3D ( 'NONE', #2162, #2899, #3603 ) ;
#966 = DIRECTION ( 'NONE',  ( -0.000000000000000000, 1.000000000000000000, -0.000000000000000000 ) ) ;
#967 = FACE_BOUND ( 'NONE', #20, .T. ) ;
#968 = ORIENTED_EDGE ( 'NONE', *, *, #4656, .T. ) ;
#969 = ORIENTED_EDGE ( 'NONE', *, *, #5104, .F. ) ;
#970 = CIRCLE ( 'NONE', #228, 2.299999999999996270 ) ;
#971 = DIRECTION ( 'NONE',  ( -1.000000000000000000, 0.000000000000000000, 0.000000000000000000 ) ) ;
#972 = DIRECTION ( 'NONE',  ( -1.000000000000000000, 0.000000000000000000, 0.000000000000000000 ) ) ;
#973 = LINE ( 'NONE', #2579, #2731 ) ;
#974 = CARTESIAN_POINT ( 'NONE',  ( 37.00000000000000000, -64.99999999999998579, -49.99999999999994316 ) ) ;
#975 = EDGE_LOOP ( 'NONE', ( #1566, #4768 ) ) ;
#976 = CARTESIAN_POINT ( 'NONE',  ( -37.00000000000000000, -16.00000000000000000, 43.70000000000004547 ) ) ;
#977 = CYLINDRICAL_SURFACE ( 'NONE', #4725, 2.149999999999999023 ) ;
#978 = LINE ( 'NONE', #586, #3771 ) ;
#979 = CARTESIAN_POINT ( 'NONE',  ( -37.00000000000000000, -61.42000000000000171, -2.674999999999485123 ) ) ;
#980 = AXIS2_PLACEMENT_3D ( 'NONE', #328, #3448, #4338 ) ;
#981 = AXIS2_PLACEMENT_3D ( 'NONE', #3017, #3636, #2393 ) ;
#982 = CARTESIAN_POINT ( 'NONE',  ( -31.99999999999999289, -61.41999999999998749, 14.77499999999999858 ) ) ;
#983 = AXIS2_PLACEMENT_3D ( 'NONE', #4079, #2869, #1713 ) ;
#984 = CIRCLE ( 'NONE', #2327, 2.149999999999999023 ) ;
#985 = LINE ( 'NONE', #2640, #2524 ) ;
#986 = EDGE_LOOP ( 'NONE', ( #2094, #4391, #2619, #1636 ) ) ;
#987 = CIRCLE ( 'NONE', #1073, 1.700000000000000178 ) ;
#988 = ORIENTED_EDGE ( 'NONE', *, *, #5082, .T. ) ;
#989 = FACE_BOUND ( 'NONE', #4821, .T. ) ;
#990 = ORIENTED_EDGE ( 'NONE', *, *, #1797, .T. ) ;
#991 = CARTESIAN_POINT ( 'NONE',  ( -12.50000000000000355, -80.00000000000001421, -15.00000000000000000 ) ) ;
#992 = EDGE_CURVE ( 'NONE', #3634, #3532, #2277, .T. ) ;
#993 = EDGE_CURVE ( 'NONE', #4124, #2120, #3255, .T. ) ;
#994 = CARTESIAN_POINT ( 'NONE',  ( -50.00000000000000000, 3.000000000000000000, 62.49999999999999289 ) ) ;
#995 = UNCERTAINTY_MEASURE_WITH_UNIT (LENGTH_MEASURE( 1.000000000000000082E-05 ), #4328, 'distance_accuracy_value', 'NONE');
#996 = DIRECTION ( 'NONE',  ( -0.000000000000000000, 1.000000000000000000, -0.000000000000000000 ) ) ;
#997 = CYLINDRICAL_SURFACE ( 'NONE', #1562, 2.149999999999999023 ) ;
#998 = ORIENTED_EDGE ( 'NONE', *, *, #2515, .T. ) ;
#999 = ORIENTED_EDGE ( 'NONE', *, *, #1728, .T. ) ;
#1000 = LINE ( 'NONE', #651, #555 ) ;
#1001 = CARTESIAN_POINT ( 'NONE',  ( 37.00000000000000000, 0.000000000000000000, 50.00000000000006395 ) ) ;
#1002 = ADVANCED_FACE ( 'NONE', ( #1263 ), #165, .F. ) ;
#1003 = DIRECTION ( 'NONE',  ( -1.000000000000000000, 0.000000000000000000, 0.000000000000000000 ) ) ;
#1004 = VECTOR ( 'NONE', #2458, 1000.000000000000000 ) ;
#1005 = ORIENTED_EDGE ( 'NONE', *, *, #4597, .T. ) ;
#1006 = DIRECTION ( 'NONE',  ( -1.000000000000000000, -0.000000000000000000, -0.000000000000000000 ) ) ;
#1007 = CARTESIAN_POINT ( 'NONE',  ( -27.75000000000000000, 0.000000000000000000, -35.69999999999999574 ) ) ;
#1008 = CARTESIAN_POINT ( 'NONE',  ( 32.00000000000000000, -16.00000000000000000, -49.99999999999997158 ) ) ;
#1009 = DIRECTION ( 'NONE',  ( -1.000000000000000000, 0.000000000000000000, 5.551115123125785858E-15 ) ) ;
#1010 = CIRCLE ( 'NONE', #1522, 2.149999999999999023 ) ;
#1011 = CARTESIAN_POINT ( 'NONE',  ( 12.49999999999999645, 3.000000000000000000, 16.70000000000000284 ) ) ;
#1012 = ORIENTED_EDGE ( 'NONE', *, *, #3112, .F. ) ;
#1013 = ORIENTED_EDGE ( 'NONE', *, *, #479, .T. ) ;
#1014 = PLANE ( 'NONE',  #2011 ) ;
#1015 = EDGE_LOOP ( 'NONE', ( #185, #2463, #3322, #639 ) ) ;
#1016 = DIRECTION ( 'NONE',  ( -1.000000000000000000, 0.000000000000000000, 0.000000000000000000 ) ) ;
#1017 = AXIS2_PLACEMENT_3D ( 'NONE', #2629, #3739, #3787 ) ;
#1018 = CIRCLE ( 'NONE', #3363, 1.700000000000000178 ) ;
#1019 = DIRECTION ( 'NONE',  ( -1.000000000000000000, 0.000000000000000000, 0.000000000000000000 ) ) ;
#1020 = CIRCLE ( 'NONE', #2114, 2.250000000000000444 ) ;
#1021 = VERTEX_POINT ( 'NONE', #1362 ) ;
#1022 = VERTEX_POINT ( 'NONE', #3681 ) ;
#1023 = EDGE_CURVE ( 'NONE', #3449, #4783, #531, .T. ) ;
#1024 = DIRECTION ( 'NONE',  ( 0.000000000000000000, 0.000000000000000000, 1.000000000000000000 ) ) ;
#1025 = DIRECTION ( 'NONE',  ( 0.000000000000000000, 0.000000000000000000, 1.000000000000000000 ) ) ;
#1026 = LINE ( 'NONE', #4136, #2789 ) ;
#1027 = DIRECTION ( 'NONE',  ( 0.000000000000000000, 0.000000000000000000, 1.000000000000000000 ) ) ;
#1028 = EDGE_CURVE ( 'NONE', #324, #1856, #1310, .T. ) ;
#1029 = EDGE_LOOP ( 'NONE', ( #1605, #3520 ) ) ;
#1030 = EDGE_CURVE ( 'NONE', #2386, #4952, #4796, .T. ) ;
#1031 = DIRECTION ( 'NONE',  ( 0.000000000000000000, 0.000000000000000000, -1.000000000000000000 ) ) ;
#1032 = LINE ( 'NONE', #3819, #4111 ) ;
#1033 = EDGE_CURVE ( 'NONE', #3292, #3432, #1198, .T. ) ;
#1034 = DIRECTION ( 'NONE',  ( -0.000000000000000000, -1.000000000000000000, -0.000000000000000000 ) ) ;
#1035 = EDGE_LOOP ( 'NONE', ( #1837, #2945, #1960, #260 ) ) ;
#1036 = CIRCLE ( 'NONE', #1213, 2.250000000000000000 ) ;
#1037 = DIRECTION ( 'NONE',  ( 0.000000000000000000, 0.000000000000000000, -1.000000000000000000 ) ) ;
#1038 = EDGE_CURVE ( 'NONE', #1282, #219, #1296, .T. ) ;
#1039 = PLANE ( 'NONE',  #3094 ) ;
#1040 = EDGE_LOOP ( 'NONE', ( #4334, #843, #1076, #3993 ) ) ;
#1041 = LINE ( 'NONE', #2325, #2089 ) ;
#1042 = EDGE_LOOP ( 'NONE', ( #1519, #1912, #1809, #4950 ) ) ;
#1043 = DIRECTION ( 'NONE',  ( -0.000000000000000000, -0.000000000000000000, 1.000000000000000000 ) ) ;
#1044 = DIRECTION ( 'NONE',  ( 1.000000000000000000, 0.000000000000000000, 0.000000000000000000 ) ) ;
#1045 = DIRECTION ( 'NONE',  ( 0.000000000000000000, 1.000000000000000000, 0.000000000000000000 ) ) ;
#1046 = DIRECTION ( 'NONE',  ( -5.551115123125785858E-15, 0.000000000000000000, 1.000000000000000000 ) ) ;
#1047 = EDGE_LOOP ( 'NONE', ( #3960, #2860, #4320, #1059 ) ) ;
#1048 = ORIENTED_EDGE ( 'NONE', *, *, #2564, .F. ) ;
#1049 = LINE ( 'NONE', #605, #1896 ) ;
#1050 = DIRECTION ( 'NONE',  ( -1.000000000000000000, -0.000000000000000000, -0.000000000000000000 ) ) ;
#1051 = CYLINDRICAL_SURFACE ( 'NONE', #2321, 1.700000000000000178 ) ;
#1052 = VECTOR ( 'NONE', #676, 1000.000000000000000 ) ;
#1053 = EDGE_LOOP ( 'NONE', ( #3175, #401 ) ) ;
#1054 = DIRECTION ( 'NONE',  ( -0.000000000000000000, 3.469446951953614189E-16, -1.000000000000000000 ) ) ;
#1055 = CARTESIAN_POINT ( 'NONE',  ( 43.99999999999987921, 10.00000000000000000, -38.49999999999999289 ) ) ;
#1056 = ADVANCED_FACE ( 'NONE', ( #2504 ), #1230, .F. ) ;
#1057 = CARTESIAN_POINT ( 'NONE',  ( -37.00000000000000000, -61.42000000000000171, 7.175000000000515854 ) ) ;
#1058 = EDGE_CURVE ( 'NONE', #1092, #1544, #1855, .T. ) ;
#1059 = ORIENTED_EDGE ( 'NONE', *, *, #204, .T. ) ;
#1060 = DIRECTION ( 'NONE',  ( -1.000000000000000000, 0.000000000000000000, 0.000000000000000000 ) ) ;
#1061 = VECTOR ( 'NONE', #1314, 1000.000000000000000 ) ;
#1062 = CARTESIAN_POINT ( 'NONE',  ( 47.99999999999987210, -16.00000000000000000, -42.00000000000037659 ) ) ;
#1063 = AXIS2_PLACEMENT_3D ( 'NONE', #2986, #4916, #1317 ) ;
#1064 = EDGE_CURVE ( 'NONE', #3390, #4401, #3304, .T. ) ;
#1065 = DIRECTION ( 'NONE',  ( 0.000000000000000000, -1.000000000000000000, 0.000000000000000000 ) ) ;
#1066 = ORIENTED_EDGE ( 'NONE', *, *, #1956, .F. ) ;
#1067 = ORIENTED_EDGE ( 'NONE', *, *, #1285, .F. ) ;
#1068 = DIRECTION ( 'NONE',  ( 0.000000000000000000, 0.000000000000000000, -1.000000000000000000 ) ) ;
#1069 = ORIENTED_EDGE ( 'NONE', *, *, #4528, .F. ) ;
#1070 = AXIS2_PLACEMENT_3D ( 'NONE', #861, #8, #41 ) ;
#1071 = ORIENTED_EDGE ( 'NONE', *, *, #4628, .T. ) ;
#1072 = DIRECTION ( 'NONE',  ( 0.000000000000000000, 0.000000000000000000, -1.000000000000000000 ) ) ;
#1073 = AXIS2_PLACEMENT_3D ( 'NONE', #3268, #4876, #3421 ) ;
#1074 = CARTESIAN_POINT ( 'NONE',  ( -27.75000000000000000, 0.000000000000000000, 52.79999999999999005 ) ) ;
#1075 = VERTEX_POINT ( 'NONE', #3808 ) ;
#1076 = ORIENTED_EDGE ( 'NONE', *, *, #1346, .T. ) ;
#1077 = LINE ( 'NONE', #3444, #3151 ) ;
#1078 = FACE_OUTER_BOUND ( 'NONE', #2485, .T. ) ;
#1079 = DIRECTION ( 'NONE',  ( -0.000000000000000000, 1.000000000000000000, -0.000000000000000000 ) ) ;
#1080 = ORIENTED_EDGE ( 'NONE', *, *, #1509, .T. ) ;
#1081 = DIRECTION ( 'NONE',  ( 0.000000000000000000, -1.000000000000000000, 0.000000000000000000 ) ) ;
#1082 = DIRECTION ( 'NONE',  ( -1.000000000000000000, 0.000000000000000000, 0.000000000000000000 ) ) ;
#1083 = VECTOR ( 'NONE', #4640, 1000.000000000000000 ) ;
#1084 = DIRECTION ( 'NONE',  ( 0.000000000000000000, 0.000000000000000000, -1.000000000000000000 ) ) ;
#1085 = ORIENTED_EDGE ( 'NONE', *, *, #4715, .F. ) ;
#1086 = AXIS2_PLACEMENT_3D ( 'NONE', #3127, #3955, #4374 ) ;
#1087 = EDGE_CURVE ( 'NONE', #1436, #4333, #4293, .T. ) ;
#1088 = DIRECTION ( 'NONE',  ( -0.000000000000000000, -1.000000000000000000, -0.000000000000000000 ) ) ;
#1089 = DIRECTION ( 'NONE',  ( -1.000000000000000000, 0.000000000000000000, 0.000000000000000000 ) ) ;
#1090 = VECTOR ( 'NONE', #377, 1000.000000000000000 ) ;
#1091 = FACE_OUTER_BOUND ( 'NONE', #2627, .T. ) ;
#1092 = VERTEX_POINT ( 'NONE', #120 ) ;
#1093 = CARTESIAN_POINT ( 'NONE',  ( 32.00000000000000000, -75.00000000000000000, -49.99999999999997158 ) ) ;
#1094 = ORIENTED_EDGE ( 'NONE', *, *, #3933, .T. ) ;
#1095 = ORIENTED_EDGE ( 'NONE', *, *, #3238, .F. ) ;
#1096 = LINE ( 'NONE', #1940, #4214 ) ;
#1097 = EDGE_CURVE ( 'NONE', #2961, #297, #2492, .T. ) ;
#1098 = AXIS2_PLACEMENT_3D ( 'NONE', #4167, #116, #2199 ) ;
#1099 = VECTOR ( 'NONE', #3881, 1000.000000000000000 ) ;
#1100 = DIRECTION ( 'NONE',  ( 0.000000000000000000, 0.000000000000000000, -1.000000000000000000 ) ) ;
#1101 = DIRECTION ( 'NONE',  ( -1.000000000000000000, 0.000000000000000000, 0.000000000000000000 ) ) ;
#1102 = FACE_BOUND ( 'NONE', #594, .T. ) ;
#1103 = AXIS2_PLACEMENT_3D ( 'NONE', #5097, #276, #730 ) ;
#1104 = ORIENTED_EDGE ( 'NONE', *, *, #2278, .T. ) ;
#1105 = ORIENTED_EDGE ( 'NONE', *, *, #4497, .F. ) ;
#1106 = CIRCLE ( 'NONE', #1273, 2.250000000000000000 ) ;
#1107 = ORIENTED_EDGE ( 'NONE', *, *, #1286, .T. ) ;
#1108 = CARTESIAN_POINT ( 'NONE',  ( 47.99999999999999289, -12.00000000000000000, 17.02499999999999858 ) ) ;
#1109 = VECTOR ( 'NONE', #3111, 1000.000000000000000 ) ;
#1110 = AXIS2_PLACEMENT_3D ( 'NONE', #4152, #4075, #4474 ) ;
#1111 = DIRECTION ( 'NONE',  ( -0.000000000000000000, -1.000000000000000000, -0.000000000000000000 ) ) ;
#1112 = ORIENTED_EDGE ( 'NONE', *, *, #4974, .T. ) ;
#1113 = DIRECTION ( 'NONE',  ( -1.000000000000000000, 0.000000000000000000, 0.000000000000000000 ) ) ;
#1114 = CARTESIAN_POINT ( 'NONE',  ( -37.00000000000000000, -16.00000000000000000, 46.00000000000004263 ) ) ;
#1115 = AXIS2_PLACEMENT_3D ( 'NONE', #5116, #3030, #2622 ) ;
#1116 = DIRECTION ( 'NONE',  ( 0.000000000000000000, -1.000000000000000000, 0.000000000000000000 ) ) ;
#1117 = ORIENTED_EDGE ( 'NONE', *, *, #168, .F. ) ;
#1118 = CARTESIAN_POINT ( 'NONE',  ( 37.00000000000000000, -75.00000000000000000, -49.99999999999994316 ) ) ;
#1119 = DIRECTION ( 'NONE',  ( 1.000000000000000000, 0.000000000000000000, -5.551115123125785858E-15 ) ) ;
#1120 = CYLINDRICAL_SURFACE ( 'NONE', #2935, 2.149999999999999023 ) ;
#1121 = ORIENTED_EDGE ( 'NONE', *, *, #4529, .F. ) ;
#1122 = DIRECTION ( 'NONE',  ( 0.000000000000000000, 0.000000000000000000, 1.000000000000000000 ) ) ;
#1123 = VERTEX_POINT ( 'NONE', #4491 ) ;
#1124 = EDGE_LOOP ( 'NONE', ( #2274, #1324 ) ) ;
#1125 = DIRECTION ( 'NONE',  ( 0.000000000000000000, -1.000000000000000000, 0.000000000000000000 ) ) ;
#1126 = EDGE_CURVE ( 'NONE', #1591, #2224, #4546, .T. ) ;
#1127 = DIRECTION ( 'NONE',  ( -1.000000000000000000, 0.000000000000000000, 0.000000000000000000 ) ) ;
#1128 = EDGE_CURVE ( 'NONE', #370, #3651, #3328, .T. ) ;
#1129 = FACE_BOUND ( 'NONE', #414, .T. ) ;
#1130 = EDGE_CURVE ( 'NONE', #4783, #3987, #4172, .T. ) ;
#1131 = CARTESIAN_POINT ( 'NONE',  ( 47.99999999999999289, -61.41999999999998749, -14.77499999999999858 ) ) ;
#1132 = ORIENTED_EDGE ( 'NONE', *, *, #2507, .F. ) ;
#1133 = ORIENTED_EDGE ( 'NONE', *, *, #1381, .T. ) ;
#1134 = EDGE_LOOP ( 'NONE', ( #5087, #4804, #1897, #4845 ) ) ;
#1135 = DIRECTION ( 'NONE',  ( 0.000000000000000000, 0.000000000000000000, 1.000000000000000000 ) ) ;
#1136 = CARTESIAN_POINT ( 'NONE',  ( 67.99999999999997158, -51.00000000000000711, 48.30000000000005400 ) ) ;
#1137 = ORIENTED_EDGE ( 'NONE', *, *, #5072, .F. ) ;
#1138 = EDGE_CURVE ( 'NONE', #280, #2333, #3799, .T. ) ;
#1139 = CARTESIAN_POINT ( 'NONE',  ( 43.99999999999987921, 3.000000000000000000, -40.19999999999999574 ) ) ;
#1140 = CYLINDRICAL_SURFACE ( 'NONE', #661, 1.700000000000000178 ) ;
#1141 = AXIS2_PLACEMENT_3D ( 'NONE', #4895, #3743, #1297 ) ;
#1142 = DIRECTION ( 'NONE',  ( 0.000000000000000000, 1.000000000000000000, 0.000000000000000000 ) ) ;
#1143 = AXIS2_PLACEMENT_3D ( 'NONE', #4499, #4477, #949 ) ;
#1144 = ORIENTED_EDGE ( 'NONE', *, *, #1614, .T. ) ;
#1145 = ORIENTED_EDGE ( 'NONE', *, *, #391, .F. ) ;
#1146 = AXIS2_PLACEMENT_3D ( 'NONE', #4598, #1443, #1781 ) ;
#1147 = CARTESIAN_POINT ( 'NONE',  ( -32.00000000000000000, -51.00000000000000711, 43.70000000000003126 ) ) ;
#1148 = DIRECTION ( 'NONE',  ( -1.000000000000000000, 0.000000000000000000, 0.000000000000000000 ) ) ;
#1149 = DIRECTION ( 'NONE',  ( -1.000000000000000000, -0.000000000000000000, -0.000000000000000000 ) ) ;
#1150 = ORIENTED_EDGE ( 'NONE', *, *, #1991, .F. ) ;
#1151 = LINE ( 'NONE', #749, #2425 ) ;
#1152 = ORIENTED_EDGE ( 'NONE', *, *, #2894, .T. ) ;
#1153 = VERTEX_POINT ( 'NONE', #1308 ) ;
#1154 = DIRECTION ( 'NONE',  ( 0.000000000000000000, -1.000000000000000000, 0.000000000000000000 ) ) ;
#1155 = VECTOR ( 'NONE', #2001, 1000.000000000000000 ) ;
#1156 = DIRECTION ( 'NONE',  ( 0.000000000000000000, -1.000000000000000000, 0.000000000000000000 ) ) ;
#1157 = CARTESIAN_POINT ( 'NONE',  ( -44.00000000000000711, 3.000000000000000000, 50.49999999999998579 ) ) ;
#1158 = AXIS2_PLACEMENT_3D ( 'NONE', #3306, #1751, #3330 ) ;
#1159 = FACE_BOUND ( 'NONE', #3131, .T. ) ;
#1160 = ORIENTED_EDGE ( 'NONE', *, *, #2632, .T. ) ;
#1161 = EDGE_CURVE ( 'NONE', #143, #3946, #937, .T. ) ;
#1162 = ORIENTED_EDGE ( 'NONE', *, *, #870, .T. ) ;
#1163 = ORIENTED_EDGE ( 'NONE', *, *, #16, .F. ) ;
#1164 = DIRECTION ( 'NONE',  ( 0.000000000000000000, 0.000000000000000000, 1.000000000000000000 ) ) ;
#1165 = EDGE_CURVE ( 'NONE', #3987, #324, #3352, .T. ) ;
#1166 = AXIS2_PLACEMENT_3D ( 'NONE', #4508, #2510, #3182 ) ;
#1167 = DIRECTION ( 'NONE',  ( -0.000000000000000000, 1.000000000000000000, -0.000000000000000000 ) ) ;
#1168 = ORIENTED_EDGE ( 'NONE', *, *, #3822, .F. ) ;
#1169 = ORIENTED_EDGE ( 'NONE', *, *, #3141, .T. ) ;
#1170 = AXIS2_PLACEMENT_3D ( 'NONE', #4428, #1620, #4893 ) ;
#1171 = CARTESIAN_POINT ( 'NONE',  ( 27.75000000000000000, -22.00000000000000355, -52.79999999999999005 ) ) ;
#1172 = CARTESIAN_POINT ( 'NONE',  ( 46.00000000000002132, -12.00000000000000000, -26.77499999999999503 ) ) ;
#1173 = ADVANCED_FACE ( 'NONE', ( #2594 ), #2173, .F. ) ;
#1174 = LINE ( 'NONE', #2769, #1740 ) ;
#1175 = ORIENTED_EDGE ( 'NONE', *, *, #3665, .T. ) ;
#1176 = EDGE_LOOP ( 'NONE', ( #2921, #2643, #1207, #2378 ) ) ;
#1177 = DIRECTION ( 'NONE',  ( -0.000000000000000000, -1.000000000000000000, -0.000000000000000000 ) ) ;
#1178 = AXIS2_PLACEMENT_3D ( 'NONE', #640, #1464, #3028 ) ;
#1179 = ORIENTED_EDGE ( 'NONE', *, *, #3506, .T. ) ;
#1180 = CARTESIAN_POINT ( 'NONE',  ( 37.00000000000000000, -12.00000000000000000, -26.77499999999999503 ) ) ;
#1181 = VERTEX_POINT ( 'NONE', #190 ) ;
#1182 = DIRECTION ( 'NONE',  ( 0.000000000000000000, 0.000000000000000000, -1.000000000000000000 ) ) ;
#1183 = CIRCLE ( 'NONE', #4113, 2.299999999999996270 ) ;
#1184 = CARTESIAN_POINT ( 'NONE',  ( -37.00000000000000000, -61.42000000000000171, -7.174999999999485567 ) ) ;
#1185 = CARTESIAN_POINT ( 'NONE',  ( -37.00000000000000711, -19.04316770519905333, 50.00000000000006395 ) ) ;
#1186 = CARTESIAN_POINT ( 'NONE',  ( 32.00000000000000000, -12.00000000000000000, -39.62499999999999289 ) ) ;
#1187 = ORIENTED_EDGE ( 'NONE', *, *, #1640, .T. ) ;
#1188 = EDGE_LOOP ( 'NONE', ( #29, #3170 ) ) ;
#1189 = AXIS2_PLACEMENT_3D ( 'NONE', #784, #1601, #1653 ) ;
#1190 = ORIENTED_EDGE ( 'NONE', *, *, #778, .T. ) ;
#1191 = CYLINDRICAL_SURFACE ( 'NONE', #1350, 2.300000000000010481 ) ;
#1192 = LINE ( 'NONE', #67, #1395 ) ;
#1193 = AXIS2_PLACEMENT_3D ( 'NONE', #1795, #2878, #1718 ) ;
#1194 = VECTOR ( 'NONE', #832, 1000.000000000000000 ) ;
#1195 = ORIENTED_EDGE ( 'NONE', *, *, #369, .F. ) ;
#1196 = CARTESIAN_POINT ( 'NONE',  ( -37.00000000000000000, -12.00000000000000000, -24.62499999999999645 ) ) ;
#1197 = CARTESIAN_POINT ( 'NONE',  ( 68.00000000000000000, -47.95683229480111720, 49.99999999999948130 ) ) ;
#1198 = CIRCLE ( 'NONE', #3880, 2.149999999999999023 ) ;
#1199 = EDGE_CURVE ( 'NONE', #2092, #3375, #441, .T. ) ;
#1200 = CARTESIAN_POINT ( 'NONE',  ( -27.75000000000000000, -22.00000000000000355, 35.69999999999999574 ) ) ;
#1201 = EDGE_CURVE ( 'NONE', #2073, #2003, #4710, .T. ) ;
#1202 = EDGE_CURVE ( 'NONE', #1153, #1881, #2943, .T. ) ;
#1203 = VERTEX_POINT ( 'NONE', #4128 ) ;
#1204 = ORIENTED_EDGE ( 'NONE', *, *, #1130, .F. ) ;
#1205 = LINE ( 'NONE', #2455, #2356 ) ;
#1206 = DIRECTION ( 'NONE',  ( 0.000000000000000000, -0.000000000000000000, 1.000000000000000000 ) ) ;
#1207 = ORIENTED_EDGE ( 'NONE', *, *, #3143, .T. ) ;
#1208 = EDGE_CURVE ( 'NONE', #3917, #887, #2193, .T. ) ;
#1209 = DIRECTION ( 'NONE',  ( -0.000000000000000000, -1.000000000000000000, -0.000000000000000000 ) ) ;
#1210 = DIRECTION ( 'NONE',  ( -1.000000000000000000, -0.000000000000000000, -0.000000000000000000 ) ) ;
#1211 = CARTESIAN_POINT ( 'NONE',  ( 37.00000000000000000, -12.00000000000000000, -4.924999999999999822 ) ) ;
#1212 = DIRECTION ( 'NONE',  ( 0.000000000000000000, 0.000000000000000000, -1.000000000000000000 ) ) ;
#1213 = AXIS2_PLACEMENT_3D ( 'NONE', #3477, #5073, #2681 ) ;
#1214 = EDGE_LOOP ( 'NONE', ( #1983, #2858, #494, #825 ) ) ;
#1215 = EDGE_LOOP ( 'NONE', ( #960, #871, #895, #4027 ) ) ;
#1216 = ORIENTED_EDGE ( 'NONE', *, *, #3269, .T. ) ;
#1217 = CARTESIAN_POINT ( 'NONE',  ( -32.00000000000000000, -51.00000000000000711, 48.30000000000005400 ) ) ;
#1218 = CYLINDRICAL_SURFACE ( 'NONE', #3329, 2.250000000000001776 ) ;
#1219 = ORIENTED_EDGE ( 'NONE', *, *, #5140, .T. ) ;
#1220 = DIRECTION ( 'NONE',  ( -0.000000000000000000, 1.000000000000000000, -0.000000000000000000 ) ) ;
#1221 = CYLINDRICAL_SURFACE ( 'NONE', #839, 1.700000000000000178 ) ;
#1222 = FACE_OUTER_BOUND ( 'NONE', #3947, .T. ) ;
#1223 = VERTEX_POINT ( 'NONE', #994 ) ;
#1224 = ORIENTED_EDGE ( 'NONE', *, *, #484, .F. ) ;
#1225 = DIRECTION ( 'NONE',  ( 3.925231146709446471E-15, 0.7071067811865463515, 0.7071067811865486830 ) ) ;
#1226 = EDGE_CURVE ( 'NONE', #5161, #3628, #2203, .T. ) ;
#1227 = VECTOR ( 'NONE', #692, 1000.000000000000000 ) ;
#1228 = ORIENTED_EDGE ( 'NONE', *, *, #3098, .T. ) ;
#1229 = DIRECTION ( 'NONE',  ( 0.000000000000000000, -1.000000000000000000, 0.000000000000000000 ) ) ;
#1230 = CYLINDRICAL_SURFACE ( 'NONE', #683, 1.700000000000000178 ) ;
#1231 = DIRECTION ( 'NONE',  ( -1.000000000000000000, -0.000000000000000000, -0.000000000000000000 ) ) ;
#1232 = EDGE_CURVE ( 'NONE', #1123, #4586, #3280, .T. ) ;
#1233 = LINE ( 'NONE', #4772, #2532 ) ;
#1234 = CARTESIAN_POINT ( 'NONE',  ( 47.99999999999999289, -12.00000000000000000, -7.174999999999998934 ) ) ;
#1235 = ORIENTED_EDGE ( 'NONE', *, *, #4526, .T. ) ;
#1236 = ORIENTED_EDGE ( 'NONE', *, *, #3305, .F. ) ;
#1237 = CYLINDRICAL_SURFACE ( 'NONE', #3876, 1.700000000000000178 ) ;
#1238 = MANIFOLD_SOLID_BREP ( '\X2\501289d2\X0\2', #744 ) ;
#1239 = AXIS2_PLACEMENT_3D ( 'NONE', #2580, #1003, #1814 ) ;
#1240 = CARTESIAN_POINT ( 'NONE',  ( -37.00000000000000000, -61.42000000000001592, -24.62499999999999645 ) ) ;
#1241 = VERTEX_POINT ( 'NONE', #3054 ) ;
#1242 = DIRECTION ( 'NONE',  ( -3.925231146709444104E-15, 0.7071067811865466846, -0.7071067811865483499 ) ) ;
#1243 = CARTESIAN_POINT ( 'NONE',  ( -43.99999999999987921, 0.000000000000000000, -38.49999999999999289 ) ) ;
#1244 = CARTESIAN_POINT ( 'NONE',  ( -20.00000000000000000, -81.99999999999998579, 15.00000000000000355 ) ) ;
#1245 = AXIS2_PLACEMENT_3D ( 'NONE', #740, #2342, #3959 ) ;
#1246 = ORIENTED_EDGE ( 'NONE', *, *, #528, .F. ) ;
#1247 = VERTEX_POINT ( 'NONE', #1523 ) ;
#1248 = CARTESIAN_POINT ( 'NONE',  ( -50.00000000000000000, 0.000000000000000000, -62.50000000000000000 ) ) ;
#1249 = ADVANCED_FACE ( 'NONE', ( #4276 ), #4959, .F. ) ;
#1250 = ORIENTED_EDGE ( 'NONE', *, *, #3956, .F. ) ;
#1251 = CYLINDRICAL_SURFACE ( 'NONE', #2926, 1.700000000000000178 ) ;
#1252 = DIRECTION ( 'NONE',  ( 0.000000000000000000, 0.000000000000000000, -1.000000000000000000 ) ) ;
#1253 = CARTESIAN_POINT ( 'NONE',  ( 37.00000000000000000, -16.00000000000000000, 48.30000000000003979 ) ) ;
#1254 = CIRCLE ( 'NONE', #255, 1.700000000000000178 ) ;
#1255 = DIRECTION ( 'NONE',  ( 0.000000000000000000, 0.000000000000000000, -1.000000000000000000 ) ) ;
#1256 = EDGE_CURVE ( 'NONE', #4766, #4085, #2108, .T. ) ;
#1257 = EDGE_CURVE ( 'NONE', #2224, #4890, #674, .T. ) ;
#1258 = VERTEX_POINT ( 'NONE', #1833 ) ;
#1259 = DIRECTION ( 'NONE',  ( 0.000000000000000000, -1.000000000000000000, 0.000000000000000000 ) ) ;
#1260 = CIRCLE ( 'NONE', #4530, 2.299999999999996270 ) ;
#1261 = CARTESIAN_POINT ( 'NONE',  ( 27.75000000000000000, -22.00000000000000355, -35.69999999999999574 ) ) ;
#1262 = VECTOR ( 'NONE', #2566, 1000.000000000000000 ) ;
#1263 = FACE_OUTER_BOUND ( 'NONE', #2419, .T. ) ;
#1264 = ORIENTED_EDGE ( 'NONE', *, *, #3725, .F. ) ;
#1265 = CARTESIAN_POINT ( 'NONE',  ( -37.00000000000000000, -16.00000000000000000, 20.00000000000001066 ) ) ;
#1266 = LINE ( 'NONE', #2422, #5117 ) ;
#1267 = EDGE_CURVE ( 'NONE', #351, #338, #362, .T. ) ;
#1268 = AXIS2_PLACEMENT_3D ( 'NONE', #4872, #2086, #208 ) ;
#1269 = LINE ( 'NONE', #72, #5016 ) ;
#1270 = VERTEX_POINT ( 'NONE', #701 ) ;
#1271 = DIRECTION ( 'NONE',  ( -1.000000000000000000, -0.000000000000000000, -0.000000000000000000 ) ) ;
#1272 = VECTOR ( 'NONE', #2835, 1000.000000000000000 ) ;
#1273 = AXIS2_PLACEMENT_3D ( 'NONE', #1211, #5148, #4357 ) ;
#1274 = AXIS2_PLACEMENT_3D ( 'NONE', #991, #215, #944 ) ;
#1275 = CARTESIAN_POINT ( 'NONE',  ( 37.00000000000000000, -12.00000000000000000, -7.174999999999998934 ) ) ;
#1276 = FACE_BOUND ( 'NONE', #3429, .T. ) ;
#1277 = DIRECTION ( 'NONE',  ( 1.000000000000000000, 0.000000000000000000, -0.000000000000000000 ) ) ;
#1278 = DIRECTION ( 'NONE',  ( 0.000000000000000000, 0.000000000000000000, -1.000000000000000000 ) ) ;
#1279 = ORIENTED_EDGE ( 'NONE', *, *, #1640, .F. ) ;
#1280 = DIRECTION ( 'NONE',  ( -0.000000000000000000, 1.000000000000000000, -0.000000000000000000 ) ) ;
#1281 = ORIENTED_EDGE ( 'NONE', *, *, #669, .T. ) ;
#1282 = VERTEX_POINT ( 'NONE', #3436 ) ;
#1283 = FACE_OUTER_BOUND ( 'NONE', #3240, .T. ) ;
#1284 = EDGE_CURVE ( 'NONE', #942, #1965, #216, .T. ) ;
#1285 = EDGE_CURVE ( 'NONE', #2748, #4308, #3863, .T. ) ;
#1286 = EDGE_CURVE ( 'NONE', #1517, #1680, #2646, .T. ) ;
#1287 = CARTESIAN_POINT ( 'NONE',  ( -44.00000000000000711, 3.000000000000000000, 50.49999999999998579 ) ) ;
#1288 = DIRECTION ( 'NONE',  ( -0.000000000000000000, -0.000000000000000000, -1.000000000000000000 ) ) ;
#1289 = ORIENTED_EDGE ( 'NONE', *, *, #329, .T. ) ;
#1290 = ORIENTED_EDGE ( 'NONE', *, *, #3426, .F. ) ;
#1291 = DIRECTION ( 'NONE',  ( -0.000000000000000000, 1.000000000000000000, -0.000000000000000000 ) ) ;
#1292 = DIRECTION ( 'NONE',  ( -0.000000000000000000, -1.000000000000000000, -0.000000000000000000 ) ) ;
#1293 = EDGE_CURVE ( 'NONE', #4585, #2649, #2303, .T. ) ;
#1294 = CARTESIAN_POINT ( 'NONE',  ( 47.99999999999999289, -12.00000000000000000, 4.924999999999999822 ) ) ;
#1295 = ORIENTED_EDGE ( 'NONE', *, *, #4470, .F. ) ;
#1296 = LINE ( 'NONE', #930, #35 ) ;
#1297 = DIRECTION ( 'NONE',  ( 0.000000000000000000, 0.000000000000000000, 1.000000000000000000 ) ) ;
#1298 = CARTESIAN_POINT ( 'NONE',  ( 37.00000000000000000, -75.00000000000000000, 50.00000000000006395 ) ) ;
#1299 = FACE_BOUND ( 'NONE', #2115, .T. ) ;
#1300 = DIRECTION ( 'NONE',  ( -1.000000000000000000, -0.000000000000000000, -0.000000000000000000 ) ) ;
#1301 = CIRCLE ( 'NONE', #965, 2.250000000000000444 ) ;
#1302 = DIRECTION ( 'NONE',  ( 0.000000000000000000, 0.000000000000000000, 1.000000000000000000 ) ) ;
#1303 = ORIENTED_EDGE ( 'NONE', *, *, #2216, .T. ) ;
#1304 = FACE_BOUND ( 'NONE', #2145, .T. ) ;
#1305 = VERTEX_POINT ( 'NONE', #2251 ) ;
#1306 = ORIENTED_EDGE ( 'NONE', *, *, #1407, .F. ) ;
#1307 = CARTESIAN_POINT ( 'NONE',  ( -31.99999999999999289, -12.00000000000000000, 4.924999999999999822 ) ) ;
#1308 = CARTESIAN_POINT ( 'NONE',  ( -43.99999999999975131, 3.000000000000000000, 28.19999999999998863 ) ) ;
#1309 = DIRECTION ( 'NONE',  ( 0.000000000000000000, 0.000000000000000000, 1.000000000000000000 ) ) ;
#1310 = LINE ( 'NONE', #1686, #278 ) ;
#1311 = EDGE_LOOP ( 'NONE', ( #1132, #3550, #2264, #1703 ) ) ;
#1312 = ORIENTED_EDGE ( 'NONE', *, *, #3891, .T. ) ;
#1313 = EDGE_CURVE ( 'NONE', #2787, #2674, #2783, .T. ) ;
#1314 = DIRECTION ( 'NONE',  ( 0.000000000000000000, 0.000000000000000000, 1.000000000000000000 ) ) ;
#1315 = DIRECTION ( 'NONE',  ( -1.000000000000000000, -0.000000000000000000, -0.000000000000000000 ) ) ;
#1316 = CIRCLE ( 'NONE', #3927, 1.700000000000000178 ) ;
#1317 = DIRECTION ( 'NONE',  ( 0.000000000000000000, 0.000000000000000000, 1.000000000000000000 ) ) ;
#1318 = ORIENTED_EDGE ( 'NONE', *, *, #992, .F. ) ;
#1319 = CIRCLE ( 'NONE', #983, 2.250000000000000444 ) ;
#1320 = CIRCLE ( 'NONE', #642, 1.700000000000000178 ) ;
#1321 = EDGE_CURVE ( 'NONE', #2653, #1649, #1610, .T. ) ;
#1322 = CARTESIAN_POINT ( 'NONE',  ( 43.99999999999987921, 10.00000000000000000, 38.49999999999999289 ) ) ;
#1323 = CIRCLE ( 'NONE', #2917, 1.700000000000000178 ) ;
#1324 = ORIENTED_EDGE ( 'NONE', *, *, #4171, .F. ) ;
#1325 = FACE_BOUND ( 'NONE', #2810, .T. ) ;
#1326 = CARTESIAN_POINT ( 'NONE',  ( -37.00000000000000000, -61.42000000000003013, -41.77499999999996305 ) ) ;
#1327 = VERTEX_POINT ( 'NONE', #1467 ) ;
#1328 = VERTEX_POINT ( 'NONE', #3406 ) ;
#1329 = FACE_BOUND ( 'NONE', #1330, .T. ) ;
#1330 = EDGE_LOOP ( 'NONE', ( #3156, #4841 ) ) ;
#1331 = VERTEX_POINT ( 'NONE', #3492 ) ;
#1332 = CARTESIAN_POINT ( 'NONE',  ( 47.99999999999999289, -16.00000000000000000, 20.00000000000000355 ) ) ;
#1333 = AXIS2_PLACEMENT_3D ( 'NONE', #1424, #2635, #4088 ) ;
#1334 = FILL_AREA_STYLE ('',( #139 ) ) ;
#1335 = CARTESIAN_POINT ( 'NONE',  ( 20.00000000000000000, -81.99999999999998579, 15.00000000000000355 ) ) ;
#1336 = ORIENTED_EDGE ( 'NONE', *, *, #2803, .F. ) ;
#1337 = ORIENTED_EDGE ( 'NONE', *, *, #666, .T. ) ;
#1338 = AXIS2_PLACEMENT_3D ( 'NONE', #456, #794, #2472 ) ;
#1339 = CARTESIAN_POINT ( 'NONE',  ( -37.00000000000000000, -16.00000000000000000, 48.30000000000003979 ) ) ;
#1340 = CYLINDRICAL_SURFACE ( 'NONE', #2111, 2.149999999999999023 ) ;
#1341 = CIRCLE ( 'NONE', #2017, 1.700000000000000178 ) ;
#1342 = CARTESIAN_POINT ( 'NONE',  ( 37.00000000000000000, -64.99999999999998579, 50.00000000000006395 ) ) ;
#1343 = ORIENTED_EDGE ( 'NONE', *, *, #2439, .T. ) ;
#1344 = VECTOR ( 'NONE', #2244, 1000.000000000000000 ) ;
#1345 = ADVANCED_FACE ( 'NONE', ( #5090 ), #1494, .F. ) ;
#1346 = EDGE_CURVE ( 'NONE', #4324, #670, #4127, .T. ) ;
#1347 = EDGE_CURVE ( 'NONE', #3378, #1021, #3283, .T. ) ;
#1348 = VECTOR ( 'NONE', #4635, 1000.000000000000000 ) ;
#1349 = CARTESIAN_POINT ( 'NONE',  ( 20.00000000000000000, -81.99999999999998579, 15.00000000000000355 ) ) ;
#1350 = AXIS2_PLACEMENT_3D ( 'NONE', #789, #2069, #3202 ) ;
#1351 = DIRECTION ( 'NONE',  ( -1.000000000000000000, -0.000000000000000000, -0.000000000000000000 ) ) ;
#1352 = EDGE_CURVE ( 'NONE', #88, #4827, #2723, .T. ) ;
#1353 = ORIENTED_EDGE ( 'NONE', *, *, #2694, .T. ) ;
#1354 = ORIENTED_EDGE ( 'NONE', *, *, #1293, .F. ) ;
#1355 = FACE_BOUND ( 'NONE', #2960, .T. ) ;
#1356 = VERTEX_POINT ( 'NONE', #1253 ) ;
#1357 = AXIS2_PLACEMENT_3D ( 'NONE', #1885, #2249, #2329 ) ;
#1358 = CARTESIAN_POINT ( 'NONE',  ( 27.75000000000000000, -22.00000000000000355, -54.49999999999999289 ) ) ;
#1359 = CARTESIAN_POINT ( 'NONE',  ( 12.49999999999999645, -80.00000000000001421, 13.30000000000000249 ) ) ;
#1360 = DIRECTION ( 'NONE',  ( 0.000000000000000000, 1.000000000000000000, 0.000000000000000000 ) ) ;
#1361 = DIRECTION ( 'NONE',  ( 0.000000000000000000, 1.000000000000000000, 0.000000000000000000 ) ) ;
#1362 = CARTESIAN_POINT ( 'NONE',  ( -37.00000000000000000, -61.41999999999998749, 17.02499999999999858 ) ) ;
#1363 = ORIENTED_EDGE ( 'NONE', *, *, #2894, .F. ) ;
#1364 = ORIENTED_EDGE ( 'NONE', *, *, #3370, .T. ) ;
#1365 = CYLINDRICAL_SURFACE ( 'NONE', #4501, 2.250000000000001776 ) ;
#1366 = DIRECTION ( 'NONE',  ( -1.000000000000000000, 0.000000000000000000, 0.000000000000000000 ) ) ;
#1367 = DIRECTION ( 'NONE',  ( -1.000000000000000000, 0.000000000000000000, 0.000000000000000000 ) ) ;
#1368 = DIRECTION ( 'NONE',  ( 0.000000000000000000, 0.000000000000000000, 1.000000000000000000 ) ) ;
#1369 = ORIENTED_EDGE ( 'NONE', *, *, #4112, .T. ) ;
#1370 = DIRECTION ( 'NONE',  ( -1.000000000000000000, 0.000000000000000000, 0.000000000000000000 ) ) ;
#1371 = APPLICATION_PROTOCOL_DEFINITION ( 'draft international standard', 'automotive_design', 1998, #1438 ) ;
#1372 = EDGE_CURVE ( 'NONE', #1305, #3489, #3997, .T. ) ;
#1373 = EDGE_CURVE ( 'NONE', #219, #3838, #4542, .T. ) ;
#1374 = DIRECTION ( 'NONE',  ( -1.000000000000000000, 0.000000000000000000, -0.000000000000000000 ) ) ;
#1375 = CARTESIAN_POINT ( 'NONE',  ( 44.00000000000000711, 10.00000000000000000, 52.19999999999998863 ) ) ;
#1376 = VERTEX_POINT ( 'NONE', #2854 ) ;
#1377 = ORIENTED_EDGE ( 'NONE', *, *, #3434, .T. ) ;
#1378 = CYLINDRICAL_SURFACE ( 'NONE', #2938, 1.700000000000000178 ) ;
#1379 = EDGE_LOOP ( 'NONE', ( #2435, #619, #4992, #5013 ) ) ;
#1380 = FACE_OUTER_BOUND ( 'NONE', #2849, .T. ) ;
#1381 = EDGE_CURVE ( 'NONE', #2333, #280, #1018, .T. ) ;
#1382 = AXIS2_PLACEMENT_3D ( 'NONE', #3388, #1367, #4989 ) ;
#1383 = DIRECTION ( 'NONE',  ( 0.000000000000000000, 0.000000000000000000, 1.000000000000000000 ) ) ;
#1384 = CARTESIAN_POINT ( 'NONE',  ( -32.00000000000000000, -16.00000000000000000, 48.30000000000003979 ) ) ;
#1385 = VERTEX_POINT ( 'NONE', #5170 ) ;
#1386 = ORIENTED_EDGE ( 'NONE', *, *, #2920, .F. ) ;
#1387 = DIRECTION ( 'NONE',  ( 0.000000000000000000, 0.000000000000000000, 1.000000000000000000 ) ) ;
#1388 = DIRECTION ( 'NONE',  ( -1.000000000000000000, 0.000000000000000000, 0.000000000000000000 ) ) ;
#1389 = DIRECTION ( 'NONE',  ( 0.000000000000000000, 0.000000000000000000, -1.000000000000000000 ) ) ;
#1390 = VERTEX_POINT ( 'NONE', #3974 ) ;
#1391 = CARTESIAN_POINT ( 'NONE',  ( 50.00000000000000000, 3.000000000000000000, 62.49999999999999289 ) ) ;
#1392 = CARTESIAN_POINT ( 'NONE',  ( -37.00000000000000000, -12.00000000000000000, -22.47499999999999787 ) ) ;
#1393 = CIRCLE ( 'NONE', #1239, 2.149999999999999023 ) ;
#1394 = DIRECTION ( 'NONE',  ( -0.000000000000000000, 1.000000000000000000, -0.000000000000000000 ) ) ;
#1395 = VECTOR ( 'NONE', #1288, 1000.000000000000000 ) ;
#1396 = CIRCLE ( 'NONE', #4591, 1.700000000000000178 ) ;
#1397 = CARTESIAN_POINT ( 'NONE',  ( -37.00000000000000000, -7.999999999999965361, -49.99999999999994316 ) ) ;
#1398 = VECTOR ( 'NONE', #4932, 1000.000000000000000 ) ;
#1399 = EDGE_CURVE ( 'NONE', #1092, #3571, #1106, .T. ) ;
#1400 = CARTESIAN_POINT ( 'NONE',  ( -27.75000000000000000, -22.00000000000000355, 54.49999999999999289 ) ) ;
#1401 = ORIENTED_EDGE ( 'NONE', *, *, #2543, .T. ) ;
#1402 = CIRCLE ( 'NONE', #4349, 2.250000000000000000 ) ;
#1403 = ORIENTED_EDGE ( 'NONE', *, *, #4944, .F. ) ;
#1404 = FACE_BOUND ( 'NONE', #4071, .T. ) ;
#1405 = VERTEX_POINT ( 'NONE', #2018 ) ;
#1406 = LINE ( 'NONE', #1724, #602 ) ;
#1407 = EDGE_CURVE ( 'NONE', #1821, #4309, #3966, .T. ) ;
#1408 =( NAMED_UNIT ( * ) PLANE_ANGLE_UNIT ( ) SI_UNIT ( $, .RADIAN. ) );
#1409 = EDGE_CURVE ( 'NONE', #2748, #4809, #4206, .T. ) ;
#1410 = CARTESIAN_POINT ( 'NONE',  ( 37.00000000000000000, 0.000000000000000000, -49.99999999999994316 ) ) ;
#1411 = EDGE_CURVE ( 'NONE', #1965, #5107, #808, .T. ) ;
#1412 = DIRECTION ( 'NONE',  ( -1.000000000000000000, 0.000000000000000000, 0.000000000000000000 ) ) ;
#1413 = ORIENTED_EDGE ( 'NONE', *, *, #4304, .F. ) ;
#1414 = ORIENTED_EDGE ( 'NONE', *, *, #140, .T. ) ;
#1415 = CARTESIAN_POINT ( 'NONE',  ( -30.00000000000000355, 3.000000000000000000, 15.00000000000000355 ) ) ;
#1416 = CARTESIAN_POINT ( 'NONE',  ( 37.00000000000000000, -16.00000000000000000, -41.99999999999990763 ) ) ;
#1417 = VECTOR ( 'NONE', #1220, 1000.000000000000000 ) ;
#1418 = LINE ( 'NONE', #3788, #712 ) ;
#1419 = LINE ( 'NONE', #2605, #1586 ) ;
#1420 = VECTOR ( 'NONE', #4978, 1000.000000000000000 ) ;
#1421 = VERTEX_POINT ( 'NONE', #4462 ) ;
#1422 = EDGE_CURVE ( 'NONE', #459, #2719, #5041, .T. ) ;
#1423 = CYLINDRICAL_SURFACE ( 'NONE', #981, 1.700000000000000178 ) ;
#1424 = CARTESIAN_POINT ( 'NONE',  ( 47.99999999999999289, -12.00000000000000000, -4.924999999999999822 ) ) ;
#1425 = CIRCLE ( 'NONE', #2097, 1.700000000000000178 ) ;
#1426 = CIRCLE ( 'NONE', #3344, 2.149999999999999023 ) ;
#1427 = DIRECTION ( 'NONE',  ( 0.000000000000000000, -0.000000000000000000, 1.000000000000000000 ) ) ;
#1428 = VERTEX_POINT ( 'NONE', #3943 ) ;
#1429 = VECTOR ( 'NONE', #564, 1000.000000000000000 ) ;
#1430 = DIRECTION ( 'NONE',  ( 0.000000000000000000, -0.7071067811865474617, 0.7071067811865474617 ) ) ;
#1431 = VECTOR ( 'NONE', #1177, 1000.000000000000000 ) ;
#1432 = CARTESIAN_POINT ( 'NONE',  ( -37.00000000000000000, -12.00000000000000000, -12.52499999999999858 ) ) ;
#1433 = ORIENTED_EDGE ( 'NONE', *, *, #307, .F. ) ;
#1434 = VERTEX_POINT ( 'NONE', #4801 ) ;
#1435 = DIRECTION ( 'NONE',  ( -1.000000000000000000, -0.000000000000000000, -0.000000000000000000 ) ) ;
#1436 = VERTEX_POINT ( 'NONE', #419 ) ;
#1437 = CARTESIAN_POINT ( 'NONE',  ( 43.99999999999987921, 10.00000000000000000, -36.79999999999999005 ) ) ;
#1438 = APPLICATION_CONTEXT ( 'automotive_design' ) ;
#1439 = AXIS2_PLACEMENT_3D ( 'NONE', #4988, #1388, #4602 ) ;
#1440 = VECTOR ( 'NONE', #2279, 1000.000000000000000 ) ;
#1441 = LINE ( 'NONE', #242, #4342 ) ;
#1442 = AXIS2_PLACEMENT_3D ( 'NONE', #3517, #3889, #293 ) ;
#1443 = DIRECTION ( 'NONE',  ( -1.000000000000000000, 0.000000000000000000, 0.000000000000000000 ) ) ;
#1444 = ORIENTED_EDGE ( 'NONE', *, *, #3990, .F. ) ;
#1445 = EDGE_CURVE ( 'NONE', #3333, #2475, #3454, .T. ) ;
#1446 = EDGE_LOOP ( 'NONE', ( #772, #3888 ) ) ;
#1447 = CARTESIAN_POINT ( 'NONE',  ( -37.00000000000000000, -16.00000000000000000, 46.00000000000004263 ) ) ;
#1448 = DIRECTION ( 'NONE',  ( 0.000000000000000000, 0.000000000000000000, 1.000000000000000000 ) ) ;
#1449 = EDGE_CURVE ( 'NONE', #2547, #1465, #1990, .T. ) ;
#1450 = EDGE_CURVE ( 'NONE', #751, #2668, #3194, .T. ) ;
#1451 = CARTESIAN_POINT ( 'NONE',  ( 27.75000000000000000, 3.000000000000000000, 54.49999999999999289 ) ) ;
#1452 = DIRECTION ( 'NONE',  ( -1.000000000000000000, -0.000000000000000000, -0.000000000000000000 ) ) ;
#1453 = VERTEX_POINT ( 'NONE', #3140 ) ;
#1454 = CYLINDRICAL_SURFACE ( 'NONE', #2091, 1.700000000000000178 ) ;
#1455 = CARTESIAN_POINT ( 'NONE',  ( -27.75000000000000000, 3.000000000000000000, 33.99999999999999289 ) ) ;
#1456 = EDGE_CURVE ( 'NONE', #4458, #1744, #40, .T. ) ;
#1457 = DIRECTION ( 'NONE',  ( 0.000000000000000000, 0.000000000000000000, 1.000000000000000000 ) ) ;
#1458 = VERTEX_POINT ( 'NONE', #3591 ) ;
#1459 = LINE ( 'NONE', #3824, #3099 ) ;
#1460 = LINE ( 'NONE', #1062, #1893 ) ;
#1461 = FACE_OUTER_BOUND ( 'NONE', #4563, .T. ) ;
#1462 = VERTEX_POINT ( 'NONE', #1600 ) ;
#1463 = ORIENTED_EDGE ( 'NONE', *, *, #3439, .T. ) ;
#1464 = DIRECTION ( 'NONE',  ( 0.000000000000000000, -1.000000000000000000, 0.000000000000000000 ) ) ;
#1465 = VERTEX_POINT ( 'NONE', #1184 ) ;
#1466 = CARTESIAN_POINT ( 'NONE',  ( -27.75000000000000000, 0.000000000000000000, 56.19999999999999574 ) ) ;
#1467 = CARTESIAN_POINT ( 'NONE',  ( 12.49999999999999645, 0.000000000000000000, -16.70000000000000284 ) ) ;
#1468 = LINE ( 'NONE', #350, #238 ) ;
#1469 = CARTESIAN_POINT ( 'NONE',  ( 43.99999999999987921, 0.000000000000000000, -40.19999999999999574 ) ) ;
#1470 = ORIENTED_EDGE ( 'NONE', *, *, #4555, .T. ) ;
#1471 = ORIENTED_EDGE ( 'NONE', *, *, #3040, .F. ) ;
#1472 = DIRECTION ( 'NONE',  ( -0.000000000000000000, -0.000000000000000000, -1.000000000000000000 ) ) ;
#1473 = DIRECTION ( 'NONE',  ( -1.000000000000000000, -0.000000000000000000, -0.000000000000000000 ) ) ;
#1474 = ADVANCED_FACE ( 'NONE', ( #1969 ), #3567, .F. ) ;
#1475 = DIRECTION ( 'NONE',  ( 0.000000000000000000, 0.000000000000000000, 1.000000000000000000 ) ) ;
#1476 = EDGE_CURVE ( 'NONE', #143, #1462, #1233, .T. ) ;
#1477 = AXIS2_PLACEMENT_3D ( 'NONE', #1646, #189, #162 ) ;
#1478 = ORIENTED_EDGE ( 'NONE', *, *, #479, .F. ) ;
#1479 = FACE_OUTER_BOUND ( 'NONE', #1042, .T. ) ;
#1480 = CARTESIAN_POINT ( 'NONE',  ( 47.99999999999999289, -61.42000000000000171, -7.174999999999485567 ) ) ;
#1481 = DIRECTION ( 'NONE',  ( -0.000000000000000000, -1.000000000000000000, -0.000000000000000000 ) ) ;
#1482 = ADVANCED_FACE ( 'NONE', ( #4439 ), #4851, .F. ) ;
#1483 = ORIENTED_EDGE ( 'NONE', *, *, #1872, .T. ) ;
#1484 = CARTESIAN_POINT ( 'NONE',  ( -2.220446049250323431E-13, -75.00000000000000000, -40.00000000000017053 ) ) ;
#1485 = VECTOR ( 'NONE', #3335, 1000.000000000000000 ) ;
#1486 = AXIS2_PLACEMENT_3D ( 'NONE', #3792, #248, #1027 ) ;
#1487 = CARTESIAN_POINT ( 'NONE',  ( -31.99999999999999289, -12.00000000000000000, -26.77499999999999503 ) ) ;
#1488 = EDGE_LOOP ( 'NONE', ( #73, #5181 ) ) ;
#1489 = DIRECTION ( 'NONE',  ( -0.000000000000000000, -1.000000000000000000, -0.000000000000000000 ) ) ;
#1490 = VERTEX_POINT ( 'NONE', #4899 ) ;
#1491 = AXIS2_PLACEMENT_3D ( 'NONE', #675, #3547, #295 ) ;
#1492 = EDGE_LOOP ( 'NONE', ( #3316, #1736 ) ) ;
#1493 = DIRECTION ( 'NONE',  ( 0.000000000000000000, 0.000000000000000000, -1.000000000000000000 ) ) ;
#1494 = CYLINDRICAL_SURFACE ( 'NONE', #2866, 2.250000000000000444 ) ;
#1495 = VECTOR ( 'NONE', #912, 1000.000000000000000 ) ;
#1496 = LINE ( 'NONE', #4722, #4672 ) ;
#1497 = FACE_BOUND ( 'NONE', #849, .T. ) ;
#1498 = EDGE_LOOP ( 'NONE', ( #2168, #685, #4646, #68 ) ) ;
#1499 = ORIENTED_EDGE ( 'NONE', *, *, #1476, .F. ) ;
#1500 = ORIENTED_EDGE ( 'NONE', *, *, #4203, .F. ) ;
#1501 = DIRECTION ( 'NONE',  ( 0.000000000000000000, 1.000000000000000000, 0.000000000000000000 ) ) ;
#1502 = FACE_OUTER_BOUND ( 'NONE', #4271, .T. ) ;
#1503 = ORIENTED_EDGE ( 'NONE', *, *, #2885, .F. ) ;
#1504 = DIRECTION ( 'NONE',  ( -0.000000000000000000, -1.000000000000000000, -0.000000000000000000 ) ) ;
#1505 = CARTESIAN_POINT ( 'NONE',  ( -37.00000000000000000, -61.42000000000003013, -39.62499999999996447 ) ) ;
#1506 = AXIS2_PLACEMENT_3D ( 'NONE', #4993, #4212, #3265 ) ;
#1507 = PLANE ( 'NONE',  #1579 ) ;
#1508 = ORIENTED_EDGE ( 'NONE', *, *, #770, .T. ) ;
#1509 = EDGE_CURVE ( 'NONE', #2120, #850, #4117, .T. ) ;
#1510 = CIRCLE ( 'NONE', #4035, 1.700000000000000178 ) ;
#1511 = CYLINDRICAL_SURFACE ( 'NONE', #4712, 1.700000000000000178 ) ;
#1512 = EDGE_CURVE ( 'NONE', #4176, #1453, #4216, .T. ) ;
#1513 = EDGE_CURVE ( 'NONE', #4309, #1821, #4958, .T. ) ;
#1514 = CARTESIAN_POINT ( 'NONE',  ( -37.00000000000000000, -61.42000000000000171, 4.925000000000514078 ) ) ;
#1515 = AXIS2_PLACEMENT_3D ( 'NONE', #4923, #2090, #4534 ) ;
#1516 = CARTESIAN_POINT ( 'NONE',  ( -37.00000000000000000, -61.42000000000001592, -26.77499999999999503 ) ) ;
#1517 = VERTEX_POINT ( 'NONE', #5052 ) ;
#1518 = LINE ( 'NONE', #4661, #3342 ) ;
#1519 = ORIENTED_EDGE ( 'NONE', *, *, #1257, .F. ) ;
#1520 = ORIENTED_EDGE ( 'NONE', *, *, #461, .F. ) ;
#1521 = LINE ( 'NONE', #1437, #1109 ) ;
#1522 = AXIS2_PLACEMENT_3D ( 'NONE', #4946, #3696, #4557 ) ;
#1523 = CARTESIAN_POINT ( 'NONE',  ( 32.00000000000000000, -16.00000000000000000, 43.70000000000004547 ) ) ;
#1524 = PLANE ( 'NONE',  #4507 ) ;
#1525 = FACE_BOUND ( 'NONE', #4144, .T. ) ;
#1526 = AXIS2_PLACEMENT_3D ( 'NONE', #3278, #4778, #91 ) ;
#1527 = ORIENTED_EDGE ( 'NONE', *, *, #4692, .F. ) ;
#1528 = EDGE_LOOP ( 'NONE', ( #2039, #1656 ) ) ;
#1529 = VECTOR ( 'NONE', #3733, 1000.000000000000000 ) ;
#1530 = ORIENTED_EDGE ( 'NONE', *, *, #1267, .T. ) ;
#1531 = DIRECTION ( 'NONE',  ( 0.000000000000000000, 0.000000000000000000, 1.000000000000000000 ) ) ;
#1532 = VECTOR ( 'NONE', #1750, 1000.000000000000000 ) ;
#1533 = DIRECTION ( 'NONE',  ( -1.000000000000000000, -0.000000000000000000, -0.000000000000000000 ) ) ;
#1534 = VERTEX_POINT ( 'NONE', #253 ) ;
#1535 = CARTESIAN_POINT ( 'NONE',  ( 43.99999999999987921, 3.000000000000000000, 40.19999999999999574 ) ) ;
#1536 = DIRECTION ( 'NONE',  ( 1.000000000000000000, 0.000000000000000000, -0.000000000000000000 ) ) ;
#1537 = CIRCLE ( 'NONE', #4472, 2.300000000000010481 ) ;
#1538 = DIRECTION ( 'NONE',  ( -0.000000000000000000, 1.000000000000000000, -0.000000000000000000 ) ) ;
#1539 = ORIENTED_EDGE ( 'NONE', *, *, #993, .T. ) ;
#1540 = LINE ( 'NONE', #1565, #2610 ) ;
#1541 = EDGE_CURVE ( 'NONE', #2834, #869, #2117, .T. ) ;
#1542 = CYLINDRICAL_SURFACE ( 'NONE', #2687, 2.299999999999996270 ) ;
#1543 = EDGE_CURVE ( 'NONE', #1881, #1153, #987, .T. ) ;
#1544 = VERTEX_POINT ( 'NONE', #4237 ) ;
#1545 = CARTESIAN_POINT ( 'NONE',  ( 67.99999999999997158, -51.00000000000000711, 43.70000000000003126 ) ) ;
#1546 = EDGE_LOOP ( 'NONE', ( #173, #4881 ) ) ;
#1547 = ORIENTED_EDGE ( 'NONE', *, *, #4236, .F. ) ;
#1548 = CYLINDRICAL_SURFACE ( 'NONE', #1357, 2.249999999999999556 ) ;
#1549 = CARTESIAN_POINT ( 'NONE',  ( -44.00000000000000711, 0.000000000000000000, -50.49999999999998579 ) ) ;
#1550 = CARTESIAN_POINT ( 'NONE',  ( -37.00000000000000000, -57.42000000000001592, 20.00000000000000355 ) ) ;
#1551 = FACE_BOUND ( 'NONE', #358, .T. ) ;
#1552 = EDGE_CURVE ( 'NONE', #1881, #1434, #1793, .T. ) ;
#1553 = VERTEX_POINT ( 'NONE', #2636 ) ;
#1554 = ORIENTED_EDGE ( 'NONE', *, *, #4469, .T. ) ;
#1555 = ORIENTED_EDGE ( 'NONE', *, *, #1033, .T. ) ;
#1556 = DIRECTION ( 'NONE',  ( -1.000000000000000000, -0.000000000000000000, -0.000000000000000000 ) ) ;
#1557 = LINE ( 'NONE', #3150, #5092 ) ;
#1558 = ORIENTED_EDGE ( 'NONE', *, *, #1671, .F. ) ;
#1559 = ORIENTED_EDGE ( 'NONE', *, *, #2836, .F. ) ;
#1560 = CYLINDRICAL_SURFACE ( 'NONE', #3795, 1.700000000000000178 ) ;
#1561 = DIRECTION ( 'NONE',  ( 0.000000000000000000, -3.469446951953614189E-16, 1.000000000000000000 ) ) ;
#1562 = AXIS2_PLACEMENT_3D ( 'NONE', #3409, #5064, #2625 ) ;
#1563 = DIRECTION ( 'NONE',  ( 0.000000000000000000, 0.000000000000000000, -1.000000000000000000 ) ) ;
#1564 = ORIENTED_EDGE ( 'NONE', *, *, #4198, .F. ) ;
#1565 = CARTESIAN_POINT ( 'NONE',  ( 47.99999999999999289, -12.00000000000000000, 7.174999999999998934 ) ) ;
#1566 = ORIENTED_EDGE ( 'NONE', *, *, #2375, .T. ) ;
#1567 = CARTESIAN_POINT ( 'NONE',  ( -43.99999999999987921, 3.000000000000000000, -36.79999999999999005 ) ) ;
#1568 = ORIENTED_EDGE ( 'NONE', *, *, #2343, .F. ) ;
#1569 = CARTESIAN_POINT ( 'NONE',  ( -27.75000000000000000, 0.000000000000000000, -37.39999999999999858 ) ) ;
#1570 = AXIS2_PLACEMENT_3D ( 'NONE', #5069, #1167, #1894 ) ;
#1571 = CARTESIAN_POINT ( 'NONE',  ( 47.99999999999999289, -61.41999999999998749, 14.77499999999999858 ) ) ;
#1572 = DIRECTION ( 'NONE',  ( -1.000000000000000000, 0.000000000000000000, -0.000000000000000000 ) ) ;
#1573 = DIRECTION ( 'NONE',  ( 0.000000000000000000, 0.000000000000000000, 1.000000000000000000 ) ) ;
#1574 = EDGE_LOOP ( 'NONE', ( #2728, #3441 ) ) ;
#1575 = VERTEX_POINT ( 'NONE', #2993 ) ;
#1576 = ORIENTED_EDGE ( 'NONE', *, *, #1313, .F. ) ;
#1577 = DIRECTION ( 'NONE',  ( -1.000000000000000000, -0.000000000000000000, -0.000000000000000000 ) ) ;
#1578 = EDGE_CURVE ( 'NONE', #1327, #3564, #2611, .T. ) ;
#1579 = AXIS2_PLACEMENT_3D ( 'NONE', #4678, #4261, #2712 ) ;
#1580 = EDGE_CURVE ( 'NONE', #4903, #4299, #3724, .T. ) ;
#1581 = EDGE_CURVE ( 'NONE', #3390, #4777, #2417, .T. ) ;
#1582 = DIRECTION ( 'NONE',  ( 0.000000000000000000, 0.000000000000000000, 1.000000000000000000 ) ) ;
#1583 = ORIENTED_EDGE ( 'NONE', *, *, #4313, .F. ) ;
#1584 = ORIENTED_EDGE ( 'NONE', *, *, #2564, .T. ) ;
#1585 = ORIENTED_EDGE ( 'NONE', *, *, #2733, .F. ) ;
#1586 = VECTOR ( 'NONE', #627, 1000.000000000000000 ) ;
#1587 = LINE ( 'NONE', #3126, #3854 ) ;
#1588 = CARTESIAN_POINT ( 'NONE',  ( 12.49999999999999645, -80.00000000000001421, 15.00000000000000355 ) ) ;
#1589 = CARTESIAN_POINT ( 'NONE',  ( 43.99999999999975131, 3.000000000000000000, 26.49999999999998934 ) ) ;
#1590 = EDGE_CURVE ( 'NONE', #4783, #88, #206, .T. ) ;
#1591 = VERTEX_POINT ( 'NONE', #2217 ) ;
#1592 = FACE_OUTER_BOUND ( 'NONE', #4312, .T. ) ;
#1593 = VECTOR ( 'NONE', #2696, 1000.000000000000000 ) ;
#1594 = FACE_BOUND ( 'NONE', #3979, .T. ) ;
#1595 = AXIS2_PLACEMENT_3D ( 'NONE', #738, #2262, #3502 ) ;
#1596 = ORIENTED_EDGE ( 'NONE', *, *, #541, .T. ) ;
#1597 = DIRECTION ( 'NONE',  ( 0.000000000000000000, 0.000000000000000000, 1.000000000000000000 ) ) ;
#1598 = ORIENTED_EDGE ( 'NONE', *, *, #2664, .F. ) ;
#1599 = DIRECTION ( 'NONE',  ( -1.000000000000000000, -0.000000000000000000, -0.000000000000000000 ) ) ;
#1600 = CARTESIAN_POINT ( 'NONE',  ( 32.00000000000000000, -61.42000000000001592, -22.47499999999999787 ) ) ;
#1601 = DIRECTION ( 'NONE',  ( -0.000000000000000000, -1.000000000000000000, -0.000000000000000000 ) ) ;
#1602 = EDGE_LOOP ( 'NONE', ( #1386, #1306, #1694, #4839 ) ) ;
#1603 = ORIENTED_EDGE ( 'NONE', *, *, #1381, .F. ) ;
#1604 = CIRCLE ( 'NONE', #664, 2.250000000000001776 ) ;
#1605 = ORIENTED_EDGE ( 'NONE', *, *, #4656, .F. ) ;
#1606 = CARTESIAN_POINT ( 'NONE',  ( -43.99999999999987921, 10.00000000000000000, -38.49999999999999289 ) ) ;
#1607 = FACE_OUTER_BOUND ( 'NONE', #2289, .T. ) ;
#1608 = AXIS2_PLACEMENT_3D ( 'NONE', #2529, #972, #2556 ) ;
#1609 = EDGE_CURVE ( 'NONE', #887, #3917, #4437, .T. ) ;
#1610 = CIRCLE ( 'NONE', #3791, 2.249999999999999556 ) ;
#1611 = ORIENTED_EDGE ( 'NONE', *, *, #4020, .F. ) ;
#1612 = ORIENTED_EDGE ( 'NONE', *, *, #3469, .F. ) ;
#1613 = EDGE_LOOP ( 'NONE', ( #1945, #2079, #4489, #969 ) ) ;
#1614 = EDGE_CURVE ( 'NONE', #2719, #459, #4764, .T. ) ;
#1615 = DIRECTION ( 'NONE',  ( 0.000000000000000000, 0.000000000000000000, -1.000000000000000000 ) ) ;
#1616 = CARTESIAN_POINT ( 'NONE',  ( -27.75000000000000000, 0.000000000000000000, 37.39999999999999858 ) ) ;
#1617 = ADVANCED_FACE ( 'NONE', ( #4484 ), #884, .F. ) ;
#1618 = AXIS2_PLACEMENT_3D ( 'NONE', #2416, #2025, #1681 ) ;
#1619 = VECTOR ( 'NONE', #3758, 1000.000000000000000 ) ;
#1620 = DIRECTION ( 'NONE',  ( -1.000000000000000000, 0.000000000000000000, 0.000000000000000000 ) ) ;
#1621 = ORIENTED_EDGE ( 'NONE', *, *, #2602, .F. ) ;
#1622 = ORIENTED_EDGE ( 'NONE', *, *, #3765, .T. ) ;
#1623 = AXIS2_PLACEMENT_3D ( 'NONE', #4771, #1210, #374 ) ;
#1624 = ADVANCED_FACE ( 'NONE', ( #3019 ), #3044, .F. ) ;
#1625 = CARTESIAN_POINT ( 'NONE',  ( -37.00000000000000000, -61.42000000000000171, -4.924999999999485567 ) ) ;
#1626 = FACE_BOUND ( 'NONE', #1666, .T. ) ;
#1627 = VERTEX_POINT ( 'NONE', #4069 ) ;
#1628 = DIRECTION ( 'NONE',  ( 1.000000000000000000, 0.000000000000000000, -0.000000000000000000 ) ) ;
#1629 = CARTESIAN_POINT ( 'NONE',  ( 47.99999999999999289, -61.41999999999998749, 12.52499999999999680 ) ) ;
#1630 = DIRECTION ( 'NONE',  ( 0.000000000000000000, 0.000000000000000000, 1.000000000000000000 ) ) ;
#1631 = CARTESIAN_POINT ( 'NONE',  ( 32.00000000000000000, -47.95683229480096088, 50.00000000000003553 ) ) ;
#1632 = ORIENTED_EDGE ( 'NONE', *, *, #4408, .T. ) ;
#1633 = ORIENTED_EDGE ( 'NONE', *, *, #3213, .T. ) ;
#1634 = CARTESIAN_POINT ( 'NONE',  ( 43.99999999999975131, 0.000000000000000000, -26.49999999999998934 ) ) ;
#1635 = DIRECTION ( 'NONE',  ( -0.000000000000000000, -1.000000000000000000, -0.000000000000000000 ) ) ;
#1636 = ORIENTED_EDGE ( 'NONE', *, *, #2855, .T. ) ;
#1637 = CARTESIAN_POINT ( 'NONE',  ( 2.220446049250307527E-13, -75.00000000000000000, 39.99999999999987921 ) ) ;
#1638 = DIRECTION ( 'NONE',  ( -1.000000000000000000, -0.000000000000000000, -0.000000000000000000 ) ) ;
#1639 = ADVANCED_FACE ( 'NONE', ( #2879 ), #2088, .F. ) ;
#1640 = EDGE_CURVE ( 'NONE', #4085, #4766, #1323, .T. ) ;
#1641 = CARTESIAN_POINT ( 'NONE',  ( 47.99999999999999289, -61.41999999999998749, 14.77499999999999858 ) ) ;
#1642 = EDGE_LOOP ( 'NONE', ( #3108, #1576, #468, #2666 ) ) ;
#1643 = ORIENTED_EDGE ( 'NONE', *, *, #50, .F. ) ;
#1644 = CARTESIAN_POINT ( 'NONE',  ( 43.99999999999975131, 10.00000000000000000, -26.49999999999998934 ) ) ;
#1645 = AXIS2_PLACEMENT_3D ( 'NONE', #1778, #918, #3209 ) ;
#1646 = CARTESIAN_POINT ( 'NONE',  ( -37.00000000000000000, -51.00000000000000711, 46.00000000000004263 ) ) ;
#1647 = EDGE_CURVE ( 'NONE', #3061, #2037, #1823, .T. ) ;
#1648 = CIRCLE ( 'NONE', #470, 2.250000000000000000 ) ;
#1649 = VERTEX_POINT ( 'NONE', #335 ) ;
#1650 = CARTESIAN_POINT ( 'NONE',  ( 32.00000000000000000, -7.999999999999965361, -49.99999999999997158 ) ) ;
#1651 = CARTESIAN_POINT ( 'NONE',  ( 32.00000000000000000, -33.50000000000000000, 46.00000000000004263 ) ) ;
#1652 = DIRECTION ( 'NONE',  ( -0.000000000000000000, 1.000000000000000000, -0.000000000000000000 ) ) ;
#1653 = DIRECTION ( 'NONE',  ( 0.000000000000000000, 0.000000000000000000, -1.000000000000000000 ) ) ;
#1654 = EDGE_CURVE ( 'NONE', #703, #5112, #3163, .T. ) ;
#1655 = ORIENTED_EDGE ( 'NONE', *, *, #4981, .T. ) ;
#1656 = ORIENTED_EDGE ( 'NONE', *, *, #4208, .T. ) ;
#1657 = CARTESIAN_POINT ( 'NONE',  ( -43.99999999999987921, 0.000000000000000000, 40.19999999999999574 ) ) ;
#1658 = CIRCLE ( 'NONE', #4997, 2.149999999999999023 ) ;
#1659 = CARTESIAN_POINT ( 'NONE',  ( 43.99999999999987921, 10.00000000000000000, 38.49999999999999289 ) ) ;
#1660 = VECTOR ( 'NONE', #2005, 1000.000000000000000 ) ;
#1661 = EDGE_LOOP ( 'NONE', ( #5188, #2997, #2804, #4050 ) ) ;
#1662 = PLANE ( 'NONE',  #311 ) ;
#1663 = DIRECTION ( 'NONE',  ( -1.000000000000000000, -0.000000000000000000, -0.000000000000000000 ) ) ;
#1664 = CYLINDRICAL_SURFACE ( 'NONE', #3420, 2.249999999999999556 ) ;
#1665 = CIRCLE ( 'NONE', #4603, 1.700000000000000178 ) ;
#1666 = EDGE_LOOP ( 'NONE', ( #3703, #395 ) ) ;
#1667 = CARTESIAN_POINT ( 'NONE',  ( 47.99999999999999289, -12.00000000000000000, 14.77499999999999858 ) ) ;
#1668 = FACE_BOUND ( 'NONE', #915, .T. ) ;
#1669 = EDGE_CURVE ( 'NONE', #574, #3885, #3504, .T. ) ;
#1670 = CARTESIAN_POINT ( 'NONE',  ( -37.00000000000000000, -75.00000000000000000, 50.00000000000006395 ) ) ;
#1671 = EDGE_CURVE ( 'NONE', #2104, #2668, #2754, .T. ) ;
#1672 = CARTESIAN_POINT ( 'NONE',  ( 43.99999999999975131, 3.000000000000000000, -26.49999999999998934 ) ) ;
#1673 = ADVANCED_FACE ( 'NONE', ( #285 ), #1507, .F. ) ;
#1674 = DIRECTION ( 'NONE',  ( -1.000000000000000000, -0.000000000000000000, -0.000000000000000000 ) ) ;
#1675 = AXIS2_PLACEMENT_3D ( 'NONE', #1790, #1370, #2062 ) ;
#1676 = DIRECTION ( 'NONE',  ( 0.000000000000000000, 0.000000000000000000, -1.000000000000000000 ) ) ;
#1677 = CARTESIAN_POINT ( 'NONE',  ( -32.00000000000000000, -57.41999999999998749, -49.99999999999996447 ) ) ;
#1678 = ORIENTED_EDGE ( 'NONE', *, *, #1993, .F. ) ;
#1679 = ORIENTED_EDGE ( 'NONE', *, *, #1836, .F. ) ;
#1680 = VERTEX_POINT ( 'NONE', #1057 ) ;
#1681 = DIRECTION ( 'NONE',  ( -1.000000000000000000, 0.000000000000000000, -5.551115123125785858E-15 ) ) ;
#1682 = AXIS2_PLACEMENT_3D ( 'NONE', #1055, #387, #3875 ) ;
#1683 = DIRECTION ( 'NONE',  ( -1.000000000000000000, -0.000000000000000000, -0.000000000000000000 ) ) ;
#1684 = DIRECTION ( 'NONE',  ( -1.000000000000000000, -0.000000000000000000, -0.000000000000000000 ) ) ;
#1685 = CIRCLE ( 'NONE', #3698, 2.250000000000000000 ) ;
#1686 = CARTESIAN_POINT ( 'NONE',  ( 37.00000000000000000, -75.00000000000000000, -49.99999999999994316 ) ) ;
#1687 = EDGE_LOOP ( 'NONE', ( #3586, #2589, #1776, #2134 ) ) ;
#1688 = ORIENTED_EDGE ( 'NONE', *, *, #3735, .T. ) ;
#1689 = CARTESIAN_POINT ( 'NONE',  ( 37.00000000000000000, -7.999999999999965361, -49.99999999999994316 ) ) ;
#1690 = LINE ( 'NONE', #1197, #3443 ) ;
#1691 = DIRECTION ( 'NONE',  ( -1.000000000000000000, 0.000000000000000000, 0.000000000000000000 ) ) ;
#1692 = CIRCLE ( 'NONE', #4200, 2.250000000000000444 ) ;
#1693 = CARTESIAN_POINT ( 'NONE',  ( -30.00000000000000355, 3.000000000000000000, 15.00000000000000355 ) ) ;
#1694 = ORIENTED_EDGE ( 'NONE', *, *, #50, .T. ) ;
#1695 = AXIS2_PLACEMENT_3D ( 'NONE', #3980, #1050, #1164 ) ;
#1696 = AXIS2_PLACEMENT_3D ( 'NONE', #5118, #1127, #3003 ) ;
#1697 = DIRECTION ( 'NONE',  ( 0.000000000000000000, 0.000000000000000000, 1.000000000000000000 ) ) ;
#1698 = FACE_BOUND ( 'NONE', #1908, .T. ) ;
#1699 = EDGE_CURVE ( 'NONE', #903, #1838, #4180, .T. ) ;
#1700 = CARTESIAN_POINT ( 'NONE',  ( 12.49999999999999645, 0.000000000000000000, 15.00000000000000355 ) ) ;
#1701 = EDGE_CURVE ( 'NONE', #2453, #3650, #4258, .T. ) ;
#1702 = DIRECTION ( 'NONE',  ( -0.000000000000000000, -1.000000000000000000, -0.000000000000000000 ) ) ;
#1703 = ORIENTED_EDGE ( 'NONE', *, *, #3434, .F. ) ;
#1704 = FACE_BOUND ( 'NONE', #3416, .T. ) ;
#1705 = ORIENTED_EDGE ( 'NONE', *, *, #4235, .T. ) ;
#1706 = ORIENTED_EDGE ( 'NONE', *, *, #3964, .T. ) ;
#1707 = CYLINDRICAL_SURFACE ( 'NONE', #2365, 2.149999999999999023 ) ;
#1708 = DIRECTION ( 'NONE',  ( 0.000000000000000000, 0.000000000000000000, -1.000000000000000000 ) ) ;
#1709 = FACE_BOUND ( 'NONE', #4243, .T. ) ;
#1710 = EDGE_CURVE ( 'NONE', #2812, #1544, #2000, .T. ) ;
#1711 = EDGE_LOOP ( 'NONE', ( #603, #3171, #4695, #289 ) ) ;
#1712 = ORIENTED_EDGE ( 'NONE', *, *, #4944, .T. ) ;
#1713 = DIRECTION ( 'NONE',  ( 0.000000000000000000, 0.000000000000000000, 1.000000000000000000 ) ) ;
#1714 = CARTESIAN_POINT ( 'NONE',  ( -27.75000000000000000, 3.000000000000000000, 35.69999999999999574 ) ) ;
#1715 = FACE_OUTER_BOUND ( 'NONE', #3811, .T. ) ;
#1716 = ORIENTED_EDGE ( 'NONE', *, *, #714, .T. ) ;
#1717 = CYLINDRICAL_SURFACE ( 'NONE', #4700, 1.700000000000000178 ) ;
#1718 = DIRECTION ( 'NONE',  ( 0.000000000000000000, 0.000000000000000000, 1.000000000000000000 ) ) ;
#1719 = AXIS2_PLACEMENT_3D ( 'NONE', #1514, #4713, #4432 ) ;
#1720 = LINE ( 'NONE', #112, #1429 ) ;
#1721 = VERTEX_POINT ( 'NONE', #1877 ) ;
#1722 = DIRECTION ( 'NONE',  ( 0.000000000000000000, 0.000000000000000000, -1.000000000000000000 ) ) ;
#1723 = VERTEX_POINT ( 'NONE', #3531 ) ;
#1724 = CARTESIAN_POINT ( 'NONE',  ( -37.00000000000000000, -57.42000000000000171, -49.99999999999994316 ) ) ;
#1725 = CARTESIAN_POINT ( 'NONE',  ( -30.00000000000000355, 3.000000000000000000, -14.99999999999999645 ) ) ;
#1726 = CARTESIAN_POINT ( 'NONE',  ( -43.99999999999975131, 0.000000000000000000, 28.19999999999998863 ) ) ;
#1727 = EDGE_LOOP ( 'NONE', ( #2271, #408, #2388, #1413 ) ) ;
#1728 = EDGE_CURVE ( 'NONE', #2103, #1869, #2739, .T. ) ;
#1729 = ORIENTED_EDGE ( 'NONE', *, *, #4210, .F. ) ;
#1730 = CARTESIAN_POINT ( 'NONE',  ( -37.00000000000000000, -64.99999999999998579, 50.00000000000006395 ) ) ;
#1731 = CARTESIAN_POINT ( 'NONE',  ( 32.00000000000000000, -12.00000000000000000, -26.77499999999999503 ) ) ;
#1732 = EDGE_CURVE ( 'NONE', #1022, #149, #824, .T. ) ;
#1733 = EDGE_CURVE ( 'NONE', #4339, #4903, #2662, .T. ) ;
#1734 = VECTOR ( 'NONE', #3741, 1000.000000000000000 ) ;
#1735 = DIRECTION ( 'NONE',  ( 0.000000000000000000, 0.000000000000000000, 1.000000000000000000 ) ) ;
#1736 = ORIENTED_EDGE ( 'NONE', *, *, #491, .T. ) ;
#1737 = AXIS2_PLACEMENT_3D ( 'NONE', #3222, #4047, #1255 ) ;
#1738 = DIRECTION ( 'NONE',  ( 0.000000000000000000, -1.000000000000000000, -3.469446951953614189E-16 ) ) ;
#1739 = EDGE_CURVE ( 'NONE', #5112, #2333, #1982, .T. ) ;
#1740 = VECTOR ( 'NONE', #4378, 1000.000000000000000 ) ;
#1741 = CARTESIAN_POINT ( 'NONE',  ( 27.75000000000000000, 0.000000000000000000, -37.39999999999999858 ) ) ;
#1742 = DIRECTION ( 'NONE',  ( 1.000000000000000000, 0.000000000000000000, 0.000000000000000000 ) ) ;
#1743 = EDGE_LOOP ( 'NONE', ( #3879, #624, #4, #4618 ) ) ;
#1744 = VERTEX_POINT ( 'NONE', #5133 ) ;
#1745 = CARTESIAN_POINT ( 'NONE',  ( -37.00000000000000000, -57.42000000000001592, 20.00000000000000355 ) ) ;
#1746 = EDGE_LOOP ( 'NONE', ( #1112, #2704 ) ) ;
#1747 = CARTESIAN_POINT ( 'NONE',  ( 47.99999999999999289, -12.00000000000000000, -4.924999999999999822 ) ) ;
#1748 = CIRCLE ( 'NONE', #4685, 2.250000000000000444 ) ;
#1749 = DIRECTION ( 'NONE',  ( -1.000000000000000000, 0.000000000000000000, 0.000000000000000000 ) ) ;
#1750 = DIRECTION ( 'NONE',  ( -0.000000000000000000, 0.7071067811865474617, -0.7071067811865475727 ) ) ;
#1751 = DIRECTION ( 'NONE',  ( 0.000000000000000000, 1.000000000000000000, -0.000000000000000000 ) ) ;
#1752 = PLANE ( 'NONE',  #2901 ) ;
#1753 = CARTESIAN_POINT ( 'NONE',  ( -12.50000000000000355, 0.000000000000000000, -15.00000000000000000 ) ) ;
#1754 = ORIENTED_EDGE ( 'NONE', *, *, #1023, .T. ) ;
#1755 = ORIENTED_EDGE ( 'NONE', *, *, #770, .F. ) ;
#1756 = CIRCLE ( 'NONE', #4691, 2.149999999999999023 ) ;
#1757 = CARTESIAN_POINT ( 'NONE',  ( -37.00000000000000000, -12.00000000000000000, 14.77499999999999858 ) ) ;
#1758 = CARTESIAN_POINT ( 'NONE',  ( 46.00000000000002132, -61.42000000000003013, -39.62499999999996447 ) ) ;
#1759 = EDGE_CURVE ( 'NONE', #4486, #507, #4762, .T. ) ;
#1760 = AXIS2_PLACEMENT_3D ( 'NONE', #4141, #3726, #209 ) ;
#1761 = CARTESIAN_POINT ( 'NONE',  ( 47.99999999999999289, -12.00000000000000000, -14.77499999999999858 ) ) ;
#1762 = ADVANCED_FACE ( 'NONE', ( #1954 ), #3579, .F. ) ;
#1763 = ORIENTED_EDGE ( 'NONE', *, *, #205, .T. ) ;
#1764 = CIRCLE ( 'NONE', #4702, 2.250000000000000444 ) ;
#1765 = EDGE_CURVE ( 'NONE', #3978, #4094, #4707, .T. ) ;
#1766 = AXIS2_PLACEMENT_3D ( 'NONE', #198, #4573, #3387 ) ;
#1767 = AXIS2_PLACEMENT_3D ( 'NONE', #4415, #2830, #2042 ) ;
#1768 = CARTESIAN_POINT ( 'NONE',  ( -12.50000000000000355, 0.000000000000000000, 16.69999999999999929 ) ) ;
#1769 = CIRCLE ( 'NONE', #2948, 15.00000000000000000 ) ;
#1770 = AXIS2_PLACEMENT_3D ( 'NONE', #498, #4150, #919 ) ;
#1771 = DIRECTION ( 'NONE',  ( -1.000000000000000000, 0.000000000000000000, 0.000000000000000000 ) ) ;
#1772 = ORIENTED_EDGE ( 'NONE', *, *, #4565, .F. ) ;
#1773 = EDGE_LOOP ( 'NONE', ( #5056, #1868 ) ) ;
#1774 = EDGE_LOOP ( 'NONE', ( #3775, #5166, #3737, #2260 ) ) ;
#1775 = DIRECTION ( 'NONE',  ( 1.000000000000000000, 0.000000000000000000, -0.000000000000000000 ) ) ;
#1776 = ORIENTED_EDGE ( 'NONE', *, *, #4434, .F. ) ;
#1777 = FACE_OUTER_BOUND ( 'NONE', #2548, .T. ) ;
#1778 = CARTESIAN_POINT ( 'NONE',  ( 43.99999999999987921, 3.000000000000000000, -38.49999999999999289 ) ) ;
#1779 = DIRECTION ( 'NONE',  ( 0.000000000000000000, 0.000000000000000000, -1.000000000000000000 ) ) ;
#1780 = CARTESIAN_POINT ( 'NONE',  ( 32.00000000000000000, -12.00000000000000000, -24.62499999999999645 ) ) ;
#1781 = DIRECTION ( 'NONE',  ( 0.000000000000000000, 0.000000000000000000, 1.000000000000000000 ) ) ;
#1782 = ORIENTED_EDGE ( 'NONE', *, *, #2470, .F. ) ;
#1783 = EDGE_LOOP ( 'NONE', ( #4475, #2285 ) ) ;
#1784 = DIRECTION ( 'NONE',  ( 1.000000000000000000, 0.000000000000000000, 5.551115123125785858E-15 ) ) ;
#1785 = DIRECTION ( 'NONE',  ( 1.000000000000000000, 0.000000000000000000, -0.000000000000000000 ) ) ;
#1786 = CARTESIAN_POINT ( 'NONE',  ( 44.00000000000000711, 0.000000000000000000, 48.79999999999999005 ) ) ;
#1787 = CARTESIAN_POINT ( 'NONE',  ( -27.75000000000000000, 0.000000000000000000, -54.49999999999999289 ) ) ;
#1788 = VERTEX_POINT ( 'NONE', #2318 ) ;
#1789 = FACE_OUTER_BOUND ( 'NONE', #2750, .T. ) ;
#1790 = CARTESIAN_POINT ( 'NONE',  ( -37.00000000000000000, -12.00000000000000000, 4.924999999999999822 ) ) ;
#1791 = ADVANCED_FACE ( 'NONE', ( #3129 ), #363, .F. ) ;
#1792 = EDGE_CURVE ( 'NONE', #1944, #459, #1174, .T. ) ;
#1793 = LINE ( 'NONE', #5021, #331 ) ;
#1794 = EDGE_CURVE ( 'NONE', #4548, #1405, #4847, .T. ) ;
#1795 = CARTESIAN_POINT ( 'NONE',  ( 67.99999999999997158, -33.50000000000000000, 46.00000000000004263 ) ) ;
#1796 = ADVANCED_FACE ( 'NONE', ( #1222 ), #2474, .F. ) ;
#1797 = EDGE_CURVE ( 'NONE', #4362, #1123, #1269, .T. ) ;
#1798 = CARTESIAN_POINT ( 'NONE',  ( 32.00000000000000000, -51.00000000000000711, 46.00000000000004263 ) ) ;
#1799 = ORIENTED_EDGE ( 'NONE', *, *, #4115, .T. ) ;
#1800 = EDGE_LOOP ( 'NONE', ( #3774, #81, #3121, #3544 ) ) ;
#1801 = CARTESIAN_POINT ( 'NONE',  ( -44.00000000000000711, 0.000000000000000000, 52.19999999999998863 ) ) ;
#1802 = EDGE_LOOP ( 'NONE', ( #4346, #990, #4435, #3736 ) ) ;
#1803 = DIRECTION ( 'NONE',  ( 0.000000000000000000, 0.000000000000000000, 1.000000000000000000 ) ) ;
#1804 = CIRCLE ( 'NONE', #224, 1.700000000000000178 ) ;
#1805 = EDGE_CURVE ( 'NONE', #4401, #3045, #1665, .T. ) ;
#1806 = DIRECTION ( 'NONE',  ( -0.000000000000000000, -1.000000000000000000, -0.000000000000000000 ) ) ;
#1807 = CARTESIAN_POINT ( 'NONE',  ( 30.00000000000000355, 3.000000000000000000, 15.00000000000000355 ) ) ;
#1808 = ORIENTED_EDGE ( 'NONE', *, *, #1256, .F. ) ;
#1809 = ORIENTED_EDGE ( 'NONE', *, *, #3537, .T. ) ;
#1810 = CIRCLE ( 'NONE', #4825, 2.250000000000000444 ) ;
#1811 = CYLINDRICAL_SURFACE ( 'NONE', #3913, 2.250000000000001776 ) ;
#1812 = CARTESIAN_POINT ( 'NONE',  ( 32.00000000000000000, -64.99999999999998579, 50.00000000000003553 ) ) ;
#1813 = CARTESIAN_POINT ( 'NONE',  ( 32.00000000000000000, -12.00000000000000000, 7.174999999999998934 ) ) ;
#1814 = DIRECTION ( 'NONE',  ( 0.000000000000000000, 0.000000000000000000, 1.000000000000000000 ) ) ;
#1815 = ORIENTED_EDGE ( 'NONE', *, *, #1509, .F. ) ;
#1816 = FACE_OUTER_BOUND ( 'NONE', #4154, .T. ) ;
#1817 = CYLINDRICAL_SURFACE ( 'NONE', #4364, 2.250000000000001776 ) ;
#1818 = CIRCLE ( 'NONE', #4255, 1.700000000000000178 ) ;
#1819 = CARTESIAN_POINT ( 'NONE',  ( 67.99999999999997158, -51.00000000000000711, 48.30000000000005400 ) ) ;
#1820 = AXIS2_PLACEMENT_3D ( 'NONE', #1659, #1635, #4473 ) ;
#1821 = VERTEX_POINT ( 'NONE', #2423 ) ;
#1822 = CARTESIAN_POINT ( 'NONE',  ( 27.75000000000000000, -22.00000000000000355, -35.69999999999999574 ) ) ;
#1823 = CIRCLE ( 'NONE', #1166, 1.700000000000000178 ) ;
#1824 = CARTESIAN_POINT ( 'NONE',  ( 46.00000000000002132, -12.00000000000000000, -41.77499999999999147 ) ) ;
#1825 = EDGE_CURVE ( 'NONE', #3292, #2055, #877, .T. ) ;
#1826 = DIRECTION ( 'NONE',  ( -5.551115123125785858E-15, 0.000000000000000000, 1.000000000000000000 ) ) ;
#1827 = EDGE_LOOP ( 'NONE', ( #3006, #5005 ) ) ;
#1828 = EDGE_CURVE ( 'NONE', #323, #2254, #1402, .T. ) ;
#1829 = VERTEX_POINT ( 'NONE', #4404 ) ;
#1830 = DIRECTION ( 'NONE',  ( 0.000000000000000000, -1.000000000000000000, 0.000000000000000000 ) ) ;
#1831 = ORIENTED_EDGE ( 'NONE', *, *, #3697, .T. ) ;
#1832 = LINE ( 'NONE', #3433, #775 ) ;
#1833 = CARTESIAN_POINT ( 'NONE',  ( -37.00000000000000000, -12.00000000000000000, 12.52499999999999858 ) ) ;
#1834 = PLANE ( 'NONE',  #2070 ) ;
#1835 = FACE_OUTER_BOUND ( 'NONE', #2480, .T. ) ;
#1836 = EDGE_CURVE ( 'NONE', #3324, #1965, #4106, .T. ) ;
#1837 = ORIENTED_EDGE ( 'NONE', *, *, #4379, .F. ) ;
#1838 = VERTEX_POINT ( 'NONE', #412 ) ;
#1839 = DIRECTION ( 'NONE',  ( 0.000000000000000000, 0.000000000000000000, 1.000000000000000000 ) ) ;
#1840 = CYLINDRICAL_SURFACE ( 'NONE', #4289, 1.700000000000000178 ) ;
#1841 = VECTOR ( 'NONE', #3451, 1000.000000000000000 ) ;
#1842 = CARTESIAN_POINT ( 'NONE',  ( 43.99999999999975131, 3.000000000000000000, -26.49999999999998934 ) ) ;
#1843 = VECTOR ( 'NONE', #5165, 1000.000000000000000 ) ;
#1844 = ORIENTED_EDGE ( 'NONE', *, *, #2034, .F. ) ;
#1845 = DIRECTION ( 'NONE',  ( 0.000000000000000000, 0.000000000000000000, -1.000000000000000000 ) ) ;
#1846 = CARTESIAN_POINT ( 'NONE',  ( -27.75000000000000000, 0.000000000000000000, -54.49999999999999289 ) ) ;
#1847 = AXIS2_PLACEMENT_3D ( 'NONE', #3231, #846, #2818 ) ;
#1848 = CARTESIAN_POINT ( 'NONE',  ( -43.99999999999987921, 10.00000000000000000, 40.19999999999999574 ) ) ;
#1849 = ORIENTED_EDGE ( 'NONE', *, *, #3110, .T. ) ;
#1850 = CIRCLE ( 'NONE', #4867, 2.250000000000000444 ) ;
#1851 = FACE_BOUND ( 'NONE', #1746, .T. ) ;
#1852 = AXIS2_PLACEMENT_3D ( 'NONE', #4898, #4582, #3373 ) ;
#1853 = VECTOR ( 'NONE', #1941, 1000.000000000000000 ) ;
#1854 = FACE_OUTER_BOUND ( 'NONE', #1214, .T. ) ;
#1855 = LINE ( 'NONE', #3721, #3114 ) ;
#1856 = VERTEX_POINT ( 'NONE', #51 ) ;
#1857 = DIRECTION ( 'NONE',  ( -0.000000000000000000, -1.000000000000000000, -0.000000000000000000 ) ) ;
#1858 = EDGE_LOOP ( 'NONE', ( #1224, #160, #4453, #2591 ) ) ;
#1859 = CARTESIAN_POINT ( 'NONE',  ( 32.00000000000000000, -16.00000000000000000, 46.00000000000004263 ) ) ;
#1860 = AXIS2_PLACEMENT_3D ( 'NONE', #4254, #3087, #652 ) ;
#1861 = EDGE_CURVE ( 'NONE', #553, #297, #2872, .T. ) ;
#1862 = AXIS2_PLACEMENT_3D ( 'NONE', #3842, #536, #4101 ) ;
#1863 = ADVANCED_FACE ( 'NONE', ( #4837 ), #2820, .F. ) ;
#1864 = DIRECTION ( 'NONE',  ( -1.000000000000000000, 0.000000000000000000, 0.000000000000000000 ) ) ;
#1865 = DIRECTION ( 'NONE',  ( 0.000000000000000000, 0.000000000000000000, 1.000000000000000000 ) ) ;
#1866 = VECTOR ( 'NONE', #347, 1000.000000000000000 ) ;
#1867 = DIRECTION ( 'NONE',  ( 0.000000000000000000, 1.000000000000000000, 0.000000000000000000 ) ) ;
#1868 = ORIENTED_EDGE ( 'NONE', *, *, #3213, .F. ) ;
#1869 = VERTEX_POINT ( 'NONE', #4063 ) ;
#1870 = CARTESIAN_POINT ( 'NONE',  ( -37.00000000000000000, -75.00000000000000000, -49.99999999999994316 ) ) ;
#1871 = CARTESIAN_POINT ( 'NONE',  ( 47.99999999999999289, -12.00000000000000000, -4.924999999999999822 ) ) ;
#1872 = EDGE_CURVE ( 'NONE', #4586, #553, #4083, .T. ) ;
#1873 = LINE ( 'NONE', #3475, #2908 ) ;
#1874 = EDGE_LOOP ( 'NONE', ( #5150, #4832 ) ) ;
#1875 = DIRECTION ( 'NONE',  ( 0.000000000000000000, 0.000000000000000000, 1.000000000000000000 ) ) ;
#1876 = LINE ( 'NONE', #1480, #100 ) ;
#1877 = CARTESIAN_POINT ( 'NONE',  ( -37.00000000000000000, -61.41999999999998749, -17.02499999999999858 ) ) ;
#1878 = ORIENTED_EDGE ( 'NONE', *, *, #207, .F. ) ;
#1879 = CARTESIAN_POINT ( 'NONE',  ( 36.99999999999994316, -75.00000000000000000, -39.99999999999995737 ) ) ;
#1880 = DIRECTION ( 'NONE',  ( -0.000000000000000000, -1.000000000000000000, -0.000000000000000000 ) ) ;
#1881 = VERTEX_POINT ( 'NONE', #2077 ) ;
#1882 = FACE_BOUND ( 'NONE', #117, .T. ) ;
#1883 = ORIENTED_EDGE ( 'NONE', *, *, #2506, .F. ) ;
#1884 = ORIENTED_EDGE ( 'NONE', *, *, #2563, .T. ) ;
#1885 = CARTESIAN_POINT ( 'NONE',  ( 47.99999999999999289, -12.00000000000000000, 4.924999999999999822 ) ) ;
#1886 = CARTESIAN_POINT ( 'NONE',  ( -12.50000000000000355, 0.000000000000000000, 15.00000000000000000 ) ) ;
#1887 = DIRECTION ( 'NONE',  ( -1.000000000000000000, -0.000000000000000000, -0.000000000000000000 ) ) ;
#1888 = CYLINDRICAL_SURFACE ( 'NONE', #3396, 2.250000000000001776 ) ;
#1889 = ORIENTED_EDGE ( 'NONE', *, *, #4434, .T. ) ;
#1890 = EDGE_LOOP ( 'NONE', ( #1679, #3401, #1295, #3940 ) ) ;
#1891 = ORIENTED_EDGE ( 'NONE', *, *, #4049, .F. ) ;
#1892 = DIRECTION ( 'NONE',  ( 0.000000000000000000, 0.000000000000000000, 1.000000000000000000 ) ) ;
#1893 = VECTOR ( 'NONE', #1119, 1000.000000000000000 ) ;
#1894 = DIRECTION ( 'NONE',  ( 0.000000000000000000, 0.000000000000000000, 1.000000000000000000 ) ) ;
#1895 = EDGE_CURVE ( 'NONE', #569, #2982, #2500, .T. ) ;
#1896 = VECTOR ( 'NONE', #1784, 1000.000000000000000 ) ;
#1897 = ORIENTED_EDGE ( 'NONE', *, *, #207, .T. ) ;
#1898 = ADVANCED_FACE ( 'NONE', ( #4452 ), #1664, .F. ) ;
#1899 = CARTESIAN_POINT ( 'NONE',  ( 47.99999999999999289, -61.41999999999998749, -12.52499999999999680 ) ) ;
#1900 = LINE ( 'NONE', #711, #2773 ) ;
#1901 = ADVANCED_FACE ( 'NONE', ( #4502 ), #901, .F. ) ;
#1902 = CARTESIAN_POINT ( 'NONE',  ( 43.99999999999975131, 10.00000000000000000, 24.79999999999999005 ) ) ;
#1903 = ORIENTED_EDGE ( 'NONE', *, *, #1669, .T. ) ;
#1904 = FACE_BOUND ( 'NONE', #272, .T. ) ;
#1905 = PRODUCT_DEFINITION ( 'æœ', '', #2607, #217 ) ;
#1906 = CARTESIAN_POINT ( 'NONE',  ( 20.00000000000000000, 0.000000000000000000, 0.000000000000000000 ) ) ;
#1907 = VERTEX_POINT ( 'NONE', #4036 ) ;
#1908 = EDGE_LOOP ( 'NONE', ( #4806, #5189 ) ) ;
#1909 = DIRECTION ( 'NONE',  ( -1.000000000000000000, 0.000000000000000000, -5.551115123125785858E-15 ) ) ;
#1910 = ORIENTED_EDGE ( 'NONE', *, *, #2730, .F. ) ;
#1911 = CIRCLE ( 'NONE', #4015, 2.149999999999999023 ) ;
#1912 = ORIENTED_EDGE ( 'NONE', *, *, #267, .T. ) ;
#1913 = CARTESIAN_POINT ( 'NONE',  ( 32.00000000000000000, -61.41999999999998749, -14.77499999999999858 ) ) ;
#1914 = DIRECTION ( 'NONE',  ( 0.000000000000000000, 1.000000000000000000, 0.000000000000000000 ) ) ;
#1915 = AXIS2_PLACEMENT_3D ( 'NONE', #4734, #3903, #1084 ) ;
#1916 = LINE ( 'NONE', #1550, #2240 ) ;
#1917 = FACE_BOUND ( 'NONE', #4838, .T. ) ;
#1918 = VERTEX_POINT ( 'NONE', #458 ) ;
#1919 = ORIENTED_EDGE ( 'NONE', *, *, #1165, .T. ) ;
#1920 = ORIENTED_EDGE ( 'NONE', *, *, #1728, .F. ) ;
#1921 = DIRECTION ( 'NONE',  ( -0.000000000000000000, 1.000000000000000000, -0.000000000000000000 ) ) ;
#1922 = CARTESIAN_POINT ( 'NONE',  ( 47.99999999999999289, -12.00000000000000000, 4.924999999999999822 ) ) ;
#1923 = EDGE_LOOP ( 'NONE', ( #559, #317 ) ) ;
#1924 = CARTESIAN_POINT ( 'NONE',  ( -20.00000000000000000, 3.000000000000000000, 15.00000000000000355 ) ) ;
#1925 = CARTESIAN_POINT ( 'NONE',  ( -37.00000000000000000, -57.42000000000000171, -49.99999999999994316 ) ) ;
#1926 = ADVANCED_FACE ( 'NONE', ( #1715 ), #4790, .F. ) ;
#1927 = VECTOR ( 'NONE', #1209, 1000.000000000000000 ) ;
#1928 = EDGE_CURVE ( 'NONE', #752, #2104, #2396, .T. ) ;
#1929 = CARTESIAN_POINT ( 'NONE',  ( 46.00000000000002132, -61.42000000000003013, -41.77499999999996305 ) ) ;
#1930 = ORIENTED_EDGE ( 'NONE', *, *, #2021, .F. ) ;
#1931 = AXIS2_PLACEMENT_3D ( 'NONE', #1953, #3555, #687 ) ;
#1932 = DIRECTION ( 'NONE',  ( -1.000000000000000000, -0.000000000000000000, -0.000000000000000000 ) ) ;
#1933 = EDGE_CURVE ( 'NONE', #812, #3900, #3609, .T. ) ;
#1934 = AXIS2_PLACEMENT_3D ( 'NONE', #3296, #3747, #522 ) ;
#1935 = LINE ( 'NONE', #3540, #3616 ) ;
#1936 = ORIENTED_EDGE ( 'NONE', *, *, #5105, .T. ) ;
#1937 = DIRECTION ( 'NONE',  ( 5.551115123125785858E-15, 0.000000000000000000, -1.000000000000000000 ) ) ;
#1938 = VERTEX_POINT ( 'NONE', #2036 ) ;
#1939 = ORIENTED_EDGE ( 'NONE', *, *, #476, .T. ) ;
#1940 = CARTESIAN_POINT ( 'NONE',  ( -50.00000000000000000, 0.000000000000000000, 62.49999999999999289 ) ) ;
#1941 = DIRECTION ( 'NONE',  ( -0.000000000000000000, 1.000000000000000000, -0.000000000000000000 ) ) ;
#1942 = DIRECTION ( 'NONE',  ( -1.000000000000000000, -0.000000000000000000, -0.000000000000000000 ) ) ;
#1943 = AXIS2_PLACEMENT_3D ( 'NONE', #222, #3413, #5015 ) ;
#1944 = VERTEX_POINT ( 'NONE', #2234 ) ;
#1945 = ORIENTED_EDGE ( 'NONE', *, *, #956, .T. ) ;
#1946 = PRESENTATION_LAYER_ASSIGNMENT (  '', '', ( #5132 ) ) ;
#1947 = ORIENTED_EDGE ( 'NONE', *, *, #1609, .F. ) ;
#1948 = FACE_OUTER_BOUND ( 'NONE', #844, .T. ) ;
#1949 = AXIS2_PLACEMENT_3D ( 'NONE', #2149, #527, #186 ) ;
#1950 = DIRECTION ( 'NONE',  ( -1.000000000000000000, 0.000000000000000000, 0.000000000000000000 ) ) ;
#1951 = ORIENTED_EDGE ( 'NONE', *, *, #2439, .F. ) ;
#1952 = DIRECTION ( 'NONE',  ( 0.000000000000000000, 0.000000000000000000, -1.000000000000000000 ) ) ;
#1953 = CARTESIAN_POINT ( 'NONE',  ( -12.50000000000000355, 0.000000000000000000, -15.00000000000000000 ) ) ;
#1954 = FACE_OUTER_BOUND ( 'NONE', #722, .T. ) ;
#1955 = ORIENTED_EDGE ( 'NONE', *, *, #2440, .F. ) ;
#1956 = EDGE_CURVE ( 'NONE', #354, #5107, #3843, .T. ) ;
#1957 = EDGE_CURVE ( 'NONE', #4663, #4586, #1419, .T. ) ;
#1958 = DIRECTION ( 'NONE',  ( 0.000000000000000000, 0.000000000000000000, -1.000000000000000000 ) ) ;
#1959 = CARTESIAN_POINT ( 'NONE',  ( 37.00000000000000000, -61.42000000000000171, 2.675000000000512301 ) ) ;
#1960 = ORIENTED_EDGE ( 'NONE', *, *, #4565, .T. ) ;
#1961 = ADVANCED_FACE ( 'NONE', ( #3389 ), #4231, .F. ) ;
#1962 = ORIENTED_EDGE ( 'NONE', *, *, #1033, .F. ) ;
#1963 = DIRECTION ( 'NONE',  ( 0.000000000000000000, 0.000000000000000000, -1.000000000000000000 ) ) ;
#1964 = ORIENTED_EDGE ( 'NONE', *, *, #16, .T. ) ;
#1965 = VERTEX_POINT ( 'NONE', #3015 ) ;
#1966 = ADVANCED_FACE ( 'NONE', ( #4522 ), #3364, .F. ) ;
#1967 = CARTESIAN_POINT ( 'NONE',  ( -31.99999999999999289, -61.41999999999998749, 14.77499999999999858 ) ) ;
#1968 = EDGE_CURVE ( 'NONE', #4120, #2527, #2985, .T. ) ;
#1969 = FACE_OUTER_BOUND ( 'NONE', #3794, .T. ) ;
#1970 = CARTESIAN_POINT ( 'NONE',  ( 44.00000000000000711, 3.000000000000000000, -50.49999999999998579 ) ) ;
#1971 = FACE_OUTER_BOUND ( 'NONE', #1890, .T. ) ;
#1972 = ORIENTED_EDGE ( 'NONE', *, *, #3437, .F. ) ;
#1973 = ORIENTED_EDGE ( 'NONE', *, *, #2002, .T. ) ;
#1974 = EDGE_LOOP ( 'NONE', ( #1503, #249, #2844, #4805 ) ) ;
#1975 = PLANE ( 'NONE',  #5131 ) ;
#1976 = EDGE_CURVE ( 'NONE', #3968, #4192, #537, .T. ) ;
#1977 = CARTESIAN_POINT ( 'NONE',  ( 27.75000000000000000, 0.000000000000000000, -56.19999999999999574 ) ) ;
#1978 = ORIENTED_EDGE ( 'NONE', *, *, #870, .F. ) ;
#1979 = DIRECTION ( 'NONE',  ( 0.000000000000000000, 0.000000000000000000, 1.000000000000000000 ) ) ;
#1980 = CARTESIAN_POINT ( 'NONE',  ( 32.00000000000000000, -0.000000000000000000, -49.99999999999997158 ) ) ;
#1981 = AXIS2_PLACEMENT_3D ( 'NONE', #4962, #1361, #2959 ) ;
#1982 = LINE ( 'NONE', #1902, #3845 ) ;
#1983 = ORIENTED_EDGE ( 'NONE', *, *, #1669, .F. ) ;
#1984 = CARTESIAN_POINT ( 'NONE',  ( 37.00000000000000000, 0.000000000000000000, 50.00000000000006395 ) ) ;
#1985 = ORIENTED_EDGE ( 'NONE', *, *, #2975, .F. ) ;
#1986 = CARTESIAN_POINT ( 'NONE',  ( 37.00000000000000000, -61.41999999999998749, -12.52499999999999680 ) ) ;
#1987 = ORIENTED_EDGE ( 'NONE', *, *, #2918, .T. ) ;
#1988 = DIRECTION ( 'NONE',  ( 0.000000000000000000, 0.000000000000000000, 1.000000000000000000 ) ) ;
#1989 = EDGE_CURVE ( 'NONE', #4663, #4362, #2183, .T. ) ;
#1990 = LINE ( 'NONE', #61, #1194 ) ;
#1991 = EDGE_CURVE ( 'NONE', #1918, #828, #726, .T. ) ;
#1992 = CARTESIAN_POINT ( 'NONE',  ( 43.99999999999987921, 10.00000000000000000, 40.19999999999999574 ) ) ;
#1993 = EDGE_CURVE ( 'NONE', #1458, #1534, #4840, .T. ) ;
#1994 = VECTOR ( 'NONE', #755, 1000.000000000000000 ) ;
#1995 = CARTESIAN_POINT ( 'NONE',  ( 43.99999999999987921, 3.000000000000000000, 38.49999999999999289 ) ) ;
#1996 = ORIENTED_EDGE ( 'NONE', *, *, #2950, .T. ) ;
#1997 = ORIENTED_EDGE ( 'NONE', *, *, #4054, .T. ) ;
#1998 = ORIENTED_EDGE ( 'NONE', *, *, #2451, .F. ) ;
#1999 = LINE ( 'NONE', #838, #30 ) ;
#2000 = CIRCLE ( 'NONE', #2165, 2.249999999999999556 ) ;
#2001 = DIRECTION ( 'NONE',  ( -1.000000000000000000, -0.000000000000000000, -0.000000000000000000 ) ) ;
#2002 = EDGE_CURVE ( 'NONE', #4228, #2207, #233, .T. ) ;
#2003 = VERTEX_POINT ( 'NONE', #171 ) ;
#2004 = VERTEX_POINT ( 'NONE', #3338 ) ;
#2005 = DIRECTION ( 'NONE',  ( -0.000000000000000000, 1.000000000000000000, -0.000000000000000000 ) ) ;
#2006 = LINE ( 'NONE', #475, #4943 ) ;
#2007 = CARTESIAN_POINT ( 'NONE',  ( -27.75000000000000000, -22.00000000000000355, -52.79999999999999005 ) ) ;
#2008 = ORIENTED_EDGE ( 'NONE', *, *, #1267, .F. ) ;
#2009 = ORIENTED_EDGE ( 'NONE', *, *, #1701, .T. ) ;
#2010 = LINE ( 'NONE', #4767, #1431 ) ;
#2011 = AXIS2_PLACEMENT_3D ( 'NONE', #3431, #1830, #3106 ) ;
#2012 = VERTEX_POINT ( 'NONE', #4137 ) ;
#2013 = CIRCLE ( 'NONE', #15, 1.700000000000000178 ) ;
#2014 = EDGE_LOOP ( 'NONE', ( #2930, #3016 ) ) ;
#2015 = CARTESIAN_POINT ( 'NONE',  ( 12.49999999999999645, 0.000000000000000000, 13.30000000000000249 ) ) ;
#2016 = DIRECTION ( 'NONE',  ( -1.000000000000000000, 0.000000000000000000, 0.000000000000000000 ) ) ;
#2017 = AXIS2_PLACEMENT_3D ( 'NONE', #2665, #314, #4296 ) ;
#2018 = CARTESIAN_POINT ( 'NONE',  ( 32.00000000000000000, -61.42000000000000171, 7.175000000000515854 ) ) ;
#2019 = DIRECTION ( 'NONE',  ( 0.000000000000000000, 0.000000000000000000, 1.000000000000000000 ) ) ;
#2020 = ORIENTED_EDGE ( 'NONE', *, *, #4788, .F. ) ;
#2021 = EDGE_CURVE ( 'NONE', #1723, #1270, #1393, .T. ) ;
#2022 = ORIENTED_EDGE ( 'NONE', *, *, #4592, .F. ) ;
#2023 = VECTOR ( 'NONE', #2169, 1000.000000000000000 ) ;
#2024 = VERTEX_POINT ( 'NONE', #974 ) ;
#2025 = DIRECTION ( 'NONE',  ( 5.551115123125785858E-15, 0.000000000000000000, -1.000000000000000000 ) ) ;
#2026 = AXIS2_PLACEMENT_3D ( 'NONE', #2744, #4842, #2846 ) ;
#2027 = EDGE_CURVE ( 'NONE', #5002, #2742, #4207, .T. ) ;
#2028 = CARTESIAN_POINT ( 'NONE',  ( 2.220446049250307527E-13, -75.00000000000000000, 39.99999999999987921 ) ) ;
#2029 = VECTOR ( 'NONE', #2759, 1000.000000000000000 ) ;
#2030 = VECTOR ( 'NONE', #1674, 1000.000000000000000 ) ;
#2031 = ORIENTED_EDGE ( 'NONE', *, *, #2122, .T. ) ;
#2032 = DIRECTION ( 'NONE',  ( 0.000000000000000000, 0.000000000000000000, -1.000000000000000000 ) ) ;
#2033 = LINE ( 'NONE', #1001, #3186 ) ;
#2034 = EDGE_CURVE ( 'NONE', #2706, #2527, #2944, .T. ) ;
#2035 = CIRCLE ( 'NONE', #1862, 1.700000000000000178 ) ;
#2036 = CARTESIAN_POINT ( 'NONE',  ( -44.00000000000000711, 0.000000000000000000, 48.79999999999999005 ) ) ;
#2037 = VERTEX_POINT ( 'NONE', #951 ) ;
#2038 = DIRECTION ( 'NONE',  ( -1.000000000000000000, 0.000000000000000000, 0.000000000000000000 ) ) ;
#2039 = ORIENTED_EDGE ( 'NONE', *, *, #863, .T. ) ;
#2040 = CARTESIAN_POINT ( 'NONE',  ( -43.99999999999975131, 10.00000000000000000, 26.49999999999998934 ) ) ;
#2041 = FACE_OUTER_BOUND ( 'NONE', #3376, .T. ) ;
#2042 = DIRECTION ( 'NONE',  ( 0.000000000000000000, 0.000000000000000000, -1.000000000000000000 ) ) ;
#2043 = DIRECTION ( 'NONE',  ( 0.000000000000000000, 1.000000000000000000, -0.000000000000000000 ) ) ;
#2044 = ORIENTED_EDGE ( 'NONE', *, *, #3264, .F. ) ;
#2045 = ORIENTED_EDGE ( 'NONE', *, *, #3766, .T. ) ;
#2046 = DIRECTION ( 'NONE',  ( -0.000000000000000000, -1.000000000000000000, -0.000000000000000000 ) ) ;
#2047 = DIRECTION ( 'NONE',  ( 0.000000000000000000, 0.000000000000000000, -1.000000000000000000 ) ) ;
#2048 = ORIENTED_EDGE ( 'NONE', *, *, #4082, .F. ) ;
#2049 = ORIENTED_EDGE ( 'NONE', *, *, #902, .F. ) ;
#2050 = CARTESIAN_POINT ( 'NONE',  ( -43.99999999999975131, 0.000000000000000000, -26.49999999999998934 ) ) ;
#2051 = DIRECTION ( 'NONE',  ( 0.000000000000000000, -1.000000000000000000, 0.000000000000000000 ) ) ;
#2052 = ADVANCED_FACE ( 'NONE', ( #558 ), #2160, .F. ) ;
#2053 = DIRECTION ( 'NONE',  ( 0.000000000000000000, 0.000000000000000000, -1.000000000000000000 ) ) ;
#2054 = EDGE_CURVE ( 'NONE', #751, #752, #74, .T. ) ;
#2055 = VERTEX_POINT ( 'NONE', #608 ) ;
#2056 = ADVANCED_FACE ( 'NONE', ( #4182 ), #582, .F. ) ;
#2057 = FACE_OUTER_BOUND ( 'NONE', #986, .T. ) ;
#2058 = AXIS2_PLACEMENT_3D ( 'NONE', #2616, #5083, #2296 ) ;
#2059 = FACE_BOUND ( 'NONE', #4041, .T. ) ;
#2060 = VECTOR ( 'NONE', #1472, 1000.000000000000000 ) ;
#2061 = ADVANCED_FACE ( 'NONE', ( #3981 ), #4311, .F. ) ;
#2062 = DIRECTION ( 'NONE',  ( 0.000000000000000000, 0.000000000000000000, -1.000000000000000000 ) ) ;
#2063 = CARTESIAN_POINT ( 'NONE',  ( -44.00000000000000711, 10.00000000000000000, 52.19999999999998863 ) ) ;
#2064 = DIRECTION ( 'NONE',  ( 0.000000000000000000, 0.000000000000000000, -1.000000000000000000 ) ) ;
#2065 = CARTESIAN_POINT ( 'NONE',  ( 32.00000000000000000, -75.00000000000000000, 40.00000000000005684 ) ) ;
#2066 = ORIENTED_EDGE ( 'NONE', *, *, #1411, .T. ) ;
#2067 = CIRCLE ( 'NONE', #3753, 1.700000000000000178 ) ;
#2068 = ORIENTED_EDGE ( 'NONE', *, *, #736, .T. ) ;
#2069 = DIRECTION ( 'NONE',  ( -1.000000000000000000, -0.000000000000000000, -0.000000000000000000 ) ) ;
#2070 = AXIS2_PLACEMENT_3D ( 'NONE', #4277, #4305, #4693 ) ;
#2071 = DIRECTION ( 'NONE',  ( -1.000000000000000000, -0.000000000000000000, -0.000000000000000000 ) ) ;
#2072 = EDGE_LOOP ( 'NONE', ( #379, #196, #3183, #1621 ) ) ;
#2073 = VERTEX_POINT ( 'NONE', #2760 ) ;
#2074 = DIRECTION ( 'NONE',  ( 1.000000000000000000, 0.000000000000000000, -0.000000000000000000 ) ) ;
#2075 = DIRECTION ( 'NONE',  ( -1.000000000000000000, -0.000000000000000000, -0.000000000000000000 ) ) ;
#2076 = VECTOR ( 'NONE', #5037, 1000.000000000000000 ) ;
#2077 = CARTESIAN_POINT ( 'NONE',  ( -43.99999999999975131, 3.000000000000000000, 24.79999999999999005 ) ) ;
#2078 = VECTOR ( 'NONE', #3638, 1000.000000000000000 ) ;
#2079 = ORIENTED_EDGE ( 'NONE', *, *, #3394, .T. ) ;
#2080 = CYLINDRICAL_SURFACE ( 'NONE', #1141, 2.149999999999999023 ) ;
#2081 = ADVANCED_FACE ( 'NONE', ( #3525 ), #1051, .F. ) ;
#2082 = DIRECTION ( 'NONE',  ( -1.000000000000000000, -0.000000000000000000, -0.000000000000000000 ) ) ;
#2083 = ADVANCED_FACE ( 'NONE', ( #732 ), #5126, .F. ) ;
#2084 = DIRECTION ( 'NONE',  ( -5.551115123125785858E-15, 0.000000000000000000, -1.000000000000000000 ) ) ;
#2085 = CIRCLE ( 'NONE', #3604, 1.700000000000000178 ) ;
#2086 = DIRECTION ( 'NONE',  ( 0.000000000000000000, -1.000000000000000000, 0.000000000000000000 ) ) ;
#2087 = ADVANCED_FACE ( 'NONE', ( #2708 ), #3089, .F. ) ;
#2088 = CYLINDRICAL_SURFACE ( 'NONE', #3588, 2.149999999999999023 ) ;
#2089 = VECTOR ( 'NONE', #2642, 1000.000000000000000 ) ;
#2090 = DIRECTION ( 'NONE',  ( -1.000000000000000000, -0.000000000000000000, -0.000000000000000000 ) ) ;
#2091 = AXIS2_PLACEMENT_3D ( 'NONE', #5102, #2291, #585 ) ;
#2092 = VERTEX_POINT ( 'NONE', #4757 ) ;
#2093 = FACE_BOUND ( 'NONE', #3120, .T. ) ;
#2094 = ORIENTED_EDGE ( 'NONE', *, *, #2740, .F. ) ;
#2095 = EDGE_LOOP ( 'NONE', ( #2873, #1187, #1706, #365 ) ) ;
#2096 = DIRECTION ( 'NONE',  ( 0.000000000000000000, -1.000000000000000000, 0.000000000000000000 ) ) ;
#2097 = AXIS2_PLACEMENT_3D ( 'NONE', #3605, #332, #2369 ) ;
#2098 = VECTOR ( 'NONE', #4288, 1000.000000000000000 ) ;
#2099 = CARTESIAN_POINT ( 'NONE',  ( -31.99999999999999289, -61.41999999999998749, -14.77499999999999858 ) ) ;
#2100 = VECTOR ( 'NONE', #151, 1000.000000000000000 ) ;
#2101 = CARTESIAN_POINT ( 'NONE',  ( 37.00000000000000000, -75.00000000000000000, -49.99999999999994316 ) ) ;
#2102 = VECTOR ( 'NONE', #4584, 1000.000000000000000 ) ;
#2103 = VERTEX_POINT ( 'NONE', #2678 ) ;
#2104 = VERTEX_POINT ( 'NONE', #3498 ) ;
#2105 = CARTESIAN_POINT ( 'NONE',  ( -37.00000000000000000, 0.000000000000000000, -49.99999999999994316 ) ) ;
#2106 = DIRECTION ( 'NONE',  ( 0.000000000000000000, 0.000000000000000000, 1.000000000000000000 ) ) ;
#2107 = AXIS2_PLACEMENT_3D ( 'NONE', #3046, #1060, #4240 ) ;
#2108 = CIRCLE ( 'NONE', #4383, 1.700000000000000178 ) ;
#2109 = DIRECTION ( 'NONE',  ( 0.000000000000000000, 0.000000000000000000, 1.000000000000000000 ) ) ;
#2110 = ORIENTED_EDGE ( 'NONE', *, *, #2373, .T. ) ;
#2111 = AXIS2_PLACEMENT_3D ( 'NONE', #1758, #4966, #578 ) ;
#2112 =( GEOMETRIC_REPRESENTATION_CONTEXT ( 3 ) GLOBAL_UNCERTAINTY_ASSIGNED_CONTEXT ( ( #995 ) ) GLOBAL_UNIT_ASSIGNED_CONTEXT ( ( #4328, #1408, #5008 ) ) REPRESENTATION_CONTEXT ( 'NONE', 'WORKASPACE' ) );
#2113 = CARTESIAN_POINT ( 'NONE',  ( 47.99999999999999289, -12.00000000000000000, -4.924999999999999822 ) ) ;
#2114 = AXIS2_PLACEMENT_3D ( 'NONE', #4720, #2225, #4326 ) ;
#2115 = EDGE_LOOP ( 'NONE', ( #2955, #3494 ) ) ;
#2116 = CYLINDRICAL_SURFACE ( 'NONE', #1193, 15.00000000000000000 ) ;
#2117 = LINE ( 'NONE', #3671, #3337 ) ;
#2118 = EDGE_CURVE ( 'NONE', #423, #4651, #761, .T. ) ;
#2119 = DIRECTION ( 'NONE',  ( 0.000000000000000000, 0.000000000000000000, -1.000000000000000000 ) ) ;
#2120 = VERTEX_POINT ( 'NONE', #2366 ) ;
#2121 = ORIENTED_EDGE ( 'NONE', *, *, #2740, .T. ) ;
#2122 = EDGE_CURVE ( 'NONE', #2338, #1907, #4667, .T. ) ;
#2123 = ORIENTED_EDGE ( 'NONE', *, *, #516, .F. ) ;
#2124 = EDGE_CURVE ( 'NONE', #1490, #2248, #5099, .T. ) ;
#2125 = CARTESIAN_POINT ( 'NONE',  ( 43.99999999999975131, 10.00000000000000000, 26.49999999999998934 ) ) ;
#2126 = EDGE_LOOP ( 'NONE', ( #1936, #4963 ) ) ;
#2127 = CARTESIAN_POINT ( 'NONE',  ( 43.99999999999987921, 3.000000000000000000, 38.49999999999999289 ) ) ;
#2128 = CARTESIAN_POINT ( 'NONE',  ( 37.00000000000000000, -12.00000000000000000, -14.77499999999999858 ) ) ;
#2129 = DIRECTION ( 'NONE',  ( 0.000000000000000000, 0.000000000000000000, 1.000000000000000000 ) ) ;
#2130 = CARTESIAN_POINT ( 'NONE',  ( 50.00000000000000000, 3.000000000000000000, 62.49999999999999289 ) ) ;
#2131 = PRODUCT_DEFINITION_SHAPE ( 'NONE', 'NONE',  #1905 ) ;
#2132 = DIRECTION ( 'NONE',  ( -0.000000000000000000, 1.000000000000000000, -0.000000000000000000 ) ) ;
#2133 = ORIENTED_EDGE ( 'NONE', *, *, #3305, .T. ) ;
#2134 = ORIENTED_EDGE ( 'NONE', *, *, #3735, .F. ) ;
#2135 = CARTESIAN_POINT ( 'NONE',  ( 27.75000000000000000, -22.00000000000000355, -37.39999999999999858 ) ) ;
#2136 = DIRECTION ( 'NONE',  ( 0.000000000000000000, 0.000000000000000000, 1.000000000000000000 ) ) ;
#2137 = ADVANCED_FACE ( 'NONE', ( #3951 ), #3920, .T. ) ;
#2138 = DIRECTION ( 'NONE',  ( 1.000000000000000000, 0.000000000000000000, 5.551115123125785858E-15 ) ) ;
#2139 = ORIENTED_EDGE ( 'NONE', *, *, #4971, .T. ) ;
#2140 = CARTESIAN_POINT ( 'NONE',  ( 12.49999999999999645, 0.000000000000000000, -15.00000000000000355 ) ) ;
#2141 = PLANE ( 'NONE',  #2185 ) ;
#2142 = FACE_BOUND ( 'NONE', #4562, .T. ) ;
#2143 = CIRCLE ( 'NONE', #144, 2.149999999999999023 ) ;
#2144 = DIRECTION ( 'NONE',  ( -1.000000000000000000, 0.000000000000000000, 0.000000000000000000 ) ) ;
#2145 = EDGE_LOOP ( 'NONE', ( #1337, #3300 ) ) ;
#2146 = ORIENTED_EDGE ( 'NONE', *, *, #512, .F. ) ;
#2147 = DIRECTION ( 'NONE',  ( -0.000000000000000000, -1.000000000000000000, -0.000000000000000000 ) ) ;
#2148 = ORIENTED_EDGE ( 'NONE', *, *, #3264, .T. ) ;
#2149 = CARTESIAN_POINT ( 'NONE',  ( 67.99999999999997158, -16.00000000000000000, 46.00000000000004263 ) ) ;
#2150 = ADVANCED_FACE ( 'NONE', ( #1502 ), #2288, .F. ) ;
#2151 = EDGE_CURVE ( 'NONE', #19, #1721, #2238, .T. ) ;
#2152 = DIRECTION ( 'NONE',  ( -1.000000000000000000, 0.000000000000000000, 0.000000000000000000 ) ) ;
#2153 = DIRECTION ( 'NONE',  ( 1.000000000000000000, -0.000000000000000000, 5.551115123125785858E-15 ) ) ;
#2154 = EDGE_LOOP ( 'NONE', ( #3224, #3134, #3548, #544 ) ) ;
#2155 = ORIENTED_EDGE ( 'NONE', *, *, #736, .F. ) ;
#2156 = LINE ( 'NONE', #534, #3661 ) ;
#2157 = FACE_OUTER_BOUND ( 'NONE', #3595, .T. ) ;
#2158 = AXIS2_PLACEMENT_3D ( 'NONE', #1787, #2964, #4574 ) ;
#2159 = EDGE_CURVE ( 'NONE', #4585, #4827, #1557, .T. ) ;
#2160 = CYLINDRICAL_SURFACE ( 'NONE', #152, 2.250000000000000444 ) ;
#2161 = ORIENTED_EDGE ( 'NONE', *, *, #834, .T. ) ;
#2162 = CARTESIAN_POINT ( 'NONE',  ( 37.00000000000000000, -12.00000000000000000, -14.77499999999999858 ) ) ;
#2163 = CIRCLE ( 'NONE', #327, 2.250000000000001776 ) ;
#2164 = DIRECTION ( 'NONE',  ( 0.000000000000000000, 3.469446951953614189E-16, -1.000000000000000000 ) ) ;
#2165 = AXIS2_PLACEMENT_3D ( 'NONE', #2684, #4316, #1563 ) ;
#2166 = FACE_BOUND ( 'NONE', #2874, .T. ) ;
#2167 = CARTESIAN_POINT ( 'NONE',  ( 67.99999999999994316, -19.04316770519909952, 50.00000000000024158 ) ) ;
#2168 = ORIENTED_EDGE ( 'NONE', *, *, #4745, .F. ) ;
#2169 = DIRECTION ( 'NONE',  ( -1.000000000000000000, -0.000000000000000000, -0.000000000000000000 ) ) ;
#2170 = ORIENTED_EDGE ( 'NONE', *, *, #3235, .F. ) ;
#2171 = LINE ( 'NONE', #5007, #2197 ) ;
#2172 = AXIS2_PLACEMENT_3D ( 'NONE', #3938, #1229, #4459 ) ;
#2173 = PLANE ( 'NONE',  #1770 ) ;
#2174 = CARTESIAN_POINT ( 'NONE',  ( -43.99999999999987921, 0.000000000000000000, -40.19999999999999574 ) ) ;
#2175 = FACE_BOUND ( 'NONE', #3201, .T. ) ;
#2176 = EDGE_LOOP ( 'NONE', ( #2488, #4718, #4352, #5144 ) ) ;
#2177 = ORIENTED_EDGE ( 'NONE', *, *, #4756, .T. ) ;
#2178 = AXIS2_PLACEMENT_3D ( 'NONE', #3606, #821, #23 ) ;
#2179 = EDGE_CURVE ( 'NONE', #1434, #2445, #4920, .T. ) ;
#2180 = CARTESIAN_POINT ( 'NONE',  ( 37.00000000000000000, -57.41999999999998749, -49.99999999999993605 ) ) ;
#2181 = CARTESIAN_POINT ( 'NONE',  ( 47.99999999999999289, -61.41999999999998749, 17.02499999999999858 ) ) ;
#2182 = VECTOR ( 'NONE', #4218, 1000.000000000000000 ) ;
#2183 = LINE ( 'NONE', #3415, #2489 ) ;
#2184 = ORIENTED_EDGE ( 'NONE', *, *, #1895, .F. ) ;
#2185 = AXIS2_PLACEMENT_3D ( 'NONE', #483, #1738, #2164 ) ;
#2186 = CYLINDRICAL_SURFACE ( 'NONE', #3574, 2.149999999999999023 ) ;
#2187 = EDGE_CURVE ( 'NONE', #4370, #4651, #2656, .T. ) ;
#2188 = CARTESIAN_POINT ( 'NONE',  ( -43.99999999999987921, 3.000000000000000000, -38.49999999999999289 ) ) ;
#2189 = DIRECTION ( 'NONE',  ( -0.000000000000000000, 1.000000000000000000, -0.000000000000000000 ) ) ;
#2190 = EDGE_CURVE ( 'NONE', #4192, #3339, #3872, .T. ) ;
#2191 = CIRCLE ( 'NONE', #2454, 1.700000000000000178 ) ;
#2192 = CIRCLE ( 'NONE', #361, 2.250000000000001776 ) ;
#2193 = CIRCLE ( 'NONE', #3103, 2.250000000000001776 ) ;
#2194 = FACE_BOUND ( 'NONE', #975, .T. ) ;
#2195 = EDGE_CURVE ( 'NONE', #719, #4094, #1873, .T. ) ;
#2196 = AXIS2_PLACEMENT_3D ( 'NONE', #3153, #4314, #1615 ) ;
#2197 = VECTOR ( 'NONE', #1016, 1000.000000000000000 ) ;
#2198 = CARTESIAN_POINT ( 'NONE',  ( 46.00000000000002132, -12.00000000000000000, -26.77499999999999503 ) ) ;
#2199 = DIRECTION ( 'NONE',  ( 0.000000000000000000, 0.000000000000000000, -1.000000000000000000 ) ) ;
#2200 = VERTEX_POINT ( 'NONE', #4673 ) ;
#2201 = CIRCLE ( 'NONE', #2688, 2.250000000000000444 ) ;
#2202 = FACE_OUTER_BOUND ( 'NONE', #567, .T. ) ;
#2203 = LINE ( 'NONE', #529, #4875 ) ;
#2204 = UNCERTAINTY_MEASURE_WITH_UNIT (LENGTH_MEASURE( 1.000000000000000082E-05 ), #3293, 'distance_accuracy_value', 'NONE');
#2205 = LINE ( 'NONE', #2101, #1398 ) ;
#2206 = ORIENTED_EDGE ( 'NONE', *, *, #5001, .F. ) ;
#2207 = VERTEX_POINT ( 'NONE', #303 ) ;
#2208 = CARTESIAN_POINT ( 'NONE',  ( -37.00000000000000000, -75.00000000000000000, -49.99999999999994316 ) ) ;
#2209 = DIRECTION ( 'NONE',  ( -1.000000000000000000, -0.000000000000000000, -0.000000000000000000 ) ) ;
#2210 = DIRECTION ( 'NONE',  ( -0.000000000000000000, -0.000000000000000000, -1.000000000000000000 ) ) ;
#2211 = CARTESIAN_POINT ( 'NONE',  ( 32.00000000000000000, -61.42000000000000171, -4.924999999999485567 ) ) ;
#2212 = EDGE_LOOP ( 'NONE', ( #4048, #244, #2788, #2518 ) ) ;
#2213 = DIRECTION ( 'NONE',  ( -0.000000000000000000, 1.000000000000000000, -0.000000000000000000 ) ) ;
#2214 = CARTESIAN_POINT ( 'NONE',  ( 37.00000000000000000, -16.00000000000000000, -49.99999999999994316 ) ) ;
#2215 = EDGE_CURVE ( 'NONE', #1938, #3308, #2067, .T. ) ;
#2216 = EDGE_CURVE ( 'NONE', #5182, #3649, #1192, .T. ) ;
#2217 = CARTESIAN_POINT ( 'NONE',  ( 27.75000000000000000, 0.000000000000000000, 56.19999999999999574 ) ) ;
#2218 = EDGE_CURVE ( 'NONE', #773, #2012, #404, .T. ) ;
#2219 = CYLINDRICAL_SURFACE ( 'NONE', #4382, 1.700000000000000178 ) ;
#2220 = EDGE_CURVE ( 'NONE', #3027, #1247, #4857, .T. ) ;
#2221 = DIRECTION ( 'NONE',  ( -1.000000000000000000, -0.000000000000000000, -0.000000000000000000 ) ) ;
#2222 = ORIENTED_EDGE ( 'NONE', *, *, #4369, .T. ) ;
#2223 = CARTESIAN_POINT ( 'NONE',  ( 44.00000000000000711, 3.000000000000000000, -52.19999999999998863 ) ) ;
#2224 = VERTEX_POINT ( 'NONE', #3601 ) ;
#2225 = DIRECTION ( 'NONE',  ( -1.000000000000000000, 0.000000000000000000, 0.000000000000000000 ) ) ;
#2226 = CIRCLE ( 'NONE', #4498, 1.700000000000000178 ) ;
#2227 = CARTESIAN_POINT ( 'NONE',  ( -27.75000000000000000, -22.00000000000000355, -35.69999999999999574 ) ) ;
#2228 = LINE ( 'NONE', #3116, #2076 ) ;
#2229 = EDGE_LOOP ( 'NONE', ( #1555, #262 ) ) ;
#2230 = ORIENTED_EDGE ( 'NONE', *, *, #2973, .F. ) ;
#2231 = VECTOR ( 'NONE', #4281, 1000.000000000000000 ) ;
#2232 = DIRECTION ( 'NONE',  ( -1.000000000000000000, -0.000000000000000000, -0.000000000000000000 ) ) ;
#2233 = DIRECTION ( 'NONE',  ( 0.000000000000000000, 0.000000000000000000, 1.000000000000000000 ) ) ;
#2234 = CARTESIAN_POINT ( 'NONE',  ( -44.00000000000000711, 3.000000000000000000, -48.79999999999999005 ) ) ;
#2235 = ORIENTED_EDGE ( 'NONE', *, *, #902, .T. ) ;
#2236 = CARTESIAN_POINT ( 'NONE',  ( -12.50000000000000355, 3.000000000000000000, -16.69999999999999929 ) ) ;
#2237 = FACE_OUTER_BOUND ( 'NONE', #3332, .T. ) ;
#2238 = CIRCLE ( 'NONE', #5178, 2.250000000000001776 ) ;
#2239 = DIRECTION ( 'NONE',  ( 0.000000000000000000, 0.000000000000000000, -1.000000000000000000 ) ) ;
#2240 = VECTOR ( 'NONE', #1045, 1000.000000000000000 ) ;
#2241 = VERTEX_POINT ( 'NONE', #1977 ) ;
#2242 = EDGE_CURVE ( 'NONE', #3541, #2996, #2829, .T. ) ;
#2243 = EDGE_CURVE ( 'NONE', #786, #2200, #1316, .T. ) ;
#2244 = DIRECTION ( 'NONE',  ( 1.000000000000000000, 0.000000000000000000, -5.551115123125785858E-15 ) ) ;
#2245 = DIRECTION ( 'NONE',  ( -1.000000000000000000, -0.000000000000000000, -0.000000000000000000 ) ) ;
#2246 = ORIENTED_EDGE ( 'NONE', *, *, #3926, .T. ) ;
#2247 = FACE_OUTER_BOUND ( 'NONE', #819, .T. ) ;
#2248 = VERTEX_POINT ( 'NONE', #3226 ) ;
#2249 = DIRECTION ( 'NONE',  ( -1.000000000000000000, -0.000000000000000000, -0.000000000000000000 ) ) ;
#2250 = EDGE_CURVE ( 'NONE', #3020, #2905, #1658, .T. ) ;
#2251 = CARTESIAN_POINT ( 'NONE',  ( -27.75000000000000000, 0.000000000000000000, 33.99999999999999289 ) ) ;
#2252 = DIRECTION ( 'NONE',  ( -0.000000000000000000, 1.000000000000000000, -0.000000000000000000 ) ) ;
#2253 = EDGE_LOOP ( 'NONE', ( #756, #3400, #3860, #2380 ) ) ;
#2254 = VERTEX_POINT ( 'NONE', #840 ) ;
#2255 = DIRECTION ( 'NONE',  ( 0.000000000000000000, 1.000000000000000000, 0.000000000000000000 ) ) ;
#2256 = FACE_OUTER_BOUND ( 'NONE', #2334, .T. ) ;
#2257 = AXIS2_PLACEMENT_3D ( 'NONE', #857, #2825, #4822 ) ;
#2258 = DIRECTION ( 'NONE',  ( 0.000000000000000000, 0.000000000000000000, -1.000000000000000000 ) ) ;
#2259 = AXIS2_PLACEMENT_3D ( 'NONE', #1714, #2842, #3716 ) ;
#2260 = ORIENTED_EDGE ( 'NONE', *, *, #3898, .T. ) ;
#2261 = CYLINDRICAL_SURFACE ( 'NONE', #4896, 2.250000000000000444 ) ;
#2262 = DIRECTION ( 'NONE',  ( -1.000000000000000000, 0.000000000000000000, 0.000000000000000000 ) ) ;
#2263 = DIRECTION ( 'NONE',  ( -1.000000000000000000, -0.000000000000000000, -0.000000000000000000 ) ) ;
#2264 = ORIENTED_EDGE ( 'NONE', *, *, #231, .F. ) ;
#2265 = CIRCLE ( 'NONE', #4533, 2.250000000000000444 ) ;
#2266 = LINE ( 'NONE', #232, #1099 ) ;
#2267 = VECTOR ( 'NONE', #1556, 1000.000000000000000 ) ;
#2268 = AXIS2_PLACEMENT_3D ( 'NONE', #4394, #2807, #3647 ) ;
#2269 = CARTESIAN_POINT ( 'NONE',  ( 37.00000000000000000, -75.00000000000000000, -49.99999999999994316 ) ) ;
#2270 = ORIENTED_EDGE ( 'NONE', *, *, #2671, .F. ) ;
#2271 = ORIENTED_EDGE ( 'NONE', *, *, #5070, .F. ) ;
#2272 = CARTESIAN_POINT ( 'NONE',  ( 47.99999999999999289, -57.42000000000000171, -19.99999999999999645 ) ) ;
#2273 = ORIENTED_EDGE ( 'NONE', *, *, #3600, .F. ) ;
#2274 = ORIENTED_EDGE ( 'NONE', *, *, #2946, .F. ) ;
#2275 = CYLINDRICAL_SURFACE ( 'NONE', #1442, 1.700000000000000178 ) ;
#2276 = AXIS2_PLACEMENT_3D ( 'NONE', #1358, #3705, #4514 ) ;
#2277 = CIRCLE ( 'NONE', #520, 1.700000000000000178 ) ;
#2278 = EDGE_CURVE ( 'NONE', #4094, #3385, #2442, .T. ) ;
#2279 = DIRECTION ( 'NONE',  ( 0.000000000000000000, 1.000000000000000000, -0.000000000000000000 ) ) ;
#2280 = ADVANCED_FACE ( 'NONE', ( #1607 ), #867, .F. ) ;
#2281 = DIRECTION ( 'NONE',  ( -1.000000000000000000, -0.000000000000000000, -0.000000000000000000 ) ) ;
#2282 = EDGE_CURVE ( 'NONE', #2968, #4663, #3653, .T. ) ;
#2283 = AXIS2_PLACEMENT_3D ( 'NONE', #496, #3545, #1493 ) ;
#2284 = ORIENTED_EDGE ( 'NONE', *, *, #5105, .F. ) ;
#2285 = ORIENTED_EDGE ( 'NONE', *, *, #2250, .F. ) ;
#2286 = FACE_OUTER_BOUND ( 'NONE', #679, .T. ) ;
#2287 = CARTESIAN_POINT ( 'NONE',  ( 47.99999999999999289, -57.42000000000001592, 20.00000000000000355 ) ) ;
#2288 = CYLINDRICAL_SURFACE ( 'NONE', #2407, 2.249999999999999556 ) ;
#2289 = EDGE_LOOP ( 'NONE', ( #1433, #4148, #3331, #3084 ) ) ;
#2290 = ADVANCED_FACE ( 'NONE', ( #2494 ), #5179, .F. ) ;
#2291 = DIRECTION ( 'NONE',  ( -0.000000000000000000, -1.000000000000000000, -0.000000000000000000 ) ) ;
#2292 = DIRECTION ( 'NONE',  ( 0.000000000000000000, -1.000000000000000000, 0.000000000000000000 ) ) ;
#2293 = CARTESIAN_POINT ( 'NONE',  ( -43.99999999999987921, 10.00000000000000000, -38.49999999999999289 ) ) ;
#2294 = ORIENTED_EDGE ( 'NONE', *, *, #1968, .F. ) ;
#2295 = FACE_BOUND ( 'NONE', #2126, .T. ) ;
#2296 = DIRECTION ( 'NONE',  ( 0.000000000000000000, 0.000000000000000000, 1.000000000000000000 ) ) ;
#2297 = DIRECTION ( 'NONE',  ( 1.000000000000000000, 0.000000000000000000, 5.551115123125785858E-15 ) ) ;
#2298 = ORIENTED_EDGE ( 'NONE', *, *, #461, .T. ) ;
#2299 = PLANE ( 'NONE',  #4448 ) ;
#2300 = ORIENTED_EDGE ( 'NONE', *, *, #3426, .T. ) ;
#2301 = ORIENTED_EDGE ( 'NONE', *, *, #2187, .T. ) ;
#2302 = DIRECTION ( 'NONE',  ( 0.000000000000000000, 0.000000000000000000, -1.000000000000000000 ) ) ;
#2303 = LINE ( 'NONE', #4621, #1440 ) ;
#2304 = FACE_BOUND ( 'NONE', #2328, .T. ) ;
#2305 = ORIENTED_EDGE ( 'NONE', *, *, #1347, .T. ) ;
#2306 = EDGE_CURVE ( 'NONE', #3489, #4909, #1818, .T. ) ;
#2307 = ORIENTED_EDGE ( 'NONE', *, *, #1512, .F. ) ;
#2308 = ORIENTED_EDGE ( 'NONE', *, *, #1581, .F. ) ;
#2309 = FACE_OUTER_BOUND ( 'NONE', #2095, .T. ) ;
#2310 = ADVANCED_FACE ( 'NONE', ( #2863 ), #1218, .F. ) ;
#2311 = VECTOR ( 'NONE', #478, 1000.000000000000000 ) ;
#2312 = DIRECTION ( 'NONE',  ( -0.000000000000000000, 1.000000000000000000, -0.000000000000000000 ) ) ;
#2313 = CIRCLE ( 'NONE', #3827, 2.300000000000010481 ) ;
#2314 = ORIENTED_EDGE ( 'NONE', *, *, #1313, .T. ) ;
#2315 = CARTESIAN_POINT ( 'NONE',  ( 27.75000000000000000, 3.000000000000000000, -33.99999999999999289 ) ) ;
#2316 = DIRECTION ( 'NONE',  ( 0.000000000000000000, 0.000000000000000000, -1.000000000000000000 ) ) ;
#2317 = ADVANCED_FACE ( 'NONE', ( #3680 ), #92, .F. ) ;
#2318 = CARTESIAN_POINT ( 'NONE',  ( -37.00000000000000000, 0.000000000000000000, 50.00000000000006395 ) ) ;
#2319 = EDGE_LOOP ( 'NONE', ( #4424, #3727, #1712, #1643 ) ) ;
#2320 = FACE_BOUND ( 'NONE', #2698, .T. ) ;
#2321 = AXIS2_PLACEMENT_3D ( 'NONE', #4701, #1079, #708 ) ;
#2322 = AXIS2_PLACEMENT_3D ( 'NONE', #1391, #4608, #2608 ) ;
#2323 = CARTESIAN_POINT ( 'NONE',  ( -20.00000000000000000, 0.000000000000000000, 15.00000000000000355 ) ) ;
#2324 = VERTEX_POINT ( 'NONE', #3281 ) ;
#2325 = CARTESIAN_POINT ( 'NONE',  ( 32.00000000000005684, -75.00000000000000000, 40.00000000000005684 ) ) ;
#2326 = ORIENTED_EDGE ( 'NONE', *, *, #175, .F. ) ;
#2327 = AXIS2_PLACEMENT_3D ( 'NONE', #4129, #1019, #2937 ) ;
#2328 = EDGE_LOOP ( 'NONE', ( #373, #3704 ) ) ;
#2329 = DIRECTION ( 'NONE',  ( 0.000000000000000000, 0.000000000000000000, 1.000000000000000000 ) ) ;
#2330 = CARTESIAN_POINT ( 'NONE',  ( -31.99999999999999289, -61.42000000000000171, -7.174999999999485567 ) ) ;
#2331 = DIRECTION ( 'NONE',  ( 0.000000000000000000, 0.000000000000000000, -1.000000000000000000 ) ) ;
#2332 = EDGE_LOOP ( 'NONE', ( #460, #2415, #1312, #2139 ) ) ;
#2333 = VERTEX_POINT ( 'NONE', #4886 ) ;
#2334 = EDGE_LOOP ( 'NONE', ( #4165, #2741, #4209, #3325 ) ) ;
#2335 = DIRECTION ( 'NONE',  ( 0.000000000000000000, -1.000000000000000000, 0.000000000000000000 ) ) ;
#2336 = DIRECTION ( 'NONE',  ( -1.000000000000000000, -0.000000000000000000, -0.000000000000000000 ) ) ;
#2337 = EDGE_CURVE ( 'NONE', #1385, #1462, #3930, .T. ) ;
#2338 = VERTEX_POINT ( 'NONE', #3174 ) ;
#2339 = LINE ( 'NONE', #793, #5026 ) ;
#2340 = CARTESIAN_POINT ( 'NONE',  ( 67.99999999999997158, -16.00000000000000000, 48.30000000000003979 ) ) ;
#2341 = EDGE_CURVE ( 'NONE', #2004, #3488, #4780, .T. ) ;
#2342 = DIRECTION ( 'NONE',  ( -0.000000000000000000, -1.000000000000000000, -0.000000000000000000 ) ) ;
#2343 = EDGE_CURVE ( 'NONE', #1575, #2120, #790, .T. ) ;
#2344 = EDGE_LOOP ( 'NONE', ( #3039, #3177, #2246, #452 ) ) ;
#2345 = EDGE_CURVE ( 'NONE', #850, #3931, #3782, .T. ) ;
#2346 = ORIENTED_EDGE ( 'NONE', *, *, #1202, .F. ) ;
#2347 = VECTOR ( 'NONE', #5074, 1000.000000000000000 ) ;
#2348 = CARTESIAN_POINT ( 'NONE',  ( -37.00000000000000000, -12.00000000000000000, 2.674999999999999822 ) ) ;
#2349 = AXIS2_PLACEMENT_3D ( 'NONE', #1400, #4614, #4659 ) ;
#2350 = DIRECTION ( 'NONE',  ( -1.000000000000000000, 0.000000000000000000, 0.000000000000000000 ) ) ;
#2351 = VERTEX_POINT ( 'NONE', #3407 ) ;
#2352 = CARTESIAN_POINT ( 'NONE',  ( -37.00000000000000000, -61.42000000000000171, -4.924999999999485567 ) ) ;
#2353 = ORIENTED_EDGE ( 'NONE', *, *, #4198, .T. ) ;
#2354 = ORIENTED_EDGE ( 'NONE', *, *, #2440, .T. ) ;
#2355 = CYLINDRICAL_SURFACE ( 'NONE', #4393, 2.299999999999996270 ) ;
#2356 = VECTOR ( 'NONE', #3132, 1000.000000000000000 ) ;
#2357 = CARTESIAN_POINT ( 'NONE',  ( 32.00000000000000000, -75.00000000000000000, 20.00000000000001066 ) ) ;
#2358 = CARTESIAN_POINT ( 'NONE',  ( 47.99999999999999289, -12.00000000000000000, 12.52499999999999858 ) ) ;
#2359 = FACE_BOUND ( 'NONE', #2397, .T. ) ;
#2360 = ORIENTED_EDGE ( 'NONE', *, *, #4203, .T. ) ;
#2361 = ORIENTED_EDGE ( 'NONE', *, *, #1928, .F. ) ;
#2362 = VECTOR ( 'NONE', #446, 1000.000000000000000 ) ;
#2363 = EDGE_LOOP ( 'NONE', ( #2987, #1754, #4331, #525, #1964, #3693, #649, #2170, #158, #245, #1071, #2891, #1303 ) ) ;
#2364 = FACE_OUTER_BOUND ( 'NONE', #2747, .T. ) ;
#2365 = AXIS2_PLACEMENT_3D ( 'NONE', #4169, #2592, #3404 ) ;
#2366 = CARTESIAN_POINT ( 'NONE',  ( 20.00000000000000000, 3.000000000000000000, 15.00000000000000355 ) ) ;
#2367 = ORIENTED_EDGE ( 'NONE', *, *, #3835, .F. ) ;
#2368 = ORIENTED_EDGE ( 'NONE', *, *, #2507, .T. ) ;
#2369 = DIRECTION ( 'NONE',  ( 0.000000000000000000, 0.000000000000000000, -1.000000000000000000 ) ) ;
#2370 = DIRECTION ( 'NONE',  ( 0.000000000000000000, 0.000000000000000000, -1.000000000000000000 ) ) ;
#2371 = DIRECTION ( 'NONE',  ( 0.000000000000000000, 0.000000000000000000, -1.000000000000000000 ) ) ;
#2372 = ORIENTED_EDGE ( 'NONE', *, *, #2278, .F. ) ;
#2373 = EDGE_CURVE ( 'NONE', #2428, #3324, #920, .T. ) ;
#2374 = DIRECTION ( 'NONE',  ( 0.000000000000000000, 0.7071067811865483499, 0.7071067811865466846 ) ) ;
#2375 = EDGE_CURVE ( 'NONE', #2055, #3948, #1911, .T. ) ;
#2376 = EDGE_CURVE ( 'NONE', #89, #5176, #411, .T. ) ;
#2377 = FACE_BOUND ( 'NONE', #495, .T. ) ;
#2378 = ORIENTED_EDGE ( 'NONE', *, *, #3067, .T. ) ;
#2379 = DIRECTION ( 'NONE',  ( -0.000000000000000000, -1.000000000000000000, -0.000000000000000000 ) ) ;
#2380 = ORIENTED_EDGE ( 'NONE', *, *, #3691, .F. ) ;
#2381 = CARTESIAN_POINT ( 'NONE',  ( -32.00000000000000000, -74.99999999999991473, -40.00000000000007816 ) ) ;
#2382 = EDGE_CURVE ( 'NONE', #2351, #3564, #2582, .T. ) ;
#2383 = CARTESIAN_POINT ( 'NONE',  ( -43.99999999999987921, 3.000000000000000000, -38.49999999999999289 ) ) ;
#2384 = CARTESIAN_POINT ( 'NONE',  ( 43.99999999999975131, 3.000000000000000000, 26.49999999999998934 ) ) ;
#2385 = DIRECTION ( 'NONE',  ( 0.000000000000000000, -1.000000000000000000, 0.000000000000000000 ) ) ;
#2386 = VERTEX_POINT ( 'NONE', #601 ) ;
#2387 = ORIENTED_EDGE ( 'NONE', *, *, #1232, .F. ) ;
#2388 = ORIENTED_EDGE ( 'NONE', *, *, #2250, .T. ) ;
#2389 = CARTESIAN_POINT ( 'NONE',  ( 43.99999999999987921, 10.00000000000000000, -40.19999999999999574 ) ) ;
#2390 = DIRECTION ( 'NONE',  ( 0.000000000000000000, 1.000000000000000000, -0.000000000000000000 ) ) ;
#2391 = EDGE_LOOP ( 'NONE', ( #929, #2420, #2981, #4719 ) ) ;
#2392 = EDGE_LOOP ( 'NONE', ( #5066, #2780 ) ) ;
#2393 = DIRECTION ( 'NONE',  ( 0.000000000000000000, 0.000000000000000000, -1.000000000000000000 ) ) ;
#2394 = CARTESIAN_POINT ( 'NONE',  ( -31.99999999999999289, -61.42000000000001592, -26.77499999999999503 ) ) ;
#2395 = CIRCLE ( 'NONE', #1981, 1.700000000000000178 ) ;
#2396 = LINE ( 'NONE', #2007, #4098 ) ;
#2397 = EDGE_LOOP ( 'NONE', ( #4615, #4168 ) ) ;
#2398 = EDGE_LOOP ( 'NONE', ( #999, #2148, #3512, #156 ) ) ;
#2399 = CYLINDRICAL_SURFACE ( 'NONE', #3357, 1.700000000000000178 ) ;
#2400 = FACE_BOUND ( 'NONE', #4057, .T. ) ;
#2401 = EDGE_CURVE ( 'NONE', #2567, #3146, #3756, .T. ) ;
#2402 = EDGE_CURVE ( 'NONE', #4458, #1428, #3004, .T. ) ;
#2403 = VERTEX_POINT ( 'NONE', #4100 ) ;
#2404 = CARTESIAN_POINT ( 'NONE',  ( 43.99999999999987921, 0.000000000000000000, 38.49999999999999289 ) ) ;
#2405 = CARTESIAN_POINT ( 'NONE',  ( -27.75000000000000000, 0.000000000000000000, 54.49999999999999289 ) ) ;
#2406 = AXIS2_PLACEMENT_3D ( 'NONE', #2050, #4519, #124 ) ;
#2407 = AXIS2_PLACEMENT_3D ( 'NONE', #1922, #2336, #356 ) ;
#2408 = CARTESIAN_POINT ( 'NONE',  ( 32.00000000000000000, -74.99999999999991473, -40.00000000000007816 ) ) ;
#2409 = ADVANCED_BREP_SHAPE_REPRESENTATION ( '\X2\65b0\X0\plat', ( #1238, #2434 ), #3446 ) ;
#2410 = DIRECTION ( 'NONE',  ( -1.000000000000000000, -0.000000000000000000, -0.000000000000000000 ) ) ;
#2411 = CIRCLE ( 'NONE', #3585, 2.250000000000000444 ) ;
#2412 = FACE_BOUND ( 'NONE', #2815, .T. ) ;
#2413 = EDGE_CURVE ( 'NONE', #3146, #2567, #984, .T. ) ;
#2414 = ORIENTED_EDGE ( 'NONE', *, *, #1578, .T. ) ;
#2415 = ORIENTED_EDGE ( 'NONE', *, *, #3921, .F. ) ;
#2416 = CARTESIAN_POINT ( 'NONE',  ( 37.00000000000000000, -75.00000000000000000, 50.00000000000006395 ) ) ;
#2417 = CIRCLE ( 'NONE', #413, 1.700000000000000178 ) ;
#2418 = CARTESIAN_POINT ( 'NONE',  ( 47.99999999999999289, -61.42000000000000171, -4.924999999999485567 ) ) ;
#2419 = EDGE_LOOP ( 'NONE', ( #2933, #3260, #862, #1564 ) ) ;
#2420 = ORIENTED_EDGE ( 'NONE', *, *, #733, .T. ) ;
#2421 = DIRECTION ( 'NONE',  ( -0.000000000000000000, 0.000000000000000000, 1.000000000000000000 ) ) ;
#2422 = CARTESIAN_POINT ( 'NONE',  ( 47.99999999999999289, -61.42000000000000171, -2.674999999999485123 ) ) ;
#2423 = CARTESIAN_POINT ( 'NONE',  ( 44.00000000000000711, 3.000000000000000000, 48.79999999999999005 ) ) ;
#2424 = DIRECTION ( 'NONE',  ( 1.000000000000000000, 0.000000000000000000, -0.000000000000000000 ) ) ;
#2425 = VECTOR ( 'NONE', #371, 1000.000000000000000 ) ;
#2426 = DIRECTION ( 'NONE',  ( -0.000000000000000000, 1.000000000000000000, 0.000000000000000000 ) ) ;
#2427 = CIRCLE ( 'NONE', #1847, 2.299999999999996270 ) ;
#2428 = VERTEX_POINT ( 'NONE', #3382 ) ;
#2429 = CARTESIAN_POINT ( 'NONE',  ( -37.00000000000000000, -75.00000000000000000, 40.00000000000008527 ) ) ;
#2430 = CARTESIAN_POINT ( 'NONE',  ( -31.99999999999999289, -61.41999999999998749, 12.52499999999999680 ) ) ;
#2431 = VECTOR ( 'NONE', #4684, 1000.000000000000000 ) ;
#2432 = CARTESIAN_POINT ( 'NONE',  ( -12.50000000000000355, -80.00000000000001421, -15.00000000000000000 ) ) ;
#2433 = CARTESIAN_POINT ( 'NONE',  ( 37.00000000000000000, -61.42000000000000171, -2.674999999999485123 ) ) ;
#2434 = AXIS2_PLACEMENT_3D ( 'NONE', #2505, #2900, #4505 ) ;
#2435 = ORIENTED_EDGE ( 'NONE', *, *, #337, .F. ) ;
#2436 = ORIENTED_EDGE ( 'NONE', *, *, #1284, .F. ) ;
#2437 = DIRECTION ( 'NONE',  ( 0.000000000000000000, 0.000000000000000000, -1.000000000000000000 ) ) ;
#2438 = AXIS2_PLACEMENT_3D ( 'NONE', #3397, #691, #339 ) ;
#2439 = EDGE_CURVE ( 'NONE', #3541, #887, #2595, .T. ) ;
#2440 = EDGE_CURVE ( 'NONE', #2024, #879, #2205, .T. ) ;
#2441 = EDGE_CURVE ( 'NONE', #4076, #1331, #3160, .T. ) ;
#2442 = LINE ( 'NONE', #2028, #4589 ) ;
#2443 = AXIS2_PLACEMENT_3D ( 'NONE', #3755, #4931, #1779 ) ;
#2444 = VERTEX_POINT ( 'NONE', #2174 ) ;
#2445 = VERTEX_POINT ( 'NONE', #1726 ) ;
#2446 = CARTESIAN_POINT ( 'NONE',  ( 37.00000000000000000, -12.00000000000000000, -39.62499999999999289 ) ) ;
#2447 = CARTESIAN_POINT ( 'NONE',  ( 37.00000000000000000, -16.00000000000000000, 46.00000000000004263 ) ) ;
#2448 = AXIS2_PLACEMENT_3D ( 'NONE', #3356, #2525, #4858 ) ;
#2449 = CARTESIAN_POINT ( 'NONE',  ( 47.99999999999999289, -12.00000000000000000, 4.924999999999999822 ) ) ;
#2450 = CARTESIAN_POINT ( 'NONE',  ( -31.99999999999999289, -12.00000000000000000, -4.924999999999999822 ) ) ;
#2451 = EDGE_CURVE ( 'NONE', #3649, #1856, #4544, .T. ) ;
#2452 = EDGE_LOOP ( 'NONE', ( #3768, #442, #4454, #2833 ) ) ;
#2453 = VERTEX_POINT ( 'NONE', #1384 ) ;
#2454 = AXIS2_PLACEMENT_3D ( 'NONE', #3995, #4823, #38 ) ;
#2455 = CARTESIAN_POINT ( 'NONE',  ( -32.00000000000000000, -16.00000000000000000, -49.99999999999997158 ) ) ;
#2456 = DIRECTION ( 'NONE',  ( -1.000000000000000000, 0.000000000000000000, 0.000000000000000000 ) ) ;
#2457 = EDGE_LOOP ( 'NONE', ( #3500, #1985, #5023, #1144 ) ) ;
#2458 = DIRECTION ( 'NONE',  ( 0.000000000000000000, 0.000000000000000000, -1.000000000000000000 ) ) ;
#2459 = CYLINDRICAL_SURFACE ( 'NONE', #5127, 1.700000000000000178 ) ;
#2460 = CARTESIAN_POINT ( 'NONE',  ( 43.99999999999975131, 10.00000000000000000, 26.49999999999998934 ) ) ;
#2461 = DIRECTION ( 'NONE',  ( 0.000000000000000000, 0.000000000000000000, -1.000000000000000000 ) ) ;
#2462 = ORIENTED_EDGE ( 'NONE', *, *, #3923, .T. ) ;
#2463 = ORIENTED_EDGE ( 'NONE', *, *, #1543, .F. ) ;
#2464 = CARTESIAN_POINT ( 'NONE',  ( 37.00000000000000000, -64.99999999999998579, 50.00000000000006395 ) ) ;
#2465 = CARTESIAN_POINT ( 'NONE',  ( 67.99999999999997158, -16.00000000000000000, 43.70000000000004547 ) ) ;
#2466 = ADVANCED_FACE ( 'NONE', ( #4622 ), #3757, .F. ) ;
#2467 = DIRECTION ( 'NONE',  ( 0.000000000000000000, 0.000000000000000000, -1.000000000000000000 ) ) ;
#2468 = ORIENTED_EDGE ( 'NONE', *, *, #2597, .T. ) ;
#2469 = EDGE_LOOP ( 'NONE', ( #5071, #1228, #3430, #4103 ) ) ;
#2470 = EDGE_CURVE ( 'NONE', #3176, #1458, #164, .T. ) ;
#2471 = DIRECTION ( 'NONE',  ( 0.000000000000000000, 0.000000000000000000, -1.000000000000000000 ) ) ;
#2472 = DIRECTION ( 'NONE',  ( 0.000000000000000000, 0.000000000000000000, -1.000000000000000000 ) ) ;
#2473 = CARTESIAN_POINT ( 'NONE',  ( -31.99999999999999289, -61.42000000000000171, 4.925000000000514078 ) ) ;
#2474 = PLANE ( 'NONE',  #2992 ) ;
#2475 = VERTEX_POINT ( 'NONE', #4568 ) ;
#2476 = ORIENTED_EDGE ( 'NONE', *, *, #1968, .T. ) ;
#2477 = ADVANCED_FACE ( 'NONE', ( #1709, #4907, #4151, #967, #2552, #4960, #2912, #2572, #4516, #4174, #3438, #2304, #3142, #1129, #3519 ), #1524, .F. ) ;
#2478 = AXIS2_PLACEMENT_3D ( 'NONE', #3607, #1691, #26 ) ;
#2479 = AXIS2_PLACEMENT_3D ( 'NONE', #4059, #455, #1387 ) ;
#2480 = EDGE_LOOP ( 'NONE', ( #695, #4267, #1955, #13 ) ) ;
#2481 = FACE_OUTER_BOUND ( 'NONE', #3470, .T. ) ;
#2482 = DIRECTION ( 'NONE',  ( -0.000000000000000000, 1.000000000000000000, -0.000000000000000000 ) ) ;
#2483 = DIRECTION ( 'NONE',  ( 0.000000000000000000, 0.000000000000000000, -1.000000000000000000 ) ) ;
#2484 = FACE_OUTER_BOUND ( 'NONE', #2332, .T. ) ;
#2485 = EDGE_LOOP ( 'NONE', ( #2633, #3286, #4679, #1354 ) ) ;
#2486 = FACE_BOUND ( 'NONE', #3829, .T. ) ;
#2487 = ORIENTED_EDGE ( 'NONE', *, *, #3664, .T. ) ;
#2488 = ORIENTED_EDGE ( 'NONE', *, *, #1201, .F. ) ;
#2489 = VECTOR ( 'NONE', #3314, 1000.000000000000000 ) ;
#2490 = EDGE_LOOP ( 'NONE', ( #1910, #1705, #1584, #1782 ) ) ;
#2491 = CARTESIAN_POINT ( 'NONE',  ( 46.00000000000002132, -61.42000000000003013, -39.62499999999996447 ) ) ;
#2492 = LINE ( 'NONE', #4906, #2700 ) ;
#2493 = VECTOR ( 'NONE', #2252, 1000.000000000000000 ) ;
#2494 = FACE_OUTER_BOUND ( 'NONE', #1035, .T. ) ;
#2495 = CARTESIAN_POINT ( 'NONE',  ( -37.00000000000000000, -12.00000000000000000, 4.924999999999999822 ) ) ;
#2496 = EDGE_LOOP ( 'NONE', ( #3639, #2146, #1246, #1163 ) ) ;
#2497 = EDGE_LOOP ( 'NONE', ( #650, #4467, #122, #1137 ) ) ;
#2498 = CARTESIAN_POINT ( 'NONE',  ( 43.99999999999987921, 0.000000000000000000, -36.79999999999999005 ) ) ;
#2499 = DIRECTION ( 'NONE',  ( 0.000000000000000000, 0.000000000000000000, 1.000000000000000000 ) ) ;
#2500 = CIRCLE ( 'NONE', #1170, 2.250000000000000444 ) ;
#2501 = CARTESIAN_POINT ( 'NONE',  ( 46.00000000000002132, -12.00000000000000000, -22.47499999999999787 ) ) ;
#2502 = VECTOR ( 'NONE', #148, 1000.000000000000000 ) ;
#2503 = VERTEX_POINT ( 'NONE', #1074 ) ;
#2504 = FACE_OUTER_BOUND ( 'NONE', #1015, .T. ) ;
#2505 = CARTESIAN_POINT ( 'NONE',  ( 0.000000000000000000, 0.000000000000000000, 0.000000000000000000 ) ) ;
#2506 = EDGE_CURVE ( 'NONE', #10, #3339, #4345, .T. ) ;
#2507 = EDGE_CURVE ( 'NONE', #3275, #4425, #2411, .T. ) ;
#2508 = ADVANCED_FACE ( 'NONE', ( #4644 ), #1834, .F. ) ;
#2509 = DIRECTION ( 'NONE',  ( 0.000000000000000000, 0.000000000000000000, 1.000000000000000000 ) ) ;
#2510 = DIRECTION ( 'NONE',  ( 0.000000000000000000, 1.000000000000000000, -0.000000000000000000 ) ) ;
#2511 = VECTOR ( 'NONE', #3797, 1000.000000000000000 ) ;
#2512 = DIRECTION ( 'NONE',  ( 0.000000000000000000, 0.000000000000000000, 1.000000000000000000 ) ) ;
#2513 = CIRCLE ( 'NONE', #257, 1.700000000000000178 ) ;
#2514 = EDGE_LOOP ( 'NONE', ( #2626, #757 ) ) ;
#2515 = EDGE_CURVE ( 'NONE', #2003, #2073, #2163, .T. ) ;
#2516 = VERTEX_POINT ( 'NONE', #321 ) ;
#2517 = FACE_BOUND ( 'NONE', #4177, .T. ) ;
#2518 = ORIENTED_EDGE ( 'NONE', *, *, #366, .F. ) ;
#2519 = ORIENTED_EDGE ( 'NONE', *, *, #669, .F. ) ;
#2520 = FACE_OUTER_BOUND ( 'NONE', #214, .T. ) ;
#2521 = AXIS2_PLACEMENT_3D ( 'NONE', #1243, #2051, #4403 ) ;
#2522 = DIRECTION ( 'NONE',  ( 0.000000000000000000, -1.000000000000000000, 0.000000000000000000 ) ) ;
#2523 = DIRECTION ( 'NONE',  ( 0.000000000000000000, 0.000000000000000000, 1.000000000000000000 ) ) ;
#2524 = VECTOR ( 'NONE', #1880, 1000.000000000000000 ) ;
#2525 = DIRECTION ( 'NONE',  ( -0.000000000000000000, -1.000000000000000000, -0.000000000000000000 ) ) ;
#2526 = ORIENTED_EDGE ( 'NONE', *, *, #961, .T. ) ;
#2527 = VERTEX_POINT ( 'NONE', #5091 ) ;
#2528 = DIRECTION ( 'NONE',  ( -1.000000000000000000, 0.000000000000000000, 0.000000000000000000 ) ) ;
#2529 = CARTESIAN_POINT ( 'NONE',  ( -32.00000000000000000, -16.00000000000000000, 46.00000000000004263 ) ) ;
#2530 = CARTESIAN_POINT ( 'NONE',  ( 50.00000000000000000, 3.000000000000000000, -62.50000000000000000 ) ) ;
#2531 = CIRCLE ( 'NONE', #1439, 2.249999999999999556 ) ;
#2532 = VECTOR ( 'NONE', #6, 1000.000000000000000 ) ;
#2533 = DIRECTION ( 'NONE',  ( 0.000000000000000000, 0.000000000000000000, 1.000000000000000000 ) ) ;
#2534 = EDGE_LOOP ( 'NONE', ( #2778, #1168, #1688, #4817 ) ) ;
#2535 = CARTESIAN_POINT ( 'NONE',  ( 43.99999999999975131, 3.000000000000000000, 28.19999999999998863 ) ) ;
#2536 = VECTOR ( 'NONE', #1315, 1000.000000000000000 ) ;
#2537 = VECTOR ( 'NONE', #4543, 1000.000000000000000 ) ;
#2538 =( NAMED_UNIT ( * ) PLANE_ANGLE_UNIT ( ) SI_UNIT ( $, .RADIAN. ) );
#2539 = AXIS2_PLACEMENT_3D ( 'NONE', #3942, #4664, #2699 ) ;
#2540 = EDGE_CURVE ( 'NONE', #3085, #330, #1916, .T. ) ;
#2541 = EDGE_CURVE ( 'NONE', #2574, #3324, #2228, .T. ) ;
#2542 = DIRECTION ( 'NONE',  ( 0.000000000000000000, 0.000000000000000000, 1.000000000000000000 ) ) ;
#2543 = EDGE_CURVE ( 'NONE', #1856, #5094, #1496, .T. ) ;
#2544 = LINE ( 'NONE', #2198, #178 ) ;
#2545 = ORIENTED_EDGE ( 'NONE', *, *, #1373, .F. ) ;
#2546 = LINE ( 'NONE', #3777, #923 ) ;
#2547 = VERTEX_POINT ( 'NONE', #2330 ) ;
#2548 = EDGE_LOOP ( 'NONE', ( #4911, #2553, #225, #4512 ) ) ;
#2549 = CYLINDRICAL_SURFACE ( 'NONE', #1949, 2.299999999999996270 ) ;
#2550 = EDGE_CURVE ( 'NONE', #3830, #670, #3944, .T. ) ;
#2551 = DIRECTION ( 'NONE',  ( 0.000000000000000000, -1.000000000000000000, 0.000000000000000000 ) ) ;
#2552 = FACE_BOUND ( 'NONE', #3778, .T. ) ;
#2553 = ORIENTED_EDGE ( 'NONE', *, *, #3610, .T. ) ;
#2554 = ORIENTED_EDGE ( 'NONE', *, *, #1956, .T. ) ;
#2555 = FACE_OUTER_BOUND ( 'NONE', #4016, .T. ) ;
#2556 = DIRECTION ( 'NONE',  ( 0.000000000000000000, 0.000000000000000000, 1.000000000000000000 ) ) ;
#2557 = DIRECTION ( 'NONE',  ( 1.000000000000000000, 0.000000000000000000, 0.000000000000000000 ) ) ;
#2558 = DIRECTION ( 'NONE',  ( -1.000000000000000000, -0.000000000000000000, -0.000000000000000000 ) ) ;
#2559 = ORIENTED_EDGE ( 'NONE', *, *, #609, .F. ) ;
#2560 = DIRECTION ( 'NONE',  ( 0.000000000000000000, 0.000000000000000000, 1.000000000000000000 ) ) ;
#2561 = CIRCLE ( 'NONE', #4422, 2.250000000000000444 ) ;
#2562 = CARTESIAN_POINT ( 'NONE',  ( -31.99999999999999289, -12.00000000000000000, -14.77499999999999858 ) ) ;
#2563 = EDGE_CURVE ( 'NONE', #3650, #697, #1468, .T. ) ;
#2564 = EDGE_CURVE ( 'NONE', #1534, #1458, #5185, .T. ) ;
#2565 = AXIS2_PLACEMENT_3D ( 'NONE', #2915, #1291, #3715 ) ;
#2566 = DIRECTION ( 'NONE',  ( -1.000000000000000000, -0.000000000000000000, 5.551115123125785858E-15 ) ) ;
#2567 = VERTEX_POINT ( 'NONE', #3864 ) ;
#2568 = FACE_BOUND ( 'NONE', #3347, .T. ) ;
#2569 = ORIENTED_EDGE ( 'NONE', *, *, #4030, .F. ) ;
#2570 = DIRECTION ( 'NONE',  ( -1.000000000000000000, -0.000000000000000000, -0.000000000000000000 ) ) ;
#2571 = DIRECTION ( 'NONE',  ( -0.000000000000000000, 1.000000000000000000, -0.000000000000000000 ) ) ;
#2572 = FACE_BOUND ( 'NONE', #2392, .T. ) ;
#2573 = EDGE_CURVE ( 'NONE', #1270, #2794, #268, .T. ) ;
#2574 = VERTEX_POINT ( 'NONE', #4748 ) ;
#2575 = ORIENTED_EDGE ( 'NONE', *, *, #329, .F. ) ;
#2576 = DIRECTION ( 'NONE',  ( 0.000000000000000000, 0.000000000000000000, 1.000000000000000000 ) ) ;
#2577 = DIRECTION ( 'NONE',  ( -0.000000000000000000, 1.000000000000000000, -0.000000000000000000 ) ) ;
#2578 = AXIS2_PLACEMENT_3D ( 'NONE', #5155, #1111, #4367 ) ;
#2579 = CARTESIAN_POINT ( 'NONE',  ( -37.00000000000000000, -75.00000000000000000, -49.99999999999994316 ) ) ;
#2580 = CARTESIAN_POINT ( 'NONE',  ( -31.99999999999999289, -61.42000000000003013, -39.62499999999996447 ) ) ;
#2581 = ORIENTED_EDGE ( 'NONE', *, *, #1208, .T. ) ;
#2582 = CIRCLE ( 'NONE', #1158, 1.700000000000000178 ) ;
#2583 = CARTESIAN_POINT ( 'NONE',  ( 27.75000000000000000, -22.00000000000000355, 54.49999999999999289 ) ) ;
#2584 = CARTESIAN_POINT ( 'NONE',  ( -12.50000000000000355, 0.000000000000000000, -16.69999999999999929 ) ) ;
#2585 = DIRECTION ( 'NONE',  ( 0.000000000000000000, 0.000000000000000000, -1.000000000000000000 ) ) ;
#2586 = AXIS2_PLACEMENT_3D ( 'NONE', #521, #4995, #2064 ) ;
#2587 = CARTESIAN_POINT ( 'NONE',  ( 32.00000000000000000, -75.00000000000000000, -49.99999999999997158 ) ) ;
#2588 = CARTESIAN_POINT ( 'NONE',  ( 47.99999999999999289, -12.00000000000000000, 7.174999999999998934 ) ) ;
#2589 = ORIENTED_EDGE ( 'NONE', *, *, #2220, .T. ) ;
#2590 = FACE_OUTER_BOUND ( 'NONE', #3161, .T. ) ;
#2591 = ORIENTED_EDGE ( 'NONE', *, *, #491, .F. ) ;
#2592 = DIRECTION ( 'NONE',  ( -1.000000000000000000, -0.000000000000000000, -0.000000000000000000 ) ) ;
#2593 = CIRCLE ( 'NONE', #583, 2.250000000000000444 ) ;
#2594 = FACE_OUTER_BOUND ( 'NONE', #2452, .T. ) ;
#2595 = LINE ( 'NONE', #4983, #906 ) ;
#2596 = ORIENTED_EDGE ( 'NONE', *, *, #4470, .T. ) ;
#2597 = EDGE_CURVE ( 'NONE', #4810, #2351, #3467, .T. ) ;
#2598 = VERTEX_POINT ( 'NONE', #622 ) ;
#2599 = VECTOR ( 'NONE', #1561, 1000.000000000000000 ) ;
#2600 = LINE ( 'NONE', #3813, #2735 ) ;
#2601 = LINE ( 'NONE', #606, #3282 ) ;
#2602 = EDGE_CURVE ( 'NONE', #4333, #1938, #5063, .T. ) ;
#2603 = EDGE_CURVE ( 'NONE', #3978, #4674, #1441, .T. ) ;
#2604 = AXIS2_PLACEMENT_3D ( 'NONE', #340, #2693, #3906 ) ;
#2605 = CARTESIAN_POINT ( 'NONE',  ( -30.00000000000000355, -81.99999999999998579, -14.99999999999999645 ) ) ;
#2606 = EDGE_LOOP ( 'NONE', ( #3050, #3714 ) ) ;
#2607 = PRODUCT_DEFINITION_FORMATION_WITH_SPECIFIED_SOURCE ( 'ä»', '', #3642, .NOT_KNOWN. ) ;
#2608 = DIRECTION ( 'NONE',  ( 0.000000000000000000, 0.000000000000000000, 1.000000000000000000 ) ) ;
#2609 = DIRECTION ( 'NONE',  ( 0.000000000000000000, -1.000000000000000000, 0.000000000000000000 ) ) ;
#2610 = VECTOR ( 'NONE', #1932, 1000.000000000000000 ) ;
#2611 = LINE ( 'NONE', #613, #1495 ) ;
#2612 = CIRCLE ( 'NONE', #1860, 1.700000000000000178 ) ;
#2613 = AXIS2_PLACEMENT_3D ( 'NONE', #266, #1864, #294 ) ;
#2614 = DIRECTION ( 'NONE',  ( -0.000000000000000000, 1.000000000000000000, -0.000000000000000000 ) ) ;
#2615 = CIRCLE ( 'NONE', #118, 2.250000000000000444 ) ;
#2616 = CARTESIAN_POINT ( 'NONE',  ( 12.49999999999999645, -80.00000000000001421, -15.00000000000000355 ) ) ;
#2617 = CARTESIAN_POINT ( 'NONE',  ( 43.99999999999975131, 0.000000000000000000, -26.49999999999998934 ) ) ;
#2618 = VERTEX_POINT ( 'NONE', #3055 ) ;
#2619 = ORIENTED_EDGE ( 'NONE', *, *, #2797, .T. ) ;
#2620 = CYLINDRICAL_SURFACE ( 'NONE', #2677, 2.149999999999999023 ) ;
#2621 = ORIENTED_EDGE ( 'NONE', *, *, #1580, .F. ) ;
#2622 = DIRECTION ( 'NONE',  ( 0.000000000000000000, 0.000000000000000000, 1.000000000000000000 ) ) ;
#2623 = CARTESIAN_POINT ( 'NONE',  ( 27.75000000000000000, 0.000000000000000000, 35.69999999999999574 ) ) ;
#2624 = CARTESIAN_POINT ( 'NONE',  ( 12.49999999999999645, -80.00000000000001421, -13.30000000000000249 ) ) ;
#2625 = DIRECTION ( 'NONE',  ( 0.000000000000000000, 0.000000000000000000, 1.000000000000000000 ) ) ;
#2626 = ORIENTED_EDGE ( 'NONE', *, *, #2765, .T. ) ;
#2627 = EDGE_LOOP ( 'NONE', ( #2066, #1066, #2770, #4703 ) ) ;
#2628 = CARTESIAN_POINT ( 'NONE',  ( -37.00000000000000000, -12.00000000000000000, -17.02499999999999858 ) ) ;
#2629 = CARTESIAN_POINT ( 'NONE',  ( -43.99999999999987921, 3.000000000000000000, 38.49999999999999289 ) ) ;
#2630 = EDGE_CURVE ( 'NONE', #2073, #1721, #4666, .T. ) ;
#2631 = CARTESIAN_POINT ( 'NONE',  ( 47.99999999999999289, -61.42000000000000171, -2.674999999999485123 ) ) ;
#2632 = EDGE_CURVE ( 'NONE', #2037, #3061, #1320, .T. ) ;
#2633 = ORIENTED_EDGE ( 'NONE', *, *, #2159, .T. ) ;
#2634 = CARTESIAN_POINT ( 'NONE',  ( 47.99999999999999289, -61.42000000000000171, -4.924999999999485567 ) ) ;
#2635 = DIRECTION ( 'NONE',  ( -1.000000000000000000, -0.000000000000000000, -0.000000000000000000 ) ) ;
#2636 = CARTESIAN_POINT ( 'NONE',  ( -37.00000000000000000, 0.000000000000000000, -49.99999999999994316 ) ) ;
#2637 = EDGE_CURVE ( 'NONE', #2338, #5085, #2785, .T. ) ;
#2638 = EDGE_LOOP ( 'NONE', ( #5157, #4360, #318, #779 ) ) ;
#2639 = CARTESIAN_POINT ( 'NONE',  ( 43.99999999999987921, 0.000000000000000000, -38.49999999999999289 ) ) ;
#2640 = CARTESIAN_POINT ( 'NONE',  ( -43.99999999999987921, 10.00000000000000000, 36.79999999999999005 ) ) ;
#2641 = ORIENTED_EDGE ( 'NONE', *, *, #4493, .T. ) ;
#2642 = DIRECTION ( 'NONE',  ( -1.000000000000000000, 0.000000000000000000, -5.551115123125785858E-15 ) ) ;
#2643 = ORIENTED_EDGE ( 'NONE', *, *, #4915, .T. ) ;
#2644 = CARTESIAN_POINT ( 'NONE',  ( 12.49999999999999645, -80.00000000000001421, 16.70000000000000284 ) ) ;
#2645 = CIRCLE ( 'NONE', #3907, 2.250000000000001776 ) ;
#2646 = LINE ( 'NONE', #4247, #3539 ) ;
#2647 = CARTESIAN_POINT ( 'NONE',  ( -31.99999999999999289, -61.41999999999998749, -14.77499999999999858 ) ) ;
#2648 = VERTEX_POINT ( 'NONE', #2065 ) ;
#2649 = VERTEX_POINT ( 'NONE', #3672 ) ;
#2650 = CARTESIAN_POINT ( 'NONE',  ( -31.99999999999999289, -12.00000000000000000, 17.02499999999999858 ) ) ;
#2651 = DIRECTION ( 'NONE',  ( 0.000000000000000000, -0.000000000000000000, 1.000000000000000000 ) ) ;
#2652 = DIRECTION ( 'NONE',  ( 0.000000000000000000, 0.000000000000000000, -1.000000000000000000 ) ) ;
#2653 = VERTEX_POINT ( 'NONE', #3168 ) ;
#2654 = DIRECTION ( 'NONE',  ( -1.000000000000000000, -0.000000000000000000, -0.000000000000000000 ) ) ;
#2655 = DIRECTION ( 'NONE',  ( -1.000000000000000000, 0.000000000000000000, 0.000000000000000000 ) ) ;
#2656 = CIRCLE ( 'NONE', #816, 2.300000000000010481 ) ;
#2657 = DIRECTION ( 'NONE',  ( 0.000000000000000000, 1.000000000000000000, -0.000000000000000000 ) ) ;
#2658 = VECTOR ( 'NONE', #4400, 1000.000000000000000 ) ;
#2659 = EDGE_LOOP ( 'NONE', ( #3076, #1632, #4138, #54 ) ) ;
#2660 = EDGE_CURVE ( 'NONE', #5176, #89, #4922, .T. ) ;
#2661 = FACE_BOUND ( 'NONE', #4631, .T. ) ;
#2662 = CIRCLE ( 'NONE', #5101, 1.700000000000000178 ) ;
#2663 = EDGE_CURVE ( 'NONE', #507, #4871, #4433, .T. ) ;
#2664 = EDGE_CURVE ( 'NONE', #3602, #2241, #154, .T. ) ;
#2665 = CARTESIAN_POINT ( 'NONE',  ( -44.00000000000000711, 3.000000000000000000, -50.49999999999998579 ) ) ;
#2666 = ORIENTED_EDGE ( 'NONE', *, *, #1030, .T. ) ;
#2667 = LINE ( 'NONE', #5086, #2768 ) ;
#2668 = VERTEX_POINT ( 'NONE', #87 ) ;
#2669 = VERTEX_POINT ( 'NONE', #1631 ) ;
#2670 = FACE_OUTER_BOUND ( 'NONE', #3748, .T. ) ;
#2671 = EDGE_CURVE ( 'NONE', #3729, #1258, #4070, .T. ) ;
#2672 = CARTESIAN_POINT ( 'NONE',  ( 37.00000000000000000, -12.00000000000000000, 14.77499999999999858 ) ) ;
#2673 = ORIENTED_EDGE ( 'NONE', *, *, #3990, .T. ) ;
#2674 = VERTEX_POINT ( 'NONE', #4395 ) ;
#2675 = DIRECTION ( 'NONE',  ( 1.000000000000000000, 0.000000000000000000, -5.551115123125785858E-15 ) ) ;
#2676 = DIRECTION ( 'NONE',  ( 0.000000000000000000, 0.000000000000000000, -1.000000000000000000 ) ) ;
#2677 = AXIS2_PLACEMENT_3D ( 'NONE', #5031, #1435, #1122 ) ;
#2678 = CARTESIAN_POINT ( 'NONE',  ( 37.00000000000000000, -75.00000000000000000, -39.99999999999995737 ) ) ;
#2679 = AXIS2_PLACEMENT_3D ( 'NONE', #4341, #5103, #5130 ) ;
#2680 = ORIENTED_EDGE ( 'NONE', *, *, #636, .T. ) ;
#2681 = DIRECTION ( 'NONE',  ( 0.000000000000000000, 0.000000000000000000, 1.000000000000000000 ) ) ;
#2682 = DIRECTION ( 'NONE',  ( 0.000000000000000000, 0.000000000000000000, 1.000000000000000000 ) ) ;
#2683 = AXIS2_PLACEMENT_3D ( 'NONE', #1970, #3248, #1212 ) ;
#2684 = CARTESIAN_POINT ( 'NONE',  ( 32.00000000000000000, -12.00000000000000000, -4.924999999999999822 ) ) ;
#2685 = AXIS2_PLACEMENT_3D ( 'NONE', #129, #3769, #931 ) ;
#2686 = ORIENTED_EDGE ( 'NONE', *, *, #4112, .F. ) ;
#2687 = AXIS2_PLACEMENT_3D ( 'NONE', #4738, #1149, #3967 ) ;
#2688 = AXIS2_PLACEMENT_3D ( 'NONE', #2562, #3343, #2509 ) ;
#2689 = LINE ( 'NONE', #1484, #1344 ) ;
#2690 = VECTOR ( 'NONE', #1473, 1000.000000000000000 ) ;
#2691 = EDGE_CURVE ( 'NONE', #5112, #703, #5098, .T. ) ;
#2692 = VECTOR ( 'NONE', #4303, 1000.000000000000000 ) ;
#2693 = DIRECTION ( 'NONE',  ( 0.000000000000000000, -1.000000000000000000, 0.000000000000000000 ) ) ;
#2694 = EDGE_CURVE ( 'NONE', #3449, #3649, #467, .T. ) ;
#2695 = ORIENTED_EDGE ( 'NONE', *, *, #1578, .F. ) ;
#2696 = DIRECTION ( 'NONE',  ( -0.000000000000000000, 1.000000000000000000, -0.000000000000000000 ) ) ;
#2697 = EDGE_LOOP ( 'NONE', ( #3349, #4418 ) ) ;
#2698 = EDGE_LOOP ( 'NONE', ( #4750, #3589 ) ) ;
#2699 = DIRECTION ( 'NONE',  ( 0.000000000000000000, 0.000000000000000000, 1.000000000000000000 ) ) ;
#2700 = VECTOR ( 'NONE', #2571, 1000.000000000000000 ) ;
#2701 = DIRECTION ( 'NONE',  ( -1.000000000000000000, -0.000000000000000000, -0.000000000000000000 ) ) ;
#2702 = DIRECTION ( 'NONE',  ( -1.000000000000000000, 0.000000000000000000, 0.000000000000000000 ) ) ;
#2703 = EDGE_CURVE ( 'NONE', #4333, #1436, #4945, .T. ) ;
#2704 = ORIENTED_EDGE ( 'NONE', *, *, #2836, .T. ) ;
#2705 = EDGE_LOOP ( 'NONE', ( #102, #4322 ) ) ;
#2706 = VERTEX_POINT ( 'NONE', #2433 ) ;
#2707 = CARTESIAN_POINT ( 'NONE',  ( 47.99999999999999289, -61.41999999999998749, -12.52499999999999680 ) ) ;
#2708 = FACE_OUTER_BOUND ( 'NONE', #4405, .T. ) ;
#2709 = ORIENTED_EDGE ( 'NONE', *, *, #3923, .F. ) ;
#2710 = DIRECTION ( 'NONE',  ( 0.000000000000000000, -1.000000000000000000, 0.000000000000000000 ) ) ;
#2711 = DIRECTION ( 'NONE',  ( 0.000000000000000000, 0.000000000000000000, -1.000000000000000000 ) ) ;
#2712 = DIRECTION ( 'NONE',  ( -1.000000000000000000, 0.000000000000000000, 0.000000000000000000 ) ) ;
#2713 = ORIENTED_EDGE ( 'NONE', *, *, #2798, .T. ) ;
#2714 = DIRECTION ( 'NONE',  ( 0.000000000000000000, 0.000000000000000000, -1.000000000000000000 ) ) ;
#2715 = CYLINDRICAL_SURFACE ( 'NONE', #2349, 1.700000000000000178 ) ;
#2716 = ORIENTED_EDGE ( 'NONE', *, *, #575, .F. ) ;
#2717 = CARTESIAN_POINT ( 'NONE',  ( 37.00000000000000000, -12.00000000000000000, 12.52499999999999858 ) ) ;
#2718 = ORIENTED_EDGE ( 'NONE', *, *, #2885, .T. ) ;
#2719 = VERTEX_POINT ( 'NONE', #2808 ) ;
#2720 = DIRECTION ( 'NONE',  ( -0.000000000000000000, -1.000000000000000000, -0.000000000000000000 ) ) ;
#2721 = EDGE_CURVE ( 'NONE', #220, #5039, #4358, .T. ) ;
#2722 = ADVANCED_FACE ( 'NONE', ( #447 ), #3975, .F. ) ;
#2723 = LINE ( 'NONE', #2357, #4387 ) ;
#2724 = CARTESIAN_POINT ( 'NONE',  ( -37.00000000000000000, -75.00000000000000000, -49.99999999999994316 ) ) ;
#2725 = DIRECTION ( 'NONE',  ( -1.000000000000000000, -0.000000000000000000, -0.000000000000000000 ) ) ;
#2726 = ORIENTED_EDGE ( 'NONE', *, *, #2413, .T. ) ;
#2727 = ORIENTED_EDGE ( 'NONE', *, *, #307, .T. ) ;
#2728 = ORIENTED_EDGE ( 'NONE', *, *, #1614, .F. ) ;
#2729 = CARTESIAN_POINT ( 'NONE',  ( -32.00000000000000000, -75.00000000000000000, 40.00000000000005684 ) ) ;
#2730 = EDGE_CURVE ( 'NONE', #5048, #3176, #3014, .T. ) ;
#2731 = VECTOR ( 'NONE', #4604, 1000.000000000000000 ) ;
#2732 = ADVANCED_FACE ( 'NONE', ( #3568 ), #5172, .F. ) ;
#2733 = EDGE_CURVE ( 'NONE', #3729, #545, #2265, .T. ) ;
#2734 = DIRECTION ( 'NONE',  ( 0.000000000000000000, 0.000000000000000000, 1.000000000000000000 ) ) ;
#2735 = VECTOR ( 'NONE', #246, 1000.000000000000000 ) ;
#2736 = ORIENTED_EDGE ( 'NONE', *, *, #2441, .F. ) ;
#2737 = CARTESIAN_POINT ( 'NONE',  ( 43.99999999999975131, 0.000000000000000000, 28.19999999999998863 ) ) ;
#2738 = DIRECTION ( 'NONE',  ( -0.000000000000000000, 1.000000000000000000, -0.000000000000000000 ) ) ;
#2739 = LINE ( 'NONE', #5186, #4925 ) ;
#2740 = EDGE_CURVE ( 'NONE', #323, #2092, #398, .T. ) ;
#2741 = ORIENTED_EDGE ( 'NONE', *, *, #1257, .T. ) ;
#2742 = VERTEX_POINT ( 'NONE', #4463 ) ;
#2743 = VECTOR ( 'NONE', #4808, 1000.000000000000000 ) ;
#2744 = CARTESIAN_POINT ( 'NONE',  ( -31.99999999999999289, -12.00000000000000000, -39.62499999999999289 ) ) ;
#2745 = VECTOR ( 'NONE', #3734, 1000.000000000000000 ) ;
#2746 = DIRECTION ( 'NONE',  ( 1.000000000000000000, 0.000000000000000000, -5.551115123125785858E-15 ) ) ;
#2747 = EDGE_LOOP ( 'NONE', ( #4142, #211, #5095, #2307 ) ) ;
#2748 = VERTEX_POINT ( 'NONE', #1185 ) ;
#2749 = FACE_OUTER_BOUND ( 'NONE', #4977, .T. ) ;
#2750 = EDGE_LOOP ( 'NONE', ( #798, #2284, #3937, #5053 ) ) ;
#2751 = ORIENTED_EDGE ( 'NONE', *, *, #4724, .T. ) ;
#2752 = CARTESIAN_POINT ( 'NONE',  ( 37.00000000000000000, -61.42000000000001592, -24.62499999999999645 ) ) ;
#2753 = DIRECTION ( 'NONE',  ( 0.000000000000000000, -0.7071067811865486830, 0.7071067811865464625 ) ) ;
#2754 = CIRCLE ( 'NONE', #4018, 1.700000000000000178 ) ;
#2755 = DIRECTION ( 'NONE',  ( 0.000000000000000000, 0.000000000000000000, -1.000000000000000000 ) ) ;
#2756 = ORIENTED_EDGE ( 'NONE', *, *, #634, .F. ) ;
#2757 = ORIENTED_EDGE ( 'NONE', *, *, #541, .F. ) ;
#2758 = ORIENTED_EDGE ( 'NONE', *, *, #881, .T. ) ;
#2759 = DIRECTION ( 'NONE',  ( -0.000000000000000000, 1.000000000000000000, -0.000000000000000000 ) ) ;
#2760 = CARTESIAN_POINT ( 'NONE',  ( -31.99999999999999289, -61.41999999999998749, -17.02499999999999858 ) ) ;
#2761 = EDGE_CURVE ( 'NONE', #157, #1517, #1604, .T. ) ;
#2762 = ORIENTED_EDGE ( 'NONE', *, *, #3706, .F. ) ;
#2763 = CIRCLE ( 'NONE', #657, 2.149999999999999023 ) ;
#2764 = EDGE_LOOP ( 'NONE', ( #325, #4503, #4964, #3184 ) ) ;
#2765 = EDGE_CURVE ( 'NONE', #2004, #3007, #4455, .T. ) ;
#2766 = DIRECTION ( 'NONE',  ( -0.000000000000000000, -1.000000000000000000, -0.000000000000000000 ) ) ;
#2767 = CARTESIAN_POINT ( 'NONE',  ( -31.99999999999999289, -61.42000000000001592, -22.47499999999999787 ) ) ;
#2768 = VECTOR ( 'NONE', #1857, 1000.000000000000000 ) ;
#2769 = CARTESIAN_POINT ( 'NONE',  ( -44.00000000000000711, 10.00000000000000000, -48.79999999999999005 ) ) ;
#2770 = ORIENTED_EDGE ( 'NONE', *, *, #4469, .F. ) ;
#2771 = CIRCLE ( 'NONE', #4781, 2.149999999999999023 ) ;
#2772 = EDGE_CURVE ( 'NONE', #4651, #4370, #103, .T. ) ;
#2773 = VECTOR ( 'NONE', #2316, 1000.000000000000000 ) ;
#2774 = CARTESIAN_POINT ( 'NONE',  ( 67.99999999999994316, -47.95683229480090404, 50.00000000000024158 ) ) ;
#2775 = AXIS2_PLACEMENT_3D ( 'NONE', #3988, #4818, #390 ) ;
#2776 = DIRECTION ( 'NONE',  ( -1.000000000000000000, -0.000000000000000000, -0.000000000000000000 ) ) ;
#2777 = AXIS2_PLACEMENT_3D ( 'NONE', #3803, #4485, #2119 ) ;
#2778 = ORIENTED_EDGE ( 'NONE', *, *, #2220, .F. ) ;
#2779 = CARTESIAN_POINT ( 'NONE',  ( -37.00000000000000000, -51.00000000000000711, 43.70000000000003126 ) ) ;
#2780 = ORIENTED_EDGE ( 'NONE', *, *, #3534, .F. ) ;
#2781 = DIRECTION ( 'NONE',  ( -0.000000000000000000, 0.7071067811865486830, -0.7071067811865464625 ) ) ;
#2782 = CIRCLE ( 'NONE', #2775, 2.149999999999999023 ) ;
#2783 = CIRCLE ( 'NONE', #2613, 2.249999999999999556 ) ;
#2784 = DIRECTION ( 'NONE',  ( 1.000000000000000000, 0.000000000000000000, -0.000000000000000000 ) ) ;
#2785 = LINE ( 'NONE', #3624, #1994 ) ;
#2786 = AXIS2_PLACEMENT_3D ( 'NONE', #326, #1921, #4073 ) ;
#2787 = VERTEX_POINT ( 'NONE', #4878 ) ;
#2788 = ORIENTED_EDGE ( 'NONE', *, *, #1226, .T. ) ;
#2789 = VECTOR ( 'NONE', #2557, 1000.000000000000000 ) ;
#2790 = EDGE_LOOP ( 'NONE', ( #3442, #2301 ) ) ;
#2791 = CARTESIAN_POINT ( 'NONE',  ( 46.00000000000002132, -12.00000000000000000, -37.47499999999999432 ) ) ;
#2792 = AXIS2_PLACEMENT_3D ( 'NONE', #1967, #2016, #1988 ) ;
#2793 = CARTESIAN_POINT ( 'NONE',  ( 46.00000000000002132, -12.00000000000000000, -22.47499999999999787 ) ) ;
#2794 = VERTEX_POINT ( 'NONE', #1326 ) ;
#2795 = DIRECTION ( 'NONE',  ( 0.000000000000000000, 0.000000000000000000, -1.000000000000000000 ) ) ;
#2796 = PLANE ( 'NONE',  #1338 ) ;
#2797 = EDGE_CURVE ( 'NONE', #2254, #3375, #131, .T. ) ;
#2798 = EDGE_CURVE ( 'NONE', #3007, #4238, #2544, .T. ) ;
#2799 = DIRECTION ( 'NONE',  ( 3.925231146709440160E-15, 0.7071067811865475727, 0.7071067811865475727 ) ) ;
#2800 = ORIENTED_EDGE ( 'NONE', *, *, #1445, .F. ) ;
#2801 = ORIENTED_EDGE ( 'NONE', *, *, #2034, .T. ) ;
#2802 = DIRECTION ( 'NONE',  ( -1.000000000000000000, 0.000000000000000000, 0.000000000000000000 ) ) ;
#2803 = EDGE_CURVE ( 'NONE', #1649, #903, #4558, .T. ) ;
#2804 = ORIENTED_EDGE ( 'NONE', *, *, #147, .F. ) ;
#2805 = DIRECTION ( 'NONE',  ( -1.000000000000000000, 0.000000000000000000, 0.000000000000000000 ) ) ;
#2806 = CARTESIAN_POINT ( 'NONE',  ( 43.99999999999987921, 3.000000000000000000, -36.79999999999999005 ) ) ;
#2807 = DIRECTION ( 'NONE',  ( -1.000000000000000000, 0.000000000000000000, 0.000000000000000000 ) ) ;
#2808 = CARTESIAN_POINT ( 'NONE',  ( -44.00000000000000711, 0.000000000000000000, -52.19999999999998863 ) ) ;
#2809 = FACE_BOUND ( 'NONE', #3251, .T. ) ;
#2810 = EDGE_LOOP ( 'NONE', ( #5032, #3850 ) ) ;
#2811 = ORIENTED_EDGE ( 'NONE', *, *, #265, .T. ) ;
#2812 = VERTEX_POINT ( 'NONE', #4163 ) ;
#2813 = LINE ( 'NONE', #3629, #3102 ) ;
#2814 = CARTESIAN_POINT ( 'NONE',  ( -44.00000000000000711, 0.000000000000000000, 50.49999999999998579 ) ) ;
#2815 = EDGE_LOOP ( 'NONE', ( #1678, #1048 ) ) ;
#2816 = CIRCLE ( 'NONE', #1477, 2.300000000000010481 ) ;
#2817 = CARTESIAN_POINT ( 'NONE',  ( 37.00000000000000000, -61.42000000000001592, -22.47499999999999787 ) ) ;
#2818 = DIRECTION ( 'NONE',  ( 0.000000000000000000, 0.000000000000000000, 1.000000000000000000 ) ) ;
#2819 = AXIS2_PLACEMENT_3D ( 'NONE', #800, #1148, #3159 ) ;
#2820 = CYLINDRICAL_SURFACE ( 'NONE', #241, 2.250000000000000444 ) ;
#2821 = ORIENTED_EDGE ( 'NONE', *, *, #5145, .F. ) ;
#2822 = DIRECTION ( 'NONE',  ( 1.000000000000000000, 0.000000000000000000, -5.551115123125785858E-15 ) ) ;
#2823 = ADVANCED_FACE ( 'NONE', ( #4118 ), #913, .F. ) ;
#2824 = EDGE_LOOP ( 'NONE', ( #1808, #1279 ) ) ;
#2825 = DIRECTION ( 'NONE',  ( -1.000000000000000000, 0.000000000000000000, 0.000000000000000000 ) ) ;
#2826 = EDGE_CURVE ( 'NONE', #3885, #2742, #3957, .T. ) ;
#2827 = CYLINDRICAL_SURFACE ( 'NONE', #3113, 1.700000000000000178 ) ;
#2828 = ADVANCED_FACE ( 'NONE', ( #2929 ), #4949, .F. ) ;
#2829 = CIRCLE ( 'NONE', #3503, 2.250000000000000444 ) ;
#2830 = DIRECTION ( 'NONE',  ( 0.000000000000000000, -1.000000000000000000, 0.000000000000000000 ) ) ;
#2831 = CARTESIAN_POINT ( 'NONE',  ( -31.99999999999999289, -12.00000000000000000, -24.62499999999999645 ) ) ;
#2832 = AXIS2_PLACEMENT_3D ( 'NONE', #2384, #835, #1676 ) ;
#2833 = ORIENTED_EDGE ( 'NONE', *, *, #4887, .T. ) ;
#2834 = VERTEX_POINT ( 'NONE', #3345 ) ;
#2835 = DIRECTION ( 'NONE',  ( -0.000000000000000000, -1.000000000000000000, -0.000000000000000000 ) ) ;
#2836 = EDGE_CURVE ( 'NONE', #1241, #423, #3447, .T. ) ;
#2837 = AXIS2_PLACEMENT_3D ( 'NONE', #2460, #2903, #2483 ) ;
#2838 = CARTESIAN_POINT ( 'NONE',  ( -27.75000000000000000, 3.000000000000000000, 35.69999999999999574 ) ) ;
#2839 = ORIENTED_EDGE ( 'NONE', *, *, #881, .F. ) ;
#2840 = ORIENTED_EDGE ( 'NONE', *, *, #1552, .F. ) ;
#2841 = FACE_OUTER_BOUND ( 'NONE', #4696, .T. ) ;
#2842 = DIRECTION ( 'NONE',  ( 0.000000000000000000, 1.000000000000000000, -0.000000000000000000 ) ) ;
#2843 = DIRECTION ( 'NONE',  ( 0.000000000000000000, 0.000000000000000000, 1.000000000000000000 ) ) ;
#2844 = ORIENTED_EDGE ( 'NONE', *, *, #2118, .T. ) ;
#2845 = ORIENTED_EDGE ( 'NONE', *, *, #3273, .F. ) ;
#2846 = DIRECTION ( 'NONE',  ( 0.000000000000000000, 0.000000000000000000, 1.000000000000000000 ) ) ;
#2847 = CIRCLE ( 'NONE', #2257, 2.250000000000000444 ) ;
#2848 = CIRCLE ( 'NONE', #587, 2.250000000000000444 ) ;
#2849 = EDGE_LOOP ( 'NONE', ( #453, #2121, #4657, #3688 ) ) ;
#2850 = LINE ( 'NONE', #829, #3435 ) ;
#2851 = FACE_OUTER_BOUND ( 'NONE', #1040, .T. ) ;
#2852 = EDGE_CURVE ( 'NONE', #828, #1918, #758, .T. ) ;
#2853 = AXIS2_PLACEMENT_3D ( 'NONE', #3025, #5084, #288 ) ;
#2854 = CARTESIAN_POINT ( 'NONE',  ( 37.00000000000000000, -12.00000000000000000, -41.77499999999999147 ) ) ;
#2855 = EDGE_CURVE ( 'NONE', #3375, #2092, #3530, .T. ) ;
#2856 = CARTESIAN_POINT ( 'NONE',  ( 27.75000000000000000, 0.000000000000000000, -54.49999999999999289 ) ) ;
#2857 = AXIS2_PLACEMENT_3D ( 'NONE', #2113, #4087, #2560 ) ;
#2858 = ORIENTED_EDGE ( 'NONE', *, *, #614, .F. ) ;
#2859 = ORIENTED_EDGE ( 'NONE', *, *, #2663, .T. ) ;
#2860 = ORIENTED_EDGE ( 'NONE', *, *, #2765, .F. ) ;
#2861 = CARTESIAN_POINT ( 'NONE',  ( 43.99999999999987921, 3.000000000000000000, -38.49999999999999289 ) ) ;
#2862 = VECTOR ( 'NONE', #3482, 1000.000000000000000 ) ;
#2863 = FACE_OUTER_BOUND ( 'NONE', #1661, .T. ) ;
#2864 = EDGE_CURVE ( 'NONE', #4791, #1788, #2951, .T. ) ;
#2865 = VECTOR ( 'NONE', #2209, 1000.000000000000000 ) ;
#2866 = AXIS2_PLACEMENT_3D ( 'NONE', #3081, #2701, #3914 ) ;
#2867 = ORIENTED_EDGE ( 'NONE', *, *, #3437, .T. ) ;
#2868 = EDGE_LOOP ( 'NONE', ( #1069, #1121, #1377, #4388 ) ) ;
#2869 = DIRECTION ( 'NONE',  ( -1.000000000000000000, 0.000000000000000000, 0.000000000000000000 ) ) ;
#2870 = FACE_OUTER_BOUND ( 'NONE', #2497, .T. ) ;
#2871 = CIRCLE ( 'NONE', #39, 2.249999999999999556 ) ;
#2872 = LINE ( 'NONE', #3291, #5009 ) ;
#2873 = ORIENTED_EDGE ( 'NONE', *, *, #875, .F. ) ;
#2874 = EDGE_LOOP ( 'NONE', ( #2462, #4102 ) ) ;
#2875 = DIRECTION ( 'NONE',  ( 0.000000000000000000, 0.000000000000000000, 1.000000000000000000 ) ) ;
#2876 = ORIENTED_EDGE ( 'NONE', *, *, #336, .F. ) ;
#2877 = LINE ( 'NONE', #4234, #2511 ) ;
#2878 = DIRECTION ( 'NONE',  ( -1.000000000000000000, -0.000000000000000000, -0.000000000000000000 ) ) ;
#2879 = FACE_OUTER_BOUND ( 'NONE', #3147, .T. ) ;
#2880 = DIRECTION ( 'NONE',  ( -1.000000000000000000, -0.000000000000000000, -0.000000000000000000 ) ) ;
#2881 = EDGE_LOOP ( 'NONE', ( #1598, #2569 ) ) ;
#2882 = FACE_BOUND ( 'NONE', #1874, .T. ) ;
#2883 = EDGE_LOOP ( 'NONE', ( #1716, #2161 ) ) ;
#2884 = FACE_OUTER_BOUND ( 'NONE', #576, .T. ) ;
#2885 = EDGE_CURVE ( 'NONE', #1241, #4370, #1720, .T. ) ;
#2886 = DIRECTION ( 'NONE',  ( 0.000000000000000000, -1.000000000000000000, 0.000000000000000000 ) ) ;
#2887 = CARTESIAN_POINT ( 'NONE',  ( 32.00000000000000000, -61.42000000000001592, -24.62499999999999645 ) ) ;
#2888 = CARTESIAN_POINT ( 'NONE',  ( 37.00000000000000000, -12.00000000000000000, -24.62499999999999645 ) ) ;
#2889 = ORIENTED_EDGE ( 'NONE', *, *, #399, .T. ) ;
#2890 = ADVANCED_FACE ( 'NONE', ( #2484 ), #490, .F. ) ;
#2891 = ORIENTED_EDGE ( 'NONE', *, *, #3212, .T. ) ;
#2892 = CARTESIAN_POINT ( 'NONE',  ( 27.75000000000000000, 0.000000000000000000, 37.39999999999999858 ) ) ;
#2893 = DIRECTION ( 'NONE',  ( -0.000000000000000000, -1.000000000000000000, -0.000000000000000000 ) ) ;
#2894 = EDGE_CURVE ( 'NONE', #3628, #3900, #1850, .T. ) ;
#2895 = EDGE_CURVE ( 'NONE', #406, #10, #4509, .T. ) ;
#2896 = FACE_OUTER_BOUND ( 'NONE', #1858, .T. ) ;
#2897 = DIRECTION ( 'NONE',  ( -1.000000000000000000, -0.000000000000000000, -0.000000000000000000 ) ) ;
#2898 = EDGE_LOOP ( 'NONE', ( #963, #2360, #2952, #1499 ) ) ;
#2899 = DIRECTION ( 'NONE',  ( -1.000000000000000000, 0.000000000000000000, 0.000000000000000000 ) ) ;
#2900 = DIRECTION ( 'NONE',  ( 0.000000000000000000, 0.000000000000000000, 1.000000000000000000 ) ) ;
#2901 = AXIS2_PLACEMENT_3D ( 'NONE', #648, #1046, #243 ) ;
#2902 = DIRECTION ( 'NONE',  ( -0.000000000000000000, 0.000000000000000000, 1.000000000000000000 ) ) ;
#2903 = DIRECTION ( 'NONE',  ( -0.000000000000000000, -1.000000000000000000, -0.000000000000000000 ) ) ;
#2904 = CARTESIAN_POINT ( 'NONE',  ( -37.00000000000000000, 0.000000000000000000, 50.00000000000006395 ) ) ;
#2905 = VERTEX_POINT ( 'NONE', #938 ) ;
#2906 = FACE_BOUND ( 'NONE', #3468, .T. ) ;
#2907 = ORIENTED_EDGE ( 'NONE', *, *, #2506, .T. ) ;
#2908 = VECTOR ( 'NONE', #1475, 1000.000000000000000 ) ;
#2909 = DIRECTION ( 'NONE',  ( 0.000000000000000000, 0.000000000000000000, 1.000000000000000000 ) ) ;
#2910 = CARTESIAN_POINT ( 'NONE',  ( 32.00000000000000000, -61.41999999999998749, 14.77499999999999858 ) ) ;
#2911 = VECTOR ( 'NONE', #3836, 1000.000000000000000 ) ;
#2912 = FACE_OUTER_BOUND ( 'NONE', #372, .T. ) ;
#2913 = ORIENTED_EDGE ( 'NONE', *, *, #2573, .F. ) ;
#2914 = ORIENTED_EDGE ( 'NONE', *, *, #210, .T. ) ;
#2915 = CARTESIAN_POINT ( 'NONE',  ( -27.75000000000000000, -22.00000000000000355, 35.69999999999999574 ) ) ;
#2916 = CARTESIAN_POINT ( 'NONE',  ( 47.99999999999999289, -12.00000000000000000, -14.77499999999999858 ) ) ;
#2917 = AXIS2_PLACEMENT_3D ( 'NONE', #86, #3699, #3295 ) ;
#2918 = EDGE_CURVE ( 'NONE', #4308, #4674, #589, .T. ) ;
#2919 = CARTESIAN_POINT ( 'NONE',  ( 44.00000000000000711, 0.000000000000000000, -50.49999999999998579 ) ) ;
#2920 = EDGE_CURVE ( 'NONE', #4309, #1421, #4975, .T. ) ;
#2921 = ORIENTED_EDGE ( 'NONE', *, *, #1541, .F. ) ;
#2922 = EDGE_CURVE ( 'NONE', #4339, #1829, #985, .T. ) ;
#2923 = LINE ( 'NONE', #1298, #3096 ) ;
#2924 = ADVANCED_FACE ( 'NONE', ( #665 ), #4319, .F. ) ;
#2925 = VERTEX_POINT ( 'NONE', #3511 ) ;
#2926 = AXIS2_PLACEMENT_3D ( 'NONE', #2040, #3645, #1963 ) ;
#2927 = CARTESIAN_POINT ( 'NONE',  ( 32.00000000000000000, -16.00000000000000000, -41.99999999999993605 ) ) ;
#2928 = AXIS2_PLACEMENT_3D ( 'NONE', #1505, #306, #360 ) ;
#2929 = FACE_OUTER_BOUND ( 'NONE', #2457, .T. ) ;
#2930 = ORIENTED_EDGE ( 'NONE', *, *, #1399, .T. ) ;
#2931 = ORIENTED_EDGE ( 'NONE', *, *, #451, .T. ) ;
#2932 = FACE_BOUND ( 'NONE', #1827, .T. ) ;
#2933 = ORIENTED_EDGE ( 'NONE', *, *, #4208, .F. ) ;
#2934 = DIRECTION ( 'NONE',  ( 0.000000000000000000, 0.000000000000000000, -1.000000000000000000 ) ) ;
#2935 = AXIS2_PLACEMENT_3D ( 'NONE', #718, #3884, #3936 ) ;
#2936 = SURFACE_SIDE_STYLE ('',( #4885 ) ) ;
#2937 = DIRECTION ( 'NONE',  ( 0.000000000000000000, 0.000000000000000000, 1.000000000000000000 ) ) ;
#2938 = AXIS2_PLACEMENT_3D ( 'NONE', #2125, #2147, #1722 ) ;
#2939 = ORIENTED_EDGE ( 'NONE', *, *, #3770, .F. ) ;
#2940 = ORIENTED_EDGE ( 'NONE', *, *, #3820, .F. ) ;
#2941 = DIRECTION ( 'NONE',  ( -1.000000000000000000, -0.000000000000000000, -0.000000000000000000 ) ) ;
#2942 = DIRECTION ( 'NONE',  ( -1.000000000000000000, -0.000000000000000000, -0.000000000000000000 ) ) ;
#2943 = CIRCLE ( 'NONE', #2443, 1.700000000000000178 ) ;
#2944 = LINE ( 'NONE', #2631, #4249 ) ;
#2945 = ORIENTED_EDGE ( 'NONE', *, *, #2721, .T. ) ;
#2946 = EDGE_CURVE ( 'NONE', #5085, #781, #264, .T. ) ;
#2947 = EDGE_CURVE ( 'NONE', #4752, #4324, #234, .T. ) ;
#2948 = AXIS2_PLACEMENT_3D ( 'NONE', #1651, #830, #1252 ) ;
#2949 = PLANE ( 'NONE',  #591 ) ;
#2950 = EDGE_CURVE ( 'NONE', #4308, #4791, #5055, .T. ) ;
#2951 = LINE ( 'NONE', #2904, #1262 ) ;
#2952 = ORIENTED_EDGE ( 'NONE', *, *, #3666, .F. ) ;
#2953 = EDGE_LOOP ( 'NONE', ( #2270, #3056, #1799, #2235 ) ) ;
#2954 = FACE_BOUND ( 'NONE', #4636, .T. ) ;
#2955 = ORIENTED_EDGE ( 'NONE', *, *, #147, .T. ) ;
#2956 = CYLINDRICAL_SURFACE ( 'NONE', #4545, 2.250000000000000000 ) ;
#2957 = PRESENTATION_STYLE_ASSIGNMENT (( #163 ) ) ;
#2958 = DIRECTION ( 'NONE',  ( 0.000000000000000000, 0.000000000000000000, -1.000000000000000000 ) ) ;
#2959 = DIRECTION ( 'NONE',  ( 0.000000000000000000, 0.000000000000000000, 1.000000000000000000 ) ) ;
#2960 = EDGE_LOOP ( 'NONE', ( #1558, #2716 ) ) ;
#2961 = VERTEX_POINT ( 'NONE', #2323 ) ;
#2962 = DIRECTION ( 'NONE',  ( -0.000000000000000000, -1.000000000000000000, -0.000000000000000000 ) ) ;
#2963 = CARTESIAN_POINT ( 'NONE',  ( 47.99999999999999289, -57.42000000000001592, 20.00000000000000355 ) ) ;
#2964 = DIRECTION ( 'NONE',  ( 0.000000000000000000, -1.000000000000000000, 0.000000000000000000 ) ) ;
#2965 = ORIENTED_EDGE ( 'NONE', *, *, #484, .T. ) ;
#2966 = CARTESIAN_POINT ( 'NONE',  ( 12.49999999999999645, 3.000000000000000000, -16.70000000000000284 ) ) ;
#2967 = CARTESIAN_POINT ( 'NONE',  ( 37.00000000000000000, -12.00000000000000000, -12.52499999999999858 ) ) ;
#2968 = VERTEX_POINT ( 'NONE', #4266 ) ;
#2969 = CIRCLE ( 'NONE', #2478, 2.250000000000001776 ) ;
#2970 = FACE_BOUND ( 'NONE', #2790, .T. ) ;
#2971 = ADVANCED_FACE ( 'NONE', ( #1854 ), #1120, .F. ) ;
#2972 = CARTESIAN_POINT ( 'NONE',  ( 37.00000000000000000, -61.42000000000000171, 4.925000000000514078 ) ) ;
#2973 = EDGE_CURVE ( 'NONE', #1327, #4810, #5123, .T. ) ;
#2974 = ORIENTED_EDGE ( 'NONE', *, *, #3506, .F. ) ;
#2975 = EDGE_CURVE ( 'NONE', #2403, #1944, #1341, .T. ) ;
#2976 = DIRECTION ( 'NONE',  ( 0.000000000000000000, 0.000000000000000000, 1.000000000000000000 ) ) ;
#2977 = ORIENTED_EDGE ( 'NONE', *, *, #2306, .F. ) ;
#2978 = CARTESIAN_POINT ( 'NONE',  ( -43.99999999999987921, 3.000000000000000000, 36.79999999999999005 ) ) ;
#2979 = CARTESIAN_POINT ( 'NONE',  ( -37.00000000000000000, -12.00000000000000000, -4.924999999999999822 ) ) ;
#2980 = CARTESIAN_POINT ( 'NONE',  ( 32.00000000000000000, -75.00000000000000000, -49.99999999999997158 ) ) ;
#2981 = ORIENTED_EDGE ( 'NONE', *, *, #2401, .T. ) ;
#2982 = VERTEX_POINT ( 'NONE', #1432 ) ;
#2983 = LINE ( 'NONE', #4601, #2231 ) ;
#2984 = CARTESIAN_POINT ( 'NONE',  ( 32.00000000000000000, -61.41999999999998749, 17.02499999999999858 ) ) ;
#2985 = CIRCLE ( 'NONE', #561, 2.250000000000000444 ) ;
#2986 = CARTESIAN_POINT ( 'NONE',  ( 37.00000000000000000, -61.42000000000000171, 4.925000000000514078 ) ) ;
#2987 = ORIENTED_EDGE ( 'NONE', *, *, #2694, .F. ) ;
#2988 = AXIS2_PLACEMENT_3D ( 'NONE', #946, #996, #121 ) ;
#2989 = CARTESIAN_POINT ( 'NONE',  ( 27.75000000000000000, 0.000000000000000000, 35.69999999999999574 ) ) ;
#2990 = CIRCLE ( 'NONE', #3315, 2.250000000000000444 ) ;
#2991 = DIRECTION ( 'NONE',  ( 0.000000000000000000, 0.000000000000000000, 1.000000000000000000 ) ) ;
#2992 = AXIS2_PLACEMENT_3D ( 'NONE', #1244, #506, #2053 ) ;
#2993 = CARTESIAN_POINT ( 'NONE',  ( 20.00000000000000000, 0.000000000000000000, 15.00000000000000355 ) ) ;
#2994 = FACE_OUTER_BOUND ( 'NONE', #3983, .T. ) ;
#2995 = DIRECTION ( 'NONE',  ( -0.000000000000000000, 1.000000000000000000, -0.000000000000000000 ) ) ;
#2996 = VERTEX_POINT ( 'NONE', #3427 ) ;
#2997 = ORIENTED_EDGE ( 'NONE', *, *, #3856, .T. ) ;
#2998 = CARTESIAN_POINT ( 'NONE',  ( 50.00000000000000000, 0.000000000000000000, 62.49999999999999289 ) ) ;
#2999 = ORIENTED_EDGE ( 'NONE', *, *, #4877, .T. ) ;
#3000 = CARTESIAN_POINT ( 'NONE',  ( 44.00000000000000711, 3.000000000000000000, -50.49999999999998579 ) ) ;
#3001 = ADVANCED_FACE ( 'NONE', ( #1091 ), #638, .F. ) ;
#3002 = ADVANCED_FACE ( 'NONE', ( #1461 ), #3399, .F. ) ;
#3003 = DIRECTION ( 'NONE',  ( 0.000000000000000000, 0.000000000000000000, -1.000000000000000000 ) ) ;
#3004 = LINE ( 'NONE', #2980, #4594 ) ;
#3005 = CARTESIAN_POINT ( 'NONE',  ( 37.00000000000000000, -61.42000000000003013, -39.62499999999996447 ) ) ;
#3006 = ORIENTED_EDGE ( 'NONE', *, *, #636, .F. ) ;
#3007 = VERTEX_POINT ( 'NONE', #1487 ) ;
#3008 = AXIS2_PLACEMENT_3D ( 'NONE', #4060, #3637, #2106 ) ;
#3009 = FACE_OUTER_BOUND ( 'NONE', #1176, .T. ) ;
#3010 = CARTESIAN_POINT ( 'NONE',  ( -37.00000000000000000, -12.00000000000000000, -24.62499999999999645 ) ) ;
#3011 = AXIS2_PLACEMENT_3D ( 'NONE', #1667, #176, #3318 ) ;
#3012 = EDGE_CURVE ( 'NONE', #1575, #3894, #3075, .T. ) ;
#3013 = DIRECTION ( 'NONE',  ( 0.000000000000000000, 0.000000000000000000, 1.000000000000000000 ) ) ;
#3014 = CIRCLE ( 'NONE', #2683, 1.700000000000000178 ) ;
#3015 = CARTESIAN_POINT ( 'NONE',  ( 50.00000000000000000, 0.000000000000000000, -62.50000000000000000 ) ) ;
#3016 = ORIENTED_EDGE ( 'NONE', *, *, #106, .T. ) ;
#3017 = CARTESIAN_POINT ( 'NONE',  ( -43.99999999999987921, 10.00000000000000000, 38.49999999999999289 ) ) ;
#3018 = CARTESIAN_POINT ( 'NONE',  ( 32.00000000000000000, -12.00000000000000000, -12.52499999999999858 ) ) ;
#3019 = FACE_OUTER_BOUND ( 'NONE', #422, .T. ) ;
#3020 = VERTEX_POINT ( 'NONE', #1516 ) ;
#3021 = CIRCLE ( 'NONE', #1608, 2.299999999999996270 ) ;
#3022 = VECTOR ( 'NONE', #1806, 1000.000000000000000 ) ;
#3023 = FACE_BOUND ( 'NONE', #5040, .T. ) ;
#3024 = CIRCLE ( 'NONE', #2792, 2.250000000000000444 ) ;
#3025 = CARTESIAN_POINT ( 'NONE',  ( -50.00000000000000000, 3.000000000000000000, -62.50000000000000000 ) ) ;
#3026 = ORIENTED_EDGE ( 'NONE', *, *, #1976, .T. ) ;
#3027 = VERTEX_POINT ( 'NONE', #4999 ) ;
#3028 = DIRECTION ( 'NONE',  ( 0.000000000000000000, 0.000000000000000000, -1.000000000000000000 ) ) ;
#3029 = VERTEX_POINT ( 'NONE', #3104 ) ;
#3030 = DIRECTION ( 'NONE',  ( 0.000000000000000000, -1.000000000000000000, 0.000000000000000000 ) ) ;
#3031 = DIRECTION ( 'NONE',  ( -0.000000000000000000, 1.000000000000000000, -0.000000000000000000 ) ) ;
#3032 = CARTESIAN_POINT ( 'NONE',  ( -37.00000000000000000, -61.41999999999998749, -14.77499999999999858 ) ) ;
#3033 = ORIENTED_EDGE ( 'NONE', *, *, #2345, .F. ) ;
#3034 = ORIENTED_EDGE ( 'NONE', *, *, #269, .T. ) ;
#3035 = DIRECTION ( 'NONE',  ( 0.000000000000000000, 0.000000000000000000, 1.000000000000000000 ) ) ;
#3036 = CARTESIAN_POINT ( 'NONE',  ( 47.99999999999999289, -12.00000000000000000, -14.77499999999999858 ) ) ;
#3037 = CARTESIAN_POINT ( 'NONE',  ( -43.99999999999975131, 0.000000000000000000, 26.49999999999998934 ) ) ;
#3038 = ADVANCED_FACE ( 'NONE', ( #5028 ), #1039, .F. ) ;
#3039 = ORIENTED_EDGE ( 'NONE', *, *, #2721, .F. ) ;
#3040 = EDGE_CURVE ( 'NONE', #5167, #4076, #4714, .T. ) ;
#3041 = LINE ( 'NONE', #1899, #3128 ) ;
#3042 = CARTESIAN_POINT ( 'NONE',  ( 37.00000000000000000, -61.42000000000000171, -7.174999999999485567 ) ) ;
#3043 = ADVANCED_FACE ( 'NONE', ( #3049 ), #2715, .F. ) ;
#3044 = CYLINDRICAL_SURFACE ( 'NONE', #2837, 1.700000000000000178 ) ;
#3045 = VERTEX_POINT ( 'NONE', #1011 ) ;
#3046 = CARTESIAN_POINT ( 'NONE',  ( -31.99999999999999289, -61.42000000000003013, -39.62499999999996447 ) ) ;
#3047 = EDGE_CURVE ( 'NONE', #2254, #323, #1685, .T. ) ;
#3048 = CYLINDRICAL_SURFACE ( 'NONE', #2058, 1.700000000000000178 ) ;
#3049 = FACE_OUTER_BOUND ( 'NONE', #4792, .T. ) ;
#3050 = ORIENTED_EDGE ( 'NONE', *, *, #3725, .T. ) ;
#3051 = DIRECTION ( 'NONE',  ( 0.000000000000000000, -1.000000000000000000, 0.000000000000000000 ) ) ;
#3052 = ORIENTED_EDGE ( 'NONE', *, *, #1476, .T. ) ;
#3053 = LINE ( 'NONE', #3465, #688 ) ;
#3054 = CARTESIAN_POINT ( 'NONE',  ( 37.00000000000000000, -51.00000000000000711, 43.70000000000003126 ) ) ;
#3055 = CARTESIAN_POINT ( 'NONE',  ( -37.00000000000000000, -16.00000000000000000, -41.99999999999990763 ) ) ;
#3056 = ORIENTED_EDGE ( 'NONE', *, *, #588, .F. ) ;
#3057 = ORIENTED_EDGE ( 'NONE', *, *, #3180, .T. ) ;
#3058 = CARTESIAN_POINT ( 'NONE',  ( 37.00000000000000000, -61.42000000000003013, -41.77499999999996305 ) ) ;
#3059 = CARTESIAN_POINT ( 'NONE',  ( -43.99999999999975131, 3.000000000000000000, -26.49999999999998934 ) ) ;
#3060 = CARTESIAN_POINT ( 'NONE',  ( -37.00000000000000000, -61.41999999999998749, -14.77499999999999858 ) ) ;
#3061 = VERTEX_POINT ( 'NONE', #746 ) ;
#3062 = DIRECTION ( 'NONE',  ( 0.000000000000000000, 0.000000000000000000, 1.000000000000000000 ) ) ;
#3063 = CARTESIAN_POINT ( 'NONE',  ( -37.00000000000000000, -61.42000000000003013, -39.62499999999996447 ) ) ;
#3064 = CIRCLE ( 'NONE', #2406, 1.700000000000000178 ) ;
#3065 = AXIS2_PLACEMENT_3D ( 'NONE', #3816, #223, #4630 ) ;
#3066 = ADVANCED_FACE ( 'NONE', ( #5139 ), #1542, .F. ) ;
#3067 = EDGE_CURVE ( 'NONE', #1553, #869, #1935, .T. ) ;
#3068 = DIRECTION ( 'NONE',  ( 0.000000000000000000, 0.000000000000000000, -1.000000000000000000 ) ) ;
#3069 = ADVANCED_FACE ( 'NONE', ( #4351 ), #1378, .F. ) ;
#3070 = AXIS2_PLACEMENT_3D ( 'NONE', #2856, #4773, #2461 ) ;
#3071 = ORIENTED_EDGE ( 'NONE', *, *, #4683, .F. ) ;
#3072 = FACE_BOUND ( 'NONE', #2229, .T. ) ;
#3073 = AXIS2_PLACEMENT_3D ( 'NONE', #659, #3878, #3480 ) ;
#3074 = ADVANCED_FACE ( 'NONE', ( #2590 ), #524, .F. ) ;
#3075 = LINE ( 'NONE', #1906, #2431 ) ;
#3076 = ORIENTED_EDGE ( 'NONE', *, *, #909, .T. ) ;
#3077 = DIRECTION ( 'NONE',  ( 0.000000000000000000, 0.000000000000000000, 1.000000000000000000 ) ) ;
#3078 = ORIENTED_EDGE ( 'NONE', *, *, #2002, .F. ) ;
#3079 = EDGE_LOOP ( 'NONE', ( #3227, #2367 ) ) ;
#3080 = DIRECTION ( 'NONE',  ( -0.000000000000000000, 1.000000000000000000, -0.000000000000000000 ) ) ;
#3081 = CARTESIAN_POINT ( 'NONE',  ( 47.99999999999999289, -61.41999999999998749, 14.77499999999999858 ) ) ;
#3082 = CARTESIAN_POINT ( 'NONE',  ( -44.00000000000000711, 10.00000000000000000, 48.79999999999999005 ) ) ;
#3083 = LINE ( 'NONE', #3340, #4239 ) ;
#3084 = ORIENTED_EDGE ( 'NONE', *, *, #4157, .T. ) ;
#3085 = VERTEX_POINT ( 'NONE', #1745 ) ;
#3086 = ORIENTED_EDGE ( 'NONE', *, *, #3273, .T. ) ;
#3087 = DIRECTION ( 'NONE',  ( 0.000000000000000000, 1.000000000000000000, -0.000000000000000000 ) ) ;
#3088 = CIRCLE ( 'NONE', #833, 2.149999999999999023 ) ;
#3089 = CYLINDRICAL_SURFACE ( 'NONE', #1570, 1.700000000000000178 ) ;
#3090 = VECTOR ( 'NONE', #1292, 1000.000000000000000 ) ;
#3091 = ORIENTED_EDGE ( 'NONE', *, *, #1580, .T. ) ;
#3092 = DIRECTION ( 'NONE',  ( 0.000000000000000000, 1.000000000000000000, -0.000000000000000000 ) ) ;
#3093 = LINE ( 'NONE', #656, #2599 ) ;
#3094 = AXIS2_PLACEMENT_3D ( 'NONE', #3853, #616, #3461 ) ;
#3095 = DIRECTION ( 'NONE',  ( -0.000000000000000000, -1.000000000000000000, -0.000000000000000000 ) ) ;
#3096 = VECTOR ( 'NONE', #510, 1000.000000000000000 ) ;
#3097 = EDGE_LOOP ( 'NONE', ( #4166, #292, #1483, #4770 ) ) ;
#3098 = EDGE_CURVE ( 'NONE', #157, #837, #4191, .T. ) ;
#3099 = VECTOR ( 'NONE', #1430, 1000.000000000000114 ) ;
#3100 = ADVANCED_FACE ( 'NONE', ( #3730 ), #4538, .F. ) ;
#3101 = FACE_BOUND ( 'NONE', #2883, .T. ) ;
#3102 = VECTOR ( 'NONE', #1577, 1000.000000000000000 ) ;
#3103 = AXIS2_PLACEMENT_3D ( 'NONE', #2910, #4515, #3381 ) ;
#3104 = CARTESIAN_POINT ( 'NONE',  ( -43.99999999999987921, 0.000000000000000000, -36.79999999999999005 ) ) ;
#3105 = ORIENTED_EDGE ( 'NONE', *, *, #2950, .F. ) ;
#3106 = DIRECTION ( 'NONE',  ( 0.000000000000000000, -0.000000000000000000, -1.000000000000000000 ) ) ;
#3107 = VECTOR ( 'NONE', #4912, 1000.000000000000000 ) ;
#3108 = ORIENTED_EDGE ( 'NONE', *, *, #3371, .F. ) ;
#3109 = VERTEX_POINT ( 'NONE', #3323 ) ;
#3110 = EDGE_CURVE ( 'NONE', #2444, #3029, #4039, .T. ) ;
#3111 = DIRECTION ( 'NONE',  ( -0.000000000000000000, -1.000000000000000000, -0.000000000000000000 ) ) ;
#3112 = EDGE_CURVE ( 'NONE', #2742, #3885, #3354, .T. ) ;
#3113 = AXIS2_PLACEMENT_3D ( 'NONE', #4460, #4019, #3669 ) ;
#3114 = VECTOR ( 'NONE', #542, 1000.000000000000000 ) ;
#3115 = DIRECTION ( 'NONE',  ( 0.000000000000000000, 0.000000000000000000, 1.000000000000000000 ) ) ;
#3116 = CARTESIAN_POINT ( 'NONE',  ( -50.00000000000000000, 0.000000000000000000, 62.49999999999999289 ) ) ;
#3117 = CIRCLE ( 'NONE', #859, 1.700000000000000178 ) ;
#3118 = DIRECTION ( 'NONE',  ( 0.000000000000000000, -0.000000000000000000, -1.000000000000000000 ) ) ;
#3119 = ORIENTED_EDGE ( 'NONE', *, *, #2306, .T. ) ;
#3120 = EDGE_LOOP ( 'NONE', ( #4058, #3751 ) ) ;
#3121 = ORIENTED_EDGE ( 'NONE', *, *, #76, .T. ) ;
#3122 = CARTESIAN_POINT ( 'NONE',  ( 32.00000000000000000, -61.41999999999998749, -17.02499999999999858 ) ) ;
#3123 = EDGE_CURVE ( 'NONE', #3867, #4909, #2546, .T. ) ;
#3124 = DIRECTION ( 'NONE',  ( 0.000000000000000000, -1.000000000000000000, 0.000000000000000000 ) ) ;
#3125 = ORIENTED_EDGE ( 'NONE', *, *, #3245, .F. ) ;
#3126 = CARTESIAN_POINT ( 'NONE',  ( 27.75000000000000000, -22.00000000000000355, -56.19999999999999574 ) ) ;
#3127 = CARTESIAN_POINT ( 'NONE',  ( -37.00000000000000000, -51.00000000000000711, 46.00000000000004263 ) ) ;
#3128 = VECTOR ( 'NONE', #1006, 1000.000000000000000 ) ;
#3129 = FACE_OUTER_BOUND ( 'NONE', #481, .T. ) ;
#3130 = ORIENTED_EDGE ( 'NONE', *, *, #4049, .T. ) ;
#3131 = EDGE_LOOP ( 'NONE', ( #1603, #4645 ) ) ;
#3132 = DIRECTION ( 'NONE',  ( 0.000000000000000000, 0.000000000000000000, -1.000000000000000000 ) ) ;
#3133 = DIRECTION ( 'NONE',  ( 0.000000000000000000, 0.000000000000000000, 1.000000000000000000 ) ) ;
#3134 = ORIENTED_EDGE ( 'NONE', *, *, #2243, .F. ) ;
#3135 = DIRECTION ( 'NONE',  ( -1.000000000000000000, -0.000000000000000000, -0.000000000000000000 ) ) ;
#3136 = ORIENTED_EDGE ( 'NONE', *, *, #4715, .T. ) ;
#3137 = EDGE_LOOP ( 'NONE', ( #4064, #4517 ) ) ;
#3138 = FACE_OUTER_BOUND ( 'NONE', #1215, .T. ) ;
#3139 = ADVANCED_FACE ( 'NONE', ( #4953 ), #184, .F. ) ;
#3140 = CARTESIAN_POINT ( 'NONE',  ( -37.00000000000000000, -51.00000000000000711, 48.30000000000005400 ) ) ;
#3141 = EDGE_CURVE ( 'NONE', #2248, #370, #3274, .T. ) ;
#3142 = FACE_BOUND ( 'NONE', #3481, .T. ) ;
#3143 = EDGE_CURVE ( 'NONE', #21, #1553, #4880, .T. ) ;
#3144 = FACE_BOUND ( 'NONE', #4883, .T. ) ;
#3145 = EDGE_LOOP ( 'NONE', ( #3970, #4894, #4853, #4119 ) ) ;
#3146 = VERTEX_POINT ( 'NONE', #888 ) ;
#3147 = EDGE_LOOP ( 'NONE', ( #3410, #3626, #3365, #818 ) ) ;
#3148 = DIRECTION ( 'NONE',  ( 1.000000000000000000, 0.000000000000000000, -0.000000000000000000 ) ) ;
#3149 = CIRCLE ( 'NONE', #885, 2.149999999999999023 ) ;
#3150 = CARTESIAN_POINT ( 'NONE',  ( 47.99999999999999289, -57.42000000000001592, 20.00000000000000355 ) ) ;
#3151 = VECTOR ( 'NONE', #680, 1000.000000000000114 ) ;
#3152 = ORIENTED_EDGE ( 'NONE', *, *, #1732, .F. ) ;
#3153 = CARTESIAN_POINT ( 'NONE',  ( 12.49999999999999645, 3.000000000000000000, -15.00000000000000355 ) ) ;
#3154 = FACE_OUTER_BOUND ( 'NONE', #4465, .T. ) ;
#3155 = DIRECTION ( 'NONE',  ( 0.000000000000000000, -1.000000000000000000, 0.000000000000000000 ) ) ;
#3156 = ORIENTED_EDGE ( 'NONE', *, *, #518, .F. ) ;
#3157 = AXIS2_PLACEMENT_3D ( 'NONE', #3552, #4284, #2734 ) ;
#3158 = CARTESIAN_POINT ( 'NONE',  ( 43.99999999999987921, 0.000000000000000000, 40.19999999999999574 ) ) ;
#3159 = DIRECTION ( 'NONE',  ( 0.000000000000000000, 0.000000000000000000, 1.000000000000000000 ) ) ;
#3160 = CIRCLE ( 'NONE', #4090, 2.250000000000000444 ) ;
#3161 = EDGE_LOOP ( 'NONE', ( #705, #4012, #1080, #4536 ) ) ;
#3162 = LINE ( 'NONE', #4390, #3524 ) ;
#3163 = CIRCLE ( 'NONE', #646, 1.700000000000000178 ) ;
#3164 = EDGE_LOOP ( 'NONE', ( #3719, #1554, #4008, #5059 ) ) ;
#3165 = DIRECTION ( 'NONE',  ( 0.000000000000000000, 0.000000000000000000, 1.000000000000000000 ) ) ;
#3166 = DIRECTION ( 'NONE',  ( 0.000000000000000000, 0.000000000000000000, -1.000000000000000000 ) ) ;
#3167 = AXIS2_PLACEMENT_3D ( 'NONE', #848, #2799, #435 ) ;
#3168 = CARTESIAN_POINT ( 'NONE',  ( 37.00000000000000000, -12.00000000000000000, 2.674999999999999822 ) ) ;
#3169 = ORIENTED_EDGE ( 'NONE', *, *, #78, .F. ) ;
#3170 = ORIENTED_EDGE ( 'NONE', *, *, #1199, .F. ) ;
#3171 = ORIENTED_EDGE ( 'NONE', *, *, #78, .T. ) ;
#3172 = DIRECTION ( 'NONE',  ( -1.000000000000000000, 0.000000000000000000, 0.000000000000000000 ) ) ;
#3173 = ADVANCED_FACE ( 'NONE', ( #914, #1329, #2882, #4561, #1704, #4146, #2568, #4487, #2932, #940, #4095, #1355, #2486, #493, #134, #2954, #1304, #2093, #4587, #2906, #989, #4511, #2517, #4122, #1882, #1404, #4244 ), #1014, .F. ) ;
#3174 = CARTESIAN_POINT ( 'NONE',  ( 43.99999999999975131, 3.000000000000000000, -28.19999999999998863 ) ) ;
#3175 = ORIENTED_EDGE ( 'NONE', *, *, #2215, .F. ) ;
#3176 = VERTEX_POINT ( 'NONE', #2223 ) ;
#3177 = ORIENTED_EDGE ( 'NONE', *, *, #666, .F. ) ;
#3178 = CARTESIAN_POINT ( 'NONE',  ( 46.00000000000002132, -12.00000000000000000, -41.77499999999999147 ) ) ;
#3179 = DIRECTION ( 'NONE',  ( 0.000000000000000000, 0.000000000000000000, -1.000000000000000000 ) ) ;
#3180 = EDGE_CURVE ( 'NONE', #4192, #1869, #1518, .T. ) ;
#3181 = AXIS2_PLACEMENT_3D ( 'NONE', #4687, #3051, #1068 ) ;
#3182 = DIRECTION ( 'NONE',  ( 0.000000000000000000, 0.000000000000000000, -1.000000000000000000 ) ) ;
#3183 = ORIENTED_EDGE ( 'NONE', *, *, #959, .T. ) ;
#3184 = ORIENTED_EDGE ( 'NONE', *, *, #3598, .T. ) ;
#3185 = AXIS2_PLACEMENT_3D ( 'NONE', #3577, #3092, #2032 ) ;
#3186 = VECTOR ( 'NONE', #4205, 1000.000000000000000 ) ;
#3187 = PLANE ( 'NONE',  #4375 ) ;
#3188 = CARTESIAN_POINT ( 'NONE',  ( -32.00000000000000000, -75.00000000000000000, -49.99999999999997158 ) ) ;
#3189 = AXIS2_PLACEMENT_3D ( 'NONE', #2831, #4440, #155 ) ;
#3190 = ORIENTED_EDGE ( 'NONE', *, *, #106, .F. ) ;
#3191 = CARTESIAN_POINT ( 'NONE',  ( -20.00000000000000000, -0.000000000000000000, 0.000000000000000000 ) ) ;
#3192 = LINE ( 'NONE', #1629, #434 ) ;
#3193 = VECTOR ( 'NONE', #865, 1000.000000000000000 ) ;
#3194 = LINE ( 'NONE', #349, #1853 ) ;
#3195 = DIRECTION ( 'NONE',  ( -1.000000000000000000, 0.000000000000000000, 0.000000000000000000 ) ) ;
#3196 = FACE_BOUND ( 'NONE', #2881, .T. ) ;
#3197 = VECTOR ( 'NONE', #3732, 1000.000000000000000 ) ;
#3198 = ORIENTED_EDGE ( 'NONE', *, *, #831, .F. ) ;
#3199 = ORIENTED_EDGE ( 'NONE', *, *, #4942, .F. ) ;
#3200 = AXIS2_PLACEMENT_3D ( 'NONE', #4982, #2551, #4196 ) ;
#3201 = EDGE_LOOP ( 'NONE', ( #381, #2230 ) ) ;
#3202 = DIRECTION ( 'NONE',  ( 0.000000000000000000, 0.000000000000000000, 1.000000000000000000 ) ) ;
#3203 = AXIS2_PLACEMENT_3D ( 'NONE', #4301, #1125, #263 ) ;
#3204 = DIRECTION ( 'NONE',  ( -1.000000000000000000, 0.000000000000000000, 0.000000000000000000 ) ) ;
#3205 = ORIENTED_EDGE ( 'NONE', *, *, #4381, .T. ) ;
#3206 = VERTEX_POINT ( 'NONE', #720 ) ;
#3207 = DIRECTION ( 'NONE',  ( 0.000000000000000000, 0.000000000000000000, 1.000000000000000000 ) ) ;
#3208 = LINE ( 'NONE', #125, #3692 ) ;
#3209 = DIRECTION ( 'NONE',  ( 0.000000000000000000, 0.000000000000000000, -1.000000000000000000 ) ) ;
#3210 = ADVANCED_FACE ( 'NONE', ( #4717 ), #2620, .F. ) ;
#3211 = DIRECTION ( 'NONE',  ( -0.000000000000000000, 1.000000000000000000, -0.000000000000000000 ) ) ;
#3212 = EDGE_CURVE ( 'NONE', #406, #5182, #237, .T. ) ;
#3213 = EDGE_CURVE ( 'NONE', #4299, #1829, #420, .T. ) ;
#3214 = ORIENTED_EDGE ( 'NONE', *, *, #3695, .F. ) ;
#3215 = CARTESIAN_POINT ( 'NONE',  ( 43.99999999999975131, 0.000000000000000000, -28.19999999999998863 ) ) ;
#3216 = FACE_BOUND ( 'NONE', #132, .T. ) ;
#3217 = ORIENTED_EDGE ( 'NONE', *, *, #4024, .T. ) ;
#3218 = PRODUCT_RELATED_PRODUCT_CATEGORY ( 'part', '', ( #3642 ) ) ;
#3219 = CYLINDRICAL_SURFACE ( 'NONE', #4523, 2.300000000000010481 ) ;
#3220 = CARTESIAN_POINT ( 'NONE',  ( -32.00000000000000000, -47.95683229480096088, 50.00000000000003553 ) ) ;
#3221 = DIRECTION ( 'NONE',  ( 0.000000000000000000, 0.000000000000000000, 1.000000000000000000 ) ) ;
#3222 = CARTESIAN_POINT ( 'NONE',  ( -27.75000000000000000, 3.000000000000000000, 54.49999999999999289 ) ) ;
#3223 = ORIENTED_EDGE ( 'NONE', *, *, #369, .T. ) ;
#3224 = ORIENTED_EDGE ( 'NONE', *, *, #3865, .F. ) ;
#3225 = CARTESIAN_POINT ( 'NONE',  ( 46.00000000000002132, -61.42000000000001592, -22.47499999999999787 ) ) ;
#3226 = CARTESIAN_POINT ( 'NONE',  ( -32.00000000000000000, -57.42000000000000171, -49.99999999999997158 ) ) ;
#3227 = ORIENTED_EDGE ( 'NONE', *, *, #3110, .F. ) ;
#3228 = ORIENTED_EDGE ( 'NONE', *, *, #2973, .T. ) ;
#3229 = AXIS2_PLACEMENT_3D ( 'NONE', #2473, #3313, #4081 ) ;
#3230 = LINE ( 'NONE', #2135, #3107 ) ;
#3231 = CARTESIAN_POINT ( 'NONE',  ( 37.00000000000000000, -16.00000000000000000, 46.00000000000004263 ) ) ;
#3232 = CIRCLE ( 'NONE', #66, 2.250000000000000444 ) ;
#3233 = DIRECTION ( 'NONE',  ( -0.000000000000000000, 1.000000000000000000, -0.000000000000000000 ) ) ;
#3234 = EDGE_LOOP ( 'NONE', ( #4220, #792 ) ) ;
#3235 = EDGE_CURVE ( 'NONE', #2648, #1744, #4221, .T. ) ;
#3236 = CARTESIAN_POINT ( 'NONE',  ( 37.00000000000000000, -19.04316770519909952, 50.00000000000024158 ) ) ;
#3237 = LINE ( 'NONE', #3583, #3453 ) ;
#3238 = EDGE_CURVE ( 'NONE', #4777, #3390, #917, .T. ) ;
#3239 = FACE_BOUND ( 'NONE', #1923, .T. ) ;
#3240 = EDGE_LOOP ( 'NONE', ( #2800, #2300, #641, #1972 ) ) ;
#3241 = EDGE_LOOP ( 'NONE', ( #5030, #3982 ) ) ;
#3242 = DIRECTION ( 'NONE',  ( -0.000000000000000000, 0.000000000000000000, 1.000000000000000000 ) ) ;
#3243 = CARTESIAN_POINT ( 'NONE',  ( -30.00000000000000355, -81.99999999999998579, -14.99999999999999645 ) ) ;
#3244 = VECTOR ( 'NONE', #2312, 1000.000000000000000 ) ;
#3245 = EDGE_CURVE ( 'NONE', #3931, #4124, #261, .T. ) ;
#3246 = CIRCLE ( 'NONE', #3928, 2.250000000000001776 ) ;
#3247 = DIRECTION ( 'NONE',  ( 0.000000000000000000, 0.000000000000000000, 1.000000000000000000 ) ) ;
#3248 = DIRECTION ( 'NONE',  ( 0.000000000000000000, -1.000000000000000000, 0.000000000000000000 ) ) ;
#3249 = VECTOR ( 'NONE', #2281, 1000.000000000000000 ) ;
#3250 = EDGE_LOOP ( 'NONE', ( #939, #352 ) ) ;
#3251 = EDGE_LOOP ( 'NONE', ( #3565, #3742 ) ) ;
#3252 = DIRECTION ( 'NONE',  ( -0.000000000000000000, -1.000000000000000000, -0.000000000000000000 ) ) ;
#3253 = AXIS2_PLACEMENT_3D ( 'NONE', #3929, #2657, #4344 ) ;
#3254 = DIRECTION ( 'NONE',  ( 0.000000000000000000, 0.000000000000000000, -1.000000000000000000 ) ) ;
#3255 = LINE ( 'NONE', #472, #1619 ) ;
#3256 = ORIENTED_EDGE ( 'NONE', *, *, #3180, .F. ) ;
#3257 = CARTESIAN_POINT ( 'NONE',  ( 37.00000000000000000, -51.00000000000000711, 48.30000000000005400 ) ) ;
#3258 = LINE ( 'NONE', #4892, #3090 ) ;
#3259 = DIRECTION ( 'NONE',  ( -0.000000000000000000, 1.000000000000000000, -0.000000000000000000 ) ) ;
#3260 = ORIENTED_EDGE ( 'NONE', *, *, #4583, .T. ) ;
#3261 = LINE ( 'NONE', #77, #4532 ) ;
#3262 = CIRCLE ( 'NONE', #4861, 1.700000000000000178 ) ;
#3263 = CIRCLE ( 'NONE', #1595, 2.250000000000000444 ) ;
#3264 = EDGE_CURVE ( 'NONE', #1869, #2648, #1041, .T. ) ;
#3265 = DIRECTION ( 'NONE',  ( 0.000000000000000000, 0.000000000000000000, 1.000000000000000000 ) ) ;
#3266 = PLANE ( 'NONE',  #4551 ) ;
#3267 = AXIS2_PLACEMENT_3D ( 'NONE', #181, #1771, #2512 ) ;
#3268 = CARTESIAN_POINT ( 'NONE',  ( -43.99999999999975131, 3.000000000000000000, 26.49999999999998934 ) ) ;
#3269 = EDGE_CURVE ( 'NONE', #1907, #781, #2667, .T. ) ;
#3270 = DIRECTION ( 'NONE',  ( -0.000000000000000000, 1.000000000000000000, -0.000000000000000000 ) ) ;
#3271 = ADVANCED_FACE ( 'NONE', ( #2247 ), #4270, .T. ) ;
#3272 = EDGE_LOOP ( 'NONE', ( #3728, #1104, #1596, #3612 ) ) ;
#3273 = EDGE_CURVE ( 'NONE', #4108, #4728, #5058, .T. ) ;
#3274 = LINE ( 'NONE', #1677, #1420 ) ;
#3275 = VERTEX_POINT ( 'NONE', #2717 ) ;
#3276 = EDGE_LOOP ( 'NONE', ( #95, #4297, #1583, #4606 ) ) ;
#3277 = ORIENTED_EDGE ( 'NONE', *, *, #4408, .F. ) ;
#3278 = CARTESIAN_POINT ( 'NONE',  ( -27.75000000000000000, -22.00000000000000355, 54.49999999999999289 ) ) ;
#3279 = VECTOR ( 'NONE', #4384, 1000.000000000000000 ) ;
#3280 = LINE ( 'NONE', #1725, #1529 ) ;
#3281 = CARTESIAN_POINT ( 'NONE',  ( 43.99999999999987921, 0.000000000000000000, 36.79999999999999005 ) ) ;
#3282 = VECTOR ( 'NONE', #2577, 1000.000000000000000 ) ;
#3283 = CIRCLE ( 'NONE', #1696, 2.250000000000001776 ) ;
#3284 = DIRECTION ( 'NONE',  ( -1.000000000000000000, 0.000000000000000000, 0.000000000000000000 ) ) ;
#3285 = ORIENTED_EDGE ( 'NONE', *, *, #2216, .F. ) ;
#3286 = ORIENTED_EDGE ( 'NONE', *, *, #1352, .F. ) ;
#3287 = FACE_OUTER_BOUND ( 'NONE', #4698, .T. ) ;
#3288 = DIRECTION ( 'NONE',  ( -0.000000000000000000, -1.000000000000000000, -0.000000000000000000 ) ) ;
#3289 = CIRCLE ( 'NONE', #5136, 1.700000000000000178 ) ;
#3290 = CARTESIAN_POINT ( 'NONE',  ( 32.00000000000000000, -61.41999999999998749, 12.52499999999999680 ) ) ;
#3291 = CARTESIAN_POINT ( 'NONE',  ( -30.00000000000000355, 3.000000000000000000, 15.00000000000000355 ) ) ;
#3292 = VERTEX_POINT ( 'NONE', #668 ) ;
#3293 =( LENGTH_UNIT ( ) NAMED_UNIT ( * ) SI_UNIT ( .MILLI., .METRE. ) );
#3294 = DIRECTION ( 'NONE',  ( 0.000000000000000000, 0.000000000000000000, -1.000000000000000000 ) ) ;
#3295 = DIRECTION ( 'NONE',  ( 0.000000000000000000, 0.000000000000000000, -1.000000000000000000 ) ) ;
#3296 = CARTESIAN_POINT ( 'NONE',  ( 32.00000000000000000, -61.42000000000003013, -39.62499999999996447 ) ) ;
#3297 = ORIENTED_EDGE ( 'NONE', *, *, #3826, .T. ) ;
#3298 = DIRECTION ( 'NONE',  ( 0.000000000000000000, 0.000000000000000000, 1.000000000000000000 ) ) ;
#3299 = ORIENTED_EDGE ( 'NONE', *, *, #2918, .F. ) ;
#3300 = ORIENTED_EDGE ( 'NONE', *, *, #4379, .T. ) ;
#3301 = LINE ( 'NONE', #119, #936 ) ;
#3302 = ADVANCED_FACE ( 'NONE', ( #4323 ), #2299, .F. ) ;
#3303 = EDGE_CURVE ( 'NONE', #1153, #2445, #290, .T. ) ;
#3304 = LINE ( 'NONE', #1359, #4131 ) ;
#3305 = EDGE_CURVE ( 'NONE', #3918, #1390, #1748, .T. ) ;
#3306 = CARTESIAN_POINT ( 'NONE',  ( 12.49999999999999645, 3.000000000000000000, -15.00000000000000355 ) ) ;
#3307 = DIRECTION ( 'NONE',  ( 0.000000000000000000, -1.000000000000000000, 0.000000000000000000 ) ) ;
#3308 = VERTEX_POINT ( 'NONE', #1801 ) ;
#3309 = ORIENTED_EDGE ( 'NONE', *, *, #2218, .T. ) ;
#3310 = CARTESIAN_POINT ( 'NONE',  ( -50.00000000000000000, 3.000000000000000000, -62.50000000000000000 ) ) ;
#3311 = CARTESIAN_POINT ( 'NONE',  ( 43.99999999999987921, 10.00000000000000000, 36.79999999999999005 ) ) ;
#3312 = EDGE_CURVE ( 'NONE', #1075, #300, #1254, .T. ) ;
#3313 = DIRECTION ( 'NONE',  ( -1.000000000000000000, 0.000000000000000000, 0.000000000000000000 ) ) ;
#3314 = DIRECTION ( 'NONE',  ( 1.000000000000000000, 0.000000000000000000, 0.000000000000000000 ) ) ;
#3315 = AXIS2_PLACEMENT_3D ( 'NONE', #4104, #2074, #2471 ) ;
#3316 = ORIENTED_EDGE ( 'NONE', *, *, #1699, .T. ) ;
#3317 = DIRECTION ( 'NONE',  ( 0.000000000000000000, -1.000000000000000000, 0.000000000000000000 ) ) ;
#3318 = DIRECTION ( 'NONE',  ( 0.000000000000000000, 0.000000000000000000, 1.000000000000000000 ) ) ;
#3319 = AXIS2_PLACEMENT_3D ( 'NONE', #79, #2426, #1206 ) ;
#3320 = FACE_OUTER_BOUND ( 'NONE', #2638, .T. ) ;
#3321 = DIRECTION ( 'NONE',  ( 1.000000000000000000, 0.000000000000000000, -0.000000000000000000 ) ) ;
#3322 = ORIENTED_EDGE ( 'NONE', *, *, #1552, .T. ) ;
#3323 = CARTESIAN_POINT ( 'NONE',  ( -32.00000000000000000, -16.00000000000000000, -41.99999999999993605 ) ) ;
#3324 = VERTEX_POINT ( 'NONE', #2998 ) ;
#3325 = ORIENTED_EDGE ( 'NONE', *, *, #3537, .F. ) ;
#3326 = VECTOR ( 'NONE', #1533, 1000.000000000000000 ) ;
#3327 = CARTESIAN_POINT ( 'NONE',  ( 47.99999999999999289, -61.42000000000000171, 4.925000000000514078 ) ) ;
#3328 = LINE ( 'NONE', #4567, #2537 ) ;
#3329 = AXIS2_PLACEMENT_3D ( 'NONE', #4445, #2071, #817 ) ;
#3330 = DIRECTION ( 'NONE',  ( 0.000000000000000000, 0.000000000000000000, -1.000000000000000000 ) ) ;
#3331 = ORIENTED_EDGE ( 'NONE', *, *, #4086, .T. ) ;
#3332 = EDGE_LOOP ( 'NONE', ( #4816, #3507, #1996, #921 ) ) ;
#3333 = VERTEX_POINT ( 'NONE', #1567 ) ;
#3334 = EDGE_CURVE ( 'NONE', #4784, #1328, #3855, .T. ) ;
#3335 = DIRECTION ( 'NONE',  ( -0.000000000000000000, -0.000000000000000000, -1.000000000000000000 ) ) ;
#3336 = DIRECTION ( 'NONE',  ( -0.000000000000000000, -1.000000000000000000, -0.000000000000000000 ) ) ;
#3337 = VECTOR ( 'NONE', #1394, 1000.000000000000000 ) ;
#3338 = CARTESIAN_POINT ( 'NONE',  ( -31.99999999999999289, -12.00000000000000000, -22.47499999999999787 ) ) ;
#3339 = VERTEX_POINT ( 'NONE', #5142 ) ;
#3340 = CARTESIAN_POINT ( 'NONE',  ( 47.99999999999999289, -12.00000000000000000, -17.02499999999999858 ) ) ;
#3341 = ADVANCED_FACE ( 'NONE', ( #3992 ), #3219, .F. ) ;
#3342 = VECTOR ( 'NONE', #3487, 1000.000000000000114 ) ;
#3343 = DIRECTION ( 'NONE',  ( -1.000000000000000000, 0.000000000000000000, 0.000000000000000000 ) ) ;
#3344 = AXIS2_PLACEMENT_3D ( 'NONE', #3063, #4260, #2711 ) ;
#3345 = CARTESIAN_POINT ( 'NONE',  ( -32.00000000000000000, -7.999999999999965361, -49.99999999999997158 ) ) ;
#3346 = ORIENTED_EDGE ( 'NONE', *, *, #2451, .T. ) ;
#3347 = EDGE_LOOP ( 'NONE', ( #4560, #3152 ) ) ;
#3348 = CARTESIAN_POINT ( 'NONE',  ( 47.99999999999999289, -61.42000000000000171, 2.675000000000512301 ) ) ;
#3349 = ORIENTED_EDGE ( 'NONE', *, *, #2660, .F. ) ;
#3350 = ORIENTED_EDGE ( 'NONE', *, *, #1126, .F. ) ;
#3351 = CYLINDRICAL_SURFACE ( 'NONE', #3973, 2.250000000000001776 ) ;
#3352 = LINE ( 'NONE', #3781, #1532 ) ;
#3353 = DIRECTION ( 'NONE',  ( -0.000000000000000000, -1.000000000000000000, -0.000000000000000000 ) ) ;
#3354 = CIRCLE ( 'NONE', #1098, 2.149999999999999023 ) ;
#3355 = CARTESIAN_POINT ( 'NONE',  ( 32.00000000000000000, -64.99999999999998579, -49.99999999999997158 ) ) ;
#3356 = CARTESIAN_POINT ( 'NONE',  ( 43.99999999999987921, 10.00000000000000000, -38.49999999999999289 ) ) ;
#3357 = AXIS2_PLACEMENT_3D ( 'NONE', #1644, #4014, #1958 ) ;
#3358 = ORIENTED_EDGE ( 'NONE', *, *, #935, .F. ) ;
#3359 = ORIENTED_EDGE ( 'NONE', *, *, #3559, .T. ) ;
#3360 = LINE ( 'NONE', #2180, #891 ) ;
#3361 = LINE ( 'NONE', #2963, #2865 ) ;
#3362 = AXIS2_PLACEMENT_3D ( 'NONE', #2287, #1448, #3148 ) ;
#3363 = AXIS2_PLACEMENT_3D ( 'NONE', #4747, #1156, #4824 ) ;
#3364 = CYLINDRICAL_SURFACE ( 'NONE', #3408, 2.250000000000000444 ) ;
#3365 = ORIENTED_EDGE ( 'NONE', *, *, #4304, .T. ) ;
#3366 = FACE_OUTER_BOUND ( 'NONE', #4924, .T. ) ;
#3367 = AXIS2_PLACEMENT_3D ( 'NONE', #4540, #964, #4149 ) ;
#3368 = AXIS2_PLACEMENT_3D ( 'NONE', #2979, #2152, #600 ) ;
#3369 = CYLINDRICAL_SURFACE ( 'NONE', #3011, 2.250000000000000444 ) ;
#3370 = EDGE_CURVE ( 'NONE', #2982, #569, #2847, .T. ) ;
#3371 = EDGE_CURVE ( 'NONE', #2674, #4952, #2850, .T. ) ;
#3372 = EDGE_CURVE ( 'NONE', #1465, #5121, #2593, .T. ) ;
#3373 = DIRECTION ( 'NONE',  ( 0.000000000000000000, 0.000000000000000000, 1.000000000000000000 ) ) ;
#3374 = CARTESIAN_POINT ( 'NONE',  ( -44.00000000000000711, 10.00000000000000000, -50.49999999999998579 ) ) ;
#3375 = VERTEX_POINT ( 'NONE', #4798 ) ;
#3376 = EDGE_LOOP ( 'NONE', ( #2686, #4599, #364, #2123 ) ) ;
#3377 = DIRECTION ( 'NONE',  ( -1.000000000000000000, 0.000000000000000000, -5.551115123125785858E-15 ) ) ;
#3378 = VERTEX_POINT ( 'NONE', #4741 ) ;
#3379 = CARTESIAN_POINT ( 'NONE',  ( -44.00000000000000711, 3.000000000000000000, 48.79999999999999005 ) ) ;
#3380 = CARTESIAN_POINT ( 'NONE',  ( -37.00000000000000000, -61.42000000000000171, 2.675000000000512301 ) ) ;
#3381 = DIRECTION ( 'NONE',  ( 0.000000000000000000, 0.000000000000000000, -1.000000000000000000 ) ) ;
#3382 = CARTESIAN_POINT ( 'NONE',  ( 50.00000000000000000, 3.000000000000000000, 62.49999999999999289 ) ) ;
#3383 = CARTESIAN_POINT ( 'NONE',  ( -31.99999999999999289, -12.00000000000000000, 14.77499999999999858 ) ) ;
#3384 = VERTEX_POINT ( 'NONE', #1986 ) ;
#3385 = VERTEX_POINT ( 'NONE', #2429 ) ;
#3386 = LINE ( 'NONE', #2208, #2060 ) ;
#3387 = DIRECTION ( 'NONE',  ( 0.000000000000000000, 0.000000000000000000, -1.000000000000000000 ) ) ;
#3388 = CARTESIAN_POINT ( 'NONE',  ( -37.00000000000000000, -12.00000000000000000, 14.77499999999999858 ) ) ;
#3389 = FACE_OUTER_BOUND ( 'NONE', #5128, .T. ) ;
#3390 = VERTEX_POINT ( 'NONE', #2015 ) ;
#3391 = PLANE ( 'NONE',  #2322 ) ;
#3392 = DIRECTION ( 'NONE',  ( -0.000000000000000000, 1.000000000000000000, -0.000000000000000000 ) ) ;
#3393 = CARTESIAN_POINT ( 'NONE',  ( 32.00000000000000000, -61.41999999999998749, 14.77499999999999858 ) ) ;
#3394 = EDGE_CURVE ( 'NONE', #3403, #3931, #1151, .T. ) ;
#3395 = ADVANCED_FACE ( 'NONE', ( #4042 ), #4846, .F. ) ;
#3396 = AXIS2_PLACEMENT_3D ( 'NONE', #1131, #2725, #1573 ) ;
#3397 = CARTESIAN_POINT ( 'NONE',  ( -2.220446049250307527E-13, -75.00000000000000000, 39.99999999999987921 ) ) ;
#3398 = CIRCLE ( 'NONE', #1146, 2.149999999999999023 ) ;
#3399 = CYLINDRICAL_SURFACE ( 'NONE', #4697, 2.149999999999999023 ) ;
#3400 = ORIENTED_EDGE ( 'NONE', *, *, #2573, .T. ) ;
#3401 = ORIENTED_EDGE ( 'NONE', *, *, #2541, .F. ) ;
#3402 = DIRECTION ( 'NONE',  ( 0.000000000000000000, -1.000000000000000000, 0.000000000000000000 ) ) ;
#3403 = VERTEX_POINT ( 'NONE', #3542 ) ;
#3404 = DIRECTION ( 'NONE',  ( 0.000000000000000000, 0.000000000000000000, 1.000000000000000000 ) ) ;
#3405 = ADVANCED_FACE ( 'NONE', ( #2749 ), #1251, .F. ) ;
#3406 = CARTESIAN_POINT ( 'NONE',  ( 27.75000000000000000, 0.000000000000000000, -33.99999999999999289 ) ) ;
#3407 = CARTESIAN_POINT ( 'NONE',  ( 12.49999999999999645, 3.000000000000000000, -13.30000000000000249 ) ) ;
#3408 = AXIS2_PLACEMENT_3D ( 'NONE', #4938, #3767, #2533 ) ;
#3409 = CARTESIAN_POINT ( 'NONE',  ( 46.00000000000002132, -61.42000000000003013, -39.62499999999996447 ) ) ;
#3410 = ORIENTED_EDGE ( 'NONE', *, *, #5044, .F. ) ;
#3411 = VERTEX_POINT ( 'NONE', #2779 ) ;
#3412 = DIRECTION ( 'NONE',  ( 5.551115123125785858E-15, 0.000000000000000000, 1.000000000000000000 ) ) ;
#3413 = DIRECTION ( 'NONE',  ( 0.000000000000000000, -1.000000000000000000, 0.000000000000000000 ) ) ;
#3414 = VECTOR ( 'NONE', #1887, 1000.000000000000000 ) ;
#3415 = CARTESIAN_POINT ( 'NONE',  ( 0.000000000000000000, 0.000000000000000000, -14.99999999999999645 ) ) ;
#3416 = EDGE_LOOP ( 'NONE', ( #3358, #4252 ) ) ;
#3417 = VECTOR ( 'NONE', #1427, 1000.000000000000000 ) ;
#3418 = DIRECTION ( 'NONE',  ( 0.000000000000000000, -1.000000000000000000, 0.000000000000000000 ) ) ;
#3419 = LINE ( 'NONE', #5020, #4613 ) ;
#3420 = AXIS2_PLACEMENT_3D ( 'NONE', #1294, #2897, #796 ) ;
#3421 = DIRECTION ( 'NONE',  ( 0.000000000000000000, 0.000000000000000000, -1.000000000000000000 ) ) ;
#3422 = EDGE_LOOP ( 'NONE', ( #4834, #1085 ) ) ;
#3423 = FACE_OUTER_BOUND ( 'NONE', #342, .T. ) ;
#3424 = EDGE_CURVE ( 'NONE', #5065, #3411, #4412, .T. ) ;
#3425 = FACE_OUTER_BOUND ( 'NONE', #3484, .T. ) ;
#3426 = EDGE_CURVE ( 'NONE', #3333, #3029, #4017, .T. ) ;
#3427 = CARTESIAN_POINT ( 'NONE',  ( 37.00000000000000000, -61.41999999999998749, 17.02499999999999858 ) ) ;
#3428 = DIRECTION ( 'NONE',  ( 0.000000000000000000, 0.000000000000000000, -1.000000000000000000 ) ) ;
#3429 = EDGE_LOOP ( 'NONE', ( #195, #2476 ) ) ;
#3430 = ORIENTED_EDGE ( 'NONE', *, *, #4082, .T. ) ;
#3431 = CARTESIAN_POINT ( 'NONE',  ( 0.000000000000000000, 3.000000000000000000, 0.000000000000000000 ) ) ;
#3432 = VERTEX_POINT ( 'NONE', #1180 ) ;
#3433 = CARTESIAN_POINT ( 'NONE',  ( -20.00000000000000000, 3.000000000000000000, 15.00000000000000355 ) ) ;
#3434 = EDGE_CURVE ( 'NONE', #4425, #1181, #4353, .T. ) ;
#3435 = VECTOR ( 'NONE', #394, 1000.000000000000000 ) ;
#3436 = CARTESIAN_POINT ( 'NONE',  ( 37.00000000000000000, -12.00000000000000000, -37.47499999999999432 ) ) ;
#3437 = EDGE_CURVE ( 'NONE', #2475, #2444, #3162, .T. ) ;
#3438 = FACE_BOUND ( 'NONE', #4879, .T. ) ;
#3439 = EDGE_CURVE ( 'NONE', #623, #304, #3262, .T. ) ;
#3440 = CIRCLE ( 'NONE', #3185, 1.700000000000000178 ) ;
#3441 = ORIENTED_EDGE ( 'NONE', *, *, #1422, .F. ) ;
#3442 = ORIENTED_EDGE ( 'NONE', *, *, #2772, .T. ) ;
#3443 = VECTOR ( 'NONE', #1638, 1000.000000000000000 ) ;
#3444 = CARTESIAN_POINT ( 'NONE',  ( -37.00000000000000000, -75.00000000000009948, 39.99999999999997868 ) ) ;
#3445 = DIRECTION ( 'NONE',  ( 0.000000000000000000, 0.000000000000000000, -1.000000000000000000 ) ) ;
#3446 =( GEOMETRIC_REPRESENTATION_CONTEXT ( 3 ) GLOBAL_UNCERTAINTY_ASSIGNED_CONTEXT ( ( #2204 ) ) GLOBAL_UNIT_ASSIGNED_CONTEXT ( ( #3293, #2538, #880 ) ) REPRESENTATION_CONTEXT ( 'NONE', 'WORKASPACE' ) );
#3447 = CIRCLE ( 'NONE', #1760, 2.300000000000010481 ) ;
#3448 = DIRECTION ( 'NONE',  ( 0.000000000000000000, -1.000000000000000000, 0.000000000000000000 ) ) ;
#3449 = VERTEX_POINT ( 'NONE', #1650 ) ;
#3450 = EDGE_CURVE ( 'NONE', #4362, #2961, #3, .T. ) ;
#3451 = DIRECTION ( 'NONE',  ( -0.000000000000000000, 1.000000000000000000, -0.000000000000000000 ) ) ;
#3452 = LINE ( 'NONE', #2214, #1004 ) ;
#3453 = VECTOR ( 'NONE', #1, 1000.000000000000000 ) ;
#3454 = CIRCLE ( 'NONE', #3622, 1.700000000000000178 ) ;
#3455 = DIRECTION ( 'NONE',  ( 0.000000000000000000, 0.000000000000000000, -1.000000000000000000 ) ) ;
#3456 = ORIENTED_EDGE ( 'NONE', *, *, #3706, .T. ) ;
#3457 = CIRCLE ( 'NONE', #436, 2.149999999999999023 ) ;
#3458 = AXIS2_PLACEMENT_3D ( 'NONE', #2495, #3284, #4888 ) ;
#3459 = FACE_BOUND ( 'NONE', #4976, .T. ) ;
#3460 = AXIS2_PLACEMENT_3D ( 'NONE', #3000, #136, #2934 ) ;
#3461 = DIRECTION ( 'NONE',  ( -0.000000000000000000, 0.000000000000000000, 1.000000000000000000 ) ) ;
#3462 = EDGE_LOOP ( 'NONE', ( #3217, #4686 ) ) ;
#3463 = DIRECTION ( 'NONE',  ( 3.925231146709446471E-15, -0.7071067811865463515, -0.7071067811865486830 ) ) ;
#3464 = ORIENTED_EDGE ( 'NONE', *, *, #113, .F. ) ;
#3465 = CARTESIAN_POINT ( 'NONE',  ( 47.99999999999999289, -12.00000000000000000, 12.52499999999999858 ) ) ;
#3466 = DIRECTION ( 'NONE',  ( -1.000000000000000000, 0.000000000000000000, 0.000000000000000000 ) ) ;
#3467 = LINE ( 'NONE', #2624, #4173 ) ;
#3468 = EDGE_LOOP ( 'NONE', ( #4668, #5141 ) ) ;
#3469 = EDGE_CURVE ( 'NONE', #2324, #5039, #341, .T. ) ;
#3470 = EDGE_LOOP ( 'NONE', ( #3190, #2889, #2709, #4954 ) ) ;
#3471 = DIRECTION ( 'NONE',  ( 5.551115123125785858E-15, 0.000000000000000000, 1.000000000000000000 ) ) ;
#3472 = FACE_OUTER_BOUND ( 'NONE', #5164, .T. ) ;
#3473 = EDGE_CURVE ( 'NONE', #3948, #2055, #3088, .T. ) ;
#3474 = ADVANCED_FACE ( 'NONE', ( #2481 ), #5050, .F. ) ;
#3475 = CARTESIAN_POINT ( 'NONE',  ( -32.00000000000000000, -75.00000000000000000, -49.99999999999997158 ) ) ;
#3476 = ORIENTED_EDGE ( 'NONE', *, *, #2671, .T. ) ;
#3477 = CARTESIAN_POINT ( 'NONE',  ( 37.00000000000000000, -12.00000000000000000, -4.924999999999999822 ) ) ;
#3478 = LINE ( 'NONE', #2340, #2347 ) ;
#3479 = EDGE_CURVE ( 'NONE', #2649, #3987, #3452, .T. ) ;
#3480 = DIRECTION ( 'NONE',  ( 0.000000000000000000, 0.000000000000000000, 1.000000000000000000 ) ) ;
#3481 = EDGE_LOOP ( 'NONE', ( #5156, #2559 ) ) ;
#3482 = DIRECTION ( 'NONE',  ( 1.000000000000000000, 0.000000000000000000, 5.551115123125785858E-15 ) ) ;
#3483 = CARTESIAN_POINT ( 'NONE',  ( -32.00000000000000000, -75.00000000000000000, 50.00000000000003553 ) ) ;
#3484 = EDGE_LOOP ( 'NONE', ( #4411, #2414, #4251, #135 ) ) ;
#3485 = CIRCLE ( 'NONE', #62, 2.250000000000001776 ) ;
#3486 = EDGE_LOOP ( 'NONE', ( #1145, #416, #2545, #4002 ) ) ;
#3487 = DIRECTION ( 'NONE',  ( 0.000000000000000000, -0.7071067811865483499, -0.7071067811865466846 ) ) ;
#3488 = VERTEX_POINT ( 'NONE', #1392 ) ;
#3489 = VERTEX_POINT ( 'NONE', #1455 ) ;
#3490 = CARTESIAN_POINT ( 'NONE',  ( -50.00000000000000000, 3.000000000000000000, 62.49999999999999289 ) ) ;
#3491 = AXIS2_PLACEMENT_3D ( 'NONE', #3786, #2255, #197 ) ;
#3492 = CARTESIAN_POINT ( 'NONE',  ( 32.00000000000000000, -61.41999999999998749, -12.52499999999999680 ) ) ;
#3493 = DIRECTION ( 'NONE',  ( 0.000000000000000000, 0.000000000000000000, 1.000000000000000000 ) ) ;
#3494 = ORIENTED_EDGE ( 'NONE', *, *, #1794, .T. ) ;
#3495 = VERTEX_POINT ( 'NONE', #3042 ) ;
#3496 = ORIENTED_EDGE ( 'NONE', *, *, #4414, .F. ) ;
#3497 = PLANE ( 'NONE',  #4044 ) ;
#3498 = CARTESIAN_POINT ( 'NONE',  ( -27.75000000000000000, 3.000000000000000000, -52.79999999999999005 ) ) ;
#3499 = ADVANCED_FACE ( 'NONE', ( #2237 ), #4067, .F. ) ;
#3500 = ORIENTED_EDGE ( 'NONE', *, *, #1792, .F. ) ;
#3501 = CARTESIAN_POINT ( 'NONE',  ( -37.00000000000000000, -61.41999999999998749, -12.52499999999999680 ) ) ;
#3502 = DIRECTION ( 'NONE',  ( 0.000000000000000000, 0.000000000000000000, 1.000000000000000000 ) ) ;
#3503 = AXIS2_PLACEMENT_3D ( 'NONE', #4056, #3204, #4005 ) ;
#3504 = LINE ( 'NONE', #1929, #5187 ) ;
#3505 = VECTOR ( 'NONE', #3270, 1000.000000000000000 ) ;
#3506 = EDGE_CURVE ( 'NONE', #324, #3449, #3694, .T. ) ;
#3507 = ORIENTED_EDGE ( 'NONE', *, *, #1285, .T. ) ;
#3508 = DIRECTION ( 'NONE',  ( 0.000000000000000000, 0.000000000000000000, 1.000000000000000000 ) ) ;
#3509 = AXIS2_PLACEMENT_3D ( 'NONE', #2293, #3095, #3557 ) ;
#3510 = DIRECTION ( 'NONE',  ( 0.000000000000000000, 0.000000000000000000, 1.000000000000000000 ) ) ;
#3511 = CARTESIAN_POINT ( 'NONE',  ( -37.00000000000000000, -61.42000000000003013, -37.47499999999996589 ) ) ;
#3512 = ORIENTED_EDGE ( 'NONE', *, *, #3235, .T. ) ;
#3513 = EDGE_LOOP ( 'NONE', ( #4496, #5100 ) ) ;
#3514 = CARTESIAN_POINT ( 'NONE',  ( -43.99999999999975131, 0.000000000000000000, -26.49999999999998934 ) ) ;
#3515 = ORIENTED_EDGE ( 'NONE', *, *, #588, .T. ) ;
#3516 = EDGE_LOOP ( 'NONE', ( #4488, #3572, #400, #4257 ) ) ;
#3517 = CARTESIAN_POINT ( 'NONE',  ( -12.50000000000000355, -80.00000000000001421, 15.00000000000000000 ) ) ;
#3518 = DIRECTION ( 'NONE',  ( 0.000000000000000000, -1.000000000000000000, 0.000000000000000000 ) ) ;
#3519 = FACE_BOUND ( 'NONE', #1188, .T. ) ;
#3520 = ORIENTED_EDGE ( 'NONE', *, *, #4381, .F. ) ;
#3521 = ORIENTED_EDGE ( 'NONE', *, *, #3370, .F. ) ;
#3522 = EDGE_LOOP ( 'NONE', ( #4133, #1162, #5124, #1289, #3105, #1987, #4147, #3549, #515, #4202, #473, #1169, #4317 ) ) ;
#3523 = CYLINDRICAL_SURFACE ( 'NONE', #1695, 15.00000000000000000 ) ;
#3524 = VECTOR ( 'NONE', #2379, 1000.000000000000000 ) ;
#3525 = FACE_OUTER_BOUND ( 'NONE', #4860, .T. ) ;
#3526 = CIRCLE ( 'NONE', #3621, 2.249999999999999556 ) ;
#3527 = ORIENTED_EDGE ( 'NONE', *, *, #3610, .F. ) ;
#3528 = CARTESIAN_POINT ( 'NONE',  ( 37.00000000000000000, -61.42000000000003013, -39.62499999999996447 ) ) ;
#3529 = CARTESIAN_POINT ( 'NONE',  ( -12.50000000000000355, 0.000000000000000000, -13.29999999999999893 ) ) ;
#3530 = CIRCLE ( 'NONE', #3613, 2.250000000000000000 ) ;
#3531 = CARTESIAN_POINT ( 'NONE',  ( -31.99999999999999289, -61.42000000000003013, -37.47499999999996589 ) ) ;
#3532 = VERTEX_POINT ( 'NONE', #2584 ) ;
#3533 = CIRCLE ( 'NONE', #3707, 1.700000000000000178 ) ;
#3534 = EDGE_CURVE ( 'NONE', #4952, #2386, #3690, .T. ) ;
#3535 = DIRECTION ( 'NONE',  ( 0.000000000000000000, 0.000000000000000000, 1.000000000000000000 ) ) ;
#3536 = ADVANCED_FACE ( 'NONE', ( #3668 ), #1817, .F. ) ;
#3537 = EDGE_CURVE ( 'NONE', #1591, #3206, #978, .T. ) ;
#3538 = CIRCLE ( 'NONE', #3710, 2.250000000000000444 ) ;
#3539 = VECTOR ( 'NONE', #3892, 1000.000000000000000 ) ;
#3540 = CARTESIAN_POINT ( 'NONE',  ( -37.00000000000000000, 0.000000000000000000, -49.99999999999994316 ) ) ;
#3541 = VERTEX_POINT ( 'NONE', #3847 ) ;
#3542 = CARTESIAN_POINT ( 'NONE',  ( 30.00000000000000355, 0.000000000000000000, -14.99999999999999645 ) ) ;
#3543 = ORIENTED_EDGE ( 'NONE', *, *, #1293, .T. ) ;
#3544 = ORIENTED_EDGE ( 'NONE', *, *, #2151, .T. ) ;
#3545 = DIRECTION ( 'NONE',  ( 1.000000000000000000, 0.000000000000000000, -0.000000000000000000 ) ) ;
#3546 = DIRECTION ( 'NONE',  ( -0.000000000000000000, 1.000000000000000000, -0.000000000000000000 ) ) ;
#3547 = DIRECTION ( 'NONE',  ( 0.000000000000000000, -1.000000000000000000, 0.000000000000000000 ) ) ;
#3548 = ORIENTED_EDGE ( 'NONE', *, *, #516, .T. ) ;
#3549 = ORIENTED_EDGE ( 'NONE', *, *, #1765, .T. ) ;
#3550 = ORIENTED_EDGE ( 'NONE', *, *, #4528, .T. ) ;
#3551 = CARTESIAN_POINT ( 'NONE',  ( 27.75000000000000000, -22.00000000000000355, -33.99999999999999289 ) ) ;
#3552 = CARTESIAN_POINT ( 'NONE',  ( 47.99999999999999289, -12.00000000000000000, -14.77499999999999858 ) ) ;
#3553 = ORIENTED_EDGE ( 'NONE', *, *, #2027, .F. ) ;
#3554 = DIRECTION ( 'NONE',  ( -1.000000000000000000, 0.000000000000000000, 0.000000000000000000 ) ) ;
#3555 = DIRECTION ( 'NONE',  ( 0.000000000000000000, -1.000000000000000000, 0.000000000000000000 ) ) ;
#3556 = AXIS2_PLACEMENT_3D ( 'NONE', #3901, #4577, #1031 ) ;
#3557 = DIRECTION ( 'NONE',  ( 0.000000000000000000, 0.000000000000000000, -1.000000000000000000 ) ) ;
#3558 = LINE ( 'NONE', #5162, #4040 ) ;
#3559 = EDGE_CURVE ( 'NONE', #315, #4809, #4870, .T. ) ;
#3560 = ADVANCED_FACE ( 'NONE', ( #3366 ), #4970, .F. ) ;
#3561 = ORIENTED_EDGE ( 'NONE', *, *, #3660, .F. ) ;
#3562 = CARTESIAN_POINT ( 'NONE',  ( 47.99999999999999289, -12.00000000000000000, 17.02499999999999858 ) ) ;
#3563 = LINE ( 'NONE', #1824, #1227 ) ;
#3564 = VERTEX_POINT ( 'NONE', #2966 ) ;
#3565 = ORIENTED_EDGE ( 'NONE', *, *, #3439, .F. ) ;
#3566 = CARTESIAN_POINT ( 'NONE',  ( 67.99999999999997158, -16.00000000000000000, 48.30000000000003979 ) ) ;
#3567 = CYLINDRICAL_SURFACE ( 'NONE', #4706, 2.250000000000000444 ) ;
#3568 = FACE_OUTER_BOUND ( 'NONE', #2764, .T. ) ;
#3569 = EDGE_CURVE ( 'NONE', #1490, #4108, #1032, .T. ) ;
#3570 = EDGE_LOOP ( 'NONE', ( #345, #4758, #514, #2361 ) ) ;
#3571 = VERTEX_POINT ( 'NONE', #1275 ) ;
#3572 = ORIENTED_EDGE ( 'NONE', *, *, #2122, .F. ) ;
#3573 = DIRECTION ( 'NONE',  ( -5.551115123125785858E-15, 0.000000000000000000, -1.000000000000000000 ) ) ;
#3574 = AXIS2_PLACEMENT_3D ( 'NONE', #150, #1271, #2875 ) ;
#3575 = DIRECTION ( 'NONE',  ( 0.000000000000000000, 0.000000000000000000, -1.000000000000000000 ) ) ;
#3576 = ORIENTED_EDGE ( 'NONE', *, *, #1256, .T. ) ;
#3577 = CARTESIAN_POINT ( 'NONE',  ( 27.75000000000000000, 3.000000000000000000, -54.49999999999999289 ) ) ;
#3578 = LINE ( 'NONE', #4315, #2098 ) ;
#3579 = CYLINDRICAL_SURFACE ( 'NONE', #3509, 1.700000000000000178 ) ;
#3580 = ORIENTED_EDGE ( 'NONE', *, *, #4914, .T. ) ;
#3581 = ORIENTED_EDGE ( 'NONE', *, *, #1201, .T. ) ;
#3582 = AXIS2_PLACEMENT_3D ( 'NONE', #3631, #2390, #405 ) ;
#3583 = CARTESIAN_POINT ( 'NONE',  ( 20.00000000000000000, -81.99999999999998579, -14.99999999999999645 ) ) ;
#3584 = FACE_BOUND ( 'NONE', #694, .T. ) ;
#3585 = AXIS2_PLACEMENT_3D ( 'NONE', #2672, #2702, #1865 ) ;
#3586 = ORIENTED_EDGE ( 'NONE', *, *, #3825, .F. ) ;
#3587 = DIRECTION ( 'NONE',  ( 0.000000000000000000, 0.000000000000000000, -1.000000000000000000 ) ) ;
#3588 = AXIS2_PLACEMENT_3D ( 'NONE', #229, #465, #110 ) ;
#3589 = ORIENTED_EDGE ( 'NONE', *, *, #2852, .T. ) ;
#3590 = DIRECTION ( 'NONE',  ( -1.000000000000000000, -0.000000000000000000, -0.000000000000000000 ) ) ;
#3591 = CARTESIAN_POINT ( 'NONE',  ( 44.00000000000000711, 0.000000000000000000, -52.19999999999998863 ) ) ;
#3592 = CARTESIAN_POINT ( 'NONE',  ( -31.99999999999999289, -61.42000000000000171, 4.925000000000514078 ) ) ;
#3593 = DIRECTION ( 'NONE',  ( 0.000000000000000000, -1.000000000000000000, 0.000000000000000000 ) ) ;
#3594 = EDGE_LOOP ( 'NONE', ( #1951, #1444, #1094, #1947 ) ) ;
#3595 = EDGE_LOOP ( 'NONE', ( #2519, #554, #654, #1364 ) ) ;
#3596 = VERTEX_POINT ( 'NONE', #4578 ) ;
#3597 = CARTESIAN_POINT ( 'NONE',  ( 27.75000000000000000, -22.00000000000000355, 37.39999999999999858 ) ) ;
#3598 = EDGE_CURVE ( 'NONE', #1223, #2574, #2877, .T. ) ;
#3599 = ADVANCED_FACE ( 'NONE', ( #203 ), #882, .F. ) ;
#3600 = EDGE_CURVE ( 'NONE', #3830, #4752, #2013, .T. ) ;
#3601 = CARTESIAN_POINT ( 'NONE',  ( 27.75000000000000000, 0.000000000000000000, 52.79999999999999005 ) ) ;
#3602 = VERTEX_POINT ( 'NONE', #227 ) ;
#3603 = DIRECTION ( 'NONE',  ( 0.000000000000000000, 0.000000000000000000, 1.000000000000000000 ) ) ;
#3604 = AXIS2_PLACEMENT_3D ( 'NONE', #820, #2710, #4786 ) ;
#3605 = CARTESIAN_POINT ( 'NONE',  ( -27.75000000000000000, 0.000000000000000000, -35.69999999999999574 ) ) ;
#3606 = CARTESIAN_POINT ( 'NONE',  ( 46.00000000000002132, -12.00000000000000000, -39.62499999999999289 ) ) ;
#3607 = CARTESIAN_POINT ( 'NONE',  ( 37.00000000000000000, -61.41999999999998749, -14.77499999999999858 ) ) ;
#3608 = CIRCLE ( 'NONE', #2521, 1.700000000000000178 ) ;
#3609 = LINE ( 'NONE', #27, #3848 ) ;
#3610 = EDGE_CURVE ( 'NONE', #3532, #89, #3419, .T. ) ;
#3611 = EDGE_LOOP ( 'NONE', ( #1611, #4571, #3277, #3456 ) ) ;
#3612 = ORIENTED_EDGE ( 'NONE', *, *, #4850, .T. ) ;
#3613 = AXIS2_PLACEMENT_3D ( 'NONE', #592, #2144, #1302 ) ;
#3614 = DIRECTION ( 'NONE',  ( 0.000000000000000000, 0.000000000000000000, 1.000000000000000000 ) ) ;
#3615 = CARTESIAN_POINT ( 'NONE',  ( -43.99999999999975131, 3.000000000000000000, -28.19999999999998863 ) ) ;
#3616 = VECTOR ( 'NONE', #2746, 1000.000000000000000 ) ;
#3617 = VECTOR ( 'NONE', #2482, 1000.000000000000000 ) ;
#3618 = ORIENTED_EDGE ( 'NONE', *, *, #834, .F. ) ;
#3619 = DIRECTION ( 'NONE',  ( 0.000000000000000000, 0.000000000000000000, 1.000000000000000000 ) ) ;
#3620 = LINE ( 'NONE', #3566, #526 ) ;
#3621 = AXIS2_PLACEMENT_3D ( 'NONE', #4520, #1785, #4230 ) ;
#3622 = AXIS2_PLACEMENT_3D ( 'NONE', #2383, #3623, #3166 ) ;
#3623 = DIRECTION ( 'NONE',  ( 0.000000000000000000, -1.000000000000000000, 0.000000000000000000 ) ) ;
#3624 = CARTESIAN_POINT ( 'NONE',  ( 43.99999999999975131, 10.00000000000000000, -28.19999999999998863 ) ) ;
#3625 = ORIENTED_EDGE ( 'NONE', *, *, #4236, .T. ) ;
#3626 = ORIENTED_EDGE ( 'NONE', *, *, #805, .F. ) ;
#3627 = AXIS2_PLACEMENT_3D ( 'NONE', #550, #2522, #1708 ) ;
#3628 = VERTEX_POINT ( 'NONE', #3018 ) ;
#3629 = CARTESIAN_POINT ( 'NONE',  ( 46.00000000000002132, -61.42000000000001592, -26.77499999999999503 ) ) ;
#3630 = CIRCLE ( 'NONE', #3367, 1.700000000000000178 ) ;
#3631 = CARTESIAN_POINT ( 'NONE',  ( 27.75000000000000000, 3.000000000000000000, -54.49999999999999289 ) ) ;
#3632 = EDGE_CURVE ( 'NONE', #752, #751, #4527, .T. ) ;
#3633 = EDGE_LOOP ( 'NONE', ( #4396, #1179, #1353, #3346 ) ) ;
#3634 = VERTEX_POINT ( 'NONE', #3529 ) ;
#3635 = EDGE_CURVE ( 'NONE', #3432, #3948, #283, .T. ) ;
#3636 = DIRECTION ( 'NONE',  ( -0.000000000000000000, -1.000000000000000000, -0.000000000000000000 ) ) ;
#3637 = DIRECTION ( 'NONE',  ( -1.000000000000000000, 0.000000000000000000, 0.000000000000000000 ) ) ;
#3638 = DIRECTION ( 'NONE',  ( 0.000000000000000000, 0.000000000000000000, -1.000000000000000000 ) ) ;
#3639 = ORIENTED_EDGE ( 'NONE', *, *, #2159, .F. ) ;
#3640 = ORIENTED_EDGE ( 'NONE', *, *, #4583, .F. ) ;
#3641 = EDGE_CURVE ( 'NONE', #2794, #2925, #1426, .T. ) ;
#3642 = PRODUCT ( '\X2\65b0\X0\plat', '\X2\65b0\X0\plat', '', ( #4215 ) ) ;
#3643 = CARTESIAN_POINT ( 'NONE',  ( 37.00000000000000000, -51.00000000000000711, 46.00000000000004263 ) ) ;
#3644 = VERTEX_POINT ( 'NONE', #2767 ) ;
#3645 = DIRECTION ( 'NONE',  ( -0.000000000000000000, -1.000000000000000000, -0.000000000000000000 ) ) ;
#3646 = DIRECTION ( 'NONE',  ( 0.000000000000000000, 0.000000000000000000, -1.000000000000000000 ) ) ;
#3647 = DIRECTION ( 'NONE',  ( 0.000000000000000000, 0.000000000000000000, 1.000000000000000000 ) ) ;
#3648 = CARTESIAN_POINT ( 'NONE',  ( -12.50000000000000355, 3.000000000000000000, 15.00000000000000000 ) ) ;
#3649 = VERTEX_POINT ( 'NONE', #1980 ) ;
#3650 = VERTEX_POINT ( 'NONE', #3925 ) ;
#3651 = VERTEX_POINT ( 'NONE', #333 ) ;
#3652 = CYLINDRICAL_SURFACE ( 'NONE', #682, 2.149999999999999023 ) ;
#3653 = LINE ( 'NONE', #893, #2743 ) ;
#3654 = VERTEX_POINT ( 'NONE', #1925 ) ;
#3655 = ORIENTED_EDGE ( 'NONE', *, *, #3856, .F. ) ;
#3656 = CIRCLE ( 'NONE', #1382, 2.250000000000000444 ) ;
#3657 = DIRECTION ( 'NONE',  ( -1.000000000000000000, 0.000000000000000000, 5.551115123125785858E-15 ) ) ;
#3658 = FACE_OUTER_BOUND ( 'NONE', #2319, .T. ) ;
#3659 = EDGE_CURVE ( 'NONE', #2527, #4120, #927, .T. ) ;
#3660 = EDGE_CURVE ( 'NONE', #3411, #1453, #3952, .T. ) ;
#3661 = VECTOR ( 'NONE', #2941, 1000.000000000000000 ) ;
#3662 = CARTESIAN_POINT ( 'NONE',  ( 50.00000000000000000, 0.000000000000000000, 62.49999999999999289 ) ) ;
#3663 = CARTESIAN_POINT ( 'NONE',  ( 32.00000000000000000, 0.000000000000000000, 50.00000000000003553 ) ) ;
#3664 = EDGE_CURVE ( 'NONE', #1021, #3378, #426, .T. ) ;
#3665 = EDGE_CURVE ( 'NONE', #2925, #2794, #4864, .T. ) ;
#3666 = EDGE_CURVE ( 'NONE', #1462, #1385, #1756, .T. ) ;
#3667 = AXIS2_PLACEMENT_3D ( 'NONE', #1261, #4831, #4423 ) ;
#3668 = FACE_OUTER_BOUND ( 'NONE', #4031, .T. ) ;
#3669 = DIRECTION ( 'NONE',  ( 0.000000000000000000, 0.000000000000000000, 1.000000000000000000 ) ) ;
#3670 = AXIS2_PLACEMENT_3D ( 'NONE', #2583, #250, #4184 ) ;
#3671 = CARTESIAN_POINT ( 'NONE',  ( -32.00000000000000000, -75.00000000000000000, -49.99999999999997158 ) ) ;
#3672 = CARTESIAN_POINT ( 'NONE',  ( 37.00000000000000000, -16.00000000000000000, 20.00000000000000355 ) ) ;
#3673 = EDGE_CURVE ( 'NONE', #393, #697, #1260, .T. ) ;
#3674 = AXIS2_PLACEMENT_3D ( 'NONE', #3709, #530, #1309 ) ;
#3675 = AXIS2_PLACEMENT_3D ( 'NONE', #896, #474, #4155 ) ;
#3676 = ORIENTED_EDGE ( 'NONE', *, *, #778, .F. ) ;
#3677 = ORIENTED_EDGE ( 'NONE', *, *, #1407, .T. ) ;
#3678 = LINE ( 'NONE', #3225, #277 ) ;
#3679 = VECTOR ( 'NONE', #1538, 1000.000000000000000 ) ;
#3680 = FACE_OUTER_BOUND ( 'NONE', #1379, .T. ) ;
#3681 = CARTESIAN_POINT ( 'NONE',  ( 27.75000000000000000, 3.000000000000000000, -37.39999999999999858 ) ) ;
#3682 = ORIENTED_EDGE ( 'NONE', *, *, #5035, .F. ) ;
#3683 = ORIENTED_EDGE ( 'NONE', *, *, #1759, .F. ) ;
#3684 = CYLINDRICAL_SURFACE ( 'NONE', #1143, 1.700000000000000178 ) ;
#3685 = DIRECTION ( 'NONE',  ( -0.000000000000000000, -1.000000000000000000, -0.000000000000000000 ) ) ;
#3686 = CARTESIAN_POINT ( 'NONE',  ( -32.00000000000000000, 0.000000000000000000, -49.99999999999997158 ) ) ;
#3687 = DIRECTION ( 'NONE',  ( -1.000000000000000000, -0.000000000000000000, -0.000000000000000000 ) ) ;
#3688 = ORIENTED_EDGE ( 'NONE', *, *, #2797, .F. ) ;
#3689 = DIRECTION ( 'NONE',  ( -0.000000000000000000, 1.000000000000000000, -0.000000000000000000 ) ) ;
#3690 = CIRCLE ( 'NONE', #1675, 2.250000000000000000 ) ;
#3691 = EDGE_CURVE ( 'NONE', #1723, #2925, #3578, .T. ) ;
#3692 = VECTOR ( 'NONE', #3685, 1000.000000000000000 ) ;
#3693 = ORIENTED_EDGE ( 'NONE', *, *, #2402, .F. ) ;
#3694 = LINE ( 'NONE', #463, #5024 ) ;
#3695 = EDGE_CURVE ( 'NONE', #2428, #942, #1900, .T. ) ;
#3696 = DIRECTION ( 'NONE',  ( -1.000000000000000000, 0.000000000000000000, 0.000000000000000000 ) ) ;
#3697 = EDGE_CURVE ( 'NONE', #3532, #3634, #4368, .T. ) ;
#3698 = AXIS2_PLACEMENT_3D ( 'NONE', #3828, #2350, #3133 ) ;
#3699 = DIRECTION ( 'NONE',  ( 0.000000000000000000, -1.000000000000000000, 0.000000000000000000 ) ) ;
#3700 = CARTESIAN_POINT ( 'NONE',  ( 32.00000000000000000, -12.00000000000000000, -14.77499999999999858 ) ) ;
#3701 = VERTEX_POINT ( 'NONE', #5159 ) ;
#3702 = DIRECTION ( 'NONE',  ( -3.925231146709439371E-15, 0.7071067811865475727, 0.7071067811865474617 ) ) ;
#3703 = ORIENTED_EDGE ( 'NONE', *, *, #2021, .T. ) ;
#3704 = ORIENTED_EDGE ( 'NONE', *, *, #1347, .F. ) ;
#3705 = DIRECTION ( 'NONE',  ( -0.000000000000000000, 1.000000000000000000, -0.000000000000000000 ) ) ;
#3706 = EDGE_CURVE ( 'NONE', #3654, #3085, #3093, .T. ) ;
#3707 = AXIS2_PLACEMENT_3D ( 'NONE', #4065, #852, #3614 ) ;
#3708 = DIRECTION ( 'NONE',  ( -1.000000000000000000, 0.000000000000000000, 0.000000000000000000 ) ) ;
#3709 = CARTESIAN_POINT ( 'NONE',  ( -37.00000000000000000, -12.00000000000000000, -39.62499999999999289 ) ) ;
#3710 = AXIS2_PLACEMENT_3D ( 'NONE', #4179, #4135, #1025 ) ;
#3711 = AXIS2_PLACEMENT_3D ( 'NONE', #2099, #3708, #2129 ) ;
#3712 = DIRECTION ( 'NONE',  ( 0.000000000000000000, 0.000000000000000000, 1.000000000000000000 ) ) ;
#3713 = EDGE_LOOP ( 'NONE', ( #4669, #142, #922, #3223 ) ) ;
#3714 = ORIENTED_EDGE ( 'NONE', *, *, #4592, .T. ) ;
#3715 = DIRECTION ( 'NONE',  ( 0.000000000000000000, 0.000000000000000000, 1.000000000000000000 ) ) ;
#3716 = DIRECTION ( 'NONE',  ( 0.000000000000000000, 0.000000000000000000, -1.000000000000000000 ) ) ;
#3717 = CIRCLE ( 'NONE', #3203, 1.700000000000000178 ) ;
#3718 = DIRECTION ( 'NONE',  ( -1.000000000000000000, 0.000000000000000000, 0.000000000000000000 ) ) ;
#3719 = ORIENTED_EDGE ( 'NONE', *, *, #3695, .T. ) ;
#3720 = DIRECTION ( 'NONE',  ( -0.000000000000000000, -1.000000000000000000, -0.000000000000000000 ) ) ;
#3721 = CARTESIAN_POINT ( 'NONE',  ( 47.99999999999999289, -12.00000000000000000, -2.674999999999999822 ) ) ;
#3722 = FACE_BOUND ( 'NONE', #1546, .T. ) ;
#3723 = ADVANCED_FACE ( 'NONE', ( #3985 ), #1140, .F. ) ;
#3724 = LINE ( 'NONE', #1848, #3764 ) ;
#3725 = EDGE_CURVE ( 'NONE', #2706, #3495, #3263, .T. ) ;
#3726 = DIRECTION ( 'NONE',  ( -1.000000000000000000, 0.000000000000000000, 0.000000000000000000 ) ) ;
#3727 = ORIENTED_EDGE ( 'NONE', *, *, #2920, .T. ) ;
#3728 = ORIENTED_EDGE ( 'NONE', *, *, #2195, .T. ) ;
#3729 = VERTEX_POINT ( 'NONE', #4705 ) ;
#3730 = FACE_OUTER_BOUND ( 'NONE', #3276, .T. ) ;
#3731 = ORIENTED_EDGE ( 'NONE', *, *, #2341, .F. ) ;
#3732 = DIRECTION ( 'NONE',  ( -1.000000000000000000, -0.000000000000000000, -0.000000000000000000 ) ) ;
#3733 = DIRECTION ( 'NONE',  ( -1.000000000000000000, -0.000000000000000000, -0.000000000000000000 ) ) ;
#3734 = DIRECTION ( 'NONE',  ( -0.000000000000000000, 1.000000000000000000, -0.000000000000000000 ) ) ;
#3735 = EDGE_CURVE ( 'NONE', #1356, #4547, #3478, .T. ) ;
#3736 = ORIENTED_EDGE ( 'NONE', *, *, #1957, .F. ) ;
#3737 = ORIENTED_EDGE ( 'NONE', *, *, #5147, .T. ) ;
#3738 = CARTESIAN_POINT ( 'NONE',  ( -32.00000000000000000, 0.000000000000000000, -49.99999999999997158 ) ) ;
#3739 = DIRECTION ( 'NONE',  ( 0.000000000000000000, -1.000000000000000000, 0.000000000000000000 ) ) ;
#3740 = CARTESIAN_POINT ( 'NONE',  ( -37.00000000000000000, -61.42000000000001592, -24.62499999999999645 ) ) ;
#3741 = DIRECTION ( 'NONE',  ( -1.000000000000000000, -0.000000000000000000, -0.000000000000000000 ) ) ;
#3742 = ORIENTED_EDGE ( 'NONE', *, *, #4937, .F. ) ;
#3743 = DIRECTION ( 'NONE',  ( -1.000000000000000000, -0.000000000000000000, -0.000000000000000000 ) ) ;
#3744 = DIRECTION ( 'NONE',  ( 0.000000000000000000, 0.000000000000000000, 1.000000000000000000 ) ) ;
#3745 = AXIS2_PLACEMENT_3D ( 'NONE', #4350, #2776, #4038 ) ;
#3746 = DIRECTION ( 'NONE',  ( -1.000000000000000000, 0.000000000000000000, 0.000000000000000000 ) ) ;
#3747 = DIRECTION ( 'NONE',  ( 1.000000000000000000, 0.000000000000000000, -0.000000000000000000 ) ) ;
#3748 = EDGE_LOOP ( 'NONE', ( #2621, #5012, #36, #2526 ) ) ;
#3749 = ORIENTED_EDGE ( 'NONE', *, *, #1097, .T. ) ;
#3750 = DIRECTION ( 'NONE',  ( 1.000000000000000000, 0.000000000000000000, -0.000000000000000000 ) ) ;
#3751 = ORIENTED_EDGE ( 'NONE', *, *, #1654, .T. ) ;
#3752 = ORIENTED_EDGE ( 'NONE', *, *, #1165, .F. ) ;
#3753 = AXIS2_PLACEMENT_3D ( 'NONE', #2814, #17, #450 ) ;
#3754 = DIRECTION ( 'NONE',  ( 0.000000000000000000, 0.000000000000000000, -1.000000000000000000 ) ) ;
#3755 = CARTESIAN_POINT ( 'NONE',  ( -43.99999999999975131, 3.000000000000000000, 26.49999999999998934 ) ) ;
#3756 = CIRCLE ( 'NONE', #3674, 2.149999999999999023 ) ;
#3757 = CYLINDRICAL_SURFACE ( 'NONE', #2988, 1.700000000000000178 ) ;
#3758 = DIRECTION ( 'NONE',  ( -0.000000000000000000, -0.000000000000000000, 1.000000000000000000 ) ) ;
#3759 = ORIENTED_EDGE ( 'NONE', *, *, #875, .T. ) ;
#3760 = ADVANCED_FACE ( 'NONE', ( #3154 ), #4760, .F. ) ;
#3761 = EDGE_LOOP ( 'NONE', ( #4480, #1903, #1012, #3553 ) ) ;
#3762 = DIRECTION ( 'NONE',  ( 0.000000000000000000, 0.000000000000000000, -1.000000000000000000 ) ) ;
#3763 = DIRECTION ( 'NONE',  ( 0.000000000000000000, 0.000000000000000000, 1.000000000000000000 ) ) ;
#3764 = VECTOR ( 'NONE', #632, 1000.000000000000000 ) ;
#3765 = EDGE_CURVE ( 'NONE', #3495, #4120, #1876, .T. ) ;
#3766 = EDGE_CURVE ( 'NONE', #703, #280, #3208, .T. ) ;
#3767 = DIRECTION ( 'NONE',  ( -1.000000000000000000, -0.000000000000000000, -0.000000000000000000 ) ) ;
#3768 = ORIENTED_EDGE ( 'NONE', *, *, #1590, .F. ) ;
#3769 = DIRECTION ( 'NONE',  ( -1.000000000000000000, -0.000000000000000000, -0.000000000000000000 ) ) ;
#3770 = EDGE_CURVE ( 'NONE', #4909, #3489, #4275, .T. ) ;
#3771 = VECTOR ( 'NONE', #3392, 1000.000000000000000 ) ;
#3772 = FACE_BOUND ( 'NONE', #1492, .T. ) ;
#3773 = DIRECTION ( 'NONE',  ( -1.000000000000000000, -0.000000000000000000, -0.000000000000000000 ) ) ;
#3774 = ORIENTED_EDGE ( 'NONE', *, *, #2630, .F. ) ;
#3775 = ORIENTED_EDGE ( 'NONE', *, *, #3212, .F. ) ;
#3776 = ORIENTED_EDGE ( 'NONE', *, *, #1226, .F. ) ;
#3777 = CARTESIAN_POINT ( 'NONE',  ( -27.75000000000000000, -22.00000000000000355, 37.39999999999999858 ) ) ;
#3778 = EDGE_LOOP ( 'NONE', ( #671, #1478 ) ) ;
#3779 = CARTESIAN_POINT ( 'NONE',  ( -32.00000000000000000, -19.04316770519888991, 49.99999999999948130 ) ) ;
#3780 = VECTOR ( 'NONE', #2410, 1000.000000000000000 ) ;
#3781 = CARTESIAN_POINT ( 'NONE',  ( 37.00000000000000000, -7.999999999999965361, -49.99999999999994316 ) ) ;
#3782 = LINE ( 'NONE', #1807, #731 ) ;
#3783 = VECTOR ( 'NONE', #1009, 1000.000000000000000 ) ;
#3784 = ORIENTED_EDGE ( 'NONE', *, *, #1861, .F. ) ;
#3785 = ORIENTED_EDGE ( 'NONE', *, *, #1872, .F. ) ;
#3786 = CARTESIAN_POINT ( 'NONE',  ( 12.49999999999999645, 3.000000000000000000, 15.00000000000000355 ) ) ;
#3787 = DIRECTION ( 'NONE',  ( 0.000000000000000000, 0.000000000000000000, -1.000000000000000000 ) ) ;
#3788 = CARTESIAN_POINT ( 'NONE',  ( -37.00000000000000000, -16.00000000000000000, -19.99999999999999645 ) ) ;
#3789 = CIRCLE ( 'NONE', #109, 1.700000000000000178 ) ;
#3790 = EDGE_CURVE ( 'NONE', #5065, #4176, #5027, .T. ) ;
#3791 = AXIS2_PLACEMENT_3D ( 'NONE', #4721, #3466, #5062 ) ;
#3792 = CARTESIAN_POINT ( 'NONE',  ( 47.99999999999999289, -61.41999999999998749, -14.77499999999999858 ) ) ;
#3793 = EDGE_CURVE ( 'NONE', #1203, #3701, #1510, .T. ) ;
#3794 = EDGE_LOOP ( 'NONE', ( #4859, #1343, #4731, #4518 ) ) ;
#3795 = AXIS2_PLACEMENT_3D ( 'NONE', #4759, #2766, #3762 ) ;
#3796 = DIRECTION ( 'NONE',  ( 0.000000000000000000, -1.000000000000000000, 0.000000000000000000 ) ) ;
#3797 = DIRECTION ( 'NONE',  ( -0.000000000000000000, -1.000000000000000000, -0.000000000000000000 ) ) ;
#3798 = AXIS2_PLACEMENT_3D ( 'NONE', #2405, #753, #444 ) ;
#3799 = CIRCLE ( 'NONE', #3200, 1.700000000000000178 ) ;
#3800 = CIRCLE ( 'NONE', #511, 1.700000000000000178 ) ;
#3801 = ADVANCED_FACE ( 'NONE', ( #2870 ), #4478, .F. ) ;
#3802 = CARTESIAN_POINT ( 'NONE',  ( 12.49999999999999645, 0.000000000000000000, -13.30000000000000249 ) ) ;
#3803 = CARTESIAN_POINT ( 'NONE',  ( 44.00000000000000711, 10.00000000000000000, -50.49999999999998579 ) ) ;
#3804 = ORIENTED_EDGE ( 'NONE', *, *, #2660, .T. ) ;
#3805 = DIRECTION ( 'NONE',  ( -0.000000000000000000, 1.000000000000000000, -0.000000000000000000 ) ) ;
#3806 = ORIENTED_EDGE ( 'NONE', *, *, #1797, .F. ) ;
#3807 = FACE_OUTER_BOUND ( 'NONE', #2469, .T. ) ;
#3808 = CARTESIAN_POINT ( 'NONE',  ( -43.99999999999975131, 0.000000000000000000, -24.79999999999999005 ) ) ;
#3809 = CARTESIAN_POINT ( 'NONE',  ( 32.00000000000000000, -61.41999999999998749, -14.77499999999999858 ) ) ;
#3810 = FACE_OUTER_BOUND ( 'NONE', #3761, .T. ) ;
#3811 = EDGE_LOOP ( 'NONE', ( #1978, #2155, #166, #4227 ) ) ;
#3812 = ORIENTED_EDGE ( 'NONE', *, *, #2179, .F. ) ;
#3813 = CARTESIAN_POINT ( 'NONE',  ( 27.75000000000000000, -22.00000000000000355, 33.99999999999999289 ) ) ;
#3814 = FACE_OUTER_BOUND ( 'NONE', #3145, .T. ) ;
#3815 = DIRECTION ( 'NONE',  ( 0.000000000000000000, 0.000000000000000000, -1.000000000000000000 ) ) ;
#3816 = CARTESIAN_POINT ( 'NONE',  ( 46.00000000000002132, -12.00000000000000000, -24.62499999999999645 ) ) ;
#3817 = ORIENTED_EDGE ( 'NONE', *, *, #5104, .T. ) ;
#3818 = FACE_OUTER_BOUND ( 'NONE', #2154, .T. ) ;
#3819 = CARTESIAN_POINT ( 'NONE',  ( -37.00000000000000000, -64.99999999999998579, -49.99999999999994316 ) ) ;
#3820 = EDGE_CURVE ( 'NONE', #4674, #4809, #1690, .T. ) ;
#3821 = DIRECTION ( 'NONE',  ( 0.000000000000000000, 0.000000000000000000, 1.000000000000000000 ) ) ;
#3822 = EDGE_CURVE ( 'NONE', #1356, #3027, #1183, .T. ) ;
#3823 = CIRCLE ( 'NONE', #4321, 1.700000000000000178 ) ;
#3824 = CARTESIAN_POINT ( 'NONE',  ( -37.00000000000000000, -7.999999999999965361, -49.99999999999994316 ) ) ;
#3825 = EDGE_CURVE ( 'NONE', #3027, #1356, #2427, .T. ) ;
#3826 = EDGE_CURVE ( 'NONE', #1918, #1405, #4836, .T. ) ;
#3827 = AXIS2_PLACEMENT_3D ( 'NONE', #4229, #5067, #625 ) ;
#3828 = CARTESIAN_POINT ( 'NONE',  ( -31.99999999999999289, -12.00000000000000000, -4.924999999999999822 ) ) ;
#3829 = EDGE_LOOP ( 'NONE', ( #3677, #4662 ) ) ;
#3830 = VERTEX_POINT ( 'NONE', #4080 ) ;
#3831 = CARTESIAN_POINT ( 'NONE',  ( 32.00000000000000000, -75.00000000000000000, 50.00000000000003553 ) ) ;
#3832 = ORIENTED_EDGE ( 'NONE', *, *, #1699, .F. ) ;
#3833 = DIRECTION ( 'NONE',  ( 1.000000000000000000, 0.000000000000000000, -0.000000000000000000 ) ) ;
#3834 = DIRECTION ( 'NONE',  ( 0.000000000000000000, 1.000000000000000000, 0.000000000000000000 ) ) ;
#3835 = EDGE_CURVE ( 'NONE', #3029, #2444, #3608, .T. ) ;
#3836 = DIRECTION ( 'NONE',  ( -0.000000000000000000, -1.000000000000000000, -0.000000000000000000 ) ) ;
#3837 = ORIENTED_EDGE ( 'NONE', *, *, #2947, .F. ) ;
#3838 = VERTEX_POINT ( 'NONE', #4450 ) ;
#3839 = CARTESIAN_POINT ( 'NONE',  ( 47.99999999999999289, -61.41999999999998749, -14.77499999999999858 ) ) ;
#3840 = CARTESIAN_POINT ( 'NONE',  ( -31.99999999999999289, -12.00000000000000000, -17.02499999999999858 ) ) ;
#3841 = VECTOR ( 'NONE', #191, 1000.000000000000000 ) ;
#3842 = CARTESIAN_POINT ( 'NONE',  ( -44.00000000000000711, 0.000000000000000000, 50.49999999999998579 ) ) ;
#3843 = LINE ( 'NONE', #4990, #2502 ) ;
#3844 = EDGE_LOOP ( 'NONE', ( #998, #3581 ) ) ;
#3845 = VECTOR ( 'NONE', #1481, 1000.000000000000000 ) ;
#3846 = CARTESIAN_POINT ( 'NONE',  ( 46.00000000000002132, -12.00000000000000000, -39.62499999999999289 ) ) ;
#3847 = CARTESIAN_POINT ( 'NONE',  ( 37.00000000000000000, -61.41999999999998749, 12.52499999999999680 ) ) ;
#3848 = VECTOR ( 'NONE', #4815, 1000.000000000000000 ) ;
#3849 = CARTESIAN_POINT ( 'NONE',  ( 30.00000000000000355, 3.000000000000000000, 15.00000000000000355 ) ) ;
#3850 = ORIENTED_EDGE ( 'NONE', *, *, #2337, .T. ) ;
#3851 = LINE ( 'NONE', #4996, #4457 ) ;
#3852 = ADVANCED_FACE ( 'NONE', ( #873 ), #2796, .F. ) ;
#3853 = CARTESIAN_POINT ( 'NONE',  ( -30.00000000000000355, -81.99999999999998579, 15.00000000000000355 ) ) ;
#3854 = VECTOR ( 'NONE', #4033, 1000.000000000000000 ) ;
#3855 = CIRCLE ( 'NONE', #2172, 1.700000000000000178 ) ;
#3856 = EDGE_CURVE ( 'NONE', #828, #4548, #2006, .T. ) ;
#3857 = ORIENTED_EDGE ( 'NONE', *, *, #3123, .F. ) ;
#3858 = CARTESIAN_POINT ( 'NONE',  ( 2.220446049250323431E-13, -75.00000000000000000, -40.00000000000017053 ) ) ;
#3859 = ADVANCED_FACE ( 'NONE', ( #3658 ), #1221, .F. ) ;
#3860 = ORIENTED_EDGE ( 'NONE', *, *, #3641, .T. ) ;
#3861 = CARTESIAN_POINT ( 'NONE',  ( -50.00000000000000000, 3.000000000000000000, -62.50000000000000000 ) ) ;
#3862 = VECTOR ( 'NONE', #1280, 1000.000000000000000 ) ;
#3863 = LINE ( 'NONE', #4643, #188 ) ;
#3864 = CARTESIAN_POINT ( 'NONE',  ( -37.00000000000000000, -12.00000000000000000, -41.77499999999999147 ) ) ;
#3865 = EDGE_CURVE ( 'NONE', #2200, #1075, #3258, .T. ) ;
#3866 = VERTEX_POINT ( 'NONE', #2394 ) ;
#3867 = VERTEX_POINT ( 'NONE', #1616 ) ;
#3868 = AXIS2_PLACEMENT_3D ( 'NONE', #251, #631, #2991 ) ;
#3869 = CARTESIAN_POINT ( 'NONE',  ( -37.00000000000000000, -75.00000000000000000, -49.99999999999994316 ) ) ;
#3870 = CYLINDRICAL_SURFACE ( 'NONE', #4629, 2.250000000000000000 ) ;
#3871 = VECTOR ( 'NONE', #1351, 1000.000000000000000 ) ;
#3872 = LINE ( 'NONE', #3899, #477 ) ;
#3873 = EDGE_LOOP ( 'NONE', ( #2022, #1622, #90, #1844 ) ) ;
#3874 = DIRECTION ( 'NONE',  ( -1.000000000000000000, -0.000000000000000000, -0.000000000000000000 ) ) ;
#3875 = DIRECTION ( 'NONE',  ( 0.000000000000000000, 0.000000000000000000, -1.000000000000000000 ) ) ;
#3876 = AXIS2_PLACEMENT_3D ( 'NONE', #1606, #2046, #2437 ) ;
#3877 = AXIS2_PLACEMENT_3D ( 'NONE', #320, #1914, #3115 ) ;
#3878 = DIRECTION ( 'NONE',  ( -1.000000000000000000, 0.000000000000000000, 0.000000000000000000 ) ) ;
#3879 = ORIENTED_EDGE ( 'NONE', *, *, #3238, .T. ) ;
#3880 = AXIS2_PLACEMENT_3D ( 'NONE', #2888, #4494, #3712 ) ;
#3881 = DIRECTION ( 'NONE',  ( -1.000000000000000000, -0.000000000000000000, -0.000000000000000000 ) ) ;
#3882 = AXIS2_PLACEMENT_3D ( 'NONE', #1672, #1154, #3646 ) ;
#3883 = CARTESIAN_POINT ( 'NONE',  ( 37.00000000000000000, -61.41999999999998749, -14.77499999999999858 ) ) ;
#3884 = DIRECTION ( 'NONE',  ( -1.000000000000000000, -0.000000000000000000, -0.000000000000000000 ) ) ;
#3885 = VERTEX_POINT ( 'NONE', #897 ) ;
#3886 = DIRECTION ( 'NONE',  ( 0.000000000000000000, -1.000000000000000000, -3.469446951953614189E-16 ) ) ;
#3887 = EDGE_LOOP ( 'NONE', ( #797, #811, #3904, #4245 ) ) ;
#3888 = ORIENTED_EDGE ( 'NONE', *, *, #3641, .F. ) ;
#3889 = DIRECTION ( 'NONE',  ( -0.000000000000000000, 1.000000000000000000, -0.000000000000000000 ) ) ;
#3890 = ADVANCED_FACE ( 'NONE', ( #4010 ), #4105, .F. ) ;
#3891 = EDGE_CURVE ( 'NONE', #741, #5121, #1266, .T. ) ;
#3892 = DIRECTION ( 'NONE',  ( -1.000000000000000000, -0.000000000000000000, -0.000000000000000000 ) ) ;
#3893 = CARTESIAN_POINT ( 'NONE',  ( 47.99999999999999289, -61.41999999999998749, -17.02499999999999858 ) ) ;
#3894 = VERTEX_POINT ( 'NONE', #432 ) ;
#3895 = EDGE_LOOP ( 'NONE', ( #2, #727, #4361, #4524 ) ) ;
#3896 = EDGE_LOOP ( 'NONE', ( #1095, #2308 ) ) ;
#3897 = CYLINDRICAL_SURFACE ( 'NONE', #187, 2.250000000000000444 ) ;
#3898 = EDGE_CURVE ( 'NONE', #5094, #5182, #2033, .T. ) ;
#3899 = CARTESIAN_POINT ( 'NONE',  ( 37.00000000000000000, -75.00000000000000000, 50.00000000000006395 ) ) ;
#3900 = VERTEX_POINT ( 'NONE', #950 ) ;
#3901 = CARTESIAN_POINT ( 'NONE',  ( -43.99999999999975131, 0.000000000000000000, 26.49999999999998934 ) ) ;
#3902 = DIRECTION ( 'NONE',  ( 0.000000000000000000, 0.000000000000000000, 1.000000000000000000 ) ) ;
#3903 = DIRECTION ( 'NONE',  ( 1.000000000000000000, 0.000000000000000000, -0.000000000000000000 ) ) ;
#3904 = ORIENTED_EDGE ( 'NONE', *, *, #2375, .F. ) ;
#3905 = FACE_BOUND ( 'NONE', #4951, .T. ) ;
#3906 = DIRECTION ( 'NONE',  ( 0.000000000000000000, 0.000000000000000000, -1.000000000000000000 ) ) ;
#3907 = AXIS2_PLACEMENT_3D ( 'NONE', #3883, #1089, #3510 ) ;
#3908 = ORIENTED_EDGE ( 'NONE', *, *, #733, .F. ) ;
#3909 = DIRECTION ( 'NONE',  ( -1.000000000000000000, 0.000000000000000000, 0.000000000000000000 ) ) ;
#3910 = EDGE_LOOP ( 'NONE', ( #4639, #988, #182, #3026 ) ) ;
#3911 = ORIENTED_EDGE ( 'NONE', *, *, #2637, .F. ) ;
#3912 = CARTESIAN_POINT ( 'NONE',  ( 32.00000000000000000, -61.42000000000000171, 2.675000000000512301 ) ) ;
#3913 = AXIS2_PLACEMENT_3D ( 'NONE', #3839, #2232, #3035 ) ;
#3914 = DIRECTION ( 'NONE',  ( 0.000000000000000000, 0.000000000000000000, 1.000000000000000000 ) ) ;
#3915 = DIRECTION ( 'NONE',  ( -1.000000000000000000, 0.000000000000000000, 0.000000000000000000 ) ) ;
#3916 = ORIENTED_EDGE ( 'NONE', *, *, #168, .T. ) ;
#3917 = VERTEX_POINT ( 'NONE', #2984 ) ;
#3918 = VERTEX_POINT ( 'NONE', #3840 ) ;
#3919 = CYLINDRICAL_SURFACE ( 'NONE', #2786, 1.700000000000000178 ) ;
#3920 = PLANE ( 'NONE',  #980 ) ;
#3921 = EDGE_CURVE ( 'NONE', #741, #2547, #2848, .T. ) ;
#3922 = ORIENTED_EDGE ( 'NONE', *, *, #1654, .F. ) ;
#3923 = EDGE_CURVE ( 'NONE', #1544, #2812, #3526, .T. ) ;
#3924 = CARTESIAN_POINT ( 'NONE',  ( -31.99999999999999289, -61.42000000000000171, 2.675000000000512301 ) ) ;
#3925 = CARTESIAN_POINT ( 'NONE',  ( -32.00000000000000000, -16.00000000000000000, 43.70000000000004547 ) ) ;
#3926 = EDGE_CURVE ( 'NONE', #3596, #2324, #4550, .T. ) ;
#3927 = AXIS2_PLACEMENT_3D ( 'NONE', #429, #45, #4492 ) ;
#3928 = AXIS2_PLACEMENT_3D ( 'NONE', #5129, #47, #1952 ) ;
#3929 = CARTESIAN_POINT ( 'NONE',  ( 27.75000000000000000, 3.000000000000000000, -35.69999999999999574 ) ) ;
#3930 = CIRCLE ( 'NONE', #563, 2.149999999999999023 ) ;
#3931 = VERTEX_POINT ( 'NONE', #626 ) ;
#3932 = PLANE ( 'NONE',  #2438 ) ;
#3933 = EDGE_CURVE ( 'NONE', #2996, #3917, #4913, .T. ) ;
#3934 = AXIS2_PLACEMENT_3D ( 'NONE', #3393, #1277, #3455 ) ;
#3935 = CARTESIAN_POINT ( 'NONE',  ( -31.99999999999999289, -61.42000000000000171, -2.674999999999485123 ) ) ;
#3936 = DIRECTION ( 'NONE',  ( 0.000000000000000000, 0.000000000000000000, 1.000000000000000000 ) ) ;
#3937 = ORIENTED_EDGE ( 'NONE', *, *, #1038, .T. ) ;
#3938 = CARTESIAN_POINT ( 'NONE',  ( 27.75000000000000000, 0.000000000000000000, -35.69999999999999574 ) ) ;
#3939 = CARTESIAN_POINT ( 'NONE',  ( -43.99999999999975131, 10.00000000000000000, 26.49999999999998934 ) ) ;
#3940 = ORIENTED_EDGE ( 'NONE', *, *, #1411, .F. ) ;
#3941 = ORIENTED_EDGE ( 'NONE', *, *, #3450, .F. ) ;
#3942 = CARTESIAN_POINT ( 'NONE',  ( 37.00000000000000000, -12.00000000000000000, 14.77499999999999858 ) ) ;
#3943 = CARTESIAN_POINT ( 'NONE',  ( 32.00000000000000000, -57.42000000000000171, -49.99999999999997158 ) ) ;
#3944 = LINE ( 'NONE', #647, #2493 ) ;
#3945 = FACE_BOUND ( 'NONE', #1773, .T. ) ;
#3946 = VERTEX_POINT ( 'NONE', #146 ) ;
#3947 = EDGE_LOOP ( 'NONE', ( #4641, #3749, #1235, #3806 ) ) ;
#3948 = VERTEX_POINT ( 'NONE', #1731 ) ;
#3949 = LINE ( 'NONE', #1108, #2267 ) ;
#3950 = AXIS2_PLACEMENT_3D ( 'NONE', #487, #2084, #4185 ) ;
#3951 = FACE_OUTER_BOUND ( 'NONE', #2398, .T. ) ;
#3952 = CIRCLE ( 'NONE', #1086, 2.300000000000010481 ) ;
#3953 = ORIENTED_EDGE ( 'NONE', *, *, #2733, .T. ) ;
#3954 = LINE ( 'NONE', #1171, #1417 ) ;
#3955 = DIRECTION ( 'NONE',  ( -1.000000000000000000, 0.000000000000000000, 0.000000000000000000 ) ) ;
#3956 = EDGE_CURVE ( 'NONE', #3650, #2453, #3021, .T. ) ;
#3957 = CIRCLE ( 'NONE', #1934, 2.149999999999999023 ) ;
#3958 = ADVANCED_FACE ( 'NONE', ( #2157 ), #4936, .F. ) ;
#3959 = DIRECTION ( 'NONE',  ( 0.000000000000000000, 0.000000000000000000, -1.000000000000000000 ) ) ;
#3960 = ORIENTED_EDGE ( 'NONE', *, *, #2798, .F. ) ;
#3961 = AXIS2_PLACEMENT_3D ( 'NONE', #1349, #1374, #2902 ) ;
#3962 = DIRECTION ( 'NONE',  ( -1.000000000000000000, 0.000000000000000000, 0.000000000000000000 ) ) ;
#3963 = DIRECTION ( 'NONE',  ( 0.000000000000000000, 0.000000000000000000, 1.000000000000000000 ) ) ;
#3964 = EDGE_CURVE ( 'NONE', #4766, #3061, #2601, .T. ) ;
#3965 = CIRCLE ( 'NONE', #1943, 1.700000000000000178 ) ;
#3966 = CIRCLE ( 'NONE', #1767, 1.700000000000000178 ) ;
#3967 = DIRECTION ( 'NONE',  ( 0.000000000000000000, 0.000000000000000000, 1.000000000000000000 ) ) ;
#3968 = VERTEX_POINT ( 'NONE', #1812 ) ;
#3969 = CARTESIAN_POINT ( 'NONE',  ( -43.99999999999987921, 10.00000000000000000, -36.79999999999999005 ) ) ;
#3970 = ORIENTED_EDGE ( 'NONE', *, *, #1450, .F. ) ;
#3971 = ORIENTED_EDGE ( 'NONE', *, *, #5140, .F. ) ;
#3972 = DIRECTION ( 'NONE',  ( -1.000000000000000000, -0.000000000000000000, -0.000000000000000000 ) ) ;
#3973 = AXIS2_PLACEMENT_3D ( 'NONE', #3327, #2570, #597 ) ;
#3974 = CARTESIAN_POINT ( 'NONE',  ( -31.99999999999999289, -12.00000000000000000, -12.52499999999999858 ) ) ;
#3975 = CYLINDRICAL_SURFACE ( 'NONE', #1189, 1.700000000000000178 ) ;
#3976 = FACE_BOUND ( 'NONE', #3079, .T. ) ;
#3977 = ORIENTED_EDGE ( 'NONE', *, *, #2118, .F. ) ;
#3978 = VERTEX_POINT ( 'NONE', #4156 ) ;
#3979 = EDGE_LOOP ( 'NONE', ( #3515, #3953 ) ) ;
#3980 = CARTESIAN_POINT ( 'NONE',  ( 67.99999999999997158, -33.50000000000000000, 46.00000000000004263 ) ) ;
#3981 = FACE_OUTER_BOUND ( 'NONE', #4797, .T. ) ;
#3982 = ORIENTED_EDGE ( 'NONE', *, *, #2054, .F. ) ;
#3983 = EDGE_LOOP ( 'NONE', ( #3991, #1919, #765, #1401, #4689, #2907, #593, #3057, #1920, #501, #2354, #4775, #3543 ) ) ;
#3984 = CARTESIAN_POINT ( 'NONE',  ( -12.50000000000000355, -80.00000000000001421, -13.29999999999999893 ) ) ;
#3985 = FACE_OUTER_BOUND ( 'NONE', #1743, .T. ) ;
#3986 = DIRECTION ( 'NONE',  ( 1.000000000000000000, 0.000000000000000000, -0.000000000000000000 ) ) ;
#3987 = VERTEX_POINT ( 'NONE', #1416 ) ;
#3988 = CARTESIAN_POINT ( 'NONE',  ( 37.00000000000000000, -12.00000000000000000, -39.62499999999999289 ) ) ;
#3989 = PLANE ( 'NONE',  #802 ) ;
#3990 = EDGE_CURVE ( 'NONE', #2996, #3541, #3538, .T. ) ;
#3991 = ORIENTED_EDGE ( 'NONE', *, *, #3479, .T. ) ;
#3992 = FACE_OUTER_BOUND ( 'NONE', #4096, .T. ) ;
#3993 = ORIENTED_EDGE ( 'NONE', *, *, #2550, .F. ) ;
#3994 = ADVANCED_FACE ( 'NONE', ( #3814 ), #925, .F. ) ;
#3995 = CARTESIAN_POINT ( 'NONE',  ( -27.75000000000000000, 3.000000000000000000, 54.49999999999999289 ) ) ;
#3996 = EDGE_CURVE ( 'NONE', #4903, #4339, #4541, .T. ) ;
#3997 = LINE ( 'NONE', #4046, #598 ) ;
#3998 = CARTESIAN_POINT ( 'NONE',  ( 32.00000000000000000, -75.00000000000000000, -49.99999999999997158 ) ) ;
#3999 = DIRECTION ( 'NONE',  ( 1.000000000000000000, 0.000000000000000000, -0.000000000000000000 ) ) ;
#4000 = ORIENTED_EDGE ( 'NONE', *, *, #4850, .F. ) ;
#4001 = ORIENTED_EDGE ( 'NONE', *, *, #1058, .T. ) ;
#4002 = ORIENTED_EDGE ( 'NONE', *, *, #1038, .F. ) ;
#4003 = CARTESIAN_POINT ( 'NONE',  ( 30.00000000000000355, 0.000000000000000000, 15.00000000000000355 ) ) ;
#4004 = ADVANCED_FACE ( 'NONE', ( #170 ), #1340, .F. ) ;
#4005 = DIRECTION ( 'NONE',  ( 0.000000000000000000, 0.000000000000000000, 1.000000000000000000 ) ) ;
#4006 = EDGE_LOOP ( 'NONE', ( #2273, #1117 ) ) ;
#4007 = ORIENTED_EDGE ( 'NONE', *, *, #1399, .F. ) ;
#4008 = ORIENTED_EDGE ( 'NONE', *, *, #4998, .T. ) ;
#4009 = DIRECTION ( 'NONE',  ( 0.000000000000000000, 1.000000000000000000, 0.000000000000000000 ) ) ;
#4010 = FACE_OUTER_BOUND ( 'NONE', #3486, .T. ) ;
#4011 = DIRECTION ( 'NONE',  ( -1.000000000000000000, -0.000000000000000000, -0.000000000000000000 ) ) ;
#4012 = ORIENTED_EDGE ( 'NONE', *, *, #2343, .T. ) ;
#4013 = AXIS2_PLACEMENT_3D ( 'NONE', #2919, #4605, #928 ) ;
#4014 = DIRECTION ( 'NONE',  ( -0.000000000000000000, -1.000000000000000000, -0.000000000000000000 ) ) ;
#4015 = AXIS2_PLACEMENT_3D ( 'NONE', #1780, #4197, #499 ) ;
#4016 = EDGE_LOOP ( 'NONE', ( #878, #1195, #4513, #2372 ) ) ;
#4017 = LINE ( 'NONE', #3969, #1927 ) ;
#4018 = AXIS2_PLACEMENT_3D ( 'NONE', #5106, #1142, #309 ) ;
#4019 = DIRECTION ( 'NONE',  ( -0.000000000000000000, 1.000000000000000000, -0.000000000000000000 ) ) ;
#4020 = EDGE_CURVE ( 'NONE', #370, #3085, #3361, .T. ) ;
#4021 = DIRECTION ( 'NONE',  ( 0.000000000000000000, 0.000000000000000000, -1.000000000000000000 ) ) ;
#4022 = EDGE_CURVE ( 'NONE', #1328, #4784, #5045, .T. ) ;
#4023 = CARTESIAN_POINT ( 'NONE',  ( -31.99999999999999289, -12.00000000000000000, 14.77499999999999858 ) ) ;
#4024 = EDGE_CURVE ( 'NONE', #1649, #2653, #2531, .T. ) ;
#4025 = ORIENTED_EDGE ( 'NONE', *, *, #3822, .T. ) ;
#4026 = ORIENTED_EDGE ( 'NONE', *, *, #4628, .F. ) ;
#4027 = ORIENTED_EDGE ( 'NONE', *, *, #4972, .F. ) ;
#4028 = FACE_OUTER_BOUND ( 'NONE', #565, .T. ) ;
#4029 = DIRECTION ( 'NONE',  ( -1.000000000000000000, 0.000000000000000000, 0.000000000000000000 ) ) ;
#4030 = EDGE_CURVE ( 'NONE', #2241, #3602, #3965, .T. ) ;
#4031 = EDGE_LOOP ( 'NONE', ( #3655, #1150, #3297, #291 ) ) ;
#4032 = VECTOR ( 'NONE', #1489, 1000.000000000000000 ) ;
#4033 = DIRECTION ( 'NONE',  ( -0.000000000000000000, 1.000000000000000000, -0.000000000000000000 ) ) ;
#4034 = DIRECTION ( 'NONE',  ( -1.000000000000000000, -0.000000000000000000, -0.000000000000000000 ) ) ;
#4035 = AXIS2_PLACEMENT_3D ( 'NONE', #4787, #48, #4863 ) ;
#4036 = CARTESIAN_POINT ( 'NONE',  ( 43.99999999999975131, 3.000000000000000000, -24.79999999999999005 ) ) ;
#4037 = LINE ( 'NONE', #2774, #5038 ) ;
#4038 = DIRECTION ( 'NONE',  ( 0.000000000000000000, 0.000000000000000000, 1.000000000000000000 ) ) ;
#4039 = CIRCLE ( 'NONE', #433, 1.700000000000000178 ) ;
#4040 = VECTOR ( 'NONE', #4431, 1000.000000000000000 ) ;
#4041 = EDGE_LOOP ( 'NONE', ( #1973, #1655 ) ) ;
#4042 = FACE_OUTER_BOUND ( 'NONE', #3910, .T. ) ;
#4043 = FACE_OUTER_BOUND ( 'NONE', #4917, .T. ) ;
#4044 = AXIS2_PLACEMENT_3D ( 'NONE', #706, #1501, #2651 ) ;
#4045 = AXIS2_PLACEMENT_3D ( 'NONE', #860, #2784, #4021 ) ;
#4046 = CARTESIAN_POINT ( 'NONE',  ( -27.75000000000000000, -22.00000000000000355, 33.99999999999999289 ) ) ;
#4047 = DIRECTION ( 'NONE',  ( 0.000000000000000000, 1.000000000000000000, -0.000000000000000000 ) ) ;
#4048 = ORIENTED_EDGE ( 'NONE', *, *, #1933, .F. ) ;
#4049 = EDGE_CURVE ( 'NONE', #4238, #3488, #3457, .T. ) ;
#4050 = ORIENTED_EDGE ( 'NONE', *, *, #3826, .F. ) ;
#4051 = CIRCLE ( 'NONE', #3882, 1.700000000000000178 ) ;
#4052 = AXIS2_PLACEMENT_3D ( 'NONE', #1287, #2886, #4099 ) ;
#4053 = LINE ( 'NONE', #403, #4461 ) ;
#4054 = EDGE_CURVE ( 'NONE', #3384, #1331, #4282, .T. ) ;
#4055 = VECTOR ( 'NONE', #2781, 1000.000000000000000 ) ;
#4056 = CARTESIAN_POINT ( 'NONE',  ( 37.00000000000000000, -61.41999999999998749, 14.77499999999999858 ) ) ;
#4057 = EDGE_LOOP ( 'NONE', ( #660, #4464 ) ) ;
#4058 = ORIENTED_EDGE ( 'NONE', *, *, #2691, .T. ) ;
#4059 = CARTESIAN_POINT ( 'NONE',  ( 12.49999999999999645, -80.00000000000001421, 15.00000000000000355 ) ) ;
#4060 = CARTESIAN_POINT ( 'NONE',  ( -32.00000000000000000, -51.00000000000000711, 46.00000000000004263 ) ) ;
#4061 = ADVANCED_FACE ( 'NONE', ( #1948 ), #3523, .F. ) ;
#4062 = DIRECTION ( 'NONE',  ( 0.000000000000000000, 0.000000000000000000, 1.000000000000000000 ) ) ;
#4063 = CARTESIAN_POINT ( 'NONE',  ( 37.00000000000000000, -75.00000000000000000, 40.00000000000008527 ) ) ;
#4064 = ORIENTED_EDGE ( 'NONE', *, *, #113, .T. ) ;
#4065 = CARTESIAN_POINT ( 'NONE',  ( 44.00000000000000711, 0.000000000000000000, 50.49999999999998579 ) ) ;
#4066 = ADVANCED_FACE ( 'NONE', ( #2256 ), #1840, .F. ) ;
#4067 = PLANE ( 'NONE',  #3950 ) ;
#4068 = CARTESIAN_POINT ( 'NONE',  ( 67.99999999999997158, -16.00000000000000000, 46.00000000000004263 ) ) ;
#4069 = CARTESIAN_POINT ( 'NONE',  ( 32.00000000000000000, -12.00000000000000000, 12.52499999999999858 ) ) ;
#4070 = LINE ( 'NONE', #2358, #822 ) ;
#4071 = EDGE_LOOP ( 'NONE', ( #3125, #3033, #1815, #5096 ) ) ;
#4072 = ORIENTED_EDGE ( 'NONE', *, *, #900, .F. ) ;
#4073 = DIRECTION ( 'NONE',  ( 0.000000000000000000, 0.000000000000000000, 1.000000000000000000 ) ) ;
#4074 = DIRECTION ( 'NONE',  ( 0.000000000000000000, 1.000000000000000000, -0.000000000000000000 ) ) ;
#4075 = DIRECTION ( 'NONE',  ( 0.000000000000000000, -1.000000000000000000, 0.000000000000000000 ) ) ;
#4076 = VERTEX_POINT ( 'NONE', #3122 ) ;
#4077 = EDGE_LOOP ( 'NONE', ( #3941, #4123, #4979, #1729 ) ) ;
#4078 = AXIS2_PLACEMENT_3D ( 'NONE', #3740, #581, #3815 ) ;
#4079 = CARTESIAN_POINT ( 'NONE',  ( -31.99999999999999289, -61.42000000000000171, -4.924999999999485567 ) ) ;
#4080 = CARTESIAN_POINT ( 'NONE',  ( -27.75000000000000000, 0.000000000000000000, -33.99999999999999289 ) ) ;
#4081 = DIRECTION ( 'NONE',  ( 0.000000000000000000, 0.000000000000000000, 1.000000000000000000 ) ) ;
#4082 = EDGE_CURVE ( 'NONE', #837, #1680, #2192, .T. ) ;
#4083 = LINE ( 'NONE', #1693, #4093 ) ;
#4084 = ADVANCED_FACE ( 'NONE', ( #2364 ), #4310, .F. ) ;
#4085 = VERTEX_POINT ( 'NONE', #4729 ) ;
#4086 = EDGE_CURVE ( 'NONE', #1328, #149, #4335, .T. ) ;
#4087 = DIRECTION ( 'NONE',  ( -1.000000000000000000, -0.000000000000000000, -0.000000000000000000 ) ) ;
#4088 = DIRECTION ( 'NONE',  ( 0.000000000000000000, 0.000000000000000000, 1.000000000000000000 ) ) ;
#4089 = CARTESIAN_POINT ( 'NONE',  ( -30.00000000000000355, -81.99999999999998579, 15.00000000000000355 ) ) ;
#4090 = AXIS2_PLACEMENT_3D ( 'NONE', #3809, #218, #2958 ) ;
#4091 = DIRECTION ( 'NONE',  ( 0.000000000000000000, -1.000000000000000000, 0.000000000000000000 ) ) ;
#4092 = DIRECTION ( 'NONE',  ( 1.000000000000000000, 0.000000000000000000, -0.000000000000000000 ) ) ;
#4093 = VECTOR ( 'NONE', #4865, 1000.000000000000000 ) ;
#4094 = VERTEX_POINT ( 'NONE', #2729 ) ;
#4095 = FACE_BOUND ( 'NONE', #3422, .T. ) ;
#4096 = EDGE_LOOP ( 'NONE', ( #788, #734, #5029, #5088 ) ) ;
#4097 = CARTESIAN_POINT ( 'NONE',  ( 37.00000000000000000, -12.00000000000000000, 17.02499999999999858 ) ) ;
#4098 = VECTOR ( 'NONE', #3259, 1000.000000000000000 ) ;
#4099 = DIRECTION ( 'NONE',  ( 0.000000000000000000, 0.000000000000000000, -1.000000000000000000 ) ) ;
#4100 = CARTESIAN_POINT ( 'NONE',  ( -44.00000000000000711, 3.000000000000000000, -52.19999999999998863 ) ) ;
#4101 = DIRECTION ( 'NONE',  ( 0.000000000000000000, 0.000000000000000000, -1.000000000000000000 ) ) ;
#4102 = ORIENTED_EDGE ( 'NONE', *, *, #1710, .T. ) ;
#4103 = ORIENTED_EDGE ( 'NONE', *, *, #1286, .F. ) ;
#4104 = CARTESIAN_POINT ( 'NONE',  ( 32.00000000000000000, -12.00000000000000000, -14.77499999999999858 ) ) ;
#4105 = CYLINDRICAL_SURFACE ( 'NONE', #2178, 2.149999999999999023 ) ;
#4106 = LINE ( 'NONE', #3662, #2078 ) ;
#4107 = VECTOR ( 'NONE', #4340, 1000.000000000000000 ) ;
#4108 = VERTEX_POINT ( 'NONE', #5153 ) ;
#4109 = ADVANCED_FACE ( 'NONE', ( #3472 ), #3870, .F. ) ;
#4110 = FACE_OUTER_BOUND ( 'NONE', #2868, .T. ) ;
#4111 = VECTOR ( 'NONE', #4482, 1000.000000000000000 ) ;
#4112 = EDGE_CURVE ( 'NONE', #2200, #786, #3789, .T. ) ;
#4113 = AXIS2_PLACEMENT_3D ( 'NONE', #2447, #410, #2499 ) ;
#4114 = FACE_BOUND ( 'NONE', #64, .T. ) ;
#4115 = EDGE_CURVE ( 'NONE', #545, #2516, #3949, .T. ) ;
#4116 = AXIS2_PLACEMENT_3D ( 'NONE', #2972, #543, #886 ) ;
#4117 = LINE ( 'NONE', #3849, #1348 ) ;
#4118 = FACE_OUTER_BOUND ( 'NONE', #2490, .T. ) ;
#4119 = ORIENTED_EDGE ( 'NONE', *, *, #1671, .T. ) ;
#4120 = VERTEX_POINT ( 'NONE', #4671 ) ;
#4121 = ORIENTED_EDGE ( 'NONE', *, *, #518, .T. ) ;
#4122 = FACE_BOUND ( 'NONE', #273, .T. ) ;
#4123 = ORIENTED_EDGE ( 'NONE', *, *, #1989, .F. ) ;
#4124 = VERTEX_POINT ( 'NONE', #5043 ) ;
#4125 = CARTESIAN_POINT ( 'NONE',  ( -27.75000000000000000, 3.000000000000000000, -37.39999999999999858 ) ) ;
#4126 = VECTOR ( 'NONE', #4438, 1000.000000000000000 ) ;
#4127 = CIRCLE ( 'NONE', #3877, 1.700000000000000178 ) ;
#4128 = CARTESIAN_POINT ( 'NONE',  ( 27.75000000000000000, 3.000000000000000000, 33.99999999999999289 ) ) ;
#4129 = CARTESIAN_POINT ( 'NONE',  ( -37.00000000000000000, -12.00000000000000000, -39.62499999999999289 ) ) ;
#4130 = AXIS2_PLACEMENT_3D ( 'NONE', #1634, #4829, #424 ) ;
#4131 = VECTOR ( 'NONE', #966, 1000.000000000000000 ) ;
#4132 = ORIENTED_EDGE ( 'NONE', *, *, #900, .T. ) ;
#4133 = ORIENTED_EDGE ( 'NONE', *, *, #5035, .T. ) ;
#4134 = DIRECTION ( 'NONE',  ( 0.000000000000000000, 0.000000000000000000, 1.000000000000000000 ) ) ;
#4135 = DIRECTION ( 'NONE',  ( -1.000000000000000000, 0.000000000000000000, 0.000000000000000000 ) ) ;
#4136 = CARTESIAN_POINT ( 'NONE',  ( 0.000000000000000000, 0.000000000000000000, -14.99999999999999645 ) ) ;
#4137 = CARTESIAN_POINT ( 'NONE',  ( 27.75000000000000000, 3.000000000000000000, -56.19999999999999574 ) ) ;
#4138 = ORIENTED_EDGE ( 'NONE', *, *, #2124, .F. ) ;
#4139 = PLANE ( 'NONE',  #3961 ) ;
#4140 = ADVANCED_FACE ( 'NONE', ( #1078 ), #681, .F. ) ;
#4141 = CARTESIAN_POINT ( 'NONE',  ( 37.00000000000000000, -51.00000000000000711, 46.00000000000004263 ) ) ;
#4142 = ORIENTED_EDGE ( 'NONE', *, *, #3790, .F. ) ;
#4143 = ADVANCED_FACE ( 'NONE', ( #4363 ), #3897, .F. ) ;
#4144 = EDGE_LOOP ( 'NONE', ( #3812, #4539 ) ) ;
#4145 = ADVANCED_FACE ( 'NONE', ( #4648 ), #3497, .F. ) ;
#4146 = FACE_BOUND ( 'NONE', #4751, .T. ) ;
#4147 = ORIENTED_EDGE ( 'NONE', *, *, #2603, .F. ) ;
#4148 = ORIENTED_EDGE ( 'NONE', *, *, #3334, .T. ) ;
#4149 = DIRECTION ( 'NONE',  ( 0.000000000000000000, 0.000000000000000000, -1.000000000000000000 ) ) ;
#4150 = DIRECTION ( 'NONE',  ( 0.000000000000000000, 1.000000000000000000, 0.000000000000000000 ) ) ;
#4151 = FACE_BOUND ( 'NONE', #1446, .T. ) ;
#4152 = CARTESIAN_POINT ( 'NONE',  ( -43.99999999999987921, 0.000000000000000000, 38.49999999999999289 ) ) ;
#4153 = ORIENTED_EDGE ( 'NONE', *, *, #3793, .T. ) ;
#4154 = EDGE_LOOP ( 'NONE', ( #4447, #3091, #1633, #523 ) ) ;
#4155 = DIRECTION ( 'NONE',  ( 0.000000000000000000, 0.000000000000000000, 1.000000000000000000 ) ) ;
#4156 = CARTESIAN_POINT ( 'NONE',  ( -32.00000000000000000, -64.99999999999998579, 50.00000000000003553 ) ) ;
#4157 = EDGE_CURVE ( 'NONE', #149, #1022, #2612, .T. ) ;
#4158 = DIRECTION ( 'NONE',  ( -1.000000000000000000, 0.000000000000000000, 0.000000000000000000 ) ) ;
#4159 = ORIENTED_EDGE ( 'NONE', *, *, #1732, .T. ) ;
#4160 = FACE_OUTER_BOUND ( 'NONE', #2496, .T. ) ;
#4161 = AXIS2_PLACEMENT_3D ( 'NONE', #2446, #2528, #4134 ) ;
#4162 = CARTESIAN_POINT ( 'NONE',  ( 12.49999999999999645, 0.000000000000000000, 16.70000000000000284 ) ) ;
#4163 = CARTESIAN_POINT ( 'NONE',  ( 32.00000000000000000, -12.00000000000000000, -7.174999999999998934 ) ) ;
#4164 = ORIENTED_EDGE ( 'NONE', *, *, #5145, .T. ) ;
#4165 = ORIENTED_EDGE ( 'NONE', *, *, #1126, .T. ) ;
#4166 = ORIENTED_EDGE ( 'NONE', *, *, #2282, .T. ) ;
#4167 = CARTESIAN_POINT ( 'NONE',  ( 32.00000000000000000, -61.42000000000003013, -39.62499999999996447 ) ) ;
#4168 = ORIENTED_EDGE ( 'NONE', *, *, #3312, .F. ) ;
#4169 = CARTESIAN_POINT ( 'NONE',  ( 46.00000000000002132, -12.00000000000000000, -39.62499999999999289 ) ) ;
#4170 = ADVANCED_FACE ( 'NONE', ( #2309 ), #3919, .F. ) ;
#4171 = EDGE_CURVE ( 'NONE', #781, #5085, #519, .T. ) ;
#4172 = LINE ( 'NONE', #945, #855 ) ;
#4173 = VECTOR ( 'NONE', #4226, 1000.000000000000000 ) ;
#4174 = FACE_BOUND ( 'NONE', #1488, .T. ) ;
#4175 = DIRECTION ( 'NONE',  ( 0.000000000000000000, 0.000000000000000000, 1.000000000000000000 ) ) ;
#4176 = VERTEX_POINT ( 'NONE', #1217 ) ;
#4177 = EDGE_LOOP ( 'NONE', ( #4955, #3580 ) ) ;
#4178 = PLANE ( 'NONE',  #716 ) ;
#4179 = CARTESIAN_POINT ( 'NONE',  ( 37.00000000000000000, -61.41999999999998749, 14.77499999999999858 ) ) ;
#4180 = CIRCLE ( 'NONE', #1915, 2.250000000000000000 ) ;
#4181 = EDGE_CURVE ( 'NONE', #4228, #3146, #4444, .T. ) ;
#4182 = FACE_OUTER_BOUND ( 'NONE', #3887, .T. ) ;
#4183 = VERTEX_POINT ( 'NONE', #4003 ) ;
#4184 = DIRECTION ( 'NONE',  ( 0.000000000000000000, 0.000000000000000000, 1.000000000000000000 ) ) ;
#4185 = DIRECTION ( 'NONE',  ( -1.000000000000000000, 0.000000000000000000, 5.551115123125785858E-15 ) ) ;
#4186 = VECTOR ( 'NONE', #5004, 1000.000000000000000 ) ;
#4187 = FACE_BOUND ( 'NONE', #5000, .T. ) ;
#4188 = AXIS2_PLACEMENT_3D ( 'NONE', #1846, #2292, #5184 ) ;
#4189 = DIRECTION ( 'NONE',  ( 0.000000000000000000, 0.000000000000000000, -1.000000000000000000 ) ) ;
#4190 = EDGE_LOOP ( 'NONE', ( #4926, #3817, #1539, #1568 ) ) ;
#4191 = LINE ( 'NONE', #3348, #2023 ) ;
#4192 = VERTEX_POINT ( 'NONE', #2464 ) ;
#4193 = LINE ( 'NONE', #1332, #3197 ) ;
#4194 = AXIS2_PLACEMENT_3D ( 'NONE', #2269, #1826, #2297 ) ;
#4195 = CARTESIAN_POINT ( 'NONE',  ( 27.75000000000000000, 3.000000000000000000, 54.49999999999999289 ) ) ;
#4196 = DIRECTION ( 'NONE',  ( 0.000000000000000000, 0.000000000000000000, 1.000000000000000000 ) ) ;
#4197 = DIRECTION ( 'NONE',  ( 1.000000000000000000, 0.000000000000000000, -0.000000000000000000 ) ) ;
#4198 = EDGE_CURVE ( 'NONE', #254, #623, #449, .T. ) ;
#4199 = LINE ( 'NONE', #3355, #1052 ) ;
#4200 = AXIS2_PLACEMENT_3D ( 'NONE', #1625, #2038, #3535 ) ;
#4201 = ORIENTED_EDGE ( 'NONE', *, *, #4441, .T. ) ;
#4202 = ORIENTED_EDGE ( 'NONE', *, *, #4692, .T. ) ;
#4203 = EDGE_CURVE ( 'NONE', #3946, #1385, #2813, .T. ) ;
#4204 = DIRECTION ( 'NONE',  ( 0.000000000000000000, 0.000000000000000000, -1.000000000000000000 ) ) ;
#4205 = DIRECTION ( 'NONE',  ( -1.000000000000000000, 0.000000000000000000, -5.551115123125785858E-15 ) ) ;
#4206 = CIRCLE ( 'NONE', #2268, 15.00000000000000000 ) ;
#4207 = LINE ( 'NONE', #5017, #1734 ) ;
#4208 = EDGE_CURVE ( 'NONE', #4742, #254, #851, .T. ) ;
#4209 = ORIENTED_EDGE ( 'NONE', *, *, #841, .T. ) ;
#4210 = EDGE_CURVE ( 'NONE', #2961, #2968, #1999, .T. ) ;
#4211 = LINE ( 'NONE', #611, #75 ) ;
#4212 = DIRECTION ( 'NONE',  ( -1.000000000000000000, -0.000000000000000000, -0.000000000000000000 ) ) ;
#4213 = ADVANCED_FACE ( 'NONE', ( #4028 ), #890, .F. ) ;
#4214 = VECTOR ( 'NONE', #1043, 1000.000000000000000 ) ;
#4215 = PRODUCT_CONTEXT ( 'NONE', #1438, 'mechanical' ) ;
#4216 = LINE ( 'NONE', #1819, #2030 ) ;
#4217 = FACE_OUTER_BOUND ( 'NONE', #1602, .T. ) ;
#4218 = DIRECTION ( 'NONE',  ( -0.000000000000000000, 1.000000000000000000, -0.000000000000000000 ) ) ;
#4219 = ORIENTED_EDGE ( 'NONE', *, *, #2691, .F. ) ;
#4220 = ORIENTED_EDGE ( 'NONE', *, *, #3047, .T. ) ;
#4221 = LINE ( 'NONE', #1093, #1083 ) ;
#4222 = ORIENTED_EDGE ( 'NONE', *, *, #1933, .T. ) ;
#4223 = CARTESIAN_POINT ( 'NONE',  ( 37.00000000000000000, -57.42000000000001592, 20.00000000000000355 ) ) ;
#4224 = DIRECTION ( 'NONE',  ( 0.000000000000000000, 0.000000000000000000, 1.000000000000000000 ) ) ;
#4225 = DIRECTION ( 'NONE',  ( 0.000000000000000000, -1.000000000000000000, 0.000000000000000000 ) ) ;
#4226 = DIRECTION ( 'NONE',  ( -0.000000000000000000, 1.000000000000000000, -0.000000000000000000 ) ) ;
#4227 = ORIENTED_EDGE ( 'NONE', *, *, #4915, .F. ) ;
#4228 = VERTEX_POINT ( 'NONE', #4884 ) ;
#4229 = CARTESIAN_POINT ( 'NONE',  ( -32.00000000000000000, -51.00000000000000711, 46.00000000000004263 ) ) ;
#4230 = DIRECTION ( 'NONE',  ( 0.000000000000000000, 0.000000000000000000, -1.000000000000000000 ) ) ;
#4231 = CYLINDRICAL_SURFACE ( 'NONE', #1486, 2.250000000000001776 ) ;
#4232 = ORIENTED_EDGE ( 'NONE', *, *, #4022, .F. ) ;
#4233 = FACE_OUTER_BOUND ( 'NONE', #4279, .T. ) ;
#4234 = CARTESIAN_POINT ( 'NONE',  ( -50.00000000000000000, 3.000000000000000000, 62.49999999999999289 ) ) ;
#4235 = EDGE_CURVE ( 'NONE', #5048, #1534, #4053, .T. ) ;
#4236 = EDGE_CURVE ( 'NONE', #338, #3701, #14, .T. ) ;
#4237 = CARTESIAN_POINT ( 'NONE',  ( 32.00000000000000000, -12.00000000000000000, -2.674999999999999822 ) ) ;
#4238 = VERTEX_POINT ( 'NONE', #4855 ) ;
#4239 = VECTOR ( 'NONE', #174, 1000.000000000000000 ) ;
#4240 = DIRECTION ( 'NONE',  ( 0.000000000000000000, 0.000000000000000000, 1.000000000000000000 ) ) ;
#4241 = ADVANCED_FACE ( 'NONE', ( #1283 ), #1237, .F. ) ;
#4242 = DIRECTION ( 'NONE',  ( 0.000000000000000000, 0.000000000000000000, -1.000000000000000000 ) ) ;
#4243 = EDGE_LOOP ( 'NONE', ( #4929, #5134 ) ) ;
#4244 = FACE_OUTER_BOUND ( 'NONE', #3164, .T. ) ;
#4245 = ORIENTED_EDGE ( 'NONE', *, *, #1825, .F. ) ;
#4246 = LINE ( 'NONE', #3490, #445 ) ;
#4247 = CARTESIAN_POINT ( 'NONE',  ( 47.99999999999999289, -61.42000000000000171, 7.175000000000515854 ) ) ;
#4248 = DIRECTION ( 'NONE',  ( 1.000000000000000000, 0.000000000000000000, -0.000000000000000000 ) ) ;
#4249 = VECTOR ( 'NONE', #2558, 1000.000000000000000 ) ;
#4250 = DIRECTION ( 'NONE',  ( 0.000000000000000000, 0.000000000000000000, 1.000000000000000000 ) ) ;
#4251 = ORIENTED_EDGE ( 'NONE', *, *, #281, .T. ) ;
#4252 = ORIENTED_EDGE ( 'NONE', *, *, #841, .F. ) ;
#4253 = DIRECTION ( 'NONE',  ( -1.000000000000000000, -0.000000000000000000, -0.000000000000000000 ) ) ;
#4254 = CARTESIAN_POINT ( 'NONE',  ( 27.75000000000000000, 3.000000000000000000, -35.69999999999999574 ) ) ;
#4255 = AXIS2_PLACEMENT_3D ( 'NONE', #2838, #4074, #3254 ) ;
#4256 = CARTESIAN_POINT ( 'NONE',  ( 32.00000000000000000, -51.00000000000000711, 46.00000000000004263 ) ) ;
#4257 = ORIENTED_EDGE ( 'NONE', *, *, #2946, .T. ) ;
#4258 = CIRCLE ( 'NONE', #3073, 2.299999999999996270 ) ;
#4259 = CARTESIAN_POINT ( 'NONE',  ( -27.75000000000000000, 0.000000000000000000, 35.69999999999999574 ) ) ;
#4260 = DIRECTION ( 'NONE',  ( -1.000000000000000000, 0.000000000000000000, 0.000000000000000000 ) ) ;
#4261 = DIRECTION ( 'NONE',  ( -0.000000000000000000, 0.000000000000000000, -1.000000000000000000 ) ) ;
#4262 = EDGE_LOOP ( 'NONE', ( #3752, #1204, #728, #2974 ) ) ;
#4263 = ADVANCED_FACE ( 'NONE', ( #469 ), #3652, .F. ) ;
#4264 = DIRECTION ( 'NONE',  ( 0.000000000000000000, 0.000000000000000000, -1.000000000000000000 ) ) ;
#4265 = CARTESIAN_POINT ( 'NONE',  ( -27.75000000000000000, 0.000000000000000000, -52.79999999999999005 ) ) ;
#4266 = CARTESIAN_POINT ( 'NONE',  ( -30.00000000000000355, 0.000000000000000000, 15.00000000000000355 ) ) ;
#4267 = ORIENTED_EDGE ( 'NONE', *, *, #528, .T. ) ;
#4268 = VECTOR ( 'NONE', #2189, 1000.000000000000000 ) ;
#4269 = ORIENTED_EDGE ( 'NONE', *, *, #4086, .F. ) ;
#4270 = PLANE ( 'NONE',  #4779 ) ;
#4271 = EDGE_LOOP ( 'NONE', ( #57, #2965, #3832, #1336 ) ) ;
#4272 = ORIENTED_EDGE ( 'NONE', *, *, #4030, .T. ) ;
#4273 = CARTESIAN_POINT ( 'NONE',  ( -43.99999999999987921, 10.00000000000000000, 38.49999999999999289 ) ) ;
#4274 = ADVANCED_FACE ( 'NONE', ( #382 ), #1975, .F. ) ;
#4275 = CIRCLE ( 'NONE', #2259, 1.700000000000000178 ) ;
#4276 = FACE_OUTER_BOUND ( 'NONE', #4537, .T. ) ;
#4277 = CARTESIAN_POINT ( 'NONE',  ( 30.00000000000000355, -81.99999999999998579, 15.00000000000000355 ) ) ;
#4278 = ORIENTED_EDGE ( 'NONE', *, *, #4724, .F. ) ;
#4279 = EDGE_LOOP ( 'NONE', ( #4623, #2436, #3214, #2110 ) ) ;
#4280 = AXIS2_PLACEMENT_3D ( 'NONE', #2617, #1065, #4242 ) ;
#4281 = DIRECTION ( 'NONE',  ( -1.000000000000000000, -0.000000000000000000, -0.000000000000000000 ) ) ;
#4282 = LINE ( 'NONE', #2707, #2690 ) ;
#4283 = AXIS2_PLACEMENT_3D ( 'NONE', #546, #2976, #3750 ) ;
#4284 = DIRECTION ( 'NONE',  ( -1.000000000000000000, -0.000000000000000000, -0.000000000000000000 ) ) ;
#4285 = CIRCLE ( 'NONE', #1268, 1.700000000000000178 ) ;
#4286 = EDGE_LOOP ( 'NONE', ( #2939, #2977 ) ) ;
#4287 = CYLINDRICAL_SURFACE ( 'NONE', #3670, 1.700000000000000178 ) ;
#4288 = DIRECTION ( 'NONE',  ( -1.000000000000000000, -0.000000000000000000, -0.000000000000000000 ) ) ;
#4289 = AXIS2_PLACEMENT_3D ( 'NONE', #760, #5125, #1531 ) ;
#4290 = AXIS2_PLACEMENT_3D ( 'NONE', #2432, #1652, #3247 ) ;
#4291 = DIRECTION ( 'NONE',  ( 0.000000000000000000, 0.000000000000000000, 1.000000000000000000 ) ) ;
#4292 = ORIENTED_EDGE ( 'NONE', *, *, #2703, .T. ) ;
#4293 = CIRCLE ( 'NONE', #4052, 1.700000000000000178 ) ;
#4294 = DIRECTION ( 'NONE',  ( -1.000000000000000000, -0.000000000000000000, -0.000000000000000000 ) ) ;
#4295 = VECTOR ( 'NONE', #3080, 1000.000000000000000 ) ;
#4296 = DIRECTION ( 'NONE',  ( 0.000000000000000000, 0.000000000000000000, -1.000000000000000000 ) ) ;
#4297 = ORIENTED_EDGE ( 'NONE', *, *, #2540, .T. ) ;
#4298 = DIRECTION ( 'NONE',  ( 0.000000000000000000, 3.469446951953614189E-16, -1.000000000000000000 ) ) ;
#4299 = VERTEX_POINT ( 'NONE', #1657 ) ;
#4300 = ORIENTED_EDGE ( 'NONE', *, *, #3098, .F. ) ;
#4301 = CARTESIAN_POINT ( 'NONE',  ( -27.75000000000000000, 0.000000000000000000, 35.69999999999999574 ) ) ;
#4302 = ADVANCED_FACE ( 'NONE', ( #2884 ), #1191, .F. ) ;
#4303 = DIRECTION ( 'NONE',  ( -0.000000000000000000, 1.000000000000000000, -0.000000000000000000 ) ) ;
#4304 = EDGE_CURVE ( 'NONE', #3644, #2905, #3678, .T. ) ;
#4305 = DIRECTION ( 'NONE',  ( 1.000000000000000000, 0.000000000000000000, 0.000000000000000000 ) ) ;
#4306 = ADVANCED_FACE ( 'NONE', ( #4807 ), #814, .F. ) ;
#4307 = ORIENTED_EDGE ( 'NONE', *, *, #175, .T. ) ;
#4308 = VERTEX_POINT ( 'NONE', #3779 ) ;
#4309 = VERTEX_POINT ( 'NONE', #4619 ) ;
#4310 = CYLINDRICAL_SURFACE ( 'NONE', #1103, 2.300000000000010481 ) ;
#4311 = CYLINDRICAL_SURFACE ( 'NONE', #3157, 2.250000000000000444 ) ;
#4312 = EDGE_LOOP ( 'NONE', ( #2845, #715, #1527, #4000 ) ) ;
#4313 = EDGE_CURVE ( 'NONE', #3651, #330, #4193, .T. ) ;
#4314 = DIRECTION ( 'NONE',  ( 0.000000000000000000, 1.000000000000000000, -0.000000000000000000 ) ) ;
#4315 = CARTESIAN_POINT ( 'NONE',  ( 46.00000000000002132, -61.42000000000003013, -37.47499999999996589 ) ) ;
#4316 = DIRECTION ( 'NONE',  ( 1.000000000000000000, 0.000000000000000000, -0.000000000000000000 ) ) ;
#4317 = ORIENTED_EDGE ( 'NONE', *, *, #1128, .T. ) ;
#4318 = FACE_BOUND ( 'NONE', #4986, .T. ) ;
#4319 = PLANE ( 'NONE',  #4194 ) ;
#4320 = ORIENTED_EDGE ( 'NONE', *, *, #2341, .T. ) ;
#4321 = AXIS2_PLACEMENT_3D ( 'NONE', #1995, #3593, #2331 ) ;
#4322 = ORIENTED_EDGE ( 'NONE', *, *, #663, .T. ) ;
#4323 = FACE_OUTER_BOUND ( 'NONE', #3611, .T. ) ;
#4324 = VERTEX_POINT ( 'NONE', #4125 ) ;
#4325 = ORIENTED_EDGE ( 'NONE', *, *, #204, .F. ) ;
#4326 = DIRECTION ( 'NONE',  ( 0.000000000000000000, 0.000000000000000000, 1.000000000000000000 ) ) ;
#4327 = CIRCLE ( 'NONE', #3491, 1.700000000000000178 ) ;
#4328 =( LENGTH_UNIT ( ) NAMED_UNIT ( * ) SI_UNIT ( .MILLI., .METRE. ) );
#4329 = DIRECTION ( 'NONE',  ( 0.000000000000000000, 0.000000000000000000, 1.000000000000000000 ) ) ;
#4330 = DIRECTION ( 'NONE',  ( 0.000000000000000000, 0.000000000000000000, -1.000000000000000000 ) ) ;
#4331 = ORIENTED_EDGE ( 'NONE', *, *, #1590, .T. ) ;
#4332 = EDGE_CURVE ( 'NONE', #2103, #2024, #3301, .T. ) ;
#4333 = VERTEX_POINT ( 'NONE', #3379 ) ;
#4334 = ORIENTED_EDGE ( 'NONE', *, *, #3600, .T. ) ;
#4335 = LINE ( 'NONE', #3551, #2029 ) ;
#4336 = ADVANCED_FACE ( 'NONE', ( #4980 ), #548, .F. ) ;
#4337 = AXIS2_PLACEMENT_3D ( 'NONE', #3037, #4649, #2652 ) ;
#4338 = DIRECTION ( 'NONE',  ( 0.000000000000000000, -0.000000000000000000, -1.000000000000000000 ) ) ;
#4339 = VERTEX_POINT ( 'NONE', #2978 ) ;
#4340 = DIRECTION ( 'NONE',  ( -0.000000000000000000, 1.000000000000000000, -0.000000000000000000 ) ) ;
#4341 = CARTESIAN_POINT ( 'NONE',  ( 32.00000000000000000, -61.42000000000000171, -4.924999999999485567 ) ) ;
#4342 = VECTOR ( 'NONE', #3031, 1000.000000000000000 ) ;
#4343 = ADVANCED_FACE ( 'NONE', ( #1380 ), #2956, .F. ) ;
#4344 = DIRECTION ( 'NONE',  ( 0.000000000000000000, 0.000000000000000000, -1.000000000000000000 ) ) ;
#4345 = CIRCLE ( 'NONE', #5006, 15.00000000000000000 ) ;
#4346 = ORIENTED_EDGE ( 'NONE', *, *, #1989, .T. ) ;
#4347 = EDGE_LOOP ( 'NONE', ( #5018, #2713, #3130, #3731 ) ) ;
#4348 = DIRECTION ( 'NONE',  ( 0.000000000000000000, 0.000000000000000000, 1.000000000000000000 ) ) ;
#4349 = AXIS2_PLACEMENT_3D ( 'NONE', #2450, #3718, #101 ) ;
#4350 = CARTESIAN_POINT ( 'NONE',  ( 47.99999999999999289, -61.42000000000000171, -4.924999999999485567 ) ) ;
#4351 = FACE_OUTER_BOUND ( 'NONE', #4624, .T. ) ;
#4352 = ORIENTED_EDGE ( 'NONE', *, *, #609, .T. ) ;
#4353 = LINE ( 'NONE', #3562, #1843 ) ;
#4354 = ORIENTED_EDGE ( 'NONE', *, *, #2772, .F. ) ;
#4355 = ORIENTED_EDGE ( 'NONE', *, *, #4115, .F. ) ;
#4356 = DIRECTION ( 'NONE',  ( 0.000000000000000000, 0.000000000000000000, 1.000000000000000000 ) ) ;
#4357 = DIRECTION ( 'NONE',  ( 0.000000000000000000, 0.000000000000000000, 1.000000000000000000 ) ) ;
#4358 = LINE ( 'NONE', #1992, #1090 ) ;
#4359 = FACE_BOUND ( 'NONE', #1124, .T. ) ;
#4360 = ORIENTED_EDGE ( 'NONE', *, *, #4814, .T. ) ;
#4361 = ORIENTED_EDGE ( 'NONE', *, *, #2470, .T. ) ;
#4362 = VERTEX_POINT ( 'NONE', #4590 ) ;
#4363 = FACE_OUTER_BOUND ( 'NONE', #2212, .T. ) ;
#4364 = AXIS2_PLACEMENT_3D ( 'NONE', #4609, #82, #1697 ) ;
#4365 = VECTOR ( 'NONE', #1504, 1000.000000000000000 ) ;
#4366 = EDGE_CURVE ( 'NONE', #3176, #5048, #34, .T. ) ;
#4367 = DIRECTION ( 'NONE',  ( 0.000000000000000000, 0.000000000000000000, -1.000000000000000000 ) ) ;
#4368 = CIRCLE ( 'NONE', #1931, 1.700000000000000178 ) ;
#4369 = EDGE_CURVE ( 'NONE', #2674, #2787, #2871, .T. ) ;
#4370 = VERTEX_POINT ( 'NONE', #4956 ) ;
#4371 = ORIENTED_EDGE ( 'NONE', *, *, #4597, .F. ) ;
#4372 = ORIENTED_EDGE ( 'NONE', *, *, #4332, .F. ) ;
#4373 = CARTESIAN_POINT ( 'NONE',  ( 32.00000000000000000, -12.00000000000000000, -37.47499999999999432 ) ) ;
#4374 = DIRECTION ( 'NONE',  ( 0.000000000000000000, 0.000000000000000000, 1.000000000000000000 ) ) ;
#4375 = AXIS2_PLACEMENT_3D ( 'NONE', #4794, #1225, #2822 ) ;
#4376 = AXIS2_PLACEMENT_3D ( 'NONE', #1798, #4092, #4189 ) ;
#4377 = ADVANCED_FACE ( 'NONE', ( #2520 ), #2549, .F. ) ;
#4378 = DIRECTION ( 'NONE',  ( -0.000000000000000000, -1.000000000000000000, -0.000000000000000000 ) ) ;
#4379 = EDGE_CURVE ( 'NONE', #220, #3596, #3289, .T. ) ;
#4380 = ORIENTED_EDGE ( 'NONE', *, *, #4634, .T. ) ;
#4381 = EDGE_CURVE ( 'NONE', #2503, #4486, #3630, .T. ) ;
#4382 = AXIS2_PLACEMENT_3D ( 'NONE', #5081, #1088, #1037 ) ;
#4383 = AXIS2_PLACEMENT_3D ( 'NONE', #1886, #3518, #4665 ) ;
#4384 = DIRECTION ( 'NONE',  ( -0.000000000000000000, -0.000000000000000000, 1.000000000000000000 ) ) ;
#4385 = AXIS2_PLACEMENT_3D ( 'NONE', #409, #4402, #710 ) ;
#4386 = CARTESIAN_POINT ( 'NONE',  ( 37.00000000000000000, -12.00000000000000000, -17.02499999999999858 ) ) ;
#4387 = VECTOR ( 'NONE', #754, 1000.000000000000000 ) ;
#4388 = ORIENTED_EDGE ( 'NONE', *, *, #5075, .F. ) ;
#4389 = ADVANCED_FACE ( 'NONE', ( #3807 ), #3351, .F. ) ;
#4390 = CARTESIAN_POINT ( 'NONE',  ( -43.99999999999987921, 10.00000000000000000, -40.19999999999999574 ) ) ;
#4391 = ORIENTED_EDGE ( 'NONE', *, *, #3047, .F. ) ;
#4392 = DIRECTION ( 'NONE',  ( -0.000000000000000000, -1.000000000000000000, -0.000000000000000000 ) ) ;
#4393 = AXIS2_PLACEMENT_3D ( 'NONE', #4068, #3972, #858 ) ;
#4394 = CARTESIAN_POINT ( 'NONE',  ( -37.00000000000000000, -33.50000000000000000, 46.00000000000004263 ) ) ;
#4395 = CARTESIAN_POINT ( 'NONE',  ( -31.99999999999999289, -12.00000000000000000, 2.674999999999999822 ) ) ;
#4396 = ORIENTED_EDGE ( 'NONE', *, *, #1028, .F. ) ;
#4397 = ORIENTED_EDGE ( 'NONE', *, *, #4171, .T. ) ;
#4398 = ORIENTED_EDGE ( 'NONE', *, *, #1609, .T. ) ;
#4399 = CARTESIAN_POINT ( 'NONE',  ( -37.00000000000000000, -75.00000000000000000, 50.00000000000006395 ) ) ;
#4400 = DIRECTION ( 'NONE',  ( -1.000000000000000000, -0.000000000000000000, -0.000000000000000000 ) ) ;
#4401 = VERTEX_POINT ( 'NONE', #570 ) ;
#4402 = DIRECTION ( 'NONE',  ( -1.000000000000000000, -0.000000000000000000, -0.000000000000000000 ) ) ;
#4403 = DIRECTION ( 'NONE',  ( 0.000000000000000000, 0.000000000000000000, 1.000000000000000000 ) ) ;
#4404 = CARTESIAN_POINT ( 'NONE',  ( -43.99999999999987921, 0.000000000000000000, 36.79999999999999005 ) ) ;
#4405 = EDGE_LOOP ( 'NONE', ( #4928, #4272, #3034, #3309 ) ) ;
#4406 = ADVANCED_FACE ( 'NONE', ( #1777 ), #4930, .F. ) ;
#4407 = LINE ( 'NONE', #367, #3279 ) ;
#4408 = EDGE_CURVE ( 'NONE', #3654, #2248, #1406, .T. ) ;
#4409 = ADVANCED_FACE ( 'NONE', ( #2202 ), #1707, .F. ) ;
#4410 = PLANE ( 'NONE',  #3319 ) ;
#4411 = ORIENTED_EDGE ( 'NONE', *, *, #677, .T. ) ;
#4412 = LINE ( 'NONE', #1545, #96 ) ;
#4413 = CYLINDRICAL_SURFACE ( 'NONE', #1623, 2.250000000000000444 ) ;
#4414 = EDGE_CURVE ( 'NONE', #4183, #1575, #2171, .T. ) ;
#4415 = CARTESIAN_POINT ( 'NONE',  ( 44.00000000000000711, 3.000000000000000000, 50.49999999999998579 ) ) ;
#4416 = DIRECTION ( 'NONE',  ( 0.000000000000000000, -1.000000000000000000, 0.000000000000000000 ) ) ;
#4417 = FACE_BOUND ( 'NONE', #1053, .T. ) ;
#4418 = ORIENTED_EDGE ( 'NONE', *, *, #2376, .F. ) ;
#4419 = ORIENTED_EDGE ( 'NONE', *, *, #2540, .F. ) ;
#4420 = ORIENTED_EDGE ( 'NONE', *, *, #1064, .F. ) ;
#4421 = DIRECTION ( 'NONE',  ( -1.000000000000000000, -0.000000000000000000, -0.000000000000000000 ) ) ;
#4422 = AXIS2_PLACEMENT_3D ( 'NONE', #2128, #1749, #4224 ) ;
#4423 = DIRECTION ( 'NONE',  ( 0.000000000000000000, 0.000000000000000000, 1.000000000000000000 ) ) ;
#4424 = ORIENTED_EDGE ( 'NONE', *, *, #1513, .F. ) ;
#4425 = VERTEX_POINT ( 'NONE', #4097 ) ;
#4426 = CYLINDRICAL_SURFACE ( 'NONE', #4385, 2.250000000000001776 ) ;
#4427 = CARTESIAN_POINT ( 'NONE',  ( 47.99999999999999289, -61.42000000000000171, 7.175000000000515854 ) ) ;
#4428 = CARTESIAN_POINT ( 'NONE',  ( -37.00000000000000000, -12.00000000000000000, -14.77499999999999858 ) ) ;
#4429 = EDGE_LOOP ( 'NONE', ( #2596, #346, #667, #2554 ) ) ;
#4430 = VECTOR ( 'NONE', #2138, 1000.000000000000000 ) ;
#4431 = DIRECTION ( 'NONE',  ( -1.000000000000000000, -0.000000000000000000, -0.000000000000000000 ) ) ;
#4432 = DIRECTION ( 'NONE',  ( 0.000000000000000000, 0.000000000000000000, -1.000000000000000000 ) ) ;
#4433 = CIRCLE ( 'NONE', #1737, 1.700000000000000178 ) ;
#4434 = EDGE_CURVE ( 'NONE', #4547, #1247, #943, .T. ) ;
#4435 = ORIENTED_EDGE ( 'NONE', *, *, #1232, .T. ) ;
#4436 = CARTESIAN_POINT ( 'NONE',  ( 67.99999999999997158, -51.00000000000000711, 46.00000000000004263 ) ) ;
#4437 = CIRCLE ( 'NONE', #3934, 2.250000000000001776 ) ;
#4438 = DIRECTION ( 'NONE',  ( -0.000000000000000000, -1.000000000000000000, -0.000000000000000000 ) ) ;
#4439 = FACE_OUTER_BOUND ( 'NONE', #42, .T. ) ;
#4440 = DIRECTION ( 'NONE',  ( -1.000000000000000000, 0.000000000000000000, 0.000000000000000000 ) ) ;
#4441 = EDGE_CURVE ( 'NONE', #4777, #3045, #699, .T. ) ;
#4442 = EDGE_LOOP ( 'NONE', ( #3350, #5143 ) ) ;
#4443 = ORIENTED_EDGE ( 'NONE', *, *, #2337, .F. ) ;
#4444 = LINE ( 'NONE', #2791, #4795 ) ;
#4445 = CARTESIAN_POINT ( 'NONE',  ( 47.99999999999999289, -61.42000000000000171, 4.925000000000514078 ) ) ;
#4446 = ORIENTED_EDGE ( 'NONE', *, *, #1701, .F. ) ;
#4447 = ORIENTED_EDGE ( 'NONE', *, *, #3996, .F. ) ;
#4448 = AXIS2_PLACEMENT_3D ( 'NONE', #2272, #3886, #4298 ) ;
#4449 = CYLINDRICAL_SURFACE ( 'NONE', #2479, 1.700000000000000178 ) ;
#4450 = CARTESIAN_POINT ( 'NONE',  ( 32.00000000000000000, -12.00000000000000000, -41.77499999999999147 ) ) ;
#4451 = AXIS2_PLACEMENT_3D ( 'NONE', #4812, #2893, #98 ) ;
#4452 = FACE_OUTER_BOUND ( 'NONE', #1642, .T. ) ;
#4453 = ORIENTED_EDGE ( 'NONE', *, *, #2803, .T. ) ;
#4454 = ORIENTED_EDGE ( 'NONE', *, *, #3479, .F. ) ;
#4455 = CIRCLE ( 'NONE', #3189, 2.149999999999999023 ) ;
#4456 = FACE_OUTER_BOUND ( 'NONE', #3516, .T. ) ;
#4457 = VECTOR ( 'NONE', #4294, 1000.000000000000000 ) ;
#4458 = VERTEX_POINT ( 'NONE', #4690 ) ;
#4459 = DIRECTION ( 'NONE',  ( 0.000000000000000000, 0.000000000000000000, -1.000000000000000000 ) ) ;
#4460 = CARTESIAN_POINT ( 'NONE',  ( -27.75000000000000000, -22.00000000000000355, -35.69999999999999574 ) ) ;
#4461 = VECTOR ( 'NONE', #3252, 1000.000000000000000 ) ;
#4462 = CARTESIAN_POINT ( 'NONE',  ( 44.00000000000000711, 0.000000000000000000, 52.19999999999998863 ) ) ;
#4463 = CARTESIAN_POINT ( 'NONE',  ( 32.00000000000000000, -61.42000000000003013, -37.47499999999996589 ) ) ;
#4464 = ORIENTED_EDGE ( 'NONE', *, *, #5070, .T. ) ;
#4465 = EDGE_LOOP ( 'NONE', ( #3640, #4740, #2353, #1463 ) ) ;
#4466 = AXIS2_PLACEMENT_3D ( 'NONE', #1859, #5089, #672 ) ;
#4467 = ORIENTED_EDGE ( 'NONE', *, *, #1792, .T. ) ;
#4468 = DIRECTION ( 'NONE',  ( 0.000000000000000000, 0.000000000000000000, -1.000000000000000000 ) ) ;
#4469 = EDGE_CURVE ( 'NONE', #942, #354, #643, .T. ) ;
#4470 = EDGE_CURVE ( 'NONE', #5107, #2574, #1096, .T. ) ;
#4471 = ADVANCED_FACE ( 'NONE', ( #3138 ), #1548, .F. ) ;
#4472 = AXIS2_PLACEMENT_3D ( 'NONE', #3643, #3962, #5138 ) ;
#4473 = DIRECTION ( 'NONE',  ( 0.000000000000000000, 0.000000000000000000, -1.000000000000000000 ) ) ;
#4474 = DIRECTION ( 'NONE',  ( 0.000000000000000000, 0.000000000000000000, -1.000000000000000000 ) ) ;
#4475 = ORIENTED_EDGE ( 'NONE', *, *, #932, .F. ) ;
#4476 = ORIENTED_EDGE ( 'NONE', *, *, #3334, .F. ) ;
#4477 = DIRECTION ( 'NONE',  ( -0.000000000000000000, 1.000000000000000000, -0.000000000000000000 ) ) ;
#4478 = CYLINDRICAL_SURFACE ( 'NONE', #4451, 1.700000000000000178 ) ;
#4479 = DIRECTION ( 'NONE',  ( 0.000000000000000000, 1.000000000000000000, 0.000000000000000000 ) ) ;
#4480 = ORIENTED_EDGE ( 'NONE', *, *, #265, .F. ) ;
#4481 = FACE_OUTER_BOUND ( 'NONE', #2898, .T. ) ;
#4482 = DIRECTION ( 'NONE',  ( -1.000000000000000000, 0.000000000000000000, 5.551115123125785858E-15 ) ) ;
#4483 = LINE ( 'NONE', #883, #3617 ) ;
#4484 = FACE_OUTER_BOUND ( 'NONE', #2953, .T. ) ;
#4485 = DIRECTION ( 'NONE',  ( -0.000000000000000000, -1.000000000000000000, -0.000000000000000000 ) ) ;
#4486 = VERTEX_POINT ( 'NONE', #1466 ) ;
#4487 = FACE_BOUND ( 'NONE', #958, .T. ) ;
#4488 = ORIENTED_EDGE ( 'NONE', *, *, #3269, .F. ) ;
#4489 = ORIENTED_EDGE ( 'NONE', *, *, #3245, .T. ) ;
#4490 = DIRECTION ( 'NONE',  ( -1.000000000000000000, -0.000000000000000000, -0.000000000000000000 ) ) ;
#4491 = CARTESIAN_POINT ( 'NONE',  ( -20.00000000000000000, 3.000000000000000000, -14.99999999999999645 ) ) ;
#4492 = DIRECTION ( 'NONE',  ( 0.000000000000000000, 0.000000000000000000, -1.000000000000000000 ) ) ;
#4493 = EDGE_CURVE ( 'NONE', #1247, #4547, #4800, .T. ) ;
#4494 = DIRECTION ( 'NONE',  ( -1.000000000000000000, 0.000000000000000000, 0.000000000000000000 ) ) ;
#4495 = ORIENTED_EDGE ( 'NONE', *, *, #1581, .T. ) ;
#4496 = ORIENTED_EDGE ( 'NONE', *, *, #1543, .T. ) ;
#4497 = EDGE_CURVE ( 'NONE', #3867, #1305, #3717, .T. ) ;
#4498 = AXIS2_PLACEMENT_3D ( 'NONE', #2140, #3317, #509 ) ;
#4499 = CARTESIAN_POINT ( 'NONE',  ( 27.75000000000000000, -22.00000000000000355, 35.69999999999999574 ) ) ;
#4500 = CARTESIAN_POINT ( 'NONE',  ( 44.00000000000000711, 10.00000000000000000, 50.49999999999998579 ) ) ;
#4501 = AXIS2_PLACEMENT_3D ( 'NONE', #221, #4253, #1024 ) ;
#4502 = FACE_OUTER_BOUND ( 'NONE', #941, .T. ) ;
#4503 = ORIENTED_EDGE ( 'NONE', *, *, #2373, .F. ) ;
#4504 = EDGE_CURVE ( 'NONE', #1223, #2428, #4246, .T. ) ;
#4505 = DIRECTION ( 'NONE',  ( 1.000000000000000000, 0.000000000000000000, 0.000000000000000000 ) ) ;
#4506 = FACE_OUTER_BOUND ( 'NONE', #2363, .T. ) ;
#4507 = AXIS2_PLACEMENT_3D ( 'NONE', #2724, #4248, #702 ) ;
#4508 = CARTESIAN_POINT ( 'NONE',  ( -12.50000000000000355, 3.000000000000000000, 15.00000000000000000 ) ) ;
#4509 = LINE ( 'NONE', #2167, #4620 ) ;
#4510 = ORIENTED_EDGE ( 'NONE', *, *, #1346, .F. ) ;
#4511 = FACE_BOUND ( 'NONE', #3137, .T. ) ;
#4512 = ORIENTED_EDGE ( 'NONE', *, *, #210, .F. ) ;
#4513 = ORIENTED_EDGE ( 'NONE', *, *, #476, .F. ) ;
#4514 = DIRECTION ( 'NONE',  ( 0.000000000000000000, 0.000000000000000000, 1.000000000000000000 ) ) ;
#4515 = DIRECTION ( 'NONE',  ( 1.000000000000000000, 0.000000000000000000, -0.000000000000000000 ) ) ;
#4516 = FACE_BOUND ( 'NONE', #533, .T. ) ;
#4517 = ORIENTED_EDGE ( 'NONE', *, *, #1445, .T. ) ;
#4518 = ORIENTED_EDGE ( 'NONE', *, *, #3933, .F. ) ;
#4519 = DIRECTION ( 'NONE',  ( 0.000000000000000000, -1.000000000000000000, 0.000000000000000000 ) ) ;
#4520 = CARTESIAN_POINT ( 'NONE',  ( 32.00000000000000000, -12.00000000000000000, -4.924999999999999822 ) ) ;
#4521 = DIRECTION ( 'NONE',  ( 0.000000000000000000, 1.000000000000000000, 0.000000000000000000 ) ) ;
#4522 = FACE_OUTER_BOUND ( 'NONE', #43, .T. ) ;
#4523 = AXIS2_PLACEMENT_3D ( 'NONE', #4436, #3135, #1597 ) ;
#4524 = ORIENTED_EDGE ( 'NONE', *, *, #1993, .T. ) ;
#4525 = CARTESIAN_POINT ( 'NONE',  ( -12.50000000000000355, 3.000000000000000000, -13.29999999999999893 ) ) ;
#4526 = EDGE_CURVE ( 'NONE', #297, #1123, #1832, .T. ) ;
#4527 = CIRCLE ( 'NONE', #4188, 1.700000000000000178 ) ;
#4528 = EDGE_CURVE ( 'NONE', #3275, #1627, #3053, .T. ) ;
#4529 = EDGE_CURVE ( 'NONE', #4425, #3275, #4882, .T. ) ;
#4530 = AXIS2_PLACEMENT_3D ( 'NONE', #1114, #2655, #2682 ) ;
#4531 = DIRECTION ( 'NONE',  ( -0.000000000000000000, 0.000000000000000000, 1.000000000000000000 ) ) ;
#4532 = VECTOR ( 'NONE', #3689, 1000.000000000000000 ) ;
#4533 = AXIS2_PLACEMENT_3D ( 'NONE', #4023, #4852, #421 ) ;
#4534 = DIRECTION ( 'NONE',  ( 0.000000000000000000, 0.000000000000000000, 1.000000000000000000 ) ) ;
#4535 = ADVANCED_FACE ( 'NONE', ( #2670 ), #4744, .F. ) ;
#4536 = ORIENTED_EDGE ( 'NONE', *, *, #140, .F. ) ;
#4537 = EDGE_LOOP ( 'NONE', ( #3837, #3916, #532, #1763 ) ) ;
#4538 = PLANE ( 'NONE',  #4947 ) ;
#4539 = ORIENTED_EDGE ( 'NONE', *, *, #58, .F. ) ;
#4540 = CARTESIAN_POINT ( 'NONE',  ( -27.75000000000000000, 0.000000000000000000, 54.49999999999999289 ) ) ;
#4541 = CIRCLE ( 'NONE', #1017, 1.700000000000000178 ) ;
#4542 = CIRCLE ( 'NONE', #4045, 2.149999999999999023 ) ;
#4543 = DIRECTION ( 'NONE',  ( 0.000000000000000000, 1.000000000000000000, -0.000000000000000000 ) ) ;
#4544 = LINE ( 'NONE', #1410, #4843 ) ;
#4545 = AXIS2_PLACEMENT_3D ( 'NONE', #1747, #4905, #1803 ) ;
#4546 = CIRCLE ( 'NONE', #3627, 1.700000000000000178 ) ;
#4547 = VERTEX_POINT ( 'NONE', #5060 ) ;
#4548 = VERTEX_POINT ( 'NONE', #3912 ) ;
#4549 = CARTESIAN_POINT ( 'NONE',  ( 32.00000000000000000, -19.04316770519904622, 50.00000000000003553 ) ) ;
#4550 = LINE ( 'NONE', #3311, #768 ) ;
#4551 = AXIS2_PLACEMENT_3D ( 'NONE', #3243, #1182, #84 ) ;
#4552 = DIRECTION ( 'NONE',  ( 1.000000000000000000, 0.000000000000000000, -0.000000000000000000 ) ) ;
#4553 = ORIENTED_EDGE ( 'NONE', *, *, #5082, .F. ) ;
#4554 = CYLINDRICAL_SURFACE ( 'NONE', #508, 2.299999999999996270 ) ;
#4555 = EDGE_CURVE ( 'NONE', #1331, #4076, #2615, .T. ) ;
#4556 = ADVANCED_FACE ( 'NONE', ( #5033 ), #2275, .F. ) ;
#4557 = DIRECTION ( 'NONE',  ( 0.000000000000000000, 0.000000000000000000, 1.000000000000000000 ) ) ;
#4558 = LINE ( 'NONE', #2588, #3871 ) ;
#4559 = EDGE_LOOP ( 'NONE', ( #167, #4026, #4553, #1883 ) ) ;
#4560 = ORIENTED_EDGE ( 'NONE', *, *, #4157, .F. ) ;
#4561 = FACE_BOUND ( 'NONE', #2697, .T. ) ;
#4562 = EDGE_LOOP ( 'NONE', ( #1152, #813 ) ) ;
#4563 = EDGE_LOOP ( 'NONE', ( #1500, #430, #3052, #4443 ) ) ;
#4564 = DIRECTION ( 'NONE',  ( -1.000000000000000000, 0.000000000000000000, 0.000000000000000000 ) ) ;
#4565 = EDGE_CURVE ( 'NONE', #5039, #2324, #4967, .T. ) ;
#4566 = DIRECTION ( 'NONE',  ( 0.000000000000000000, 0.000000000000000000, 1.000000000000000000 ) ) ;
#4567 = CARTESIAN_POINT ( 'NONE',  ( -32.00000000000000000, -75.00000000000000000, 20.00000000000001066 ) ) ;
#4568 = CARTESIAN_POINT ( 'NONE',  ( -43.99999999999987921, 3.000000000000000000, -40.19999999999999574 ) ) ;
#4569 = FACE_BOUND ( 'NONE', #2824, .T. ) ;
#4570 = ORIENTED_EDGE ( 'NONE', *, *, #4181, .T. ) ;
#4571 = ORIENTED_EDGE ( 'NONE', *, *, #3141, .F. ) ;
#4572 = CARTESIAN_POINT ( 'NONE',  ( -44.00000000000000711, 0.000000000000000000, -48.79999999999999005 ) ) ;
#4573 = DIRECTION ( 'NONE',  ( 0.000000000000000000, -1.000000000000000000, 0.000000000000000000 ) ) ;
#4574 = DIRECTION ( 'NONE',  ( 0.000000000000000000, 0.000000000000000000, -1.000000000000000000 ) ) ;
#4575 = VECTOR ( 'NONE', #876, 1000.000000000000114 ) ;
#4576 = ORIENTED_EDGE ( 'NONE', *, *, #3964, .F. ) ;
#4577 = DIRECTION ( 'NONE',  ( 0.000000000000000000, -1.000000000000000000, 0.000000000000000000 ) ) ;
#4578 = CARTESIAN_POINT ( 'NONE',  ( 43.99999999999987921, 3.000000000000000000, 36.79999999999999005 ) ) ;
#4579 = CARTESIAN_POINT ( 'NONE',  ( 37.00000000000000000, -61.41999999999998749, -17.02499999999999858 ) ) ;
#4580 = AXIS2_PLACEMENT_3D ( 'NONE', #4670, #1867, #194 ) ;
#4581 = ORIENTED_EDGE ( 'NONE', *, *, #2563, .F. ) ;
#4582 = DIRECTION ( 'NONE',  ( -1.000000000000000000, -0.000000000000000000, -0.000000000000000000 ) ) ;
#4583 = EDGE_CURVE ( 'NONE', #4742, #304, #1521, .T. ) ;
#4584 = DIRECTION ( 'NONE',  ( -0.000000000000000000, -1.000000000000000000, -0.000000000000000000 ) ) ;
#4585 = VERTEX_POINT ( 'NONE', #4223 ) ;
#4586 = VERTEX_POINT ( 'NONE', #723 ) ;
#4587 = FACE_BOUND ( 'NONE', #3513, .T. ) ;
#4588 = EDGE_LOOP ( 'NONE', ( #759, #448 ) ) ;
#4589 = VECTOR ( 'NONE', #471, 1000.000000000000000 ) ;
#4590 = CARTESIAN_POINT ( 'NONE',  ( -20.00000000000000000, 0.000000000000000000, -14.99999999999999645 ) ) ;
#4591 = AXIS2_PLACEMENT_3D ( 'NONE', #2188, #3796, #1845 ) ;
#4592 = EDGE_CURVE ( 'NONE', #3495, #2706, #1020, .T. ) ;
#4593 = CARTESIAN_POINT ( 'NONE',  ( 37.00000000000000000, -61.42000000000001592, -24.62499999999999645 ) ) ;
#4594 = VECTOR ( 'NONE', #551, 1000.000000000000000 ) ;
#4595 = ADVANCED_FACE ( 'NONE', ( #5146 ), #239, .F. ) ;
#4596 = CARTESIAN_POINT ( 'NONE',  ( 44.00000000000000711, 10.00000000000000000, -52.19999999999998863 ) ) ;
#4597 = EDGE_CURVE ( 'NONE', #1907, #2338, #4051, .T. ) ;
#4598 = CARTESIAN_POINT ( 'NONE',  ( 37.00000000000000000, -12.00000000000000000, -24.62499999999999645 ) ) ;
#4599 = ORIENTED_EDGE ( 'NONE', *, *, #3865, .T. ) ;
#4600 = EDGE_LOOP ( 'NONE', ( #4581, #4446, #407, #4941 ) ) ;
#4601 = CARTESIAN_POINT ( 'NONE',  ( 47.99999999999999289, -12.00000000000000000, 2.674999999999999822 ) ) ;
#4602 = DIRECTION ( 'NONE',  ( 0.000000000000000000, 0.000000000000000000, 1.000000000000000000 ) ) ;
#4603 = AXIS2_PLACEMENT_3D ( 'NONE', #823, #4479, #2109 ) ;
#4604 = DIRECTION ( 'NONE',  ( -0.000000000000000000, 1.000000000000000000, -0.000000000000000000 ) ) ;
#4605 = DIRECTION ( 'NONE',  ( 0.000000000000000000, -1.000000000000000000, 0.000000000000000000 ) ) ;
#4606 = ORIENTED_EDGE ( 'NONE', *, *, #1128, .F. ) ;
#4607 = ADVANCED_FACE ( 'NONE', ( #4043 ), #4413, .F. ) ;
#4608 = DIRECTION ( 'NONE',  ( -1.000000000000000000, 0.000000000000000000, 0.000000000000000000 ) ) ;
#4609 = CARTESIAN_POINT ( 'NONE',  ( 47.99999999999999289, -61.42000000000000171, 4.925000000000514078 ) ) ;
#4610 = DIRECTION ( 'NONE',  ( 0.000000000000000000, -1.000000000000000000, 0.000000000000000000 ) ) ;
#4611 = AXIS2_PLACEMENT_3D ( 'NONE', #344, #1937, #443 ) ;
#4612 = CARTESIAN_POINT ( 'NONE',  ( -44.00000000000000711, 3.000000000000000000, -50.49999999999998579 ) ) ;
#4613 = VECTOR ( 'NONE', #4633, 1000.000000000000000 ) ;
#4614 = DIRECTION ( 'NONE',  ( -0.000000000000000000, 1.000000000000000000, -0.000000000000000000 ) ) ;
#4615 = ORIENTED_EDGE ( 'NONE', *, *, #334, .F. ) ;
#4616 = ORIENTED_EDGE ( 'NONE', *, *, #909, .F. ) ;
#4617 = DIRECTION ( 'NONE',  ( 0.000000000000000000, -0.7071067811865486830, 0.7071067811865464625 ) ) ;
#4618 = ORIENTED_EDGE ( 'NONE', *, *, #4441, .F. ) ;
#4619 = CARTESIAN_POINT ( 'NONE',  ( 44.00000000000000711, 3.000000000000000000, 52.19999999999998863 ) ) ;
#4620 = VECTOR ( 'NONE', #1742, 1000.000000000000000 ) ;
#4621 = CARTESIAN_POINT ( 'NONE',  ( 37.00000000000000000, -75.00000000000000000, 20.00000000000001066 ) ) ;
#4622 = FACE_OUTER_BOUND ( 'NONE', #947, .T. ) ;
#4623 = ORIENTED_EDGE ( 'NONE', *, *, #1836, .T. ) ;
#4624 = EDGE_LOOP ( 'NONE', ( #5122, #4219, #5115, #1133 ) ) ;
#4625 = DIRECTION ( 'NONE',  ( -1.000000000000000000, 0.000000000000000000, 0.000000000000000000 ) ) ;
#4626 = DIRECTION ( 'NONE',  ( -1.000000000000000000, 0.000000000000000000, 0.000000000000000000 ) ) ;
#4627 = ADVANCED_FACE ( 'NONE', ( #60 ), #3266, .F. ) ;
#4628 = EDGE_CURVE ( 'NONE', #2669, #406, #1769, .T. ) ;
#4629 = AXIS2_PLACEMENT_3D ( 'NONE', #1871, #4753, #5068 ) ;
#4630 = DIRECTION ( 'NONE',  ( 0.000000000000000000, 0.000000000000000000, 1.000000000000000000 ) ) ;
#4631 = EDGE_LOOP ( 'NONE', ( #2673, #791 ) ) ;
#4632 = CARTESIAN_POINT ( 'NONE',  ( 32.00000000000000000, -57.41999999999998749, -49.99999999999996447 ) ) ;
#4633 = DIRECTION ( 'NONE',  ( -0.000000000000000000, 1.000000000000000000, -0.000000000000000000 ) ) ;
#4634 = EDGE_CURVE ( 'NONE', #3946, #143, #854, .T. ) ;
#4635 = DIRECTION ( 'NONE',  ( 1.000000000000000000, -0.000000000000000000, -0.000000000000000000 ) ) ;
#4636 = EDGE_LOOP ( 'NONE', ( #2031, #1005 ) ) ;
#4637 = FACE_BOUND ( 'NONE', #2606, .T. ) ;
#4638 = CARTESIAN_POINT ( 'NONE',  ( 46.00000000000002132, -61.42000000000001592, -24.62499999999999645 ) ) ;
#4639 = ORIENTED_EDGE ( 'NONE', *, *, #2190, .T. ) ;
#4640 = DIRECTION ( 'NONE',  ( -0.000000000000000000, -0.000000000000000000, -1.000000000000000000 ) ) ;
#4641 = ORIENTED_EDGE ( 'NONE', *, *, #3450, .T. ) ;
#4642 = DIRECTION ( 'NONE',  ( 1.000000000000000000, 0.000000000000000000, 0.000000000000000000 ) ) ;
#4643 = CARTESIAN_POINT ( 'NONE',  ( 68.00000000000000000, -19.04316770519888991, 49.99999999999948130 ) ) ;
#4644 = FACE_OUTER_BOUND ( 'NONE', #610, .T. ) ;
#4645 = ORIENTED_EDGE ( 'NONE', *, *, #1138, .F. ) ;
#4646 = ORIENTED_EDGE ( 'NONE', *, *, #2602, .T. ) ;
#4647 = FACE_OUTER_BOUND ( 'NONE', #1800, .T. ) ;
#4648 = FACE_OUTER_BOUND ( 'NONE', #133, .T. ) ;
#4649 = DIRECTION ( 'NONE',  ( 0.000000000000000000, -1.000000000000000000, 0.000000000000000000 ) ) ;
#4650 = ADVANCED_FACE ( 'NONE', ( #2851 ), #2827, .F. ) ;
#4651 = VERTEX_POINT ( 'NONE', #418 ) ;
#4652 = CARTESIAN_POINT ( 'NONE',  ( -37.00000000000000000, -7.999999999999965361, -49.99999999999994316 ) ) ;
#4653 = DIRECTION ( 'NONE',  ( 0.000000000000000000, 0.000000000000000000, -1.000000000000000000 ) ) ;
#4654 = SHAPE_DEFINITION_REPRESENTATION ( #2131, #2409 ) ;
#4655 = CARTESIAN_POINT ( 'NONE',  ( 47.99999999999999289, -12.00000000000000000, 14.77499999999999858 ) ) ;
#4656 = EDGE_CURVE ( 'NONE', #4486, #2503, #192, .T. ) ;
#4657 = ORIENTED_EDGE ( 'NONE', *, *, #1199, .T. ) ;
#4658 = CARTESIAN_POINT ( 'NONE',  ( -43.99999999999987921, 3.000000000000000000, 40.19999999999999574 ) ) ;
#4659 = DIRECTION ( 'NONE',  ( 0.000000000000000000, 0.000000000000000000, 1.000000000000000000 ) ) ;
#4660 = ORIENTED_EDGE ( 'NONE', *, *, #2864, .F. ) ;
#4661 = CARTESIAN_POINT ( 'NONE',  ( 37.00000000000000000, -75.00000000000009948, 39.99999999999997868 ) ) ;
#4662 = ORIENTED_EDGE ( 'NONE', *, *, #1513, .T. ) ;
#4663 = VERTEX_POINT ( 'NONE', #396 ) ;
#4664 = DIRECTION ( 'NONE',  ( -1.000000000000000000, 0.000000000000000000, 0.000000000000000000 ) ) ;
#4665 = DIRECTION ( 'NONE',  ( 0.000000000000000000, 0.000000000000000000, -1.000000000000000000 ) ) ;
#4666 = LINE ( 'NONE', #3893, #3414 ) ;
#4667 = CIRCLE ( 'NONE', #322, 1.700000000000000178 ) ;
#4668 = ORIENTED_EDGE ( 'NONE', *, *, #1733, .T. ) ;
#4669 = ORIENTED_EDGE ( 'NONE', *, *, #2603, .T. ) ;
#4670 = CARTESIAN_POINT ( 'NONE',  ( -27.75000000000000000, 3.000000000000000000, -54.49999999999999289 ) ) ;
#4671 = CARTESIAN_POINT ( 'NONE',  ( 32.00000000000000000, -61.42000000000000171, -7.174999999999485567 ) ) ;
#4672 = VECTOR ( 'NONE', #725, 1000.000000000000000 ) ;
#4673 = CARTESIAN_POINT ( 'NONE',  ( -43.99999999999975131, 3.000000000000000000, -24.79999999999999005 ) ) ;
#4674 = VERTEX_POINT ( 'NONE', #3220 ) ;
#4675 = AXIS2_PLACEMENT_3D ( 'NONE', #4655, #1300, #3821 ) ;
#4676 = LINE ( 'NONE', #4632, #5022 ) ;
#4677 = DIRECTION ( 'NONE',  ( -1.000000000000000000, -0.000000000000000000, -0.000000000000000000 ) ) ;
#4678 = CARTESIAN_POINT ( 'NONE',  ( 30.00000000000000355, -81.99999999999998579, -14.99999999999999645 ) ) ;
#4679 = ORIENTED_EDGE ( 'NONE', *, *, #4887, .F. ) ;
#4680 = ADVANCED_FACE ( 'NONE', ( #5 ), #2355, .F. ) ;
#4681 = DIRECTION ( 'NONE',  ( 0.000000000000000000, 0.000000000000000000, 1.000000000000000000 ) ) ;
#4682 = EDGE_CURVE ( 'NONE', #2598, #4708, #3024, .T. ) ;
#4683 = EDGE_CURVE ( 'NONE', #2453, #393, #3620, .T. ) ;
#4684 = DIRECTION ( 'NONE',  ( 0.000000000000000000, 0.000000000000000000, -1.000000000000000000 ) ) ;
#4685 = AXIS2_PLACEMENT_3D ( 'NONE', #213, #3909, #3077 ) ;
#4686 = ORIENTED_EDGE ( 'NONE', *, *, #1321, .T. ) ;
#4687 = CARTESIAN_POINT ( 'NONE',  ( 12.49999999999999645, 0.000000000000000000, 15.00000000000000355 ) ) ;
#4688 = ORIENTED_EDGE ( 'NONE', *, *, #3040, .T. ) ;
#4689 = ORIENTED_EDGE ( 'NONE', *, *, #5147, .F. ) ;
#4690 = CARTESIAN_POINT ( 'NONE',  ( 32.00000000000000000, -64.99999999999998579, -49.99999999999997158 ) ) ;
#4691 = AXIS2_PLACEMENT_3D ( 'NONE', #4733, #1536, #3179 ) ;
#4692 = EDGE_CURVE ( 'NONE', #719, #1490, #782, .T. ) ;
#4693 = DIRECTION ( 'NONE',  ( 0.000000000000000000, 0.000000000000000000, -1.000000000000000000 ) ) ;
#4694 = FACE_BOUND ( 'NONE', #4006, .T. ) ;
#4695 = ORIENTED_EDGE ( 'NONE', *, *, #3123, .T. ) ;
#4696 = EDGE_LOOP ( 'NONE', ( #4420, #4495, #4201, #4121 ) ) ;
#4697 = AXIS2_PLACEMENT_3D ( 'NONE', #4638, #2245, #693 ) ;
#4698 = EDGE_LOOP ( 'NONE', ( #748, #2298, #4153, #1547 ) ) ;
#4699 = DIRECTION ( 'NONE',  ( -1.000000000000000000, 0.000000000000000000, 0.000000000000000000 ) ) ;
#4700 = AXIS2_PLACEMENT_3D ( 'NONE', #1322, #3720, #2585 ) ;
#4701 = CARTESIAN_POINT ( 'NONE',  ( 12.49999999999999645, -80.00000000000001421, -15.00000000000000355 ) ) ;
#4702 = AXIS2_PLACEMENT_3D ( 'NONE', #55, #2424, #32 ) ;
#4703 = ORIENTED_EDGE ( 'NONE', *, *, #1284, .T. ) ;
#4704 = LINE ( 'NONE', #3178, #252 ) ;
#4705 = CARTESIAN_POINT ( 'NONE',  ( -31.99999999999999289, -12.00000000000000000, 12.52499999999999858 ) ) ;
#4706 = AXIS2_PLACEMENT_3D ( 'NONE', #1571, #783, #3221 ) ;
#4707 = LINE ( 'NONE', #713, #566 ) ;
#4708 = VERTEX_POINT ( 'NONE', #2430 ) ;
#4709 = AXIS2_PLACEMENT_3D ( 'NONE', #2752, #806, #4356 ) ;
#4710 = CIRCLE ( 'NONE', #3711, 2.250000000000001776 ) ;
#4711 = FACE_BOUND ( 'NONE', #2014, .T. ) ;
#4712 = AXIS2_PLACEMENT_3D ( 'NONE', #1822, #2614, #3508 ) ;
#4713 = DIRECTION ( 'NONE',  ( -1.000000000000000000, 0.000000000000000000, 0.000000000000000000 ) ) ;
#4714 = LINE ( 'NONE', #259, #842 ) ;
#4715 = EDGE_CURVE ( 'NONE', #4871, #507, #2191, .T. ) ;
#4716 = ORIENTED_EDGE ( 'NONE', *, *, #874, .T. ) ;
#4717 = FACE_OUTER_BOUND ( 'NONE', #4347, .T. ) ;
#4718 = ORIENTED_EDGE ( 'NONE', *, *, #2630, .T. ) ;
#4719 = ORIENTED_EDGE ( 'NONE', *, *, #4181, .F. ) ;
#4720 = CARTESIAN_POINT ( 'NONE',  ( 37.00000000000000000, -61.42000000000000171, -4.924999999999485567 ) ) ;
#4721 = CARTESIAN_POINT ( 'NONE',  ( 37.00000000000000000, -12.00000000000000000, 4.924999999999999822 ) ) ;
#4722 = CARTESIAN_POINT ( 'NONE',  ( 37.00000000000000000, 0.000000000000000000, -49.99999999999994316 ) ) ;
#4723 = FACE_OUTER_BOUND ( 'NONE', #2176, .T. ) ;
#4724 = EDGE_CURVE ( 'NONE', #4708, #3378, #3192, .T. ) ;
#4725 = AXIS2_PLACEMENT_3D ( 'NONE', #3846, #2654, #3062 ) ;
#4726 = ORIENTED_EDGE ( 'NONE', *, *, #3825, .T. ) ;
#4727 = ORIENTED_EDGE ( 'NONE', *, *, #1161, .T. ) ;
#4728 = VERTEX_POINT ( 'NONE', #4799 ) ;
#4729 = CARTESIAN_POINT ( 'NONE',  ( -12.50000000000000355, 0.000000000000000000, 13.29999999999999893 ) ) ;
#4730 = CARTESIAN_POINT ( 'NONE',  ( -32.00000000000000000, -75.00000000000000000, -49.99999999999997158 ) ) ;
#4731 = ORIENTED_EDGE ( 'NONE', *, *, #1208, .F. ) ;
#4732 = DIRECTION ( 'NONE',  ( 1.000000000000000000, 0.000000000000000000, -0.000000000000000000 ) ) ;
#4733 = CARTESIAN_POINT ( 'NONE',  ( 32.00000000000000000, -61.42000000000001592, -24.62499999999999645 ) ) ;
#4734 = CARTESIAN_POINT ( 'NONE',  ( 32.00000000000000000, -12.00000000000000000, 4.924999999999999822 ) ) ;
#4735 = ORIENTED_EDGE ( 'NONE', *, *, #1895, .T. ) ;
#4736 = CARTESIAN_POINT ( 'NONE',  ( 44.00000000000000711, 3.000000000000000000, -48.79999999999999005 ) ) ;
#4737 = FACE_BOUND ( 'NONE', #3234, .T. ) ;
#4738 = CARTESIAN_POINT ( 'NONE',  ( 67.99999999999997158, -16.00000000000000000, 46.00000000000004263 ) ) ;
#4739 = CIRCLE ( 'NONE', #2819, 2.149999999999999023 ) ;
#4740 = ORIENTED_EDGE ( 'NONE', *, *, #863, .F. ) ;
#4741 = CARTESIAN_POINT ( 'NONE',  ( -37.00000000000000000, -61.41999999999998749, 12.52499999999999680 ) ) ;
#4742 = VERTEX_POINT ( 'NONE', #2806 ) ;
#4743 = ORIENTED_EDGE ( 'NONE', *, *, #1710, .F. ) ;
#4744 = CYLINDRICAL_SURFACE ( 'NONE', #5051, 1.700000000000000178 ) ;
#4745 = EDGE_CURVE ( 'NONE', #1436, #3308, #5168, .T. ) ;
#4746 = CIRCLE ( 'NONE', #4161, 2.149999999999999023 ) ;
#4747 = CARTESIAN_POINT ( 'NONE',  ( 43.99999999999975131, 0.000000000000000000, 26.49999999999998934 ) ) ;
#4748 = CARTESIAN_POINT ( 'NONE',  ( -50.00000000000000000, 0.000000000000000000, 62.49999999999999289 ) ) ;
#4749 = FACE_BOUND ( 'NONE', #4442, .T. ) ;
#4750 = ORIENTED_EDGE ( 'NONE', *, *, #1991, .T. ) ;
#4751 = EDGE_LOOP ( 'NONE', ( #12, #1878 ) ) ;
#4752 = VERTEX_POINT ( 'NONE', #1569 ) ;
#4753 = DIRECTION ( 'NONE',  ( -1.000000000000000000, -0.000000000000000000, -0.000000000000000000 ) ) ;
#4754 = ADVANCED_FACE ( 'NONE', ( #2041 ), #2459, .F. ) ;
#4755 = ADVANCED_FACE ( 'NONE', ( #179 ), #4973, .F. ) ;
#4756 = EDGE_CURVE ( 'NONE', #1390, #3918, #2201, .T. ) ;
#4757 = CARTESIAN_POINT ( 'NONE',  ( -37.00000000000000000, -12.00000000000000000, -7.174999999999998934 ) ) ;
#4758 = ORIENTED_EDGE ( 'NONE', *, *, #1450, .T. ) ;
#4759 = CARTESIAN_POINT ( 'NONE',  ( 44.00000000000000711, 10.00000000000000000, -50.49999999999998579 ) ) ;
#4760 = CYLINDRICAL_SURFACE ( 'NONE', #1682, 1.700000000000000178 ) ;
#4761 = AXIS2_PLACEMENT_3D ( 'NONE', #2418, #1684, #1582 ) ;
#4762 = LINE ( 'NONE', #689, #3679 ) ;
#4763 = EDGE_CURVE ( 'NONE', #894, #1421, #4285, .T. ) ;
#4764 = CIRCLE ( 'NONE', #908, 1.700000000000000178 ) ;
#4765 = ORIENTED_EDGE ( 'NONE', *, *, #4526, .F. ) ;
#4766 = VERTEX_POINT ( 'NONE', #1768 ) ;
#4767 = CARTESIAN_POINT ( 'NONE',  ( -44.00000000000000711, 10.00000000000000000, -52.19999999999998863 ) ) ;
#4768 = ORIENTED_EDGE ( 'NONE', *, *, #3473, .T. ) ;
#4769 = DIRECTION ( 'NONE',  ( 0.000000000000000000, 0.000000000000000000, 1.000000000000000000 ) ) ;
#4770 = ORIENTED_EDGE ( 'NONE', *, *, #4814, .F. ) ;
#4771 = CARTESIAN_POINT ( 'NONE',  ( 47.99999999999999289, -12.00000000000000000, 14.77499999999999858 ) ) ;
#4772 = CARTESIAN_POINT ( 'NONE',  ( 46.00000000000002132, -61.42000000000001592, -22.47499999999999787 ) ) ;
#4773 = DIRECTION ( 'NONE',  ( 0.000000000000000000, -1.000000000000000000, 0.000000000000000000 ) ) ;
#4774 = CARTESIAN_POINT ( 'NONE',  ( 0.000000000000000000, 0.000000000000000000, 0.000000000000000000 ) ) ;
#4775 = ORIENTED_EDGE ( 'NONE', *, *, #512, .T. ) ;
#4776 = ORIENTED_EDGE ( 'NONE', *, *, #2382, .T. ) ;
#4777 = VERTEX_POINT ( 'NONE', #4162 ) ;
#4778 = DIRECTION ( 'NONE',  ( -0.000000000000000000, 1.000000000000000000, -0.000000000000000000 ) ) ;
#4779 = AXIS2_PLACEMENT_3D ( 'NONE', #3858, #3463, #1909 ) ;
#4780 = LINE ( 'NONE', #2793, #2658 ) ;
#4781 = AXIS2_PLACEMENT_3D ( 'NONE', #1196, #3554, #1979 ) ;
#4782 = VECTOR ( 'NONE', #4677, 1000.000000000000000 ) ;
#4783 = VERTEX_POINT ( 'NONE', #2927 ) ;
#4784 = VERTEX_POINT ( 'NONE', #1741 ) ;
#4785 = ADVANCED_FACE ( 'NONE', ( #562 ), #4139, .F. ) ;
#4786 = DIRECTION ( 'NONE',  ( 0.000000000000000000, 0.000000000000000000, -1.000000000000000000 ) ) ;
#4787 = CARTESIAN_POINT ( 'NONE',  ( 27.75000000000000000, 3.000000000000000000, 35.69999999999999574 ) ) ;
#4788 = EDGE_CURVE ( 'NONE', #4708, #2598, #762, .T. ) ;
#4789 = VECTOR ( 'NONE', #2880, 1000.000000000000000 ) ;
#4790 = PLANE ( 'NONE',  #3167 ) ;
#4791 = VERTEX_POINT ( 'NONE', #590 ) ;
#4792 = EDGE_LOOP ( 'NONE', ( #968, #1219, #3136, #3683 ) ) ;
#4793 = ADVANCED_FACE ( 'NONE', ( #108, #1325, #3722, #2194, #4187, #2970, #4506, #3772, #1698, #1276, #1299, #911, #4114, #2142, #2166 ), #517, .F. ) ;
#4794 = CARTESIAN_POINT ( 'NONE',  ( -2.220446049250323431E-13, -75.00000000000000000, -40.00000000000017053 ) ) ;
#4795 = VECTOR ( 'NONE', #5177, 1000.000000000000000 ) ;
#4796 = CIRCLE ( 'NONE', #3458, 2.250000000000000000 ) ;
#4797 = EDGE_LOOP ( 'NONE', ( #1236, #1281, #4735, #604 ) ) ;
#4798 = CARTESIAN_POINT ( 'NONE',  ( -37.00000000000000000, -12.00000000000000000, -2.674999999999999822 ) ) ;
#4799 = CARTESIAN_POINT ( 'NONE',  ( -37.00000000000000000, -75.00000000000000000, -39.99999999999995737 ) ) ;
#4800 = CIRCLE ( 'NONE', #4466, 2.299999999999996270 ) ;
#4801 = CARTESIAN_POINT ( 'NONE',  ( -43.99999999999975131, 0.000000000000000000, 24.79999999999999005 ) ) ;
#4802 = DIRECTION ( 'NONE',  ( -1.000000000000000000, -0.000000000000000000, -0.000000000000000000 ) ) ;
#4803 = FACE_BOUND ( 'NONE', #3241, .T. ) ;
#4804 = ORIENTED_EDGE ( 'NONE', *, *, #240, .T. ) ;
#4805 = ORIENTED_EDGE ( 'NONE', *, *, #2187, .F. ) ;
#4806 = ORIENTED_EDGE ( 'NONE', *, *, #231, .T. ) ;
#4807 = FACE_OUTER_BOUND ( 'NONE', #1774, .T. ) ;
#4808 = DIRECTION ( 'NONE',  ( 0.000000000000000000, 0.000000000000000000, -1.000000000000000000 ) ) ;
#4809 = VERTEX_POINT ( 'NONE', #4921 ) ;
#4810 = VERTEX_POINT ( 'NONE', #3802 ) ;
#4811 = CARTESIAN_POINT ( 'NONE',  ( 32.00000000000000000, -12.00000000000000000, 14.77499999999999858 ) ) ;
#4812 = CARTESIAN_POINT ( 'NONE',  ( -44.00000000000000711, 10.00000000000000000, -50.49999999999998579 ) ) ;
#4813 = ADVANCED_FACE ( 'NONE', ( #540 ), #2116, .F. ) ;
#4814 = EDGE_CURVE ( 'NONE', #2968, #553, #4483, .T. ) ;
#4815 = DIRECTION ( 'NONE',  ( -1.000000000000000000, -0.000000000000000000, -0.000000000000000000 ) ) ;
#4816 = ORIENTED_EDGE ( 'NONE', *, *, #137, .F. ) ;
#4817 = ORIENTED_EDGE ( 'NONE', *, *, #4493, .F. ) ;
#4818 = DIRECTION ( 'NONE',  ( -1.000000000000000000, 0.000000000000000000, 0.000000000000000000 ) ) ;
#4819 = FACE_BOUND ( 'NONE', #3844, .T. ) ;
#4820 = ADVANCED_FACE ( 'NONE', ( #3320 ), #2949, .F. ) ;
#4821 = EDGE_LOOP ( 'NONE', ( #633, #1369 ) ) ;
#4822 = DIRECTION ( 'NONE',  ( 0.000000000000000000, 0.000000000000000000, -1.000000000000000000 ) ) ;
#4823 = DIRECTION ( 'NONE',  ( 0.000000000000000000, 1.000000000000000000, -0.000000000000000000 ) ) ;
#4824 = DIRECTION ( 'NONE',  ( 0.000000000000000000, 0.000000000000000000, 1.000000000000000000 ) ) ;
#4825 = AXIS2_PLACEMENT_3D ( 'NONE', #3383, #5011, #4175 ) ;
#4826 = DIRECTION ( 'NONE',  ( 0.000000000000000000, 0.000000000000000000, -1.000000000000000000 ) ) ;
#4827 = VERTEX_POINT ( 'NONE', #934 ) ;
#4828 = EDGE_LOOP ( 'NONE', ( #4833, #1403 ) ) ;
#4829 = DIRECTION ( 'NONE',  ( 0.000000000000000000, -1.000000000000000000, 0.000000000000000000 ) ) ;
#4830 = AXIS2_PLACEMENT_3D ( 'NONE', #3869, #3412, #5014 ) ;
#4831 = DIRECTION ( 'NONE',  ( -0.000000000000000000, 1.000000000000000000, -0.000000000000000000 ) ) ;
#4832 = ORIENTED_EDGE ( 'NONE', *, *, #281, .F. ) ;
#4833 = ORIENTED_EDGE ( 'NONE', *, *, #4763, .F. ) ;
#4834 = ORIENTED_EDGE ( 'NONE', *, *, #2663, .F. ) ;
#4835 = LINE ( 'NONE', #3738, #1061 ) ;
#4836 = LINE ( 'NONE', #4427, #177 ) ;
#4837 = FACE_OUTER_BOUND ( 'NONE', #4854, .T. ) ;
#4838 = EDGE_LOOP ( 'NONE', ( #4232, #4476 ) ) ;
#4839 = ORIENTED_EDGE ( 'NONE', *, *, #4763, .T. ) ;
#4840 = CIRCLE ( 'NONE', #4013, 1.700000000000000178 ) ;
#4841 = ORIENTED_EDGE ( 'NONE', *, *, #1805, .F. ) ;
#4842 = DIRECTION ( 'NONE',  ( -1.000000000000000000, 0.000000000000000000, 0.000000000000000000 ) ) ;
#4843 = VECTOR ( 'NONE', #2153, 1000.000000000000000 ) ;
#4844 = EDGE_CURVE ( 'NONE', #3007, #2004, #1010, .T. ) ;
#4845 = ORIENTED_EDGE ( 'NONE', *, *, #269, .F. ) ;
#4846 = PLANE ( 'NONE',  #4611 ) ;
#4847 = CIRCLE ( 'NONE', #83, 2.250000000000001776 ) ;
#4848 = ADVANCED_FACE ( 'NONE', ( #955 ), #1511, .F. ) ;
#4849 = CARTESIAN_POINT ( 'NONE',  ( 67.99999999999997158, -51.00000000000000711, 46.00000000000004263 ) ) ;
#4850 = EDGE_CURVE ( 'NONE', #4728, #719, #2689, .T. ) ;
#4851 = CYLINDRICAL_SURFACE ( 'NONE', #4290, 1.700000000000000178 ) ;
#4852 = DIRECTION ( 'NONE',  ( -1.000000000000000000, 0.000000000000000000, 0.000000000000000000 ) ) ;
#4853 = ORIENTED_EDGE ( 'NONE', *, *, #1928, .T. ) ;
#4854 = EDGE_LOOP ( 'NONE', ( #4278, #127, #4164, #2487 ) ) ;
#4855 = CARTESIAN_POINT ( 'NONE',  ( -37.00000000000000000, -12.00000000000000000, -26.77499999999999503 ) ) ;
#4856 = ADVANCED_FACE ( 'NONE', ( #3423 ), #3932, .T. ) ;
#4857 = LINE ( 'NONE', #2465, #1155 ) ;
#4858 = DIRECTION ( 'NONE',  ( 0.000000000000000000, 0.000000000000000000, -1.000000000000000000 ) ) ;
#4859 = ORIENTED_EDGE ( 'NONE', *, *, #2242, .F. ) ;
#4860 = EDGE_LOOP ( 'NONE', ( #2695, #3228, #2468, #4776 ) ) ;
#4861 = AXIS2_PLACEMENT_3D ( 'NONE', #804, #780, #3587 ) ;
#4862 = FACE_OUTER_BOUND ( 'NONE', #3570, .T. ) ;
#4863 = DIRECTION ( 'NONE',  ( 0.000000000000000000, 0.000000000000000000, 1.000000000000000000 ) ) ;
#4864 = CIRCLE ( 'NONE', #2928, 2.149999999999999023 ) ;
#4865 = DIRECTION ( 'NONE',  ( -0.000000000000000000, -0.000000000000000000, 1.000000000000000000 ) ) ;
#4866 = ORIENTED_EDGE ( 'NONE', *, *, #2441, .T. ) ;
#4867 = AXIS2_PLACEMENT_3D ( 'NONE', #3700, #3321, #957 ) ;
#4868 = CYLINDRICAL_SURFACE ( 'NONE', #2857, 2.250000000000000000 ) ;
#4869 = AXIS2_PLACEMENT_3D ( 'NONE', #2587, #130, #153 ) ;
#4870 = LINE ( 'NONE', #1670, #4268 ) ;
#4871 = VERTEX_POINT ( 'NONE', #615 ) ;
#4872 = CARTESIAN_POINT ( 'NONE',  ( 44.00000000000000711, 0.000000000000000000, 50.49999999999998579 ) ) ;
#4873 = AXIS2_PLACEMENT_3D ( 'NONE', #2916, #2942, #3763 ) ;
#4874 = EDGE_CURVE ( 'NONE', #1390, #2982, #2266, .T. ) ;
#4875 = VECTOR ( 'NONE', #1683, 1000.000000000000000 ) ;
#4876 = DIRECTION ( 'NONE',  ( 0.000000000000000000, -1.000000000000000000, 0.000000000000000000 ) ) ;
#4877 = EDGE_CURVE ( 'NONE', #21, #2618, #1459, .T. ) ;
#4878 = CARTESIAN_POINT ( 'NONE',  ( -31.99999999999999289, -12.00000000000000000, 7.174999999999998934 ) ) ;
#4879 = EDGE_LOOP ( 'NONE', ( #3676, #2048 ) ) ;
#4880 = LINE ( 'NONE', #159, #3862 ) ;
#4881 = ORIENTED_EDGE ( 'NONE', *, *, #2826, .T. ) ;
#4882 = CIRCLE ( 'NONE', #2539, 2.250000000000000444 ) ;
#4883 = EDGE_LOOP ( 'NONE', ( #1612, #1772 ) ) ;
#4884 = CARTESIAN_POINT ( 'NONE',  ( -31.99999999999999289, -12.00000000000000000, -37.47499999999999432 ) ) ;
#4885 = SURFACE_STYLE_FILL_AREA ( #1334 ) ;
#4886 = CARTESIAN_POINT ( 'NONE',  ( 43.99999999999975131, 0.000000000000000000, 24.79999999999999005 ) ) ;
#4887 = EDGE_CURVE ( 'NONE', #2649, #88, #3851, .T. ) ;
#4888 = DIRECTION ( 'NONE',  ( 0.000000000000000000, 0.000000000000000000, -1.000000000000000000 ) ) ;
#4889 = ORIENTED_EDGE ( 'NONE', *, *, #1825, .T. ) ;
#4890 = VERTEX_POINT ( 'NONE', #312 ) ;
#4891 = CARTESIAN_POINT ( 'NONE',  ( -31.99999999999999289, -57.42000000000001592, 20.00000000000000355 ) ) ;
#4892 = CARTESIAN_POINT ( 'NONE',  ( -43.99999999999975131, 10.00000000000000000, -24.79999999999999005 ) ) ;
#4893 = DIRECTION ( 'NONE',  ( 0.000000000000000000, 0.000000000000000000, -1.000000000000000000 ) ) ;
#4894 = ORIENTED_EDGE ( 'NONE', *, *, #2054, .T. ) ;
#4895 = CARTESIAN_POINT ( 'NONE',  ( 46.00000000000002132, -61.42000000000001592, -24.62499999999999645 ) ) ;
#4896 = AXIS2_PLACEMENT_3D ( 'NONE', #2634, #3874, #1875 ) ;
#4897 = ORIENTED_EDGE ( 'NONE', *, *, #4788, .T. ) ;
#4898 = CARTESIAN_POINT ( 'NONE',  ( 46.00000000000002132, -12.00000000000000000, -39.62499999999999289 ) ) ;
#4899 = CARTESIAN_POINT ( 'NONE',  ( -32.00000000000000000, -64.99999999999998579, -49.99999999999997158 ) ) ;
#4900 = CARTESIAN_POINT ( 'NONE',  ( 47.99999999999999289, -12.00000000000000000, -2.674999999999999822 ) ) ;
#4901 = EDGE_LOOP ( 'NONE', ( #3618, #4222, #1363, #3776 ) ) ;
#4902 = CARTESIAN_POINT ( 'NONE',  ( 37.00000000000000000, -7.999999999999965361, -49.99999999999994316 ) ) ;
#4903 = VERTEX_POINT ( 'NONE', #4658 ) ;
#4904 = ORIENTED_EDGE ( 'NONE', *, *, #3956, .T. ) ;
#4905 = DIRECTION ( 'NONE',  ( -1.000000000000000000, -0.000000000000000000, -0.000000000000000000 ) ) ;
#4906 = CARTESIAN_POINT ( 'NONE',  ( -20.00000000000000000, -81.99999999999998579, 15.00000000000000355 ) ) ;
#4907 = FACE_BOUND ( 'NONE', #1783, .T. ) ;
#4908 = DIRECTION ( 'NONE',  ( -0.000000000000000000, -0.7071067811865474617, 0.7071067811865475727 ) ) ;
#4909 = VERTEX_POINT ( 'NONE', #5025 ) ;
#4910 = ADVANCED_FACE ( 'NONE', ( #2295, #3459, #3905, #3072, #1904, #1851, #635, #3023, #4637, #2320, #2661, #4318, #3101, #4711, #2994 ), #5108, .F. ) ;
#4911 = ORIENTED_EDGE ( 'NONE', *, *, #992, .T. ) ;
#4912 = DIRECTION ( 'NONE',  ( -0.000000000000000000, 1.000000000000000000, -0.000000000000000000 ) ) ;
#4913 = LINE ( 'NONE', #2181, #2536 ) ;
#4914 = EDGE_CURVE ( 'NONE', #1944, #2403, #3117, .T. ) ;
#4915 = EDGE_CURVE ( 'NONE', #2834, #21, #717, .T. ) ;
#4916 = DIRECTION ( 'NONE',  ( -1.000000000000000000, 0.000000000000000000, 0.000000000000000000 ) ) ;
#4917 = EDGE_LOOP ( 'NONE', ( #1585, #3476, #2931, #4355 ) ) ;
#4918 = LINE ( 'NONE', #954, #2100 ) ;
#4919 = ADVANCED_FACE ( 'NONE', ( #4217 ), #2219, .F. ) ;
#4920 = CIRCLE ( 'NONE', #4337, 1.700000000000000178 ) ;
#4921 = CARTESIAN_POINT ( 'NONE',  ( -37.00000000000000000, -47.95683229480095378, 50.00000000000006395 ) ) ;
#4922 = CIRCLE ( 'NONE', #1070, 1.700000000000000178 ) ;
#4923 = CARTESIAN_POINT ( 'NONE',  ( 47.99999999999999289, -61.42000000000000171, -4.924999999999485567 ) ) ;
#4924 = EDGE_LOOP ( 'NONE', ( #948, #1962, #4889, #183 ) ) ;
#4925 = VECTOR ( 'NONE', #4291, 1000.000000000000000 ) ;
#4926 = ORIENTED_EDGE ( 'NONE', *, *, #3012, .T. ) ;
#4927 = DIRECTION ( 'NONE',  ( 0.000000000000000000, -1.000000000000000000, 0.000000000000000000 ) ) ;
#4928 = ORIENTED_EDGE ( 'NONE', *, *, #240, .F. ) ;
#4929 = ORIENTED_EDGE ( 'NONE', *, *, #2413, .F. ) ;
#4930 = CYLINDRICAL_SURFACE ( 'NONE', #1274, 1.700000000000000178 ) ;
#4931 = DIRECTION ( 'NONE',  ( 0.000000000000000000, -1.000000000000000000, 0.000000000000000000 ) ) ;
#4932 = DIRECTION ( 'NONE',  ( -0.000000000000000000, 1.000000000000000000, -0.000000000000000000 ) ) ;
#4933 = ORIENTED_EDGE ( 'NONE', *, *, #1976, .F. ) ;
#4934 = ORIENTED_EDGE ( 'NONE', *, *, #1759, .T. ) ;
#4935 = DIRECTION ( 'NONE',  ( 1.000000000000000000, 0.000000000000000000, -5.551115123125785858E-15 ) ) ;
#4936 = CYLINDRICAL_SURFACE ( 'NONE', #4873, 2.250000000000000444 ) ;
#4937 = EDGE_CURVE ( 'NONE', #304, #623, #3800, .T. ) ;
#4938 = CARTESIAN_POINT ( 'NONE',  ( 47.99999999999999289, -61.41999999999998749, 14.77499999999999858 ) ) ;
#4939 = AXIS2_PLACEMENT_3D ( 'NONE', #4902, #3702, #3377 ) ;
#4940 = EDGE_CURVE ( 'NONE', #1270, #1723, #673, .T. ) ;
#4941 = ORIENTED_EDGE ( 'NONE', *, *, #3673, .T. ) ;
#4942 = EDGE_CURVE ( 'NONE', #1744, #2103, #662, .T. ) ;
#4943 = VECTOR ( 'NONE', #503, 1000.000000000000000 ) ;
#4944 = EDGE_CURVE ( 'NONE', #1421, #894, #3533, .T. ) ;
#4945 = CIRCLE ( 'NONE', #25, 1.700000000000000178 ) ;
#4946 = CARTESIAN_POINT ( 'NONE',  ( -31.99999999999999289, -12.00000000000000000, -24.62499999999999645 ) ) ;
#4947 = AXIS2_PLACEMENT_3D ( 'NONE', #595, #568, #1775 ) ;
#4948 = VECTOR ( 'NONE', #2374, 1000.000000000000114 ) ;
#4949 = CYLINDRICAL_SURFACE ( 'NONE', #18, 1.700000000000000178 ) ;
#4950 = ORIENTED_EDGE ( 'NONE', *, *, #935, .T. ) ;
#4951 = EDGE_LOOP ( 'NONE', ( #864, #2811 ) ) ;
#4952 = VERTEX_POINT ( 'NONE', #2348 ) ;
#4953 = FACE_OUTER_BOUND ( 'NONE', #4262, .T. ) ;
#4954 = ORIENTED_EDGE ( 'NONE', *, *, #1058, .F. ) ;
#4955 = ORIENTED_EDGE ( 'NONE', *, *, #2975, .T. ) ;
#4956 = CARTESIAN_POINT ( 'NONE',  ( 32.00000000000000000, -51.00000000000000711, 43.70000000000003126 ) ) ;
#4957 = AXIS2_PLACEMENT_3D ( 'NONE', #557, #535, #2136 ) ;
#4958 = CIRCLE ( 'NONE', #2586, 1.700000000000000178 ) ;
#4959 = CYLINDRICAL_SURFACE ( 'NONE', #933, 1.700000000000000178 ) ;
#4960 = FACE_BOUND ( 'NONE', #678, .T. ) ;
#4961 = CIRCLE ( 'NONE', #1110, 1.700000000000000178 ) ;
#4962 = CARTESIAN_POINT ( 'NONE',  ( 27.75000000000000000, 3.000000000000000000, 35.69999999999999574 ) ) ;
#4963 = ORIENTED_EDGE ( 'NONE', *, *, #391, .T. ) ;
#4964 = ORIENTED_EDGE ( 'NONE', *, *, #4504, .F. ) ;
#4965 = DIRECTION ( 'NONE',  ( 0.000000000000000000, -3.469446951953614189E-16, 1.000000000000000000 ) ) ;
#4966 = DIRECTION ( 'NONE',  ( -1.000000000000000000, -0.000000000000000000, -0.000000000000000000 ) ) ;
#4967 = CIRCLE ( 'NONE', #1115, 1.700000000000000178 ) ;
#4968 = DIRECTION ( 'NONE',  ( -1.000000000000000000, -0.000000000000000000, -0.000000000000000000 ) ) ;
#4969 = EDGE_LOOP ( 'NONE', ( #492, #2727, #4159, #4269 ) ) ;
#4970 = CYLINDRICAL_SURFACE ( 'NONE', #1506, 2.149999999999999023 ) ;
#4971 = EDGE_CURVE ( 'NONE', #5121, #1465, #1692, .T. ) ;
#4972 = EDGE_CURVE ( 'NONE', #2787, #2386, #1540, .T. ) ;
#4973 = CYLINDRICAL_SURFACE ( 'NONE', #1852, 2.149999999999999023 ) ;
#4974 = EDGE_CURVE ( 'NONE', #423, #1241, #1537, .T. ) ;
#4975 = LINE ( 'NONE', #1375, #2102 ) ;
#4976 = EDGE_LOOP ( 'NONE', ( #4727, #4380 ) ) ;
#4977 = EDGE_LOOP ( 'NONE', ( #2346, #5151, #310, #2840 ) ) ;
#4978 = DIRECTION ( 'NONE',  ( 0.000000000000000000, -3.469446951953614189E-16, 1.000000000000000000 ) ) ;
#4979 = ORIENTED_EDGE ( 'NONE', *, *, #2282, .F. ) ;
#4980 = FACE_OUTER_BOUND ( 'NONE', #1134, .T. ) ;
#4981 = EDGE_CURVE ( 'NONE', #2207, #4228, #357, .T. ) ;
#4982 = CARTESIAN_POINT ( 'NONE',  ( 43.99999999999975131, 0.000000000000000000, 26.49999999999998934 ) ) ;
#4983 = CARTESIAN_POINT ( 'NONE',  ( 47.99999999999999289, -61.41999999999998749, 12.52499999999999680 ) ) ;
#4984 = DIRECTION ( 'NONE',  ( -1.000000000000000000, 0.000000000000000000, 0.000000000000000000 ) ) ;
#4985 = ORIENTED_EDGE ( 'NONE', *, *, #428, .T. ) ;
#4986 = EDGE_LOOP ( 'NONE', ( #1508, #2758 ) ) ;
#4987 = DIRECTION ( 'NONE',  ( 1.000000000000000000, 0.000000000000000000, -0.000000000000000000 ) ) ;
#4988 = CARTESIAN_POINT ( 'NONE',  ( 37.00000000000000000, -12.00000000000000000, 4.924999999999999822 ) ) ;
#4989 = DIRECTION ( 'NONE',  ( 0.000000000000000000, 0.000000000000000000, 1.000000000000000000 ) ) ;
#4990 = CARTESIAN_POINT ( 'NONE',  ( -50.00000000000000000, 3.000000000000000000, -62.50000000000000000 ) ) ;
#4991 = CIRCLE ( 'NONE', #3229, 2.250000000000001776 ) ;
#4992 = ORIENTED_EDGE ( 'NONE', *, *, #3372, .T. ) ;
#4993 = CARTESIAN_POINT ( 'NONE',  ( 46.00000000000002132, -12.00000000000000000, -24.62499999999999645 ) ) ;
#4994 = CIRCLE ( 'NONE', #4580, 1.700000000000000178 ) ;
#4995 = DIRECTION ( 'NONE',  ( 0.000000000000000000, -1.000000000000000000, 0.000000000000000000 ) ) ;
#4996 = CARTESIAN_POINT ( 'NONE',  ( 47.99999999999999289, -16.00000000000000000, 20.00000000000000355 ) ) ;
#4997 = AXIS2_PLACEMENT_3D ( 'NONE', #1240, #4029, #2047 ) ;
#4998 = EDGE_CURVE ( 'NONE', #354, #1223, #4407, .T. ) ;
#4999 = CARTESIAN_POINT ( 'NONE',  ( 37.00000000000000000, -16.00000000000000000, 43.70000000000004547 ) ) ;
#5000 = EDGE_LOOP ( 'NONE', ( #1889, #2641 ) ) ;
#5001 = EDGE_CURVE ( 'NONE', #2648, #3968, #415, .T. ) ;
#5002 = VERTEX_POINT ( 'NONE', #743 ) ;
#5003 = ADVANCED_FACE ( 'NONE', ( #4456 ), #2399, .F. ) ;
#5004 = DIRECTION ( 'NONE',  ( -1.000000000000000000, 0.000000000000000000, 0.000000000000000000 ) ) ;
#5005 = ORIENTED_EDGE ( 'NONE', *, *, #3793, .F. ) ;
#5006 = AXIS2_PLACEMENT_3D ( 'NONE', #5119, #1101, #3493 ) ;
#5007 = CARTESIAN_POINT ( 'NONE',  ( 0.000000000000000000, 0.000000000000000000, 15.00000000000000355 ) ) ;
#5008 =( NAMED_UNIT ( * ) SI_UNIT ( $, .STERADIAN. ) SOLID_ANGLE_UNIT ( ) );
#5009 = VECTOR ( 'NONE', #126, 1000.000000000000000 ) ;
#5010 = CARTESIAN_POINT ( 'NONE',  ( -12.50000000000000355, 3.000000000000000000, -15.00000000000000000 ) ) ;
#5011 = DIRECTION ( 'NONE',  ( -1.000000000000000000, 0.000000000000000000, 0.000000000000000000 ) ) ;
#5012 = ORIENTED_EDGE ( 'NONE', *, *, #1733, .F. ) ;
#5013 = ORIENTED_EDGE ( 'NONE', *, *, #3891, .F. ) ;
#5014 = DIRECTION ( 'NONE',  ( 1.000000000000000000, 0.000000000000000000, -5.551115123125785858E-15 ) ) ;
#5015 = DIRECTION ( 'NONE',  ( 0.000000000000000000, 0.000000000000000000, -1.000000000000000000 ) ) ;
#5016 = VECTOR ( 'NONE', #3211, 1000.000000000000000 ) ;
#5017 = CARTESIAN_POINT ( 'NONE',  ( 46.00000000000002132, -61.42000000000003013, -37.47499999999996589 ) ) ;
#5018 = ORIENTED_EDGE ( 'NONE', *, *, #4844, .F. ) ;
#5019 = CARTESIAN_POINT ( 'NONE',  ( 32.00000000000000000, -16.00000000000000000, 20.00000000000001066 ) ) ;
#5020 = CARTESIAN_POINT ( 'NONE',  ( -12.50000000000000355, -80.00000000000001421, -16.69999999999999929 ) ) ;
#5021 = CARTESIAN_POINT ( 'NONE',  ( -43.99999999999975131, 10.00000000000000000, 24.79999999999999005 ) ) ;
#5022 = VECTOR ( 'NONE', #1054, 1000.000000000000000 ) ;
#5023 = ORIENTED_EDGE ( 'NONE', *, *, #5072, .T. ) ;
#5024 = VECTOR ( 'NONE', #107, 1000.000000000000000 ) ;
#5025 = CARTESIAN_POINT ( 'NONE',  ( -27.75000000000000000, 3.000000000000000000, 37.39999999999999858 ) ) ;
#5026 = VECTOR ( 'NONE', #2421, 1000.000000000000000 ) ;
#5027 = CIRCLE ( 'NONE', #3008, 2.300000000000010481 ) ;
#5028 = FACE_OUTER_BOUND ( 'NONE', #3097, .T. ) ;
#5029 = ORIENTED_EDGE ( 'NONE', *, *, #1512, .T. ) ;
#5030 = ORIENTED_EDGE ( 'NONE', *, *, #3632, .F. ) ;
#5031 = CARTESIAN_POINT ( 'NONE',  ( 46.00000000000002132, -12.00000000000000000, -24.62499999999999645 ) ) ;
#5032 = ORIENTED_EDGE ( 'NONE', *, *, #3666, .T. ) ;
#5033 = FACE_OUTER_BOUND ( 'NONE', #547, .T. ) ;
#5034 = AXIS2_PLACEMENT_3D ( 'NONE', #809, #4826, #1572 ) ;
#5035 = EDGE_CURVE ( 'NONE', #3651, #3109, #1205, .T. ) ;
#5036 = DIRECTION ( 'NONE',  ( 0.000000000000000000, 0.000000000000000000, 1.000000000000000000 ) ) ;
#5037 = DIRECTION ( 'NONE',  ( 1.000000000000000000, 0.000000000000000000, 0.000000000000000000 ) ) ;
#5038 = VECTOR ( 'NONE', #776, 1000.000000000000000 ) ;
#5039 = VERTEX_POINT ( 'NONE', #3158 ) ;
#5040 = EDGE_LOOP ( 'NONE', ( #28, #2368 ) ) ;
#5041 = CIRCLE ( 'NONE', #513, 1.700000000000000178 ) ;
#5042 = PLANE ( 'NONE',  #4830 ) ;
#5043 = CARTESIAN_POINT ( 'NONE',  ( 20.00000000000000000, 3.000000000000000000, -14.99999999999999645 ) ) ;
#5044 = EDGE_CURVE ( 'NONE', #3866, #3020, #3558, .T. ) ;
#5045 = CIRCLE ( 'NONE', #1766, 1.700000000000000178 ) ;
#5046 = VECTOR ( 'NONE', #4908, 1000.000000000000000 ) ;
#5047 = DIRECTION ( 'NONE',  ( 0.000000000000000000, 0.000000000000000000, 1.000000000000000000 ) ) ;
#5048 = VERTEX_POINT ( 'NONE', #4736 ) ;
#5049 = LINE ( 'NONE', #630, #1841 ) ;
#5050 = CYLINDRICAL_SURFACE ( 'NONE', #1333, 2.250000000000000000 ) ;
#5051 = AXIS2_PLACEMENT_3D ( 'NONE', #4273, #2720, #2302 ) ;
#5052 = CARTESIAN_POINT ( 'NONE',  ( -31.99999999999999289, -61.42000000000000171, 7.175000000000515854 ) ) ;
#5053 = ORIENTED_EDGE ( 'NONE', *, *, #663, .F. ) ;
#5054 = DIRECTION ( 'NONE',  ( 0.000000000000000000, -1.000000000000000000, 0.000000000000000000 ) ) ;
#5055 = LINE ( 'NONE', #3483, #353 ) ;
#5056 = ORIENTED_EDGE ( 'NONE', *, *, #961, .F. ) ;
#5057 = EDGE_LOOP ( 'NONE', ( #2177, #2133 ) ) ;
#5058 = LINE ( 'NONE', #618, #747 ) ;
#5059 = ORIENTED_EDGE ( 'NONE', *, *, #4504, .T. ) ;
#5060 = CARTESIAN_POINT ( 'NONE',  ( 32.00000000000000000, -16.00000000000000000, 48.30000000000003979 ) ) ;
#5061 = CIRCLE ( 'NONE', #3556, 1.700000000000000178 ) ;
#5062 = DIRECTION ( 'NONE',  ( 0.000000000000000000, 0.000000000000000000, 1.000000000000000000 ) ) ;
#5063 = LINE ( 'NONE', #3082, #2911 ) ;
#5064 = DIRECTION ( 'NONE',  ( -1.000000000000000000, -0.000000000000000000, -0.000000000000000000 ) ) ;
#5065 = VERTEX_POINT ( 'NONE', #1147 ) ;
#5066 = ORIENTED_EDGE ( 'NONE', *, *, #1030, .F. ) ;
#5067 = DIRECTION ( 'NONE',  ( -1.000000000000000000, 0.000000000000000000, 0.000000000000000000 ) ) ;
#5068 = DIRECTION ( 'NONE',  ( 0.000000000000000000, 0.000000000000000000, 1.000000000000000000 ) ) ;
#5069 = CARTESIAN_POINT ( 'NONE',  ( 27.75000000000000000, -22.00000000000000355, -54.49999999999999289 ) ) ;
#5070 = EDGE_CURVE ( 'NONE', #3866, #3644, #847, .T. ) ;
#5071 = ORIENTED_EDGE ( 'NONE', *, *, #2761, .F. ) ;
#5072 = EDGE_CURVE ( 'NONE', #2403, #2719, #2010, .T. ) ;
#5073 = DIRECTION ( 'NONE',  ( -1.000000000000000000, 0.000000000000000000, 0.000000000000000000 ) ) ;
#5074 = DIRECTION ( 'NONE',  ( -1.000000000000000000, -0.000000000000000000, -0.000000000000000000 ) ) ;
#5075 = EDGE_CURVE ( 'NONE', #1627, #1181, #1764, .T. ) ;
#5076 = APPLICATION_PROTOCOL_DEFINITION ( 'draft international standard', 'automotive_design', 1998, #774 ) ;
#5077 = AXIS2_PLACEMENT_3D ( 'NONE', #4195, #3834, #4566 ) ;
#5078 = DIRECTION ( 'NONE',  ( 0.000000000000000000, 0.000000000000000000, -1.000000000000000000 ) ) ;
#5079 = ORIENTED_EDGE ( 'NONE', *, *, #451, .F. ) ;
#5080 = CIRCLE ( 'NONE', #1645, 1.700000000000000178 ) ;
#5081 = CARTESIAN_POINT ( 'NONE',  ( 44.00000000000000711, 10.00000000000000000, 50.49999999999998579 ) ) ;
#5082 = EDGE_CURVE ( 'NONE', #3339, #2669, #4037, .T. ) ;
#5083 = DIRECTION ( 'NONE',  ( -0.000000000000000000, 1.000000000000000000, -0.000000000000000000 ) ) ;
#5084 = DIRECTION ( 'NONE',  ( 0.000000000000000000, 0.000000000000000000, 1.000000000000000000 ) ) ;
#5085 = VERTEX_POINT ( 'NONE', #3215 ) ;
#5086 = CARTESIAN_POINT ( 'NONE',  ( 43.99999999999975131, 10.00000000000000000, -24.79999999999999005 ) ) ;
#5087 = ORIENTED_EDGE ( 'NONE', *, *, #2664, .T. ) ;
#5088 = ORIENTED_EDGE ( 'NONE', *, *, #831, .T. ) ;
#5089 = DIRECTION ( 'NONE',  ( 1.000000000000000000, 0.000000000000000000, -0.000000000000000000 ) ) ;
#5090 = FACE_OUTER_BOUND ( 'NONE', #3594, .T. ) ;
#5091 = CARTESIAN_POINT ( 'NONE',  ( 32.00000000000000000, -61.42000000000000171, -2.674999999999485123 ) ) ;
#5092 = VECTOR ( 'NONE', #1452, 1000.000000000000000 ) ;
#5093 = FACE_BOUND ( 'NONE', #1029, .T. ) ;
#5094 = VERTEX_POINT ( 'NONE', #1984 ) ;
#5095 = ORIENTED_EDGE ( 'NONE', *, *, #3660, .T. ) ;
#5096 = ORIENTED_EDGE ( 'NONE', *, *, #993, .F. ) ;
#5097 = CARTESIAN_POINT ( 'NONE',  ( 67.99999999999997158, -51.00000000000000711, 46.00000000000004263 ) ) ;
#5098 = CIRCLE ( 'NONE', #2832, 1.700000000000000178 ) ;
#5099 = LINE ( 'NONE', #4730, #3244 ) ;
#5100 = ORIENTED_EDGE ( 'NONE', *, *, #1202, .T. ) ;
#5101 = AXIS2_PLACEMENT_3D ( 'NONE', #388, #1116, #5078 ) ;
#5102 = CARTESIAN_POINT ( 'NONE',  ( -43.99999999999975131, 10.00000000000000000, -26.49999999999998934 ) ) ;
#5103 = DIRECTION ( 'NONE',  ( 1.000000000000000000, 0.000000000000000000, -0.000000000000000000 ) ) ;
#5104 = EDGE_CURVE ( 'NONE', #3894, #4124, #3237, .T. ) ;
#5105 = EDGE_CURVE ( 'NONE', #1282, #1376, #2782, .T. ) ;
#5106 = CARTESIAN_POINT ( 'NONE',  ( -27.75000000000000000, 3.000000000000000000, -54.49999999999999289 ) ) ;
#5107 = VERTEX_POINT ( 'NONE', #1248 ) ;
#5108 = PLANE ( 'NONE',  #199 ) ;
#5109 = CARTESIAN_POINT ( 'NONE',  ( 27.75000000000000000, 3.000000000000000000, -52.79999999999999005 ) ) ;
#5110 = ADVANCED_FACE ( 'NONE', ( #1592 ), #3187, .F. ) ;
#5111 = CARTESIAN_POINT ( 'NONE',  ( -27.75000000000000000, -22.00000000000000355, -37.39999999999999858 ) ) ;
#5112 = VERTEX_POINT ( 'NONE', #438 ) ;
#5113 = DIRECTION ( 'NONE',  ( 0.000000000000000000, 0.000000000000000000, 1.000000000000000000 ) ) ;
#5114 = ORIENTED_EDGE ( 'NONE', *, *, #399, .F. ) ;
#5115 = ORIENTED_EDGE ( 'NONE', *, *, #1739, .T. ) ;
#5116 = CARTESIAN_POINT ( 'NONE',  ( 43.99999999999987921, 0.000000000000000000, 38.49999999999999289 ) ) ;
#5117 = VECTOR ( 'NONE', #4034, 1000.000000000000000 ) ;
#5118 = CARTESIAN_POINT ( 'NONE',  ( -37.00000000000000000, -61.41999999999998749, 14.77499999999999858 ) ) ;
#5119 = CARTESIAN_POINT ( 'NONE',  ( 37.00000000000000000, -33.50000000000000000, 46.00000000000004263 ) ) ;
#5120 = FACE_BOUND ( 'NONE', #596, .T. ) ;
#5121 = VERTEX_POINT ( 'NONE', #979 ) ;
#5122 = ORIENTED_EDGE ( 'NONE', *, *, #3766, .F. ) ;
#5123 = CIRCLE ( 'NONE', #2604, 1.700000000000000178 ) ;
#5124 = ORIENTED_EDGE ( 'NONE', *, *, #1541, .T. ) ;
#5125 = DIRECTION ( 'NONE',  ( -0.000000000000000000, 1.000000000000000000, -0.000000000000000000 ) ) ;
#5126 = CYLINDRICAL_SURFACE ( 'NONE', #2578, 1.700000000000000178 ) ;
#5127 = AXIS2_PLACEMENT_3D ( 'NONE', #464, #4392, #3294 ) ;
#5128 = EDGE_LOOP ( 'NONE', ( #2839, #4688, #742, #299 ) ) ;
#5129 = CARTESIAN_POINT ( 'NONE',  ( 32.00000000000000000, -61.42000000000000171, 4.925000000000514078 ) ) ;
#5130 = DIRECTION ( 'NONE',  ( 0.000000000000000000, 0.000000000000000000, -1.000000000000000000 ) ) ;
#5131 = AXIS2_PLACEMENT_3D ( 'NONE', #4399, #3573, #44 ) ;
#5132 = STYLED_ITEM ( 'NONE', ( #2957 ), #1238 ) ;
#5133 = CARTESIAN_POINT ( 'NONE',  ( 32.00000000000000000, -75.00000000000000000, -39.99999999999998579 ) ) ;
#5134 = ORIENTED_EDGE ( 'NONE', *, *, #2401, .F. ) ;
#5135 = ADVANCED_FACE ( 'NONE', ( #539 ), #4554, .F. ) ;
#5136 = AXIS2_PLACEMENT_3D ( 'NONE', #2127, #2096, #3754 ) ;
#5137 = ADVANCED_FACE ( 'NONE', ( #2057 ), #4868, .F. ) ;
#5138 = DIRECTION ( 'NONE',  ( 0.000000000000000000, 0.000000000000000000, 1.000000000000000000 ) ) ;
#5139 = FACE_OUTER_BOUND ( 'NONE', #4600, .T. ) ;
#5140 = EDGE_CURVE ( 'NONE', #2503, #4871, #3261, .T. ) ;
#5141 = ORIENTED_EDGE ( 'NONE', *, *, #3996, .T. ) ;
#5142 = CARTESIAN_POINT ( 'NONE',  ( 37.00000000000000000, -47.95683229480090404, 50.00000000000024158 ) ) ;
#5143 = ORIENTED_EDGE ( 'NONE', *, *, #267, .F. ) ;
#5144 = ORIENTED_EDGE ( 'NONE', *, *, #76, .F. ) ;
#5145 = EDGE_CURVE ( 'NONE', #2598, #1021, #4918, .T. ) ;
#5146 = FACE_OUTER_BOUND ( 'NONE', #1974, .T. ) ;
#5147 = EDGE_CURVE ( 'NONE', #10, #5094, #2923, .T. ) ;
#5148 = DIRECTION ( 'NONE',  ( -1.000000000000000000, 0.000000000000000000, 0.000000000000000000 ) ) ;
#5149 = CARTESIAN_POINT ( 'NONE',  ( 46.00000000000002132, -61.42000000000003013, -41.77499999999996305 ) ) ;
#5150 = ORIENTED_EDGE ( 'NONE', *, *, #2382, .F. ) ;
#5151 = ORIENTED_EDGE ( 'NONE', *, *, #3303, .T. ) ;
#5152 = ORIENTED_EDGE ( 'NONE', *, *, #3143, .F. ) ;
#5153 = CARTESIAN_POINT ( 'NONE',  ( -37.00000000000000000, -64.99999999999998579, -49.99999999999994316 ) ) ;
#5154 = ADVANCED_FACE ( 'NONE', ( #104 ), #1717, .F. ) ;
#5155 = CARTESIAN_POINT ( 'NONE',  ( -44.00000000000000711, 10.00000000000000000, 50.49999999999998579 ) ) ;
#5156 = ORIENTED_EDGE ( 'NONE', *, *, #2151, .F. ) ;
#5157 = ORIENTED_EDGE ( 'NONE', *, *, #4210, .T. ) ;
#5158 = FACE_OUTER_BOUND ( 'NONE', #3895, .T. ) ;
#5159 = CARTESIAN_POINT ( 'NONE',  ( 27.75000000000000000, 3.000000000000000000, 37.39999999999999858 ) ) ;
#5160 = DIRECTION ( 'NONE',  ( -0.000000000000000000, -0.7071067811865483499, -0.7071067811865466846 ) ) ;
#5161 = VERTEX_POINT ( 'NONE', #2967 ) ;
#5162 = CARTESIAN_POINT ( 'NONE',  ( 46.00000000000002132, -61.42000000000001592, -26.77499999999999503 ) ) ;
#5163 = CARTESIAN_POINT ( 'NONE',  ( 43.99999999999975131, 0.000000000000000000, -24.79999999999999005 ) ) ;
#5164 = EDGE_LOOP ( 'NONE', ( #5114, #4007, #4001, #4743 ) ) ;
#5165 = DIRECTION ( 'NONE',  ( -1.000000000000000000, -0.000000000000000000, -0.000000000000000000 ) ) ;
#5166 = ORIENTED_EDGE ( 'NONE', *, *, #2895, .T. ) ;
#5167 = VERTEX_POINT ( 'NONE', #4579 ) ;
#5168 = LINE ( 'NONE', #2063, #4126 ) ;
#5169 = ADVANCED_FACE ( 'NONE', ( #4110 ), #3369, .F. ) ;
#5170 = CARTESIAN_POINT ( 'NONE',  ( 32.00000000000000000, -61.42000000000001592, -26.77499999999999503 ) ) ;
#5171 = ADVANCED_FACE ( 'NONE', ( #4160 ), #2141, .F. ) ;
#5172 = PLANE ( 'NONE',  #5034 ) ;
#5173 = FACE_BOUND ( 'NONE', #836, .T. ) ;
#5174 = ORIENTED_EDGE ( 'NONE', *, *, #1138, .T. ) ;
#5175 = ORIENTED_EDGE ( 'NONE', *, *, #4313, .T. ) ;
#5176 = VERTEX_POINT ( 'NONE', #4525 ) ;
#5177 = DIRECTION ( 'NONE',  ( -1.000000000000000000, -0.000000000000000000, -0.000000000000000000 ) ) ;
#5178 = AXIS2_PLACEMENT_3D ( 'NONE', #3060, #1950, #5047 ) ;
#5179 = CYLINDRICAL_SURFACE ( 'NONE', #1820, 1.700000000000000178 ) ;
#5180 = ADVANCED_FACE ( 'NONE', ( #907 ), #462, .F. ) ;
#5181 = ORIENTED_EDGE ( 'NONE', *, *, #3372, .F. ) ;
#5182 = VERTEX_POINT ( 'NONE', #3663 ) ;
#5183 = CARTESIAN_POINT ( 'NONE',  ( -27.75000000000000000, 3.000000000000000000, -35.69999999999999574 ) ) ;
#5184 = DIRECTION ( 'NONE',  ( 0.000000000000000000, 0.000000000000000000, -1.000000000000000000 ) ) ;
#5185 = CIRCLE ( 'NONE', #1491, 1.700000000000000178 ) ;
#5186 = CARTESIAN_POINT ( 'NONE',  ( 37.00000000000000000, -75.00000000000000000, -49.99999999999994316 ) ) ;
#5187 = VECTOR ( 'NONE', #2263, 1000.000000000000000 ) ;
#5188 = ORIENTED_EDGE ( 'NONE', *, *, #2852, .F. ) ;
#5189 = ORIENTED_EDGE ( 'NONE', *, *, #5075, .T. ) ;
ENDSEC;
END-ISO-10303-21;
