ISO-10303-21;
HEADER;
FILE_DESCRIPTION (( 'STEP AP214' ),
    '1' );
FILE_NAME ('¼Ü2.STEP',
    '2026-04-26T05:17:12',
    ( '' ),
    ( '' ),
    'SwSTEP 2.0',
    'SolidWorks 2025',
    '' );
FILE_SCHEMA (( 'AUTOMOTIVE_DESIGN' ));
ENDSEC;

DATA;
#1 = CARTESIAN_POINT ( 'NONE',  ( 17.32050807568876749, -3.397136888288271095, -3.000000000000000000 ) ) ;
#2 = CARTESIAN_POINT ( 'NONE',  ( -24.00000000000006395, -118.3971368882882871, 5.000000000000000888 ) ) ;
#3 = VECTOR ( 'NONE', #1437, 1000.000000000000227 ) ;
#4 = EDGE_CURVE ( 'NONE', #173, #1841, #59, .T. ) ;
#5 = CARTESIAN_POINT ( 'NONE',  ( -50.00000000000000000, -113.3971368882882587, 5.000000000000000000 ) ) ;
#6 = ORIENTED_EDGE ( 'NONE', *, *, #2070, .F. ) ;
#7 = AXIS2_PLACEMENT_3D ( 'NONE', #2072, #404, #1520 ) ;
#8 = DIRECTION ( 'NONE',  ( 1.000000000000000000, 0.000000000000000000, -0.000000000000000000 ) ) ;
#9 = PRODUCT_DEFINITION ( 'æœ', '', #1758, #870 ) ;
#10 = AXIS2_PLACEMENT_3D ( 'NONE', #429, #1886, #1739 ) ;
#11 = ORIENTED_EDGE ( 'NONE', *, *, #1666, .F. ) ;
#12 = VECTOR ( 'NONE', #1019, 1000.000000000000000 ) ;
#13 = ORIENTED_EDGE ( 'NONE', *, *, #1837, .F. ) ;
#14 = ADVANCED_FACE ( 'NONE', ( #1035, #1200 ), #38, .F. ) ;
#15 = DIRECTION ( 'NONE',  ( -0.000000000000000000, -0.000000000000000000, -1.000000000000000000 ) ) ;
#16 = FACE_OUTER_BOUND ( 'NONE', #302, .T. ) ;
#17 = DIRECTION ( 'NONE',  ( 0.000000000000000000, -1.000000000000000000, 0.000000000000000000 ) ) ;
#18 = CARTESIAN_POINT ( 'NONE',  ( 0.000000000000000000, 0.000000000000000000, 3.000000000000000000 ) ) ;
#19 = EDGE_CURVE ( 'NONE', #1693, #416, #1642, .T. ) ;
#20 = ORIENTED_EDGE ( 'NONE', *, *, #1628, .F. ) ;
#21 = ORIENTED_EDGE ( 'NONE', *, *, #1264, .F. ) ;
#22 = LINE ( 'NONE', #310, #114 ) ;
#23 = EDGE_CURVE ( 'NONE', #1433, #194, #1357, .T. ) ;
#24 = CARTESIAN_POINT ( 'NONE',  ( -31.16344865461790192, -54.39713688828824445, 4.000000000000000000 ) ) ;
#25 = DIRECTION ( 'NONE',  ( 1.000000000000000000, 0.000000000000000000, -0.000000000000000000 ) ) ;
#26 = DIRECTION ( 'NONE',  ( -1.000000000000000000, 0.000000000000000000, 0.000000000000000000 ) ) ;
#27 = VERTEX_POINT ( 'NONE', #1332 ) ;
#28 = EDGE_LOOP ( 'NONE', ( #625, #1236, #866, #1409 ) ) ;
#29 = LINE ( 'NONE', #814, #681 ) ;
#30 = DIRECTION ( 'NONE',  ( 1.000000000000000000, 0.000000000000000000, 0.000000000000000000 ) ) ;
#31 = APPLICATION_CONTEXT ( 'automotive_design' ) ;
#32 = ADVANCED_FACE ( 'NONE', ( #700 ), #1343, .T. ) ;
#33 = PLANE ( 'NONE',  #1757 ) ;
#34 = DIRECTION ( 'NONE',  ( -1.000000000000000000, 7.381802025433221301E-16, 4.613626265895763467E-18 ) ) ;
#35 = AXIS2_PLACEMENT_3D ( 'NONE', #1197, #1812, #1651 ) ;
#36 = VECTOR ( 'NONE', #629, 1000.000000000000000 ) ;
#37 = ORIENTED_EDGE ( 'NONE', *, *, #762, .T. ) ;
#38 = PLANE ( 'NONE',  #746 ) ;
#39 = VECTOR ( 'NONE', #1901, 1000.000000000000114 ) ;
#40 = VECTOR ( 'NONE', #1154, 1000.000000000000227 ) ;
#41 = ORIENTED_EDGE ( 'NONE', *, *, #319, .F. ) ;
#42 = EDGE_CURVE ( 'NONE', #865, #1297, #387, .T. ) ;
#43 = VECTOR ( 'NONE', #1348, 1000.000000000000227 ) ;
#44 = ORIENTED_EDGE ( 'NONE', *, *, #2002, .F. ) ;
#45 = DIRECTION ( 'NONE',  ( -0.9053612966848448851, -0.4246421110360303341, 0.000000000000000000 ) ) ;
#46 = PLANE ( 'NONE',  #2054 ) ;
#47 = CARTESIAN_POINT ( 'NONE',  ( 2.612089346919102884, -1.225149714872962869, 3.000000000000000000 ) ) ;
#48 = DIRECTION ( 'NONE',  ( 1.631597190638408653E-16, 1.000000000000000000, -0.000000000000000000 ) ) ;
#49 = ORIENTED_EDGE ( 'NONE', *, *, #1844, .T. ) ;
#50 = ORIENTED_EDGE ( 'NONE', *, *, #1129, .F. ) ;
#51 = ADVANCED_FACE ( 'NONE', ( #397 ), #1996, .F. ) ;
#52 = ORIENTED_EDGE ( 'NONE', *, *, #1800, .F. ) ;
#53 = CARTESIAN_POINT ( 'NONE',  ( 17.32050807568876749, -3.397136888288271095, 3.000000000000000000 ) ) ;
#54 = DIRECTION ( 'NONE',  ( -1.000000000000000000, 7.381802025433221301E-16, 0.000000000000000000 ) ) ;
#55 = CARTESIAN_POINT ( 'NONE',  ( 5.442097319446676629, -18.39713688828825155, 5.000000000000000000 ) ) ;
#56 = FACE_OUTER_BOUND ( 'NONE', #1012, .T. ) ;
#57 = DIRECTION ( 'NONE',  ( -0.4246421110360302231, -0.9053612966848448851, 0.000000000000000000 ) ) ;
#58 = EDGE_LOOP ( 'NONE', ( #348, #1956 ) ) ;
#59 = LINE ( 'NONE', #691, #610 ) ;
#60 = ORIENTED_EDGE ( 'NONE', *, *, #858, .F. ) ;
#61 = ORIENTED_EDGE ( 'NONE', *, *, #1764, .F. ) ;
#62 = CARTESIAN_POINT ( 'NONE',  ( -45.30969445467857071, -103.3971368882881876, 5.000000000000000000 ) ) ;
#63 = FACE_OUTER_BOUND ( 'NONE', #1704, .T. ) ;
#64 = CARTESIAN_POINT ( 'NONE',  ( -72.00000000000005684, -105.3971368882882160, 7.000000000000047962 ) ) ;
#65 = CARTESIAN_POINT ( 'NONE',  ( 66.55000000000023874, 98.60286311171174134, 1.898202538678387845E-16 ) ) ;
#66 = EDGE_CURVE ( 'NONE', #1203, #1774, #1078, .T. ) ;
#67 = FACE_OUTER_BOUND ( 'NONE', #1424, .T. ) ;
#68 = ORIENTED_EDGE ( 'NONE', *, *, #1549, .F. ) ;
#69 = CARTESIAN_POINT ( 'NONE',  ( -31.16344865461789126, 47.60286311171173423, 4.000000000000000000 ) ) ;
#70 = AXIS2_PLACEMENT_3D ( 'NONE', #1596, #1771, #340 ) ;
#71 = ORIENTED_EDGE ( 'NONE', *, *, #149, .T. ) ;
#72 = VECTOR ( 'NONE', #1084, 1000.000000000000000 ) ;
#73 = VECTOR ( 'NONE', #2003, 1000.000000000000000 ) ;
#74 = DIRECTION ( 'NONE',  ( 0.4246421110360303341, -0.9053612966848448851, 0.000000000000000000 ) ) ;
#75 = DIRECTION ( 'NONE',  ( 1.000000000000000000, -7.381802025433221301E-16, 0.000000000000000000 ) ) ;
#76 =( GEOMETRIC_REPRESENTATION_CONTEXT ( 3 ) GLOBAL_UNCERTAINTY_ASSIGNED_CONTEXT ( ( #1669 ) ) GLOBAL_UNIT_ASSIGNED_CONTEXT ( ( #109, #427, #1072 ) ) REPRESENTATION_CONTEXT ( 'NONE', 'WORKASPACE' ) );
#77 = DIRECTION ( 'NONE',  ( -1.000000000000000000, 1.001543065824773838E-16, 0.000000000000000000 ) ) ;
#78 = CARTESIAN_POINT ( 'NONE',  ( 11.76008957292368251, -13.02806424642346350, 5.000000000000000000 ) ) ;
#79 = DIRECTION ( 'NONE',  ( 9.303965044796568255E-16, -1.000000000000000000, 0.000000000000000000 ) ) ;
#80 = EDGE_LOOP ( 'NONE', ( #1904, #1358, #1943, #846 ) ) ;
#81 = EDGE_CURVE ( 'NONE', #2048, #498, #1560, .T. ) ;
#82 = ORIENTED_EDGE ( 'NONE', *, *, #475, .T. ) ;
#83 = VERTEX_POINT ( 'NONE', #736 ) ;
#84 = VERTEX_POINT ( 'NONE', #1421 ) ;
#85 = DIRECTION ( 'NONE',  ( 0.000000000000000000, -1.000000000000000000, 0.000000000000000000 ) ) ;
#86 = DIRECTION ( 'NONE',  ( 1.000000000000000000, 0.000000000000000000, -0.000000000000000000 ) ) ;
#87 = EDGE_CURVE ( 'NONE', #692, #271, #2040, .T. ) ;
#88 = DIRECTION ( 'NONE',  ( 0.000000000000000000, 0.000000000000000000, 1.000000000000000000 ) ) ;
#89 = LINE ( 'NONE', #1096, #1885 ) ;
#90 = DIRECTION ( 'NONE',  ( -1.000000000000000000, 0.000000000000000000, 0.000000000000000000 ) ) ;
#91 = ORIENTED_EDGE ( 'NONE', *, *, #1033, .T. ) ;
#92 = CARTESIAN_POINT ( 'NONE',  ( 4.630801026559669076, 2.171987173415284911, 5.000000000000000000 ) ) ;
#93 = ORIENTED_EDGE ( 'NONE', *, *, #1172, .F. ) ;
#94 = ORIENTED_EDGE ( 'NONE', *, *, #1538, .F. ) ;
#95 = LINE ( 'NONE', #130, #278 ) ;
#96 = DIRECTION ( 'NONE',  ( -0.4246421110360302786, 0.9053612966848448851, 0.000000000000000000 ) ) ;
#97 = CARTESIAN_POINT ( 'NONE',  ( -11.76008957292365409, -13.02806424642347238, 3.000000000000000000 ) ) ;
#98 = LINE ( 'NONE', #1689, #1683 ) ;
#99 = DIRECTION ( 'NONE',  ( 1.000000000000000000, -9.303965044796568255E-16, 1.922163019363364211E-16 ) ) ;
#100 = EDGE_CURVE ( 'NONE', #1203, #1627, #779, .T. ) ;
#101 = DIRECTION ( 'NONE',  ( 9.251858538542969855E-16, 1.000000000000000000, 0.000000000000000000 ) ) ;
#102 = VERTEX_POINT ( 'NONE', #1391 ) ;
#103 = DIRECTION ( 'NONE',  ( 0.000000000000000000, 1.000000000000000000, 0.000000000000000000 ) ) ;
#104 = VECTOR ( 'NONE', #435, 1000.000000000000227 ) ;
#105 = ORIENTED_EDGE ( 'NONE', *, *, #100, .T. ) ;
#106 = VECTOR ( 'NONE', #127, 1000.000000000000000 ) ;
#107 = VECTOR ( 'NONE', #1446, 1000.000000000000000 ) ;
#108 = ORIENTED_EDGE ( 'NONE', *, *, #81, .T. ) ;
#109 =( LENGTH_UNIT ( ) NAMED_UNIT ( * ) SI_UNIT ( .MILLI., .METRE. ) );
#110 = EDGE_CURVE ( 'NONE', #1433, #1713, #294, .T. ) ;
#111 = CARTESIAN_POINT ( 'NONE',  ( 70.00000000000000000, 98.60286311171172713, 5.000000000000000000 ) ) ;
#112 = VECTOR ( 'NONE', #75, 1000.000000000000000 ) ;
#113 = CARTESIAN_POINT ( 'NONE',  ( -50.00000000000000000, 106.6028631117117556, 5.000000000000000000 ) ) ;
#114 = VECTOR ( 'NONE', #674, 1000.000000000000114 ) ;
#115 = DIRECTION ( 'NONE',  ( -1.000000000000000000, 0.000000000000000000, 0.000000000000000000 ) ) ;
#116 = CARTESIAN_POINT ( 'NONE',  ( 0.000000000000000000, 0.000000000000000000, -5.000000000000000000 ) ) ;
#117 = ORIENTED_EDGE ( 'NONE', *, *, #333, .T. ) ;
#118 = CARTESIAN_POINT ( 'NONE',  ( -2.310240216985968577E-15, -2.775557445434449986E-14, 5.000000000000000000 ) ) ;
#119 = VERTEX_POINT ( 'NONE', #454 ) ;
#120 = VERTEX_POINT ( 'NONE', #269 ) ;
#121 = EDGE_CURVE ( 'NONE', #1526, #822, #247, .T. ) ;
#122 = LINE ( 'NONE', #298, #1153 ) ;
#123 = CARTESIAN_POINT ( 'NONE',  ( 55.08400693575704565, -105.3971368882882302, 5.000000000000000000 ) ) ;
#124 = CARTESIAN_POINT ( 'NONE',  ( 8.660254037844390851, 11.60286311171171114, 3.000000000000000000 ) ) ;
#125 = CARTESIAN_POINT ( 'NONE',  ( 0.000000000000000000, 0.000000000000000000, -3.000000000000000000 ) ) ;
#126 = ORIENTED_EDGE ( 'NONE', *, *, #1258, .T. ) ;
#127 = DIRECTION ( 'NONE',  ( -0.000000000000000000, -0.000000000000000000, -1.000000000000000000 ) ) ;
#128 = ORIENTED_EDGE ( 'NONE', *, *, #1120, .T. ) ;
#129 = VERTEX_POINT ( 'NONE', #1547 ) ;
#130 = CARTESIAN_POINT ( 'NONE',  ( -24.00000000000006395, -113.3971368882882871, 4.999999999999992006 ) ) ;
#131 = DIRECTION ( 'NONE',  ( 6.938893903907228378E-16, 1.000000000000000000, 0.000000000000000000 ) ) ;
#132 = CARTESIAN_POINT ( 'NONE',  ( -66.54999999999996874, -127.3971368882883581, 0.000000000000000000 ) ) ;
#133 = PRODUCT_DEFINITION_SHAPE ( 'NONE', 'NONE',  #9 ) ;
#134 = FACE_OUTER_BOUND ( 'NONE', #1910, .T. ) ;
#135 = ORIENTED_EDGE ( 'NONE', *, *, #121, .F. ) ;
#136 = LINE ( 'NONE', #931, #507 ) ;
#137 = EDGE_CURVE ( 'NONE', #27, #1923, #136, .T. ) ;
#138 = ORIENTED_EDGE ( 'NONE', *, *, #1085, .T. ) ;
#139 = VECTOR ( 'NONE', #1827, 1000.000000000000000 ) ;
#140 = VECTOR ( 'NONE', #1152, 1000.000000000000000 ) ;
#141 = FACE_OUTER_BOUND ( 'NONE', #2018, .T. ) ;
#142 = CARTESIAN_POINT ( 'NONE',  ( 0.000000000000000000, 0.000000000000000000, -4.000000000000000000 ) ) ;
#143 = VECTOR ( 'NONE', #374, 1000.000000000000227 ) ;
#144 = VECTOR ( 'NONE', #221, 1000.000000000000000 ) ;
#145 = ORIENTED_EDGE ( 'NONE', *, *, #457, .F. ) ;
#146 =( LENGTH_UNIT ( ) NAMED_UNIT ( * ) SI_UNIT ( .MILLI., .METRE. ) );
#147 = ORIENTED_EDGE ( 'NONE', *, *, #1767, .F. ) ;
#148 = CARTESIAN_POINT ( 'NONE',  ( 4.630801026559669076, 2.171987173415284911, -3.000000000000000000 ) ) ;
#149 = EDGE_CURVE ( 'NONE', #119, #1702, #592, .T. ) ;
#150 = ORIENTED_EDGE ( 'NONE', *, *, #709, .F. ) ;
#151 = DIRECTION ( 'NONE',  ( -0.000000000000000000, 0.000000000000000000, -1.000000000000000000 ) ) ;
#152 = DIRECTION ( 'NONE',  ( 0.4246421110360301676, 0.9053612966848448851, 0.000000000000000000 ) ) ;
#153 = EDGE_CURVE ( 'NONE', #246, #1587, #623, .T. ) ;
#154 = LINE ( 'NONE', #759, #414 ) ;
#155 = VERTEX_POINT ( 'NONE', #1267 ) ;
#156 = DIRECTION ( 'NONE',  ( 7.381802025433221301E-16, 1.000000000000000000, 0.000000000000000000 ) ) ;
#157 = EDGE_CURVE ( 'NONE', #224, #83, #1682, .T. ) ;
#158 = VERTEX_POINT ( 'NONE', #1089 ) ;
#159 = EDGE_LOOP ( 'NONE', ( #1839, #869, #2062, #728 ) ) ;
#160 = CARTESIAN_POINT ( 'NONE',  ( -54.14594582669274558, -103.3971368882881734, 5.000000000000000000 ) ) ;
#161 = DIRECTION ( 'NONE',  ( 0.000000000000000000, 0.000000000000000000, -1.000000000000000000 ) ) ;
#162 = EDGE_CURVE ( 'NONE', #297, #822, #1403, .T. ) ;
#163 = CARTESIAN_POINT ( 'NONE',  ( -64.99999999999997158, -127.3971368882883581, 0.000000000000000000 ) ) ;
#164 = ORIENTED_EDGE ( 'NONE', *, *, #1115, .F. ) ;
#165 = PLANE ( 'NONE',  #952 ) ;
#166 = EDGE_LOOP ( 'NONE', ( #560, #215, #1189, #390 ) ) ;
#167 = ORIENTED_EDGE ( 'NONE', *, *, #1049, .T. ) ;
#168 = EDGE_CURVE ( 'NONE', #800, #27, #1903, .T. ) ;
#169 = CARTESIAN_POINT ( 'NONE',  ( 70.00000000000000000, 0.000000000000000000, 5.000000000000000000 ) ) ;
#170 = PLANE ( 'NONE',  #1179 ) ;
#171 = VECTOR ( 'NONE', #776, 1000.000000000000227 ) ;
#172 = DIRECTION ( 'NONE',  ( -0.000000000000000000, -0.000000000000000000, -1.000000000000000000 ) ) ;
#173 = VERTEX_POINT ( 'NONE', #1537 ) ;
#174 = AXIS2_PLACEMENT_3D ( 'NONE', #1828, #233, #1034 ) ;
#175 = CARTESIAN_POINT ( 'NONE',  ( -37.16344865461788771, -67.18948046169363408, -4.000000000000000000 ) ) ;
#176 = VERTEX_POINT ( 'NONE', #1703 ) ;
#177 = CARTESIAN_POINT ( 'NONE',  ( 31.16344865461789126, 47.60286311171173423, 4.000000000000000000 ) ) ;
#178 = AXIS2_PLACEMENT_3D ( 'NONE', #1038, #1672, #240 ) ;
#179 = EDGE_CURVE ( 'NONE', #797, #1606, #285, .T. ) ;
#180 = ADVANCED_FACE ( 'NONE', ( #1694, #747 ), #1873, .F. ) ;
#181 = ORIENTED_EDGE ( 'NONE', *, *, #1628, .T. ) ;
#182 = CARTESIAN_POINT ( 'NONE',  ( 31.16344865461790192, -54.39713688828824445, 4.000000000000000000 ) ) ;
#183 = DIRECTION ( 'NONE',  ( 0.4246421110360303897, 0.9053612966848448851, 0.000000000000000000 ) ) ;
#184 = DIRECTION ( 'NONE',  ( 0.000000000000000000, -1.000000000000000000, 0.000000000000000000 ) ) ;
#185 = LINE ( 'NONE', #1626, #369 ) ;
#186 = DIRECTION ( 'NONE',  ( -1.000000000000000000, 0.000000000000000000, 0.000000000000000000 ) ) ;
#187 = EDGE_CURVE ( 'NONE', #173, #1774, #1069, .T. ) ;
#188 = ORIENTED_EDGE ( 'NONE', *, *, #2038, .T. ) ;
#189 = ORIENTED_EDGE ( 'NONE', *, *, #389, .F. ) ;
#190 = CARTESIAN_POINT ( 'NONE',  ( 23.99999999999989342, -118.3971368882883155, 51.00000000000001421 ) ) ;
#191 = CARTESIAN_POINT ( 'NONE',  ( -1.301042606982605321E-15, -6.794273776576496893, -3.000000000000000000 ) ) ;
#192 = CARTESIAN_POINT ( 'NONE',  ( 37.16344865461788771, -67.18948046169363408, 4.000000000000000000 ) ) ;
#193 = CARTESIAN_POINT ( 'NONE',  ( -4.630801026559637990, 2.171987173415272476, -3.000000000000000000 ) ) ;
#194 = VERTEX_POINT ( 'NONE', #608 ) ;
#195 = EDGE_CURVE ( 'NONE', #1293, #218, #1894, .T. ) ;
#196 = VERTEX_POINT ( 'NONE', #1735 ) ;
#197 = ORIENTED_EDGE ( 'NONE', *, *, #580, .T. ) ;
#198 = CARTESIAN_POINT ( 'NONE',  ( 17.32050807568876749, -3.397136888288271095, 3.000000000000000000 ) ) ;
#199 = CARTESIAN_POINT ( 'NONE',  ( -7.632571945059613330E-14, -103.3971368882881308, 5.000000000000000000 ) ) ;
#200 = FACE_OUTER_BOUND ( 'NONE', #1854, .T. ) ;
#201 = LINE ( 'NONE', #193, #1515 ) ;
#202 = VECTOR ( 'NONE', #1824, 1000.000000000000114 ) ;
#203 = EDGE_LOOP ( 'NONE', ( #1849, #1559, #1325, #138, #1882, #1778, #622, #593 ) ) ;
#204 = DIRECTION ( 'NONE',  ( -0.000000000000000000, -0.000000000000000000, -1.000000000000000000 ) ) ;
#205 = VECTOR ( 'NONE', #891, 1000.000000000000000 ) ;
#206 = VECTOR ( 'NONE', #1306, 1000.000000000000000 ) ;
#207 = VERTEX_POINT ( 'NONE', #942 ) ;
#208 = ORIENTED_EDGE ( 'NONE', *, *, #1423, .T. ) ;
#209 = DIRECTION ( 'NONE',  ( -1.000000000000000000, 6.938893903907228378E-16, 0.000000000000000000 ) ) ;
#210 = CARTESIAN_POINT ( 'NONE',  ( 8.660254037844390851, -18.39713688828825511, -3.000000000000000000 ) ) ;
#211 = PLANE ( 'NONE',  #1257 ) ;
#212 = LINE ( 'NONE', #222, #838 ) ;
#213 = EDGE_CURVE ( 'NONE', #1077, #1653, #185, .T. ) ;
#214 = CARTESIAN_POINT ( 'NONE',  ( 93.99999999999990052, -118.3971368882883723, -5.000000000000000000 ) ) ;
#215 = ORIENTED_EDGE ( 'NONE', *, *, #709, .T. ) ;
#216 = ORIENTED_EDGE ( 'NONE', *, *, #650, .F. ) ;
#217 = ORIENTED_EDGE ( 'NONE', *, *, #168, .F. ) ;
#218 = VERTEX_POINT ( 'NONE', #1440 ) ;
#219 = CARTESIAN_POINT ( 'NONE',  ( -94.00000000000009948, -113.3971368882882302, -5.000000000000000000 ) ) ;
#220 = DIRECTION ( 'NONE',  ( 7.381802025433221301E-16, 1.000000000000000000, -0.000000000000000000 ) ) ;
#221 = DIRECTION ( 'NONE',  ( 1.000000000000000000, -2.003086131649547429E-16, 0.000000000000000000 ) ) ;
#222 = CARTESIAN_POINT ( 'NONE',  ( -94.00000000000009948, -113.3971368882882302, 5.000000000000000888 ) ) ;
#223 = CARTESIAN_POINT ( 'NONE',  ( -17.32050807568874617, -3.397136888288266210, -3.000000000000000000 ) ) ;
#224 = VERTEX_POINT ( 'NONE', #2077 ) ;
#225 = EDGE_CURVE ( 'NONE', #1288, #726, #1432, .T. ) ;
#226 = EDGE_LOOP ( 'NONE', ( #602, #355, #188, #1229 ) ) ;
#227 = ORIENTED_EDGE ( 'NONE', *, *, #1489, .F. ) ;
#228 = CARTESIAN_POINT ( 'NONE',  ( -64.99999999999975842, 106.6028631117118124, 0.000000000000000000 ) ) ;
#229 = CARTESIAN_POINT ( 'NONE',  ( -2.612089346919096666, -1.225149714872960205, 3.000000000000000000 ) ) ;
#230 = ADVANCED_FACE ( 'NONE', ( #1281 ), #1310, .F. ) ;
#231 = LINE ( 'NONE', #1064, #73 ) ;
#232 = CARTESIAN_POINT ( 'NONE',  ( 93.99999999999990052, -113.3971368882883723, 51.00000000000000000 ) ) ;
#233 = DIRECTION ( 'NONE',  ( -0.000000000000000000, 0.000000000000000000, 1.000000000000000000 ) ) ;
#234 = ORIENTED_EDGE ( 'NONE', *, *, #1333, .T. ) ;
#235 = DIRECTION ( 'NONE',  ( 0.8660254037844384856, -0.5000000000000003331, 0.000000000000000000 ) ) ;
#236 = CIRCLE ( 'NONE', #1053, 1.549999999999995826 ) ;
#237 = ORIENTED_EDGE ( 'NONE', *, *, #552, .T. ) ;
#238 = VECTOR ( 'NONE', #1282, 1000.000000000000000 ) ;
#239 = ORIENTED_EDGE ( 'NONE', *, *, #1501, .F. ) ;
#240 = DIRECTION ( 'NONE',  ( 0.000000000000000000, -0.000000000000000000, 1.000000000000000000 ) ) ;
#241 = DIRECTION ( 'NONE',  ( 9.251858538542971828E-16, 1.000000000000000000, -0.000000000000000000 ) ) ;
#242 = LINE ( 'NONE', #2011, #922 ) ;
#243 = FACE_OUTER_BOUND ( 'NONE', #1986, .T. ) ;
#244 = CARTESIAN_POINT ( 'NONE',  ( -2.310240216985968577E-15, -2.775557445434449986E-14, -3.000000000000000000 ) ) ;
#245 = CARTESIAN_POINT ( 'NONE',  ( -4.630801026559637990, 2.171987173415272476, 5.000000000000000000 ) ) ;
#246 = VERTEX_POINT ( 'NONE', #963 ) ;
#247 = LINE ( 'NONE', #1237, #2019 ) ;
#248 = VERTEX_POINT ( 'NONE', #175 ) ;
#249 = ORIENTED_EDGE ( 'NONE', *, *, #1061, .F. ) ;
#250 = EDGE_CURVE ( 'NONE', #581, #1850, #2069, .T. ) ;
#251 = CARTESIAN_POINT ( 'NONE',  ( -5.442097319446670411, -18.39713688828825155, 3.000000000000000000 ) ) ;
#252 = DIRECTION ( 'NONE',  ( 0.000000000000000000, 0.000000000000000000, -1.000000000000000000 ) ) ;
#253 = FACE_OUTER_BOUND ( 'NONE', #1101, .T. ) ;
#254 = LINE ( 'NONE', #1097, #205 ) ;
#255 = LINE ( 'NONE', #245, #1619 ) ;
#256 = ORIENTED_EDGE ( 'NONE', *, *, #1004, .F. ) ;
#257 = CARTESIAN_POINT ( 'NONE',  ( -72.00000000000005684, -105.3971368882882160, 0.000000000000000000 ) ) ;
#258 = ADVANCED_FACE ( 'NONE', ( #669 ), #165, .T. ) ;
#259 = EDGE_LOOP ( 'NONE', ( #1546, #41, #1460, #631 ) ) ;
#260 = VERTEX_POINT ( 'NONE', #1294 ) ;
#261 = CARTESIAN_POINT ( 'NONE',  ( 0.000000000000000000, 0.000000000000000000, 0.000000000000000000 ) ) ;
#262 = CARTESIAN_POINT ( 'NONE',  ( -55.08400693575703855, 98.60286311171174134, 5.000000000000000000 ) ) ;
#263 = CARTESIAN_POINT ( 'NONE',  ( -4.630801026559637990, 2.171987173415272476, 3.000000000000000000 ) ) ;
#264 = DIRECTION ( 'NONE',  ( -1.000000000000000000, 7.930164461608260440E-16, -2.973811673103097665E-16 ) ) ;
#265 = FACE_OUTER_BOUND ( 'NONE', #203, .T. ) ;
#266 = EDGE_CURVE ( 'NONE', #1627, #1581, #495, .T. ) ;
#267 = FACE_OUTER_BOUND ( 'NONE', #752, .T. ) ;
#268 = ORIENTED_EDGE ( 'NONE', *, *, #1583, .F. ) ;
#269 = CARTESIAN_POINT ( 'NONE',  ( -50.00000000000000000, 106.6028631117117556, 5.000000000000000000 ) ) ;
#270 = VECTOR ( 'NONE', #48, 1000.000000000000000 ) ;
#271 = VERTEX_POINT ( 'NONE', #1274 ) ;
#272 = ADVANCED_FACE ( 'NONE', ( #979 ), #1590, .F. ) ;
#273 = VECTOR ( 'NONE', #1623, 1000.000000000000000 ) ;
#274 = AXIS2_PLACEMENT_3D ( 'NONE', #912, #1877, #1900 ) ;
#275 = CARTESIAN_POINT ( 'NONE',  ( 37.16344865461790903, 60.39520668511720203, 4.000000000000000000 ) ) ;
#276 = VECTOR ( 'NONE', #1640, 1000.000000000000000 ) ;
#277 = DIRECTION ( 'NONE',  ( 6.938893903907228378E-16, 1.000000000000000000, -0.000000000000000000 ) ) ;
#278 = VECTOR ( 'NONE', #1395, 1000.000000000000000 ) ;
#279 = DIRECTION ( 'NONE',  ( 9.251858538542971828E-16, 1.000000000000000000, -0.000000000000000000 ) ) ;
#280 = PLANE ( 'NONE',  #613 ) ;
#281 = MANIFOLD_SOLID_BREP ( '\X2\501289d2\X0\1', #1417 ) ;
#282 = ADVANCED_FACE ( 'NONE', ( #1753 ), #806, .T. ) ;
#283 = LINE ( 'NONE', #1750, #312 ) ;
#284 = VERTEX_POINT ( 'NONE', #950 ) ;
#285 = LINE ( 'NONE', #1057, #106 ) ;
#286 = EDGE_CURVE ( 'NONE', #1228, #1581, #661, .T. ) ;
#287 = ORIENTED_EDGE ( 'NONE', *, *, #87, .F. ) ;
#288 = ORIENTED_EDGE ( 'NONE', *, *, #1656, .F. ) ;
#289 = DIRECTION ( 'NONE',  ( 1.020425574104004492E-16, 1.000000000000000000, -0.000000000000000000 ) ) ;
#290 = CARTESIAN_POINT ( 'NONE',  ( 65.00000000000004263, -105.3971368882882302, 0.000000000000000000 ) ) ;
#291 = CARTESIAN_POINT ( 'NONE',  ( -94.00000000000009948, -118.3971368882882302, 5.000000000000000888 ) ) ;
#292 = CARTESIAN_POINT ( 'NONE',  ( 11.76008957292366652, 6.233790469846945292, 3.000000000000000000 ) ) ;
#293 = ORIENTED_EDGE ( 'NONE', *, *, #1883, .F. ) ;
#294 = LINE ( 'NONE', #894, #477 ) ;
#295 = EDGE_CURVE ( 'NONE', #306, #176, #1302, .T. ) ;
#296 = ORIENTED_EDGE ( 'NONE', *, *, #1061, .T. ) ;
#297 = VERTEX_POINT ( 'NONE', #1782 ) ;
#298 = CARTESIAN_POINT ( 'NONE',  ( 93.99999999999990052, -118.3971368882883723, -5.000000000000000000 ) ) ;
#299 = CARTESIAN_POINT ( 'NONE',  ( -8.370752147602948200E-14, -113.3971368882883013, 0.000000000000000000 ) ) ;
#300 = EDGE_CURVE ( 'NONE', #306, #363, #697, .T. ) ;
#301 = LINE ( 'NONE', #1251, #1889 ) ;
#302 = EDGE_LOOP ( 'NONE', ( #455, #1312 ) ) ;
#303 = ADVANCED_BREP_SHAPE_REPRESENTATION ( '\X2\67b6\X0\2', ( #281, #1123 ), #76 ) ;
#304 = ORIENTED_EDGE ( 'NONE', *, *, #1565, .T. ) ;
#305 = LINE ( 'NONE', #111, #1755 ) ;
#306 = VERTEX_POINT ( 'NONE', #353 ) ;
#307 = AXIS2_PLACEMENT_3D ( 'NONE', #1633, #541, #844 ) ;
#308 = ADVANCED_FACE ( 'NONE', ( #1993 ), #1524, .F. ) ;
#309 = VECTOR ( 'NONE', #1659, 1000.000000000000000 ) ;
#310 = CARTESIAN_POINT ( 'NONE',  ( -7.242890373478759081, -3.397136888288241785, -3.000000000000000000 ) ) ;
#311 = DIRECTION ( 'NONE',  ( 7.381802025433221301E-16, 1.000000000000000000, -0.000000000000000000 ) ) ;
#312 = VECTOR ( 'NONE', #948, 1000.000000000000000 ) ;
#313 = VECTOR ( 'NONE', #1207, 1000.000000000000000 ) ;
#314 = DIRECTION ( 'NONE',  ( 0.000000000000000000, 0.000000000000000000, 1.000000000000000000 ) ) ;
#315 = ORIENTED_EDGE ( 'NONE', *, *, #333, .F. ) ;
#316 = DIRECTION ( 'NONE',  ( -1.000000000000000000, 7.381802025433221301E-16, 0.000000000000000000 ) ) ;
#317 = ORIENTED_EDGE ( 'NONE', *, *, #768, .T. ) ;
#318 = VERTEX_POINT ( 'NONE', #689 ) ;
#319 = EDGE_CURVE ( 'NONE', #27, #805, #1187, .T. ) ;
#320 = LINE ( 'NONE', #339, #1649 ) ;
#321 = CARTESIAN_POINT ( 'NONE',  ( -8.660254037844365982, 11.60286311171171292, 3.000000000000000000 ) ) ;
#322 = FACE_OUTER_BOUND ( 'NONE', #1479, .T. ) ;
#323 = ORIENTED_EDGE ( 'NONE', *, *, #994, .F. ) ;
#324 = CARTESIAN_POINT ( 'NONE',  ( 0.000000000000000000, 0.000000000000000000, 4.000000000000000000 ) ) ;
#325 = VERTEX_POINT ( 'NONE', #65 ) ;
#326 = EDGE_CURVE ( 'NONE', #1756, #493, #512, .T. ) ;
#327 = ORIENTED_EDGE ( 'NONE', *, *, #19, .T. ) ;
#328 = DIRECTION ( 'NONE',  ( 5.219722269560446830E-16, 0.7071067811865509034, 0.7071067811865442421 ) ) ;
#329 = CARTESIAN_POINT ( 'NONE',  ( -11.76008957292365764, 6.233790469846928417, 3.000000000000000000 ) ) ;
#330 = LINE ( 'NONE', #796, #276 ) ;
#331 = ORIENTED_EDGE ( 'NONE', *, *, #2017, .F. ) ;
#332 = SURFACE_STYLE_USAGE ( .BOTH. , #471 ) ;
#333 = EDGE_CURVE ( 'NONE', #318, #456, #1330, .T. ) ;
#334 = ORIENTED_EDGE ( 'NONE', *, *, #657, .F. ) ;
#335 = ADVANCED_FACE ( 'NONE', ( #1498 ), #1340, .T. ) ;
#336 = ORIENTED_EDGE ( 'NONE', *, *, #1423, .F. ) ;
#337 = EDGE_CURVE ( 'NONE', #1790, #1443, #201, .T. ) ;
#338 = AXIS2_PLACEMENT_3D ( 'NONE', #18, #654, #8 ) ;
#339 = CARTESIAN_POINT ( 'NONE',  ( 23.99999999999989697, -113.3971368882883155, 4.999999999999992006 ) ) ;
#340 = DIRECTION ( 'NONE',  ( -1.000000000000000000, 0.000000000000000000, 0.000000000000000000 ) ) ;
#341 = VECTOR ( 'NONE', #1709, 1000.000000000000227 ) ;
#342 = PLANE ( 'NONE',  #1858 ) ;
#343 = VECTOR ( 'NONE', #1905, 1000.000000000000000 ) ;
#344 =( NAMED_UNIT ( * ) PLANE_ANGLE_UNIT ( ) SI_UNIT ( $, .RADIAN. ) );
#345 = AXIS2_PLACEMENT_3D ( 'NONE', #1241, #587, #946 ) ;
#346 = EDGE_LOOP ( 'NONE', ( #1932, #907, #1879, #489 ) ) ;
#347 = DIRECTION ( 'NONE',  ( 1.000000000000000000, -9.303965044796568255E-16, 0.000000000000000000 ) ) ;
#348 = ORIENTED_EDGE ( 'NONE', *, *, #817, .F. ) ;
#349 = FACE_OUTER_BOUND ( 'NONE', #346, .T. ) ;
#350 = DIRECTION ( 'NONE',  ( 5.219722269560395554E-16, 0.7071067811865439090, 0.7071067811865511255 ) ) ;
#351 = ADVANCED_FACE ( 'NONE', ( #56 ), #1970, .F. ) ;
#352 = CARTESIAN_POINT ( 'NONE',  ( -1.256441196480002753E-14, -5.893093111220412696E-15, 5.000000000000000000 ) ) ;
#353 = CARTESIAN_POINT ( 'NONE',  ( 37.16344865461788771, -67.18948046169363408, 4.000000000000000000 ) ) ;
#354 = ORIENTED_EDGE ( 'NONE', *, *, #570, .T. ) ;
#355 = ORIENTED_EDGE ( 'NONE', *, *, #457, .T. ) ;
#356 = ORIENTED_EDGE ( 'NONE', *, *, #1093, .T. ) ;
#357 = CARTESIAN_POINT ( 'NONE',  ( -5.442097319446670411, 11.60286311171171292, 3.000000000000000000 ) ) ;
#358 = FACE_BOUND ( 'NONE', #2068, .T. ) ;
#359 = DIRECTION ( 'NONE',  ( -0.4246421110360302231, 0.9053612966848448851, 0.000000000000000000 ) ) ;
#360 = DIRECTION ( 'NONE',  ( -0.4246421110360302231, 0.9053612966848448851, 0.000000000000000000 ) ) ;
#361 = EDGE_CURVE ( 'NONE', #1324, #102, #1001, .T. ) ;
#362 = EDGE_LOOP ( 'NONE', ( #20, #197, #568 ) ) ;
#363 = VERTEX_POINT ( 'NONE', #1021 ) ;
#364 = EDGE_LOOP ( 'NONE', ( #1477, #331, #1140, #896 ) ) ;
#365 = ORIENTED_EDGE ( 'NONE', *, *, #1616, .T. ) ;
#366 = CARTESIAN_POINT ( 'NONE',  ( -64.99999999999997158, -127.3971368882883581, 0.000000000000000000 ) ) ;
#367 = ADVANCED_FACE ( 'NONE', ( #555 ), #371, .F. ) ;
#368 = FACE_OUTER_BOUND ( 'NONE', #1695, .T. ) ;
#369 = VECTOR ( 'NONE', #798, 1000.000000000000000 ) ;
#370 = CARTESIAN_POINT ( 'NONE',  ( -94.00000000000007105, -118.3971368882882302, 51.00000000000000000 ) ) ;
#371 = PLANE ( 'NONE',  #35 ) ;
#372 = AXIS2_PLACEMENT_3D ( 'NONE', #1834, #1803, #30 ) ;
#373 = VECTOR ( 'NONE', #417, 1000.000000000000000 ) ;
#374 = DIRECTION ( 'NONE',  ( 0.5000000000000000000, -0.8660254037844385966, 0.000000000000000000 ) ) ;
#375 = ORIENTED_EDGE ( 'NONE', *, *, #828, .F. ) ;
#376 = CIRCLE ( 'NONE', #1255, 1.549999999999995826 ) ;
#377 = AXIS2_PLACEMENT_3D ( 'NONE', #1261, #252, #1270 ) ;
#378 = ORIENTED_EDGE ( 'NONE', *, *, #552, .F. ) ;
#379 = ADVANCED_FACE ( 'NONE', ( #708 ), #1947, .F. ) ;
#380 = ORIENTED_EDGE ( 'NONE', *, *, #1362, .F. ) ;
#381 = DIRECTION ( 'NONE',  ( -0.4246421110360302786, -0.9053612966848448851, 0.000000000000000000 ) ) ;
#382 = CARTESIAN_POINT ( 'NONE',  ( 93.99999999999990052, -118.3971368882883723, 51.00000000000000000 ) ) ;
#383 = EDGE_CURVE ( 'NONE', #456, #1606, #836, .T. ) ;
#384 = DIRECTION ( 'NONE',  ( -1.000000000000000000, 0.000000000000000000, 0.000000000000000000 ) ) ;
#385 = DIRECTION ( 'NONE',  ( 0.4246421110360305562, 0.9053612966848447741, -0.000000000000000000 ) ) ;
#386 = DIRECTION ( 'NONE',  ( -1.000000000000000000, 7.381802025433221301E-16, 0.000000000000000000 ) ) ;
#387 = LINE ( 'NONE', #69, #1383 ) ;
#388 = ORIENTED_EDGE ( 'NONE', *, *, #1085, .F. ) ;
#389 = EDGE_CURVE ( 'NONE', #559, #1807, #212, .T. ) ;
#390 = ORIENTED_EDGE ( 'NONE', *, *, #1906, .T. ) ;
#391 = LINE ( 'NONE', #1809, #1321 ) ;
#392 = CARTESIAN_POINT ( 'NONE',  ( -37.16344865461790903, 60.39520668511720203, 4.000000000000000000 ) ) ;
#393 = DIRECTION ( 'NONE',  ( 0.000000000000000000, 0.000000000000000000, -1.000000000000000000 ) ) ;
#394 = CARTESIAN_POINT ( 'NONE',  ( 37.16344865461790903, 60.39520668511720203, 4.000000000000000000 ) ) ;
#395 = CARTESIAN_POINT ( 'NONE',  ( -16.69856844414364971, -16.69856844414344010, -5.000000000000000000 ) ) ;
#396 = EDGE_LOOP ( 'NONE', ( #749, #1502, #1037, #91 ) ) ;
#397 = FACE_OUTER_BOUND ( 'NONE', #1817, .T. ) ;
#398 = EDGE_CURVE ( 'NONE', #1311, #207, #853, .T. ) ;
#399 = EDGE_CURVE ( 'NONE', #1807, #1404, #863, .T. ) ;
#400 = ORIENTED_EDGE ( 'NONE', *, *, #833, .T. ) ;
#401 = EDGE_CURVE ( 'NONE', #284, #416, #1509, .T. ) ;
#402 = ORIENTED_EDGE ( 'NONE', *, *, #121, .T. ) ;
#403 = LINE ( 'NONE', #729, #547 ) ;
#404 = DIRECTION ( 'NONE',  ( 0.000000000000000000, 1.000000000000000000, 0.000000000000000000 ) ) ;
#405 = PLANE ( 'NONE',  #1485 ) ;
#406 = CARTESIAN_POINT ( 'NONE',  ( -63.44999999999998153, -127.3971368882883581, 1.898202538678390063E-16 ) ) ;
#407 = PRODUCT_RELATED_PRODUCT_CATEGORY ( 'part', '', ( #790 ) ) ;
#408 = CARTESIAN_POINT ( 'NONE',  ( 17.32050807568876749, -3.397136888288271095, -3.000000000000000000 ) ) ;
#409 = ORIENTED_EDGE ( 'NONE', *, *, #398, .T. ) ;
#410 = EDGE_LOOP ( 'NONE', ( #1500, #1431, #424, #234 ) ) ;
#411 = CIRCLE ( 'NONE', #2020, 1.549999999999995826 ) ;
#412 = EDGE_CURVE ( 'NONE', #1598, #176, #1009, .T. ) ;
#413 = ORIENTED_EDGE ( 'NONE', *, *, #1489, .T. ) ;
#414 = VECTOR ( 'NONE', #1389, 1000.000000000000000 ) ;
#415 = AXIS2_PLACEMENT_3D ( 'NONE', #1542, #596, #1406 ) ;
#416 = VERTEX_POINT ( 'NONE', #573 ) ;
#417 = DIRECTION ( 'NONE',  ( -0.4246421110360303341, 0.9053612966848448851, 0.000000000000000000 ) ) ;
#418 = VECTOR ( 'NONE', #832, 1000.000000000000000 ) ;
#419 = LINE ( 'NONE', #696, #12 ) ;
#420 = DIRECTION ( 'NONE',  ( 0.000000000000000000, 1.000000000000000000, 0.000000000000000000 ) ) ;
#421 = CARTESIAN_POINT ( 'NONE',  ( -2.612089346919096666, -1.225149714872960205, -3.000000000000000000 ) ) ;
#422 = EDGE_CURVE ( 'NONE', #1293, #248, #89, .T. ) ;
#423 = LINE ( 'NONE', #223, #143 ) ;
#424 = ORIENTED_EDGE ( 'NONE', *, *, #326, .F. ) ;
#425 = DIRECTION ( 'NONE',  ( 0.4246421110360302786, -0.9053612966848448851, 0.000000000000000000 ) ) ;
#426 = ORIENTED_EDGE ( 'NONE', *, *, #1571, .F. ) ;
#427 =( NAMED_UNIT ( * ) PLANE_ANGLE_UNIT ( ) SI_UNIT ( $, .RADIAN. ) );
#428 = FACE_OUTER_BOUND ( 'NONE', #636, .T. ) ;
#429 = CARTESIAN_POINT ( 'NONE',  ( -64.99999999999995737, -105.3971368882882302, 0.000000000000000000 ) ) ;
#430 = DIRECTION ( 'NONE',  ( 0.5773502691896231775, -0.5773502691896302830, 0.5773502691896239547 ) ) ;
#431 = FACE_OUTER_BOUND ( 'NONE', #611, .T. ) ;
#432 = CARTESIAN_POINT ( 'NONE',  ( 5.442097319446672188, 11.60286311171171114, -3.000000000000000000 ) ) ;
#433 = EDGE_LOOP ( 'NONE', ( #1865, #105, #829, #470 ) ) ;
#434 = EDGE_CURVE ( 'NONE', #1077, #645, #604, .T. ) ;
#435 = DIRECTION ( 'NONE',  ( 0.4246421110360301676, 0.9053612966848448851, 0.000000000000000000 ) ) ;
#436 = ORIENTED_EDGE ( 'NONE', *, *, #833, .F. ) ;
#437 = EDGE_CURVE ( 'NONE', #1010, #549, #1517, .T. ) ;
#438 = PLANE ( 'NONE',  #1425 ) ;
#439 = DIRECTION ( 'NONE',  ( 1.000000000000000000, 0.000000000000000000, 0.000000000000000000 ) ) ;
#440 = DIRECTION ( 'NONE',  ( -0.4246421110360303341, 0.9053612966848448851, 0.000000000000000000 ) ) ;
#441 = CARTESIAN_POINT ( 'NONE',  ( -31.16344865461789126, 47.60286311171173423, -4.000000000000000000 ) ) ;
#442 = ORIENTED_EDGE ( 'NONE', *, *, #1120, .F. ) ;
#443 = CARTESIAN_POINT ( 'NONE',  ( -64.99999999999977263, 98.60286311171174134, 0.000000000000000000 ) ) ;
#444 = AXIS2_PLACEMENT_3D ( 'NONE', #1476, #1164, #1042 ) ;
#445 = ORIENTED_EDGE ( 'NONE', *, *, #361, .F. ) ;
#446 = VECTOR ( 'NONE', #152, 1000.000000000000227 ) ;
#447 = AXIS2_PLACEMENT_3D ( 'NONE', #734, #101, #1878 ) ;
#448 = VECTOR ( 'NONE', #77, 1000.000000000000000 ) ;
#449 = FACE_OUTER_BOUND ( 'NONE', #671, .T. ) ;
#450 = DIRECTION ( 'NONE',  ( -7.381802025433221301E-16, -1.000000000000000000, 0.000000000000000000 ) ) ;
#451 = DIRECTION ( 'NONE',  ( -1.000000000000000000, 1.001543065824773838E-16, 0.000000000000000000 ) ) ;
#452 = CARTESIAN_POINT ( 'NONE',  ( -7.242890373478745758, -3.397136888288270651, 5.000000000000000000 ) ) ;
#453 = EDGE_LOOP ( 'NONE', ( #923, #685, #1657, #327, #323, #964, #1634, #1831 ) ) ;
#454 = CARTESIAN_POINT ( 'NONE',  ( -2.310240216985968577E-15, -2.775557445434449986E-14, 5.000000000000000000 ) ) ;
#455 = ORIENTED_EDGE ( 'NONE', *, *, #535, .T. ) ;
#456 = VERTEX_POINT ( 'NONE', #564 ) ;
#457 = EDGE_CURVE ( 'NONE', #224, #1238, #757, .T. ) ;
#458 = DIRECTION ( 'NONE',  ( -0.4246421110360298901, 0.9053612966848449961, 0.000000000000000000 ) ) ;
#459 = DIRECTION ( 'NONE',  ( -0.4246421110360298901, 0.9053612966848449961, 0.000000000000000000 ) ) ;
#460 = DIRECTION ( 'NONE',  ( 1.631597190638408653E-16, 1.000000000000000000, -0.000000000000000000 ) ) ;
#461 = CARTESIAN_POINT ( 'NONE',  ( 7.242890373478758193, -3.397136888288241341, 3.000000000000000000 ) ) ;
#462 = ORIENTED_EDGE ( 'NONE', *, *, #1441, .T. ) ;
#463 = DIRECTION ( 'NONE',  ( 1.020425574104004492E-16, -1.000000000000000000, 0.000000000000000000 ) ) ;
#464 = ADVANCED_FACE ( 'NONE', ( #938 ), #1052, .F. ) ;
#465 = ORIENTED_EDGE ( 'NONE', *, *, #1011, .F. ) ;
#466 = DIRECTION ( 'NONE',  ( 0.4246421110360302231, -0.9053612966848448851, 0.000000000000000000 ) ) ;
#467 = CARTESIAN_POINT ( 'NONE',  ( 16.69856844414447750, -16.69856844414466224, -5.000000000000000000 ) ) ;
#468 = DIRECTION ( 'NONE',  ( -0.000000000000000000, -0.000000000000000000, -1.000000000000000000 ) ) ;
#469 = DIRECTION ( 'NONE',  ( -0.4246421110360302786, -0.9053612966848448851, 0.000000000000000000 ) ) ;
#470 = ORIENTED_EDGE ( 'NONE', *, *, #187, .T. ) ;
#471 = SURFACE_SIDE_STYLE ('',( #821 ) ) ;
#472 = ADVANCED_FACE ( 'NONE', ( #243 ), #927, .T. ) ;
#473 = ORIENTED_EDGE ( 'NONE', *, *, #808, .F. ) ;
#474 = LINE ( 'NONE', #1048, #1521 ) ;
#475 = EDGE_CURVE ( 'NONE', #83, #566, #1208, .T. ) ;
#476 = ORIENTED_EDGE ( 'NONE', *, *, #2079, .F. ) ;
#477 = VECTOR ( 'NONE', #601, 1000.000000000000000 ) ;
#478 = VECTOR ( 'NONE', #183, 1000.000000000000000 ) ;
#479 = DIRECTION ( 'NONE',  ( -1.000000000000000000, 9.303965044796568255E-16, 0.000000000000000000 ) ) ;
#480 = PLANE ( 'NONE',  #1451 ) ;
#481 = AXIS2_PLACEMENT_3D ( 'NONE', #1981, #1173, #722 ) ;
#482 = AXIS2_PLACEMENT_3D ( 'NONE', #819, #1125, #25 ) ;
#483 = CARTESIAN_POINT ( 'NONE',  ( 0.000000000000000000, 106.6028631117117556, 5.000000000000000000 ) ) ;
#484 = ORIENTED_EDGE ( 'NONE', *, *, #1565, .F. ) ;
#485 = DIRECTION ( 'NONE',  ( -0.000000000000000000, 0.000000000000000000, -1.000000000000000000 ) ) ;
#486 = EDGE_CURVE ( 'NONE', #1404, #1751, #2012, .T. ) ;
#487 = AXIS2_PLACEMENT_3D ( 'NONE', #519, #45, #74 ) ;
#488 = ORIENTED_EDGE ( 'NONE', *, *, #1736, .T. ) ;
#489 = ORIENTED_EDGE ( 'NONE', *, *, #906, .T. ) ;
#490 = CARTESIAN_POINT ( 'NONE',  ( 23.99999999999989342, -118.3971368882883155, 4.999999999999992006 ) ) ;
#491 = CARTESIAN_POINT ( 'NONE',  ( 65.00000000000002842, -127.3971368882884576, 0.000000000000000000 ) ) ;
#492 = DIRECTION ( 'NONE',  ( 2.973811673103097665E-16, -2.195208903176940614E-31, 1.000000000000000000 ) ) ;
#493 = VERTEX_POINT ( 'NONE', #1847 ) ;
#494 = EDGE_CURVE ( 'NONE', #158, #645, #98, .T. ) ;
#495 = LINE ( 'NONE', #1933, #644 ) ;
#496 = EDGE_CURVE ( 'NONE', #1581, #1667, #1567, .T. ) ;
#497 = ORIENTED_EDGE ( 'NONE', *, *, #399, .F. ) ;
#498 = VERTEX_POINT ( 'NONE', #1075 ) ;
#499 = CYLINDRICAL_SURFACE ( 'NONE', #751, 1.549999999999995826 ) ;
#500 = CARTESIAN_POINT ( 'NONE',  ( 63.45000000000025864, 106.6028631117116987, 0.000000000000000000 ) ) ;
#501 = EDGE_CURVE ( 'NONE', #129, #284, #732, .T. ) ;
#502 = LINE ( 'NONE', #1143, #988 ) ;
#503 = DIRECTION ( 'NONE',  ( -0.000000000000000000, -0.000000000000000000, -1.000000000000000000 ) ) ;
#504 = ORIENTED_EDGE ( 'NONE', *, *, #969, .T. ) ;
#505 = ORIENTED_EDGE ( 'NONE', *, *, #87, .T. ) ;
#506 = ADVANCED_FACE ( 'NONE', ( #253, #597 ), #1372, .T. ) ;
#507 = VECTOR ( 'NONE', #1245, 1000.000000000000000 ) ;
#508 = DIRECTION ( 'NONE',  ( -0.3147934297785975333, -0.6711576180630814958, 0.6711576180630880462 ) ) ;
#509 = DIRECTION ( 'NONE',  ( -0.000000000000000000, -0.000000000000000000, -1.000000000000000000 ) ) ;
#510 = CARTESIAN_POINT ( 'NONE',  ( 45.30969445467856360, -103.3971368882881592, 5.000000000000000000 ) ) ;
#511 = VECTOR ( 'NONE', #787, 1000.000000000000000 ) ;
#512 = LINE ( 'NONE', #1488, #539 ) ;
#513 = LINE ( 'NONE', #1156, #843 ) ;
#514 = VECTOR ( 'NONE', #469, 1000.000000000000000 ) ;
#515 = ORIENTED_EDGE ( 'NONE', *, *, #1729, .F. ) ;
#516 = ORIENTED_EDGE ( 'NONE', *, *, #817, .T. ) ;
#517 = DIRECTION ( 'NONE',  ( -9.303965044796568255E-16, -1.000000000000000000, 0.000000000000000000 ) ) ;
#518 = EDGE_LOOP ( 'NONE', ( #943, #380 ) ) ;
#519 = CARTESIAN_POINT ( 'NONE',  ( -2.612089346919096666, -1.225149714872960205, 5.000000000000000000 ) ) ;
#520 = DIRECTION ( 'NONE',  ( 0.000000000000000000, 0.000000000000000000, -1.000000000000000000 ) ) ;
#521 = LINE ( 'NONE', #1459, #651 ) ;
#522 = DIRECTION ( 'NONE',  ( -7.381802025433221301E-16, -1.000000000000000000, 0.000000000000000000 ) ) ;
#523 = ORIENTED_EDGE ( 'NONE', *, *, #1942, .T. ) ;
#524 = EDGE_CURVE ( 'NONE', #1713, #1579, #2027, .T. ) ;
#525 = ORIENTED_EDGE ( 'NONE', *, *, #2078, .F. ) ;
#526 = ORIENTED_EDGE ( 'NONE', *, *, #1206, .F. ) ;
#527 = FACE_OUTER_BOUND ( 'NONE', #1472, .T. ) ;
#528 = CARTESIAN_POINT ( 'NONE',  ( 93.99999999999990052, -113.3971368882883723, -5.000000000000000000 ) ) ;
#529 = CARTESIAN_POINT ( 'NONE',  ( -0.000000000000000000, 106.6028631117117556, -5.000000000000000000 ) ) ;
#530 = CARTESIAN_POINT ( 'NONE',  ( -2.612089346919096666, -1.225149714872960205, -5.000000000000000000 ) ) ;
#531 = EDGE_CURVE ( 'NONE', #83, #224, #1221, .T. ) ;
#532 = DIRECTION ( 'NONE',  ( 0.4246421110360302231, -0.9053612966848448851, 0.000000000000000000 ) ) ;
#533 = ORIENTED_EDGE ( 'NONE', *, *, #1741, .F. ) ;
#534 = ORIENTED_EDGE ( 'NONE', *, *, #501, .F. ) ;
#535 = EDGE_CURVE ( 'NONE', #634, #1288, #236, .T. ) ;
#536 = ORIENTED_EDGE ( 'NONE', *, *, #773, .T. ) ;
#537 = LINE ( 'NONE', #704, #43 ) ;
#538 = LINE ( 'NONE', #851, #877 ) ;
#539 = VECTOR ( 'NONE', #1676, 1000.000000000000000 ) ;
#540 = LINE ( 'NONE', #1675, #715 ) ;
#541 = DIRECTION ( 'NONE',  ( -0.9053612966848448851, 0.4246421110360303341, 0.000000000000000000 ) ) ;
#542 = VECTOR ( 'NONE', #440, 1000.000000000000000 ) ;
#543 = LINE ( 'NONE', #395, #678 ) ;
#544 = EDGE_CURVE ( 'NONE', #1713, #129, #1555, .T. ) ;
#545 = DIRECTION ( 'NONE',  ( -2.973811673103097665E-16, 2.195208903176940614E-31, 1.000000000000000000 ) ) ;
#546 = VECTOR ( 'NONE', #862, 1000.000000000000000 ) ;
#547 = VECTOR ( 'NONE', #85, 1000.000000000000000 ) ;
#548 = ORIENTED_EDGE ( 'NONE', *, *, #878, .T. ) ;
#549 = VERTEX_POINT ( 'NONE', #2037 ) ;
#550 = FACE_BOUND ( 'NONE', #1056, .T. ) ;
#551 = DIRECTION ( 'NONE',  ( -0.000000000000000000, -0.000000000000000000, -1.000000000000000000 ) ) ;
#552 = EDGE_CURVE ( 'NONE', #664, #823, #411, .T. ) ;
#553 = EDGE_CURVE ( 'NONE', #129, #1077, #947, .T. ) ;
#554 = DIRECTION ( 'NONE',  ( -1.000000000000000000, 7.930164461608260440E-16, -2.973811673103097665E-16 ) ) ;
#555 = FACE_OUTER_BOUND ( 'NONE', #1737, .T. ) ;
#556 = LINE ( 'NONE', #1198, #1820 ) ;
#557 = EDGE_LOOP ( 'NONE', ( #1378, #108, #1070, #2021, #1148, #533, #653, #71 ) ) ;
#558 = ORIENTED_EDGE ( 'NONE', *, *, #1144, .T. ) ;
#559 = VERTEX_POINT ( 'NONE', #1457 ) ;
#560 = ORIENTED_EDGE ( 'NONE', *, *, #690, .T. ) ;
#561 = CARTESIAN_POINT ( 'NONE',  ( 65.00000000000004263, -113.3971368882883439, 0.000000000000000000 ) ) ;
#562 = DIRECTION ( 'NONE',  ( 0.4246421110360302231, -0.9053612966848448851, 0.000000000000000000 ) ) ;
#563 = LINE ( 'NONE', #47, #313 ) ;
#564 = CARTESIAN_POINT ( 'NONE',  ( 50.00000000000000000, -113.3971368882882444, -5.000000000000000000 ) ) ;
#565 = CARTESIAN_POINT ( 'NONE',  ( -55.08400693575703855, 98.60286311171174134, -5.000000000000000000 ) ) ;
#566 = VERTEX_POINT ( 'NONE', #968 ) ;
#567 = CARTESIAN_POINT ( 'NONE',  ( 7.242890373478762633, -3.397136888288248446, 5.000000000000000000 ) ) ;
#568 = ORIENTED_EDGE ( 'NONE', *, *, #867, .T. ) ;
#569 = VERTEX_POINT ( 'NONE', #329 ) ;
#570 = EDGE_CURVE ( 'NONE', #1192, #1587, #1899, .T. ) ;
#571 = CARTESIAN_POINT ( 'NONE',  ( 55.08400693575703855, 98.60286311171174134, -5.000000000000000000 ) ) ;
#572 = CARTESIAN_POINT ( 'NONE',  ( 7.242890373478762633, -3.397136888288248446, 5.000000000000000000 ) ) ;
#573 = CARTESIAN_POINT ( 'NONE',  ( 7.242890373478762633, -3.397136888288248446, -5.000000000000000000 ) ) ;
#574 = DIRECTION ( 'NONE',  ( -0.000000000000000000, 0.000000000000000000, 1.000000000000000000 ) ) ;
#575 = DIRECTION ( 'NONE',  ( -7.381802025433221301E-16, -1.000000000000000000, 0.000000000000000000 ) ) ;
#576 = ORIENTED_EDGE ( 'NONE', *, *, #1145, .T. ) ;
#577 = VECTOR ( 'NONE', #1032, 1000.000000000000000 ) ;
#578 = CARTESIAN_POINT ( 'NONE',  ( -1.256441196480002753E-14, -5.893093111220412696E-15, -5.000000000000000000 ) ) ;
#579 = CIRCLE ( 'NONE', #1117, 1.549999999999995826 ) ;
#580 = EDGE_CURVE ( 'NONE', #935, #1759, #648, .T. ) ;
#581 = VERTEX_POINT ( 'NONE', #795 ) ;
#582 = AXIS2_PLACEMENT_3D ( 'NONE', #630, #929, #2061 ) ;
#583 = AXIS2_PLACEMENT_3D ( 'NONE', #169, #1290, #151 ) ;
#584 = ORIENTED_EDGE ( 'NONE', *, *, #153, .F. ) ;
#585 = PRODUCT_CONTEXT ( 'NONE', #31, 'mechanical' ) ;
#586 = CARTESIAN_POINT ( 'NONE',  ( 70.00000000000000000, 98.60286311171172713, -5.000000000000000000 ) ) ;
#587 = DIRECTION ( 'NONE',  ( 6.938893903907228378E-16, 1.000000000000000000, -0.000000000000000000 ) ) ;
#588 = DIRECTION ( 'NONE',  ( 6.938893903907228378E-16, 1.000000000000000000, -0.000000000000000000 ) ) ;
#589 = CARTESIAN_POINT ( 'NONE',  ( -8.717696842798309619E-14, -118.3971368882883013, 0.000000000000000000 ) ) ;
#590 = DIRECTION ( 'NONE',  ( -1.000000000000000000, 9.303965044796568255E-16, 0.000000000000000000 ) ) ;
#591 = ORIENTED_EDGE ( 'NONE', *, *, #868, .F. ) ;
#592 = LINE ( 'NONE', #118, #1816 ) ;
#593 = ORIENTED_EDGE ( 'NONE', *, *, #1429, .T. ) ;
#594 = ORIENTED_EDGE ( 'NONE', *, *, #337, .F. ) ;
#595 = CARTESIAN_POINT ( 'NONE',  ( -50.00000000000000000, -113.3971368882882587, -5.000000000000000000 ) ) ;
#596 = DIRECTION ( 'NONE',  ( 0.9053612966848448851, -0.4246421110360302786, 0.000000000000000000 ) ) ;
#597 = FACE_BOUND ( 'NONE', #159, .T. ) ;
#598 = DIRECTION ( 'NONE',  ( 0.000000000000000000, 0.000000000000000000, -1.000000000000000000 ) ) ;
#599 = CARTESIAN_POINT ( 'NONE',  ( -5.442097319446670411, -18.39713688828825155, -3.000000000000000000 ) ) ;
#600 = ORIENTED_EDGE ( 'NONE', *, *, #665, .T. ) ;
#601 = DIRECTION ( 'NONE',  ( 1.000000000000000000, -7.381802025433221301E-16, 0.000000000000000000 ) ) ;
#602 = ORIENTED_EDGE ( 'NONE', *, *, #157, .F. ) ;
#603 = PLANE ( 'NONE',  #1789 ) ;
#604 = LINE ( 'NONE', #1870, #1315 ) ;
#605 = LINE ( 'NONE', #291, #72 ) ;
#606 = LINE ( 'NONE', #1098, #1317 ) ;
#607 = EDGE_LOOP ( 'NONE', ( #745, #2031, #594, #93 ) ) ;
#608 = CARTESIAN_POINT ( 'NONE',  ( -1.301042606982605321E-15, -6.794273776576496893, 5.000000000000000000 ) ) ;
#609 = ADVANCED_FACE ( 'NONE', ( #803 ), #1603, .F. ) ;
#610 = VECTOR ( 'NONE', #1165, 1000.000000000000000 ) ;
#611 = EDGE_LOOP ( 'NONE', ( #837, #1335, #643, #473, #934, #402, #820, #1935 ) ) ;
#612 = VECTOR ( 'NONE', #279, 1000.000000000000000 ) ;
#613 = AXIS2_PLACEMENT_3D ( 'NONE', #116, #574, #733 ) ;
#614 = ORIENTED_EDGE ( 'NONE', *, *, #1957, .T. ) ;
#615 = VECTOR ( 'NONE', #1718, 1000.000000000000000 ) ;
#616 = CARTESIAN_POINT ( 'NONE',  ( -31.16344865461789126, 47.60286311171173423, -4.000000000000000000 ) ) ;
#617 = LINE ( 'NONE', #1262, #710 ) ;
#618 = PLANE ( 'NONE',  #2023 ) ;
#619 = ADVANCED_FACE ( 'NONE', ( #16 ), #480, .T. ) ;
#620 = ADVANCED_FACE ( 'NONE', ( #1134 ), #1610, .F. ) ;
#621 = CARTESIAN_POINT ( 'NONE',  ( -70.00000000000000000, 106.6028631117117556, 5.000000000000000000 ) ) ;
#622 = ORIENTED_EDGE ( 'NONE', *, *, #1264, .T. ) ;
#623 = LINE ( 'NONE', #1725, #1643 ) ;
#624 = EDGE_CURVE ( 'NONE', #1490, #799, #976, .T. ) ;
#625 = ORIENTED_EDGE ( 'NONE', *, *, #1516, .T. ) ;
#626 = CARTESIAN_POINT ( 'NONE',  ( -0.000000000000000000, 98.60286311171174134, -5.000000000000000000 ) ) ;
#627 = ORIENTED_EDGE ( 'NONE', *, *, #486, .T. ) ;
#628 = LINE ( 'NONE', #113, #816 ) ;
#629 = DIRECTION ( 'NONE',  ( 1.000000000000000000, -2.003086131649547429E-16, 0.000000000000000000 ) ) ;
#630 = CARTESIAN_POINT ( 'NONE',  ( 65.00000000000024158, 98.60286311171174134, 0.000000000000000000 ) ) ;
#631 = ORIENTED_EDGE ( 'NONE', *, *, #924, .T. ) ;
#632 = CARTESIAN_POINT ( 'NONE',  ( 31.16344865461789126, 47.60286311171173423, 4.000000000000000000 ) ) ;
#633 = ADVANCED_FACE ( 'NONE', ( #1415 ), #170, .T. ) ;
#634 = VERTEX_POINT ( 'NONE', #639 ) ;
#635 = LINE ( 'NONE', #740, #1287 ) ;
#636 = EDGE_LOOP ( 'NONE', ( #484, #1801, #2034, #1109 ) ) ;
#637 = EDGE_CURVE ( 'NONE', #935, #1268, #960, .T. ) ;
#638 = FACE_OUTER_BOUND ( 'NONE', #1013, .T. ) ;
#639 = CARTESIAN_POINT ( 'NONE',  ( -66.54999999999995453, -113.3971368882882587, 0.000000000000000000 ) ) ;
#640 = LINE ( 'NONE', #1008, #1988 ) ;
#641 = VERTEX_POINT ( 'NONE', #1278 ) ;
#642 = DIRECTION ( 'NONE',  ( -0.5773502691896280625, -0.5773502691896216232, 0.5773502691896276184 ) ) ;
#643 = ORIENTED_EDGE ( 'NONE', *, *, #149, .F. ) ;
#644 = VECTOR ( 'NONE', #642, 1000.000000000000000 ) ;
#645 = VERTEX_POINT ( 'NONE', #786 ) ;
#646 = VECTOR ( 'NONE', #911, 1000.000000000000114 ) ;
#647 = FACE_OUTER_BOUND ( 'NONE', #1629, .T. ) ;
#648 = LINE ( 'NONE', #1300, #36 ) ;
#649 = CIRCLE ( 'NONE', #481, 1.549999999999995826 ) ;
#650 = EDGE_CURVE ( 'NONE', #248, #781, #1761, .T. ) ;
#651 = VECTOR ( 'NONE', #1632, 1000.000000000000000 ) ;
#652 = FACE_BOUND ( 'NONE', #1114, .T. ) ;
#653 = ORIENTED_EDGE ( 'NONE', *, *, #2079, .T. ) ;
#654 = DIRECTION ( 'NONE',  ( 0.000000000000000000, 0.000000000000000000, 1.000000000000000000 ) ) ;
#655 = ORIENTED_EDGE ( 'NONE', *, *, #1700, .T. ) ;
#656 = ORIENTED_EDGE ( 'NONE', *, *, #2055, .F. ) ;
#657 = EDGE_CURVE ( 'NONE', #569, #246, #1916, .T. ) ;
#658 = LINE ( 'NONE', #1630, #1022 ) ;
#659 = DIRECTION ( 'NONE',  ( -1.000000000000000000, 0.000000000000000000, -0.000000000000000000 ) ) ;
#660 = CARTESIAN_POINT ( 'NONE',  ( 23.99999999999989697, -118.3971368882883155, 5.000000000000000000 ) ) ;
#661 = LINE ( 'NONE', #789, #1313 ) ;
#662 = FACE_OUTER_BOUND ( 'NONE', #80, .T. ) ;
#663 = ORIENTED_EDGE ( 'NONE', *, *, #868, .T. ) ;
#664 = VERTEX_POINT ( 'NONE', #500 ) ;
#665 = EDGE_CURVE ( 'NONE', #1751, #2009, #1908, .T. ) ;
#666 = DIRECTION ( 'NONE',  ( -7.381802025433221301E-16, -1.000000000000000000, 0.000000000000000000 ) ) ;
#667 = DIRECTION ( 'NONE',  ( 9.303965044796568255E-16, -1.000000000000000000, 0.000000000000000000 ) ) ;
#668 = DIRECTION ( 'NONE',  ( -0.000000000000000000, -0.000000000000000000, -1.000000000000000000 ) ) ;
#669 = FACE_OUTER_BOUND ( 'NONE', #703, .T. ) ;
#670 = ORIENTED_EDGE ( 'NONE', *, *, #524, .F. ) ;
#671 = EDGE_LOOP ( 'NONE', ( #61, #288, #216, #52 ) ) ;
#672 = ORIENTED_EDGE ( 'NONE', *, *, #1004, .T. ) ;
#673 = VECTOR ( 'NONE', #1864, 1000.000000000000000 ) ;
#674 = DIRECTION ( 'NONE',  ( 0.4246421110360302231, -0.9053612966848448851, 0.000000000000000000 ) ) ;
#675 = DIRECTION ( 'NONE',  ( 1.631597190638408653E-16, -1.000000000000000000, 0.000000000000000000 ) ) ;
#676 = VECTOR ( 'NONE', #766, 1000.000000000000000 ) ;
#677 = CARTESIAN_POINT ( 'NONE',  ( 70.00000000000000000, 98.60286311171172713, 5.000000000000000000 ) ) ;
#678 = VECTOR ( 'NONE', #1067, 1000.000000000000000 ) ;
#679 = DIRECTION ( 'NONE',  ( 7.381802025433221301E-16, 1.000000000000000000, -0.000000000000000000 ) ) ;
#680 = ADVANCED_FACE ( 'NONE', ( #1142 ), #1780, .F. ) ;
#681 = VECTOR ( 'NONE', #1779, 1000.000000000000000 ) ;
#682 = ORIENTED_EDGE ( 'NONE', *, *, #157, .T. ) ;
#683 = CIRCLE ( 'NONE', #1861, 1.549999999999995826 ) ;
#684 = VERTEX_POINT ( 'NONE', #2 ) ;
#685 = ORIENTED_EDGE ( 'NONE', *, *, #1729, .T. ) ;
#686 = LINE ( 'NONE', #1181, #1259 ) ;
#687 = LINE ( 'NONE', #210, #202 ) ;
#688 = LINE ( 'NONE', #1846, #921 ) ;
#689 = CARTESIAN_POINT ( 'NONE',  ( 50.00000000000000000, -113.3971368882882444, 15.00000000000007283 ) ) ;
#690 = EDGE_CURVE ( 'NONE', #865, #1724, #617, .T. ) ;
#691 = CARTESIAN_POINT ( 'NONE',  ( -48.78035855377464713, -91.95739757691156058, -6.439739311376746045 ) ) ;
#692 = VERTEX_POINT ( 'NONE', #1112 ) ;
#693 = DIRECTION ( 'NONE',  ( -1.000000000000000000, 2.003086131649547183E-16, 0.000000000000000000 ) ) ;
#694 = DIRECTION ( 'NONE',  ( -7.381802025433221301E-16, -1.000000000000000000, 0.000000000000000000 ) ) ;
#695 = ADVANCED_FACE ( 'NONE', ( #1749 ), #1930, .F. ) ;
#696 = CARTESIAN_POINT ( 'NONE',  ( -94.00000000000009948, -113.3971368882882302, -5.000000000000000000 ) ) ;
#697 = LINE ( 'NONE', #1155, #270 ) ;
#698 = CARTESIAN_POINT ( 'NONE',  ( -94.00000000000007105, -113.3971368882882302, 51.00000000000000000 ) ) ;
#699 = ORIENTED_EDGE ( 'NONE', *, *, #1234, .T. ) ;
#700 = FACE_OUTER_BOUND ( 'NONE', #953, .T. ) ;
#701 = ORIENTED_EDGE ( 'NONE', *, *, #1690, .F. ) ;
#702 = EDGE_CURVE ( 'NONE', #218, #781, #705, .T. ) ;
#703 = EDGE_LOOP ( 'NONE', ( #465, #525, #1060, #1911 ) ) ;
#704 = CARTESIAN_POINT ( 'NONE',  ( 31.16344865461789126, 47.60286311171173423, 4.000000000000000000 ) ) ;
#705 = LINE ( 'NONE', #24, #1253 ) ;
#706 = VECTOR ( 'NONE', #1377, 1000.000000000000000 ) ;
#707 = CARTESIAN_POINT ( 'NONE',  ( 31.16344865461789126, 47.60286311171173423, -4.000000000000000000 ) ) ;
#708 = FACE_OUTER_BOUND ( 'NONE', #1367, .T. ) ;
#709 = EDGE_CURVE ( 'NONE', #1724, #1293, #538, .T. ) ;
#710 = VECTOR ( 'NONE', #459, 1000.000000000000227 ) ;
#711 = VECTOR ( 'NONE', #590, 1000.000000000000000 ) ;
#712 = PLANE ( 'NONE',  #174 ) ;
#713 = ORIENTED_EDGE ( 'NONE', *, *, #1616, .F. ) ;
#714 = DIRECTION ( 'NONE',  ( -0.000000000000000000, -0.000000000000000000, -1.000000000000000000 ) ) ;
#715 = VECTOR ( 'NONE', #1031, 1000.000000000000000 ) ;
#716 = ORIENTED_EDGE ( 'NONE', *, *, #1481, .F. ) ;
#717 = ORIENTED_EDGE ( 'NONE', *, *, #225, .T. ) ;
#718 = CARTESIAN_POINT ( 'NONE',  ( -1.301042606982605321E-15, -6.794273776576496893, 5.000000000000000000 ) ) ;
#719 = CARTESIAN_POINT ( 'NONE',  ( -31.16344865461789126, 47.60286311171173423, 4.000000000000000000 ) ) ;
#720 = LINE ( 'NONE', #1650, #144 ) ;
#721 = DIRECTION ( 'NONE',  ( -1.000000000000000000, 1.631597190638408653E-16, 0.000000000000000000 ) ) ;
#722 = DIRECTION ( 'NONE',  ( 1.000000000000000000, 0.000000000000000000, 0.000000000000000000 ) ) ;
#723 = ORIENTED_EDGE ( 'NONE', *, *, #1764, .T. ) ;
#724 = ORIENTED_EDGE ( 'NONE', *, *, #665, .F. ) ;
#725 = EDGE_CURVE ( 'NONE', #692, #905, #1648, .T. ) ;
#726 = VERTEX_POINT ( 'NONE', #1474 ) ;
#727 = UNCERTAINTY_MEASURE_WITH_UNIT (LENGTH_MEASURE( 1.000000000000000082E-05 ), #146, 'distance_accuracy_value', 'NONE');
#728 = ORIENTED_EDGE ( 'NONE', *, *, #650, .T. ) ;
#729 = CARTESIAN_POINT ( 'NONE',  ( 70.00000000000000000, 0.000000000000000000, 5.000000000000000000 ) ) ;
#730 = PLANE ( 'NONE',  #919 ) ;
#731 = DIRECTION ( 'NONE',  ( 0.4246421110360302231, -0.9053612966848448851, 0.000000000000000000 ) ) ;
#732 = LINE ( 'NONE', #123, #955 ) ;
#733 = DIRECTION ( 'NONE',  ( 1.000000000000000000, 0.000000000000000000, 0.000000000000000000 ) ) ;
#734 = CARTESIAN_POINT ( 'NONE',  ( -64.99999999999975842, 106.6028631117118124, 0.000000000000000000 ) ) ;
#735 = ORIENTED_EDGE ( 'NONE', *, *, #1638, .F. ) ;
#736 = CARTESIAN_POINT ( 'NONE',  ( -66.54999999999975557, 98.60286311171174134, 0.000000000000000000 ) ) ;
#737 = EDGE_LOOP ( 'NONE', ( #1504, #1314, #1239, #488 ) ) ;
#738 = ORIENTED_EDGE ( 'NONE', *, *, #531, .F. ) ;
#739 = DIRECTION ( 'NONE',  ( 0.000000000000000000, 0.000000000000000000, 1.000000000000000000 ) ) ;
#740 = CARTESIAN_POINT ( 'NONE',  ( -1.256441196480002753E-14, -5.893093111220412696E-15, -3.000000000000000000 ) ) ;
#741 = ADVANCED_FACE ( 'NONE', ( #358, #1959 ), #46, .F. ) ;
#742 = DIRECTION ( 'NONE',  ( 0.7071067811865514585, 0.7071067811865435759, -0.000000000000000000 ) ) ;
#743 = CARTESIAN_POINT ( 'NONE',  ( -64.99999999999977263, 98.60286311171174134, 0.000000000000000000 ) ) ;
#744 = PLANE ( 'NONE',  #1721 ) ;
#745 = ORIENTED_EDGE ( 'NONE', *, *, #570, .F. ) ;
#746 = AXIS2_PLACEMENT_3D ( 'NONE', #1679, #1806, #1513 ) ;
#747 = FACE_BOUND ( 'NONE', #1435, .T. ) ;
#748 = AXIS2_PLACEMENT_3D ( 'NONE', #1593, #1855, #954 ) ;
#749 = ORIENTED_EDGE ( 'NONE', *, *, #1286, .F. ) ;
#750 = VECTOR ( 'NONE', #1511, 1000.000000000000114 ) ;
#751 = AXIS2_PLACEMENT_3D ( 'NONE', #1141, #824, #1915 ) ;
#752 = EDGE_LOOP ( 'NONE', ( #713, #1347, #1529 ) ) ;
#753 = APPLICATION_PROTOCOL_DEFINITION ( 'draft international standard', 'automotive_design', 1998, #31 ) ;
#754 = DIRECTION ( 'NONE',  ( 0.000000000000000000, 0.000000000000000000, 1.000000000000000000 ) ) ;
#755 = VECTOR ( 'NONE', #1016, 1000.000000000000000 ) ;
#756 = FACE_BOUND ( 'NONE', #364, .T. ) ;
#757 = LINE ( 'NONE', #406, #676 ) ;
#758 = CARTESIAN_POINT ( 'NONE',  ( -17.32050807568874617, -3.397136888288266210, 3.000000000000000000 ) ) ;
#759 = CARTESIAN_POINT ( 'NONE',  ( 70.00000000000000000, 106.6028631117117556, 5.000000000000000000 ) ) ;
#760 = ORIENTED_EDGE ( 'NONE', *, *, #1600, .F. ) ;
#761 = DIRECTION ( 'NONE',  ( 0.000000000000000000, 0.000000000000000000, 1.000000000000000000 ) ) ;
#762 = EDGE_CURVE ( 'NONE', #102, #1927, #687, .T. ) ;
#763 = ORIENTED_EDGE ( 'NONE', *, *, #1577, .F. ) ;
#764 = ORIENTED_EDGE ( 'NONE', *, *, #1980, .T. ) ;
#765 = FACE_OUTER_BOUND ( 'NONE', #1326, .T. ) ;
#766 = DIRECTION ( 'NONE',  ( 9.251858538542971828E-16, 1.000000000000000000, -0.000000000000000000 ) ) ;
#767 = LINE ( 'NONE', #421, #542 ) ;
#768 = EDGE_CURVE ( 'NONE', #1850, #1598, #1496, .T. ) ;
#769 = LINE ( 'NONE', #621, #883 ) ;
#770 = ORIENTED_EDGE ( 'NONE', *, *, #637, .F. ) ;
#771 = CARTESIAN_POINT ( 'NONE',  ( -55.08400693575705276, -105.3971368882882302, 5.000000000000000000 ) ) ;
#772 = VERTEX_POINT ( 'NONE', #1967 ) ;
#773 = EDGE_CURVE ( 'NONE', #155, #325, #1420, .T. ) ;
#774 = EDGE_CURVE ( 'NONE', #1724, #1941, #825, .T. ) ;
#775 = CARTESIAN_POINT ( 'NONE',  ( 5.442097319446677517, -18.39713688828825511, 3.000000000000000000 ) ) ;
#776 = DIRECTION ( 'NONE',  ( -0.5000000000000002220, -0.8660254037844384856, 0.000000000000000000 ) ) ;
#777 = PLANE ( 'NONE',  #1523 ) ;
#778 = ORIENTED_EDGE ( 'NONE', *, *, #110, .T. ) ;
#779 = LINE ( 'NONE', #257, #1147 ) ;
#780 = AXIS2_PLACEMENT_3D ( 'NONE', #92, #2016, #425 ) ;
#781 = VERTEX_POINT ( 'NONE', #1639 ) ;
#782 = VECTOR ( 'NONE', #1396, 1000.000000000000000 ) ;
#783 = ORIENTED_EDGE ( 'NONE', *, *, #1172, .T. ) ;
#784 = VECTOR ( 'NONE', #1929, 1000.000000000000114 ) ;
#785 = LINE ( 'NONE', #1574, #2026 ) ;
#786 = CARTESIAN_POINT ( 'NONE',  ( 80.00000000000005684, -113.3971368882883581, 15.00000000000007283 ) ) ;
#787 = DIRECTION ( 'NONE',  ( -0.4246421110360302786, 0.9053612966848448851, 0.000000000000000000 ) ) ;
#788 = ORIENTED_EDGE ( 'NONE', *, *, #1516, .F. ) ;
#789 = CARTESIAN_POINT ( 'NONE',  ( -70.00000000000001421, -113.3971368882882444, 15.00000000000015987 ) ) ;
#790 = PRODUCT ( '\X2\67b6\X0\2', '\X2\67b6\X0\2', '', ( #585 ) ) ;
#791 = ORIENTED_EDGE ( 'NONE', *, *, #23, .F. ) ;
#792 = FACE_OUTER_BOUND ( 'NONE', #607, .T. ) ;
#793 = EDGE_CURVE ( 'NONE', #1167, #772, #1945, .T. ) ;
#794 = CARTESIAN_POINT ( 'NONE',  ( -18.97440028483113394, -47.24878170039006875, -51.14835518789868019 ) ) ;
#795 = CARTESIAN_POINT ( 'NONE',  ( 31.16344865461789126, 47.60286311171172002, 4.000000000000000000 ) ) ;
#796 = CARTESIAN_POINT ( 'NONE',  ( -11.76008957292365409, -13.02806424642347238, 5.000000000000000000 ) ) ;
#797 = VERTEX_POINT ( 'NONE', #191 ) ;
#798 = DIRECTION ( 'NONE',  ( 0.000000000000000000, 0.000000000000000000, -1.000000000000000000 ) ) ;
#799 = VERTEX_POINT ( 'NONE', #1506 ) ;
#800 = VERTEX_POINT ( 'NONE', #528 ) ;
#801 = ADVANCED_FACE ( 'NONE', ( #368 ), #1794, .T. ) ;
#802 = CARTESIAN_POINT ( 'NONE',  ( 5.442097319446672188, 11.60286311171171114, 3.000000000000000000 ) ) ;
#803 = FACE_OUTER_BOUND ( 'NONE', #1572, .T. ) ;
#804 = CARTESIAN_POINT ( 'NONE',  ( -4.630801026559637990, 2.171987173415272476, -5.000000000000000000 ) ) ;
#805 = VERTEX_POINT ( 'NONE', #382 ) ;
#806 = PLANE ( 'NONE',  #338 ) ;
#807 = DIRECTION ( 'NONE',  ( 0.000000000000000000, -1.000000000000000000, 0.000000000000000000 ) ) ;
#808 = EDGE_CURVE ( 'NONE', #493, #119, #1017, .T. ) ;
#809 = ORIENTED_EDGE ( 'NONE', *, *, #1176, .T. ) ;
#810 = VECTOR ( 'NONE', #204, 1000.000000000000000 ) ;
#811 = ORIENTED_EDGE ( 'NONE', *, *, #2043, .F. ) ;
#812 = AXIS2_PLACEMENT_3D ( 'NONE', #290, #1065, #1719 ) ;
#813 = CIRCLE ( 'NONE', #1350, 1.549999999999995826 ) ;
#814 = CARTESIAN_POINT ( 'NONE',  ( -37.16344865461790903, 60.39520668511720203, -4.000000000000000000 ) ) ;
#815 = DIRECTION ( 'NONE',  ( 1.000000000000000000, 9.303965044796566283E-16, -1.668576707022961601E-15 ) ) ;
#816 = VECTOR ( 'NONE', #1398, 1000.000000000000000 ) ;
#817 = EDGE_CURVE ( 'NONE', #1605, #1665, #579, .T. ) ;
#818 = VECTOR ( 'NONE', #1573, 1000.000000000000000 ) ;
#819 = CARTESIAN_POINT ( 'NONE',  ( 0.000000000000000000, 0.000000000000000000, 3.000000000000000000 ) ) ;
#820 = ORIENTED_EDGE ( 'NONE', *, *, #1462, .F. ) ;
#821 = SURFACE_STYLE_FILL_AREA ( #1744 ) ;
#822 = VERTEX_POINT ( 'NONE', #840 ) ;
#823 = VERTEX_POINT ( 'NONE', #1039 ) ;
#824 = DIRECTION ( 'NONE',  ( 9.251858538542971828E-16, 1.000000000000000000, -0.000000000000000000 ) ) ;
#825 = LINE ( 'NONE', #392, #1950 ) ;
#826 = FACE_OUTER_BOUND ( 'NONE', #2052, .T. ) ;
#827 = DIRECTION ( 'NONE',  ( 1.000000000000000000, -7.381802025433221301E-16, 0.000000000000000000 ) ) ;
#828 = EDGE_CURVE ( 'NONE', #2015, #194, #1977, .T. ) ;
#829 = ORIENTED_EDGE ( 'NONE', *, *, #1129, .T. ) ;
#830 = ADVANCED_FACE ( 'NONE', ( #63 ), #1484, .T. ) ;
#831 = ORIENTED_EDGE ( 'NONE', *, *, #187, .F. ) ;
#832 = DIRECTION ( 'NONE',  ( 1.020425574104004492E-16, 1.000000000000000000, -0.000000000000000000 ) ) ;
#833 = EDGE_CURVE ( 'NONE', #1443, #772, #1349, .T. ) ;
#834 = CARTESIAN_POINT ( 'NONE',  ( 2.612089346919102884, -1.225149714872962869, 5.000000000000000000 ) ) ;
#835 = CARTESIAN_POINT ( 'NONE',  ( 93.99999999999990052, -113.3971368882883723, 51.00000000000000000 ) ) ;
#836 = LINE ( 'NONE', #530, #577 ) ;
#837 = ORIENTED_EDGE ( 'NONE', *, *, #1049, .F. ) ;
#838 = VECTOR ( 'NONE', #34, 1000.000000000000000 ) ;
#839 = DIRECTION ( 'NONE',  ( -0.000000000000000000, -0.000000000000000000, -1.000000000000000000 ) ) ;
#840 = CARTESIAN_POINT ( 'NONE',  ( -2.310240216985968577E-15, -2.775557445434449986E-14, -5.000000000000000000 ) ) ;
#841 = VECTOR ( 'NONE', #1323, 1000.000000000000000 ) ;
#842 = DIRECTION ( 'NONE',  ( 1.000000000000000000, 1.631597190638408653E-16, -0.000000000000000000 ) ) ;
#843 = VECTOR ( 'NONE', #807, 1000.000000000000000 ) ;
#844 = DIRECTION ( 'NONE',  ( -0.4246421110360303341, -0.9053612966848448851, 0.000000000000000000 ) ) ;
#845 = VECTOR ( 'NONE', #668, 1000.000000000000000 ) ;
#846 = ORIENTED_EDGE ( 'NONE', *, *, #1444, .T. ) ;
#847 = ORIENTED_EDGE ( 'NONE', *, *, #1295, .F. ) ;
#848 = ADVANCED_FACE ( 'NONE', ( #792 ), #2010, .F. ) ;
#849 = ORIENTED_EDGE ( 'NONE', *, *, #496, .F. ) ;
#850 = FACE_OUTER_BOUND ( 'NONE', #737, .T. ) ;
#851 = CARTESIAN_POINT ( 'NONE',  ( -37.16344865461790903, 60.39520668511720203, 4.000000000000000000 ) ) ;
#852 = CARTESIAN_POINT ( 'NONE',  ( 72.00000000000001421, -105.3971368882882160, -5.000000000000000000 ) ) ;
#853 = LINE ( 'NONE', #1353, #841 ) ;
#854 = FACE_OUTER_BOUND ( 'NONE', #978, .T. ) ;
#855 = ORIENTED_EDGE ( 'NONE', *, *, #110, .F. ) ;
#856 = VERTEX_POINT ( 'NONE', #586 ) ;
#857 = ORIENTED_EDGE ( 'NONE', *, *, #23, .T. ) ;
#858 = EDGE_CURVE ( 'NONE', #318, #1433, #1541, .T. ) ;
#859 = EDGE_LOOP ( 'NONE', ( #1256, #849, #1763, #1671 ) ) ;
#860 = CARTESIAN_POINT ( 'NONE',  ( -66.54999999999996874, -127.3971368882883581, 0.000000000000000000 ) ) ;
#861 = DIRECTION ( 'NONE',  ( -1.000000000000000000, 7.381802025433221301E-16, 0.000000000000000000 ) ) ;
#862 = DIRECTION ( 'NONE',  ( 1.000000000000000000, 0.000000000000000000, 0.000000000000000000 ) ) ;
#863 = LINE ( 'NONE', #1961, #1853 ) ;
#864 = CARTESIAN_POINT ( 'NONE',  ( 8.660254037844390851, 11.60286311171171114, 3.000000000000000000 ) ) ;
#865 = VERTEX_POINT ( 'NONE', #719 ) ;
#866 = ORIENTED_EDGE ( 'NONE', *, *, #250, .F. ) ;
#867 = EDGE_CURVE ( 'NONE', #1759, #196, #1434, .T. ) ;
#868 = EDGE_CURVE ( 'NONE', #102, #1693, #1673, .T. ) ;
#869 = ORIENTED_EDGE ( 'NONE', *, *, #195, .F. ) ;
#870 = PRODUCT_DEFINITION_CONTEXT ( 'detailed design', #944, 'design' ) ;
#871 = ORIENTED_EDGE ( 'NONE', *, *, #828, .T. ) ;
#872 = DIRECTION ( 'NONE',  ( 9.251858538542969855E-16, 1.000000000000000000, 0.000000000000000000 ) ) ;
#873 = CARTESIAN_POINT ( 'NONE',  ( -94.00000000000009948, -113.3971368882882302, -5.000000000000000000 ) ) ;
#874 = VECTOR ( 'NONE', #1171, 1000.000000000000000 ) ;
#875 = LINE ( 'NONE', #55, #1226 ) ;
#876 = CARTESIAN_POINT ( 'NONE',  ( -8.370752147602948200E-14, -113.3971368882883013, 0.000000000000000000 ) ) ;
#877 = VECTOR ( 'NONE', #675, 1000.000000000000000 ) ;
#878 = EDGE_CURVE ( 'NONE', #2081, #456, #1868, .T. ) ;
#879 = AXIS2_PLACEMENT_3D ( 'NONE', #589, #1076, #386 ) ;
#880 = DIRECTION ( 'NONE',  ( 1.000000000000000000, 0.000000000000000000, -0.000000000000000000 ) ) ;
#881 = ORIENTED_EDGE ( 'NONE', *, *, #1356, .F. ) ;
#882 = DIRECTION ( 'NONE',  ( 0.5000000000000003331, 0.8660254037844384856, 0.000000000000000000 ) ) ;
#883 = VECTOR ( 'NONE', #1408, 1000.000000000000000 ) ;
#884 = AXIS2_PLACEMENT_3D ( 'NONE', #1327, #1802, #693 ) ;
#885 = ORIENTED_EDGE ( 'NONE', *, *, #494, .F. ) ;
#886 = ORIENTED_EDGE ( 'NONE', *, *, #2078, .T. ) ;
#887 = CARTESIAN_POINT ( 'NONE',  ( -70.00000000000000000, 0.000000000000000000, -5.000000000000000000 ) ) ;
#888 = FACE_BOUND ( 'NONE', #518, .T. ) ;
#889 = DIRECTION ( 'NONE',  ( -0.7071067811865435759, 0.7071067811865514585, 0.000000000000000000 ) ) ;
#890 = DIRECTION ( 'NONE',  ( 0.000000000000000000, 0.000000000000000000, 1.000000000000000000 ) ) ;
#891 = DIRECTION ( 'NONE',  ( 0.000000000000000000, 0.000000000000000000, -1.000000000000000000 ) ) ;
#892 = DIRECTION ( 'NONE',  ( 1.000000000000000000, 0.000000000000000000, 0.000000000000000000 ) ) ;
#893 = VERTEX_POINT ( 'NONE', #571 ) ;
#894 = CARTESIAN_POINT ( 'NONE',  ( 69.99999999999998579, -103.3971368882881734, 5.000000000000000000 ) ) ;
#895 = ORIENTED_EDGE ( 'NONE', *, *, #486, .F. ) ;
#896 = ORIENTED_EDGE ( 'NONE', *, *, #1308, .T. ) ;
#897 = DIRECTION ( 'NONE',  ( -7.381802025433221301E-16, -1.000000000000000000, 0.000000000000000000 ) ) ;
#898 = ADVANCED_FACE ( 'NONE', ( #1531, #428 ), #1073, .T. ) ;
#899 = CARTESIAN_POINT ( 'NONE',  ( 63.45000000000003126, -127.3971368882884576, 0.000000000000000000 ) ) ;
#900 = CARTESIAN_POINT ( 'NONE',  ( 4.630801026559669076, 2.171987173415284911, 5.000000000000000000 ) ) ;
#901 = LINE ( 'NONE', #1544, #1388 ) ;
#902 = DIRECTION ( 'NONE',  ( 0.000000000000000000, 0.000000000000000000, 1.000000000000000000 ) ) ;
#903 = ORIENTED_EDGE ( 'NONE', *, *, #266, .T. ) ;
#904 = DIRECTION ( 'NONE',  ( 1.000000000000000000, -9.303965044796568255E-16, 0.000000000000000000 ) ) ;
#905 = VERTEX_POINT ( 'NONE', #262 ) ;
#906 = EDGE_CURVE ( 'NONE', #1490, #856, #305, .T. ) ;
#907 = ORIENTED_EDGE ( 'NONE', *, *, #1333, .F. ) ;
#908 = SHAPE_DEFINITION_REPRESENTATION ( #133, #303 ) ;
#909 = LINE ( 'NONE', #1110, #782 ) ;
#910 = CARTESIAN_POINT ( 'NONE',  ( 66.55000000000003979, -113.3971368882883439, 1.898202538678387845E-16 ) ) ;
#911 = DIRECTION ( 'NONE',  ( -0.4246421110360302231, 0.9053612966848448851, 0.000000000000000000 ) ) ;
#912 = CARTESIAN_POINT ( 'NONE',  ( 1.256441196480002753E-14, -5.893093111220412696E-15, 5.000000000000000000 ) ) ;
#913 = EDGE_CURVE ( 'NONE', #559, #1419, #1063, .T. ) ;
#914 = AXIS2_PLACEMENT_3D ( 'NONE', #991, #1137, #485 ) ;
#915 = DIRECTION ( 'NONE',  ( -0.000000000000000000, -0.000000000000000000, -1.000000000000000000 ) ) ;
#916 = ORIENTED_EDGE ( 'NONE', *, *, #1736, .F. ) ;
#917 = VECTOR ( 'NONE', #815, 1000.000000000000000 ) ;
#918 = DIRECTION ( 'NONE',  ( 0.000000000000000000, 0.000000000000000000, -1.000000000000000000 ) ) ;
#919 = AXIS2_PLACEMENT_3D ( 'NONE', #1269, #754, #2035 ) ;
#920 = ORIENTED_EDGE ( 'NONE', *, *, #774, .F. ) ;
#921 = VECTOR ( 'NONE', #1969, 1000.000000000000000 ) ;
#922 = VECTOR ( 'NONE', #731, 1000.000000000000000 ) ;
#923 = ORIENTED_EDGE ( 'NONE', *, *, #1397, .F. ) ;
#924 = EDGE_CURVE ( 'NONE', #1923, #1896, #909, .T. ) ;
#925 = VECTOR ( 'NONE', #666, 1000.000000000000000 ) ;
#926 = CARTESIAN_POINT ( 'NONE',  ( -37.16344865461790903, 60.39520668511720203, 4.000000000000000000 ) ) ;
#927 = PLANE ( 'NONE',  #1717 ) ;
#928 = LINE ( 'NONE', #1732, #1954 ) ;
#929 = DIRECTION ( 'NONE',  ( -9.303965044796568255E-16, -1.000000000000000000, 0.000000000000000000 ) ) ;
#930 = ORIENTED_EDGE ( 'NONE', *, *, #286, .F. ) ;
#931 = CARTESIAN_POINT ( 'NONE',  ( 93.99999999999990052, -113.3971368882883723, 51.00000000000000000 ) ) ;
#932 = ADVANCED_FACE ( 'NONE', ( #1361 ), #1696, .F. ) ;
#933 = ADVANCED_FACE ( 'NONE', ( #1382 ), #730, .F. ) ;
#934 = ORIENTED_EDGE ( 'NONE', *, *, #1316, .T. ) ;
#935 = VERTEX_POINT ( 'NONE', #251 ) ;
#936 = CARTESIAN_POINT ( 'NONE',  ( 0.000000000000000000, 106.6028631117117556, 5.000000000000000000 ) ) ;
#937 = CARTESIAN_POINT ( 'NONE',  ( -2.310240216985970155E-15, -2.775557445434449986E-14, 3.000000000000000000 ) ) ;
#938 = FACE_OUTER_BOUND ( 'NONE', #226, .T. ) ;
#939 = DIRECTION ( 'NONE',  ( 0.000000000000000000, 0.000000000000000000, 1.000000000000000000 ) ) ;
#940 = LINE ( 'NONE', #1235, #511 ) ;
#941 = ORIENTED_EDGE ( 'NONE', *, *, #1247, .F. ) ;
#942 = CARTESIAN_POINT ( 'NONE',  ( -7.242890373478737764, -3.397136888288270207, 3.000000000000000000 ) ) ;
#943 = ORIENTED_EDGE ( 'NONE', *, *, #773, .F. ) ;
#944 = APPLICATION_CONTEXT ( 'automotive_design' ) ;
#945 = EDGE_CURVE ( 'NONE', #271, #1167, #1685, .T. ) ;
#946 = DIRECTION ( 'NONE',  ( -1.000000000000000000, 0.000000000000000000, 0.000000000000000000 ) ) ;
#947 = LINE ( 'NONE', #2066, #917 ) ;
#948 = DIRECTION ( 'NONE',  ( -0.000000000000000000, -0.000000000000000000, -1.000000000000000000 ) ) ;
#949 = ORIENTED_EDGE ( 'NONE', *, *, #1341, .T. ) ;
#950 = CARTESIAN_POINT ( 'NONE',  ( 55.08400693575704565, -105.3971368882882302, -5.000000000000000000 ) ) ;
#951 = EDGE_CURVE ( 'NONE', #498, #1116, #635, .T. ) ;
#952 = AXIS2_PLACEMENT_3D ( 'NONE', #1921, #827, #156 ) ;
#953 = EDGE_LOOP ( 'NONE', ( #426, #293, #627, #809 ) ) ;
#954 = DIRECTION ( 'NONE',  ( 1.000000000000000000, 0.000000000000000000, -0.000000000000000000 ) ) ;
#955 = VECTOR ( 'NONE', #1698, 1000.000000000000000 ) ;
#956 = CIRCLE ( 'NONE', #447, 1.549999999999995826 ) ;
#957 = VECTOR ( 'NONE', #1351, 1000.000000000000000 ) ;
#958 = DIRECTION ( 'NONE',  ( -1.000000000000000000, 7.381802025433221301E-16, 0.000000000000000000 ) ) ;
#959 = AXIS2_PLACEMENT_3D ( 'NONE', #1111, #2073, #479 ) ;
#960 = LINE ( 'NONE', #2074, #273 ) ;
#961 = CARTESIAN_POINT ( 'NONE',  ( -24.00000000000006395, -113.3971368882882871, 51.00000000000001421 ) ) ;
#962 = ORIENTED_EDGE ( 'NONE', *, *, #295, .T. ) ;
#963 = CARTESIAN_POINT ( 'NONE',  ( -17.32050807568874617, -3.397136888288266210, 3.000000000000000000 ) ) ;
#964 = ORIENTED_EDGE ( 'NONE', *, *, #1033, .F. ) ;
#965 = EDGE_CURVE ( 'NONE', #569, #207, #1276, .T. ) ;
#966 = ORIENTED_EDGE ( 'NONE', *, *, #1934, .T. ) ;
#967 = CARTESIAN_POINT ( 'NONE',  ( -7.632571945059620903E-14, -103.3971368882882302, 5.000000000000000000 ) ) ;
#968 = CARTESIAN_POINT ( 'NONE',  ( -66.54999999999974136, 106.6028631117118124, 0.000000000000000000 ) ) ;
#969 = EDGE_CURVE ( 'NONE', #726, #1368, #376, .T. ) ;
#970 = CYLINDRICAL_SURFACE ( 'NONE', #1092, 1.549999999999995826 ) ;
#971 = ORIENTED_EDGE ( 'NONE', *, *, #1334, .F. ) ;
#972 = ORIENTED_EDGE ( 'NONE', *, *, #553, .T. ) ;
#973 = ORIENTED_EDGE ( 'NONE', *, *, #1286, .T. ) ;
#974 = EDGE_CURVE ( 'NONE', #1605, #549, #474, .T. ) ;
#975 = FACE_OUTER_BOUND ( 'NONE', #1493, .T. ) ;
#976 = LINE ( 'NONE', #1124, #107 ) ;
#977 = CARTESIAN_POINT ( 'NONE',  ( -2.310240216985968577E-15, -2.775557445434449986E-14, 5.000000000000000000 ) ) ;
#978 = EDGE_LOOP ( 'NONE', ( #1734, #167, #1046, #1252 ) ) ;
#979 = FACE_OUTER_BOUND ( 'NONE', #1246, .T. ) ;
#980 = ORIENTED_EDGE ( 'NONE', *, *, #4, .T. ) ;
#981 = VECTOR ( 'NONE', #463, 1000.000000000000000 ) ;
#982 = ORIENTED_EDGE ( 'NONE', *, *, #1906, .F. ) ;
#983 = AXIS2_PLACEMENT_3D ( 'NONE', #1467, #1810, #520 ) ;
#984 = AXIS2_PLACEMENT_3D ( 'NONE', #125, #314, #1558 ) ;
#985 = ADVANCED_FACE ( 'NONE', ( #888, #1370 ), #1787, .T. ) ;
#986 = CARTESIAN_POINT ( 'NONE',  ( 8.660254037844390851, -18.39713688828825511, 3.000000000000000000 ) ) ;
#987 = DIRECTION ( 'NONE',  ( 9.251858538542971828E-16, 1.000000000000000000, -0.000000000000000000 ) ) ;
#988 = VECTOR ( 'NONE', #17, 1000.000000000000000 ) ;
#989 = VECTOR ( 'NONE', #1706, 1000.000000000000000 ) ;
#990 = DIRECTION ( 'NONE',  ( -0.4246421110360302231, -0.9053612966848448851, 0.000000000000000000 ) ) ;
#991 = CARTESIAN_POINT ( 'NONE',  ( -70.00000000000000000, 0.000000000000000000, 5.000000000000000000 ) ) ;
#992 = ORIENTED_EDGE ( 'NONE', *, *, #951, .F. ) ;
#993 = DIRECTION ( 'NONE',  ( -0.4246421110360302231, -0.9053612966848448851, 0.000000000000000000 ) ) ;
#994 = EDGE_CURVE ( 'NONE', #893, #416, #1924, .T. ) ;
#995 = EDGE_CURVE ( 'NONE', #581, #260, #1618, .T. ) ;
#996 = ORIENTED_EDGE ( 'NONE', *, *, #434, .F. ) ;
#997 = CARTESIAN_POINT ( 'NONE',  ( -11.76008957292365409, -13.02806424642347238, -3.000000000000000000 ) ) ;
#998 = DIRECTION ( 'NONE',  ( -0.4246421110360302231, -0.9053612966848448851, 0.000000000000000000 ) ) ;
#999 = ADVANCED_FACE ( 'NONE', ( #662 ), #1128, .F. ) ;
#1000 = LINE ( 'NONE', #5, #1562 ) ;
#1001 = LINE ( 'NONE', #78, #874 ) ;
#1002 = ORIENTED_EDGE ( 'NONE', *, *, #225, .F. ) ;
#1003 = ORIENTED_EDGE ( 'NONE', *, *, #1356, .T. ) ;
#1004 = EDGE_CURVE ( 'NONE', #1913, #692, #513, .T. ) ;
#1005 = ORIENTED_EDGE ( 'NONE', *, *, #496, .T. ) ;
#1006 = LINE ( 'NONE', #198, #1726 ) ;
#1007 = CARTESIAN_POINT ( 'NONE',  ( 31.16344865461790192, -54.39713688828824445, 4.000000000000000000 ) ) ;
#1008 = CARTESIAN_POINT ( 'NONE',  ( 1.256441196480002753E-14, -5.893093111220412696E-15, 3.000000000000000000 ) ) ;
#1009 = LINE ( 'NONE', #1641, #341 ) ;
#1010 = VERTEX_POINT ( 'NONE', #1797 ) ;
#1011 = EDGE_CURVE ( 'NONE', #684, #1503, #1766, .T. ) ;
#1012 = EDGE_LOOP ( 'NONE', ( #1964, #6, #1617, #962 ) ) ;
#1013 = EDGE_LOOP ( 'NONE', ( #903, #930, #1131, #1919, #1402, #50 ) ) ;
#1014 = AXIS2_PLACEMENT_3D ( 'NONE', #1045, #235, #882 ) ;
#1015 = ORIENTED_EDGE ( 'NONE', *, *, #1202, .T. ) ;
#1016 = DIRECTION ( 'NONE',  ( -0.000000000000000000, -0.000000000000000000, -1.000000000000000000 ) ) ;
#1017 = LINE ( 'NONE', #1183, #1480 ) ;
#1018 = VECTOR ( 'NONE', #1707, 1000.000000000000114 ) ;
#1019 = DIRECTION ( 'NONE',  ( 1.000000000000000000, -7.381802025433221301E-16, 0.000000000000000000 ) ) ;
#1020 = AXIS2_PLACEMENT_3D ( 'NONE', #324, #1296, #186 ) ;
#1021 = CARTESIAN_POINT ( 'NONE',  ( 37.16344865461790903, 60.39520668511718071, 4.000000000000000000 ) ) ;
#1022 = VECTOR ( 'NONE', #958, 1000.000000000000000 ) ;
#1023 = LINE ( 'NONE', #698, #1222 ) ;
#1024 = VERTEX_POINT ( 'NONE', #1576 ) ;
#1025 = ORIENTED_EDGE ( 'NONE', *, *, #412, .T. ) ;
#1026 = ADVANCED_FACE ( 'NONE', ( #1066, #1888 ), #280, .F. ) ;
#1027 = ORIENTED_EDGE ( 'NONE', *, *, #1600, .T. ) ;
#1028 = VERTEX_POINT ( 'NONE', #1373 ) ;
#1029 = PLANE ( 'NONE',  #487 ) ;
#1030 = CARTESIAN_POINT ( 'NONE',  ( -8.370752147602948200E-14, -113.3971368882883013, 0.000000000000000000 ) ) ;
#1031 = DIRECTION ( 'NONE',  ( 0.4246421110360303897, 0.9053612966848448851, 0.000000000000000000 ) ) ;
#1032 = DIRECTION ( 'NONE',  ( -0.4246421110360303897, 0.9053612966848448851, 0.000000000000000000 ) ) ;
#1033 = EDGE_CURVE ( 'NONE', #799, #893, #1416, .T. ) ;
#1034 = DIRECTION ( 'NONE',  ( 1.000000000000000000, 0.000000000000000000, 0.000000000000000000 ) ) ;
#1035 = FACE_OUTER_BOUND ( 'NONE', #1214, .T. ) ;
#1036 = ORIENTED_EDGE ( 'NONE', *, *, #1800, .T. ) ;
#1037 = ORIENTED_EDGE ( 'NONE', *, *, #624, .T. ) ;
#1038 = CARTESIAN_POINT ( 'NONE',  ( 0.000000000000000000, 98.60286311171174134, 5.000000000000000000 ) ) ;
#1039 = CARTESIAN_POINT ( 'NONE',  ( 66.55000000000025295, 106.6028631117116987, 1.898202538678387845E-16 ) ) ;
#1040 = CARTESIAN_POINT ( 'NONE',  ( 17.32050807568876749, -3.397136888288271095, 3.000000000000000000 ) ) ;
#1041 = ADVANCED_FACE ( 'NONE', ( #2058 ), #618, .F. ) ;
#1042 = DIRECTION ( 'NONE',  ( -1.020425574104004492E-16, 1.000000000000000000, 0.000000000000000000 ) ) ;
#1043 = LINE ( 'NONE', #1342, #1821 ) ;
#1044 = EDGE_LOOP ( 'NONE', ( #701, #1284 ) ) ;
#1045 = CARTESIAN_POINT ( 'NONE',  ( -8.660254037844365982, 11.60286311171171292, 3.000000000000000000 ) ) ;
#1046 = ORIENTED_EDGE ( 'NONE', *, *, #1615, .T. ) ;
#1047 = FACE_OUTER_BOUND ( 'NONE', #1973, .T. ) ;
#1048 = CARTESIAN_POINT ( 'NONE',  ( 63.45000000000003126, -127.3971368882884576, 0.000000000000000000 ) ) ;
#1049 = EDGE_CURVE ( 'NONE', #1872, #1273, #1720, .T. ) ;
#1050 = MECHANICAL_DESIGN_GEOMETRIC_PRESENTATION_REPRESENTATION (  '', ( #1884 ), #1345 ) ;
#1051 = CARTESIAN_POINT ( 'NONE',  ( -17.32050807568874617, -3.397136888288266210, 3.000000000000000000 ) ) ;
#1052 = CYLINDRICAL_SURFACE ( 'NONE', #1387, 1.549999999999995826 ) ;
#1053 = AXIS2_PLACEMENT_3D ( 'NONE', #1385, #588, #1232 ) ;
#1054 = VECTOR ( 'NONE', #460, 1000.000000000000000 ) ;
#1055 = CARTESIAN_POINT ( 'NONE',  ( -63.44999999999975415, 106.6028631117118124, 1.898202538678387845E-16 ) ) ;
#1056 = EDGE_LOOP ( 'NONE', ( #2033, #682 ) ) ;
#1057 = CARTESIAN_POINT ( 'NONE',  ( -1.301042606982605321E-15, -6.794273776576496893, 5.000000000000000000 ) ) ;
#1058 = VECTOR ( 'NONE', #554, 1000.000000000000000 ) ;
#1059 = VECTOR ( 'NONE', #381, 1000.000000000000000 ) ;
#1060 = ORIENTED_EDGE ( 'NONE', *, *, #399, .T. ) ;
#1061 = EDGE_CURVE ( 'NONE', #325, #823, #928, .T. ) ;
#1062 = ORIENTED_EDGE ( 'NONE', *, *, #1980, .F. ) ;
#1063 = LINE ( 'NONE', #2022, #1150 ) ;
#1064 = CARTESIAN_POINT ( 'NONE',  ( 9.806112774302731013E-14, -105.3971368882882729, -5.000000000000000000 ) ) ;
#1065 = DIRECTION ( 'NONE',  ( 9.303965044796568255E-16, -1.000000000000000000, 0.000000000000000000 ) ) ;
#1066 = FACE_BOUND ( 'NONE', #1244, .T. ) ;
#1067 = DIRECTION ( 'NONE',  ( 0.7071067811865431318, -0.7071067811865520136, 0.000000000000000000 ) ) ;
#1068 = ORIENTED_EDGE ( 'NONE', *, *, #965, .F. ) ;
#1069 = LINE ( 'NONE', #771, #1283 ) ;
#1070 = ORIENTED_EDGE ( 'NONE', *, *, #951, .T. ) ;
#1071 = ORIENTED_EDGE ( 'NONE', *, *, #1308, .F. ) ;
#1072 =( NAMED_UNIT ( * ) SI_UNIT ( $, .STERADIAN. ) SOLID_ANGLE_UNIT ( ) );
#1073 = PLANE ( 'NONE',  #7 ) ;
#1074 = LINE ( 'NONE', #899, #1722 ) ;
#1075 = CARTESIAN_POINT ( 'NONE',  ( -5.442097319446670411, 11.60286311171171292, -3.000000000000000000 ) ) ;
#1076 = DIRECTION ( 'NONE',  ( 7.381802025433221301E-16, 1.000000000000000000, -0.000000000000000000 ) ) ;
#1077 = VERTEX_POINT ( 'NONE', #2013 ) ;
#1078 = LINE ( 'NONE', #1254, #1613 ) ;
#1079 = ADVANCED_FACE ( 'NONE', ( #431 ), #1105, .F. ) ;
#1080 = ORIENTED_EDGE ( 'NONE', *, *, #553, .F. ) ;
#1081 = APPLICATION_PROTOCOL_DEFINITION ( 'draft international standard', 'automotive_design', 1998, #944 ) ;
#1082 = CARTESIAN_POINT ( 'NONE',  ( 7.242890373478762633, -3.397136888288248446, -3.000000000000000000 ) ) ;
#1083 = CARTESIAN_POINT ( 'NONE',  ( -64.99999999999997158, -127.3971368882883581, 0.000000000000000000 ) ) ;
#1084 = DIRECTION ( 'NONE',  ( -1.000000000000000000, 7.381802025433221301E-16, 4.613626265895763467E-18 ) ) ;
#1085 = EDGE_CURVE ( 'NONE', #1419, #684, #605, .T. ) ;
#1086 = CARTESIAN_POINT ( 'NONE',  ( -94.00000000000009948, -118.3971368882882302, -5.000000000000000000 ) ) ;
#1087 = ORIENTED_EDGE ( 'NONE', *, *, #42, .T. ) ;
#1088 = VECTOR ( 'NONE', #360, 1000.000000000000114 ) ;
#1089 = CARTESIAN_POINT ( 'NONE',  ( 80.00000000000005684, -113.3971368882883581, -5.000000000000000000 ) ) ;
#1090 = VECTOR ( 'NONE', #993, 1000.000000000000114 ) ;
#1091 = ORIENTED_EDGE ( 'NONE', *, *, #624, .F. ) ;
#1092 = AXIS2_PLACEMENT_3D ( 'NONE', #163, #1931, #384 ) ;
#1093 = EDGE_CURVE ( 'NONE', #1024, #797, #767, .T. ) ;
#1094 = ORIENTED_EDGE ( 'NONE', *, *, #1588, .F. ) ;
#1095 = DIRECTION ( 'NONE',  ( 1.000000000000000000, -6.938893903907228378E-16, 0.000000000000000000 ) ) ;
#1096 = CARTESIAN_POINT ( 'NONE',  ( -37.16344865461788771, -67.18948046169363408, 4.000000000000000000 ) ) ;
#1097 = CARTESIAN_POINT ( 'NONE',  ( -11.76008957292365764, 6.233790469846928417, 5.000000000000000000 ) ) ;
#1098 = CARTESIAN_POINT ( 'NONE',  ( 50.00000000000000000, 106.6028631117117556, 5.000000000000000000 ) ) ;
#1099 = ORIENTED_EDGE ( 'NONE', *, *, #295, .F. ) ;
#1100 = CARTESIAN_POINT ( 'NONE',  ( -37.16344865461788771, -67.18948046169363408, 4.000000000000000000 ) ) ;
#1101 = EDGE_LOOP ( 'NONE', ( #1536, #208, #1175, #400, #1512, #831, #980, #558, #409 ) ) ;
#1102 = EDGE_CURVE ( 'NONE', #1872, #2048, #1871, .T. ) ;
#1103 = DIRECTION ( 'NONE',  ( -1.020425574104004492E-16, -1.000000000000000000, 0.000000000000000000 ) ) ;
#1104 = CARTESIAN_POINT ( 'NONE',  ( -8.660254037844365982, 11.60286311171171292, -3.000000000000000000 ) ) ;
#1105 = PLANE ( 'NONE',  #274 ) ;
#1106 = PLANE ( 'NONE',  #984 ) ;
#1107 = ORIENTED_EDGE ( 'NONE', *, *, #1700, .F. ) ;
#1108 = PRESENTATION_STYLE_ASSIGNMENT (( #332 ) ) ;
#1109 = ORIENTED_EDGE ( 'NONE', *, *, #1741, .T. ) ;
#1110 = CARTESIAN_POINT ( 'NONE',  ( 23.99999999999989697, -113.3971368882883155, 51.00000000000001421 ) ) ;
#1111 = CARTESIAN_POINT ( 'NONE',  ( -9.806112774302731013E-14, -105.3971368882882729, 5.000000000000000000 ) ) ;
#1112 = CARTESIAN_POINT ( 'NONE',  ( -70.00000000000000000, 98.60286311171174134, 5.000000000000000000 ) ) ;
#1113 = CARTESIAN_POINT ( 'NONE',  ( -63.44999999999996732, -113.3971368882882587, 1.898202538678387845E-16 ) ) ;
#1114 = EDGE_LOOP ( 'NONE', ( #378, #1379 ) ) ;
#1115 = EDGE_CURVE ( 'NONE', #176, #1592, #1699, .T. ) ;
#1116 = VERTEX_POINT ( 'NONE', #244 ) ;
#1117 = AXIS2_PLACEMENT_3D ( 'NONE', #1631, #694, #1338 ) ;
#1118 = VECTOR ( 'NONE', #451, 1000.000000000000000 ) ;
#1119 = ORIENTED_EDGE ( 'NONE', *, *, #1881, .F. ) ;
#1120 = EDGE_CURVE ( 'NONE', #569, #1192, #254, .T. ) ;
#1121 = VECTOR ( 'NONE', #1448, 1000.000000000000000 ) ;
#1122 = CARTESIAN_POINT ( 'NONE',  ( 23.99999999999989697, -113.3971368882883155, 51.00000000000001421 ) ) ;
#1123 = AXIS2_PLACEMENT_3D ( 'NONE', #261, #739, #1413 ) ;
#1124 = CARTESIAN_POINT ( 'NONE',  ( 9.173975917082275011E-14, 98.60286311171179818, 5.000000000000000000 ) ) ;
#1125 = DIRECTION ( 'NONE',  ( 0.000000000000000000, 0.000000000000000000, 1.000000000000000000 ) ) ;
#1126 = ORIENTED_EDGE ( 'NONE', *, *, #1212, .F. ) ;
#1127 = CARTESIAN_POINT ( 'NONE',  ( 65.00000000000002842, -127.3971368882884576, 0.000000000000000000 ) ) ;
#1128 = PLANE ( 'NONE',  #1020 ) ;
#1129 = EDGE_CURVE ( 'NONE', #1627, #173, #901, .T. ) ;
#1130 = ORIENTED_EDGE ( 'NONE', *, *, #725, .T. ) ;
#1131 = ORIENTED_EDGE ( 'NONE', *, *, #1890, .F. ) ;
#1132 = ADVANCED_FACE ( 'NONE', ( #265 ), #1233, .F. ) ;
#1133 = DIRECTION ( 'NONE',  ( -0.000000000000000000, -0.000000000000000000, -1.000000000000000000 ) ) ;
#1134 = FACE_OUTER_BOUND ( 'NONE', #166, .T. ) ;
#1135 = LINE ( 'NONE', #192, #40 ) ;
#1136 = ORIENTED_EDGE ( 'NONE', *, *, #535, .F. ) ;
#1137 = DIRECTION ( 'NONE',  ( 1.000000000000000000, 0.000000000000000000, -0.000000000000000000 ) ) ;
#1138 = EDGE_LOOP ( 'NONE', ( #1963, #949, #992 ) ) ;
#1139 = ADVANCED_FACE ( 'NONE', ( #2005 ), #1375, .T. ) ;
#1140 = ORIENTED_EDGE ( 'NONE', *, *, #2070, .T. ) ;
#1141 = CARTESIAN_POINT ( 'NONE',  ( 65.00000000000002842, -127.3971368882884576, 0.000000000000000000 ) ) ;
#1142 = FACE_OUTER_BOUND ( 'NONE', #1745, .T. ) ;
#1143 = CARTESIAN_POINT ( 'NONE',  ( 70.00000000000000000, 0.000000000000000000, -5.000000000000000000 ) ) ;
#1144 = EDGE_CURVE ( 'NONE', #1841, #1311, #255, .T. ) ;
#1145 = EDGE_CURVE ( 'NONE', #823, #664, #649, .T. ) ;
#1146 = ORIENTED_EDGE ( 'NONE', *, *, #434, .T. ) ;
#1147 = VECTOR ( 'NONE', #1880, 1000.000000000000000 ) ;
#1148 = ORIENTED_EDGE ( 'NONE', *, *, #162, .F. ) ;
#1149 = VECTOR ( 'NONE', #509, 1000.000000000000000 ) ;
#1150 = VECTOR ( 'NONE', #897, 1000.000000000000000 ) ;
#1151 = CARTESIAN_POINT ( 'NONE',  ( -24.00000000000006395, -113.3971368882882871, 4.999999999999992006 ) ) ;
#1152 = DIRECTION ( 'NONE',  ( 0.4246421110360302231, -0.9053612966848448851, 0.000000000000000000 ) ) ;
#1153 = VECTOR ( 'NONE', #2025, 1000.000000000000000 ) ;
#1154 = DIRECTION ( 'NONE',  ( 0.4246421110360301676, -0.9053612966848448851, -0.000000000000000000 ) ) ;
#1155 = CARTESIAN_POINT ( 'NONE',  ( 37.16344865461790903, 60.39520668511720203, 4.000000000000000000 ) ) ;
#1156 = CARTESIAN_POINT ( 'NONE',  ( -70.00000000000000000, 0.000000000000000000, 5.000000000000000000 ) ) ;
#1157 = ORIENTED_EDGE ( 'NONE', *, *, #1656, .T. ) ;
#1158 = ORIENTED_EDGE ( 'NONE', *, *, #326, .T. ) ;
#1159 = ORIENTED_EDGE ( 'NONE', *, *, #412, .F. ) ;
#1160 = DIRECTION ( 'NONE',  ( -1.000000000000000000, 0.000000000000000000, 0.000000000000000000 ) ) ;
#1161 = CARTESIAN_POINT ( 'NONE',  ( 9.806112774302731013E-14, -105.3971368882882729, 5.000000000000000000 ) ) ;
#1162 = ADVANCED_FACE ( 'NONE', ( #1813 ), #744, .T. ) ;
#1163 = CARTESIAN_POINT ( 'NONE',  ( -24.00000000000006750, -118.3971368882882871, 51.00000000000001421 ) ) ;
#1164 = DIRECTION ( 'NONE',  ( 1.000000000000000000, 1.020425574104004492E-16, -0.000000000000000000 ) ) ;
#1165 = DIRECTION ( 'NONE',  ( 0.3147934297785976998, 0.6711576180630814958, -0.6711576180630879351 ) ) ;
#1166 = ORIENTED_EDGE ( 'NONE', *, *, #179, .F. ) ;
#1167 = VERTEX_POINT ( 'NONE', #565 ) ;
#1168 = DIRECTION ( 'NONE',  ( 0.000000000000000000, -1.000000000000000000, 0.000000000000000000 ) ) ;
#1169 = DIRECTION ( 'NONE',  ( -0.000000000000000000, -0.000000000000000000, -1.000000000000000000 ) ) ;
#1170 = FACE_OUTER_BOUND ( 'NONE', #859, .T. ) ;
#1171 = DIRECTION ( 'NONE',  ( 0.000000000000000000, 0.000000000000000000, -1.000000000000000000 ) ) ;
#1172 = EDGE_CURVE ( 'NONE', #1587, #1790, #423, .T. ) ;
#1173 = DIRECTION ( 'NONE',  ( 9.251858538542969855E-16, 1.000000000000000000, -0.000000000000000000 ) ) ;
#1174 = ORIENTED_EDGE ( 'NONE', *, *, #762, .F. ) ;
#1175 = ORIENTED_EDGE ( 'NONE', *, *, #337, .T. ) ;
#1176 = EDGE_CURVE ( 'NONE', #1751, #1527, #1023, .T. ) ;
#1177 = VERTEX_POINT ( 'NONE', #214 ) ;
#1178 = VECTOR ( 'NONE', #1450, 1000.000000000000000 ) ;
#1179 = AXIS2_PLACEMENT_3D ( 'NONE', #142, #1291, #1271 ) ;
#1180 = ORIENTED_EDGE ( 'NONE', *, *, #401, .F. ) ;
#1181 = CARTESIAN_POINT ( 'NONE',  ( -49.99999999999998579, -103.3971368882881876, 5.000000000000000000 ) ) ;
#1182 = EDGE_CURVE ( 'NONE', #2048, #1702, #1043, .T. ) ;
#1183 = CARTESIAN_POINT ( 'NONE',  ( 1.256441196480002753E-14, -5.893093111220412696E-15, 5.000000000000000000 ) ) ;
#1184 = AXIS2_PLACEMENT_3D ( 'NONE', #1953, #517, #347 ) ;
#1185 = LINE ( 'NONE', #370, #1058 ) ;
#1186 = VECTOR ( 'NONE', #1309, 1000.000000000000114 ) ;
#1187 = LINE ( 'NONE', #232, #1852 ) ;
#1188 = CARTESIAN_POINT ( 'NONE',  ( 0.000000000000000000, 0.000000000000000000, 5.000000000000000000 ) ) ;
#1189 = ORIENTED_EDGE ( 'NONE', *, *, #195, .T. ) ;
#1190 = ADVANCED_FACE ( 'NONE', ( #1838 ), #1545, .F. ) ;
#1191 = ORIENTED_EDGE ( 'NONE', *, *, #1397, .T. ) ;
#1192 = VERTEX_POINT ( 'NONE', #1848 ) ;
#1193 = PLANE ( 'NONE',  #178 ) ;
#1194 = DIRECTION ( 'NONE',  ( 1.000000000000000000, 9.303965044796568255E-16, 0.000000000000000000 ) ) ;
#1195 = ADVANCED_FACE ( 'NONE', ( #854 ), #1223, .F. ) ;
#1196 = DIRECTION ( 'NONE',  ( -0.4999999999999999445, 0.8660254037844385966, 0.000000000000000000 ) ) ;
#1197 = CARTESIAN_POINT ( 'NONE',  ( 8.660254037844390851, -18.39713688828825511, 3.000000000000000000 ) ) ;
#1198 = CARTESIAN_POINT ( 'NONE',  ( 7.242890373478758193, -3.397136888288241341, 5.000000000000000000 ) ) ;
#1199 = ORIENTED_EDGE ( 'NONE', *, *, #1942, .F. ) ;
#1200 = FACE_BOUND ( 'NONE', #1840, .T. ) ;
#1201 = ORIENTED_EDGE ( 'NONE', *, *, #1362, .T. ) ;
#1202 = EDGE_CURVE ( 'NONE', #1927, #1028, #1862, .T. ) ;
#1203 = VERTEX_POINT ( 'NONE', #1499 ) ;
#1204 = DIRECTION ( 'NONE',  ( -1.000000000000000000, 0.000000000000000000, 0.000000000000000000 ) ) ;
#1205 = CARTESIAN_POINT ( 'NONE',  ( -64.99999999999995737, -105.3971368882882302, 0.000000000000000000 ) ) ;
#1206 = EDGE_CURVE ( 'NONE', #799, #1579, #556, .T. ) ;
#1207 = DIRECTION ( 'NONE',  ( 0.4246421110360303341, 0.9053612966848448851, -0.000000000000000000 ) ) ;
#1208 = LINE ( 'NONE', #132, #612 ) ;
#1209 = CARTESIAN_POINT ( 'NONE',  ( 65.00000000000002842, -127.3971368882884576, 0.000000000000000000 ) ) ;
#1210 = ORIENTED_EDGE ( 'NONE', *, *, #793, .T. ) ;
#1211 = EDGE_LOOP ( 'NONE', ( #516, #1786, #1664, #1851 ) ) ;
#1212 = EDGE_CURVE ( 'NONE', #1653, #158, #543, .T. ) ;
#1213 = ORIENTED_EDGE ( 'NONE', *, *, #42, .F. ) ;
#1214 = EDGE_LOOP ( 'NONE', ( #442, #1528, #1768, #763, #1003, #1210, #436, #1119 ) ) ;
#1215 = DIRECTION ( 'NONE',  ( -0.000000000000000000, -0.000000000000000000, -1.000000000000000000 ) ) ;
#1216 = AXIS2_PLACEMENT_3D ( 'NONE', #443, #103, #761 ) ;
#1217 = ADVANCED_FACE ( 'NONE', ( #67 ), #712, .T. ) ;
#1218 = CARTESIAN_POINT ( 'NONE',  ( -17.32050807568874617, -3.397136888288266210, -3.000000000000000000 ) ) ;
#1219 = CARTESIAN_POINT ( 'NONE',  ( -4.630801026559637990, 2.171987173415272476, 5.000000000000000000 ) ) ;
#1220 = CARTESIAN_POINT ( 'NONE',  ( 37.16344865461790903, 60.39520668511720203, -4.000000000000000000 ) ) ;
#1221 = CIRCLE ( 'NONE', #1553, 1.549999999999994049 ) ;
#1222 = VECTOR ( 'NONE', #575, 1000.000000000000000 ) ;
#1223 = PLANE ( 'NONE',  #1922 ) ;
#1224 = EDGE_LOOP ( 'NONE', ( #445, #1426, #1344, #670, #1711, #1393, #1842, #1822, #591 ) ) ;
#1225 = CARTESIAN_POINT ( 'NONE',  ( -5.442097319446672188, 11.60286311171171292, 5.000000000000000000 ) ) ;
#1226 = VECTOR ( 'NONE', #393, 1000.000000000000000 ) ;
#1227 = VECTOR ( 'NONE', #1380, 1000.000000000000000 ) ;
#1228 = VERTEX_POINT ( 'NONE', #1354 ) ;
#1229 = ORIENTED_EDGE ( 'NONE', *, *, #475, .F. ) ;
#1230 = CARTESIAN_POINT ( 'NONE',  ( 40.81973465816896152, -93.82428549700011899, -4.572851391287938050 ) ) ;
#1231 = PLANE ( 'NONE',  #377 ) ;
#1232 = DIRECTION ( 'NONE',  ( -1.000000000000000000, 0.000000000000000000, 0.000000000000000000 ) ) ;
#1233 = PLANE ( 'NONE',  #879 ) ;
#1234 = EDGE_CURVE ( 'NONE', #549, #1010, #813, .T. ) ;
#1235 = CARTESIAN_POINT ( 'NONE',  ( 4.630801026559669076, 2.171987173415284911, 3.000000000000000000 ) ) ;
#1236 = ORIENTED_EDGE ( 'NONE', *, *, #768, .F. ) ;
#1237 = CARTESIAN_POINT ( 'NONE',  ( 1.256441196480002753E-14, -5.893093111220412696E-15, -5.000000000000000000 ) ) ;
#1238 = VERTEX_POINT ( 'NONE', #1055 ) ;
#1239 = ORIENTED_EDGE ( 'NONE', *, *, #1674, .F. ) ;
#1240 = LINE ( 'NONE', #275, #818 ) ;
#1241 = CARTESIAN_POINT ( 'NONE',  ( -64.99999999999995737, -113.3971368882882587, 0.000000000000000000 ) ) ;
#1242 = CARTESIAN_POINT ( 'NONE',  ( 65.00000000000025580, 106.6028631117116987, 0.000000000000000000 ) ) ;
#1243 = LINE ( 'NONE', #1742, #1686 ) ;
#1244 = EDGE_LOOP ( 'NONE', ( #548, #1582, #94 ) ) ;
#1245 = DIRECTION ( 'NONE',  ( -1.000000000000000000, 7.930164461608260440E-16, 2.973811673103097665E-16 ) ) ;
#1246 = EDGE_LOOP ( 'NONE', ( #764, #287, #256, #1728 ) ) ;
#1247 = EDGE_CURVE ( 'NONE', #641, #1526, #1535, .T. ) ;
#1248 = CARTESIAN_POINT ( 'NONE',  ( -94.00000000000009948, -118.3971368882882302, -5.000000000000000000 ) ) ;
#1249 = DIRECTION ( 'NONE',  ( 9.251858538542971828E-16, 1.000000000000000000, -0.000000000000000000 ) ) ;
#1250 = AXIS2_PLACEMENT_3D ( 'NONE', #1984, #545, #1829 ) ;
#1251 = CARTESIAN_POINT ( 'NONE',  ( -94.00000000000009948, -118.3971368882882302, -5.000000000000000000 ) ) ;
#1252 = ORIENTED_EDGE ( 'NONE', *, *, #81, .F. ) ;
#1253 = VECTOR ( 'NONE', #1319, 1000.000000000000000 ) ;
#1254 = CARTESIAN_POINT ( 'NONE',  ( -9.806112774302731013E-14, -105.3971368882882729, -5.000000000000000000 ) ) ;
#1255 = AXIS2_PLACEMENT_3D ( 'NONE', #1205, #1912, #1845 ) ;
#1256 = ORIENTED_EDGE ( 'NONE', *, *, #1747, .F. ) ;
#1257 = AXIS2_PLACEMENT_3D ( 'NONE', #1508, #842, #1487 ) ;
#1258 = EDGE_CURVE ( 'NONE', #566, #1238, #956, .T. ) ;
#1259 = VECTOR ( 'NONE', #1976, 1000.000000000000000 ) ;
#1260 = EDGE_LOOP ( 'NONE', ( #847, #1727, #1336, #1191 ) ) ;
#1261 = CARTESIAN_POINT ( 'NONE',  ( 0.000000000000000000, 0.000000000000000000, -4.000000000000000000 ) ) ;
#1262 = CARTESIAN_POINT ( 'NONE',  ( -31.16344865461789126, 47.60286311171173423, 4.000000000000000000 ) ) ;
#1263 = CARTESIAN_POINT ( 'NONE',  ( 5.442097319446672188, 11.60286311171171292, 5.000000000000000000 ) ) ;
#1264 = EDGE_CURVE ( 'NONE', #1527, #1866, #301, .T. ) ;
#1265 = LINE ( 'NONE', #461, #514 ) ;
#1266 = EDGE_LOOP ( 'NONE', ( #1146, #885, #1126, #1832 ) ) ;
#1267 = CARTESIAN_POINT ( 'NONE',  ( 63.45000000000024443, 98.60286311171174134, 0.000000000000000000 ) ) ;
#1268 = VERTEX_POINT ( 'NONE', #599 ) ;
#1269 = CARTESIAN_POINT ( 'NONE',  ( 0.000000000000000000, 0.000000000000000000, -3.000000000000000000 ) ) ;
#1270 = DIRECTION ( 'NONE',  ( -1.000000000000000000, 0.000000000000000000, -0.000000000000000000 ) ) ;
#1271 = DIRECTION ( 'NONE',  ( -1.000000000000000000, 0.000000000000000000, 0.000000000000000000 ) ) ;
#1272 = DIRECTION ( 'NONE',  ( 1.000000000000000000, 0.000000000000000000, -0.000000000000000000 ) ) ;
#1273 = VERTEX_POINT ( 'NONE', #432 ) ;
#1274 = CARTESIAN_POINT ( 'NONE',  ( -70.00000000000000000, 98.60286311171174134, -5.000000000000000000 ) ) ;
#1275 = ORIENTED_EDGE ( 'NONE', *, *, #858, .T. ) ;
#1276 = LINE ( 'NONE', #1746, #1987 ) ;
#1277 = LINE ( 'NONE', #1595, #418 ) ;
#1278 = CARTESIAN_POINT ( 'NONE',  ( 70.00000000000000000, 106.6028631117117556, -5.000000000000000000 ) ) ;
#1279 = LINE ( 'NONE', #1939, #1121 ) ;
#1280 = ORIENTED_EDGE ( 'NONE', *, *, #1549, .T. ) ;
#1281 = FACE_OUTER_BOUND ( 'NONE', #1211, .T. ) ;
#1282 = DIRECTION ( 'NONE',  ( -0.000000000000000000, -0.000000000000000000, -1.000000000000000000 ) ) ;
#1283 = VECTOR ( 'NONE', #1410, 1000.000000000000000 ) ;
#1284 = ORIENTED_EDGE ( 'NONE', *, *, #969, .F. ) ;
#1285 = AXIS2_PLACEMENT_3D ( 'NONE', #1585, #161, #659 ) ;
#1286 = EDGE_CURVE ( 'NONE', #856, #893, #1892, .T. ) ;
#1287 = VECTOR ( 'NONE', #466, 1000.000000000000114 ) ;
#1288 = VERTEX_POINT ( 'NONE', #1113 ) ;
#1289 = AXIS2_PLACEMENT_3D ( 'NONE', #352, #1438, #359 ) ;
#1290 = DIRECTION ( 'NONE',  ( 1.000000000000000000, 0.000000000000000000, -0.000000000000000000 ) ) ;
#1291 = DIRECTION ( 'NONE',  ( 0.000000000000000000, 0.000000000000000000, -1.000000000000000000 ) ) ;
#1292 = CARTESIAN_POINT ( 'NONE',  ( -7.242890373478745758, -3.397136888288270651, -3.000000000000000000 ) ) ;
#1293 = VERTEX_POINT ( 'NONE', #1430 ) ;
#1294 = CARTESIAN_POINT ( 'NONE',  ( 31.16344865461789126, 47.60286311171172002, -4.000000000000000888 ) ) ;
#1295 = EDGE_CURVE ( 'NONE', #1324, #1874, #940, .T. ) ;
#1296 = DIRECTION ( 'NONE',  ( 0.000000000000000000, 0.000000000000000000, -1.000000000000000000 ) ) ;
#1297 = VERTEX_POINT ( 'NONE', #441 ) ;
#1298 = ORIENTED_EDGE ( 'NONE', *, *, #437, .T. ) ;
#1299 = CARTESIAN_POINT ( 'NONE',  ( 7.242890373478754640, -3.397136888288248446, 3.000000000000000000 ) ) ;
#1300 = CARTESIAN_POINT ( 'NONE',  ( -8.660254037844367758, -18.39713688828825155, 3.000000000000000000 ) ) ;
#1301 = DIRECTION ( 'NONE',  ( 0.4999999999999998890, -0.8660254037844385966, 0.000000000000000000 ) ) ;
#1302 = LINE ( 'NONE', #1940, #1983 ) ;
#1303 = ADVANCED_FACE ( 'NONE', ( #267 ), #1106, .F. ) ;
#1304 = ORIENTED_EDGE ( 'NONE', *, *, #162, .T. ) ;
#1305 = ORIENTED_EDGE ( 'NONE', *, *, #1690, .T. ) ;
#1306 = DIRECTION ( 'NONE',  ( -0.000000000000000000, -0.000000000000000000, -1.000000000000000000 ) ) ;
#1307 = CARTESIAN_POINT ( 'NONE',  ( 0.000000000000000000, 98.60286311171174134, 5.000000000000000000 ) ) ;
#1308 = EDGE_CURVE ( 'NONE', #1592, #260, #1243, .T. ) ;
#1309 = DIRECTION ( 'NONE',  ( 0.4246421110360305562, 0.9053612966848447741, 0.000000000000000000 ) ) ;
#1310 = CYLINDRICAL_SURFACE ( 'NONE', #1551, 1.549999999999995826 ) ;
#1311 = VERTEX_POINT ( 'NONE', #452 ) ;
#1312 = ORIENTED_EDGE ( 'NONE', *, *, #1666, .T. ) ;
#1313 = VECTOR ( 'NONE', #316, 1000.000000000000000 ) ;
#1314 = ORIENTED_EDGE ( 'NONE', *, *, #319, .T. ) ;
#1315 = VECTOR ( 'NONE', #430, 1000.000000000000114 ) ;
#1316 = EDGE_CURVE ( 'NONE', #493, #1526, #606, .T. ) ;
#1317 = VECTOR ( 'NONE', #2030, 1000.000000000000000 ) ;
#1318 = FACE_OUTER_BOUND ( 'NONE', #433, .T. ) ;
#1319 = DIRECTION ( 'NONE',  ( -0.000000000000000000, -0.000000000000000000, -1.000000000000000000 ) ) ;
#1320 = VECTOR ( 'NONE', #289, 1000.000000000000000 ) ;
#1321 = VECTOR ( 'NONE', #1647, 1000.000000000000000 ) ;
#1322 = CARTESIAN_POINT ( 'NONE',  ( 17.32050807568876749, -3.397136888288271095, 3.000000000000000000 ) ) ;
#1323 = DIRECTION ( 'NONE',  ( -0.000000000000000000, -0.000000000000000000, -1.000000000000000000 ) ) ;
#1324 = VERTEX_POINT ( 'NONE', #1733 ) ;
#1325 = ORIENTED_EDGE ( 'NONE', *, *, #1837, .T. ) ;
#1326 = EDGE_LOOP ( 'NONE', ( #600, #971, #21, #2006 ) ) ;
#1327 = CARTESIAN_POINT ( 'NONE',  ( -8.660254037844367758, -18.39713688828825155, 3.000000000000000000 ) ) ;
#1328 = CARTESIAN_POINT ( 'NONE',  ( -7.242890373478759081, -3.397136888288241785, -5.000000000000000000 ) ) ;
#1329 = LINE ( 'NONE', #529, #546 ) ;
#1330 = LINE ( 'NONE', #1662, #139 ) ;
#1331 = VERTEX_POINT ( 'NONE', #292 ) ;
#1332 = CARTESIAN_POINT ( 'NONE',  ( 93.99999999999990052, -113.3971368882883723, 51.00000000000000000 ) ) ;
#1333 = EDGE_CURVE ( 'NONE', #1756, #641, #154, .T. ) ;
#1334 = EDGE_CURVE ( 'NONE', #1866, #2009, #1909, .T. ) ;
#1335 = ORIENTED_EDGE ( 'NONE', *, *, #1501, .T. ) ;
#1336 = ORIENTED_EDGE ( 'NONE', *, *, #1588, .T. ) ;
#1337 = LINE ( 'NONE', #860, #1691 ) ;
#1338 = DIRECTION ( 'NONE',  ( -1.000000000000000000, 0.000000000000000000, 0.000000000000000000 ) ) ;
#1339 = CARTESIAN_POINT ( 'NONE',  ( 63.45000000000004547, -113.3971368882883439, 0.000000000000000000 ) ) ;
#1340 = PLANE ( 'NONE',  #1716 ) ;
#1341 = EDGE_CURVE ( 'NONE', #1273, #1116, #2067, .T. ) ;
#1342 = CARTESIAN_POINT ( 'NONE',  ( -1.256441196480002753E-14, -5.893093111220412696E-15, 3.000000000000000000 ) ) ;
#1343 = PLANE ( 'NONE',  #1250 ) ;
#1344 = ORIENTED_EDGE ( 'NONE', *, *, #1830, .F. ) ;
#1345 =( GEOMETRIC_REPRESENTATION_CONTEXT ( 3 ) GLOBAL_UNCERTAINTY_ASSIGNED_CONTEXT ( ( #727 ) ) GLOBAL_UNIT_ASSIGNED_CONTEXT ( ( #146, #344, #1461 ) ) REPRESENTATION_CONTEXT ( 'NONE', 'WORKASPACE' ) );
#1346 = VECTOR ( 'NONE', #468, 1000.000000000000000 ) ;
#1347 = ORIENTED_EDGE ( 'NONE', *, *, #1638, .T. ) ;
#1348 = DIRECTION ( 'NONE',  ( -0.4246421110360298901, -0.9053612966848449961, -0.000000000000000000 ) ) ;
#1349 = LINE ( 'NONE', #1991, #1920 ) ;
#1350 = AXIS2_PLACEMENT_3D ( 'NONE', #1994, #79, #892 ) ;
#1351 = DIRECTION ( 'NONE',  ( 1.020425574104004492E-16, -1.000000000000000000, 0.000000000000000000 ) ) ;
#1352 = VECTOR ( 'NONE', #1196, 1000.000000000000114 ) ;
#1353 = CARTESIAN_POINT ( 'NONE',  ( -7.242890373478745758, -3.397136888288270651, 5.000000000000000000 ) ) ;
#1354 = CARTESIAN_POINT ( 'NONE',  ( -50.00000000000000000, -113.3971368882882587, 15.00000000000015987 ) ) ;
#1355 = ORIENTED_EDGE ( 'NONE', *, *, #913, .F. ) ;
#1356 = EDGE_CURVE ( 'NONE', #905, #1167, #283, .T. ) ;
#1357 = LINE ( 'NONE', #1491, #1917 ) ;
#1358 = ORIENTED_EDGE ( 'NONE', *, *, #2017, .T. ) ;
#1359 = EDGE_LOOP ( 'NONE', ( #249, #1201, #655, #237 ) ) ;
#1360 = DIRECTION ( 'NONE',  ( -7.381802025433221301E-16, -1.000000000000000000, 0.000000000000000000 ) ) ;
#1361 = FACE_OUTER_BOUND ( 'NONE', #1138, .T. ) ;
#1362 = EDGE_CURVE ( 'NONE', #325, #155, #1482, .T. ) ;
#1363 = DIRECTION ( 'NONE',  ( 0.5000000000000000000, -0.8660254037844385966, 0.000000000000000000 ) ) ;
#1364 = DIRECTION ( 'NONE',  ( -0.4246421110360305562, -0.9053612966848447741, 0.000000000000000000 ) ) ;
#1365 = DIRECTION ( 'NONE',  ( -1.000000000000000000, 0.000000000000000000, 0.000000000000000000 ) ) ;
#1366 = ORIENTED_EDGE ( 'NONE', *, *, #2049, .T. ) ;
#1367 = EDGE_LOOP ( 'NONE', ( #770, #181, #1814, #375, #1455, #1464, #1518, #1166, #735 ) ) ;
#1368 = VERTEX_POINT ( 'NONE', #1578 ) ;
#1369 = FACE_OUTER_BOUND ( 'NONE', #1808, .T. ) ;
#1370 = FACE_OUTER_BOUND ( 'NONE', #396, .T. ) ;
#1371 = CARTESIAN_POINT ( 'NONE',  ( 50.00000000000000000, 106.6028631117117556, -5.000000000000000000 ) ) ;
#1372 = PLANE ( 'NONE',  #1785 ) ;
#1373 = CARTESIAN_POINT ( 'NONE',  ( 11.76008957292366652, 6.233790469846945292, -3.000000000000000000 ) ) ;
#1374 = ADVANCED_FACE ( 'NONE', ( #134 ), #777, .T. ) ;
#1375 = PLANE ( 'NONE',  #1646 ) ;
#1376 = ORIENTED_EDGE ( 'NONE', *, *, #867, .F. ) ;
#1377 = DIRECTION ( 'NONE',  ( 0.000000000000000000, 0.000000000000000000, 1.000000000000000000 ) ) ;
#1378 = ORIENTED_EDGE ( 'NONE', *, *, #1182, .F. ) ;
#1379 = ORIENTED_EDGE ( 'NONE', *, *, #1145, .F. ) ;
#1380 = DIRECTION ( 'NONE',  ( 1.000000000000000000, 0.000000000000000000, 0.000000000000000000 ) ) ;
#1381 = EDGE_CURVE ( 'NONE', #1913, #84, #769, .T. ) ;
#1382 = FACE_OUTER_BOUND ( 'NONE', #1776, .T. ) ;
#1383 = VECTOR ( 'NONE', #714, 1000.000000000000000 ) ;
#1384 = CARTESIAN_POINT ( 'NONE',  ( -94.00000000000007105, -113.3971368882882302, 51.00000000000000000 ) ) ;
#1385 = CARTESIAN_POINT ( 'NONE',  ( -64.99999999999995737, -113.3971368882882587, 0.000000000000000000 ) ) ;
#1386 = DIRECTION ( 'NONE',  ( 0.8660254037844387076, 0.5000000000000001110, -0.000000000000000000 ) ) ;
#1387 = AXIS2_PLACEMENT_3D ( 'NONE', #1083, #1249, #115 ) ;
#1388 = VECTOR ( 'NONE', #99, 1000.000000000000000 ) ;
#1389 = DIRECTION ( 'NONE',  ( -0.000000000000000000, -0.000000000000000000, -1.000000000000000000 ) ) ;
#1390 = ORIENTED_EDGE ( 'NONE', *, *, #389, .T. ) ;
#1391 = CARTESIAN_POINT ( 'NONE',  ( 11.76008957292368251, -13.02806424642345995, -3.000000000000000000 ) ) ;
#1392 = CIRCLE ( 'NONE', #10, 1.549999999999995826 ) ;
#1393 = ORIENTED_EDGE ( 'NONE', *, *, #501, .T. ) ;
#1394 = ORIENTED_EDGE ( 'NONE', *, *, #422, .F. ) ;
#1395 = DIRECTION ( 'NONE',  ( -7.381802025433221301E-16, -1.000000000000000000, 0.000000000000000000 ) ) ;
#1396 = DIRECTION ( 'NONE',  ( -7.381802025433221301E-16, -1.000000000000000000, 0.000000000000000000 ) ) ;
#1397 = EDGE_CURVE ( 'NONE', #1331, #1874, #1265, .T. ) ;
#1398 = DIRECTION ( 'NONE',  ( -0.000000000000000000, -0.000000000000000000, -1.000000000000000000 ) ) ;
#1399 = CARTESIAN_POINT ( 'NONE',  ( 26.93502418043620139, -45.38189378030016741, -53.01524310798738782 ) ) ;
#1400 = DIRECTION ( 'NONE',  ( -0.5000000000000000000, 0.8660254037844385966, 0.000000000000000000 ) ) ;
#1401 = DIRECTION ( 'NONE',  ( 6.938893903907228378E-16, 1.000000000000000000, -0.000000000000000000 ) ) ;
#1402 = ORIENTED_EDGE ( 'NONE', *, *, #4, .F. ) ;
#1403 = LINE ( 'NONE', #578, #673 ) ;
#1404 = VERTEX_POINT ( 'NONE', #961 ) ;
#1405 = ADVANCED_FACE ( 'NONE', ( #1597 ), #1773, .T. ) ;
#1406 = DIRECTION ( 'NONE',  ( 0.4246421110360302786, 0.9053612966848448851, 0.000000000000000000 ) ) ;
#1407 = DIRECTION ( 'NONE',  ( 0.3147934297786003643, -0.6711576180630878241, 0.6711576180630804966 ) ) ;
#1408 = DIRECTION ( 'NONE',  ( -0.000000000000000000, -0.000000000000000000, -1.000000000000000000 ) ) ;
#1409 = ORIENTED_EDGE ( 'NONE', *, *, #995, .T. ) ;
#1410 = DIRECTION ( 'NONE',  ( -0.000000000000000000, -0.000000000000000000, -1.000000000000000000 ) ) ;
#1411 = ORIENTED_EDGE ( 'NONE', *, *, #1102, .T. ) ;
#1412 = ORIENTED_EDGE ( 'NONE', *, *, #1844, .F. ) ;
#1413 = DIRECTION ( 'NONE',  ( 1.000000000000000000, 0.000000000000000000, 0.000000000000000000 ) ) ;
#1414 = LINE ( 'NONE', #2036, #1320 ) ;
#1415 = FACE_OUTER_BOUND ( 'NONE', #1550, .T. ) ;
#1416 = LINE ( 'NONE', #2028, #1557 ) ;
#1417 = CLOSED_SHELL ( 'NONE', ( #230, #680, #464, #609, #180, #1670, #14, #506, #1217, #1162, #379, #1968, #741, #985, #1783, #1507, #1079, #1470, #898, #272, #2024, #1914, #1026, #1990, #1510, #1190, #1792, #848, #1405, #1041, #51, #932, #1374, #1195, #933, #1139, #1495, #367, #1928, #282, #1303, #335, #619, #830, #1949, #1754, #1132, #32, #258, #472, #1458, #1624, #1668, #620, #1660, #351, #308, #999, #633, #1561, #1772, #801, #695 ) ) ;
#1418 = DIRECTION ( 'NONE',  ( 0.000000000000000000, 0.000000000000000000, 1.000000000000000000 ) ) ;
#1419 = VERTEX_POINT ( 'NONE', #660 ) ;
#1420 = CIRCLE ( 'NONE', #372, 1.549999999999995826 ) ;
#1421 = CARTESIAN_POINT ( 'NONE',  ( -70.00000000000000000, 106.6028631117117556, -5.000000000000000000 ) ) ;
#1422 = VECTOR ( 'NONE', #90, 1000.000000000000000 ) ;
#1423 = EDGE_CURVE ( 'NONE', #1738, #1790, #330, .T. ) ;
#1424 = EDGE_LOOP ( 'NONE', ( #1951, #614, #871, #791, #778, #1564, #526, #1091, #811, #1158, #1463, #476, #656, #672, #1130, #1705 ) ) ;
#1425 = AXIS2_PLACEMENT_3D ( 'NONE', #1869, #1584, #1103 ) ;
#1426 = ORIENTED_EDGE ( 'NONE', *, *, #1295, .T. ) ;
#1427 = DIRECTION ( 'NONE',  ( 9.251858538542971828E-16, 1.000000000000000000, -0.000000000000000000 ) ) ;
#1428 = DIRECTION ( 'NONE',  ( -1.000000000000000000, 0.000000000000000000, 0.000000000000000000 ) ) ;
#1429 = EDGE_CURVE ( 'NONE', #1866, #1177, #1279, .T. ) ;
#1430 = CARTESIAN_POINT ( 'NONE',  ( -37.16344865461788771, -67.18948046169363408, 4.000000000000000000 ) ) ;
#1431 = ORIENTED_EDGE ( 'NONE', *, *, #1316, .F. ) ;
#1432 = LINE ( 'NONE', #1469, #1178 ) ;
#1433 = VERTEX_POINT ( 'NONE', #510 ) ;
#1434 = LINE ( 'NONE', #229, #373 ) ;
#1435 = EDGE_LOOP ( 'NONE', ( #1863, #317, #1025, #1099 ) ) ;
#1436 = LINE ( 'NONE', #794, #1791 ) ;
#1437 = DIRECTION ( 'NONE',  ( -0.5000000000000002220, -0.8660254037844384856, 0.000000000000000000 ) ) ;
#1438 = DIRECTION ( 'NONE',  ( 0.9053612966848449961, 0.4246421110360302786, -0.000000000000000000 ) ) ;
#1439 = ORIENTED_EDGE ( 'NONE', *, *, #945, .F. ) ;
#1440 = CARTESIAN_POINT ( 'NONE',  ( -31.16344865461790192, -54.39713688828825866, 4.000000000000000000 ) ) ;
#1441 = EDGE_CURVE ( 'NONE', #641, #856, #502, .T. ) ;
#1442 = ORIENTED_EDGE ( 'NONE', *, *, #383, .F. ) ;
#1443 = VERTEX_POINT ( 'NONE', #1292 ) ;
#1444 = EDGE_CURVE ( 'NONE', #1850, #306, #1135, .T. ) ;
#1445 = FACE_BOUND ( 'NONE', #1044, .T. ) ;
#1446 = DIRECTION ( 'NONE',  ( -1.000000000000000000, 9.303965044796568255E-16, 0.000000000000000000 ) ) ;
#1447 = EDGE_CURVE ( 'NONE', #1665, #1010, #1795, .T. ) ;
#1448 = DIRECTION ( 'NONE',  ( 1.000000000000000000, -7.381802025433221301E-16, 0.000000000000000000 ) ) ;
#1449 = ORIENTED_EDGE ( 'NONE', *, *, #725, .F. ) ;
#1450 = DIRECTION ( 'NONE',  ( 9.251858538542971828E-16, 1.000000000000000000, -0.000000000000000000 ) ) ;
#1451 = AXIS2_PLACEMENT_3D ( 'NONE', #299, #311, #1938 ) ;
#1452 = ORIENTED_EDGE ( 'NONE', *, *, #361, .T. ) ;
#1453 = VECTOR ( 'NONE', #939, 1000.000000000000000 ) ;
#1454 = VECTOR ( 'NONE', #1604, 1000.000000000000000 ) ;
#1455 = ORIENTED_EDGE ( 'NONE', *, *, #1890, .T. ) ;
#1456 = LINE ( 'NONE', #986, #784 ) ;
#1457 = CARTESIAN_POINT ( 'NONE',  ( 23.99999999999989697, -113.3971368882883155, 5.000000000000000000 ) ) ;
#1458 = ADVANCED_FACE ( 'NONE', ( #1946 ), #33, .T. ) ;
#1459 = CARTESIAN_POINT ( 'NONE',  ( -94.00000000000009948, -113.3971368882882302, -5.000000000000000000 ) ) ;
#1460 = ORIENTED_EDGE ( 'NONE', *, *, #137, .T. ) ;
#1461 =( NAMED_UNIT ( * ) SI_UNIT ( $, .STERADIAN. ) SOLID_ANGLE_UNIT ( ) );
#1462 = EDGE_CURVE ( 'NONE', #1116, #822, #1611, .T. ) ;
#1463 = ORIENTED_EDGE ( 'NONE', *, *, #808, .T. ) ;
#1464 = ORIENTED_EDGE ( 'NONE', *, *, #1481, .T. ) ;
#1465 = EDGE_CURVE ( 'NONE', #1774, #772, #1475, .T. ) ;
#1466 = CARTESIAN_POINT ( 'NONE',  ( -94.00000000000009948, -118.3971368882882302, -5.000000000000000000 ) ) ;
#1467 = CARTESIAN_POINT ( 'NONE',  ( 70.00000000000000000, -103.3971368882881734, 5.000000000000000000 ) ) ;
#1468 = CARTESIAN_POINT ( 'NONE',  ( 66.55000000000002558, -127.3971368882884576, 1.898202538678390063E-16 ) ) ;
#1469 = CARTESIAN_POINT ( 'NONE',  ( -63.44999999999998153, -127.3971368882883581, 1.898202538678390063E-16 ) ) ;
#1470 = ADVANCED_FACE ( 'NONE', ( #1625 ), #2075, .T. ) ;
#1471 = ORIENTED_EDGE ( 'NONE', *, *, #1334, .T. ) ;
#1472 = EDGE_LOOP ( 'NONE', ( #1376, #1280, #356, #1974, #1442, #315, #1275, #857, #966 ) ) ;
#1473 = CARTESIAN_POINT ( 'NONE',  ( -70.00000000000000000, 106.6028631117117556, 5.000000000000000000 ) ) ;
#1474 = CARTESIAN_POINT ( 'NONE',  ( -63.44999999999996732, -105.3971368882882302, 1.898202538678387845E-16 ) ) ;
#1475 = LINE ( 'NONE', #804, #1186 ) ;
#1476 = CARTESIAN_POINT ( 'NONE',  ( 31.16344865461789126, 47.60286311171173423, 4.000000000000000000 ) ) ;
#1477 = ORIENTED_EDGE ( 'NONE', *, *, #995, .F. ) ;
#1478 = VECTOR ( 'NONE', #1712, 1000.000000000000000 ) ;
#1479 = EDGE_LOOP ( 'NONE', ( #145, #738, #82, #126 ) ) ;
#1480 = VECTOR ( 'NONE', #998, 1000.000000000000000 ) ;
#1481 = EDGE_CURVE ( 'NONE', #1228, #2081, #1000, .T. ) ;
#1482 = CIRCLE ( 'NONE', #582, 1.549999999999995826 ) ;
#1483 = LINE ( 'NONE', #936, #1227 ) ;
#1484 = PLANE ( 'NONE',  #1645 ) ;
#1485 = AXIS2_PLACEMENT_3D ( 'NONE', #1687, #889, #88 ) ;
#1486 = VECTOR ( 'NONE', #1168, 1000.000000000000000 ) ;
#1487 = DIRECTION ( 'NONE',  ( -1.631597190638408653E-16, 1.000000000000000000, 0.000000000000000000 ) ) ;
#1488 = CARTESIAN_POINT ( 'NONE',  ( 0.000000000000000000, 106.6028631117117556, 5.000000000000000000 ) ) ;
#1489 = EDGE_CURVE ( 'NONE', #2009, #1667, #521, .T. ) ;
#1490 = VERTEX_POINT ( 'NONE', #677 ) ;
#1491 = CARTESIAN_POINT ( 'NONE',  ( -2.612089346919096666, -1.225149714872960205, 5.000000000000000000 ) ) ;
#1492 = ORIENTED_EDGE ( 'NONE', *, *, #580, .F. ) ;
#1493 = EDGE_LOOP ( 'NONE', ( #1897, #2064, #1540, #1936 ) ) ;
#1494 = CARTESIAN_POINT ( 'NONE',  ( 7.242890373478758193, -3.397136888288241341, -3.000000000000000000 ) ) ;
#1495 = ADVANCED_FACE ( 'NONE', ( #826 ), #342, .F. ) ;
#1496 = LINE ( 'NONE', #1007, #1149 ) ;
#1497 = CARTESIAN_POINT ( 'NONE',  ( -94.00000000000007105, -118.3971368882882302, 51.00000000000000000 ) ) ;
#1498 = FACE_OUTER_BOUND ( 'NONE', #58, .T. ) ;
#1499 = CARTESIAN_POINT ( 'NONE',  ( -72.00000000000005684, -105.3971368882882160, -5.000000000000000000 ) ) ;
#1500 = ORIENTED_EDGE ( 'NONE', *, *, #1247, .T. ) ;
#1501 = EDGE_CURVE ( 'NONE', #1872, #1702, #640, .T. ) ;
#1502 = ORIENTED_EDGE ( 'NONE', *, *, #906, .F. ) ;
#1503 = VERTEX_POINT ( 'NONE', #1163 ) ;
#1504 = ORIENTED_EDGE ( 'NONE', *, *, #168, .T. ) ;
#1505 = CYLINDRICAL_SURFACE ( 'NONE', #1926, 1.549999999999995826 ) ;
#1506 = CARTESIAN_POINT ( 'NONE',  ( 55.08400693575703855, 98.60286311171174134, 5.000000000000000000 ) ) ;
#1507 = ADVANCED_FACE ( 'NONE', ( #652, #1960 ), #1918, .F. ) ;
#1508 = CARTESIAN_POINT ( 'NONE',  ( -37.16344865461790903, 60.39520668511720203, 4.000000000000000000 ) ) ;
#1509 = LINE ( 'NONE', #1836, #1088 ) ;
#1510 = ADVANCED_FACE ( 'NONE', ( #322 ), #970, .F. ) ;
#1511 = DIRECTION ( 'NONE',  ( -0.4999999999999999445, 0.8660254037844385966, 0.000000000000000000 ) ) ;
#1512 = ORIENTED_EDGE ( 'NONE', *, *, #1465, .F. ) ;
#1513 = DIRECTION ( 'NONE',  ( -0.4246421110360302231, 0.9053612966848448851, 0.000000000000000000 ) ) ;
#1514 = ORIENTED_EDGE ( 'NONE', *, *, #793, .F. ) ;
#1515 = VECTOR ( 'NONE', #385, 1000.000000000000000 ) ;
#1516 = EDGE_CURVE ( 'NONE', #260, #1598, #1532, .T. ) ;
#1517 = CIRCLE ( 'NONE', #812, 1.549999999999995826 ) ;
#1518 = ORIENTED_EDGE ( 'NONE', *, *, #1538, .T. ) ;
#1519 = DIRECTION ( 'NONE',  ( -1.000000000000000000, 0.000000000000000000, 0.000000000000000000 ) ) ;
#1520 = DIRECTION ( 'NONE',  ( 0.000000000000000000, -0.000000000000000000, 1.000000000000000000 ) ) ;
#1521 = VECTOR ( 'NONE', #241, 1000.000000000000000 ) ;
#1522 = CARTESIAN_POINT ( 'NONE',  ( 8.660254037844390851, 11.60286311171171114, -3.000000000000000000 ) ) ;
#1523 = AXIS2_PLACEMENT_3D ( 'NONE', #1568, #1418, #1272 ) ;
#1524 = PLANE ( 'NONE',  #444 ) ;
#1525 = DIRECTION ( 'NONE',  ( -1.001543065824773838E-16, -1.000000000000000000, 0.000000000000000000 ) ) ;
#1526 = VERTEX_POINT ( 'NONE', #1371 ) ;
#1527 = VERTEX_POINT ( 'NONE', #1497 ) ;
#1528 = ORIENTED_EDGE ( 'NONE', *, *, #965, .T. ) ;
#1529 = ORIENTED_EDGE ( 'NONE', *, *, #1093, .F. ) ;
#1530 = DIRECTION ( 'NONE',  ( -6.938893903907228378E-16, -1.000000000000000000, 0.000000000000000000 ) ) ;
#1531 = FACE_BOUND ( 'NONE', #1714, .T. ) ;
#1532 = LINE ( 'NONE', #707, #957 ) ;
#1533 = CARTESIAN_POINT ( 'NONE',  ( -80.00000000000018474, -113.3971368882882444, -5.000000000000000000 ) ) ;
#1534 = CARTESIAN_POINT ( 'NONE',  ( -24.00000000000006750, -118.3971368882882871, 4.999999999999992006 ) ) ;
#1535 = LINE ( 'NONE', #1701, #1422 ) ;
#1536 = ORIENTED_EDGE ( 'NONE', *, *, #1680, .F. ) ;
#1537 = CARTESIAN_POINT ( 'NONE',  ( -55.08400693575705276, -105.3971368882882302, 7.000000000000051514 ) ) ;
#1538 = EDGE_CURVE ( 'NONE', #2081, #1606, #540, .T. ) ;
#1539 = ORIENTED_EDGE ( 'NONE', *, *, #702, .T. ) ;
#1540 = ORIENTED_EDGE ( 'NONE', *, *, #974, .T. ) ;
#1541 = LINE ( 'NONE', #1230, #1018 ) ;
#1542 = CARTESIAN_POINT ( 'NONE',  ( 7.242890373478758193, -3.397136888288241341, 5.000000000000000000 ) ) ;
#1543 = DIRECTION ( 'NONE',  ( 0.000000000000000000, 0.000000000000000000, 1.000000000000000000 ) ) ;
#1544 = CARTESIAN_POINT ( 'NONE',  ( -7.857094506342825399E-14, -105.3971368882882729, 7.000000000000062172 ) ) ;
#1545 = CYLINDRICAL_SURFACE ( 'NONE', #2059, 1.549999999999995826 ) ;
#1546 = ORIENTED_EDGE ( 'NONE', *, *, #1997, .F. ) ;
#1547 = CARTESIAN_POINT ( 'NONE',  ( 55.08400693575704565, -105.3971368882882302, 7.000000000000041744 ) ) ;
#1548 = ORIENTED_EDGE ( 'NONE', *, *, #945, .T. ) ;
#1549 = EDGE_CURVE ( 'NONE', #1759, #1024, #875, .T. ) ;
#1550 = EDGE_LOOP ( 'NONE', ( #164, #1159, #788, #1071 ) ) ;
#1551 = AXIS2_PLACEMENT_3D ( 'NONE', #1127, #1765, #26 ) ;
#1552 = DIRECTION ( 'NONE',  ( 0.000000000000000000, 0.000000000000000000, 1.000000000000000000 ) ) ;
#1553 = AXIS2_PLACEMENT_3D ( 'NONE', #743, #420, #1543 ) ;
#1554 = FACE_OUTER_BOUND ( 'NONE', #453, .T. ) ;
#1555 = LINE ( 'NONE', #1399, #1818 ) ;
#1556 = VECTOR ( 'NONE', #96, 1000.000000000000000 ) ;
#1557 = VECTOR ( 'NONE', #1860, 1000.000000000000000 ) ;
#1558 = DIRECTION ( 'NONE',  ( 1.000000000000000000, 0.000000000000000000, -0.000000000000000000 ) ) ;
#1559 = ORIENTED_EDGE ( 'NONE', *, *, #1997, .T. ) ;
#1560 = LINE ( 'NONE', #1225, #2053 ) ;
#1561 = ADVANCED_FACE ( 'NONE', ( #1170 ), #405, .T. ) ;
#1562 = VECTOR ( 'NONE', #172, 1000.000000000000000 ) ;
#1563 = AXIS2_PLACEMENT_3D ( 'NONE', #228, #872, #1519 ) ;
#1564 = ORIENTED_EDGE ( 'NONE', *, *, #524, .T. ) ;
#1565 = EDGE_CURVE ( 'NONE', #84, #297, #1329, .T. ) ;
#1566 = LINE ( 'NONE', #467, #1620 ) ;
#1567 = LINE ( 'NONE', #1533, #1752 ) ;
#1568 = CARTESIAN_POINT ( 'NONE',  ( 0.000000000000000000, 0.000000000000000000, 3.000000000000000000 ) ) ;
#1569 = ORIENTED_EDGE ( 'NONE', *, *, #2049, .F. ) ;
#1570 = DIRECTION ( 'NONE',  ( -0.000000000000000000, -0.000000000000000000, -1.000000000000000000 ) ) ;
#1571 = EDGE_CURVE ( 'NONE', #1503, #1527, #1185, .T. ) ;
#1572 = EDGE_LOOP ( 'NONE', ( #11, #717, #504, #1199 ) ) ;
#1573 = DIRECTION ( 'NONE',  ( -0.000000000000000000, -0.000000000000000000, -1.000000000000000000 ) ) ;
#1574 = CARTESIAN_POINT ( 'NONE',  ( 93.99999999999990052, -118.3971368882883723, -5.000000000000000000 ) ) ;
#1575 = DIRECTION ( 'NONE',  ( -1.000000000000000000, 7.381802025433221301E-16, 0.000000000000000000 ) ) ;
#1576 = CARTESIAN_POINT ( 'NONE',  ( 5.442097319446677517, -18.39713688828825511, -3.000000000000000000 ) ) ;
#1577 = EDGE_CURVE ( 'NONE', #905, #1311, #242, .T. ) ;
#1578 = CARTESIAN_POINT ( 'NONE',  ( -66.54999999999995453, -105.3971368882882302, 0.000000000000000000 ) ) ;
#1579 = VERTEX_POINT ( 'NONE', #572 ) ;
#1580 = DIRECTION ( 'NONE',  ( -0.4246421110360302231, -0.9053612966848448851, 0.000000000000000000 ) ) ;
#1581 = VERTEX_POINT ( 'NONE', #1811 ) ;
#1582 = ORIENTED_EDGE ( 'NONE', *, *, #383, .T. ) ;
#1583 = EDGE_CURVE ( 'NONE', #246, #1738, #1992, .T. ) ;
#1584 = DIRECTION ( 'NONE',  ( -1.000000000000000000, 1.020425574104004492E-16, 0.000000000000000000 ) ) ;
#1585 = CARTESIAN_POINT ( 'NONE',  ( 0.000000000000000000, 0.000000000000000000, 4.000000000000000000 ) ) ;
#1586 = PRESENTATION_LAYER_ASSIGNMENT (  '', '', ( #1884 ) ) ;
#1587 = VERTEX_POINT ( 'NONE', #1218 ) ;
#1588 = EDGE_CURVE ( 'NONE', #2007, #1331, #1978, .T. ) ;
#1589 = AXIS2_PLACEMENT_3D ( 'NONE', #199, #350, #54 ) ;
#1590 = PLANE ( 'NONE',  #914 ) ;
#1591 = AXIS2_PLACEMENT_3D ( 'NONE', #2001, #1552, #86 ) ;
#1592 = VERTEX_POINT ( 'NONE', #1857 ) ;
#1593 = CARTESIAN_POINT ( 'NONE',  ( 0.000000000000000000, 0.000000000000000000, -3.000000000000000000 ) ) ;
#1594 = AXIS2_PLACEMENT_3D ( 'NONE', #967, #328, #1748 ) ;
#1595 = CARTESIAN_POINT ( 'NONE',  ( -31.16344865461789126, 47.60286311171173423, 4.000000000000000000 ) ) ;
#1596 = CARTESIAN_POINT ( 'NONE',  ( -64.99999999999997158, -127.3971368882883581, 0.000000000000000000 ) ) ;
#1597 = FACE_OUTER_BOUND ( 'NONE', #1644, .T. ) ;
#1598 = VERTEX_POINT ( 'NONE', #1661 ) ;
#1599 = ORIENTED_EDGE ( 'NONE', *, *, #1583, .T. ) ;
#1600 = EDGE_CURVE ( 'NONE', #158, #800, #419, .T. ) ;
#1601 = ORIENTED_EDGE ( 'NONE', *, *, #153, .T. ) ;
#1602 = LINE ( 'NONE', #490, #1925 ) ;
#1603 = CYLINDRICAL_SURFACE ( 'NONE', #70, 1.549999999999995826 ) ;
#1604 = DIRECTION ( 'NONE',  ( 9.251858538542971828E-16, 1.000000000000000000, -0.000000000000000000 ) ) ;
#1605 = VERTEX_POINT ( 'NONE', #1339 ) ;
#1606 = VERTEX_POINT ( 'NONE', #1835 ) ;
#1607 = ORIENTED_EDGE ( 'NONE', *, *, #544, .F. ) ;
#1608 = EDGE_CURVE ( 'NONE', #1653, #284, #231, .T. ) ;
#1609 = CARTESIAN_POINT ( 'NONE',  ( -55.08400693575705276, -105.3971368882882302, -5.000000000000000000 ) ) ;
#1610 = PLANE ( 'NONE',  #1285 ) ;
#1611 = LINE ( 'NONE', #977, #845 ) ;
#1612 = ORIENTED_EDGE ( 'NONE', *, *, #878, .F. ) ;
#1613 = VECTOR ( 'NONE', #904, 1000.000000000000000 ) ;
#1614 = AXIS2_PLACEMENT_3D ( 'NONE', #491, #987, #1428 ) ;
#1615 = EDGE_CURVE ( 'NONE', #1273, #498, #1826, .T. ) ;
#1616 = EDGE_CURVE ( 'NONE', #1268, #1024, #720, .T. ) ;
#1617 = ORIENTED_EDGE ( 'NONE', *, *, #300, .F. ) ;
#1618 = LINE ( 'NONE', #177, #238 ) ;
#1619 = VECTOR ( 'NONE', #2014, 1000.000000000000114 ) ;
#1620 = VECTOR ( 'NONE', #742, 1000.000000000000000 ) ;
#1621 = ORIENTED_EDGE ( 'NONE', *, *, #286, .T. ) ;
#1622 = LINE ( 'NONE', #1793, #206 ) ;
#1623 = DIRECTION ( 'NONE',  ( 0.000000000000000000, 0.000000000000000000, -1.000000000000000000 ) ) ;
#1624 = ADVANCED_FACE ( 'NONE', ( #200 ), #211, .F. ) ;
#1625 = FACE_OUTER_BOUND ( 'NONE', #557, .T. ) ;
#1626 = CARTESIAN_POINT ( 'NONE',  ( 72.00000000000001421, -105.3971368882882160, 5.000000000000000000 ) ) ;
#1627 = VERTEX_POINT ( 'NONE', #64 ) ;
#1628 = EDGE_CURVE ( 'NONE', #935, #196, #563, .T. ) ;
#1629 = EDGE_LOOP ( 'NONE', ( #1492, #1952, #365, #68 ) ) ;
#1630 = CARTESIAN_POINT ( 'NONE',  ( 50.00000000000006395, -113.3971368882883439, 15.00000000000007283 ) ) ;
#1631 = CARTESIAN_POINT ( 'NONE',  ( 65.00000000000004263, -113.3971368882883439, 0.000000000000000000 ) ) ;
#1632 = DIRECTION ( 'NONE',  ( 1.000000000000000000, -7.381802025433221301E-16, 0.000000000000000000 ) ) ;
#1633 = CARTESIAN_POINT ( 'NONE',  ( 2.612089346919102884, -1.225149714872962869, 5.000000000000000000 ) ) ;
#1634 = ORIENTED_EDGE ( 'NONE', *, *, #1206, .T. ) ;
#1635 = ORIENTED_EDGE ( 'NONE', *, *, #657, .T. ) ;
#1636 = ORIENTED_EDGE ( 'NONE', *, *, #1182, .T. ) ;
#1637 = CARTESIAN_POINT ( 'NONE',  ( -37.16344865461790903, 60.39520668511719492, -4.000000000000000888 ) ) ;
#1638 = EDGE_CURVE ( 'NONE', #1268, #797, #688, .T. ) ;
#1639 = CARTESIAN_POINT ( 'NONE',  ( -31.16344865461788771, -54.39713688828823024, -4.000000000000000888 ) ) ;
#1640 = DIRECTION ( 'NONE',  ( 0.000000000000000000, 0.000000000000000000, -1.000000000000000000 ) ) ;
#1641 = CARTESIAN_POINT ( 'NONE',  ( 37.16344865461788771, -67.18948046169363408, -4.000000000000000000 ) ) ;
#1642 = LINE ( 'NONE', #567, #810 ) ;
#1643 = VECTOR ( 'NONE', #1570, 1000.000000000000000 ) ;
#1644 = EDGE_LOOP ( 'NONE', ( #1068, #1635, #1599, #1902 ) ) ;
#1645 = AXIS2_PLACEMENT_3D ( 'NONE', #1030, #220, #861 ) ;
#1646 = AXIS2_PLACEMENT_3D ( 'NONE', #1663, #902, #880 ) ;
#1647 = DIRECTION ( 'NONE',  ( -1.000000000000000000, 7.930164461608260440E-16, 2.973811673103097665E-16 ) ) ;
#1648 = LINE ( 'NONE', #1307, #309 ) ;
#1649 = VECTOR ( 'NONE', #1133, 1000.000000000000000 ) ;
#1650 = CARTESIAN_POINT ( 'NONE',  ( -8.660254037844367758, -18.39713688828825155, -3.000000000000000000 ) ) ;
#1651 = DIRECTION ( 'NONE',  ( -0.4999999999999998890, -0.8660254037844385966, 0.000000000000000000 ) ) ;
#1652 = DIRECTION ( 'NONE',  ( 1.000000000000000000, 0.000000000000000000, 0.000000000000000000 ) ) ;
#1653 = VERTEX_POINT ( 'NONE', #852 ) ;
#1654 = DIRECTION ( 'NONE',  ( -0.4246421110360303897, 0.9053612966848448851, 0.000000000000000000 ) ) ;
#1655 = ORIENTED_EDGE ( 'NONE', *, *, #994, .T. ) ;
#1656 = EDGE_CURVE ( 'NONE', #781, #1297, #1414, .T. ) ;
#1657 = ORIENTED_EDGE ( 'NONE', *, *, #2002, .T. ) ;
#1658 = LINE ( 'NONE', #1494, #1059 ) ;
#1659 = DIRECTION ( 'NONE',  ( 1.000000000000000000, 0.000000000000000000, 0.000000000000000000 ) ) ;
#1660 = ADVANCED_FACE ( 'NONE', ( #449 ), #1231, .T. ) ;
#1661 = CARTESIAN_POINT ( 'NONE',  ( 31.16344865461790192, -54.39713688828824445, -4.000000000000000000 ) ) ;
#1662 = CARTESIAN_POINT ( 'NONE',  ( 50.00000000000000000, -113.3971368882882444, 5.000000000000000000 ) ) ;
#1663 = CARTESIAN_POINT ( 'NONE',  ( 0.000000000000000000, 0.000000000000000000, 3.000000000000000000 ) ) ;
#1664 = ORIENTED_EDGE ( 'NONE', *, *, #1234, .F. ) ;
#1665 = VERTEX_POINT ( 'NONE', #910 ) ;
#1666 = EDGE_CURVE ( 'NONE', #1288, #634, #1688, .T. ) ;
#1667 = VERTEX_POINT ( 'NONE', #1875 ) ;
#1668 = ADVANCED_FACE ( 'NONE', ( #141 ), #438, .F. ) ;
#1669 = UNCERTAINTY_MEASURE_WITH_UNIT (LENGTH_MEASURE( 1.000000000000000082E-05 ), #109, 'distance_accuracy_value', 'NONE');
#1670 = ADVANCED_FACE ( 'NONE', ( #1554, #756 ), #1907, .T. ) ;
#1671 = ORIENTED_EDGE ( 'NONE', *, *, #100, .F. ) ;
#1672 = DIRECTION ( 'NONE',  ( 0.000000000000000000, 1.000000000000000000, 0.000000000000000000 ) ) ;
#1673 = LINE ( 'NONE', #148, #1556 ) ;
#1674 = EDGE_CURVE ( 'NONE', #1177, #805, #122, .T. ) ;
#1675 = CARTESIAN_POINT ( 'NONE',  ( 2.612089346919102884, -1.225149714872962869, -5.000000000000000000 ) ) ;
#1676 = DIRECTION ( 'NONE',  ( -1.000000000000000000, 0.000000000000000000, 0.000000000000000000 ) ) ;
#1677 = DIRECTION ( 'NONE',  ( 9.251858538542971828E-16, 1.000000000000000000, -0.000000000000000000 ) ) ;
#1678 = ORIENTED_EDGE ( 'NONE', *, *, #774, .T. ) ;
#1679 = CARTESIAN_POINT ( 'NONE',  ( -7.242890373478759081, -3.397136888288241785, 5.000000000000000000 ) ) ;
#1680 = EDGE_CURVE ( 'NONE', #1738, #207, #1898, .T. ) ;
#1681 = ORIENTED_EDGE ( 'NONE', *, *, #1815, .F. ) ;
#1682 = CIRCLE ( 'NONE', #1216, 1.549999999999994049 ) ;
#1683 = VECTOR ( 'NONE', #890, 1000.000000000000000 ) ;
#1684 = PLANE ( 'NONE',  #884 ) ;
#1685 = LINE ( 'NONE', #626, #343 ) ;
#1686 = VECTOR ( 'NONE', #1710, 1000.000000000000227 ) ;
#1687 = CARTESIAN_POINT ( 'NONE',  ( -80.00000000000018474, -113.3971368882882444, 0.000000000000000000 ) ) ;
#1688 = CIRCLE ( 'NONE', #345, 1.549999999999995826 ) ;
#1689 = CARTESIAN_POINT ( 'NONE',  ( 80.00000000000005684, -113.3971368882883581, 0.000000000000000000 ) ) ;
#1690 = EDGE_CURVE ( 'NONE', #1368, #726, #1392, .T. ) ;
#1691 = VECTOR ( 'NONE', #1823, 1000.000000000000000 ) ;
#1692 = DIRECTION ( 'NONE',  ( 1.000000000000000000, -1.001543065824773838E-16, 0.000000000000000000 ) ) ;
#1693 = VERTEX_POINT ( 'NONE', #1082 ) ;
#1694 = FACE_OUTER_BOUND ( 'NONE', #1224, .T. ) ;
#1695 = EDGE_LOOP ( 'NONE', ( #60, #1412, #996, #1080, #1607, #855 ) ) ;
#1696 = PLANE ( 'NONE',  #1591 ) ;
#1697 = CARTESIAN_POINT ( 'NONE',  ( 70.00000000000000000, 106.6028631117117556, 5.000000000000000000 ) ) ;
#1698 = DIRECTION ( 'NONE',  ( -0.000000000000000000, -0.000000000000000000, -1.000000000000000000 ) ) ;
#1699 = LINE ( 'NONE', #1220, #1054 ) ;
#1700 = EDGE_CURVE ( 'NONE', #155, #664, #1074, .T. ) ;
#1701 = CARTESIAN_POINT ( 'NONE',  ( 0.000000000000000000, 106.6028631117117556, -5.000000000000000000 ) ) ;
#1702 = VERTEX_POINT ( 'NONE', #937 ) ;
#1703 = CARTESIAN_POINT ( 'NONE',  ( 37.16344865461789482, -67.18948046169361987, -4.000000000000000888 ) ) ;
#1704 = EDGE_LOOP ( 'NONE', ( #716, #1621, #1005, #227, #724, #895, #497, #189, #147, #1965, #217, #760, #2051, #49, #117, #1612 ) ) ;
#1705 = ORIENTED_EDGE ( 'NONE', *, *, #1577, .T. ) ;
#1706 = DIRECTION ( 'NONE',  ( 0.4246421110360302231, -0.9053612966848448851, 0.000000000000000000 ) ) ;
#1707 = DIRECTION ( 'NONE',  ( -0.3147934297786003643, 0.6711576180630878241, -0.6711576180630804966 ) ) ;
#1708 = CARTESIAN_POINT ( 'NONE',  ( 11.76008957292366652, 6.233790469846947069, 5.000000000000000000 ) ) ;
#1709 = DIRECTION ( 'NONE',  ( 0.4246421110360301676, -0.9053612966848448851, -0.000000000000000000 ) ) ;
#1710 = DIRECTION ( 'NONE',  ( -0.4246421110360298901, -0.9053612966848449961, -0.000000000000000000 ) ) ;
#1711 = ORIENTED_EDGE ( 'NONE', *, *, #544, .T. ) ;
#1712 = DIRECTION ( 'NONE',  ( -0.000000000000000000, -0.000000000000000000, -1.000000000000000000 ) ) ;
#1713 = VERTEX_POINT ( 'NONE', #2065 ) ;
#1714 = EDGE_LOOP ( 'NONE', ( #1819, #2076 ) ) ;
#1715 = CARTESIAN_POINT ( 'NONE',  ( -1.256441196480002753E-14, -5.893093111220412696E-15, 5.000000000000000000 ) ) ;
#1716 = AXIS2_PLACEMENT_3D ( 'NONE', #876, #679, #1796 ) ;
#1717 = AXIS2_PLACEMENT_3D ( 'NONE', #2004, #1575, #450 ) ;
#1718 = DIRECTION ( 'NONE',  ( 0.000000000000000000, 0.000000000000000000, -1.000000000000000000 ) ) ;
#1719 = DIRECTION ( 'NONE',  ( 1.000000000000000000, 0.000000000000000000, 0.000000000000000000 ) ) ;
#1720 = LINE ( 'NONE', #1263, #1788 ) ;
#1721 = AXIS2_PLACEMENT_3D ( 'NONE', #1188, #1971, #1652 ) ;
#1722 = VECTOR ( 'NONE', #1427, 1000.000000000000000 ) ;
#1723 = CARTESIAN_POINT ( 'NONE',  ( 1.256441196480002753E-14, -5.893093111220412696E-15, -3.000000000000000000 ) ) ;
#1724 = VERTEX_POINT ( 'NONE', #926 ) ;
#1725 = CARTESIAN_POINT ( 'NONE',  ( -17.32050807568874617, -3.397136888288266210, 3.000000000000000000 ) ) ;
#1726 = VECTOR ( 'NONE', #839, 1000.000000000000000 ) ;
#1727 = ORIENTED_EDGE ( 'NONE', *, *, #1815, .T. ) ;
#1728 = ORIENTED_EDGE ( 'NONE', *, *, #1381, .T. ) ;
#1729 = EDGE_CURVE ( 'NONE', #1331, #1028, #2044, .T. ) ;
#1730 = DIRECTION ( 'NONE',  ( 0.4246421110360305562, 0.9053612966848447741, -0.000000000000000000 ) ) ;
#1731 = DIRECTION ( 'NONE',  ( -0.000000000000000000, -0.000000000000000000, -1.000000000000000000 ) ) ;
#1732 = CARTESIAN_POINT ( 'NONE',  ( 66.55000000000002558, -127.3971368882884576, 1.898202538678390063E-16 ) ) ;
#1733 = CARTESIAN_POINT ( 'NONE',  ( 11.76008957292368251, -13.02806424642345995, 3.000000000000000000 ) ) ;
#1734 = ORIENTED_EDGE ( 'NONE', *, *, #1102, .F. ) ;
#1735 = CARTESIAN_POINT ( 'NONE',  ( -1.301042606982605321E-15, -6.794273776576496893, 3.000000000000000000 ) ) ;
#1736 = EDGE_CURVE ( 'NONE', #1177, #800, #785, .T. ) ;
#1737 = EDGE_LOOP ( 'NONE', ( #1681, #1452, #37, #1569 ) ) ;
#1738 = VERTEX_POINT ( 'NONE', #97 ) ;
#1739 = DIRECTION ( 'NONE',  ( -1.000000000000000000, 0.000000000000000000, 0.000000000000000000 ) ) ;
#1740 = CARTESIAN_POINT ( 'NONE',  ( -37.16344865461788771, -67.18948046169363408, -4.000000000000000000 ) ) ;
#1741 = EDGE_CURVE ( 'NONE', #120, #297, #628, .T. ) ;
#1742 = CARTESIAN_POINT ( 'NONE',  ( 31.16344865461789126, 47.60286311171173423, -4.000000000000000000 ) ) ;
#1743 = ORIENTED_EDGE ( 'NONE', *, *, #213, .T. ) ;
#1744 = FILL_AREA_STYLE ('',( #1775 ) ) ;
#1745 = EDGE_LOOP ( 'NONE', ( #536, #296, #576, #1107 ) ) ;
#1746 = CARTESIAN_POINT ( 'NONE',  ( -7.242890373478759081, -3.397136888288241785, 3.000000000000000000 ) ) ;
#1747 = EDGE_CURVE ( 'NONE', #1667, #1203, #1566, .T. ) ;
#1748 = DIRECTION ( 'NONE',  ( -1.000000000000000000, 7.381802025433221301E-16, 0.000000000000000000 ) ) ;
#1749 = FACE_OUTER_BOUND ( 'NONE', #1266, .T. ) ;
#1750 = CARTESIAN_POINT ( 'NONE',  ( -55.08400693575703855, 98.60286311171174134, 5.000000000000000000 ) ) ;
#1751 = VERTEX_POINT ( 'NONE', #1384 ) ;
#1752 = VECTOR ( 'NONE', #1876, 1000.000000000000000 ) ;
#1753 = FACE_OUTER_BOUND ( 'NONE', #362, .T. ) ;
#1754 = ADVANCED_FACE ( 'NONE', ( #765 ), #603, .F. ) ;
#1755 = VECTOR ( 'NONE', #1215, 1000.000000000000000 ) ;
#1756 = VERTEX_POINT ( 'NONE', #1697 ) ;
#1757 = AXIS2_PLACEMENT_3D ( 'NONE', #835, #492, #1804 ) ;
#1758 = PRODUCT_DEFINITION_FORMATION_WITH_SPECIFIED_SOURCE ( 'ä»', '', #790, .NOT_KNOWN. ) ;
#1759 = VERTEX_POINT ( 'NONE', #775 ) ;
#1760 = PLANE ( 'NONE',  #583 ) ;
#1761 = LINE ( 'NONE', #1740, #446 ) ;
#1762 = DIRECTION ( 'NONE',  ( 0.000000000000000000, -0.000000000000000000, -1.000000000000000000 ) ) ;
#1763 = ORIENTED_EDGE ( 'NONE', *, *, #266, .F. ) ;
#1764 = EDGE_CURVE ( 'NONE', #1297, #1941, #2056, .T. ) ;
#1765 = DIRECTION ( 'NONE',  ( 9.251858538542971828E-16, 1.000000000000000000, -0.000000000000000000 ) ) ;
#1766 = LINE ( 'NONE', #1534, #1453 ) ;
#1767 = EDGE_CURVE ( 'NONE', #1923, #559, #320, .T. ) ;
#1768 = ORIENTED_EDGE ( 'NONE', *, *, #398, .F. ) ;
#1769 = ORIENTED_EDGE ( 'NONE', *, *, #1212, .T. ) ;
#1770 = PLANE ( 'NONE',  #1594 ) ;
#1771 = DIRECTION ( 'NONE',  ( 9.251858538542971828E-16, 1.000000000000000000, -0.000000000000000000 ) ) ;
#1772 = ADVANCED_FACE ( 'NONE', ( #638 ), #1770, .T. ) ;
#1773 = PLANE ( 'NONE',  #482 ) ;
#1774 = VERTEX_POINT ( 'NONE', #1609 ) ;
#1775 = FILL_AREA_STYLE_COLOUR ( '', #1948 ) ;
#1776 = EDGE_LOOP ( 'NONE', ( #1174, #663, #44, #2042 ) ) ;
#1777 = CARTESIAN_POINT ( 'NONE',  ( 7.242890373478758193, -3.397136888288241341, -5.000000000000000000 ) ) ;
#1778 = ORIENTED_EDGE ( 'NONE', *, *, #1571, .T. ) ;
#1779 = DIRECTION ( 'NONE',  ( 1.631597190638408653E-16, -1.000000000000000000, 0.000000000000000000 ) ) ;
#1780 = CYLINDRICAL_SURFACE ( 'NONE', #1614, 1.549999999999995826 ) ;
#1781 = DIRECTION ( 'NONE',  ( -0.8660254037844387076, -0.4999999999999999445, 0.000000000000000000 ) ) ;
#1782 = CARTESIAN_POINT ( 'NONE',  ( -50.00000000000000000, 106.6028631117117556, -5.000000000000000000 ) ) ;
#1783 = ADVANCED_FACE ( 'NONE', ( #349 ), #1760, .T. ) ;
#1784 = AXIS2_PLACEMENT_3D ( 'NONE', #394, #721, #1979 ) ;
#1785 = AXIS2_PLACEMENT_3D ( 'NONE', #1219, #1887, #1364 ) ;
#1786 = ORIENTED_EDGE ( 'NONE', *, *, #1447, .T. ) ;
#1787 = PLANE ( 'NONE',  #1184 ) ;
#1788 = VECTOR ( 'NONE', #598, 1000.000000000000000 ) ;
#1789 = AXIS2_PLACEMENT_3D ( 'NONE', #1248, #1095, #131 ) ;
#1790 = VERTEX_POINT ( 'NONE', #997 ) ;
#1791 = VECTOR ( 'NONE', #508, 1000.000000000000114 ) ;
#1792 = ADVANCED_FACE ( 'NONE', ( #975 ), #499, .F. ) ;
#1793 = CARTESIAN_POINT ( 'NONE',  ( 7.242890373478762633, -3.397136888288248446, 5.000000000000000000 ) ) ;
#1794 = PLANE ( 'NONE',  #1589 ) ;
#1795 = LINE ( 'NONE', #1468, #1454 ) ;
#1796 = DIRECTION ( 'NONE',  ( -1.000000000000000000, 7.381802025433221301E-16, 0.000000000000000000 ) ) ;
#1797 = CARTESIAN_POINT ( 'NONE',  ( 66.55000000000003979, -105.3971368882882302, 1.898202538678387845E-16 ) ) ;
#1798 = EDGE_LOOP ( 'NONE', ( #336, #268, #1601, #783 ) ) ;
#1799 = ORIENTED_EDGE ( 'NONE', *, *, #1747, .T. ) ;
#1800 = EDGE_CURVE ( 'NONE', #1941, #248, #29, .T. ) ;
#1801 = ORIENTED_EDGE ( 'NONE', *, *, #1381, .F. ) ;
#1802 = DIRECTION ( 'NONE',  ( 2.003086131649547183E-16, 1.000000000000000000, -0.000000000000000000 ) ) ;
#1803 = DIRECTION ( 'NONE',  ( -9.303965044796568255E-16, -1.000000000000000000, 0.000000000000000000 ) ) ;
#1804 = DIRECTION ( 'NONE',  ( 1.000000000000000000, 0.000000000000000000, -2.973811673103097665E-16 ) ) ;
#1805 = DIRECTION ( 'NONE',  ( 0.000000000000000000, 0.000000000000000000, 1.000000000000000000 ) ) ;
#1806 = DIRECTION ( 'NONE',  ( 0.9053612966848449961, 0.4246421110360302786, -0.000000000000000000 ) ) ;
#1807 = VERTEX_POINT ( 'NONE', #1151 ) ;
#1808 = EDGE_LOOP ( 'NONE', ( #1002, #1136, #523, #1305 ) ) ;
#1809 = CARTESIAN_POINT ( 'NONE',  ( 93.99999999999990052, -118.3971368882883723, 51.00000000000000000 ) ) ;
#1810 = DIRECTION ( 'NONE',  ( -0.7071067811865520136, -0.7071067811865431318, -0.000000000000000000 ) ) ;
#1811 = CARTESIAN_POINT ( 'NONE',  ( -80.00000000000018474, -113.3971368882882444, 15.00000000000015987 ) ) ;
#1812 = DIRECTION ( 'NONE',  ( -0.8660254037844387076, 0.4999999999999999445, 0.000000000000000000 ) ) ;
#1813 = FACE_OUTER_BOUND ( 'NONE', #1999, .T. ) ;
#1814 = ORIENTED_EDGE ( 'NONE', *, *, #1934, .F. ) ;
#1815 = EDGE_CURVE ( 'NONE', #1324, #2007, #1456, .T. ) ;
#1816 = VECTOR ( 'NONE', #2032, 1000.000000000000000 ) ;
#1817 = EDGE_LOOP ( 'NONE', ( #334, #128, #354, #584 ) ) ;
#1818 = VECTOR ( 'NONE', #1407, 1000.000000000000114 ) ;
#1819 = ORIENTED_EDGE ( 'NONE', *, *, #1258, .F. ) ;
#1820 = VECTOR ( 'NONE', #57, 1000.000000000000114 ) ;
#1821 = VECTOR ( 'NONE', #532, 1000.000000000000114 ) ;
#1822 = ORIENTED_EDGE ( 'NONE', *, *, #19, .F. ) ;
#1823 = DIRECTION ( 'NONE',  ( 9.251858538542971828E-16, 1.000000000000000000, -0.000000000000000000 ) ) ;
#1824 = DIRECTION ( 'NONE',  ( 0.4999999999999999445, 0.8660254037844385966, 0.000000000000000000 ) ) ;
#1825 = AXIS2_PLACEMENT_3D ( 'NONE', #483, #184, #1762 ) ;
#1826 = LINE ( 'NONE', #1522, #448 ) ;
#1827 = DIRECTION ( 'NONE',  ( -0.000000000000000000, -0.000000000000000000, -1.000000000000000000 ) ) ;
#1828 = CARTESIAN_POINT ( 'NONE',  ( 0.000000000000000000, 0.000000000000000000, 5.000000000000000000 ) ) ;
#1829 = DIRECTION ( 'NONE',  ( 1.000000000000000000, 0.000000000000000000, 2.973811673103097665E-16 ) ) ;
#1830 = EDGE_CURVE ( 'NONE', #1579, #1874, #1622, .T. ) ;
#1831 = ORIENTED_EDGE ( 'NONE', *, *, #1830, .T. ) ;
#1832 = ORIENTED_EDGE ( 'NONE', *, *, #213, .F. ) ;
#1833 = LINE ( 'NONE', #887, #1486 ) ;
#1834 = CARTESIAN_POINT ( 'NONE',  ( 65.00000000000024158, 98.60286311171174134, 0.000000000000000000 ) ) ;
#1835 = CARTESIAN_POINT ( 'NONE',  ( -1.301042606982605321E-15, -6.794273776576496893, -5.000000000000000000 ) ) ;
#1836 = CARTESIAN_POINT ( 'NONE',  ( 4.630801026559669076, 2.171987173415284911, -5.000000000000000000 ) ) ;
#1837 = EDGE_CURVE ( 'NONE', #1896, #1419, #1602, .T. ) ;
#1838 = FACE_OUTER_BOUND ( 'NONE', #1359, .T. ) ;
#1839 = ORIENTED_EDGE ( 'NONE', *, *, #702, .F. ) ;
#1840 = EDGE_LOOP ( 'NONE', ( #1975, #1087, #723, #920 ) ) ;
#1841 = VERTEX_POINT ( 'NONE', #160 ) ;
#1842 = ORIENTED_EDGE ( 'NONE', *, *, #401, .T. ) ;
#1843 = PLANE ( 'NONE',  #2029 ) ;
#1844 = EDGE_CURVE ( 'NONE', #645, #318, #658, .T. ) ;
#1845 = DIRECTION ( 'NONE',  ( -1.000000000000000000, 0.000000000000000000, 0.000000000000000000 ) ) ;
#1846 = CARTESIAN_POINT ( 'NONE',  ( 2.612089346919102884, -1.225149714872962869, -3.000000000000000000 ) ) ;
#1847 = CARTESIAN_POINT ( 'NONE',  ( 50.00000000000000000, 106.6028631117117556, 5.000000000000000000 ) ) ;
#1848 = CARTESIAN_POINT ( 'NONE',  ( -11.76008957292365764, 6.233790469846928417, -3.000000000000000000 ) ) ;
#1849 = ORIENTED_EDGE ( 'NONE', *, *, #1674, .T. ) ;
#1850 = VERTEX_POINT ( 'NONE', #182 ) ;
#1851 = ORIENTED_EDGE ( 'NONE', *, *, #974, .F. ) ;
#1852 = VECTOR ( 'NONE', #522, 1000.000000000000000 ) ;
#1853 = VECTOR ( 'NONE', #1805, 1000.000000000000000 ) ;
#1854 = EDGE_LOOP ( 'NONE', ( #1036, #1394, #150, #1678 ) ) ;
#1855 = DIRECTION ( 'NONE',  ( 0.000000000000000000, 0.000000000000000000, 1.000000000000000000 ) ) ;
#1856 = VECTOR ( 'NONE', #1401, 1000.000000000000000 ) ;
#1857 = CARTESIAN_POINT ( 'NONE',  ( 37.16344865461790903, 60.39520668511720203, -4.000000000000000000 ) ) ;
#1858 = AXIS2_PLACEMENT_3D ( 'NONE', #1322, #1781, #1301 ) ;
#1859 = CARTESIAN_POINT ( 'NONE',  ( -94.00000000000007105, -113.3971368882882302, 51.00000000000000000 ) ) ;
#1860 = DIRECTION ( 'NONE',  ( -0.000000000000000000, -0.000000000000000000, -1.000000000000000000 ) ) ;
#1861 = AXIS2_PLACEMENT_3D ( 'NONE', #561, #1360, #1204 ) ;
#1862 = LINE ( 'NONE', #408, #750 ) ;
#1863 = ORIENTED_EDGE ( 'NONE', *, *, #1444, .F. ) ;
#1864 = DIRECTION ( 'NONE',  ( 0.4246421110360302231, -0.9053612966848448851, 0.000000000000000000 ) ) ;
#1865 = ORIENTED_EDGE ( 'NONE', *, *, #66, .F. ) ;
#1866 = VERTEX_POINT ( 'NONE', #1466 ) ;
#1867 = LINE ( 'NONE', #1715, #989 ) ;
#1868 = LINE ( 'NONE', #873, #112 ) ;
#1869 = CARTESIAN_POINT ( 'NONE',  ( -31.16344865461789126, 47.60286311171173423, 4.000000000000000000 ) ) ;
#1870 = CARTESIAN_POINT ( 'NONE',  ( 70.00000000000000000, -103.3971368882881734, 5.000000000000002665 ) ) ;
#1871 = LINE ( 'NONE', #124, #1118 ) ;
#1872 = VERTEX_POINT ( 'NONE', #802 ) ;
#1873 = PLANE ( 'NONE',  #780 ) ;
#1874 = VERTEX_POINT ( 'NONE', #1299 ) ;
#1875 = CARTESIAN_POINT ( 'NONE',  ( -80.00000000000018474, -113.3971368882882444, -5.000000000000000000 ) ) ;
#1876 = DIRECTION ( 'NONE',  ( 0.000000000000000000, -0.000000000000000000, -1.000000000000000000 ) ) ;
#1877 = DIRECTION ( 'NONE',  ( 0.9053612966848449961, -0.4246421110360302786, 0.000000000000000000 ) ) ;
#1878 = DIRECTION ( 'NONE',  ( -1.000000000000000000, 0.000000000000000000, 0.000000000000000000 ) ) ;
#1879 = ORIENTED_EDGE ( 'NONE', *, *, #2043, .T. ) ;
#1880 = DIRECTION ( 'NONE',  ( -0.000000000000000000, -0.000000000000000000, 1.000000000000000000 ) ) ;
#1881 = EDGE_CURVE ( 'NONE', #1192, #1443, #22, .T. ) ;
#1882 = ORIENTED_EDGE ( 'NONE', *, *, #1011, .T. ) ;
#1883 = EDGE_CURVE ( 'NONE', #1404, #1503, #1944, .T. ) ;
#1884 = STYLED_ITEM ( 'NONE', ( #1108 ), #281 ) ;
#1885 = VECTOR ( 'NONE', #1731, 1000.000000000000000 ) ;
#1886 = DIRECTION ( 'NONE',  ( 9.303965044796568255E-16, 1.000000000000000000, -0.000000000000000000 ) ) ;
#1887 = DIRECTION ( 'NONE',  ( -0.9053612966848447741, 0.4246421110360305562, 0.000000000000000000 ) ) ;
#1888 = FACE_OUTER_BOUND ( 'NONE', #1995, .T. ) ;
#1889 = VECTOR ( 'NONE', #915, 1000.000000000000000 ) ;
#1890 = EDGE_CURVE ( 'NONE', #2015, #1228, #1436, .T. ) ;
#1891 = VECTOR ( 'NONE', #1363, 1000.000000000000227 ) ;
#1892 = LINE ( 'NONE', #2047, #711 ) ;
#1893 = ORIENTED_EDGE ( 'NONE', *, *, #913, .T. ) ;
#1894 = LINE ( 'NONE', #1100, #104 ) ;
#1895 = CIRCLE ( 'NONE', #1563, 1.549999999999995826 ) ;
#1896 = VERTEX_POINT ( 'NONE', #190 ) ;
#1897 = ORIENTED_EDGE ( 'NONE', *, *, #1447, .F. ) ;
#1898 = LINE ( 'NONE', #263, #1955 ) ;
#1899 = LINE ( 'NONE', #1104, #3 ) ;
#1900 = DIRECTION ( 'NONE',  ( 0.4246421110360302231, 0.9053612966848448851, 0.000000000000000000 ) ) ;
#1901 = DIRECTION ( 'NONE',  ( -0.4246421110360302231, -0.9053612966848448851, 0.000000000000000000 ) ) ;
#1902 = ORIENTED_EDGE ( 'NONE', *, *, #1680, .T. ) ;
#1903 = LINE ( 'NONE', #2050, #706 ) ;
#1904 = ORIENTED_EDGE ( 'NONE', *, *, #300, .T. ) ;
#1905 = DIRECTION ( 'NONE',  ( 1.000000000000000000, 0.000000000000000000, 0.000000000000000000 ) ) ;
#1906 = EDGE_CURVE ( 'NONE', #218, #865, #1277, .T. ) ;
#1907 = PLANE ( 'NONE',  #415 ) ;
#1908 = LINE ( 'NONE', #2057, #1346 ) ;
#1909 = LINE ( 'NONE', #1086, #1856 ) ;
#1910 = EDGE_LOOP ( 'NONE', ( #239, #1411, #1636 ) ) ;
#1911 = ORIENTED_EDGE ( 'NONE', *, *, #1883, .T. ) ;
#1912 = DIRECTION ( 'NONE',  ( 9.303965044796568255E-16, 1.000000000000000000, -0.000000000000000000 ) ) ;
#1913 = VERTEX_POINT ( 'NONE', #1473 ) ;
#1914 = ADVANCED_FACE ( 'NONE', ( #1445, #1318 ), #1958, .T. ) ;
#1915 = DIRECTION ( 'NONE',  ( -1.000000000000000000, 0.000000000000000000, 0.000000000000000000 ) ) ;
#1916 = LINE ( 'NONE', #321, #171 ) ;
#1917 = VECTOR ( 'NONE', #1654, 1000.000000000000000 ) ;
#1918 = PLANE ( 'NONE',  #1825 ) ;
#1919 = ORIENTED_EDGE ( 'NONE', *, *, #1957, .F. ) ;
#1920 = VECTOR ( 'NONE', #551, 1000.000000000000000 ) ;
#1921 = CARTESIAN_POINT ( 'NONE',  ( -24.00000000000006395, -113.3971368882882871, 4.999999999999992006 ) ) ;
#1922 = AXIS2_PLACEMENT_3D ( 'NONE', #864, #1525, #1692 ) ;
#1923 = VERTEX_POINT ( 'NONE', #1122 ) ;
#1924 = LINE ( 'NONE', #1777, #1090 ) ;
#1925 = VECTOR ( 'NONE', #15, 1000.000000000000000 ) ;
#1926 = AXIS2_PLACEMENT_3D ( 'NONE', #366, #1989, #1160 ) ;
#1927 = VERTEX_POINT ( 'NONE', #1 ) ;
#1928 = ADVANCED_FACE ( 'NONE', ( #647 ), #1684, .F. ) ;
#1929 = DIRECTION ( 'NONE',  ( 0.4999999999999999445, 0.8660254037844385966, 0.000000000000000000 ) ) ;
#1930 = PLANE ( 'NONE',  #983 ) ;
#1931 = DIRECTION ( 'NONE',  ( 9.251858538542971828E-16, 1.000000000000000000, -0.000000000000000000 ) ) ;
#1932 = ORIENTED_EDGE ( 'NONE', *, *, #1441, .F. ) ;
#1933 = CARTESIAN_POINT ( 'NONE',  ( -46.66666666666652930, -80.06380355495495849, -18.33333333333346005 ) ) ;
#1934 = EDGE_CURVE ( 'NONE', #194, #196, #1966, .T. ) ;
#1935 = ORIENTED_EDGE ( 'NONE', *, *, #1341, .F. ) ;
#1936 = ORIENTED_EDGE ( 'NONE', *, *, #437, .F. ) ;
#1937 = CARTESIAN_POINT ( 'NONE',  ( -24.00000000000006395, -113.3971368882882871, 51.00000000000001421 ) ) ;
#1938 = DIRECTION ( 'NONE',  ( -1.000000000000000000, 7.381802025433221301E-16, 0.000000000000000000 ) ) ;
#1939 = CARTESIAN_POINT ( 'NONE',  ( -94.00000000000009948, -118.3971368882882302, -5.000000000000000000 ) ) ;
#1940 = CARTESIAN_POINT ( 'NONE',  ( 37.16344865461788771, -67.18948046169363408, 4.000000000000000000 ) ) ;
#1941 = VERTEX_POINT ( 'NONE', #1637 ) ;
#1942 = EDGE_CURVE ( 'NONE', #634, #1368, #1337, .T. ) ;
#1943 = ORIENTED_EDGE ( 'NONE', *, *, #250, .T. ) ;
#1944 = LINE ( 'NONE', #1937, #925 ) ;
#1945 = LINE ( 'NONE', #1328, #140 ) ;
#1946 = FACE_OUTER_BOUND ( 'NONE', #259, .T. ) ;
#1947 = PLANE ( 'NONE',  #307 ) ;
#1948 = COLOUR_RGB ( '',0.7921568627450980005, 0.8196078431372548767, 0.9333333333333333481 ) ;
#1949 = ADVANCED_FACE ( 'NONE', ( #850 ), #1843, .F. ) ;
#1950 = VECTOR ( 'NONE', #1169, 1000.000000000000000 ) ;
#1951 = ORIENTED_EDGE ( 'NONE', *, *, #1144, .F. ) ;
#1952 = ORIENTED_EDGE ( 'NONE', *, *, #637, .T. ) ;
#1953 = CARTESIAN_POINT ( 'NONE',  ( 9.173975917082275011E-14, 98.60286311171179818, 5.000000000000000000 ) ) ;
#1954 = VECTOR ( 'NONE', #2046, 1000.000000000000000 ) ;
#1955 = VECTOR ( 'NONE', #1730, 1000.000000000000000 ) ;
#1956 = ORIENTED_EDGE ( 'NONE', *, *, #2041, .F. ) ;
#1957 = EDGE_CURVE ( 'NONE', #1841, #2015, #686, .T. ) ;
#1958 = PLANE ( 'NONE',  #959 ) ;
#1959 = FACE_OUTER_BOUND ( 'NONE', #2008, .T. ) ;
#1960 = FACE_OUTER_BOUND ( 'NONE', #410, .T. ) ;
#1961 = CARTESIAN_POINT ( 'NONE',  ( -24.00000000000006395, -113.3971368882882871, 4.999999999999992006 ) ) ;
#1962 = ORIENTED_EDGE ( 'NONE', *, *, #1767, .T. ) ;
#1963 = ORIENTED_EDGE ( 'NONE', *, *, #1615, .F. ) ;
#1964 = ORIENTED_EDGE ( 'NONE', *, *, #1115, .T. ) ;
#1965 = ORIENTED_EDGE ( 'NONE', *, *, #137, .F. ) ;
#1966 = LINE ( 'NONE', #718, #755 ) ;
#1967 = CARTESIAN_POINT ( 'NONE',  ( -7.242890373478745758, -3.397136888288270651, -5.000000000000000000 ) ) ;
#1968 = ADVANCED_FACE ( 'NONE', ( #527 ), #1029, .T. ) ;
#1969 = DIRECTION ( 'NONE',  ( 0.4246421110360303341, 0.9053612966848448851, -0.000000000000000000 ) ) ;
#1970 = PLANE ( 'NONE',  #1784 ) ;
#1971 = DIRECTION ( 'NONE',  ( -0.000000000000000000, 0.000000000000000000, 1.000000000000000000 ) ) ;
#1972 = ORIENTED_EDGE ( 'NONE', *, *, #1465, .T. ) ;
#1973 = EDGE_LOOP ( 'NONE', ( #1548, #881, #1449, #505 ) ) ;
#1974 = ORIENTED_EDGE ( 'NONE', *, *, #179, .T. ) ;
#1975 = ORIENTED_EDGE ( 'NONE', *, *, #690, .F. ) ;
#1976 = DIRECTION ( 'NONE',  ( 1.000000000000000000, -7.381802025433221301E-16, 0.000000000000000000 ) ) ;
#1977 = LINE ( 'NONE', #834, #478 ) ;
#1978 = LINE ( 'NONE', #1040, #1352 ) ;
#1979 = DIRECTION ( 'NONE',  ( -1.631597190638408653E-16, -1.000000000000000000, 0.000000000000000000 ) ) ;
#1980 = EDGE_CURVE ( 'NONE', #84, #271, #1833, .T. ) ;
#1981 = CARTESIAN_POINT ( 'NONE',  ( 65.00000000000025580, 106.6028631117116987, 0.000000000000000000 ) ) ;
#1982 = ORIENTED_EDGE ( 'NONE', *, *, #1608, .T. ) ;
#1983 = VECTOR ( 'NONE', #503, 1000.000000000000000 ) ;
#1984 = CARTESIAN_POINT ( 'NONE',  ( -94.00000000000007105, -113.3971368882882302, 51.00000000000000000 ) ) ;
#1985 = VECTOR ( 'NONE', #264, 1000.000000000000000 ) ;
#1986 = EDGE_LOOP ( 'NONE', ( #13, #2080, #1962, #1893 ) ) ;
#1987 = VECTOR ( 'NONE', #562, 1000.000000000000114 ) ;
#1988 = VECTOR ( 'NONE', #990, 1000.000000000000114 ) ;
#1989 = DIRECTION ( 'NONE',  ( 9.251858538542971828E-16, 1.000000000000000000, -0.000000000000000000 ) ) ;
#1990 = ADVANCED_FACE ( 'NONE', ( #1369 ), #1505, .F. ) ;
#1991 = CARTESIAN_POINT ( 'NONE',  ( -7.242890373478745758, -3.397136888288270651, 5.000000000000000000 ) ) ;
#1992 = LINE ( 'NONE', #1051, #1891 ) ;
#1993 = FACE_OUTER_BOUND ( 'NONE', #28, .T. ) ;
#1994 = CARTESIAN_POINT ( 'NONE',  ( 65.00000000000004263, -105.3971368882882302, 0.000000000000000000 ) ) ;
#1995 = EDGE_LOOP ( 'NONE', ( #413, #1799, #2039, #1972, #1514, #1439, #1062, #304, #1304, #135, #941, #462, #973, #1655, #1180, #2071, #1769, #1027, #916, #1998, #1471 ) ) ;
#1996 = PLANE ( 'NONE',  #1014 ) ;
#1997 = EDGE_CURVE ( 'NONE', #805, #1896, #391, .T. ) ;
#1998 = ORIENTED_EDGE ( 'NONE', *, *, #1429, .F. ) ;
#1999 = EDGE_LOOP ( 'NONE', ( #1355, #1390, #886, #388 ) ) ;
#2000 = CARTESIAN_POINT ( 'NONE',  ( 93.99999999999990052, -118.3971368882883723, -5.000000000000000000 ) ) ;
#2001 = CARTESIAN_POINT ( 'NONE',  ( 0.000000000000000000, 0.000000000000000000, -3.000000000000000000 ) ) ;
#2002 = EDGE_CURVE ( 'NONE', #1028, #1693, #1658, .T. ) ;
#2003 = DIRECTION ( 'NONE',  ( -1.000000000000000000, -9.303965044796568255E-16, 0.000000000000000000 ) ) ;
#2004 = CARTESIAN_POINT ( 'NONE',  ( 23.99999999999989697, -113.3971368882883155, 4.999999999999992006 ) ) ;
#2005 = FACE_OUTER_BOUND ( 'NONE', #1260, .T. ) ;
#2006 = ORIENTED_EDGE ( 'NONE', *, *, #1176, .F. ) ;
#2007 = VERTEX_POINT ( 'NONE', #53 ) ;
#2008 = EDGE_LOOP ( 'NONE', ( #1982, #534, #972, #1743 ) ) ;
#2009 = VERTEX_POINT ( 'NONE', #219 ) ;
#2010 = PLANE ( 'NONE',  #748 ) ;
#2011 = CARTESIAN_POINT ( 'NONE',  ( -7.242890373478759081, -3.397136888288241785, 5.000000000000000000 ) ) ;
#2012 = LINE ( 'NONE', #1859, #1985 ) ;
#2013 = CARTESIAN_POINT ( 'NONE',  ( 72.00000000000001421, -105.3971368882882160, 7.000000000000007994 ) ) ;
#2014 = DIRECTION ( 'NONE',  ( 0.4246421110360305562, 0.9053612966848447741, 0.000000000000000000 ) ) ;
#2015 = VERTEX_POINT ( 'NONE', #62 ) ;
#2016 = DIRECTION ( 'NONE',  ( -0.9053612966848448851, -0.4246421110360302786, 0.000000000000000000 ) ) ;
#2017 = EDGE_CURVE ( 'NONE', #363, #581, #537, .T. ) ;
#2018 = EDGE_LOOP ( 'NONE', ( #1157, #1213, #982, #1539 ) ) ;
#2019 = VECTOR ( 'NONE', #1580, 1000.000000000000000 ) ;
#2020 = AXIS2_PLACEMENT_3D ( 'NONE', #1242, #2045, #439 ) ;
#2021 = ORIENTED_EDGE ( 'NONE', *, *, #1462, .T. ) ;
#2022 = CARTESIAN_POINT ( 'NONE',  ( 23.99999999999989697, -113.3971368882883155, 4.999999999999992006 ) ) ;
#2023 = AXIS2_PLACEMENT_3D ( 'NONE', #758, #1386, #1400 ) ;
#2024 = ADVANCED_FACE ( 'NONE', ( #550, #1047 ), #1193, .F. ) ;
#2025 = DIRECTION ( 'NONE',  ( 0.000000000000000000, 0.000000000000000000, 1.000000000000000000 ) ) ;
#2026 = VECTOR ( 'NONE', #277, 1000.000000000000000 ) ;
#2027 = LINE ( 'NONE', #900, #646 ) ;
#2028 = CARTESIAN_POINT ( 'NONE',  ( 55.08400693575703855, 98.60286311171174134, 5.000000000000000000 ) ) ;
#2029 = AXIS2_PLACEMENT_3D ( 'NONE', #2000, #209, #1530 ) ;
#2030 = DIRECTION ( 'NONE',  ( -0.000000000000000000, -0.000000000000000000, -1.000000000000000000 ) ) ;
#2031 = ORIENTED_EDGE ( 'NONE', *, *, #1881, .T. ) ;
#2032 = DIRECTION ( 'NONE',  ( -0.000000000000000000, -0.000000000000000000, -1.000000000000000000 ) ) ;
#2033 = ORIENTED_EDGE ( 'NONE', *, *, #531, .T. ) ;
#2034 = ORIENTED_EDGE ( 'NONE', *, *, #2055, .T. ) ;
#2035 = DIRECTION ( 'NONE',  ( 1.000000000000000000, 0.000000000000000000, -0.000000000000000000 ) ) ;
#2036 = CARTESIAN_POINT ( 'NONE',  ( -31.16344865461789126, 47.60286311171173423, -4.000000000000000000 ) ) ;
#2037 = CARTESIAN_POINT ( 'NONE',  ( 63.45000000000004547, -105.3971368882882302, 0.000000000000000000 ) ) ;
#2038 = EDGE_CURVE ( 'NONE', #1238, #566, #1895, .T. ) ;
#2039 = ORIENTED_EDGE ( 'NONE', *, *, #66, .T. ) ;
#2040 = LINE ( 'NONE', #2063, #1478 ) ;
#2041 = EDGE_CURVE ( 'NONE', #1665, #1605, #683, .T. ) ;
#2042 = ORIENTED_EDGE ( 'NONE', *, *, #1202, .F. ) ;
#2043 = EDGE_CURVE ( 'NONE', #1756, #1490, #403, .T. ) ;
#2044 = LINE ( 'NONE', #1708, #615 ) ;
#2045 = DIRECTION ( 'NONE',  ( 9.251858538542969855E-16, 1.000000000000000000, -0.000000000000000000 ) ) ;
#2046 = DIRECTION ( 'NONE',  ( 9.251858538542971828E-16, 1.000000000000000000, -0.000000000000000000 ) ) ;
#2047 = CARTESIAN_POINT ( 'NONE',  ( 9.173975917082275011E-14, 98.60286311171179818, -5.000000000000000000 ) ) ;
#2048 = VERTEX_POINT ( 'NONE', #357 ) ;
#2049 = EDGE_CURVE ( 'NONE', #2007, #1927, #1006, .T. ) ;
#2050 = CARTESIAN_POINT ( 'NONE',  ( 93.99999999999990052, -113.3971368882883723, -5.000000000000000000 ) ) ;
#2051 = ORIENTED_EDGE ( 'NONE', *, *, #494, .T. ) ;
#2052 = EDGE_LOOP ( 'NONE', ( #515, #1094, #1366, #1015 ) ) ;
#2053 = VECTOR ( 'NONE', #918, 1000.000000000000000 ) ;
#2054 = AXIS2_PLACEMENT_3D ( 'NONE', #1161, #667, #1194 ) ;
#2055 = EDGE_CURVE ( 'NONE', #1913, #120, #1483, .T. ) ;
#2056 = LINE ( 'NONE', #616, #2060 ) ;
#2057 = CARTESIAN_POINT ( 'NONE',  ( -94.00000000000009948, -113.3971368882882302, -5.000000000000000000 ) ) ;
#2058 = FACE_OUTER_BOUND ( 'NONE', #1798, .T. ) ;
#2059 = AXIS2_PLACEMENT_3D ( 'NONE', #1209, #1677, #1365 ) ;
#2060 = VECTOR ( 'NONE', #458, 1000.000000000000227 ) ;
#2061 = DIRECTION ( 'NONE',  ( 1.000000000000000000, 0.000000000000000000, 0.000000000000000000 ) ) ;
#2062 = ORIENTED_EDGE ( 'NONE', *, *, #422, .T. ) ;
#2063 = CARTESIAN_POINT ( 'NONE',  ( -70.00000000000000000, 98.60286311171174134, 5.000000000000000000 ) ) ;
#2064 = ORIENTED_EDGE ( 'NONE', *, *, #2041, .T. ) ;
#2065 = CARTESIAN_POINT ( 'NONE',  ( 54.14594582669273137, -103.3971368882881592, 5.000000000000000000 ) ) ;
#2066 = CARTESIAN_POINT ( 'NONE',  ( 1.013982811570734546E-13, -105.3971368882882729, 7.000000000000134115 ) ) ;
#2067 = LINE ( 'NONE', #1723, #39 ) ;
#2068 = EDGE_LOOP ( 'NONE', ( #699, #1298 ) ) ;
#2069 = LINE ( 'NONE', #632, #981 ) ;
#2070 = EDGE_CURVE ( 'NONE', #363, #1592, #1240, .T. ) ;
#2071 = ORIENTED_EDGE ( 'NONE', *, *, #1608, .F. ) ;
#2072 = CARTESIAN_POINT ( 'NONE',  ( 0.000000000000000000, 106.6028631117117556, 5.000000000000000000 ) ) ;
#2073 = DIRECTION ( 'NONE',  ( 9.303965044796568255E-16, 1.000000000000000000, -0.000000000000000000 ) ) ;
#2074 = CARTESIAN_POINT ( 'NONE',  ( -5.442097319446670411, -18.39713688828825155, 5.000000000000000000 ) ) ;
#2075 = PLANE ( 'NONE',  #1289 ) ;
#2076 = ORIENTED_EDGE ( 'NONE', *, *, #2038, .F. ) ;
#2077 = CARTESIAN_POINT ( 'NONE',  ( -63.44999999999976836, 98.60286311171174134, 1.898202538678387845E-16 ) ) ;
#2078 = EDGE_CURVE ( 'NONE', #1807, #684, #95, .T. ) ;
#2079 = EDGE_CURVE ( 'NONE', #120, #119, #1867, .T. ) ;
#2080 = ORIENTED_EDGE ( 'NONE', *, *, #924, .F. ) ;
#2081 = VERTEX_POINT ( 'NONE', #595 ) ;
ENDSEC;
END-ISO-10303-21;
